0,0.153571
0.1,0.153571
0.2,0.153571
0.3,0.153571
0.4,0.153571
0.5,0.482742
0.6,1.14109
0.7,1.47026
0.8,2.1286
0.9,2.45777
1,3.11611
1.1,3.44529
1.2,4.10363
1.3,5.09114
1.4,6.07866
1.5,7.06617
1.6,8.05368
1.7,9.0412
1.8,10.0287
1.9,11.0162
2,12.0037
2.1,13.6496
2.2,14.9663
2.3,16.6121
2.4,17.9288
2.5,19.5747
2.6,20.8913
2.7,22.5372
2.8,23.8539
2.9,25.4997
3,27.4748
3.1,29.4498
3.2,31.4248
3.3,33.3998
3.4,35.3748
3.5,37.3498
3.6,39.654
3.7,41.6291
3.8,43.9332
3.9,46.5666
4,48.8708
4.1,51.5041
4.2,54.1375
4.3,56.4417
4.4,59.075
4.5,61.3792
4.6,64.3417
4.7,67.6334
4.8,70.5959
4.9,73.5584
5,76.5209
5.1,79.4834
5.2,82.4459
5.3,85.4084
5.4,89.0293
5.5,92.6501
5.6,95.9418
5.7,99.5626
5.8,102.854
5.9,106.475
6,110.096
6.1,113.388
6.2,117.338
6.3,121.617
6.4,125.567
6.5,129.517
6.6,133.467
6.7,137.417
6.8,141.367
6.9,145.646
7,149.925
7.1,154.533
7.2,159.141
7.3,163.421
7.4,168.029
7.5,172.637
7.6,176.916
7.7,181.525
7.8,186.462
7.9,191.399
8,196.337
8.1,201.603
8.2,206.541
8.3,211.478
8.4,216.416
8.5,221.353
8.6,226.949
8.7,232.544
8.8,238.14
8.9,243.407
9,249.002
9.1,254.598
9.2,259.865
9.3,266.119
9.4,272.043
9.5,277.968
9.6,283.893
9.7,290.147
9.8,296.072
9.9,301.997
10,307.922
10.1,314.505
10.2,321.088
10.3,327.342
10.4,333.925
10.5,340.508
10.6,347.091
10.7,353.345
10.8,359.928
10.9,366.84
11,374.081
11.1,380.994
11.2,387.906
11.3,395.147
11.4,402.059
11.5,408.972
11.6,416.542
11.7,424.112
11.8,431.354
11.9,438.924
12,446.495
12.1,454.065
12.2,461.635
12.3,468.877
12.4,477.105
12.5,485.005
12.6,492.904
12.7,501.133
12.8,509.032
12.9,516.932
13,525.161
13.1,533.389
13.2,541.947
13.3,550.505
13.4,559.062
13.5,567.62
13.6,575.849
13.7,584.406
13.8,592.964
13.9,601.851
14,611.067
14.1,619.953
14.2,628.84
14.3,638.056
14.4,646.943
14.5,656.159
14.6,665.375
14.7,674.92
14.8,684.464
14.9,694.009
15,703.554
15.1,713.099
15.2,722.644
15.3,732.518
15.4,742.392
15.5,752.595
15.6,762.469
15.7,772.343
15.8,782.546
15.9,792.42
16,802.952
16.1,813.485
16.2,824.017
16.3,834.549
16.4,845.081
16.5,855.613
16.6,866.145
16.7,877.006
16.8,887.867
16.9,899.058
17,909.919
17.1,921.109
17.2,931.97
17.3,943.16
17.4,954.021
17.5,965.541
17.6,977.06
17.7,988.579
17.8,1000.1
17.9,1011.62
18,1023.14
18.1,1034.66
18.2,1045.85
18.3,1058.02
18.4,1069.87
18.5,1082.05
18.6,1093.9
18.7,1106.07
18.8,1117.92
18.9,1130.1
19,1141.95
19.1,1154.12
19.2,1165.97
19.3,1178.48
19.4,1190.98
19.5,1203.49
19.6,1216
19.7,1228.5
19.8,1241.01
19.9,1253.52
20,1266.02
20.1,1278.53
20.2,1291.03
20.3,1303.87
20.4,1317.03
20.5,1329.87
20.6,1343.03
20.7,1355.87
20.8,1369.03
20.9,1381.87
21,1395.03
21.1,1407.86
21.2,1421.03
21.3,1434.52
21.4,1448.01
21.5,1461.51
21.6,1475
21.7,1488.49
21.8,1501.99
21.9,1515.48
22,1528.97
22.1,1542.46
22.2,1555.96
22.3,1570.11
22.4,1583.93
22.5,1598.08
22.6,1611.9
22.7,1626.05
22.8,1639.88
22.9,1654.03
23,1667.85
23.1,1682
23.2,1696.48
23.3,1710.96
23.4,1725.44
23.5,1739.92
23.6,1754.4
23.7,1768.88
23.8,1783.36
23.9,1798.16
24,1812.64
24.1,1827.12
24.2,1841.93
24.3,1857.07
24.4,1871.88
24.5,1887.01
24.6,1902.15
24.7,1916.96
24.8,1932.1
24.9,1946.91
25,1962.04
25.1,1977.51
25.2,1992.98
25.3,2008.44
25.4,2023.91
25.5,2039.37
25.6,2054.84
25.7,2070.64
25.8,2086.1
25.9,2101.57
26,2117.03
26.1,2133.16
26.2,2148.95
26.3,2165.08
26.4,2180.87
26.5,2196.99
26.6,2213.12
26.7,2228.91
26.8,2245.04
26.9,2261.16
27,2277.61
27.1,2294.07
27.2,2310.52
27.3,2326.97
27.4,2343.42
27.5,2359.88
27.6,2376.66
27.7,2393.11
27.8,2409.56
27.9,2426.34
28,2443.45
28.1,2460.56
28.2,2477.35
28.3,2494.46
28.4,2511.57
28.5,2528.35
28.6,2545.46
28.7,2562.57
28.8,2580.01
28.9,2597.45
29,2614.88
29.1,2632.65
29.2,2650.09
29.3,2667.53
29.4,2684.97
29.5,2702.41
29.6,2719.85
29.7,2737.94
29.8,2756.04
29.9,2774.14
30,2791.9
30.1,2810
30.2,2828.1
30.3,2845.86
30.4,2863.96
30.5,2882.06
30.6,2900.48
30.7,2918.91
30.8,2937.66
30.9,2956.09
31,2974.51
31.1,2992.94
31.2,3011.36
31.3,3030.12
31.4,3048.54
31.5,3067.62
31.6,3086.38
31.7,3105.46
31.8,3124.54
31.9,3143.62
32,3162.38
32.1,3181.46
32.2,3200.54
32.3,3219.95
32.4,3239.37
32.5,3259.11
32.6,3278.52
32.7,3297.93
32.8,3317.34
32.9,3337.08
33,3356.49
33.1,3375.9
33.2,3395.97
33.3,3416.04
33.4,3436.11
33.5,3455.85
33.6,3475.92
33.7,3495.98
33.8,3516.05
33.9,3536.12
34,3555.86
34.1,3576.59
34.2,3596.98
34.3,3617.38
34.4,3638.11
34.5,3658.5
34.6,3678.9
34.7,3699.63
34.8,3720.02
34.9,3741.08
35,3762.13
35.1,3782.86
35.2,3803.91
35.3,3824.97
35.4,3846.02
35.5,3867.07
35.6,3888.13
35.7,3909.51
35.8,3930.9
35.9,3952.61
36,3973.99
36.1,3995.37
36.2,4017.41
36.3,4038.8
36.4,4060.18
36.5,4082.22
36.6,4104.26
36.7,4126.3
36.8,4148.34
36.9,4170.38
37,4192.42
37.1,4214.46
37.2,4236.17
37.3,4258.21
37.4,4280.91
37.5,4303.28
37.6,4325.97
37.7,4348.34
37.8,4370.71
37.9,4393.41
38,4415.78
38.1,4438.47
38.2,4461.17
38.3,4484.2
38.4,4507.22
38.5,4530.25
38.6,4553.27
38.7,4576.3
38.8,4599.32
38.9,4622.35
39,4645.7
39.1,4669.39
39.2,4692.74
39.3,4716.42
39.4,4739.78
39.5,4763.46
39.6,4786.81
39.7,4810.83
39.8,4834.84
39.9,4858.85
40,4882.86
40.1,4906.87
40.2,4930.88
40.3,4954.89
40.4,4978.9
40.5,5003.24
40.6,5027.91
40.7,5052.25
40.8,5076.92
40.9,5101.26
41,5125.93
41.1,5150.27
41.2,5174.93
41.3,5199.93
41.4,5224.93
41.5,5249.92
41.6,5274.92
41.7,5299.92
41.8,5325.24
41.9,5350.24
42,5375.23
42.1,5400.56
42.2,5426.21
42.3,5451.54
42.4,5477.19
42.5,5502.51
42.6,5528.17
42.7,5553.82
42.8,5579.8
42.9,5605.78
43,5631.76
43.1,5657.75
43.2,5683.73
43.3,5709.71
43.4,5735.69
43.5,5761.67
43.6,5788.31
43.7,5814.62
43.8,5841.26
43.9,5867.57
44,5894.21
44.1,5920.52
44.2,5947.15
44.3,5974.12
44.4,6001.09
44.5,6028.05
44.6,6055.02
44.7,6082.32
44.8,6109.28
44.9,6136.25
45,6163.54
45.1,6190.84
45.2,6218.46
45.3,6246.08
45.4,6273.38
45.5,6301
45.6,6328.63
45.7,6355.92
45.8,6383.87
45.9,6411.82
46,6440.1
46.1,6468.05
46.2,6496.01
46.3,6523.96
46.4,6551.91
46.5,6580.52
46.6,6609.12
46.7,6637.4
46.8,6666.01
46.9,6694.62
47,6722.9
47.1,6751.51
47.2,6780.11
47.3,6809.38
47.4,6838.31
47.5,6867.25
47.6,6896.19
47.7,6925.45
47.8,6954.39
47.9,6983.32
48,7012.91
48.1,7042.18
48.2,7071.77
48.3,7101.36
48.4,7130.96
48.5,7160.22
48.6,7189.81
48.7,7219.73
48.8,7249.65
48.9,7279.9
49,7309.82
49.1,7339.74
49.2,7369.99
49.3,7400.24
49.4,7430.49
49.5,7461.07
49.6,7491.64
49.7,7522.22
49.8,7552.8
49.9,7583.05
50,7613.62
50.1,7644.53
50.2,7675.76
50.3,7706.67
50.4,7737.57
50.5,7768.8
50.6,7799.71
50.7,7830.61
50.8,7862.5
50.9,7894.06
51,7925.62
51.1,7956.86
51.2,7988.42
51.3,8019.98
51.4,8051.54
51.5,8083.43
51.6,8115.32
51.7,8147.54
51.8,8179.42
51.9,8211.31
52,8243.53
52.1,8276.4
52.2,8308.95
52.3,8341.17
52.4,8373.71
52.5,8406.26
52.6,8438.8
52.7,8471.35
52.8,8504.22
52.9,8537.42
53,8570.3
53.1,8603.17
53.2,8636.37
53.3,8669.57
53.4,8702.77
53.5,8735.97
53.6,8769.5
53.7,8803.03
53.8,8836.56
53.9,8870.09
54,8903.62
54.1,8937.48
54.2,8971.66
54.3,9005.52
54.4,9040.03
54.5,9073.89
54.6,9108.07
54.7,9141.93
54.8,9176.44
54.9,9210.96
55,9245.47
55.1,9279.98
55.2,9314.5
55.3,9349.01
55.4,9383.85
55.5,9418.69
55.6,9453.86
55.7,9488.7
55.8,9523.87
55.9,9558.71
56,9593.88
56.1,9629.37
56.2,9664.87
56.3,9700.37
56.4,9736.19
56.5,9771.69
56.6,9807.18
56.7,9843.01
56.8,9879.16
56.9,9914.99
57,9951.14
57.1,9986.96
57.2,10023.4
57.3,10059.6
57.4,10096.1
57.5,10132.6
57.6,10169
57.7,10205.5
57.8,10242
57.9,10278.5
58,10315.6
58.1,10352.7
58.2,10389.9
58.3,10426.7
58.4,10463.8
58.5,10500.6
58.6,10537.8
58.7,10575.2
58.8,10613
58.9,10650.5
59,10687.9
59.1,10725.7
59.2,10763.2
59.3,10800.7
59.4,10838.1
59.5,10875.9
59.6,10913.4
59.7,10950.8
59.8,10989
59.9,11027.1
60,11064.9
60.1,11103
60.2,11141.1
60.3,11179.2
60.4,11217.3
60.5,11255.1
60.6,11293.2
60.7,11331.4
60.8,11369.5
60.9,11408.2
61,11446.7
61.1,11485.1
61.2,11523.6
61.3,11562
61.4,11600.8
61.5,11639.6
61.6,11678
61.7,11716.4
61.8,11754.9
61.9,11793.7
62,11832.1
62.1,11871.2
62.2,11910.3
62.3,11949.4
62.4,11988.2
62.5,12027.6
62.6,12066.7
62.7,12105.5
62.8,12144.6
62.9,12183.7
63,12222.7
63.1,12261.8
63.2,12300.9
63.3,12340.4
63.4,12379.8
63.5,12419.9
63.6,12459.3
63.7,12498.7
63.8,12538.1
63.9,12577.9
64,12617.6
64.1,12657.1
64.2,12696.5
64.3,12735.9
64.4,12776
64.5,12815.7
64.6,12855.8
64.7,12895.9
64.8,12936
64.9,12976
65,13016.1
65.1,13056.2
65.2,13096.3
65.3,13136.7
65.4,13176.4
65.5,13216.5
65.6,13256.6
65.7,13297
65.8,13337.4
65.9,13377.8
66,13418.5
66.1,13459.3
66.2,13499.7
66.3,13540.1
66.4,13580.8
66.5,13621.5
66.6,13661.9
66.7,13702.7
66.8,13743.1
66.9,13783.8
67,13824.5
67.1,13864.9
67.2,13906
67.3,13947
67.4,13988.1
67.5,14029.1
67.6,14070.5
67.7,14111.6
67.8,14152.6
67.9,14193.4
68,14234.7
68.1,14275.8
68.2,14316.9
68.3,14358.2
68.4,14399.3
68.5,14440
68.6,14482.1
68.7,14523.4
68.8,14565.1
68.9,14606.9
69,14648.2
69.1,14689.9
69.2,14731.3
69.3,14773
69.4,14814.7
69.5,14856.1
69.6,14897.8
69.7,14939.5
69.8,14980.9
69.9,15022.9
70,15064.3
70.1,15106.7
70.2,15148.7
70.3,15190.8
70.4,15233.1
70.5,15274.8
70.6,15316.9
70.7,15359.2
70.8,15401.3
70.9,15443.3
71,15485.6
71.1,15527.7
71.2,15569.7
71.3,15612.1
71.4,15654.1
71.5,15696.1
71.6,15738.2
71.7,15780.8
71.8,15823.5
71.9,15866.2
72,15908.9
72.1,15951.6
72.2,15993.9
72.3,16036.6
72.4,16079.3
72.5,16122
72.6,16164.7
72.7,16207
72.8,16250.1
72.9,16292.4
73,16335.1
73.1,16377.8
73.2,16420.5
73.3,16463.1
73.4,16506.1
73.5,16549.5
73.6,16592.5
73.7,16635.8
73.8,16678.8
73.9,16722.2
74,16765.2
74.1,16808.5
74.2,16851.5
74.3,16894.9
74.4,16937.9
74.5,16980.6
74.6,17023.9
74.7,17066.9
74.8,17110.2
74.9,17153.2
75,17196.6
75.1,17239.6
75.2,17283.6
75.3,17326.9
75.4,17370.9
75.5,17414.2
75.6,17458.2
75.7,17501.5
75.8,17545.5
75.9,17589.2
76,17632.8
76.1,17676.5
76.2,17720.2
76.3,17764.1
76.4,17807.5
76.5,17851.5
76.6,17894.8
76.7,17938.8
76.8,17982.1
76.9,18026.1
77,18069.7
77.1,18113.4
77.2,18157.7
77.3,18201.7
77.4,18246
77.5,18290
77.6,18334.3
77.7,18378.6
77.8,18422.6
77.9,18466.9
78,18510.9
78.1,18555.2
78.2,18599.5
78.3,18643.5
78.4,18687.8
78.5,18731.8
78.6,18776.4
78.7,18820.7
78.8,18864.7
78.9,18909
79,18953.3
79.1,18997.3
79.2,19041.6
79.3,19085.9
79.4,19129.9
79.5,19174.8
79.6,19219.5
79.7,19264.1
79.8,19308.7
79.9,19353.7
80,19398.3
80.1,19443
80.2,19487.9
80.3,19532.2
80.4,19577.2
80.5,19622.1
80.6,19666.8
80.7,19711.4
80.8,19756
80.9,19801
81,19845.6
81.1,19890.2
81.2,19935.2
81.3,19980.2
81.4,20024.4
81.5,20069.4
81.6,20114
81.7,20159
81.8,20203.9
81.9,20248.2
82,20293.5
82.1,20338.8
82.2,20384.4
82.3,20429.4
82.4,20474.6
82.5,20519.9
82.6,20565.2
82.7,20610.5
82.8,20655.8
82.9,20701
83,20746.3
83.1,20791.6
83.2,20836.9
83.3,20882.2
83.4,20927.4
83.5,20972.7
83.6,21018
83.7,21063.3
83.8,21108.5
83.9,21153.8
84,21199.1
84.1,21244.7
84.2,21290
84.3,21335.2
84.4,21380.2
84.5,21425.5
84.6,21470.7
84.7,21516
84.8,21561.6
84.9,21606.9
85,21652.1
85.1,21697.4
85.2,21743.3
85.3,21789.3
85.4,21834.9
85.5,21880.8
85.6,21926.7
85.7,21972.3
85.8,22018.2
85.9,22064.2
86,22109.8
86.1,22155.7
86.2,22201.6
86.3,22247.5
86.4,22293.1
86.5,22339.1
86.6,22385
86.7,22430.6
86.8,22476.5
86.9,22522.4
87,22568.3
87.1,22613.9
87.2,22659.9
87.3,22705.8
87.4,22751.7
87.5,22797.6
87.6,22843.5
87.7,22889.5
87.8,22935
87.9,22981
88,23026.9
88.1,23072.5
88.2,23118.7
88.3,23164.6
88.4,23210.6
88.5,23256.1
88.6,23302.1
88.7,23348
88.8,23394.2
88.9,23439.8
89,23485.7
89.1,23531.6
89.2,23577.5
89.3,23623.5
89.4,23669.4
89.5,23715.6
89.6,23762.2
89.7,23808.8
89.8,23855
89.9,23901.2
90,23947.8
90.1,23994.4
90.2,24040.6
90.3,24086.8
90.4,24133.7
90.5,24180
90.6,24226.2
90.7,24272.8
90.8,24319.3
90.9,24365.6
91,24411.8
91.1,24458.7
91.2,24504.9
91.3,24551.5
91.4,24597.7
91.5,24644.3
91.6,24690.9
91.7,24737.1
91.8,24784
91.9,24830.2
92,24876.5
92.1,24923
92.2,24969.6
92.3,25016.1
92.4,25062.4
92.5,25109.3
92.6,25155.5
92.7,25202
92.8,25248.6
92.9,25295.2
93,25341.4
93.1,25387.9
93.2,25434.5
93.3,25481.1
93.4,25527.3
93.5,25574.2
93.6,25620.4
93.7,25667
93.8,25713.5
93.9,25760.1
94,25806.6
94.1,25852.8
94.2,25899.7
94.3,25945.9
94.4,25992.5
94.5,26039.4
94.6,26085.6
94.7,26132.2
94.8,26179
94.9,26225.3
95,26271.8
95.1,26318.7
95.2,26364.9
95.3,26411.5
95.4,26458.3
95.5,26504.9
95.6,26551.1
95.7,26598
95.8,26644.5
95.9,26691.1
96,26737.6
96.1,26784.2
96.2,26830.7
96.3,26877.6
96.4,26924.1
96.5,26970.4
96.6,27017.2
96.7,27063.8
96.8,27110.3
96.9,27157.2
97,27203.7
97.1,27250.3
97.2,27296.8
97.3,27343.4
97.4,27389.9
97.5,27436.8
97.6,27483.3
97.7,27529.9
97.8,27576.7
97.9,27623.3
98,27669.8
98.1,27716.7
98.2,27763.2
98.3,27809.8
98.4,27856.6
98.5,27903.2
98.6,27949.7
98.7,27996.6
98.8,28043.1
98.9,28090
99,28136.5
99.1,28183
99.2,28229.9
99.3,28276.8
99.4,28323.3
99.5,28370.2
99.6,28416.7
99.7,28463.2
99.8,28510.1
99.9,28556.6
100,28603.8
100.1,28650.4
100.2,28696.9
100.3,28743.7
100.4,28790.3
100.5,28837.1
100.6,28884
100.7,28930.5
100.8,28977.7
100.9,29024.2
101,29070.8
101.1,29117.6
101.2,29164.5
101.3,29211
101.4,29257.9
101.5,29304.7
101.6,29351.6
101.7,29398.4
101.8,29445
101.9,29491.8
102,29538.7
102.1,29585.2
102.2,29632.4
102.3,29678.9
102.4,29726.1
102.5,29772.6
102.6,29819.5
102.7,29866.3
102.8,29913.2
102.9,29960
103,30006.9
103.1,30053.4
103.2,30100.6
103.3,30147.1
103.4,30194.3
103.5,30241.1
103.6,30287.7
103.7,30334.8
103.8,30381.7
103.9,30428.5
104,30475.4
104.1,30522.5
104.2,30569.1
104.3,30615.9
104.4,30663.1
104.5,30709.6
104.6,30756.8
104.7,30803.6
104.8,30850.5
104.9,30897.6
105,30944.2
105.1,30991.3
105.2,31038.2
105.3,31085.3
105.4,31132.2
105.5,31179
105.6,31226.2
105.7,31272.7
105.8,31319.2
105.9,31365.7
106,31412.3
106.1,31458.8
106.2,31505.3
106.3,31551.8
106.4,31598.3
106.5,31644.5
106.6,31691
106.7,31737.5
106.8,31784
106.9,31830.5
107,31877.4
107.1,31923.9
107.2,31970.4
107.3,32016.9
107.4,32063.4
107.5,32109.9
107.6,32156.4
107.7,32202.9
107.8,32249.4
107.9,32295.9
108,32342.4
108.1,32389.3
108.2,32435.8
108.3,32482.3
108.4,32528.8
108.5,32575.6
108.6,32622.1
108.7,32668.6
108.8,32715.5
108.9,32762
109,32808.5
109.1,32855
109.2,32901.8
109.3,32948.3
109.4,32994.8
109.5,33041.6
109.6,33088.1
109.7,33135
109.8,33181.5
109.9,33228.3
110,33275.1
110.1,33321.6
110.2,33368.4
110.3,33414.3
110.4,33460.8
110.5,33507
110.6,33552.8
110.7,33599.3
110.8,33645.5
110.9,33691.6
111,33737.8
111.1,33784.3
111.2,33830.5
111.3,33876.3
111.4,33922.8
111.5,33969
111.6,34015.5
111.7,34061.6
111.8,34108.1
111.9,34154.3
112,34200.1
112.1,34246.6
112.2,34292.8
112.3,34339.3
112.4,34385.4
112.5,34431.9
112.6,34478.1
112.7,34524.6
112.8,34570.8
112.9,34616.9
113,34663.7
113.1,34709.9
113.2,34756.4
113.3,34802.5
113.4,34849
113.5,34895.2
113.6,34941
113.7,34987.2
113.8,35033
113.9,35078.9
114,35124.7
114.1,35170.8
114.2,35216.7
114.3,35262.2
114.4,35308.3
114.5,35354.2
114.6,35400
114.7,35446.2
114.8,35492
114.9,35538.1
115,35584
115.1,35630.1
115.2,35675.9
115.3,35722.1
115.4,35767.9
115.5,35814.1
115.6,35860.2
115.7,35906.1
115.8,35952.2
115.9,35998
116,36043.9
116.1,36090
116.2,36136.2
116.3,36181.7
116.4,36227.2
116.5,36273
116.6,36318.5
116.7,36363.6
116.8,36409.5
116.9,36455
117,36500.8
117.1,36546.3
117.2,36592.1
117.3,36637.6
117.4,36683.1
117.5,36728.9
117.6,36774.4
117.7,36820.2
117.8,36865.7
117.9,36911.5
118,36957
118.1,37002.8
118.2,37048.3
118.3,37093.8
118.4,37140
118.5,37185.5
118.6,37231.3
118.7,37276.4
118.8,37321.9
118.9,37366.8
119,37411.9
119.1,37457.4
119.2,37502.6
119.3,37547.7
119.4,37593.2
119.5,37638.4
119.6,37683.9
119.7,37729
119.8,37774.5
119.9,37819.7
120,37865.1
120.1,37910.3
120.2,37955.5
120.3,38000.9
120.4,38046.1
120.5,38091.6
120.6,38137.1
120.7,38182.2
120.8,38227.7
120.9,38272.5
121,38317.7
121.1,38362.2
121.2,38407.3
121.3,38452.2
121.4,38497.3
121.5,38542.1
121.6,38587
121.7,38632.1
121.8,38676.9
121.9,38722.1
122,38766.9
122.1,38811.7
122.2,38856.9
122.3,38901.7
122.4,38946.9
122.5,38991.7
122.6,39037.2
122.7,39082
122.8,39126.8
122.9,39171.3
123,39216.1
123.1,39260.6
123.2,39305.1
123.3,39349.9
123.4,39394.4
123.5,39439.2
123.6,39483.7
123.7,39528.2
123.8,39572.7
123.9,39617.5
124,39662
124.1,39706.8
124.2,39751.3
124.3,39796.1
124.4,39841
124.5,39885.4
124.6,39930.3
124.7,39975.1
124.8,40019.2
124.9,40063.4
125,40107.6
125.1,40151.7
125.2,40196.2
125.3,40240.4
125.4,40284.5
125.5,40329
125.6,40373.2
125.7,40417.3
125.8,40461.8
125.9,40506
126,40550.5
126.1,40594.6
126.2,40639.1
126.3,40683.6
126.4,40727.7
126.5,40771.6
126.6,40815.7
126.7,40859.5
126.8,40903.4
126.9,40947.5
127,40991
127.1,41035.2
127.2,41079
127.3,41123.2
127.4,41167
127.5,41211.1
127.6,41255
127.7,41299.1
127.8,41343.3
127.9,41386.8
128,41430.9
128.1,41475.1
128.2,41518.6
128.3,41562.1
128.4,41605.6
128.5,41649.4
128.6,41692.9
128.7,41736.4
128.8,41780.2
128.9,41823.7
129,41867.2
129.1,41911
129.2,41954.5
129.3,41998
129.4,42041.8
129.5,42085.3
129.6,42129.4
129.7,42172.9
129.8,42216.1
129.9,42259.6
130,42302.4
130.1,42345.6
130.2,42389.1
130.3,42432.3
130.4,42475.7
130.5,42518.9
130.6,42562.4
130.7,42605.2
130.8,42648.7
130.9,42692.2
131,42735.4
131.1,42778.9
131.2,42822.3
131.3,42865.2
131.4,42907.7
131.5,42950.8
131.6,42993.7
131.7,43036.5
131.8,43079.7
131.9,43122.5
132,43165.3
132.1,43208.5
132.2,43251.3
132.3,43294.2
132.4,43337.6
132.5,43380.5
132.6,43423.3
132.7,43466.5
132.8,43509
132.9,43551.5
133,43594
133.1,43636.8
133.2,43679.3
133.3,43721.8
133.4,43764.3
133.5,43807.1
133.6,43849.6
133.7,43892.4
133.8,43934.9
133.9,43977.4
134,44020.3
134.1,44063.1
134.2,44105.3
134.3,44147.4
134.4,44189.9
134.5,44232.1
134.6,44273.9
134.7,44316.8
134.8,44358.9
134.9,44401.1
135,44443.3
135.1,44485.8
135.2,44527.9
135.3,44570.1
135.4,44612.9
135.5,44654.4
135.6,44696.3
135.7,44738.5
135.8,44780.3
135.9,44822.1
136,44864
136.1,44906.1
136.2,44948
136.3,44990.1
136.4,45032
136.5,45073.8
136.6,45116
136.7,45158.1
136.8,45199.7
136.9,45241.2
137,45282.7
137.1,45324.5
137.2,45366
137.3,45407.5
137.4,45449
137.5,45490.9
137.6,45532.4
137.7,45573.9
137.8,45615.7
137.9,45657.6
138,45699.1
138.1,45740.6
138.2,45781.4
138.3,45822.6
138.4,45864.1
138.5,45905.3
138.6,45946.5
138.7,45988
138.8,46029.2
138.9,46070.3
139,46111.8
139.1,46153.3
139.2,46194.8
139.3,46235.4
139.4,46276.2
139.5,46317.1
139.6,46357.9
139.7,46399.1
139.8,46440.3
139.9,46481.1
140,46522
140.1,46563.1
140.2,46604.3
140.3,46645.2
140.4,46686
140.5,46726.9
140.6,46767.1
140.7,46807.9
140.8,46848.4
140.9,46889.3
141,46929.8
141.1,46970.3
141.2,47011.1
141.3,47051.7
141.4,47092.5
141.5,47133.4
141.6,47173.5
141.7,47214.1
141.8,47254.6
141.9,47294.8
142,47335
142.1,47375.1
142.2,47415.3
142.3,47455.5
142.4,47496.4
142.5,47536.6
142.6,47577.1
142.7,47617.3
142.8,47657.8
142.9,47697.6
143,47737.8
143.1,47777.4
143.2,47817.5
143.3,47857.4
143.4,47897.6
143.5,47937.4
143.6,47977.3
143.7,48017.5
143.8,48057.7
143.9,48097.5
144,48137.4
144.1,48177.2
144.2,48216.8
144.3,48256.3
144.4,48296.2
144.5,48335.7
144.6,48375.2
144.7,48415.1
144.8,48454.6
144.9,48494.5
145,48534.3
145.1,48573.5
145.2,48613.1
145.3,48652.3
145.4,48691.8
145.5,48731
145.6,48770.2
145.7,48809.7
145.8,48848.9
145.9,48888.4
146,48928.3
146.1,48967.5
146.2,49006.4
146.3,49045.2
146.4,49084.4
146.5,49123.3
146.6,49162.5
146.7,49201.4
146.8,49240.9
146.9,49279.8
147,49319
147.1,49358.2
147.2,49396.7
147.3,49435.6
147.4,49473.8
147.5,49512.7
147.6,49551.2
147.7,49590.4
147.8,49629.3
147.9,49667.8
148,49706.7
148.1,49745.5
148.2,49783.8
148.3,49822
148.4,49860.5
148.5,49898.7
148.6,49937.3
148.7,49975.8
148.8,50014
148.9,50052.6
149,50091.1
149.1,50129.6
149.2,50168.2
149.3,50206.4
149.4,50244.3
149.5,50282.5
149.6,50320.4
149.7,50358.6
149.8,50396.8
149.9,50435
150,50473.2
150.1,50511.4
150.2,50549.6
150.3,50587.2
150.4,50625.1
150.5,50663
150.6,50700.5
150.7,50738.4
150.8,50776.3
150.9,50814.2
151,50852
151.1,50889.9
151.2,50927.5
151.3,50965
151.4,51002.3
151.5,51039.8
151.6,51077.4
151.7,51114.9
151.8,51152.5
151.9,51189.7
152,51227.6
152.1,51265.1
152.2,51302.4
152.3,51339.6
152.4,51376.5
152.5,51413.7
152.6,51451.3
152.7,51488.5
152.8,51525.7
152.9,51562.9
153,51600.2
153.1,51637.1
153.2,51673.6
153.3,51710.9
153.4,51747.4
153.5,51784.6
153.6,51821.5
153.7,51858.4
153.8,51895.3
153.9,51932.2
154,51969.1
154.1,52005.7
154.2,52042.6
154.3,52079.2
154.4,52115.7
154.5,52152.3
154.6,52189.2
154.7,52225.4
154.8,52262.3
154.9,52298.9
155,52335.5
155.1,52371.7
155.2,52407.9
155.3,52444.5
155.4,52480.4
155.5,52516.7
155.6,52553.6
155.7,52589.8
155.8,52626
155.9,52661.9
156,52698.2
156.1,52734.1
156.2,52770
156.3,52805.9
156.4,52842.2
156.5,52878.4
156.6,52914.6
156.7,52950.2
156.8,52986.1
156.9,53022
157,53057.6
157.1,53093.5
157.2,53129.1
157.3,53164.7
157.4,53200.6
157.5,53236.5
157.6,53272.4
157.7,53308
157.8,53342.9
157.9,53378.5
158,53414.1
158.1,53449.7
158.2,53484.9
158.3,53520.5
158.4,53556.1
158.5,53591
158.6,53626.3
158.7,53661.5
158.8,53696.8
158.9,53731.7
159,53767
159.1,53802.2
159.2,53837.5
159.3,53872.7
159.4,53907.6
159.5,53942.2
159.6,53977.2
159.7,54012.4
159.8,54047
159.9,54081.9
160,54117.2
160.1,54151.8
160.2,54186.7
160.3,54221
160.4,54255.6
160.5,54290.2
160.6,54324.8
160.7,54359.4
160.8,54394.3
160.9,54428.9
161,54463.8
161.1,54498.1
161.2,54532
161.3,54566.6
161.4,54600.6
161.5,54635.2
161.6,54669.8
161.7,54704
161.8,54738.6
161.9,54772.6
162,54806.5
162.1,54840.5
162.2,54874.4
162.3,54909
162.4,54942.9
162.5,54977.2
162.6,55011.1
162.7,55044.8
162.8,55078.7
162.9,55112.6
163,55146.2
163.1,55180.2
163.2,55213.8
163.3,55247.7
163.4,55281.7
163.5,55315.3
163.6,55348.6
163.7,55382.2
163.8,55415.5
163.9,55449.1
164,55482.7
164.1,55516.3
164.2,55549.9
164.3,55582.9
164.4,55616.2
164.5,55649.5
164.6,55682.7
164.7,55716.3
164.8,55749.3
164.9,55782.9
165,55816.2
165.1,55849.2
165.2,55882.1
165.3,55915.1
165.4,55948
165.5,55981
165.6,56013.9
165.7,56047.2
165.8,56080.2
165.9,56112.8
166,56145.8
166.1,56178.4
166.2,56211
166.3,56243.7
166.4,56276.9
166.5,56309.6
166.6,56342.5
166.7,56374.8
166.8,56407.5
166.9,56439.8
167,56472.1
167.1,56504.7
167.2,56537.3
167.3,56569.9
167.4,56602.2
167.5,56634.2
167.6,56666.5
167.7,56698.8
167.8,56730.8
167.9,56763.4
168,56795.7
168.1,56828
168.2,56859.7
168.3,56891.6
168.4,56923.9
168.5,56955.9
168.6,56987.9
168.7,57019.9
168.8,57051.8
168.9,57083.8
169,57115.1
169.1,57146.8
169.2,57178.7
169.3,57210.4
169.4,57242.4
169.5,57274.3
169.6,57306
169.7,57337.3
169.8,57368.9
169.9,57400.6
170,57431.6
170.1,57463.2
170.2,57494.9
170.3,57526.5
170.4,57557.8
170.5,57588.8
170.6,57620.1
170.7,57651.4
170.8,57682.8
170.9,57714.1
171,57745.4
171.1,57776.4
171.2,57807.1
171.3,57838.4
171.4,57869.4
171.5,57900.3
171.6,57931.3
171.7,57962.7
171.8,57993
171.9,58023.7
172,58054.6
172.1,58085.3
172.2,58116.3
172.3,58147
172.4,58177.9
172.5,58208.3
172.6,58238.9
172.7,58269.3
172.8,58299.6
172.9,58330.3
173,58361.3
173.1,58391.6
173.2,58421.9
173.3,58452.3
173.4,58482.3
173.5,58512.6
173.6,58542.9
173.7,58573.3
173.8,58603.6
173.9,58633.6
174,58664
174.1,58693.6
174.2,58724
174.3,58754
174.4,58784
174.5,58814.3
174.6,58844
174.7,58874
174.8,58903.7
174.9,58933.4
175,58963.4
175.1,58993.4
175.2,59023.1
175.3,59052.7
175.4,59082.4
175.5,59112.1
175.6,59141.8
175.7,59171.1
175.8,59201.1
175.9,59230.8
176,59259.8
176.1,59289.2
176.2,59319.2
176.3,59348.5
176.4,59377.9
176.5,59407.6
176.6,59436.9
176.7,59466
176.8,59495.3
176.9,59524.3
177,59553.7
177.1,59582.7
177.2,59612.4
177.3,59641.1
177.4,59670.1
177.5,59698.8
177.6,59727.5
177.7,59756.5
177.8,59785.9
177.9,59814.9
178,59843.6
178.1,59872.3
178.2,59901.3
178.3,59930
178.4,59959
178.5,59987.7
178.6,60016.1
178.7,60044.8
178.8,60073.2
178.9,60101.9
179,60130.6
179.1,60158.9
179.2,60187.6
179.3,60216
179.4,60244
179.5,60272.4
179.6,60301.1
179.7,60329.2
179.8,60357.8
179.9,60385.6
180,60413.9
180.1,60442
180.2,60470.3
180.3,60498.4
180.4,60526.8
180.5,60554.8
180.6,60582.8
180.7,60610.6
180.8,60638.6
180.9,60666.6
181,60694.7
181.1,60722.7
181.2,60750.4
181.3,60778.2
181.4,60805.9
181.5,60833.6
181.6,60861.6
181.7,60889.3
181.8,60916.7
181.9,60944.1
182,60971.8
182.1,60999.5
182.2,61026.9
182.3,61054.6
182.4,61082
182.5,61109.4
182.6,61136.8
182.7,61163.9
182.8,61191.6
182.9,61219
183,61246.4
183.1,61273.7
183.2,61300.8
183.3,61327.9
183.4,61355.3
183.5,61382.3
183.6,61410
183.7,61436.8
183.8,61463.8
183.9,61490.6
184,61517.6
184.1,61545
184.2,61571.7
184.3,61598.8
184.4,61625.5
184.5,61652.3
184.6,61679.3
184.7,61706.1
184.8,61733.1
184.9,61759.8
185,61786.3
185.1,61813
185.2,61839.4
185.3,61866.1
185.4,61893.2
185.5,61919.6
185.6,61946
185.7,61972.4
185.8,61998.8
185.9,62025.5
186,62052.3
186.1,62078
186.2,62104.4
186.3,62131.2
186.4,62157.2
186.5,62183.7
186.6,62210.1
186.7,62236.1
186.8,62262.2
186.9,62288.3
187,62314.7
187.1,62340.8
187.2,62366.5
187.3,62392.6
187.4,62418.4
187.5,62444.4
187.6,62470.5
187.7,62496.6
187.8,62522.3
187.9,62548.1
188,62574.2
188.1,62599.6
188.2,62625.4
188.3,62651.4
188.4,62677.2
188.5,62702.6
188.6,62728
188.7,62754.1
188.8,62779.9
188.9,62805.6
189,62831
189.1,62856.5
189.2,62881.9
189.3,62907.6
189.4,62933.4
189.5,62958.5
189.6,62983.9
189.7,63009
189.8,63034.4
189.9,63059.9
190,63085.3
190.1,63110.4
190.2,63135.5
190.3,63160.6
190.4,63186
190.5,63211.4
190.6,63236.2
190.7,63261
190.8,63286.4
190.9,63311.2
191,63336.2
191.1,63361.3
191.2,63386.4
191.3,63411.2
191.4,63436.3
191.5,63461.1
191.6,63486.2
191.7,63510.6
191.8,63535.4
191.9,63560.2
192,63584.9
192.1,63610
192.2,63634.8
192.3,63659.2
192.4,63684
192.5,63708.4
192.6,63733.2
192.7,63758.3
192.8,63782.4
192.9,63806.9
193,63831.3
193.1,63855.8
193.2,63880.5
193.3,63905
193.4,63929.4
193.5,63953.5
193.6,63978
193.7,64002.7
193.8,64027.2
193.9,64051.3
194,64075.4
194.1,64099.5
194.2,64124.3
194.3,64148.4
194.4,64172.2
194.5,64196.6
194.6,64220.4
194.7,64244.9
194.8,64269
194.9,64292.8
195,64316.6
195.1,64340.7
195.2,64364.8
195.3,64388.9
195.4,64413
195.5,64436.8
195.6,64460.6
195.7,64484.7
195.8,64508.5
195.9,64533
196,64556.4
196.1,64579.9
196.2,64603.7
196.3,64627.8
196.4,64651.6
196.5,64675.4
196.6,64698.8
196.7,64722.3
196.8,64746.4
196.9,64770.2
197,64793.6
197.1,64817.1
197.2,64840.6
197.3,64864.4
197.4,64888.1
197.5,64911.3
197.6,64934.7
197.7,64958.5
197.8,64981.7
197.9,65005.5
198,65028.6
198.1,65052
198.2,65075.5
198.3,65099
198.4,65122.1
198.5,65145.6
198.6,65168.7
198.7,65191.8
198.8,65215.3
198.9,65238.8
199,65261.6
199.1,65284.7
199.2,65308.2
199.3,65331.6
199.4,65354.7
199.5,65377.9
199.6,65400.7
199.7,65423.8
199.8,65447
199.9,65470.1
200,65493.2
200.1,65516.4
200.2,65539.2
200.3,65562.3
200.4,65585.8
200.5,65608.6
200.6,65631.4
200.7,65654.2
200.8,65677.3
200.9,65700.8
201,65723.3
201.1,65746.1
201.2,65768.9
201.3,65792
201.4,65814.8
201.5,65837.3
201.6,65860.1
201.7,65882.9
201.8,65906
201.9,65928.5
202,65951
202.1,65974.1
202.2,65996.9
202.3,66019.7
202.4,66042.2
202.5,66065
202.6,66087.5
202.7,66110.3
202.8,66132.8
202.9,66155.3
203,66178.1
203.1,66200.5
203.2,66223.4
203.3,66245.5
203.4,66268
203.5,66290.8
203.6,66313.3
203.7,66336.1
203.8,66358.6
203.9,66381
204,66403.8
204.1,66426.3
204.2,66448.5
204.3,66470.9
204.4,66493.4
204.5,66515.6
204.6,66538.4
204.7,66560.9
204.8,66583
204.9,66605.2
205,66628
205.1,66650.4
205.2,66672.3
205.3,66694.7
205.4,66717.2
205.5,66739.7
205.6,66761.9
205.7,66784
205.8,66806.8
205.9,66829
206,66851.1
206.1,66873.3
206.2,66895.4
206.3,66917.9
206.4,66940.7
206.5,66962.5
206.6,66984.7
206.7,67007.1
206.8,67029.6
206.9,67051.4
207,67073.6
207.1,67096.1
207.2,67118.2
207.3,67140.4
207.4,67162.5
207.5,67184.7
207.6,67206.8
207.7,67229.3
207.8,67251.4
207.9,67273.3
208,67295.7
208.1,67318.2
208.2,67340
208.3,67362.2
208.4,67384.3
208.5,67406.8
208.6,67428.6
208.7,67450.8
208.8,67472.9
208.9,67495.1
209,67517.6
209.1,67539.7
209.2,67561.5
209.3,67584
209.4,67606.2
209.5,67628
209.6,67650.5
209.7,67672.3
209.8,67695.1
209.9,67716.9
210,67739.1
210.1,67761.2
210.2,67783.7
210.3,67805.5
210.4,67827.6
210.5,67849.8
210.6,67872.3
210.7,67893.8
210.8,67915.9
210.9,67938.1
211,67960.5
211.1,67982.7
211.2,68004.5
211.3,68026.6
211.4,68049.1
211.5,68071.3
211.6,68093.1
211.7,68115.2
211.8,68137.7
211.9,68159.5
212,68181.7
212.1,68203.8
212.2,68226
212.3,68248.1
212.4,68270.3
212.5,68292.7
212.6,68314.9
212.7,68337
212.8,68359.2
212.9,68381.3
213,68403.5
213.1,68425.6
213.2,68448.1
213.3,68470.2
213.4,68492.7
213.5,68514.8
213.6,68537.3
213.7,68559.5
213.8,68581.9
213.9,68604.1
214,68626.2
214.1,68648.7
214.2,68671.5
214.3,68693.6
214.4,68716.1
214.5,68738.6
214.6,68761
214.7,68783.5
214.8,68805.7
214.9,68828.5
215,68850.9
215.1,68873.1
215.2,68895.5
215.3,68918.7
215.4,68940.8
215.5,68963.3
215.6,68985.7
215.7,69008.5
215.8,69031
215.9,69053.8
216,69076.3
216.1,69099.1
216.2,69121.5
216.3,69144.3
216.4,69167.1
216.5,69189.6
216.6,69212.1
216.7,69234.9
216.8,69258
216.9,69280.4
217,69303.2
217.1,69326
217.2,69348.8
217.3,69371.6
217.4,69394.7
217.5,69417.5
217.6,69440.3
217.7,69463.4
217.8,69486.2
217.9,69509.4
218,69532.2
218.1,69555.3
218.2,69578.4
218.3,69601.2
218.4,69624.3
218.5,69647.7
218.6,69670.9
218.7,69694
218.8,69716.8
218.9,69740.2
219,69763.3
219.1,69786.8
219.2,69809.9
219.3,69833.3
219.4,69856.8
219.5,69879.9
219.6,69903.7
219.7,69926.8
219.8,69950.2
219.9,69973.7
220,69997.8
220.1,70020.9
220.2,70044.7
220.3,70068.7
220.4,70092.2
220.5,70115.6
220.6,70139.4
220.7,70163.5
220.8,70186.9
220.9,70211
221,70235.4
221.1,70259.2
221.2,70283
221.3,70307.1
221.4,70330.8
221.5,70354.9
221.6,70379
221.7,70403.1
221.8,70427.2
221.9,70451.3
222,70476
222.1,70500.1
222.2,70524.6
222.3,70549
222.4,70573.1
222.5,70597.8
222.6,70622.6
222.7,70647
222.8,70671.4
222.9,70696.1
223,70720.5
223.1,70745.3
223.2,70770.4
223.3,70794.8
223.4,70819.8
223.5,70844.6
223.6,70869.7
223.7,70894.7
223.8,70919.8
223.9,70945.5
224,70970.2
224.1,70995.3
224.2,71020.7
224.3,71046.1
224.4,71070.8
224.5,71095.9
224.6,71121.3
224.7,71146.7
224.8,71171.8
224.9,71197.1
225,71222.2
225.1,71247.6
225.2,71272.7
225.3,71298.1
225.4,71323.5
225.5,71348.5
225.6,71373.6
225.7,71398.6
225.8,71424.4
225.9,71449.8
226,71474.8
226.1,71499.9
226.2,71525
226.3,71550.3
226.4,71575.7
226.5,71600.8
226.6,71626.2
226.7,71650.9
226.8,71676.6
226.9,71701.7
227,71727.1
227.1,71752.2
227.2,71777.2
227.3,71802.6
227.4,71828
227.5,71853.4
227.6,71878.8
227.7,71903.8
227.8,71929.2
227.9,71954.3
228,71980
228.1,72005.1
228.2,72030.5
228.3,72055.5
228.4,72080.9
228.5,72106.6
228.6,72131.7
228.7,72156.7
228.8,72182.1
228.9,72207.5
229,72233.2
229.1,72258.3
229.2,72283.4
229.3,72308.7
229.4,72334.1
229.5,72359.5
229.6,72385.2
229.7,72410.3
229.8,72435.7
229.9,72460.7
230,72486.1
230.1,72511.8
230.2,72537.2
230.3,72562.3
230.4,72588
230.5,72613.4
230.6,72638.8
230.7,72663.8
230.8,72689.2
230.9,72714.6
231,72740
231.1,72765.7
231.2,72791.1
231.3,72815.8
231.4,72841.2
231.5,72866.9
231.6,72892.3
231.7,72917.4
231.8,72942.7
231.9,72968.1
232,72993.8
232.1,73019.2
232.2,73044.6
232.3,73070
232.4,73095.4
232.5,73121.1
232.6,73146.5
232.7,73171.9
232.8,73197.2
232.9,73222.6
233,73248
233.1,73273.7
233.2,73299.1
233.3,73324.5
233.4,73349.5
233.5,73375.2
233.6,73400.6
233.7,73426.3
233.8,73451.7
233.9,73476.8
234,73502.5
234.1,73527.9
234.2,73553.6
234.3,73579
234.4,73604.3
234.5,73630.1
234.6,73655.8
234.7,73681.1
234.8,73706.8
234.9,73731.9
235,73757.3
235.1,73783
235.2,73808.7
235.3,73834.4
235.4,73859.8
235.5,73884.8
235.6,73910.5
235.7,73936.3
235.8,73961.6
235.9,73987.3
236,74012.7
236.1,74038.1
236.2,74063.5
236.3,74089.2
236.4,74114.9
236.5,74140.6
236.6,74166
236.7,74191.4
236.8,74217.1
236.9,74242.8
237,74268.5
237.1,74293.9
237.2,74319.6
237.3,74344.9
237.4,74371
237.5,74396.3
237.6,74421.7
237.7,74447.4
237.8,74472.8
237.9,74498.8
238,74523.9
238.1,74549.6
238.2,74575
238.3,74600.7
238.4,74626.4
238.5,74651.8
238.6,74677.1
238.7,74702.8
238.8,74728.2
238.9,74754.2
239,74780
239.1,74805.3
239.2,74831
239.3,74856.4
239.4,74882.4
239.5,74908.1
239.6,74933.8
239.7,74959.2
239.8,74984.9
239.9,75010.6
240,75036.3
240.1,75062
240.2,75087.4
240.3,75113.1
240.4,75138.8
240.5,75164.8
240.6,75189.9
240.7,75215.6
240.8,75241.3
240.9,75266.7
241,75292.7
241.1,75318.4
241.2,75344.1
241.3,75369.8
241.4,75395.5
241.5,75421.2
241.6,75447.2
241.7,75472.6
241.8,75498.3
241.9,75524
242,75549.7
242.1,75575.7
242.2,75601.1
242.3,75626.8
242.4,75652.2
242.5,75678.2
242.6,75703.9
242.7,75729.3
242.8,75755.3
242.9,75780.7
243,75806.7
243.1,75832.4
243.2,75858.4
243.3,75884.1
243.4,75909.8
243.5,75935.5
243.6,75961.5
243.7,75987.2
243.8,76012.9
243.9,76038.6
244,76064.3
244.1,76090.3
244.2,76116
244.3,76141.7
244.4,76167.1
244.5,76193.1
244.6,76218.8
244.7,76244.8
244.8,76270.5
244.9,76295.9
245,76321.9
245.1,76347.6
245.2,76373.7
245.3,76399.7
245.4,76425.4
245.5,76451.1
245.6,76477.1
245.7,76502.8
245.8,76528.8
245.9,76554.5
246,76580.2
246.1,76606.2
246.2,76631.9
246.3,76657.9
246.4,76683.6
246.5,76709.7
246.6,76735
246.7,76761
246.8,76787.4
246.9,76812.8
247,76838.5
247.1,76864.1
247.2,76890.2
247.3,76916.2
247.4,76942.5
247.5,76967.9
247.6,76993.9
247.7,77019.9
247.8,77045.6
247.9,77072
248,77097.3
248.1,77123.4
248.2,77149.1
248.3,77175.1
248.4,77201.4
248.5,77226.8
248.6,77252.8
248.7,77278.5
248.8,77304.5
248.9,77330.9
249,77356.6
249.1,77382.2
249.2,77407.9
249.3,77434
249.4,77460
249.5,77486.3
249.6,77512
249.7,77537.7
249.8,77563.7
249.9,77590.1
250,77616.1
250.1,77641.8
250.2,77667.5
250.3,77693.5
250.4,77719.5
250.5,77745.8
250.6,77771.5
250.7,77797.2
250.8,77823.2
250.9,77849.6
251,77875.6
251.1,77901.3
251.2,77927
251.3,77953
251.4,77979
251.5,78005
251.6,78031.4
251.7,78057.4
251.8,78083.1
251.9,78109.4
252,78135.4
252.1,78161.8
252.2,78187.4
252.3,78213.5
252.4,78239.5
252.5,78265.5
252.6,78291.8
252.7,78317.5
252.8,78343.5
252.9,78369.2
253,78395.2
253.1,78421.6
253.2,78447.6
253.3,78473.6
253.4,78499.6
253.5,78525.6
253.6,78551.6
253.7,78578
253.8,78604
253.9,78629.7
254,78656
254.1,78682
254.2,78708.4
254.3,78734.4
254.4,78760.4
254.5,78786.1
254.6,78812.4
254.7,78838.7
254.8,78864.8
254.9,78890.4
255,78916.5
255.1,78942.8
255.2,78969.1
255.3,78994.8
255.4,79020.8
255.5,79046.8
255.6,79073.2
255.7,79099.5
255.8,79125.5
255.9,79151.5
256,79177.5
256.1,79203.9
256.2,79230.2
256.3,79256.2
256.4,79282.2
256.5,79308.2
256.6,79334.6
256.7,79360.9
256.8,79386.9
256.9,79412.9
257,79438.9
257.1,79465
257.2,79491.3
257.3,79517.6
257.4,79543.6
257.5,79569.6
257.6,79595.6
257.7,79622
257.8,79648.3
257.9,79674.7
258,79700.7
258.1,79726.7
258.2,79753
258.3,79779.3
258.4,79805.7
258.5,79831.7
258.6,79857.7
258.7,79884
258.8,79910
258.9,79936.4
259,79962.7
259.1,79988.7
259.2,80014.7
259.3,80041
259.4,80067.7
259.5,80093.4
259.6,80119.4
259.7,80145.7
259.8,80172
259.9,80198.4
260,80224.7
260.1,80250.7
260.2,80277
260.3,80303.4
260.4,80329.7
260.5,80356
260.6,80382
260.7,80408.4
260.8,80434.4
260.9,80460.7
261,80487.4
261.1,80513.4
261.2,80539.4
261.3,80565.7
261.4,80592.4
261.5,80618.7
261.6,80644.4
261.7,80670.7
261.8,80697
261.9,80723.4
262,80749.7
262.1,80776
262.2,80802.3
262.3,80828.3
262.4,80854.7
262.5,80881.3
262.6,80907.7
262.7,80933.7
262.8,80960
262.9,80986.3
263,81012.6
263.1,81039.3
263.2,81065.3
263.3,81091.3
263.4,81118
263.5,81144.3
263.6,81170.6
263.7,81196.9
263.8,81222.9
263.9,81249.3
264,81275.6
264.1,81301.9
264.2,81328.9
264.3,81354.9
264.4,81381.2
264.5,81407.6
264.6,81433.9
264.7,81460.5
264.8,81486.5
264.9,81513.2
265,81539.2
265.1,81565.8
265.2,81592.2
265.3,81618.2
265.4,81644.8
265.5,81671.1
265.6,81697.5
265.7,81724.1
265.8,81750.1
265.9,81776.4
266,81802.8
266.1,81829.1
266.2,81855.7
266.3,81882.1
266.4,81908.4
266.5,81935
266.6,81961.4
266.7,81988
266.8,82014.3
266.9,82040.3
267,82067
267.1,82093.3
267.2,82120
267.3,82146.6
267.4,82172.6
267.5,82198.9
267.6,82225.6
267.7,82251.9
267.8,82278.5
267.9,82305.2
268,82331.2
268.1,82357.8
268.2,82384.5
268.3,82410.8
268.4,82437.8
268.5,82463.8
268.6,82490.4
268.7,82516.7
268.8,82543.4
268.9,82570
269,82596
269.1,82622.7
269.2,82649
269.3,82675.7
269.4,82702
269.5,82728.3
269.6,82754.6
269.7,82781.3
269.8,82807.6
269.9,82834.2
270,82861.2
270.1,82887.5
270.2,82914.2
270.3,82940.5
270.4,82967.1
270.5,82993.8
270.6,83020.1
270.7,83046.7
270.8,83073.1
270.9,83099.7
271,83126.4
271.1,83152.7
271.2,83179.3
271.3,83205.6
271.4,83232.3
271.5,83258.9
271.6,83285.2
271.7,83311.6
271.8,83338.2
271.9,83364.8
272,83391.5
272.1,83418.1
272.2,83444.8
272.3,83471.1
272.4,83497.7
272.5,83524.4
272.6,83551.3
272.7,83577.7
272.8,83604.3
272.9,83631
273,83657.3
273.1,83683.9
273.2,83710.6
273.3,83736.9
273.4,83763.5
273.5,83790.2
273.6,83817.1
273.7,83843.8
273.8,83870.1
273.9,83896.7
274,83923.4
274.1,83950
274.2,83977
274.3,84003.3
274.4,84029.9
274.5,84056.6
274.6,84083.5
274.7,84110.2
274.8,84136.5
274.9,84163.1
275,84189.8
275.1,84216.4
275.2,84243.4
275.3,84269.7
275.4,84296.3
275.5,84322.6
275.6,84349.3
275.7,84376.2
275.8,84403.2
275.9,84429.5
276,84456.2
276.1,84482.8
276.2,84509.8
276.3,84536.7
276.4,84563
276.5,84589.7
276.6,84616.3
276.7,84643.3
276.8,84669.9
276.9,84696.6
277,84723.2
277.1,84749.8
277.2,84776.5
277.3,84803.4
277.4,84829.7
277.5,84856.4
277.6,84883
277.7,84909.7
277.8,84936.6
277.9,84963.6
278,84990.2
278.1,85016.9
278.2,85043.5
278.3,85070.5
278.4,85097.4
278.5,85123.7
278.6,85150.4
278.7,85177.3
278.8,85204
278.9,85230.6
279,85257.2
279.1,85283.9
279.2,85310.8
279.3,85337.5
279.4,85364.4
279.5,85391.4
279.6,85418
279.7,85445
279.8,85471.6
279.9,85498.2
280,85525.5
280.1,85552.2
280.2,85578.8
280.3,85605.4
280.4,85632.4
280.5,85659.3
280.6,85686
280.7,85712.6
280.8,85739.2
280.9,85766.2
281,85793.2
281.1,85819.8
281.2,85846.4
281.3,85873.4
281.4,85900.3
281.5,85927.3
281.6,85953.9
281.7,85980.9
281.8,86007.5
281.9,86034.5
282,86061.4
282.1,86088.1
282.2,86115
282.3,86141.7
282.4,86168.6
282.5,86195.6
282.6,86222.5
282.7,86249.2
282.8,86275.5
282.9,86302.8
283,86329.4
283.1,86356.7
283.2,86383.6
283.3,86410.3
283.4,86437.2
283.5,86464.2
283.6,86490.8
283.7,86518.1
283.8,86545
283.9,86571.7
284,86598.3
284.1,86625.6
284.2,86652.5
284.3,86679.2
284.4,86706.1
284.5,86733.1
284.6,86760
284.7,86786.6
284.8,86813.6
284.9,86840.2
285,86867.2
285.1,86894.1
285.2,86921.1
285.3,86948.4
285.4,86975.3
285.5,87001.6
285.6,87028.6
285.7,87055.9
285.8,87082.8
285.9,87109.4
286,87136.7
286.1,87163.3
286.2,87190.6
286.3,87217.6
286.4,87244.5
286.5,87271.2
286.6,87298.1
286.7,87325.1
286.8,87352
286.9,87379.3
287,87406.2
287.1,87433.2
287.2,87460.1
287.3,87487.4
287.4,87514.4
287.5,87541.3
287.6,87567.9
287.7,87595.2
287.8,87622.2
287.9,87649.1
288,87676.1
288.1,87702.7
288.2,87730
288.3,87756.9
288.4,87783.9
288.5,87811.5
288.6,87838.4
288.7,87865
288.8,87892
288.9,87919.3
289,87946.5
289.1,87973.2
289.2,88000.4
289.3,88027.4
289.4,88054.7
289.5,88081.6
289.6,88108.6
289.7,88135.5
289.8,88162.8
289.9,88189.7
290,88216.7
290.1,88243.6
290.2,88270.6
290.3,88297.8
290.4,88324.8
290.5,88351.7
290.6,88379.3
290.7,88406.3
290.8,88432.9
290.9,88459.9
291,88487.1
291.1,88514.4
291.2,88541.7
291.3,88568.3
291.4,88595.2
291.5,88622.8
291.6,88649.8
291.7,88676.7
291.8,88703.7
291.9,88730.9
292,88758.2
292.1,88785.5
292.2,88812.8
292.3,88839.4
292.4,88866.3
292.5,88893.9
292.6,88920.9
292.7,88948.5
292.8,88975.4
292.9,89002
293,89029.3
293.1,89056.6
293.2,89083.8
293.3,89110.8
293.4,89137.7
293.5,89164.7
293.6,89192.3
293.7,89219.2
293.8,89246.8
293.9,89274.1
294,89301
294.1,89327.9
294.2,89355.2
294.3,89382.5
294.4,89409.8
294.5,89436.7
294.6,89464
294.7,89491.2
294.8,89518.5
294.9,89545.4
295,89572.4
295.1,89599.6
295.2,89626.9
295.3,89654.5
295.4,89681.4
295.5,89708.4
295.6,89735.3
295.7,89762.9
295.8,89789.9
295.9,89817.8
296,89844.7
296.1,89871.7
296.2,89898.9
296.3,89926.5
296.4,89953.8
296.5,89980.7
296.6,90007.7
296.7,90034.9
296.8,90062.2
296.9,90089.8
297,90116.7
297.1,90144
297.2,90170.9
297.3,90198.5
297.4,90225.8
297.5,90253.4
297.6,90280.3
297.7,90307.6
297.8,90334.5
297.9,90362.1
298,90389.4
298.1,90416.6
298.2,90443.9
298.3,90471.2
298.4,90498.4
298.5,90525.7
298.6,90552.6
298.7,90579.9
298.8,90607.1
298.9,90634.7
299,90662
299.1,90689.6
299.2,90716.8
299.3,90743.8
299.4,90771.4
299.5,90798.6
299.6,90826.2
299.7,90853.5
299.8,90880.4
299.9,90908
300,90935.3
300.1,90962.9
300.2,90989.8
300.3,91017
300.4,91044.3
300.5,91071.9
300.6,91099.2
300.7,91126.7
300.8,91153.7
300.9,91181.3
301,91208.5
301.1,91236.1
301.2,91263.4
301.3,91291
301.4,91318.2
301.5,91345.5
301.6,91373.1
301.7,91400.3
301.8,91427.2
301.9,91454.8
302,91482.1
302.1,91509.4
302.2,91537.3
302.3,91564.5
302.4,91591.8
302.5,91619
302.6,91646.6
302.7,91673.9
302.8,91701.8
302.9,91729
303,91756.3
303.1,91783.6
303.2,91811.1
303.3,91838.7
303.4,91866
303.5,91893.2
303.6,91920.8
303.7,91948.1
303.8,91975.7
303.9,92002.9
304,92030.2
304.1,92057.4
304.2,92084.7
304.3,92112.6
304.4,92140.2
304.5,92167.4
304.6,92194.7
304.7,92222.3
304.8,92249.8
304.9,92277.4
305,92304.7
305.1,92332.3
305.2,92359.5
305.3,92387.1
305.4,92414.7
305.5,92441.9
305.6,92469.2
305.7,92496.4
305.8,92524
305.9,92551.6
306,92579.5
306.1,92606.4
306.2,92634
306.3,92661.6
306.4,92689.2
306.5,92716.7
306.6,92744
306.7,92771.2
306.8,92798.8
306.9,92826.7
307,92854.3
307.1,92881.6
307.2,92908.8
307.3,92936.4
307.4,92964
307.5,92991.2
307.6,93019.1
307.7,93046.4
307.8,93074
307.9,93101.5
308,93129.1
308.1,93156.7
308.2,93184.3
308.3,93211.8
308.4,93239.1
308.5,93266.7
308.6,93294.6
308.7,93321.8
308.8,93349.1
308.9,93376.6
309,93404.2
309.1,93431.8
309.2,93460
309.3,93486.9
309.4,93514.5
309.5,93542.4
309.6,93570
309.7,93597.6
309.8,93625.1
309.9,93652.4
310,93680
310.1,93707.9
310.2,93735.4
310.3,93763
310.4,93790.6
310.5,93817.8
310.6,93845.4
310.7,93873.3
310.8,93901.2
310.9,93928.4
311,93955.7
311.1,93983.6
311.2,94011.2
311.3,94039.4
311.4,94066.3
311.5,94093.9
311.6,94121.8
311.7,94149.4
311.8,94177.2
311.9,94204.5
312,94232.1
312.1,94259.6
312.2,94287.2
312.3,94315.1
312.4,94343
312.5,94370.6
312.6,94398.1
312.7,94425.7
312.8,94453.6
312.9,94481.5
313,94508.8
313.1,94536.3
313.2,94563.9
313.3,94591.5
313.4,94619.7
313.5,94646.9
313.6,94674.5
313.7,94702.1
313.8,94729.6
313.9,94757.5
314,94785.4
314.1,94813
314.2,94840.6
314.3,94868.5
314.4,94896
314.5,94924.2
314.6,94951.8
314.7,94979.4
314.8,95007
314.9,95034.8
315,95062.7
315.1,95090
315.2,95117.5
315.3,95145.1
315.4,95173
315.5,95200.9
315.6,95228.8
315.7,95256.4
315.8,95283.9
315.9,95311.8
316,95339.7
316.1,95367.6
316.2,95394.8
316.3,95422.7
316.4,95450.3
316.5,95478.2
316.6,95506.1
316.7,95533.6
316.8,95561.2
316.9,95589.1
317,95616.7
317.1,95644.6
317.2,95672.5
317.3,95700.3
317.4,95727.9
317.5,95755.8
317.6,95783.7
317.7,95811.6
317.8,95839.1
317.9,95866.7
318,95894.6
318.1,95922.5
318.2,95950.4
318.3,95977.6
318.4,96005.5
318.5,96033.4
318.6,96061
318.7,96089.2
318.8,96117.1
318.9,96144.6
319,96172.5
319.1,96200.1
319.2,96228.3
319.3,96256.2
319.4,96283.7
319.5,96311.6
319.6,96339.5
319.7,96367.4
319.8,96395.3
319.9,96423.2
320,96451.1
320.1,96478.9
320.2,96506.8
320.3,96534.7
320.4,96562.6
320.5,96590.5
320.6,96618.4
320.7,96646.3
320.8,96673.8
320.9,96702
321,96729.6
321.1,96757.5
321.2,96785.4
321.3,96812.9
321.4,96841.5
321.5,96869.3
321.6,96897.2
321.7,96925.1
321.8,96952.7
321.9,96980.6
322,97008.8
322.1,97036.3
322.2,97064.5
322.3,97092.1
322.4,97120.3
322.5,97148.5
322.6,97176.1
322.7,97203.9
322.8,97231.8
322.9,97259.4
323,97287.6
323.1,97315.8
323.2,97343.7
323.3,97371.6
323.4,97399.5
323.5,97427.7
323.6,97455.5
323.7,97483.4
323.8,97511.3
323.9,97539.2
324,97567.1
324.1,97595.3
324.2,97623.2
324.3,97650.7
324.4,97678.6
324.5,97706.8
324.6,97734.7
324.7,97762.9
324.8,97790.8
324.9,97818.6
325,97846.9
325.1,97874.7
325.2,97902.9
325.3,97930.8
325.4,97958.7
325.5,97986.6
325.6,98014.5
325.7,98043
325.8,98070.5
325.9,98098.4
326,98126.3
326.1,98154.5
326.2,98182.4
326.3,98210.6
326.4,98238.5
326.5,98266.3
326.6,98294.5
326.7,98322.8
326.8,98350.6
326.9,98378.5
327,98406.7
327.1,98434.6
327.2,98462.8
327.3,98490.7
327.4,98518.5
327.5,98546.4
327.6,98574.3
327.7,98602.5
327.8,98630.4
327.9,98658.9
328,98686.8
328.1,98715
328.2,98742.9
328.3,98771.1
328.4,98799.3
328.5,98827.1
328.6,98855
328.7,98882.9
328.8,98911.1
328.9,98939.3
329,98967.8
329.1,98995.7
329.2,99023.6
329.3,99051.8
329.4,99080
329.5,99108.2
329.6,99136
329.7,99164.2
329.8,99192.1
329.9,99220.6
330,99248.5
330.1,99276.7
330.2,99304.6
330.3,99332.5
330.4,99360.7
330.5,99388.9
330.6,99417.4
330.7,99445.2
330.8,99473.1
330.9,99501.3
331,99529.5
331.1,99558
331.2,99585.9
331.3,99613.8
331.4,99642
331.5,99670.2
331.6,99698.4
331.7,99726.2
331.8,99754.4
331.9,99782.6
332,99810.5
332.1,99839
332.2,99867.2
332.3,99895.4
332.4,99923.3
332.5,99951.8
332.6,99979.7
332.7,100008
332.8,100036
332.9,100064
333,100092
333.1,100121
333.2,100149
333.3,100177
333.4,100205
333.5,100233
333.6,100261
333.7,100290
333.8,100318
333.9,100346
334,100374
334.1,100402
334.2,100430
334.3,100459
334.4,100487
334.5,100515
334.6,100543
334.7,100571
334.8,100600
334.9,100628
335,100656
335.1,100685
335.2,100713
335.3,100741
335.4,100770
335.5,100797
335.6,100826
335.7,100854
335.8,100882
335.9,100910
336,100939
336.1,100967
336.2,100995
336.3,101023
336.4,101052
336.5,101080
336.6,101108
336.7,101137
336.8,101165
336.9,101193
337,101222
337.1,101250
337.2,101278
337.3,101306
337.4,101334
337.5,101363
337.6,101391
337.7,101419
337.8,101448
337.9,101476
338,101504
338.1,101533
338.2,101561
338.3,101589
338.4,101617
338.5,101646
338.6,101674
338.7,101703
338.8,101731
338.9,101759
339,101787
339.1,101816
339.2,101844
339.3,101873
339.4,101901
339.5,101929
339.6,101958
339.7,101986
339.8,102014
339.9,102043
340,102071
340.1,102100
340.2,102128
340.3,102156
340.4,102184
340.5,102213
340.6,102241
340.7,102269
340.8,102298
340.9,102326
341,102354
341.1,102383
341.2,102411
341.3,102440
341.4,102468
341.5,102496
341.6,102525
341.7,102553
341.8,102582
341.9,102610
342,102638
342.1,102667
342.2,102695
342.3,102724
342.4,102753
342.5,102780
342.6,102809
342.7,102837
342.8,102866
342.9,102895
343,102922
343.1,102951
343.2,102979
343.3,103008
343.4,103036
343.5,103065
343.6,103093
343.7,103122
343.8,103150
343.9,103179
344,103207
344.1,103236
344.2,103264
344.3,103292
344.4,103320
344.5,103349
344.6,103378
344.7,103407
344.8,103435
344.9,103463
345,103492
345.1,103521
345.2,103549
345.3,103577
345.4,103606
345.5,103634
345.6,103663
345.7,103691
345.8,103719
345.9,103748
346,103777
346.1,103805
346.2,103834
346.3,103862
346.4,103891
346.5,103919
346.6,103948
346.7,103976
346.8,104005
346.9,104033
347,104062
347.1,104090
347.2,104119
347.3,104148
347.4,104176
347.5,104204
347.6,104233
347.7,104262
347.8,104291
347.9,104319
348,104347
348.1,104376
348.2,104405
348.3,104433
348.4,104462
348.5,104490
348.6,104519
348.7,104547
348.8,104576
348.9,104604
349,104633
349.1,104661
349.2,104690
349.3,104719
349.4,104747
349.5,104776
349.6,104804
349.7,104833
349.8,104861
349.9,104890
350,104919
350.1,104948
350.2,104976
350.3,105005
350.4,105033
350.5,105062
350.6,105090
350.7,105119
350.8,105148
350.9,105176
351,105205
351.1,105234
351.2,105262
351.3,105291
351.4,105319
351.5,105348
351.6,105377
351.7,105406
351.8,105434
351.9,105463
352,105491
352.1,105520
352.2,105549
352.3,105577
352.4,105606
352.5,105634
352.6,105663
352.7,105692
352.8,105721
352.9,105749
353,105778
353.1,105807
353.2,105836
353.3,105864
353.4,105893
353.5,105921
353.6,105950
353.7,105979
353.8,106007
353.9,106036
354,106064
354.1,106093
354.2,106122
354.3,106151
354.4,106179
354.5,106208
354.6,106237
354.7,106266
354.8,106295
354.9,106323
355,106352
355.1,106380
355.2,106409
355.3,106438
355.4,106467
355.5,106495
355.6,106524
355.7,106553
355.8,106582
355.9,106611
356,106639
356.1,106668
356.2,106697
356.3,106726
356.4,106754
356.5,106783
356.6,106811
356.7,106840
356.8,106869
356.9,106897
357,106927
357.1,106955
357.2,106984
357.3,107013
357.4,107042
357.5,107071
357.6,107099
357.7,107128
357.8,107156
357.9,107186
358,107214
358.1,107243
358.2,107272
358.3,107301
358.4,107329
358.5,107358
358.6,107387
358.7,107416
358.8,107445
358.9,107473
359,107502
359.1,107531
359.2,107560
359.3,107589
359.4,107617
359.5,107647
359.6,107675
359.7,107705
359.8,107733
359.9,107762
360,107791
360.1,107819
360.2,107849
360.3,107877
360.4,107906
360.5,107935
360.6,107964
360.7,107993
360.8,108021
360.9,108050
361,108079
361.1,108108
361.2,108137
361.3,108166
361.4,108195
361.5,108223
361.6,108252
361.7,108281
361.8,108310
361.9,108339
362,108368
362.1,108397
362.2,108425
362.3,108454
362.4,108484
362.5,108512
362.6,108541
362.7,108570
362.8,108599
362.9,108628
363,108657
363.1,108686
363.2,108715
363.3,108744
363.4,108773
363.5,108802
363.6,108830
363.7,108859
363.8,108888
363.9,108917
364,108946
364.1,108975
364.2,109004
364.3,109033
364.4,109062
364.5,109091
364.6,109120
364.7,109149
364.8,109178
364.9,109207
365,109236
365.1,109265
365.2,109293
365.3,109322
365.4,109351
365.5,109380
365.6,109409
365.7,109438
365.8,109467
365.9,109496
366,109525
366.1,109554
366.2,109583
366.3,109612
366.4,109641
366.5,109670
366.6,109699
366.7,109728
366.8,109757
366.9,109786
367,109815
367.1,109844
367.2,109873
367.3,109902
367.4,109932
367.5,109960
367.6,109989
367.7,110018
367.8,110047
367.9,110076
368,110105
368.1,110134
368.2,110163
368.3,110192
368.4,110222
368.5,110251
368.6,110279
368.7,110308
368.8,110338
368.9,110367
369,110396
369.1,110425
369.2,110453
369.3,110483
369.4,110511
369.5,110541
369.6,110570
369.7,110599
369.8,110628
369.9,110657
370,110686
370.1,110715
370.2,110744
370.3,110773
370.4,110802
370.5,110832
370.6,110860
370.7,110890
370.8,110919
370.9,110948
371,110977
371.1,111006
371.2,111035
371.3,111064
371.4,111093
371.5,111123
371.6,111152
371.7,111181
371.8,111210
371.9,111239
372,111268
372.1,111298
372.2,111327
372.3,111355
372.4,111385
372.5,111413
372.6,111443
372.7,111472
372.8,111502
372.9,111530
373,111560
373.1,111589
373.2,111618
373.3,111647
373.4,111676
373.5,111705
373.6,111735
373.7,111764
373.8,111793
373.9,111822
374,111851
374.1,111880
374.2,111910
374.3,111938
374.4,111968
374.5,111997
374.6,112026
374.7,112056
374.8,112085
374.9,112114
375,112143
375.1,112172
375.2,112201
375.3,112230
375.4,112260
375.5,112289
375.6,112318
375.7,112347
375.8,112376
375.9,112406
376,112435
376.1,112464
376.2,112493
376.3,112522
376.4,112551
376.5,112581
376.6,112610
376.7,112639
376.8,112668
376.9,112698
377,112727
377.1,112756
377.2,112786
377.3,112815
377.4,112844
377.5,112873
377.6,112903
377.7,112932
377.8,112961
377.9,112990
378,113019
378.1,113049
378.2,113078
378.3,113108
378.4,113137
378.5,113166
378.6,113195
378.7,113224
378.8,113254
378.9,113283
379,113312
379.1,113342
379.2,113371
379.3,113400
379.4,113430
379.5,113459
379.6,113488
379.7,113517
379.8,113547
379.9,113576
380,113605
380.1,113635
380.2,113664
380.3,113693
380.4,113723
380.5,113752
380.6,113781
380.7,113810
380.8,113840
380.9,113869
381,113899
381.1,113928
381.2,113957
381.3,113986
381.4,114016
381.5,114046
381.6,114075
381.7,114104
381.8,114133
381.9,114163
382,114192
382.1,114221
382.2,114251
382.3,114280
382.4,114309
382.5,114339
382.6,114368
382.7,114397
382.8,114427
382.9,114456
383,114485
383.1,114515
383.2,114544
383.3,114573
383.4,114603
383.5,114632
383.6,114662
383.7,114691
383.8,114720
383.9,114750
384,114779
384.1,114808
384.2,114838
384.3,114867
384.4,114897
384.5,114926
384.6,114955
384.7,114985
384.8,115015
384.9,115044
385,115073
385.1,115103
385.2,115132
385.3,115161
385.4,115191
385.5,115220
385.6,115249
385.7,115279
385.8,115309
385.9,115338
386,115367
386.1,115397
386.2,115426
386.3,115456
386.4,115485
386.5,115515
386.6,115544
386.7,115574
386.8,115603
386.9,115633
387,115662
387.1,115692
387.2,115721
387.3,115751
387.4,115780
387.5,115809
387.6,115839
387.7,115868
387.8,115898
387.9,115927
388,115957
388.1,115987
388.2,116016
388.3,116045
388.4,116075
388.5,116104
388.6,116134
388.7,116163
388.8,116193
388.9,116222
389,116252
389.1,116282
389.2,116311
389.3,116341
389.4,116370
389.5,116399
389.6,116429
389.7,116459
389.8,116488
389.9,116518
390,116547
390.1,116577
390.2,116606
390.3,116636
390.4,116665
390.5,116695
390.6,116725
390.7,116754
390.8,116784
390.9,116813
391,116843
391.1,116872
391.2,116902
391.3,116931
391.4,116961
391.5,116991
391.6,117020
391.7,117049
391.8,117079
391.9,117109
392,117138
392.1,117168
392.2,117197
392.3,117227
392.4,117257
392.5,117287
392.6,117316
392.7,117346
392.8,117375
392.9,117405
393,117434
393.1,117464
393.2,117494
393.3,117523
393.4,117553
393.5,117582
393.6,117613
393.7,117642
393.8,117672
393.9,117701
394,117731
394.1,117761
394.2,117790
394.3,117819
394.4,117849
394.5,117878
394.6,117908
394.7,117939
394.8,117968
394.9,117997
395,118027
395.1,118057
395.2,118087
395.3,118116
395.4,118146
395.5,118175
395.6,118205
395.7,118235
395.8,118264
395.9,118294
396,118324
396.1,118353
396.2,118383
396.3,118413
396.4,118442
396.5,118472
396.6,118502
396.7,118531
396.8,118561
396.9,118591
397,118621
397.1,118650
397.2,118680
397.3,118710
397.4,118739
397.5,118769
397.6,118799
397.7,118828
397.8,118858
397.9,118888
398,118918
398.1,118947
398.2,118977
398.3,119007
398.4,119037
398.5,119066
398.6,119096
398.7,119126
398.8,119155
398.9,119185
399,119215
399.1,119245
399.2,119275
399.3,119304
399.4,119334
399.5,119364
399.6,119393
399.7,119423
399.8,119453
399.9,119482
400,119512
400.1,119542
400.2,119572
400.3,119602
400.4,119631
400.5,119661
400.6,119691
400.7,119721
400.8,119750
400.9,119780
401,119810
401.1,119840
401.2,119869
401.3,119899
401.4,119929
401.5,119959
401.6,119989
401.7,120019
401.8,120048
401.9,120078
402,120107
402.1,120137
402.2,120167
402.3,120197
402.4,120227
402.5,120257
402.6,120286
402.7,120316
402.8,120346
402.9,120376
403,120406
403.1,120435
403.2,120465
403.3,120495
403.4,120525
403.5,120555
403.6,120585
403.7,120614
403.8,120644
403.9,120674
404,120704
404.1,120734
404.2,120764
404.3,120793
404.4,120823
404.5,120853
404.6,120883
404.7,120913
404.8,120943
404.9,120972
405,121002
405.1,121032
405.2,121062
405.3,121092
405.4,121122
405.5,121152
405.6,121182
405.7,121212
405.8,121242
405.9,121271
406,121301
406.1,121331
406.2,121361
406.3,121391
406.4,121421
406.5,121451
406.6,121481
406.7,121511
406.8,121541
406.9,121571
407,121601
407.1,121630
407.2,121660
407.3,121690
407.4,121720
407.5,121750
407.6,121780
407.7,121810
407.8,121840
407.9,121870
408,121900
408.1,121929
408.2,121959
408.3,121989
408.4,122020
408.5,122050
408.6,122080
408.7,122109
408.8,122139
408.9,122169
409,122199
409.1,122229
409.2,122259
409.3,122289
409.4,122319
409.5,122349
409.6,122379
409.7,122409
409.8,122439
409.9,122469
410,122499
410.1,122529
410.2,122559
410.3,122589
410.4,122618
410.5,122649
410.6,122679
410.7,122709
410.8,122738
410.9,122768
411,122799
411.1,122829
411.2,122859
411.3,122888
411.4,122918
411.5,122948
411.6,122978
411.7,123008
411.8,123038
411.9,123068
412,123099
412.1,123128
412.2,123158
412.3,123188
412.4,123219
412.5,123249
412.6,123279
412.7,123309
412.8,123339
412.9,123369
413,123399
413.1,123429
413.2,123459
413.3,123489
413.4,123519
413.5,123549
413.6,123579
413.7,123609
413.8,123639
413.9,123669
414,123699
414.1,123730
414.2,123760
414.3,123790
414.4,123820
414.5,123850
414.6,123880
414.7,123910
414.8,123940
414.9,123970
415,124000
415.1,124030
415.2,124060
415.3,124090
415.4,124120
415.5,124150
415.6,124181
415.7,124211
415.8,124241
415.9,124271
416,124301
416.1,124331
416.2,124361
416.3,124391
416.4,124421
416.5,124451
416.6,124481
416.7,124512
416.8,124542
416.9,124572
417,124602
417.1,124632
417.2,124662
417.3,124692
417.4,124723
417.5,124753
417.6,124783
417.7,124813
417.8,124843
417.9,124874
418,124903
418.1,124933
418.2,124964
418.3,124994
418.4,125024
418.5,125055
418.6,125085
418.7,125115
418.8,125145
418.9,125175
419,125205
419.1,125235
419.2,125265
419.3,125295
419.4,125326
419.5,125356
419.6,125386
419.7,125416
419.8,125446
419.9,125476
420,125507
420.1,125537
420.2,125567
420.3,125597
420.4,125628
420.5,125658
420.6,125688
420.7,125718
420.8,125748
420.9,125779
421,125809
421.1,125839
421.2,125869
421.3,125900
421.4,125930
421.5,125960
421.6,125990
421.7,126020
421.8,126051
421.9,126081
422,126111
422.1,126141
422.2,126171
422.3,126202
422.4,126232
422.5,126262
422.6,126293
422.7,126323
422.8,126353
422.9,126383
423,126414
423.1,126444
423.2,126474
423.3,126504
423.4,126535
423.5,126565
423.6,126595
423.7,126625
423.8,126655
423.9,126686
424,126716
424.1,126746
424.2,126776
424.3,126807
424.4,126837
424.5,126867
424.6,126898
424.7,126928
424.8,126958
424.9,126988
425,127019
425.1,127049
425.2,127080
425.3,127110
425.4,127140
425.5,127170
425.6,127201
425.7,127231
425.8,127261
425.9,127291
426,127322
426.1,127352
426.2,127382
426.3,127413
426.4,127443
426.5,127473
426.6,127504
426.7,127534
426.8,127564
426.9,127595
427,127625
427.1,127655
427.2,127686
427.3,127716
427.4,127746
427.5,127777
427.6,127807
427.7,127837
427.8,127867
427.9,127898
428,127929
428.1,127959
428.2,127989
428.3,128019
428.4,128050
428.5,128081
428.6,128111
428.7,128141
428.8,128171
428.9,128202
429,128232
429.1,128263
429.2,128293
429.3,128323
429.4,128354
429.5,128384
429.6,128415
429.7,128445
429.8,128475
429.9,128505
430,128536
430.1,128566
430.2,128597
430.3,128627
430.4,128657
430.5,128688
430.6,128718
430.7,128749
430.8,128780
430.9,128810
431,128840
431.1,128871
431.2,128901
431.3,128932
431.4,128962
431.5,128992
431.6,129023
431.7,129053
431.8,129084
431.9,129114
432,129145
432.1,129175
432.2,129206
432.3,129236
432.4,129267
432.5,129297
432.6,129327
432.7,129357
432.8,129388
432.9,129418
433,129449
433.1,129479
433.2,129510
433.3,129540
433.4,129571
433.5,129601
433.6,129632
433.7,129662
433.8,129693
433.9,129723
434,129754
434.1,129784
434.2,129815
434.3,129845
434.4,129876
434.5,129906
434.6,129937
434.7,129967
434.8,129998
434.9,130028
435,130059
435.1,130089
435.2,130120
435.3,130150
435.4,130180
435.5,130211
435.6,130241
435.7,130272
435.8,130303
435.9,130333
436,130363
436.1,130394
436.2,130425
436.3,130455
436.4,130486
436.5,130516
436.6,130547
436.7,130577
436.8,130608
436.9,130639
437,130669
437.1,130699
437.2,130730
437.3,130760
437.4,130791
437.5,130822
437.6,130852
437.7,130883
437.8,130913
437.9,130944
438,130975
438.1,131006
438.2,131036
438.3,131067
438.4,131097
438.5,131127
438.6,131158
438.7,131189
438.8,131219
438.9,131250
439,131280
439.1,131311
439.2,131342
439.3,131372
439.4,131403
439.5,131434
439.6,131464
439.7,131494
439.8,131525
439.9,131556
440,131586
440.1,131617
440.2,131647
440.3,131678
440.4,131709
440.5,131739
440.6,131770
440.7,131800
440.8,131831
440.9,131862
441,131892
441.1,131923
441.2,131953
441.3,131984
441.4,132015
441.5,132045
441.6,132076
441.7,132107
441.8,132137
441.9,132168
442,132199
442.1,132229
442.2,132260
442.3,132290
442.4,132321
442.5,132352
442.6,132383
442.7,132413
442.8,132444
442.9,132475
443,132506
443.1,132536
443.2,132567
443.3,132597
443.4,132628
443.5,132659
443.6,132689
443.7,132720
443.8,132751
443.9,132782
444,132812
444.1,132843
444.2,132874
444.3,132904
444.4,132935
444.5,132966
444.6,132997
444.7,133027
444.8,133058
444.9,133088
445,133119
445.1,133150
445.2,133180
445.3,133211
445.4,133242
445.5,133273
445.6,133304
445.7,133334
445.8,133365
445.9,133396
446,133426
446.1,133457
446.2,133488
446.3,133518
446.4,133549
446.5,133580
446.6,133610
446.7,133641
446.8,133672
446.9,133703
447,133734
447.1,133765
447.2,133795
447.3,133826
447.4,133856
447.5,133887
447.6,133918
447.7,133949
447.8,133980
447.9,134010
448,134041
448.1,134072
448.2,134102
448.3,134133
448.4,134164
448.5,134195
448.6,134226
448.7,134257
448.8,134288
448.9,134318
449,134349
449.1,134379
449.2,134410
449.3,134442
449.4,134472
449.5,134503
449.6,134533
449.7,134564
449.8,134595
449.9,134626
450,134657
450.1,134687
450.2,134718
450.3,134749
450.4,134780
450.5,134811
450.6,134842
450.7,134872
450.8,134903
450.9,134934
451,134965
451.1,134995
451.2,135026
451.3,135057
451.4,135088
451.5,135119
451.6,135150
451.7,135181
451.8,135211
451.9,135242
452,135273
452.1,135304
452.2,135335
452.3,135366
452.4,135397
452.5,135428
452.6,135459
452.7,135489
452.8,135520
452.9,135550
453,135581
453.1,135613
453.2,135643
453.3,135675
453.4,135705
453.5,135736
453.6,135767
453.7,135798
453.8,135829
453.9,135860
454,135891
454.1,135921
454.2,135952
454.3,135983
454.4,136014
454.5,136045
454.6,136075
454.7,136106
454.8,136137
454.9,136169
455,136199
455.1,136230
455.2,136261
455.3,136292
455.4,136323
455.5,136354
455.6,136385
455.7,136416
455.8,136446
455.9,136477
456,136508
456.1,136540
456.2,136570
456.3,136601
456.4,136632
456.5,136663
456.6,136694
456.7,136725
456.8,136756
456.9,136786
457,136818
457.1,136849
457.2,136880
457.3,136911
457.4,136941
457.5,136972
457.6,137004
457.7,137035
457.8,137065
457.9,137096
458,137127
458.1,137158
458.2,137189
458.3,137220
458.4,137251
458.5,137282
458.6,137313
458.7,137344
458.8,137375
458.9,137406
459,137437
459.1,137468
459.2,137499
459.3,137530
459.4,137561
459.5,137592
459.6,137623
459.7,137654
459.8,137684
459.9,137715
460,137747
460.1,137778
460.2,137809
460.3,137839
460.4,137870
460.5,137901
460.6,137933
460.7,137964
460.8,137995
460.9,138025
461,138056
461.1,138088
461.2,138119
461.3,138150
461.4,138181
461.5,138212
461.6,138243
461.7,138274
461.8,138305
461.9,138336
462,138367
462.1,138398
462.2,138429
462.3,138460
462.4,138491
462.5,138522
462.6,138553
462.7,138584
462.8,138615
462.9,138647
463,138678
463.1,138709
463.2,138740
463.3,138771
463.4,138802
463.5,138833
463.6,138864
463.7,138895
463.8,138926
463.9,138957
464,138988
464.1,139019
464.2,139050
464.3,139081
464.4,139112
464.5,139143
464.6,139175
464.7,139206
464.8,139237
464.9,139268
465,139299
465.1,139330
465.2,139361
465.3,139392
465.4,139423
465.5,139454
465.6,139485
465.7,139516
465.8,139548
465.9,139579
466,139610
466.1,139641
466.2,139672
466.3,139703
466.4,139734
466.5,139766
466.6,139797
466.7,139828
466.8,139859
466.9,139890
467,139922
467.1,139952
467.2,139983
467.3,140015
467.4,140046
467.5,140077
467.6,140108
467.7,140139
467.8,140170
467.9,140201
468,140233
468.1,140264
468.2,140295
468.3,140326
468.4,140357
468.5,140389
468.6,140420
468.7,140451
468.8,140482
468.9,140513
469,140544
469.1,140576
469.2,140607
469.3,140638
469.4,140669
469.5,140700
469.6,140731
469.7,140762
469.8,140794
469.9,140825
470,140856
470.1,140887
470.2,140918
470.3,140950
470.4,140981
470.5,141012
470.6,141043
470.7,141074
470.8,141105
470.9,141137
471,141168
471.1,141199
471.2,141230
471.3,141261
471.4,141293
471.5,141324
471.6,141355
471.7,141386
471.8,141417
471.9,141449
472,141480
472.1,141512
472.2,141542
472.3,141574
472.4,141605
472.5,141636
472.6,141668
472.7,141699
472.8,141730
472.9,141761
473,141793
473.1,141824
473.2,141855
473.3,141887
473.4,141918
473.5,141949
473.6,141980
473.7,142012
473.8,142043
473.9,142074
474,142105
474.1,142137
474.2,142167
474.3,142199
474.4,142231
474.5,142262
474.6,142293
474.7,142324
474.8,142355
474.9,142387
475,142418
475.1,142449
475.2,142480
475.3,142512
475.4,142543
475.5,142575
475.6,142606
475.7,142637
475.8,142668
475.9,142699
476,142731
476.1,142762
476.2,142793
476.3,142824
476.4,142856
476.5,142887
476.6,142918
476.7,142950
476.8,142981
476.9,143012
477,143044
477.1,143075
477.2,143106
477.3,143138
477.4,143169
477.5,143200
477.6,143232
477.7,143263
477.8,143295
477.9,143326
478,143357
478.1,143388
478.2,143420
478.3,143451
478.4,143483
478.5,143514
478.6,143545
478.7,143576
478.8,143608
478.9,143639
479,143671
479.1,143702
479.2,143733
479.3,143765
479.4,143796
479.5,143827
479.6,143859
479.7,143890
479.8,143921
479.9,143953
480,143984
480.1,144016
480.2,144047
480.3,144078
480.4,144109
480.5,144141
480.6,144172
480.7,144204
480.8,144235
480.9,144266
481,144298
481.1,144329
481.2,144361
481.3,144392
481.4,144424
481.5,144455
481.6,144486
481.7,144518
481.8,144549
481.9,144581
482,144612
482.1,144643
482.2,144675
482.3,144706
482.4,144738
482.5,144770
482.6,144801
482.7,144832
482.8,144864
482.9,144895
483,144927
483.1,144958
483.2,144989
483.3,145021
483.4,145052
483.5,145084
483.6,145115
483.7,145147
483.8,145178
483.9,145209
484,145241
484.1,145272
484.2,145304
484.3,145335
484.4,145367
484.5,145398
484.6,145430
484.7,145461
484.8,145493
484.9,145524
485,145556
485.1,145587
485.2,145619
485.3,145650
485.4,145681
485.5,145713
485.6,145744
485.7,145776
485.8,145807
485.9,145839
486,145870
486.1,145901
486.2,145933
486.3,145964
486.4,145996
486.5,146028
486.6,146059
486.7,146090
486.8,146122
486.9,146153
487,146185
487.1,146217
487.2,146248
487.3,146280
487.4,146311
487.5,146343
487.6,146374
487.7,146406
487.8,146437
487.9,146469
488,146500
488.1,146532
488.2,146563
488.3,146595
488.4,146626
488.5,146658
488.6,146689
488.7,146721
488.8,146753
488.9,146784
489,146815
489.1,146847
489.2,146878
489.3,146910
489.4,146942
489.5,146973
489.6,147004
489.7,147036
489.8,147068
489.9,147100
490,147131
490.1,147162
490.2,147194
490.3,147226
490.4,147257
490.5,147289
490.6,147320
490.7,147352
490.8,147383
490.9,147415
491,147447
491.1,147478
491.2,147510
491.3,147541
491.4,147573
491.5,147604
491.6,147636
491.7,147668
491.8,147699
491.9,147730
492,147762
492.1,147794
492.2,147826
492.3,147857
492.4,147889
492.5,147920
492.6,147952
492.7,147983
492.8,148015
492.9,148047
493,148078
493.1,148110
493.2,148142
493.3,148173
493.4,148205
493.5,148236
493.6,148268
493.7,148299
493.8,148331
493.9,148363
494,148395
494.1,148426
494.2,148457
494.3,148489
494.4,148521
494.5,148553
494.6,148585
494.7,148616
494.8,148647
494.9,148679
495,148710
495.1,148742
495.2,148774
495.3,148806
495.4,148837
495.5,148869
495.6,148901
495.7,148932
495.8,148965
495.9,148996
496,149028
496.1,149059
496.2,149091
496.3,149122
496.4,149154
496.5,149186
496.6,149217
496.7,149249
496.8,149281
496.9,149313
497,149344
497.1,149376
497.2,149407
497.3,149439
497.4,149471
497.5,149503
497.6,149534
497.7,149566
497.8,149597
497.9,149629
498,149661
498.1,149693
498.2,149724
498.3,149756
498.4,149788
498.5,149819
498.6,149851
498.7,149883
498.8,149915
498.9,149946
499,149978
499.1,150010
499.2,150042
499.3,150074
499.4,150105
499.5,150137
499.6,150169
499.7,150201
499.8,150232
499.9,150264
500,150295
500.1,150327
500.2,150358
500.3,150390
500.4,150422
500.5,150454
500.6,150486
500.7,150518
500.8,150549
500.9,150581
501,150613
501.1,150645
501.2,150676
501.3,150708
501.4,150740
501.5,150771
501.6,150804
501.7,150835
501.8,150867
501.9,150898
502,150930
502.1,150962
502.2,150994
502.3,151026
502.4,151057
502.5,151089
502.6,151121
502.7,151153
502.8,151185
502.9,151216
503,151248
503.1,151280
503.2,151312
503.3,151344
503.4,151376
503.5,151407
503.6,151439
503.7,151471
503.8,151503
503.9,151534
504,151566
504.1,151598
504.2,151630
504.3,151661
504.4,151693
504.5,151725
504.6,151757
504.7,151788
504.8,151820
504.9,151852
505,151884
505.1,151916
505.2,151948
505.3,151979
505.4,152011
505.5,152043
505.6,152075
505.7,152107
505.8,152139
505.9,152170
506,152202
506.1,152234
506.2,152266
506.3,152298
506.4,152330
506.5,152362
506.6,152393
506.7,152426
506.8,152458
506.9,152489
507,152521
507.1,152553
507.2,152585
507.3,152616
507.4,152648
507.5,152680
507.6,152712
507.7,152744
507.8,152776
507.9,152807
508,152840
508.1,152871
508.2,152903
508.3,152935
508.4,152967
508.5,152999
508.6,153031
508.7,153062
508.8,153094
508.9,153126
509,153158
509.1,153190
509.2,153222
509.3,153254
509.4,153285
509.5,153317
509.6,153349
509.7,153381
509.8,153413
509.9,153445
510,153477
510.1,153509
510.2,153541
510.3,153573
510.4,153605
510.5,153637
510.6,153669
510.7,153700
510.8,153733
510.9,153765
511,153796
511.1,153828
511.2,153860
511.3,153892
511.4,153924
511.5,153956
511.6,153988
511.7,154020
511.8,154051
511.9,154083
512,154115
512.1,154148
512.2,154179
512.3,154211
512.4,154243
512.5,154275
512.6,154307
512.7,154339
512.8,154371
512.9,154403
513,154435
513.1,154467
513.2,154498
513.3,154531
513.4,154562
513.5,154594
513.6,154626
513.7,154658
513.8,154690
513.9,154722
514,154754
514.1,154786
514.2,154818
514.3,154850
514.4,154882
514.5,154914
514.6,154946
514.7,154978
514.8,155010
514.9,155042
515,155074
515.1,155106
515.2,155138
515.3,155170
515.4,155202
515.5,155234
515.6,155267
515.7,155298
515.8,155330
515.9,155362
516,155394
516.1,155426
516.2,155458
516.3,155490
516.4,155522
516.5,155554
516.6,155586
516.7,155618
516.8,155650
516.9,155682
517,155714
517.1,155746
517.2,155778
517.3,155810
517.4,155842
517.5,155874
517.6,155906
517.7,155938
517.8,155970
517.9,156002
518,156034
518.1,156066
518.2,156098
518.3,156130
518.4,156162
518.5,156194
518.6,156227
518.7,156258
518.8,156291
518.9,156322
519,156355
519.1,156387
519.2,156419
519.3,156451
519.4,156483
519.5,156515
519.6,156547
519.7,156579
519.8,156612
519.9,156644
520,156675
520.1,156708
520.2,156740
520.3,156772
520.4,156804
520.5,156836
520.6,156868
520.7,156900
520.8,156932
520.9,156965
521,156997
521.1,157029
521.2,157061
521.3,157093
521.4,157125
521.5,157157
521.6,157189
521.7,157221
521.8,157253
521.9,157285
522,157317
522.1,157349
522.2,157382
522.3,157414
522.4,157445
522.5,157478
522.6,157510
522.7,157542
522.8,157574
522.9,157606
523,157638
523.1,157670
523.2,157702
523.3,157735
523.4,157767
523.5,157799
523.6,157831
523.7,157863
523.8,157895
523.9,157928
524,157959
524.1,157992
524.2,158024
524.3,158056
524.4,158088
524.5,158120
524.6,158152
524.7,158184
524.8,158216
524.9,158249
525,158281
525.1,158313
525.2,158345
525.3,158377
525.4,158409
525.5,158442
525.6,158474
525.7,158506
525.8,158538
525.9,158570
526,158602
526.1,158635
526.2,158667
526.3,158699
526.4,158731
526.5,158763
526.6,158795
526.7,158828
526.8,158860
526.9,158892
527,158924
527.1,158956
527.2,158989
527.3,159021
527.4,159053
527.5,159086
527.6,159118
527.7,159150
527.8,159182
527.9,159214
528,159247
528.1,159279
528.2,159311
528.3,159343
528.4,159375
528.5,159408
528.6,159440
528.7,159472
528.8,159505
528.9,159537
529,159569
529.1,159601
529.2,159634
529.3,159665
529.4,159698
529.5,159730
529.6,159762
529.7,159794
529.8,159827
529.9,159859
530,159891
530.1,159923
530.2,159955
530.3,159988
530.4,160020
530.5,160052
530.6,160084
530.7,160116
530.8,160148
530.9,160181
531,160213
531.1,160245
531.2,160278
531.3,160309
531.4,160342
531.5,160374
531.6,160407
531.7,160439
531.8,160470
531.9,160503
532,160535
532.1,160567
532.2,160600
532.3,160632
532.4,160664
532.5,160697
532.6,160729
532.7,160761
532.8,160793
532.9,160826
533,160858
533.1,160890
533.2,160922
533.3,160955
533.4,160987
533.5,161020
533.6,161052
533.7,161084
533.8,161116
533.9,161148
534,161181
534.1,161213
534.2,161245
534.3,161277
534.4,161310
534.5,161342
534.6,161375
534.7,161407
534.8,161439
534.9,161471
535,161504
535.1,161536
535.2,161568
535.3,161601
535.4,161633
535.5,161665
535.6,161698
535.7,161730
535.8,161762
535.9,161794
536,161827
536.1,161859
536.2,161891
536.3,161924
536.4,161957
536.5,161988
536.6,162021
536.7,162053
536.8,162085
536.9,162118
537,162150
537.1,162183
537.2,162215
537.3,162247
537.4,162280
537.5,162312
537.6,162345
537.7,162377
537.8,162409
537.9,162441
538,162474
538.1,162506
538.2,162539
538.3,162571
538.4,162603
538.5,162636
538.6,162668
538.7,162700
538.8,162733
538.9,162765
539,162798
539.1,162830
539.2,162862
539.3,162895
539.4,162927
539.5,162959
539.6,162992
539.7,163024
539.8,163057
539.9,163089
540,163121
540.1,163154
540.2,163186
540.3,163218
540.4,163251
540.5,163284
540.6,163316
540.7,163348
540.8,163380
540.9,163413
541,163445
541.1,163478
541.2,163510
541.3,163543
541.4,163575
541.5,163607
541.6,163640
541.7,163673
541.8,163705
541.9,163737
542,163770
542.1,163802
542.2,163835
542.3,163867
542.4,163900
542.5,163932
542.6,163964
542.7,163997
542.8,164029
542.9,164061
543,164095
543.1,164127
543.2,164159
543.3,164191
543.4,164224
543.5,164256
543.6,164289
543.7,164321
543.8,164354
543.9,164386
544,164419
544.1,164451
544.2,164484
544.3,164516
544.4,164549
544.5,164581
544.6,164613
544.7,164646
544.8,164679
544.9,164711
545,164743
545.1,164776
545.2,164808
545.3,164841
545.4,164874
545.5,164906
545.6,164938
545.7,164971
545.8,165003
545.9,165036
546,165068
546.1,165101
546.2,165134
546.3,165166
546.4,165198
546.5,165231
546.6,165264
546.7,165296
546.8,165328
546.9,165361
547,165393
547.1,165426
547.2,165459
547.3,165491
547.4,165524
547.5,165556
547.6,165588
547.7,165621
547.8,165654
547.9,165686
548,165719
548.1,165751
548.2,165784
548.3,165816
548.4,165849
548.5,165881
548.6,165914
548.7,165946
548.8,165979
548.9,166012
549,166044
549.1,166077
549.2,166109
549.3,166142
549.4,166174
549.5,166207
549.6,166239
549.7,166272
549.8,166304
549.9,166337
550,166369
550.1,166402
550.2,166435
550.3,166467
550.4,166500
550.5,166532
550.6,166564
550.7,166597
550.8,166630
550.9,166663
551,166695
551.1,166727
551.2,166760
551.3,166793
551.4,166825
551.5,166858
551.6,166890
551.7,166923
551.8,166955
551.9,166988
552,167021
552.1,167053
552.2,167086
552.3,167118
552.4,167151
552.5,167183
552.6,167216
552.7,167249
552.8,167281
552.9,167314
553,167346
553.1,167379
553.2,167412
553.3,167444
553.4,167477
553.5,167509
553.6,167542
553.7,167574
553.8,167607
553.9,167640
554,167672
554.1,167705
554.2,167737
554.3,167770
554.4,167803
554.5,167835
554.6,167868
554.7,167900
554.8,167933
554.9,167965
555,167998
555.1,168031
555.2,168063
555.3,168096
555.4,168129
555.5,168161
555.6,168194
555.7,168226
555.8,168259
555.9,168292
556,168324
556.1,168357
556.2,168390
556.3,168422
556.4,168455
556.5,168487
556.6,168520
556.7,168553
556.8,168585
556.9,168618
557,168650
557.1,168683
557.2,168716
557.3,168748
557.4,168781
557.5,168813
557.6,168846
557.7,168879
557.8,168911
557.9,168944
558,168977
558.1,169009
558.2,169042
558.3,169074
558.4,169107
558.5,169140
558.6,169172
558.7,169205
558.8,169238
558.9,169271
559,169303
559.1,169336
559.2,169369
559.3,169401
559.4,169434
559.5,169467
559.6,169500
559.7,169532
559.8,169565
559.9,169598
560,169630
560.1,169663
560.2,169696
560.3,169728
560.4,169761
560.5,169794
560.6,169827
560.7,169859
560.8,169892
560.9,169925
561,169957
561.1,169990
561.2,170023
561.3,170056
561.4,170088
561.5,170121
561.6,170154
561.7,170187
561.8,170219
561.9,170252
562,170284
562.1,170317
562.2,170350
562.3,170383
562.4,170416
562.5,170448
562.6,170481
562.7,170514
562.8,170546
562.9,170579
563,170612
563.1,170644
563.2,170677
563.3,170710
563.4,170743
563.5,170776
563.6,170808
563.7,170841
563.8,170874
563.9,170906
564,170939
564.1,170972
564.2,171005
564.3,171037
564.4,171070
564.5,171103
564.6,171136
564.7,171169
564.8,171201
564.9,171234
565,171266
565.1,171299
565.2,171332
565.3,171365
565.4,171397
565.5,171430
565.6,171463
565.7,171496
565.8,171528
565.9,171561
566,171594
566.1,171626
566.2,171659
566.3,171692
566.4,171725
566.5,171758
566.6,171790
566.7,171823
566.8,171856
566.9,171889
567,171922
567.1,171955
567.2,171988
567.3,172020
567.4,172053
567.5,172086
567.6,172119
567.7,172151
567.8,172184
567.9,172217
568,172250
568.1,172282
568.2,172315
568.3,172348
568.4,172381
568.5,172414
568.6,172447
568.7,172480
568.8,172512
568.9,172545
569,172578
569.1,172611
569.2,172644
569.3,172676
569.4,172709
569.5,172742
569.6,172775
569.7,172808
569.8,172840
569.9,172873
570,172906
570.1,172939
570.2,172972
570.3,173004
570.4,173037
570.5,173070
570.6,173103
570.7,173136
570.8,173169
570.9,173201
571,173234
571.1,173267
571.2,173300
571.3,173333
571.4,173366
571.5,173398
571.6,173431
571.7,173464
571.8,173496
571.9,173529
572,173562
572.1,173595
572.2,173628
572.3,173661
572.4,173694
572.5,173727
572.6,173760
572.7,173793
572.8,173825
572.9,173858
573,173891
573.1,173924
573.2,173957
573.3,173990
573.4,174023
573.5,174056
573.6,174088
573.7,174122
573.8,174154
573.9,174188
574,174220
574.1,174253
574.2,174286
574.3,174319
574.4,174352
574.5,174385
574.6,174417
574.7,174450
574.8,174483
574.9,174516
575,174549
575.1,174582
575.2,174615
575.3,174648
575.4,174680
575.5,174713
575.6,174746
575.7,174779
575.8,174812
575.9,174845
576,174878
576.1,174910
576.2,174943
576.3,174976
576.4,175010
576.5,175042
576.6,175075
576.7,175108
576.8,175141
576.9,175174
577,175207
577.1,175240
577.2,175273
577.3,175306
577.4,175339
577.5,175372
577.6,175405
577.7,175438
577.8,175470
577.9,175504
578,175536
578.1,175570
578.2,175603
578.3,175636
578.4,175668
578.5,175701
578.6,175734
578.7,175767
578.8,175800
578.9,175833
579,175866
579.1,175899
579.2,175932
579.3,175965
579.4,175998
579.5,176031
579.6,176064
579.7,176096
579.8,176129
579.9,176162
580,176196
580.1,176228
580.2,176261
580.3,176294
580.4,176327
580.5,176360
580.6,176393
580.7,176426
580.8,176459
580.9,176492
581,176525
581.1,176558
581.2,176591
581.3,176624
581.4,176657
581.5,176690
581.6,176723
581.7,176756
581.8,176789
581.9,176822
582,176855
582.1,176888
582.2,176921
582.3,176954
582.4,176987
582.5,177020
582.6,177053
582.7,177086
582.8,177119
582.9,177152
583,177185
583.1,177218
583.2,177251
583.3,177284
583.4,177317
583.5,177350
583.6,177383
583.7,177416
583.8,177449
583.9,177482
584,177515
584.1,177548
584.2,177581
584.3,177614
584.4,177647
584.5,177680
584.6,177713
584.7,177746
584.8,177779
584.9,177812
585,177846
585.1,177878
585.2,177912
585.3,177945
585.4,177978
585.5,178011
585.6,178044
585.7,178077
585.8,178110
585.9,178143
586,178176
586.1,178209
586.2,178242
586.3,178275
586.4,178308
586.5,178341
586.6,178374
586.7,178407
586.8,178440
586.9,178473
587,178506
587.1,178539
587.2,178572
587.3,178605
587.4,178638
587.5,178672
587.6,178704
587.7,178738
587.8,178770
587.9,178804
588,178837
588.1,178870
588.2,178903
588.3,178936
588.4,178969
588.5,179002
588.6,179036
588.7,179069
588.8,179101
588.9,179134
589,179167
589.1,179201
589.2,179234
589.3,179267
589.4,179300
589.5,179333
589.6,179366
589.7,179399
589.8,179432
589.9,179465
590,179498
590.1,179531
590.2,179564
590.3,179597
590.4,179630
590.5,179664
590.6,179697
590.7,179730
590.8,179763
590.9,179796
591,179829
591.1,179862
591.2,179896
591.3,179929
591.4,179962
591.5,179995
591.6,180028
591.7,180061
591.8,180095
591.9,180128
592,180161
592.1,180194
592.2,180226
592.3,180260
592.4,180293
592.5,180326
592.6,180359
592.7,180392
592.8,180425
592.9,180459
593,180492
593.1,180525
593.2,180558
593.3,180591
593.4,180624
593.5,180657
593.6,180691
593.7,180724
593.8,180757
593.9,180790
594,180823
594.1,180856
594.2,180890
594.3,180923
594.4,180956
594.5,180989
594.6,181022
594.7,181055
594.8,181089
594.9,181122
595,181155
595.1,181188
595.2,181221
595.3,181254
595.4,181287
595.5,181321
595.6,181354
595.7,181387
595.8,181420
595.9,181453
596,181486
596.1,181520
596.2,181553
596.3,181586
596.4,181619
596.5,181652
596.6,181685
596.7,181719
596.8,181752
596.9,181785
597,181818
597.1,181851
597.2,181884
597.3,181918
597.4,181951
597.5,181984
597.6,182017
597.7,182050
597.8,182083
597.9,182117
598,182150
598.1,182183
598.2,182216
598.3,182249
598.4,182283
598.5,182316
598.6,182349
598.7,182382
598.8,182415
598.9,182449
599,182482
599.1,182515
599.2,182548
599.3,182582
599.4,182615
599.5,182648
599.6,182681
599.7,182715
599.8,182748
599.9,182781
600,182814
600.1,182847
600.2,182880
600.3,182914
600.4,182947
600.5,182980
600.6,183014
600.7,183047
600.8,183080
600.9,183113
601,183147
601.1,183180
601.2,183213
601.3,183246
601.4,183280
601.5,183313
601.6,183346
601.7,183379
601.8,183413
601.9,183446
602,183479
602.1,183512
602.2,183546
602.3,183579
602.4,183612
602.5,183645
602.6,183678
602.7,183712
602.8,183745
602.9,183778
603,183812
603.1,183845
603.2,183878
603.3,183911
603.4,183945
603.5,183978
603.6,184011
603.7,184045
603.8,184078
603.9,184111
604,184144
604.1,184178
604.2,184211
604.3,184245
604.4,184278
604.5,184311
604.6,184344
604.7,184377
604.8,184410
604.9,184444
605,184477
605.1,184510
605.2,184543
605.3,184577
605.4,184610
605.5,184644
605.6,184677
605.7,184710
605.8,184743
605.9,184777
606,184810
606.1,184843
606.2,184877
606.3,184910
606.4,184943
606.5,184977
606.6,185010
606.7,185043
606.8,185077
606.9,185110
607,185143
607.1,185176
607.2,185209
607.3,185243
607.4,185276
607.5,185310
607.6,185343
607.7,185376
607.8,185410
607.9,185443
608,185476
608.1,185510
608.2,185543
608.3,185576
608.4,185610
608.5,185643
608.6,185676
608.7,185710
608.8,185743
608.9,185776
609,185809
609.1,185843
609.2,185876
609.3,185910
609.4,185943
609.5,185976
609.6,186010
609.7,186043
609.8,186077
609.9,186110
610,186143
610.1,186177
610.2,186210
610.3,186243
610.4,186277
610.5,186310
610.6,186344
610.7,186377
610.8,186410
610.9,186443
611,186477
611.1,186510
611.2,186544
611.3,186577
611.4,186610
611.5,186643
611.6,186677
611.7,186710
611.8,186744
611.9,186777
612,186810
612.1,186844
612.2,186877
612.3,186910
612.4,186944
612.5,186977
612.6,187010
612.7,187044
612.8,187077
612.9,187110
613,187144
613.1,187178
613.2,187211
613.3,187244
613.4,187277
613.5,187311
613.6,187344
613.7,187378
613.8,187411
613.9,187445
614,187478
614.1,187511
614.2,187545
614.3,187578
614.4,187612
614.5,187645
614.6,187678
614.7,187712
614.8,187745
614.9,187778
615,187812
615.1,187845
615.2,187878
615.3,187912
615.4,187945
615.5,187979
615.6,188012
615.7,188046
615.8,188079
615.9,188112
616,188146
616.1,188179
616.2,188213
616.3,188246
616.4,188279
616.5,188313
616.6,188346
616.7,188380
616.8,188413
616.9,188447
617,188480
617.1,188513
617.2,188547
617.3,188580
617.4,188614
617.5,188647
617.6,188681
617.7,188714
617.8,188747
617.9,188781
618,188814
618.1,188848
618.2,188881
618.3,188914
618.4,188948
618.5,188982
618.6,189015
618.7,189048
618.8,189082
618.9,189115
619,189149
619.1,189182
619.2,189216
619.3,189249
619.4,189283
619.5,189317
619.6,189350
619.7,189383
619.8,189416
619.9,189450
620,189483
620.1,189517
620.2,189550
620.3,189583
620.4,189617
620.5,189651
620.6,189684
620.7,189718
620.8,189751
620.9,189785
621,189818
621.1,189852
621.2,189885
621.3,189919
621.4,189952
621.5,189986
621.6,190019
621.7,190052
621.8,190086
621.9,190120
622,190153
622.1,190187
622.2,190220
622.3,190253
622.4,190287
622.5,190320
622.6,190354
622.7,190388
622.8,190421
622.9,190454
623,190488
623.1,190522
623.2,190555
623.3,190589
623.4,190622
623.5,190655
623.6,190689
623.7,190722
623.8,190756
623.9,190789
624,190823
624.1,190857
624.2,190890
624.3,190924
624.4,190957
624.5,190991
624.6,191025
624.7,191058
624.8,191091
624.9,191125
625,191158
625.1,191192
625.2,191226
625.3,191259
625.4,191292
625.5,191326
625.6,191359
625.7,191393
625.8,191427
625.9,191460
626,191494
626.1,191527
626.2,191561
626.3,191594
626.4,191628
626.5,191662
626.6,191695
626.7,191728
626.8,191762
626.9,191795
627,191829
627.1,191863
627.2,191896
627.3,191929
627.4,191963
627.5,191996
627.6,192030
627.7,192064
627.8,192097
627.9,192131
628,192164
628.1,192198
628.2,192231
628.3,192265
628.4,192298
628.5,192332
628.6,192366
628.7,192399
628.8,192432
628.9,192466
629,192500
629.1,192533
629.2,192567
629.3,192600
629.4,192634
629.5,192667
629.6,192701
629.7,192735
629.8,192768
629.9,192801
630,192835
630.1,192869
630.2,192902
630.3,192936
630.4,192970
630.5,193003
630.6,193037
630.7,193070
630.8,193104
630.9,193137
631,193171
631.1,193205
631.2,193238
631.3,193272
631.4,193305
631.5,193339
631.6,193373
631.7,193406
631.8,193440
631.9,193473
632,193507
632.1,193540
632.2,193574
632.3,193608
632.4,193641
632.5,193675
632.6,193708
632.7,193742
632.8,193775
632.9,193809
633,193843
633.1,193876
633.2,193910
633.3,193943
633.4,193977
633.5,194011
633.6,194045
633.7,194078
633.8,194111
633.9,194145
634,194179
634.1,194212
634.2,194246
634.3,194280
634.4,194313
634.5,194347
634.6,194380
634.7,194414
634.8,194448
634.9,194482
635,194515
635.1,194549
635.2,194582
635.3,194616
635.4,194650
635.5,194684
635.6,194717
635.7,194751
635.8,194784
635.9,194818
636,194851
636.1,194885
636.2,194919
636.3,194953
636.4,194986
636.5,195020
636.6,195053
636.7,195087
636.8,195121
636.9,195154
637,195188
637.1,195222
637.2,195255
637.3,195289
637.4,195323
637.5,195356
637.6,195390
637.7,195423
637.8,195457
637.9,195491
638,195525
638.1,195558
638.2,195592
638.3,195625
638.4,195659
638.5,195693
638.6,195727
638.7,195760
638.8,195794
638.9,195827
639,195861
639.1,195895
639.2,195929
639.3,195962
639.4,195996
639.5,196029
639.6,196063
639.7,196097
639.8,196130
639.9,196164
640,196198
640.1,196232
640.2,196265
640.3,196299
640.4,196332
640.5,196366
640.6,196400
640.7,196434
640.8,196468
640.9,196501
641,196535
641.1,196568
641.2,196602
641.3,196636
641.4,196670
641.5,196703
641.6,196737
641.7,196771
641.8,196804
641.9,196838
642,196872
642.1,196906
642.2,196939
642.3,196973
642.4,197007
642.5,197040
642.6,197074
642.7,197108
642.8,197141
642.9,197175
643,197209
643.1,197243
643.2,197276
643.3,197310
643.4,197344
643.5,197378
643.6,197411
643.7,197445
643.8,197478
643.9,197513
644,197546
644.1,197580
644.2,197613
644.3,197647
644.4,197681
644.5,197715
644.6,197749
644.7,197782
644.8,197816
644.9,197849
645,197883
645.1,197917
645.2,197951
645.3,197985
645.4,198018
645.5,198052
645.6,198086
645.7,198120
645.8,198153
645.9,198187
646,198221
646.1,198255
646.2,198288
646.3,198322
646.4,198356
646.5,198390
646.6,198423
646.7,198457
646.8,198490
646.9,198524
647,198558
647.1,198592
647.2,198626
647.3,198660
647.4,198694
647.5,198727
647.6,198761
647.7,198794
647.8,198829
647.9,198862
648,198896
648.1,198929
648.2,198963
648.3,198997
648.4,199031
648.5,199065
648.6,199099
648.7,199132
648.8,199166
648.9,199200
649,199234
649.1,199267
649.2,199301
649.3,199335
649.4,199368
649.5,199402
649.6,199436
649.7,199470
649.8,199504
649.9,199537
650,199571
650.1,199605
650.2,199639
650.3,199673
650.4,199707
650.5,199740
650.6,199774
650.7,199807
650.8,199841
650.9,199875
651,199909
651.1,199943
651.2,199977
651.3,200010
651.4,200044
651.5,200078
651.6,200112
651.7,200146
651.8,200180
651.9,200213
652,200247
652.1,200281
652.2,200315
652.3,200349
652.4,200383
652.5,200416
652.6,200450
652.7,200484
652.8,200518
652.9,200551
653,200586
653.1,200619
653.2,200653
653.3,200687
653.4,200721
653.5,200754
653.6,200789
653.7,200822
653.8,200856
653.9,200890
654,200924
654.1,200958
654.2,200991
654.3,201025
654.4,201059
654.5,201093
654.6,201127
654.7,201161
654.8,201194
654.9,201228
655,201262
655.1,201296
655.2,201330
655.3,201364
655.4,201397
655.5,201431
655.6,201465
655.7,201499
655.8,201533
655.9,201566
656,201600
656.1,201634
656.2,201668
656.3,201702
656.4,201736
656.5,201769
656.6,201803
656.7,201837
656.8,201871
656.9,201905
657,201939
657.1,201973
657.2,202006
657.3,202040
657.4,202074
657.5,202108
657.6,202142
657.7,202176
657.8,202210
657.9,202244
658,202277
658.1,202311
658.2,202345
658.3,202379
658.4,202413
658.5,202447
658.6,202481
658.7,202514
658.8,202549
658.9,202583
659,202616
659.1,202650
659.2,202684
659.3,202718
659.4,202752
659.5,202786
659.6,202820
659.7,202854
659.8,202887
659.9,202921
660,202955
660.1,202989
660.2,203023
660.3,203057
660.4,203091
660.5,203124
660.6,203158
660.7,203192
660.8,203226
660.9,203260
661,203294
661.1,203328
661.2,203362
661.3,203396
661.4,203430
661.5,203463
661.6,203498
661.7,203531
661.8,203565
661.9,203599
662,203633
662.1,203667
662.2,203701
662.3,203735
662.4,203769
662.5,203803
662.6,203836
662.7,203870
662.8,203904
662.9,203938
663,203972
663.1,204006
663.2,204040
663.3,204074
663.4,204107
663.5,204142
663.6,204176
663.7,204209
663.8,204243
663.9,204277
664,204311
664.1,204345
664.2,204379
664.3,204413
664.4,204447
664.5,204481
664.6,204515
664.7,204549
664.8,204583
664.9,204617
665,204651
665.1,204684
665.2,204718
665.3,204752
665.4,204786
665.5,204820
665.6,204854
665.7,204888
665.8,204922
665.9,204956
666,204990
666.1,205024
666.2,205058
666.3,205092
666.4,205126
666.5,205160
666.6,205194
666.7,205228
666.8,205262
666.9,205296
667,205330
667.1,205363
667.2,205397
667.3,205431
667.4,205465
667.5,205500
667.6,205534
667.7,205567
667.8,205601
667.9,205635
668,205669
668.1,205703
668.2,205737
668.3,205771
668.4,205805
668.5,205839
668.6,205873
668.7,205907
668.8,205941
668.9,205975
669,206009
669.1,206043
669.2,206076
669.3,206110
669.4,206144
669.5,206178
669.6,206213
669.7,206247
669.8,206280
669.9,206315
670,206348
670.1,206382
670.2,206417
670.3,206450
670.4,206484
670.5,206518
670.6,206552
670.7,206586
670.8,206620
670.9,206654
671,206688
671.1,206722
671.2,206756
671.3,206790
671.4,206824
671.5,206858
671.6,206892
671.7,206926
671.8,206960
671.9,206994
672,207028
672.1,207062
672.2,207096
672.3,207130
672.4,207164
672.5,207198
672.6,207232
672.7,207266
672.8,207300
672.9,207334
673,207368
673.1,207402
673.2,207436
673.3,207470
673.4,207504
673.5,207538
673.6,207572
673.7,207606
673.8,207640
673.9,207674
674,207708
674.1,207742
674.2,207776
674.3,207810
674.4,207844
674.5,207878
674.6,207912
674.7,207946
674.8,207980
674.9,208014
675,208048
675.1,208082
675.2,208116
675.3,208150
675.4,208184
675.5,208218
675.6,208252
675.7,208286
675.8,208320
675.9,208354
676,208388
676.1,208422
676.2,208457
676.3,208491
676.4,208525
676.5,208559
676.6,208593
676.7,208627
676.8,208661
676.9,208695
677,208729
677.1,208763
677.2,208797
677.3,208831
677.4,208865
677.5,208899
677.6,208933
677.7,208967
677.8,209001
677.9,209035
678,209069
678.1,209103
678.2,209138
678.3,209172
678.4,209206
678.5,209240
678.6,209274
678.7,209308
678.8,209342
678.9,209376
679,209410
679.1,209444
679.2,209478
679.3,209512
679.4,209546
679.5,209580
679.6,209614
679.7,209648
679.8,209682
679.9,209716
680,209750
680.1,209784
680.2,209819
680.3,209853
680.4,209887
680.5,209921
680.6,209955
680.7,209989
680.8,210023
680.9,210057
681,210092
681.1,210126
681.2,210159
681.3,210193
681.4,210228
681.5,210262
681.6,210296
681.7,210330
681.8,210364
681.9,210398
682,210432
682.1,210466
682.2,210500
682.3,210535
682.4,210568
682.5,210603
682.6,210636
682.7,210670
682.8,210705
682.9,210739
683,210773
683.1,210807
683.2,210841
683.3,210875
683.4,210909
683.5,210944
683.6,210978
683.7,211012
683.8,211046
683.9,211080
684,211114
684.1,211148
684.2,211182
684.3,211217
684.4,211250
684.5,211284
684.6,211319
684.7,211353
684.8,211387
684.9,211421
685,211455
685.1,211489
685.2,211523
685.3,211557
685.4,211591
685.5,211626
685.6,211660
685.7,211694
685.8,211728
685.9,211762
686,211796
686.1,211830
686.2,211864
686.3,211899
686.4,211933
686.5,211967
686.6,212001
686.7,212035
686.8,212069
686.9,212103
687,212137
687.1,212171
687.2,212205
687.3,212240
687.4,212274
687.5,212308
687.6,212342
687.7,212376
687.8,212410
687.9,212444
688,212478
688.1,212513
688.2,212547
688.3,212581
688.4,212615
688.5,212649
688.6,212683
688.7,212718
688.8,212751
688.9,212786
689,212820
689.1,212854
689.2,212888
689.3,212922
689.4,212957
689.5,212991
689.6,213025
689.7,213059
689.8,213093
689.9,213127
690,213161
690.1,213195
690.2,213230
690.3,213264
690.4,213298
690.5,213332
690.6,213366
690.7,213400
690.8,213434
690.9,213469
691,213503
691.1,213537
691.2,213571
691.3,213605
691.4,213639
691.5,213674
691.6,213708
691.7,213742
691.8,213776
691.9,213810
692,213845
692.1,213879
692.2,213913
692.3,213947
692.4,213982
692.5,214016
692.6,214050
692.7,214084
692.8,214118
692.9,214152
693,214187
693.1,214221
693.2,214255
693.3,214289
693.4,214323
693.5,214357
693.6,214391
693.7,214426
693.8,214460
693.9,214494
694,214528
694.1,214562
694.2,214596
694.3,214631
694.4,214665
694.5,214699
694.6,214733
694.7,214767
694.8,214802
694.9,214836
695,214870
695.1,214904
695.2,214939
695.3,214973
695.4,215007
695.5,215041
695.6,215075
695.7,215109
695.8,215144
695.9,215178
696,215212
696.1,215246
696.2,215280
696.3,215315
696.4,215349
696.5,215383
696.6,215417
696.7,215451
696.8,215485
696.9,215520
697,215554
697.1,215588
697.2,215623
697.3,215656
697.4,215691
697.5,215725
697.6,215759
697.7,215793
697.8,215828
697.9,215862
698,215896
698.1,215930
698.2,215964
698.3,215998
698.4,216033
698.5,216067
698.6,216102
698.7,216136
698.8,216170
698.9,216204
699,216238
699.1,216272
699.2,216307
699.3,216341
699.4,216375
699.5,216409
699.6,216443
699.7,216478
699.8,216512
699.9,216546
700,216581
700.1,216615
700.2,216649
700.3,216683
700.4,216717
700.5,216752
700.6,216786
700.7,216820
700.8,216854
700.9,216889
701,216923
701.1,216957
701.2,216991
701.3,217026
701.4,217060
701.5,217094
701.6,217128
701.7,217163
701.8,217197
701.9,217231
702,217265
702.1,217300
702.2,217334
702.3,217368
702.4,217402
702.5,217437
702.6,217471
702.7,217505
702.8,217539
702.9,217574
703,217608
703.1,217642
703.2,217676
703.3,217710
703.4,217745
703.5,217779
703.6,217813
703.7,217847
703.8,217882
703.9,217916
704,217950
704.1,217985
704.2,218019
704.3,218053
704.4,218087
704.5,218122
704.6,218156
704.7,218190
704.8,218225
704.9,218259
705,218293
705.1,218327
705.2,218361
705.3,218396
705.4,218430
705.5,218465
705.6,218498
705.7,218533
705.8,218567
705.9,218602
706,218636
706.1,218670
706.2,218705
706.3,218739
706.4,218773
706.5,218807
706.6,218842
706.7,218876
706.8,218910
706.9,218944
707,218978
707.1,219013
707.2,219047
707.3,219081
707.4,219116
707.5,219150
707.6,219184
707.7,219218
707.8,219252
707.9,219287
708,219321
708.1,219355
708.2,219390
708.3,219424
708.4,219458
708.5,219492
708.6,219527
708.7,219561
708.8,219595
708.9,219630
709,219664
709.1,219698
709.2,219733
709.3,219767
709.4,219801
709.5,219835
709.6,219870
709.7,219904
709.8,219938
709.9,219972
710,220007
710.1,220041
710.2,220076
710.3,220110
710.4,220144
710.5,220178
710.6,220212
710.7,220247
710.8,220281
710.9,220315
711,220350
711.1,220384
711.2,220419
711.3,220453
711.4,220487
711.5,220521
711.6,220556
711.7,220590
711.8,220624
711.9,220659
712,220693
712.1,220727
712.2,220762
712.3,220796
712.4,220831
712.5,220865
712.6,220899
712.7,220933
712.8,220968
712.9,221002
713,221036
713.1,221071
713.2,221105
713.3,221139
713.4,221174
713.5,221208
713.6,221242
713.7,221277
713.8,221311
713.9,221345
714,221380
714.1,221414
714.2,221448
714.3,221483
714.4,221517
714.5,221552
714.6,221586
714.7,221620
714.8,221654
714.9,221689
715,221723
715.1,221758
715.2,221792
715.3,221826
715.4,221860
715.5,221895
715.6,221929
715.7,221963
715.8,221998
715.9,222033
716,222067
716.1,222101
716.2,222135
716.3,222170
716.4,222204
716.5,222239
716.6,222273
716.7,222308
716.8,222342
716.9,222376
717,222410
717.1,222445
717.2,222479
717.3,222514
717.4,222548
717.5,222582
717.6,222617
717.7,222651
717.8,222685
717.9,222720
718,222754
718.1,222789
718.2,222823
718.3,222857
718.4,222892
718.5,222926
718.6,222961
718.7,222995
718.8,223029
718.9,223064
719,223098
719.1,223133
719.2,223167
719.3,223201
719.4,223236
719.5,223270
719.6,223304
719.7,223339
719.8,223373
719.9,223407
720,223442
720.1,223477
720.2,223511
720.3,223545
720.4,223579
720.5,223614
720.6,223648
720.7,223683
720.8,223717
720.9,223751
721,223786
721.1,223820
721.2,223854
721.3,223889
721.4,223923
721.5,223958
721.6,223992
721.7,224027
721.8,224061
721.9,224095
722,224130
722.1,224165
722.2,224199
722.3,224233
722.4,224268
722.5,224302
722.6,224336
722.7,224371
722.8,224405
722.9,224440
723,224474
723.1,224508
723.2,224543
723.3,224577
723.4,224612
723.5,224646
723.6,224681
723.7,224715
723.8,224749
723.9,224784
724,224818
724.1,224853
724.2,224887
724.3,224922
724.4,224956
724.5,224990
724.6,225025
724.7,225059
724.8,225093
724.9,225128
725,225163
725.1,225197
725.2,225231
725.3,225266
725.4,225300
725.5,225335
725.6,225369
725.7,225404
725.8,225438
725.9,225472
726,225507
726.1,225541
726.2,225575
726.3,225610
726.4,225645
726.5,225679
726.6,225713
726.7,225747
726.8,225782
726.9,225816
727,225851
727.1,225886
727.2,225920
727.3,225954
727.4,225988
727.5,226023
727.6,226057
727.7,226092
727.8,226126
727.9,226161
728,226195
728.1,226229
728.2,226264
728.3,226298
728.4,226332
728.5,226367
728.6,226401
728.7,226436
728.8,226470
728.9,226505
729,226539
729.1,226574
729.2,226608
729.3,226643
729.4,226677
729.5,226711
729.6,226746
729.7,226780
729.8,226815
729.9,226849
730,226884
730.1,226918
730.2,226952
730.3,226987
730.4,227021
730.5,227056
730.6,227090
730.7,227125
730.8,227159
730.9,227194
731,227228
731.1,227262
731.2,227297
731.3,227331
731.4,227366
731.5,227400
731.6,227434
731.7,227469
731.8,227503
731.9,227538
732,227572
732.1,227606
732.2,227641
732.3,227675
732.4,227710
732.5,227744
732.6,227779
732.7,227814
732.8,227848
732.9,227882
733,227916
733.1,227951
733.2,227985
733.3,228020
733.4,228055
733.5,228089
733.6,228123
733.7,228157
733.8,228192
733.9,228227
734,228261
734.1,228296
734.2,228330
734.3,228365
734.4,228399
734.5,228433
734.6,228468
734.7,228503
734.8,228537
734.9,228572
735,228606
735.1,228641
735.2,228675
735.3,228709
735.4,228744
735.5,228778
735.6,228813
735.7,228847
735.8,228882
735.9,228916
736,228951
736.1,228985
736.2,229020
736.3,229054
736.4,229089
736.5,229123
736.6,229157
736.7,229192
736.8,229226
736.9,229261
737,229296
737.1,229330
737.2,229364
737.3,229399
737.4,229433
737.5,229468
737.6,229502
737.7,229537
737.8,229572
737.9,229606
738,229640
738.1,229674
738.2,229709
738.3,229744
738.4,229778
738.5,229813
738.6,229847
738.7,229881
738.8,229916
738.9,229950
739,229985
739.1,230019
739.2,230054
739.3,230089
739.4,230123
739.5,230157
739.6,230192
739.7,230226
739.8,230261
739.9,230296
740,230330
740.1,230364
740.2,230399
740.3,230434
740.4,230468
740.5,230502
740.6,230537
740.7,230572
740.8,230606
740.9,230640
741,230675
741.1,230709
741.2,230744
741.3,230779
741.4,230813
741.5,230847
741.6,230882
741.7,230916
741.8,230951
741.9,230986
742,231021
742.1,231054
742.2,231089
742.3,231123
742.4,231158
742.5,231192
742.6,231227
742.7,231262
742.8,231297
742.9,231331
743,231365
743.1,231399
743.2,231434
743.3,231468
743.4,231503
743.5,231538
743.6,231572
743.7,231607
743.8,231641
743.9,231676
744,231710
744.1,231745
744.2,231780
744.3,231814
744.4,231849
744.5,231883
744.6,231918
744.7,231952
744.8,231986
744.9,232021
745,232056
745.1,232090
745.2,232125
745.3,232159
745.4,232194
745.5,232228
745.6,232263
745.7,232297
745.8,232332
745.9,232366
746,232401
746.1,232435
746.2,232470
746.3,232505
746.4,232539
746.5,232573
746.6,232608
746.7,232642
746.8,232677
746.9,232712
747,232746
747.1,232781
747.2,232815
747.3,232850
747.4,232884
747.5,232919
747.6,232953
747.7,232988
747.8,233023
747.9,233057
748,233092
748.1,233126
748.2,233161
748.3,233195
748.4,233230
748.5,233265
748.6,233299
748.7,233334
748.8,233368
748.9,233402
749,233437
749.1,233471
749.2,233506
749.3,233541
749.4,233576
749.5,233610
749.6,233644
749.7,233679
749.8,233713
749.9,233748
750,233782
750.1,233817
750.2,233851
750.3,233886
750.4,233921
750.5,233955
750.6,233990
750.7,234024
750.8,234059
750.9,234093
751,234128
751.1,234162
751.2,234197
751.3,234232
751.4,234266
751.5,234301
751.6,234335
751.7,234370
751.8,234404
751.9,234439
752,234474
752.1,234508
752.2,234543
752.3,234577
752.4,234611
752.5,234646
752.6,234680
752.7,234715
752.8,234750
752.9,234785
753,234819
753.1,234853
753.2,234888
753.3,234922
753.4,234957
753.5,234992
753.6,235026
753.7,235061
753.8,235096
753.9,235130
754,235164
754.1,235199
754.2,235234
754.3,235268
754.4,235303
754.5,235338
754.6,235372
754.7,235406
754.8,235441
754.9,235476
755,235510
755.1,235545
755.2,235579
755.3,235614
755.4,235649
755.5,235683
755.6,235718
755.7,235752
755.8,235787
755.9,235821
756,235856
756.1,235891
756.2,235925
756.3,235960
756.4,235994
756.5,236029
756.6,236063
756.7,236098
756.8,236132
756.9,236167
757,236202
757.1,236237
757.2,236271
757.3,236305
757.4,236340
757.5,236374
757.6,236409
757.7,236443
757.8,236478
757.9,236513
758,236548
758.1,236582
758.2,236616
758.3,236651
758.4,236686
758.5,236720
758.6,236755
758.7,236790
758.8,236824
758.9,236859
759,236893
759.1,236928
759.2,236963
759.3,236997
759.4,237032
759.5,237067
759.6,237101
759.7,237135
759.8,237170
759.9,237205
760,237239
760.1,237274
760.2,237309
760.3,237343
760.4,237378
760.5,237412
760.6,237447
760.7,237481
760.8,237516
760.9,237551
761,237585
761.1,237620
761.2,237655
761.3,237689
761.4,237724
761.5,237758
761.6,237793
761.7,237828
761.8,237862
761.9,237897
762,237932
762.1,237966
762.2,238001
762.3,238035
762.4,238070
762.5,238104
762.6,238139
762.7,238174
762.8,238208
762.9,238243
763,238277
763.1,238312
763.2,238347
763.3,238381
763.4,238416
763.5,238450
763.6,238485
763.7,238520
763.8,238554
763.9,238589
764,238623
764.1,238658
764.2,238693
764.3,238727
764.4,238762
764.5,238797
764.6,238831
764.7,238866
764.8,238900
764.9,238935
765,238969
765.1,239004
765.2,239039
765.3,239074
765.4,239108
765.5,239143
765.6,239178
765.7,239212
765.8,239247
765.9,239282
766,239317
766.1,239351
766.2,239385
766.3,239420
766.4,239454
766.5,239489
766.6,239524
766.7,239559
766.8,239593
766.9,239628
767,239662
767.1,239697
767.2,239731
767.3,239766
767.4,239801
767.5,239836
767.6,239870
767.7,239905
767.8,239940
767.9,239974
768,240009
768.1,240043
768.2,240078
768.3,240113
768.4,240147
768.5,240182
768.6,240217
768.7,240251
768.8,240286
768.9,240320
769,240355
769.1,240389
769.2,240424
769.3,240459
769.4,240493
769.5,240528
769.6,240563
769.7,240597
769.8,240632
769.9,240667
770,240701
770.1,240736
770.2,240771
770.3,240806
770.4,240840
770.5,240875
770.6,240909
770.7,240943
770.8,240978
770.9,241013
771,241048
771.1,241083
771.2,241117
771.3,241152
771.4,241186
771.5,241221
771.6,241255
771.7,241290
771.8,241325
771.9,241360
772,241394
772.1,241428
772.2,241463
772.3,241498
772.4,241532
772.5,241567
772.6,241602
772.7,241637
772.8,241671
772.9,241706
773,241741
773.1,241775
773.2,241810
773.3,241845
773.4,241879
773.5,241914
773.6,241949
773.7,241983
773.8,242018
773.9,242053
774,242087
774.1,242122
774.2,242157
774.3,242191
774.4,242226
774.5,242260
774.6,242295
774.7,242330
774.8,242365
774.9,242399
775,242434
775.1,242469
775.2,242503
775.3,242538
775.4,242573
775.5,242607
775.6,242642
775.7,242677
775.8,242711
775.9,242746
776,242781
776.1,242815
776.2,242850
776.3,242885
776.4,242919
776.5,242954
776.6,242989
776.7,243023
776.8,243058
776.9,243093
777,243127
777.1,243162
777.2,243196
777.3,243231
777.4,243266
777.5,243301
777.6,243335
777.7,243370
777.8,243405
777.9,243439
778,243474
778.1,243508
778.2,243543
778.3,243578
778.4,243613
778.5,243647
778.6,243682
778.7,243717
778.8,243751
778.9,243786
779,243821
779.1,243855
779.2,243890
779.3,243925
779.4,243959
779.5,243994
779.6,244029
779.7,244063
779.8,244098
779.9,244133
780,244167
780.1,244202
780.2,244237
780.3,244271
780.4,244306
780.5,244340
780.6,244375
780.7,244410
780.8,244445
780.9,244480
781,244514
781.1,244549
781.2,244583
781.3,244618
781.4,244653
781.5,244688
781.6,244723
781.7,244757
781.8,244792
781.9,244826
782,244861
782.1,244896
782.2,244931
782.3,244966
782.4,245001
782.5,245035
782.6,245070
782.7,245104
782.8,245139
782.9,245174
783,245208
783.1,245243
783.2,245278
783.3,245312
783.4,245347
783.5,245382
783.6,245416
783.7,245451
783.8,245486
783.9,245521
784,245556
784.1,245590
784.2,245625
784.3,245659
784.4,245694
784.5,245729
784.6,245764
784.7,245799
784.8,245834
784.9,245868
785,245903
785.1,245937
785.2,245972
785.3,246007
785.4,246042
785.5,246076
785.6,246111
785.7,246146
785.8,246180
785.9,246215
786,246250
786.1,246285
786.2,246319
786.3,246354
786.4,246389
786.5,246423
786.6,246458
786.7,246493
786.8,246528
786.9,246562
787,246597
787.1,246632
787.2,246666
787.3,246701
787.4,246736
787.5,246770
787.6,246805
787.7,246840
787.8,246875
787.9,246909
788,246944
788.1,246979
788.2,247014
788.3,247048
788.4,247083
788.5,247118
788.6,247152
788.7,247187
788.8,247222
788.9,247256
789,247291
789.1,247326
789.2,247361
789.3,247395
789.4,247430
789.5,247465
789.6,247500
789.7,247534
789.8,247569
789.9,247604
790,247638
790.1,247673
790.2,247708
790.3,247742
790.4,247777
790.5,247812
790.6,247847
790.7,247882
790.8,247916
790.9,247951
791,247986
791.1,248020
791.2,248056
791.3,248090
791.4,248125
791.5,248159
791.6,248194
791.7,248229
791.8,248263
791.9,248298
792,248333
792.1,248368
792.2,248403
792.3,248437
792.4,248472
792.5,248507
792.6,248542
792.7,248576
792.8,248611
792.9,248646
793,248680
793.1,248715
793.2,248749
793.3,248784
793.4,248819
793.5,248854
793.6,248889
793.7,248924
793.8,248958
793.9,248993
794,249028
794.1,249062
794.2,249097
794.3,249132
794.4,249167
794.5,249202
794.6,249237
794.7,249271
794.8,249306
794.9,249340
795,249375
795.1,249410
795.2,249445
795.3,249479
795.4,249514
795.5,249549
795.6,249583
795.7,249618
795.8,249653
795.9,249688
796,249723
796.1,249757
796.2,249792
796.3,249826
796.4,249861
796.5,249896
796.6,249931
796.7,249966
796.8,250001
796.9,250035
797,250070
797.1,250104
797.2,250139
797.3,250174
797.4,250209
797.5,250244
797.6,250278
797.7,250313
797.8,250347
797.9,250382
798,250417
798.1,250452
798.2,250486
798.3,250522
798.4,250556
798.5,250590
798.6,250625
798.7,250660
798.8,250695
798.9,250730
799,250765
799.1,250799
799.2,250834
799.3,250868
799.4,250903
799.5,250938
799.6,250973
799.7,251007
799.8,251043
799.9,251077
800,251112
800.1,251146
800.2,251181
800.3,251216
800.4,251250
800.5,251286
800.6,251321
800.7,251355
800.8,251390
800.9,251425
801,251459
801.1,251494
801.2,251529
801.3,251564
801.4,251599
801.5,251634
801.6,251668
801.7,251703
801.8,251737
801.9,251772
802,251807
802.1,251842
802.2,251877
802.3,251912
802.4,251946
802.5,251981
802.6,252015
802.7,252050
802.8,252085
802.9,252120
803,252155
803.1,252189
803.2,252224
803.3,252259
803.4,252293
803.5,252328
803.6,252363
803.7,252398
803.8,252433
803.9,252468
804,252502
804.1,252537
804.2,252571
804.3,252606
804.4,252641
804.5,252676
804.6,252711
804.7,252745
804.8,252780
804.9,252815
805,252849
805.1,252884
805.2,252919
805.3,252954
805.4,252989
805.5,253023
805.6,253058
805.7,253093
805.8,253127
805.9,253162
806,253197
806.1,253232
806.2,253267
806.3,253302
806.4,253336
806.5,253371
806.6,253406
806.7,253441
806.8,253476
806.9,253510
807,253545
807.1,253580
807.2,253614
807.3,253649
807.4,253684
807.5,253719
807.6,253754
807.7,253788
807.8,253823
807.9,253857
808,253892
808.1,253927
808.2,253962
808.3,253997
808.4,254032
808.5,254066
808.6,254101
808.7,254135
808.8,254170
808.9,254205
809,254240
809.1,254275
809.2,254310
809.3,254345
809.4,254379
809.5,254414
809.6,254449
809.7,254483
809.8,254518
809.9,254553
810,254588
810.1,254623
810.2,254658
810.3,254692
810.4,254727
810.5,254762
810.6,254797
810.7,254831
810.8,254866
810.9,254901
811,254936
811.1,254970
811.2,255005
811.3,255040
811.4,255075
811.5,255110
811.6,255144
811.7,255179
811.8,255214
811.9,255249
812,255284
812.1,255318
812.2,255353
812.3,255388
812.4,255423
812.5,255457
812.6,255492
812.7,255527
812.8,255562
812.9,255596
813,255631
813.1,255666
813.2,255701
813.3,255736
813.4,255770
813.5,255805
813.6,255840
813.7,255875
813.8,255910
813.9,255944
814,255979
814.1,256014
814.2,256048
814.3,256083
814.4,256118
814.5,256153
814.6,256187
814.7,256222
814.8,256257
814.9,256292
815,256327
815.1,256362
815.2,256396
815.3,256431
815.4,256466
815.5,256501
815.6,256535
815.7,256570
815.8,256605
815.9,256639
816,256674
816.1,256709
816.2,256744
816.3,256779
816.4,256813
816.5,256848
816.6,256883
816.7,256918
816.8,256953
816.9,256987
817,257022
817.1,257057
817.2,257092
817.3,257127
817.4,257161
817.5,257196
817.6,257231
817.7,257266
817.8,257301
817.9,257336
818,257370
818.1,257405
818.2,257440
818.3,257475
818.4,257510
818.5,257544
818.6,257579
818.7,257614
818.8,257648
818.9,257683
819,257718
819.1,257753
819.2,257788
819.3,257822
819.4,257857
819.5,257892
819.6,257926
819.7,257961
819.8,257996
819.9,258031
820,258066
820.1,258101
820.2,258136
820.3,258170
820.4,258205
820.5,258240
820.6,258274
820.7,258309
820.8,258344
820.9,258379
821,258414
821.1,258448
821.2,258483
821.3,258518
821.4,258553
821.5,258588
821.6,258623
821.7,258658
821.8,258692
821.9,258727
822,258762
822.1,258796
822.2,258831
822.3,258866
822.4,258901
822.5,258936
822.6,258970
822.7,259005
822.8,259040
822.9,259075
823,259110
823.1,259145
823.2,259180
823.3,259215
823.4,259249
823.5,259284
823.6,259318
823.7,259353
823.8,259388
823.9,259423
824,259458
824.1,259493
824.2,259527
824.3,259562
824.4,259597
824.5,259631
824.6,259667
824.7,259702
824.8,259737
824.9,259771
825,259806
825.1,259841
825.2,259875
825.3,259910
825.4,259945
825.5,259980
825.6,260015
825.7,260050
825.8,260084
825.9,260119
826,260154
826.1,260189
826.2,260224
826.3,260259
826.4,260293
826.5,260328
826.6,260363
826.7,260397
826.8,260432
826.9,260467
827,260502
827.1,260537
827.2,260571
827.3,260606
827.4,260641
827.5,260676
827.6,260711
827.7,260745
827.8,260780
827.9,260815
828,260850
828.1,260884
828.2,260919
828.3,260954
828.4,260989
828.5,261024
828.6,261059
828.7,261094
828.8,261128
828.9,261163
829,261197
829.1,261232
829.2,261267
829.3,261302
829.4,261337
829.5,261372
829.6,261406
829.7,261441
829.8,261476
829.9,261511
830,261545
830.1,261580
830.2,261616
830.3,261650
830.4,261685
830.5,261719
830.6,261754
830.7,261789
830.8,261824
830.9,261859
831,261894
831.1,261929
831.2,261963
831.3,261998
831.4,262033
831.5,262067
831.6,262102
831.7,262137
831.8,262172
831.9,262207
832,262242
832.1,262276
832.2,262311
832.3,262346
832.4,262381
832.5,262416
832.6,262451
832.7,262486
832.8,262520
832.9,262555
833,262589
833.1,262624
833.2,262659
833.3,262694
833.4,262729
833.5,262764
833.6,262798
833.7,262833
833.8,262868
833.9,262903
834,262938
834.1,262972
834.2,263007
834.3,263042
834.4,263077
834.5,263112
834.6,263146
834.7,263181
834.8,263216
834.9,263251
835,263285
835.1,263320
835.2,263355
835.3,263390
835.4,263424
835.5,263460
835.6,263494
835.7,263529
835.8,263564
835.9,263599
836,263634
836.1,263668
836.2,263703
836.3,263738
836.4,263773
836.5,263808
836.6,263842
836.7,263877
836.8,263912
836.9,263947
837,263982
837.1,264016
837.2,264051
837.3,264086
837.4,264121
837.5,264156
837.6,264190
837.7,264225
837.8,264260
837.9,264295
838,264329
838.1,264364
838.2,264399
838.3,264434
838.4,264469
838.5,264504
838.6,264538
838.7,264573
838.8,264608
838.9,264643
839,264677
839.1,264712
839.2,264748
839.3,264782
839.4,264817
839.5,264852
839.6,264886
839.7,264921
839.8,264956
839.9,264991
840,265026
840.1,265061
840.2,265096
840.3,265130
840.4,265165
840.5,265200
840.6,265235
840.7,265270
840.8,265305
840.9,265340
841,265374
841.1,265409
841.2,265444
841.3,265479
841.4,265514
841.5,265549
841.6,265584
841.7,265618
841.8,265653
841.9,265688
842,265722
842.1,265758
842.2,265792
842.3,265828
842.4,265862
842.5,265897
842.6,265931
842.7,265966
842.8,266001
842.9,266036
843,266071
843.1,266106
843.2,266141
843.3,266175
843.4,266210
843.5,266245
843.6,266280
843.7,266315
843.8,266350
843.9,266384
844,266419
844.1,266454
844.2,266489
844.3,266523
844.4,266558
844.5,266593
844.6,266628
844.7,266663
844.8,266698
844.9,266732
845,266767
845.1,266802
845.2,266837
845.3,266872
845.4,266906
845.5,266941
845.6,266976
845.7,267011
845.8,267045
845.9,267080
846,267115
846.1,267150
846.2,267185
846.3,267219
846.4,267255
846.5,267289
846.6,267324
846.7,267359
846.8,267394
846.9,267429
847,267463
847.1,267498
847.2,267533
847.3,267568
847.4,267603
847.5,267637
847.6,267673
847.7,267707
847.8,267742
847.9,267777
848,267812
848.1,267847
848.2,267881
848.3,267916
848.4,267951
848.5,267986
848.6,268020
848.7,268055
848.8,268090
848.9,268125
849,268160
849.1,268195
849.2,268229
849.3,268264
849.4,268299
849.5,268334
849.6,268369
849.7,268404
849.8,268438
849.9,268473
850,268508
850.1,268542
850.2,268577
850.3,268612
850.4,268647
850.5,268682
850.6,268717
850.7,268752
850.8,268786
850.9,268821
851,268856
851.1,268891
851.2,268926
851.3,268961
851.4,268996
851.5,269030
851.6,269064
851.7,269099
851.8,269134
851.9,269169
852,269204
852.1,269239
852.2,269274
852.3,269309
852.4,269343
852.5,269378
852.6,269413
852.7,269448
852.8,269483
852.9,269518
853,269553
853.1,269587
853.2,269622
853.3,269657
853.4,269691
853.5,269726
853.6,269762
853.7,269796
853.8,269831
853.9,269866
854,269900
854.1,269935
854.2,269970
854.3,270005
854.4,270040
854.5,270074
854.6,270110
854.7,270145
854.8,270179
854.9,270214
855,270249
855.1,270284
855.2,270318
855.3,270353
855.4,270388
855.5,270423
855.6,270458
855.7,270493
855.8,270528
855.9,270562
856,270597
856.1,270632
856.2,270667
856.3,270702
856.4,270736
856.5,270771
856.6,270806
856.7,270841
856.8,270876
856.9,270911
857,270945
857.1,270980
857.2,271015
857.3,271050
857.4,271085
857.5,271119
857.6,271154
857.7,271189
857.8,271224
857.9,271259
858,271294
858.1,271329
858.2,271363
858.3,271398
858.4,271433
858.5,271468
858.6,271503
858.7,271538
858.8,271573
858.9,271607
859,271642
859.1,271677
859.2,271712
859.3,271747
859.4,271781
859.5,271816
859.6,271851
859.7,271886
859.8,271920
859.9,271955
860,271990
860.1,272025
860.2,272060
860.3,272095
860.4,272130
860.5,272165
860.6,272199
860.7,272234
860.8,272269
860.9,272304
861,272339
861.1,272374
861.2,272408
861.3,272443
861.4,272478
861.5,272513
861.6,272547
861.7,272582
861.8,272617
861.9,272652
862,272687
862.1,272722
862.2,272757
862.3,272791
862.4,272826
862.5,272861
862.6,272896
862.7,272930
862.8,272965
862.9,273000
863,273035
863.1,273070
863.2,273105
863.3,273139
863.4,273174
863.5,273209
863.6,273244
863.7,273279
863.8,273314
863.9,273349
864,273384
864.1,273418
864.2,273453
864.3,273488
864.4,273523
864.5,273557
864.6,273593
864.7,273627
864.8,273662
864.9,273696
865,273732
865.1,273766
865.2,273801
865.3,273836
865.4,273871
865.5,273906
865.6,273941
865.7,273975
865.8,274010
865.9,274045
866,274080
866.1,274115
866.2,274150
866.3,274185
866.4,274219
866.5,274254
866.6,274289
866.7,274324
866.8,274358
866.9,274393
867,274428
867.1,274463
867.2,274498
867.3,274532
867.4,274567
867.5,274602
867.6,274637
867.7,274672
867.8,274707
867.9,274741
868,274776
868.1,274811
868.2,274846
868.3,274881
868.4,274916
868.5,274950
868.6,274985
868.7,275020
868.8,275055
868.9,275090
869,275124
869.1,275159
869.2,275194
869.3,275229
869.4,275263
869.5,275298
869.6,275333
869.7,275368
869.8,275403
869.9,275438
870,275473
870.1,275507
870.2,275542
870.3,275577
870.4,275612
870.5,275647
870.6,275682
870.7,275716
870.8,275751
870.9,275785
871,275821
871.1,275855
871.2,275891
871.3,275925
871.4,275960
871.5,275995
871.6,276029
871.7,276064
871.8,276099
871.9,276134
872,276169
872.1,276204
872.2,276239
872.3,276274
872.4,276308
872.5,276343
872.6,276378
872.7,276412
872.8,276448
872.9,276482
873,276517
873.1,276552
873.2,276587
873.3,276621
873.4,276656
873.5,276691
873.6,276726
873.7,276761
873.8,276795
873.9,276831
874,276865
874.1,276900
874.2,276935
874.3,276970
874.4,277005
874.5,277040
874.6,277074
874.7,277109
874.8,277144
874.9,277179
875,277214
875.1,277248
875.2,277283
875.3,277318
875.4,277352
875.5,277387
875.6,277422
875.7,277457
875.8,277492
875.9,277527
876,277561
876.1,277596
876.2,277631
876.3,277666
876.4,277701
876.5,277736
876.6,277771
876.7,277805
876.8,277840
876.9,277875
877,277910
877.1,277945
877.2,277980
877.3,278014
877.4,278049
877.5,278084
877.6,278118
877.7,278153
877.8,278188
877.9,278223
878,278258
878.1,278293
878.2,278327
878.3,278362
878.4,278397
878.5,278432
878.6,278467
878.7,278502
878.8,278536
878.9,278571
879,278606
879.1,278641
879.2,278675
879.3,278710
879.4,278745
879.5,278780
879.6,278815
879.7,278849
879.8,278885
879.9,278919
880,278954
880.1,278989
880.2,279023
880.3,279058
880.4,279093
880.5,279128
880.6,279163
880.7,279198
880.8,279232
880.9,279267
881,279302
881.1,279337
881.2,279371
881.3,279406
881.4,279441
881.5,279476
881.6,279511
881.7,279546
881.8,279580
881.9,279615
882,279650
882.1,279685
882.2,279720
882.3,279755
882.4,279790
882.5,279824
882.6,279859
882.7,279894
882.8,279928
882.9,279963
883,279998
883.1,280033
883.2,280068
883.3,280103
883.4,280137
883.5,280172
883.6,280207
883.7,280242
883.8,280277
883.9,280311
884,280346
884.1,280381
884.2,280416
884.3,280451
884.4,280485
884.5,280520
884.6,280555
884.7,280590
884.8,280625
884.9,280659
885,280695
885.1,280729
885.2,280764
885.3,280799
885.4,280833
885.5,280868
885.6,280903
885.7,280938
885.8,280973
885.9,281008
886,281042
886.1,281077
886.2,281111
886.3,281146
886.4,281181
886.5,281216
886.6,281251
886.7,281286
886.8,281321
886.9,281355
887,281390
887.1,281425
887.2,281459
887.3,281495
887.4,281530
887.5,281564
887.6,281599
887.7,281634
887.8,281668
887.9,281703
888,281738
888.1,281773
888.2,281808
888.3,281843
888.4,281877
888.5,281912
888.6,281947
888.7,281982
888.8,282017
888.9,282051
889,282086
889.1,282121
889.2,282156
889.3,282191
889.4,282225
889.5,282260
889.6,282295
889.7,282330
889.8,282364
889.9,282399
890,282434
890.1,282469
890.2,282504
890.3,282539
890.4,282573
890.5,282608
890.6,282643
890.7,282678
890.8,282713
890.9,282747
891,282783
891.1,282817
891.2,282852
891.3,282887
891.4,282921
891.5,282956
891.6,282991
891.7,283026
891.8,283061
891.9,283096
892,283130
892.1,283165
892.2,283199
892.3,283235
892.4,283269
892.5,283305
892.6,283339
892.7,283374
892.8,283409
892.9,283443
893,283478
893.1,283513
893.2,283548
893.3,283583
893.4,283617
893.5,283652
893.6,283687
893.7,283722
893.8,283757
893.9,283792
894,283827
894.1,283861
894.2,283896
894.3,283931
894.4,283966
894.5,284001
894.6,284035
894.7,284070
894.8,284104
894.9,284139
895,284174
895.1,284209
895.2,284244
895.3,284279
895.4,284314
895.5,284348
895.6,284383
895.7,284417
895.8,284452
895.9,284487
896,284522
896.1,284557
896.2,284592
896.3,284627
896.4,284661
896.5,284696
896.6,284731
896.7,284766
896.8,284801
896.9,284835
897,284870
897.1,284905
897.2,284940
897.3,284975
897.4,285009
897.5,285044
897.6,285079
897.7,285113
897.8,285148
897.9,285183
898,285218
898.1,285253
898.2,285288
898.3,285322
898.4,285357
898.5,285391
898.6,285426
898.7,285461
898.8,285496
898.9,285531
899,285566
899.1,285601
899.2,285635
899.3,285670
899.4,285704
899.5,285739
899.6,285774
899.7,285809
899.8,285844
899.9,285878
900,285913
900.1,285948
900.2,285983
900.3,286018
900.4,286053
900.5,286087
900.6,286122
900.7,286157
900.8,286192
900.9,286227
901,286261
901.1,286296
901.2,286331
901.3,286366
901.4,286400
901.5,286435
901.6,286470
901.7,286505
901.8,286540
901.9,286575
902,286609
902.1,286644
902.2,286679
902.3,286713
902.4,286748
902.5,286783
902.6,286818
902.7,286852
902.8,286887
902.9,286922
903,286957
903.1,286992
903.2,287027
903.3,287061
903.4,287096
903.5,287131
903.6,287165
903.7,287200
903.8,287235
903.9,287270
904,287305
904.1,287339
904.2,287374
904.3,287409
904.4,287444
904.5,287478
904.6,287513
904.7,287548
904.8,287582
904.9,287617
905,287652
905.1,287687
905.2,287721
905.3,287756
905.4,287791
905.5,287826
905.6,287861
905.7,287895
905.8,287930
905.9,287965
906,288000
906.1,288035
906.2,288069
906.3,288104
906.4,288139
906.5,288173
906.6,288208
906.7,288243
906.8,288278
906.9,288313
907,288347
907.1,288382
907.2,288417
907.3,288452
907.4,288487
907.5,288522
907.6,288556
907.7,288591
907.8,288626
907.9,288660
908,288695
908.1,288730
908.2,288765
908.3,288799
908.4,288834
908.5,288869
908.6,288904
908.7,288939
908.8,288973
908.9,289008
909,289043
909.1,289077
909.2,289112
909.3,289147
909.4,289182
909.5,289217
909.6,289252
909.7,289286
909.8,289321
909.9,289355
910,289390
910.1,289425
910.2,289460
910.3,289495
910.4,289529
910.5,289564
910.6,289599
910.7,289633
910.8,289668
910.9,289703
911,289738
911.1,289773
911.2,289807
911.3,289842
911.4,289877
911.5,289911
911.6,289946
911.7,289981
911.8,290016
911.9,290051
912,290085
912.1,290120
912.2,290155
912.3,290189
912.4,290224
912.5,290259
912.6,290294
912.7,290329
912.8,290364
912.9,290398
913,290433
913.1,290468
913.2,290503
913.3,290537
913.4,290572
913.5,290607
913.6,290641
913.7,290676
913.8,290711
913.9,290746
914,290780
914.1,290815
914.2,290850
914.3,290885
914.4,290920
914.5,290954
914.6,290989
914.7,291024
914.8,291058
914.9,291093
915,291128
915.1,291163
915.2,291198
915.3,291232
915.4,291267
915.5,291302
915.6,291336
915.7,291371
915.8,291406
915.9,291441
916,291475
916.1,291510
916.2,291545
916.3,291579
916.4,291614
916.5,291649
916.6,291684
916.7,291718
916.8,291753
916.9,291788
917,291822
917.1,291857
917.2,291892
917.3,291927
917.4,291962
917.5,291996
917.6,292031
917.7,292065
917.8,292100
917.9,292135
918,292170
918.1,292205
918.2,292239
918.3,292274
918.4,292309
918.5,292343
918.6,292378
918.7,292413
918.8,292448
918.9,292482
919,292517
919.1,292552
919.2,292586
919.3,292621
919.4,292656
919.5,292691
919.6,292725
919.7,292760
919.8,292795
919.9,292829
920,292864
920.1,292899
920.2,292934
920.3,292968
920.4,293003
920.5,293038
920.6,293072
920.7,293107
920.8,293142
920.9,293177
921,293211
921.1,293246
921.2,293280
921.3,293315
921.4,293350
921.5,293385
921.6,293420
921.7,293454
921.8,293489
921.9,293524
922,293558
922.1,293593
922.2,293628
922.3,293663
922.4,293698
922.5,293732
922.6,293767
922.7,293802
922.8,293836
922.9,293871
923,293906
923.1,293941
923.2,293975
923.3,294010
923.4,294045
923.5,294079
923.6,294114
923.7,294149
923.8,294184
923.9,294218
924,294253
924.1,294288
924.2,294323
924.3,294358
924.4,294392
924.5,294427
924.6,294462
924.7,294497
924.8,294531
924.9,294566
925,294600
925.1,294635
925.2,294670
925.3,294705
925.4,294739
925.5,294774
925.6,294809
925.7,294844
925.8,294879
925.9,294913
926,294948
926.1,294983
926.2,295018
926.3,295052
926.4,295087
926.5,295122
926.6,295157
926.7,295191
926.8,295226
926.9,295260
927,295295
927.1,295330
927.2,295365
927.3,295399
927.4,295434
927.5,295469
927.6,295504
927.7,295538
927.8,295573
927.9,295608
928,295643
928.1,295677
928.2,295712
928.3,295746
928.4,295781
928.5,295816
928.6,295851
928.7,295886
928.8,295920
928.9,295955
929,295990
929.1,296024
929.2,296059
929.3,296094
929.4,296129
929.5,296163
929.6,296198
929.7,296232
929.8,296267
929.9,296302
930,296337
930.1,296372
930.2,296406
930.3,296441
930.4,296476
930.5,296510
930.6,296545
930.7,296580
930.8,296615
930.9,296649
931,296684
931.1,296718
931.2,296753
931.3,296788
931.4,296823
931.5,296858
931.6,296892
931.7,296927
931.8,296962
931.9,296996
932,297031
932.1,297066
932.2,297101
932.3,297135
932.4,297170
932.5,297204
932.6,297239
932.7,297274
932.8,297309
932.9,297344
933,297378
933.1,297413
933.2,297447
933.3,297482
933.4,297517
933.5,297552
933.6,297586
933.7,297621
933.8,297656
933.9,297690
934,297725
934.1,297760
934.2,297795
934.3,297830
934.4,297864
934.5,297899
934.6,297933
934.7,297968
934.8,298002
934.9,298038
935,298072
935.1,298107
935.2,298141
935.3,298176
935.4,298211
935.5,298246
935.6,298280
935.7,298315
935.8,298350
935.9,298385
936,298419
936.1,298454
936.2,298489
936.3,298524
936.4,298558
936.5,298592
936.6,298627
936.7,298662
936.8,298696
936.9,298731
937,298766
937.1,298801
937.2,298835
937.3,298870
937.4,298904
937.5,298939
937.6,298974
937.7,299009
937.8,299043
937.9,299078
938,299112
938.1,299147
938.2,299182
938.3,299216
938.4,299251
938.5,299285
938.6,299320
938.7,299355
938.8,299389
938.9,299424
939,299459
939.1,299494
939.2,299528
939.3,299562
939.4,299597
939.5,299632
939.6,299667
939.7,299701
939.8,299736
939.9,299770
940,299805
940.1,299840
940.2,299875
940.3,299909
940.4,299944
940.5,299979
940.6,300013
940.7,300047
940.8,300082
940.9,300117
941,300152
941.1,300186
941.2,300221
941.3,300256
941.4,300290
941.5,300325
941.6,300359
941.7,300394
941.8,300429
941.9,300464
942,300498
942.1,300533
942.2,300567
942.3,300602
942.4,300637
942.5,300671
942.6,300706
942.7,300741
942.8,300775
942.9,300810
943,300845
943.1,300879
943.2,300914
943.3,300949
943.4,300984
943.5,301018
943.6,301052
943.7,301087
943.8,301122
943.9,301156
944,301191
944.1,301226
944.2,301260
944.3,301295
944.4,301330
944.5,301365
944.6,301399
944.7,301434
944.8,301469
944.9,301503
945,301538
945.1,301573
945.2,301607
945.3,301642
945.4,301677
945.5,301711
945.6,301746
945.7,301780
945.8,301815
945.9,301850
946,301884
946.1,301919
946.2,301954
946.3,301988
946.4,302023
946.5,302058
946.6,302092
946.7,302127
946.8,302162
946.9,302196
947,302231
947.1,302265
947.2,302300
947.3,302334
947.4,302370
947.5,302404
947.6,302438
947.7,302473
947.8,302508
947.9,302542
948,302577
948.1,302612
948.2,302646
948.3,302681
948.4,302715
948.5,302750
948.6,302784
948.7,302819
948.8,302854
948.9,302889
949,302923
949.1,302958
949.2,302992
949.3,303027
949.4,303062
949.5,303096
949.6,303131
949.7,303165
949.8,303200
949.9,303234
950,303269
950.1,303304
950.2,303339
950.3,303373
950.4,303407
950.5,303442
950.6,303477
950.7,303511
950.8,303546
950.9,303581
951,303615
951.1,303650
951.2,303685
951.3,303719
951.4,303754
951.5,303789
951.6,303823
951.7,303858
951.8,303892
951.9,303927
952,303961
952.1,303996
952.2,304031
952.3,304066
952.4,304100
952.5,304135
952.6,304169
952.7,304204
952.8,304239
952.9,304273
953,304308
953.1,304342
953.2,304377
953.3,304412
953.4,304446
953.5,304481
953.6,304516
953.7,304550
953.8,304584
953.9,304619
954,304653
954.1,304688
954.2,304723
954.3,304758
954.4,304792
954.5,304827
954.6,304861
954.7,304896
954.8,304930
954.9,304965
955,305000
955.1,305034
955.2,305069
955.3,305103
955.4,305138
955.5,305172
955.6,305207
955.7,305242
955.8,305276
955.9,305311
956,305346
956.1,305380
956.2,305415
956.3,305449
956.4,305484
956.5,305519
956.6,305553
956.7,305588
956.8,305622
956.9,305657
957,305692
957.1,305726
957.2,305761
957.3,305795
957.4,305830
957.5,305864
957.6,305899
957.7,305934
957.8,305969
957.9,306003
958,306038
958.1,306072
958.2,306107
958.3,306141
958.4,306176
958.5,306211
958.6,306245
958.7,306280
958.8,306314
958.9,306349
959,306384
959.1,306418
959.2,306453
959.3,306487
959.4,306522
959.5,306556
959.6,306591
959.7,306625
959.8,306660
959.9,306695
960,306729
960.1,306764
960.2,306798
960.3,306833
960.4,306867
960.5,306902
960.6,306937
960.7,306971
960.8,307005
960.9,307040
961,307075
961.1,307109
961.2,307144
961.3,307178
961.4,307213
961.5,307248
961.6,307282
961.7,307317
961.8,307352
961.9,307386
962,307421
962.1,307455
962.2,307490
962.3,307525
962.4,307559
962.5,307594
962.6,307628
962.7,307663
962.8,307697
962.9,307731
963,307766
963.1,307801
963.2,307835
963.3,307870
963.4,307904
963.5,307939
963.6,307973
963.7,308008
963.8,308043
963.9,308078
964,308112
964.1,308146
964.2,308181
964.3,308215
964.4,308250
964.5,308284
964.6,308319
964.7,308353
964.8,308388
964.9,308423
965,308457
965.1,308492
965.2,308526
965.3,308561
965.4,308596
965.5,308630
965.6,308665
965.7,308699
965.8,308734
965.9,308769
966,308803
966.1,308837
966.2,308872
966.3,308906
966.4,308941
966.5,308976
966.6,309010
966.7,309045
966.8,309079
966.9,309114
967,309148
967.1,309183
967.2,309217
967.3,309252
967.4,309287
967.5,309321
967.6,309355
967.7,309390
967.8,309424
967.9,309459
968,309494
968.1,309528
968.2,309563
968.3,309597
968.4,309632
968.5,309666
968.6,309701
968.7,309735
968.8,309770
968.9,309805
969,309839
969.1,309874
969.2,309908
969.3,309943
969.4,309977
969.5,310011
969.6,310046
969.7,310080
969.8,310115
969.9,310150
970,310184
970.1,310219
970.2,310253
970.3,310287
970.4,310322
970.5,310356
970.6,310391
970.7,310426
970.8,310460
970.9,310494
971,310529
971.1,310564
971.2,310598
971.3,310633
971.4,310667
971.5,310702
971.6,310736
971.7,310771
971.8,310805
971.9,310840
972,310874
972.1,310909
972.2,310943
972.3,310978
972.4,311012
972.5,311047
972.6,311081
972.7,311116
972.8,311150
972.9,311185
973,311219
973.1,311254
973.2,311288
973.3,311323
973.4,311358
973.5,311392
973.6,311426
973.7,311461
973.8,311495
973.9,311530
974,311564
974.1,311599
974.2,311633
974.3,311668
974.4,311702
974.5,311737
974.6,311771
974.7,311806
974.8,311841
974.9,311875
975,311909
975.1,311944
975.2,311978
975.3,312013
975.4,312048
975.5,312082
975.6,312117
975.7,312151
975.8,312185
975.9,312220
976,312255
976.1,312289
976.2,312323
976.3,312358
976.4,312393
976.5,312427
976.6,312462
976.7,312496
976.8,312531
976.9,312565
977,312600
977.1,312634
977.2,312668
977.3,312703
977.4,312738
977.5,312772
977.6,312807
977.7,312841
977.8,312875
977.9,312910
978,312944
978.1,312979
978.2,313014
978.3,313048
978.4,313082
978.5,313117
978.6,313152
978.7,313186
978.8,313221
978.9,313255
979,313289
979.1,313324
979.2,313358
979.3,313393
979.4,313427
979.5,313462
979.6,313496
979.7,313531
979.8,313565
979.9,313600
980,313634
980.1,313669
980.2,313703
980.3,313738
980.4,313772
980.5,313806
980.6,313841
980.7,313875
980.8,313910
980.9,313945
981,313979
981.1,314013
981.2,314048
981.3,314082
981.4,314117
981.5,314151
981.6,314186
981.7,314220
981.8,314255
981.9,314289
982,314323
982.1,314358
982.2,314393
982.3,314427
982.4,314461
982.5,314496
982.6,314530
982.7,314564
982.8,314599
982.9,314634
983,314668
983.1,314702
983.2,314737
983.3,314771
983.4,314806
983.5,314841
983.6,314875
983.7,314909
983.8,314943
983.9,314978
984,315012
984.1,315047
984.2,315081
984.3,315116
984.4,315150
984.5,315184
984.6,315218
984.7,315253
984.8,315288
984.9,315322
985,315357
985.1,315391
985.2,315425
985.3,315460
985.4,315494
985.5,315529
985.6,315563
985.7,315598
985.8,315632
985.9,315667
986,315701
986.1,315736
986.2,315770
986.3,315804
986.4,315839
986.5,315873
986.6,315908
986.7,315942
986.8,315977
986.9,316011
987,316046
987.1,316080
987.2,316114
987.3,316148
987.4,316183
987.5,316218
987.6,316252
987.7,316286
987.8,316321
987.9,316355
988,316390
988.1,316424
988.2,316459
988.3,316493
988.4,316528
988.5,316562
988.6,316596
988.7,316631
988.8,316665
988.9,316700
989,316734
989.1,316768
989.2,316803
989.3,316837
989.4,316872
989.5,316906
989.6,316941
989.7,316975
989.8,317009
989.9,317044
990,317078
990.1,317113
990.2,317147
990.3,317182
990.4,317216
990.5,317250
990.6,317285
990.7,317319
990.8,317353
990.9,317388
991,317422
991.1,317457
991.2,317491
991.3,317525
991.4,317560
991.5,317594
991.6,317629
991.7,317663
991.8,317697
991.9,317732
992,317766
992.1,317801
992.2,317835
992.3,317870
992.4,317904
992.5,317938
992.6,317972
992.7,318007
992.8,318041
992.9,318076
993,318110
993.1,318145
993.2,318179
993.3,318213
993.4,318248
993.5,318282
993.6,318317
993.7,318351
993.8,318385
993.9,318419
994,318454
994.1,318488
994.2,318523
994.3,318557
994.4,318592
994.5,318626
994.6,318660
994.7,318695
994.8,318729
994.9,318764
995,318798
995.1,318832
995.2,318867
995.3,318901
995.4,318935
995.5,318970
995.6,319004
995.7,319038
995.8,319072
995.9,319107
996,319141
996.1,319176
996.2,319210
996.3,319245
996.4,319279
996.5,319313
996.6,319348
996.7,319382
996.8,319417
996.9,319451
997,319485
997.1,319519
997.2,319554
997.3,319588
997.4,319623
997.5,319657
997.6,319692
997.7,319726
997.8,319760
997.9,319794
998,319828
998.1,319863
998.2,319897
998.3,319932
998.4,319966
998.5,320000
998.6,320034
998.7,320069
998.8,320103
998.9,320138
999,320172
999.1,320206
999.2,320241
999.3,320275
999.4,320309
999.5,320344
999.6,320378
999.7,320412
999.8,320447
999.9,320481
1000,320515
1000.1,320550
1000.2,320584
1000.3,320619
1000.4,320653
1000.5,320687
1000.6,320721
1000.7,320756
1000.8,320790
1000.9,320825
1001,320859
1001.1,320893
1001.2,320927
1001.3,320962
1001.4,320996
1001.5,321031
1001.6,321065
1001.7,321099
1001.8,321133
1001.9,321168
1002,321202
1002.1,321236
1002.2,321271
1002.3,321305
1002.4,321339
1002.5,321374
1002.6,321408
1002.7,321443
1002.8,321477
1002.9,321511
1003,321545
1003.1,321580
1003.2,321614
1003.3,321648
1003.4,321683
1003.5,321717
1003.6,321752
1003.7,321786
1003.8,321820
1003.9,321854
1004,321888
1004.1,321923
1004.2,321957
1004.3,321992
1004.4,322026
1004.5,322060
1004.6,322095
1004.7,322129
1004.8,322163
1004.9,322198
1005,322232
1005.1,322266
1005.2,322300
1005.3,322335
1005.4,322369
1005.5,322404
1005.6,322438
1005.7,322472
1005.8,322506
1005.9,322540
1006,322575
1006.1,322609
1006.2,322644
1006.3,322678
1006.4,322712
1006.5,322746
1006.6,322781
1006.7,322815
1006.8,322850
1006.9,322884
1007,322918
1007.1,322952
1007.2,322987
1007.3,323021
1007.4,323055
1007.5,323090
1007.6,323124
1007.7,323158
1007.8,323192
1007.9,323227
1008,323261
1008.1,323295
1008.2,323330
1008.3,323364
1008.4,323398
1008.5,323432
1008.6,323467
1008.7,323501
1008.8,323535
1008.9,323570
1009,323604
1009.1,323638
1009.2,323672
1009.3,323707
1009.4,323741
1009.5,323776
1009.6,323810
1009.7,323844
1009.8,323878
1009.9,323913
1010,323947
1010.1,323981
1010.2,324016
1010.3,324050
1010.4,324084
1010.5,324118
1010.6,324152
1010.7,324187
1010.8,324221
1010.9,324256
1011,324290
1011.1,324324
1011.2,324358
1011.3,324392
1011.4,324427
1011.5,324461
1011.6,324496
1011.7,324529
1011.8,324564
1011.9,324598
1012,324632
1012.1,324667
1012.2,324701
1012.3,324735
1012.4,324769
1012.5,324804
1012.6,324838
1012.7,324872
1012.8,324906
1012.9,324941
1013,324975
1013.1,325009
1013.2,325043
1013.3,325078
1013.4,325112
1013.5,325146
1013.6,325181
1013.7,325215
1013.8,325249
1013.9,325283
1014,325317
1014.1,325352
1014.2,325386
1014.3,325420
1014.4,325454
1014.5,325488
1014.6,325523
1014.7,325557
1014.8,325592
1014.9,325626
1015,325660
1015.1,325694
1015.2,325729
1015.3,325763
1015.4,325797
1015.5,325832
1015.6,325865
1015.7,325900
1015.8,325934
1015.9,325968
1016,326002
1016.1,326037
1016.2,326071
1016.3,326105
1016.4,326139
1016.5,326174
1016.6,326208
1016.7,326242
1016.8,326277
1016.9,326310
1017,326345
1017.1,326379
1017.2,326413
1017.3,326447
1017.4,326482
1017.5,326516
1017.6,326550
1017.7,326584
1017.8,326618
1017.9,326653
1018,326687
1018.1,326721
1018.2,326756
1018.3,326790
1018.4,326824
1018.5,326858
1018.6,326892
1018.7,326927
1018.8,326961
1018.9,326995
1019,327029
1019.1,327063
1019.2,327097
1019.3,327132
1019.4,327166
1019.5,327201
1019.6,327234
1019.7,327269
1019.8,327303
1019.9,327337
1020,327371
1020.1,327406
1020.2,327440
1020.3,327474
1020.4,327508
1020.5,327542
1020.6,327576
1020.7,327611
1020.8,327645
1020.9,327679
1021,327713
1021.1,327747
1021.2,327782
1021.3,327816
1021.4,327850
1021.5,327884
1021.6,327918
1021.7,327952
1021.8,327987
1021.9,328021
1022,328055
1022.1,328089
1022.2,328124
1022.3,328158
1022.4,328192
1022.5,328226
1022.6,328260
1022.7,328294
1022.8,328329
1022.9,328363
1023,328397
1023.1,328431
1023.2,328465
1023.3,328500
1023.4,328534
1023.5,328568
1023.6,328602
1023.7,328636
1023.8,328670
1023.9,328705
1024,328739
1024.1,328773
1024.2,328807
1024.3,328841
1024.4,328875
1024.5,328910
1024.6,328944
1024.7,328978
1024.8,329012
1024.9,329046
1025,329080
1025.1,329115
1025.2,329149
1025.3,329183
1025.4,329218
1025.5,329252
1025.6,329285
1025.7,329320
1025.8,329354
1025.9,329388
1026,329422
1026.1,329456
1026.2,329490
1026.3,329525
1026.4,329558
1026.5,329593
1026.6,329627
1026.7,329661
1026.8,329695
1026.9,329729
1027,329763
1027.1,329797
1027.2,329832
1027.3,329866
1027.4,329900
1027.5,329935
1027.6,329968
1027.7,330003
1027.8,330037
1027.9,330071
1028,330105
1028.1,330139
1028.2,330173
1028.3,330207
1028.4,330242
1028.5,330276
1028.6,330310
1028.7,330345
1028.8,330378
1028.9,330413
1029,330447
1029.1,330481
1029.2,330515
1029.3,330550
1029.4,330584
1029.5,330617
1029.6,330652
1029.7,330686
1029.8,330720
1029.9,330754
1030,330788
1030.1,330822
1030.2,330856
1030.3,330891
1030.4,330925
1030.5,330959
1030.6,330994
1030.7,331027
1030.8,331061
1030.9,331095
1031,331129
1031.1,331163
1031.2,331198
1031.3,331232
1031.4,331266
1031.5,331300
1031.6,331334
1031.7,331368
1031.8,331403
1031.9,331437
1032,331471
1032.1,331505
1032.2,331539
1032.3,331573
1032.4,331607
1032.5,331641
1032.6,331676
1032.7,331709
1032.8,331744
1032.9,331777
1033,331811
1033.1,331846
1033.2,331880
1033.3,331914
1033.4,331948
1033.5,331982
1033.6,332016
1033.7,332050
1033.8,332085
1033.9,332119
1034,332153
1034.1,332187
1034.2,332221
1034.3,332255
1034.4,332289
1034.5,332323
1034.6,332357
1034.7,332391
1034.8,332425
1034.9,332459
1035,332494
1035.1,332528
1035.2,332562
1035.3,332596
1035.4,332630
1035.5,332664
1035.6,332698
1035.7,332732
1035.8,332766
1035.9,332800
1036,332834
1036.1,332868
1036.2,332902
1036.3,332936
1036.4,332970
1036.5,333005
1036.6,333039
1036.7,333073
1036.8,333107
1036.9,333141
1037,333175
1037.1,333209
1037.2,333243
1037.3,333277
1037.4,333311
1037.5,333345
1037.6,333379
1037.7,333413
1037.8,333448
1037.9,333481
1038,333515
1038.1,333549
1038.2,333583
1038.3,333617
1038.4,333652
1038.5,333686
1038.6,333720
1038.7,333754
1038.8,333788
1038.9,333822
1039,333856
1039.1,333891
1039.2,333924
1039.3,333958
1039.4,333992
1039.5,334026
1039.6,334061
1039.7,334095
1039.8,334129
1039.9,334163
1040,334197
1040.1,334231
1040.2,334265
1040.3,334299
1040.4,334333
1040.5,334367
1040.6,334401
1040.7,334435
1040.8,334469
1040.9,334504
1041,334538
1041.1,334572
1041.2,334606
1041.3,334640
1041.4,334674
1041.5,334708
1041.6,334742
1041.7,334776
1041.8,334810
1041.9,334844
1042,334878
1042.1,334912
1042.2,334946
1042.3,334980
1042.4,335015
1042.5,335048
1042.6,335082
1042.7,335117
1042.8,335150
1042.9,335185
1043,335219
1043.1,335253
1043.2,335287
1043.3,335320
1043.4,335354
1043.5,335389
1043.6,335423
1043.7,335457
1043.8,335491
1043.9,335525
1044,335559
1044.1,335593
1044.2,335627
1044.3,335661
1044.4,335695
1044.5,335729
1044.6,335763
1044.7,335797
1044.8,335831
1044.9,335865
1045,335899
1045.1,335933
1045.2,335967
1045.3,336001
1045.4,336035
1045.5,336069
1045.6,336103
1045.7,336137
1045.8,336171
1045.9,336205
1046,336239
1046.1,336273
1046.2,336307
1046.3,336341
1046.4,336375
1046.5,336409
1046.6,336443
1046.7,336477
1046.8,336511
1046.9,336545
1047,336579
1047.1,336613
1047.2,336646
1047.3,336681
1047.4,336715
1047.5,336749
1047.6,336783
1047.7,336816
1047.8,336850
1047.9,336884
1048,336918
1048.1,336953
1048.2,336987
1048.3,337020
1048.4,337054
1048.5,337088
1048.6,337122
1048.7,337156
1048.8,337190
1048.9,337224
1049,337258
1049.1,337292
1049.2,337326
1049.3,337360
1049.4,337394
1049.5,337428
1049.6,337462
1049.7,337496
1049.8,337530
1049.9,337564
1050,337598
1050.1,337632
1050.2,337666
1050.3,337700
1050.4,337733
1050.5,337768
1050.6,337802
1050.7,337835
1050.8,337870
1050.9,337904
1051,337937
1051.1,337971
1051.2,338005
1051.3,338039
1051.4,338074
1051.5,338107
1051.6,338141
1051.7,338175
1051.8,338209
1051.9,338243
1052,338277
1052.1,338311
1052.2,338345
1052.3,338379
1052.4,338412
1052.5,338446
1052.6,338481
1052.7,338515
1052.8,338549
1052.9,338582
1053,338616
1053.1,338650
1053.2,338684
1053.3,338718
1053.4,338752
1053.5,338786
1053.6,338820
1053.7,338854
1053.8,338888
1053.9,338922
1054,338956
1054.1,338990
1054.2,339024
1054.3,339058
1054.4,339092
1054.5,339126
1054.6,339159
1054.7,339194
1054.8,339228
1054.9,339261
1055,339295
1055.1,339329
1055.2,339363
1055.3,339397
1055.4,339431
1055.5,339465
1055.6,339499
1055.7,339533
1055.8,339567
1055.9,339601
1056,339634
1056.1,339668
1056.2,339702
1056.3,339736
1056.4,339770
1056.5,339804
1056.6,339838
1056.7,339872
1056.8,339905
1056.9,339939
1057,339973
1057.1,340007
1057.2,340041
1057.3,340075
1057.4,340109
1057.5,340143
1057.6,340177
1057.7,340211
1057.8,340244
1057.9,340279
1058,340313
1058.1,340346
1058.2,340380
1058.3,340414
1058.4,340448
1058.5,340482
1058.6,340516
1058.7,340549
1058.8,340583
1058.9,340617
1059,340651
1059.1,340685
1059.2,340719
1059.3,340753
1059.4,340787
1059.5,340821
1059.6,340855
1059.7,340888
1059.8,340923
1059.9,340956
1060,340990
1060.1,341024
1060.2,341058
1060.3,341092
1060.4,341126
1060.5,341159
1060.6,341193
1060.7,341227
1060.8,341261
1060.9,341295
1061,341329
1061.1,341363
1061.2,341396
1061.3,341430
1061.4,341464
1061.5,341498
1061.6,341532
1061.7,341566
1061.8,341599
1061.9,341633
1062,341667
1062.1,341701
1062.2,341735
1062.3,341769
1062.4,341803
1062.5,341836
1062.6,341870
1062.7,341904
1062.8,341938
1062.9,341972
1063,342006
1063.1,342039
1063.2,342073
1063.3,342107
1063.4,342141
1063.5,342175
1063.6,342209
1063.7,342243
1063.8,342277
1063.9,342310
1064,342344
1064.1,342378
1064.2,342412
1064.3,342446
1064.4,342480
1064.5,342513
1064.6,342547
1064.7,342581
1064.8,342615
1064.9,342649
1065,342682
1065.1,342716
1065.2,342750
1065.3,342784
1065.4,342818
1065.5,342852
1065.6,342886
1065.7,342919
1065.8,342953
1065.9,342987
1066,343021
1066.1,343054
1066.2,343088
1066.3,343122
1066.4,343156
1066.5,343190
1066.6,343223
1066.7,343257
1066.8,343291
1066.9,343325
1067,343359
1067.1,343393
1067.2,343426
1067.3,343460
1067.4,343494
1067.5,343528
1067.6,343562
1067.7,343595
1067.8,343629
1067.9,343663
1068,343697
1068.1,343731
1068.2,343765
1068.3,343798
1068.4,343832
1068.5,343866
1068.6,343900
1068.7,343934
1068.8,343968
1068.9,344001
1069,344035
1069.1,344069
1069.2,344103
1069.3,344137
1069.4,344171
1069.5,344204
1069.6,344237
1069.7,344271
1069.8,344305
1069.9,344339
1070,344373
1070.1,344407
1070.2,344441
1070.3,344474
1070.4,344508
1070.5,344542
1070.6,344576
1070.7,344610
1070.8,344643
1070.9,344677
1071,344710
1071.1,344744
1071.2,344778
1071.3,344812
1071.4,344846
1071.5,344880
1071.6,344913
1071.7,344947
1071.8,344981
1071.9,345015
1072,345049
1072.1,345082
1072.2,345116
1072.3,345150
1072.4,345184
1072.5,345217
1072.6,345251
1072.7,345285
1072.8,345319
1072.9,345352
1073,345386
1073.1,345420
1073.2,345453
1073.3,345487
1073.4,345521
1073.5,345555
1073.6,345588
1073.7,345622
1073.8,345656
1073.9,345690
1074,345723
1074.1,345757
1074.2,345791
1074.3,345824
1074.4,345858
1074.5,345892
1074.6,345925
1074.7,345960
1074.8,345993
1074.9,346027
1075,346060
1075.1,346094
1075.2,346128
1075.3,346162
1075.4,346195
1075.5,346229
1075.6,346263
1075.7,346297
1075.8,346331
1075.9,346364
1076,346398
1076.1,346432
1076.2,346465
1076.3,346499
1076.4,346533
1076.5,346567
1076.6,346600
1076.7,346634
1076.8,346668
1076.9,346701
1077,346735
1077.1,346769
1077.2,346803
1077.3,346836
1077.4,346870
1077.5,346904
1077.6,346938
1077.7,346971
1077.8,347005
1077.9,347038
1078,347072
1078.1,347106
1078.2,347139
1078.3,347173
1078.4,347207
1078.5,347240
1078.6,347274
1078.7,347308
1078.8,347342
1078.9,347375
1079,347409
1079.1,347443
1079.2,347476
1079.3,347510
1079.4,347544
1079.5,347577
1079.6,347611
1079.7,347645
1079.8,347679
1079.9,347712
1080,347746
1080.1,347779
1080.2,347814
1080.3,347847
1080.4,347881
1080.5,347914
1080.6,347948
1080.7,347982
1080.8,348015
1080.9,348049
1081,348083
1081.1,348116
1081.2,348150
1081.3,348184
1081.4,348217
1081.5,348251
1081.6,348285
1081.7,348319
1081.8,348352
1081.9,348386
1082,348419
1082.1,348453
1082.2,348487
1082.3,348521
1082.4,348554
1082.5,348588
1082.6,348621
1082.7,348655
1082.8,348689
1082.9,348722
1083,348756
1083.1,348789
1083.2,348823
1083.3,348857
1083.4,348891
1083.5,348925
1083.6,348958
1083.7,348992
1083.8,349025
1083.9,349059
1084,349093
1084.1,349126
1084.2,349160
1084.3,349193
1084.4,349227
1084.5,349261
1084.6,349294
1084.7,349328
1084.8,349362
1084.9,349395
1085,349429
1085.1,349462
1085.2,349496
1085.3,349530
1085.4,349564
1085.5,349597
1085.6,349631
1085.7,349664
1085.8,349698
1085.9,349732
1086,349765
1086.1,349799
1086.2,349832
1086.3,349866
1086.4,349899
1086.5,349933
1086.6,349967
1086.7,350000
1086.8,350034
1086.9,350067
1087,350101
1087.1,350134
1087.2,350168
1087.3,350202
1087.4,350235
1087.5,350269
1087.6,350302
1087.7,350336
1087.8,350370
1087.9,350404
1088,350437
1088.1,350470
1088.2,350504
1088.3,350538
1088.4,350571
1088.5,350605
1088.6,350638
1088.7,350672
1088.8,350705
1088.9,350739
1089,350772
1089.1,350806
1089.2,350840
1089.3,350874
1089.4,350907
1089.5,350940
1089.6,350974
1089.7,351008
1089.8,351041
1089.9,351075
1090,351108
1090.1,351142
1090.2,351176
1090.3,351209
1090.4,351243
1090.5,351277
1090.6,351310
1090.7,351343
1090.8,351377
1090.9,351411
1091,351444
1091.1,351478
1091.2,351511
1091.3,351545
1091.4,351579
1091.5,351612
1091.6,351646
1091.7,351680
1091.8,351713
1091.9,351746
1092,351780
1092.1,351813
1092.2,351847
1092.3,351881
1092.4,351914
1092.5,351948
1092.6,351981
1092.7,352015
1092.8,352048
1092.9,352082
1093,352116
1093.1,352149
1093.2,352183
1093.3,352216
1093.4,352250
1093.5,352284
1093.6,352317
1093.7,352351
1093.8,352384
1093.9,352417
1094,352451
1094.1,352485
1094.2,352518
1094.3,352552
1094.4,352586
1094.5,352619
1094.6,352652
1094.7,352686
1094.8,352720
1094.9,352753
1095,352787
1095.1,352820
1095.2,352854
1095.3,352887
1095.4,352921
1095.5,352955
1095.6,352988
1095.7,353021
1095.8,353055
1095.9,353088
1096,353122
1096.1,353156
1096.2,353189
1096.3,353222
1096.4,353256
1096.5,353289
1096.6,353323
1096.7,353356
1096.8,353390
1096.9,353423
1097,353457
1097.1,353490
1097.2,353524
1097.3,353557
1097.4,353591
1097.5,353624
1097.6,353658
1097.7,353691
1097.8,353725
1097.9,353758
1098,353792
1098.1,353825
1098.2,353859
1098.3,353892
1098.4,353925
1098.5,353959
1098.6,353992
1098.7,354026
1098.8,354059
1098.9,354093
1099,354127
1099.1,354160
1099.2,354194
1099.3,354227
1099.4,354261
1099.5,354294
1099.6,354327
1099.7,354361
1099.8,354394
1099.9,354428
1100,354461
1100.1,354494
1100.2,354528
1100.3,354562
1100.4,354595
1100.5,354629
1100.6,354662
1100.7,354696
1100.8,354729
1100.9,354762
1101,354796
1101.1,354829
1101.2,354863
1101.3,354896
1101.4,354930
1101.5,354963
1101.6,354997
1101.7,355030
1101.8,355064
1101.9,355097
1102,355130
1102.1,355164
1102.2,355197
1102.3,355231
1102.4,355264
1102.5,355298
1102.6,355331
1102.7,355365
1102.8,355398
1102.9,355431
1103,355465
1103.1,355499
1103.2,355532
1103.3,355565
1103.4,355599
1103.5,355632
1103.6,355665
1103.7,355699
1103.8,355733
1103.9,355766
1104,355799
1104.1,355833
1104.2,355866
1104.3,355899
1104.4,355933
1104.5,355966
1104.6,355999
1104.7,356033
1104.8,356066
1104.9,356100
1105,356134
1105.1,356167
1105.2,356200
1105.3,356233
1105.4,356267
1105.5,356300
1105.6,356334
1105.7,356367
1105.8,356400
1105.9,356434
1106,356467
1106.1,356500
1106.2,356534
1106.3,356567
1106.4,356601
1106.5,356634
1106.6,356667
1106.7,356701
1106.8,356734
1106.9,356768
1107,356801
1107.1,356835
1107.2,356868
1107.3,356901
1107.4,356935
1107.5,356968
1107.6,357002
1107.7,357035
1107.8,357068
1107.9,357102
1108,357135
1108.1,357169
1108.2,357202
1108.3,357235
1108.4,357268
1108.5,357302
1108.6,357336
1108.7,357369
1108.8,357402
1108.9,357436
1109,357469
1109.1,357502
1109.2,357536
1109.3,357569
1109.4,357603
1109.5,357636
1109.6,357669
1109.7,357702
1109.8,357736
1109.9,357770
1110,357803
1110.1,357836
1110.2,357869
1110.3,357902
1110.4,357936
1110.5,357969
1110.6,358003
1110.7,358036
1110.8,358069
1110.9,358103
1111,358136
1111.1,358170
1111.2,358203
1111.3,358237
1111.4,358270
1111.5,358303
1111.6,358336
1111.7,358370
1111.8,358403
1111.9,358437
1112,358470
1112.1,358503
1112.2,358536
1112.3,358569
1112.4,358603
1112.5,358636
1112.6,358669
1112.7,358703
1112.8,358736
1112.9,358769
1113,358803
1113.1,358836
1113.2,358869
1113.3,358903
1113.4,358936
1113.5,358969
1113.6,359002
1113.7,359036
1113.8,359070
1113.9,359103
1114,359136
1114.1,359169
1114.2,359202
1114.3,359236
1114.4,359270
1114.5,359303
1114.6,359336
1114.7,359369
1114.8,359402
1114.9,359436
1115,359469
1115.1,359502
1115.2,359536
1115.3,359569
1115.4,359602
1115.5,359635
1115.6,359669
1115.7,359702
1115.8,359735
1115.9,359769
1116,359802
1116.1,359835
1116.2,359868
1116.3,359902
1116.4,359935
1116.5,359968
1116.6,360002
1116.7,360035
1116.8,360068
1116.9,360102
1117,360135
1117.1,360168
1117.2,360202
1117.3,360235
1117.4,360268
1117.5,360302
1117.6,360335
1117.7,360368
1117.8,360401
1117.9,360434
1118,360468
1118.1,360501
1118.2,360534
1118.3,360567
1118.4,360601
1118.5,360634
1118.6,360667
1118.7,360701
1118.8,360734
1118.9,360767
1119,360800
1119.1,360833
1119.2,360867
1119.3,360900
1119.4,360933
1119.5,360967
1119.6,361000
1119.7,361033
1119.8,361066
1119.9,361099
1120,361133
1120.1,361166
1120.2,361199
1120.3,361232
1120.4,361265
1120.5,361299
1120.6,361332
1120.7,361366
1120.8,361399
1120.9,361432
1121,361465
1121.1,361498
1121.2,361532
1121.3,361565
1121.4,361598
1121.5,361631
1121.6,361664
1121.7,361698
1121.8,361731
1121.9,361764
1122,361797
1122.1,361831
1122.2,361864
1122.3,361897
1122.4,361930
1122.5,361963
1122.6,361997
1122.7,362030
1122.8,362063
1122.9,362096
1123,362129
1123.1,362162
1123.2,362196
1123.3,362229
1123.4,362262
1123.5,362295
1123.6,362329
1123.7,362362
1123.8,362395
1123.9,362428
1124,362461
1124.1,362494
1124.2,362528
1124.3,362561
1124.4,362594
1124.5,362627
1124.6,362661
1124.7,362694
1124.8,362727
1124.9,362760
1125,362794
1125.1,362827
1125.2,362860
1125.3,362893
1125.4,362926
1125.5,362959
1125.6,362992
1125.7,363026
1125.8,363059
1125.9,363092
1126,363125
1126.1,363158
1126.2,363192
1126.3,363225
1126.4,363258
1126.5,363291
1126.6,363324
1126.7,363358
1126.8,363391
1126.9,363424
1127,363457
1127.1,363490
1127.2,363523
1127.3,363556
1127.4,363590
1127.5,363623
1127.6,363656
1127.7,363689
1127.8,363722
1127.9,363755
1128,363788
1128.1,363822
1128.2,363855
1128.3,363888
1128.4,363921
1128.5,363954
1128.6,363987
1128.7,364021
1128.8,364054
1128.9,364087
1129,364120
1129.1,364153
1129.2,364186
1129.3,364219
1129.4,364253
1129.5,364286
1129.6,364319
1129.7,364352
1129.8,364385
1129.9,364418
1130,364452
1130.1,364484
1130.2,364517
1130.3,364551
1130.4,364584
1130.5,364617
1130.6,364650
1130.7,364683
1130.8,364716
1130.9,364749
1131,364782
1131.1,364815
1131.2,364848
1131.3,364882
1131.4,364915
1131.5,364948
1131.6,364981
1131.7,365014
1131.8,365047
1131.9,365080
1132,365113
1132.1,365146
1132.2,365179
1132.3,365213
1132.4,365246
1132.5,365279
1132.6,365312
1132.7,365345
1132.8,365378
1132.9,365411
1133,365444
1133.1,365478
1133.2,365511
1133.3,365543
1133.4,365576
1133.5,365610
1133.6,365643
1133.7,365676
1133.8,365709
1133.9,365742
1134,365775
1134.1,365808
1134.2,365841
1134.3,365874
1134.4,365908
1134.5,365940
1134.6,365974
1134.7,366007
1134.8,366040
1134.9,366073
1135,366106
1135.1,366139
1135.2,366172
1135.3,366205
1135.4,366238
1135.5,366271
1135.6,366305
1135.7,366337
1135.8,366370
1135.9,366403
1136,366436
1136.1,366469
1136.2,366503
1136.3,366536
1136.4,366568
1136.5,366601
1136.6,366634
1136.7,366668
1136.8,366701
1136.9,366734
1137,366767
1137.1,366800
1137.2,366833
1137.3,366866
1137.4,366899
1137.5,366932
1137.6,366965
1137.7,366998
1137.8,367031
1137.9,367064
1138,367097
1138.1,367130
1138.2,367163
1138.3,367196
1138.4,367229
1138.5,367262
1138.6,367295
1138.7,367328
1138.8,367361
1138.9,367394
1139,367427
1139.1,367460
1139.2,367493
1139.3,367526
1139.4,367559
1139.5,367592
1139.6,367625
1139.7,367658
1139.8,367691
1139.9,367724
1140,367757
1140.1,367790
1140.2,367823
1140.3,367856
1140.4,367889
1140.5,367922
1140.6,367955
1140.7,367988
1140.8,368021
1140.9,368054
1141,368087
1141.1,368120
1141.2,368153
1141.3,368186
1141.4,368219
1141.5,368252
1141.6,368285
1141.7,368318
1141.8,368351
1141.9,368384
1142,368417
1142.1,368449
1142.2,368483
1142.3,368516
1142.4,368549
1142.5,368582
1142.6,368614
1142.7,368647
1142.8,368680
1142.9,368713
1143,368746
1143.1,368779
1143.2,368812
1143.3,368845
1143.4,368878
1143.5,368911
1143.6,368944
1143.7,368977
1143.8,369010
1143.9,369043
1144,369076
1144.1,369109
1144.2,369142
1144.3,369175
1144.4,369208
1144.5,369241
1144.6,369274
1144.7,369306
1144.8,369339
1144.9,369372
1145,369405
1145.1,369438
1145.2,369471
1145.3,369504
1145.4,369537
1145.5,369570
1145.6,369603
1145.7,369636
1145.8,369668
1145.9,369701
1146,369734
1146.1,369767
1146.2,369801
1146.3,369833
1146.4,369866
1146.5,369899
1146.6,369932
1146.7,369965
1146.8,369998
1146.9,370031
1147,370063
1147.1,370096
1147.2,370129
1147.3,370162
1147.4,370195
1147.5,370228
1147.6,370261
1147.7,370294
1147.8,370327
1147.9,370360
1148,370393
1148.1,370426
1148.2,370458
1148.3,370491
1148.4,370524
1148.5,370557
1148.6,370590
1148.7,370623
1148.8,370655
1148.9,370688
1149,370721
1149.1,370754
1149.2,370787
1149.3,370820
1149.4,370853
1149.5,370886
1149.6,370919
1149.7,370952
1149.8,370985
1149.9,371018
1150,371051
1150.1,371083
1150.2,371116
1150.3,371149
1150.4,371182
1150.5,371215
1150.6,371248
1150.7,371280
1150.8,371313
1150.9,371346
1151,371379
1151.1,371412
1151.2,371445
1151.3,371478
1151.4,371510
1151.5,371543
1151.6,371576
1151.7,371609
1151.8,371642
1151.9,371674
1152,371707
1152.1,371740
1152.2,371773
1152.3,371806
1152.4,371838
1152.5,371871
1152.6,371904
1152.7,371937
1152.8,371970
1152.9,372003
1153,372036
1153.1,372069
1153.2,372101
1153.3,372134
1153.4,372167
1153.5,372200
1153.6,372233
1153.7,372266
1153.8,372298
1153.9,372331
1154,372364
1154.1,372397
1154.2,372430
1154.3,372463
1154.4,372495
1154.5,372528
1154.6,372561
1154.7,372593
1154.8,372627
1154.9,372659
1155,372692
1155.1,372725
1155.2,372757
1155.3,372791
1155.4,372824
1155.5,372856
1155.6,372889
1155.7,372922
1155.8,372955
1155.9,372987
1156,373020
1156.1,373052
1156.2,373085
1156.3,373118
1156.4,373151
1156.5,373184
1156.6,373216
1156.7,373249
1156.8,373282
1156.9,373315
1157,373348
1157.1,373381
1157.2,373413
1157.3,373446
1157.4,373479
1157.5,373512
1157.6,373544
1157.7,373577
1157.8,373610
1157.9,373643
1158,373676
1158.1,373708
1158.2,373741
1158.3,373774
1158.4,373807
1158.5,373839
1158.6,373872
1158.7,373905
1158.8,373937
1158.9,373970
1159,374003
1159.1,374036
1159.2,374068
1159.3,374101
1159.4,374134
1159.5,374167
1159.6,374200
1159.7,374232
1159.8,374265
1159.9,374297
1160,374330
1160.1,374363
1160.2,374396
1160.3,374429
1160.4,374462
1160.5,374494
1160.6,374527
1160.7,374559
1160.8,374592
1160.9,374625
1161,374658
1161.1,374690
1161.2,374723
1161.3,374756
1161.4,374789
1161.5,374821
1161.6,374854
1161.7,374887
1161.8,374920
1161.9,374952
1162,374985
1162.1,375018
1162.2,375051
1162.3,375083
1162.4,375116
1162.5,375148
1162.6,375181
1162.7,375214
1162.8,375247
1162.9,375279
1163,375312
1163.1,375345
1163.2,375377
1163.3,375410
1163.4,375443
1163.5,375475
1163.6,375508
1163.7,375540
1163.8,375573
1163.9,375606
1164,375639
1164.1,375672
1164.2,375704
1164.3,375737
1164.4,375770
1164.5,375802
1164.6,375835
1164.7,375868
1164.8,375900
1164.9,375933
1165,375966
1165.1,375999
1165.2,376031
1165.3,376064
1165.4,376097
1165.5,376129
1165.6,376162
1165.7,376195
1165.8,376227
1165.9,376260
1166,376293
1166.1,376325
1166.2,376358
1166.3,376390
1166.4,376423
1166.5,376456
1166.6,376488
1166.7,376521
1166.8,376553
1166.9,376586
1167,376619
1167.1,376652
1167.2,376684
1167.3,376717
1167.4,376749
1167.5,376782
1167.6,376815
1167.7,376848
1167.8,376880
1167.9,376913
1168,376945
1168.1,376978
1168.2,377011
1168.3,377043
1168.4,377076
1168.5,377108
1168.6,377141
1168.7,377174
1168.8,377206
1168.9,377239
1169,377272
1169.1,377304
1169.2,377337
1169.3,377369
1169.4,377402
1169.5,377435
1169.6,377468
1169.7,377500
1169.8,377533
1169.9,377565
1170,377598
1170.1,377630
1170.2,377663
1170.3,377696
1170.4,377728
1170.5,377761
1170.6,377793
1170.7,377826
1170.8,377859
1170.9,377891
1171,377924
1171.1,377956
1171.2,377989
1171.3,378022
1171.4,378054
1171.5,378087
1171.6,378119
1171.7,378152
1171.8,378184
1171.9,378217
1172,378250
1172.1,378282
1172.2,378314
1172.3,378347
1172.4,378380
1172.5,378412
1172.6,378445
1172.7,378477
1172.8,378510
1172.9,378542
1173,378575
1173.1,378607
1173.2,378640
1173.3,378673
1173.4,378705
1173.5,378738
1173.6,378770
1173.7,378803
1173.8,378835
1173.9,378868
1174,378901
1174.1,378933
1174.2,378966
1174.3,378998
1174.4,379031
1174.5,379064
1174.6,379096
1174.7,379128
1174.8,379161
1174.9,379194
1175,379226
1175.1,379259
1175.2,379291
1175.3,379324
1175.4,379356
1175.5,379389
1175.6,379421
1175.7,379454
1175.8,379486
1175.9,379519
1176,379551
1176.1,379584
1176.2,379616
1176.3,379649
1176.4,379681
1176.5,379714
1176.6,379746
1176.7,379779
1176.8,379811
1176.9,379844
1177,379876
1177.1,379909
1177.2,379941
1177.3,379973
1177.4,380006
1177.5,380039
1177.6,380071
1177.7,380103
1177.8,380136
1177.9,380168
1178,380201
1178.1,380233
1178.2,380266
1178.3,380298
1178.4,380331
1178.5,380363
1178.6,380396
1178.7,380428
1178.8,380461
1178.9,380493
1179,380526
1179.1,380558
1179.2,380591
1179.3,380623
1179.4,380656
1179.5,380689
1179.6,380721
1179.7,380753
1179.8,380786
1179.9,380818
1180,380851
1180.1,380883
1180.2,380915
1180.3,380948
1180.4,380981
1180.5,381013
1180.6,381046
1180.7,381078
1180.8,381110
1180.9,381143
1181,381175
1181.1,381208
1181.2,381240
1181.3,381272
1181.4,381305
1181.5,381337
1181.6,381370
1181.7,381402
1181.8,381435
1181.9,381467
1182,381499
1182.1,381532
1182.2,381564
1182.3,381597
1182.4,381629
1182.5,381661
1182.6,381694
1182.7,381726
1182.8,381759
1182.9,381791
1183,381823
1183.1,381856
1183.2,381889
1183.3,381921
1183.4,381953
1183.5,381986
1183.6,382018
1183.7,382051
1183.8,382083
1183.9,382116
1184,382148
1184.1,382181
1184.2,382213
1184.3,382246
1184.4,382278
1184.5,382310
1184.6,382342
1184.7,382375
1184.8,382408
1184.9,382440
1185,382472
1185.1,382504
1185.2,382537
1185.3,382569
1185.4,382602
1185.5,382635
1185.6,382667
1185.7,382699
1185.8,382731
1185.9,382763
1186,382796
1186.1,382829
1186.2,382861
1186.3,382893
1186.4,382926
1186.5,382958
1186.6,382990
1186.7,383023
1186.8,383055
1186.9,383087
1187,383120
1187.1,383152
1187.2,383184
1187.3,383217
1187.4,383249
1187.5,383281
1187.6,383314
1187.7,383346
1187.8,383379
1187.9,383411
1188,383443
1188.1,383475
1188.2,383507
1188.3,383540
1188.4,383572
1188.5,383605
1188.6,383637
1188.7,383669
1188.8,383701
1188.9,383734
1189,383766
1189.1,383799
1189.2,383831
1189.3,383863
1189.4,383896
1189.5,383928
1189.6,383960
1189.7,383993
1189.8,384025
1189.9,384057
1190,384090
1190.1,384122
1190.2,384154
1190.3,384187
1190.4,384219
1190.5,384252
1190.6,384284
1190.7,384316
1190.8,384348
1190.9,384381
1191,384413
1191.1,384445
1191.2,384478
1191.3,384510
1191.4,384542
1191.5,384575
1191.6,384607
1191.7,384639
1191.8,384671
1191.9,384704
1192,384736
1192.1,384768
1192.2,384801
1192.3,384833
1192.4,384865
1192.5,384897
1192.6,384930
1192.7,384962
1192.8,384994
1192.9,385027
1193,385059
1193.1,385091
1193.2,385123
1193.3,385156
1193.4,385188
1193.5,385220
1193.6,385252
1193.7,385285
1193.8,385317
1193.9,385349
1194,385381
1194.1,385413
1194.2,385446
1194.3,385478
1194.4,385510
1194.5,385543
1194.6,385575
1194.7,385607
1194.8,385639
1194.9,385671
1195,385703
1195.1,385736
1195.2,385768
1195.3,385800
1195.4,385832
1195.5,385864
1195.6,385897
1195.7,385929
1195.8,385962
1195.9,385994
1196,386026
1196.1,386058
1196.2,386091
1196.3,386123
1196.4,386155
1196.5,386188
1196.6,386220
1196.7,386252
1196.8,386284
1196.9,386316
1197,386349
1197.1,386381
1197.2,386413
1197.3,386445
1197.4,386477
1197.5,386510
1197.6,386542
1197.7,386575
1197.8,386607
1197.9,386638
1198,386671
1198.1,386703
1198.2,386735
1198.3,386768
1198.4,386800
1198.5,386832
1198.6,386864
1198.7,386896
1198.8,386928
1198.9,386961
1199,386993
1199.1,387025
1199.2,387057
1199.3,387089
1199.4,387122
1199.5,387154
1199.6,387186
1199.7,387218
1199.8,387250
1199.9,387282
1200,387315
1200.1,387347
1200.2,387379
1200.3,387411
1200.4,387443
1200.5,387475
1200.6,387508
1200.7,387540
1200.8,387572
1200.9,387604
1201,387636
1201.1,387668
1201.2,387700
1201.3,387733
1201.4,387765
1201.5,387797
1201.6,387829
1201.7,387861
1201.8,387893
1201.9,387926
1202,387957
1202.1,387990
1202.2,388022
1202.3,388053
1202.4,388086
1202.5,388118
1202.6,388150
1202.7,388182
1202.8,388214
1202.9,388246
1203,388278
1203.1,388311
1203.2,388343
1203.3,388375
1203.4,388407
1203.5,388439
1203.6,388471
1203.7,388503
1203.8,388536
1203.9,388568
1204,388600
1204.1,388632
1204.2,388664
1204.3,388696
1204.4,388729
1204.5,388760
1204.6,388792
1204.7,388824
1204.8,388857
1204.9,388889
1205,388921
1205.1,388953
1205.2,388985
1205.3,389017
1205.4,389049
1205.5,389082
1205.6,389114
1205.7,389146
1205.8,389178
1205.9,389210
1206,389242
1206.1,389274
1206.2,389307
1206.3,389338
1206.4,389370
1206.5,389402
1206.6,389435
1206.7,389467
1206.8,389499
1206.9,389531
1207,389563
1207.1,389595
1207.2,389627
1207.3,389659
1207.4,389692
1207.5,389723
1207.6,389755
1207.7,389787
1207.8,389819
1207.9,389852
1208,389884
1208.1,389915
1208.2,389948
1208.3,389980
1208.4,390012
1208.5,390044
1208.6,390076
1208.7,390108
1208.8,390140
1208.9,390172
1209,390204
1209.1,390236
1209.2,390268
1209.3,390300
1209.4,390332
1209.5,390364
1209.6,390396
1209.7,390428
1209.8,390460
1209.9,390492
1210,390524
1210.1,390556
1210.2,390588
1210.3,390620
1210.4,390652
1210.5,390684
1210.6,390716
1210.7,390748
1210.8,390780
1210.9,390812
1211,390844
1211.1,390876
1211.2,390908
1211.3,390940
1211.4,390972
1211.5,391004
1211.6,391036
1211.7,391068
1211.8,391100
1211.9,391131
1212,391164
1212.1,391195
1212.2,391228
1212.3,391260
1212.4,391291
1212.5,391323
1212.6,391355
1212.7,391387
1212.8,391419
1212.9,391451
1213,391483
1213.1,391515
1213.2,391547
1213.3,391579
1213.4,391611
1213.5,391643
1213.6,391675
1213.7,391707
1213.8,391739
1213.9,391771
1214,391803
1214.1,391835
1214.2,391867
1214.3,391899
1214.4,391931
1214.5,391963
1214.6,391995
1214.7,392027
1214.8,392059
1214.9,392091
1215,392123
1215.1,392155
1215.2,392187
1215.3,392219
1215.4,392250
1215.5,392282
1215.6,392315
1215.7,392347
1215.8,392379
1215.9,392411
1216,392442
1216.1,392474
1216.2,392506
1216.3,392538
1216.4,392570
1216.5,392602
1216.6,392634
1216.7,392666
1216.8,392698
1216.9,392730
1217,392762
1217.1,392794
1217.2,392826
1217.3,392857
1217.4,392889
1217.5,392921
1217.6,392953
1217.7,392985
1217.8,393017
1217.9,393049
1218,393081
1218.1,393113
1218.2,393145
1218.3,393177
1218.4,393209
1218.5,393240
1218.6,393272
1218.7,393304
1218.8,393336
1218.9,393368
1219,393400
1219.1,393431
1219.2,393463
1219.3,393495
1219.4,393527
1219.5,393559
1219.6,393591
1219.7,393623
1219.8,393655
1219.9,393687
1220,393718
1220.1,393750
1220.2,393782
1220.3,393814
1220.4,393846
1220.5,393878
1220.6,393910
1220.7,393941
1220.8,393973
1220.9,394005
1221,394037
1221.1,394069
1221.2,394101
1221.3,394133
1221.4,394164
1221.5,394196
1221.6,394228
1221.7,394259
1221.8,394291
1221.9,394324
1222,394355
1222.1,394387
1222.2,394419
1222.3,394450
1222.4,394483
1222.5,394515
1222.6,394546
1222.7,394578
1222.8,394610
1222.9,394641
1223,394673
1223.1,394705
1223.2,394737
1223.3,394769
1223.4,394800
1223.5,394832
1223.6,394864
1223.7,394896
1223.8,394928
1223.9,394959
1224,394991
1224.1,395023
1224.2,395055
1224.3,395087
1224.4,395118
1224.5,395150
1224.6,395182
1224.7,395214
1224.8,395245
1224.9,395277
1225,395309
1225.1,395341
1225.2,395373
1225.3,395404
1225.4,395436
1225.5,395468
1225.6,395500
1225.7,395531
1225.8,395563
1225.9,395594
1226,395627
1226.1,395658
1226.2,395690
1226.3,395722
1226.4,395753
1226.5,395785
1226.6,395817
1226.7,395849
1226.8,395880
1226.9,395912
1227,395943
1227.1,395975
1227.2,396007
1227.3,396039
1227.4,396071
1227.5,396102
1227.6,396134
1227.7,396166
1227.8,396197
1227.9,396229
1228,396261
1228.1,396292
1228.2,396324
1228.3,396356
1228.4,396388
1228.5,396419
1228.6,396452
1228.7,396483
1228.8,396515
1228.9,396547
1229,396578
1229.1,396610
1229.2,396642
1229.3,396674
1229.4,396705
1229.5,396737
1229.6,396769
1229.7,396801
1229.8,396832
1229.9,396864
1230,396895
1230.1,396927
1230.2,396959
1230.3,396991
1230.4,397023
1230.5,397054
1230.6,397086
1230.7,397118
1230.8,397150
1230.9,397181
1231,397213
1231.1,397245
1231.2,397276
1231.3,397308
1231.4,397340
1231.5,397372
1231.6,397403
1231.7,397435
1231.8,397466
1231.9,397498
1232,397530
1232.1,397562
1232.2,397594
1232.3,397625
1232.4,397657
1232.5,397688
1232.6,397720
1232.7,397752
1232.8,397784
1232.9,397815
1233,397847
1233.1,397879
1233.2,397910
1233.3,397942
1233.4,397974
1233.5,398005
1233.6,398037
1233.7,398068
1233.8,398100
1233.9,398132
1234,398164
1234.1,398196
1234.2,398227
1234.3,398258
1234.4,398290
1234.5,398322
1234.6,398354
1234.7,398385
1234.8,398417
1234.9,398448
1235,398480
1235.1,398512
1235.2,398544
1235.3,398575
1235.4,398607
1235.5,398638
1235.6,398670
1235.7,398702
1235.8,398734
1235.9,398765
1236,398797
1236.1,398828
1236.2,398860
1236.3,398892
1236.4,398923
1236.5,398954
1236.6,398986
1236.7,399018
1236.8,399049
1236.9,399081
1237,399113
1237.1,399144
1237.2,399176
1237.3,399207
1237.4,399239
1237.5,399271
1237.6,399302
1237.7,399334
1237.8,399365
1237.9,399397
1238,399428
1238.1,399460
1238.2,399492
1238.3,399523
1238.4,399555
1238.5,399586
1238.6,399618
1238.7,399650
1238.8,399681
1238.9,399713
1239,399744
1239.1,399776
1239.2,399807
1239.3,399839
1239.4,399871
1239.5,399902
1239.6,399934
1239.7,399965
1239.8,399996
1239.9,400028
1240,400060
1240.1,400092
1240.2,400123
1240.3,400154
1240.4,400186
1240.5,400218
1240.6,400250
1240.7,400281
1240.8,400312
1240.9,400343
1241,400375
1241.1,400407
1241.2,400439
1241.3,400470
1241.4,400501
1241.5,400533
1241.6,400565
1241.7,400596
1241.8,400628
1241.9,400659
1242,400690
1242.1,400722
1242.2,400753
1242.3,400785
1242.4,400817
1242.5,400848
1242.6,400879
1242.7,400911
1242.8,400943
1242.9,400974
1243,401006
1243.1,401037
1243.2,401068
1243.3,401100
1243.4,401132
1243.5,401163
1243.6,401195
1243.7,401226
1243.8,401258
1243.9,401289
1244,401320
1244.1,401352
1244.2,401384
1244.3,401415
1244.4,401446
1244.5,401478
1244.6,401509
1244.7,401541
1244.8,401573
1244.9,401604
1245,401635
1245.1,401666
1245.2,401698
1245.3,401730
1245.4,401761
1245.5,401793
1245.6,401824
1245.7,401855
1245.8,401887
1245.9,401918
1246,401950
1246.1,401981
1246.2,402013
1246.3,402044
1246.4,402076
1246.5,402107
1246.6,402139
1246.7,402170
1246.8,402201
1246.9,402232
1247,402264
1247.1,402296
1247.2,402327
1247.3,402358
1247.4,402390
1247.5,402421
1247.6,402452
1247.7,402484
1247.8,402516
1247.9,402547
1248,402578
1248.1,402609
1248.2,402641
1248.3,402673
1248.4,402704
1248.5,402735
1248.6,402767
1248.7,402798
1248.8,402829
1248.9,402861
1249,402892
1249.1,402924
1249.2,402955
1249.3,402986
1249.4,403018
1249.5,403049
1249.6,403081
1249.7,403112
1249.8,403144
1249.9,403175
1250,403206
1250.1,403238
1250.2,403269
1250.3,403300
1250.4,403332
1250.5,403363
1250.6,403394
1250.7,403426
1250.8,403458
1250.9,403489
1251,403520
1251.1,403551
1251.2,403583
1251.3,403614
1251.4,403645
1251.5,403677
1251.6,403708
1251.7,403739
1251.8,403771
1251.9,403802
1252,403834
1252.1,403865
1252.2,403896
1252.3,403927
1252.4,403959
1252.5,403990
1252.6,404022
1252.7,404053
1252.8,404084
1252.9,404115
1253,404147
1253.1,404178
1253.2,404210
1253.3,404241
1253.4,404272
1253.5,404303
1253.6,404335
1253.7,404366
1253.8,404398
1253.9,404429
1254,404460
1254.1,404491
1254.2,404523
1254.3,404554
1254.4,404586
1254.5,404617
1254.6,404648
1254.7,404679
1254.8,404710
1254.9,404742
1255,404774
1255.1,404805
1255.2,404836
1255.3,404867
1255.4,404898
1255.5,404930
1255.6,404961
1255.7,404992
1255.8,405024
1255.9,405055
1256,405086
1256.1,405117
1256.2,405149
1256.3,405180
1256.4,405211
1256.5,405242
1256.6,405274
1256.7,405305
1256.8,405337
1256.9,405368
1257,405399
1257.1,405430
1257.2,405461
1257.3,405493
1257.4,405524
1257.5,405555
1257.6,405586
1257.7,405618
1257.8,405649
1257.9,405680
1258,405712
1258.1,405743
1258.2,405774
1258.3,405805
1258.4,405836
1258.5,405868
1258.6,405899
1258.7,405930
1258.8,405961
1258.9,405992
1259,406024
1259.1,406055
1259.2,406087
1259.3,406118
1259.4,406149
1259.5,406180
1259.6,406211
1259.7,406243
1259.8,406274
1259.9,406305
1260,406336
1260.1,406367
1260.2,406399
1260.3,406430
1260.4,406461
1260.5,406492
1260.6,406524
1260.7,406555
1260.8,406586
1260.9,406617
1261,406649
1261.1,406680
1261.2,406711
1261.3,406742
1261.4,406773
1261.5,406805
1261.6,406836
1261.7,406867
1261.8,406898
1261.9,406929
1262,406960
1262.1,406992
1262.2,407023
1262.3,407054
1262.4,407085
1262.5,407116
1262.6,407147
1262.7,407179
1262.8,407210
1262.9,407241
1263,407272
1263.1,407303
1263.2,407334
1263.3,407366
1263.4,407397
1263.5,407428
1263.6,407459
1263.7,407490
1263.8,407521
1263.9,407553
1264,407584
1264.1,407615
1264.2,407646
1264.3,407677
1264.4,407709
1264.5,407740
1264.6,407771
1264.7,407802
1264.8,407833
1264.9,407864
1265,407895
1265.1,407927
1265.2,407958
1265.3,407989
1265.4,408020
1265.5,408051
1265.6,408082
1265.7,408114
1265.8,408145
1265.9,408176
1266,408207
1266.1,408238
1266.2,408269
1266.3,408300
1266.4,408331
1266.5,408362
1266.6,408393
1266.7,408424
1266.8,408455
1266.9,408487
1267,408518
1267.1,408548
1267.2,408579
1267.3,408610
1267.4,408642
1267.5,408673
1267.6,408704
1267.7,408735
1267.8,408766
1267.9,408797
1268,408828
1268.1,408859
1268.2,408890
1268.3,408921
1268.4,408952
1268.5,408983
1268.6,409014
1268.7,409045
1268.8,409076
1268.9,409107
1269,409138
1269.1,409169
1269.2,409200
1269.3,409231
1269.4,409262
1269.5,409293
1269.6,409324
1269.7,409355
1269.8,409386
1269.9,409417
1270,409448
1270.1,409479
1270.2,409510
1270.3,409541
1270.4,409572
1270.5,409603
1270.6,409634
1270.7,409665
1270.8,409696
1270.9,409727
1271,409758
1271.1,409789
1271.2,409820
1271.3,409851
1271.4,409882
1271.5,409913
1271.6,409944
1271.7,409975
1271.8,410006
1271.9,410037
1272,410068
1272.1,410099
1272.2,410130
1272.3,410161
1272.4,410192
1272.5,410223
1272.6,410254
1272.7,410285
1272.8,410316
1272.9,410347
1273,410378
1273.1,410408
1273.2,410439
1273.3,410470
1273.4,410501
1273.5,410533
1273.6,410563
1273.7,410594
1273.8,410625
1273.9,410656
1274,410687
1274.1,410718
1274.2,410749
1274.3,410780
1274.4,410811
1274.5,410842
1274.6,410873
1274.7,410904
1274.8,410935
1274.9,410965
1275,410996
1275.1,411027
1275.2,411059
1275.3,411090
1275.4,411120
1275.5,411151
1275.6,411182
1275.7,411213
1275.8,411244
1275.9,411275
1276,411306
1276.1,411337
1276.2,411368
1276.3,411398
1276.4,411429
1276.5,411461
1276.6,411491
1276.7,411522
1276.8,411553
1276.9,411584
1277,411615
1277.1,411646
1277.2,411677
1277.3,411708
1277.4,411739
1277.5,411769
1277.6,411800
1277.7,411832
1277.8,411862
1277.9,411893
1278,411924
1278.1,411955
1278.2,411986
1278.3,412017
1278.4,412047
1278.5,412078
1278.6,412109
1278.7,412140
1278.8,412171
1278.9,412202
1279,412233
1279.1,412264
1279.2,412294
1279.3,412325
1279.4,412356
1279.5,412388
1279.6,412418
1279.7,412449
1279.8,412480
1279.9,412511
1280,412542
1280.1,412573
1280.2,412604
1280.3,412634
1280.4,412665
1280.5,412696
1280.6,412727
1280.7,412758
1280.8,412789
1280.9,412820
1281,412850
1281.1,412881
1281.2,412912
1281.3,412943
1281.4,412974
1281.5,413005
1281.6,413035
1281.7,413066
1281.8,413097
1281.9,413128
1282,413159
1282.1,413190
1282.2,413221
1282.3,413251
1282.4,413282
1282.5,413313
1282.6,413344
1282.7,413375
1282.8,413405
1282.9,413436
1283,413467
1283.1,413498
1283.2,413529
1283.3,413559
1283.4,413590
1283.5,413621
1283.6,413652
1283.7,413682
1283.8,413713
1283.9,413744
1284,413775
1284.1,413805
1284.2,413836
1284.3,413867
1284.4,413897
1284.5,413928
1284.6,413959
1284.7,413990
1284.8,414021
1284.9,414051
1285,414082
1285.1,414112
1285.2,414143
1285.3,414174
1285.4,414205
1285.5,414236
1285.6,414266
1285.7,414297
1285.8,414328
1285.9,414358
1286,414389
1286.1,414420
1286.2,414451
1286.3,414481
1286.4,414512
1286.5,414543
1286.6,414574
1286.7,414604
1286.8,414635
1286.9,414666
1287,414696
1287.1,414727
1287.2,414758
1287.3,414789
1287.4,414819
1287.5,414850
1287.6,414881
1287.7,414911
1287.8,414942
1287.9,414973
1288,415003
1288.1,415034
1288.2,415065
1288.3,415096
1288.4,415126
1288.5,415157
1288.6,415188
1288.7,415218
1288.8,415249
1288.9,415280
1289,415311
1289.1,415341
1289.2,415371
1289.3,415402
1289.4,415433
1289.5,415464
1289.6,415495
1289.7,415525
1289.8,415556
1289.9,415586
1290,415617
1290.1,415648
1290.2,415679
1290.3,415709
1290.4,415740
1290.5,415770
1290.6,415801
1290.7,415832
1290.8,415863
1290.9,415893
1291,415924
1291.1,415954
1291.2,415985
1291.3,416016
1291.4,416047
1291.5,416077
1291.6,416108
1291.7,416138
1291.8,416169
1291.9,416200
1292,416231
1292.1,416261
1292.2,416292
1292.3,416322
1292.4,416353
1292.5,416384
1292.6,416415
1292.7,416445
1292.8,416476
1292.9,416506
1293,416537
1293.1,416568
1293.2,416599
1293.3,416629
1293.4,416659
1293.5,416690
1293.6,416721
1293.7,416751
1293.8,416782
1293.9,416813
1294,416843
1294.1,416874
1294.2,416904
1294.3,416935
1294.4,416966
1294.5,416996
1294.6,417026
1294.7,417057
1294.8,417088
1294.9,417118
1295,417149
1295.1,417179
1295.2,417210
1295.3,417241
1295.4,417271
1295.5,417302
1295.6,417332
1295.7,417362
1295.8,417393
1295.9,417424
1296,417454
1296.1,417485
1296.2,417515
1296.3,417545
1296.4,417576
1296.5,417607
1296.6,417637
1296.7,417668
1296.8,417698
1296.9,417729
1297,417759
1297.1,417790
1297.2,417821
1297.3,417851
1297.4,417882
1297.5,417912
1297.6,417942
1297.7,417973
1297.8,418004
1297.9,418034
1298,418065
1298.1,418095
1298.2,418125
1298.3,418156
1298.4,418186
1298.5,418217
1298.6,418248
1298.7,418278
1298.8,418308
1298.9,418339
1299,418370
1299.1,418400
1299.2,418430
1299.3,418461
1299.4,418492
1299.5,418522
1299.6,418553
1299.7,418583
1299.8,418614
1299.9,418644
1300,418674
1300.1,418705
1300.2,418736
1300.3,418766
1300.4,418796
1300.5,418827
1300.6,418857
1300.7,418888
1300.8,418918
1300.9,418949
1301,418979
1301.1,419010
1301.2,419040
1301.3,419071
1301.4,419101
1301.5,419132
1301.6,419162
1301.7,419192
1301.8,419223
1301.9,419254
1302,419284
1302.1,419315
1302.2,419345
1302.3,419375
1302.4,419406
1302.5,419436
1302.6,419467
1302.7,419498
1302.8,419528
1302.9,419558
1303,419589
1303.1,419619
1303.2,419649
1303.3,419680
1303.4,419711
1303.5,419741
1303.6,419771
1303.7,419802
1303.8,419832
1303.9,419863
1304,419893
1304.1,419923
1304.2,419953
1304.3,419984
1304.4,420015
1304.5,420045
1304.6,420075
1304.7,420105
1304.8,420136
1304.9,420166
1305,420197
1305.1,420227
1305.2,420257
1305.3,420288
1305.4,420318
1305.5,420348
1305.6,420379
1305.7,420409
1305.8,420439
1305.9,420470
1306,420500
1306.1,420531
1306.2,420561
1306.3,420591
1306.4,420621
1306.5,420652
1306.6,420682
1306.7,420713
1306.8,420743
1306.9,420773
1307,420803
1307.1,420833
1307.2,420864
1307.3,420895
1307.4,420925
1307.5,420955
1307.6,420985
1307.7,421016
1307.8,421046
1307.9,421076
1308,421107
1308.1,421137
1308.2,421167
1308.3,421197
1308.4,421228
1308.5,421259
1308.6,421289
1308.7,421319
1308.8,421349
1308.9,421380
1309,421410
1309.1,421440
1309.2,421471
1309.3,421501
1309.4,421531
1309.5,421561
1309.6,421592
1309.7,421622
1309.8,421653
1309.9,421683
1310,421713
1310.1,421743
1310.2,421774
1310.3,421804
1310.4,421835
1310.5,421865
1310.6,421895
1310.7,421925
1310.8,421955
1310.9,421986
1311,422017
1311.1,422047
1311.2,422077
1311.3,422107
1311.4,422138
1311.5,422168
1311.6,422198
1311.7,422228
1311.8,422259
1311.9,422289
1312,422319
1312.1,422350
1312.2,422380
1312.3,422410
1312.4,422440
1312.5,422470
1312.6,422500
1312.7,422531
1312.8,422561
1312.9,422591
1313,422621
1313.1,422651
1313.2,422682
1313.3,422712
1313.4,422742
1313.5,422772
1313.6,422803
1313.7,422832
1313.8,422863
1313.9,422893
1314,422923
1314.1,422953
1314.2,422984
1314.3,423014
1314.4,423044
1314.5,423074
1314.6,423104
1314.7,423135
1314.8,423165
1314.9,423195
1315,423225
1315.1,423256
1315.2,423286
1315.3,423316
1315.4,423346
1315.5,423376
1315.6,423407
1315.7,423437
1315.8,423466
1315.9,423497
1316,423527
1316.1,423557
1316.2,423587
1316.3,423618
1316.4,423648
1316.5,423678
1316.6,423708
1316.7,423738
1316.8,423768
1316.9,423799
1317,423829
1317.1,423859
1317.2,423889
1317.3,423919
1317.4,423949
1317.5,423980
1317.6,424010
1317.7,424040
1317.8,424070
1317.9,424100
1318,424130
1318.1,424161
1318.2,424191
1318.3,424221
1318.4,424251
1318.5,424281
1318.6,424311
1318.7,424342
1318.8,424372
1318.9,424402
1319,424432
1319.1,424462
1319.2,424492
1319.3,424522
1319.4,424552
1319.5,424582
1319.6,424612
1319.7,424642
1319.8,424673
1319.9,424703
1320,424732
1320.1,424762
1320.2,424793
1320.3,424823
1320.4,424853
1320.5,424883
1320.6,424913
1320.7,424943
1320.8,424973
1320.9,425003
1321,425033
1321.1,425063
1321.2,425094
1321.3,425123
1321.4,425153
1321.5,425184
1321.6,425214
1321.7,425243
1321.8,425274
1321.9,425304
1322,425334
1322.1,425364
1322.2,425394
1322.3,425424
1322.4,425454
1322.5,425484
1322.6,425514
1322.7,425544
1322.8,425574
1322.9,425604
1323,425634
1323.1,425664
1323.2,425694
1323.3,425725
1323.4,425754
1323.5,425785
1323.6,425814
1323.7,425844
1323.8,425874
1323.9,425905
1324,425935
1324.1,425965
1324.2,425995
1324.3,426024
1324.4,426055
1324.5,426085
1324.6,426115
1324.7,426145
1324.8,426175
1324.9,426205
1325,426235
1325.1,426265
1325.2,426295
1325.3,426325
1325.4,426355
1325.5,426385
1325.6,426415
1325.7,426445
1325.8,426475
1325.9,426505
1326,426535
1326.1,426565
1326.2,426595
1326.3,426625
1326.4,426655
1326.5,426685
1326.6,426715
1326.7,426745
1326.8,426775
1326.9,426805
1327,426835
1327.1,426864
1327.2,426894
1327.3,426924
1327.4,426954
1327.5,426984
1327.6,427014
1327.7,427044
1327.8,427074
1327.9,427104
1328,427134
1328.1,427164
1328.2,427194
1328.3,427223
1328.4,427253
1328.5,427283
1328.6,427313
1328.7,427343
1328.8,427373
1328.9,427403
1329,427433
1329.1,427463
1329.2,427493
1329.3,427523
1329.4,427553
1329.5,427582
1329.6,427612
1329.7,427642
1329.8,427672
1329.9,427702
1330,427732
1330.1,427762
1330.2,427792
1330.3,427822
1330.4,427851
1330.5,427882
1330.6,427911
1330.7,427941
1330.8,427971
1330.9,428001
1331,428031
1331.1,428061
1331.2,428091
1331.3,428121
1331.4,428151
1331.5,428180
1331.6,428210
1331.7,428241
1331.8,428270
1331.9,428300
1332,428330
1332.1,428360
1332.2,428390
1332.3,428420
1332.4,428449
1332.5,428479
1332.6,428509
1332.7,428539
1332.8,428569
1332.9,428599
1333,428628
1333.1,428658
1333.2,428688
1333.3,428718
1333.4,428748
1333.5,428777
1333.6,428807
1333.7,428837
1333.8,428867
1333.9,428897
1334,428927
1334.1,428956
1334.2,428986
1334.3,429016
1334.4,429046
1334.5,429076
1334.6,429105
1334.7,429135
1334.8,429165
1334.9,429195
1335,429224
1335.1,429254
1335.2,429284
1335.3,429314
1335.4,429343
1335.5,429373
1335.6,429403
1335.7,429433
1335.8,429463
1335.9,429492
1336,429522
1336.1,429552
1336.2,429582
1336.3,429612
1336.4,429642
1336.5,429671
1336.6,429701
1336.7,429731
1336.8,429760
1336.9,429790
1337,429820
1337.1,429850
1337.2,429879
1337.3,429909
1337.4,429939
1337.5,429969
1337.6,429999
1337.7,430028
1337.8,430058
1337.9,430088
1338,430118
1338.1,430147
1338.2,430177
1338.3,430207
1338.4,430237
1338.5,430266
1338.6,430296
1338.7,430326
1338.8,430356
1338.9,430386
1339,430415
1339.1,430445
1339.2,430475
1339.3,430505
1339.4,430534
1339.5,430564
1339.6,430593
1339.7,430623
1339.8,430653
1339.9,430683
1340,430712
1340.1,430742
1340.2,430771
1340.3,430801
1340.4,430831
1340.5,430861
1340.6,430890
1340.7,430920
1340.8,430949
1340.9,430979
1341,431009
1341.1,431039
1341.2,431068
1341.3,431098
1341.4,431127
1341.5,431157
1341.6,431187
1341.7,431217
1341.8,431246
1341.9,431276
1342,431305
1342.1,431335
1342.2,431365
1342.3,431395
1342.4,431424
1342.5,431454
1342.6,431483
1342.7,431513
1342.8,431543
1342.9,431573
1343,431602
1343.1,431632
1343.2,431661
1343.3,431691
1343.4,431720
1343.5,431750
1343.6,431780
1343.7,431809
1343.8,431839
1343.9,431869
1344,431898
1344.1,431928
1344.2,431958
1344.3,431987
1344.4,432017
1344.5,432047
1344.6,432076
1344.7,432106
1344.8,432135
1344.9,432165
1345,432195
1345.1,432225
1345.2,432254
1345.3,432283
1345.4,432313
1345.5,432343
1345.6,432372
1345.7,432402
1345.8,432432
1345.9,432461
1346,432491
1346.1,432520
1346.2,432550
1346.3,432579
1346.4,432609
1346.5,432638
1346.6,432668
1346.7,432697
1346.8,432727
1346.9,432757
1347,432786
1347.1,432815
1347.2,432845
1347.3,432875
1347.4,432904
1347.5,432934
1347.6,432963
1347.7,432993
1347.8,433022
1347.9,433052
1348,433081
1348.1,433111
1348.2,433141
1348.3,433170
1348.4,433199
1348.5,433229
1348.6,433259
1348.7,433288
1348.8,433318
1348.9,433347
1349,433376
1349.1,433406
1349.2,433436
1349.3,433465
1349.4,433495
1349.5,433524
1349.6,433554
1349.7,433583
1349.8,433613
1349.9,433643
1350,433673
1350.1,433702
1350.2,433731
1350.3,433760
1350.4,433790
1350.5,433820
1350.6,433849
1350.7,433878
1350.8,433908
1350.9,433937
1351,433967
1351.1,433996
1351.2,434025
1351.3,434055
1351.4,434084
1351.5,434114
1351.6,434143
1351.7,434173
1351.8,434202
1351.9,434232
1352,434261
1352.1,434290
1352.2,434320
1352.3,434350
1352.4,434379
1352.5,434408
1352.6,434437
1352.7,434467
1352.8,434497
1352.9,434526
1353,434555
1353.1,434585
1353.2,434614
1353.3,434644
1353.4,434673
1353.5,434703
1353.6,434732
1353.7,434761
1353.8,434791
1353.9,434820
1354,434849
1354.1,434879
1354.2,434909
1354.3,434938
1354.4,434967
1354.5,434997
1354.6,435026
1354.7,435056
1354.8,435085
1354.9,435114
1355,435144
1355.1,435173
1355.2,435203
1355.3,435232
1355.4,435262
1355.5,435291
1355.6,435320
1355.7,435350
1355.8,435379
1355.9,435409
1356,435438
1356.1,435468
1356.2,435496
1356.3,435526
1356.4,435556
1356.5,435585
1356.6,435614
1356.7,435643
1356.8,435672
1356.9,435702
1357,435732
1357.1,435761
1357.2,435790
1357.3,435819
1357.4,435849
1357.5,435878
1357.6,435908
1357.7,435937
1357.8,435966
1357.9,435995
1358,436024
1358.1,436054
1358.2,436083
1358.3,436113
1358.4,436142
1358.5,436171
1358.6,436200
1358.7,436230
1358.8,436259
1358.9,436288
1359,436318
1359.1,436347
1359.2,436376
1359.3,436406
1359.4,436435
1359.5,436465
1359.6,436493
1359.7,436523
1359.8,436552
1359.9,436582
1360,436611
1360.1,436640
1360.2,436669
1360.3,436699
1360.4,436728
1360.5,436757
1360.6,436787
1360.7,436816
1360.8,436845
1360.9,436875
1361,436904
1361.1,436933
1361.2,436963
1361.3,436992
1361.4,437021
1361.5,437050
1361.6,437080
1361.7,437109
1361.8,437138
1361.9,437167
1362,437196
1362.1,437225
1362.2,437255
1362.3,437284
1362.4,437313
1362.5,437342
1362.6,437371
1362.7,437401
1362.8,437430
1362.9,437459
1363,437488
1363.1,437518
1363.2,437547
1363.3,437576
1363.4,437605
1363.5,437635
1363.6,437664
1363.7,437693
1363.8,437722
1363.9,437751
1364,437780
1364.1,437810
1364.2,437839
1364.3,437868
1364.4,437897
1364.5,437926
1364.6,437956
1364.7,437985
1364.8,438014
1364.9,438043
1365,438072
1365.1,438102
1365.2,438131
1365.3,438160
1365.4,438189
1365.5,438218
1365.6,438248
1365.7,438277
1365.8,438306
1365.9,438336
1366,438364
1366.1,438394
1366.2,438423
1366.3,438452
1366.4,438481
1366.5,438511
1366.6,438540
1366.7,438569
1366.8,438598
1366.9,438627
1367,438656
1367.1,438685
1367.2,438714
1367.3,438744
1367.4,438772
1367.5,438802
1367.6,438831
1367.7,438860
1367.8,438889
1367.9,438918
1368,438947
1368.1,438977
1368.2,439006
1368.3,439035
1368.4,439064
1368.5,439093
1368.6,439122
1368.7,439151
1368.8,439180
1368.9,439209
1369,439238
1369.1,439267
1369.2,439296
1369.3,439326
1369.4,439355
1369.5,439384
1369.6,439413
1369.7,439442
1369.8,439471
1369.9,439500
1370,439529
1370.1,439558
1370.2,439587
1370.3,439617
1370.4,439645
1370.5,439674
1370.6,439704
1370.7,439733
1370.8,439762
1370.9,439791
1371,439820
1371.1,439849
1371.2,439879
1371.3,439908
1371.4,439936
1371.5,439965
1371.6,439995
1371.7,440024
1371.8,440053
1371.9,440081
1372,440110
1372.1,440139
1372.2,440168
1372.3,440198
1372.4,440227
1372.5,440255
1372.6,440284
1372.7,440313
1372.8,440343
1372.9,440372
1373,440400
1373.1,440429
1373.2,440458
1373.3,440487
1373.4,440516
1373.5,440546
1373.6,440574
1373.7,440603
1373.8,440632
1373.9,440661
1374,440690
1374.1,440720
1374.2,440748
1374.3,440777
1374.4,440806
1374.5,440835
1374.6,440864
1374.7,440893
1374.8,440922
1374.9,440951
1375,440980
1375.1,441009
1375.2,441038
1375.3,441067
1375.4,441096
1375.5,441125
1375.6,441154
1375.7,441183
1375.8,441212
1375.9,441241
1376,441270
1376.1,441299
1376.2,441328
1376.3,441357
1376.4,441386
1376.5,441415
1376.6,441444
1376.7,441473
1376.8,441502
1376.9,441531
1377,441560
1377.1,441588
1377.2,441617
1377.3,441646
1377.4,441675
1377.5,441704
1377.6,441733
1377.7,441762
1377.8,441791
1377.9,441819
1378,441848
1378.1,441877
1378.2,441906
1378.3,441935
1378.4,441964
1378.5,441993
1378.6,442022
1378.7,442051
1378.8,442080
1378.9,442108
1379,442137
1379.1,442166
1379.2,442195
1379.3,442224
1379.4,442253
1379.5,442281
1379.6,442310
1379.7,442339
1379.8,442368
1379.9,442397
1380,442426
1380.1,442455
1380.2,442484
1380.3,442513
1380.4,442541
1380.5,442570
1380.6,442600
1380.7,442628
1380.8,442657
1380.9,442686
1381,442715
1381.1,442744
1381.2,442773
1381.3,442802
1381.4,442830
1381.5,442859
1381.6,442888
1381.7,442917
1381.8,442946
1381.9,442974
1382,443003
1382.1,443032
1382.2,443060
1382.3,443090
1382.4,443118
1382.5,443147
1382.6,443176
1382.7,443204
1382.8,443233
1382.9,443262
1383,443291
1383.1,443320
1383.2,443348
1383.3,443377
1383.4,443406
1383.5,443435
1383.6,443463
1383.7,443492
1383.8,443521
1383.9,443550
1384,443579
1384.1,443608
1384.2,443636
1384.3,443665
1384.4,443694
1384.5,443722
1384.6,443751
1384.7,443780
1384.8,443809
1384.9,443837
1385,443866
1385.1,443895
1385.2,443924
1385.3,443953
1385.4,443981
1385.5,444010
1385.6,444039
1385.7,444068
1385.8,444097
1385.9,444126
1386,444154
1386.1,444183
1386.2,444211
1386.3,444240
1386.4,444269
1386.5,444298
1386.6,444326
1386.7,444355
1386.8,444383
1386.9,444412
1387,444441
1387.1,444470
1387.2,444498
1387.3,444527
1387.4,444556
1387.5,444585
1387.6,444613
1387.7,444642
1387.8,444670
1387.9,444699
1388,444728
1388.1,444757
1388.2,444786
1388.3,444814
1388.4,444842
1388.5,444871
1388.6,444900
1388.7,444928
1388.8,444958
1388.9,444986
1389,445014
1389.1,445043
1389.2,445072
1389.3,445100
1389.4,445129
1389.5,445158
1389.6,445186
1389.7,445215
1389.8,445244
1389.9,445273
1390,445302
1390.1,445330
1390.2,445358
1390.3,445387
1390.4,445416
1390.5,445444
1390.6,445473
1390.7,445502
1390.8,445530
1390.9,445559
1391,445588
1391.1,445616
1391.2,445645
1391.3,445673
1391.4,445702
1391.5,445730
1391.6,445759
1391.7,445788
1391.8,445816
1391.9,445845
1392,445873
1392.1,445902
1392.2,445931
1392.3,445960
1392.4,445988
1392.5,446016
1392.6,446045
1392.7,446073
1392.8,446102
1392.9,446131
1393,446159
1393.1,446188
1393.2,446216
1393.3,446245
1393.4,446274
1393.5,446302
1393.6,446331
1393.7,446359
1393.8,446388
1393.9,446416
1394,446445
1394.1,446474
1394.2,446502
1394.3,446531
1394.4,446559
1394.5,446588
1394.6,446616
1394.7,446645
1394.8,446674
1394.9,446702
1395,446730
1395.1,446759
1395.2,446788
1395.3,446817
1395.4,446845
1395.5,446873
1395.6,446902
1395.7,446930
1395.8,446959
1395.9,446987
1396,447016
1396.1,447044
1396.2,447073
1396.3,447101
1396.4,447130
1396.5,447158
1396.6,447187
1396.7,447215
1396.8,447244
1396.9,447272
1397,447301
1397.1,447329
1397.2,447357
1397.3,447386
1397.4,447414
1397.5,447443
1397.6,447471
1397.7,447500
1397.8,447528
1397.9,447556
1398,447585
1398.1,447614
1398.2,447642
1398.3,447670
1398.4,447699
1398.5,447727
1398.6,447756
1398.7,447784
1398.8,447813
1398.9,447841
1399,447869
1399.1,447898
1399.2,447927
1399.3,447955
1399.4,447984
1399.5,448012
1399.6,448040
1399.7,448069
1399.8,448097
1399.9,448126
1400,448155
1400.1,448183
1400.2,448211
1400.3,448240
1400.4,448268
1400.5,448297
1400.6,448325
1400.7,448353
1400.8,448381
1400.9,448410
1401,448438
1401.1,448467
1401.2,448495
1401.3,448523
1401.4,448552
1401.5,448580
1401.6,448608
1401.7,448637
1401.8,448665
1401.9,448694
1402,448722
1402.1,448750
1402.2,448779
1402.3,448807
1402.4,448835
1402.5,448864
1402.6,448892
1402.7,448921
1402.8,448949
1402.9,448977
1403,449006
1403.1,449034
1403.2,449062
1403.3,449091
1403.4,449119
1403.5,449148
1403.6,449176
1403.7,449204
1403.8,449232
1403.9,449261
1404,449289
1404.1,449318
1404.2,449346
1404.3,449374
1404.4,449402
1404.5,449431
1404.6,449459
1404.7,449488
1404.8,449516
1404.9,449544
1405,449572
1405.1,449601
1405.2,449630
1405.3,449658
1405.4,449686
1405.5,449714
1405.6,449742
1405.7,449770
1405.8,449799
1405.9,449827
1406,449855
1406.1,449884
1406.2,449912
1406.3,449940
1406.4,449968
1406.5,449997
1406.6,450025
1406.7,450053
1406.8,450081
1406.9,450110
1407,450138
1407.1,450166
1407.2,450194
1407.3,450222
1407.4,450251
1407.5,450279
1407.6,450308
1407.7,450336
1407.8,450364
1407.9,450392
1408,450421
1408.1,450449
1408.2,450477
1408.3,450506
1408.4,450534
1408.5,450562
1408.6,450590
1408.7,450618
1408.8,450647
1408.9,450675
1409,450703
1409.1,450731
1409.2,450760
1409.3,450788
1409.4,450816
1409.5,450844
1409.6,450873
1409.7,450901
1409.8,450929
1409.9,450957
1410,450985
1410.1,451013
1410.2,451041
1410.3,451070
1410.4,451098
1410.5,451127
1410.6,451154
1410.7,451182
1410.8,451211
1410.9,451239
1411,451267
1411.1,451295
1411.2,451323
1411.3,451351
1411.4,451380
1411.5,451408
1411.6,451436
1411.7,451464
1411.8,451492
1411.9,451520
1412,451548
1412.1,451577
1412.2,451605
1412.3,451633
1412.4,451661
1412.5,451689
1412.6,451717
1412.7,451746
1412.8,451774
1412.9,451802
1413,451830
1413.1,451858
1413.2,451886
1413.3,451914
1413.4,451943
1413.5,451971
1413.6,451999
1413.7,452027
1413.8,452055
1413.9,452083
1414,452112
1414.1,452139
1414.2,452167
1414.3,452195
1414.4,452224
1414.5,452252
1414.6,452280
1414.7,452308
1414.8,452336
1414.9,452364
1415,452392
1415.1,452420
1415.2,452448
1415.3,452476
1415.4,452504
1415.5,452532
1415.6,452560
1415.7,452588
1415.8,452617
1415.9,452645
1416,452673
1416.1,452701
1416.2,452729
1416.3,452757
1416.4,452785
1416.5,452813
1416.6,452841
1416.7,452869
1416.8,452897
1416.9,452925
1417,452953
1417.1,452981
1417.2,453009
1417.3,453037
1417.4,453065
1417.5,453094
1417.6,453122
1417.7,453150
1417.8,453178
1417.9,453206
1418,453233
1418.1,453262
1418.2,453290
1418.3,453318
1418.4,453346
1418.5,453374
1418.6,453402
1418.7,453430
1418.8,453458
1418.9,453485
1419,453513
1419.1,453542
1419.2,453570
1419.3,453598
1419.4,453626
1419.5,453654
1419.6,453682
1419.7,453709
1419.8,453737
1419.9,453766
1420,453793
1420.1,453821
1420.2,453849
1420.3,453877
1420.4,453905
1420.5,453933
1420.6,453961
1420.7,453989
1420.8,454017
1420.9,454045
1421,454073
1421.1,454101
1421.2,454129
1421.3,454157
1421.4,454185
1421.5,454213
1421.6,454240
1421.7,454269
1421.8,454296
1421.9,454324
1422,454352
1422.1,454380
1422.2,454408
1422.3,454436
1422.4,454464
1422.5,454492
1422.6,454520
1422.7,454548
1422.8,454576
1422.9,454604
1423,454632
1423.1,454660
1423.2,454688
1423.3,454715
1423.4,454743
1423.5,454771
1423.6,454799
1423.7,454827
1423.8,454855
1423.9,454883
1424,454911
1424.1,454939
1424.2,454966
1424.3,454994
1424.4,455022
1424.5,455050
1424.6,455078
1424.7,455105
1424.8,455133
1424.9,455161
1425,455189
1425.1,455217
1425.2,455245
1425.3,455272
1425.4,455300
1425.5,455328
1425.6,455356
1425.7,455384
1425.8,455412
1425.9,455440
1426,455467
1426.1,455495
1426.2,455523
1426.3,455551
1426.4,455579
1426.5,455606
1426.6,455634
1426.7,455662
1426.8,455690
1426.9,455718
1427,455746
1427.1,455774
1427.2,455801
1427.3,455829
1427.4,455857
1427.5,455885
1427.6,455913
1427.7,455940
1427.8,455968
1427.9,455996
1428,456024
1428.1,456052
1428.2,456079
1428.3,456107
1428.4,456134
1428.5,456162
1428.6,456190
1428.7,456218
1428.8,456246
1428.9,456273
1429,456301
1429.1,456329
1429.2,456357
1429.3,456385
1429.4,456412
1429.5,456440
1429.6,456468
1429.7,456495
1429.8,456523
1429.9,456551
1430,456579
1430.1,456607
1430.2,456634
1430.3,456662
1430.4,456690
1430.5,456718
1430.6,456745
1430.7,456773
1430.8,456801
1430.9,456828
1431,456856
1431.1,456884
1431.2,456912
1431.3,456939
1431.4,456967
1431.5,456995
1431.6,457022
1431.7,457051
1431.8,457078
1431.9,457106
1432,457133
1432.1,457161
1432.2,457189
1432.3,457216
1432.4,457244
1432.5,457272
1432.6,457299
1432.7,457327
1432.8,457355
1432.9,457382
1433,457410
1433.1,457437
1433.2,457465
1433.3,457493
1433.4,457521
1433.5,457548
1433.6,457576
1433.7,457604
1433.8,457631
1433.9,457659
1434,457687
1434.1,457714
1434.2,457741
1434.3,457769
1434.4,457797
1434.5,457825
1434.6,457853
1434.7,457880
1434.8,457908
1434.9,457935
1435,457963
1435.1,457991
1435.2,458018
1435.3,458046
1435.4,458073
1435.5,458101
1435.6,458128
1435.7,458156
1435.8,458184
1435.9,458212
1436,458239
1436.1,458267
1436.2,458294
1436.3,458322
1436.4,458349
1436.5,458377
1436.6,458404
1436.7,458432
1436.8,458460
1436.9,458488
1437,458515
1437.1,458542
1437.2,458570
1437.3,458597
1437.4,458625
1437.5,458653
1437.6,458680
1437.7,458708
1437.8,458735
1437.9,458763
1438,458790
1438.1,458818
1438.2,458845
1438.3,458873
1438.4,458900
1438.5,458928
1438.6,458955
1438.7,458983
1438.8,459011
1438.9,459038
1439,459066
1439.1,459093
1439.2,459121
1439.3,459148
1439.4,459176
1439.5,459203
1439.6,459231
1439.7,459258
1439.8,459286
1439.9,459314
1440,459341
1440.1,459368
1440.2,459396
1440.3,459424
1440.4,459451
1440.5,459479
1440.6,459506
1440.7,459534
1440.8,459561
1440.9,459589
1441,459616
1441.1,459644
1441.2,459671
1441.3,459698
1441.4,459726
1441.5,459753
1441.6,459781
1441.7,459808
1441.8,459835
1441.9,459863
1442,459890
1442.1,459918
1442.2,459946
1442.3,459973
1442.4,460000
1442.5,460027
1442.6,460055
1442.7,460083
1442.8,460110
1442.9,460137
1443,460165
1443.1,460192
1443.2,460220
1443.3,460247
1443.4,460275
1443.5,460302
1443.6,460330
1443.7,460357
1443.8,460384
1443.9,460412
1444,460439
1444.1,460467
1444.2,460494
1444.3,460521
1444.4,460549
1444.5,460576
1444.6,460604
1444.7,460631
1444.8,460659
1444.9,460686
1445,460713
1445.1,460741
1445.2,460769
1445.3,460796
1445.4,460823
1445.5,460851
1445.6,460878
1445.7,460905
1445.8,460933
1445.9,460960
1446,460987
1446.1,461014
1446.2,461042
1446.3,461069
1446.4,461096
1446.5,461124
1446.6,461151
1446.7,461179
1446.8,461206
1446.9,461234
1447,461261
1447.1,461288
1447.2,461315
1447.3,461343
1447.4,461370
1447.5,461398
1447.6,461425
1447.7,461452
1447.8,461479
1447.9,461506
1448,461534
1448.1,461562
1448.2,461589
1448.3,461616
1448.4,461643
1448.5,461671
1448.6,461698
1448.7,461725
1448.8,461753
1448.9,461780
1449,461807
1449.1,461835
1449.2,461862
1449.3,461890
1449.4,461917
1449.5,461944
1449.6,461971
1449.7,461998
1449.8,462026
1449.9,462053
1450,462080
1450.1,462107
1450.2,462134
1450.3,462162
1450.4,462189
1450.5,462216
1450.6,462243
1450.7,462270
1450.8,462298
1450.9,462325
1451,462352
1451.1,462380
1451.2,462407
1451.3,462434
1451.4,462461
1451.5,462488
1451.6,462516
1451.7,462543
1451.8,462570
1451.9,462597
1452,462625
1452.1,462652
1452.2,462679
1452.3,462706
1452.4,462733
1452.5,462760
1452.6,462788
1452.7,462815
1452.8,462843
1452.9,462869
1453,462897
1453.1,462924
1453.2,462951
1453.3,462979
1453.4,463006
1453.5,463033
1453.6,463060
1453.7,463087
1453.8,463114
1453.9,463142
1454,463169
1454.1,463196
1454.2,463223
1454.3,463251
1454.4,463278
1454.5,463305
1454.6,463332
1454.7,463359
1454.8,463386
1454.9,463413
1455,463441
1455.1,463468
1455.2,463495
1455.3,463522
1455.4,463549
1455.5,463576
1455.6,463603
1455.7,463631
1455.8,463657
1455.9,463684
1456,463711
1456.1,463739
1456.2,463766
1456.3,463793
1456.4,463820
1456.5,463847
1456.6,463874
1456.7,463901
1456.8,463929
1456.9,463956
1457,463983
1457.1,464010
1457.2,464037
1457.3,464064
1457.4,464091
1457.5,464119
1457.6,464145
1457.7,464173
1457.8,464200
1457.9,464227
1458,464254
1458.1,464281
1458.2,464308
1458.3,464335
1458.4,464362
1458.5,464390
1458.6,464417
1458.7,464444
1458.8,464470
1458.9,464497
1459,464524
1459.1,464552
1459.2,464579
1459.3,464606
1459.4,464633
1459.5,464660
1459.6,464687
1459.7,464714
1459.8,464741
1459.9,464768
1460,464795
1460.1,464822
1460.2,464849
1460.3,464875
1460.4,464903
1460.5,464930
1460.6,464956
1460.7,464983
1460.8,465011
1460.9,465038
1461,465065
1461.1,465092
1461.2,465119
1461.3,465146
1461.4,465172
1461.5,465200
1461.6,465227
1461.7,465254
1461.8,465280
1461.9,465307
1462,465335
1462.1,465362
1462.2,465389
1462.3,465416
1462.4,465443
1462.5,465469
1462.6,465497
1462.7,465524
1462.8,465551
1462.9,465578
1463,465605
1463.1,465632
1463.2,465658
1463.3,465686
1463.4,465713
1463.5,465739
1463.6,465766
1463.7,465793
1463.8,465820
1463.9,465847
1464,465874
1464.1,465901
1464.2,465928
1464.3,465955
1464.4,465981
1464.5,466009
1464.6,466035
1464.7,466062
1464.8,466089
1464.9,466116
1465,466143
1465.1,466170
1465.2,466197
1465.3,466223
1465.4,466251
1465.5,466277
1465.6,466304
1465.7,466332
1465.8,466358
1465.9,466385
1466,466412
1466.1,466439
1466.2,466466
1466.3,466493
1466.4,466520
1466.5,466546
1466.6,466573
1466.7,466600
1466.8,466627
1466.9,466654
1467,466681
1467.1,466708
1467.2,466734
1467.3,466761
1467.4,466789
1467.5,466816
1467.6,466842
1467.7,466869
1467.8,466896
1467.9,466923
1468,466950
1468.1,466976
1468.2,467003
1468.3,467030
1468.4,467057
1468.5,467084
1468.6,467111
1468.7,467137
1468.8,467164
1468.9,467190
1469,467217
1469.1,467244
1469.2,467271
1469.3,467298
1469.4,467324
1469.5,467351
1469.6,467378
1469.7,467405
1469.8,467432
1469.9,467459
1470,467485
1470.1,467512
1470.2,467539
1470.3,467566
1470.4,467593
1470.5,467619
1470.6,467646
1470.7,467673
1470.8,467700
1470.9,467726
1471,467754
1471.1,467780
1471.2,467807
1471.3,467834
1471.4,467860
1471.5,467887
1471.6,467914
1471.7,467941
1471.8,467968
1471.9,467994
1472,468021
1472.1,468048
1472.2,468074
1472.3,468101
1472.4,468128
1472.5,468154
1472.6,468181
1472.7,468208
1472.8,468234
1472.9,468261
1473,468288
1473.1,468314
1473.2,468341
1473.3,468368
1473.4,468395
1473.5,468421
1473.6,468448
1473.7,468474
1473.8,468501
1473.9,468528
1474,468555
1474.1,468581
1474.2,468608
1474.3,468635
1474.4,468661
1474.5,468688
1474.6,468715
1474.7,468741
1474.8,468768
1474.9,468794
1475,468821
1475.1,468848
1475.2,468875
1475.3,468901
1475.4,468928
1475.5,468955
1475.6,468982
1475.7,469009
1475.8,469035
1475.9,469061
1476,469088
1476.1,469115
1476.2,469142
1476.3,469168
1476.4,469195
1476.5,469221
1476.6,469248
1476.7,469275
1476.8,469301
1476.9,469328
1477,469354
1477.1,469381
1477.2,469407
1477.3,469434
1477.4,469461
1477.5,469487
1477.6,469514
1477.7,469540
1477.8,469567
1477.9,469593
1478,469620
1478.1,469647
1478.2,469673
1478.3,469700
1478.4,469727
1478.5,469753
1478.6,469780
1478.7,469806
1478.8,469833
1478.9,469859
1479,469886
1479.1,469913
1479.2,469939
1479.3,469966
1479.4,469992
1479.5,470019
1479.6,470045
1479.7,470072
1479.8,470099
1479.9,470125
1480,470151
1480.1,470178
1480.2,470204
1480.3,470231
1480.4,470258
1480.5,470284
1480.6,470311
1480.7,470337
1480.8,470364
1480.9,470391
1481,470417
1481.1,470444
1481.2,470470
1481.3,470497
1481.4,470523
1481.5,470550
1481.6,470576
1481.7,470602
1481.8,470629
1481.9,470655
1482,470682
1482.1,470708
1482.2,470735
1482.3,470761
1482.4,470788
1482.5,470814
1482.6,470841
1482.7,470867
1482.8,470894
1482.9,470920
1483,470946
1483.1,470973
1483.2,471000
1483.3,471026
1483.4,471052
1483.5,471079
1483.6,471105
1483.7,471131
1483.8,471158
1483.9,471185
1484,471211
1484.1,471237
1484.2,471264
1484.3,471290
1484.4,471317
1484.5,471343
1484.6,471370
1484.7,471396
1484.8,471422
1484.9,471449
1485,471476
1485.1,471502
1485.2,471528
1485.3,471555
1485.4,471581
1485.5,471608
1485.6,471634
1485.7,471661
1485.8,471687
1485.9,471713
1486,471739
1486.1,471766
1486.2,471792
1486.3,471819
1486.4,471845
1486.5,471872
1486.6,471898
1486.7,471924
1486.8,471951
1486.9,471977
1487,472003
1487.1,472029
1487.2,472056
1487.3,472082
1487.4,472109
1487.5,472135
1487.6,472161
1487.7,472187
1487.8,472214
1487.9,472240
1488,472267
1488.1,472293
1488.2,472319
1488.3,472345
1488.4,472372
1488.5,472398
1488.6,472425
1488.7,472451
1488.8,472477
1488.9,472503
1489,472530
1489.1,472556
1489.2,472583
1489.3,472609
1489.4,472635
1489.5,472661
1489.6,472688
1489.7,472714
1489.8,472741
1489.9,472767
1490,472793
1490.1,472819
1490.2,472846
1490.3,472872
1490.4,472898
1490.5,472925
1490.6,472951
1490.7,472977
1490.8,473004
1490.9,473030
1491,473056
1491.1,473082
1491.2,473108
1491.3,473134
1491.4,473161
1491.5,473187
1491.6,473213
1491.7,473240
1491.8,473266
1491.9,473292
1492,473318
1492.1,473345
1492.2,473371
1492.3,473397
1492.4,473423
1492.5,473449
1492.6,473475
1492.7,473502
1492.8,473528
1492.9,473554
1493,473580
1493.1,473606
1493.2,473633
1493.3,473659
1493.4,473685
1493.5,473711
1493.6,473737
1493.7,473764
1493.8,473790
1493.9,473816
1494,473842
1494.1,473869
1494.2,473895
1494.3,473921
1494.4,473947
1494.5,473974
1494.6,474000
1494.7,474026
1494.8,474052
1494.9,474078
1495,474104
1495.1,474131
1495.2,474157
1495.3,474183
1495.4,474209
1495.5,474236
1495.6,474262
1495.7,474287
1495.8,474313
1495.9,474339
1496,474366
1496.1,474392
1496.2,474418
1496.3,474444
1496.4,474470
1496.5,474496
1496.6,474522
1496.7,474549
1496.8,474575
1496.9,474601
1497,474626
1497.1,474653
1497.2,474679
1497.3,474705
1497.4,474731
1497.5,474757
1497.6,474783
1497.7,474809
1497.8,474836
1497.9,474862
1498,474888
1498.1,474914
1498.2,474940
1498.3,474966
1498.4,474992
1498.5,475018
1498.6,475045
1498.7,475070
1498.8,475096
1498.9,475122
1499,475148
1499.1,475175
1499.2,475201
1499.3,475227
1499.4,475253
1499.5,475279
1499.6,475305
1499.7,475331
1499.8,475358
1499.9,475383
1500,475409
1500.1,475435
1500.2,475462
1500.3,475488
1500.4,475514
1500.5,475539
1500.6,475565
1500.7,475591
1500.8,475617
1500.9,475643
1501,475670
1501.1,475695
1501.2,475721
1501.3,475747
1501.4,475773
1501.5,475799
1501.6,475825
1501.7,475851
1501.8,475877
1501.9,475903
1502,475929
1502.1,475955
1502.2,475981
1502.3,476007
1502.4,476033
1502.5,476059
1502.6,476085
1502.7,476111
1502.8,476137
1502.9,476163
1503,476189
1503.1,476215
1503.2,476241
1503.3,476267
1503.4,476293
1503.5,476319
1503.6,476344
1503.7,476370
1503.8,476396
1503.9,476423
1504,476448
1504.1,476474
1504.2,476500
1504.3,476526
1504.4,476552
1504.5,476579
1504.6,476604
1504.7,476630
1504.8,476656
1504.9,476682
1505,476708
1505.1,476734
1505.2,476760
1505.3,476786
1505.4,476812
1505.5,476837
1505.6,476863
1505.7,476889
1505.8,476915
1505.9,476941
1506,476967
1506.1,476993
1506.2,477019
1506.3,477044
1506.4,477070
1506.5,477096
1506.6,477122
1506.7,477148
1506.8,477174
1506.9,477200
1507,477225
1507.1,477251
1507.2,477277
1507.3,477303
1507.4,477329
1507.5,477355
1507.6,477380
1507.7,477406
1507.8,477432
1507.9,477458
1508,477484
1508.1,477510
1508.2,477535
1508.3,477561
1508.4,477587
1508.5,477613
1508.6,477639
1508.7,477665
1508.8,477690
1508.9,477716
1509,477742
1509.1,477768
1509.2,477794
1509.3,477820
1509.4,477845
1509.5,477871
1509.6,477897
1509.7,477923
1509.8,477949
1509.9,477974
1510,478000
1510.1,478026
1510.2,478052
1510.3,478078
1510.4,478103
1510.5,478129
1510.6,478154
1510.7,478180
1510.8,478206
1510.9,478232
1511,478258
1511.1,478283
1511.2,478309
1511.3,478335
1511.4,478360
1511.5,478387
1511.6,478412
1511.7,478438
1511.8,478463
1511.9,478489
1512,478515
1512.1,478541
1512.2,478566
1512.3,478592
1512.4,478618
1512.5,478643
1512.6,478669
1512.7,478695
1512.8,478720
1512.9,478746
1513,478772
1513.1,478797
1513.2,478823
1513.3,478849
1513.4,478875
1513.5,478900
1513.6,478926
1513.7,478952
1513.8,478977
1513.9,479003
1514,479029
1514.1,479055
1514.2,479080
1514.3,479106
1514.4,479132
1514.5,479158
1514.6,479183
1514.7,479209
1514.8,479234
1514.9,479260
1515,479286
1515.1,479312
1515.2,479337
1515.3,479363
1515.4,479389
1515.5,479414
1515.6,479440
1515.7,479465
1515.8,479491
1515.9,479517
1516,479542
1516.1,479568
1516.2,479593
1516.3,479619
1516.4,479644
1516.5,479670
1516.6,479696
1516.7,479721
1516.8,479747
1516.9,479772
1517,479798
1517.1,479824
1517.2,479849
1517.3,479875
1517.4,479900
1517.5,479926
1517.6,479952
1517.7,479977
1517.8,480003
1517.9,480028
1518,480054
1518.1,480079
1518.2,480105
1518.3,480130
1518.4,480156
1518.5,480182
1518.6,480207
1518.7,480233
1518.8,480258
1518.9,480284
1519,480309
1519.1,480335
1519.2,480361
1519.3,480386
1519.4,480412
1519.5,480437
1519.6,480463
1519.7,480488
1519.8,480514
1519.9,480540
1520,480565
1520.1,480590
1520.2,480616
1520.3,480642
1520.4,480667
1520.5,480693
1520.6,480718
1520.7,480744
1520.8,480769
1520.9,480795
1521,480821
1521.1,480846
1521.2,480871
1521.3,480896
1521.4,480922
1521.5,480948
1521.6,480973
1521.7,480998
1521.8,481024
1521.9,481049
1522,481075
1522.1,481101
1522.2,481126
1522.3,481151
1522.4,481176
1522.5,481202
1522.6,481228
1522.7,481253
1522.8,481278
1522.9,481303
1523,481329
1523.1,481355
1523.2,481380
1523.3,481406
1523.4,481431
1523.5,481457
1523.6,481482
1523.7,481507
1523.8,481533
1523.9,481558
1524,481584
1524.1,481609
1524.2,481634
1524.3,481660
1524.4,481685
1524.5,481711
1524.6,481736
1524.7,481761
1524.8,481787
1524.9,481812
1525,481838
1525.1,481864
1525.2,481889
1525.3,481914
1525.4,481939
1525.5,481965
1525.6,481990
1525.7,482016
1525.8,482041
1525.9,482066
1526,482092
1526.1,482117
1526.2,482143
1526.3,482168
1526.4,482193
1526.5,482219
1526.6,482244
1526.7,482269
1526.8,482295
1526.9,482320
1527,482345
1527.1,482370
1527.2,482395
1527.3,482421
1527.4,482446
1527.5,482472
1527.6,482497
1527.7,482522
1527.8,482547
1527.9,482573
1528,482598
1528.1,482624
1528.2,482649
1528.3,482674
1528.4,482699
1528.5,482724
1528.6,482750
1528.7,482775
1528.8,482801
1528.9,482826
1529,482851
1529.1,482876
1529.2,482902
1529.3,482927
1529.4,482952
1529.5,482977
1529.6,483002
1529.7,483028
1529.8,483054
1529.9,483078
1530,483104
1530.1,483129
1530.2,483155
1530.3,483180
1530.4,483205
1530.5,483230
1530.6,483256
1530.7,483281
1530.8,483306
1530.9,483331
1531,483357
1531.1,483382
1531.2,483407
1531.3,483432
1531.4,483458
1531.5,483483
1531.6,483509
1531.7,483533
1531.8,483559
1531.9,483584
1532,483609
1532.1,483635
1532.2,483659
1532.3,483685
1532.4,483710
1532.5,483735
1532.6,483760
1532.7,483785
1532.8,483811
1532.9,483835
1533,483860
1533.1,483886
1533.2,483911
1533.3,483937
1533.4,483961
1533.5,483986
1533.6,484011
1533.7,484037
1533.8,484062
1533.9,484087
1534,484112
1534.1,484137
1534.2,484163
1534.3,484188
1534.4,484213
1534.5,484238
1534.6,484263
1534.7,484288
1534.8,484313
1534.9,484338
1535,484364
1535.1,484389
1535.2,484414
1535.3,484439
1535.4,484464
1535.5,484489
1535.6,484514
1535.7,484540
1535.8,484565
1535.9,484590
1536,484615
1536.1,484640
1536.2,484665
1536.3,484691
1536.4,484715
1536.5,484740
1536.6,484766
1536.7,484791
1536.8,484816
1536.9,484841
1537,484866
1537.1,484891
1537.2,484916
1537.3,484941
1537.4,484967
1537.5,484992
1537.6,485017
1537.7,485042
1537.8,485067
1537.9,485092
1538,485117
1538.1,485142
1538.2,485167
1538.3,485192
1538.4,485217
1538.5,485242
1538.6,485268
1538.7,485292
1538.8,485317
1538.9,485342
1539,485367
1539.1,485392
1539.2,485417
1539.3,485442
1539.4,485467
1539.5,485492
1539.6,485517
1539.7,485542
1539.8,485567
1539.9,485592
1540,485617
1540.1,485642
1540.2,485667
1540.3,485692
1540.4,485717
1540.5,485742
1540.6,485767
1540.7,485792
1540.8,485817
1540.9,485842
1541,485867
1541.1,485892
1541.2,485917
1541.3,485942
1541.4,485967
1541.5,485992
1541.6,486017
1541.7,486042
1541.8,486067
1541.9,486092
1542,486117
1542.1,486142
1542.2,486167
1542.3,486192
1542.4,486217
1542.5,486241
1542.6,486266
1542.7,486292
1542.8,486317
1542.9,486341
1543,486366
1543.1,486391
1543.2,486416
1543.3,486441
1543.4,486466
1543.5,486491
1543.6,486516
1543.7,486540
1543.8,486566
1543.9,486591
1544,486615
1544.1,486640
1544.2,486665
1544.3,486690
1544.4,486715
1544.5,486740
1544.6,486764
1544.7,486789
1544.8,486814
1544.9,486839
1545,486864
1545.1,486889
1545.2,486914
1545.3,486938
1545.4,486963
1545.5,486988
1545.6,487013
1545.7,487038
1545.8,487062
1545.9,487087
1546,487112
1546.1,487137
1546.2,487162
1546.3,487187
1546.4,487212
1546.5,487236
1546.6,487261
1546.7,487286
1546.8,487311
1546.9,487336
1547,487361
1547.1,487385
1547.2,487410
1547.3,487435
1547.4,487460
1547.5,487485
1547.6,487509
1547.7,487534
1547.8,487559
1547.9,487584
1548,487609
1548.1,487634
1548.2,487658
1548.3,487683
1548.4,487708
1548.5,487733
1548.6,487757
1548.7,487782
1548.8,487807
1548.9,487831
1549,487856
1549.1,487881
1549.2,487906
1549.3,487931
1549.4,487956
1549.5,487980
1549.6,488005
1549.7,488030
1549.8,488055
1549.9,488080
1550,488105
1550.1,488129
1550.2,488154
1550.3,488179
1550.4,488204
1550.5,488228
1550.6,488253
1550.7,488277
1550.8,488302
1550.9,488327
1551,488352
1551.1,488376
1551.2,488400
1551.3,488425
1551.4,488450
1551.5,488475
1551.6,488500
1551.7,488524
1551.8,488548
1551.9,488573
1552,488598
1552.1,488623
1552.2,488648
1552.3,488672
1552.4,488696
1552.5,488721
1552.6,488746
1552.7,488771
1552.8,488795
1552.9,488820
1553,488844
1553.1,488869
1553.2,488894
1553.3,488918
1553.4,488943
1553.5,488968
1553.6,488992
1553.7,489017
1553.8,489042
1553.9,489066
1554,489091
1554.1,489116
1554.2,489140
1554.3,489165
1554.4,489189
1554.5,489214
1554.6,489239
1554.7,489264
1554.8,489288
1554.9,489312
1555,489337
1555.1,489362
1555.2,489387
1555.3,489411
1555.4,489436
1555.5,489460
1555.6,489485
1555.7,489510
1555.8,489534
1555.9,489559
1556,489583
1556.1,489608
1556.2,489632
1556.3,489657
1556.4,489682
1556.5,489706
1556.6,489731
1556.7,489755
1556.8,489780
1556.9,489805
1557,489829
1557.1,489853
1557.2,489878
1557.3,489902
1557.4,489927
1557.5,489952
1557.6,489976
1557.7,490001
1557.8,490025
1557.9,490049
1558,490074
1558.1,490099
1558.2,490123
1558.3,490148
1558.4,490172
1558.5,490196
1558.6,490221
1558.7,490246
1558.8,490270
1558.9,490294
1559,490319
1559.1,490343
1559.2,490368
1559.3,490392
1559.4,490417
1559.5,490441
1559.6,490465
1559.7,490490
1559.8,490515
1559.9,490539
1560,490564
1560.1,490588
1560.2,490612
1560.3,490637
1560.4,490662
1560.5,490686
1560.6,490710
1560.7,490735
1560.8,490759
1560.9,490784
1561,490808
1561.1,490833
1561.2,490857
1561.3,490881
1561.4,490906
1561.5,490930
1561.6,490955
1561.7,490979
1561.8,491004
1561.9,491028
1562,491052
1562.1,491077
1562.2,491101
1562.3,491126
1562.4,491150
1562.5,491174
1562.6,491199
1562.7,491223
1562.8,491248
1562.9,491273
1563,491297
1563.1,491321
1563.2,491346
1563.3,491370
1563.4,491394
1563.5,491419
1563.6,491443
1563.7,491468
1563.8,491492
1563.9,491516
1564,491541
1564.1,491565
1564.2,491589
1564.3,491613
1564.4,491638
1564.5,491662
1564.6,491687
1564.7,491711
1564.8,491735
1564.9,491759
1565,491784
1565.1,491808
1565.2,491832
1565.3,491857
1565.4,491881
1565.5,491905
1565.6,491929
1565.7,491954
1565.8,491978
1565.9,492002
1566,492026
1566.1,492051
1566.2,492075
1566.3,492099
1566.4,492124
1566.5,492148
1566.6,492172
1566.7,492196
1566.8,492220
1566.9,492245
1567,492270
1567.1,492294
1567.2,492318
1567.3,492342
1567.4,492366
1567.5,492391
1567.6,492415
1567.7,492439
1567.8,492463
1567.9,492488
1568,492512
1568.1,492536
1568.2,492561
1568.3,492585
1568.4,492609
1568.5,492633
1568.6,492657
1568.7,492682
1568.8,492706
1568.9,492730
1569,492754
1569.1,492778
1569.2,492803
1569.3,492827
1569.4,492851
1569.5,492876
1569.6,492900
1569.7,492924
1569.8,492948
1569.9,492972
1570,492997
1570.1,493021
1570.2,493045
1570.3,493069
1570.4,493093
1570.5,493118
1570.6,493142
1570.7,493166
1570.8,493190
1570.9,493214
1571,493239
1571.1,493263
1571.2,493287
1571.3,493311
1571.4,493335
1571.5,493360
1571.6,493384
1571.7,493408
1571.8,493432
1571.9,493456
1572,493480
1572.1,493504
1572.2,493528
1572.3,493553
1572.4,493577
1572.5,493601
1572.6,493625
1572.7,493649
1572.8,493673
1572.9,493697
1573,493721
1573.1,493745
1573.2,493769
1573.3,493793
1573.4,493817
1573.5,493842
1573.6,493865
1573.7,493890
1573.8,493913
1573.9,493938
1574,493962
1574.1,493986
1574.2,494010
1574.3,494034
1574.4,494058
1574.5,494082
1574.6,494106
1574.7,494130
1574.8,494154
1574.9,494178
1575,494202
1575.1,494227
1575.2,494251
1575.3,494275
1575.4,494299
1575.5,494322
1575.6,494347
1575.7,494371
1575.8,494395
1575.9,494419
1576,494443
1576.1,494467
1576.2,494491
1576.3,494515
1576.4,494539
1576.5,494563
1576.6,494587
1576.7,494611
1576.8,494635
1576.9,494659
1577,494683
1577.1,494707
1577.2,494731
1577.3,494755
1577.4,494779
1577.5,494803
1577.6,494827
1577.7,494851
1577.8,494875
1577.9,494899
1578,494923
1578.1,494947
1578.2,494971
1578.3,494995
1578.4,495019
1578.5,495043
1578.6,495067
1578.7,495091
1578.8,495115
1578.9,495139
1579,495163
1579.1,495187
1579.2,495211
1579.3,495235
1579.4,495259
1579.5,495283
1579.6,495307
1579.7,495331
1579.8,495355
1579.9,495378
1580,495403
1580.1,495426
1580.2,495450
1580.3,495474
1580.4,495498
1580.5,495522
1580.6,495546
1580.7,495570
1580.8,495593
1580.9,495617
1581,495641
1581.1,495665
1581.2,495689
1581.3,495713
1581.4,495736
1581.5,495760
1581.6,495784
1581.7,495808
1581.8,495832
1581.9,495856
1582,495880
1582.1,495903
1582.2,495927
1582.3,495951
1582.4,495975
1582.5,495999
1582.6,496022
1582.7,496046
1582.8,496070
1582.9,496094
1583,496118
1583.1,496142
1583.2,496165
1583.3,496189
1583.4,496213
1583.5,496237
1583.6,496261
1583.7,496285
1583.8,496308
1583.9,496332
1584,496356
1584.1,496380
1584.2,496404
1584.3,496427
1584.4,496451
1584.5,496475
1584.6,496499
1584.7,496522
1584.8,496547
1584.9,496570
1585,496594
1585.1,496617
1585.2,496641
1585.3,496665
1585.4,496689
1585.5,496713
1585.6,496736
1585.7,496760
1585.8,496784
1585.9,496808
1586,496832
1586.1,496856
1586.2,496879
1586.3,496903
1586.4,496927
1586.5,496951
1586.6,496974
1586.7,496998
1586.8,497022
1586.9,497045
1587,497069
1587.1,497093
1587.2,497117
1587.3,497140
1587.4,497164
1587.5,497188
1587.6,497211
1587.7,497235
1587.8,497259
1587.9,497283
1588,497306
1588.1,497330
1588.2,497354
1588.3,497378
1588.4,497402
1588.5,497425
1588.6,497449
1588.7,497472
1588.8,497496
1588.9,497520
1589,497544
1589.1,497567
1589.2,497591
1589.3,497615
1589.4,497638
1589.5,497662
1589.6,497685
1589.7,497709
1589.8,497732
1589.9,497756
1590,497780
1590.1,497804
1590.2,497827
1590.3,497851
1590.4,497874
1590.5,497898
1590.6,497921
1590.7,497945
1590.8,497969
1590.9,497992
1591,498016
1591.1,498039
1591.2,498063
1591.3,498087
1591.4,498110
1591.5,498134
1591.6,498157
1591.7,498181
1591.8,498204
1591.9,498228
1592,498252
1592.1,498275
1592.2,498299
1592.3,498322
1592.4,498346
1592.5,498369
1592.6,498393
1592.7,498416
1592.8,498440
1592.9,498463
1593,498487
1593.1,498511
1593.2,498534
1593.3,498557
1593.4,498581
1593.5,498605
1593.6,498628
1593.7,498652
1593.8,498675
1593.9,498699
1594,498722
1594.1,498746
1594.2,498770
1594.3,498793
1594.4,498817
1594.5,498840
1594.6,498863
1594.7,498887
1594.8,498910
1594.9,498934
1595,498958
1595.1,498981
1595.2,499004
1595.3,499028
1595.4,499052
1595.5,499075
1595.6,499098
1595.7,499122
1595.8,499145
1595.9,499169
1596,499192
1596.1,499216
1596.2,499239
1596.3,499263
1596.4,499286
1596.5,499310
1596.6,499333
1596.7,499357
1596.8,499380
1596.9,499404
1597,499427
1597.1,499450
1597.2,499474
1597.3,499498
1597.4,499521
1597.5,499544
1597.6,499568
1597.7,499591
1597.8,499615
1597.9,499638
1598,499662
1598.1,499685
1598.2,499708
1598.3,499732
1598.4,499755
1598.5,499779
1598.6,499802
1598.7,499825
1598.8,499849
1598.9,499872
1599,499896
1599.1,499919
1599.2,499943
1599.3,499966
1599.4,499989
1599.5,500013
1599.6,500036
1599.7,500060
1599.8,500083
1599.9,500106
1600,500129
1600.1,500153
1600.2,500176
1600.3,500200
1600.4,500223
1600.5,500247
1600.6,500270
1600.7,500293
1600.8,500317
1600.9,500340
1601,500364
1601.1,500387
1601.2,500410
1601.3,500434
1601.4,500457
1601.5,500480
1601.6,500503
1601.7,500526
1601.8,500550
1601.9,500573
1602,500596
1602.1,500620
1602.2,500643
1602.3,500666
1602.4,500689
1602.5,500713
1602.6,500736
1602.7,500759
1602.8,500782
1602.9,500805
1603,500829
1603.1,500852
1603.2,500876
1603.3,500899
1603.4,500922
1603.5,500945
1603.6,500968
1603.7,500992
1603.8,501015
1603.9,501038
1604,501061
1604.1,501084
1604.2,501108
1604.3,501131
1604.4,501154
1604.5,501177
1604.6,501200
1604.7,501224
1604.8,501247
1604.9,501270
1605,501293
1605.1,501316
1605.2,501339
1605.3,501363
1605.4,501386
1605.5,501409
1605.6,501433
1605.7,501455
1605.8,501479
1605.9,501502
1606,501525
1606.1,501549
1606.2,501572
1606.3,501595
1606.4,501618
1606.5,501641
1606.6,501664
1606.7,501687
1606.8,501711
1606.9,501733
1607,501757
1607.1,501780
1607.2,501803
1607.3,501827
1607.4,501850
1607.5,501873
1607.6,501895
1607.7,501919
1607.8,501942
1607.9,501965
1608,501989
1608.1,502011
1608.2,502034
1608.3,502057
1608.4,502080
1608.5,502104
1608.6,502127
1608.7,502150
1608.8,502173
1608.9,502196
1609,502219
1609.1,502243
1609.2,502266
1609.3,502289
1609.4,502312
1609.5,502335
1609.6,502358
1609.7,502381
1609.8,502404
1609.9,502427
1610,502450
1610.1,502473
1610.2,502496
1610.3,502520
1610.4,502543
1610.5,502566
1610.6,502589
1610.7,502612
1610.8,502635
1610.9,502658
1611,502681
1611.1,502704
1611.2,502727
1611.3,502750
1611.4,502773
1611.5,502796
1611.6,502820
1611.7,502843
1611.8,502865
1611.9,502888
1612,502911
1612.1,502934
1612.2,502958
1612.3,502981
1612.4,503004
1612.5,503027
1612.6,503050
1612.7,503073
1612.8,503096
1612.9,503119
1613,503142
1613.1,503164
1613.2,503188
1613.3,503211
1613.4,503234
1613.5,503257
1613.6,503280
1613.7,503303
1613.8,503326
1613.9,503349
1614,503372
1614.1,503395
1614.2,503418
1614.3,503440
1614.4,503464
1614.5,503487
1614.6,503510
1614.7,503533
1614.8,503555
1614.9,503578
1615,503602
1615.1,503624
1615.2,503648
1615.3,503671
1615.4,503693
1615.5,503716
1615.6,503739
1615.7,503762
1615.8,503785
1615.9,503808
1616,503831
1616.1,503854
1616.2,503877
1616.3,503900
1616.4,503923
1616.5,503946
1616.6,503969
1616.7,503991
1616.8,504014
1616.9,504037
1617,504060
1617.1,504083
1617.2,504106
1617.3,504129
1617.4,504152
1617.5,504175
1617.6,504198
1617.7,504220
1617.8,504243
1617.9,504266
1618,504289
1618.1,504312
1618.2,504335
1618.3,504358
1618.4,504381
1618.5,504404
1618.6,504426
1618.7,504449
1618.8,504472
1618.9,504494
1619,504518
1619.1,504540
1619.2,504563
1619.3,504586
1619.4,504608
1619.5,504631
1619.6,504654
1619.7,504677
1619.8,504700
1619.9,504723
1620,504745
1620.1,504768
1620.2,504790
1620.3,504813
1620.4,504836
1620.5,504859
1620.6,504882
1620.7,504904
1620.8,504927
1620.9,504949
1621,504973
1621.1,504996
1621.2,505018
1621.3,505041
1621.4,505064
1621.5,505086
1621.6,505109
1621.7,505132
1621.8,505154
1621.9,505177
1622,505200
1622.1,505222
1622.2,505245
1622.3,505268
1622.4,505290
1622.5,505313
1622.6,505336
1622.7,505358
1622.8,505381
1622.9,505404
1623,505426
1623.1,505449
1623.2,505472
1623.3,505494
1623.4,505517
1623.5,505540
1623.6,505562
1623.7,505585
1623.8,505608
1623.9,505630
1624,505653
1624.1,505676
1624.2,505699
1624.3,505721
1624.4,505744
1624.5,505766
1624.6,505789
1624.7,505812
1624.8,505835
1624.9,505857
1625,505879
1625.1,505902
1625.2,505925
1625.3,505948
1625.4,505970
1625.5,505992
1625.6,506015
1625.7,506038
1625.8,506060
1625.9,506083
1626,506106
1626.1,506128
1626.2,506151
1626.3,506173
1626.4,506196
1626.5,506219
1626.6,506241
1626.7,506264
1626.8,506286
1626.9,506309
1627,506332
1627.1,506354
1627.2,506377
1627.3,506399
1627.4,506422
1627.5,506444
1627.6,506467
1627.7,506490
1627.8,506512
1627.9,506534
1628,506557
1628.1,506580
1628.2,506602
1628.3,506625
1628.4,506647
1628.5,506670
1628.6,506692
1628.7,506715
1628.8,506737
1628.9,506760
1629,506783
1629.1,506805
1629.2,506827
1629.3,506850
1629.4,506873
1629.5,506895
1629.6,506917
1629.7,506940
1629.8,506962
1629.9,506985
1630,507008
1630.1,507030
1630.2,507052
1630.3,507075
1630.4,507097
1630.5,507120
1630.6,507142
1630.7,507165
1630.8,507187
1630.9,507210
1631,507232
1631.1,507255
1631.2,507277
1631.3,507300
1631.4,507322
1631.5,507344
1631.6,507367
1631.7,507389
1631.8,507412
1631.9,507434
1632,507457
1632.1,507479
1632.2,507502
1632.3,507524
1632.4,507547
1632.5,507569
1632.6,507591
1632.7,507613
1632.8,507636
1632.9,507658
1633,507681
1633.1,507703
1633.2,507726
1633.3,507748
1633.4,507770
1633.5,507793
1633.6,507815
1633.7,507838
1633.8,507860
1633.9,507882
1634,507905
1634.1,507927
1634.2,507949
1634.3,507972
1634.4,507995
1634.5,508016
1634.6,508039
1634.7,508061
1634.8,508084
1634.9,508106
1635,508129
1635.1,508151
1635.2,508173
1635.3,508195
1635.4,508218
1635.5,508240
1635.6,508262
1635.7,508284
1635.8,508307
1635.9,508329
1636,508352
1636.1,508374
1636.2,508396
1636.3,508419
1636.4,508441
1636.5,508463
1636.6,508486
1636.7,508508
1636.8,508530
1636.9,508552
1637,508575
1637.1,508597
1637.2,508619
1637.3,508642
1637.4,508664
1637.5,508686
1637.6,508708
1637.7,508731
1637.8,508753
1637.9,508776
1638,508798
1638.1,508820
1638.2,508842
1638.3,508864
1638.4,508886
1638.5,508909
1638.6,508931
1638.7,508954
1638.8,508975
1638.9,508998
1639,509020
1639.1,509043
1639.2,509065
1639.3,509087
1639.4,509109
1639.5,509131
1639.6,509154
1639.7,509176
1639.8,509198
1639.9,509220
1640,509242
1640.1,509264
1640.2,509287
1640.3,509309
1640.4,509331
1640.5,509353
1640.6,509375
1640.7,509398
1640.8,509420
1640.9,509442
1641,509464
1641.1,509486
1641.2,509508
1641.3,509531
1641.4,509553
1641.5,509575
1641.6,509597
1641.7,509619
1641.8,509641
1641.9,509664
1642,509686
1642.1,509708
1642.2,509730
1642.3,509752
1642.4,509774
1642.5,509796
1642.6,509819
1642.7,509841
1642.8,509863
1642.9,509885
1643,509907
1643.1,509929
1643.2,509951
1643.3,509974
1643.4,509996
1643.5,510018
1643.6,510040
1643.7,510062
1643.8,510084
1643.9,510106
1644,510128
1644.1,510150
1644.2,510172
1644.3,510194
1644.4,510217
1644.5,510239
1644.6,510260
1644.7,510282
1644.8,510304
1644.9,510327
1645,510349
1645.1,510371
1645.2,510393
1645.3,510415
1645.4,510437
1645.5,510459
1645.6,510481
1645.7,510503
1645.8,510525
1645.9,510547
1646,510569
1646.1,510591
1646.2,510613
1646.3,510635
1646.4,510657
1646.5,510679
1646.6,510701
1646.7,510723
1646.8,510745
1646.9,510768
1647,510790
1647.1,510811
1647.2,510833
1647.3,510855
1647.4,510877
1647.5,510900
1647.6,510921
1647.7,510943
1647.8,510965
1647.9,510987
1648,511009
1648.1,511031
1648.2,511053
1648.3,511075
1648.4,511097
1648.5,511119
1648.6,511141
1648.7,511163
1648.8,511184
1648.9,511206
1649,511228
1649.1,511250
1649.2,511272
1649.3,511294
1649.4,511316
1649.5,511338
1649.6,511360
1649.7,511382
1649.8,511404
1649.9,511426
1650,511447
1650.1,511469
1650.2,511491
1650.3,511513
1650.4,511535
1650.5,511557
1650.6,511579
1650.7,511601
1650.8,511622
1650.9,511645
1651,511667
1651.1,511688
1651.2,511710
1651.3,511732
1651.4,511754
1651.5,511776
1651.6,511798
1651.7,511819
1651.8,511841
1651.9,511863
1652,511885
1652.1,511907
1652.2,511929
1652.3,511951
1652.4,511972
1652.5,511994
1652.6,512016
1652.7,512038
1652.8,512060
1652.9,512082
1653,512103
1653.1,512125
1653.2,512146
1653.3,512168
1653.4,512190
1653.5,512212
1653.6,512234
1653.7,512255
1653.8,512277
1653.9,512299
1654,512321
1654.1,512343
1654.2,512365
1654.3,512386
1654.4,512408
1654.5,512430
1654.6,512452
1654.7,512473
1654.8,512495
1654.9,512517
1655,512539
1655.1,512560
1655.2,512582
1655.3,512604
1655.4,512626
1655.5,512647
1655.6,512669
1655.7,512691
1655.8,512712
1655.9,512734
1656,512756
1656.1,512777
1656.2,512799
1656.3,512821
1656.4,512843
1656.5,512865
1656.6,512886
1656.7,512907
1656.8,512929
1656.9,512951
1657,512973
1657.1,512995
1657.2,513017
1657.3,513038
1657.4,513059
1657.5,513081
1657.6,513103
1657.7,513125
1657.8,513147
1657.9,513168
1658,513190
1658.1,513212
1658.2,513233
1658.3,513255
1658.4,513277
1658.5,513299
1658.6,513320
1658.7,513342
1658.8,513364
1658.9,513385
1659,513407
1659.1,513429
1659.2,513450
1659.3,513472
1659.4,513494
1659.5,513516
1659.6,513537
1659.7,513559
1659.8,513580
1659.9,513602
1660,513624
1660.1,513646
1660.2,513667
1660.3,513689
1660.4,513710
1660.5,513732
1660.6,513754
1660.7,513775
1660.8,513797
1660.9,513819
1661,513840
1661.1,513862
1661.2,513883
1661.3,513905
1661.4,513927
1661.5,513948
1661.6,513970
1661.7,513991
1661.8,514013
1661.9,514035
1662,514056
1662.1,514078
1662.2,514099
1662.3,514121
1662.4,514142
1662.5,514164
1662.6,514186
1662.7,514207
1662.8,514229
1662.9,514250
1663,514272
1663.1,514293
1663.2,514315
1663.3,514336
1663.4,514358
1663.5,514379
1663.6,514401
1663.7,514423
1663.8,514445
1663.9,514466
1664,514487
1664.1,514509
1664.2,514530
1664.3,514552
1664.4,514574
1664.5,514595
1664.6,514616
1664.7,514638
1664.8,514659
1664.9,514681
1665,514703
1665.1,514724
1665.2,514745
1665.3,514766
1665.4,514788
1665.5,514810
1665.6,514831
1665.7,514853
1665.8,514874
1665.9,514895
1666,514917
1666.1,514938
1666.2,514960
1666.3,514981
1666.4,515002
1666.5,515024
1666.6,515045
1666.7,515067
1666.8,515088
1666.9,515110
1667,515131
1667.1,515152
1667.2,515174
1667.3,515195
1667.4,515217
1667.5,515238
1667.6,515260
1667.7,515281
1667.8,515302
1667.9,515324
1668,515345
1668.1,515366
1668.2,515387
1668.3,515409
1668.4,515430
1668.5,515452
1668.6,515473
1668.7,515495
1668.8,515516
1668.9,515537
1669,515559
1669.1,515580
1669.2,515602
1669.3,515623
1669.4,515644
1669.5,515665
1669.6,515686
1669.7,515708
1669.8,515729
1669.9,515750
1670,515772
1670.1,515793
1670.2,515814
1670.3,515836
1670.4,515857
1670.5,515878
1670.6,515900
1670.7,515921
1670.8,515942
1670.9,515963
1671,515985
1671.1,516006
1671.2,516027
1671.3,516048
1671.4,516070
1671.5,516091
1671.6,516112
1671.7,516133
1671.8,516155
1671.9,516176
1672,516197
1672.1,516218
1672.2,516240
1672.3,516261
1672.4,516282
1672.5,516303
1672.6,516324
1672.7,516346
1672.8,516367
1672.9,516388
1673,516410
1673.1,516431
1673.2,516452
1673.3,516473
1673.4,516495
1673.5,516516
1673.6,516537
1673.7,516558
1673.8,516579
1673.9,516601
1674,516622
1674.1,516644
1674.2,516665
1674.3,516686
1674.4,516707
1674.5,516728
1674.6,516749
1674.7,516771
1674.8,516792
1674.9,516813
1675,516834
1675.1,516855
1675.2,516877
1675.3,516898
1675.4,516919
1675.5,516940
1675.6,516961
1675.7,516983
1675.8,517004
1675.9,517025
1676,517046
1676.1,517067
1676.2,517088
1676.3,517109
1676.4,517131
1676.5,517152
1676.6,517173
1676.7,517194
1676.8,517215
1676.9,517236
1677,517258
1677.1,517279
1677.2,517300
1677.3,517321
1677.4,517342
1677.5,517363
1677.6,517384
1677.7,517406
1677.8,517427
1677.9,517448
1678,517469
1678.1,517490
1678.2,517511
1678.3,517532
1678.4,517553
1678.5,517574
1678.6,517595
1678.7,517616
1678.8,517637
1678.9,517658
1679,517679
1679.1,517700
1679.2,517721
1679.3,517742
1679.4,517764
1679.5,517785
1679.6,517806
1679.7,517826
1679.8,517848
1679.9,517868
1680,517890
1680.1,517911
1680.2,517932
1680.3,517952
1680.4,517974
1680.5,517994
1680.6,518015
1680.7,518037
1680.8,518057
1680.9,518078
1681,518099
1681.1,518120
1681.2,518141
1681.3,518163
1681.4,518183
1681.5,518204
1681.6,518225
1681.7,518246
1681.8,518267
1681.9,518288
1682,518309
1682.1,518330
1682.2,518351
1682.3,518372
1682.4,518393
1682.5,518414
1682.6,518435
1682.7,518455
1682.8,518476
1682.9,518497
1683,518518
1683.1,518539
1683.2,518561
1683.3,518581
1683.4,518602
1683.5,518623
1683.6,518644
1683.7,518665
1683.8,518686
1683.9,518707
1684,518728
1684.1,518749
1684.2,518769
1684.3,518791
1684.4,518812
1684.5,518832
1684.6,518853
1684.7,518874
1684.8,518895
1684.9,518916
1685,518937
1685.1,518958
1685.2,518979
1685.3,519000
1685.4,519020
1685.5,519042
1685.6,519063
1685.7,519083
1685.8,519104
1685.9,519125
1686,519146
1686.1,519167
1686.2,519188
1686.3,519208
1686.4,519229
1686.5,519250
1686.6,519271
1686.7,519292
1686.8,519313
1686.9,519333
1687,519354
1687.1,519375
1687.2,519396
1687.3,519416
1687.4,519437
1687.5,519458
1687.6,519479
1687.7,519500
1687.8,519521
1687.9,519542
1688,519563
1688.1,519583
1688.2,519603
1688.3,519624
1688.4,519645
1688.5,519666
1688.6,519687
1688.7,519708
1688.8,519728
1688.9,519749
1689,519770
1689.1,519791
1689.2,519812
1689.3,519832
1689.4,519852
1689.5,519873
1689.6,519894
1689.7,519915
1689.8,519936
1689.9,519956
1690,519976
1690.1,519997
1690.2,520018
1690.3,520039
1690.4,520060
1690.5,520080
1690.6,520101
1690.7,520121
1690.8,520142
1690.9,520163
1691,520184
1691.1,520204
1691.2,520225
1691.3,520245
1691.4,520266
1691.5,520287
1691.6,520308
1691.7,520329
1691.8,520349
1691.9,520370
1692,520390
1692.1,520411
1692.2,520432
1692.3,520453
1692.4,520473
1692.5,520494
1692.6,520515
1692.7,520535
1692.8,520556
1692.9,520577
1693,520597
1693.1,520618
1693.2,520638
1693.3,520659
1693.4,520680
1693.5,520701
1693.6,520721
1693.7,520742
1693.8,520762
1693.9,520783
1694,520803
1694.1,520825
1694.2,520845
1694.3,520865
1694.4,520886
1694.5,520906
1694.6,520927
1694.7,520948
1694.8,520968
1694.9,520989
1695,521009
1695.1,521030
1695.2,521050
1695.3,521071
1695.4,521091
1695.5,521112
1695.6,521133
1695.7,521153
1695.8,521174
1695.9,521194
1696,521215
1696.1,521235
1696.2,521256
1696.3,521276
1696.4,521297
1696.5,521318
1696.6,521338
1696.7,521358
1696.8,521379
1696.9,521399
1697,521420
1697.1,521440
1697.2,521461
1697.3,521481
1697.4,521502
1697.5,521522
1697.6,521543
1697.7,521563
1697.8,521583
1697.9,521604
1698,521624
1698.1,521645
1698.2,521665
1698.3,521686
1698.4,521707
1698.5,521727
1698.6,521747
1698.7,521768
1698.8,521788
1698.9,521809
1699,521830
1699.1,521850
1699.2,521870
1699.3,521891
1699.4,521911
1699.5,521932
1699.6,521953
1699.7,521973
1699.8,521993
1699.9,522013
1700,522034
1700.1,522054
1700.2,522075
1700.3,522095
1700.4,522116
1700.5,522136
1700.6,522157
1700.7,522177
1700.8,522197
1700.9,522218
1701,522238
1701.1,522258
1701.2,522279
1701.3,522299
1701.4,522320
1701.5,522340
1701.6,522360
1701.7,522381
1701.8,522401
1701.9,522422
1702,522442
1702.1,522462
1702.2,522483
1702.3,522503
1702.4,522523
1702.5,522544
1702.6,522564
1702.7,522584
1702.8,522605
1702.9,522625
1703,522645
1703.1,522665
1703.2,522686
1703.3,522706
1703.4,522726
1703.5,522747
1703.6,522767
1703.7,522787
1703.8,522808
1703.9,522828
1704,522848
1704.1,522868
1704.2,522889
1704.3,522909
1704.4,522929
1704.5,522950
1704.6,522970
1704.7,522990
1704.8,523010
1704.9,523031
1705,523051
1705.1,523072
1705.2,523092
1705.3,523112
1705.4,523132
1705.5,523152
1705.6,523173
1705.7,523193
1705.8,523213
1705.9,523233
1706,523254
1706.1,523274
1706.2,523294
1706.3,523315
1706.4,523335
1706.5,523355
1706.6,523375
1706.7,523395
1706.8,523416
1706.9,523436
1707,523456
1707.1,523476
1707.2,523496
1707.3,523517
1707.4,523537
1707.5,523557
1707.6,523577
1707.7,523597
1707.8,523617
1707.9,523638
1708,523658
1708.1,523678
1708.2,523698
1708.3,523718
1708.4,523739
1708.5,523759
1708.6,523779
1708.7,523799
1708.8,523819
1708.9,523839
1709,523859
1709.1,523879
1709.2,523899
1709.3,523920
1709.4,523940
1709.5,523960
1709.6,523980
1709.7,524000
1709.8,524020
1709.9,524041
1710,524061
1710.1,524081
1710.2,524101
1710.3,524121
1710.4,524141
1710.5,524161
1710.6,524182
1710.7,524201
1710.8,524222
1710.9,524242
1711,524262
1711.1,524282
1711.2,524302
1711.3,524322
1711.4,524342
1711.5,524362
1711.6,524382
1711.7,524402
1711.8,524423
1711.9,524443
1712,524463
1712.1,524482
1712.2,524503
1712.3,524523
1712.4,524543
1712.5,524563
1712.6,524583
1712.7,524603
1712.8,524623
1712.9,524643
1713,524663
1713.1,524683
1713.2,524703
1713.3,524723
1713.4,524743
1713.5,524763
1713.6,524783
1713.7,524803
1713.8,524823
1713.9,524843
1714,524863
1714.1,524883
1714.2,524903
1714.3,524923
1714.4,524943
1714.5,524962
1714.6,524982
1714.7,525003
1714.8,525023
1714.9,525042
1715,525062
1715.1,525082
1715.2,525102
1715.3,525122
1715.4,525142
1715.5,525162
1715.6,525182
1715.7,525202
1715.8,525222
1715.9,525242
1716,525262
1716.1,525282
1716.2,525302
1716.3,525322
1716.4,525342
1716.5,525361
1716.6,525381
1716.7,525402
1716.8,525421
1716.9,525441
1717,525461
1717.1,525481
1717.2,525501
1717.3,525521
1717.4,525541
1717.5,525561
1717.6,525580
1717.7,525600
1717.8,525620
1717.9,525640
1718,525660
1718.1,525680
1718.2,525700
1718.3,525720
1718.4,525740
1718.5,525759
1718.6,525779
1718.7,525799
1718.8,525819
1718.9,525838
1719,525859
1719.1,525878
1719.2,525898
1719.3,525918
1719.4,525937
1719.5,525957
1719.6,525977
1719.7,525997
1719.8,526017
1719.9,526037
1720,526057
1720.1,526076
1720.2,526096
1720.3,526116
1720.4,526136
1720.5,526156
1720.6,526175
1720.7,526195
1720.8,526215
1720.9,526235
1721,526255
1721.1,526275
1721.2,526294
1721.3,526314
1721.4,526334
1721.5,526354
1721.6,526374
1721.7,526393
1721.8,526413
1721.9,526433
1722,526452
1722.1,526472
1722.2,526492
1722.3,526512
1722.4,526531
1722.5,526551
1722.6,526571
1722.7,526590
1722.8,526610
1722.9,526630
1723,526649
1723.1,526669
1723.2,526689
1723.3,526709
1723.4,526728
1723.5,526748
1723.6,526768
1723.7,526787
1723.8,526807
1723.9,526827
1724,526847
1724.1,526866
1724.2,526885
1724.3,526905
1724.4,526925
1724.5,526945
1724.6,526964
1724.7,526984
1724.8,527004
1724.9,527023
1725,527043
1725.1,527063
1725.2,527082
1725.3,527102
1725.4,527122
1725.5,527141
1725.6,527161
1725.7,527181
1725.8,527200
1725.9,527220
1726,527240
1726.1,527259
1726.2,527279
1726.3,527298
1726.4,527318
1726.5,527338
1726.6,527357
1726.7,527377
1726.8,527396
1726.9,527416
1727,527435
1727.1,527455
1727.2,527475
1727.3,527494
1727.4,527513
1727.5,527533
1727.6,527553
1727.7,527573
1727.8,527592
1727.9,527611
1728,527631
1728.1,527650
1728.2,527670
1728.3,527690
1728.4,527709
1728.5,527728
1728.6,527748
1728.7,527767
1728.8,527787
1728.9,527806
1729,527827
1729.1,527846
1729.2,527865
1729.3,527885
1729.4,527904
1729.5,527924
1729.6,527944
1729.7,527963
1729.8,527982
1729.9,528002
1730,528021
1730.1,528041
1730.2,528061
1730.3,528080
1730.4,528100
1730.5,528119
1730.6,528138
1730.7,528158
1730.8,528178
1730.9,528197
1731,528216
1731.1,528235
1731.2,528255
1731.3,528275
1731.4,528294
1731.5,528313
1731.6,528333
1731.7,528352
1731.8,528372
1731.9,528391
1732,528411
1732.1,528430
1732.2,528449
1732.3,528469
1732.4,528488
1732.5,528507
1732.6,528527
1732.7,528547
1732.8,528566
1732.9,528585
1733,528605
1733.1,528624
1733.2,528644
1733.3,528663
1733.4,528683
1733.5,528702
1733.6,528721
1733.7,528741
1733.8,528760
1733.9,528780
1734,528799
1734.1,528818
1734.2,528837
1734.3,528857
1734.4,528876
1734.5,528896
1734.6,528915
1734.7,528934
1734.8,528953
1734.9,528973
1735,528992
1735.1,529012
1735.2,529031
1735.3,529050
1735.4,529069
1735.5,529089
1735.6,529108
1735.7,529127
1735.8,529147
1735.9,529166
1736,529185
1736.1,529204
1736.2,529224
1736.3,529243
1736.4,529263
1736.5,529282
1736.6,529301
1736.7,529320
1736.8,529340
1736.9,529359
1737,529379
1737.1,529398
1737.2,529417
1737.3,529436
1737.4,529455
1737.5,529475
1737.6,529495
1737.7,529513
1737.8,529533
1737.9,529552
1738,529571
1738.1,529591
1738.2,529610
1738.3,529629
1738.4,529648
1738.5,529667
1738.6,529686
1738.7,529706
1738.8,529725
1738.9,529744
1739,529763
1739.1,529782
1739.2,529802
1739.3,529821
1739.4,529840
1739.5,529859
1739.6,529878
1739.7,529898
1739.8,529917
1739.9,529936
1740,529955
1740.1,529975
1740.2,529994
1740.3,530013
1740.4,530032
1740.5,530051
1740.6,530071
1740.7,530090
1740.8,530109
1740.9,530128
1741,530147
1741.1,530166
1741.2,530185
1741.3,530205
1741.4,530224
1741.5,530243
1741.6,530262
1741.7,530281
1741.8,530300
1741.9,530319
1742,530339
1742.1,530357
1742.2,530377
1742.3,530395
1742.4,530415
1742.5,530434
1742.6,530453
1742.7,530472
1742.8,530491
1742.9,530510
1743,530529
1743.1,530548
1743.2,530567
1743.3,530586
1743.4,530605
1743.5,530624
1743.6,530644
1743.7,530663
1743.8,530682
1743.9,530701
1744,530720
1744.1,530739
1744.2,530758
1744.3,530777
1744.4,530796
1744.5,530815
1744.6,530834
1744.7,530853
1744.8,530872
1744.9,530892
1745,530911
1745.1,530930
1745.2,530948
1745.3,530967
1745.4,530986
1745.5,531006
1745.6,531025
1745.7,531043
1745.8,531062
1745.9,531081
1746,531100
1746.1,531119
1746.2,531139
1746.3,531157
1746.4,531176
1746.5,531195
1746.6,531214
1746.7,531233
1746.8,531252
1746.9,531271
1747,531290
1747.1,531309
1747.2,531328
1747.3,531347
1747.4,531366
1747.5,531385
1747.6,531404
1747.7,531423
1747.8,531442
1747.9,531461
1748,531480
1748.1,531499
1748.2,531517
1748.3,531537
1748.4,531555
1748.5,531574
1748.6,531593
1748.7,531613
1748.8,531631
1748.9,531650
1749,531669
1749.1,531688
1749.2,531706
1749.3,531726
1749.4,531744
1749.5,531763
1749.6,531782
1749.7,531801
1749.8,531819
1749.9,531839
1750,531858
1750.1,531877
1750.2,531895
1750.3,531914
1750.4,531933
1750.5,531952
1750.6,531971
1750.7,531990
1750.8,532008
1750.9,532027
1751,532046
1751.1,532065
1751.2,532084
1751.3,532103
1751.4,532122
1751.5,532140
1751.6,532159
1751.7,532178
1751.8,532197
1751.9,532216
1752,532234
1752.1,532253
1752.2,532272
1752.3,532291
1752.4,532310
1752.5,532328
1752.6,532347
1752.7,532366
1752.8,532384
1752.9,532403
1753,532422
1753.1,532441
1753.2,532460
1753.3,532478
1753.4,532497
1753.5,532516
1753.6,532535
1753.7,532554
1753.8,532573
1753.9,532591
1754,532610
1754.1,532629
1754.2,532648
1754.3,532667
1754.4,532685
1754.5,532704
1754.6,532722
1754.7,532741
1754.8,532760
1754.9,532779
1755,532797
1755.1,532816
1755.2,532834
1755.3,532853
1755.4,532872
1755.5,532891
1755.6,532909
1755.7,532928
1755.8,532947
1755.9,532965
1756,532984
1756.1,533003
1756.2,533022
1756.3,533040
1756.4,533059
1756.5,533078
1756.6,533096
1756.7,533115
1756.8,533134
1756.9,533152
1757,533171
1757.1,533190
1757.2,533208
1757.3,533227
1757.4,533246
1757.5,533264
1757.6,533283
1757.7,533301
1757.8,533320
1757.9,533339
1758,533357
1758.1,533376
1758.2,533395
1758.3,533413
1758.4,533431
1758.5,533450
1758.6,533469
1758.7,533487
1758.8,533506
1758.9,533524
1759,533543
1759.1,533562
1759.2,533580
1759.3,533599
1759.4,533617
1759.5,533636
1759.6,533655
1759.7,533673
1759.8,533692
1759.9,533710
1760,533729
1760.1,533747
1760.2,533766
1760.3,533785
1760.4,533803
1760.5,533822
1760.6,533840
1760.7,533859
1760.8,533877
1760.9,533896
1761,533914
1761.1,533933
1761.2,533951
1761.3,533970
1761.4,533988
1761.5,534007
1761.6,534025
1761.7,534044
1761.8,534062
1761.9,534080
1762,534099
1762.1,534117
1762.2,534136
1762.3,534154
1762.4,534173
1762.5,534192
1762.6,534210
1762.7,534228
1762.8,534247
1762.9,534265
1763,534284
1763.1,534302
1763.2,534321
1763.3,534339
1763.4,534357
1763.5,534376
1763.6,534394
1763.7,534413
1763.8,534431
1763.9,534449
1764,534468
1764.1,534486
1764.2,534505
1764.3,534523
1764.4,534541
1764.5,534560
1764.6,534578
1764.7,534597
1764.8,534615
1764.9,534634
1765,534652
1765.1,534670
1765.2,534689
1765.3,534707
1765.4,534726
1765.5,534744
1765.6,534762
1765.7,534781
1765.8,534799
1765.9,534817
1766,534836
1766.1,534854
1766.2,534873
1766.3,534891
1766.4,534909
1766.5,534928
1766.6,534946
1766.7,534964
1766.8,534983
1766.9,535001
1767,535019
1767.1,535037
1767.2,535056
1767.3,535074
1767.4,535093
1767.5,535111
1767.6,535129
1767.7,535148
1767.8,535166
1767.9,535184
1768,535203
1768.1,535221
1768.2,535239
1768.3,535257
1768.4,535276
1768.5,535294
1768.6,535312
1768.7,535331
1768.8,535349
1768.9,535367
1769,535385
1769.1,535404
1769.2,535422
1769.3,535440
1769.4,535458
1769.5,535476
1769.6,535495
1769.7,535513
1769.8,535531
1769.9,535550
1770,535567
1770.1,535585
1770.2,535604
1770.3,535622
1770.4,535641
1770.5,535659
1770.6,535677
1770.7,535695
1770.8,535713
1770.9,535731
1771,535750
1771.1,535768
1771.2,535786
1771.3,535804
1771.4,535823
1771.5,535840
1771.6,535859
1771.7,535877
1771.8,535895
1771.9,535913
1772,535931
1772.1,535949
1772.2,535968
1772.3,535986
1772.4,536004
1772.5,536022
1772.6,536040
1772.7,536058
1772.8,536076
1772.9,536095
1773,536113
1773.1,536131
1773.2,536149
1773.3,536167
1773.4,536185
1773.5,536204
1773.6,536222
1773.7,536240
1773.8,536258
1773.9,536276
1774,536294
1774.1,536312
1774.2,536330
1774.3,536348
1774.4,536366
1774.5,536385
1774.6,536402
1774.7,536421
1774.8,536439
1774.9,536457
1775,536474
1775.1,536493
1775.2,536511
1775.3,536529
1775.4,536547
1775.5,536565
1775.6,536583
1775.7,536601
1775.8,536619
1775.9,536637
1776,536655
1776.1,536674
1776.2,536691
1776.3,536709
1776.4,536727
1776.5,536745
1776.6,536763
1776.7,536782
1776.8,536800
1776.9,536817
1777,536835
1777.1,536853
1777.2,536872
1777.3,536889
1777.4,536907
1777.5,536925
1777.6,536943
1777.7,536961
1777.8,536979
1777.9,536997
1778,537015
1778.1,537033
1778.2,537051
1778.3,537069
1778.4,537087
1778.5,537105
1778.6,537123
1778.7,537141
1778.8,537159
1778.9,537177
1779,537195
1779.1,537213
1779.2,537231
1779.3,537249
1779.4,537266
1779.5,537284
1779.6,537302
1779.7,537320
1779.8,537338
1779.9,537357
1780,537374
1780.1,537392
1780.2,537410
1780.3,537428
1780.4,537446
1780.5,537464
1780.6,537482
1780.7,537500
1780.8,537517
1780.9,537535
1781,537553
1781.1,537571
1781.2,537589
1781.3,537607
1781.4,537624
1781.5,537642
1781.6,537660
1781.7,537678
1781.8,537696
1781.9,537714
1782,537732
1782.1,537749
1782.2,537767
1782.3,537785
1782.4,537803
1782.5,537821
1782.6,537839
1782.7,537857
1782.8,537874
1782.9,537892
1783,537910
1783.1,537928
1783.2,537946
1783.3,537963
1783.4,537981
1783.5,537999
1783.6,538017
1783.7,538035
1783.8,538052
1783.9,538070
1784,538088
1784.1,538106
1784.2,538124
1784.3,538141
1784.4,538159
1784.5,538177
1784.6,538194
1784.7,538212
1784.8,538230
1784.9,538248
1785,538266
1785.1,538283
1785.2,538301
1785.3,538319
1785.4,538337
1785.5,538355
1785.6,538372
1785.7,538390
1785.8,538408
1785.9,538425
1786,538443
1786.1,538461
1786.2,538479
1786.3,538496
1786.4,538514
1786.5,538531
1786.6,538549
1786.7,538567
1786.8,538584
1786.9,538602
1787,538620
1787.1,538638
1787.2,538655
1787.3,538673
1787.4,538691
1787.5,538709
1787.6,538726
1787.7,538743
1787.8,538761
1787.9,538779
1788,538797
1788.1,538814
1788.2,538832
1788.3,538849
1788.4,538867
1788.5,538885
1788.6,538903
1788.7,538920
1788.8,538937
1788.9,538955
1789,538973
1789.1,538990
1789.2,539008
1789.3,539026
1789.4,539043
1789.5,539061
1789.6,539079
1789.7,539096
1789.8,539114
1789.9,539132
1790,539149
1790.1,539167
1790.2,539184
1790.3,539201
1790.4,539219
1790.5,539237
1790.6,539255
1790.7,539272
1790.8,539289
1790.9,539307
1791,539325
1791.1,539342
1791.2,539360
1791.3,539377
1791.4,539394
1791.5,539412
1791.6,539430
1791.7,539447
1791.8,539465
1791.9,539482
1792,539500
1792.1,539517
1792.2,539535
1792.3,539552
1792.4,539570
1792.5,539587
1792.6,539605
1792.7,539622
1792.8,539640
1792.9,539658
1793,539675
1793.1,539692
1793.2,539709
1793.3,539727
1793.4,539745
1793.5,539762
1793.6,539780
1793.7,539797
1793.8,539814
1793.9,539832
1794,539850
1794.1,539867
1794.2,539885
1794.3,539902
1794.4,539919
1794.5,539937
1794.6,539954
1794.7,539972
1794.8,539989
1794.9,540007
1795,540024
1795.1,540041
1795.2,540058
1795.3,540076
1795.4,540093
1795.5,540111
1795.6,540129
1795.7,540146
1795.8,540163
1795.9,540181
1796,540198
1796.1,540216
1796.2,540233
1796.3,540251
1796.4,540268
1796.5,540285
1796.6,540302
1796.7,540320
1796.8,540338
1796.9,540355
1797,540372
1797.1,540389
1797.2,540407
1797.3,540424
1797.4,540441
1797.5,540458
1797.6,540476
1797.7,540493
1797.8,540511
1797.9,540528
1798,540545
1798.1,540563
1798.2,540580
1798.3,540597
1798.4,540614
1798.5,540632
1798.6,540649
1798.7,540667
1798.8,540684
1798.9,540701
1799,540718
1799.1,540735
1799.2,540753
1799.3,540770
1799.4,540787
1799.5,540805
1799.6,540822
1799.7,540839
1799.8,540856
1799.9,540874
1800,540891
1800.1,540908
1800.2,540925
1800.3,540943
1800.4,540960
1800.5,540977
1800.6,540995
1800.7,541012
1800.8,541029
1800.9,541046
1801,541063
1801.1,541081
1801.2,541098
1801.3,541115
1801.4,541132
1801.5,541149
1801.6,541167
1801.7,541184
1801.8,541201
1801.9,541219
1802,541235
1802.1,541253
1802.2,541270
1802.3,541287
1802.4,541304
1802.5,541322
1802.6,541339
1802.7,541356
1802.8,541373
1802.9,541390
1803,541407
1803.1,541424
1803.2,541441
1803.3,541458
1803.4,541476
1803.5,541493
1803.6,541510
1803.7,541527
1803.8,541545
1803.9,541562
1804,541579
1804.1,541596
1804.2,541613
1804.3,541630
1804.4,541647
1804.5,541664
1804.6,541681
1804.7,541699
1804.8,541716
1804.9,541733
1805,541750
1805.1,541767
1805.2,541784
1805.3,541801
1805.4,541818
1805.5,541835
1805.6,541853
1805.7,541870
1805.8,541887
1805.9,541904
1806,541921
1806.1,541938
1806.2,541955
1806.3,541972
1806.4,541989
1806.5,542006
1806.6,542023
1806.7,542040
1806.8,542057
1806.9,542075
1807,542091
1807.1,542108
1807.2,542125
1807.3,542143
1807.4,542159
1807.5,542177
1807.6,542194
1807.7,542210
1807.8,542227
1807.9,542244
1808,542262
1808.1,542279
1808.2,542296
1808.3,542313
1808.4,542330
1808.5,542347
1808.6,542363
1808.7,542381
1808.8,542398
1808.9,542415
1809,542431
1809.1,542448
1809.2,542465
1809.3,542482
1809.4,542499
1809.5,542516
1809.6,542533
1809.7,542550
1809.8,542567
1809.9,542584
1810,542601
1810.1,542618
1810.2,542635
1810.3,542652
1810.4,542669
1810.5,542686
1810.6,542703
1810.7,542720
1810.8,542736
1810.9,542753
1811,542770
1811.1,542787
1811.2,542804
1811.3,542821
1811.4,542838
1811.5,542855
1811.6,542872
1811.7,542888
1811.8,542905
1811.9,542922
1812,542939
1812.1,542956
1812.2,542973
1812.3,542990
1812.4,543006
1812.5,543023
1812.6,543041
1812.7,543057
1812.8,543074
1812.9,543091
1813,543107
1813.1,543124
1813.2,543141
1813.3,543158
1813.4,543175
1813.5,543192
1813.6,543209
1813.7,543225
1813.8,543242
1813.9,543259
1814,543276
1814.1,543292
1814.2,543309
1814.3,543326
1814.4,543343
1814.5,543360
1814.6,543377
1814.7,543393
1814.8,543410
1814.9,543427
1815,543444
1815.1,543460
1815.2,543477
1815.3,543494
1815.4,543511
1815.5,543528
1815.6,543544
1815.7,543561
1815.8,543578
1815.9,543595
1816,543611
1816.1,543628
1816.2,543645
1816.3,543661
1816.4,543678
1816.5,543695
1816.6,543712
1816.7,543728
1816.8,543745
1816.9,543761
1817,543778
1817.1,543795
1817.2,543812
1817.3,543828
1817.4,543845
1817.5,543862
1817.6,543878
1817.7,543895
1817.8,543912
1817.9,543928
1818,543945
1818.1,543962
1818.2,543979
1818.3,543995
1818.4,544012
1818.5,544029
1818.6,544046
1818.7,544062
1818.8,544079
1818.9,544095
1819,544113
1819.1,544129
1819.2,544145
1819.3,544162
1819.4,544179
1819.5,544195
1819.6,544212
1819.7,544228
1819.8,544245
1819.9,544261
1820,544278
1820.1,544295
1820.2,544312
1820.3,544328
1820.4,544345
1820.5,544362
1820.6,544378
1820.7,544395
1820.8,544411
1820.9,544428
1821,544445
1821.1,544461
1821.2,544477
1821.3,544494
1821.4,544511
1821.5,544527
1821.6,544544
1821.7,544560
1821.8,544577
1821.9,544593
1822,544610
1822.1,544626
1822.2,544643
1822.3,544660
1822.4,544676
1822.5,544693
1822.6,544709
1822.7,544726
1822.8,544743
1822.9,544759
1823,544775
1823.1,544792
1823.2,544808
1823.3,544825
1823.4,544841
1823.5,544858
1823.6,544874
1823.7,544890
1823.8,544906
1823.9,544923
1824,544940
1824.1,544957
1824.2,544973
1824.3,544989
1824.4,545006
1824.5,545022
1824.6,545039
1824.7,545055
1824.8,545071
1824.9,545088
1825,545104
1825.1,545121
1825.2,545137
1825.3,545154
1825.4,545171
1825.5,545187
1825.6,545203
1825.7,545219
1825.8,545236
1825.9,545252
1826,545269
1826.1,545285
1826.2,545301
1826.3,545318
1826.4,545334
1826.5,545351
1826.6,545367
1826.7,545383
1826.8,545400
1826.9,545416
1827,545432
1827.1,545449
1827.2,545466
1827.3,545482
1827.4,545498
1827.5,545514
1827.6,545531
1827.7,545547
1827.8,545564
1827.9,545580
1828,545596
1828.1,545613
1828.2,545629
1828.3,545645
1828.4,545661
1828.5,545678
1828.6,545695
1828.7,545711
1828.8,545727
1828.9,545743
1829,545760
1829.1,545776
1829.2,545793
1829.3,545809
1829.4,545825
1829.5,545841
1829.6,545857
1829.7,545874
1829.8,545890
1829.9,545906
1830,545923
1830.1,545939
1830.2,545955
1830.3,545971
1830.4,545988
1830.5,546004
1830.6,546020
1830.7,546037
1830.8,546053
1830.9,546069
1831,546085
1831.1,546102
1831.2,546117
1831.3,546134
1831.4,546150
1831.5,546166
1831.6,546182
1831.7,546199
1831.8,546215
1831.9,546231
1832,546247
1832.1,546263
1832.2,546279
1832.3,546296
1832.4,546312
1832.5,546328
1832.6,546344
1832.7,546361
1832.8,546377
1832.9,546393
1833,546409
1833.1,546425
1833.2,546441
1833.3,546458
1833.4,546473
1833.5,546490
1833.6,546506
1833.7,546523
1833.8,546538
1833.9,546554
1834,546571
1834.1,546587
1834.2,546603
1834.3,546619
1834.4,546635
1834.5,546651
1834.6,546667
1834.7,546684
1834.8,546700
1834.9,546716
1835,546733
1835.1,546748
1835.2,546764
1835.3,546781
1835.4,546797
1835.5,546813
1835.6,546829
1835.7,546845
1835.8,546861
1835.9,546877
1836,546893
1836.1,546909
1836.2,546926
1836.3,546941
1836.4,546957
1836.5,546973
1836.6,546989
1836.7,547005
1836.8,547022
1836.9,547038
1837,547054
1837.1,547070
1837.2,547086
1837.3,547102
1837.4,547118
1837.5,547134
1837.6,547150
1837.7,547166
1837.8,547182
1837.9,547198
1838,547214
1838.1,547230
1838.2,547246
1838.3,547262
1838.4,547278
1838.5,547294
1838.6,547310
1838.7,547326
1838.8,547343
1838.9,547358
1839,547374
1839.1,547390
1839.2,547406
1839.3,547422
1839.4,547438
1839.5,547454
1839.6,547470
1839.7,547486
1839.8,547502
1839.9,547518
1840,547534
1840.1,547550
1840.2,547565
1840.3,547581
1840.4,547597
1840.5,547613
1840.6,547629
1840.7,547645
1840.8,547661
1840.9,547677
1841,547693
1841.1,547709
1841.2,547724
1841.3,547741
1841.4,547757
1841.5,547772
1841.6,547788
1841.7,547804
1841.8,547820
1841.9,547836
1842,547852
1842.1,547868
1842.2,547884
1842.3,547899
1842.4,547915
1842.5,547931
1842.6,547947
1842.7,547963
1842.8,547979
1842.9,547995
1843,548011
1843.1,548026
1843.2,548042
1843.3,548059
1843.4,548074
1843.5,548090
1843.6,548105
1843.7,548121
1843.8,548137
1843.9,548153
1844,548169
1844.1,548185
1844.2,548200
1844.3,548216
1844.4,548232
1844.5,548248
1844.6,548264
1844.7,548279
1844.8,548295
1844.9,548311
1845,548327
1845.1,548343
1845.2,548358
1845.3,548374
1845.4,548389
1845.5,548405
1845.6,548421
1845.7,548437
1845.8,548453
1845.9,548469
1846,548484
1846.1,548500
1846.2,548516
1846.3,548532
1846.4,548547
1846.5,548563
1846.6,548579
1846.7,548594
1846.8,548610
1846.9,548626
1847,548641
1847.1,548657
1847.2,548673
1847.3,548689
1847.4,548704
1847.5,548720
1847.6,548736
1847.7,548752
1847.8,548768
1847.9,548783
1848,548799
1848.1,548814
1848.2,548830
1848.3,548846
1848.4,548861
1848.5,548877
1848.6,548893
1848.7,548908
1848.8,548924
1848.9,548940
1849,548955
1849.1,548971
1849.2,548987
1849.3,549002
1849.4,549018
1849.5,549034
1849.6,549049
1849.7,549065
1849.8,549080
1849.9,549096
1850,549111
1850.1,549127
1850.2,549143
1850.3,549158
1850.4,549174
1850.5,549190
1850.6,549205
1850.7,549221
1850.8,549236
1850.9,549252
1851,549268
1851.1,549283
1851.2,549298
1851.3,549314
1851.4,549330
1851.5,549345
1851.6,549361
1851.7,549377
1851.8,549392
1851.9,549407
1852,549423
1852.1,549439
1852.2,549454
1852.3,549470
1852.4,549485
1852.5,549500
1852.6,549516
1852.7,549532
1852.8,549547
1852.9,549563
1853,549578
1853.1,549594
1853.2,549609
1853.3,549625
1853.4,549640
1853.5,549656
1853.6,549672
1853.7,549687
1853.8,549702
1853.9,549718
1854,549733
1854.1,549749
1854.2,549764
1854.3,549780
1854.4,549795
1854.5,549811
1854.6,549826
1854.7,549842
1854.8,549857
1854.9,549873
1855,549888
1855.1,549904
1855.2,549919
1855.3,549934
1855.4,549950
1855.5,549966
1855.6,549981
1855.7,549996
1855.8,550012
1855.9,550027
1856,550043
1856.1,550058
1856.2,550074
1856.3,550089
1856.4,550104
1856.5,550120
1856.6,550135
1856.7,550150
1856.8,550166
1856.9,550181
1857,550196
1857.1,550211
1857.2,550227
1857.3,550242
1857.4,550258
1857.5,550273
1857.6,550289
1857.7,550304
1857.8,550319
1857.9,550335
1858,550350
1858.1,550365
1858.2,550380
1858.3,550396
1858.4,550411
1858.5,550426
1858.6,550441
1858.7,550457
1858.8,550473
1858.9,550488
1859,550503
1859.1,550518
1859.2,550533
1859.3,550549
1859.4,550564
1859.5,550580
1859.6,550594
1859.7,550610
1859.8,550625
1859.9,550640
1860,550656
1860.1,550671
1860.2,550686
1860.3,550701
1860.4,550717
1860.5,550732
1860.6,550747
1860.7,550763
1860.8,550778
1860.9,550793
1861,550808
1861.1,550823
1861.2,550839
1861.3,550854
1861.4,550869
1861.5,550884
1861.6,550899
1861.7,550915
1861.8,550930
1861.9,550945
1862,550961
1862.1,550976
1862.2,550991
1862.3,551006
1862.4,551021
1862.5,551036
1862.6,551051
1862.7,551067
1862.8,551082
1862.9,551097
1863,551112
1863.1,551127
1863.2,551142
1863.3,551158
1863.4,551173
1863.5,551188
1863.6,551203
1863.7,551218
1863.8,551233
1863.9,551248
1864,551264
1864.1,551279
1864.2,551294
1864.3,551309
1864.4,551324
1864.5,551339
1864.6,551355
1864.7,551370
1864.8,551385
1864.9,551400
1865,551415
1865.1,551430
1865.2,551445
1865.3,551461
1865.4,551475
1865.5,551491
1865.6,551505
1865.7,551520
1865.8,551535
1865.9,551551
1866,551566
1866.1,551581
1866.2,551596
1866.3,551611
1866.4,551626
1866.5,551641
1866.6,551657
1866.7,551671
1866.8,551686
1866.9,551701
1867,551716
1867.1,551731
1867.2,551747
1867.3,551761
1867.4,551776
1867.5,551791
1867.6,551806
1867.7,551821
1867.8,551836
1867.9,551852
1868,551866
1868.1,551882
1868.2,551896
1868.3,551911
1868.4,551926
1868.5,551942
1868.6,551956
1868.7,551971
1868.8,551986
1868.9,552001
1869,552016
1869.1,552031
1869.2,552046
1869.3,552061
1869.4,552076
1869.5,552091
1869.6,552106
1869.7,552121
1869.8,552136
1869.9,552151
1870,552166
1870.1,552181
1870.2,552195
1870.3,552210
1870.4,552225
1870.5,552241
1870.6,552255
1870.7,552270
1870.8,552285
1870.9,552300
1871,552315
1871.1,552330
1871.2,552345
1871.3,552360
1871.4,552374
1871.5,552389
1871.6,552404
1871.7,552419
1871.8,552434
1871.9,552449
1872,552464
1872.1,552478
1872.2,552494
1872.3,552508
1872.4,552524
1872.5,552538
1872.6,552553
1872.7,552567
1872.8,552582
1872.9,552597
1873,552612
1873.1,552627
1873.2,552642
1873.3,552656
1873.4,552671
1873.5,552686
1873.6,552701
1873.7,552716
1873.8,552731
1873.9,552745
1874,552760
1874.1,552775
1874.2,552789
1874.3,552804
1874.4,552819
1874.5,552834
1874.6,552849
1874.7,552864
1874.8,552879
1874.9,552893
1875,552908
1875.1,552923
1875.2,552938
1875.3,552952
1875.4,552967
1875.5,552982
1875.6,552997
1875.7,553011
1875.8,553026
1875.9,553041
1876,553055
1876.1,553070
1876.2,553085
1876.3,553100
1876.4,553115
1876.5,553129
1876.6,553144
1876.7,553159
1876.8,553174
1876.9,553188
1877,553203
1877.1,553218
1877.2,553232
1877.3,553247
1877.4,553262
1877.5,553276
1877.6,553291
1877.7,553306
1877.8,553320
1877.9,553335
1878,553350
1878.1,553365
1878.2,553379
1878.3,553394
1878.4,553409
1878.5,553423
1878.6,553438
1878.7,553452
1878.8,553467
1878.9,553482
1879,553497
1879.1,553511
1879.2,553525
1879.3,553540
1879.4,553555
1879.5,553570
1879.6,553585
1879.7,553599
1879.8,553613
1879.9,553628
1880,553642
1880.1,553657
1880.2,553672
1880.3,553687
1880.4,553701
1880.5,553715
1880.6,553730
1880.7,553744
1880.8,553759
1880.9,553774
1881,553788
1881.1,553803
1881.2,553817
1881.3,553832
1881.4,553846
1881.5,553861
1881.6,553876
1881.7,553890
1881.8,553905
1881.9,553919
1882,553933
1882.1,553948
1882.2,553963
1882.3,553978
1882.4,553992
1882.5,554007
1882.6,554021
1882.7,554035
1882.8,554050
1882.9,554065
1883,554079
1883.1,554093
1883.2,554108
1883.3,554122
1883.4,554137
1883.5,554151
1883.6,554166
1883.7,554181
1883.8,554195
1883.9,554210
1884,554224
1884.1,554239
1884.2,554253
1884.3,554267
1884.4,554282
1884.5,554296
1884.6,554310
1884.7,554325
1884.8,554340
1884.9,554354
1885,554369
1885.1,554383
1885.2,554397
1885.3,554412
1885.4,554426
1885.5,554441
1885.6,554455
1885.7,554469
1885.8,554484
1885.9,554498
1886,554512
1886.1,554527
1886.2,554542
1886.3,554556
1886.4,554570
1886.5,554584
1886.6,554599
1886.7,554614
1886.8,554628
1886.9,554642
1887,554656
1887.1,554670
1887.2,554685
1887.3,554699
1887.4,554714
1887.5,554728
1887.6,554743
1887.7,554756
1887.8,554771
1887.9,554785
1888,554799
1888.1,554814
1888.2,554829
1888.3,554843
1888.4,554857
1888.5,554872
1888.6,554886
1888.7,554900
1888.8,554915
1888.9,554928
1889,554943
1889.1,554957
1889.2,554971
1889.3,554986
1889.4,555000
1889.5,555014
1889.6,555029
1889.7,555043
1889.8,555057
1889.9,555072
1890,555086
1890.1,555100
1890.2,555114
1890.3,555128
1890.4,555143
1890.5,555157
1890.6,555171
1890.7,555185
1890.8,555200
1890.9,555214
1891,555228
1891.1,555242
1891.2,555256
1891.3,555271
1891.4,555285
1891.5,555299
1891.6,555313
1891.7,555327
1891.8,555341
1891.9,555355
1892,555370
1892.1,555384
1892.2,555398
1892.3,555413
1892.4,555426
1892.5,555441
1892.6,555455
1892.7,555469
1892.8,555484
1892.9,555498
1893,555512
1893.1,555526
1893.2,555540
1893.3,555554
1893.4,555569
1893.5,555582
1893.6,555597
1893.7,555611
1893.8,555625
1893.9,555639
1894,555653
1894.1,555668
1894.2,555681
1894.3,555695
1894.4,555710
1894.5,555724
1894.6,555738
1894.7,555752
1894.8,555766
1894.9,555780
1895,555794
1895.1,555808
1895.2,555822
1895.3,555836
1895.4,555851
1895.5,555864
1895.6,555879
1895.7,555892
1895.8,555906
1895.9,555921
1896,555935
1896.1,555949
1896.2,555963
1896.3,555977
1896.4,555991
1896.5,556005
1896.6,556019
1896.7,556034
1896.8,556047
1896.9,556061
1897,556075
1897.1,556089
1897.2,556103
1897.3,556117
1897.4,556132
1897.5,556145
1897.6,556159
1897.7,556173
1897.8,556187
1897.9,556201
1898,556215
1898.1,556229
1898.2,556243
1898.3,556257
1898.4,556271
1898.5,556285
1898.6,556299
1898.7,556313
1898.8,556327
1898.9,556341
1899,556354
1899.1,556368
1899.2,556382
1899.3,556397
1899.4,556411
1899.5,556425
1899.6,556438
1899.7,556452
1899.8,556466
1899.9,556480
1900,556494
1900.1,556508
1900.2,556522
1900.3,556536
1900.4,556550
1900.5,556564
1900.6,556577
1900.7,556592
1900.8,556605
1900.9,556619
1901,556633
1901.1,556647
1901.2,556661
1901.3,556675
1901.4,556689
1901.5,556703
1901.6,556716
1901.7,556730
1901.8,556744
1901.9,556758
1902,556772
1902.1,556786
1902.2,556799
1902.3,556813
1902.4,556827
1902.5,556841
1902.6,556855
1902.7,556869
1902.8,556882
1902.9,556896
1903,556910
1903.1,556924
1903.2,556938
1903.3,556952
1903.4,556966
1903.5,556979
1903.6,556993
1903.7,557007
1903.8,557021
1903.9,557034
1904,557048
1904.1,557062
1904.2,557076
1904.3,557089
1904.4,557103
1904.5,557117
1904.6,557131
1904.7,557145
1904.8,557158
1904.9,557172
1905,557186
1905.1,557200
1905.2,557213
1905.3,557228
1905.4,557241
1905.5,557254
1905.6,557268
1905.7,557282
1905.8,557296
1905.9,557310
1906,557323
1906.1,557337
1906.2,557350
1906.3,557364
1906.4,557378
1906.5,557392
1906.6,557405
1906.7,557419
1906.8,557433
1906.9,557446
1907,557460
1907.1,557474
1907.2,557488
1907.3,557501
1907.4,557515
1907.5,557529
1907.6,557542
1907.7,557556
1907.8,557570
1907.9,557583
1908,557597
1908.1,557610
1908.2,557624
1908.3,557638
1908.4,557651
1908.5,557665
1908.6,557679
1908.7,557692
1908.8,557706
1908.9,557719
1909,557733
1909.1,557746
1909.2,557760
1909.3,557774
1909.4,557787
1909.5,557801
1909.6,557814
1909.7,557828
1909.8,557841
1909.9,557855
1910,557869
1910.1,557883
1910.2,557896
1910.3,557909
1910.4,557923
1910.5,557937
1910.6,557950
1910.7,557964
1910.8,557977
1910.9,557991
1911,558004
1911.1,558018
1911.2,558031
1911.3,558045
1911.4,558058
1911.5,558072
1911.6,558085
1911.7,558099
1911.8,558112
1911.9,558126
1912,558139
1912.1,558153
1912.2,558166
1912.3,558180
1912.4,558193
1912.5,558207
1912.6,558221
1912.7,558234
1912.8,558247
1912.9,558261
1913,558274
1913.1,558288
1913.2,558301
1913.3,558315
1913.4,558328
1913.5,558342
1913.6,558355
1913.7,558368
1913.8,558382
1913.9,558395
1914,558409
1914.1,558422
1914.2,558436
1914.3,558449
1914.4,558462
1914.5,558476
1914.6,558490
1914.7,558503
1914.8,558516
1914.9,558530
1915,558543
1915.1,558556
1915.2,558570
1915.3,558583
1915.4,558597
1915.5,558610
1915.6,558623
1915.7,558637
1915.8,558650
1915.9,558664
1916,558677
1916.1,558691
1916.2,558703
1916.3,558717
1916.4,558730
1916.5,558744
1916.6,558757
1916.7,558770
1916.8,558784
1916.9,558797
1917,558810
1917.1,558824
1917.2,558837
1917.3,558850
1917.4,558864
1917.5,558877
1917.6,558890
1917.7,558904
1917.8,558917
1917.9,558930
1918,558944
1918.1,558957
1918.2,558970
1918.3,558983
1918.4,558997
1918.5,559010
1918.6,559023
1918.7,559037
1918.8,559050
1918.9,559063
1919,559076
1919.1,559089
1919.2,559103
1919.3,559116
1919.4,559129
1919.5,559142
1919.6,559156
1919.7,559169
1919.8,559182
1919.9,559196
1920,559209
1920.1,559222
1920.2,559235
1920.3,559249
1920.4,559262
1920.5,559275
1920.6,559288
1920.7,559302
1920.8,559315
1920.9,559328
1921,559341
1921.1,559354
1921.2,559368
1921.3,559381
1921.4,559394
1921.5,559407
1921.6,559420
1921.7,559433
1921.8,559447
1921.9,559460
1922,559473
1922.1,559486
1922.2,559499
1922.3,559512
1922.4,559525
1922.5,559539
1922.6,559552
1922.7,559565
1922.8,559578
1922.9,559591
1923,559604
1923.1,559617
1923.2,559631
1923.3,559644
1923.4,559657
1923.5,559670
1923.6,559683
1923.7,559696
1923.8,559709
1923.9,559722
1924,559736
1924.1,559749
1924.2,559762
1924.3,559775
1924.4,559788
1924.5,559801
1924.6,559814
1924.7,559827
1924.8,559840
1924.9,559853
1925,559866
1925.1,559879
1925.2,559893
1925.3,559906
1925.4,559919
1925.5,559931
1925.6,559944
1925.7,559958
1925.8,559971
1925.9,559984
1926,559997
1926.1,560010
1926.2,560023
1926.3,560036
1926.4,560049
1926.5,560061
1926.6,560075
1926.7,560088
1926.8,560101
1926.9,560114
1927,560127
1927.1,560140
1927.2,560153
1927.3,560166
1927.4,560179
1927.5,560192
1927.6,560205
1927.7,560218
1927.8,560231
1927.9,560244
1928,560257
1928.1,560270
1928.2,560282
1928.3,560296
1928.4,560308
1928.5,560321
1928.6,560334
1928.7,560347
1928.8,560360
1928.9,560373
1929,560386
1929.1,560399
1929.2,560412
1929.3,560424
1929.4,560438
1929.5,560450
1929.6,560463
1929.7,560476
1929.8,560489
1929.9,560502
1930,560515
1930.1,560528
1930.2,560541
1930.3,560553
1930.4,560566
1930.5,560579
1930.6,560592
1930.7,560605
1930.8,560618
1930.9,560630
1931,560644
1931.1,560656
1931.2,560669
1931.3,560682
1931.4,560695
1931.5,560708
1931.6,560720
1931.7,560733
1931.8,560746
1931.9,560759
1932,560772
1932.1,560785
1932.2,560798
1932.3,560811
1932.4,560823
1932.5,560836
1932.6,560849
1932.7,560862
1932.8,560874
1932.9,560887
1933,560900
1933.1,560913
1933.2,560925
1933.3,560938
1933.4,560951
1933.5,560964
1933.6,560977
1933.7,560989
1933.8,561002
1933.9,561015
1934,561027
1934.1,561040
1934.2,561053
1934.3,561066
1934.4,561079
1934.5,561091
1934.6,561104
1934.7,561117
1934.8,561130
1934.9,561142
1935,561155
1935.1,561167
1935.2,561180
1935.3,561194
1935.4,561206
1935.5,561219
1935.6,561231
1935.7,561244
1935.8,561256
1935.9,561269
1936,561282
1936.1,561295
1936.2,561307
1936.3,561320
1936.4,561332
1936.5,561345
1936.6,561358
1936.7,561371
1936.8,561383
1936.9,561396
1937,561409
1937.1,561421
1937.2,561434
1937.3,561446
1937.4,561459
1937.5,561472
1937.6,561485
1937.7,561497
1937.8,561510
1937.9,561522
1938,561535
1938.1,561548
1938.2,561560
1938.3,561573
1938.4,561585
1938.5,561598
1938.6,561610
1938.7,561623
1938.8,561636
1938.9,561648
1939,561661
1939.1,561673
1939.2,561686
1939.3,561698
1939.4,561711
1939.5,561724
1939.6,561736
1939.7,561749
1939.8,561761
1939.9,561774
1940,561786
1940.1,561799
1940.2,561812
1940.3,561824
1940.4,561837
1940.5,561849
1940.6,561861
1940.7,561874
1940.8,561887
1940.9,561899
1941,561912
1941.1,561924
1941.2,561936
1941.3,561949
1941.4,561962
1941.5,561975
1941.6,561987
1941.7,561999
1941.8,562011
1941.9,562024
1942,562036
1942.1,562049
1942.2,562062
1942.3,562074
1942.4,562087
1942.5,562099
1942.6,562111
1942.7,562124
1942.8,562136
1942.9,562149
1943,562161
1943.1,562174
1943.2,562186
1943.3,562198
1943.4,562211
1943.5,562224
1943.6,562236
1943.7,562248
1943.8,562260
1943.9,562273
1944,562285
1944.1,562298
1944.2,562310
1944.3,562322
1944.4,562335
1944.5,562347
1944.6,562359
1944.7,562371
1944.8,562384
1944.9,562397
1945,562409
1945.1,562421
1945.2,562433
1945.3,562446
1945.4,562459
1945.5,562471
1945.6,562483
1945.7,562495
1945.8,562508
1945.9,562520
1946,562532
1946.1,562545
1946.2,562557
1946.3,562570
1946.4,562582
1946.5,562594
1946.6,562606
1946.7,562619
1946.8,562631
1946.9,562644
1947,562656
1947.1,562668
1947.2,562680
1947.3,562692
1947.4,562705
1947.5,562717
1947.6,562730
1947.7,562742
1947.8,562754
1947.9,562766
1948,562778
1948.1,562791
1948.2,562803
1948.3,562815
1948.4,562828
1948.5,562840
1948.6,562852
1948.7,562864
1948.8,562876
1948.9,562889
1949,562901
1949.1,562913
1949.2,562925
1949.3,562938
1949.4,562950
1949.5,562962
1949.6,562975
1949.7,562987
1949.8,562999
1949.9,563011
1950,563023
1950.1,563035
1950.2,563047
1950.3,563060
1950.4,563072
1950.5,563084
1950.6,563096
1950.7,563108
1950.8,563120
1950.9,563133
1951,563145
1951.1,563157
1951.2,563169
1951.3,563181
1951.4,563193
1951.5,563205
1951.6,563218
1951.7,563230
1951.8,563242
1951.9,563254
1952,563266
1952.1,563278
1952.2,563290
1952.3,563302
1952.4,563315
1952.5,563327
1952.6,563339
1952.7,563351
1952.8,563363
1952.9,563375
1953,563387
1953.1,563400
1953.2,563411
1953.3,563423
1953.4,563435
1953.5,563448
1953.6,563460
1953.7,563472
1953.8,563484
1953.9,563496
1954,563508
1954.1,563520
1954.2,563532
1954.3,563544
1954.4,563556
1954.5,563568
1954.6,563580
1954.7,563592
1954.8,563604
1954.9,563616
1955,563628
1955.1,563640
1955.2,563652
1955.3,563664
1955.4,563676
1955.5,563688
1955.6,563700
1955.7,563712
1955.8,563724
1955.9,563736
1956,563748
1956.1,563760
1956.2,563772
1956.3,563784
1956.4,563796
1956.5,563808
1956.6,563820
1956.7,563832
1956.8,563844
1956.9,563856
1957,563868
1957.1,563880
1957.2,563892
1957.3,563904
1957.4,563916
1957.5,563927
1957.6,563939
1957.7,563951
1957.8,563963
1957.9,563975
1958,563987
1958.1,563999
1958.2,564011
1958.3,564023
1958.4,564035
1958.5,564047
1958.6,564058
1958.7,564070
1958.8,564082
1958.9,564094
1959,564106
1959.1,564118
1959.2,564130
1959.3,564142
1959.4,564153
1959.5,564165
1959.6,564177
1959.7,564189
1959.8,564201
1959.9,564213
1960,564224
1960.1,564236
1960.2,564248
1960.3,564260
1960.4,564272
1960.5,564284
1960.6,564296
1960.7,564308
1960.8,564319
1960.9,564331
1961,564343
1961.1,564354
1961.2,564367
1961.3,564379
1961.4,564390
1961.5,564402
1961.6,564414
1961.7,564426
1961.8,564437
1961.9,564449
1962,564461
1962.1,564472
1962.2,564484
1962.3,564496
1962.4,564508
1962.5,564519
1962.6,564531
1962.7,564543
1962.8,564554
1962.9,564566
1963,564578
1963.1,564590
1963.2,564602
1963.3,564614
1963.4,564625
1963.5,564637
1963.6,564648
1963.7,564660
1963.8,564672
1963.9,564684
1964,564696
1964.1,564707
1964.2,564718
1964.3,564730
1964.4,564742
1964.5,564754
1964.6,564765
1964.7,564777
1964.8,564789
1964.9,564800
1965,564812
1965.1,564824
1965.2,564835
1965.3,564847
1965.4,564859
1965.5,564871
1965.6,564882
1965.7,564894
1965.8,564905
1965.9,564917
1966,564929
1966.1,564941
1966.2,564952
1966.3,564964
1966.4,564975
1966.5,564987
1966.6,564999
1966.7,565010
1966.8,565022
1966.9,565033
1967,565045
1967.1,565057
1967.2,565068
1967.3,565080
1967.4,565091
1967.5,565103
1967.6,565114
1967.7,565126
1967.8,565137
1967.9,565149
1968,565160
1968.1,565172
1968.2,565184
1968.3,565195
1968.4,565207
1968.5,565218
1968.6,565230
1968.7,565241
1968.8,565253
1968.9,565264
1969,565275
1969.1,565287
1969.2,565298
1969.3,565310
1969.4,565322
1969.5,565334
1969.6,565345
1969.7,565356
1969.8,565368
1969.9,565379
1970,565391
1970.1,565402
1970.2,565414
1970.3,565425
1970.4,565437
1970.5,565448
1970.6,565460
1970.7,565471
1970.8,565483
1970.9,565495
1971,565506
1971.1,565517
1971.2,565529
1971.3,565540
1971.4,565552
1971.5,565563
1971.6,565574
1971.7,565586
1971.8,565597
1971.9,565609
1972,565620
1972.1,565631
1972.2,565643
1972.3,565655
1972.4,565666
1972.5,565677
1972.6,565689
1972.7,565700
1972.8,565711
1972.9,565723
1973,565734
1973.1,565746
1973.2,565757
1973.3,565768
1973.4,565780
1973.5,565791
1973.6,565803
1973.7,565814
1973.8,565825
1973.9,565836
1974,565847
1974.1,565859
1974.2,565870
1974.3,565882
1974.4,565893
1974.5,565905
1974.6,565916
1974.7,565927
1974.8,565938
1974.9,565949
1975,565961
1975.1,565972
1975.2,565984
1975.3,565995
1975.4,566006
1975.5,566017
1975.6,566029
1975.7,566040
1975.8,566051
1975.9,566062
1976,566074
1976.1,566085
1976.2,566096
1976.3,566108
1976.4,566119
1976.5,566130
1976.6,566141
1976.7,566153
1976.8,566164
1976.9,566175
1977,566186
1977.1,566198
1977.2,566209
1977.3,566220
1977.4,566231
1977.5,566243
1977.6,566254
1977.7,566265
1977.8,566277
1977.9,566288
1978,566299
1978.1,566310
1978.2,566321
1978.3,566332
1978.4,566344
1978.5,566355
1978.6,566366
1978.7,566377
1978.8,566388
1978.9,566400
1979,566411
1979.1,566422
1979.2,566434
1979.3,566445
1979.4,566455
1979.5,566467
1979.6,566478
1979.7,566489
1979.8,566500
1979.9,566512
1980,566523
1980.1,566534
1980.2,566545
1980.3,566556
1980.4,566567
1980.5,566578
1980.6,566590
1980.7,566601
1980.8,566612
1980.9,566623
1981,566634
1981.1,566645
1981.2,566656
1981.3,566667
1981.4,566679
1981.5,566689
1981.6,566700
1981.7,566711
1981.8,566723
1981.9,566734
1982,566745
1982.1,566756
1982.2,566766
1982.3,566778
1982.4,566789
1982.5,566800
1982.6,566811
1982.7,566822
1982.8,566833
1982.9,566844
1983,566855
1983.1,566866
1983.2,566877
1983.3,566888
1983.4,566899
1983.5,566910
1983.6,566921
1983.7,566932
1983.8,566943
1983.9,566954
1984,566965
1984.1,566976
1984.2,566987
1984.3,566998
1984.4,567009
1984.5,567020
1984.6,567031
1984.7,567042
1984.8,567053
1984.9,567064
1985,567075
1985.1,567085
1985.2,567096
1985.3,567108
1985.4,567119
1985.5,567130
1985.6,567140
1985.7,567151
1985.8,567162
1985.9,567173
1986,567184
1986.1,567195
1986.2,567206
1986.3,567217
1986.4,567227
1986.5,567238
1986.6,567249
1986.7,567260
1986.8,567272
1986.9,567282
1987,567293
1987.1,567304
1987.2,567314
1987.3,567326
1987.4,567337
1987.5,567347
1987.6,567358
1987.7,567369
1987.8,567380
1987.9,567391
1988,567402
1988.1,567413
1988.2,567424
1988.3,567434
1988.4,567445
1988.5,567456
1988.6,567467
1988.7,567478
1988.8,567489
1988.9,567499
1989,567510
1989.1,567521
1989.2,567532
1989.3,567543
1989.4,567553
1989.5,567564
1989.6,567575
1989.7,567586
1989.8,567597
1989.9,567607
1990,567618
1990.1,567629
1990.2,567640
1990.3,567651
1990.4,567662
1990.5,567672
1990.6,567683
1990.7,567694
1990.8,567705
1990.9,567715
1991,567726
1991.1,567737
1991.2,567748
1991.3,567758
1991.4,567769
1991.5,567780
1991.6,567791
1991.7,567802
1991.8,567812
1991.9,567823
1992,567833
1992.1,567844
1992.2,567855
1992.3,567866
1992.4,567877
1992.5,567887
1992.6,567898
1992.7,567909
1992.8,567919
1992.9,567930
1993,567941
1993.1,567952
1993.2,567962
1993.3,567972
1993.4,567983
1993.5,567994
1993.6,568005
1993.7,568016
1993.8,568026
1993.9,568037
1994,568047
1994.1,568058
1994.2,568069
1994.3,568079
1994.4,568090
1994.5,568101
1994.6,568111
1994.7,568122
1994.8,568132
1994.9,568143
1995,568154
1995.1,568164
1995.2,568176
1995.3,568186
1995.4,568196
1995.5,568207
1995.6,568218
1995.7,568228
1995.8,568239
1995.9,568250
1996,568260
1996.1,568270
1996.2,568281
1996.3,568292
1996.4,568302
1996.5,568313
1996.6,568324
1996.7,568334
1996.8,568345
1996.9,568355
1997,568366
1997.1,568376
1997.2,568387
1997.3,568397
1997.4,568408
1997.5,568418
1997.6,568429
1997.7,568439
1997.8,568450
1997.9,568460
1998,568471
1998.1,568481
1998.2,568492
1998.3,568502
1998.4,568513
1998.5,568523
1998.6,568534
1998.7,568545
1998.8,568555
1998.9,568566
1999,568576
1999.1,568587
1999.2,568597
1999.3,568608
1999.4,568618
1999.5,568629
1999.6,568639
1999.7,568649
1999.8,568660
1999.9,568670
2000,568681
2000.1,568691
2000.2,568702
2000.3,568712
2000.4,568722
2000.5,568733
2000.6,568743
2000.7,568754
2000.8,568764
2000.9,568775
2001,568785
2001.1,568795
2001.2,568806
2001.3,568816
2001.4,568826
2001.5,568837
2001.6,568847
2001.7,568858
2001.8,568868
2001.9,568878
2002,568889
2002.1,568899
2002.2,568910
2002.3,568920
2002.4,568930
2002.5,568940
2002.6,568950
2002.7,568961
2002.8,568972
2002.9,568982
2003,568992
2003.1,569002
2003.2,569012
2003.3,569023
2003.4,569033
2003.5,569044
2003.6,569054
2003.7,569064
2003.8,569075
2003.9,569085
2004,569095
2004.1,569105
2004.2,569116
2004.3,569126
2004.4,569136
2004.5,569147
2004.6,569157
2004.7,569167
2004.8,569177
2004.9,569188
2005,569198
2005.1,569208
2005.2,569218
2005.3,569229
2005.4,569239
2005.5,569249
2005.6,569259
2005.7,569270
2005.8,569280
2005.9,569290
2006,569300
2006.1,569310
2006.2,569321
2006.3,569331
2006.4,569341
2006.5,569351
2006.6,569361
2006.7,569371
2006.8,569382
2006.9,569392
2007,569402
2007.1,569412
2007.2,569422
2007.3,569432
2007.4,569443
2007.5,569453
2007.6,569463
2007.7,569473
2007.8,569484
2007.9,569493
2008,569503
2008.1,569513
2008.2,569524
2008.3,569534
2008.4,569544
2008.5,569554
2008.6,569564
2008.7,569574
2008.8,569584
2008.9,569594
2009,569605
2009.1,569615
2009.2,569625
2009.3,569635
2009.4,569645
2009.5,569655
2009.6,569665
2009.7,569675
2009.8,569685
2009.9,569696
2010,569706
2010.1,569715
2010.2,569725
2010.3,569735
2010.4,569745
2010.5,569756
2010.6,569766
2010.7,569776
2010.8,569786
2010.9,569796
2011,569806
2011.1,569816
2011.2,569826
2011.3,569836
2011.4,569846
2011.5,569856
2011.6,569866
2011.7,569876
2011.8,569886
2011.9,569896
2012,569906
2012.1,569917
2012.2,569926
2012.3,569936
2012.4,569946
2012.5,569956
2012.6,569967
2012.7,569977
2012.8,569987
2012.9,569997
2013,570006
2013.1,570016
2013.2,570026
2013.3,570036
2013.4,570046
2013.5,570057
2013.6,570066
2013.7,570076
2013.8,570086
2013.9,570096
2014,570106
2014.1,570116
2014.2,570126
2014.3,570136
2014.4,570146
2014.5,570156
2014.6,570165
2014.7,570176
2014.8,570185
2014.9,570196
2015,570205
2015.1,570215
2015.2,570225
2015.3,570235
2015.4,570245
2015.5,570255
2015.6,570265
2015.7,570275
2015.8,570284
2015.9,570294
2016,570304
2016.1,570314
2016.2,570324
2016.3,570334
2016.4,570343
2016.5,570353
2016.6,570363
2016.7,570373
2016.8,570383
2016.9,570393
2017,570403
2017.1,570412
2017.2,570422
2017.3,570432
2017.4,570442
2017.5,570451
2017.6,570461
2017.7,570471
2017.8,570481
2017.9,570490
2018,570500
2018.1,570510
2018.2,570519
2018.3,570529
2018.4,570539
2018.5,570549
2018.6,570559
2018.7,570568
2018.8,570578
2018.9,570588
2019,570597
2019.1,570608
2019.2,570617
2019.3,570627
2019.4,570637
2019.5,570646
2019.6,570656
2019.7,570666
2019.8,570676
2019.9,570686
2020,570695
2020.1,570705
2020.2,570715
2020.3,570724
2020.4,570734
2020.5,570744
2020.6,570754
2020.7,570763
2020.8,570773
2020.9,570782
2021,570792
2021.1,570802
2021.2,570812
2021.3,570822
2021.4,570831
2021.5,570841
2021.6,570850
2021.7,570860
2021.8,570869
2021.9,570879
2022,570889
2022.1,570899
2022.2,570908
2022.3,570918
2022.4,570927
2022.5,570937
2022.6,570947
2022.7,570957
2022.8,570966
2022.9,570975
2023,570985
2023.1,570995
2023.2,571004
2023.3,571014
2023.4,571024
2023.5,571033
2023.6,571043
2023.7,571052
2023.8,571062
2023.9,571071
2024,571081
2024.1,571090
2024.2,571100
2024.3,571110
2024.4,571119
2024.5,571129
2024.6,571138
2024.7,571148
2024.8,571158
2024.9,571167
2025,571176
2025.1,571186
2025.2,571196
2025.3,571205
2025.4,571215
2025.5,571224
2025.6,571234
2025.7,571243
2025.8,571253
2025.9,571262
2026,571272
2026.1,571281
2026.2,571291
2026.3,571300
2026.4,571310
2026.5,571319
2026.6,571329
2026.7,571338
2026.8,571348
2026.9,571357
2027,571367
2027.1,571376
2027.2,571386
2027.3,571395
2027.4,571404
2027.5,571414
2027.6,571423
2027.7,571433
2027.8,571442
2027.9,571451
2028,571461
2028.1,571470
2028.2,571480
2028.3,571489
2028.4,571499
2028.5,571508
2028.6,571517
2028.7,571527
2028.8,571536
2028.9,571545
2029,571555
2029.1,571565
2029.2,571574
2029.3,571583
2029.4,571593
2029.5,571602
2029.6,571612
2029.7,571621
2029.8,571631
2029.9,571640
2030,571649
2030.1,571658
2030.2,571668
2030.3,571677
2030.4,571686
2030.5,571696
2030.6,571706
2030.7,571715
2030.8,571724
2030.9,571733
2031,571742
2031.1,571752
2031.2,571761
2031.3,571771
2031.4,571780
2031.5,571789
2031.6,571798
2031.7,571808
2031.8,571817
2031.9,571826
2032,571836
2032.1,571845
2032.2,571854
2032.3,571863
2032.4,571873
2032.5,571882
2032.6,571891
2032.7,571901
2032.8,571910
2032.9,571919
2033,571928
2033.1,571937
2033.2,571947
2033.3,571956
2033.4,571965
2033.5,571975
2033.6,571984
2033.7,571993
2033.8,572002
2033.9,572011
2034,572021
2034.1,572030
2034.2,572040
2034.3,572048
2034.4,572058
2034.5,572067
2034.6,572076
2034.7,572085
2034.8,572095
2034.9,572104
2035,572113
2035.1,572122
2035.2,572131
2035.3,572140
2035.4,572149
2035.5,572159
2035.6,572168
2035.7,572177
2035.8,572186
2035.9,572195
2036,572204
2036.1,572214
2036.2,572223
2036.3,572232
2036.4,572241
2036.5,572250
2036.6,572259
2036.7,572268
2036.8,572277
2036.9,572286
2037,572296
2037.1,572305
2037.2,572314
2037.3,572323
2037.4,572332
2037.5,572341
2037.6,572350
2037.7,572359
2037.8,572369
2037.9,572378
2038,572387
2038.1,572396
2038.2,572405
2038.3,572414
2038.4,572423
2038.5,572432
2038.6,572441
2038.7,572450
2038.8,572459
2038.9,572468
2039,572477
2039.1,572487
2039.2,572496
2039.3,572504
2039.4,572513
2039.5,572522
2039.6,572531
2039.7,572540
2039.8,572549
2039.9,572558
2040,572568
2040.1,572576
2040.2,572585
2040.3,572594
2040.4,572603
2040.5,572612
2040.6,572621
2040.7,572631
2040.8,572639
2040.9,572648
2041,572657
2041.1,572666
2041.2,572675
2041.3,572684
2041.4,572693
2041.5,572702
2041.6,572711
2041.7,572720
2041.8,572729
2041.9,572738
2042,572747
2042.1,572756
2042.2,572765
2042.3,572774
2042.4,572783
2042.5,572791
2042.6,572800
2042.7,572809
2042.8,572819
2042.9,572827
2043,572836
2043.1,572845
2043.2,572854
2043.3,572863
2043.4,572872
2043.5,572881
2043.6,572889
2043.7,572898
2043.8,572907
2043.9,572915
2044,572925
2044.1,572934
2044.2,572942
2044.3,572951
2044.4,572960
2044.5,572969
2044.6,572978
2044.7,572986
2044.8,572996
2044.9,573004
2045,573013
2045.1,573022
2045.2,573031
2045.3,573039
2045.4,573048
2045.5,573057
2045.6,573066
2045.7,573075
2045.8,573083
2045.9,573092
2046,573101
2046.1,573110
2046.2,573118
2046.3,573127
2046.4,573137
2046.5,573145
2046.6,573154
2046.7,573163
2046.8,573171
2046.9,573180
2047,573188
2047.1,573198
2047.2,573207
2047.3,573215
2047.4,573224
2047.5,573232
2047.6,573241
2047.7,573250
2047.8,573259
2047.9,573268
2048,573276
2048.1,573285
2048.2,573293
2048.3,573302
2048.4,573311
2048.5,573320
2048.6,573329
2048.7,573337
2048.8,573346
2048.9,573354
2049,573363
2049.1,573371
2049.2,573381
2049.3,573389
2049.4,573398
2049.5,573406
2049.6,573415
2049.7,573423
2049.8,573432
2049.9,573441
2050,573449
2050.1,573458
2050.2,573467
2050.3,573475
2050.4,573484
2050.5,573493
2050.6,573501
2050.7,573510
2050.8,573519
2050.9,573527
2051,573536
2051.1,573544
2051.2,573553
2051.3,573561
2051.4,573570
2051.5,573579
2051.6,573587
2051.7,573596
2051.8,573604
2051.9,573613
2052,573621
2052.1,573630
2052.2,573639
2052.3,573648
2052.4,573656
2052.5,573664
2052.6,573673
2052.7,573681
2052.8,573690
2052.9,573699
2053,573707
2053.1,573716
2053.2,573724
2053.3,573733
2053.4,573741
2053.5,573750
2053.6,573758
2053.7,573767
2053.8,573776
2053.9,573784
2054,573792
2054.1,573801
2054.2,573809
2054.3,573818
2054.4,573826
2054.5,573835
2054.6,573843
2054.7,573852
2054.8,573860
2054.9,573869
2055,573877
2055.1,573885
2055.2,573894
2055.3,573902
2055.4,573911
2055.5,573919
2055.6,573928
2055.7,573936
2055.8,573945
2055.9,573953
2056,573962
2056.1,573970
2056.2,573978
2056.3,573987
2056.4,573995
2056.5,574004
2056.6,574012
2056.7,574020
2056.8,574029
2056.9,574037
2057,574046
2057.1,574054
2057.2,574062
2057.3,574071
2057.4,574079
2057.5,574087
2057.6,574096
2057.7,574104
2057.8,574113
2057.9,574121
2058,574129
2058.1,574138
2058.2,574146
2058.3,574154
2058.4,574163
2058.5,574171
2058.6,574179
2058.7,574188
2058.8,574196
2058.9,574204
2059,574212
2059.1,574221
2059.2,574229
2059.3,574238
2059.4,574246
2059.5,574254
2059.6,574263
2059.7,574271
2059.8,574279
2059.9,574287
2060,574296
2060.1,574304
2060.2,574312
2060.3,574321
2060.4,574329
2060.5,574337
2060.6,574345
2060.7,574354
2060.8,574362
2060.9,574370
2061,574379
2061.1,574387
2061.2,574395
2061.3,574403
2061.4,574411
2061.5,574419
2061.6,574428
2061.7,574436
2061.8,574445
2061.9,574453
2062,574461
2062.1,574469
2062.2,574477
2062.3,574485
2062.4,574494
2062.5,574502
2062.6,574510
2062.7,574518
2062.8,574526
2062.9,574534
2063,574543
2063.1,574551
2063.2,574559
2063.3,574567
2063.4,574575
2063.5,574583
2063.6,574591
2063.7,574600
2063.8,574608
2063.9,574616
2064,574625
2064.1,574633
2064.2,574640
2064.3,574649
2064.4,574657
2064.5,574665
2064.6,574673
2064.7,574681
2064.8,574689
2064.9,574697
2065,574706
2065.1,574713
2065.2,574722
2065.3,574730
2065.4,574738
2065.5,574746
2065.6,574754
2065.7,574762
2065.8,574770
2065.9,574778
2066,574786
2066.1,574794
2066.2,574802
2066.3,574811
2066.4,574818
2066.5,574827
2066.6,574834
2066.7,574843
2066.8,574851
2066.9,574859
2067,574867
2067.1,574875
2067.2,574883
2067.3,574891
2067.4,574899
2067.5,574907
2067.6,574915
2067.7,574923
2067.8,574931
2067.9,574939
2068,574947
2068.1,574955
2068.2,574963
2068.3,574971
2068.4,574979
2068.5,574987
2068.6,574995
2068.7,575003
2068.8,575011
2068.9,575019
2069,575027
2069.1,575035
2069.2,575043
2069.3,575050
2069.4,575058
2069.5,575066
2069.6,575074
2069.7,575082
2069.8,575090
2069.9,575098
2070,575106
2070.1,575114
2070.2,575122
2070.3,575130
2070.4,575138
2070.5,575146
2070.6,575154
2070.7,575161
2070.8,575169
2070.9,575177
2071,575185
2071.1,575193
2071.2,575201
2071.3,575209
2071.4,575217
2071.5,575224
2071.6,575232
2071.7,575240
2071.8,575248
2071.9,575256
2072,575264
2072.1,575272
2072.2,575280
2072.3,575287
2072.4,575295
2072.5,575303
2072.6,575311
2072.7,575319
2072.8,575327
2072.9,575334
2073,575342
2073.1,575350
2073.2,575358
2073.3,575366
2073.4,575373
2073.5,575381
2073.6,575389
2073.7,575396
2073.8,575404
2073.9,575412
2074,575420
2074.1,575428
2074.2,575436
2074.3,575443
2074.4,575451
2074.5,575459
2074.6,575466
2074.7,575474
2074.8,575482
2074.9,575490
2075,575498
2075.1,575505
2075.2,575513
2075.3,575520
2075.4,575528
2075.5,575536
2075.6,575544
2075.7,575552
2075.8,575559
2075.9,575567
2076,575575
2076.1,575582
2076.2,575590
2076.3,575598
2076.4,575606
2076.5,575613
2076.6,575621
2076.7,575629
2076.8,575636
2076.9,575644
2077,575651
2077.1,575659
2077.2,575667
2077.3,575675
2077.4,575683
2077.5,575690
2077.6,575698
2077.7,575705
2077.8,575713
2077.9,575721
2078,575728
2078.1,575736
2078.2,575744
2078.3,575751
2078.4,575759
2078.5,575766
2078.6,575774
2078.7,575782
2078.8,575789
2078.9,575797
2079,575804
2079.1,575812
2079.2,575819
2079.3,575827
2079.4,575835
2079.5,575843
2079.6,575850
2079.7,575857
2079.8,575865
2079.9,575872
2080,575880
2080.1,575888
2080.2,575895
2080.3,575903
2080.4,575910
2080.5,575918
2080.6,575925
2080.7,575933
2080.8,575940
2080.9,575948
2081,575956
2081.1,575963
2081.2,575971
2081.3,575978
2081.4,575986
2081.5,575993
2081.6,576001
2081.7,576008
2081.8,576016
2081.9,576023
2082,576031
2082.1,576038
2082.2,576045
2082.3,576053
2082.4,576061
2082.5,576068
2082.6,576076
2082.7,576083
2082.8,576090
2082.9,576098
2083,576106
2083.1,576113
2083.2,576121
2083.3,576128
2083.4,576135
2083.5,576143
2083.6,576150
2083.7,576157
2083.8,576165
2083.9,576173
2084,576180
2084.1,576187
2084.2,576194
2084.3,576202
2084.4,576209
2084.5,576217
2084.6,576224
2084.7,576232
2084.8,576239
2084.9,576246
2085,576254
2085.1,576261
2085.2,576268
2085.3,576276
2085.4,576283
2085.5,576291
2085.6,576298
2085.7,576305
2085.8,576312
2085.9,576320
2086,576327
2086.1,576335
2086.2,576342
2086.3,576349
2086.4,576356
2086.5,576364
2086.6,576371
2086.7,576378
2086.8,576386
2086.9,576393
2087,576400
2087.1,576408
2087.2,576415
2087.3,576422
2087.4,576429
2087.5,576437
2087.6,576444
2087.7,576452
2087.8,576459
2087.9,576466
2088,576473
2088.1,576480
2088.2,576488
2088.3,576495
2088.4,576502
2088.5,576509
2088.6,576517
2088.7,576524
2088.8,576531
2088.9,576538
2089,576546
2089.1,576553
2089.2,576560
2089.3,576567
2089.4,576575
2089.5,576582
2089.6,576589
2089.7,576596
2089.8,576603
2089.9,576611
2090,576618
2090.1,576625
2090.2,576632
2090.3,576639
2090.4,576646
2090.5,576653
2090.6,576661
2090.7,576668
2090.8,576675
2090.9,576682
2091,576689
2091.1,576697
2091.2,576704
2091.3,576711
2091.4,576718
2091.5,576725
2091.6,576732
2091.7,576739
2091.8,576746
2091.9,576754
2092,576761
2092.1,576768
2092.2,576775
2092.3,576782
2092.4,576789
2092.5,576796
2092.6,576803
2092.7,576811
2092.8,576818
2092.9,576825
2093,576832
2093.1,576839
2093.2,576846
2093.3,576853
2093.4,576860
2093.5,576867
2093.6,576874
2093.7,576882
2093.8,576889
2093.9,576895
2094,576902
2094.1,576909
2094.2,576917
2094.3,576924
2094.4,576931
2094.5,576938
2094.6,576945
2094.7,576952
2094.8,576958
2094.9,576965
2095,576972
2095.1,576980
2095.2,576987
2095.3,576994
2095.4,577001
2095.5,577008
2095.6,577014
2095.7,577022
2095.8,577029
2095.9,577036
2096,577043
2096.1,577049
2096.2,577057
2096.3,577063
2096.4,577070
2096.5,577077
2096.6,577084
2096.7,577092
2096.8,577098
2096.9,577105
2097,577112
2097.1,577119
2097.2,577126
2097.3,577133
2097.4,577140
2097.5,577147
2097.6,577154
2097.7,577160
2097.8,577167
2097.9,577174
2098,577181
2098.1,577188
2098.2,577195
2098.3,577202
2098.4,577209
2098.5,577216
2098.6,577222
2098.7,577229
2098.8,577237
2098.9,577243
2099,577250
2099.1,577257
2099.2,577264
2099.3,577271
2099.4,577278
2099.5,577285
2099.6,577291
2099.7,577298
2099.8,577305
2099.9,577312
2100,577318
2100.1,577325
2100.2,577332
2100.3,577339
2100.4,577346
2100.5,577353
2100.6,577360
2100.7,577366
2100.8,577373
2100.9,577380
2101,577387
2101.1,577393
2101.2,577401
2101.3,577407
2101.4,577414
2101.5,577420
2101.6,577427
2101.7,577434
2101.8,577441
2101.9,577448
2102,577455
2102.1,577461
2102.2,577468
2102.3,577475
2102.4,577482
2102.5,577488
2102.6,577495
2102.7,577502
2102.8,577508
2102.9,577515
2103,577522
2103.1,577528
2103.2,577535
2103.3,577542
2103.4,577549
2103.5,577556
2103.6,577562
2103.7,577569
2103.8,577576
2103.9,577582
2104,577589
2104.1,577596
2104.2,577603
2104.3,577610
2104.4,577616
2104.5,577623
2104.6,577629
2104.7,577636
2104.8,577642
2104.9,577649
2105,577656
2105.1,577663
2105.2,577669
2105.3,577676
2105.4,577683
2105.5,577689
2105.6,577696
2105.7,577703
2105.8,577709
2105.9,577716
2106,577722
2106.1,577729
2106.2,577736
2106.3,577742
2106.4,577749
2106.5,577756
2106.6,577762
2106.7,577768
2106.8,577775
2106.9,577782
2107,577788
2107.1,577794
2107.2,577801
2107.3,577808
2107.4,577814
2107.5,577821
2107.6,577827
2107.7,577834
2107.8,577840
2107.9,577847
2108,577854
2108.1,577860
2108.2,577867
2108.3,577873
2108.4,577880
2108.5,577886
2108.6,577893
2108.7,577900
2108.8,577906
2108.9,577913
2109,577919
2109.1,577925
2109.2,577932
2109.3,577938
2109.4,577945
2109.5,577952
2109.6,577958
2109.7,577964
2109.8,577971
2109.9,577977
2110,577984
2110.1,577990
2110.2,577996
2110.3,578003
2110.4,578009
2110.5,578016
2110.6,578022
2110.7,578028
2110.8,578035
2110.9,578041
2111,578048
2111.1,578054
2111.2,578061
2111.3,578067
2111.4,578073
2111.5,578080
2111.6,578086
2111.7,578093
2111.8,578099
2111.9,578106
2112,578112
2112.1,578118
2112.2,578125
2112.3,578131
2112.4,578138
2112.5,578144
2112.6,578151
2112.7,578157
2112.8,578163
2112.9,578169
2113,578175
2113.1,578182
2113.2,578188
2113.3,578195
2113.4,578201
2113.5,578208
2113.6,578214
2113.7,578220
2113.8,578226
2113.9,578232
2114,578239
2114.1,578246
2114.2,578252
2114.3,578258
2114.4,578264
2114.5,578271
2114.6,578277
2114.7,578283
2114.8,578290
2114.9,578296
2115,578302
2115.1,578309
2115.2,578315
2115.3,578321
2115.4,578327
2115.5,578334
2115.6,578340
2115.7,578347
2115.8,578353
2115.9,578359
2116,578365
2116.1,578371
2116.2,578377
2116.3,578383
2116.4,578390
2116.5,578396
2116.6,578402
2116.7,578408
2116.8,578415
2116.9,578421
2117,578427
2117.1,578433
2117.2,578440
2117.3,578446
2117.4,578452
2117.5,578458
2117.6,578464
2117.7,578470
2117.8,578477
2117.9,578483
2118,578489
2118.1,578495
2118.2,578501
2118.3,578507
2118.4,578514
2118.5,578520
2118.6,578526
2118.7,578532
2118.8,578538
2118.9,578545
2119,578550
2119.1,578557
2119.2,578563
2119.3,578569
2119.4,578575
2119.5,578582
2119.6,578588
2119.7,578593
2119.8,578599
2119.9,578605
2120,578612
2120.1,578618
2120.2,578624
2120.3,578630
2120.4,578636
2120.5,578642
2120.6,578648
2120.7,578654
2120.8,578660
2120.9,578666
2121,578672
2121.1,578679
2121.2,578685
2121.3,578691
2121.4,578697
2121.5,578703
2121.6,578709
2121.7,578715
2121.8,578721
2121.9,578727
2122,578733
2122.1,578739
2122.2,578745
2122.3,578751
2122.4,578757
2122.5,578764
2122.6,578770
2122.7,578775
2122.8,578781
2122.9,578787
2123,578793
2123.1,578799
2123.2,578805
2123.3,578811
2123.4,578818
2123.5,578823
2123.6,578829
2123.7,578835
2123.8,578841
2123.9,578847
2124,578853
2124.1,578859
2124.2,578865
2124.3,578871
2124.4,578877
2124.5,578883
2124.6,578889
2124.7,578895
2124.8,578901
2124.9,578907
2125,578912
2125.1,578918
2125.2,578924
2125.3,578930
2125.4,578936
2125.5,578942
2125.6,578948
2125.7,578954
2125.8,578960
2125.9,578966
2126,578971
2126.1,578977
2126.2,578983
2126.3,578989
2126.4,578995
2126.5,579001
2126.6,579007
2126.7,579013
2126.8,579018
2126.9,579024
2127,579030
2127.1,579036
2127.2,579042
2127.3,579048
2127.4,579054
2127.5,579059
2127.6,579065
2127.7,579071
2127.8,579077
2127.9,579083
2128,579089
2128.1,579094
2128.2,579100
2128.3,579106
2128.4,579112
2128.5,579118
2128.6,579123
2128.7,579129
2128.8,579135
2128.9,579141
2129,579147
2129.1,579152
2129.2,579158
2129.3,579164
2129.4,579170
2129.5,579176
2129.6,579181
2129.7,579187
2129.8,579193
2129.9,579198
2130,579204
2130.1,579210
2130.2,579216
2130.3,579222
2130.4,579227
2130.5,579233
2130.6,579238
2130.7,579244
2130.8,579250
2130.9,579255
2131,579261
2131.1,579267
2131.2,579273
2131.3,579278
2131.4,579284
2131.5,579290
2131.6,579295
2131.7,579301
2131.8,579307
2131.9,579313
2132,579318
2132.1,579324
2132.2,579330
2132.3,579335
2132.4,579341
2132.5,579347
2132.6,579352
2132.7,579358
2132.8,579363
2132.9,579369
2133,579374
2133.1,579380
2133.2,579386
2133.3,579392
2133.4,579397
2133.5,579403
2133.6,579408
2133.7,579414
2133.8,579419
2133.9,579425
2134,579430
2134.1,579436
2134.2,579442
2134.3,579447
2134.4,579453
2134.5,579458
2134.6,579464
2134.7,579469
2134.8,579475
2134.9,579481
2135,579487
2135.1,579492
2135.2,579498
2135.3,579503
2135.4,579508
2135.5,579514
2135.6,579519
2135.7,579525
2135.8,579531
2135.9,579537
2136,579542
2136.1,579548
2136.2,579553
2136.3,579558
2136.4,579564
2136.5,579569
2136.6,579575
2136.7,579580
2136.8,579586
2136.9,579591
2137,579597
2137.1,579602
2137.2,579608
2137.3,579613
2137.4,579619
2137.5,579624
2137.6,579629
2137.7,579634
2137.8,579640
2137.9,579646
2138,579651
2138.1,579657
2138.2,579662
2138.3,579668
2138.4,579673
2138.5,579678
2138.6,579684
2138.7,579689
2138.8,579695
2138.9,579701
2139,579706
2139.1,579711
2139.2,579716
2139.3,579722
2139.4,579727
2139.5,579733
2139.6,579738
2139.7,579744
2139.8,579749
2139.9,579755
2140,579760
2140.1,579765
2140.2,579770
2140.3,579776
2140.4,579781
2140.5,579786
2140.6,579792
2140.7,579797
2140.8,579802
2140.9,579808
2141,579813
2141.1,579818
2141.2,579824
2141.3,579829
2141.4,579834
2141.5,579839
2141.6,579845
2141.7,579850
2141.8,579856
2141.9,579861
2142,579866
2142.1,579872
2142.2,579877
2142.3,579882
2142.4,579887
2142.5,579892
2142.6,579898
2142.7,579903
2142.8,579909
2142.9,579914
2143,579919
2143.1,579924
2143.2,579929
2143.3,579935
2143.4,579940
2143.5,579945
2143.6,579951
2143.7,579956
2143.8,579961
2143.9,579966
2144,579972
2144.1,579977
2144.2,579982
2144.3,579987
2144.4,579993
2144.5,579998
2144.6,580003
2144.7,580009
2144.8,580014
2144.9,580019
2145,580024
2145.1,580029
2145.2,580034
2145.3,580039
2145.4,580044
2145.5,580050
2145.6,580055
2145.7,580060
2145.8,580065
2145.9,580071
2146,580076
2146.1,580080
2146.2,580085
2146.3,580091
2146.4,580096
2146.5,580101
2146.6,580106
2146.7,580112
2146.8,580117
2146.9,580121
2147,580127
2147.1,580132
2147.2,580137
2147.3,580142
2147.4,580147
2147.5,580153
2147.6,580158
2147.7,580162
2147.8,580167
2147.9,580172
2148,580177
2148.1,580182
2148.2,580188
2148.3,580193
2148.4,580198
2148.5,580203
2148.6,580208
2148.7,580213
2148.8,580218
2148.9,580223
2149,580228
2149.1,580234
2149.2,580238
2149.3,580243
2149.4,580249
2149.5,580254
2149.6,580259
2149.7,580264
2149.8,580269
2149.9,580274
2150,580279
2150.1,580284
2150.2,580289
2150.3,580294
2150.4,580299
2150.5,580304
2150.6,580309
2150.7,580314
2150.8,580319
2150.9,580324
2151,580329
2151.1,580334
2151.2,580339
2151.3,580344
2151.4,580349
2151.5,580354
2151.6,580359
2151.7,580363
2151.8,580368
2151.9,580373
2152,580378
2152.1,580383
2152.2,580388
2152.3,580393
2152.4,580398
2152.5,580403
2152.6,580407
2152.7,580412
2152.8,580417
2152.9,580422
2153,580427
2153.1,580432
2153.2,580437
2153.3,580442
2153.4,580447
2153.5,580451
2153.6,580456
2153.7,580461
2153.8,580467
2153.9,580471
2154,580476
2154.1,580481
2154.2,580486
2154.3,580491
2154.4,580495
2154.5,580500
2154.6,580505
2154.7,580510
2154.8,580514
2154.9,580519
2155,580524
2155.1,580529
2155.2,580534
2155.3,580539
2155.4,580544
2155.5,580548
2155.6,580553
2155.7,580558
2155.8,580562
2155.9,580567
2156,580572
2156.1,580578
2156.2,580582
2156.3,580587
2156.4,580591
2156.5,580596
2156.6,580600
2156.7,580605
2156.8,580610
2156.9,580615
2157,580620
2157.1,580625
2157.2,580629
2157.3,580634
2157.4,580639
2157.5,580644
2157.6,580648
2157.7,580653
2157.8,580658
2157.9,580663
2158,580667
2158.1,580672
2158.2,580676
2158.3,580681
2158.4,580686
2158.5,580691
2158.6,580696
2158.7,580701
2158.8,580705
2158.9,580710
2159,580714
2159.1,580719
2159.2,580724
2159.3,580728
2159.4,580733
2159.5,580738
2159.6,580742
2159.7,580747
2159.8,580752
2159.9,580757
2160,580761
2160.1,580766
2160.2,580771
2160.3,580775
2160.4,580780
2160.5,580784
2160.6,580789
2160.7,580794
2160.8,580798
2160.9,580803
2161,580808
2161.1,580812
2161.2,580816
2161.3,580821
2161.4,580826
2161.5,580830
2161.6,580835
2161.7,580840
2161.8,580845
2161.9,580849
2162,580853
2162.1,580858
2162.2,580862
2162.3,580867
2162.4,580872
2162.5,580876
2162.6,580881
2162.7,580886
2162.8,580890
2162.9,580894
2163,580899
2163.1,580903
2163.2,580908
2163.3,580913
2163.4,580917
2163.5,580922
2163.6,580927
2163.7,580931
2163.8,580935
2163.9,580940
2164,580944
2164.1,580949
2164.2,580953
2164.3,580958
2164.4,580962
2164.5,580967
2164.6,580972
2164.7,580976
2164.8,580980
2164.9,580985
2165,580989
2165.1,580994
2165.2,580998
2165.3,581002
2165.4,581007
2165.5,581012
2165.6,581016
2165.7,581020
2165.8,581025
2165.9,581029
2166,581034
2166.1,581038
2166.2,581043
2166.3,581047
2166.4,581052
2166.5,581056
2166.6,581061
2166.7,581065
2166.8,581069
2166.9,581073
2167,581078
2167.1,581082
2167.2,581087
2167.3,581092
2167.4,581096
2167.5,581100
2167.6,581104
2167.7,581108
2167.8,581113
2167.9,581117
2168,581122
2168.1,581126
2168.2,581131
2168.3,581135
2168.4,581139
2168.5,581143
2168.6,581148
2168.7,581152
2168.8,581156
2168.9,581161
2169,581165
2169.1,581169
2169.2,581174
2169.3,581178
2169.4,581182
2169.5,581186
2169.6,581191
2169.7,581195
2169.8,581200
2169.9,581204
2170,581208
2170.1,581213
2170.2,581217
2170.3,581221
2170.4,581225
2170.5,581230
2170.6,581234
2170.7,581238
2170.8,581242
2170.9,581247
2171,581251
2171.1,581255
2171.2,581259
2171.3,581264
2171.4,581268
2171.5,581272
2171.6,581276
2171.7,581280
2171.8,581285
2171.9,581289
2172,581293
2172.1,581297
2172.2,581302
2172.3,581305
2172.4,581310
2172.5,581314
2172.6,581318
2172.7,581322
2172.8,581327
2172.9,581331
2173,581335
2173.1,581339
2173.2,581343
2173.3,581347
2173.4,581351
2173.5,581356
2173.6,581360
2173.7,581364
2173.8,581368
2173.9,581372
2174,581376
2174.1,581381
2174.2,581384
2174.3,581388
2174.4,581393
2174.5,581397
2174.6,581401
2174.7,581406
2174.8,581410
2174.9,581413
2175,581417
2175.1,581421
2175.2,581426
2175.3,581429
2175.4,581434
2175.5,581438
2175.6,581442
2175.7,581446
2175.8,581450
2175.9,581454
2176,581458
2176.1,581462
2176.2,581466
2176.3,581470
2176.4,581474
2176.5,581478
2176.6,581482
2176.7,581486
2176.8,581490
2176.9,581494
2177,581498
2177.1,581502
2177.2,581506
2177.3,581510
2177.4,581514
2177.5,581518
2177.6,581522
2177.7,581526
2177.8,581530
2177.9,581534
2178,581538
2178.1,581542
2178.2,581546
2178.3,581550
2178.4,581554
2178.5,581558
2178.6,581562
2178.7,581566
2178.8,581570
2178.9,581574
2179,581577
2179.1,581581
2179.2,581586
2179.3,581590
2179.4,581594
2179.5,581597
2179.6,581601
2179.7,581605
2179.8,581609
2179.9,581613
2180,581617
2180.1,581621
2180.2,581625
2180.3,581629
2180.4,581632
2180.5,581636
2180.6,581640
2180.7,581644
2180.8,581648
2180.9,581652
2181,581656
2181.1,581660
2181.2,581664
2181.3,581667
2181.4,581671
2181.5,581675
2181.6,581679
2181.7,581683
2181.8,581686
2181.9,581691
2182,581694
2182.1,581698
2182.2,581702
2182.3,581705
2182.4,581709
2182.5,581713
2182.6,581717
2182.7,581721
2182.8,581725
2182.9,581729
2183,581732
2183.1,581736
2183.2,581740
2183.3,581743
2183.4,581747
2183.5,581751
2183.6,581755
2183.7,581759
2183.8,581762
2183.9,581766
2184,581770
2184.1,581773
2184.2,581777
2184.3,581781
2184.4,581785
2184.5,581788
2184.6,581792
2184.7,581796
2184.8,581800
2184.9,581803
2185,581807
2185.1,581811
2185.2,581814
2185.3,581818
2185.4,581822
2185.5,581825
2185.6,581829
2185.7,581833
2185.8,581837
2185.9,581841
2186,581844
2186.1,581848
2186.2,581852
2186.3,581855
2186.4,581859
2186.5,581863
2186.6,581867
2186.7,581870
2186.8,581874
2186.9,581878
2187,581881
2187.1,581885
2187.2,581888
2187.3,581892
2187.4,581896
2187.5,581900
2187.6,581904
2187.7,581907
2187.8,581910
2187.9,581914
2188,581917
2188.1,581921
2188.2,581925
2188.3,581929
2188.4,581933
2188.5,581936
2188.6,581939
2188.7,581943
2188.8,581946
2188.9,581950
2189,581953
2189.1,581957
2189.2,581961
2189.3,581965
2189.4,581968
2189.5,581971
2189.6,581975
2189.7,581978
2189.8,581982
2189.9,581986
2190,581989
2190.1,581993
2190.2,581996
2190.3,582000
2190.4,582003
2190.5,582006
2190.6,582010
2190.7,582013
2190.8,582017
2190.9,582021
2191,582024
2191.1,582028
2191.2,582031
2191.3,582034
2191.4,582038
2191.5,582042
2191.6,582045
2191.7,582049
2191.8,582052
2191.9,582056
2192,582059
2192.1,582063
2192.2,582066
2192.3,582069
2192.4,582073
2192.5,582077
2192.6,582080
2192.7,582083
2192.8,582087
2192.9,582091
2193,582094
2193.1,582097
2193.2,582100
2193.3,582104
2193.4,582107
2193.5,582111
2193.6,582114
2193.7,582117
2193.8,582121
2193.9,582124
2194,582128
2194.1,582131
2194.2,582134
2194.3,582138
2194.4,582141
2194.5,582144
2194.6,582148
2194.7,582152
2194.8,582155
2194.9,582158
2195,582162
2195.1,582165
2195.2,582168
2195.3,582171
2195.4,582175
2195.5,582178
2195.6,582182
2195.7,582185
2195.8,582188
2195.9,582191
2196,582195
2196.1,582198
2196.2,582201
2196.3,582205
2196.4,582208
2196.5,582212
2196.6,582215
2196.7,582218
2196.8,582221
2196.9,582225
2197,582228
2197.1,582231
2197.2,582234
2197.3,582238
2197.4,582241
2197.5,582244
2197.6,582247
2197.7,582250
2197.8,582253
2197.9,582257
2198,582260
2198.1,582264
2198.2,582267
2198.3,582271
2198.4,582274
2198.5,582277
2198.6,582280
2198.7,582283
2198.8,582286
2198.9,582290
2199,582293
2199.1,582296
2199.2,582300
2199.3,582303
2199.4,582305
2199.5,582309
2199.6,582312
2199.7,582315
2199.8,582319
2199.9,582322
2200,582325
2200.1,582328
2200.2,582331
2200.3,582334
2200.4,582337
2200.5,582340
2200.6,582343
2200.7,582347
2200.8,582350
2200.9,582353
2201,582356
2201.1,582359
2201.2,582362
2201.3,582365
2201.4,582368
2201.5,582371
2201.6,582375
2201.7,582378
2201.8,582381
2201.9,582384
2202,582387
2202.1,582390
2202.2,582393
2202.3,582396
2202.4,582399
2202.5,582402
2202.6,582405
2202.7,582408
2202.8,582412
2202.9,582414
2203,582418
2203.1,582421
2203.2,582424
2203.3,582427
2203.4,582430
2203.5,582433
2203.6,582436
2203.7,582439
2203.8,582442
2203.9,582445
2204,582448
2204.1,582451
2204.2,582454
2204.3,582457
2204.4,582460
2204.5,582463
2204.6,582466
2204.7,582469
2204.8,582472
2204.9,582475
2205,582478
2205.1,582481
2205.2,582484
2205.3,582487
2205.4,582490
2205.5,582493
2205.6,582496
2205.7,582499
2205.8,582501
2205.9,582504
2206,582507
2206.1,582510
2206.2,582513
2206.3,582516
2206.4,582519
2206.5,582522
2206.6,582526
2206.7,582528
2206.8,582531
2206.9,582534
2207,582537
2207.1,582540
2207.2,582543
2207.3,582546
2207.4,582549
2207.5,582551
2207.6,582554
2207.7,582557
2207.8,582560
2207.9,582563
2208,582566
2208.1,582569
2208.2,582572
2208.3,582574
2208.4,582577
2208.5,582580
2208.6,582583
2208.7,582586
2208.8,582589
2208.9,582592
2209,582595
2209.1,582597
2209.2,582600
2209.3,582603
2209.4,582605
2209.5,582608
2209.6,582611
2209.7,582614
2209.8,582617
2209.9,582620
2210,582623
2210.1,582625
2210.2,582628
2210.3,582630
2210.4,582633
2210.5,582637
2210.6,582640
2210.7,582643
2210.8,582645
2210.9,582647
2211,582650
2211.1,582653
2211.2,582656
2211.3,582658
2211.4,582661
2211.5,582664
2211.6,582667
2211.7,582670
2211.8,582672
2211.9,582675
2212,582678
2212.1,582681
2212.2,582683
2212.3,582686
2212.4,582689
2212.5,582691
2212.6,582694
2212.7,582697
2212.8,582699
2212.9,582702
2213,582705
2213.1,582707
2213.2,582710
2213.3,582713
2213.4,582716
2213.5,582718
2213.6,582720
2213.7,582723
2213.8,582726
2213.9,582728
2214,582731
2214.1,582734
2214.2,582737
2214.3,582739
2214.4,582742
2214.5,582744
2214.6,582747
2214.7,582749
2214.8,582752
2214.9,582755
2215,582758
2215.1,582760
2215.2,582763
2215.3,582765
2215.4,582768
2215.5,582770
2215.6,582773
2215.7,582776
2215.8,582779
2215.9,582781
2216,582784
2216.1,582786
2216.2,582789
2216.3,582792
2216.4,582794
2216.5,582797
2216.6,582799
2216.7,582802
2216.8,582804
2216.9,582807
2217,582809
2217.1,582811
2217.2,582814
2217.3,582817
2217.4,582819
2217.5,582822
2217.6,582824
2217.7,582827
2217.8,582829
2217.9,582832
2218,582834
2218.1,582837
2218.2,582839
2218.3,582842
2218.4,582844
2218.5,582847
2218.6,582849
2218.7,582852
2218.8,582854
2218.9,582857
2219,582859
2219.1,582861
2219.2,582864
2219.3,582866
2219.4,582869
2219.5,582872
2219.6,582874
2219.7,582876
2219.8,582879
2219.9,582881
2220,582884
2220.1,582886
2220.2,582889
2220.3,582891
2220.4,582893
2220.5,582896
2220.6,582898
2220.7,582900
2220.8,582903
2220.9,582906
2221,582908
2221.1,582910
2221.2,582913
2221.3,582915
2221.4,582917
2221.5,582919
2221.6,582922
2221.7,582925
2221.8,582927
2221.9,582929
2222,582931
2222.1,582934
2222.2,582936
2222.3,582939
2222.4,582941
2222.5,582944
2222.6,582946
2222.7,582948
2222.8,582950
2222.9,582953
2223,582955
2223.1,582957
2223.2,582959
2223.3,582962
2223.4,582964
2223.5,582966
2223.6,582968
2223.7,582971
2223.8,582973
2223.9,582975
2224,582977
2224.1,582980
2224.2,582982
2224.3,582985
2224.4,582986
2224.5,582989
2224.6,582991
2224.7,582994
2224.8,582996
2224.9,582998
2225,583000
2225.1,583002
2225.2,583004
2225.3,583007
2225.4,583009
2225.5,583011
2225.6,583013
2225.7,583015
2225.8,583018
2225.9,583020
2226,583022
2226.1,583024
2226.2,583026
2226.3,583029
2226.4,583031
2226.5,583033
2226.6,583035
2226.7,583038
2226.8,583039
2226.9,583042
2227,583044
2227.1,583046
2227.2,583048
2227.3,583050
2227.4,583053
2227.5,583054
2227.6,583057
2227.7,583059
2227.8,583061
2227.9,583063
2228,583065
2228.1,583068
2228.2,583070
2228.3,583072
2228.4,583074
2228.5,583076
2228.6,583077
2228.7,583080
2228.8,583082
2228.9,583084
2229,583086
2229.1,583088
2229.2,583090
2229.3,583092
2229.4,583094
2229.5,583096
2229.6,583099
2229.7,583101
2229.8,583103
2229.9,583105
2230,583107
2230.1,583109
2230.2,583111
2230.3,583113
2230.4,583115
2230.5,583117
2230.6,583119
2230.7,583121
2230.8,583123
2230.9,583125
2231,583127
2231.1,583129
2231.2,583131
2231.3,583133
2231.4,583135
2231.5,583137
2231.6,583139
2231.7,583141
2231.8,583143
2231.9,583145
2232,583147
2232.1,583149
2232.2,583151
2232.3,583153
2232.4,583155
2232.5,583157
2232.6,583159
2232.7,583161
2232.8,583163
2232.9,583165
2233,583167
2233.1,583168
2233.2,583171
2233.3,583173
2233.4,583175
2233.5,583177
2233.6,583179
2233.7,583181
2233.8,583182
2233.9,583184
2234,583186
2234.1,583188
2234.2,583190
2234.3,583192
2234.4,583194
2234.5,583196
2234.6,583197
2234.7,583199
2234.8,583201
2234.9,583203
2235,583205
2235.1,583207
2235.2,583209
2235.3,583211
2235.4,583213
2235.5,583215
2235.6,583217
2235.7,583219
2235.8,583220
2235.9,583222
2236,583224
2236.1,583226
2236.2,583228
2236.3,583229
2236.4,583231
2236.5,583233
2236.6,583235
2236.7,583237
2236.8,583239
2236.9,583241
2237,583243
2237.1,583245
2237.2,583247
2237.3,583248
2237.4,583250
2237.5,583252
2237.6,583254
2237.7,583256
2237.8,583258
2237.9,583260
2238,583261
2238.1,583263
2238.2,583265
2238.3,583267
2238.4,583269
2238.5,583271
2238.6,583273
2238.7,583275
2238.8,583277
2238.9,583278
2239,583280
2239.1,583282
2239.2,583284
2239.3,583286
2239.4,583288
2239.5,583290
2239.6,583292
2239.7,583294
2239.8,583296
2239.9,583298
2240,583299
2240.1,583301
2240.2,583303
2240.3,583305
2240.4,583307
2240.5,583309
2240.6,583311
2240.7,583313
2240.8,583314
2240.9,583316
2241,583318
2241.1,583320
2241.2,583322
2241.3,583324
2241.4,583326
2241.5,583328
2241.6,583330
2241.7,583332
2241.8,583334
2241.9,583336
2242,583337
2242.1,583339
2242.2,583341
2242.3,583343
2242.4,583345
2242.5,583347
2242.6,583349
2242.7,583351
2242.8,583353
2242.9,583355
2243,583357
2243.1,583358
2243.2,583360
2243.3,583362
2243.4,583364
2243.5,583366
2243.6,583368
2243.7,583370
2243.8,583372
2243.9,583374
2244,583376
2244.1,583377
2244.2,583379
2244.3,583381
2244.4,583383
2244.5,583385
2244.6,583387
2244.7,583389
2244.8,583391
2244.9,583393
2245,583395
2245.1,583397
2245.2,583399
2245.3,583401
2245.4,583402
2245.5,583404
2245.6,583406
2245.7,583408
2245.8,583410
2245.9,583412
2246,583414
2246.1,583416
2246.2,583418
2246.3,583419
2246.4,583421
2246.5,583424
2246.6,583425
2246.7,583427
2246.8,583429
2246.9,583431
2247,583433
2247.1,583435
2247.2,583437
2247.3,583438
2247.4,583440
2247.5,583443
2247.6,583444
2247.7,583446
2247.8,583448
2247.9,583450
2248,583452
2248.1,583454
2248.2,583456
2248.3,583458
2248.4,583460
2248.5,583462
2248.6,583463
2248.7,583466
2248.8,583467
2248.9,583469
2249,583471
2249.1,583473
2249.2,583475
2249.3,583477
2249.4,583478
2249.5,583480
2249.6,583482
2249.7,583484
2249.8,583486
2249.9,583488
2250,583490
2250.1,583492
2250.2,583494
2250.3,583495
2250.4,583497
2250.5,583499
2250.6,583501
2250.7,583503
2250.8,583505
2250.9,583507
2251,583509
2251.1,583511
2251.2,583513
2251.3,583514
2251.4,583516
2251.5,583518
2251.6,583520
2251.7,583522
2251.8,583524
2251.9,583526
2252,583527
2252.1,583530
2252.2,583531
2252.3,583533
2252.4,583535
2252.5,583537
2252.6,583539
2252.7,583541
2252.8,583543
2252.9,583545
2253,583547
2253.1,583548
2253.2,583550
2253.3,583552
2253.4,583554
2253.5,583556
2253.6,583558
2253.7,583560
2253.8,583562
2253.9,583564
2254,583565
2254.1,583567
2254.2,583569
2254.3,583571
2254.4,583573
2254.5,583575
2254.6,583577
2254.7,583579
2254.8,583580
2254.9,583582
2255,583584
2255.1,583586
2255.2,583588
2255.3,583590
2255.4,583592
2255.5,583594
2255.6,583595
2255.7,583597
2255.8,583599
2255.9,583601
2256,583603
2256.1,583605
2256.2,583607
2256.3,583609
2256.4,583611
2256.5,583612
2256.6,583614
2256.7,583616
2256.8,583618
2256.9,583620
2257,583622
2257.1,583624
2257.2,583626
2257.3,583627
2257.4,583629
2257.5,583631
2257.6,583633
2257.7,583635
2257.8,583637
2257.9,583640
2258,583641
2258.1,583643
2258.2,583645
2258.3,583647
2258.4,583649
2258.5,583650
2258.6,583652
2258.7,583655
2258.8,583657
2258.9,583658
2259,583660
2259.1,583662
2259.2,583664
2259.3,583665
2259.4,583667
2259.5,583670
2259.6,583671
2259.7,583674
2259.8,583675
2259.9,583677
2260,583679
2260.1,583681
2260.2,583682
2260.3,583684
2260.4,583687
2260.5,583688
2260.6,583690
2260.7,583692
2260.8,583694
2260.9,583696
2261,583697
2261.1,583700
2261.2,583702
2261.3,583703
2261.4,583705
2261.5,583708
2261.6,583709
2261.7,583711
2261.8,583712
2261.9,583715
2262,583717
2262.1,583719
2262.2,583720
2262.3,583722
2262.4,583725
2262.5,583726
2262.6,583728
2262.7,583730
2262.8,583732
2262.9,583734
2263,583736
2263.1,583738
2263.2,583740
2263.3,583741
2263.4,583743
2263.5,583745
2263.6,583747
2263.7,583749
2263.8,583750
2263.9,583752
2264,583754
2264.1,583757
2264.2,583758
2264.3,583760
2264.4,583762
2264.5,583764
2264.6,583766
2264.7,583767
2264.8,583769
2264.9,583771
2265,583773
2265.1,583775
2265.2,583776
2265.3,583778
2265.4,583780
2265.5,583782
2265.6,583784
2265.7,583786
2265.8,583788
2265.9,583790
2266,583792
2266.1,583794
2266.2,583796
2266.3,583798
2266.4,583799
2266.5,583801
2266.6,583803
2266.7,583805
2266.8,583807
2266.9,583809
2267,583811
2267.1,583813
2267.2,583814
2267.3,583816
2267.4,583818
2267.5,583820
2267.6,583822
2267.7,583824
2267.8,583826
2267.9,583828
2268,583829
2268.1,583831
2268.2,583833
2268.3,583835
2268.4,583837
2268.5,583839
2268.6,583841
2268.7,583843
2268.8,583845
2268.9,583847
2269,583848
2269.1,583850
2269.2,583852
2269.3,583854
2269.4,583856
2269.5,583858
2269.6,583860
2269.7,583862
2269.8,583864
2269.9,583865
2270,583867
2270.1,583869
2270.2,583871
2270.3,583873
2270.4,583875
2270.5,583877
2270.6,583879
2270.7,583880
2270.8,583882
2270.9,583884
2271,583886
2271.1,583888
2271.2,583890
2271.3,583892
2271.4,583894
2271.5,583895
2271.6,583897
2271.7,583899
2271.8,583901
2271.9,583903
2272,583905
2272.1,583907
2272.2,583909
2272.3,583910
2272.4,583912
2272.5,583914
2272.6,583916
2272.7,583918
2272.8,583920
2272.9,583922
2273,583924
2273.1,583925
2273.2,583927
2273.3,583929
2273.4,583931
2273.5,583933
2273.6,583934
2273.7,583937
2273.8,583939
2273.9,583940
2274,583942
2274.1,583944
2274.2,583946
2274.3,583948
2274.4,583950
2274.5,583951
2274.6,583954
2274.7,583956
2274.8,583957
2274.9,583959
2275,583961
2275.1,583963
2275.2,583965
2275.3,583966
2275.4,583969
2275.5,583971
2275.6,583972
2275.7,583974
2275.8,583976
2275.9,583978
2276,583980
2276.1,583981
2276.2,583983
2276.3,583985
2276.4,583987
2276.5,583989
2276.6,583991
2276.7,583993
2276.8,583994
2276.9,583996
2277,583998
2277.1,584000
2277.2,584002
2277.3,584003
2277.4,584006
2277.5,584007
2277.6,584009
2277.7,584011
2277.8,584013
2277.9,584015
2278,584017
2278.1,584019
2278.2,584021
2278.3,584022
2278.4,584024
2278.5,584026
2278.6,584028
2278.7,584030
2278.8,584032
2278.9,584034
2279,584035
2279.1,584038
2279.2,584039
2279.3,584041
2279.4,584043
2279.5,584045
2279.6,584047
2279.7,584048
2279.8,584050
2279.9,584052
2280,584054
2280.1,584056
2280.2,584058
2280.3,584060
2280.4,584062
2280.5,584063
2280.6,584065
2280.7,584067
2280.8,584069
2280.9,584071
2281,584073
2281.1,584075
2281.2,584077
2281.3,584078
2281.4,584080
2281.5,584082
2281.6,584083
2281.7,584085
2281.8,584088
2281.9,584089
2282,584092
2282.1,584093
2282.2,584095
2282.3,584097
2282.4,584098
2282.5,584100
2282.6,584102
2282.7,584104
2282.8,584106
2282.9,584109
2283,584110
2283.1,584112
2283.2,584114
2283.3,584115
2283.4,584117
2283.5,584119
2283.6,584121
2283.7,584123
2283.8,584125
2283.9,584127
2284,584129
2284.1,584130
2284.2,584132
2284.3,584134
2284.4,584136
2284.5,584138
2284.6,584140
2284.7,584142
2284.8,584144
2284.9,584145
2285,584147
2285.1,584149
2285.2,584152
2285.3,584153
2285.4,584155
2285.5,584157
2285.6,584159
2285.7,584161
2285.8,584163
2285.9,584164
2286,584167
2286.1,584168
2286.2,584170
2286.3,584171
2286.4,584174
2286.5,584176
2286.6,584177
2286.7,584180
2286.8,584181
2286.9,584183
2287,584185
2287.1,584187
2287.2,584189
2287.3,584191
2287.4,584193
2287.5,584195
2287.6,584197
2287.7,584199
2287.8,584200
2287.9,584202
2288,584204
2288.1,584206
2288.2,584208
2288.3,584209
2288.4,584212
2288.5,584214
2288.6,584215
2288.7,584217
2288.8,584219
2288.9,584221
2289,584223
2289.1,584224
2289.2,584227
2289.3,584229
2289.4,584231
2289.5,584232
2289.6,584234
2289.7,584236
2289.8,584237
2289.9,584239
2290,584241
2290.1,584243
2290.2,584246
2290.3,584247
2290.4,584249
2290.5,584250
2290.6,584252
2290.7,584254
2290.8,584256
2290.9,584258
2291,584260
2291.1,584262
2291.2,584264
2291.3,584265
2291.4,584267
2291.5,584269
2291.6,584271
2291.7,584273
2291.8,584275
2291.9,584276
2292,584278
2292.1,584281
2292.2,584282
2292.3,584284
2292.4,584286
2292.5,584288
2292.6,584290
2292.7,584291
2292.8,584293
2292.9,584295
2293,584297
2293.1,584299
2293.2,584300
2293.3,584303
2293.4,584304
2293.5,584306
2293.6,584308
2293.7,584310
2293.8,584312
2293.9,584314
2294,584316
2294.1,584317
2294.2,584320
2294.3,584321
2294.4,584323
2294.5,584325
2294.6,584327
2294.7,584329
2294.8,584331
2294.9,584333
2295,584335
2295.1,584336
2295.2,584338
2295.3,584340
2295.4,584341
2295.5,584344
2295.6,584346
2295.7,584348
2295.8,584350
2295.9,584351
2296,584353
2296.1,584355
2296.2,584357
2296.3,584358
2296.4,584361
2296.5,584363
2296.6,584365
2296.7,584367
2296.8,584368
2296.9,584370
2297,584372
2297.1,584374
2297.2,584376
2297.3,584378
2297.4,584380
2297.5,584382
2297.6,584383
2297.7,584385
2297.8,584387
2297.9,584389
2298,584391
2298.1,584393
2298.2,584395
2298.3,584396
2298.4,584398
2298.5,584400
2298.6,584402
2298.7,584404
2298.8,584405
2298.9,584408
2299,584410
2299.1,584411
2299.2,584413
2299.3,584415
2299.4,584417
2299.5,584419
2299.6,584420
2299.7,584422
2299.8,584424
2299.9,584426
2300,584428
2300.1,584430
2300.2,584432
2300.3,584434
2300.4,584436
2300.5,584437
2300.6,584439
2300.7,584441
2300.8,584442
2300.9,584444
2301,584446
2301.1,584448
2301.2,584450
2301.3,584452
2301.4,584454
2301.5,584456
2301.6,584458
2301.7,584459
2301.8,584461
2301.9,584463
2302,584465
2302.1,584467
2302.2,584469
2302.3,584471
2302.4,584472
2302.5,584474
2302.6,584476
2302.7,584478
2302.8,584480
2302.9,584482
2303,584484
2303.1,584486
2303.2,584487
2303.3,584489
2303.4,584491
2303.5,584493
2303.6,584495
2303.7,584496
2303.8,584499
2303.9,584500
2304,584502
2304.1,584504
2304.2,584506
2304.3,584508
2304.4,584510
2304.5,584512
2304.6,584513
2304.7,584515
2304.8,584517
2304.9,584519
2305,584521
2305.1,584523
2305.2,584525
2305.3,584527
2305.4,584528
2305.5,584530
2305.6,584532
2305.7,584534
2305.8,584536
2305.9,584537
2306,584539
2306.1,584541
2306.2,584543
2306.3,584545
2306.4,584547
2306.5,584548
2306.6,584550
2306.7,584552
2306.8,584554
2306.9,584556
2307,584558
2307.1,584560
2307.2,584562
2307.3,584563
2307.4,584565
2307.5,584567
2307.6,584569
2307.7,584571
2307.8,584573
2307.9,584575
2308,584576
2308.1,584578
2308.2,584580
2308.3,584582
2308.4,584584
2308.5,584586
2308.6,584588
2308.7,584590
2308.8,584591
2308.9,584593
2309,584595
2309.1,584597
2309.2,584598
2309.3,584600
2309.4,584603
2309.5,584604
2309.6,584606
2309.7,584608
2309.8,584610
2309.9,584612
2310,584613
2310.1,584615
2310.2,584618
2310.3,584619
2310.4,584621
2310.5,584623
2310.6,584625
2310.7,584627
2310.8,584629
2310.9,584630
2311,584632
2311.1,584634
2311.2,584636
2311.3,584638
2311.4,584639
2311.5,584642
2311.6,584643
2311.7,584645
2311.8,584647
2311.9,584649
2312,584650
2312.1,584652
2312.2,584654
2312.3,584656
2312.4,584658
2312.5,584660
2312.6,584662
2312.7,584664
2312.8,584665
2312.9,584667
2313,584669
2313.1,584671
2313.2,584673
2313.3,584675
2313.4,584677
2313.5,584679
2313.6,584680
2313.7,584682
2313.8,584684
2313.9,584686
2314,584688
2314.1,584690
2314.2,584692
2314.3,584694
2314.4,584695
2314.5,584697
2314.6,584699
2314.7,584701
2314.8,584703
2314.9,584705
2315,584707
2315.1,584709
2315.2,584711
2315.3,584712
2315.4,584714
2315.5,584716
2315.6,584718
2315.7,584720
2315.8,584722
2315.9,584723
2316,584725
2316.1,584727
2316.2,584729
2316.3,584731
2316.4,584733
2316.5,584735
2316.6,584736
2316.7,584738
2316.8,584740
2316.9,584742
2317,584744
2317.1,584746
2317.2,584748
2317.3,584750
2317.4,584752
2317.5,584753
2317.6,584755
2317.7,584756
2317.8,584758
2317.9,584760
2318,584762
2318.1,584765
2318.2,584766
2318.3,584768
2318.4,584769
2318.5,584771
2318.6,584773
2318.7,584775
2318.8,584777
2318.9,584779
2319,584780
2319.1,584783
2319.2,584784
2319.3,584786
2319.4,584788
2319.5,584790
2319.6,584791
2319.7,584793
2319.8,584795
2319.9,584797
2320,584799
2320.1,584801
2320.2,584802
2320.3,584804
2320.4,584806
2320.5,584808
2320.6,584810
2320.7,584812
2320.8,584814
2320.9,584815
2321,584817
2321.1,584819
2321.2,584821
2321.3,584823
2321.4,584824
2321.5,584826
2321.6,584828
2321.7,584830
2321.8,584832
2321.9,584834
2322,584836
2322.1,584838
2322.2,584840
2322.3,584841
2322.4,584843
2322.5,584845
2322.6,584847
2322.7,584849
2322.8,584851
2322.9,584853
2323,584855
2323.1,584856
2323.2,584858
2323.3,584859
2323.4,584862
2323.5,584864
2323.6,584866
2323.7,584868
2323.8,584869
2323.9,584871
2324,584873
2324.1,584875
2324.2,584876
2324.3,584878
2324.4,584880
2324.5,584882
2324.6,584884
2324.7,584885
2324.8,584888
2324.9,584889
2325,584891
2325.1,584893
2325.2,584895
2325.3,584897
2325.4,584898
2325.5,584900
2325.6,584902
2325.7,584904
2325.8,584906
2325.9,584908
2326,584910
2326.1,584911
2326.2,584913
2326.3,584915
2326.4,584917
2326.5,584919
2326.6,584921
2326.7,584923
2326.8,584925
2326.9,584926
2327,584928
2327.1,584929
2327.2,584931
2327.3,584934
2327.4,584935
2327.5,584937
2327.6,584940
2327.7,584941
2327.8,584943
2327.9,584944
2328,584946
2328.1,584948
2328.2,584950
2328.3,584952
2328.4,584954
2328.5,584956
2328.6,584958
2328.7,584960
2328.8,584961
2328.9,584963
2329,584965
2329.1,584967
2329.2,584969
2329.3,584970
2329.4,584972
2329.5,584974
2329.6,584976
2329.7,584978
2329.8,584980
2329.9,584982
2330,584983
2330.1,584985
2330.2,584987
2330.3,584989
2330.4,584990
2330.5,584993
2330.6,584995
2330.7,584996
2330.8,584998
2330.9,585000
2331,585001
2331.1,585003
2331.2,585005
2331.3,585007
2331.4,585009
2331.5,585011
2331.6,585013
2331.7,585014
2331.8,585016
2331.9,585018
2332,585020
2332.1,585022
2332.2,585024
2332.3,585026
2332.4,585028
2332.5,585030
2332.6,585031
2332.7,585033
2332.8,585035
2332.9,585037
2333,585039
2333.1,585041
2333.2,585043
2333.3,585044
2333.4,585046
2333.5,585048
2333.6,585050
2333.7,585052
2333.8,585054
2333.9,585055
2334,585057
2334.1,585058
2334.2,585060
2334.3,585063
2334.4,585064
2334.5,585066
2334.6,585068
2334.7,585070
2334.8,585071
2334.9,585073
2335,585075
2335.1,585077
2335.2,585079
2335.3,585081
2335.4,585083
2335.5,585085
2335.6,585086
2335.7,585088
2335.8,585090
2335.9,585092
2336,585093
2336.1,585096
2336.2,585098
2336.3,585099
2336.4,585101
2336.5,585103
2336.6,585105
2336.7,585107
2336.8,585109
2336.9,585110
2337,585112
2337.1,585114
2337.2,585116
2337.3,585118
2337.4,585119
2337.5,585121
2337.6,585123
2337.7,585125
2337.8,585127
2337.9,585128
2338,585130
2338.1,585132
2338.2,585134
2338.3,585136
2338.4,585138
2338.5,585140
2338.6,585141
2338.7,585143
2338.8,585145
2338.9,585146
2339,585148
2339.1,585151
2339.2,585153
2339.3,585155
2339.4,585156
2339.5,585158
2339.6,585160
2339.7,585162
2339.8,585163
2339.9,585165
2340,585167
2340.1,585169
2340.2,585171
2340.3,585173
2340.4,585174
2340.5,585176
2340.6,585178
2340.7,585180
2340.8,585182
2340.9,585184
2341,585185
2341.1,585187
2341.2,585189
2341.3,585191
2341.4,585193
2341.5,585195
2341.6,585197
2341.7,585198
2341.8,585200
2341.9,585202
2342,585203
2342.1,585206
2342.2,585207
2342.3,585209
2342.4,585211
2342.5,585213
2342.6,585215
2342.7,585216
2342.8,585218
2342.9,585220
2343,585222
2343.1,585224
2343.2,585226
2343.3,585228
2343.4,585229
2343.5,585231
2343.6,585233
2343.7,585235
2343.8,585237
2343.9,585239
2344,585241
2344.1,585242
2344.2,585244
2344.3,585246
2344.4,585248
2344.5,585250
2344.6,585251
2344.7,585254
2344.8,585255
2344.9,585257
2345,585259
2345.1,585261
2345.2,585263
2345.3,585264
2345.4,585266
2345.5,585268
2345.6,585270
2345.7,585272
2345.8,585273
2345.9,585275
2346,585277
2346.1,585279
2346.2,585281
2346.3,585283
2346.4,585284
2346.5,585286
2346.6,585288
2346.7,585289
2346.8,585291
2346.9,585294
2347,585296
2347.1,585297
2347.2,585299
2347.3,585301
2347.4,585302
2347.5,585304
2347.6,585306
2347.7,585308
2347.8,585310
2347.9,585312
2348,585314
2348.1,585315
2348.2,585317
2348.3,585319
2348.4,585321
2348.5,585323
2348.6,585325
2348.7,585326
2348.8,585328
2348.9,585330
2349,585332
2349.1,585334
2349.2,585336
2349.3,585338
2349.4,585339
2349.5,585341
2349.6,585343
2349.7,585345
2349.8,585347
2349.9,585348
2350,585351
2350.1,585353
2350.2,585354
2350.3,585356
2350.4,585358
2350.5,585359
2350.6,585361
2350.7,585363
2350.8,585365
2350.9,585367
2351,585369
2351.1,585371
2351.2,585373
2351.3,585374
2351.4,585376
2351.5,585378
2351.6,585380
2351.7,585382
2351.8,585383
2351.9,585385
2352,585387
2352.1,585389
2352.2,585391
2352.3,585392
2352.4,585395
2352.5,585396
2352.6,585398
2352.7,585400
2352.8,585402
2352.9,585403
2353,585406
2353.1,585408
2353.2,585409
2353.3,585411
2353.4,585412
2353.5,585414
2353.6,585416
2353.7,585418
2353.8,585420
2353.9,585422
2354,585424
2354.1,585426
2354.2,585427
2354.3,585429
2354.4,585430
2354.5,585432
2354.6,585434
2354.7,585437
2354.8,585438
2354.9,585440
2355,585442
2355.1,585443
2355.2,585445
2355.3,585447
2355.4,585449
2355.5,585451
2355.6,585453
2355.7,585454
2355.8,585456
2355.9,585458
2356,585460
2356.1,585462
2356.2,585464
2356.3,585465
2356.4,585467
2356.5,585468
2356.6,585471
2356.7,585472
2356.8,585474
2356.9,585476
2357,585479
2357.1,585480
2357.2,585482
2357.3,585483
2357.4,585485
2357.5,585487
2357.6,585489
2357.7,585491
2357.8,585493
2357.9,585494
2358,585497
2358.1,585498
2358.2,585500
2358.3,585502
2358.4,585503
2358.5,585505
2358.6,585507
2358.7,585509
2358.8,585511
2358.9,585512
2359,585514
2359.1,585516
2359.2,585518
2359.3,585520
2359.4,585522
2359.5,585523
2359.6,585525
2359.7,585527
2359.8,585529
2359.9,585531
2360,585533
2360.1,585534
2360.2,585536
2360.3,585537
2360.4,585539
2360.5,585541
2360.6,585543
2360.7,585545
2360.8,585547
2360.9,585549
2361,585550
2361.1,585552
2361.2,585554
2361.3,585556
2361.4,585558
2361.5,585560
2361.6,585561
2361.7,585563
2361.8,585565
2361.9,585567
2362,585569
2362.1,585570
2362.2,585572
2362.3,585574
2362.4,585576
2362.5,585577
2362.6,585579
2362.7,585581
2362.8,585583
2362.9,585585
2363,585586
2363.1,585588
2363.2,585590
2363.3,585592
2363.4,585594
2363.5,585595
2363.6,585597
2363.7,585599
2363.8,585601
2363.9,585603
2364,585605
2364.1,585607
2364.2,585608
2364.3,585610
2364.4,585612
2364.5,585614
2364.6,585616
2364.7,585617
2364.8,585619
2364.9,585621
2365,585623
2365.1,585625
2365.2,585626
2365.3,585629
2365.4,585630
2365.5,585632
2365.6,585634
2365.7,585635
2365.8,585637
2365.9,585639
2366,585641
2366.1,585643
2366.2,585645
2366.3,585646
2366.4,585648
2366.5,585650
2366.6,585652
2366.7,585654
2366.8,585656
2366.9,585657
2367,585659
2367.1,585661
2367.2,585663
2367.3,585664
2367.4,585666
2367.5,585668
2367.6,585670
2367.7,585672
2367.8,585673
2367.9,585675
2368,585677
2368.1,585679
2368.2,585681
2368.3,585683
2368.4,585685
2368.5,585686
2368.6,585688
2368.7,585690
2368.8,585692
2368.9,585693
2369,585695
2369.1,585697
2369.2,585699
2369.3,585701
2369.4,585702
2369.5,585704
2369.6,585706
2369.7,585708
2369.8,585710
2369.9,585712
2370,585714
2370.1,585715
2370.2,585717
2370.3,585719
2370.4,585720
2370.5,585723
2370.6,585724
2370.7,585727
2370.8,585728
2370.9,585730
2371,585732
2371.1,585733
2371.2,585735
2371.3,585737
2371.4,585739
2371.5,585741
2371.6,585742
2371.7,585744
2371.8,585746
2371.9,585748
2372,585749
2372.1,585752
2372.2,585753
2372.3,585755
2372.4,585757
2372.5,585758
2372.6,585760
2372.7,585762
2372.8,585764
2372.9,585766
2373,585768
2373.1,585769
2373.2,585771
2373.3,585773
2373.4,585775
2373.5,585777
2373.6,585778
2373.7,585780
2373.8,585782
2373.9,585784
2374,585786
2374.1,585787
2374.2,585789
2374.3,585791
2374.4,585793
2374.5,585795
2374.6,585796
2374.7,585798
2374.8,585800
2374.9,585802
2375,585804
2375.1,585805
2375.2,585808
2375.3,585809
2375.4,585811
2375.5,585813
2375.6,585814
2375.7,585816
2375.8,585818
2375.9,585820
2376,585822
2376.1,585824
2376.2,585825
2376.3,585827
2376.4,585829
2376.5,585831
2376.6,585833
2376.7,585834
2376.8,585836
2376.9,585838
2377,585840
2377.1,585841
2377.2,585843
2377.3,585845
2377.4,585847
2377.5,585849
2377.6,585851
2377.7,585853
2377.8,585854
2377.9,585856
2378,585858
2378.1,585860
2378.2,585862
2378.3,585863
2378.4,585865
2378.5,585867
2378.6,585869
2378.7,585871
2378.8,585872
2378.9,585874
2379,585876
2379.1,585878
2379.2,585880
2379.3,585881
2379.4,585883
2379.5,585885
2379.6,585887
2379.7,585889
2379.8,585891
2379.9,585892
2380,585894
2380.1,585896
2380.2,585898
2380.3,585900
2380.4,585901
2380.5,585903
2380.6,585905
2380.7,585907
2380.8,585909
2380.9,585910
2381,585912
2381.1,585914
2381.2,585916
2381.3,585918
2381.4,585919
2381.5,585921
2381.6,585923
2381.7,585925
2381.8,585927
2381.9,585928
2382,585931
2382.1,585932
2382.2,585934
2382.3,585936
2382.4,585938
2382.5,585939
2382.6,585941
2382.7,585943
2382.8,585945
2382.9,585947
2383,585948
2383.1,585950
2383.2,585952
2383.3,585954
2383.4,585956
2383.5,585957
2383.6,585959
2383.7,585961
2383.8,585963
2383.9,585965
2384,585966
2384.1,585968
2384.2,585970
2384.3,585972
2384.4,585974
2384.5,585976
2384.6,585977
2384.7,585979
2384.8,585981
2384.9,585983
2385,585985
2385.1,585987
2385.2,585988
2385.3,585990
2385.4,585992
2385.5,585994
2385.6,585995
2385.7,585998
2385.8,585999
2385.9,586001
2386,586002
2386.1,586004
2386.2,586006
2386.3,586008
2386.4,586010
2386.5,586012
2386.6,586013
2386.7,586015
2386.8,586017
2386.9,586019
2387,586021
2387.1,586023
2387.2,586025
2387.3,586026
2387.4,586028
2387.5,586030
2387.6,586032
2387.7,586033
2387.8,586035
2387.9,586037
2388,586039
2388.1,586040
2388.2,586042
2388.3,586044
2388.4,586046
2388.5,586048
2388.6,586049
2388.7,586051
2388.8,586053
2388.9,586055
2389,586057
2389.1,586058
2389.2,586060
2389.3,586062
2389.4,586064
2389.5,586066
2389.6,586067
2389.7,586069
2389.8,586071
2389.9,586073
2390,586074
2390.1,586076
2390.2,586078
2390.3,586080
2390.4,586082
2390.5,586083
2390.6,586085
2390.7,586087
2390.8,586089
2390.9,586091
2391,586092
2391.1,586094
2391.2,586096
2391.3,586098
2391.4,586100
2391.5,586102
2391.6,586103
2391.7,586105
2391.8,586107
2391.9,586109
2392,586111
2392.1,586112
2392.2,586114
2392.3,586116
2392.4,586118
2392.5,586120
2392.6,586121
2392.7,586123
2392.8,586125
2392.9,586127
2393,586128
2393.1,586130
2393.2,586132
2393.3,586134
2393.4,586136
2393.5,586137
2393.6,586139
2393.7,586141
2393.8,586143
2393.9,586145
2394,586147
2394.1,586148
2394.2,586150
2394.3,586152
2394.4,586154
2394.5,586155
2394.6,586157
2394.7,586159
2394.8,586161
2394.9,586162
2395,586164
2395.1,586166
2395.2,586168
2395.3,586170
2395.4,586172
2395.5,586173
2395.6,586175
2395.7,586177
2395.8,586179
2395.9,586180
2396,586182
2396.1,586184
2396.2,586186
2396.3,586188
2396.4,586190
2396.5,586191
2396.6,586193
2396.7,586195
2396.8,586197
2396.9,586199
2397,586200
2397.1,586202
2397.2,586204
2397.3,586206
2397.4,586208
2397.5,586209
2397.6,586211
2397.7,586213
2397.8,586215
2397.9,586216
2398,586218
2398.1,586220
2398.2,586222
2398.3,586224
2398.4,586225
2398.5,586227
2398.6,586229
2398.7,586230
2398.8,586232
2398.9,586234
2399,586236
2399.1,586238
2399.2,586240
2399.3,586241
2399.4,586243
2399.5,586245
2399.6,586247
2399.7,586249
2399.8,586250
2399.9,586252
2400,586253
2400.1,586255
2400.2,586257
2400.3,586259
2400.4,586261
2400.5,586263
2400.6,586265
2400.7,586266
2400.8,586268
2400.9,586270
2401,586272
2401.1,586274
2401.2,586275
2401.3,586277
2401.4,586279
2401.5,586281
2401.6,586282
2401.7,586284
2401.8,586286
2401.9,586288
2402,586290
2402.1,586291
2402.2,586293
2402.3,586295
2402.4,586296
2402.5,586298
2402.6,586300
2402.7,586302
2402.8,586304
2402.9,586305
2403,586307
2403.1,586309
2403.2,586311
2403.3,586313
2403.4,586314
2403.5,586316
2403.6,586318
2403.7,586320
2403.8,586322
2403.9,586323
2404,586325
2404.1,586327
2404.2,586329
2404.3,586330
2404.4,586332
2404.5,586334
2404.6,586335
2404.7,586337
2404.8,586339
2404.9,586341
2405,586343
2405.1,586344
2405.2,586346
2405.3,586348
2405.4,586350
2405.5,586351
2405.6,586354
2405.7,586355
2405.8,586357
2405.9,586359
2406,586360
2406.1,586362
2406.2,586364
2406.3,586366
2406.4,586368
2406.5,586370
2406.6,586371
2406.7,586373
2406.8,586375
2406.9,586376
2407,586379
2407.1,586380
2407.2,586382
2407.3,586384
2407.4,586385
2407.5,586387
2407.6,586389
2407.7,586391
2407.8,586393
2407.9,586395
2408,586396
2408.1,586398
2408.2,586400
2408.3,586401
2408.4,586403
2408.5,586405
2408.6,586407
2408.7,586409
2408.8,586411
2408.9,586412
2409,586414
2409.1,586416
2409.2,586418
2409.3,586420
2409.4,586422
2409.5,586423
2409.6,586425
2409.7,586426
2409.8,586428
2409.9,586430
2410,586432
2410.1,586434
2410.2,586436
2410.3,586437
2410.4,586439
2410.5,586441
2410.6,586442
2410.7,586444
2410.8,586446
2410.9,586448
2411,586450
2411.1,586451
2411.2,586453
2411.3,586455
2411.4,586457
2411.5,586459
2411.6,586461
2411.7,586462
2411.8,586464
2411.9,586466
2412,586467
2412.1,586469
2412.2,586471
2412.3,586473
2412.4,586475
2412.5,586476
2412.6,586478
2412.7,586480
2412.8,586482
2412.9,586483
2413,586486
2413.1,586487
2413.2,586489
2413.3,586490
2413.4,586492
2413.5,586494
2413.6,586496
2413.7,586498
2413.8,586500
2413.9,586502
2414,586503
2414.1,586505
2414.2,586507
2414.3,586508
2414.4,586510
2414.5,586512
2414.6,586514
2414.7,586515
2414.8,586517
2414.9,586519
2415,586521
2415.1,586523
2415.2,586524
2415.3,586527
2415.4,586528
2415.5,586530
2415.6,586531
2415.7,586533
2415.8,586535
2415.9,586537
2416,586539
2416.1,586540
2416.2,586542
2416.3,586544
2416.4,586546
2416.5,586548
2416.6,586549
2416.7,586551
2416.8,586553
2416.9,586555
2417,586556
2417.1,586558
2417.2,586560
2417.3,586562
2417.4,586564
2417.5,586565
2417.6,586567
2417.7,586569
2417.8,586571
2417.9,586572
2418,586574
2418.1,586576
2418.2,586578
2418.3,586580
2418.4,586581
2418.5,586583
2418.6,586585
2418.7,586587
2418.8,586588
2418.9,586590
2419,586592
2419.1,586593
2419.2,586595
2419.3,586597
2419.4,586599
2419.5,586601
2419.6,586603
2419.7,586604
2419.8,586606
2419.9,586608
2420,586609
2420.1,586611
2420.2,586613
2420.3,586615
2420.4,586617
2420.5,586619
2420.6,586620
2420.7,586622
2420.8,586624
2420.9,586626
2421,586628
2421.1,586630
2421.2,586631
2421.3,586633
2421.4,586634
2421.5,586636
2421.6,586638
2421.7,586640
2421.8,586642
2421.9,586643
2422,586645
2422.1,586647
2422.2,586649
2422.3,586650
2422.4,586652
2422.5,586654
2422.6,586656
2422.7,586657
2422.8,586659
2422.9,586661
2423,586663
2423.1,586665
2423.2,586666
2423.3,586668
2423.4,586670
2423.5,586672
2423.6,586673
2423.7,586675
2423.8,586677
2423.9,586679
2424,586681
2424.1,586682
2424.2,586684
2424.3,586686
2424.4,586687
2424.5,586689
2424.6,586691
2424.7,586693
2424.8,586695
2424.9,586696
2425,586698
2425.1,586700
2425.2,586702
2425.3,586703
2425.4,586706
2425.5,586707
2425.6,586709
2425.7,586710
2425.8,586712
2425.9,586714
2426,586716
2426.1,586718
2426.2,586719
2426.3,586721
2426.4,586723
2426.5,586724
2426.6,586726
2426.7,586728
2426.8,586730
2426.9,586732
2427,586733
2427.1,586735
2427.2,586737
2427.3,586738
2427.4,586740
2427.5,586742
2427.6,586744
2427.7,586746
2427.8,586747
2427.9,586749
2428,586751
2428.1,586753
2428.2,586754
2428.3,586756
2428.4,586758
2428.5,586760
2428.6,586761
2428.7,586763
2428.8,586765
2428.9,586766
2429,586769
2429.1,586770
2429.2,586772
2429.3,586774
2429.4,586776
2429.5,586777
2429.6,586779
2429.7,586781
2429.8,586783
2429.9,586785
2430,586786
2430.1,586788
2430.2,586789
2430.3,586791
2430.4,586793
2430.5,586795
2430.6,586797
2430.7,586798
2430.8,586800
2430.9,586802
2431,586803
2431.1,586805
2431.2,586807
2431.3,586809
2431.4,586810
2431.5,586812
2431.6,586814
2431.7,586816
2431.8,586817
2431.9,586819
2432,586821
2432.1,586823
2432.2,586825
2432.3,586826
2432.4,586828
2432.5,586830
2432.6,586832
2432.7,586834
2432.8,586835
2432.9,586837
2433,586839
2433.1,586841
2433.2,586842
2433.3,586844
2433.4,586846
2433.5,586848
2433.6,586849
2433.7,586851
2433.8,586853
2433.9,586854
2434,586856
2434.1,586858
2434.2,586860
2434.3,586862
2434.4,586863
2434.5,586865
2434.6,586867
2434.7,586869
2434.8,586870
2434.9,586872
2435,586874
2435.1,586876
2435.2,586877
2435.3,586879
2435.4,586880
2435.5,586883
2435.6,586885
2435.7,586886
2435.8,586888
2435.9,586889
2436,586891
2436.1,586893
2436.2,586895
2436.3,586897
2436.4,586898
2436.5,586900
2436.6,586902
2436.7,586904
2436.8,586905
2436.9,586907
2437,586909
2437.1,586911
2437.2,586912
2437.3,586914
2437.4,586916
2437.5,586917
2437.6,586919
2437.7,586921
2437.8,586923
2437.9,586924
2438,586926
2438.1,586928
2438.2,586930
2438.3,586932
2438.4,586933
2438.5,586935
2438.6,586936
2438.7,586938
2438.8,586940
2438.9,586942
2439,586944
2439.1,586945
2439.2,586947
2439.3,586949
2439.4,586951
2439.5,586952
2439.6,586954
2439.7,586956
2439.8,586958
2439.9,586960
2440,586961
2440.1,586963
2440.2,586965
2440.3,586967
2440.4,586968
2440.5,586970
2440.6,586972
2440.7,586974
2440.8,586975
2440.9,586977
2441,586979
2441.1,586980
2441.2,586982
2441.3,586984
2441.4,586986
2441.5,586987
2441.6,586989
2441.7,586991
2441.8,586993
2441.9,586995
2442,586996
2442.1,586998
2442.2,587000
2442.3,587001
2442.4,587003
2442.5,587005
2442.6,587006
2442.7,587008
2442.8,587010
2442.9,587012
2443,587013
2443.1,587015
2443.2,587017
2443.3,587018
2443.4,587020
2443.5,587022
2443.6,587024
2443.7,587026
2443.8,587027
2443.9,587029
2444,587031
2444.1,587033
2444.2,587035
2444.3,587036
2444.4,587038
2444.5,587040
2444.6,587041
2444.7,587043
2444.8,587045
2444.9,587047
2445,587049
2445.1,587050
2445.2,587052
2445.3,587053
2445.4,587056
2445.5,587057
2445.6,587059
2445.7,587061
2445.8,587062
2445.9,587064
2446,587066
2446.1,587068
2446.2,587069
2446.3,587071
2446.4,587073
2446.5,587074
2446.6,587076
2446.7,587078
2446.8,587080
2446.9,587081
2447,587083
2447.1,587085
2447.2,587087
2447.3,587088
2447.4,587090
2447.5,587091
2447.6,587093
2447.7,587095
2447.8,587097
2447.9,587099
2448,587100
2448.1,587102
2448.2,587104
2448.3,587106
2448.4,587108
2448.5,587109
2448.6,587111
2448.7,587113
2448.8,587115
2448.9,587116
2449,587118
2449.1,587120
2449.2,587122
2449.3,587123
2449.4,587125
2449.5,587127
2449.6,587128
2449.7,587130
2449.8,587132
2449.9,587134
2450,587135
2450.1,587137
2450.2,587139
2450.3,587141
2450.4,587142
2450.5,587144
2450.6,587146
2450.7,587148
2450.8,587149
2450.9,587151
2451,587153
2451.1,587155
2451.2,587156
2451.3,587158
2451.4,587160
2451.5,587161
2451.6,587163
2451.7,587165
2451.8,587166
2451.9,587168
2452,587170
2452.1,587172
2452.2,587173
2452.3,587175
2452.4,587177
2452.5,587178
2452.6,587180
2452.7,587182
2452.8,587184
2452.9,587186
2453,587187
2453.1,587189
2453.2,587191
2453.3,587193
2453.4,587194
2453.5,587197
2453.6,587198
2453.7,587200
2453.8,587201
2453.9,587203
2454,587205
2454.1,587207
2454.2,587209
2454.3,587210
2454.4,587212
2454.5,587214
2454.6,587216
2454.7,587217
2454.8,587219
2454.9,587221
2455,587223
2455.1,587224
2455.2,587226
2455.3,587228
2455.4,587229
2455.5,587231
2455.6,587233
2455.7,587235
2455.8,587236
2455.9,587238
2456,587240
2456.1,587241
2456.2,587243
2456.3,587245
2456.4,587247
2456.5,587248
2456.6,587250
2456.7,587252
2456.8,587254
2456.9,587255
2457,587257
2457.1,587259
2457.2,587261
2457.3,587262
2457.4,587264
2457.5,587266
2457.6,587268
2457.7,587269
2457.8,587271
2457.9,587273
2458,587274
2458.1,587276
2458.2,587278
2458.3,587279
2458.4,587282
2458.5,587283
2458.6,587285
2458.7,587286
2458.8,587288
2458.9,587290
2459,587292
2459.1,587293
2459.2,587295
2459.3,587296
2459.4,587298
2459.5,587300
2459.6,587301
2459.7,587303
2459.8,587305
2459.9,587307
2460,587309
2460.1,587310
2460.2,587312
2460.3,587314
2460.4,587316
2460.5,587317
2460.6,587319
2460.7,587321
2460.8,587323
2460.9,587324
2461,587326
2461.1,587328
2461.2,587329
2461.3,587332
2461.4,587333
2461.5,587335
2461.6,587336
2461.7,587339
2461.8,587340
2461.9,587342
2462,587344
2462.1,587345
2462.2,587347
2462.3,587349
2462.4,587351
2462.5,587352
2462.6,587354
2462.7,587356
2462.8,587358
2462.9,587359
2463,587361
2463.1,587363
2463.2,587364
2463.3,587366
2463.4,587368
2463.5,587370
2463.6,587371
2463.7,587373
2463.8,587375
2463.9,587376
2464,587379
2464.1,587380
2464.2,587382
2464.3,587383
2464.4,587385
2464.5,587387
2464.6,587389
2464.7,587391
2464.8,587392
2464.9,587394
2465,587396
2465.1,587397
2465.2,587399
2465.3,587401
2465.4,587402
2465.5,587404
2465.6,587406
2465.7,587408
2465.8,587409
2465.9,587411
2466,587413
2466.1,587415
2466.2,587417
2466.3,587418
2466.4,587420
2466.5,587421
2466.6,587423
2466.7,587425
2466.8,587427
2466.9,587428
2467,587430
2467.1,587432
2467.2,587433
2467.3,587435
2467.4,587437
2467.5,587439
2467.6,587441
2467.7,587442
2467.8,587443
2467.9,587445
2468,587447
2468.1,587449
2468.2,587451
2468.3,587452
2468.4,587454
2468.5,587455
2468.6,587457
2468.7,587459
2468.8,587461
2468.9,587462
2469,587464
2469.1,587465
2469.2,587467
2469.3,587469
2469.4,587471
2469.5,587472
2469.6,587474
2469.7,587476
2469.8,587477
2469.9,587479
2470,587480
2470.1,587482
2470.2,587484
2470.3,587486
2470.4,587487
2470.5,587489
2470.6,587491
2470.7,587493
2470.8,587494
2470.9,587496
2471,587497
2471.1,587499
2471.2,587501
2471.3,587503
2471.4,587505
2471.5,587506
2471.6,587508
2471.7,587510
2471.8,587512
2471.9,587514
2472,587515
2472.1,587517
2472.2,587519
2472.3,587520
2472.4,587522
2472.5,587524
2472.6,587526
2472.7,587527
2472.8,587529
2472.9,587531
2473,587533
2473.1,587534
2473.2,587536
2473.3,587538
2473.4,587540
2473.5,587541
2473.6,587543
2473.7,587545
2473.8,587546
2473.9,587549
2474,587550
2474.1,587552
2474.2,587553
2474.3,587556
2474.4,587557
2474.5,587559
2474.6,587560
2474.7,587562
2474.8,587564
2474.9,587566
2475,587568
2475.1,587569
2475.2,587571
2475.3,587573
2475.4,587575
2475.5,587576
2475.6,587578
2475.7,587580
2475.8,587581
2475.9,587583
2476,587585
2476.1,587587
2476.2,587588
2476.3,587590
2476.4,587592
2476.5,587593
2476.6,587595
2476.7,587597
2476.8,587599
2476.9,587600
2477,587602
2477.1,587604
2477.2,587606
2477.3,587607
2477.4,587609
2477.5,587611
2477.6,587613
2477.7,587614
2477.8,587616
2477.9,587618
2478,587619
2478.1,587621
2478.2,587623
2478.3,587625
2478.4,587626
2478.5,587628
2478.6,587630
2478.7,587631
2478.8,587633
2478.9,587635
2479,587637
2479.1,587639
2479.2,587640
2479.3,587642
2479.4,587644
2479.5,587645
2479.6,587647
2479.7,587649
2479.8,587650
2479.9,587652
2480,587654
2480.1,587656
2480.2,587657
2480.3,587659
2480.4,587661
2480.5,587663
2480.6,587664
2480.7,587666
2480.8,587668
2480.9,587669
2481,587672
2481.1,587673
2481.2,587675
2481.3,587676
2481.4,587678
2481.5,587680
2481.6,587681
2481.7,587684
2481.8,587685
2481.9,587687
2482,587688
2482.1,587690
2482.2,587692
2482.3,587694
2482.4,587696
2482.5,587697
2482.6,587699
2482.7,587700
2482.8,587702
2482.9,587704
2483,587706
2483.1,587708
2483.2,587709
2483.3,587711
2483.4,587713
2483.5,587714
2483.6,587716
2483.7,587718
2483.8,587720
2483.9,587721
2484,587723
2484.1,587725
2484.2,587726
2484.3,587728
2484.4,587730
2484.5,587732
2484.6,587733
2484.7,587735
2484.8,587737
2484.9,587738
2485,587740
2485.1,587742
2485.2,587744
2485.3,587746
2485.4,587747
2485.5,587749
2485.6,587751
2485.7,587752
2485.8,587754
2485.9,587756
2486,587758
2486.1,587759
2486.2,587761
2486.3,587763
2486.4,587764
2486.5,587766
2486.6,587768
2486.7,587769
2486.8,587771
2486.9,587773
2487,587775
2487.1,587776
2487.2,587778
2487.3,587780
2487.4,587782
2487.5,587783
2487.6,587785
2487.7,587787
2487.8,587789
2487.9,587790
2488,587792
2488.1,587794
2488.2,587796
2488.3,587797
2488.4,587799
2488.5,587801
2488.6,587802
2488.7,587804
2488.8,587806
2488.9,587807
2489,587809
2489.1,587811
2489.2,587812
2489.3,587814
2489.4,587816
2489.5,587817
2489.6,587819
2489.7,587820
2489.8,587822
2489.9,587824
2490,587826
2490.1,587827
2490.2,587829
2490.3,587831
2490.4,587832
2490.5,587834
2490.6,587836
2490.7,587838
2490.8,587839
2490.9,587841
2491,587842
2491.1,587844
2491.2,587846
2491.3,587848
2491.4,587850
2491.5,587851
2491.6,587853
2491.7,587854
2491.8,587856
2491.9,587857
2492,587859
2492.1,587861
2492.2,587863
2492.3,587864
2492.4,587866
2492.5,587867
2492.6,587869
2492.7,587871
2492.8,587873
2492.9,587874
2493,587876
2493.1,587878
2493.2,587879
2493.3,587881
2493.4,587883
2493.5,587885
2493.6,587886
2493.7,587888
2493.8,587889
2493.9,587891
2494,587893
2494.1,587895
2494.2,587897
2494.3,587898
2494.4,587900
2494.5,587901
2494.6,587903
2494.7,587905
2494.8,587906
2494.9,587908
2495,587910
2495.1,587911
2495.2,587913
2495.3,587915
2495.4,587917
2495.5,587918
2495.6,587920
2495.7,587922
2495.8,587923
2495.9,587925
2496,587927
2496.1,587929
2496.2,587930
2496.3,587932
2496.4,587933
2496.5,587935
2496.6,587937
2496.7,587938
2496.8,587940
2496.9,587942
2497,587944
2497.1,587945
2497.2,587947
2497.3,587949
2497.4,587950
2497.5,587952
2497.6,587954
2497.7,587956
2497.8,587958
2497.9,587959
2498,587961
2498.1,587962
2498.2,587964
2498.3,587966
2498.4,587968
2498.5,587970
2498.6,587971
2498.7,587973
2498.8,587974
2498.9,587976
2499,587978
2499.1,587980
2499.2,587982
2499.3,587983
2499.4,587985
2499.5,587986
2499.6,587988
2499.7,587990
2499.8,587992
2499.9,587993
2500,587995
2500.1,587997
2500.2,587998
2500.3,588000
2500.4,588002
2500.5,588003
2500.6,588005
2500.7,588006
2500.8,588008
2500.9,588010
2501,588011
2501.1,588014
2501.2,588015
2501.3,588017
2501.4,588018
2501.5,588020
2501.6,588021
2501.7,588023
2501.8,588025
2501.9,588027
2502,588028
2502.1,588030
2502.2,588031
2502.3,588033
2502.4,588035
2502.5,588036
2502.6,588038
2502.7,588040
2502.8,588042
2502.9,588043
2503,588045
2503.1,588047
2503.2,588049
2503.3,588050
2503.4,588052
2503.5,588053
2503.6,588055
2503.7,588057
2503.8,588059
2503.9,588061
2504,588062
2504.1,588064
2504.2,588065
2504.3,588067
2504.4,588068
2504.5,588070
2504.6,588072
2504.7,588074
2504.8,588076
2504.9,588077
2505,588079
2505.1,588080
2505.2,588082
2505.3,588084
2505.4,588086
2505.5,588087
2505.6,588089
2505.7,588091
2505.8,588092
2505.9,588094
2506,588096
2506.1,588098
2506.2,588099
2506.3,588101
2506.4,588102
2506.5,588104
2506.6,588106
2506.7,588108
2506.8,588109
2506.9,588111
2507,588112
2507.1,588114
2507.2,588116
2507.3,588118
2507.4,588119
2507.5,588121
2507.6,588122
2507.7,588124
2507.8,588126
2507.9,588128
2508,588129
2508.1,588131
2508.2,588132
2508.3,588134
2508.4,588136
2508.5,588137
2508.6,588139
2508.7,588141
2508.8,588143
2508.9,588144
2509,588146
2509.1,588147
2509.2,588149
2509.3,588151
2509.4,588153
2509.5,588154
2509.6,588156
2509.7,588157
2509.8,588159
2509.9,588161
2510,588162
2510.1,588165
2510.2,588166
2510.3,588167
2510.4,588169
2510.5,588171
2510.6,588173
2510.7,588175
2510.8,588176
2510.9,588178
2511,588179
2511.1,588181
2511.2,588183
2511.3,588184
2511.4,588186
2511.5,588188
2511.6,588190
2511.7,588191
2511.8,588193
2511.9,588194
2512,588197
2512.1,588198
2512.2,588200
2512.3,588201
2512.4,588203
2512.5,588205
2512.6,588206
2512.7,588208
2512.8,588210
2512.9,588211
2513,588213
2513.1,588214
2513.2,588216
2513.3,588218
2513.4,588219
2513.5,588221
2513.6,588223
2513.7,588225
2513.8,588226
2513.9,588228
2514,588229
2514.1,588231
2514.2,588233
2514.3,588234
2514.4,588236
2514.5,588237
2514.6,588239
2514.7,588241
2514.8,588243
2514.9,588244
2515,588246
2515.1,588248
2515.2,588249
2515.3,588251
2515.4,588253
2515.5,588255
2515.6,588256
2515.7,588258
2515.8,588259
2515.9,588261
2516,588263
2516.1,588264
2516.2,588266
2516.3,588268
2516.4,588270
2516.5,588271
2516.6,588273
2516.7,588275
2516.8,588276
2516.9,588278
2517,588279
2517.1,588281
2517.2,588283
2517.3,588284
2517.4,588286
2517.5,588288
2517.6,588290
2517.7,588291
2517.8,588293
2517.9,588294
2518,588296
2518.1,588297
2518.2,588299
2518.3,588301
2518.4,588303
2518.5,588304
2518.6,588306
2518.7,588307
2518.8,588309
2518.9,588311
2519,588313
2519.1,588314
2519.2,588316
2519.3,588317
2519.4,588319
2519.5,588321
2519.6,588322
2519.7,588325
2519.8,588326
2519.9,588327
2520,588329
2520.1,588331
2520.2,588332
2520.3,588335
2520.4,588336
2520.5,588338
2520.6,588339
2520.7,588341
2520.8,588342
2520.9,588344
2521,588346
2521.1,588348
2521.2,588350
2521.3,588351
2521.4,588353
2521.5,588354
2521.6,588356
2521.7,588358
2521.8,588360
2521.9,588361
2522,588363
2522.1,588364
2522.2,588366
2522.3,588368
2522.4,588369
2522.5,588371
2522.6,588373
2522.7,588374
2522.8,588376
2522.9,588378
2523,588379
2523.1,588381
2523.2,588382
2523.3,588384
2523.4,588386
2523.5,588387
2523.6,588389
2523.7,588391
2523.8,588393
2523.9,588394
2524,588396
2524.1,588398
2524.2,588399
2524.3,588401
2524.4,588403
2524.5,588405
2524.6,588406
2524.7,588408
2524.8,588409
2524.9,588411
2525,588413
2525.1,588415
2525.2,588416
2525.3,588417
2525.4,588419
2525.5,588420
2525.6,588422
2525.7,588424
2525.8,588426
2525.9,588427
2526,588429
2526.1,588431
2526.2,588432
2526.3,588434
2526.4,588436
2526.5,588438
2526.6,588439
2526.7,588440
2526.8,588442
2526.9,588444
2527,588445
2527.1,588447
2527.2,588449
2527.3,588451
2527.4,588452
2527.5,588454
2527.6,588455
2527.7,588457
2527.8,588459
2527.9,588461
2528,588462
2528.1,588464
2528.2,588466
2528.3,588467
2528.4,588469
2528.5,588471
2528.6,588473
2528.7,588474
2528.8,588476
2528.9,588477
2529,588479
2529.1,588481
2529.2,588483
2529.3,588484
2529.4,588486
2529.5,588487
2529.6,588489
2529.7,588490
2529.8,588492
2529.9,588494
2530,588496
2530.1,588497
2530.2,588499
2530.3,588501
2530.4,588502
2530.5,588504
2530.6,588506
2530.7,588507
2530.8,588509
2530.9,588510
2531,588512
2531.1,588514
2531.2,588516
2531.3,588517
2531.4,588519
2531.5,588520
2531.6,588522
2531.7,588523
2531.8,588525
2531.9,588527
2532,588529
2532.1,588530
2532.2,588532
2532.3,588533
2532.4,588535
2532.5,588537
2532.6,588539
2532.7,588540
2532.8,588542
2532.9,588543
2533,588545
2533.1,588546
2533.2,588548
2533.3,588550
2533.4,588552
2533.5,588553
2533.6,588555
2533.7,588556
2533.8,588558
2533.9,588560
2534,588562
2534.1,588563
2534.2,588564
2534.3,588566
2534.4,588568
2534.5,588570
2534.6,588571
2534.7,588573
2534.8,588575
2534.9,588576
2535,588578
2535.1,588580
2535.2,588581
2535.3,588583
2535.4,588585
2535.5,588586
2535.6,588587
2535.7,588589
2535.8,588591
2535.9,588593
2536,588595
2536.1,588596
2536.2,588598
2536.3,588599
2536.4,588601
2536.5,588602
2536.6,588604
2536.7,588606
2536.8,588608
2536.9,588609
2537,588611
2537.1,588612
2537.2,588614
2537.3,588616
2537.4,588618
2537.5,588619
2537.6,588621
2537.7,588622
2537.8,588624
2537.9,588626
2538,588627
2538.1,588630
2538.2,588631
2538.3,588633
2538.4,588634
2538.5,588636
2538.6,588637
2538.7,588639
2538.8,588641
2538.9,588642
2539,588644
2539.1,588646
2539.2,588647
2539.3,588649
2539.4,588651
2539.5,588652
2539.6,588654
2539.7,588655
2539.8,588657
2539.9,588658
2540,588660
2540.1,588662
2540.2,588664
2540.3,588665
2540.4,588667
2540.5,588668
2540.6,588670
2540.7,588672
2540.8,588674
2540.9,588675
2541,588677
2541.1,588678
2541.2,588680
2541.3,588682
2541.4,588684
2541.5,588685
2541.6,588687
2541.7,588688
2541.8,588690
2541.9,588692
2542,588693
2542.1,588695
2542.2,588696
2542.3,588698
2542.4,588699
2542.5,588701
2542.6,588703
2542.7,588705
2542.8,588707
2542.9,588708
2543,588710
2543.1,588711
2543.2,588713
2543.3,588715
2543.4,588716
2543.5,588718
2543.6,588720
2543.7,588721
2543.8,588723
2543.9,588724
2544,588726
2544.1,588728
2544.2,588729
2544.3,588731
2544.4,588733
2544.5,588734
2544.6,588736
2544.7,588737
2544.8,588739
2544.9,588741
2545,588742
2545.1,588744
2545.2,588746
2545.3,588747
2545.4,588749
2545.5,588751
2545.6,588752
2545.7,588754
2545.8,588755
2545.9,588757
2546,588759
2546.1,588761
2546.2,588762
2546.3,588764
2546.4,588766
2546.5,588767
2546.6,588769
2546.7,588771
2546.8,588772
2546.9,588774
2547,588775
2547.1,588777
2547.2,588778
2547.3,588780
2547.4,588782
2547.5,588784
2547.6,588785
2547.7,588787
2547.8,588788
2547.9,588790
2548,588792
2548.1,588793
2548.2,588795
2548.3,588796
2548.4,588798
2548.5,588800
2548.6,588801
2548.7,588803
2548.8,588805
2548.9,588807
2549,588808
2549.1,588810
2549.2,588811
2549.3,588813
2549.4,588815
2549.5,588816
2549.6,588818
2549.7,588819
2549.8,588821
2549.9,588823
2550,588824
2550.1,588826
2550.2,588828
2550.3,588829
2550.4,588831
2550.5,588833
2550.6,588834
2550.7,588836
2550.8,588837
2550.9,588839
2551,588841
2551.1,588842
2551.2,588844
2551.3,588846
2551.4,588847
2551.5,588849
2551.6,588850
2551.7,588852
2551.8,588853
2551.9,588855
2552,588857
2552.1,588859
2552.2,588860
2552.3,588862
2552.4,588863
2552.5,588865
2552.6,588866
2552.7,588868
2552.8,588870
2552.9,588872
2553,588873
2553.1,588875
2553.2,588876
2553.3,588878
2553.4,588880
2553.5,588881
2553.6,588883
2553.7,588884
2553.8,588886
2553.9,588888
2554,588890
2554.1,588891
2554.2,588893
2554.3,588895
2554.4,588896
2554.5,588898
2554.6,588899
2554.7,588901
2554.8,588903
2554.9,588904
2555,588906
2555.1,588907
2555.2,588909
2555.3,588911
2555.4,588912
2555.5,588914
2555.6,588916
2555.7,588917
2555.8,588919
2555.9,588920
2556,588922
2556.1,588924
2556.2,588925
2556.3,588927
2556.4,588928
2556.5,588930
2556.6,588931
2556.7,588933
2556.8,588935
2556.9,588937
2557,588938
2557.1,588940
2557.2,588941
2557.3,588943
2557.4,588944
2557.5,588946
2557.6,588948
2557.7,588950
2557.8,588951
2557.9,588953
2558,588954
2558.1,588956
2558.2,588958
2558.3,588960
2558.4,588961
2558.5,588963
2558.6,588964
2558.7,588966
2558.8,588968
2558.9,588969
2559,588971
2559.1,588972
2559.2,588974
2559.3,588975
2559.4,588977
2559.5,588979
2559.6,588981
2559.7,588982
2559.8,588984
2559.9,588985
2560,588987
2560.1,588989
2560.2,588990
2560.3,588992
2560.4,588994
2560.5,588995
2560.6,588997
2560.7,588998
2560.8,589000
2560.9,589002
2561,589003
2561.1,589005
2561.2,589006
2561.3,589008
2561.4,589010
2561.5,589012
2561.6,589013
2561.7,589015
2561.8,589016
2561.9,589018
2562,589019
2562.1,589021
2562.2,589023
2562.3,589025
2562.4,589026
2562.5,589027
2562.6,589029
2562.7,589031
2562.8,589032
2562.9,589034
2563,589036
2563.1,589037
2563.2,589039
2563.3,589040
2563.4,589042
2563.5,589044
2563.6,589045
2563.7,589047
2563.8,589048
2563.9,589050
2564,589051
2564.1,589053
2564.2,589055
2564.3,589057
2564.4,589058
2564.5,589060
2564.6,589061
2564.7,589063
2564.8,589065
2564.9,589066
2565,589068
2565.1,589069
2565.2,589071
2565.3,589072
2565.4,589074
2565.5,589076
2565.6,589078
2565.7,589079
2565.8,589081
2565.9,589082
2566,589084
2566.1,589085
2566.2,589087
2566.3,589089
2566.4,589091
2566.5,589092
2566.6,589094
2566.7,589095
2566.8,589097
2566.9,589099
2567,589100
2567.1,589101
2567.2,589103
2567.3,589105
2567.4,589106
2567.5,589108
2567.6,589110
2567.7,589111
2567.8,589113
2567.9,589114
2568,589116
2568.1,589117
2568.2,589119
2568.3,589121
2568.4,589123
2568.5,589124
2568.6,589126
2568.7,589127
2568.8,589129
2568.9,589131
2569,589132
2569.1,589134
2569.2,589135
2569.3,589136
2569.4,589138
2569.5,589140
2569.6,589142
2569.7,589143
2569.8,589145
2569.9,589146
2570,589148
2570.1,589150
2570.2,589151
2570.3,589153
2570.4,589154
2570.5,589156
2570.6,589157
2570.7,589159
2570.8,589161
2570.9,589163
2571,589164
2571.1,589166
2571.2,589167
2571.3,589169
2571.4,589170
2571.5,589172
2571.6,589174
2571.7,589176
2571.8,589177
2571.9,589178
2572,589180
2572.1,589182
2572.2,589183
2572.3,589185
2572.4,589186
2572.5,589188
2572.6,589190
2572.7,589191
2572.8,589193
2572.9,589195
2573,589196
2573.1,589198
2573.2,589199
2573.3,589201
2573.4,589202
2573.5,589204
2573.6,589206
2573.7,589207
2573.8,589209
2573.9,589210
2574,589212
2574.1,589214
2574.2,589215
2574.3,589217
2574.4,589219
2574.5,589220
2574.6,589222
2574.7,589223
2574.8,589225
2574.9,589227
2575,589228
2575.1,589230
2575.2,589231
2575.3,589233
2575.4,589235
2575.5,589236
2575.6,589238
2575.7,589239
2575.8,589241
2575.9,589242
2576,589244
2576.1,589246
2576.2,589248
2576.3,589249
2576.4,589251
2576.5,589252
2576.6,589254
2576.7,589255
2576.8,589257
2576.9,589259
2577,589260
2577.1,589262
2577.2,589264
2577.3,589265
2577.4,589267
2577.5,589268
2577.6,589270
2577.7,589272
2577.8,589273
2577.9,589275
2578,589276
2578.1,589278
2578.2,589280
2578.3,589281
2578.4,589282
2578.5,589284
2578.6,589286
2578.7,589287
2578.8,589289
2578.9,589291
2579,589292
2579.1,589294
2579.2,589295
2579.3,589297
2579.4,589298
2579.5,589300
2579.6,589302
2579.7,589303
2579.8,589305
2579.9,589306
2580,589308
2580.1,589310
2580.2,589311
2580.3,589313
2580.4,589314
2580.5,589316
2580.6,589317
2580.7,589319
2580.8,589321
2580.9,589323
2581,589324
2581.1,589325
2581.2,589327
2581.3,589329
2581.4,589330
2581.5,589332
2581.6,589334
2581.7,589335
2581.8,589337
2581.9,589338
2582,589340
2582.1,589342
2582.2,589343
2582.3,589345
2582.4,589346
2582.5,589348
2582.6,589349
2582.7,589351
2582.8,589353
2582.9,589354
2583,589356
2583.1,589358
2583.2,589359
2583.3,589360
2583.4,589362
2583.5,589364
2583.6,589365
2583.7,589367
2583.8,589368
2583.9,589370
2584,589371
2584.1,589373
2584.2,589375
2584.3,589376
2584.4,589378
2584.5,589380
2584.6,589381
2584.7,589383
2584.8,589384
2584.9,589386
2585,589387
2585.1,589389
2585.2,589390
2585.3,589392
2585.4,589394
2585.5,589395
2585.6,589397
2585.7,589398
2585.8,589400
2585.9,589402
2586,589403
2586.1,589405
2586.2,589407
2586.3,589408
2586.4,589410
2586.5,589411
2586.6,589413
2586.7,589414
2586.8,589416
2586.9,589418
2587,589419
2587.1,589421
2587.2,589422
2587.3,589424
2587.4,589426
2587.5,589427
2587.6,589429
2587.7,589430
2587.8,589432
2587.9,589433
2588,589435
2588.1,589437
2588.2,589438
2588.3,589440
2588.4,589442
2588.5,589443
2588.6,589445
2588.7,589446
2588.8,589448
2588.9,589449
2589,589451
2589.1,589452
2589.2,589454
2589.3,589455
2589.4,589457
2589.5,589459
2589.6,589460
2589.7,589462
2589.8,589463
2589.9,589465
2590,589467
2590.1,589468
2590.2,589470
2590.3,589471
2590.4,589473
2590.5,589474
2590.6,589476
2590.7,589478
2590.8,589480
2590.9,589481
2591,589483
2591.1,589484
2591.2,589486
2591.3,589487
2591.4,589489
2591.5,589491
2591.6,589492
2591.7,589494
2591.8,589495
2591.9,589497
2592,589499
2592.1,589500
2592.2,589502
2592.3,589503
2592.4,589505
2592.5,589506
2592.6,589508
2592.7,589509
2592.8,589511
2592.9,589513
2593,589514
2593.1,589516
2593.2,589517
2593.3,589519
2593.4,589521
2593.5,589522
2593.6,589524
2593.7,589525
2593.8,589527
2593.9,589529
2594,589530
2594.1,589532
2594.2,589533
2594.3,589535
2594.4,589536
2594.5,589538
2594.6,589540
2594.7,589541
2594.8,589543
2594.9,589544
2595,589546
2595.1,589547
2595.2,589549
2595.3,589551
2595.4,589552
2595.5,589554
2595.6,589555
2595.7,589557
2595.8,589558
2595.9,589560
2596,589562
2596.1,589563
2596.2,589565
2596.3,589566
2596.4,589568
2596.5,589569
2596.6,589571
2596.7,589573
2596.8,589574
2596.9,589575
2597,589577
2597.1,589579
2597.2,589580
2597.3,589582
2597.4,589583
2597.5,589585
2597.6,589586
2597.7,589588
2597.8,589590
2597.9,589591
2598,589593
2598.1,589595
2598.2,589596
2598.3,589598
2598.4,589599
2598.5,589601
2598.6,589602
2598.7,589604
2598.8,589606
2598.9,589607
2599,589608
2599.1,589610
2599.2,589612
2599.3,589613
2599.4,589615
2599.5,589617
2599.6,589618
2599.7,589620
2599.8,589621
2599.9,589623
2600,589625
2600.1,589626
2600.2,589627
2600.3,589629
2600.4,589630
2600.5,589632
2600.6,589634
2600.7,589636
2600.8,589637
2600.9,589638
2601,589640
2601.1,589642
2601.2,589643
2601.3,589645
2601.4,589646
2601.5,589648
2601.6,589649
2601.7,589651
2601.8,589652
2601.9,589654
2602,589656
2602.1,589657
2602.2,589658
2602.3,589660
2602.4,589662
2602.5,589663
2602.6,589665
2602.7,589667
2602.8,589668
2602.9,589670
2603,589671
2603.1,589673
2603.2,589674
2603.3,589676
2603.4,589678
2603.5,589679
2603.6,589681
2603.7,589682
2603.8,589684
2603.9,589686
2604,589687
2604.1,589689
2604.2,589690
2604.3,589691
2604.4,589693
2604.5,589695
2604.6,589696
2604.7,589698
2604.8,589699
2604.9,589701
2605,589702
2605.1,589704
2605.2,589706
2605.3,589708
2605.4,589709
2605.5,589710
2605.6,589712
2605.7,589713
2605.8,589715
2605.9,589717
2606,589718
2606.1,589720
2606.2,589721
2606.3,589723
2606.4,589724
2606.5,589726
2606.6,589728
2606.7,589729
2606.8,589731
2606.9,589732
2607,589734
2607.1,589735
2607.2,589737
2607.3,589738
2607.4,589740
2607.5,589741
2607.6,589743
2607.7,589744
2607.8,589746
2607.9,589748
2608,589749
2608.1,589750
2608.2,589752
2608.3,589754
2608.4,589756
2608.5,589757
2608.6,589759
2608.7,589760
2608.8,589762
2608.9,589763
2609,589765
2609.1,589767
2609.2,589768
2609.3,589770
2609.4,589771
2609.5,589772
2609.6,589774
2609.7,589776
2609.8,589777
2609.9,589779
2610,589781
2610.1,589782
2610.2,589784
2610.3,589785
2610.4,589787
2610.5,589789
2610.6,589790
2610.7,589791
2610.8,589793
2610.9,589794
2611,589796
2611.1,589798
2611.2,589800
2611.3,589801
2611.4,589802
2611.5,589804
2611.6,589806
2611.7,589807
2611.8,589809
2611.9,589810
2612,589812
2612.1,589813
2612.2,589814
2612.3,589816
2612.4,589818
2612.5,589820
2612.6,589821
2612.7,589822
2612.8,589824
2612.9,589825
2613,589827
2613.1,589829
2613.2,589830
2613.3,589832
2613.4,589833
2613.5,589835
2613.6,589836
2613.7,589838
2613.8,589840
2613.9,589841
2614,589843
2614.1,589844
2614.2,589846
2614.3,589847
2614.4,589849
2614.5,589850
2614.6,589852
2614.7,589853
2614.8,589855
2614.9,589856
2615,589858
2615.1,589860
2615.2,589861
2615.3,589863
2615.4,589864
2615.5,589866
2615.6,589867
2615.7,589869
2615.8,589870
2615.9,589872
2616,589873
2616.1,589875
2616.2,589876
2616.3,589878
2616.4,589880
2616.5,589881
2616.6,589883
2616.7,589884
2616.8,589886
2616.9,589887
2617,589889
2617.1,589890
2617.2,589892
2617.3,589893
2617.4,589895
2617.5,589896
2617.6,589898
2617.7,589900
2617.8,589901
2617.9,589903
2618,589904
2618.1,589906
2618.2,589907
2618.3,589909
2618.4,589911
2618.5,589912
2618.6,589914
2618.7,589915
2618.8,589917
2618.9,589919
2619,589920
2619.1,589922
2619.2,589923
2619.3,589924
2619.4,589926
2619.5,589928
2619.6,589929
2619.7,589931
2619.8,589932
2619.9,589934
2620,589935
2620.1,589937
2620.2,589938
2620.3,589940
2620.4,589942
2620.5,589943
2620.6,589944
2620.7,589946
2620.8,589948
2620.9,589949
2621,589951
2621.1,589953
2621.2,589954
2621.3,589956
2621.4,589957
2621.5,589959
2621.6,589960
2621.7,589962
2621.8,589963
2621.9,589965
2622,589966
2622.1,589968
2622.2,589970
2622.3,589971
2622.4,589973
2622.5,589974
2622.6,589976
2622.7,589977
2622.8,589979
2622.9,589981
2623,589982
2623.1,589984
2623.2,589985
2623.3,589987
2623.4,589988
2623.5,589990
2623.6,589992
2623.7,589993
2623.8,589994
2623.9,589996
2624,589997
2624.1,589999
2624.2,590001
2624.3,590002
2624.4,590004
2624.5,590005
2624.6,590007
2624.7,590008
2624.8,590010
2624.9,590012
2625,590013
2625.1,590014
2625.2,590016
2625.3,590018
2625.4,590019
2625.5,590021
2625.6,590022
2625.7,590024
2625.8,590025
2625.9,590027
2626,590028
2626.1,590030
2626.2,590032
2626.3,590033
2626.4,590035
2626.5,590036
2626.6,590038
2626.7,590040
2626.8,590041
2626.9,590042
2627,590044
2627.1,590045
2627.2,590047
2627.3,590049
2627.4,590050
2627.5,590052
2627.6,590053
2627.7,590055
2627.8,590056
2627.9,590058
2628,590060
2628.1,590061
2628.2,590063
2628.3,590064
2628.4,590066
2628.5,590067
2628.6,590069
2628.7,590070
2628.8,590072
2628.9,590073
2629,590075
2629.1,590076
2629.2,590078
2629.3,590079
2629.4,590082
2629.5,590082
2629.6,590084
2629.7,590085
2629.8,590087
2629.9,590088
2630,590090
2630.1,590092
2630.2,590094
2630.3,590095
2630.4,590096
2630.5,590098
2630.6,590100
2630.7,590101
2630.8,590103
2630.9,590104
2631,590106
2631.1,590107
2631.2,590109
2631.3,590110
2631.4,590112
2631.5,590113
2631.6,590115
2631.7,590116
2631.8,590118
2631.9,590119
2632,590121
2632.1,590123
2632.2,590124
2632.3,590125
2632.4,590127
2632.5,590129
2632.6,590131
2632.7,590132
2632.8,590133
2632.9,590135
2633,590136
2633.1,590138
2633.2,590139
2633.3,590141
2633.4,590142
2633.5,590144
2633.6,590145
2633.7,590147
2633.8,590149
2633.9,590150
2634,590151
2634.1,590153
2634.2,590154
2634.3,590156
2634.4,590157
2634.5,590159
2634.6,590161
2634.7,590162
2634.8,590163
2634.9,590165
2635,590166
2635.1,590168
2635.2,590170
2635.3,590171
2635.4,590172
2635.5,590174
2635.6,590175
2635.7,590177
2635.8,590179
2635.9,590180
2636,590182
2636.1,590183
2636.2,590185
2636.3,590186
2636.4,590188
2636.5,590189
2636.6,590191
2636.7,590192
2636.8,590194
2636.9,590195
2637,590197
2637.1,590198
2637.2,590200
2637.3,590201
2637.4,590203
2637.5,590204
2637.6,590206
2637.7,590208
2637.8,590209
2637.9,590210
2638,590212
2638.1,590213
2638.2,590215
2638.3,590217
2638.4,590218
2638.5,590220
2638.6,590221
2638.7,590222
2638.8,590224
2638.9,590226
2639,590227
2639.1,590229
2639.2,590230
2639.3,590232
2639.4,590233
2639.5,590235
2639.6,590236
2639.7,590238
2639.8,590240
2639.9,590241
2640,590242
2640.1,590244
2640.2,590246
2640.3,590247
2640.4,590249
2640.5,590250
2640.6,590251
2640.7,590253
2640.8,590255
2640.9,590256
2641,590258
2641.1,590260
2641.2,590261
2641.3,590262
2641.4,590264
2641.5,590265
2641.6,590267
2641.7,590269
2641.8,590270
2641.9,590272
2642,590273
2642.1,590274
2642.2,590276
2642.3,590278
2642.4,590279
2642.5,590280
2642.6,590282
2642.7,590283
2642.8,590285
2642.9,590286
2643,590288
2643.1,590289
2643.2,590291
2643.3,590292
2643.4,590294
2643.5,590295
2643.6,590297
2643.7,590298
2643.8,590300
2643.9,590301
2644,590303
2644.1,590304
2644.2,590306
2644.3,590308
2644.4,590309
2644.5,590310
2644.6,590312
2644.7,590313
2644.8,590315
2644.9,590317
2645,590318
2645.1,590319
2645.2,590321
2645.3,590322
2645.4,590324
2645.5,590326
2645.6,590327
2645.7,590329
2645.8,590330
2645.9,590332
2646,590333
2646.1,590335
2646.2,590336
2646.3,590338
2646.4,590339
2646.5,590340
2646.6,590342
2646.7,590344
2646.8,590345
2646.9,590347
2647,590348
2647.1,590349
2647.2,590351
2647.3,590353
2647.4,590354
2647.5,590356
2647.6,590357
2647.7,590359
2647.8,590360
2647.9,590362
2648,590363
2648.1,590365
2648.2,590366
2648.3,590368
2648.4,590370
2648.5,590371
2648.6,590373
2648.7,590374
2648.8,590376
2648.9,590377
2649,590379
2649.1,590380
2649.2,590381
2649.3,590383
2649.4,590385
2649.5,590386
2649.6,590387
2649.7,590389
2649.8,590390
2649.9,590392
2650,590394
2650.1,590395
2650.2,590397
2650.3,590398
2650.4,590399
2650.5,590401
2650.6,590403
2650.7,590404
2650.8,590406
2650.9,590407
2651,590408
2651.1,590410
2651.2,590411
2651.3,590413
2651.4,590415
2651.5,590416
2651.6,590417
2651.7,590419
2651.8,590420
2651.9,590422
2652,590424
2652.1,590425
2652.2,590426
2652.3,590428
2652.4,590429
2652.5,590431
2652.6,590433
2652.7,590434
2652.8,590436
2652.9,590437
2653,590438
2653.1,590440
2653.2,590442
2653.3,590443
2653.4,590445
2653.5,590446
2653.6,590448
2653.7,590449
2653.8,590451
2653.9,590452
2654,590454
2654.1,590455
2654.2,590457
2654.3,590458
2654.4,590459
2654.5,590461
2654.6,590463
2654.7,590464
2654.8,590465
2654.9,590467
2655,590469
2655.1,590470
2655.2,590472
2655.3,590473
2655.4,590474
2655.5,590476
2655.6,590477
2655.7,590479
2655.8,590481
2655.9,590482
2656,590483
2656.1,590485
2656.2,590486
2656.3,590488
2656.4,590490
2656.5,590491
2656.6,590492
2656.7,590494
2656.8,590495
2656.9,590497
2657,590498
2657.1,590500
2657.2,590501
2657.3,590503
2657.4,590504
2657.5,590506
2657.6,590507
2657.7,590509
2657.8,590511
2657.9,590512
2658,590514
2658.1,590515
2658.2,590516
2658.3,590518
2658.4,590520
2658.5,590521
2658.6,590522
2658.7,590523
2658.8,590525
2658.9,590527
2659,590529
2659.1,590530
2659.2,590531
2659.3,590533
2659.4,590534
2659.5,590536
2659.6,590537
2659.7,590539
2659.8,590540
2659.9,590542
2660,590543
2660.1,590545
2660.2,590546
2660.3,590548
2660.4,590550
2660.5,590551
2660.6,590552
2660.7,590554
2660.8,590555
2660.9,590557
2661,590558
2661.1,590560
2661.2,590561
2661.3,590563
2661.4,590564
2661.5,590566
2661.6,590567
2661.7,590569
2661.8,590570
2661.9,590571
2662,590573
2662.1,590574
2662.2,590576
2662.3,590578
2662.4,590579
2662.5,590580
2662.6,590582
2662.7,590583
2662.8,590585
2662.9,590587
2663,590588
2663.1,590589
2663.2,590590
2663.3,590592
2663.4,590594
2663.5,590595
2663.6,590597
2663.7,590598
2663.8,590600
2663.9,590601
2664,590603
2664.1,590604
2664.2,590606
2664.3,590607
2664.4,590608
2664.5,590610
2664.6,590611
2664.7,590613
2664.8,590615
2664.9,590616
2665,590617
2665.1,590619
2665.2,590620
2665.3,590622
2665.4,590623
2665.5,590625
2665.6,590626
2665.7,590628
2665.8,590629
2665.9,590631
2666,590632
2666.1,590634
2666.2,590636
2666.3,590637
2666.4,590638
2666.5,590639
2666.6,590641
2666.7,590642
2666.8,590644
2666.9,590646
2667,590647
2667.1,590648
2667.2,590650
2667.3,590652
2667.4,590653
2667.5,590654
2667.6,590656
2667.7,590657
2667.8,590659
2667.9,590661
2668,590662
2668.1,590663
2668.2,590665
2668.3,590666
2668.4,590667
2668.5,590669
2668.6,590670
2668.7,590672
2668.8,590673
2668.9,590675
2669,590676
2669.1,590678
2669.2,590679
2669.3,590681
2669.4,590683
2669.5,590684
2669.6,590685
2669.7,590686
2669.8,590688
2669.9,590690
2670,590692
2670.1,590693
2670.2,590694
2670.3,590695
2670.4,590697
2670.5,590698
2670.6,590701
2670.7,590701
2670.8,590703
2670.9,590704
2671,590706
2671.1,590708
2671.2,590709
2671.3,590711
2671.4,590712
2671.5,590713
2671.6,590715
2671.7,590716
2671.8,590717
2671.9,590720
2672,590721
2672.1,590722
2672.2,590723
2672.3,590725
2672.4,590726
2672.5,590728
2672.6,590730
2672.7,590731
2672.8,590732
2672.9,590734
2673,590735
2673.1,590737
2673.2,590739
2673.3,590740
2673.4,590741
2673.5,590743
2673.6,590744
2673.7,590746
2673.8,590748
2673.9,590749
2674,590750
2674.1,590752
2674.2,590753
2674.3,590755
2674.4,590756
2674.5,590758
2674.6,590759
2674.7,590760
2674.8,590762
2674.9,590763
2675,590765
2675.1,590767
2675.2,590768
2675.3,590769
2675.4,590771
2675.5,590772
2675.6,590774
2675.7,590776
2675.8,590777
2675.9,590778
2676,590780
2676.1,590781
2676.2,590783
2676.3,590784
2676.4,590786
2676.5,590787
2676.6,590788
2676.7,590790
2676.8,590791
2676.9,590793
2677,590795
2677.1,590796
2677.2,590797
2677.3,590798
2677.4,590800
2677.5,590801
2677.6,590803
2677.7,590805
2677.8,590806
2677.9,590807
2678,590809
2678.1,590810
2678.2,590812
2678.3,590813
2678.4,590815
2678.5,590816
2678.6,590817
2678.7,590819
2678.8,590820
2678.9,590822
2679,590823
2679.1,590825
2679.2,590826
2679.3,590828
2679.4,590830
2679.5,590831
2679.6,590832
2679.7,590834
2679.8,590835
2679.9,590837
2680,590838
2680.1,590839
2680.2,590841
2680.3,590842
2680.4,590844
2680.5,590845
2680.6,590847
2680.7,590848
2680.8,590850
2680.9,590851
2681,590853
2681.1,590854
2681.2,590856
2681.3,590857
2681.4,590859
2681.5,590860
2681.6,590861
2681.7,590863
2681.8,590864
2681.9,590866
2682,590867
2682.1,590869
2682.2,590870
2682.3,590872
2682.4,590873
2682.5,590875
2682.6,590876
2682.7,590878
2682.8,590879
2682.9,590880
2683,590882
2683.1,590883
2683.2,590885
2683.3,590886
2683.4,590888
2683.5,590889
2683.6,590891
2683.7,590892
2683.8,590893
2683.9,590895
2684,590897
2684.1,590898
2684.2,590899
2684.3,590901
2684.4,590902
2684.5,590904
2684.6,590905
2684.7,590907
2684.8,590908
2684.9,590909
2685,590911
2685.1,590913
2685.2,590914
2685.3,590916
2685.4,590917
2685.5,590918
2685.6,590920
2685.7,590921
2685.8,590923
2685.9,590925
2686,590926
2686.1,590927
2686.2,590929
2686.3,590930
2686.4,590932
2686.5,590933
2686.6,590935
2686.7,590936
2686.8,590937
2686.9,590939
2687,590940
2687.1,590942
2687.2,590943
2687.3,590945
2687.4,590946
2687.5,590948
2687.6,590949
2687.7,590951
2687.8,590952
2687.9,590954
2688,590955
2688.1,590956
2688.2,590958
2688.3,590959
2688.4,590961
2688.5,590962
2688.6,590964
2688.7,590965
2688.8,590966
2688.9,590968
2689,590969
2689.1,590971
2689.2,590972
2689.3,590974
2689.4,590975
2689.5,590977
2689.6,590978
2689.7,590980
2689.8,590981
2689.9,590982
2690,590984
2690.1,590985
2690.2,590987
2690.3,590988
2690.4,590989
2690.5,590991
2690.6,590992
2690.7,590994
2690.8,590995
2690.9,590997
2691,590999
2691.1,591000
2691.2,591001
2691.3,591002
2691.4,591004
2691.5,591005
2691.6,591007
2691.7,591008
2691.8,591010
2691.9,591011
2692,591012
2692.1,591014
2692.2,591016
2692.3,591017
2692.4,591018
2692.5,591019
2692.6,591021
2692.7,591022
2692.8,591024
2692.9,591026
2693,591027
2693.1,591028
2693.2,591030
2693.3,591031
2693.4,591033
2693.5,591034
2693.6,591036
2693.7,591037
2693.8,591038
2693.9,591040
2694,591041
2694.1,591043
2694.2,591044
2694.3,591045
2694.4,591047
2694.5,591048
2694.6,591049
2694.7,591051
2694.8,591053
2694.9,591054
2695,591055
2695.1,591057
2695.2,591058
2695.3,591060
2695.4,591061
2695.5,591063
2695.6,591064
2695.7,591065
2695.8,591067
2695.9,591068
2696,591070
2696.1,591071
2696.2,591072
2696.3,591074
2696.4,591075
2696.5,591077
2696.6,591078
2696.7,591080
2696.8,591081
2696.9,591083
2697,591084
2697.1,591085
2697.2,591087
2697.3,591089
2697.4,591090
2697.5,591091
2697.6,591092
2697.7,591094
2697.8,591095
2697.9,591097
2698,591098
2698.1,591100
2698.2,591101
2698.3,591102
2698.4,591104
2698.5,591105
2698.6,591107
2698.7,591108
2698.8,591110
2698.9,591111
2699,591112
2699.1,591114
2699.2,591116
2699.3,591117
2699.4,591118
2699.5,591120
2699.6,591121
2699.7,591122
2699.8,591124
2699.9,591125
2700,591127
2700.1,591128
2700.2,591129
2700.3,591131
2700.4,591133
2700.5,591134
2700.6,591135
2700.7,591136
2700.8,591138
2700.9,591139
2701,591141
2701.1,591143
2701.2,591144
2701.3,591145
2701.4,591146
2701.5,591148
2701.6,591150
2701.7,591151
2701.8,591152
2701.9,591154
2702,591155
2702.1,591156
2702.2,591158
2702.3,591159
2702.4,591161
2702.5,591162
2702.6,591164
2702.7,591165
2702.8,591166
2702.9,591168
2703,591170
2703.1,591171
2703.2,591172
2703.3,591174
2703.4,591175
2703.5,591177
2703.6,591178
2703.7,591180
2703.8,591180
2703.9,591182
2704,591183
2704.1,591185
2704.2,591186
2704.3,591188
2704.4,591189
2704.5,591191
2704.6,591192
2704.7,591193
2704.8,591195
2704.9,591197
2705,591198
2705.1,591199
2705.2,591201
2705.3,591202
2705.4,591203
2705.5,591205
2705.6,591206
2705.7,591208
2705.8,591209
2705.9,591210
2706,591212
2706.1,591213
2706.2,591215
2706.3,591216
2706.4,591217
2706.5,591219
2706.6,591221
2706.7,591222
2706.8,591224
2706.9,591225
2707,591226
2707.1,591227
2707.2,591229
2707.3,591230
2707.4,591232
2707.5,591233
2707.6,591235
2707.7,591236
2707.8,591237
2707.9,591239
2708,591240
2708.1,591242
2708.2,591243
2708.3,591245
2708.4,591246
2708.5,591248
2708.6,591249
2708.7,591251
2708.8,591252
2708.9,591253
2709,591255
2709.1,591256
2709.2,591258
2709.3,591259
2709.4,591260
2709.5,591262
2709.6,591263
2709.7,591264
2709.8,591266
2709.9,591267
2710,591269
2710.1,591270
2710.2,591272
2710.3,591273
2710.4,591274
2710.5,591276
2710.6,591278
2710.7,591279
2710.8,591280
2710.9,591282
2711,591283
2711.1,591285
2711.2,591286
2711.3,591287
2711.4,591289
2711.5,591290
2711.6,591292
2711.7,591293
2711.8,591295
2711.9,591296
2712,591297
2712.1,591298
2712.2,591300
2712.3,591301
2712.4,591303
2712.5,591305
2712.6,591306
2712.7,591307
2712.8,591308
2712.9,591310
2713,591311
2713.1,591313
2713.2,591314
2713.3,591315
2713.4,591317
2713.5,591318
2713.6,591320
2713.7,591321
2713.8,591322
2713.9,591324
2714,591325
2714.1,591327
2714.2,591328
2714.3,591330
2714.4,591331
2714.5,591332
2714.6,591334
2714.7,591335
2714.8,591336
2714.9,591338
2715,591340
2715.1,591341
2715.2,591342
2715.3,591343
2715.4,591345
2715.5,591347
2715.6,591348
2715.7,591349
2715.8,591351
2715.9,591352
2716,591354
2716.1,591355
2716.2,591356
2716.3,591358
2716.4,591359
2716.5,591361
2716.6,591362
2716.7,591364
2716.8,591365
2716.9,591367
2717,591368
2717.1,591369
2717.2,591371
2717.3,591372
2717.4,591374
2717.5,591375
2717.6,591376
2717.7,591377
2717.8,591379
2717.9,591380
2718,591382
2718.1,591383
2718.2,591385
2718.3,591386
2718.4,591387
2718.5,591388
2718.6,591390
2718.7,591392
2718.8,591393
2718.9,591394
2719,591396
2719.1,591397
2719.2,591399
2719.3,591400
2719.4,591402
2719.5,591403
2719.6,591404
2719.7,591405
2719.8,591407
2719.9,591408
2720,591410
2720.1,591411
2720.2,591412
2720.3,591414
2720.4,591415
2720.5,591417
2720.6,591418
2720.7,591420
2720.8,591421
2720.9,591422
2721,591424
2721.1,591425
2721.2,591427
2721.3,591428
2721.4,591430
2721.5,591431
2721.6,591432
2721.7,591433
2721.8,591435
2721.9,591437
2722,591438
2722.1,591439
2722.2,591440
2722.3,591442
2722.4,591443
2722.5,591445
2722.6,591446
2722.7,591447
2722.8,591449
2722.9,591450
2723,591452
2723.1,591453
2723.2,591455
2723.3,591456
2723.4,591457
2723.5,591458
2723.6,591460
2723.7,591461
2723.8,591463
2723.9,591464
2724,591465
2724.1,591467
2724.2,591468
2724.3,591470
2724.4,591471
2724.5,591472
2724.6,591474
2724.7,591475
2724.8,591477
2724.9,591478
2725,591480
2725.1,591481
2725.2,591482
2725.3,591483
2725.4,591485
2725.5,591486
2725.6,591488
2725.7,591490
2725.8,591491
2725.9,591492
2726,591493
2726.1,591495
2726.2,591496
2726.3,591498
2726.4,591499
2726.5,591500
2726.6,591502
2726.7,591503
2726.8,591505
2726.9,591506
2727,591507
2727.1,591508
2727.2,591510
2727.3,591511
2727.4,591513
2727.5,591514
2727.6,591516
2727.7,591517
2727.8,591518
2727.9,591520
2728,591521
2728.1,591523
2728.2,591524
2728.3,591525
2728.4,591527
2728.5,591528
2728.6,591530
2728.7,591531
2728.8,591532
2728.9,591534
2729,591535
2729.1,591536
2729.2,591538
2729.3,591539
2729.4,591540
2729.5,591542
2729.6,591543
2729.7,591545
2729.8,591546
2729.9,591548
2730,591549
2730.1,591551
2730.2,591552
2730.3,591553
2730.4,591555
2730.5,591556
2730.6,591557
2730.7,591559
2730.8,591560
2730.9,591561
2731,591563
2731.1,591564
2731.2,591566
2731.3,591567
2731.4,591568
2731.5,591570
2731.6,591571
2731.7,591572
2731.8,591574
2731.9,591575
2732,591577
2732.1,591578
2732.2,591579
2732.3,591581
2732.4,591582
2732.5,591584
2732.6,591585
2732.7,591586
2732.8,591588
2732.9,591589
2733,591591
2733.1,591592
2733.2,591593
2733.3,591595
2733.4,591596
2733.5,591597
2733.6,591599
2733.7,591600
2733.8,591602
2733.9,591603
2734,591604
2734.1,591605
2734.2,591607
2734.3,591608
2734.4,591610
2734.5,591611
2734.6,591612
2734.7,591614
2734.8,591615
2734.9,591617
2735,591618
2735.1,591620
2735.2,591621
2735.3,591622
2735.4,591624
2735.5,591625
2735.6,591626
2735.7,591628
2735.8,591629
2735.9,591630
2736,591632
2736.1,591633
2736.2,591634
2736.3,591636
2736.4,591638
2736.5,591639
2736.6,591640
2736.7,591642
2736.8,591643
2736.9,591645
2737,591646
2737.1,591647
2737.2,591649
2737.3,591650
2737.4,591651
2737.5,591653
2737.6,591655
2737.7,591655
2737.8,591657
2737.9,591658
2738,591659
2738.1,591661
2738.2,591663
2738.3,591664
2738.4,591665
2738.5,591666
2738.6,591667
2738.7,591669
2738.8,591671
2738.9,591672
2739,591674
2739.1,591675
2739.2,591676
2739.3,591677
2739.4,591679
2739.5,591680
2739.6,591682
2739.7,591683
2739.8,591684
2739.9,591686
2740,591687
2740.1,591689
2740.2,591690
2740.3,591691
2740.4,591693
2740.5,591694
2740.6,591696
2740.7,591697
2740.8,591698
2740.9,591699
2741,591701
2741.1,591702
2741.2,591704
2741.3,591705
2741.4,591707
2741.5,591708
2741.6,591709
2741.7,591711
2741.8,591712
2741.9,591714
2742,591715
2742.1,591716
2742.2,591717
2742.3,591719
2742.4,591720
2742.5,591722
2742.6,591723
2742.7,591724
2742.8,591726
2742.9,591727
2743,591728
2743.1,591730
2743.2,591731
2743.3,591733
2743.4,591734
2743.5,591735
2743.6,591736
2743.7,591738
2743.8,591739
2743.9,591741
2744,591742
2744.1,591743
2744.2,591745
2744.3,591746
2744.4,591748
2744.5,591749
2744.6,591751
2744.7,591752
2744.8,591753
2744.9,591755
2745,591756
2745.1,591758
2745.2,591759
2745.3,591760
2745.4,591761
2745.5,591763
2745.6,591764
2745.7,591766
2745.8,591767
2745.9,591768
2746,591769
2746.1,591771
2746.2,591772
2746.3,591774
2746.4,591775
2746.5,591777
2746.6,591777
2746.7,591779
2746.8,591780
2746.9,591782
2747,591783
2747.1,591784
2747.2,591786
2747.3,591787
2747.4,591789
2747.5,591790
2747.6,591792
2747.7,591793
2747.8,591794
2747.9,591795
2748,591797
2748.1,591798
2748.2,591799
2748.3,591801
2748.4,591802
2748.5,591803
2748.6,591805
2748.7,591806
2748.8,591808
2748.9,591809
2749,591810
2749.1,591812
2749.2,591813
2749.3,591814
2749.4,591816
2749.5,591817
2749.6,591819
2749.7,591820
2749.8,591821
2749.9,591823
2750,591824
2750.1,591826
2750.2,591827
2750.3,591828
2750.4,591830
2750.5,591831
2750.6,591832
2750.7,591834
2750.8,591835
2750.9,591836
2751,591837
2751.1,591839
2751.2,591840
2751.3,591842
2751.4,591843
2751.5,591845
2751.6,591846
2751.7,591847
2751.8,591849
2751.9,591850
2752,591852
2752.1,591853
2752.2,591854
2752.3,591855
2752.4,591857
2752.5,591858
2752.6,591860
2752.7,591861
2752.8,591862
2752.9,591864
2753,591865
2753.1,591866
2753.2,591868
2753.3,591869
2753.4,591870
2753.5,591871
2753.6,591873
2753.7,591874
2753.8,591876
2753.9,591877
2754,591878
2754.1,591880
2754.2,591881
2754.3,591882
2754.4,591883
2754.5,591885
2754.6,591886
2754.7,591888
2754.8,591889
2754.9,591890
2755,591892
2755.1,591893
2755.2,591895
2755.3,591896
2755.4,591897
2755.5,591898
2755.6,591900
2755.7,591901
2755.8,591902
2755.9,591904
2756,591905
2756.1,591906
2756.2,591908
2756.3,591909
2756.4,591911
2756.5,591911
2756.6,591913
2756.7,591914
2756.8,591916
2756.9,591917
2757,591919
2757.1,591920
2757.2,591921
2757.3,591923
2757.4,591924
2757.5,591926
2757.6,591927
2757.7,591928
2757.8,591930
2757.9,591931
2758,591932
2758.1,591934
2758.2,591935
2758.3,591936
2758.4,591938
2758.5,591939
2758.6,591940
2758.7,591942
2758.8,591943
2758.9,591944
2759,591945
2759.1,591946
2759.2,591948
2759.3,591949
2759.4,591951
2759.5,591952
2759.6,591954
2759.7,591955
2759.8,591956
2759.9,591958
2760,591959
2760.1,591961
2760.2,591962
2760.3,591963
2760.4,591964
2760.5,591966
2760.6,591967
2760.7,591969
2760.8,591970
2760.9,591971
2761,591973
2761.1,591974
2761.2,591975
2761.3,591977
2761.4,591978
2761.5,591979
2761.6,591980
2761.7,591982
2761.8,591983
2761.9,591985
2762,591986
2762.1,591987
2762.2,591988
2762.3,591989
2762.4,591991
2762.5,591992
2762.6,591994
2762.7,591995
2762.8,591996
2762.9,591998
2763,591999
2763.1,592001
2763.2,592002
2763.3,592003
2763.4,592005
2763.5,592006
2763.6,592007
2763.7,592009
2763.8,592010
2763.9,592011
2764,592013
2764.1,592014
2764.2,592015
2764.3,592017
2764.4,592018
2764.5,592019
2764.6,592020
2764.7,592022
2764.8,592023
2764.9,592024
2765,592026
2765.1,592027
2765.2,592029
2765.3,592030
2765.4,592031
2765.5,592033
2765.6,592034
2765.7,592036
2765.8,592037
2765.9,592038
2766,592039
2766.1,592041
2766.2,592042
2766.3,592044
2766.4,592045
2766.5,592046
2766.6,592047
2766.7,592049
2766.8,592050
2766.9,592052
2767,592053
2767.1,592054
2767.2,592055
2767.3,592057
2767.4,592058
2767.5,592059
2767.6,592061
2767.7,592062
2767.8,592063
2767.9,592064
2768,592066
2768.1,592067
2768.2,592069
2768.3,592070
2768.4,592071
2768.5,592072
2768.6,592074
2768.7,592075
2768.8,592077
2768.9,592078
2769,592079
2769.1,592080
2769.2,592082
2769.3,592083
2769.4,592085
2769.5,592086
2769.6,592087
2769.7,592088
2769.8,592090
2769.9,592091
2770,592093
2770.1,592094
2770.2,592095
2770.3,592096
2770.4,592098
2770.5,592099
2770.6,592101
2770.7,592102
2770.8,592103
2770.9,592104
2771,592105
2771.1,592107
2771.2,592108
2771.3,592110
2771.4,592111
2771.5,592112
2771.6,592113
2771.7,592115
2771.8,592116
2771.9,592118
2772,592119
2772.1,592120
2772.2,592121
2772.3,592123
2772.4,592124
2772.5,592126
2772.6,592127
2772.7,592128
2772.8,592129
2772.9,592130
2773,592132
2773.1,592134
2773.2,592135
2773.3,592136
2773.4,592137
2773.5,592139
2773.6,592140
2773.7,592141
2773.8,592143
2773.9,592144
2774,592145
2774.1,592146
2774.2,592148
2774.3,592149
2774.4,592151
2774.5,592152
2774.6,592153
2774.7,592155
2774.8,592156
2774.9,592158
2775,592159
2775.1,592160
2775.2,592161
2775.3,592163
2775.4,592164
2775.5,592165
2775.6,592167
2775.7,592168
2775.8,592169
2775.9,592170
2776,592172
2776.1,592173
2776.2,592175
2776.3,592176
2776.4,592177
2776.5,592178
2776.6,592180
2776.7,592181
2776.8,592183
2776.9,592184
2777,592185
2777.1,592186
2777.2,592188
2777.3,592189
2777.4,592190
2777.5,592192
2777.6,592193
2777.7,592194
2777.8,592195
2777.9,592197
2778,592198
2778.1,592200
2778.2,592201
2778.3,592202
2778.4,592203
2778.5,592205
2778.6,592206
2778.7,592208
2778.8,592209
2778.9,592210
2779,592211
2779.1,592212
2779.2,592214
2779.3,592216
2779.4,592217
2779.5,592218
2779.6,592219
2779.7,592220
2779.8,592222
2779.9,592223
2780,592225
2780.1,592226
2780.2,592227
2780.3,592228
2780.4,592230
2780.5,592231
2780.6,592233
2780.7,592234
2780.8,592235
2780.9,592236
2781,592238
2781.1,592239
2781.2,592241
2781.3,592242
2781.4,592243
2781.5,592244
2781.6,592245
2781.7,592247
2781.8,592248
2781.9,592250
2782,592251
2782.1,592252
2782.2,592253
2782.3,592255
2782.4,592256
2782.5,592258
2782.6,592259
2782.7,592260
2782.8,592261
2782.9,592262
2783,592264
2783.1,592265
2783.2,592267
2783.3,592268
2783.4,592269
2783.5,592270
2783.6,592272
2783.7,592273
2783.8,592274
2783.9,592276
2784,592277
2784.1,592278
2784.2,592280
2784.3,592281
2784.4,592282
2784.5,592284
2784.6,592285
2784.7,592286
2784.8,592288
2784.9,592289
2785,592290
2785.1,592292
2785.2,592293
2785.3,592294
2785.4,592295
2785.5,592297
2785.6,592298
2785.7,592299
2785.8,592300
2785.9,592301
2786,592303
2786.1,592305
2786.2,592305
2786.3,592307
2786.4,592308
2786.5,592309
2786.6,592311
2786.7,592312
2786.8,592314
2786.9,592315
2787,592316
2787.1,592317
2787.2,592319
2787.3,592320
2787.4,592321
2787.5,592323
2787.6,592324
2787.7,592325
2787.8,592326
2787.9,592328
2788,592329
2788.1,592330
2788.2,592332
2788.3,592333
2788.4,592334
2788.5,592336
2788.6,592337
2788.7,592338
2788.8,592339
2788.9,592340
2789,592342
2789.1,592343
2789.2,592345
2789.3,592346
2789.4,592347
2789.5,592348
2789.6,592349
2789.7,592351
2789.8,592352
2789.9,592354
2790,592355
2790.1,592356
2790.2,592358
2790.3,592359
2790.4,592360
2790.5,592361
2790.6,592363
2790.7,592364
2790.8,592365
2790.9,592367
2791,592368
2791.1,592369
2791.2,592370
2791.3,592372
2791.4,592373
2791.5,592374
2791.6,592376
2791.7,592377
2791.8,592378
2791.9,592379
2792,592381
2792.1,592382
2792.2,592383
2792.3,592385
2792.4,592386
2792.5,592387
2792.6,592388
2792.7,592389
2792.8,592391
2792.9,592392
2793,592394
2793.1,592395
2793.2,592396
2793.3,592397
2793.4,592399
2793.5,592400
2793.6,592402
2793.7,592403
2793.8,592404
2793.9,592405
2794,592407
2794.1,592408
2794.2,592410
2794.3,592411
2794.4,592412
2794.5,592413
2794.6,592414
2794.7,592416
2794.8,592417
2794.9,592419
2795,592420
2795.1,592421
2795.2,592422
2795.3,592423
2795.4,592425
2795.5,592426
2795.6,592427
2795.7,592429
2795.8,592430
2795.9,592431
2796,592433
2796.1,592433
2796.2,592435
2796.3,592436
2796.4,592437
2796.5,592439
2796.6,592440
2796.7,592442
2796.8,592443
2796.9,592444
2797,592445
2797.1,592446
2797.2,592448
2797.3,592449
2797.4,592450
2797.5,592452
2797.6,592453
2797.7,592454
2797.8,592455
2797.9,592457
2798,592458
2798.1,592459
2798.2,592461
2798.3,592462
2798.4,592463
2798.5,592465
2798.6,592466
2798.7,592467
2798.8,592468
2798.9,592470
2799,592471
2799.1,592472
2799.2,592473
2799.3,592474
2799.4,592476
2799.5,592477
2799.6,592478
2799.7,592480
2799.8,592481
2799.9,592482
2800,592483
2800.1,592484
2800.2,592486
2800.3,592487
2800.4,592489
2800.5,592490
2800.6,592491
2800.7,592492
2800.8,592494
2800.9,592495
2801,592497
2801.1,592498
2801.2,592499
2801.3,592500
2801.4,592501
2801.5,592503
2801.6,592504
2801.7,592505
2801.8,592507
2801.9,592508
2802,592509
2802.1,592511
2802.2,592512
2802.3,592513
2802.4,592514
2802.5,592515
2802.6,592517
2802.7,592518
2802.8,592519
2802.9,592520
2803,592521
2803.1,592523
2803.2,592524
2803.3,592525
2803.4,592527
2803.5,592528
2803.6,592529
2803.7,592531
2803.8,592532
2803.9,592533
2804,592535
2804.1,592536
2804.2,592537
2804.3,592539
2804.4,592540
2804.5,592541
2804.6,592542
2804.7,592544
2804.8,592545
2804.9,592546
2805,592548
2805.1,592549
2805.2,592550
2805.3,592551
2805.4,592553
2805.5,592554
2805.6,592555
2805.7,592556
2805.8,592557
2805.9,592559
2806,592560
2806.1,592561
2806.2,592563
2806.3,592564
2806.4,592565
2806.5,592567
2806.6,592568
2806.7,592569
2806.8,592570
2806.9,592571
2807,592573
2807.1,592574
2807.2,592576
2807.3,592576
2807.4,592578
2807.5,592579
2807.6,592580
2807.7,592582
2807.8,592583
2807.9,592584
2808,592585
2808.1,592587
2808.2,592588
2808.3,592589
2808.4,592591
2808.5,592592
2808.6,592593
2808.7,592595
2808.8,592596
2808.9,592597
2809,592599
2809.1,592600
2809.2,592601
2809.3,592602
2809.4,592603
2809.5,592605
2809.6,592606
2809.7,592607
2809.8,592608
2809.9,592610
2810,592611
2810.1,592612
2810.2,592614
2810.3,592615
2810.4,592616
2810.5,592617
2810.6,592618
2810.7,592620
2810.8,592621
2810.9,592623
2811,592624
2811.1,592625
2811.2,592626
2811.3,592628
2811.4,592629
2811.5,592630
2811.6,592631
2811.7,592633
2811.8,592634
2811.9,592635
2812,592637
2812.1,592638
2812.2,592639
2812.3,592640
2812.4,592642
2812.5,592643
2812.6,592644
2812.7,592645
2812.8,592647
2812.9,592648
2813,592649
2813.1,592650
2813.2,592652
2813.3,592653
2813.4,592654
2813.5,592655
2813.6,592657
2813.7,592658
2813.8,592659
2813.9,592660
2814,592662
2814.1,592663
2814.2,592664
2814.3,592665
2814.4,592667
2814.5,592668
2814.6,592669
2814.7,592670
2814.8,592671
2814.9,592672
2815,592674
2815.1,592675
2815.2,592677
2815.3,592678
2815.4,592679
2815.5,592680
2815.6,592682
2815.7,592683
2815.8,592684
2815.9,592685
2816,592686
2816.1,592688
2816.2,592689
2816.3,592690
2816.4,592692
2816.5,592693
2816.6,592694
2816.7,592695
2816.8,592697
2816.9,592698
2817,592699
2817.1,592700
2817.2,592702
2817.3,592703
2817.4,592704
2817.5,592706
2817.6,592707
2817.7,592708
2817.8,592709
2817.9,592710
2818,592711
2818.1,592713
2818.2,592714
2818.3,592715
2818.4,592716
2818.5,592718
2818.6,592719
2818.7,592720
2818.8,592721
2818.9,592723
2819,592724
2819.1,592725
2819.2,592726
2819.3,592728
2819.4,592729
2819.5,592731
2819.6,592732
2819.7,592733
2819.8,592734
2819.9,592735
2820,592737
2820.1,592738
2820.2,592739
2820.3,592740
2820.4,592741
2820.5,592743
2820.6,592744
2820.7,592745
2820.8,592747
2820.9,592748
2821,592749
2821.1,592750
2821.2,592752
2821.3,592753
2821.4,592754
2821.5,592755
2821.6,592756
2821.7,592758
2821.8,592759
2821.9,592760
2822,592761
2822.1,592763
2822.2,592764
2822.3,592765
2822.4,592766
2822.5,592768
2822.6,592769
2822.7,592770
2822.8,592771
2822.9,592772
2823,592774
2823.1,592775
2823.2,592776
2823.3,592778
2823.4,592779
2823.5,592780
2823.6,592781
2823.7,592782
2823.8,592784
2823.9,592785
2824,592786
2824.1,592787
2824.2,592789
2824.3,592790
2824.4,592791
2824.5,592792
2824.6,592794
2824.7,592795
2824.8,592796
2824.9,592798
2825,592799
2825.1,592800
2825.2,592801
2825.3,592802
2825.4,592803
2825.5,592805
2825.6,592806
2825.7,592807
2825.8,592808
2825.9,592810
2826,592811
2826.1,592812
2826.2,592814
2826.3,592815
2826.4,592816
2826.5,592817
2826.6,592818
2826.7,592819
2826.8,592821
2826.9,592822
2827,592823
2827.1,592824
2827.2,592825
2827.3,592826
2827.4,592828
2827.5,592829
2827.6,592830
2827.7,592831
2827.8,592833
2827.9,592834
2828,592835
2828.1,592837
2828.2,592838
2828.3,592839
2828.4,592840
2828.5,592841
2828.6,592843
2828.7,592844
2828.8,592845
2828.9,592847
2829,592848
2829.1,592849
2829.2,592850
2829.3,592852
2829.4,592853
2829.5,592854
2829.6,592855
2829.7,592856
2829.8,592858
2829.9,592859
2830,592860
2830.1,592861
2830.2,592862
2830.3,592864
2830.4,592865
2830.5,592866
2830.6,592867
2830.7,592869
2830.8,592869
2830.9,592871
2831,592872
2831.1,592874
2831.2,592875
2831.3,592876
2831.4,592877
2831.5,592879
2831.6,592880
2831.7,592881
2831.8,592882
2831.9,592883
2832,592885
2832.1,592886
2832.2,592887
2832.3,592888
2832.4,592890
2832.5,592891
2832.6,592892
2832.7,592893
2832.8,592895
2832.9,592896
2833,592897
2833.1,592898
2833.2,592900
2833.3,592901
2833.4,592902
2833.5,592904
2833.6,592905
2833.7,592906
2833.8,592907
2833.9,592908
2834,592909
2834.1,592911
2834.2,592912
2834.3,592913
2834.4,592914
2834.5,592915
2834.6,592916
2834.7,592918
2834.8,592919
2834.9,592920
2835,592921
2835.1,592922
2835.2,592924
2835.3,592925
2835.4,592926
2835.5,592927
2835.6,592929
2835.7,592930
2835.8,592931
2835.9,592932
2836,592933
2836.1,592935
2836.2,592936
2836.3,592937
2836.4,592938
2836.5,592940
2836.6,592941
2836.7,592942
2836.8,592944
2836.9,592944
2837,592946
2837.1,592947
2837.2,592948
2837.3,592950
2837.4,592951
2837.5,592952
2837.6,592953
2837.7,592954
2837.8,592956
2837.9,592957
2838,592958
2838.1,592959
2838.2,592960
2838.3,592961
2838.4,592963
2838.5,592964
2838.6,592965
2838.7,592966
2838.8,592968
2838.9,592969
2839,592970
2839.1,592972
2839.2,592972
2839.3,592973
2839.4,592975
2839.5,592976
2839.6,592977
2839.7,592978
2839.8,592979
2839.9,592981
2840,592982
2840.1,592983
2840.2,592984
2840.3,592985
2840.4,592987
2840.5,592988
2840.6,592989
2840.7,592990
2840.8,592991
2840.9,592993
2841,592994
2841.1,592995
2841.2,592997
2841.3,592998
2841.4,592999
2841.5,593000
2841.6,593002
2841.7,593003
2841.8,593004
2841.9,593005
2842,593006
2842.1,593008
2842.2,593009
2842.3,593010
2842.4,593011
2842.5,593013
2842.6,593014
2842.7,593015
2842.8,593016
2842.9,593017
2843,593019
2843.1,593020
2843.2,593021
2843.3,593022
2843.4,593024
2843.5,593025
2843.6,593026
2843.7,593027
2843.8,593028
2843.9,593029
2844,593031
2844.1,593031
2844.2,593033
2844.3,593034
2844.4,593035
2844.5,593036
2844.6,593038
2844.7,593039
2844.8,593040
2844.9,593041
2845,593042
2845.1,593043
2845.2,593045
2845.3,593046
2845.4,593047
2845.5,593048
2845.6,593049
2845.7,593050
2845.8,593052
2845.9,593053
2846,593054
2846.1,593056
2846.2,593056
2846.3,593058
2846.4,593059
2846.5,593061
2846.6,593062
2846.7,593063
2846.8,593064
2846.9,593065
2847,593067
2847.1,593068
2847.2,593069
2847.3,593070
2847.4,593071
2847.5,593072
2847.6,593074
2847.7,593075
2847.8,593076
2847.9,593077
2848,593078
2848.1,593080
2848.2,593081
2848.3,593082
2848.4,593083
2848.5,593084
2848.6,593085
2848.7,593087
2848.8,593088
2848.9,593089
2849,593090
2849.1,593091
2849.2,593092
2849.3,593094
2849.4,593095
2849.5,593096
2849.6,593097
2849.7,593099
2849.8,593100
2849.9,593101
2850,593102
2850.1,593103
2850.2,593105
2850.3,593106
2850.4,593107
2850.5,593108
2850.6,593109
2850.7,593111
2850.8,593112
2850.9,593113
2851,593114
2851.1,593116
2851.2,593117
2851.3,593118
2851.4,593120
2851.5,593120
2851.6,593122
2851.7,593123
2851.8,593124
2851.9,593125
2852,593127
2852.1,593128
2852.2,593129
2852.3,593130
2852.4,593131
2852.5,593132
2852.6,593134
2852.7,593135
2852.8,593136
2852.9,593137
2853,593138
2853.1,593140
2853.2,593141
2853.3,593142
2853.4,593143
2853.5,593144
2853.6,593145
2853.7,593147
2853.8,593148
2853.9,593149
2854,593150
2854.1,593151
2854.2,593152
2854.3,593153
2854.4,593155
2854.5,593156
2854.6,593157
2854.7,593158
2854.8,593159
2854.9,593161
2855,593162
2855.1,593164
2855.2,593165
2855.3,593166
2855.4,593167
2855.5,593168
2855.6,593169
2855.7,593171
2855.8,593172
2855.9,593173
2856,593174
2856.1,593175
2856.2,593177
2856.3,593178
2856.4,593179
2856.5,593180
2856.6,593181
2856.7,593182
2856.8,593184
2856.9,593185
2857,593186
2857.1,593187
2857.2,593188
2857.3,593190
2857.4,593191
2857.5,593192
2857.6,593193
2857.7,593194
2857.8,593195
2857.9,593197
2858,593198
2858.1,593199
2858.2,593200
2858.3,593201
2858.4,593202
2858.5,593203
2858.6,593205
2858.7,593206
2858.8,593207
2858.9,593208
2859,593209
2859.1,593210
2859.2,593212
2859.3,593213
2859.4,593214
2859.5,593215
2859.6,593216
2859.7,593217
2859.8,593219
2859.9,593220
2860,593221
2860.1,593222
2860.2,593223
2860.3,593225
2860.4,593226
2860.5,593227
2860.6,593229
2860.7,593230
2860.8,593231
2860.9,593232
2861,593233
2861.1,593234
2861.2,593236
2861.3,593237
2861.4,593238
2861.5,593239
2861.6,593240
2861.7,593241
2861.8,593243
2861.9,593244
2862,593245
2862.1,593246
2862.2,593247
2862.3,593249
2862.4,593250
2862.5,593251
2862.6,593252
2862.7,593253
2862.8,593254
2862.9,593256
2863,593257
2863.1,593258
2863.2,593259
2863.3,593260
2863.4,593261
2863.5,593262
2863.6,593264
2863.7,593265
2863.8,593266
2863.9,593267
2864,593268
2864.1,593269
2864.2,593271
2864.3,593272
2864.4,593272
2864.5,593274
2864.6,593275
2864.7,593276
2864.8,593278
2864.9,593279
2865,593280
2865.1,593281
2865.2,593282
2865.3,593283
2865.4,593285
2865.5,593286
2865.6,593287
2865.7,593288
2865.8,593289
2865.9,593290
2866,593292
2866.1,593293
2866.2,593294
2866.3,593295
2866.4,593296
2866.5,593298
2866.6,593299
2866.7,593300
2866.8,593301
2866.9,593302
2867,593303
2867.1,593305
2867.2,593306
2867.3,593307
2867.4,593309
2867.5,593309
2867.6,593311
2867.7,593312
2867.8,593313
2867.9,593314
2868,593315
2868.1,593316
2868.2,593318
2868.3,593319
2868.4,593320
2868.5,593321
2868.6,593322
2868.7,593323
2868.8,593324
2868.9,593325
2869,593327
2869.1,593328
2869.2,593329
2869.3,593330
2869.4,593331
2869.5,593332
2869.6,593334
2869.7,593335
2869.8,593336
2869.9,593337
2870,593338
2870.1,593339
2870.2,593340
2870.3,593341
2870.4,593343
2870.5,593344
2870.6,593345
2870.7,593346
2870.8,593347
2870.9,593349
2871,593350
2871.1,593351
2871.2,593352
2871.3,593353
2871.4,593355
2871.5,593356
2871.6,593357
2871.7,593358
2871.8,593359
2871.9,593360
2872,593362
2872.1,593363
2872.2,593364
2872.3,593365
2872.4,593366
2872.5,593368
2872.6,593368
2872.7,593370
2872.8,593371
2872.9,593372
2873,593373
2873.1,593374
2873.2,593375
2873.3,593377
2873.4,593378
2873.5,593379
2873.6,593380
2873.7,593381
2873.8,593382
2873.9,593384
2874,593385
2874.1,593386
2874.2,593387
2874.3,593388
2874.4,593389
2874.5,593390
2874.6,593392
2874.7,593393
2874.8,593394
2874.9,593395
2875,593396
2875.1,593397
2875.2,593398
2875.3,593399
2875.4,593400
2875.5,593401
2875.6,593402
2875.7,593404
2875.8,593405
2875.9,593406
2876,593407
2876.1,593409
2876.2,593410
2876.3,593411
2876.4,593412
2876.5,593413
2876.6,593415
2876.7,593415
2876.8,593417
2876.9,593418
2877,593419
2877.1,593421
2877.2,593421
2877.3,593423
2877.4,593424
2877.5,593425
2877.6,593426
2877.7,593428
2877.8,593428
2877.9,593430
2878,593431
2878.1,593432
2878.2,593433
2878.3,593435
2878.4,593436
2878.5,593437
2878.6,593438
2878.7,593439
2878.8,593440
2878.9,593441
2879,593442
2879.1,593443
2879.2,593444
2879.3,593446
2879.4,593447
2879.5,593448
2879.6,593449
2879.7,593450
2879.8,593451
2879.9,593452
2880,593454
2880.1,593455
2880.2,593456
2880.3,593457
2880.4,593458
2880.5,593459
2880.6,593460
2880.7,593462
2880.8,593462
2880.9,593464
2881,593465
2881.1,593466
2881.2,593467
2881.3,593468
2881.4,593470
2881.5,593471
2881.6,593472
2881.7,593473
2881.8,593474
2881.9,593475
2882,593477
2882.1,593478
2882.2,593479
2882.3,593480
2882.4,593481
2882.5,593482
2882.6,593484
2882.7,593484
2882.8,593486
2882.9,593487
2883,593488
2883.1,593489
2883.2,593491
2883.3,593492
2883.4,593493
2883.5,593493
2883.6,593495
2883.7,593496
2883.8,593497
2883.9,593498
2884,593499
2884.1,593501
2884.2,593502
2884.3,593503
2884.4,593504
2884.5,593505
2884.6,593506
2884.7,593507
2884.8,593508
2884.9,593510
2885,593511
2885.1,593512
2885.2,593513
2885.3,593514
2885.4,593515
2885.5,593517
2885.6,593518
2885.7,593519
2885.8,593520
2885.9,593521
2886,593522
2886.1,593523
2886.2,593524
2886.3,593525
2886.4,593526
2886.5,593527
2886.6,593529
2886.7,593530
2886.8,593531
2886.9,593532
2887,593533
2887.1,593534
2887.2,593535
2887.3,593536
2887.4,593537
2887.5,593539
2887.6,593540
2887.7,593541
2887.8,593542
2887.9,593543
2888,593545
2888.1,593546
2888.2,593547
2888.3,593548
2888.4,593549
2888.5,593550
2888.6,593552
2888.7,593553
2888.8,593554
2888.9,593555
2889,593556
2889.1,593557
2889.2,593558
2889.3,593560
2889.4,593561
2889.5,593561
2889.6,593563
2889.7,593564
2889.8,593565
2889.9,593567
2890,593568
2890.1,593568
2890.2,593570
2890.3,593571
2890.4,593572
2890.5,593573
2890.6,593574
2890.7,593575
2890.8,593576
2890.9,593577
2891,593579
2891.1,593580
2891.2,593581
2891.3,593582
2891.4,593583
2891.5,593584
2891.6,593585
2891.7,593586
2891.8,593587
2891.9,593589
2892,593589
2892.1,593590
2892.2,593592
2892.3,593593
2892.4,593594
2892.5,593595
2892.6,593596
2892.7,593597
2892.8,593599
2892.9,593600
2893,593601
2893.1,593602
2893.2,593603
2893.3,593604
2893.4,593605
2893.5,593606
2893.6,593608
2893.7,593608
2893.8,593610
2893.9,593611
2894,593612
2894.1,593613
2894.2,593614
2894.3,593615
2894.4,593616
2894.5,593617
2894.6,593619
2894.7,593620
2894.8,593621
2894.9,593622
2895,593623
2895.1,593624
2895.2,593625
2895.3,593627
2895.4,593628
2895.5,593629
2895.6,593630
2895.7,593631
2895.8,593632
2895.9,593633
2896,593635
2896.1,593636
2896.2,593637
2896.3,593638
2896.4,593639
2896.5,593640
2896.6,593642
2896.7,593642
2896.8,593643
2896.9,593645
2897,593646
2897.1,593647
2897.2,593648
2897.3,593649
2897.4,593650
2897.5,593651
2897.6,593652
2897.7,593653
2897.8,593655
2897.9,593655
2898,593657
2898.1,593658
2898.2,593659
2898.3,593660
2898.4,593661
2898.5,593662
2898.6,593663
2898.7,593664
2898.8,593665
2898.9,593666
2899,593668
2899.1,593668
2899.2,593669
2899.3,593670
2899.4,593671
2899.5,593673
2899.6,593674
2899.7,593676
2899.8,593677
2899.9,593677
2900,593679
2900.1,593680
2900.2,593681
2900.3,593682
2900.4,593683
2900.5,593684
2900.6,593685
2900.7,593686
2900.8,593688
2900.9,593689
2901,593690
2901.1,593691
2901.2,593692
2901.3,593693
2901.4,593695
2901.5,593696
2901.6,593697
2901.7,593698
2901.8,593699
2901.9,593700
2902,593701
2902.1,593703
2902.2,593704
2902.3,593704
2902.4,593705
2902.5,593707
2902.6,593708
2902.7,593709
2902.8,593710
2902.9,593711
2903,593712
2903.1,593713
2903.2,593714
2903.3,593716
2903.4,593717
2903.5,593717
2903.6,593719
2903.7,593720
2903.8,593721
2903.9,593722
2904,593723
2904.1,593724
2904.2,593725
2904.3,593726
2904.4,593727
2904.5,593729
2904.6,593730
2904.7,593731
2904.8,593732
2904.9,593733
2905,593734
2905.1,593735
2905.2,593736
2905.3,593737
2905.4,593738
2905.5,593739
2905.6,593740
2905.7,593742
2905.8,593743
2905.9,593744
2906,593745
2906.1,593746
2906.2,593747
2906.3,593748
2906.4,593750
2906.5,593751
2906.6,593751
2906.7,593753
2906.8,593754
2906.9,593755
2907,593756
2907.1,593758
2907.2,593758
2907.3,593759
2907.4,593761
2907.5,593762
2907.6,593763
2907.7,593764
2907.8,593765
2907.9,593766
2908,593767
2908.1,593768
2908.2,593770
2908.3,593771
2908.4,593772
2908.5,593773
2908.6,593774
2908.7,593775
2908.8,593776
2908.9,593777
2909,593778
2909.1,593779
2909.2,593780
2909.3,593782
2909.4,593783
2909.5,593784
2909.6,593785
2909.7,593786
2909.8,593787
2909.9,593788
2910,593789
2910.1,593790
2910.2,593791
2910.3,593792
2910.4,593793
2910.5,593795
2910.6,593796
2910.7,593797
2910.8,593798
2910.9,593799
2911,593800
2911.1,593801
2911.2,593802
2911.3,593803
2911.4,593804
2911.5,593805
2911.6,593806
2911.7,593807
2911.8,593809
2911.9,593809
2912,593810
2912.1,593811
2912.2,593812
2912.3,593814
2912.4,593815
2912.5,593816
2912.6,593817
2912.7,593818
2912.8,593819
2912.9,593820
2913,593822
2913.1,593823
2913.2,593824
2913.3,593825
2913.4,593826
2913.5,593827
2913.6,593828
2913.7,593830
2913.8,593830
2913.9,593832
2914,593832
2914.1,593834
2914.2,593835
2914.3,593836
2914.4,593837
2914.5,593838
2914.6,593839
2914.7,593840
2914.8,593842
2914.9,593843
2915,593844
2915.1,593845
2915.2,593846
2915.3,593847
2915.4,593848
2915.5,593849
2915.6,593850
2915.7,593851
2915.8,593852
2915.9,593853
2916,593854
2916.1,593856
2916.2,593857
2916.3,593857
2916.4,593859
2916.5,593860
2916.6,593861
2916.7,593862
2916.8,593863
2916.9,593864
2917,593865
2917.1,593866
2917.2,593867
2917.3,593868
2917.4,593870
2917.5,593870
2917.6,593871
2917.7,593872
2917.8,593873
2917.9,593875
2918,593876
2918.1,593876
2918.2,593877
2918.3,593879
2918.4,593880
2918.5,593881
2918.6,593882
2918.7,593883
2918.8,593884
2918.9,593885
2919,593886
2919.1,593887
2919.2,593888
2919.3,593889
2919.4,593891
2919.5,593892
2919.6,593893
2919.7,593894
2919.8,593895
2919.9,593896
2920,593897
2920.1,593898
2920.2,593899
2920.3,593901
2920.4,593902
2920.5,593903
2920.6,593904
2920.7,593904
2920.8,593906
2920.9,593907
2921,593908
2921.1,593909
2921.2,593910
2921.3,593911
2921.4,593912
2921.5,593914
2921.6,593915
2921.7,593916
2921.8,593917
2921.9,593918
2922,593919
2922.1,593920
2922.2,593921
2922.3,593922
2922.4,593923
2922.5,593924
2922.6,593925
2922.7,593926
2922.8,593928
2922.9,593929
2923,593929
2923.1,593930
2923.2,593932
2923.3,593933
2923.4,593934
2923.5,593935
2923.6,593936
2923.7,593937
2923.8,593938
2923.9,593939
2924,593941
2924.1,593941
2924.2,593942
2924.3,593943
2924.4,593944
2924.5,593945
2924.6,593947
2924.7,593948
2924.8,593948
2924.9,593949
2925,593950
2925.1,593951
2925.2,593953
2925.3,593954
2925.4,593954
2925.5,593955
2925.6,593957
2925.7,593957
2925.8,593959
2925.9,593960
2926,593961
2926.1,593962
2926.2,593963
2926.3,593964
2926.4,593965
2926.5,593967
2926.6,593968
2926.7,593969
2926.8,593970
2926.9,593971
2927,593972
2927.1,593973
2927.2,593974
2927.3,593975
2927.4,593976
2927.5,593977
2927.6,593979
2927.7,593980
2927.8,593981
2927.9,593982
2928,593982
2928.1,593984
2928.2,593985
2928.3,593986
2928.4,593987
2928.5,593988
2928.6,593989
2928.7,593990
2928.8,593991
2928.9,593993
2929,593994
2929.1,593994
2929.2,593995
2929.3,593997
2929.4,593998
2929.5,593999
2929.6,594000
2929.7,594001
2929.8,594002
2929.9,594003
2930,594004
2930.1,594005
2930.2,594006
2930.3,594007
2930.4,594008
2930.5,594009
2930.6,594010
2930.7,594011
2930.8,594012
2930.9,594013
2931,594014
2931.1,594015
2931.2,594016
2931.3,594018
2931.4,594018
2931.5,594019
2931.6,594020
2931.7,594021
2931.8,594022
2931.9,594024
2932,594025
2932.1,594025
2932.2,594026
2932.3,594028
2932.4,594029
2932.5,594030
2932.6,594031
2932.7,594032
2932.8,594033
2932.9,594034
2933,594035
2933.1,594036
2933.2,594038
2933.3,594039
2933.4,594039
2933.5,594040
2933.6,594042
2933.7,594043
2933.8,594044
2933.9,594045
2934,594046
2934.1,594047
2934.2,594048
2934.3,594049
2934.4,594050
2934.5,594051
2934.6,594052
2934.7,594053
2934.8,594054
2934.9,594056
2935,594057
2935.1,594058
2935.2,594059
2935.3,594060
2935.4,594061
2935.5,594062
2935.6,594063
2935.7,594064
2935.8,594065
2935.9,594066
2936,594067
2936.1,594068
2936.2,594069
2936.3,594070
2936.4,594071
2936.5,594072
2936.6,594073
2936.7,594074
2936.8,594076
2936.9,594077
2937,594077
2937.1,594078
2937.2,594079
2937.3,594081
2937.4,594082
2937.5,594083
2937.6,594084
2937.7,594085
2937.8,594086
2937.9,594087
2938,594088
2938.1,594089
2938.2,594090
2938.3,594091
2938.4,594092
2938.5,594093
2938.6,594094
2938.7,594095
2938.8,594096
2938.9,594097
2939,594098
2939.1,594099
2939.2,594100
2939.3,594101
2939.4,594102
2939.5,594103
2939.6,594104
2939.7,594105
2939.8,594106
2939.9,594107
2940,594108
2940.1,594109
2940.2,594110
2940.3,594111
2940.4,594113
2940.5,594114
2940.6,594115
2940.7,594116
2940.8,594117
2940.9,594118
2941,594119
2941.1,594120
2941.2,594121
2941.3,594122
2941.4,594123
2941.5,594124
2941.6,594125
2941.7,594126
2941.8,594127
2941.9,594128
2942,594129
2942.1,594131
2942.2,594131
2942.3,594133
2942.4,594134
2942.5,594134
2942.6,594135
2942.7,594137
2942.8,594137
2942.9,594139
2943,594140
2943.1,594141
2943.2,594142
2943.3,594143
2943.4,594144
2943.5,594145
2943.6,594146
2943.7,594147
2943.8,594148
2943.9,594149
2944,594150
2944.1,594151
2944.2,594152
2944.3,594153
2944.4,594154
2944.5,594155
2944.6,594156
2944.7,594157
2944.8,594158
2944.9,594159
2945,594160
2945.1,594161
2945.2,594162
2945.3,594163
2945.4,594164
2945.5,594165
2945.6,594166
2945.7,594167
2945.8,594168
2945.9,594169
2946,594170
2946.1,594171
2946.2,594172
2946.3,594173
2946.4,594174
2946.5,594175
2946.6,594177
2946.7,594178
2946.8,594178
2946.9,594179
2947,594180
2947.1,594181
2947.2,594183
2947.3,594184
2947.4,594184
2947.5,594186
2947.6,594187
2947.7,594188
2947.8,594189
2947.9,594190
2948,594191
2948.1,594192
2948.2,594193
2948.3,594194
2948.4,594196
2948.5,594197
2948.6,594197
2948.7,594198
2948.8,594199
2948.9,594200
2949,594202
2949.1,594203
2949.2,594203
2949.3,594205
2949.4,594206
2949.5,594207
2949.6,594208
2949.7,594209
2949.8,594209
2949.9,594211
2950,594212
2950.1,594213
2950.2,594214
2950.3,594215
2950.4,594216
2950.5,594217
2950.6,594218
2950.7,594219
2950.8,594220
2950.9,594221
2951,594222
2951.1,594223
2951.2,594224
2951.3,594225
2951.4,594226
2951.5,594227
2951.6,594228
2951.7,594229
2951.8,594230
2951.9,594231
2952,594232
2952.1,594233
2952.2,594234
2952.3,594235
2952.4,594236
2952.5,594237
2952.6,594238
2952.7,594239
2952.8,594240
2952.9,594241
2953,594242
2953.1,594243
2953.2,594244
2953.3,594245
2953.4,594246
2953.5,594246
2953.6,594247
2953.7,594248
2953.8,594250
2953.9,594251
2954,594252
2954.1,594253
2954.2,594254
2954.3,594255
2954.4,594256
2954.5,594257
2954.6,594258
2954.7,594259
2954.8,594260
2954.9,594261
2955,594262
2955.1,594263
2955.2,594265
2955.3,594265
2955.4,594266
2955.5,594268
2955.6,594268
2955.7,594270
2955.8,594271
2955.9,594271
2956,594272
2956.1,594274
2956.2,594275
2956.3,594276
2956.4,594277
2956.5,594278
2956.6,594278
2956.7,594280
2956.8,594281
2956.9,594282
2957,594283
2957.1,594284
2957.2,594284
2957.3,594286
2957.4,594287
2957.5,594288
2957.6,594289
2957.7,594290
2957.8,594290
2957.9,594292
2958,594293
2958.1,594294
2958.2,594295
2958.3,594296
2958.4,594296
2958.5,594297
2958.6,594299
2958.7,594300
2958.8,594301
2958.9,594301
2959,594302
2959.1,594303
2959.2,594304
2959.3,594306
2959.4,594306
2959.5,594307
2959.6,594308
2959.7,594309
2959.8,594310
2959.9,594312
2960,594312
2960.1,594313
2960.2,594314
2960.3,594315
2960.4,594316
2960.5,594317
2960.6,594318
2960.7,594319
2960.8,594321
2960.9,594321
2961,594322
2961.1,594324
2961.2,594325
2961.3,594325
2961.4,594326
2961.5,594328
2961.6,594329
2961.7,594330
2961.8,594331
2961.9,594332
2962,594333
2962.1,594334
2962.2,594335
2962.3,594336
2962.4,594337
2962.5,594338
2962.6,594339
2962.7,594340
2962.8,594341
2962.9,594342
2963,594343
2963.1,594344
2963.2,594345
2963.3,594346
2963.4,594347
2963.5,594348
2963.6,594349
2963.7,594350
2963.8,594351
2963.9,594352
2964,594353
2964.1,594354
2964.2,594355
2964.3,594356
2964.4,594357
2964.5,594358
2964.6,594359
2964.7,594360
2964.8,594361
2964.9,594362
2965,594363
2965.1,594364
2965.2,594365
2965.3,594366
2965.4,594367
2965.5,594368
2965.6,594369
2965.7,594370
2965.8,594371
2965.9,594372
2966,594373
2966.1,594374
2966.2,594374
2966.3,594376
2966.4,594376
2966.5,594377
2966.6,594379
2966.7,594380
2966.8,594380
2966.9,594381
2967,594382
2967.1,594383
2967.2,594384
2967.3,594385
2967.4,594386
2967.5,594387
2967.6,594388
2967.7,594389
2967.8,594390
2967.9,594391
2968,594392
2968.1,594393
2968.2,594394
2968.3,594395
2968.4,594396
2968.5,594398
2968.6,594398
2968.7,594399
2968.8,594400
2968.9,594401
2969,594402
2969.1,594404
2969.2,594405
2969.3,594405
2969.4,594406
2969.5,594407
2969.6,594408
2969.7,594410
2969.8,594410
2969.9,594411
2970,594412
2970.1,594413
2970.2,594414
2970.3,594415
2970.4,594416
2970.5,594418
2970.6,594418
2970.7,594419
2970.8,594420
2970.9,594421
2971,594422
2971.1,594423
2971.2,594424
2971.3,594425
2971.4,594426
2971.5,594427
2971.6,594428
2971.7,594429
2971.8,594430
2971.9,594431
2972,594432
2972.1,594433
2972.2,594434
2972.3,594435
2972.4,594436
2972.5,594437
2972.6,594438
2972.7,594439
2972.8,594440
2972.9,594441
2973,594442
2973.1,594443
2973.2,594444
2973.3,594445
2973.4,594446
2973.5,594446
2973.6,594447
2973.7,594448
2973.8,594449
2973.9,594451
2974,594451
2974.1,594452
2974.2,594453
2974.3,594454
2974.4,594455
2974.5,594456
2974.6,594457
2974.7,594458
2974.8,594458
2974.9,594460
2975,594461
2975.1,594462
2975.2,594463
2975.3,594464
2975.4,594464
2975.5,594466
2975.6,594467
2975.7,594467
2975.8,594469
2975.9,594470
2976,594471
2976.1,594472
2976.2,594473
2976.3,594474
2976.4,594475
2976.5,594476
2976.6,594477
2976.7,594478
2976.8,594478
2976.9,594480
2977,594481
2977.1,594482
2977.2,594483
2977.3,594483
2977.4,594485
2977.5,594485
2977.6,594487
2977.7,594488
2977.8,594488
2977.9,594489
2978,594490
2978.1,594491
2978.2,594492
2978.3,594493
2978.4,594494
2978.5,594495
2978.6,594496
2978.7,594497
2978.8,594499
2978.9,594499
2979,594500
2979.1,594501
2979.2,594502
2979.3,594503
2979.4,594504
2979.5,594505
2979.6,594505
2979.7,594507
2979.8,594508
2979.9,594509
2980,594510
2980.1,594511
2980.2,594511
2980.3,594512
2980.4,594513
2980.5,594514
2980.6,594515
2980.7,594516
2980.8,594517
2980.9,594518
2981,594519
2981.1,594520
2981.2,594521
2981.3,594522
2981.4,594522
2981.5,594523
2981.6,594524
2981.7,594525
2981.8,594527
2981.9,594528
2982,594529
2982.1,594530
2982.2,594530
2982.3,594531
2982.4,594533
2982.5,594534
2982.6,594535
2982.7,594536
2982.8,594536
2982.9,594537
2983,594538
2983.1,594539
2983.2,594540
2983.3,594541
2983.4,594542
2983.5,594543
2983.6,594544
2983.7,594545
2983.8,594546
2983.9,594547
2984,594548
2984.1,594549
2984.2,594550
2984.3,594551
2984.4,594552
2984.5,594553
2984.6,594554
2984.7,594555
2984.8,594556
2984.9,594557
2985,594558
2985.1,594559
2985.2,594560
2985.3,594561
2985.4,594562
2985.5,594563
2985.6,594564
2985.7,594564
2985.8,594565
2985.9,594566
2986,594567
2986.1,594569
2986.2,594569
2986.3,594570
2986.4,594571
2986.5,594572
2986.6,594573
2986.7,594574
2986.8,594575
2986.9,594576
2987,594576
2987.1,594578
2987.2,594579
2987.3,594579
2987.4,594580
2987.5,594581
2987.6,594582
2987.7,594583
2987.8,594584
2987.9,594585
2988,594586
2988.1,594587
2988.2,594588
2988.3,594589
2988.4,594589
2988.5,594591
2988.6,594592
2988.7,594592
2988.8,594594
2988.9,594595
2989,594595
2989.1,594597
2989.2,594598
2989.3,594599
2989.4,594599
2989.5,594600
2989.6,594601
2989.7,594602
2989.8,594604
2989.9,594604
2990,594605
2990.1,594606
2990.2,594607
2990.3,594608
2990.4,594609
2990.5,594610
2990.6,594611
2990.7,594612
2990.8,594613
2990.9,594614
2991,594615
2991.1,594616
2991.2,594617
2991.3,594618
2991.4,594619
2991.5,594620
2991.6,594621
2991.7,594622
2991.8,594622
2991.9,594623
2992,594624
2992.1,594625
2992.2,594627
2992.3,594627
2992.4,594628
2992.5,594629
2992.6,594630
2992.7,594631
2992.8,594632
2992.9,594633
2993,594634
2993.1,594635
2993.2,594635
2993.3,594636
2993.4,594638
2993.5,594638
2993.6,594639
2993.7,594640
2993.8,594641
2993.9,594642
2994,594643
2994.1,594644
2994.2,594645
2994.3,594646
2994.4,594646
2994.5,594648
2994.6,594649
2994.7,594649
2994.8,594650
2994.9,594651
2995,594652
2995.1,594653
2995.2,594654
2995.3,594655
2995.4,594656
2995.5,594657
2995.6,594658
2995.7,594659
2995.8,594660
2995.9,594661
2996,594662
2996.1,594663
2996.2,594663
2996.3,594665
2996.4,594666
2996.5,594667
2996.6,594667
2996.7,594668
2996.8,594670
2996.9,594670
2997,594671
2997.1,594673
2997.2,594673
2997.3,594674
2997.4,594675
2997.5,594676
2997.6,594677
2997.7,594678
2997.8,594679
2997.9,594680
2998,594681
2998.1,594682
2998.2,594683
2998.3,594684
2998.4,594685
2998.5,594685
2998.6,594686
2998.7,594687
2998.8,594688
2998.9,594690
2999,594690
2999.1,594691
2999.2,594692
2999.3,594693
2999.4,594694
2999.5,594695
2999.6,594696
2999.7,594697
2999.8,594697
2999.9,594698
3000,594699
3000.1,594701
3000.2,594701
3000.3,594702
3000.4,594703
3000.5,594704
3000.6,594705
3000.7,594706
3000.8,594707
3000.9,594707
3001,594708
3001.1,594709
3001.2,594710
3001.3,594711
3001.4,594712
3001.5,594713
3001.6,594713
3001.7,594714
3001.8,594715
3001.9,594716
3002,594718
3002.1,594718
3002.2,594719
3002.3,594720
3002.4,594721
3002.5,594722
3002.6,594723
3002.7,594724
3002.8,594725
3002.9,594726
3003,594727
3003.1,594728
3003.2,594729
3003.3,594730
3003.4,594731
3003.5,594732
3003.6,594732
3003.7,594734
3003.8,594735
3003.9,594735
3004,594736
3004.1,594737
3004.2,594738
3004.3,594739
3004.4,594740
3004.5,594741
3004.6,594742
3004.7,594743
3004.8,594744
3004.9,594745
3005,594746
3005.1,594747
3005.2,594747
3005.3,594748
3005.4,594749
3005.5,594750
3005.6,594751
3005.7,594752
3005.8,594753
3005.9,594754
3006,594755
3006.1,594756
3006.2,594757
3006.3,594757
3006.4,594758
3006.5,594759
3006.6,594760
3006.7,594761
3006.8,594762
3006.9,594763
3007,594764
3007.1,594765
3007.2,594766
3007.3,594766
3007.4,594768
3007.5,594768
3007.6,594769
3007.7,594770
3007.8,594771
3007.9,594772
3008,594773
3008.1,594774
3008.2,594774
3008.3,594775
3008.4,594776
3008.5,594777
3008.6,594778
3008.7,594779
3008.8,594780
3008.9,594781
3009,594782
3009.1,594782
3009.2,594784
3009.3,594785
3009.4,594786
3009.5,594786
3009.6,594787
3009.7,594788
3009.8,594789
3009.9,594791
3010,594791
3010.1,594792
3010.2,594793
3010.3,594794
3010.4,594795
3010.5,594796
3010.6,594797
3010.7,594798
3010.8,594798
3010.9,594799
3011,594800
3011.1,594802
3011.2,594802
3011.3,594803
3011.4,594804
3011.5,594805
3011.6,594806
3011.7,594807
3011.8,594807
3011.9,594809
3012,594809
3012.1,594810
3012.2,594811
3012.3,594812
3012.4,594813
3012.5,594814
3012.6,594815
3012.7,594816
3012.8,594816
3012.9,594818
3013,594818
3013.1,594819
3013.2,594820
3013.3,594821
3013.4,594822
3013.5,594823
3013.6,594824
3013.7,594825
3013.8,594825
3013.9,594826
3014,594827
3014.1,594828
3014.2,594829
3014.3,594830
3014.4,594831
3014.5,594831
3014.6,594832
3014.7,594833
3014.8,594834
3014.9,594835
3015,594836
3015.1,594837
3015.2,594838
3015.3,594839
3015.4,594840
3015.5,594841
3015.6,594842
3015.7,594842
3015.8,594844
3015.9,594844
3016,594846
3016.1,594847
3016.2,594847
3016.3,594848
3016.4,594849
3016.5,594850
3016.6,594851
3016.7,594852
3016.8,594853
3016.9,594853
3017,594854
3017.1,594856
3017.2,594856
3017.3,594857
3017.4,594858
3017.5,594859
3017.6,594860
3017.7,594861
3017.8,594862
3017.9,594862
3018,594863
3018.1,594864
3018.2,594865
3018.3,594866
3018.4,594867
3018.5,594868
3018.6,594869
3018.7,594870
3018.8,594870
3018.9,594872
3019,594872
3019.1,594873
3019.2,594874
3019.3,594875
3019.4,594876
3019.5,594877
3019.6,594878
3019.7,594878
3019.8,594879
3019.9,594880
3020,594881
3020.1,594882
3020.2,594883
3020.3,594884
3020.4,594884
3020.5,594885
3020.6,594886
3020.7,594887
3020.8,594888
3020.9,594889
3021,594890
3021.1,594890
3021.2,594892
3021.3,594892
3021.4,594894
3021.5,594895
3021.6,594896
3021.7,594896
3021.8,594897
3021.9,594898
3022,594899
3022.1,594900
3022.2,594901
3022.3,594902
3022.4,594903
3022.5,594903
3022.6,594904
3022.7,594906
3022.8,594906
3022.9,594907
3023,594908
3023.1,594909
3023.2,594910
3023.3,594911
3023.4,594912
3023.5,594912
3023.6,594913
3023.7,594914
3023.8,594915
3023.9,594916
3024,594917
3024.1,594918
3024.2,594919
3024.3,594919
3024.4,594920
3024.5,594922
3024.6,594922
3024.7,594923
3024.8,594924
3024.9,594925
3025,594925
3025.1,594927
3025.2,594927
3025.3,594928
3025.4,594929
3025.5,594930
3025.6,594931
3025.7,594932
3025.8,594932
3025.9,594933
3026,594934
3026.1,594935
3026.2,594936
3026.3,594937
3026.4,594937
3026.5,594938
3026.6,594939
3026.7,594940
3026.8,594941
3026.9,594942
3027,594943
3027.1,594943
3027.2,594945
3027.3,594946
3027.4,594946
3027.5,594947
3027.6,594948
3027.7,594949
3027.8,594950
3027.9,594951
3028,594952
3028.1,594953
3028.2,594954
3028.3,594955
3028.4,594955
3028.5,594956
3028.6,594957
3028.7,594958
3028.8,594959
3028.9,594960
3029,594961
3029.1,594962
3029.2,594962
3029.3,594963
3029.4,594965
3029.5,594965
3029.6,594966
3029.7,594967
3029.8,594968
3029.9,594969
3030,594970
3030.1,594970
3030.2,594971
3030.3,594972
3030.4,594973
3030.5,594974
3030.6,594975
3030.7,594975
3030.8,594976
3030.9,594977
3031,594978
3031.1,594979
3031.2,594980
3031.3,594981
3031.4,594981
3031.5,594982
3031.6,594983
3031.7,594984
3031.8,594985
3031.9,594986
3032,594987
3032.1,594987
3032.2,594988
3032.3,594989
3032.4,594990
3032.5,594991
3032.6,594992
3032.7,594993
3032.8,594993
3032.9,594994
3033,594995
3033.1,594997
3033.2,594997
3033.3,594998
3033.4,594999
3033.5,595000
3033.6,595001
3033.7,595002
3033.8,595002
3033.9,595003
3034,595004
3034.1,595005
3034.2,595006
3034.3,595007
3034.4,595008
3034.5,595009
3034.6,595009
3034.7,595010
3034.8,595011
3034.9,595012
3035,595013
3035.1,595014
3035.2,595015
3035.3,595016
3035.4,595017
3035.5,595018
3035.6,595018
3035.7,595019
3035.8,595020
3035.9,595021
3036,595022
3036.1,595023
3036.2,595024
3036.3,595024
3036.4,595025
3036.5,595026
3036.6,595027
3036.7,595028
3036.8,595028
3036.9,595029
3037,595030
3037.1,595031
3037.2,595032
3037.3,595033
3037.4,595033
3037.5,595034
3037.6,595035
3037.7,595036
3037.8,595037
3037.9,595038
3038,595038
3038.1,595039
3038.2,595040
3038.3,595040
3038.4,595042
3038.5,595043
3038.6,595044
3038.7,595044
3038.8,595045
3038.9,595046
3039,595047
3039.1,595048
3039.2,595049
3039.3,595050
3039.4,595050
3039.5,595051
3039.6,595052
3039.7,595053
3039.8,595054
3039.9,595055
3040,595055
3040.1,595056
3040.2,595057
3040.3,595058
3040.4,595059
3040.5,595060
3040.6,595061
3040.7,595061
3040.8,595062
3040.9,595064
3041,595065
3041.1,595065
3041.2,595066
3041.3,595067
3041.4,595068
3041.5,595069
3041.6,595070
3041.7,595070
3041.8,595071
3041.9,595072
3042,595073
3042.1,595074
3042.2,595074
3042.3,595075
3042.4,595076
3042.5,595077
3042.6,595077
3042.7,595079
3042.8,595080
3042.9,595080
3043,595081
3043.1,595082
3043.2,595082
3043.3,595083
3043.4,595084
3043.5,595085
3043.6,595086
3043.7,595086
3043.8,595087
3043.9,595088
3044,595089
3044.1,595090
3044.2,595091
3044.3,595092
3044.4,595093
3044.5,595093
3044.6,595094
3044.7,595096
3044.8,595096
3044.9,595097
3045,595098
3045.1,595099
3045.2,595099
3045.3,595101
3045.4,595101
3045.5,595102
3045.6,595103
3045.7,595104
3045.8,595105
3045.9,595106
3046,595106
3046.1,595107
3046.2,595108
3046.3,595109
3046.4,595110
3046.5,595111
3046.6,595111
3046.7,595112
3046.8,595113
3046.9,595114
3047,595115
3047.1,595116
3047.2,595117
3047.3,595117
3047.4,595118
3047.5,595119
3047.6,595120
3047.7,595120
3047.8,595121
3047.9,595122
3048,595123
3048.1,595124
3048.2,595124
3048.3,595125
3048.4,595126
3048.5,595127
3048.6,595127
3048.7,595128
3048.8,595130
3048.9,595130
3049,595131
3049.1,595132
3049.2,595133
3049.3,595134
3049.4,595135
3049.5,595136
3049.6,595136
3049.7,595137
3049.8,595138
3049.9,595139
3050,595140
3050.1,595141
3050.2,595142
3050.3,595142
3050.4,595143
3050.5,595144
3050.6,595145
3050.7,595146
3050.8,595147
3050.9,595147
3051,595148
3051.1,595149
3051.2,595150
3051.3,595151
3051.4,595152
3051.5,595152
3051.6,595153
3051.7,595154
3051.8,595155
3051.9,595156
3052,595157
3052.1,595158
3052.2,595158
3052.3,595159
3052.4,595160
3052.5,595161
3052.6,595162
3052.7,595162
3052.8,595163
3052.9,595164
3053,595165
3053.1,595165
3053.2,595167
3053.3,595167
3053.4,595168
3053.5,595168
3053.6,595170
3053.7,595170
3053.8,595171
3053.9,595172
3054,595173
3054.1,595173
3054.2,595174
3054.3,595175
3054.4,595176
3054.5,595177
3054.6,595178
3054.7,595178
3054.8,595180
3054.9,595180
3055,595181
3055.1,595182
3055.2,595183
3055.3,595183
3055.4,595184
3055.5,595185
3055.6,595186
3055.7,595187
3055.8,595188
3055.9,595189
3056,595189
3056.1,595190
3056.2,595191
3056.3,595192
3056.4,595193
3056.5,595194
3056.6,595194
3056.7,595195
3056.8,595196
3056.9,595197
3057,595198
3057.1,595198
3057.2,595199
3057.3,595200
3057.4,595201
3057.5,595202
3057.6,595202
3057.7,595203
3057.8,595204
3057.9,595205
3058,595206
3058.1,595207
3058.2,595208
3058.3,595208
3058.4,595209
3058.5,595210
3058.6,595211
3058.7,595211
3058.8,595212
3058.9,595213
3059,595214
3059.1,595214
3059.2,595215
3059.3,595216
3059.4,595217
3059.5,595218
3059.6,595219
3059.7,595219
3059.8,595220
3059.9,595221
3060,595222
3060.1,595223
3060.2,595223
3060.3,595224
3060.4,595225
3060.5,595226
3060.6,595227
3060.7,595228
3060.8,595229
3060.9,595229
3061,595230
3061.1,595231
3061.2,595232
3061.3,595233
3061.4,595233
3061.5,595234
3061.6,595235
3061.7,595236
3061.8,595237
3061.9,595238
3062,595238
3062.1,595239
3062.2,595240
3062.3,595241
3062.4,595242
3062.5,595242
3062.6,595243
3062.7,595244
3062.8,595245
3062.9,595246
3063,595247
3063.1,595247
3063.2,595248
3063.3,595248
3063.4,595249
3063.5,595250
3063.6,595251
3063.7,595252
3063.8,595252
3063.9,595253
3064,595254
3064.1,595255
3064.2,595256
3064.3,595257
3064.4,595257
3064.5,595258
3064.6,595259
3064.7,595260
3064.8,595261
3064.9,595262
3065,595263
3065.1,595263
3065.2,595264
3065.3,595265
3065.4,595266
3065.5,595267
3065.6,595267
3065.7,595268
3065.8,595269
3065.9,595270
3066,595270
3066.1,595272
3066.2,595272
3066.3,595273
3066.4,595274
3066.5,595275
3066.6,595276
3066.7,595276
3066.8,595277
3066.9,595278
3067,595279
3067.1,595279
3067.2,595280
3067.3,595281
3067.4,595282
3067.5,595282
3067.6,595283
3067.7,595284
3067.8,595285
3067.9,595286
3068,595287
3068.1,595287
3068.2,595288
3068.3,595288
3068.4,595289
3068.5,595291
3068.6,595291
3068.7,595292
3068.8,595292
3068.9,595293
3069,595294
3069.1,595295
3069.2,595296
3069.3,595297
3069.4,595297
3069.5,595298
3069.6,595299
3069.7,595300
3069.8,595301
3069.9,595301
3070,595302
3070.1,595303
3070.2,595304
3070.3,595305
3070.4,595306
3070.5,595306
3070.6,595307
3070.7,595308
3070.8,595309
3070.9,595310
3071,595310
3071.1,595311
3071.2,595312
3071.3,595313
3071.4,595313
3071.5,595314
3071.6,595315
3071.7,595316
3071.8,595317
3071.9,595317
3072,595318
3072.1,595319
3072.2,595320
3072.3,595320
3072.4,595321
3072.5,595322
3072.6,595323
3072.7,595324
3072.8,595325
3072.9,595325
3073,595326
3073.1,595326
3073.2,595327
3073.3,595328
3073.4,595329
3073.5,595330
3073.6,595331
3073.7,595332
3073.8,595332
3073.9,595333
3074,595334
3074.1,595335
3074.2,595335
3074.3,595336
3074.4,595337
3074.5,595338
3074.6,595339
3074.7,595340
3074.8,595340
3074.9,595341
3075,595342
3075.1,595343
3075.2,595343
3075.3,595344
3075.4,595345
3075.5,595346
3075.6,595347
3075.7,595347
3075.8,595348
3075.9,595349
3076,595350
3076.1,595350
3076.2,595351
3076.3,595352
3076.4,595353
3076.5,595354
3076.6,595354
3076.7,595355
3076.8,595356
3076.9,595357
3077,595357
3077.1,595358
3077.2,595359
3077.3,595360
3077.4,595360
3077.5,595361
3077.6,595362
3077.7,595363
3077.8,595364
3077.9,595365
3078,595365
3078.1,595366
3078.2,595367
3078.3,595368
3078.4,595369
3078.5,595369
3078.6,595370
3078.7,595371
3078.8,595372
3078.9,595372
3079,595373
3079.1,595374
3079.2,595375
3079.3,595375
3079.4,595376
3079.5,595377
3079.6,595378
3079.7,595379
3079.8,595379
3079.9,595380
3080,595381
3080.1,595382
3080.2,595383
3080.3,595384
3080.4,595384
3080.5,595385
3080.6,595386
3080.7,595387
3080.8,595388
3080.9,595388
3081,595389
3081.1,595389
3081.2,595390
3081.3,595391
3081.4,595392
3081.5,595393
3081.6,595393
3081.7,595394
3081.8,595394
3081.9,595395
3082,595397
3082.1,595397
3082.2,595397
3082.3,595398
3082.4,595399
3082.5,595400
3082.6,595401
3082.7,595402
3082.8,595403
3082.9,595403
3083,595404
3083.1,595405
3083.2,595406
3083.3,595406
3083.4,595407
3083.5,595408
3083.6,595409
3083.7,595409
3083.8,595410
3083.9,595411
3084,595412
3084.1,595413
3084.2,595413
3084.3,595414
3084.4,595415
3084.5,595416
3084.6,595416
3084.7,595417
3084.8,595418
3084.9,595419
3085,595419
3085.1,595420
3085.2,595421
3085.3,595422
3085.4,595422
3085.5,595423
3085.6,595424
3085.7,595425
3085.8,595425
3085.9,595426
3086,595427
3086.1,595428
3086.2,595428
3086.3,595429
3086.4,595430
3086.5,595431
3086.6,595431
3086.7,595432
3086.8,595433
3086.9,595434
3087,595435
3087.1,595436
3087.2,595436
3087.3,595437
3087.4,595438
3087.5,595439
3087.6,595440
3087.7,595440
3087.8,595441
3087.9,595442
3088,595442
3088.1,595443
3088.2,595444
3088.3,595445
3088.4,595446
3088.5,595446
3088.6,595447
3088.7,595448
3088.8,595449
3088.9,595449
3089,595450
3089.1,595451
3089.2,595451
3089.3,595452
3089.4,595453
3089.5,595454
3089.6,595454
3089.7,595455
3089.8,595456
3089.9,595457
3090,595458
3090.1,595458
3090.2,595459
3090.3,595459
3090.4,595460
3090.5,595461
3090.6,595462
3090.7,595463
3090.8,595463
3090.9,595464
3091,595465
3091.1,595466
3091.2,595466
3091.3,595468
3091.4,595468
3091.5,595469
3091.6,595470
3091.7,595470
3091.8,595471
3091.9,595472
3092,595473
3092.1,595474
3092.2,595474
3092.3,595475
3092.4,595476
3092.5,595477
3092.6,595478
3092.7,595478
3092.8,595478
3092.9,595479
3093,595480
3093.1,595481
3093.2,595482
3093.3,595482
3093.4,595483
3093.5,595484
3093.6,595485
3093.7,595485
3093.8,595486
3093.9,595487
3094,595487
3094.1,595488
3094.2,595489
3094.3,595490
3094.4,595490
3094.5,595491
3094.6,595492
3094.7,595492
3094.8,595493
3094.9,595494
3095,595495
3095.1,595496
3095.2,595496
3095.3,595497
3095.4,595498
3095.5,595499
3095.6,595500
3095.7,595500
3095.8,595501
3095.9,595502
3096,595503
3096.1,595503
3096.2,595504
3096.3,595505
3096.4,595506
3096.5,595506
3096.6,595507
3096.7,595508
3096.8,595509
3096.9,595509
3097,595510
3097.1,595511
3097.2,595511
3097.3,595512
3097.4,595513
3097.5,595514
3097.6,595514
3097.7,595515
3097.8,595516
3097.9,595517
3098,595518
3098.1,595518
3098.2,595518
3098.3,595519
3098.4,595520
3098.5,595521
3098.6,595521
3098.7,595523
3098.8,595523
3098.9,595524
3099,595524
3099.1,595525
3099.2,595526
3099.3,595527
3099.4,595528
3099.5,595528
3099.6,595529
3099.7,595530
3099.8,595531
3099.9,595531
3100,595532
3100.1,595533
3100.2,595534
3100.3,595534
3100.4,595535
3100.5,595536
3100.6,595537
3100.7,595537
3100.8,595538
3100.9,595539
3101,595540
3101.1,595540
3101.2,595541
3101.3,595541
3101.4,595542
3101.5,595543
3101.6,595544
3101.7,595545
3101.8,595545
3101.9,595546
3102,595546
3102.1,595547
3102.2,595548
3102.3,595549
3102.4,595550
3102.5,595550
3102.6,595551
3102.7,595552
3102.8,595553
3102.9,595553
3103,595554
3103.1,595555
3103.2,595556
3103.3,595556
3103.4,595557
3103.5,595558
3103.6,595559
3103.7,595559
3103.8,595560
3103.9,595561
3104,595562
3104.1,595562
3104.2,595563
3104.3,595564
3104.4,595564
3104.5,595565
3104.6,595566
3104.7,595567
3104.8,595568
3104.9,595568
3105,595569
3105.1,595569
3105.2,595570
3105.3,595571
3105.4,595572
3105.5,595572
3105.6,595573
3105.7,595574
3105.8,595574
3105.9,595575
3106,595576
3106.1,595577
3106.2,595577
3106.3,595578
3106.4,595579
3106.5,595580
3106.6,595580
3106.7,595581
3106.8,595582
3106.9,595583
3107,595583
3107.1,595584
3107.2,595585
3107.3,595586
3107.4,595586
3107.5,595587
3107.6,595588
3107.7,595588
3107.8,595589
3107.9,595590
3108,595591
3108.1,595591
3108.2,595592
3108.3,595593
3108.4,595593
3108.5,595595
3108.6,595595
3108.7,595596
3108.8,595596
3108.9,595597
3109,595598
3109.1,595599
3109.2,595599
3109.3,595599
3109.4,595600
3109.5,595601
3109.6,595602
3109.7,595602
3109.8,595604
3109.9,595604
3110,595605
3110.1,595606
3110.2,595606
3110.3,595607
3110.4,595608
3110.5,595609
3110.6,595609
3110.7,595610
3110.8,595611
3110.9,595611
3111,595612
3111.1,595613
3111.2,595614
3111.3,595614
3111.4,595615
3111.5,595616
3111.6,595617
3111.7,595618
3111.8,595618
3111.9,595618
3112,595619
3112.1,595620
3112.2,595621
3112.3,595621
3112.4,595622
3112.5,595623
3112.6,595624
3112.7,595624
3112.8,595625
3112.9,595626
3113,595626
3113.1,595627
3113.2,595628
3113.3,595628
3113.4,595629
3113.5,595630
3113.6,595631
3113.7,595631
3113.8,595632
3113.9,595633
3114,595633
3114.1,595635
3114.2,595635
3114.3,595636
3114.4,595636
3114.5,595637
3114.6,595638
3114.7,595639
3114.8,595639
3114.9,595640
3115,595641
3115.1,595641
3115.2,595642
3115.3,595643
3115.4,595643
3115.5,595644
3115.6,595645
3115.7,595646
3115.8,595646
3115.9,595647
3116,595648
3116.1,595648
3116.2,595649
3116.3,595650
3116.4,595650
3116.5,595651
3116.6,595652
3116.7,595652
3116.8,595653
3116.9,595654
3117,595654
3117.1,595655
3117.2,595656
3117.3,595657
3117.4,595657
3117.5,595658
3117.6,595658
3117.7,595659
3117.8,595661
3117.9,595661
3118,595661
3118.1,595662
3118.2,595663
3118.3,595664
3118.4,595664
3118.5,595665
3118.6,595666
3118.7,595666
3118.8,595667
3118.9,595668
3119,595669
3119.1,595669
3119.2,595670
3119.3,595670
3119.4,595671
3119.5,595672
3119.6,595673
3119.7,595673
3119.8,595674
3119.9,595674
3120,595675
3120.1,595676
3120.2,595677
3120.3,595678
3120.4,595678
3120.5,595679
3120.6,595680
3120.7,595680
3120.8,595681
3120.9,595682
3121,595683
3121.1,595683
3121.2,595684
3121.3,595685
3121.4,595686
3121.5,595686
3121.6,595687
3121.7,595687
3121.8,595688
3121.9,595689
3122,595689
3122.1,595691
3122.2,595691
3122.3,595692
3122.4,595692
3122.5,595693
3122.6,595694
3122.7,595695
3122.8,595695
3122.9,595696
3123,595696
3123.1,595697
3123.2,595698
3123.3,595698
3123.4,595699
3123.5,595699
3123.6,595700
3123.7,595701
3123.8,595702
3123.9,595702
3124,595703
3124.1,595704
3124.2,595705
3124.3,595705
3124.4,595706
3124.5,595707
3124.6,595708
3124.7,595708
3124.8,595709
3124.9,595709
3125,595710
3125.1,595711
3125.2,595711
3125.3,595712
3125.4,595713
3125.5,595713
3125.6,595714
3125.7,595715
3125.8,595716
3125.9,595716
3126,595717
3126.1,595717
3126.2,595718
3126.3,595719
3126.4,595720
3126.5,595720
3126.6,595721
3126.7,595721
3126.8,595722
3126.9,595723
3127,595723
3127.1,595724
3127.2,595725
3127.3,595725
3127.4,595726
3127.5,595727
3127.6,595728
3127.7,595729
3127.8,595729
3127.9,595730
3128,595730
3128.1,595731
3128.2,595732
3128.3,595733
3128.4,595733
3128.5,595734
3128.6,595734
3128.7,595735
3128.8,595736
3128.9,595737
3129,595737
3129.1,595738
3129.2,595738
3129.3,595739
3129.4,595740
3129.5,595741
3129.6,595741
3129.7,595742
3129.8,595742
3129.9,595743
3130,595744
3130.1,595745
3130.2,595745
3130.3,595746
3130.4,595746
3130.5,595747
3130.6,595748
3130.7,595749
3130.8,595750
3130.9,595750
3131,595751
3131.1,595751
3131.2,595752
3131.3,595753
3131.4,595754
3131.5,595754
3131.6,595755
3131.7,595756
3131.8,595756
3131.9,595757
3132,595758
3132.1,595758
3132.2,595759
3132.3,595760
3132.4,595760
3132.5,595761
3132.6,595761
3132.7,595762
3132.8,595763
3132.9,595763
3133,595764
3133.1,595765
3133.2,595765
3133.3,595767
3133.4,595767
3133.5,595767
3133.6,595768
3133.7,595769
3133.8,595770
3133.9,595770
3134,595771
3134.1,595772
3134.2,595772
3134.3,595773
3134.4,595774
3134.5,595774
3134.6,595775
3134.7,595776
3134.8,595776
3134.9,595777
3135,595778
3135.1,595779
3135.2,595779
3135.3,595779
3135.4,595780
3135.5,595781
3135.6,595782
3135.7,595782
3135.8,595783
3135.9,595783
3136,595784
3136.1,595785
3136.2,595785
3136.3,595786
3136.4,595787
3136.5,595788
3136.6,595788
3136.7,595789
3136.8,595789
3136.9,595790
3137,595791
3137.1,595792
3137.2,595792
3137.3,595793
3137.4,595794
3137.5,595795
3137.6,595795
3137.7,595796
3137.8,595796
3137.9,595797
3138,595798
3138.1,595798
3138.2,595799
3138.3,595800
3138.4,595800
3138.5,595801
3138.6,595801
3138.7,595802
3138.8,595803
3138.9,595804
3139,595804
3139.1,595804
3139.2,595805
3139.3,595806
3139.4,595807
3139.5,595808
3139.6,595808
3139.7,595809
3139.8,595809
3139.9,595810
3140,595811
3140.1,595812
3140.2,595812
3140.3,595813
3140.4,595813
3140.5,595814
3140.6,595815
3140.7,595816
3140.8,595816
3140.9,595816
3141,595817
3141.1,595818
3141.2,595819
3141.3,595820
3141.4,595820
3141.5,595820
3141.6,595821
3141.7,595822
3141.8,595823
3141.9,595823
3142,595824
3142.1,595824
3142.2,595825
3142.3,595826
3142.4,595826
3142.5,595827
3142.6,595828
3142.7,595828
3142.8,595829
3142.9,595829
3143,595830
3143.1,595831
3143.2,595832
3143.3,595832
3143.4,595833
3143.5,595834
3143.6,595834
3143.7,595835
3143.8,595836
3143.9,595836
3144,595837
3144.1,595837
3144.2,595838
3144.3,595839
3144.4,595840
3144.5,595840
3144.6,595841
3144.7,595841
3144.8,595842
3144.9,595843
3145,595843
3145.1,595844
3145.2,595845
3145.3,595845
3145.4,595846
3145.5,595847
3145.6,595847
3145.7,595848
3145.8,595848
3145.9,595849
3146,595850
3146.1,595851
3146.2,595851
3146.3,595852
3146.4,595853
3146.5,595853
3146.6,595854
3146.7,595854
3146.8,595855
3146.9,595856
3147,595856
3147.1,595857
3147.2,595857
3147.3,595858
3147.4,595859
3147.5,595860
3147.6,595860
3147.7,595861
3147.8,595861
3147.9,595862
3148,595863
3148.1,595863
3148.2,595864
3148.3,595865
3148.4,595865
3148.5,595866
3148.6,595866
3148.7,595867
3148.8,595868
3148.9,595869
3149,595869
3149.1,595870
3149.2,595870
3149.3,595871
3149.4,595872
3149.5,595872
3149.6,595873
3149.7,595873
3149.8,595874
3149.9,595875
3150,595876
3150.1,595876
3150.2,595877
3150.3,595877
3150.4,595878
3150.5,595879
3150.6,595879
3150.7,595880
3150.8,595880
3150.9,595881
3151,595881
3151.1,595882
3151.2,595883
3151.3,595884
3151.4,595884
3151.5,595885
3151.6,595885
3151.7,595886
3151.8,595887
3151.9,595888
3152,595888
3152.1,595888
3152.2,595889
3152.3,595890
3152.4,595891
3152.5,595891
3152.6,595892
3152.7,595892
3152.8,595893
3152.9,595894
3153,595894
3153.1,595895
3153.2,595896
3153.3,595896
3153.4,595896
3153.5,595897
3153.6,595898
3153.7,595899
3153.8,595899
3153.9,595900
3154,595900
3154.1,595901
3154.2,595902
3154.3,595903
3154.4,595903
3154.5,595904
3154.6,595904
3154.7,595905
3154.8,595906
3154.9,595906
3155,595907
3155.1,595908
3155.2,595908
3155.3,595909
3155.4,595909
3155.5,595910
3155.6,595911
3155.7,595911
3155.8,595912
3155.9,595912
3156,595913
3156.1,595913
3156.2,595914
3156.3,595915
3156.4,595916
3156.5,595916
3156.6,595917
3156.7,595918
3156.8,595918
3156.9,595919
3157,595920
3157.1,595920
3157.2,595921
3157.3,595921
3157.4,595922
3157.5,595923
3157.6,595923
3157.7,595924
3157.8,595924
3157.9,595925
3158,595926
3158.1,595927
3158.2,595927
3158.3,595928
3158.4,595928
3158.5,595929
3158.6,595929
3158.7,595930
3158.8,595931
3158.9,595931
3159,595931
3159.1,595932
3159.2,595933
3159.3,595934
3159.4,595934
3159.5,595935
3159.6,595935
3159.7,595936
3159.8,595937
3159.9,595938
3160,595938
3160.1,595939
3160.2,595939
3160.3,595940
3160.4,595940
3160.5,595941
3160.6,595942
3160.7,595942
3160.8,595943
3160.9,595943
3161,595944
3161.1,595944
3161.2,595946
3161.3,595946
3161.4,595946
3161.5,595947
3161.6,595947
3161.7,595948
3161.8,595949
3161.9,595950
3162,595950
3162.1,595950
3162.2,595951
3162.3,595952
3162.4,595953
3162.5,595953
3162.6,595954
3162.7,595954
3162.8,595955
3162.9,595956
3163,595956
3163.1,595957
3163.2,595958
3163.3,595958
3163.4,595959
3163.5,595959
3163.6,595960
3163.7,595961
3163.8,595961
3163.9,595961
3164,595962
3164.1,595962
3164.2,595963
3164.3,595964
3164.4,595965
3164.5,595965
3164.6,595966
3164.7,595966
3164.8,595967
3164.9,595968
3165,595969
3165.1,595969
3165.2,595969
3165.3,595970
3165.4,595971
3165.5,595972
3165.6,595972
3165.7,595972
3165.8,595973
3165.9,595974
3166,595974
3166.1,595975
3166.2,595976
3166.3,595976
3166.4,595977
3166.5,595977
3166.6,595978
3166.7,595978
3166.8,595979
3166.9,595980
3167,595981
3167.1,595981
3167.2,595981
3167.3,595982
3167.4,595983
3167.5,595984
3167.6,595984
3167.7,595984
3167.8,595985
3167.9,595986
3168,595987
3168.1,595987
3168.2,595987
3168.3,595988
3168.4,595989
3168.5,595989
3168.6,595990
3168.7,595991
3168.8,595991
3168.9,595992
3169,595992
3169.1,595993
3169.2,595993
3169.3,595994
3169.4,595995
3169.5,595995
3169.6,595996
3169.7,595996
3169.8,595997
3169.9,595998
3170,595999
3170.1,595999
3170.2,596000
3170.3,596000
3170.4,596001
3170.5,596001
3170.6,596003
3170.7,596003
3170.8,596003
3170.9,596004
3171,596004
3171.1,596005
3171.2,596006
3171.3,596006
3171.4,596006
3171.5,596007
3171.6,596008
3171.7,596009
3171.8,596009
3171.9,596010
3172,596010
3172.1,596011
3172.2,596011
3172.3,596012
3172.4,596013
3172.5,596014
3172.6,596014
3172.7,596014
3172.8,596015
3172.9,596015
3173,596016
3173.1,596017
3173.2,596017
3173.3,596018
3173.4,596018
3173.5,596019
3173.6,596020
3173.7,596020
3173.8,596021
3173.9,596021
3174,596022
3174.1,596022
3174.2,596023
3174.3,596024
3174.4,596025
3174.5,596025
3174.6,596026
3174.7,596026
3174.8,596027
3174.9,596027
3175,596028
3175.1,596029
3175.2,596029
3175.3,596030
3175.4,596030
3175.5,596031
3175.6,596032
3175.7,596032
3175.8,596033
3175.9,596033
3176,596034
3176.1,596034
3176.2,596035
3176.3,596035
3176.4,596036
3176.5,596036
3176.6,596037
3176.7,596038
3176.8,596038
3176.9,596039
3177,596040
3177.1,596040
3177.2,596040
3177.3,596041
3177.4,596042
3177.5,596043
3177.6,596043
3177.7,596043
3177.8,596044
3177.9,596045
3178,596045
3178.1,596046
3178.2,596046
3178.3,596047
3178.4,596047
3178.5,596048
3178.6,596049
3178.7,596049
3178.8,596050
3178.9,596051
3179,596051
3179.1,596052
3179.2,596052
3179.3,596053
3179.4,596054
3179.5,596054
3179.6,596055
3179.7,596055
3179.8,596056
3179.9,596056
3180,596057
3180.1,596058
3180.2,596058
3180.3,596059
3180.4,596059
3180.5,596060
3180.6,596061
3180.7,596061
3180.8,596062
3180.9,596062
3181,596062
3181.1,596063
3181.2,596064
3181.3,596065
3181.4,596065
3181.5,596066
3181.6,596066
3181.7,596067
3181.8,596068
3181.9,596068
3182,596069
3182.1,596069
3182.2,596070
3182.3,596071
3182.4,596071
3182.5,596072
3182.6,596072
3182.7,596073
3182.8,596073
3182.9,596074
3183,596074
3183.1,596075
3183.2,596075
3183.3,596076
3183.4,596077
3183.5,596077
3183.6,596077
3183.7,596078
3183.8,596079
3183.9,596080
3184,596080
3184.1,596080
3184.2,596081
3184.3,596082
3184.4,596083
3184.5,596083
3184.6,596083
3184.7,596084
3184.8,596085
3184.9,596085
3185,596086
3185.1,596086
3185.2,596087
3185.3,596087
3185.4,596088
3185.5,596088
3185.6,596089
3185.7,596090
3185.8,596090
3185.9,596091
3186,596091
3186.1,596092
3186.2,596093
3186.3,596093
3186.4,596094
3186.5,596094
3186.6,596095
3186.7,596096
3186.8,596096
3186.9,596097
3187,596097
3187.1,596098
3187.2,596098
3187.3,596099
3187.4,596099
3187.5,596100
3187.6,596100
3187.7,596101
3187.8,596102
3187.9,596102
3188,596102
3188.1,596103
3188.2,596104
3188.3,596105
3188.4,596105
3188.5,596105
3188.6,596106
3188.7,596107
3188.8,596108
3188.9,596108
3189,596108
3189.1,596109
3189.2,596110
3189.3,596110
3189.4,596111
3189.5,596111
3189.6,596112
3189.7,596112
3189.8,596113
3189.9,596113
3190,596114
3190.1,596114
3190.2,596115
3190.3,596115
3190.4,596116
3190.5,596117
3190.6,596117
3190.7,596118
3190.8,596118
3190.9,596119
3191,596119
3191.1,596120
3191.2,596121
3191.3,596121
3191.4,596122
3191.5,596122
3191.6,596122
3191.7,596123
3191.8,596124
3191.9,596125
3192,596125
3192.1,596125
3192.2,596126
3192.3,596126
3192.4,596127
3192.5,596128
3192.6,596128
3192.7,596129
3192.8,596129
3192.9,596130
3193,596130
3193.1,596131
3193.2,596132
3193.3,596132
3193.4,596132
3193.5,596133
3193.6,596134
3193.7,596134
3193.8,596135
3193.9,596135
3194,596136
3194.1,596136
3194.2,596137
3194.3,596137
3194.4,596138
3194.5,596139
3194.6,596139
3194.7,596139
3194.8,596140
3194.9,596141
3195,596142
3195.1,596142
3195.2,596143
3195.3,596143
3195.4,596143
3195.5,596144
3195.6,596145
3195.7,596146
3195.8,596146
3195.9,596146
3196,596147
3196.1,596147
3196.2,596148
3196.3,596149
3196.4,596149
3196.5,596149
3196.6,596150
3196.7,596150
3196.8,596151
3196.9,596152
3197,596153
3197.1,596153
3197.2,596153
3197.3,596154
3197.4,596154
3197.5,596155
3197.6,596156
3197.7,596156
3197.8,596156
3197.9,596157
3198,596158
3198.1,596158
3198.2,596159
3198.3,596159
3198.4,596160
3198.5,596160
3198.6,596161
3198.7,596161
3198.8,596162
3198.9,596163
3199,596163
3199.1,596164
3199.2,596164
3199.3,596165
3199.4,596165
3199.5,596166
3199.6,596166
3199.7,596167
3199.8,596167
3199.9,596168
3200,596168
3200.1,596169
3200.2,596170
3200.3,596170
3200.4,596170
3200.5,596171
3200.6,596172
3200.7,596172
3200.8,596173
3200.9,596173
3201,596174
3201.1,596174
3201.2,596175
3201.3,596176
3201.4,596177
3201.5,596177
3201.6,596177
3201.7,596178
3201.8,596178
3201.9,596179
3202,596180
3202.1,596180
3202.2,596180
3202.3,596181
3202.4,596181
3202.5,596182
3202.6,596183
3202.7,596183
3202.8,596183
3202.9,596184
3203,596184
3203.1,596185
3203.2,596186
3203.3,596186
3203.4,596187
3203.5,596187
3203.6,596188
3203.7,596188
3203.8,596189
3203.9,596190
3204,596190
3204.1,596190
3204.2,596191
3204.3,596191
3204.4,596192
3204.5,596193
3204.6,596193
3204.7,596193
3204.8,596194
3204.9,596194
3205,596195
3205.1,596196
3205.2,596196
3205.3,596197
3205.4,596197
3205.5,596198
3205.6,596198
3205.7,596199
3205.8,596199
3205.9,596200
3206,596200
3206.1,596201
3206.2,596201
3206.3,596202
3206.4,596203
3206.5,596203
3206.6,596203
3206.7,596204
3206.8,596204
3206.9,596205
3207,596206
3207.1,596206
3207.2,596207
3207.3,596207
3207.4,596208
3207.5,596208
3207.6,596209
3207.7,596209
3207.8,596210
3207.9,596210
3208,596211
3208.1,596211
3208.2,596212
3208.3,596213
3208.4,596213
3208.5,596213
3208.6,596214
3208.7,596214
3208.8,596215
3208.9,596215
3209,596216
3209.1,596217
3209.2,596217
3209.3,596217
3209.4,596218
3209.5,596219
3209.6,596219
3209.7,596220
3209.8,596220
3209.9,596221
3210,596221
3210.1,596222
3210.2,596223
3210.3,596223
3210.4,596223
3210.5,596224
3210.6,596224
3210.7,596225
3210.8,596226
3210.9,596226
3211,596226
3211.1,596227
3211.2,596227
3211.3,596228
3211.4,596229
3211.5,596229
3211.6,596229
3211.7,596230
3211.8,596230
3211.9,596231
3212,596232
3212.1,596232
3212.2,596232
3212.3,596233
3212.4,596234
3212.5,596234
3212.6,596235
3212.7,596235
3212.8,596236
3212.9,596236
3213,596237
3213.1,596237
3213.2,596238
3213.3,596239
3213.4,596239
3213.5,596239
3213.6,596240
3213.7,596240
3213.8,596241
3213.9,596242
3214,596242
3214.1,596242
3214.2,596243
3214.3,596243
3214.4,596244
3214.5,596244
3214.6,596245
3214.7,596246
3214.8,596246
3214.9,596247
3215,596247
3215.1,596248
3215.2,596248
3215.3,596249
3215.4,596249
3215.5,596250
3215.6,596250
3215.7,596251
3215.8,596251
3215.9,596252
3216,596252
3216.1,596253
3216.2,596253
3216.3,596254
3216.4,596254
3216.5,596255
3216.6,596256
3216.7,596256
3216.8,596256
3216.9,596257
3217,596257
3217.1,596258
3217.2,596259
3217.3,596259
3217.4,596259
3217.5,596260
3217.6,596260
3217.7,596261
3217.8,596262
3217.9,596262
3218,596262
3218.1,596263
3218.2,596263
3218.3,596264
3218.4,596265
3218.5,596265
3218.6,596266
3218.7,596266
3218.8,596267
3218.9,596267
3219,596268
3219.1,596269
3219.2,596269
3219.3,596269
3219.4,596270
3219.5,596270
3219.6,596271
3219.7,596271
3219.8,596272
3219.9,596272
3220,596273
3220.1,596273
3220.2,596273
3220.3,596274
3220.4,596275
3220.5,596275
3220.6,596276
3220.7,596276
3220.8,596276
3220.9,596277
3221,596278
3221.1,596278
3221.2,596279
3221.3,596279
3221.4,596280
3221.5,596280
3221.6,596281
3221.7,596281
3221.8,596281
3221.9,596282
3222,596282
3222.1,596283
3222.2,596284
3222.3,596284
3222.4,596285
3222.5,596285
3222.6,596285
3222.7,596286
3222.8,596287
3222.9,596287
3223,596288
3223.1,596288
3223.2,596288
3223.3,596289
3223.4,596290
3223.5,596290
3223.6,596291
3223.7,596291
3223.8,596291
3223.9,596291
3224,596292
3224.1,596293
3224.2,596294
3224.3,596294
3224.4,596294
3224.5,596295
3224.6,596295
3224.7,596296
3224.8,596296
3224.9,596297
3225,596297
3225.1,596298
3225.2,596298
3225.3,596299
3225.4,596300
3225.5,596300
3225.6,596300
3225.7,596300
3225.8,596301
3225.9,596301
3226,596302
3226.1,596303
3226.2,596303
3226.3,596304
3226.4,596304
3226.5,596304
3226.6,596305
3226.7,596306
3226.8,596306
3226.9,596306
3227,596307
3227.1,596307
3227.2,596308
3227.3,596308
3227.4,596309
3227.5,596309
3227.6,596310
3227.7,596310
3227.8,596310
3227.9,596311
3228,596312
3228.1,596312
3228.2,596313
3228.3,596313
3228.4,596313
3228.5,596314
3228.6,596315
3228.7,596315
3228.8,596315
3228.9,596316
3229,596316
3229.1,596317
3229.2,596317
3229.3,596318
3229.4,596318
3229.5,596319
3229.6,596319
3229.7,596320
3229.8,596320
3229.9,596321
3230,596321
3230.1,596322
3230.2,596322
3230.3,596323
3230.4,596323
3230.5,596324
3230.6,596324
3230.7,596324
3230.8,596325
3230.9,596325
3231,596326
3231.1,596326
3231.2,596327
3231.3,596328
3231.4,596328
3231.5,596329
3231.6,596329
3231.7,596329
3231.8,596330
3231.9,596331
3232,596331
3232.1,596331
3232.2,596332
3232.3,596332
3232.4,596333
3232.5,596333
3232.6,596333
3232.7,596334
3232.8,596334
3232.9,596335
3233,596335
3233.1,596336
3233.2,596336
3233.3,596337
3233.4,596337
3233.5,596338
3233.6,596338
3233.7,596339
3233.8,596339
3233.9,596340
3234,596340
3234.1,596340
3234.2,596341
3234.3,596342
3234.4,596342
3234.5,596342
3234.6,596343
3234.7,596343
3234.8,596344
3234.9,596344
3235,596345
3235.1,596345
3235.2,596345
3235.3,596346
3235.4,596347
3235.5,596347
3235.6,596348
3235.7,596348
3235.8,596348
3235.9,596349
3236,596349
3236.1,596350
3236.2,596350
3236.3,596351
3236.4,596351
3236.5,596351
3236.6,596352
3236.7,596353
3236.8,596353
3236.9,596354
3237,596354
3237.1,596354
3237.2,596355
3237.3,596355
3237.4,596356
3237.5,596357
3237.6,596357
3237.7,596357
3237.8,596357
3237.9,596358
3238,596358
3238.1,596359
3238.2,596360
3238.3,596360
3238.4,596360
3238.5,596361
3238.6,596361
3238.7,596362
3238.8,596362
3238.9,596363
3239,596363
3239.1,596363
3239.2,596364
3239.3,596365
3239.4,596365
3239.5,596365
3239.6,596366
3239.7,596366
3239.8,596366
3239.9,596367
3240,596368
3240.1,596368
3240.2,596368
3240.3,596369
3240.4,596369
3240.5,596369
3240.6,596370
3240.7,596371
3240.8,596371
3240.9,596372
3241,596372
3241.1,596372
3241.2,596373
3241.3,596373
3241.4,596374
3241.5,596374
3241.6,596375
3241.7,596375
3241.8,596376
3241.9,596376
3242,596377
3242.1,596377
3242.2,596377
3242.3,596378
3242.4,596378
3242.5,596379
3242.6,596379
3242.7,596380
3242.8,596380
3242.9,596380
3243,596381
3243.1,596381
3243.2,596382
3243.3,596382
3243.4,596383
3243.5,596383
3243.6,596383
3243.7,596384
3243.8,596385
3243.9,596385
3244,596386
3244.1,596386
3244.2,596386
3244.3,596386
3244.4,596387
3244.5,596388
3244.6,596388
3244.7,596389
3244.8,596389
3244.9,596390
3245,596390
3245.1,596391
3245.2,596391
3245.3,596391
3245.4,596391
3245.5,596392
3245.6,596392
3245.7,596393
3245.8,596394
3245.9,596394
3246,596394
3246.1,596394
3246.2,596395
3246.3,596395
3246.4,596396
3246.5,596397
3246.6,596397
3246.7,596397
3246.8,596398
3246.9,596398
3247,596399
3247.1,596399
3247.2,596400
3247.3,596400
3247.4,596400
3247.5,596401
3247.6,596401
3247.7,596402
3247.8,596403
3247.9,596403
3248,596403
3248.1,596404
3248.2,596404
3248.3,596404
3248.4,596405
3248.5,596406
3248.6,596406
3248.7,596406
3248.8,596407
3248.9,596407
3249,596408
3249.1,596408
3249.2,596408
3249.3,596409
3249.4,596409
3249.5,596409
3249.6,596410
3249.7,596411
3249.8,596411
3249.9,596411
3250,596412
3250.1,596412
3250.2,596413
3250.3,596413
3250.4,596413
3250.5,596414
3250.6,596414
3250.7,596415
3250.8,596415
3250.9,596416
3251,596416
3251.1,596417
3251.2,596417
3251.3,596417
3251.4,596418
3251.5,596419
3251.6,596419
3251.7,596419
3251.8,596419
3251.9,596420
3252,596420
3252.1,596421
3252.2,596422
3252.3,596422
3252.4,596422
3252.5,596422
3252.6,596423
3252.7,596423
3252.8,596424
3252.9,596425
3253,596425
3253.1,596425
3253.2,596425
3253.3,596426
3253.4,596426
3253.5,596427
3253.6,596427
3253.7,596428
3253.8,596428
3253.9,596428
3254,596429
3254.1,596429
3254.2,596430
3254.3,596430
3254.4,596431
3254.5,596431
3254.6,596431
3254.7,596432
3254.8,596433
3254.9,596433
3255,596433
3255.1,596434
3255.2,596434
3255.3,596434
3255.4,596435
3255.5,596436
3255.6,596436
3255.7,596436
3255.8,596437
3255.9,596437
3256,596437
3256.1,596438
3256.2,596439
3256.3,596439
3256.4,596439
3256.5,596440
3256.6,596440
3256.7,596441
3256.8,596441
3256.9,596441
3257,596441
3257.1,596442
3257.2,596443
3257.3,596443
3257.4,596444
3257.5,596444
3257.6,596444
3257.7,596445
3257.8,596445
3257.9,596445
3258,596446
3258.1,596446
3258.2,596447
3258.3,596447
3258.4,596447
3258.5,596448
3258.6,596449
3258.7,596449
3258.8,596449
3258.9,596450
3259,596450
3259.1,596451
3259.2,596451
3259.3,596452
3259.4,596452
3259.5,596453
3259.6,596453
3259.7,596453
3259.8,596453
3259.9,596454
3260,596454
3260.1,596455
3260.2,596455
3260.3,596455
3260.4,596456
3260.5,596456
3260.6,596457
3260.7,596457
3260.8,596457
3260.9,596457
3261,596458
3261.1,596459
3261.2,596459
3261.3,596459
3261.4,596460
3261.5,596460
3261.6,596460
3261.7,596461
3261.8,596462
3261.9,596462
3262,596462
3262.1,596463
3262.2,596463
3262.3,596463
3262.4,596464
3262.5,596465
3262.6,596465
3262.7,596465
3262.8,596465
3262.9,596466
3263,596466
3263.1,596467
3263.2,596468
3263.3,596468
3263.4,596468
3263.5,596468
3263.6,596468
3263.7,596469
3263.8,596470
3263.9,596470
3264,596470
3264.1,596471
3264.2,596471
3264.3,596471
3264.4,596472
3264.5,596473
3264.6,596473
3264.7,596473
3264.8,596474
3264.9,596474
3265,596474
3265.1,596475
3265.2,596476
3265.3,596475
3265.4,596476
3265.5,596476
3265.6,596477
3265.7,596478
3265.8,596478
3265.9,596478
3266,596478
3266.1,596479
3266.2,596479
3266.3,596480
3266.4,596480
3266.5,596481
3266.6,596481
3266.7,596481
3266.8,596482
3266.9,596482
3267,596483
3267.1,596483
3267.2,596483
3267.3,596484
3267.4,596484
3267.5,596484
3267.6,596485
3267.7,596486
3267.8,596486
3267.9,596486
3268,596486
3268.1,596487
3268.2,596487
3268.3,596487
3268.4,596488
3268.5,596488
3268.6,596489
3268.7,596489
3268.8,596490
3268.9,596490
3269,596490
3269.1,596491
3269.2,596491
3269.3,596491
3269.4,596492
3269.5,596492
3269.6,596493
3269.7,596493
3269.8,596493
3269.9,596494
3270,596494
3270.1,596494
3270.2,596495
3270.3,596496
3270.4,596496
3270.5,596496
3270.6,596496
3270.7,596497
3270.8,596498
3270.9,596498
3271,596498
3271.1,596499
3271.2,596499
3271.3,596499
3271.4,596500
3271.5,596500
3271.6,596501
3271.7,596501
3271.8,596501
3271.9,596502
3272,596502
3272.1,596502
3272.2,596503
3272.3,596503
3272.4,596503
3272.5,596504
3272.6,596504
3272.7,596505
3272.8,596505
3272.9,596505
3273,596505
3273.1,596506
3273.2,596506
3273.3,596507
3273.4,596507
3273.5,596508
3273.6,596508
3273.7,596508
3273.8,596509
3273.9,596509
3274,596510
3274.1,596510
3274.2,596510
3274.3,596511
3274.4,596511
3274.5,596511
3274.6,596512
3274.7,596512
3274.8,596513
3274.9,596513
3275,596513
3275.1,596514
3275.2,596514
3275.3,596515
3275.4,596515
3275.5,596515
3275.6,596515
3275.7,596515
3275.8,596516
3275.9,596517
3276,596517
3276.1,596518
3276.2,596518
3276.3,596518
3276.4,596518
3276.5,596519
3276.6,596519
3276.7,596520
3276.8,596520
3276.9,596520
3277,596521
3277.1,596521
3277.2,596521
3277.3,596522
3277.4,596523
3277.5,596523
3277.6,596523
3277.7,596524
3277.8,596524
3277.9,596524
3278,596525
3278.1,596525
3278.2,596525
3278.3,596525
3278.4,596526
3278.5,596526
3278.6,596527
3278.7,596527
3278.8,596528
3278.9,596528
3279,596528
3279.1,596529
3279.2,596529
3279.3,596530
3279.4,596530
3279.5,596530
3279.6,596531
3279.7,596531
3279.8,596531
3279.9,596532
3280,596532
3280.1,596533
3280.2,596533
3280.3,596533
3280.4,596533
3280.5,596534
3280.6,596535
3280.7,596535
3280.8,596535
3280.9,596536
3281,596536
3281.1,596536
3281.2,596537
3281.3,596537
3281.4,596537
3281.5,596538
3281.6,596538
3281.7,596539
3281.8,596539
3281.9,596540
3282,596540
3282.1,596540
3282.2,596540
3282.3,596541
3282.4,596541
3282.5,596542
3282.6,596543
3282.7,596543
3282.8,596543
3282.9,596543
3283,596544
3283.1,596544
3283.2,596545
3283.3,596545
3283.4,596545
3283.5,596546
3283.6,596546
3283.7,596546
3283.8,596547
3283.9,596547
3284,596547
3284.1,596548
3284.2,596548
3284.3,596548
3284.4,596549
3284.5,596549
3284.6,596549
3284.7,596550
3284.8,596550
3284.9,596550
3285,596551
3285.1,596551
3285.2,596552
3285.3,596552
3285.4,596552
3285.5,596552
3285.6,596552
3285.7,596553
3285.8,596554
3285.9,596554
3286,596554
3286.1,596554
3286.2,596555
3286.3,596555
3286.4,596555
3286.5,596556
3286.6,596556
3286.7,596556
3286.8,596557
3286.9,596557
3287,596558
3287.1,596558
3287.2,596558
3287.3,596558
3287.4,596559
3287.5,596559
3287.6,596560
3287.7,596560
3287.8,596560
3287.9,596561
3288,596561
3288.1,596561
3288.2,596561
3288.3,596562
3288.4,596563
3288.5,596563
3288.6,596563
3288.7,596563
3288.8,596563
3288.9,596564
3289,596564
3289.1,596564
3289.2,596565
3289.3,596565
3289.4,596565
3289.5,596566
3289.6,596566
3289.7,596567
3289.8,596567
3289.9,596567
3290,596567
3290.1,596568
3290.2,596568
3290.3,596569
3290.4,596569
3290.5,596569
3290.6,596569
3290.7,596570
3290.8,596570
3290.9,596571
3291,596571
3291.1,596571
3291.2,596571
3291.3,596572
3291.4,596572
3291.5,596572
3291.6,596573
3291.7,596573
3291.8,596573
3291.9,596574
3292,596574
3292.1,596574
3292.2,596575
3292.3,596575
3292.4,596576
3292.5,596576
3292.6,596576
3292.7,596577
3292.8,596577
3292.9,596577
3293,596578
3293.1,596578
3293.2,596578
3293.3,596579
3293.4,596579
3293.5,596580
3293.6,596580
3293.7,596580
3293.8,596580
3293.9,596581
3294,596581
3294.1,596582
3294.2,596582
3294.3,596583
3294.4,596583
3294.5,596583
3294.6,596583
3294.7,596583
3294.8,596584
3294.9,596585
3295,596585
3295.1,596585
3295.2,596586
3295.3,596586
3295.4,596586
3295.5,596587
3295.6,596587
3295.7,596587
3295.8,596587
3295.9,596588
3296,596588
3296.1,596589
3296.2,596589
3296.3,596589
3296.4,596590
3296.5,596590
3296.6,596590
3296.7,596591
3296.8,596591
3296.9,596592
3297,596592
3297.1,596592
3297.2,596592
3297.3,596593
3297.4,596593
3297.5,596593
3297.6,596594
3297.7,596594
3297.8,596594
3297.9,596595
3298,596595
3298.1,596595
3298.2,596596
3298.3,596596
3298.4,596596
3298.5,596597
3298.6,596597
3298.7,596598
3298.8,596598
3298.9,596598
3299,596598
3299.1,596598
3299.2,596599
3299.3,596599
3299.4,596600
3299.5,596601
3299.6,596601
3299.7,596601
3299.8,596601
3299.9,596601
3300,596602
3300.1,596602
3300.2,596602
3300.3,596602
3300.4,596603
3300.5,596603
3300.6,596604
3300.7,596604
3300.8,596605
3300.9,596605
3301,596605
3301.1,596605
3301.2,596605
3301.3,596606
3301.4,596607
3301.5,596607
3301.6,596607
3301.7,596607
3301.8,596607
3301.9,596608
3302,596608
3302.1,596609
3302.2,596609
3302.3,596609
3302.4,596609
3302.5,596610
3302.6,596610
3302.7,596611
3302.8,596611
3302.9,596611
3303,596611
3303.1,596611
3303.2,596612
3303.3,596612
3303.4,596613
3303.5,596613
3303.6,596613
3303.7,596613
3303.8,596614
3303.9,596614
3304,596614
3304.1,596615
3304.2,596615
3304.3,596615
3304.4,596616
3304.5,596616
3304.6,596617
3304.7,596617
3304.8,596617
3304.9,596617
3305,596617
3305.1,596618
3305.2,596618
3305.3,596619
3305.4,596619
3305.5,596620
3305.6,596620
3305.7,596620
3305.8,596620
3305.9,596620
3306,596621
3306.1,596621
3306.2,596622
3306.3,596622
3306.4,596622
3306.5,596623
3306.6,596623
3306.7,596623
3306.8,596623
3306.9,596624
3307,596624
3307.1,596624
3307.2,596625
3307.3,596626
3307.4,596625
3307.5,596626
3307.6,596626
3307.7,596626
3307.8,596626
3307.9,596627
3308,596628
3308.1,596628
3308.2,596628
3308.3,596628
3308.4,596628
3308.5,596629
3308.6,596629
3308.7,596629
3308.8,596629
3308.9,596630
3309,596630
3309.1,596631
3309.2,596631
3309.3,596631
3309.4,596632
3309.5,596632
3309.6,596632
3309.7,596632
3309.8,596633
3309.9,596633
3310,596633
3310.1,596633
3310.2,596634
3310.3,596634
3310.4,596635
3310.5,596635
3310.6,596635
3310.7,596636
3310.8,596636
3310.9,596636
3311,596636
3311.1,596636
3311.2,596637
3311.3,596638
3311.4,596638
3311.5,596638
3311.6,596638
3311.7,596638
3311.8,596639
3311.9,596639
3312,596639
3312.1,596640
3312.2,596640
3312.3,596640
3312.4,596641
3312.5,596641
3312.6,596642
3312.7,596642
3312.8,596642
3312.9,596642
3313,596642
3313.1,596643
3313.2,596643
3313.3,596643
3313.4,596643
3313.5,596644
3313.6,596644
3313.7,596645
3313.8,596645
3313.9,596645
3314,596646
3314.1,596645
3314.2,596646
3314.3,596646
3314.4,596647
3314.5,596647
3314.6,596647
3314.7,596647
3314.8,596648
3314.9,596648
3315,596648
3315.1,596649
3315.2,596649
3315.3,596649
3315.4,596649
3315.5,596650
3315.6,596650
3315.7,596650
3315.8,596651
3315.9,596651
3316,596651
3316.1,596652
3316.2,596652
3316.3,596652
3316.4,596652
3316.5,596653
3316.6,596653
3316.7,596654
3316.8,596654
3316.9,596654
3317,596654
3317.1,596654
3317.2,596655
3317.3,596655
3317.4,596655
3317.5,596656
3317.6,596656
3317.7,596657
3317.8,596657
3317.9,596657
3318,596657
3318.1,596657
3318.2,596658
3318.3,596658
3318.4,596658
3318.5,596659
3318.6,596659
3318.7,596659
3318.8,596659
3318.9,596660
3319,596660
3319.1,596661
3319.2,596661
3319.3,596661
3319.4,596661
3319.5,596662
3319.6,596662
3319.7,596662
3319.8,596663
3319.9,596663
3320,596663
3320.1,596663
3320.2,596664
3320.3,596664
3320.4,596664
3320.5,596665
3320.6,596665
3320.7,596665
3320.8,596665
3320.9,596666
3321,596666
3321.1,596667
3321.2,596667
3321.3,596667
3321.4,596667
3321.5,596667
3321.6,596668
3321.7,596668
3321.8,596669
3321.9,596669
3322,596669
3322.1,596669
3322.2,596669
3322.3,596670
3322.4,596670
3322.5,596670
3322.6,596670
3322.7,596671
3322.8,596671
3322.9,596671
3323,596671
3323.1,596672
3323.2,596672
3323.3,596672
3323.4,596673
3323.5,596673
3323.6,596673
3323.7,596673
3323.8,596674
3323.9,596674
3324,596674
3324.1,596675
3324.2,596675
3324.3,596675
3324.4,596676
3324.5,596676
3324.6,596676
3324.7,596676
3324.8,596676
3324.9,596677
3325,596677
3325.1,596678
3325.2,596678
3325.3,596678
3325.4,596678
3325.5,596678
3325.6,596679
3325.7,596679
3325.8,596679
3325.9,596679
3326,596679
3326.1,596680
3326.2,596680
3326.3,596681
3326.4,596681
3326.5,596681
3326.6,596681
3326.7,596681
3326.8,596682
3326.9,596682
3327,596682
3327.1,596683
3327.2,596683
3327.3,596683
3327.4,596683
3327.5,596683
3327.6,596684
3327.7,596684
3327.8,596684
3327.9,596685
3328,596685
3328.1,596685
3328.2,596685
3328.3,596686
3328.4,596686
3328.5,596686
3328.6,596686
3328.7,596687
3328.8,596687
3328.9,596687
3329,596688
3329.1,596688
3329.2,596688
3329.3,596688
3329.4,596689
3329.5,596689
3329.6,596690
3329.7,596690
3329.8,596690
3329.9,596690
3330,596690
3330.1,596691
3330.2,596691
3330.3,596691
3330.4,596692
3330.5,596692
3330.6,596692
3330.7,596692
3330.8,596692
3330.9,596693
3331,596693
3331.1,596693
3331.2,596694
3331.3,596694
3331.4,596694
3331.5,596694
3331.6,596695
3331.7,596695
3331.8,596695
3331.9,596695
3332,596696
3332.1,596696
3332.2,596696
3332.3,596697
3332.4,596697
3332.5,596697
3332.6,596697
3332.7,596698
3332.8,596698
3332.9,596698
3333,596698
3333.1,596698
3333.2,596698
3333.3,596699
3333.4,596699
3333.5,596700
3333.6,596700
3333.7,596700
3333.8,596700
3333.9,596701
3334,596701
3334.1,596701
3334.2,596701
3334.3,596702
3334.4,596702
3334.5,596702
3334.6,596702
3334.7,596703
3334.8,596703
3334.9,596703
3335,596704
3335.1,596704
3335.2,596704
3335.3,596704
3335.4,596704
3335.5,596705
3335.6,596705
3335.7,596706
3335.8,596706
3335.9,596706
3336,596706
3336.1,596706
3336.2,596707
3336.3,596707
3336.4,596707
3336.5,596707
3336.6,596707
3336.7,596707
3336.8,596708
3336.9,596708
3337,596709
3337.1,596709
3337.2,596709
3337.3,596709
3337.4,596709
3337.5,596710
3337.6,596710
3337.7,596710
3337.8,596710
3337.9,596710
3338,596711
3338.1,596711
3338.2,596711
3338.3,596712
3338.4,596712
3338.5,596712
3338.6,596712
3338.7,596712
3338.8,596713
3338.9,596713
3339,596713
3339.1,596713
3339.2,596714
3339.3,596714
3339.4,596714
3339.5,596714
3339.6,596715
3339.7,596715
3339.8,596715
3339.9,596715
3340,596716
3340.1,596716
3340.2,596716
3340.3,596717
3340.4,596717
3340.5,596717
3340.6,596717
3340.7,596717
3340.8,596718
3340.9,596718
3341,596718
3341.1,596718
3341.2,596718
3341.3,596719
3341.4,596719
3341.5,596719
3341.6,596719
3341.7,596720
3341.8,596720
3341.9,596720
3342,596720
3342.1,596721
3342.2,596721
3342.3,596721
3342.4,596722
3342.5,596722
3342.6,596722
3342.7,596722
3342.8,596722
3342.9,596723
3343,596723
3343.1,596723
3343.2,596723
3343.3,596724
3343.4,596724
3343.5,596724
3343.6,596725
3343.7,596725
3343.8,596725
3343.9,596725
3344,596725
3344.1,596726
3344.2,596726
3344.3,596726
3344.4,596726
3344.5,596726
3344.6,596726
3344.7,596727
3344.8,596727
3344.9,596727
3345,596728
3345.1,596728
3345.2,596728
3345.3,596728
3345.4,596728
3345.5,596729
3345.6,596729
3345.7,596730
3345.8,596729
3345.9,596730
3346,596730
3346.1,596730
3346.2,596730
3346.3,596731
3346.4,596731
3346.5,596731
3346.6,596731
3346.7,596731
3346.8,596732
3346.9,596732
3347,596732
3347.1,596732
3347.2,596732
3347.3,596732
3347.4,596733
3347.5,596733
3347.6,596734
3347.7,596734
3347.8,596734
3347.9,596734
3348,596735
3348.1,596735
3348.2,596735
3348.3,596735
3348.4,596735
3348.5,596735
3348.6,596736
3348.7,596736
3348.8,596736
3348.9,596737
3349,596737
3349.1,596737
3349.2,596737
3349.3,596737
3349.4,596738
3349.5,596738
3349.6,596738
3349.7,596738
3349.8,596739
3349.9,596739
3350,596739
3350.1,596739
3350.2,596740
3350.3,596740
3350.4,596740
3350.5,596740
3350.6,596740
3350.7,596740
3350.8,596741
3350.9,596741
3351,596741
3351.1,596741
3351.2,596741
3351.3,596741
3351.4,596742
3351.5,596742
3351.6,596742
3351.7,596743
3351.8,596743
3351.9,596743
3352,596743
3352.1,596744
3352.2,596744
3352.3,596744
3352.4,596744
3352.5,596744
3352.6,596744
3352.7,596744
3352.8,596745
3352.9,596745
3353,596745
3353.1,596746
3353.2,596746
3353.3,596746
3353.4,596746
3353.5,596746
3353.6,596747
3353.7,596747
3353.8,596747
3353.9,596747
3354,596747
3354.1,596748
3354.2,596748
3354.3,596748
3354.4,596749
3354.5,596749
3354.6,596749
3354.7,596749
3354.8,596749
3354.9,596750
3355,596750
3355.1,596750
3355.2,596750
3355.3,596750
3355.4,596750
3355.5,596750
3355.6,596751
3355.7,596751
3355.8,596752
3355.9,596752
3356,596752
3356.1,596752
3356.2,596752
3356.3,596753
3356.4,596753
3356.5,596753
3356.6,596753
3356.7,596754
3356.8,596754
3356.9,596754
3357,596754
3357.1,596754
3357.2,596754
3357.3,596755
3357.4,596755
3357.5,596755
3357.6,596755
3357.7,596756
3357.8,596756
3357.9,596756
3358,596756
3358.1,596756
3358.2,596757
3358.3,596757
3358.4,596757
3358.5,596757
3358.6,596757
3358.7,596757
3358.8,596758
3358.9,596758
3359,596758
3359.1,596758
3359.2,596758
3359.3,596758
3359.4,596759
3359.5,596759
3359.6,596759
3359.7,596760
3359.8,596760
3359.9,596760
3360,596760
3360.1,596760
3360.2,596760
3360.3,596761
3360.4,596761
3360.5,596761
3360.6,596761
3360.7,596761
3360.8,596762
3360.9,596762
3361,596762
3361.1,596763
3361.2,596763
3361.3,596763
3361.4,596763
3361.5,596763
3361.6,596763
3361.7,596764
3361.8,596763
3361.9,596764
3362,596764
3362.1,596764
3362.2,596764
3362.3,596765
3362.4,596765
3362.5,596765
3362.6,596765
3362.7,596765
3362.8,596766
3362.9,596766
3363,596766
3363.1,596766
3363.2,596766
3363.3,596766
3363.4,596767
3363.5,596767
3363.6,596767
3363.7,596768
3363.8,596768
3363.9,596768
3364,596768
3364.1,596768
3364.2,596769
3364.3,596769
3364.4,596769
3364.5,596769
3364.6,596769
3364.7,596769
3364.8,596769
3364.9,596769
3365,596770
3365.1,596770
3365.2,596770
3365.3,596770
3365.4,596771
3365.5,596771
3365.6,596771
3365.7,596771
3365.8,596772
3365.9,596772
3366,596772
3366.1,596772
3366.2,596772
3366.3,596773
3366.4,596773
3366.5,596773
3366.6,596773
3366.7,596773
3366.8,596773
3366.9,596773
3367,596773
3367.1,596774
3367.2,596774
3367.3,596774
3367.4,596774
3367.5,596775
3367.6,596775
3367.7,596775
3367.8,596775
3367.9,596775
3368,596775
3368.1,596776
3368.2,596776
3368.3,596776
3368.4,596776
3368.5,596777
3368.6,596777
3368.7,596777
3368.8,596777
3368.9,596777
3369,596778
3369.1,596778
3369.2,596778
3369.3,596778
3369.4,596778
3369.5,596778
3369.6,596778
3369.7,596778
3369.8,596779
3369.9,596779
3370,596779
3370.1,596779
3370.2,596779
3370.3,596779
3370.4,596780
3370.5,596780
3370.6,596780
3370.7,596780
3370.8,596780
3370.9,596781
3371,596781
3371.1,596781
3371.2,596781
3371.3,596782
3371.4,596781
3371.5,596782
3371.6,596782
3371.7,596782
3371.8,596782
3371.9,596782
3372,596782
3372.1,596783
3372.2,596783
3372.3,596783
3372.4,596783
3372.5,596784
3372.6,596784
3372.7,596784
3372.8,596784
3372.9,596784
3373,596784
3373.1,596785
3373.2,596785
3373.3,596785
3373.4,596785
3373.5,596785
3373.6,596785
3373.7,596785
3373.8,596786
3373.9,596786
3374,596786
3374.1,596786
3374.2,596786
3374.3,596787
3374.4,596787
3374.5,596787
3374.6,596787
3374.7,596787
3374.8,596787
3374.9,596787
3375,596788
3375.1,596788
3375.2,596788
3375.3,596788
3375.4,596788
3375.5,596788
3375.6,596788
3375.7,596788
3375.8,596789
3375.9,596789
3376,596789
3376.1,596789
3376.2,596789
3376.3,596789
3376.4,596790
3376.5,596790
3376.6,596790
3376.7,596790
3376.8,596790
3376.9,596790
3377,596791
3377.1,596791
3377.2,596791
3377.3,596792
3377.4,596791
3377.5,596792
3377.6,596792
3377.7,596792
3377.8,596792
3377.9,596793
3378,596793
3378.1,596793
3378.2,596793
3378.3,596793
3378.4,596793
3378.5,596793
3378.6,596794
3378.7,596794
3378.8,596794
3378.9,596794
3379,596794
3379.1,596794
3379.2,596794
3379.3,596795
3379.4,596794
3379.5,596795
3379.6,596795
3379.7,596795
3379.8,596795
3379.9,596796
3380,596796
3380.1,596796
3380.2,596796
3380.3,596796
3380.4,596796
3380.5,596797
3380.6,596797
3380.7,596797
3380.8,596797
3380.9,596797
3381,596797
3381.1,596798
3381.2,596798
3381.3,596798
3381.4,596798
3381.5,596798
3381.6,596798
3381.7,596798
3381.8,596799
3381.9,596799
3382,596799
3382.1,596799
3382.2,596799
3382.3,596799
3382.4,596800
3382.5,596800
3382.6,596800
3382.7,596800
3382.8,596800
3382.9,596800
3383,596800
3383.1,596800
3383.2,596801
3383.3,596801
3383.4,596802
3383.5,596802
3383.6,596802
3383.7,596802
3383.8,596802
3383.9,596802
3384,596802
3384.1,596802
3384.2,596802
3384.3,596802
3384.4,596802
3384.5,596803
3384.6,596803
3384.7,596803
3384.8,596803
3384.9,596803
3385,596803
3385.1,596803
3385.2,596803
3385.3,596804
3385.4,596804
3385.5,596804
3385.6,596804
3385.7,596804
3385.8,596804
3385.9,596805
3386,596805
3386.1,596805
3386.2,596805
3386.3,596805
3386.4,596805
3386.5,596805
3386.6,596806
3386.7,596806
3386.8,596806
3386.9,596806
3387,596806
3387.1,596806
3387.2,596807
3387.3,596807
3387.4,596807
3387.5,596808
3387.6,596807
3387.7,596808
3387.8,596808
3387.9,596808
3388,596808
3388.1,596808
3388.2,596809
3388.3,596808
3388.4,596808
3388.5,596809
3388.6,596809
3388.7,596809
3388.8,596809
3388.9,596809
3389,596809
3389.1,596809
3389.2,596809
3389.3,596810
3389.4,596810
3389.5,596810
3389.6,596810
3389.7,596810
3389.8,596810
3389.9,596811
3390,596811
3390.1,596811
3390.2,596811
3390.3,596811
3390.4,596811
3390.5,596811
3390.6,596812
3390.7,596812
3390.8,596812
3390.9,596812
3391,596812
3391.1,596812
3391.2,596812
3391.3,596813
3391.4,596813
3391.5,596813
3391.6,596813
3391.7,596813
3391.8,596813
3391.9,596813
3392,596813
3392.1,596814
3392.2,596814
3392.3,596814
3392.4,596814
3392.5,596814
3392.6,596814
3392.7,596814
3392.8,596814
3392.9,596815
3393,596815
3393.1,596815
3393.2,596815
3393.3,596815
3393.4,596815
3393.5,596815
3393.6,596816
3393.7,596816
3393.8,596816
3393.9,596816
3394,596816
3394.1,596816
3394.2,596816
3394.3,596817
3394.4,596816
3394.5,596817
3394.6,596817
3394.7,596817
3394.8,596817
3394.9,596817
3395,596818
3395.1,596818
3395.2,596817
3395.3,596818
3395.4,596818
3395.5,596818
3395.6,596818
3395.7,596819
3395.8,596818
3395.9,596818
3396,596818
3396.1,596819
3396.2,596819
3396.3,596819
3396.4,596819
3396.5,596819
3396.6,596819
3396.7,596819
3396.8,596819
3396.9,596819
3397,596820
3397.1,596820
3397.2,596820
3397.3,596820
3397.4,596820
3397.5,596820
3397.6,596821
3397.7,596821
3397.8,596821
3397.9,596821
3398,596821
3398.1,596821
3398.2,596821
3398.3,596821
3398.4,596822
3398.5,596821
3398.6,596821
3398.7,596821
3398.8,596822
3398.9,596822
3399,596822
3399.1,596822
3399.2,596822
3399.3,596822
3399.4,596822
3399.5,596822
3399.6,596823
3399.7,596823
3399.8,596823
3399.9,596823
3400,596823
3400.1,596823
3400.2,596824
3400.3,596824
3400.4,596824
3400.5,596824
3400.6,596824
3400.7,596824
3400.8,596824
3400.9,596824
3401,596825
3401.1,596825
3401.2,596825
3401.3,596825
3401.4,596825
3401.5,596825
3401.6,596825
3401.7,596825
3401.8,596825
3401.9,596825
3402,596825
3402.1,596825
3402.2,596825
3402.3,596826
3402.4,596826
3402.5,596826
3402.6,596826
3402.7,596826
3402.8,596826
3402.9,596826
3403,596826
3403.1,596827
3403.2,596827
3403.3,596827
3403.4,596827
3403.5,596827
3403.6,596827
3403.7,596827
3403.8,596827
3403.9,596828
3404,596828
3404.1,596828
3404.2,596828
3404.3,596828
3404.4,596828
3404.5,596828
3404.6,596829
3404.7,596828
3404.8,596828
3404.9,596829
3405,596829
3405.1,596829
3405.2,596829
3405.3,596830
3405.4,596830
3405.5,596830
3405.6,596829
3405.7,596830
3405.8,596830
3405.9,596830
3406,596830
3406.1,596830
3406.2,596830
3406.3,596830
3406.4,596830
3406.5,596831
3406.6,596831
3406.7,596831
3406.8,596831
3406.9,596831
3407,596831
3407.1,596831
3407.2,596831
3407.3,596831
3407.4,596831
3407.5,596831
3407.6,596831
3407.7,596831
3407.8,596831
3407.9,596832
3408,596832
3408.1,596832
3408.2,596832
3408.3,596832
3408.4,596832
3408.5,596832
3408.6,596832
3408.7,596832
3408.8,596832
3408.9,596832
3409,596832
3409.1,596832
3409.2,596833
3409.3,596833
3409.4,596833
3409.5,596833
3409.6,596833
3409.7,596833
3409.8,596833
3409.9,596834
3410,596834
3410.1,596834
3410.2,596834
3410.3,596834
3410.4,596834
3410.5,596834
3410.6,596834
3410.7,596834
3410.8,596835
3410.9,596835
3411,596835
3411.1,596835
3411.2,596835
3411.3,596835
3411.4,596835
3411.5,596836
3411.6,596835
3411.7,596835
3411.8,596836
3411.9,596836
3412,596836
3412.1,596836
3412.2,596836
3412.3,596836
3412.4,596836
3412.5,596836
3412.6,596837
3412.7,596837
3412.8,596837
3412.9,596837
3413,596837
3413.1,596837
3413.2,596837
3413.3,596837
3413.4,596837
3413.5,596837
3413.6,596837
3413.7,596837
3413.8,596837
3413.9,596837
3414,596837
3414.1,596838
3414.2,596838
3414.3,596838
3414.4,596837
3414.5,596838
3414.6,596838
3414.7,596838
3414.8,596838
3414.9,596838
3415,596838
3415.1,596838
3415.2,596838
3415.3,596838
3415.4,596838
3415.5,596838
3415.6,596839
3415.7,596839
3415.8,596839
3415.9,596839
3416,596839
3416.1,596839
3416.2,596839
3416.3,596840
3416.4,596839
3416.5,596840
3416.6,596839
3416.7,596840
3416.8,596840
3416.9,596840
3417,596840
3417.1,596840
3417.2,596840
3417.3,596840
3417.4,596840
3417.5,596840
3417.6,596840
3417.7,596840
3417.8,596841
3417.9,596840
3418,596840
3418.1,596840
3418.2,596840
3418.3,596841
3418.4,596841
3418.5,596841
3418.6,596841
3418.7,596841
3418.8,596841
3418.9,596841
3419,596841
3419.1,596842
3419.2,596842
3419.3,596842
3419.4,596842
3419.5,596842
3419.6,596842
3419.7,596842
3419.8,596843
3419.9,596842
3420,596842
3420.1,596842
3420.2,596842
3420.3,596843
3420.4,596843
3420.5,596843
3420.6,596843
3420.7,596843
3420.8,596843
3420.9,596843
3421,596843
3421.1,596843
3421.2,596844
3421.3,596844
3421.4,596843
3421.5,596844
3421.6,596844
3421.7,596844
3421.8,596844
3421.9,596844
3422,596844
3422.1,596844
3422.2,596844
3422.3,596844
3422.4,596844
3422.5,596845
3422.6,596845
3422.7,596845
3422.8,596845
3422.9,596844
3423,596845
3423.1,596845
3423.2,596845
3423.3,596845
3423.4,596845
3423.5,596845
3423.6,596845
3423.7,596845
3423.8,596845
3423.9,596846
3424,596845
3424.1,596845
3424.2,596845
3424.3,596845
3424.4,596845
3424.5,596845
3424.6,596846
3424.7,596846
3424.8,596846
3424.9,596845
3425,596845
3425.1,596846
3425.2,596846
3425.3,596846
3425.4,596846
3425.5,596846
3425.6,596846
3425.7,596846
3425.8,596846
3425.9,596846
3426,596846
3426.1,596846
3426.2,596846
3426.3,596846
3426.4,596846
3426.5,596846
3426.6,596847
3426.7,596847
3426.8,596846
3426.9,596846
3427,596846
3427.1,596847
3427.2,596847
3427.3,596847
3427.4,596847
3427.5,596847
3427.6,596847
3427.7,596847
3427.8,596847
3427.9,596847
3428,596847
3428.1,596847
3428.2,596847
3428.3,596847
3428.4,596847
3428.5,596847
3428.6,596847
3428.7,596847
3428.8,596847
3428.9,596847
3429,596847
3429.1,596847
3429.2,596847
3429.3,596847
3429.4,596847
3429.5,596848
3429.6,596847
3429.7,596848
3429.8,596848
3429.9,596847
3430,596847
3430.1,596848
3430.2,596848
3430.3,596848
3430.4,596848
3430.5,596848
3430.6,596848
3430.7,596848
3430.8,596848
3430.9,596848
3431,596848
3431.1,596848
3431.2,596848
3431.3,596848
3431.4,596848
3431.5,596849
3431.6,596849
3431.7,596848
3431.8,596848
3431.9,596849
3432,596848
3432.1,596849
3432.2,596849
3432.3,596849
3432.4,596849
3432.5,596849
3432.6,596849
3432.7,596849
3432.8,596849
3432.9,596849
3433,596849
3433.1,596849
3433.2,596849
3433.3,596849
3433.4,596849
3433.5,596849
3433.6,596849
3433.7,596850
3433.8,596849
3433.9,596849
3434,596849
3434.1,596849
3434.2,596849
3434.3,596850
3434.4,596850
3434.5,596849
3434.6,596850
3434.7,596850
3434.8,596850
3434.9,596850
3435,596850
3435.1,596850
3435.2,596850
3435.3,596850
3435.4,596850
3435.5,596850
3435.6,596850
3435.7,596850
3435.8,596850
3435.9,596850
3436,596850
3436.1,596850
3436.2,596850
3436.3,596850
3436.4,596850
3436.5,596850
3436.6,596850
3436.7,596850
3436.8,596850
3436.9,596850
3437,596850
3437.1,596850
3437.2,596850
3437.3,596850
3437.4,596850
3437.5,596850
3437.6,596850
3437.7,596850
3437.8,596851
3437.9,596851
3438,596851
3438.1,596850
3438.2,596850
3438.3,596850
3438.4,596851
3438.5,596850
3438.6,596851
3438.7,596851
3438.8,596851
3438.9,596850
3439,596851
3439.1,596851
3439.2,596851
3439.3,596851
3439.4,596851
3439.5,596851
3439.6,596851
3439.7,596851
3439.8,596851
3439.9,596851
3440,596851
3440.1,596851
3440.2,596851
3440.3,596851
3440.4,596851
3440.5,596851
3440.6,596851
3440.7,596852
3440.8,596851
3440.9,596851
3441,596851
3441.1,596851
3441.2,596851
3441.3,596851
3441.4,596852
3441.5,596851
3441.6,596851
3441.7,596851
3441.8,596851
3441.9,596851
3442,596852
3442.1,596851
3442.2,596851
3442.3,596851
3442.4,596851
3442.5,596851
3442.6,596852
3442.7,596851
3442.8,596852
3442.9,596851
3443,596851
3443.1,596851
3443.2,596851
3443.3,596851
3443.4,596852
3443.5,596852
3443.6,596851
3443.7,596851
3443.8,596851
3443.9,596851
3444,596851
3444.1,596851
3444.2,596852
3444.3,596851
3444.4,596851
3444.5,596851
3444.6,596851
3444.7,596851
3444.8,596851
3444.9,596852
3445,596851
3445.1,596851
3445.2,596851
3445.3,596851
3445.4,596851
3445.5,596851
3445.6,596851
3445.7,596852
3445.8,596851
3445.9,596851
3446,596851
3446.1,596851
3446.2,596852
3446.3,596852
3446.4,596852
3446.5,596852
3446.6,596852
3446.7,596852
3446.8,596852
3446.9,596852
3447,596852
3447.1,596852
3447.2,596852
3447.3,596852
3447.4,596852
3447.5,596852
3447.6,596852
3447.7,596852
3447.8,596852
3447.9,596852
3448,596852
3448.1,596852
3448.2,596852
3448.3,596852
3448.4,596853
3448.5,596853
3448.6,596853
3448.7,596852
3448.8,596852
3448.9,596852
3449,596853
3449.1,596853
3449.2,596853
3449.3,596853
3449.4,596853
3449.5,596853
3449.6,596853
3449.7,596853
3449.8,596853
3449.9,596853
3450,596853
3450.1,596853
3450.2,596853
3450.3,596853
3450.4,596853
3450.5,596853
3450.6,596853
3450.7,596853
3450.8,596853
3450.9,596853
3451,596853
3451.1,596853
3451.2,596853
3451.3,596853
3451.4,596853
3451.5,596853
3451.6,596853
3451.7,596853
3451.8,596853
3451.9,596853
3452,596853
3452.1,596853
3452.2,596853
3452.3,596853
3452.4,596853
3452.5,596853
3452.6,596853
3452.7,596853
3452.8,596853
3452.9,596853
3453,596853
3453.1,596853
3453.2,596853
3453.3,596853
3453.4,596853
3453.5,596853
3453.6,596853
3453.7,596853
3453.8,596853
3453.9,596853
3454,596853
3454.1,596853
3454.2,596853
3454.3,596853
3454.4,596853
3454.5,596852
3454.6,596853
3454.7,596853
3454.8,596853
3454.9,596853
3455,596852
3455.1,596852
3455.2,596852
3455.3,596852
3455.4,596853
3455.5,596853
3455.6,596853
3455.7,596853
3455.8,596852
3455.9,596852
3456,596852
3456.1,596852
3456.2,596853
3456.3,596853
3456.4,596853
3456.5,596853
3456.6,596853
3456.7,596853
3456.8,596853
3456.9,596853
3457,596853
3457.1,596853
3457.2,596853
3457.3,596853
3457.4,596853
3457.5,596853
3457.6,596853
3457.7,596853
3457.8,596853
3457.9,596853
3458,596853
3458.1,596853
3458.2,596853
3458.3,596853
3458.4,596853
3458.5,596853
3458.6,596853
3458.7,596853
3458.8,596853
3458.9,596853
3459,596853
3459.1,596853
3459.2,596853
3459.3,596853
3459.4,596852
3459.5,596853
3459.6,596853
3459.7,596853
3459.8,596853
3459.9,596853
3460,596853
3460.1,596852
3460.2,596853
3460.3,596852
3460.4,596853
3460.5,596853
3460.6,596853
3460.7,596852
3460.8,596852
3460.9,596852
3461,596852
3461.1,596852
3461.2,596852
3461.3,596852
3461.4,596852
3461.5,596852
3461.6,596852
3461.7,596852
3461.8,596852
3461.9,596852
3462,596852
3462.1,596852
3462.2,596852
3462.3,596852
3462.4,596852
3462.5,596852
3462.6,596852
3462.7,596852
3462.8,596852
3462.9,596852
3463,596852
3463.1,596852
3463.2,596852
3463.3,596852
3463.4,596852
3463.5,596852
3463.6,596852
3463.7,596852
3463.8,596852
3463.9,596852
3464,596852
3464.1,596852
3464.2,596852
3464.3,596852
3464.4,596852
3464.5,596852
3464.6,596852
3464.7,596852
3464.8,596852
3464.9,596852
3465,596852
3465.1,596851
3465.2,596851
3465.3,596852
3465.4,596852
3465.5,596852
3465.6,596852
3465.7,596851
3465.8,596851
3465.9,596851
3466,596851
3466.1,596851
3466.2,596851
3466.3,596851
3466.4,596851
3466.5,596851
3466.6,596851
3466.7,596851
3466.8,596851
3466.9,596851
3467,596851
3467.1,596851
3467.2,596851
3467.3,596851
3467.4,596851
3467.5,596851
3467.6,596851
3467.7,596851
3467.8,596851
3467.9,596851
3468,596851
3468.1,596851
3468.2,596851
3468.3,596851
3468.4,596851
3468.5,596851
3468.6,596851
3468.7,596851
3468.8,596851
3468.9,596851
3469,596851
3469.1,596851
3469.2,596851
3469.3,596851
3469.4,596850
3469.5,596850
3469.6,596850
3469.7,596850
3469.8,596851
3469.9,596850
3470,596850
3470.1,596850
3470.2,596850
3470.3,596850
3470.4,596850
3470.5,596850
3470.6,596850
3470.7,596850
3470.8,596850
3470.9,596850
3471,596850
3471.1,596850
3471.2,596850
3471.3,596850
3471.4,596850
3471.5,596850
3471.6,596850
3471.7,596850
3471.8,596850
3471.9,596850
3472,596850
3472.1,596850
3472.2,596850
3472.3,596850
3472.4,596850
3472.5,596850
3472.6,596850
3472.7,596850
3472.8,596850
3472.9,596850
3473,596849
3473.1,596850
3473.2,596850
3473.3,596850
3473.4,596850
3473.5,596849
3473.6,596849
3473.7,596849
3473.8,596849
3473.9,596849
3474,596849
3474.1,596849
3474.2,596849
3474.3,596849
3474.4,596849
3474.5,596849
3474.6,596849
3474.7,596849
3474.8,596849
3474.9,596849
3475,596848
3475.1,596848
3475.2,596848
3475.3,596848
3475.4,596848
3475.5,596849
3475.6,596849
3475.7,596848
3475.8,596848
3475.9,596848
3476,596848
3476.1,596848
3476.2,596848
3476.3,596848
3476.4,596848
3476.5,596848
3476.6,596848
3476.7,596848
3476.8,596848
3476.9,596848
3477,596848
3477.1,596848
3477.2,596848
3477.3,596847
3477.4,596847
3477.5,596847
3477.6,596847
3477.7,596848
3477.8,596847
3477.9,596847
3478,596847
3478.1,596847
3478.2,596847
3478.3,596847
3478.4,596847
3478.5,596847
3478.6,596847
3478.7,596847
3478.8,596847
3478.9,596847
3479,596847
3479.1,596847
3479.2,596847
3479.3,596847
3479.4,596847
3479.5,596847
3479.6,596847
3479.7,596847
3479.8,596847
3479.9,596847
3480,596846
3480.1,596846
3480.2,596846
3480.3,596846
3480.4,596846
3480.5,596846
3480.6,596846
3480.7,596846
3480.8,596846
3480.9,596846
3481,596846
3481.1,596846
3481.2,596846
3481.3,596846
3481.4,596846
3481.5,596845
3481.6,596845
3481.7,596845
3481.8,596845
3481.9,596845
3482,596845
3482.1,596845
3482.2,596845
3482.3,596845
3482.4,596845
3482.5,596845
3482.6,596845
3482.7,596845
3482.8,596845
3482.9,596845
3483,596844
3483.1,596844
3483.2,596844
3483.3,596844
3483.4,596844
3483.5,596844
3483.6,596844
3483.7,596844
3483.8,596844
3483.9,596844
3484,596844
3484.1,596844
3484.2,596844
3484.3,596844
3484.4,596844
3484.5,596843
3484.6,596843
3484.7,596843
3484.8,596843
3484.9,596843
3485,596843
3485.1,596843
3485.2,596843
3485.3,596843
3485.4,596843
3485.5,596843
3485.6,596843
3485.7,596843
3485.8,596843
3485.9,596843
3486,596843
3486.1,596843
3486.2,596843
3486.3,596843
3486.4,596843
3486.5,596842
3486.6,596842
3486.7,596842
3486.8,596842
3486.9,596842
3487,596842
3487.1,596842
3487.2,596842
3487.3,596842
3487.4,596842
3487.5,596841
3487.6,596841
3487.7,596841
3487.8,596841
3487.9,596841
3488,596841
3488.1,596841
3488.2,596841
3488.3,596841
3488.4,596841
3488.5,596841
3488.6,596841
3488.7,596841
3488.8,596840
3488.9,596840
3489,596840
3489.1,596840
3489.2,596840
3489.3,596840
3489.4,596840
3489.5,596840
3489.6,596840
3489.7,596840
3489.8,596840
3489.9,596840
3490,596840
3490.1,596840
3490.2,596840
3490.3,596840
3490.4,596839
3490.5,596839
3490.6,596839
3490.7,596839
3490.8,596839
3490.9,596839
3491,596839
3491.1,596838
3491.2,596838
3491.3,596839
3491.4,596839
3491.5,596839
3491.6,596838
3491.7,596838
3491.8,596838
3491.9,596838
3492,596838
3492.1,596838
3492.2,596838
3492.3,596838
3492.4,596838
3492.5,596838
3492.6,596838
3492.7,596837
3492.8,596837
3492.9,596838
3493,596837
3493.1,596837
3493.2,596837
3493.3,596837
3493.4,596837
3493.5,596837
3493.6,596837
3493.7,596837
3493.8,596837
3493.9,596837
3494,596837
3494.1,596837
3494.2,596837
3494.3,596837
3494.4,596837
3494.5,596836
3494.6,596836
3494.7,596836
3494.8,596836
3494.9,596836
3495,596836
3495.1,596836
3495.2,596836
3495.3,596836
3495.4,596835
3495.5,596835
3495.6,596835
3495.7,596835
3495.8,596835
3495.9,596835
3496,596835
3496.1,596835
3496.2,596834
3496.3,596834
3496.4,596834
3496.5,596834
3496.6,596834
3496.7,596834
3496.8,596834
3496.9,596834
3497,596834
3497.1,596834
3497.2,596834
3497.3,596834
3497.4,596834
3497.5,596834
3497.6,596833
3497.7,596833
3497.8,596833
3497.9,596833
3498,596833
3498.1,596833
3498.2,596833
3498.3,596833
3498.4,596832
3498.5,596832
3498.6,596832
3498.7,596832
3498.8,596832
3498.9,596832
3499,596832
3499.1,596832
3499.2,596832
3499.3,596832
3499.4,596832
3499.5,596832
3499.6,596832
3499.7,596831
3499.8,596831
3499.9,596831
3500,596831
3500.1,596831
3500.2,596831
3500.3,596831
3500.4,596831
3500.5,596831
3500.6,596830
3500.7,596830
3500.8,596831
3500.9,596830
3501,596831
3501.1,596830
3501.2,596830
3501.3,596830
3501.4,596830
3501.5,596830
3501.6,596830
3501.7,596830
3501.8,596829
3501.9,596829
3502,596829
3502.1,596829
3502.2,596829
3502.3,596829
3502.4,596829
3502.5,596829
3502.6,596829
3502.7,596828
3502.8,596828
3502.9,596828
3503,596828
3503.1,596828
3503.2,596828
3503.3,596828
3503.4,596828
3503.5,596828
3503.6,596828
3503.7,596828
3503.8,596828
3503.9,596828
3504,596828
3504.1,596827
3504.2,596827
3504.3,596827
3504.4,596827
3504.5,596827
3504.6,596827
3504.7,596827
3504.8,596826
3504.9,596826
3505,596826
3505.1,596826
3505.2,596826
3505.3,596826
3505.4,596826
3505.5,596826
3505.6,596826
3505.7,596825
3505.8,596826
3505.9,596825
3506,596825
3506.1,596825
3506.2,596825
3506.3,596825
3506.4,596825
3506.5,596825
3506.6,596825
3506.7,596825
3506.8,596825
3506.9,596825
3507,596824
3507.1,596824
3507.2,596824
3507.3,596824
3507.4,596824
3507.5,596824
3507.6,596824
3507.7,596824
3507.8,596823
3507.9,596823
3508,596823
3508.1,596823
3508.2,596823
3508.3,596823
3508.4,596823
3508.5,596823
3508.6,596823
3508.7,596822
3508.8,596822
3508.9,596822
3509,596822
3509.1,596822
3509.2,596822
3509.3,596822
3509.4,596822
3509.5,596822
3509.6,596822
3509.7,596822
3509.8,596822
3509.9,596821
3510,596821
3510.1,596821
3510.2,596821
3510.3,596821
3510.4,596821
3510.5,596821
3510.6,596820
3510.7,596820
3510.8,596820
3510.9,596820
3511,596820
3511.1,596820
3511.2,596820
3511.3,596819
3511.4,596819
3511.5,596819
3511.6,596819
3511.7,596819
3511.8,596819
3511.9,596819
3512,596819
3512.1,596819
3512.2,596818
3512.3,596818
3512.4,596818
3512.5,596818
3512.6,596818
3512.7,596818
3512.8,596818
3512.9,596817
3513,596817
3513.1,596817
3513.2,596817
3513.3,596817
3513.4,596817
3513.5,596817
3513.6,596817
3513.7,596816
3513.8,596816
3513.9,596816
3514,596816
3514.1,596816
3514.2,596816
3514.3,596816
3514.4,596816
3514.5,596816
3514.6,596815
3514.7,596815
3514.8,596815
3514.9,596815
3515,596815
3515.1,596815
3515.2,596814
3515.3,596814
3515.4,596814
3515.5,596814
3515.6,596814
3515.7,596814
3515.8,596814
3515.9,596814
3516,596814
3516.1,596813
3516.2,596813
3516.3,596813
3516.4,596813
3516.5,596813
3516.6,596813
3516.7,596812
3516.8,596812
3516.9,596812
3517,596812
3517.1,596812
3517.2,596812
3517.3,596812
3517.4,596812
3517.5,596812
3517.6,596812
3517.7,596812
3517.8,596811
3517.9,596811
3518,596811
3518.1,596811
3518.2,596811
3518.3,596811
3518.4,596810
3518.5,596810
3518.6,596811
3518.7,596810
3518.8,596810
3518.9,596809
3519,596809
3519.1,596809
3519.2,596809
3519.3,596809
3519.4,596809
3519.5,596809
3519.6,596809
3519.7,596809
3519.8,596809
3519.9,596808
3520,596808
3520.1,596808
3520.2,596808
3520.3,596808
3520.4,596808
3520.5,596807
3520.6,596807
3520.7,596807
3520.8,596807
3520.9,596807
3521,596807
3521.1,596807
3521.2,596806
3521.3,596806
3521.4,596806
3521.5,596806
3521.6,596806
3521.7,596806
3521.8,596806
3521.9,596806
3522,596806
3522.1,596805
3522.2,596805
3522.3,596805
3522.4,596805
3522.5,596805
3522.6,596805
3522.7,596805
3522.8,596804
3522.9,596805
3523,596804
3523.1,596804
3523.2,596804
3523.3,596804
3523.4,596804
3523.5,596804
3523.6,596803
3523.7,596803
3523.8,596803
3523.9,596803
3524,596803
3524.1,596803
3524.2,596802
3524.3,596802
3524.4,596802
3524.5,596802
3524.6,596802
3524.7,596802
3524.8,596802
3524.9,596801
3525,596801
3525.1,596801
3525.2,596801
3525.3,596801
3525.4,596801
3525.5,596800
3525.6,596800
3525.7,596800
3525.8,596800
3525.9,596800
3526,596800
3526.1,596800
3526.2,596800
3526.3,596799
3526.4,596799
3526.5,596799
3526.6,596799
3526.7,596799
3526.8,596799
3526.9,596798
3527,596798
3527.1,596798
3527.2,596798
3527.3,596798
3527.4,596797
3527.5,596797
3527.6,596798
3527.7,596797
3527.8,596797
3527.9,596797
3528,596797
3528.1,596797
3528.2,596797
3528.3,596797
3528.4,596796
3528.5,596796
3528.6,596796
3528.7,596796
3528.8,596796
3528.9,596795
3529,596795
3529.1,596795
3529.2,596795
3529.3,596795
3529.4,596795
3529.5,596794
3529.6,596794
3529.7,596794
3529.8,596794
3529.9,596794
3530,596794
3530.1,596794
3530.2,596793
3530.3,596793
3530.4,596793
3530.5,596793
3530.6,596793
3530.7,596793
3530.8,596793
3530.9,596792
3531,596792
3531.1,596792
3531.2,596792
3531.3,596792
3531.4,596792
3531.5,596791
3531.6,596791
3531.7,596791
3531.8,596791
3531.9,596791
3532,596791
3532.1,596791
3532.2,596791
3532.3,596790
3532.4,596790
3532.5,596790
3532.6,596790
3532.7,596790
3532.8,596790
3532.9,596789
3533,596789
3533.1,596789
3533.2,596789
3533.3,596788
3533.4,596788
3533.5,596788
3533.6,596788
3533.7,596788
3533.8,596788
3533.9,596788
3534,596788
3534.1,596788
3534.2,596787
3534.3,596788
3534.4,596787
3534.5,596787
3534.6,596787
3534.7,596786
3534.8,596786
3534.9,596786
3535,596786
3535.1,596786
3535.2,596786
3535.3,596785
3535.4,596785
3535.5,596785
3535.6,596785
3535.7,596785
3535.8,596785
3535.9,596785
3536,596784
3536.1,596784
3536.2,596784
3536.3,596784
3536.4,596784
3536.5,596784
3536.6,596784
3536.7,596783
3536.8,596783
3536.9,596783
3537,596782
3537.1,596783
3537.2,596782
3537.3,596782
3537.4,596782
3537.5,596782
3537.6,596781
3537.7,596781
3537.8,596781
3537.9,596781
3538,596781
3538.1,596781
3538.2,596781
3538.3,596780
3538.4,596780
3538.5,596780
3538.6,596780
3538.7,596780
3538.8,596780
3538.9,596779
3539,596779
3539.1,596779
3539.2,596779
3539.3,596778
3539.4,596778
3539.5,596778
3539.6,596778
3539.7,596778
3539.8,596778
3539.9,596778
3540,596778
3540.1,596777
3540.2,596777
3540.3,596777
3540.4,596777
3540.5,596776
3540.6,596776
3540.7,596776
3540.8,596776
3540.9,596776
3541,596776
3541.1,596776
3541.2,596775
3541.3,596775
3541.4,596775
3541.5,596775
3541.6,596774
3541.7,596774
3541.8,596775
3541.9,596774
3542,596774
3542.1,596773
3542.2,596773
3542.3,596773
3542.4,596773
3542.5,596773
3542.6,596773
3542.7,596772
3542.8,596772
3542.9,596772
3543,596772
3543.1,596772
3543.2,596772
3543.3,596772
3543.4,596771
3543.5,596771
3543.6,596770
3543.7,596770
3543.8,596770
3543.9,596770
3544,596770
3544.1,596770
3544.2,596769
3544.3,596769
3544.4,596769
3544.5,596769
3544.6,596769
3544.7,596769
3544.8,596769
3544.9,596768
3545,596768
3545.1,596767
3545.2,596767
3545.3,596767
3545.4,596767
3545.5,596767
3545.6,596767
3545.7,596767
3545.8,596766
3545.9,596766
3546,596766
3546.1,596766
3546.2,596766
3546.3,596766
3546.4,596766
3546.5,596765
3546.6,596765
3546.7,596765
3546.8,596765
3546.9,596764
3547,596764
3547.1,596764
3547.2,596764
3547.3,596763
3547.4,596763
3547.5,596763
3547.6,596763
3547.7,596763
3547.8,596763
3547.9,596763
3548,596762
3548.1,596762
3548.2,596762
3548.3,596761
3548.4,596761
3548.5,596761
3548.6,596761
3548.7,596761
3548.8,596761
3548.9,596760
3549,596760
3549.1,596760
3549.2,596760
3549.3,596760
3549.4,596760
3549.5,596759
3549.6,596759
3549.7,596759
3549.8,596758
3549.9,596758
3550,596758
3550.1,596758
3550.2,596758
3550.3,596758
3550.4,596757
3550.5,596757
3550.6,596757
3550.7,596757
3550.8,596757
3550.9,596757
3551,596757
3551.1,596756
3551.2,596756
3551.3,596755
3551.4,596755
3551.5,596755
3551.6,596755
3551.7,596755
3551.8,596755
3551.9,596754
3552,596754
3552.1,596754
3552.2,596754
3552.3,596754
3552.4,596754
3552.5,596754
3552.6,596753
3552.7,596753
3552.8,596753
3552.9,596753
3553,596752
3553.1,596752
3553.2,596752
3553.3,596752
3553.4,596752
3553.5,596751
3553.6,596751
3553.7,596751
3553.8,596750
3553.9,596750
3554,596750
3554.1,596750
3554.2,596750
3554.3,596749
3554.4,596749
3554.5,596749
3554.6,596749
3554.7,596749
3554.8,596749
3554.9,596749
3555,596748
3555.1,596748
3555.2,596747
3555.3,596747
3555.4,596747
3555.5,596747
3555.6,596747
3555.7,596747
3555.8,596747
3555.9,596746
3556,596746
3556.1,596746
3556.2,596746
3556.3,596746
3556.4,596745
3556.5,596745
3556.6,596745
3556.7,596745
3556.8,596745
3556.9,596744
3557,596744
3557.1,596744
3557.2,596743
3557.3,596743
3557.4,596743
3557.5,596743
3557.6,596743
3557.7,596743
3557.8,596743
3557.9,596742
3558,596742
3558.1,596741
3558.2,596741
3558.3,596741
3558.4,596741
3558.5,596741
3558.6,596741
3558.7,596741
3558.8,596740
3558.9,596740
3559,596740
3559.1,596740
3559.2,596739
3559.3,596739
3559.4,596739
3559.5,596738
3559.6,596738
3559.7,596738
3559.8,596738
3559.9,596738
3560,596738
3560.1,596737
3560.2,596737
3560.3,596737
3560.4,596736
3560.5,596736
3560.6,596736
3560.7,596736
3560.8,596736
3560.9,596736
3561,596735
3561.1,596735
3561.2,596735
3561.3,596735
3561.4,596734
3561.5,596734
3561.6,596734
3561.7,596734
3561.8,596734
3561.9,596733
3562,596733
3562.1,596732
3562.2,596732
3562.3,596732
3562.4,596732
3562.5,596732
3562.6,596732
3562.7,596732
3562.8,596731
3562.9,596731
3563,596731
3563.1,596731
3563.2,596731
3563.3,596730
3563.4,596730
3563.5,596729
3563.6,596729
3563.7,596729
3563.8,596729
3563.9,596729
3564,596729
3564.1,596728
3564.2,596728
3564.3,596728
3564.4,596727
3564.5,596727
3564.6,596727
3564.7,596727
3564.8,596727
3564.9,596726
3565,596726
3565.1,596726
3565.2,596725
3565.3,596725
3565.4,596725
3565.5,596725
3565.6,596725
3565.7,596725
3565.8,596725
3565.9,596724
3566,596724
3566.1,596723
3566.2,596723
3566.3,596723
3566.4,596723
3566.5,596722
3566.6,596722
3566.7,596722
3566.8,596722
3566.9,596722
3567,596722
3567.1,596721
3567.2,596721
3567.3,596720
3567.4,596720
3567.5,596720
3567.6,596720
3567.7,596720
3567.8,596720
3567.9,596719
3568,596719
3568.1,596719
3568.2,596718
3568.3,596718
3568.4,596718
3568.5,596718
3568.6,596718
3568.7,596718
3568.8,596717
3568.9,596717
3569,596717
3569.1,596716
3569.2,596716
3569.3,596716
3569.4,596716
3569.5,596716
3569.6,596715
3569.7,596715
3569.8,596715
3569.9,596715
3570,596714
3570.1,596714
3570.2,596714
3570.3,596713
3570.4,596713
3570.5,596713
3570.6,596713
3570.7,596713
3570.8,596713
3570.9,596713
3571,596712
3571.1,596712
3571.2,596711
3571.3,596711
3571.4,596711
3571.5,596711
3571.6,596711
3571.7,596711
3571.8,596710
3571.9,596710
3572,596709
3572.1,596709
3572.2,596709
3572.3,596709
3572.4,596708
3572.5,596708
3572.6,596708
3572.7,596708
3572.8,596707
3572.9,596707
3573,596707
3573.1,596707
3573.2,596707
3573.3,596706
3573.4,596705
3573.5,596705
3573.6,596705
3573.7,596705
3573.8,596705
3573.9,596705
3574,596704
3574.1,596704
3574.2,596704
3574.3,596703
3574.4,596703
3574.5,596703
3574.6,596703
3574.7,596703
3574.8,596702
3574.9,596702
3575,596701
3575.1,596701
3575.2,596701
3575.3,596701
3575.4,596701
3575.5,596701
3575.6,596700
3575.7,596700
3575.8,596699
3575.9,596699
3576,596699
3576.1,596699
3576.2,596698
3576.3,596698
3576.4,596698
3576.5,596698
3576.6,596698
3576.7,596698
3576.8,596697
3576.9,596697
3577,596697
3577.1,596696
3577.2,596696
3577.3,596696
3577.4,596696
3577.5,596695
3577.6,596695
3577.7,596695
3577.8,596695
3577.9,596695
3578,596694
3578.1,596694
3578.2,596693
3578.3,596693
3578.4,596693
3578.5,596693
3578.6,596693
3578.7,596692
3578.8,596692
3578.9,596692
3579,596691
3579.1,596691
3579.2,596691
3579.3,596690
3579.4,596690
3579.5,596690
3579.6,596690
3579.7,596689
3579.8,596689
3579.9,596689
3580,596688
3580.1,596688
3580.2,596688
3580.3,596688
3580.4,596688
3580.5,596687
3580.6,596687
3580.7,596687
3580.8,596687
3580.9,596686
3581,596686
3581.1,596686
3581.2,596685
3581.3,596685
3581.4,596685
3581.5,596685
3581.6,596685
3581.7,596684
3581.8,596684
3581.9,596683
3582,596683
3582.1,596682
3582.2,596682
3582.3,596682
3582.4,596682
3582.5,596682
3582.6,596682
3582.7,596681
3582.8,596681
3582.9,596680
3583,596680
3583.1,596680
3583.2,596679
3583.3,596679
3583.4,596679
3583.5,596679
3583.6,596679
3583.7,596678
3583.8,596678
3583.9,596678
3584,596678
3584.1,596677
3584.2,596677
3584.3,596677
3584.4,596676
3584.5,596676
3584.6,596676
3584.7,596676
3584.8,596676
3584.9,596675
3585,596675
3585.1,596675
3585.2,596674
3585.3,596674
3585.4,596674
3585.5,596673
3585.6,596673
3585.7,596673
3585.8,596673
3585.9,596672
3586,596672
3586.1,596672
3586.2,596672
3586.3,596672
3586.4,596672
3586.5,596671
3586.6,596670
3586.7,596670
3586.8,596670
3586.9,596669
3587,596669
3587.1,596669
3587.2,596669
3587.3,596669
3587.4,596668
3587.5,596668
3587.6,596667
3587.7,596667
3587.8,596667
3587.9,596667
3588,596667
3588.1,596666
3588.2,596666
3588.3,596666
3588.4,596665
3588.5,596665
3588.6,596664
3588.7,596664
3588.8,596664
3588.9,596664
3589,596663
3589.1,596663
3589.2,596663
3589.3,596663
3589.4,596663
3589.5,596662
3589.6,596662
3589.7,596661
3589.8,596661
3589.9,596661
3590,596661
3590.1,596661
3590.2,596660
3590.3,596660
3590.4,596660
3590.5,596660
3590.6,596659
3590.7,596659
3590.8,596658
3590.9,596658
3591,596658
3591.1,596658
3591.2,596658
3591.3,596657
3591.4,596657
3591.5,596657
3591.6,596656
3591.7,596656
3591.8,596656
3591.9,596656
3592,596655
3592.1,596655
3592.2,596655
3592.3,596654
3592.4,596654
3592.5,596654
3592.6,596653
3592.7,596653
3592.8,596653
3592.9,596652
3593,596652
3593.1,596652
3593.2,596651
3593.3,596651
3593.4,596651
3593.5,596651
3593.6,596650
3593.7,596650
3593.8,596649
3593.9,596649
3594,596649
3594.1,596649
3594.2,596649
3594.3,596648
3594.4,596648
3594.5,596647
3594.6,596647
3594.7,596647
3594.8,596646
3594.9,596646
3595,596646
3595.1,596646
3595.2,596646
3595.3,596645
3595.4,596645
3595.5,596645
3595.6,596644
3595.7,596644
3595.8,596644
3595.9,596644
3596,596643
3596.1,596643
3596.2,596642
3596.3,596642
3596.4,596642
3596.5,596642
3596.6,596642
3596.7,596641
3596.8,596641
3596.9,596641
3597,596640
3597.1,596640
3597.2,596640
3597.3,596639
3597.4,596639
3597.5,596639
3597.6,596639
3597.7,596638
3597.8,596638
3597.9,596638
3598,596637
3598.1,596637
3598.2,596637
3598.3,596637
3598.4,596636
3598.5,596636
3598.6,596636
3598.7,596635
3598.8,596635
3598.9,596635
3599,596635
3599.1,596634
3599.2,596634
3599.3,596634
3599.4,596633
3599.5,596633
3599.6,596633
3599.7,596633
3599.8,596633
3599.9,596632
3600,596631
3600.1,596631
3600.2,596631
3600.3,596630
3600.4,596630
3600.5,596630
3600.6,596630
3600.7,596629
3600.8,596629
3600.9,596629
3601,596628
3601.1,596628
3601.2,596627
3601.3,596627
3601.4,596627
3601.5,596626
3601.6,596626
3601.7,596626
3601.8,596626
3601.9,596625
3602,596625
3602.1,596625
3602.2,596624
3602.3,596624
3602.4,596623
3602.5,596623
3602.6,596623
3602.7,596623
3602.8,596622
3602.9,596622
3603,596622
3603.1,596621
3603.2,596621
3603.3,596620
3603.4,596620
3603.5,596620
3603.6,596620
3603.7,596620
3603.8,596619
3603.9,596619
3604,596618
3604.1,596618
3604.2,596617
3604.3,596617
3604.4,596617
3604.5,596617
3604.6,596617
3604.7,596616
3604.8,596616
3604.9,596615
3605,596615
3605.1,596615
3605.2,596614
3605.3,596614
3605.4,596614
3605.5,596614
3605.6,596613
3605.7,596613
3605.8,596613
3605.9,596612
3606,596612
3606.1,596611
3606.2,596611
3606.3,596611
3606.4,596611
3606.5,596611
3606.6,596610
3606.7,596610
3606.8,596610
3606.9,596609
3607,596609
3607.1,596608
3607.2,596608
3607.3,596608
3607.4,596608
3607.5,596607
3607.6,596607
3607.7,596607
3607.8,596607
3607.9,596606
3608,596605
3608.1,596605
3608.2,596605
3608.3,596605
3608.4,596604
3608.5,596604
3608.6,596604
3608.7,596603
3608.8,596603
3608.9,596602
3609,596602
3609.1,596602
3609.2,596602
3609.3,596602
3609.4,596601
3609.5,596601
3609.6,596600
3609.7,596600
3609.8,596599
3609.9,596599
3610,596599
3610.1,596599
3610.2,596599
3610.3,596598
3610.4,596598
3610.5,596597
3610.6,596597
3610.7,596596
3610.8,596596
3610.9,596596
3611,596596
3611.1,596596
3611.2,596595
3611.3,596595
3611.4,596594
3611.5,596594
3611.6,596593
3611.7,596593
3611.8,596593
3611.9,596593
3612,596592
3612.1,596592
3612.2,596592
3612.3,596591
3612.4,596591
3612.5,596590
3612.6,596590
3612.7,596590
3612.8,596589
3612.9,596589
3613,596589
3613.1,596589
3613.2,596588
3613.3,596588
3613.4,596587
3613.5,596587
3613.6,596587
3613.7,596586
3613.8,596586
3613.9,596586
3614,596586
3614.1,596585
3614.2,596585
3614.3,596584
3614.4,596584
3614.5,596584
3614.6,596583
3614.7,596583
3614.8,596583
3614.9,596583
3615,596583
3615.1,596582
3615.2,596581
3615.3,596581
3615.4,596580
3615.5,596580
3615.6,596580
3615.7,596580
3615.8,596580
3615.9,596579
3616,596578
3616.1,596578
3616.2,596578
3616.3,596577
3616.4,596577
3616.5,596577
3616.6,596577
3616.7,596576
3616.8,596576
3616.9,596575
3617,596575
3617.1,596574
3617.2,596574
3617.3,596574
3617.4,596574
3617.5,596573
3617.6,596573
3617.7,596572
3617.8,596572
3617.9,596571
3618,596571
3618.1,596571
3618.2,596571
3618.3,596570
3618.4,596570
3618.5,596569
3618.6,596569
3618.7,596569
3618.8,596568
3618.9,596568
3619,596567
3619.1,596567
3619.2,596567
3619.3,596567
3619.4,596566
3619.5,596566
3619.6,596566
3619.7,596565
3619.8,596565
3619.9,596565
3620,596564
3620.1,596564
3620.2,596563
3620.3,596563
3620.4,596563
3620.5,596563
3620.6,596563
3620.7,596562
3620.8,596561
3620.9,596561
3621,596561
3621.1,596561
3621.2,596560
3621.3,596560
3621.4,596560
3621.5,596560
3621.6,596559
3621.7,596558
3621.8,596558
3621.9,596558
3622,596557
3622.1,596557
3622.2,596557
3622.3,596557
3622.4,596556
3622.5,596556
3622.6,596555
3622.7,596555
3622.8,596555
3622.9,596554
3623,596554
3623.1,596554
3623.2,596554
3623.3,596553
3623.4,596552
3623.5,596552
3623.6,596552
3623.7,596551
3623.8,596551
3623.9,596551
3624,596551
3624.1,596550
3624.2,596550
3624.3,596549
3624.4,596549
3624.5,596549
3624.6,596548
3624.7,596548
3624.8,596548
3624.9,596547
3625,596547
3625.1,596547
3625.2,596546
3625.3,596546
3625.4,596545
3625.5,596545
3625.6,596545
3625.7,596544
3625.8,596544
3625.9,596543
3626,596543
3626.1,596543
3626.2,596543
3626.3,596542
3626.4,596542
3626.5,596541
3626.6,596541
3626.7,596540
3626.8,596540
3626.9,596540
3627,596540
3627.1,596539
3627.2,596539
3627.3,596538
3627.4,596538
3627.5,596537
3627.6,596537
3627.7,596537
3627.8,596537
3627.9,596536
3628,596536
3628.1,596536
3628.2,596535
3628.3,596535
3628.4,596534
3628.5,596534
3628.6,596534
3628.7,596533
3628.8,596534
3628.9,596533
3629,596532
3629.1,596532
3629.2,596531
3629.3,596531
3629.4,596531
3629.5,596531
3629.6,596531
3629.7,596530
3629.8,596530
3629.9,596529
3630,596529
3630.1,596528
3630.2,596528
3630.3,596528
3630.4,596528
3630.5,596527
3630.6,596527
3630.7,596526
3630.8,596526
3630.9,596525
3631,596525
3631.1,596525
3631.2,596525
3631.3,596524
3631.4,596524
3631.5,596524
3631.6,596523
3631.7,596522
3631.8,596522
3631.9,596522
3632,596521
3632.1,596521
3632.2,596521
3632.3,596521
3632.4,596520
3632.5,596520
3632.6,596519
3632.7,596519
3632.8,596518
3632.9,596518
3633,596518
3633.1,596518
3633.2,596517
3633.3,596517
3633.4,596516
3633.5,596516
3633.6,596516
3633.7,596515
3633.8,596515
3633.9,596514
3634,596514
3634.1,596514
3634.2,596513
3634.3,596513
3634.4,596513
3634.5,596512
3634.6,596512
3634.7,596511
3634.8,596511
3634.9,596510
3635,596510
3635.1,596510
3635.2,596509
3635.3,596509
3635.4,596509
3635.5,596508
3635.6,596507
3635.7,596507
3635.8,596507
3635.9,596506
3636,596506
3636.1,596506
3636.2,596505
3636.3,596505
3636.4,596504
3636.5,596504
3636.6,596503
3636.7,596503
3636.8,596503
3636.9,596503
3637,596503
3637.1,596502
3637.2,596502
3637.3,596501
3637.4,596501
3637.5,596500
3637.6,596500
3637.7,596500
3637.8,596500
3637.9,596499
3638,596499
3638.1,596498
3638.2,596498
3638.3,596497
3638.4,596497
3638.5,596497
3638.6,596497
3638.7,596496
3638.8,596496
3638.9,596495
3639,596495
3639.1,596494
3639.2,596494
3639.3,596494
3639.4,596493
3639.5,596493
3639.6,596493
3639.7,596492
3639.8,596492
3639.9,596491
3640,596491
3640.1,596490
3640.2,596490
3640.3,596490
3640.4,596490
3640.5,596489
3640.6,596489
3640.7,596488
3640.8,596488
3640.9,596487
3641,596487
3641.1,596487
3641.2,596487
3641.3,596486
3641.4,596486
3641.5,596486
3641.6,596485
3641.7,596484
3641.8,596484
3641.9,596484
3642,596483
3642.1,596483
3642.2,596483
3642.3,596482
3642.4,596482
3642.5,596481
3642.6,596481
3642.7,596481
3642.8,596480
3642.9,596480
3643,596479
3643.1,596479
3643.2,596479
3643.3,596478
3643.4,596478
3643.5,596478
3643.6,596477
3643.7,596477
3643.8,596476
3643.9,596476
3644,596475
3644.1,596475
3644.2,596475
3644.3,596474
3644.4,596474
3644.5,596474
3644.6,596473
3644.7,596472
3644.8,596472
3644.9,596472
3645,596472
3645.1,596472
3645.2,596471
3645.3,596471
3645.4,596470
3645.5,596469
3645.6,596469
3645.7,596469
3645.8,596468
3645.9,596468
3646,596468
3646.1,596468
3646.2,596467
3646.3,596466
3646.4,596466
3646.5,596465
3646.6,596465
3646.7,596465
3646.8,596465
3646.9,596465
3647,596464
3647.1,596463
3647.2,596463
3647.3,596462
3647.4,596462
3647.5,596462
3647.6,596462
3647.7,596461
3647.8,596461
3647.9,596460
3648,596460
3648.1,596459
3648.2,596459
3648.3,596459
3648.4,596458
3648.5,596458
3648.6,596457
3648.7,596457
3648.8,596456
3648.9,596456
3649,596455
3649.1,596455
3649.2,596455
3649.3,596454
3649.4,596454
3649.5,596454
3649.6,596453
3649.7,596453
3649.8,596453
3649.9,596452
3650,596452
3650.1,596451
3650.2,596451
3650.3,596451
3650.4,596450
3650.5,596450
3650.6,596450
3650.7,596449
3650.8,596448
3650.9,596448
3651,596448
3651.1,596447
3651.2,596447
3651.3,596446
3651.4,596446
3651.5,596446
3651.6,596445
3651.7,596445
3651.8,596444
3651.9,596444
3652,596443
3652.1,596443
3652.2,596443
3652.3,596442
3652.4,596442
3652.5,596442
3652.6,596441
3652.7,596441
3652.8,596440
3652.9,596440
3653,596439
3653.1,596439
3653.2,596439
3653.3,596438
3653.4,596437
3653.5,596437
3653.6,596437
3653.7,596436
3653.8,596436
3653.9,596435
3654,596435
3654.1,596434
3654.2,596434
3654.3,596434
3654.4,596433
3654.5,596433
3654.6,596432
3654.7,596432
3654.8,596431
3654.9,596431
3655,596431
3655.1,596430
3655.2,596430
3655.3,596430
3655.4,596429
3655.5,596428
3655.6,596428
3655.7,596428
3655.8,596428
3655.9,596427
3656,596427
3656.1,596426
3656.2,596425
3656.3,596425
3656.4,596424
3656.5,596424
3656.6,596424
3656.7,596424
3656.8,596423
3656.9,596423
3657,596422
3657.1,596422
3657.2,596421
3657.3,596421
3657.4,596421
3657.5,596420
3657.6,596420
3657.7,596419
3657.8,596419
3657.9,596418
3658,596418
3658.1,596417
3658.2,596417
3658.3,596417
3658.4,596416
3658.5,596416
3658.6,596416
3658.7,596415
3658.8,596415
3658.9,596414
3659,596414
3659.1,596413
3659.2,596413
3659.3,596413
3659.4,596412
3659.5,596412
3659.6,596411
3659.7,596411
3659.8,596410
3659.9,596410
3660,596409
3660.1,596409
3660.2,596409
3660.3,596408
3660.4,596408
3660.5,596407
3660.6,596406
3660.7,596406
3660.8,596406
3660.9,596406
3661,596405
3661.1,596405
3661.2,596404
3661.3,596404
3661.4,596403
3661.5,596403
3661.6,596402
3661.7,596402
3661.8,596402
3661.9,596401
3662,596401
3662.1,596400
3662.2,596400
3662.3,596399
3662.4,596399
3662.5,596398
3662.6,596398
3662.7,596398
3662.8,596397
3662.9,596397
3663,596397
3663.1,596396
3663.2,596395
3663.3,596395
3663.4,596395
3663.5,596394
3663.6,596394
3663.7,596394
3663.8,596393
3663.9,596393
3664,596392
3664.1,596391
3664.2,596391
3664.3,596391
3664.4,596391
3664.5,596390
3664.6,596390
3664.7,596389
3664.8,596388
3664.9,596388
3665,596387
3665.1,596387
3665.2,596387
3665.3,596386
3665.4,596386
3665.5,596386
3665.6,596385
3665.7,596384
3665.8,596384
3665.9,596383
3666,596383
3666.1,596383
3666.2,596382
3666.3,596382
3666.4,596381
3666.5,596381
3666.6,596380
3666.7,596380
3666.8,596379
3666.9,596379
3667,596378
3667.1,596378
3667.2,596378
3667.3,596377
3667.4,596377
3667.5,596376
3667.6,596376
3667.7,596375
3667.8,596375
3667.9,596375
3668,596374
3668.1,596374
3668.2,596373
3668.3,596372
3668.4,596372
3668.5,596372
3668.6,596371
3668.7,596371
3668.8,596370
3668.9,596370
3669,596369
3669.1,596369
3669.2,596368
3669.3,596368
3669.4,596368
3669.5,596367
3669.6,596366
3669.7,596366
3669.8,596366
3669.9,596365
3670,596365
3670.1,596364
3670.2,596364
3670.3,596363
3670.4,596363
3670.5,596363
3670.6,596362
3670.7,596362
3670.8,596362
3670.9,596361
3671,596360
3671.1,596360
3671.2,596360
3671.3,596359
3671.4,596359
3671.5,596358
3671.6,596358
3671.7,596357
3671.8,596357
3671.9,596356
3672,596356
3672.1,596356
3672.2,596355
3672.3,596354
3672.4,596354
3672.5,596353
3672.6,596353
3672.7,596353
3672.8,596352
3672.9,596352
3673,596351
3673.1,596350
3673.2,596350
3673.3,596350
3673.4,596349
3673.5,596349
3673.6,596348
3673.7,596348
3673.8,596348
3673.9,596347
3674,596347
3674.1,596346
3674.2,596346
3674.3,596345
3674.4,596344
3674.5,596344
3674.6,596344
3674.7,596343
3674.8,596342
3674.9,596342
3675,596342
3675.1,596341
3675.2,596341
3675.3,596340
3675.4,596340
3675.5,596339
3675.6,596339
3675.7,596338
3675.8,596338
3675.9,596338
3676,596337
3676.1,596336
3676.2,596336
3676.3,596336
3676.4,596335
3676.5,596335
3676.6,596334
3676.7,596333
3676.8,596333
3676.9,596333
3677,596332
3677.1,596332
3677.2,596332
3677.3,596331
3677.4,596330
3677.5,596330
3677.6,596330
3677.7,596329
3677.8,596329
3677.9,596328
3678,596328
3678.1,596327
3678.2,596327
3678.3,596326
3678.4,596326
3678.5,596325
3678.6,596325
3678.7,596325
3678.8,596324
3678.9,596324
3679,596323
3679.1,596322
3679.2,596322
3679.3,596322
3679.4,596321
3679.5,596321
3679.6,596320
3679.7,596319
3679.8,596319
3679.9,596319
3680,596318
3680.1,596318
3680.2,596317
3680.3,596317
3680.4,596316
3680.5,596316
3680.6,596315
3680.7,596315
3680.8,596314
3680.9,596313
3681,596313
3681.1,596313
3681.2,596313
3681.3,596312
3681.4,596312
3681.5,596311
3681.6,596310
3681.7,596310
3681.8,596310
3681.9,596309
3682,596309
3682.1,596308
3682.2,596307
3682.3,596307
3682.4,596307
3682.5,596306
3682.6,596306
3682.7,596305
3682.8,596305
3682.9,596304
3683,596304
3683.1,596303
3683.2,596303
3683.3,596303
3683.4,596302
3683.5,596301
3683.6,596301
3683.7,596301
3683.8,596300
3683.9,596300
3684,596299
3684.1,596299
3684.2,596298
3684.3,596298
3684.4,596297
3684.5,596297
3684.6,596297
3684.7,596296
3684.8,596295
3684.9,596295
3685,596294
3685.1,596294
3685.2,596293
3685.3,596293
3685.4,596292
3685.5,596292
3685.6,596291
3685.7,596291
3685.8,596291
3685.9,596290
3686,596289
3686.1,596289
3686.2,596288
3686.3,596288
3686.4,596288
3686.5,596287
3686.6,596286
3686.7,596286
3686.8,596285
3686.9,596285
3687,596285
3687.1,596284
3687.2,596284
3687.3,596283
3687.4,596283
3687.5,596282
3687.6,596282
3687.7,596281
3687.8,596280
3687.9,596280
3688,596280
3688.1,596279
3688.2,596279
3688.3,596278
3688.4,596278
3688.5,596277
3688.6,596276
3688.7,596276
3688.8,596276
3688.9,596275
3689,596274
3689.1,596274
3689.2,596274
3689.3,596273
3689.4,596273
3689.5,596272
3689.6,596271
3689.7,596271
3689.8,596271
3689.9,596270
3690,596270
3690.1,596270
3690.2,596269
3690.3,596268
3690.4,596268
3690.5,596267
3690.6,596267
3690.7,596266
3690.8,596266
3690.9,596265
3691,596265
3691.1,596264
3691.2,596263
3691.3,596263
3691.4,596263
3691.5,596262
3691.6,596262
3691.7,596261
3691.8,596261
3691.9,596260
3692,596260
3692.1,596259
3692.2,596259
3692.3,596259
3692.4,596258
3692.5,596257
3692.6,596257
3692.7,596256
3692.8,596256
3692.9,596255
3693,596255
3693.1,596254
3693.2,596254
3693.3,596253
3693.4,596253
3693.5,596252
3693.6,596252
3693.7,596251
3693.8,596251
3693.9,596250
3694,596250
3694.1,596249
3694.2,596248
3694.3,596248
3694.4,596248
3694.5,596247
3694.6,596247
3694.7,596246
3694.8,596246
3694.9,596245
3695,596245
3695.1,596244
3695.2,596244
3695.3,596243
3695.4,596243
3695.5,596242
3695.6,596242
3695.7,596241
3695.8,596241
3695.9,596240
3696,596240
3696.1,596239
3696.2,596239
3696.3,596238
3696.4,596238
3696.5,596237
3696.6,596237
3696.7,596236
3696.8,596235
3696.9,596235
3697,596235
3697.1,596234
3697.2,596234
3697.3,596233
3697.4,596233
3697.5,596232
3697.6,596232
3697.7,596231
3697.8,596230
3697.9,596230
3698,596230
3698.1,596229
3698.2,596229
3698.3,596228
3698.4,596228
3698.5,596227
3698.6,596226
3698.7,596226
3698.8,596226
3698.9,596226
3699,596225
3699.1,596224
3699.2,596224
3699.3,596223
3699.4,596223
3699.5,596222
3699.6,596221
3699.7,596221
3699.8,596221
3699.9,596220
3700,596220
3700.1,596219
3700.2,596218
3700.3,596218
3700.4,596217
3700.5,596217
3700.6,596217
3700.7,596216
3700.8,596216
3700.9,596215
3701,596214
3701.1,596214
3701.2,596213
3701.3,596213
3701.4,596212
3701.5,596212
3701.6,596212
3701.7,596211
3701.8,596211
3701.9,596210
3702,596209
3702.1,596209
3702.2,596208
3702.3,596208
3702.4,596208
3702.5,596207
3702.6,596206
3702.7,596206
3702.8,596205
3702.9,596204
3703,596204
3703.1,596204
3703.2,596203
3703.3,596203
3703.4,596202
3703.5,596201
3703.6,596201
3703.7,596200
3703.8,596200
3703.9,596200
3704,596199
3704.1,596199
3704.2,596198
3704.3,596198
3704.4,596197
3704.5,596196
3704.6,596195
3704.7,596195
3704.8,596195
3704.9,596194
3705,596194
3705.1,596193
3705.2,596192
3705.3,596192
3705.4,596191
3705.5,596191
3705.6,596190
3705.7,596190
3705.8,596190
3705.9,596189
3706,596189
3706.1,596188
3706.2,596187
3706.3,596187
3706.4,596186
3706.5,596186
3706.6,596186
3706.7,596185
3706.8,596185
3706.9,596184
3707,596183
3707.1,596183
3707.2,596182
3707.3,596182
3707.4,596181
3707.5,596181
3707.6,596180
3707.7,596180
3707.8,596179
3707.9,596179
3708,596178
3708.1,596177
3708.2,596177
3708.3,596176
3708.4,596176
3708.5,596176
3708.6,596175
3708.7,596174
3708.8,596174
3708.9,596173
3709,596173
3709.1,596172
3709.2,596172
3709.3,596171
3709.4,596171
3709.5,596170
3709.6,596170
3709.7,596169
3709.8,596168
3709.9,596168
3710,596167
3710.1,596167
3710.2,596167
3710.3,596166
3710.4,596165
3710.5,596165
3710.6,596164
3710.7,596164
3710.8,596163
3710.9,596163
3711,596162
3711.1,596162
3711.2,596161
3711.3,596161
3711.4,596160
3711.5,596159
3711.6,596159
3711.7,596158
3711.8,596158
3711.9,596157
3712,596157
3712.1,596156
3712.2,596155
3712.3,596155
3712.4,596155
3712.5,596154
3712.6,596153
3712.7,596153
3712.8,596152
3712.9,596152
3713,596152
3713.1,596151
3713.2,596150
3713.3,596150
3713.4,596149
3713.5,596149
3713.6,596148
3713.7,596147
3713.8,596147
3713.9,596147
3714,596146
3714.1,596145
3714.2,596145
3714.3,596144
3714.4,596144
3714.5,596143
3714.6,596142
3714.7,596142
3714.8,596142
3714.9,596141
3715,596141
3715.1,596140
3715.2,596139
3715.3,596139
3715.4,596138
3715.5,596138
3715.6,596138
3715.7,596137
3715.8,596136
3715.9,596136
3716,596135
3716.1,596135
3716.2,596134
3716.3,596133
3716.4,596133
3716.5,596133
3716.6,596132
3716.7,596132
3716.8,596131
3716.9,596130
3717,596130
3717.1,596129
3717.2,596129
3717.3,596128
3717.4,596128
3717.5,596127
3717.6,596127
3717.7,596126
3717.8,596126
3717.9,596125
3718,596124
3718.1,596124
3718.2,596124
3718.3,596123
3718.4,596123
3718.5,596122
3718.6,596121
3718.7,596121
3718.8,596120
3718.9,596120
3719,596119
3719.1,596119
3719.2,596118
3719.3,596118
3719.4,596117
3719.5,596117
3719.6,596116
3719.7,596115
3719.8,596115
3719.9,596114
3720,596114
3720.1,596114
3720.2,596113
3720.3,596112
3720.4,596111
3720.5,596111
3720.6,596110
3720.7,596110
3720.8,596109
3720.9,596109
3721,596108
3721.1,596108
3721.2,596107
3721.3,596106
3721.4,596106
3721.5,596105
3721.6,596105
3721.7,596105
3721.8,596104
3721.9,596103
3722,596103
3722.1,596102
3722.2,596101
3722.3,596100
3722.4,596100
3722.5,596100
3722.6,596099
3722.7,596099
3722.8,596098
3722.9,596097
3723,596096
3723.1,596096
3723.2,596095
3723.3,596095
3723.4,596095
3723.5,596094
3723.6,596093
3723.7,596093
3723.8,596093
3723.9,596092
3724,596091
3724.1,596091
3724.2,596090
3724.3,596090
3724.4,596089
3724.5,596088
3724.6,596088
3724.7,596088
3724.8,596087
3724.9,596087
3725,596086
3725.1,596085
3725.2,596085
3725.3,596084
3725.4,596083
3725.5,596083
3725.6,596083
3725.7,596082
3725.8,596082
3725.9,596081
3726,596080
3726.1,596079
3726.2,596079
3726.3,596078
3726.4,596078
3726.5,596078
3726.6,596077
3726.7,596077
3726.8,596076
3726.9,596075
3727,596074
3727.1,596074
3727.2,596074
3727.3,596073
3727.4,596073
3727.5,596073
3727.6,596072
3727.7,596071
3727.8,596070
3727.9,596070
3728,596069
3728.1,596069
3728.2,596068
3728.3,596068
3728.4,596067
3728.5,596067
3728.6,596066
3728.7,596065
3728.8,596065
3728.9,596064
3729,596064
3729.1,596064
3729.2,596063
3729.3,596062
3729.4,596061
3729.5,596061
3729.6,596060
3729.7,596059
3729.8,596059
3729.9,596059
3730,596058
3730.1,596058
3730.2,596057
3730.3,596056
3730.4,596055
3730.5,596055
3730.6,596054
3730.7,596054
3730.8,596053
3730.9,596053
3731,596052
3731.1,596052
3731.2,596051
3731.3,596050
3731.4,596050
3731.5,596049
3731.6,596049
3731.7,596048
3731.8,596048
3731.9,596047
3732,596046
3732.1,596046
3732.2,596045
3732.3,596045
3732.4,596044
3732.5,596044
3732.6,596043
3732.7,596043
3732.8,596042
3732.9,596041
3733,596041
3733.1,596040
3733.2,596040
3733.3,596039
3733.4,596038
3733.5,596038
3733.6,596037
3733.7,596037
3733.8,596036
3733.9,596035
3734,596035
3734.1,596034
3734.2,596033
3734.3,596033
3734.4,596032
3734.5,596032
3734.6,596031
3734.7,596031
3734.8,596030
3734.9,596029
3735,596028
3735.1,596028
3735.2,596027
3735.3,596026
3735.4,596026
3735.5,596026
3735.6,596025
3735.7,596025
3735.8,596024
3735.9,596023
3736,596023
3736.1,596022
3736.2,596021
3736.3,596021
3736.4,596021
3736.5,596020
3736.6,596020
3736.7,596019
3736.8,596018
3736.9,596017
3737,596017
3737.1,596016
3737.2,596016
3737.3,596015
3737.4,596015
3737.5,596014
3737.6,596013
3737.7,596013
3737.8,596012
3737.9,596012
3738,596011
3738.1,596011
3738.2,596010
3738.3,596009
3738.4,596009
3738.5,596008
3738.6,596007
3738.7,596007
3738.8,596006
3738.9,596006
3739,596005
3739.1,596005
3739.2,596004
3739.3,596003
3739.4,596003
3739.5,596002
3739.6,596002
3739.7,596001
3739.8,596000
3739.9,596000
3740,595999
3740.1,595999
3740.2,595997
3740.3,595997
3740.4,595996
3740.5,595996
3740.6,595995
3740.7,595994
3740.8,595994
3740.9,595993
3741,595993
3741.1,595992
3741.2,595992
3741.3,595991
3741.4,595990
3741.5,595990
3741.6,595989
3741.7,595988
3741.8,595988
3741.9,595988
3742,595987
3742.1,595987
3742.2,595986
3742.3,595985
3742.4,595984
3742.5,595984
3742.6,595983
3742.7,595983
3742.8,595982
3742.9,595982
3743,595981
3743.1,595981
3743.2,595980
3743.3,595979
3743.4,595978
3743.5,595978
3743.6,595978
3743.7,595977
3743.8,595977
3743.9,595976
3744,595975
3744.1,595974
3744.2,595974
3744.3,595973
3744.4,595972
3744.5,595972
3744.6,595972
3744.7,595971
3744.8,595970
3744.9,595970
3745,595969
3745.1,595968
3745.2,595968
3745.3,595967
3745.4,595967
3745.5,595966
3745.6,595965
3745.7,595965
3745.8,595964
3745.9,595964
3746,595963
3746.1,595962
3746.2,595962
3746.3,595961
3746.4,595961
3746.5,595960
3746.6,595959
3746.7,595959
3746.8,595958
3746.9,595957
3747,595957
3747.1,595956
3747.2,595955
3747.3,595955
3747.4,595954
3747.5,595954
3747.6,595953
3747.7,595952
3747.8,595952
3747.9,595951
3748,595950
3748.1,595950
3748.2,595949
3748.3,595949
3748.4,595948
3748.5,595948
3748.6,595947
3748.7,595946
3748.8,595945
3748.9,595944
3749,595944
3749.1,595944
3749.2,595943
3749.3,595943
3749.4,595942
3749.5,595941
3749.6,595940
3749.7,595940
3749.8,595939
3749.9,595938
3750,595938
3750.1,595937
3750.2,595937
3750.3,595936
3750.4,595935
3750.5,595934
3750.6,595934
3750.7,595933
3750.8,595932
3750.9,595932
3751,595932
3751.1,595931
3751.2,595930
3751.3,595930
3751.4,595929
3751.5,595928
3751.6,595928
3751.7,595927
3751.8,595926
3751.9,595926
3752,595925
3752.1,595925
3752.2,595924
3752.3,595923
3752.4,595923
3752.5,595922
3752.6,595922
3752.7,595922
3752.8,595920
3752.9,595920
3753,595919
3753.1,595919
3753.2,595918
3753.3,595917
3753.4,595917
3753.5,595916
3753.6,595916
3753.7,595915
3753.8,595914
3753.9,595914
3754,595913
3754.1,595913
3754.2,595913
3754.3,595912
3754.4,595911
3754.5,595910
3754.6,595910
3754.7,595909
3754.8,595908
3754.9,595908
3755,595908
3755.1,595907
3755.2,595906
3755.3,595905
3755.4,595905
3755.5,595904
3755.6,595903
3755.7,595903
3755.8,595903
3755.9,595902
3756,595901
3756.1,595900
3756.2,595900
3756.3,595899
3756.4,595898
3756.5,595898
3756.6,595897
3756.7,595897
3756.8,595896
3756.9,595896
3757,595895
3757.1,595894
3757.2,595894
3757.3,595893
3757.4,595893
3757.5,595892
3757.6,595891
3757.7,595891
3757.8,595890
3757.9,595889
3758,595888
3758.1,595888
3758.2,595888
3758.3,595887
3758.4,595886
3758.5,595885
3758.6,595885
3758.7,595885
3758.8,595884
3758.9,595884
3759,595883
3759.1,595882
3759.2,595882
3759.3,595881
3759.4,595880
3759.5,595879
3759.6,595879
3759.7,595879
3759.8,595878
3759.9,595878
3760,595877
3760.1,595876
3760.2,595875
3760.3,595875
3760.4,595874
3760.5,595873
3760.6,595873
3760.7,595872
3760.8,595872
3760.9,595870
3761,595870
3761.1,595869
3761.2,595869
3761.3,595868
3761.4,595867
3761.5,595867
3761.6,595866
3761.7,595865
3761.8,595865
3761.9,595864
3762,595863
3762.1,595863
3762.2,595862
3762.3,595861
3762.4,595861
3762.5,595860
3762.6,595859
3762.7,595859
3762.8,595858
3762.9,595857
3763,595857
3763.1,595856
3763.2,595855
3763.3,595855
3763.4,595854
3763.5,595854
3763.6,595853
3763.7,595852
3763.8,595852
3763.9,595851
3764,595850
3764.1,595849
3764.2,595849
3764.3,595848
3764.4,595847
3764.5,595847
3764.6,595846
3764.7,595845
3764.8,595844
3764.9,595844
3765,595843
3765.1,595843
3765.2,595842
3765.3,595841
3765.4,595841
3765.5,595840
3765.6,595839
3765.7,595838
3765.8,595838
3765.9,595837
3766,595837
3766.1,595836
3766.2,595836
3766.3,595835
3766.4,595834
3766.5,595833
3766.6,595832
3766.7,595832
3766.8,595831
3766.9,595831
3767,595831
3767.1,595830
3767.2,595829
3767.3,595828
3767.4,595828
3767.5,595827
3767.6,595826
3767.7,595826
3767.8,595825
3767.9,595824
3768,595824
3768.1,595823
3768.2,595823
3768.3,595822
3768.4,595821
3768.5,595820
3768.6,595820
3768.7,595819
3768.8,595818
3768.9,595818
3769,595817
3769.1,595816
3769.2,595816
3769.3,595815
3769.4,595815
3769.5,595814
3769.6,595813
3769.7,595813
3769.8,595812
3769.9,595811
3770,595811
3770.1,595810
3770.2,595810
3770.3,595809
3770.4,595808
3770.5,595807
3770.6,595807
3770.7,595806
3770.8,595805
3770.9,595805
3771,595804
3771.1,595804
3771.2,595803
3771.3,595802
3771.4,595801
3771.5,595801
3771.6,595800
3771.7,595800
3771.8,595799
3771.9,595798
3772,595798
3772.1,595797
3772.2,595796
3772.3,595795
3772.4,595795
3772.5,595795
3772.6,595793
3772.7,595793
3772.8,595792
3772.9,595792
3773,595791
3773.1,595790
3773.2,595789
3773.3,595789
3773.4,595788
3773.5,595787
3773.6,595786
3773.7,595786
3773.8,595785
3773.9,595785
3774,595784
3774.1,595784
3774.2,595783
3774.3,595782
3774.4,595781
3774.5,595780
3774.6,595780
3774.7,595779
3774.8,595779
3774.9,595778
3775,595778
3775.1,595776
3775.2,595776
3775.3,595775
3775.4,595774
3775.5,595774
3775.6,595773
3775.7,595773
3775.8,595772
3775.9,595772
3776,595770
3776.1,595770
3776.2,595769
3776.3,595769
3776.4,595768
3776.5,595767
3776.6,595767
3776.7,595766
3776.8,595765
3776.9,595765
3777,595764
3777.1,595764
3777.2,595763
3777.3,595762
3777.4,595761
3777.5,595761
3777.6,595760
3777.7,595760
3777.8,595759
3777.9,595758
3778,595758
3778.1,595757
3778.2,595756
3778.3,595755
3778.4,595754
3778.5,595754
3778.6,595753
3778.7,595753
3778.8,595752
3778.9,595751
3779,595751
3779.1,595750
3779.2,595749
3779.3,595748
3779.4,595748
3779.5,595747
3779.6,595747
3779.7,595746
3779.8,595745
3779.9,595745
3780,595744
3780.1,595743
3780.2,595742
3780.3,595742
3780.4,595741
3780.5,595741
3780.6,595740
3780.7,595739
3780.8,595739
3780.9,595738
3781,595737
3781.1,595736
3781.2,595736
3781.3,595735
3781.4,595734
3781.5,595734
3781.6,595733
3781.7,595733
3781.8,595732
3781.9,595731
3782,595731
3782.1,595730
3782.2,595729
3782.3,595728
3782.4,595728
3782.5,595727
3782.6,595726
3782.7,595726
3782.8,595725
3782.9,595724
3783,595723
3783.1,595723
3783.2,595722
3783.3,595721
3783.4,595721
3783.5,595720
3783.6,595720
3783.7,595719
3783.8,595718
3783.9,595717
3784,595716
3784.1,595716
3784.2,595715
3784.3,595714
3784.4,595714
3784.5,595713
3784.6,595713
3784.7,595712
3784.8,595711
3784.9,595710
3785,595710
3785.1,595709
3785.2,595708
3785.3,595708
3785.4,595707
3785.5,595706
3785.6,595706
3785.7,595705
3785.8,595704
3785.9,595704
3786,595703
3786.1,595702
3786.2,595702
3786.3,595701
3786.4,595700
3786.5,595700
3786.6,595699
3786.7,595698
3786.8,595698
3786.9,595696
3787,595696
3787.1,595695
3787.2,595695
3787.3,595694
3787.4,595694
3787.5,595693
3787.6,595692
3787.7,595691
3787.8,595690
3787.9,595690
3788,595689
3788.1,595689
3788.2,595688
3788.3,595687
3788.4,595686
3788.5,595686
3788.6,595685
3788.7,595684
3788.8,595684
3788.9,595683
3789,595683
3789.1,595682
3789.2,595681
3789.3,595680
3789.4,595680
3789.5,595679
3789.6,595678
3789.7,595678
3789.8,595677
3789.9,595676
3790,595675
3790.1,595674
3790.2,595674
3790.3,595673
3790.4,595673
3790.5,595672
3790.6,595671
3790.7,595670
3790.8,595669
3790.9,595669
3791,595668
3791.1,595667
3791.2,595667
3791.3,595666
3791.4,595666
3791.5,595665
3791.6,595664
3791.7,595663
3791.8,595663
3791.9,595662
3792,595661
3792.1,595661
3792.2,595660
3792.3,595659
3792.4,595658
3792.5,595658
3792.6,595657
3792.7,595657
3792.8,595656
3792.9,595655
3793,595654
3793.1,595653
3793.2,595653
3793.3,595652
3793.4,595652
3793.5,595651
3793.6,595650
3793.7,595649
3793.8,595648
3793.9,595648
3794,595647
3794.1,595646
3794.2,595646
3794.3,595645
3794.4,595645
3794.5,595644
3794.6,595643
3794.7,595642
3794.8,595641
3794.9,595640
3795,595640
3795.1,595639
3795.2,595639
3795.3,595638
3795.4,595637
3795.5,595636
3795.6,595636
3795.7,595635
3795.8,595634
3795.9,595634
3796,595633
3796.1,595632
3796.2,595631
3796.3,595631
3796.4,595630
3796.5,595630
3796.6,595628
3796.7,595628
3796.8,595627
3796.9,595626
3797,595625
3797.1,595625
3797.2,595624
3797.3,595624
3797.4,595623
3797.5,595622
3797.6,595621
3797.7,595621
3797.8,595620
3797.9,595619
3798,595618
3798.1,595618
3798.2,595618
3798.3,595617
3798.4,595616
3798.5,595615
3798.6,595615
3798.7,595614
3798.8,595613
3798.9,595612
3799,595612
3799.1,595611
3799.2,595610
3799.3,595609
3799.4,595609
3799.5,595608
3799.6,595607
3799.7,595607
3799.8,595606
3799.9,595605
3800,595604
3800.1,595604
3800.2,595603
3800.3,595602
3800.4,595602
3800.5,595601
3800.6,595601
3800.7,595599
3800.8,595599
3800.9,595598
3801,595597
3801.1,595596
3801.2,595596
3801.3,595596
3801.4,595595
3801.5,595594
3801.6,595593
3801.7,595592
3801.8,595592
3801.9,595591
3802,595590
3802.1,595590
3802.2,595589
3802.3,595588
3802.4,595587
3802.5,595587
3802.6,595586
3802.7,595585
3802.8,595584
3802.9,595584
3803,595583
3803.1,595583
3803.2,595582
3803.3,595581
3803.4,595580
3803.5,595580
3803.6,595579
3803.7,595578
3803.8,595577
3803.9,595577
3804,595576
3804.1,595575
3804.2,595574
3804.3,595574
3804.4,595574
3804.5,595573
3804.6,595572
3804.7,595571
3804.8,595570
3804.9,595569
3805,595569
3805.1,595568
3805.2,595568
3805.3,595567
3805.4,595566
3805.5,595565
3805.6,595565
3805.7,595564
3805.8,595563
3805.9,595562
3806,595562
3806.1,595561
3806.2,595560
3806.3,595559
3806.4,595559
3806.5,595558
3806.6,595557
3806.7,595557
3806.8,595556
3806.9,595555
3807,595554
3807.1,595553
3807.2,595553
3807.3,595552
3807.4,595552
3807.5,595551
3807.6,595550
3807.7,595549
3807.8,595548
3807.9,595548
3808,595547
3808.1,595546
3808.2,595546
3808.3,595545
3808.4,595544
3808.5,595543
3808.6,595542
3808.7,595542
3808.8,595541
3808.9,595540
3809,595540
3809.1,595539
3809.2,595538
3809.3,595537
3809.4,595537
3809.5,595536
3809.6,595535
3809.7,595535
3809.8,595534
3809.9,595533
3810,595532
3810.1,595531
3810.2,595531
3810.3,595530
3810.4,595530
3810.5,595529
3810.6,595528
3810.7,595527
3810.8,595527
3810.9,595525
3811,595525
3811.1,595524
3811.2,595524
3811.3,595523
3811.4,595522
3811.5,595521
3811.6,595521
3811.7,595520
3811.8,595519
3811.9,595518
3812,595518
3812.1,595517
3812.2,595516
3812.3,595515
3812.4,595515
3812.5,595514
3812.6,595513
3812.7,595512
3812.8,595512
3812.9,595511
3813,595510
3813.1,595509
3813.2,595509
3813.3,595508
3813.4,595507
3813.5,595506
3813.6,595506
3813.7,595505
3813.8,595504
3813.9,595503
3814,595503
3814.1,595502
3814.2,595501
3814.3,595501
3814.4,595500
3814.5,595499
3814.6,595498
3814.7,595497
3814.8,595496
3814.9,595496
3815,595495
3815.1,595495
3815.2,595494
3815.3,595493
3815.4,595492
3815.5,595491
3815.6,595490
3815.7,595490
3815.8,595489
3815.9,595489
3816,595488
3816.1,595487
3816.2,595486
3816.3,595486
3816.4,595485
3816.5,595484
3816.6,595484
3816.7,595483
3816.8,595482
3816.9,595481
3817,595480
3817.1,595479
3817.2,595479
3817.3,595478
3817.4,595478
3817.5,595477
3817.6,595476
3817.7,595475
3817.8,595474
3817.9,595474
3818,595473
3818.1,595472
3818.2,595472
3818.3,595471
3818.4,595470
3818.5,595469
3818.6,595468
3818.7,595468
3818.8,595467
3818.9,595466
3819,595465
3819.1,595465
3819.2,595464
3819.3,595463
3819.4,595462
3819.5,595462
3819.6,595461
3819.7,595460
3819.8,595459
3819.9,595458
3820,595457
3820.1,595457
3820.2,595456
3820.3,595456
3820.4,595455
3820.5,595454
3820.6,595453
3820.7,595452
3820.8,595451
3820.9,595451
3821,595450
3821.1,595449
3821.2,595449
3821.3,595448
3821.4,595447
3821.5,595447
3821.6,595445
3821.7,595445
3821.8,595444
3821.9,595444
3822,595443
3822.1,595442
3822.2,595441
3822.3,595440
3822.4,595440
3822.5,595439
3822.6,595438
3822.7,595437
3822.8,595437
3822.9,595436
3823,595435
3823.1,595434
3823.2,595434
3823.3,595433
3823.4,595432
3823.5,595431
3823.6,595431
3823.7,595430
3823.8,595429
3823.9,595428
3824,595427
3824.1,595427
3824.2,595426
3824.3,595425
3824.4,595425
3824.5,595424
3824.6,595423
3824.7,595422
3824.8,595421
3824.9,595421
3825,595420
3825.1,595419
3825.2,595418
3825.3,595417
3825.4,595417
3825.5,595416
3825.6,595415
3825.7,595415
3825.8,595414
3825.9,595413
3826,595412
3826.1,595411
3826.2,595410
3826.3,595410
3826.4,595409
3826.5,595408
3826.6,595407
3826.7,595406
3826.8,595406
3826.9,595405
3827,595404
3827.1,595403
3827.2,595403
3827.3,595402
3827.4,595401
3827.5,595400
3827.6,595400
3827.7,595399
3827.8,595398
3827.9,595397
3828,595397
3828.1,595396
3828.2,595395
3828.3,595394
3828.4,595393
3828.5,595393
3828.6,595392
3828.7,595391
3828.8,595391
3828.9,595389
3829,595389
3829.1,595388
3829.2,595387
3829.3,595386
3829.4,595386
3829.5,595385
3829.6,595385
3829.7,595383
3829.8,595383
3829.9,595382
3830,595381
3830.1,595380
3830.2,595380
3830.3,595379
3830.4,595378
3830.5,595377
3830.6,595376
3830.7,595375
3830.8,595375
3830.9,595374
3831,595374
3831.1,595373
3831.2,595372
3831.3,595371
3831.4,595370
3831.5,595369
3831.6,595369
3831.7,595368
3831.8,595367
3831.9,595366
3832,595366
3832.1,595365
3832.2,595364
3832.3,595363
3832.4,595363
3832.5,595362
3832.6,595361
3832.7,595360
3832.8,595360
3832.9,595359
3833,595358
3833.1,595357
3833.2,595357
3833.3,595356
3833.4,595355
3833.5,595354
3833.6,595353
3833.7,595353
3833.8,595352
3833.9,595351
3834,595351
3834.1,595350
3834.2,595349
3834.3,595348
3834.4,595347
3834.5,595347
3834.6,595346
3834.7,595345
3834.8,595344
3834.9,595344
3835,595342
3835.1,595342
3835.2,595341
3835.3,595340
3835.4,595340
3835.5,595339
3835.6,595338
3835.7,595337
3835.8,595336
3835.9,595335
3836,595335
3836.1,595334
3836.2,595333
3836.3,595332
3836.4,595332
3836.5,595331
3836.6,595330
3836.7,595329
3836.8,595329
3836.9,595328
3837,595327
3837.1,595326
3837.2,595325
3837.3,595324
3837.4,595323
3837.5,595322
3837.6,595322
3837.7,595321
3837.8,595320
3837.9,595319
3838,595319
3838.1,595318
3838.2,595317
3838.3,595316
3838.4,595316
3838.5,595315
3838.6,595314
3838.7,595313
3838.8,595312
3838.9,595311
3839,595310
3839.1,595310
3839.2,595309
3839.3,595308
3839.4,595307
3839.5,595307
3839.6,595306
3839.7,595305
3839.8,595304
3839.9,595304
3840,595303
3840.1,595302
3840.2,595301
3840.3,595300
3840.4,595299
3840.5,595299
3840.6,595298
3840.7,595297
3840.8,595296
3840.9,595295
3841,595295
3841.1,595294
3841.2,595293
3841.3,595292
3841.4,595292
3841.5,595291
3841.6,595290
3841.7,595289
3841.8,595288
3841.9,595288
3842,595287
3842.1,595286
3842.2,595286
3842.3,595285
3842.4,595284
3842.5,595283
3842.6,595282
3842.7,595281
3842.8,595280
3842.9,595280
3843,595279
3843.1,595278
3843.2,595277
3843.3,595276
3843.4,595276
3843.5,595275
3843.6,595274
3843.7,595273
3843.8,595273
3843.9,595271
3844,595271
3844.1,595270
3844.2,595269
3844.3,595268
3844.4,595268
3844.5,595267
3844.6,595266
3844.7,595265
3844.8,595264
3844.9,595263
3845,595263
3845.1,595262
3845.2,595261
3845.3,595260
3845.4,595259
3845.5,595258
3845.6,595257
3845.7,595257
3845.8,595256
3845.9,595256
3846,595254
3846.1,595254
3846.2,595253
3846.3,595252
3846.4,595251
3846.5,595251
3846.6,595250
3846.7,595249
3846.8,595248
3846.9,595247
3847,595246
3847.1,595245
3847.2,595245
3847.3,595244
3847.4,595244
3847.5,595242
3847.6,595242
3847.7,595241
3847.8,595240
3847.9,595239
3848,595239
3848.1,595238
3848.2,595237
3848.3,595236
3848.4,595235
3848.5,595234
3848.6,595233
3848.7,595233
3848.8,595232
3848.9,595231
3849,595230
3849.1,595229
3849.2,595228
3849.3,595227
3849.4,595227
3849.5,595226
3849.6,595226
3849.7,595224
3849.8,595223
3849.9,595223
3850,595222
3850.1,595221
3850.2,595220
3850.3,595220
3850.4,595219
3850.5,595218
3850.6,595217
3850.7,595216
3850.8,595215
3850.9,595214
3851,595214
3851.1,595213
3851.2,595212
3851.3,595211
3851.4,595211
3851.5,595210
3851.6,595209
3851.7,595208
3851.8,595208
3851.9,595207
3852,595206
3852.1,595205
3852.2,595204
3852.3,595203
3852.4,595203
3852.5,595202
3852.6,595201
3852.7,595200
3852.8,595199
3852.9,595198
3853,595197
3853.1,595197
3853.2,595196
3853.3,595195
3853.4,595194
3853.5,595193
3853.6,595192
3853.7,595192
3853.8,595191
3853.9,595190
3854,595189
3854.1,595188
3854.2,595187
3854.3,595186
3854.4,595186
3854.5,595185
3854.6,595184
3854.7,595183
3854.8,595183
3854.9,595182
3855,595181
3855.1,595180
3855.2,595179
3855.3,595179
3855.4,595178
3855.5,595177
3855.6,595176
3855.7,595175
3855.8,595174
3855.9,595174
3856,595173
3856.1,595172
3856.2,595171
3856.3,595170
3856.4,595170
3856.5,595169
3856.6,595168
3856.7,595167
3856.8,595166
3856.9,595165
3857,595165
3857.1,595164
3857.2,595163
3857.3,595162
3857.4,595161
3857.5,595161
3857.6,595160
3857.7,595159
3857.8,595158
3857.9,595157
3858,595156
3858.1,595155
3858.2,595155
3858.3,595154
3858.4,595153
3858.5,595152
3858.6,595151
3858.7,595150
3858.8,595150
3858.9,595148
3859,595148
3859.1,595147
3859.2,595147
3859.3,595146
3859.4,595145
3859.5,595144
3859.6,595143
3859.7,595142
3859.8,595142
3859.9,595141
3860,595140
3860.1,595139
3860.2,595138
3860.3,595137
3860.4,595136
3860.5,595136
3860.6,595135
3860.7,595134
3860.8,595133
3860.9,595132
3861,595131
3861.1,595130
3861.2,595130
3861.3,595129
3861.4,595128
3861.5,595127
3861.6,595126
3861.7,595125
3861.8,595125
3861.9,595124
3862,595123
3862.1,595123
3862.2,595121
3862.3,595120
3862.4,595120
3862.5,595119
3862.6,595118
3862.7,595117
3862.8,595117
3862.9,595115
3863,595114
3863.1,595114
3863.2,595113
3863.3,595112
3863.4,595111
3863.5,595111
3863.6,595110
3863.7,595109
3863.8,595108
3863.9,595107
3864,595106
3864.1,595105
3864.2,595105
3864.3,595104
3864.4,595103
3864.5,595102
3864.6,595101
3864.7,595100
3864.8,595100
3864.9,595099
3865,595098
3865.1,595097
3865.2,595096
3865.3,595095
3865.4,595094
3865.5,595093
3865.6,595093
3865.7,595092
3865.8,595091
3865.9,595090
3866,595089
3866.1,595088
3866.2,595088
3866.3,595087
3866.4,595086
3866.5,595086
3866.6,595084
3866.7,595083
3866.8,595083
3866.9,595082
3867,595081
3867.1,595080
3867.2,595080
3867.3,595078
3867.4,595077
3867.5,595077
3867.6,595076
3867.7,595075
3867.8,595074
3867.9,595074
3868,595073
3868.1,595072
3868.2,595071
3868.3,595070
3868.4,595069
3868.5,595068
3868.6,595068
3868.7,595067
3868.8,595066
3868.9,595065
3869,595064
3869.1,595063
3869.2,595062
3869.3,595062
3869.4,595061
3869.5,595060
3869.6,595059
3869.7,595058
3869.8,595057
3869.9,595056
3870,595056
3870.1,595055
3870.2,595054
3870.3,595053
3870.4,595052
3870.5,595051
3870.6,595050
3870.7,595049
3870.8,595049
3870.9,595048
3871,595047
3871.1,595046
3871.2,595045
3871.3,595044
3871.4,595043
3871.5,595043
3871.6,595042
3871.7,595041
3871.8,595040
3871.9,595039
3872,595038
3872.1,595037
3872.2,595037
3872.3,595036
3872.4,595035
3872.5,595034
3872.6,595033
3872.7,595032
3872.8,595031
3872.9,595030
3873,595030
3873.1,595029
3873.2,595028
3873.3,595027
3873.4,595026
3873.5,595026
3873.6,595025
3873.7,595024
3873.8,595023
3873.9,595022
3874,595021
3874.1,595021
3874.2,595020
3874.3,595019
3874.4,595018
3874.5,595017
3874.6,595016
3874.7,595015
3874.8,595015
3874.9,595014
3875,595013
3875.1,595012
3875.2,595011
3875.3,595010
3875.4,595009
3875.5,595008
3875.6,595007
3875.7,595006
3875.8,595006
3875.9,595005
3876,595004
3876.1,595003
3876.2,595002
3876.3,595002
3876.4,595001
3876.5,595000
3876.6,594999
3876.7,594998
3876.8,594997
3876.9,594996
3877,594996
3877.1,594995
3877.2,594994
3877.3,594993
3877.4,594992
3877.5,594991
3877.6,594990
3877.7,594990
3877.8,594988
3877.9,594988
3878,594987
3878.1,594986
3878.2,594985
3878.3,594984
3878.4,594983
3878.5,594982
3878.6,594981
3878.7,594981
3878.8,594980
3878.9,594979
3879,594978
3879.1,594977
3879.2,594976
3879.3,594976
3879.4,594975
3879.5,594974
3879.6,594973
3879.7,594972
3879.8,594971
3879.9,594970
3880,594969
3880.1,594968
3880.2,594968
3880.3,594967
3880.4,594966
3880.5,594965
3880.6,594964
3880.7,594963
3880.8,594962
3880.9,594962
3881,594961
3881.1,594960
3881.2,594959
3881.3,594958
3881.4,594957
3881.5,594956
3881.6,594956
3881.7,594955
3881.8,594954
3881.9,594953
3882,594952
3882.1,594951
3882.2,594950
3882.3,594949
3882.4,594949
3882.5,594948
3882.6,594947
3882.7,594946
3882.8,594945
3882.9,594944
3883,594943
3883.1,594943
3883.2,594942
3883.3,594941
3883.4,594940
3883.5,594939
3883.6,594938
3883.7,594937
3883.8,594937
3883.9,594936
3884,594935
3884.1,594934
3884.2,594933
3884.3,594932
3884.4,594931
3884.5,594930
3884.6,594929
3884.7,594928
3884.8,594928
3884.9,594926
3885,594925
3885.1,594925
3885.2,594924
3885.3,594923
3885.4,594922
3885.5,594922
3885.6,594920
3885.7,594920
3885.8,594918
3885.9,594918
3886,594917
3886.1,594916
3886.2,594915
3886.3,594914
3886.4,594913
3886.5,594912
3886.6,594912
3886.7,594911
3886.8,594910
3886.9,594909
3887,594908
3887.1,594907
3887.2,594906
3887.3,594905
3887.4,594905
3887.5,594904
3887.6,594903
3887.7,594902
3887.8,594901
3887.9,594900
3888,594899
3888.1,594898
3888.2,594898
3888.3,594897
3888.4,594896
3888.5,594894
3888.6,594894
3888.7,594893
3888.8,594892
3888.9,594891
3889,594890
3889.1,594889
3889.2,594888
3889.3,594887
3889.4,594887
3889.5,594886
3889.6,594885
3889.7,594884
3889.8,594883
3889.9,594882
3890,594881
3890.1,594881
3890.2,594880
3890.3,594879
3890.4,594878
3890.5,594877
3890.6,594876
3890.7,594875
3890.8,594874
3890.9,594873
3891,594873
3891.1,594872
3891.2,594871
3891.3,594870
3891.4,594869
3891.5,594868
3891.6,594867
3891.7,594866
3891.8,594866
3891.9,594864
3892,594863
3892.1,594862
3892.2,594862
3892.3,594861
3892.4,594860
3892.5,594859
3892.6,594858
3892.7,594857
3892.8,594856
3892.9,594856
3893,594855
3893.1,594853
3893.2,594853
3893.3,594852
3893.4,594851
3893.5,594850
3893.6,594849
3893.7,594848
3893.8,594847
3893.9,594847
3894,594846
3894.1,594845
3894.2,594844
3894.3,594843
3894.4,594842
3894.5,594841
3894.6,594841
3894.7,594840
3894.8,594838
3894.9,594838
3895,594837
3895.1,594836
3895.2,594835
3895.3,594834
3895.4,594833
3895.5,594832
3895.6,594831
3895.7,594830
3895.8,594829
3895.9,594828
3896,594828
3896.1,594827
3896.2,594826
3896.3,594825
3896.4,594824
3896.5,594823
3896.6,594822
3896.7,594821
3896.8,594820
3896.9,594820
3897,594819
3897.1,594818
3897.2,594817
3897.3,594816
3897.4,594815
3897.5,594814
3897.6,594814
3897.7,594813
3897.8,594811
3897.9,594810
3898,594810
3898.1,594809
3898.2,594808
3898.3,594807
3898.4,594806
3898.5,594805
3898.6,594804
3898.7,594803
3898.8,594803
3898.9,594802
3899,594801
3899.1,594800
3899.2,594799
3899.3,594798
3899.4,594797
3899.5,594796
3899.6,594795
3899.7,594795
3899.8,594794
3899.9,594793
3900,594792
3900.1,594791
3900.2,594790
3900.3,594789
3900.4,594788
3900.5,594787
3900.6,594786
3900.7,594785
3900.8,594784
3900.9,594783
3901,594782
3901.1,594782
3901.2,594781
3901.3,594779
3901.4,594778
3901.5,594778
3901.6,594777
3901.7,594776
3901.8,594775
3901.9,594775
3902,594773
3902.1,594772
3902.2,594772
3902.3,594770
3902.4,594769
3902.5,594769
3902.6,594768
3902.7,594767
3902.8,594766
3902.9,594765
3903,594764
3903.1,594763
3903.2,594763
3903.3,594762
3903.4,594761
3903.5,594760
3903.6,594759
3903.7,594758
3903.8,594757
3903.9,594756
3904,594756
3904.1,594754
3904.2,594754
3904.3,594752
3904.4,594752
3904.5,594750
3904.6,594750
3904.7,594749
3904.8,594748
3904.9,594747
3905,594746
3905.1,594745
3905.2,594744
3905.3,594743
3905.4,594743
3905.5,594741
3905.6,594741
3905.7,594739
3905.8,594738
3905.9,594738
3906,594737
3906.1,594736
3906.2,594735
3906.3,594734
3906.4,594733
3906.5,594732
3906.6,594731
3906.7,594730
3906.8,594729
3906.9,594728
3907,594727
3907.1,594726
3907.2,594725
3907.3,594724
3907.4,594723
3907.5,594723
3907.6,594722
3907.7,594721
3907.8,594720
3907.9,594719
3908,594718
3908.1,594717
3908.2,594716
3908.3,594716
3908.4,594714
3908.5,594713
3908.6,594713
3908.7,594712
3908.8,594711
3908.9,594710
3909,594709
3909.1,594708
3909.2,594707
3909.3,594706
3909.4,594705
3909.5,594704
3909.6,594704
3909.7,594703
3909.8,594702
3909.9,594701
3910,594700
3910.1,594699
3910.2,594698
3910.3,594697
3910.4,594696
3910.5,594695
3910.6,594694
3910.7,594693
3910.8,594692
3910.9,594691
3911,594691
3911.1,594690
3911.2,594688
3911.3,594688
3911.4,594687
3911.5,594686
3911.6,594685
3911.7,594684
3911.8,594683
3911.9,594682
3912,594681
3912.1,594680
3912.2,594679
3912.3,594678
3912.4,594677
3912.5,594677
3912.6,594676
3912.7,594674
3912.8,594674
3912.9,594673
3913,594672
3913.1,594671
3913.2,594670
3913.3,594669
3913.4,594668
3913.5,594667
3913.6,594666
3913.7,594665
3913.8,594664
3913.9,594663
3914,594663
3914.1,594661
3914.2,594660
3914.3,594659
3914.4,594658
3914.5,594658
3914.6,594657
3914.7,594656
3914.8,594655
3914.9,594654
3915,594652
3915.1,594652
3915.2,594651
3915.3,594650
3915.4,594649
3915.5,594648
3915.6,594647
3915.7,594646
3915.8,594645
3915.9,594644
3916,594643
3916.1,594642
3916.2,594641
3916.3,594640
3916.4,594639
3916.5,594638
3916.6,594637
3916.7,594637
3916.8,594636
3916.9,594635
3917,594634
3917.1,594632
3917.2,594632
3917.3,594631
3917.4,594630
3917.5,594629
3917.6,594628
3917.7,594627
3917.8,594626
3917.9,594625
3918,594625
3918.1,594624
3918.2,594623
3918.3,594622
3918.4,594621
3918.5,594620
3918.6,594619
3918.7,594618
3918.8,594617
3918.9,594616
3919,594615
3919.1,594614
3919.2,594613
3919.3,594612
3919.4,594612
3919.5,594611
3919.6,594610
3919.7,594609
3919.8,594608
3919.9,594607
3920,594606
3920.1,594605
3920.2,594604
3920.3,594603
3920.4,594602
3920.5,594601
3920.6,594600
3920.7,594599
3920.8,594598
3920.9,594598
3921,594597
3921.1,594596
3921.2,594595
3921.3,594594
3921.4,594593
3921.5,594592
3921.6,594591
3921.7,594590
3921.8,594589
3921.9,594588
3922,594587
3922.1,594586
3922.2,594585
3922.3,594584
3922.4,594583
3922.5,594582
3922.6,594581
3922.7,594580
3922.8,594579
3922.9,594578
3923,594578
3923.1,594577
3923.2,594576
3923.3,594575
3923.4,594573
3923.5,594573
3923.6,594572
3923.7,594571
3923.8,594570
3923.9,594569
3924,594568
3924.1,594567
3924.2,594566
3924.3,594565
3924.4,594564
3924.5,594564
3924.6,594562
3924.7,594561
3924.8,594560
3924.9,594559
3925,594558
3925.1,594558
3925.2,594557
3925.3,594556
3925.4,594555
3925.5,594554
3925.6,594552
3925.7,594552
3925.8,594551
3925.9,594550
3926,594549
3926.1,594548
3926.2,594547
3926.3,594546
3926.4,594545
3926.5,594544
3926.6,594543
3926.7,594542
3926.8,594541
3926.9,594540
3927,594539
3927.1,594538
3927.2,594537
3927.3,594537
3927.4,594536
3927.5,594534
3927.6,594533
3927.7,594533
3927.8,594532
3927.9,594531
3928,594530
3928.1,594529
3928.2,594528
3928.3,594527
3928.4,594526
3928.5,594525
3928.6,594524
3928.7,594523
3928.8,594522
3928.9,594521
3929,594520
3929.1,594519
3929.2,594518
3929.3,594517
3929.4,594516
3929.5,594515
3929.6,594514
3929.7,594513
3929.8,594512
3929.9,594511
3930,594510
3930.1,594509
3930.2,594508
3930.3,594507
3930.4,594506
3930.5,594505
3930.6,594504
3930.7,594503
3930.8,594502
3930.9,594502
3931,594500
3931.1,594499
3931.2,594499
3931.3,594497
3931.4,594496
3931.5,594496
3931.6,594495
3931.7,594493
3931.8,594492
3931.9,594491
3932,594490
3932.1,594490
3932.2,594489
3932.3,594488
3932.4,594487
3932.5,594486
3932.6,594484
3932.7,594484
3932.8,594483
3932.9,594482
3933,594481
3933.1,594480
3933.2,594479
3933.3,594478
3933.4,594477
3933.5,594476
3933.6,594475
3933.7,594474
3933.8,594473
3933.9,594472
3934,594471
3934.1,594470
3934.2,594469
3934.3,594468
3934.4,594467
3934.5,594466
3934.6,594465
3934.7,594464
3934.8,594463
3934.9,594462
3935,594461
3935.1,594460
3935.2,594459
3935.3,594458
3935.4,594457
3935.5,594456
3935.6,594455
3935.7,594455
3935.8,594453
3935.9,594452
3936,594451
3936.1,594450
3936.2,594449
3936.3,594448
3936.4,594448
3936.5,594447
3936.6,594446
3936.7,594444
3936.8,594443
3936.9,594442
3937,594442
3937.1,594441
3937.2,594440
3937.3,594439
3937.4,594437
3937.5,594436
3937.6,594436
3937.7,594435
3937.8,594434
3937.9,594433
3938,594432
3938.1,594430
3938.2,594430
3938.3,594429
3938.4,594428
3938.5,594427
3938.6,594426
3938.7,594425
3938.8,594424
3938.9,594423
3939,594422
3939.1,594421
3939.2,594420
3939.3,594419
3939.4,594418
3939.5,594417
3939.6,594416
3939.7,594415
3939.8,594414
3939.9,594413
3940,594412
3940.1,594411
3940.2,594410
3940.3,594409
3940.4,594408
3940.5,594407
3940.6,594406
3940.7,594405
3940.8,594404
3940.9,594403
3941,594402
3941.1,594402
3941.2,594400
3941.3,594400
3941.4,594399
3941.5,594398
3941.6,594396
3941.7,594396
3941.8,594395
3941.9,594394
3942,594393
3942.1,594392
3942.2,594391
3942.3,594390
3942.4,594389
3942.5,594388
3942.6,594387
3942.7,594386
3942.8,594385
3942.9,594384
3943,594383
3943.1,594382
3943.2,594381
3943.3,594380
3943.4,594380
3943.5,594378
3943.6,594377
3943.7,594376
3943.8,594375
3943.9,594374
3944,594374
3944.1,594373
3944.2,594371
3944.3,594371
3944.4,594369
3944.5,594368
3944.6,594368
3944.7,594367
3944.8,594366
3944.9,594365
3945,594364
3945.1,594363
3945.2,594362
3945.3,594361
3945.4,594360
3945.5,594359
3945.6,594358
3945.7,594357
3945.8,594355
3945.9,594355
3946,594354
3946.1,594353
3946.2,594352
3946.3,594350
3946.4,594349
3946.5,594348
3946.6,594348
3946.7,594346
3946.8,594346
3946.9,594344
3947,594343
3947.1,594342
3947.2,594341
3947.3,594340
3947.4,594340
3947.5,594339
3947.6,594337
3947.7,594336
3947.8,594335
3947.9,594334
3948,594333
3948.1,594332
3948.2,594331
3948.3,594330
3948.4,594329
3948.5,594328
3948.6,594327
3948.7,594326
3948.8,594325
3948.9,594324
3949,594323
3949.1,594322
3949.2,594321
3949.3,594320
3949.4,594319
3949.5,594318
3949.6,594317
3949.7,594316
3949.8,594315
3949.9,594314
3950,594313
3950.1,594312
3950.2,594311
3950.3,594310
3950.4,594309
3950.5,594308
3950.6,594307
3950.7,594306
3950.8,594305
3950.9,594304
3951,594303
3951.1,594302
3951.2,594301
3951.3,594300
3951.4,594299
3951.5,594298
3951.6,594297
3951.7,594296
3951.8,594295
3951.9,594294
3952,594293
3952.1,594292
3952.2,594291
3952.3,594290
3952.4,594289
3952.5,594288
3952.6,594287
3952.7,594286
3952.8,594285
3952.9,594284
3953,594284
3953.1,594283
3953.2,594281
3953.3,594280
3953.4,594279
3953.5,594278
3953.6,594277
3953.7,594276
3953.8,594275
3953.9,594274
3954,594273
3954.1,594272
3954.2,594271
3954.3,594270
3954.4,594269
3954.5,594268
3954.6,594267
3954.7,594266
3954.8,594265
3954.9,594264
3955,594263
3955.1,594262
3955.2,594261
3955.3,594259
3955.4,594258
3955.5,594257
3955.6,594257
3955.7,594256
3955.8,594255
3955.9,594254
3956,594253
3956.1,594251
3956.2,594250
3956.3,594250
3956.4,594249
3956.5,594248
3956.6,594246
3956.7,594245
3956.8,594244
3956.9,594243
3957,594242
3957.1,594241
3957.2,594240
3957.3,594239
3957.4,594238
3957.5,594237
3957.6,594236
3957.7,594235
3957.8,594234
3957.9,594234
3958,594232
3958.1,594231
3958.2,594230
3958.3,594229
3958.4,594228
3958.5,594227
3958.6,594226
3958.7,594225
3958.8,594224
3958.9,594223
3959,594222
3959.1,594221
3959.2,594220
3959.3,594219
3959.4,594218
3959.5,594217
3959.6,594216
3959.7,594215
3959.8,594214
3959.9,594213
3960,594212
3960.1,594211
3960.2,594210
3960.3,594209
3960.4,594208
3960.5,594207
3960.6,594206
3960.7,594205
3960.8,594204
3960.9,594203
3961,594202
3961.1,594201
3961.2,594200
3961.3,594199
3961.4,594198
3961.5,594197
3961.6,594196
3961.7,594194
3961.8,594194
3961.9,594193
3962,594192
3962.1,594190
3962.2,594190
3962.3,594188
3962.4,594187
3962.5,594186
3962.6,594185
3962.7,594184
3962.8,594183
3962.9,594182
3963,594181
3963.1,594180
3963.2,594179
3963.3,594178
3963.4,594178
3963.5,594176
3963.6,594175
3963.7,594174
3963.8,594173
3963.9,594172
3964,594171
3964.1,594171
3964.2,594169
3964.3,594168
3964.4,594167
3964.5,594166
3964.6,594165
3964.7,594164
3964.8,594163
3964.9,594162
3965,594161
3965.1,594160
3965.2,594159
3965.3,594158
3965.4,594157
3965.5,594156
3965.6,594155
3965.7,594154
3965.8,594153
3965.9,594151
3966,594151
3966.1,594150
3966.2,594148
3966.3,594147
3966.4,594146
3966.5,594145
3966.6,594144
3966.7,594144
3966.8,594142
3966.9,594141
3967,594140
3967.1,594139
3967.2,594138
3967.3,594137
3967.4,594136
3967.5,594135
3967.6,594134
3967.7,594133
3967.8,594131
3967.9,594131
3968,594130
3968.1,594129
3968.2,594128
3968.3,594127
3968.4,594125
3968.5,594124
3968.6,594123
3968.7,594122
3968.8,594122
3968.9,594121
3969,594119
3969.1,594118
3969.2,594117
3969.3,594116
3969.4,594116
3969.5,594114
3969.6,594113
3969.7,594113
3969.8,594111
3969.9,594110
3970,594109
3970.1,594108
3970.2,594107
3970.3,594106
3970.4,594105
3970.5,594104
3970.6,594103
3970.7,594102
3970.8,594101
3970.9,594100
3971,594099
3971.1,594097
3971.2,594096
3971.3,594095
3971.4,594094
3971.5,594094
3971.6,594093
3971.7,594091
3971.8,594090
3971.9,594089
3972,594088
3972.1,594087
3972.2,594086
3972.3,594085
3972.4,594084
3972.5,594083
3972.6,594082
3972.7,594081
3972.8,594080
3972.9,594079
3973,594078
3973.1,594077
3973.2,594076
3973.3,594075
3973.4,594074
3973.5,594073
3973.6,594072
3973.7,594071
3973.8,594070
3973.9,594069
3974,594068
3974.1,594066
3974.2,594066
3974.3,594065
3974.4,594063
3974.5,594062
3974.6,594061
3974.7,594060
3974.8,594059
3974.9,594058
3975,594057
3975.1,594056
3975.2,594055
3975.3,594054
3975.4,594053
3975.5,594052
3975.6,594051
3975.7,594050
3975.8,594048
3975.9,594047
3976,594047
3976.1,594045
3976.2,594044
3976.3,594044
3976.4,594042
3976.5,594041
3976.6,594040
3976.7,594039
3976.8,594038
3976.9,594037
3977,594036
3977.1,594035
3977.2,594034
3977.3,594033
3977.4,594032
3977.5,594031
3977.6,594030
3977.7,594029
3977.8,594028
3977.9,594027
3978,594025
3978.1,594024
3978.2,594023
3978.3,594022
3978.4,594022
3978.5,594020
3978.6,594019
3978.7,594018
3978.8,594017
3978.9,594016
3979,594015
3979.1,594014
3979.2,594013
3979.3,594012
3979.4,594010
3979.5,594010
3979.6,594008
3979.7,594007
3979.8,594007
3979.9,594005
3980,594004
3980.1,594003
3980.2,594002
3980.3,594001
3980.4,594000
3980.5,593999
3980.6,593998
3980.7,593997
3980.8,593996
3980.9,593995
3981,593994
3981.1,593993
3981.2,593992
3981.3,593990
3981.4,593989
3981.5,593988
3981.6,593987
3981.7,593986
3981.8,593985
3981.9,593984
3982,593983
3982.1,593982
3982.2,593981
3982.3,593980
3982.4,593979
3982.5,593978
3982.6,593977
3982.7,593976
3982.8,593974
3982.9,593973
3983,593972
3983.1,593971
3983.2,593970
3983.3,593969
3983.4,593968
3983.5,593967
3983.6,593966
3983.7,593965
3983.8,593964
3983.9,593963
3984,593962
3984.1,593960
3984.2,593960
3984.3,593959
3984.4,593958
3984.5,593957
3984.6,593955
3984.7,593954
3984.8,593953
3984.9,593952
3985,593951
3985.1,593950
3985.2,593949
3985.3,593948
3985.4,593947
3985.5,593945
3985.6,593944
3985.7,593944
3985.8,593942
3985.9,593941
3986,593940
3986.1,593939
3986.2,593938
3986.3,593937
3986.4,593936
3986.5,593935
3986.6,593934
3986.7,593933
3986.8,593932
3986.9,593931
3987,593930
3987.1,593929
3987.2,593928
3987.3,593927
3987.4,593926
3987.5,593925
3987.6,593923
3987.7,593923
3987.8,593922
3987.9,593920
3988,593919
3988.1,593918
3988.2,593917
3988.3,593916
3988.4,593915
3988.5,593914
3988.6,593913
3988.7,593912
3988.8,593910
3988.9,593909
3989,593908
3989.1,593907
3989.2,593906
3989.3,593905
3989.4,593904
3989.5,593903
3989.6,593902
3989.7,593901
3989.8,593900
3989.9,593899
3990,593898
3990.1,593897
3990.2,593895
3990.3,593895
3990.4,593894
3990.5,593892
3990.6,593892
3990.7,593890
3990.8,593889
3990.9,593888
3991,593887
3991.1,593886
3991.2,593885
3991.3,593884
3991.4,593882
3991.5,593881
3991.6,593880
3991.7,593879
3991.8,593878
3991.9,593877
3992,593876
3992.1,593875
3992.2,593874
3992.3,593873
3992.4,593871
3992.5,593871
3992.6,593870
3992.7,593869
3992.8,593867
3992.9,593867
3993,593865
3993.1,593864
3993.2,593863
3993.3,593862
3993.4,593861
3993.5,593860
3993.6,593859
3993.7,593857
3993.8,593856
3993.9,593856
3994,593854
3994.1,593853
3994.2,593852
3994.3,593851
3994.4,593850
3994.5,593849
3994.6,593848
3994.7,593847
3994.8,593845
3994.9,593844
3995,593843
3995.1,593842
3995.2,593841
3995.3,593840
3995.4,593839
3995.5,593838
3995.6,593837
3995.7,593836
3995.8,593835
3995.9,593834
3996,593833
3996.1,593832
3996.2,593830
3996.3,593829
3996.4,593828
3996.5,593827
3996.6,593826
3996.7,593825
3996.8,593824
3996.9,593823
3997,593821
3997.1,593820
3997.2,593819
3997.3,593818
3997.4,593817
3997.5,593816
3997.6,593815
3997.7,593814
3997.8,593813
3997.9,593812
3998,593811
3998.1,593810
3998.2,593809
3998.3,593807
3998.4,593806
3998.5,593805
3998.6,593804
3998.7,593803
3998.8,593802
3998.9,593801
3999,593800
3999.1,593798
3999.2,593798
3999.3,593796
3999.4,593795
3999.5,593794
3999.6,593793
3999.7,593792
3999.8,593791
3999.9,593790
4000,593789
4000.1,593788
4000.2,593787
4000.3,593786
4000.4,593784
4000.5,593783
4000.6,593783
4000.7,593781
4000.8,593780
4000.9,593779
4001,593778
4001.1,593777
4001.2,593776
4001.3,593775
4001.4,593774
4001.5,593773
4001.6,593771
4001.7,593770
4001.8,593769
4001.9,593768
4002,593767
4002.1,593766
4002.2,593765
4002.3,593764
4002.4,593763
4002.5,593762
4002.6,593761
4002.7,593759
4002.8,593759
4002.9,593757
4003,593756
4003.1,593755
4003.2,593754
4003.3,593753
4003.4,593752
4003.5,593751
4003.6,593749
4003.7,593748
4003.8,593747
4003.9,593746
4004,593745
4004.1,593744
4004.2,593743
4004.3,593742
4004.4,593741
4004.5,593739
4004.6,593738
4004.7,593737
4004.8,593736
4004.9,593735
4005,593734
4005.1,593733
4005.2,593732
4005.3,593731
4005.4,593730
4005.5,593729
4005.6,593728
4005.7,593726
4005.8,593725
4005.9,593724
4006,593723
4006.1,593722
4006.2,593721
4006.3,593720
4006.4,593718
4006.5,593717
4006.6,593716
4006.7,593715
4006.8,593714
4006.9,593713
4007,593712
4007.1,593711
4007.2,593709
4007.3,593708
4007.4,593708
4007.5,593707
4007.6,593706
4007.7,593704
4007.8,593703
4007.9,593702
4008,593701
4008.1,593700
4008.2,593699
4008.3,593698
4008.4,593696
4008.5,593695
4008.6,593694
4008.7,593693
4008.8,593692
4008.9,593691
4009,593689
4009.1,593689
4009.2,593687
4009.3,593686
4009.4,593686
4009.5,593684
4009.6,593683
4009.7,593682
4009.8,593681
4009.9,593680
4010,593679
4010.1,593678
4010.2,593677
4010.3,593676
4010.4,593674
4010.5,593673
4010.6,593672
4010.7,593671
4010.8,593670
4010.9,593669
4011,593668
4011.1,593667
4011.2,593665
4011.3,593664
4011.4,593663
4011.5,593662
4011.6,593661
4011.7,593660
4011.8,593659
4011.9,593658
4012,593657
4012.1,593656
4012.2,593655
4012.3,593653
4012.4,593652
4012.5,593651
4012.6,593650
4012.7,593649
4012.8,593648
4012.9,593647
4013,593645
4013.1,593644
4013.2,593643
4013.3,593642
4013.4,593641
4013.5,593640
4013.6,593639
4013.7,593638
4013.8,593636
4013.9,593635
4014,593634
4014.1,593633
4014.2,593633
4014.3,593631
4014.4,593630
4014.5,593629
4014.6,593627
4014.7,593627
4014.8,593626
4014.9,593624
4015,593623
4015.1,593622
4015.2,593621
4015.3,593620
4015.4,593619
4015.5,593618
4015.6,593617
4015.7,593615
4015.8,593614
4015.9,593613
4016,593612
4016.1,593611
4016.2,593610
4016.3,593609
4016.4,593608
4016.5,593606
4016.6,593605
4016.7,593604
4016.8,593603
4016.9,593602
4017,593601
4017.1,593600
4017.2,593599
4017.3,593597
4017.4,593596
4017.5,593595
4017.6,593594
4017.7,593593
4017.8,593592
4017.9,593591
4018,593589
4018.1,593588
4018.2,593587
4018.3,593586
4018.4,593585
4018.5,593584
4018.6,593583
4018.7,593582
4018.8,593581
4018.9,593580
4019,593578
4019.1,593577
4019.2,593576
4019.3,593575
4019.4,593574
4019.5,593573
4019.6,593571
4019.7,593570
4019.8,593569
4019.9,593568
4020,593567
4020.1,593566
4020.2,593565
4020.3,593564
4020.4,593562
4020.5,593561
4020.6,593560
4020.7,593559
4020.8,593558
4020.9,593557
4021,593556
4021.1,593554
4021.2,593553
4021.3,593552
4021.4,593551
4021.5,593550
4021.6,593549
4021.7,593548
4021.8,593546
4021.9,593545
4022,593544
4022.1,593543
4022.2,593542
4022.3,593541
4022.4,593540
4022.5,593539
4022.6,593537
4022.7,593536
4022.8,593536
4022.9,593534
4023,593533
4023.1,593532
4023.2,593530
4023.3,593530
4023.4,593528
4023.5,593527
4023.6,593526
4023.7,593525
4023.8,593524
4023.9,593523
4024,593521
4024.1,593521
4024.2,593520
4024.3,593518
4024.4,593517
4024.5,593516
4024.6,593515
4024.7,593514
4024.8,593513
4024.9,593511
4025,593510
4025.1,593509
4025.2,593508
4025.3,593507
4025.4,593506
4025.5,593505
4025.6,593504
4025.7,593502
4025.8,593501
4025.9,593500
4026,593499
4026.1,593498
4026.2,593497
4026.3,593496
4026.4,593494
4026.5,593493
4026.6,593492
4026.7,593491
4026.8,593490
4026.9,593489
4027,593488
4027.1,593487
4027.2,593485
4027.3,593484
4027.4,593483
4027.5,593482
4027.6,593481
4027.7,593480
4027.8,593479
4027.9,593477
4028,593476
4028.1,593475
4028.2,593474
4028.3,593473
4028.4,593472
4028.5,593470
4028.6,593469
4028.7,593468
4028.8,593467
4028.9,593466
4029,593465
4029.1,593463
4029.2,593462
4029.3,593461
4029.4,593460
4029.5,593459
4029.6,593458
4029.7,593457
4029.8,593455
4029.9,593455
4030,593453
4030.1,593452
4030.2,593451
4030.3,593450
4030.4,593449
4030.5,593447
4030.6,593446
4030.7,593445
4030.8,593444
4030.9,593443
4031,593441
4031.1,593440
4031.2,593439
4031.3,593438
4031.4,593437
4031.5,593436
4031.6,593435
4031.7,593434
4031.8,593432
4031.9,593431
4032,593430
4032.1,593429
4032.2,593428
4032.3,593427
4032.4,593426
4032.5,593424
4032.6,593423
4032.7,593422
4032.8,593421
4032.9,593420
4033,593419
4033.1,593418
4033.2,593416
4033.3,593415
4033.4,593414
4033.5,593413
4033.6,593412
4033.7,593411
4033.8,593410
4033.9,593409
4034,593407
4034.1,593407
4034.2,593405
4034.3,593404
4034.4,593403
4034.5,593402
4034.6,593401
4034.7,593399
4034.8,593399
4034.9,593397
4035,593396
4035.1,593395
4035.2,593394
4035.3,593393
4035.4,593392
4035.5,593390
4035.6,593389
4035.7,593388
4035.8,593386
4035.9,593385
4036,593384
4036.1,593384
4036.2,593382
4036.3,593381
4036.4,593380
4036.5,593378
4036.6,593378
4036.7,593376
4036.8,593375
4036.9,593374
4037,593373
4037.1,593372
4037.2,593371
4037.3,593370
4037.4,593368
4037.5,593367
4037.6,593366
4037.7,593365
4037.8,593364
4037.9,593362
4038,593361
4038.1,593361
4038.2,593359
4038.3,593358
4038.4,593356
4038.5,593356
4038.6,593354
4038.7,593353
4038.8,593352
4038.9,593351
4039,593349
4039.1,593349
4039.2,593347
4039.3,593346
4039.4,593345
4039.5,593344
4039.6,593343
4039.7,593341
4039.8,593340
4039.9,593339
4040,593338
4040.1,593337
4040.2,593336
4040.3,593335
4040.4,593333
4040.5,593332
4040.6,593331
4040.7,593330
4040.8,593329
4040.9,593328
4041,593327
4041.1,593325
4041.2,593324
4041.3,593323
4041.4,593322
4041.5,593321
4041.6,593320
4041.7,593318
4041.8,593317
4041.9,593316
4042,593315
4042.1,593314
4042.2,593312
4042.3,593311
4042.4,593310
4042.5,593309
4042.6,593308
4042.7,593307
4042.8,593306
4042.9,593304
4043,593303
4043.1,593302
4043.2,593301
4043.3,593300
4043.4,593299
4043.5,593297
4043.6,593296
4043.7,593295
4043.8,593294
4043.9,593293
4044,593292
4044.1,593290
4044.2,593289
4044.3,593288
4044.4,593287
4044.5,593285
4044.6,593284
4044.7,593284
4044.8,593282
4044.9,593281
4045,593280
4045.1,593279
4045.2,593278
4045.3,593276
4045.4,593275
4045.5,593274
4045.6,593272
4045.7,593272
4045.8,593270
4045.9,593269
4046,593268
4046.1,593267
4046.2,593265
4046.3,593264
4046.4,593263
4046.5,593262
4046.6,593261
4046.7,593260
4046.8,593259
4046.9,593257
4047,593256
4047.1,593255
4047.2,593254
4047.3,593253
4047.4,593252
4047.5,593250
4047.6,593249
4047.7,593248
4047.8,593247
4047.9,593246
4048,593245
4048.1,593243
4048.2,593242
4048.3,593241
4048.4,593240
4048.5,593239
4048.6,593238
4048.7,593237
4048.8,593235
4048.9,593234
4049,593233
4049.1,593231
4049.2,593231
4049.3,593230
4049.4,593228
4049.5,593227
4049.6,593226
4049.7,593225
4049.8,593224
4049.9,593223
4050,593221
4050.1,593220
4050.2,593219
4050.3,593217
4050.4,593216
4050.5,593215
4050.6,593214
4050.7,593213
4050.8,593212
4050.9,593210
4051,593209
4051.1,593208
4051.2,593207
4051.3,593206
4051.4,593205
4051.5,593203
4051.6,593202
4051.7,593201
4051.8,593200
4051.9,593199
4052,593198
4052.1,593196
4052.2,593195
4052.3,593194
4052.4,593193
4052.5,593192
4052.6,593191
4052.7,593189
4052.8,593188
4052.9,593187
4053,593186
4053.1,593184
4053.2,593184
4053.3,593182
4053.4,593181
4053.5,593180
4053.6,593178
4053.7,593177
4053.8,593176
4053.9,593175
4054,593174
4054.1,593173
4054.2,593172
4054.3,593170
4054.4,593169
4054.5,593169
4054.6,593167
4054.7,593166
4054.8,593164
4054.9,593163
4055,593162
4055.1,593161
4055.2,593160
4055.3,593159
4055.4,593157
4055.5,593156
4055.6,593155
4055.7,593154
4055.8,593153
4055.9,593151
4056,593150
4056.1,593149
4056.2,593147
4056.3,593146
4056.4,593145
4056.5,593144
4056.6,593143
4056.7,593142
4056.8,593140
4056.9,593139
4057,593138
4057.1,593137
4057.2,593136
4057.3,593134
4057.4,593134
4057.5,593132
4057.6,593131
4057.7,593130
4057.8,593129
4057.9,593128
4058,593126
4058.1,593125
4058.2,593124
4058.3,593123
4058.4,593122
4058.5,593121
4058.6,593119
4058.7,593118
4058.8,593117
4058.9,593116
4059,593115
4059.1,593114
4059.2,593112
4059.3,593111
4059.4,593109
4059.5,593109
4059.6,593107
4059.7,593106
4059.8,593105
4059.9,593104
4060,593103
4060.1,593102
4060.2,593100
4060.3,593099
4060.4,593098
4060.5,593097
4060.6,593095
4060.7,593094
4060.8,593093
4060.9,593092
4061,593091
4061.1,593090
4061.2,593088
4061.3,593087
4061.4,593086
4061.5,593084
4061.6,593083
4061.7,593082
4061.8,593081
4061.9,593080
4062,593078
4062.1,593077
4062.2,593076
4062.3,593075
4062.4,593074
4062.5,593073
4062.6,593072
4062.7,593070
4062.8,593069
4062.9,593068
4063,593067
4063.1,593065
4063.2,593064
4063.3,593063
4063.4,593061
4063.5,593060
4063.6,593059
4063.7,593058
4063.8,593057
4063.9,593056
4064,593054
4064.1,593053
4064.2,593052
4064.3,593051
4064.4,593050
4064.5,593048
4064.6,593047
4064.7,593046
4064.8,593044
4064.9,593044
4065,593042
4065.1,593041
4065.2,593040
4065.3,593038
4065.4,593037
4065.5,593036
4065.6,593035
4065.7,593034
4065.8,593033
4065.9,593031
4066,593030
4066.1,593029
4066.2,593028
4066.3,593027
4066.4,593025
4066.5,593024
4066.6,593023
4066.7,593022
4066.8,593021
4066.9,593019
4067,593019
4067.1,593017
4067.2,593016
4067.3,593015
4067.4,593013
4067.5,593013
4067.6,593012
4067.7,593010
4067.8,593009
4067.9,593007
4068,593006
4068.1,593005
4068.2,593004
4068.3,593003
4068.4,593002
4068.5,593000
4068.6,592999
4068.7,592998
4068.8,592997
4068.9,592996
4069,592994
4069.1,592993
4069.2,592992
4069.3,592991
4069.4,592990
4069.5,592988
4069.6,592988
4069.7,592986
4069.8,592985
4069.9,592984
4070,592982
4070.1,592981
4070.2,592980
4070.3,592979
4070.4,592977
4070.5,592976
4070.6,592975
4070.7,592974
4070.8,592973
4070.9,592972
4071,592971
4071.1,592969
4071.2,592968
4071.3,592966
4071.4,592966
4071.5,592965
4071.6,592963
4071.7,592962
4071.8,592960
4071.9,592960
4072,592958
4072.1,592957
4072.2,592956
4072.3,592954
4072.4,592953
4072.5,592952
4072.6,592951
4072.7,592950
4072.8,592949
4072.9,592947
4073,592946
4073.1,592945
4073.2,592943
4073.3,592942
4073.4,592941
4073.5,592941
4073.6,592939
4073.7,592938
4073.8,592936
4073.9,592935
4074,592934
4074.1,592933
4074.2,592932
4074.3,592930
4074.4,592929
4074.5,592928
4074.6,592927
4074.7,592925
4074.8,592925
4074.9,592923
4075,592922
4075.1,592920
4075.2,592919
4075.3,592918
4075.4,592917
4075.5,592916
4075.6,592914
4075.7,592913
4075.8,592912
4075.9,592911
4076,592910
4076.1,592909
4076.2,592907
4076.3,592906
4076.4,592905
4076.5,592904
4076.6,592902
4076.7,592901
4076.8,592900
4076.9,592898
4077,592897
4077.1,592896
4077.2,592895
4077.3,592894
4077.4,592893
4077.5,592891
4077.6,592890
4077.7,592889
4077.8,592888
4077.9,592886
4078,592885
4078.1,592884
4078.2,592882
4078.3,592881
4078.4,592880
4078.5,592879
4078.6,592878
4078.7,592877
4078.8,592876
4078.9,592874
4079,592873
4079.1,592872
4079.2,592871
4079.3,592869
4079.4,592868
4079.5,592867
4079.6,592866
4079.7,592864
4079.8,592863
4079.9,592862
4080,592861
4080.1,592860
4080.2,592858
4080.3,592857
4080.4,592856
4080.5,592855
4080.6,592854
4080.7,592852
4080.8,592851
4080.9,592850
4081,592848
4081.1,592847
4081.2,592846
4081.3,592845
4081.4,592844
4081.5,592842
4081.6,592841
4081.7,592840
4081.8,592839
4081.9,592838
4082,592836
4082.1,592835
4082.2,592834
4082.3,592832
4082.4,592831
4082.5,592830
4082.6,592829
4082.7,592828
4082.8,592826
4082.9,592825
4083,592824
4083.1,592823
4083.2,592822
4083.3,592820
4083.4,592819
4083.5,592818
4083.6,592816
4083.7,592815
4083.8,592814
4083.9,592813
4084,592812
4084.1,592810
4084.2,592809
4084.3,592808
4084.4,592807
4084.5,592806
4084.6,592804
4084.7,592803
4084.8,592802
4084.9,592801
4085,592800
4085.1,592798
4085.2,592798
4085.3,592796
4085.4,592795
4085.5,592794
4085.6,592792
4085.7,592791
4085.8,592790
4085.9,592789
4086,592787
4086.1,592786
4086.2,592785
4086.3,592783
4086.4,592782
4086.5,592781
4086.6,592780
4086.7,592778
4086.8,592777
4086.9,592776
4087,592775
4087.1,592774
4087.2,592772
4087.3,592771
4087.4,592770
4087.5,592768
4087.6,592767
4087.7,592766
4087.8,592765
4087.9,592763
4088,592762
4088.1,592761
4088.2,592760
4088.3,592758
4088.4,592758
4088.5,592756
4088.6,592755
4088.7,592753
4088.8,592752
4088.9,592751
4089,592750
4089.1,592748
4089.2,592747
4089.3,592746
4089.4,592745
4089.5,592744
4089.6,592742
4089.7,592741
4089.8,592740
4089.9,592738
4090,592737
4090.1,592736
4090.2,592735
4090.3,592734
4090.4,592732
4090.5,592731
4090.6,592730
4090.7,592728
4090.8,592727
4090.9,592726
4091,592725
4091.1,592724
4091.2,592723
4091.3,592721
4091.4,592720
4091.5,592719
4091.6,592718
4091.7,592716
4091.8,592715
4091.9,592713
4092,592713
4092.1,592711
4092.2,592710
4092.3,592709
4092.4,592708
4092.5,592706
4092.6,592705
4092.7,592704
4092.8,592703
4092.9,592701
4093,592700
4093.1,592699
4093.2,592698
4093.3,592696
4093.4,592695
4093.5,592694
4093.6,592693
4093.7,592692
4093.8,592690
4093.9,592689
4094,592688
4094.1,592687
4094.2,592685
4094.3,592684
4094.4,592683
4094.5,592681
4094.6,592680
4094.7,592679
4094.8,592678
4094.9,592677
4095,592675
4095.1,592674
4095.2,592672
4095.3,592671
4095.4,592670
4095.5,592669
4095.6,592667
4095.7,592666
4095.8,592665
4095.9,592664
4096,592663
4096.1,592661
4096.2,592660
4096.3,592659
4096.4,592657
4096.5,592656
4096.6,592655
4096.7,592654
4096.8,592653
4096.9,592651
4097,592650
4097.1,592648
4097.2,592648
4097.3,592646
4097.4,592645
4097.5,592644
4097.6,592642
4097.7,592641
4097.8,592640
4097.9,592638
4098,592637
4098.1,592636
4098.2,592635
4098.3,592633
4098.4,592632
4098.5,592631
4098.6,592630
4098.7,592629
4098.8,592628
4098.9,592626
4099,592625
4099.1,592623
4099.2,592622
4099.3,592621
4099.4,592620
4099.5,592619
4099.6,592617
4099.7,592616
4099.8,592615
4099.9,592614
4100,592613
4100.1,592611
4100.2,592610
4100.3,592609
4100.4,592607
4100.5,592606
4100.6,592605
4100.7,592604
4100.8,592602
4100.9,592601
4101,592600
4101.1,592598
4101.2,592597
4101.3,592596
4101.4,592595
4101.5,592593
4101.6,592592
4101.7,592591
4101.8,592589
4101.9,592589
4102,592587
4102.1,592586
4102.2,592584
4102.3,592583
4102.4,592582
4102.5,592581
4102.6,592580
4102.7,592578
4102.8,592577
4102.9,592576
4103,592574
4103.1,592573
4103.2,592572
4103.3,592570
4103.4,592569
4103.5,592568
4103.6,592567
4103.7,592566
4103.8,592564
4103.9,592563
4104,592562
4104.1,592560
4104.2,592559
4104.3,592558
4104.4,592557
4104.5,592556
4104.6,592554
4104.7,592553
4104.8,592552
4104.9,592550
4105,592549
4105.1,592548
4105.2,592546
4105.3,592545
4105.4,592544
4105.5,592543
4105.6,592541
4105.7,592540
4105.8,592539
4105.9,592538
4106,592536
4106.1,592535
4106.2,592534
4106.3,592532
4106.4,592531
4106.5,592530
4106.6,592528
4106.7,592527
4106.8,592526
4106.9,592525
4107,592524
4107.1,592523
4107.2,592521
4107.3,592520
4107.4,592518
4107.5,592517
4107.6,592516
4107.7,592515
4107.8,592514
4107.9,592512
4108,592511
4108.1,592509
4108.2,592508
4108.3,592507
4108.4,592506
4108.5,592505
4108.6,592503
4108.7,592502
4108.8,592501
4108.9,592500
4109,592499
4109.1,592497
4109.2,592496
4109.3,592495
4109.4,592493
4109.5,592492
4109.6,592491
4109.7,592489
4109.8,592488
4109.9,592487
4110,592486
4110.1,592484
4110.2,592483
4110.3,592482
4110.4,592481
4110.5,592479
4110.6,592478
4110.7,592477
4110.8,592476
4110.9,592474
4111,592473
4111.1,592472
4111.2,592470
4111.3,592469
4111.4,592467
4111.5,592467
4111.6,592465
4111.7,592464
4111.8,592463
4111.9,592461
4112,592460
4112.1,592459
4112.2,592458
4112.3,592457
4112.4,592455
4112.5,592454
4112.6,592452
4112.7,592451
4112.8,592450
4112.9,592448
4113,592447
4113.1,592446
4113.2,592445
4113.3,592443
4113.4,592442
4113.5,592441
4113.6,592439
4113.7,592438
4113.8,592437
4113.9,592436
4114,592434
4114.1,592433
4114.2,592432
4114.3,592430
4114.4,592429
4114.5,592428
4114.6,592426
4114.7,592426
4114.8,592424
4114.9,592423
4115,592422
4115.1,592420
4115.2,592419
4115.3,592418
4115.4,592417
4115.5,592415
4115.6,592414
4115.7,592413
4115.8,592411
4115.9,592410
4116,592409
4116.1,592408
4116.2,592406
4116.3,592405
4116.4,592403
4116.5,592402
4116.6,592401
4116.7,592400
4116.8,592398
4116.9,592397
4117,592396
4117.1,592395
4117.2,592393
4117.3,592392
4117.4,592391
4117.5,592389
4117.6,592388
4117.7,592387
4117.8,592386
4117.9,592384
4118,592383
4118.1,592382
4118.2,592380
4118.3,592379
4118.4,592378
4118.5,592376
4118.6,592376
4118.7,592374
4118.8,592373
4118.9,592371
4119,592370
4119.1,592369
4119.2,592368
4119.3,592366
4119.4,592365
4119.5,592363
4119.6,592362
4119.7,592361
4119.8,592360
4119.9,592358
4120,592357
4120.1,592356
4120.2,592354
4120.3,592353
4120.4,592352
4120.5,592351
4120.6,592349
4120.7,592348
4120.8,592347
4120.9,592345
4121,592344
4121.1,592343
4121.2,592342
4121.3,592341
4121.4,592339
4121.5,592338
4121.6,592336
4121.7,592336
4121.8,592334
4121.9,592333
4122,592331
4122.1,592330
4122.2,592329
4122.3,592328
4122.4,592326
4122.5,592325
4122.6,592323
4122.7,592322
4122.8,592321
4122.9,592320
4123,592318
4123.1,592317
4123.2,592316
4123.3,592314
4123.4,592313
4123.5,592312
4123.6,592311
4123.7,592310
4123.8,592308
4123.9,592307
4124,592305
4124.1,592304
4124.2,592303
4124.3,592301
4124.4,592300
4124.5,592298
4124.6,592298
4124.7,592296
4124.8,592295
4124.9,592294
4125,592292
4125.1,592291
4125.2,592289
4125.3,592288
4125.4,592287
4125.5,592286
4125.6,592285
4125.7,592283
4125.8,592282
4125.9,592280
4126,592279
4126.1,592278
4126.2,592277
4126.3,592276
4126.4,592274
4126.5,592273
4126.6,592271
4126.7,592270
4126.8,592269
4126.9,592268
4127,592267
4127.1,592265
4127.2,592264
4127.3,592262
4127.4,592261
4127.5,592260
4127.6,592258
4127.7,592257
4127.8,592256
4127.9,592255
4128,592253
4128.1,592252
4128.2,592251
4128.3,592250
4128.4,592248
4128.5,592247
4128.6,592245
4128.7,592244
4128.8,592243
4128.9,592242
4129,592240
4129.1,592239
4129.2,592238
4129.3,592236
4129.4,592235
4129.5,592233
4129.6,592232
4129.7,592231
4129.8,592230
4129.9,592228
4130,592227
4130.1,592226
4130.2,592225
4130.3,592223
4130.4,592222
4130.5,592220
4130.6,592219
4130.7,592218
4130.8,592217
4130.9,592215
4131,592214
4131.1,592213
4131.2,592211
4131.3,592210
4131.4,592209
4131.5,592208
4131.6,592206
4131.7,592205
4131.8,592204
4131.9,592202
4132,592201
4132.1,592200
4132.2,592198
4132.3,592197
4132.4,592196
4132.5,592195
4132.6,592193
4132.7,592192
4132.8,592190
4132.9,592189
4133,592188
4133.1,592186
4133.2,592186
4133.3,592184
4133.4,592183
4133.5,592181
4133.6,592180
4133.7,592179
4133.8,592177
4133.9,592176
4134,592175
4134.1,592173
4134.2,592172
4134.3,592171
4134.4,592170
4134.5,592168
4134.6,592167
4134.7,592165
4134.8,592164
4134.9,592163
4135,592161
4135.1,592160
4135.2,592159
4135.3,592158
4135.4,592156
4135.5,592155
4135.6,592154
4135.7,592152
4135.8,592151
4135.9,592150
4136,592148
4136.1,592147
4136.2,592146
4136.3,592144
4136.4,592143
4136.5,592142
4136.6,592140
4136.7,592139
4136.8,592138
4136.9,592136
4137,592135
4137.1,592134
4137.2,592133
4137.3,592131
4137.4,592130
4137.5,592129
4137.6,592127
4137.7,592126
4137.8,592124
4137.9,592123
4138,592122
4138.1,592120
4138.2,592119
4138.3,592118
4138.4,592116
4138.5,592115
4138.6,592114
4138.7,592112
4138.8,592111
4138.9,592110
4139,592109
4139.1,592107
4139.2,592106
4139.3,592104
4139.4,592103
4139.5,592102
4139.6,592101
4139.7,592099
4139.8,592098
4139.9,592096
4140,592095
4140.1,592094
4140.2,592093
4140.3,592091
4140.4,592090
4140.5,592088
4140.6,592087
4140.7,592086
4140.8,592084
4140.9,592083
4141,592082
4141.1,592080
4141.2,592079
4141.3,592078
4141.4,592077
4141.5,592075
4141.6,592074
4141.7,592072
4141.8,592071
4141.9,592070
4142,592068
4142.1,592067
4142.2,592066
4142.3,592064
4142.4,592063
4142.5,592062
4142.6,592061
4142.7,592059
4142.8,592058
4142.9,592057
4143,592055
4143.1,592054
4143.2,592052
4143.3,592052
4143.4,592050
4143.5,592049
4143.6,592047
4143.7,592046
4143.8,592045
4143.9,592043
4144,592042
4144.1,592041
4144.2,592039
4144.3,592038
4144.4,592037
4144.5,592035
4144.6,592034
4144.7,592033
4144.8,592032
4144.9,592030
4145,592029
4145.1,592027
4145.2,592026
4145.3,592025
4145.4,592024
4145.5,592022
4145.6,592021
4145.7,592019
4145.8,592018
4145.9,592017
4146,592016
4146.1,592014
4146.2,592013
4146.3,592011
4146.4,592010
4146.5,592009
4146.6,592008
4146.7,592006
4146.8,592005
4146.9,592004
4147,592002
4147.1,592001
4147.2,592000
4147.3,591998
4147.4,591997
4147.5,591995
4147.6,591994
4147.7,591993
4147.8,591992
4147.9,591991
4148,591989
4148.1,591988
4148.2,591986
4148.3,591985
4148.4,591984
4148.5,591983
4148.6,591981
4148.7,591980
4148.8,591978
4148.9,591977
4149,591976
4149.1,591975
4149.2,591973
4149.3,591971
4149.4,591970
4149.5,591969
4149.6,591967
4149.7,591966
4149.8,591965
4149.9,591964
4150,591962
4150.1,591961
4150.2,591960
4150.3,591959
4150.4,591958
4150.5,591956
4150.6,591954
4150.7,591953
4150.8,591952
4150.9,591951
4151,591949
4151.1,591948
4151.2,591946
4151.3,591945
4151.4,591943
4151.5,591942
4151.6,591941
4151.7,591940
4151.8,591939
4151.9,591937
4152,591936
4152.1,591935
4152.2,591933
4152.3,591932
4152.4,591930
4152.5,591929
4152.6,591928
4152.7,591926
4152.8,591925
4152.9,591924
4153,591923
4153.1,591921
4153.2,591920
4153.3,591918
4153.4,591917
4153.5,591916
4153.6,591914
4153.7,591913
4153.8,591911
4153.9,591910
4154,591909
4154.1,591908
4154.2,591906
4154.3,591905
4154.4,591903
4154.5,591902
4154.6,591901
4154.7,591899
4154.8,591898
4154.9,591897
4155,591895
4155.1,591894
4155.2,591892
4155.3,591891
4155.4,591890
4155.5,591889
4155.6,591887
4155.7,591886
4155.8,591884
4155.9,591883
4156,591882
4156.1,591881
4156.2,591879
4156.3,591878
4156.4,591876
4156.5,591875
4156.6,591874
4156.7,591873
4156.8,591871
4156.9,591870
4157,591868
4157.1,591867
4157.2,591866
4157.3,591864
4157.4,591863
4157.5,591861
4157.6,591860
4157.7,591858
4157.8,591857
4157.9,591856
4158,591855
4158.1,591853
4158.2,591852
4158.3,591850
4158.4,591849
4158.5,591848
4158.6,591847
4158.7,591845
4158.8,591844
4158.9,591842
4159,591841
4159.1,591839
4159.2,591839
4159.3,591837
4159.4,591836
4159.5,591834
4159.6,591833
4159.7,591831
4159.8,591830
4159.9,591829
4160,591827
4160.1,591826
4160.2,591825
4160.3,591824
4160.4,591822
4160.5,591821
4160.6,591819
4160.7,591818
4160.8,591817
4160.9,591815
4161,591814
4161.1,591813
4161.2,591811
4161.3,591810
4161.4,591808
4161.5,591807
4161.6,591806
4161.7,591805
4161.8,591804
4161.9,591802
4162,591801
4162.1,591799
4162.2,591798
4162.3,591796
4162.4,591796
4162.5,591794
4162.6,591792
4162.7,591791
4162.8,591790
4162.9,591789
4163,591787
4163.1,591786
4163.2,591784
4163.3,591783
4163.4,591781
4163.5,591780
4163.6,591779
4163.7,591777
4163.8,591776
4163.9,591775
4164,591773
4164.1,591772
4164.2,591771
4164.3,591769
4164.4,591768
4164.5,591767
4164.6,591765
4164.7,591764
4164.8,591762
4164.9,591761
4165,591760
4165.1,591758
4165.2,591757
4165.3,591755
4165.4,591754
4165.5,591753
4165.6,591752
4165.7,591750
4165.8,591749
4165.9,591747
4166,591746
4166.1,591745
4166.2,591744
4166.3,591742
4166.4,591741
4166.5,591739
4166.6,591738
4166.7,591736
4166.8,591736
4166.9,591734
4167,591732
4167.1,591731
4167.2,591730
4167.3,591728
4167.4,591727
4167.5,591726
4167.6,591724
4167.7,591723
4167.8,591721
4167.9,591720
4168,591719
4168.1,591717
4168.2,591716
4168.3,591714
4168.4,591713
4168.5,591711
4168.6,591710
4168.7,591709
4168.8,591708
4168.9,591706
4169,591705
4169.1,591704
4169.2,591702
4169.3,591701
4169.4,591699
4169.5,591698
4169.6,591697
4169.7,591695
4169.8,591694
4169.9,591693
4170,591691
4170.1,591689
4170.2,591688
4170.3,591687
4170.4,591686
4170.5,591684
4170.6,591683
4170.7,591681
4170.8,591680
4170.9,591679
4171,591677
4171.1,591676
4171.2,591675
4171.3,591674
4171.4,591672
4171.5,591671
4171.6,591669
4171.7,591668
4171.8,591667
4171.9,591665
4172,591664
4172.1,591662
4172.2,591661
4172.3,591660
4172.4,591658
4172.5,591657
4172.6,591655
4172.7,591654
4172.8,591652
4172.9,591651
4173,591650
4173.1,591649
4173.2,591647
4173.3,591646
4173.4,591644
4173.5,591643
4173.6,591642
4173.7,591640
4173.8,591639
4173.9,591637
4174,591636
4174.1,591635
4174.2,591633
4174.3,591632
4174.4,591630
4174.5,591629
4174.6,591627
4174.7,591626
4174.8,591625
4174.9,591624
4175,591623
4175.1,591621
4175.2,591619
4175.3,591618
4175.4,591617
4175.5,591615
4175.6,591614
4175.7,591613
4175.8,591611
4175.9,591610
4176,591608
4176.1,591607
4176.2,591606
4176.3,591605
4176.4,591603
4176.5,591602
4176.6,591600
4176.7,591599
4176.8,591597
4176.9,591596
4177,591595
4177.1,591593
4177.2,591592
4177.3,591590
4177.4,591589
4177.5,591588
4177.6,591586
4177.7,591585
4177.8,591583
4177.9,591582
4178,591581
4178.1,591580
4178.2,591578
4178.3,591577
4178.4,591575
4178.5,591574
4178.6,591573
4178.7,591571
4178.8,591570
4178.9,591568
4179,591567
4179.1,591565
4179.2,591564
4179.3,591563
4179.4,591561
4179.5,591560
4179.6,591558
4179.7,591557
4179.8,591556
4179.9,591555
4180,591553
4180.1,591552
4180.2,591550
4180.3,591549
4180.4,591548
4180.5,591546
4180.6,591545
4180.7,591543
4180.8,591542
4180.9,591540
4181,591539
4181.1,591538
4181.2,591537
4181.3,591535
4181.4,591533
4181.5,591532
4181.6,591530
4181.7,591529
4181.8,591528
4181.9,591527
4182,591525
4182.1,591524
4182.2,591522
4182.3,591521
4182.4,591520
4182.5,591519
4182.6,591517
4182.7,591516
4182.8,591514
4182.9,591513
4183,591511
4183.1,591511
4183.2,591509
4183.3,591507
4183.4,591506
4183.5,591504
4183.6,591503
4183.7,591502
4183.8,591500
4183.9,591499
4184,591497
4184.1,591496
4184.2,591495
4184.3,591493
4184.4,591492
4184.5,591490
4184.6,591489
4184.7,591488
4184.8,591486
4184.9,591485
4185,591484
4185.1,591482
4185.2,591481
4185.3,591479
4185.4,591478
4185.5,591477
4185.6,591475
4185.7,591474
4185.8,591472
4185.9,591471
4186,591469
4186.1,591468
4186.2,591467
4186.3,591465
4186.4,591464
4186.5,591462
4186.6,591461
4186.7,591459
4186.8,591458
4186.9,591457
4187,591456
4187.1,591454
4187.2,591453
4187.3,591451
4187.4,591450
4187.5,591449
4187.6,591447
4187.7,591446
4187.8,591444
4187.9,591443
4188,591441
4188.1,591440
4188.2,591439
4188.3,591437
4188.4,591436
4188.5,591434
4188.6,591433
4188.7,591432
4188.8,591430
4188.9,591429
4189,591427
4189.1,591426
4189.2,591424
4189.3,591423
4189.4,591422
4189.5,591420
4189.6,591419
4189.7,591417
4189.8,591416
4189.9,591415
4190,591414
4190.1,591412
4190.2,591411
4190.3,591409
4190.4,591408
4190.5,591406
4190.6,591405
4190.7,591403
4190.8,591402
4190.9,591400
4191,591399
4191.1,591398
4191.2,591396
4191.3,591395
4191.4,591393
4191.5,591392
4191.6,591390
4191.7,591389
4191.8,591388
4191.9,591387
4192,591385
4192.1,591383
4192.2,591382
4192.3,591381
4192.4,591380
4192.5,591378
4192.6,591377
4192.7,591375
4192.8,591374
4192.9,591372
4193,591371
4193.1,591370
4193.2,591368
4193.3,591366
4193.4,591365
4193.5,591364
4193.6,591362
4193.7,591361
4193.8,591360
4193.9,591358
4194,591356
4194.1,591355
4194.2,591354
4194.3,591352
4194.4,591351
4194.5,591349
4194.6,591348
4194.7,591347
4194.8,591346
4194.9,591344
4195,591343
4195.1,591341
4195.2,591339
4195.3,591338
4195.4,591337
4195.5,591336
4195.6,591334
4195.7,591333
4195.8,591331
4195.9,591330
4196,591328
4196.1,591327
4196.2,591326
4196.3,591324
4196.4,591323
4196.5,591321
4196.6,591320
4196.7,591318
4196.8,591317
4196.9,591316
4197,591314
4197.1,591313
4197.2,591311
4197.3,591310
4197.4,591308
4197.5,591307
4197.6,591305
4197.7,591304
4197.8,591303
4197.9,591302
4198,591300
4198.1,591299
4198.2,591297
4198.3,591296
4198.4,591294
4198.5,591293
4198.6,591292
4198.7,591290
4198.8,591289
4198.9,591287
4199,591285
4199.1,591284
4199.2,591283
4199.3,591281
4199.4,591280
4199.5,591279
4199.6,591277
4199.7,591276
4199.8,591274
4199.9,591273
4200,591272
4200.1,591270
4200.2,591269
4200.3,591267
4200.4,591266
4200.5,591264
4200.6,591263
4200.7,591261
4200.8,591260
4200.9,591258
4201,591257
4201.1,591256
4201.2,591255
4201.3,591253
4201.4,591251
4201.5,591250
4201.6,591249
4201.7,591247
4201.8,591246
4201.9,591245
4202,591243
4202.1,591242
4202.2,591240
4202.3,591239
4202.4,591237
4202.5,591236
4202.6,591235
4202.7,591233
4202.8,591232
4202.9,591230
4203,591229
4203.1,591228
4203.2,591226
4203.3,591225
4203.4,591223
4203.5,591222
4203.6,591221
4203.7,591219
4203.8,591217
4203.9,591216
4204,591214
4204.1,591213
4204.2,591212
4204.3,591211
4204.4,591209
4204.5,591208
4204.6,591206
4204.7,591205
4204.8,591203
4204.9,591202
4205,591201
4205.1,591199
4205.2,591198
4205.3,591196
4205.4,591195
4205.5,591194
4205.6,591192
4205.7,591191
4205.8,591189
4205.9,591188
4206,591186
4206.1,591185
4206.2,591184
4206.3,591182
4206.4,591181
4206.5,591179
4206.6,591178
4206.7,591177
4206.8,591175
4206.9,591174
4207,591172
4207.1,591170
4207.2,591169
4207.3,591167
4207.4,591166
4207.5,591165
4207.6,591164
4207.7,591162
4207.8,591161
4207.9,591159
4208,591158
4208.1,591157
4208.2,591155
4208.3,591154
4208.4,591152
4208.5,591151
4208.6,591149
4208.7,591148
4208.8,591146
4208.9,591145
4209,591143
4209.1,591142
4209.2,591141
4209.3,591139
4209.4,591138
4209.5,591136
4209.6,591135
4209.7,591133
4209.8,591132
4209.9,591131
4210,591130
4210.1,591128
4210.2,591126
4210.3,591125
4210.4,591124
4210.5,591122
4210.6,591121
4210.7,591119
4210.8,591118
4210.9,591116
4211,591115
4211.1,591114
4211.2,591112
4211.3,591111
4211.4,591109
4211.5,591108
4211.6,591106
4211.7,591105
4211.8,591104
4211.9,591102
4212,591100
4212.1,591099
4212.2,591097
4212.3,591096
4212.4,591095
4212.5,591093
4212.6,591092
4212.7,591090
4212.8,591089
4212.9,591087
4213,591086
4213.1,591085
4213.2,591083
4213.3,591082
4213.4,591080
4213.5,591079
4213.6,591077
4213.7,591077
4213.8,591075
4213.9,591073
4214,591072
4214.1,591070
4214.2,591069
4214.3,591068
4214.4,591066
4214.5,591064
4214.6,591063
4214.7,591061
4214.8,591060
4214.9,591059
4215,591057
4215.1,591056
4215.2,591054
4215.3,591053
4215.4,591051
4215.5,591050
4215.6,591049
4215.7,591048
4215.8,591046
4215.9,591044
4216,591043
4216.1,591042
4216.2,591040
4216.3,591039
4216.4,591037
4216.5,591036
4216.6,591034
4216.7,591033
4216.8,591032
4216.9,591030
4217,591029
4217.1,591027
4217.2,591026
4217.3,591024
4217.4,591023
4217.5,591022
4217.6,591020
4217.7,591018
4217.8,591017
4217.9,591016
4218,591014
4218.1,591013
4218.2,591011
4218.3,591010
4218.4,591008
4218.5,591007
4218.6,591006
4218.7,591005
4218.8,591003
4218.9,591001
4219,591000
4219.1,590999
4219.2,590997
4219.3,590996
4219.4,590994
4219.5,590993
4219.6,590991
4219.7,590990
4219.8,590989
4219.9,590987
4220,590986
4220.1,590984
4220.2,590983
4220.3,590981
4220.4,590980
4220.5,590979
4220.6,590977
4220.7,590975
4220.8,590974
4220.9,590972
4221,590971
4221.1,590970
4221.2,590968
4221.3,590966
4221.4,590965
4221.5,590964
4221.6,590962
4221.7,590961
4221.8,590960
4221.9,590958
4222,590956
4222.1,590955
4222.2,590954
4222.3,590952
4222.4,590951
4222.5,590949
4222.6,590948
4222.7,590946
4222.8,590945
4222.9,590943
4223,590942
4223.1,590941
4223.2,590939
4223.3,590937
4223.4,590936
4223.5,590935
4223.6,590933
4223.7,590932
4223.8,590930
4223.9,590929
4224,590927
4224.1,590926
4224.2,590925
4224.3,590923
4224.4,590921
4224.5,590920
4224.6,590919
4224.7,590917
4224.8,590916
4224.9,590914
4225,590913
4225.1,590911
4225.2,590910
4225.3,590908
4225.4,590907
4225.5,590906
4225.6,590904
4225.7,590902
4225.8,590901
4225.9,590900
4226,590898
4226.1,590897
4226.2,590896
4226.3,590894
4226.4,590892
4226.5,590891
4226.6,590890
4226.7,590889
4226.8,590887
4226.9,590885
4227,590883
4227.1,590882
4227.2,590881
4227.3,590880
4227.4,590878
4227.5,590877
4227.6,590875
4227.7,590873
4227.8,590872
4227.9,590870
4228,590869
4228.1,590868
4228.2,590866
4228.3,590864
4228.4,590863
4228.5,590862
4228.6,590861
4228.7,590859
4228.8,590858
4228.9,590856
4229,590855
4229.1,590853
4229.2,590852
4229.3,590850
4229.4,590849
4229.5,590847
4229.6,590846
4229.7,590845
4229.8,590843
4229.9,590842
4230,590840
4230.1,590839
4230.2,590837
4230.3,590836
4230.4,590834
4230.5,590833
4230.6,590831
4230.7,590829
4230.8,590828
4230.9,590826
4231,590825
4231.1,590824
4231.2,590822
4231.3,590821
4231.4,590820
4231.5,590818
4231.6,590817
4231.7,590815
4231.8,590814
4231.9,590812
4232,590811
4232.1,590809
4232.2,590808
4232.3,590807
4232.4,590805
4232.5,590804
4232.6,590802
4232.7,590801
4232.8,590799
4232.9,590798
4233,590796
4233.1,590795
4233.2,590793
4233.3,590792
4233.4,590790
4233.5,590789
4233.6,590787
4233.7,590786
4233.8,590784
4233.9,590783
4234,590781
4234.1,590780
4234.2,590779
4234.3,590777
4234.4,590776
4234.5,590774
4234.6,590773
4234.7,590771
4234.8,590770
4234.9,590768
4235,590767
4235.1,590765
4235.2,590764
4235.3,590763
4235.4,590761
4235.5,590760
4235.6,590758
4235.7,590757
4235.8,590755
4235.9,590754
4236,590752
4236.1,590751
4236.2,590749
4236.3,590748
4236.4,590746
4236.5,590745
4236.6,590744
4236.7,590742
4236.8,590740
4236.9,590739
4237,590737
4237.1,590736
4237.2,590735
4237.3,590733
4237.4,590731
4237.5,590730
4237.6,590728
4237.7,590727
4237.8,590726
4237.9,590724
4238,590723
4238.1,590721
4238.2,590720
4238.3,590718
4238.4,590717
4238.5,590716
4238.6,590714
4238.7,590712
4238.8,590711
4238.9,590709
4239,590708
4239.1,590707
4239.2,590705
4239.3,590704
4239.4,590702
4239.5,590701
4239.6,590699
4239.7,590698
4239.8,590696
4239.9,590695
4240,590693
4240.1,590692
4240.2,590690
4240.3,590689
4240.4,590687
4240.5,590686
4240.6,590684
4240.7,590683
4240.8,590681
4240.9,590680
4241,590679
4241.1,590677
4241.2,590676
4241.3,590674
4241.4,590673
4241.5,590671
4241.6,590670
4241.7,590668
4241.8,590667
4241.9,590665
4242,590664
4242.1,590662
4242.2,590661
4242.3,590659
4242.4,590658
4242.5,590656
4242.6,590655
4242.7,590654
4242.8,590652
4242.9,590651
4243,590649
4243.1,590648
4243.2,590646
4243.3,590645
4243.4,590643
4243.5,590642
4243.6,590640
4243.7,590639
4243.8,590637
4243.9,590636
4244,590634
4244.1,590633
4244.2,590631
4244.3,590629
4244.4,590628
4244.5,590626
4244.6,590625
4244.7,590624
4244.8,590622
4244.9,590621
4245,590619
4245.1,590618
4245.2,590617
4245.3,590615
4245.4,590614
4245.5,590612
4245.6,590610
4245.7,590609
4245.8,590607
4245.9,590606
4246,590604
4246.1,590603
4246.2,590601
4246.3,590600
4246.4,590599
4246.5,590597
4246.6,590596
4246.7,590594
4246.8,590593
4246.9,590591
4247,590589
4247.1,590588
4247.2,590586
4247.3,590585
4247.4,590583
4247.5,590582
4247.6,590581
4247.7,590579
4247.8,590578
4247.9,590576
4248,590574
4248.1,590573
4248.2,590572
4248.3,590570
4248.4,590569
4248.5,590567
4248.6,590566
4248.7,590564
4248.8,590563
4248.9,590561
4249,590560
4249.1,590558
4249.2,590557
4249.3,590555
4249.4,590554
4249.5,590552
4249.6,590551
4249.7,590550
4249.8,590548
4249.9,590546
4250,590545
4250.1,590543
4250.2,590542
4250.3,590540
4250.4,590539
4250.5,590537
4250.6,590536
4250.7,590534
4250.8,590533
4250.9,590531
4251,590530
4251.1,590528
4251.2,590527
4251.3,590525
4251.4,590524
4251.5,590522
4251.6,590521
4251.7,590519
4251.8,590517
4251.9,590516
4252,590515
4252.1,590514
4252.2,590512
4252.3,590510
4252.4,590509
4252.5,590507
4252.6,590506
4252.7,590504
4252.8,590503
4252.9,590501
4253,590500
4253.1,590498
4253.2,590497
4253.3,590496
4253.4,590494
4253.5,590492
4253.6,590491
4253.7,590489
4253.8,590488
4253.9,590487
4254,590485
4254.1,590483
4254.2,590482
4254.3,590481
4254.4,590479
4254.5,590478
4254.6,590476
4254.7,590474
4254.8,590473
4254.9,590471
4255,590470
4255.1,590469
4255.2,590467
4255.3,590465
4255.4,590464
4255.5,590462
4255.6,590460
4255.7,590459
4255.8,590458
4255.9,590456
4256,590455
4256.1,590453
4256.2,590452
4256.3,590450
4256.4,590449
4256.5,590448
4256.6,590446
4256.7,590444
4256.8,590443
4256.9,590442
4257,590440
4257.1,590438
4257.2,590437
4257.3,590435
4257.4,590434
4257.5,590432
4257.6,590431
4257.7,590429
4257.8,590428
4257.9,590426
4258,590425
4258.1,590423
4258.2,590422
4258.3,590420
4258.4,590419
4258.5,590417
4258.6,590416
4258.7,590414
4258.8,590413
4258.9,590411
4259,590410
4259.1,590408
4259.2,590407
4259.3,590405
4259.4,590404
4259.5,590402
4259.6,590401
4259.7,590399
4259.8,590398
4259.9,590396
4260,590395
4260.1,590394
4260.2,590392
4260.3,590390
4260.4,590388
4260.5,590387
4260.6,590386
4260.7,590385
4260.8,590383
4260.9,590381
4261,590380
4261.1,590379
4261.2,590377
4261.3,590376
4261.4,590374
4261.5,590372
4261.6,590371
4261.7,590369
4261.8,590368
4261.9,590366
4262,590365
4262.1,590363
4262.2,590361
4262.3,590360
4262.4,590359
4262.5,590357
4262.6,590356
4262.7,590354
4262.8,590352
4262.9,590351
4263,590349
4263.1,590348
4263.2,590347
4263.3,590345
4263.4,590344
4263.5,590342
4263.6,590341
4263.7,590339
4263.8,590338
4263.9,590336
4264,590335
4264.1,590333
4264.2,590332
4264.3,590330
4264.4,590329
4264.5,590327
4264.6,590326
4264.7,590324
4264.8,590323
4264.9,590321
4265,590320
4265.1,590318
4265.2,590317
4265.3,590315
4265.4,590314
4265.5,590312
4265.6,590311
4265.7,590309
4265.8,590308
4265.9,590306
4266,590304
4266.1,590303
4266.2,590302
4266.3,590300
4266.4,590298
4266.5,590297
4266.6,590295
4266.7,590294
4266.8,590293
4266.9,590291
4267,590289
4267.1,590288
4267.2,590286
4267.3,590285
4267.4,590283
4267.5,590282
4267.6,590280
4267.7,590279
4267.8,590277
4267.9,590276
4268,590274
4268.1,590273
4268.2,590271
4268.3,590270
4268.4,590268
4268.5,590267
4268.6,590265
4268.7,590264
4268.8,590262
4268.9,590261
4269,590259
4269.1,590257
4269.2,590257
4269.3,590255
4269.4,590253
4269.5,590251
4269.6,590250
4269.7,590249
4269.8,590247
4269.9,590246
4270,590244
4270.1,590242
4270.2,590241
4270.3,590239
4270.4,590238
4270.5,590237
4270.6,590235
4270.7,590233
4270.8,590232
4270.9,590230
4271,590229
4271.1,590227
4271.2,590226
4271.3,590224
4271.4,590222
4271.5,590221
4271.6,590219
4271.7,590218
4271.8,590217
4271.9,590215
4272,590213
4272.1,590212
4272.2,590210
4272.3,590209
4272.4,590208
4272.5,590206
4272.6,590204
4272.7,590203
4272.8,590201
4272.9,590200
4273,590199
4273.1,590197
4273.2,590195
4273.3,590194
4273.4,590192
4273.5,590191
4273.6,590190
4273.7,590188
4273.8,590186
4273.9,590185
4274,590183
4274.1,590182
4274.2,590180
4274.3,590179
4274.4,590177
4274.5,590175
4274.6,590174
4274.7,590172
4274.8,590171
4274.9,590169
4275,590168
4275.1,590166
4275.2,590165
4275.3,590163
4275.4,590162
4275.5,590160
4275.6,590158
4275.7,590157
4275.8,590155
4275.9,590154
4276,590153
4276.1,590151
4276.2,590149
4276.3,590148
4276.4,590146
4276.5,590145
4276.6,590144
4276.7,590142
4276.8,590140
4276.9,590139
4277,590137
4277.1,590136
4277.2,590135
4277.3,590133
4277.4,590131
4277.5,590130
4277.6,590128
4277.7,590127
4277.8,590125
4277.9,590124
4278,590122
4278.1,590121
4278.2,590119
4278.3,590117
4278.4,590116
4278.5,590115
4278.6,590113
4278.7,590111
4278.8,590110
4278.9,590108
4279,590107
4279.1,590105
4279.2,590103
4279.3,590102
4279.4,590100
4279.5,590099
4279.6,590097
4279.7,590096
4279.8,590094
4279.9,590093
4280,590091
4280.1,590090
4280.2,590088
4280.3,590087
4280.4,590085
4280.5,590084
4280.6,590082
4280.7,590080
4280.8,590079
4280.9,590078
4281,590076
4281.1,590075
4281.2,590073
4281.3,590072
4281.4,590070
4281.5,590069
4281.6,590067
4281.7,590066
4281.8,590064
4281.9,590062
4282,590061
4282.1,590060
4282.2,590058
4282.3,590056
4282.4,590055
4282.5,590053
4282.6,590052
4282.7,590050
4282.8,590049
4282.9,590047
4283,590046
4283.1,590044
4283.2,590042
4283.3,590041
4283.4,590040
4283.5,590038
4283.6,590036
4283.7,590035
4283.8,590033
4283.9,590031
4284,590030
4284.1,590028
4284.2,590027
4284.3,590025
4284.4,590023
4284.5,590022
4284.6,590021
4284.7,590020
4284.8,590018
4284.9,590016
4285,590015
4285.1,590013
4285.2,590012
4285.3,590010
4285.4,590009
4285.5,590007
4285.6,590006
4285.7,590004
4285.8,590003
4285.9,590002
4286,590000
4286.1,589998
4286.2,589997
4286.3,589995
4286.4,589994
4286.5,589992
4286.6,589991
4286.7,589989
4286.8,589988
4286.9,589986
4287,589984
4287.1,589983
4287.2,589981
4287.3,589979
4287.4,589978
4287.5,589976
4287.6,589975
4287.7,589974
4287.8,589972
4287.9,589970
4288,589969
4288.1,589967
4288.2,589966
4288.3,589965
4288.4,589963
4288.5,589961
4288.6,589959
4288.7,589958
4288.8,589956
4288.9,589955
4289,589953
4289.1,589951
4289.2,589950
4289.3,589949
4289.4,589947
4289.5,589946
4289.6,589944
4289.7,589943
4289.8,589941
4289.9,589940
4290,589938
4290.1,589937
4290.2,589935
4290.3,589934
4290.4,589932
4290.5,589930
4290.6,589929
4290.7,589927
4290.8,589926
4290.9,589925
4291,589923
4291.1,589921
4291.2,589919
4291.3,589918
4291.4,589917
4291.5,589915
4291.6,589913
4291.7,589912
4291.8,589910
4291.9,589909
4292,589908
4292.1,589906
4292.2,589904
4292.3,589903
4292.4,589901
4292.5,589900
4292.6,589898
4292.7,589897
4292.8,589895
4292.9,589893
4293,589892
4293.1,589890
4293.2,589889
4293.3,589887
4293.4,589885
4293.5,589884
4293.6,589882
4293.7,589881
4293.8,589879
4293.9,589878
4294,589876
4294.1,589874
4294.2,589873
4294.3,589871
4294.4,589870
4294.5,589869
4294.6,589867
4294.7,589865
4294.8,589864
4294.9,589862
4295,589861
4295.1,589859
4295.2,589858
4295.3,589856
4295.4,589855
4295.5,589853
4295.6,589852
4295.7,589850
4295.8,589849
4295.9,589847
4296,589845
4296.1,589844
4296.2,589842
4296.3,589841
4296.4,589839
4296.5,589838
4296.6,589836
4296.7,589834
4296.8,589833
4296.9,589832
4297,589830
4297.1,589828
4297.2,589827
4297.3,589825
4297.4,589824
4297.5,589822
4297.6,589821
4297.7,589819
4297.8,589817
4297.9,589816
4298,589815
4298.1,589813
4298.2,589811
4298.3,589809
4298.4,589808
4298.5,589806
4298.6,589805
4298.7,589803
4298.8,589802
4298.9,589800
4299,589798
4299.1,589797
4299.2,589795
4299.3,589794
4299.4,589793
4299.5,589791
4299.6,589789
4299.7,589787
4299.8,589786
4299.9,589785
4300,589784
4300.1,589782
4300.2,589780
4300.3,589779
4300.4,589777
4300.5,589775
4300.6,589774
4300.7,589773
4300.8,589771
4300.9,589769
4301,589768
4301.1,589766
4301.2,589765
4301.3,589763
4301.4,589762
4301.5,589760
4301.6,589759
4301.7,589757
4301.8,589756
4301.9,589754
4302,589752
4302.1,589751
4302.2,589749
4302.3,589748
4302.4,589746
4302.5,589744
4302.6,589743
4302.7,589741
4302.8,589740
4302.9,589738
4303,589737
4303.1,589735
4303.2,589734
4303.3,589732
4303.4,589730
4303.5,589729
4303.6,589728
4303.7,589726
4303.8,589724
4303.9,589722
4304,589721
4304.1,589719
4304.2,589718
4304.3,589716
4304.4,589714
4304.5,589712
4304.6,589711
4304.7,589709
4304.8,589708
4304.9,589707
4305,589705
4305.1,589703
4305.2,589702
4305.3,589700
4305.4,589699
4305.5,589698
4305.6,589696
4305.7,589694
4305.8,589693
4305.9,589691
4306,589690
4306.1,589688
4306.2,589687
4306.3,589685
4306.4,589684
4306.5,589682
4306.6,589681
4306.7,589679
4306.8,589677
4306.9,589675
4307,589674
4307.1,589672
4307.2,589671
4307.3,589670
4307.4,589668
4307.5,589666
4307.6,589665
4307.7,589663
4307.8,589662
4307.9,589660
4308,589659
4308.1,589657
4308.2,589655
4308.3,589653
4308.4,589652
4308.5,589651
4308.6,589649
4308.7,589647
4308.8,589646
4308.9,589644
4309,589643
4309.1,589641
4309.2,589640
4309.3,589638
4309.4,589636
4309.5,589634
4309.6,589633
4309.7,589632
4309.8,589630
4309.9,589628
4310,589626
4310.1,589625
4310.2,589623
4310.3,589622
4310.4,589621
4310.5,589619
4310.6,589617
4310.7,589615
4310.8,589614
4310.9,589613
4311,589612
4311.1,589609
4311.2,589608
4311.3,589606
4311.4,589605
4311.5,589603
4311.6,589602
4311.7,589600
4311.8,589599
4311.9,589597
4312,589596
4312.1,589594
4312.2,589593
4312.3,589591
4312.4,589589
4312.5,589588
4312.6,589586
4312.7,589585
4312.8,589583
4312.9,589581
4313,589580
4313.1,589578
4313.2,589577
4313.3,589575
4313.4,589574
4313.5,589572
4313.6,589570
4313.7,589568
4313.8,589567
4313.9,589565
4314,589564
4314.1,589562
4314.2,589561
4314.3,589559
4314.4,589558
4314.5,589556
4314.6,589555
4314.7,589553
4314.8,589551
4314.9,589549
4315,589548
4315.1,589546
4315.2,589545
4315.3,589543
4315.4,589541
4315.5,589540
4315.6,589538
4315.7,589537
4315.8,589535
4315.9,589534
4316,589532
4316.1,589530
4316.2,589529
4316.3,589527
4316.4,589526
4316.5,589525
4316.6,589523
4316.7,589521
4316.8,589520
4316.9,589518
4317,589517
4317.1,589515
4317.2,589514
4317.3,589512
4317.4,589510
4317.5,589509
4317.6,589507
4317.7,589506
4317.8,589504
4317.9,589502
4318,589501
4318.1,589499
4318.2,589498
4318.3,589496
4318.4,589495
4318.5,589493
4318.6,589491
4318.7,589490
4318.8,589488
4318.9,589487
4319,589485
4319.1,589483
4319.2,589482
4319.3,589480
4319.4,589479
4319.5,589477
4319.6,589476
4319.7,589474
4319.8,589472
4319.9,589471
4320,589469
4320.1,589468
4320.2,589466
4320.3,589464
4320.4,589463
4320.5,589461
4320.6,589460
4320.7,589458
4320.8,589456
4320.9,589455
4321,589453
4321.1,589451
4321.2,589450
4321.3,589449
4321.4,589447
4321.5,589445
4321.6,589444
4321.7,589442
4321.8,589440
4321.9,589439
4322,589438
4322.1,589436
4322.2,589434
4322.3,589433
4322.4,589431
4322.5,589430
4322.6,589428
4322.7,589427
4322.8,589425
4322.9,589424
4323,589422
4323.1,589420
4323.2,589419
4323.3,589417
4323.4,589416
4323.5,589414
4323.6,589412
4323.7,589411
4323.8,589410
4323.9,589408
4324,589406
4324.1,589404
4324.2,589403
4324.3,589402
4324.4,589400
4324.5,589398
4324.6,589396
4324.7,589395
4324.8,589393
4324.9,589392
4325,589390
4325.1,589389
4325.2,589387
4325.3,589385
4325.4,589384
4325.5,589382
4325.6,589381
4325.7,589379
4325.8,589377
4325.9,589376
4326,589374
4326.1,589373
4326.2,589371
4326.3,589370
4326.4,589367
4326.5,589366
4326.6,589364
4326.7,589363
4326.8,589361
4326.9,589360
4327,589358
4327.1,589356
4327.2,589355
4327.3,589353
4327.4,589351
4327.5,589350
4327.6,589348
4327.7,589347
4327.8,589345
4327.9,589344
4328,589342
4328.1,589341
4328.2,589339
4328.3,589338
4328.4,589336
4328.5,589334
4328.6,589333
4328.7,589332
4328.8,589330
4328.9,589328
4329,589326
4329.1,589325
4329.2,589323
4329.3,589322
4329.4,589320
4329.5,589319
4329.6,589317
4329.7,589315
4329.8,589314
4329.9,589313
4330,589311
4330.1,589309
4330.2,589308
4330.3,589306
4330.4,589304
4330.5,589303
4330.6,589301
4330.7,589299
4330.8,589298
4330.9,589296
4331,589295
4331.1,589294
4331.2,589292
4331.3,589290
4331.4,589288
4331.5,589286
4331.6,589285
4331.7,589284
4331.8,589282
4331.9,589280
4332,589279
4332.1,589277
4332.2,589276
4332.3,589274
4332.4,589272
4332.5,589270
4332.6,589269
4332.7,589267
4332.8,589266
4332.9,589264
4333,589262
4333.1,589261
4333.2,589259
4333.3,589257
4333.4,589256
4333.5,589254
4333.6,589253
4333.7,589251
4333.8,589250
4333.9,589248
4334,589247
4334.1,589245
4334.2,589244
4334.3,589242
4334.4,589240
4334.5,589239
4334.6,589237
4334.7,589236
4334.8,589234
4334.9,589232
4335,589231
4335.1,589229
4335.2,589228
4335.3,589226
4335.4,589225
4335.5,589223
4335.6,589221
4335.7,589220
4335.8,589218
4335.9,589217
4336,589215
4336.1,589213
4336.2,589212
4336.3,589210
4336.4,589209
4336.5,589207
4336.6,589206
4336.7,589204
4336.8,589202
4336.9,589201
4337,589199
4337.1,589198
4337.2,589196
4337.3,589194
4337.4,589193
4337.5,589191
4337.6,589189
4337.7,589188
4337.8,589186
4337.9,589185
4338,589183
4338.1,589181
4338.2,589179
4338.3,589178
4338.4,589177
4338.5,589175
4338.6,589173
4338.7,589171
4338.8,589170
4338.9,589168
4339,589167
4339.1,589165
4339.2,589163
4339.3,589162
4339.4,589160
4339.5,589158
4339.6,589157
4339.7,589155
4339.8,589154
4339.9,589152
4340,589150
4340.1,589148
4340.2,589147
4340.3,589146
4340.4,589144
4340.5,589142
4340.6,589141
4340.7,589139
4340.8,589138
4340.9,589136
4341,589135
4341.1,589133
4341.2,589131
4341.3,589129
4341.4,589128
4341.5,589127
4341.6,589125
4341.7,589123
4341.8,589122
4341.9,589120
4342,589119
4342.1,589117
4342.2,589115
4342.3,589114
4342.4,589112
4342.5,589110
4342.6,589109
4342.7,589108
4342.8,589106
4342.9,589104
4343,589102
4343.1,589101
4343.2,589100
4343.3,589098
4343.4,589096
4343.5,589094
4343.6,589093
4343.7,589091
4343.8,589090
4343.9,589088
4344,589086
4344.1,589085
4344.2,589083
4344.3,589082
4344.4,589080
4344.5,589079
4344.6,589077
4344.7,589075
4344.8,589073
4344.9,589072
4345,589070
4345.1,589069
4345.2,589067
4345.3,589065
4345.4,589063
4345.5,589062
4345.6,589060
4345.7,589059
4345.8,589057
4345.9,589055
4346,589054
4346.1,589052
4346.2,589050
4346.3,589049
4346.4,589047
4346.5,589045
4346.6,589044
4346.7,589042
4346.8,589041
4346.9,589039
4347,589038
4347.1,589036
4347.2,589034
4347.3,589033
4347.4,589031
4347.5,589030
4347.6,589028
4347.7,589026
4347.8,589025
4347.9,589023
4348,589022
4348.1,589020
4348.2,589019
4348.3,589017
4348.4,589015
4348.5,589013
4348.6,589012
4348.7,589011
4348.8,589009
4348.9,589007
4349,589005
4349.1,589004
4349.2,589002
4349.3,589001
4349.4,588999
4349.5,588997
4349.6,588996
4349.7,588994
4349.8,588993
4349.9,588991
4350,588990
4350.1,588988
4350.2,588986
4350.3,588984
4350.4,588983
4350.5,588981
4350.6,588980
4350.7,588978
4350.8,588977
4350.9,588975
4351,588973
4351.1,588972
4351.2,588970
4351.3,588969
4351.4,588967
4351.5,588965
4351.6,588963
4351.7,588962
4351.8,588960
4351.9,588959
4352,588957
4352.1,588955
4352.2,588953
4352.3,588952
4352.4,588950
4352.5,588949
4352.6,588947
4352.7,588945
4352.8,588944
4352.9,588942
4353,588941
4353.1,588939
4353.2,588937
4353.3,588935
4353.4,588934
4353.5,588932
4353.6,588931
4353.7,588929
4353.8,588928
4353.9,588926
4354,588924
4354.1,588922
4354.2,588921
4354.3,588920
4354.4,588918
4354.5,588916
4354.6,588915
4354.7,588913
4354.8,588912
4354.9,588910
4355,588908
4355.1,588907
4355.2,588905
4355.3,588903
4355.4,588902
4355.5,588900
4355.6,588899
4355.7,588897
4355.8,588895
4355.9,588894
4356,588892
4356.1,588891
4356.2,588889
4356.3,588887
4356.4,588886
4356.5,588884
4356.6,588883
4356.7,588881
4356.8,588879
4356.9,588878
4357,588876
4357.1,588874
4357.2,588873
4357.3,588872
4357.4,588869
4357.5,588868
4357.6,588866
4357.7,588865
4357.8,588863
4357.9,588862
4358,588860
4358.1,588858
4358.2,588856
4358.3,588855
4358.4,588853
4358.5,588852
4358.6,588850
4358.7,588848
4358.8,588846
4358.9,588845
4359,588843
4359.1,588842
4359.2,588840
4359.3,588838
4359.4,588837
4359.5,588835
4359.6,588834
4359.7,588832
4359.8,588830
4359.9,588828
4360,588827
4360.1,588825
4360.2,588823
4360.3,588822
4360.4,588820
4360.5,588818
4360.6,588816
4360.7,588815
4360.8,588813
4360.9,588812
4361,588810
4361.1,588809
4361.2,588807
4361.3,588805
4361.4,588804
4361.5,588803
4361.6,588801
4361.7,588799
4361.8,588797
4361.9,588796
4362,588794
4362.1,588793
4362.2,588791
4362.3,588790
4362.4,588788
4362.5,588786
4362.6,588784
4362.7,588783
4362.8,588782
4362.9,588780
4363,588778
4363.1,588776
4363.2,588774
4363.3,588773
4363.4,588772
4363.5,588770
4363.6,588768
4363.7,588767
4363.8,588765
4363.9,588763
4364,588762
4364.1,588760
4364.2,588759
4364.3,588757
4364.4,588755
4364.5,588754
4364.6,588752
4364.7,588750
4364.8,588749
4364.9,588747
4365,588746
4365.1,588744
4365.2,588742
4365.3,588740
4365.4,588739
4365.5,588737
4365.6,588736
4365.7,588734
4365.8,588733
4365.9,588730
4366,588729
4366.1,588727
4366.2,588725
4366.3,588724
4366.4,588722
4366.5,588721
4366.6,588719
4366.7,588717
4366.8,588715
4366.9,588714
4367,588713
4367.1,588711
4367.2,588709
4367.3,588707
4367.4,588706
4367.5,588704
4367.6,588702
4367.7,588701
4367.8,588699
4367.9,588697
4368,588696
4368.1,588694
4368.2,588693
4368.3,588691
4368.4,588689
4368.5,588688
4368.6,588686
4368.7,588684
4368.8,588683
4368.9,588681
4369,588680
4369.1,588678
4369.2,588676
4369.3,588675
4369.4,588673
4369.5,588672
4369.6,588670
4369.7,588668
4369.8,588666
4369.9,588665
4370,588663
4370.1,588662
4370.2,588660
4370.3,588658
4370.4,588657
4370.5,588655
4370.6,588654
4370.7,588652
4370.8,588650
4370.9,588649
4371,588647
4371.1,588646
4371.2,588644
4371.3,588642
4371.4,588641
4371.5,588639
4371.6,588637
4371.7,588635
4371.8,588634
4371.9,588633
4372,588631
4372.1,588629
4372.2,588627
4372.3,588626
4372.4,588624
4372.5,588623
4372.6,588621
4372.7,588619
4372.8,588617
4372.9,588616
4373,588614
4373.1,588613
4373.2,588611
4373.3,588609
4373.4,588608
4373.5,588606
4373.6,588604
4373.7,588603
4373.8,588601
4373.9,588599
4374,588597
4374.1,588596
4374.2,588594
4374.3,588593
4374.4,588591
4374.5,588589
4374.6,588587
4374.7,588586
4374.8,588584
4374.9,588583
4375,588581
4375.1,588579
4375.2,588577
4375.3,588576
4375.4,588574
4375.5,588573
4375.6,588571
4375.7,588569
4375.8,588568
4375.9,588566
4376,588564
4376.1,588563
4376.2,588561
4376.3,588560
4376.4,588558
4376.5,588556
4376.6,588555
4376.7,588553
4376.8,588552
4376.9,588550
4377,588548
4377.1,588546
4377.2,588545
4377.3,588543
4377.4,588542
4377.5,588540
4377.6,588539
4377.7,588537
4377.8,588535
4377.9,588534
4378,588532
4378.1,588530
4378.2,588529
4378.3,588527
4378.4,588525
4378.5,588524
4378.6,588523
4378.7,588520
4378.8,588519
4378.9,588517
4379,588515
4379.1,588514
4379.2,588513
4379.3,588511
4379.4,588509
4379.5,588507
4379.6,588506
4379.7,588504
4379.8,588503
4379.9,588501
4380,588499
4380.1,588497
4380.2,588495
4380.3,588494
4380.4,588493
4380.5,588491
4380.6,588489
4380.7,588487
4380.8,588486
4380.9,588484
4381,588482
4381.1,588481
4381.2,588479
4381.3,588477
4381.4,588476
4381.5,588474
4381.6,588473
4381.7,588470
4381.8,588469
4381.9,588467
4382,588465
4382.1,588464
4382.2,588462
4382.3,588460
4382.4,588459
4382.5,588457
4382.6,588455
4382.7,588454
4382.8,588452
4382.9,588451
4383,588449
4383.1,588447
4383.2,588445
4383.3,588444
4383.4,588442
4383.5,588441
4383.6,588439
4383.7,588437
4383.8,588435
4383.9,588434
4384,588432
4384.1,588431
4384.2,588429
4384.3,588427
4384.4,588426
4384.5,588424
4384.6,588423
4384.7,588421
4384.8,588420
4384.9,588418
4385,588416
4385.1,588414
4385.2,588413
4385.3,588411
4385.4,588410
4385.5,588408
4385.6,588406
4385.7,588404
4385.8,588403
4385.9,588402
4386,588400
4386.1,588398
4386.2,588396
4386.3,588395
4386.4,588393
4386.5,588391
4386.6,588390
4386.7,588388
4386.8,588386
4386.9,588385
4387,588383
4387.1,588382
4387.2,588380
4387.3,588378
4387.4,588376
4387.5,588375
4387.6,588373
4387.7,588372
4387.8,588370
4387.9,588368
4388,588366
4388.1,588365
4388.2,588363
4388.3,588362
4388.4,588360
4388.5,588358
4388.6,588356
4388.7,588355
4388.8,588353
4388.9,588351
4389,588350
4389.1,588348
4389.2,588346
4389.3,588344
4389.4,588343
4389.5,588341
4389.6,588340
4389.7,588338
4389.8,588336
4389.9,588334
4390,588333
4390.1,588332
4390.2,588329
4390.3,588328
4390.4,588326
4390.5,588324
4390.6,588323
4390.7,588321
4390.8,588319
4390.9,588317
4391,588316
4391.1,588314
4391.2,588312
4391.3,588311
4391.4,588310
4391.5,588308
4391.6,588306
4391.7,588304
4391.8,588303
4391.9,588301
4392,588300
4392.1,588298
4392.2,588296
4392.3,588294
4392.4,588293
4392.5,588291
4392.6,588290
4392.7,588288
4392.8,588286
4392.9,588285
4393,588283
4393.1,588281
4393.2,588280
4393.3,588278
4393.4,588276
4393.5,588275
4393.6,588273
4393.7,588272
4393.8,588270
4393.9,588268
4394,588266
4394.1,588265
4394.2,588263
4394.3,588262
4394.4,588260
4394.5,588258
4394.6,588256
4394.7,588255
4394.8,588253
4394.9,588252
4395,588250
4395.1,588248
4395.2,588247
4395.3,588245
4395.4,588243
4395.5,588242
4395.6,588240
4395.7,588238
4395.8,588237
4395.9,588235
4396,588233
4396.1,588232
4396.2,588230
4396.3,588228
4396.4,588226
4396.5,588225
4396.6,588223
4396.7,588222
4396.8,588220
4396.9,588218
4397,588216
4397.1,588215
4397.2,588213
4397.3,588211
4397.4,588210
4397.5,588208
4397.6,588206
4397.7,588204
4397.8,588203
4397.9,588201
4398,588200
4398.1,588198
4398.2,588196
4398.3,588194
4398.4,588193
4398.5,588191
4398.6,588189
4398.7,588187
4398.8,588186
4398.9,588184
4399,588182
4399.1,588181
4399.2,588179
4399.3,588178
4399.4,588176
4399.5,588174
4399.6,588172
4399.7,588171
4399.8,588169
4399.9,588168
4400,588166
4400.1,588164
4400.2,588162
4400.3,588161
4400.4,588159
4400.5,588158
4400.6,588156
4400.7,588154
4400.8,588153
4400.9,588151
4401,588149
4401.1,588148
4401.2,588146
4401.3,588144
4401.4,588143
4401.5,588141
4401.6,588140
4401.7,588138
4401.8,588136
4401.9,588134
4402,588133
4402.1,588131
4402.2,588129
4402.3,588128
4402.4,588126
4402.5,588124
4402.6,588123
4402.7,588121
4402.8,588120
4402.9,588118
4403,588116
4403.1,588115
4403.2,588113
4403.3,588111
4403.4,588109
4403.5,588108
4403.6,588106
4403.7,588104
4403.8,588102
4403.9,588101
4404,588099
4404.1,588098
4404.2,588096
4404.3,588094
4404.4,588093
4404.5,588091
4404.6,588089
4404.7,588088
4404.8,588086
4404.9,588084
4405,588082
4405.1,588080
4405.2,588079
4405.3,588077
4405.4,588075
4405.5,588074
4405.6,588072
4405.7,588071
4405.8,588069
4405.9,588067
4406,588065
4406.1,588064
4406.2,588062
4406.3,588060
4406.4,588058
4406.5,588057
4406.6,588055
4406.7,588053
4406.8,588052
4406.9,588050
4407,588048
4407.1,588047
4407.2,588045
4407.3,588043
4407.4,588041
4407.5,588040
4407.6,588038
4407.7,588036
4407.8,588035
4407.9,588033
4408,588031
4408.1,588030
4408.2,588028
4408.3,588026
4408.4,588025
4408.5,588023
4408.6,588021
4408.7,588020
4408.8,588018
4408.9,588016
4409,588015
4409.1,588013
4409.2,588011
4409.3,588010
4409.4,588008
4409.5,588006
4409.6,588005
4409.7,588003
4409.8,588001
4409.9,587999
4410,587998
4410.1,587996
4410.2,587995
4410.3,587993
4410.4,587991
4410.5,587990
4410.6,587988
4410.7,587986
4410.8,587985
4410.9,587983
4411,587981
4411.1,587980
4411.2,587978
4411.3,587977
4411.4,587975
4411.5,587973
4411.6,587971
4411.7,587970
4411.8,587968
4411.9,587966
4412,587965
4412.1,587963
4412.2,587961
4412.3,587959
4412.4,587958
4412.5,587956
4412.6,587955
4412.7,587952
4412.8,587951
4412.9,587949
4413,587947
4413.1,587945
4413.2,587944
4413.3,587942
4413.4,587940
4413.5,587939
4413.6,587937
4413.7,587936
4413.8,587934
4413.9,587932
4414,587930
4414.1,587928
4414.2,587927
4414.3,587925
4414.4,587924
4414.5,587922
4414.6,587920
4414.7,587918
4414.8,587917
4414.9,587915
4415,587913
4415.1,587911
4415.2,587910
4415.3,587908
4415.4,587906
4415.5,587905
4415.6,587903
4415.7,587901
4415.8,587900
4415.9,587898
4416,587896
4416.1,587894
4416.2,587893
4416.3,587892
4416.4,587890
4416.5,587888
4416.6,587886
4416.7,587885
4416.8,587883
4416.9,587881
4417,587879
4417.1,587878
4417.2,587876
4417.3,587875
4417.4,587873
4417.5,587871
4417.6,587870
4417.7,587868
4417.8,587866
4417.9,587864
4418,587863
4418.1,587861
4418.2,587860
4418.3,587858
4418.4,587856
4418.5,587854
4418.6,587853
4418.7,587851
4418.8,587849
4418.9,587848
4419,587846
4419.1,587844
4419.2,587843
4419.3,587841
4419.4,587839
4419.5,587837
4419.6,587836
4419.7,587834
4419.8,587832
4419.9,587831
4420,587829
4420.1,587827
4420.2,587826
4420.3,587824
4420.4,587822
4420.5,587821
4420.6,587819
4420.7,587817
4420.8,587815
4420.9,587813
4421,587812
4421.1,587810
4421.2,587808
4421.3,587807
4421.4,587805
4421.5,587803
4421.6,587802
4421.7,587800
4421.8,587798
4421.9,587796
4422,587795
4422.1,587793
4422.2,587791
4422.3,587790
4422.4,587788
4422.5,587786
4422.6,587784
4422.7,587783
4422.8,587781
4422.9,587779
4423,587778
4423.1,587776
4423.2,587774
4423.3,587772
4423.4,587770
4423.5,587769
4423.6,587767
4423.7,587766
4423.8,587764
4423.9,587762
4424,587760
4424.1,587759
4424.2,587758
4424.3,587756
4424.4,587754
4424.5,587752
4424.6,587751
4424.7,587749
4424.8,587747
4424.9,587746
4425,587744
4425.1,587742
4425.2,587741
4425.3,587739
4425.4,587738
4425.5,587735
4425.6,587734
4425.7,587732
4425.8,587730
4425.9,587729
4426,587727
4426.1,587725
4426.2,587724
4426.3,587722
4426.4,587720
4426.5,587719
4426.6,587717
4426.7,587715
4426.8,587713
4426.9,587712
4427,587710
4427.1,587708
4427.2,587707
4427.3,587705
4427.4,587703
4427.5,587701
4427.6,587700
4427.7,587698
4427.8,587697
4427.9,587695
4428,587693
4428.1,587691
4428.2,587690
4428.3,587688
4428.4,587687
4428.5,587685
4428.6,587683
4428.7,587681
4428.8,587679
4428.9,587678
4429,587676
4429.1,587674
4429.2,587672
4429.3,587671
4429.4,587669
4429.5,587667
4429.6,587666
4429.7,587664
4429.8,587662
4429.9,587660
4430,587659
4430.1,587657
4430.2,587656
4430.3,587653
4430.4,587652
4430.5,587650
4430.6,587648
4430.7,587647
4430.8,587645
4430.9,587643
4431,587641
4431.1,587639
4431.2,587637
4431.3,587636
4431.4,587634
4431.5,587633
4431.6,587631
4431.7,587629
4431.8,587628
4431.9,587626
4432,587625
4432.1,587623
4432.2,587621
4432.3,587619
4432.4,587617
4432.5,587616
4432.6,587614
4432.7,587613
4432.8,587611
4432.9,587609
4433,587608
4433.1,587606
4433.2,587604
4433.3,587603
4433.4,587601
4433.5,587599
4433.6,587597
4433.7,587596
4433.8,587594
4433.9,587593
4434,587591
4434.1,587589
4434.2,587587
4434.3,587585
4434.4,587584
4434.5,587583
4434.6,587581
4434.7,587579
4434.8,587577
4434.9,587575
4435,587574
4435.1,587572
4435.2,587570
4435.3,587568
4435.4,587566
4435.5,587565
4435.6,587563
4435.7,587562
4435.8,587560
4435.9,587558
4436,587556
4436.1,587555
4436.2,587553
4436.3,587551
4436.4,587549
4436.5,587548
4436.6,587546
4436.7,587544
4436.8,587543
4436.9,587541
4437,587539
4437.1,587537
4437.2,587535
4437.3,587534
4437.4,587532
4437.5,587531
4437.6,587529
4437.7,587527
4437.8,587525
4437.9,587524
4438,587522
4438.1,587521
4438.2,587518
4438.3,587517
4438.4,587515
4438.5,587513
4438.6,587511
4438.7,587510
4438.8,587508
4438.9,587506
4439,587504
4439.1,587502
4439.2,587501
4439.3,587499
4439.4,587498
4439.5,587496
4439.6,587494
4439.7,587492
4439.8,587491
4439.9,587489
4440,587488
4440.1,587486
4440.2,587484
4440.3,587482
4440.4,587481
4440.5,587479
4440.6,587477
4440.7,587476
4440.8,587474
4440.9,587472
4441,587471
4441.1,587469
4441.2,587467
4441.3,587465
4441.4,587464
4441.5,587462
4441.6,587460
4441.7,587459
4441.8,587457
4441.9,587455
4442,587453
4442.1,587452
4442.2,587450
4442.3,587449
4442.4,587447
4442.5,587445
4442.6,587443
4442.7,587441
4442.8,587440
4442.9,587438
4443,587436
4443.1,587435
4443.2,587433
4443.3,587431
4443.4,587430
4443.5,587428
4443.6,587427
4443.7,587424
4443.8,587423
4443.9,587421
4444,587419
4444.1,587417
4444.2,587416
4444.3,587414
4444.4,587412
4444.5,587410
4444.6,587409
4444.7,587407
4444.8,587406
4444.9,587404
4445,587402
4445.1,587400
4445.2,587398
4445.3,587396
4445.4,587395
4445.5,587393
4445.6,587391
4445.7,587389
4445.8,587388
4445.9,587386
4446,587385
4446.1,587383
4446.2,587381
4446.3,587379
4446.4,587377
4446.5,587376
4446.6,587374
4446.7,587372
4446.8,587370
4446.9,587368
4447,587367
4447.1,587365
4447.2,587364
4447.3,587362
4447.4,587360
4447.5,587358
4447.6,587357
4447.7,587355
4447.8,587353
4447.9,587352
4448,587350
4448.1,587348
4448.2,587346
4448.3,587345
4448.4,587343
4448.5,587342
4448.6,587340
4448.7,587338
4448.8,587336
4448.9,587335
4449,587333
4449.1,587331
4449.2,587329
4449.3,587328
4449.4,587326
4449.5,587324
4449.6,587323
4449.7,587321
4449.8,587319
4449.9,587317
4450,587316
4450.1,587314
4450.2,587312
4450.3,587310
4450.4,587309
4450.5,587307
4450.6,587305
4450.7,587304
4450.8,587302
4450.9,587301
4451,587298
4451.1,587297
4451.2,587295
4451.3,587293
4451.4,587292
4451.5,587290
4451.6,587288
4451.7,587286
4451.8,587285
4451.9,587283
4452,587281
4452.1,587280
4452.2,587278
4452.3,587276
4452.4,587274
4452.5,587272
4452.6,587270
4452.7,587269
4452.8,587267
4452.9,587265
4453,587263
4453.1,587262
4453.2,587260
4453.3,587258
4453.4,587257
4453.5,587255
4453.6,587253
4453.7,587251
4453.8,587250
4453.9,587248
4454,587246
4454.1,587244
4454.2,587242
4454.3,587241
4454.4,587239
4454.5,587237
4454.6,587235
4454.7,587234
4454.8,587232
4454.9,587230
4455,587228
4455.1,587227
4455.2,587225
4455.3,587223
4455.4,587222
4455.5,587220
4455.6,587218
4455.7,587217
4455.8,587215
4455.9,587213
4456,587211
4456.1,587210
4456.2,587208
4456.3,587206
4456.4,587205
4456.5,587203
4456.6,587201
4456.7,587199
4456.8,587197
4456.9,587196
4457,587194
4457.1,587193
4457.2,587191
4457.3,587189
4457.4,587187
4457.5,587185
4457.6,587184
4457.7,587182
4457.8,587180
4457.9,587178
4458,587177
4458.1,587175
4458.2,587174
4458.3,587172
4458.4,587170
4458.5,587168
4458.6,587166
4458.7,587165
4458.8,587163
4458.9,587161
4459,587159
4459.1,587158
4459.2,587156
4459.3,587154
4459.4,587153
4459.5,587151
4459.6,587149
4459.7,587147
4459.8,587145
4459.9,587144
4460,587142
4460.1,587140
4460.2,587138
4460.3,587137
4460.4,587135
4460.5,587133
4460.6,587131
4460.7,587130
4460.8,587128
4460.9,587126
4461,587124
4461.1,587122
4461.2,587121
4461.3,587119
4461.4,587117
4461.5,587115
4461.6,587114
4461.7,587112
4461.8,587110
4461.9,587108
4462,587106
4462.1,587105
4462.2,587103
4462.3,587101
4462.4,587100
4462.5,587098
4462.6,587096
4462.7,587094
4462.8,587093
4462.9,587091
4463,587089
4463.1,587088
4463.2,587086
4463.3,587084
4463.4,587083
4463.5,587081
4463.6,587079
4463.7,587078
4463.8,587075
4463.9,587074
4464,587072
4464.1,587071
4464.2,587069
4464.3,587067
4464.4,587065
4464.5,587063
4464.6,587062
4464.7,587060
4464.8,587059
4464.9,587057
4465,587055
4465.1,587053
4465.2,587051
4465.3,587049
4465.4,587048
4465.5,587046
4465.6,587044
4465.7,587043
4465.8,587041
4465.9,587039
4466,587037
4466.1,587036
4466.2,587034
4466.3,587032
4466.4,587030
4466.5,587029
4466.6,587027
4466.7,587025
4466.8,587024
4466.9,587021
4467,587020
4467.1,587018
4467.2,587017
4467.3,587015
4467.4,587013
4467.5,587011
4467.6,587009
4467.7,587007
4467.8,587006
4467.9,587004
4468,587002
4468.1,587000
4468.2,586999
4468.3,586997
4468.4,586995
4468.5,586993
4468.6,586992
4468.7,586990
4468.8,586988
4468.9,586986
4469,586984
4469.1,586983
4469.2,586981
4469.3,586979
4469.4,586977
4469.5,586976
4469.6,586974
4469.7,586973
4469.8,586971
4469.9,586969
4470,586967
4470.1,586966
4470.2,586964
4470.3,586962
4470.4,586961
4470.5,586959
4470.6,586957
4470.7,586955
4470.8,586954
4470.9,586952
4471,586950
4471.1,586949
4471.2,586946
4471.3,586945
4471.4,586943
4471.5,586942
4471.6,586940
4471.7,586938
4471.8,586936
4471.9,586934
4472,586933
4472.1,586931
4472.2,586930
4472.3,586928
4472.4,586926
4472.5,586924
4472.6,586922
4472.7,586920
4472.8,586919
4472.9,586917
4473,586915
4473.1,586913
4473.2,586911
4473.3,586910
4473.4,586908
4473.5,586907
4473.6,586905
4473.7,586903
4473.8,586901
4473.9,586899
4474,586898
4474.1,586896
4474.2,586894
4474.3,586892
4474.4,586891
4474.5,586889
4474.6,586887
4474.7,586885
4474.8,586883
4474.9,586881
4475,586879
4475.1,586878
4475.2,586876
4475.3,586874
4475.4,586873
4475.5,586871
4475.6,586869
4475.7,586867
4475.8,586866
4475.9,586864
4476,586862
4476.1,586860
4476.2,586859
4476.3,586857
4476.4,586855
4476.5,586854
4476.6,586852
4476.7,586850
4476.8,586848
4476.9,586847
4477,586845
4477.1,586844
4477.2,586842
4477.3,586840
4477.4,586838
4477.5,586836
4477.6,586835
4477.7,586833
4477.8,586831
4477.9,586829
4478,586828
4478.1,586826
4478.2,586824
4478.3,586823
4478.4,586821
4478.5,586819
4478.6,586817
4478.7,586815
4478.8,586814
4478.9,586812
4479,586810
4479.1,586808
4479.2,586807
4479.3,586805
4479.4,586803
4479.5,586802
4479.6,586800
4479.7,586798
4479.8,586796
4479.9,586794
4480,586793
4480.1,586791
4480.2,586789
4480.3,586787
4480.4,586785
4480.5,586784
4480.6,586782
4480.7,586781
4480.8,586778
4480.9,586776
4481,586775
4481.1,586773
4481.2,586771
4481.3,586770
4481.4,586768
4481.5,586766
4481.6,586764
4481.7,586762
4481.8,586761
4481.9,586759
4482,586757
4482.1,586755
4482.2,586753
4482.3,586752
4482.4,586750
4482.5,586748
4482.6,586747
4482.7,586745
4482.8,586743
4482.9,586741
4483,586740
4483.1,586738
4483.2,586736
4483.3,586734
4483.4,586732
4483.5,586731
4483.6,586729
4483.7,586728
4483.8,586726
4483.9,586724
4484,586722
4484.1,586720
4484.2,586719
4484.3,586717
4484.4,586716
4484.5,586713
4484.6,586712
4484.7,586710
4484.8,586708
4484.9,586707
4485,586705
4485.1,586703
4485.2,586701
4485.3,586699
4485.4,586698
4485.5,586696
4485.6,586695
4485.7,586693
4485.8,586691
4485.9,586689
4486,586687
4486.1,586685
4486.2,586684
4486.3,586682
4486.4,586680
4486.5,586678
4486.6,586677
4486.7,586675
4486.8,586673
4486.9,586672
4487,586669
4487.1,586668
4487.2,586666
4487.3,586664
4487.4,586662
4487.5,586661
4487.6,586659
4487.7,586657
4487.8,586655
4487.9,586653
4488,586652
4488.1,586650
4488.2,586648
4488.3,586646
4488.4,586644
4488.5,586643
4488.6,586641
4488.7,586639
4488.8,586637
4488.9,586635
4489,586634
4489.1,586632
4489.2,586630
4489.3,586629
4489.4,586627
4489.5,586625
4489.6,586623
4489.7,586621
4489.8,586620
4489.9,586618
4490,586616
4490.1,586614
4490.2,586613
4490.3,586611
4490.4,586609
4490.5,586608
4490.6,586606
4490.7,586604
4490.8,586602
4490.9,586600
4491,586599
4491.1,586597
4491.2,586595
4491.3,586593
4491.4,586592
4491.5,586590
4491.6,586588
4491.7,586587
4491.8,586585
4491.9,586583
4492,586581
4492.1,586579
4492.2,586578
4492.3,586576
4492.4,586574
4492.5,586572
4492.6,586571
4492.7,586569
4492.8,586567
4492.9,586565
4493,586563
4493.1,586562
4493.2,586560
4493.3,586558
4493.4,586556
4493.5,586555
4493.6,586553
4493.7,586551
4493.8,586549
4493.9,586547
4494,586546
4494.1,586544
4494.2,586542
4494.3,586540
4494.4,586538
4494.5,586536
4494.6,586535
4494.7,586533
4494.8,586531
4494.9,586529
4495,586527
4495.1,586526
4495.2,586524
4495.3,586522
4495.4,586521
4495.5,586519
4495.6,586517
4495.7,586515
4495.8,586514
4495.9,586512
4496,586510
4496.1,586508
4496.2,586506
4496.3,586505
4496.4,586503
4496.5,586501
4496.6,586500
4496.7,586498
4496.8,586496
4496.9,586494
4497,586492
4497.1,586491
4497.2,586489
4497.3,586487
4497.4,586485
4497.5,586484
4497.6,586482
4497.7,586480
4497.8,586479
4497.9,586477
4498,586475
4498.1,586473
4498.2,586471
4498.3,586470
4498.4,586468
4498.5,586466
4498.6,586464
4498.7,586462
4498.8,586461
4498.9,586459
4499,586457
4499.1,586455
4499.2,586453
4499.3,586452
4499.4,586450
4499.5,586448
4499.6,586447
4499.7,586445
4499.8,586442
4499.9,586441
4500,586439
4500.1,586437
4500.2,586436
4500.3,586434
4500.4,586432
4500.5,586430
4500.6,586428
4500.7,586426
4500.8,586425
4500.9,586423
4501,586421
4501.1,586419
4501.2,586417
4501.3,586416
4501.4,586414
4501.5,586412
4501.6,586410
4501.7,586409
4501.8,586407
4501.9,586405
4502,586404
4502.1,586402
4502.2,586400
4502.3,586398
4502.4,586397
4502.5,586395
4502.6,586393
4502.7,586391
4502.8,586389
4502.9,586388
4503,586386
4503.1,586384
4503.2,586382
4503.3,586381
4503.4,586379
4503.5,586377
4503.6,586375
4503.7,586373
4503.8,586372
4503.9,586370
4504,586368
4504.1,586366
4504.2,586364
4504.3,586363
4504.4,586361
4504.5,586360
4504.6,586357
4504.7,586356
4504.8,586354
4504.9,586352
4505,586350
4505.1,586349
4505.2,586347
4505.3,586345
4505.4,586343
4505.5,586341
4505.6,586339
4505.7,586338
4505.8,586336
4505.9,586334
4506,586332
4506.1,586330
4506.2,586329
4506.3,586327
4506.4,586325
4506.5,586323
4506.6,586321
4506.7,586319
4506.8,586318
4506.9,586316
4507,586315
4507.1,586313
4507.2,586311
4507.3,586309
4507.4,586307
4507.5,586306
4507.6,586304
4507.7,586302
4507.8,586300
4507.9,586298
4508,586297
4508.1,586295
4508.2,586294
4508.3,586292
4508.4,586290
4508.5,586288
4508.6,586286
4508.7,586284
4508.8,586283
4508.9,586281
4509,586279
4509.1,586277
4509.2,586275
4509.3,586274
4509.4,586272
4509.5,586270
4509.6,586269
4509.7,586266
4509.8,586265
4509.9,586263
4510,586262
4510.1,586259
4510.2,586257
4510.3,586256
4510.4,586254
4510.5,586252
4510.6,586251
4510.7,586249
4510.8,586247
4510.9,586245
4511,586243
4511.1,586241
4511.2,586240
4511.3,586238
4511.4,586236
4511.5,586234
4511.6,586232
4511.7,586231
4511.8,586229
4511.9,586227
4512,586225
4512.1,586223
4512.2,586221
4512.3,586220
4512.4,586218
4512.5,586217
4512.6,586215
4512.7,586212
4512.8,586211
4512.9,586209
4513,586208
4513.1,586206
4513.2,586204
4513.3,586202
4513.4,586200
4513.5,586199
4513.6,586197
4513.7,586196
4513.8,586193
4513.9,586192
4514,586190
4514.1,586188
4514.2,586186
4514.3,586185
4514.4,586183
4514.5,586181
4514.6,586179
4514.7,586177
4514.8,586176
4514.9,586174
4515,586172
4515.1,586170
4515.2,586168
4515.3,586167
4515.4,586165
4515.5,586163
4515.6,586162
4515.7,586159
4515.8,586158
4515.9,586156
4516,586154
4516.1,586153
4516.2,586151
4516.3,586149
4516.4,586147
4516.5,586145
4516.6,586143
4516.7,586142
4516.8,586140
4516.9,586138
4517,586136
4517.1,586134
4517.2,586132
4517.3,586131
4517.4,586129
4517.5,586127
4517.6,586125
4517.7,586123
4517.8,586121
4517.9,586120
4518,586118
4518.1,586116
4518.2,586114
4518.3,586113
4518.4,586111
4518.5,586109
4518.6,586108
4518.7,586106
4518.8,586104
4518.9,586102
4519,586100
4519.1,586099
4519.2,586097
4519.3,586095
4519.4,586093
4519.5,586091
4519.6,586090
4519.7,586088
4519.8,586086
4519.9,586084
4520,586083
4520.1,586080
4520.2,586079
4520.3,586077
4520.4,586076
4520.5,586074
4520.6,586072
4520.7,586070
4520.8,586068
4520.9,586066
4521,586065
4521.1,586063
4521.2,586061
4521.3,586059
4521.4,586057
4521.5,586056
4521.6,586054
4521.7,586052
4521.8,586050
4521.9,586048
4522,586046
4522.1,586045
4522.2,586043
4522.3,586041
4522.4,586039
4522.5,586037
4522.6,586035
4522.7,586034
4522.8,586032
4522.9,586031
4523,586029
4523.1,586027
4523.2,586025
4523.3,586023
4523.4,586021
4523.5,586020
4523.6,586018
4523.7,586016
4523.8,586014
4523.9,586013
4524,586011
4524.1,586009
4524.2,586007
4524.3,586005
4524.4,586004
4524.5,586002
4524.6,586000
4524.7,585998
4524.8,585997
4524.9,585995
4525,585993
4525.1,585991
4525.2,585989
4525.3,585988
4525.4,585986
4525.5,585984
4525.6,585982
4525.7,585980
4525.8,585979
4525.9,585977
4526,585975
4526.1,585973
4526.2,585971
4526.3,585969
4526.4,585968
4526.5,585966
4526.6,585964
4526.7,585962
4526.8,585960
4526.9,585959
4527,585957
4527.1,585955
4527.2,585953
4527.3,585951
4527.4,585949
4527.5,585947
4527.6,585946
4527.7,585944
4527.8,585942
4527.9,585940
4528,585938
4528.1,585936
4528.2,585935
4528.3,585933
4528.4,585932
4528.5,585930
4528.6,585928
4528.7,585926
4528.8,585924
4528.9,585922
4529,585921
4529.1,585919
4529.2,585917
4529.3,585915
4529.4,585913
4529.5,585912
4529.6,585910
4529.7,585908
4529.8,585906
4529.9,585904
4530,585903
4530.1,585901
4530.2,585899
4530.3,585897
4530.4,585896
4530.5,585894
4530.6,585892
4530.7,585890
4530.8,585889
4530.9,585887
4531,585884
4531.1,585883
4531.2,585881
4531.3,585879
4531.4,585878
4531.5,585875
4531.6,585874
4531.7,585872
4531.8,585870
4531.9,585869
4532,585867
4532.1,585865
4532.2,585863
4532.3,585861
4532.4,585859
4532.5,585857
4532.6,585856
4532.7,585854
4532.8,585852
4532.9,585850
4533,585848
4533.1,585846
4533.2,585845
4533.3,585843
4533.4,585841
4533.5,585839
4533.6,585837
4533.7,585836
4533.8,585834
4533.9,585832
4534,585831
4534.1,585828
4534.2,585827
4534.3,585825
4534.4,585823
4534.5,585821
4534.6,585820
4534.7,585818
4534.8,585816
4534.9,585814
4535,585812
4535.1,585811
4535.2,585809
4535.3,585807
4535.4,585805
4535.5,585803
4535.6,585802
4535.7,585800
4535.8,585798
4535.9,585796
4536,585794
4536.1,585793
4536.2,585791
4536.3,585789
4536.4,585787
4536.5,585785
4536.6,585783
4536.7,585781
4536.8,585780
4536.9,585778
4537,585776
4537.1,585774
4537.2,585772
4537.3,585770
4537.4,585769
4537.5,585767
4537.6,585765
4537.7,585763
4537.8,585761
4537.9,585760
4538,585758
4538.1,585756
4538.2,585755
4538.3,585752
4538.4,585751
4538.5,585749
4538.6,585747
4538.7,585746
4538.8,585744
4538.9,585742
4539,585740
4539.1,585738
4539.2,585736
4539.3,585735
4539.4,585733
4539.5,585731
4539.6,585729
4539.7,585727
4539.8,585726
4539.9,585724
4540,585722
4540.1,585720
4540.2,585718
4540.3,585716
4540.4,585714
4540.5,585713
4540.6,585711
4540.7,585709
4540.8,585707
4540.9,585705
4541,585704
4541.1,585702
4541.2,585700
4541.3,585698
4541.4,585696
4541.5,585694
4541.6,585692
4541.7,585691
4541.8,585689
4541.9,585687
4542,585685
4542.1,585683
4542.2,585682
4542.3,585680
4542.4,585678
4542.5,585676
4542.6,585675
4542.7,585673
4542.8,585671
4542.9,585669
4543,585667
4543.1,585666
4543.2,585664
4543.3,585662
4543.4,585660
4543.5,585658
4543.6,585657
4543.7,585655
4543.8,585653
4543.9,585651
4544,585649
4544.1,585648
4544.2,585646
4544.3,585644
4544.4,585642
4544.5,585640
4544.6,585638
4544.7,585636
4544.8,585635
4544.9,585633
4545,585631
4545.1,585629
4545.2,585627
4545.3,585626
4545.4,585624
4545.5,585622
4545.6,585620
4545.7,585618
4545.8,585616
4545.9,585614
4546,585613
4546.1,585611
4546.2,585609
4546.3,585607
4546.4,585605
4546.5,585604
4546.6,585602
4546.7,585600
4546.8,585598
4546.9,585596
4547,585594
4547.1,585593
4547.2,585591
4547.3,585589
4547.4,585588
4547.5,585585
4547.6,585584
4547.7,585582
4547.8,585580
4547.9,585578
4548,585577
4548.1,585575
4548.2,585573
4548.3,585571
4548.4,585569
4548.5,585567
4548.6,585566
4548.7,585564
4548.8,585562
4548.9,585560
4549,585558
4549.1,585557
4549.2,585555
4549.3,585553
4549.4,585551
4549.5,585549
4549.6,585547
4549.7,585545
4549.8,585544
4549.9,585542
4550,585540
4550.1,585538
4550.2,585536
4550.3,585535
4550.4,585533
4550.5,585531
4550.6,585529
4550.7,585527
4550.8,585525
4550.9,585523
4551,585522
4551.1,585520
4551.2,585518
4551.3,585516
4551.4,585515
4551.5,585513
4551.6,585511
4551.7,585509
4551.8,585507
4551.9,585506
4552,585503
4552.1,585502
4552.2,585500
4552.3,585498
4552.4,585497
4552.5,585494
4552.6,585493
4552.7,585491
4552.8,585489
4552.9,585487
4553,585486
4553.1,585484
4553.2,585482
4553.3,585480
4553.4,585478
4553.5,585477
4553.6,585474
4553.7,585473
4553.8,585471
4553.9,585469
4554,585467
4554.1,585465
4554.2,585464
4554.3,585462
4554.4,585459
4554.5,585458
4554.6,585456
4554.7,585454
4554.8,585453
4554.9,585451
4555,585449
4555.1,585447
4555.2,585445
4555.3,585443
4555.4,585442
4555.5,585440
4555.6,585438
4555.7,585436
4555.8,585434
4555.9,585433
4556,585431
4556.1,585429
4556.2,585427
4556.3,585425
4556.4,585424
4556.5,585422
4556.6,585421
4556.7,585418
4556.8,585416
4556.9,585415
4557,585413
4557.1,585411
4557.2,585409
4557.3,585407
4557.4,585405
4557.5,585404
4557.6,585402
4557.7,585400
4557.8,585399
4557.9,585396
4558,585394
4558.1,585392
4558.2,585391
4558.3,585389
4558.4,585387
4558.5,585385
4558.6,585383
4558.7,585381
4558.8,585380
4558.9,585378
4559,585376
4559.1,585374
4559.2,585373
4559.3,585370
4559.4,585369
4559.5,585367
4559.6,585365
4559.7,585364
4559.8,585362
4559.9,585360
4560,585358
4560.1,585356
4560.2,585355
4560.3,585353
4560.4,585351
4560.5,585349
4560.6,585347
4560.7,585345
4560.8,585344
4560.9,585342
4561,585340
4561.1,585338
4561.2,585336
4561.3,585334
4561.4,585333
4561.5,585331
4561.6,585329
4561.7,585327
4561.8,585325
4561.9,585323
4562,585321
4562.1,585320
4562.2,585318
4562.3,585316
4562.4,585314
4562.5,585312
4562.6,585310
4562.7,585309
4562.8,585307
4562.9,585305
4563,585303
4563.1,585301
4563.2,585299
4563.3,585298
4563.4,585296
4563.5,585294
4563.6,585292
4563.7,585291
4563.8,585288
4563.9,585287
4564,585285
4564.1,585283
4564.2,585282
4564.3,585280
4564.4,585278
4564.5,585276
4564.6,585274
4564.7,585273
4564.8,585270
4564.9,585269
4565,585267
4565.1,585265
4565.2,585263
4565.3,585262
4565.4,585259
4565.5,585257
4565.6,585256
4565.7,585254
4565.8,585252
4565.9,585250
4566,585248
4566.1,585246
4566.2,585244
4566.3,585243
4566.4,585241
4566.5,585239
4566.6,585237
4566.7,585235
4566.8,585234
4566.9,585232
4567,585230
4567.1,585228
4567.2,585226
4567.3,585224
4567.4,585222
4567.5,585221
4567.6,585219
4567.7,585218
4567.8,585216
4567.9,585214
4568,585212
4568.1,585210
4568.2,585208
4568.3,585206
4568.4,585205
4568.5,585203
4568.6,585200
4568.7,585199
4568.8,585197
4568.9,585196
4569,585194
4569.1,585191
4569.2,585190
4569.3,585188
4569.4,585186
4569.5,585184
4569.6,585182
4569.7,585180
4569.8,585178
4569.9,585177
4570,585175
4570.1,585173
4570.2,585171
4570.3,585169
4570.4,585167
4570.5,585165
4570.6,585164
4570.7,585162
4570.8,585160
4570.9,585158
4571,585156
4571.1,585154
4571.2,585153
4571.3,585151
4571.4,585150
4571.5,585147
4571.6,585146
4571.7,585143
4571.8,585142
4571.9,585140
4572,585138
4572.1,585136
4572.2,585134
4572.3,585133
4572.4,585131
4572.5,585129
4572.6,585127
4572.7,585125
4572.8,585124
4572.9,585121
4573,585120
4573.1,585118
4573.2,585116
4573.3,585114
4573.4,585112
4573.5,585110
4573.6,585109
4573.7,585107
4573.8,585105
4573.9,585103
4574,585101
4574.1,585099
4574.2,585097
4574.3,585096
4574.4,585094
4574.5,585092
4574.6,585090
4574.7,585088
4574.8,585086
4574.9,585085
4575,585083
4575.1,585081
4575.2,585079
4575.3,585077
4575.4,585075
4575.5,585074
4575.6,585072
4575.7,585070
4575.8,585068
4575.9,585066
4576,585064
4576.1,585063
4576.2,585061
4576.3,585059
4576.4,585057
4576.5,585055
4576.6,585053
4576.7,585052
4576.8,585050
4576.9,585048
4577,585046
4577.1,585044
4577.2,585042
4577.3,585040
4577.4,585039
4577.5,585037
4577.6,585035
4577.7,585033
4577.8,585031
4577.9,585030
4578,585028
4578.1,585026
4578.2,585024
4578.3,585022
4578.4,585020
4578.5,585019
4578.6,585017
4578.7,585015
4578.8,585014
4578.9,585011
4579,585009
4579.1,585008
4579.2,585006
4579.3,585004
4579.4,585002
4579.5,585000
4579.6,584998
4579.7,584996
4579.8,584995
4579.9,584993
4580,584992
4580.1,584989
4580.2,584987
4580.3,584985
4580.4,584983
4580.5,584982
4580.6,584980
4580.7,584978
4580.8,584976
4580.9,584974
4581,584972
4581.1,584970
4581.2,584969
4581.3,584967
4581.4,584965
4581.5,584963
4581.6,584961
4581.7,584960
4581.8,584958
4581.9,584957
4582,584954
4582.1,584952
4582.2,584951
4582.3,584948
4582.4,584947
4582.5,584945
4582.6,584943
4582.7,584941
4582.8,584940
4582.9,584938
4583,584936
4583.1,584934
4583.2,584932
4583.3,584930
4583.4,584929
4583.5,584927
4583.6,584925
4583.7,584923
4583.8,584921
4583.9,584919
4584,584917
4584.1,584915
4584.2,584913
4584.3,584912
4584.4,584910
4584.5,584908
4584.6,584906
4584.7,584904
4584.8,584903
4584.9,584901
4585,584900
4585.1,584897
4585.2,584895
4585.3,584894
4585.4,584892
4585.5,584890
4585.6,584888
4585.7,584886
4585.8,584884
4585.9,584882
4586,584881
4586.1,584879
4586.2,584877
4586.3,584875
4586.4,584873
4586.5,584871
4586.6,584869
4586.7,584868
4586.8,584866
4586.9,584864
4587,584862
4587.1,584860
4587.2,584858
4587.3,584856
4587.4,584855
4587.5,584853
4587.6,584851
4587.7,584849
4587.8,584847
4587.9,584845
4588,584843
4588.1,584842
4588.2,584840
4588.3,584838
4588.4,584836
4588.5,584834
4588.6,584833
4588.7,584831
4588.8,584829
4588.9,584827
4589,584825
4589.1,584823
4589.2,584821
4589.3,584820
4589.4,584818
4589.5,584816
4589.6,584814
4589.7,584812
4589.8,584810
4589.9,584809
4590,584807
4590.1,584805
4590.2,584803
4590.3,584801
4590.4,584799
4590.5,584798
4590.6,584795
4590.7,584793
4590.8,584792
4590.9,584790
4591,584788
4591.1,584786
4591.2,584784
4591.3,584783
4591.4,584781
4591.5,584779
4591.6,584777
4591.7,584775
4591.8,584774
4591.9,584771
4592,584770
4592.1,584768
4592.2,584766
4592.3,584764
4592.4,584762
4592.5,584761
4592.6,584758
4592.7,584757
4592.8,584755
4592.9,584753
4593,584752
4593.1,584749
4593.2,584747
4593.3,584746
4593.4,584743
4593.5,584742
4593.6,584740
4593.7,584738
4593.8,584736
4593.9,584734
4594,584732
4594.1,584730
4594.2,584729
4594.3,584727
4594.4,584725
4594.5,584723
4594.6,584721
4594.7,584720
4594.8,584718
4594.9,584717
4595,584714
4595.1,584712
4595.2,584711
4595.3,584708
4595.4,584707
4595.5,584705
4595.6,584703
4595.7,584701
4595.8,584699
4595.9,584698
4596,584696
4596.1,584694
4596.2,584692
4596.3,584690
4596.4,584688
4596.5,584686
4596.6,584685
4596.7,584683
4596.8,584681
4596.9,584679
4597,584677
4597.1,584675
4597.2,584673
4597.3,584671
4597.4,584670
4597.5,584668
4597.6,584666
4597.7,584664
4597.8,584662
4597.9,584660
4598,584659
4598.1,584657
4598.2,584655
4598.3,584653
4598.4,584651
4598.5,584649
4598.6,584648
4598.7,584646
4598.8,584644
4598.9,584642
4599,584640
4599.1,584638
4599.2,584637
4599.3,584635
4599.4,584633
4599.5,584631
4599.6,584629
4599.7,584627
4599.8,584625
4599.9,584623
4600,584621
4600.1,584619
4600.2,584617
4600.3,584616
4600.4,584614
4600.5,584613
4600.6,584610
4600.7,584609
4600.8,584607
4600.9,584605
4601,584603
4601.1,584601
4601.2,584600
4601.3,584597
4601.4,584596
4601.5,584594
4601.6,584592
4601.7,584590
4601.8,584588
4601.9,584586
4602,584585
4602.1,584582
4602.2,584581
4602.3,584579
4602.4,584577
4602.5,584575
4602.6,584573
4602.7,584571
4602.8,584569
4602.9,584568
4603,584566
4603.1,584564
4603.2,584562
4603.3,584560
4603.4,584558
4603.5,584556
4603.6,584555
4603.7,584553
4603.8,584551
4603.9,584549
4604,584547
4604.1,584545
4604.2,584544
4604.3,584542
4604.4,584540
4604.5,584538
4604.6,584536
4604.7,584534
4604.8,584533
4604.9,584531
4605,584528
4605.1,584527
4605.2,584525
4605.3,584523
4605.4,584521
4605.5,584519
4605.6,584517
4605.7,584515
4605.8,584514
4605.9,584512
4606,584510
4606.1,584508
4606.2,584506
4606.3,584504
4606.4,584502
4606.5,584500
4606.6,584499
4606.7,584497
4606.8,584495
4606.9,584493
4607,584491
4607.1,584489
4607.2,584488
4607.3,584486
4607.4,584484
4607.5,584482
4607.6,584480
4607.7,584478
4607.8,584477
4607.9,584475
4608,584473
4608.1,584471
4608.2,584469
4608.3,584467
4608.4,584465
4608.5,584463
4608.6,584461
4608.7,584459
4608.8,584458
4608.9,584455
4609,584454
4609.1,584452
4609.2,584451
4609.3,584449
4609.4,584447
4609.5,584445
4609.6,584443
4609.7,584441
4609.8,584439
4609.9,584437
4610,584435
4610.1,584434
4610.2,584432
4610.3,584430
4610.4,584428
4610.5,584426
4610.6,584424
4610.7,584422
4610.8,584420
4610.9,584419
4611,584417
4611.1,584415
4611.2,584413
4611.3,584411
4611.4,584409
4611.5,584408
4611.6,584406
4611.7,584404
4611.8,584401
4611.9,584400
4612,584398
4612.1,584396
4612.2,584394
4612.3,584393
4612.4,584391
4612.5,584389
4612.6,584387
4612.7,584385
4612.8,584383
4612.9,584382
4613,584379
4613.1,584377
4613.2,584376
4613.3,584374
4613.4,584372
4613.5,584370
4613.6,584368
4613.7,584367
4613.8,584364
4613.9,584363
4614,584361
4614.1,584359
4614.2,584357
4614.3,584355
4614.4,584353
4614.5,584351
4614.6,584349
4614.7,584348
4614.8,584346
4614.9,584344
4615,584342
4615.1,584340
4615.2,584338
4615.3,584337
4615.4,584335
4615.5,584333
4615.6,584331
4615.7,584329
4615.8,584327
4615.9,584326
4616,584324
4616.1,584322
4616.2,584319
4616.3,584318
4616.4,584316
4616.5,584314
4616.6,584313
4616.7,584310
4616.8,584308
4616.9,584307
4617,584305
4617.1,584303
4617.2,584301
4617.3,584300
4617.4,584297
4617.5,584296
4617.6,584294
4617.7,584292
4617.8,584290
4617.9,584288
4618,584287
4618.1,584284
4618.2,584283
4618.3,584281
4618.4,584279
4618.5,584278
4618.6,584275
4618.7,584273
4618.8,584272
4618.9,584270
4619,584268
4619.1,584266
4619.2,584264
4619.3,584262
4619.4,584260
4619.5,584258
4619.6,584256
4619.7,584255
4619.8,584253
4619.9,584250
4620,584249
4620.1,584247
4620.2,584245
4620.3,584243
4620.4,584241
4620.5,584240
4620.6,584237
4620.7,584236
4620.8,584234
4620.9,584232
4621,584231
4621.1,584228
4621.2,584227
4621.3,584224
4621.4,584223
4621.5,584221
4621.6,584219
4621.7,584217
4621.8,584215
4621.9,584213
4622,584211
4622.1,584209
4622.2,584208
4622.3,584206
4622.4,584204
4622.5,584202
4622.6,584200
4622.7,584198
4622.8,584196
4622.9,584195
4623,584193
4623.1,584191
4623.2,584189
4623.3,584187
4623.4,584185
4623.5,584183
4623.6,584182
4623.7,584180
4623.8,584178
4623.9,584176
4624,584174
4624.1,584172
4624.2,584171
4624.3,584168
4624.4,584166
4624.5,584165
4624.6,584163
4624.7,584161
4624.8,584159
4624.9,584157
4625,584155
4625.1,584153
4625.2,584151
4625.3,584150
4625.4,584148
4625.5,584146
4625.6,584144
4625.7,584142
4625.8,584140
4625.9,584139
4626,584137
4626.1,584135
4626.2,584133
4626.3,584131
4626.4,584129
4626.5,584127
4626.6,584126
4626.7,584124
4626.8,584122
4626.9,584120
4627,584118
4627.1,584116
4627.2,584114
4627.3,584112
4627.4,584110
4627.5,584108
4627.6,584106
4627.7,584104
4627.8,584103
4627.9,584101
4628,584099
4628.1,584097
4628.2,584095
4628.3,584094
4628.4,584092
4628.5,584090
4628.6,584088
4628.7,584086
4628.8,584084
4628.9,584082
4629,584081
4629.1,584079
4629.2,584077
4629.3,584075
4629.4,584073
4629.5,584071
4629.6,584070
4629.7,584068
4629.8,584066
4629.9,584063
4630,584061
4630.1,584060
4630.2,584058
4630.3,584056
4630.4,584054
4630.5,584052
4630.6,584051
4630.7,584049
4630.8,584047
4630.9,584045
4631,584044
4631.1,584041
4631.2,584039
4631.3,584038
4631.4,584035
4631.5,584034
4631.6,584032
4631.7,584030
4631.8,584028
4631.9,584026
4632,584024
4632.1,584022
4632.2,584021
4632.3,584019
4632.4,584016
4632.5,584015
4632.6,584013
4632.7,584011
4632.8,584009
4632.9,584008
4633,584006
4633.1,584003
4633.2,584002
4633.3,584000
4633.4,583998
4633.5,583997
4633.6,583994
4633.7,583992
4633.8,583991
4633.9,583989
4634,583987
4634.1,583985
4634.2,583983
4634.3,583981
4634.4,583979
4634.5,583978
4634.6,583976
4634.7,583974
4634.8,583972
4634.9,583970
4635,583968
4635.1,583966
4635.2,583964
4635.3,583962
4635.4,583961
4635.5,583959
4635.6,583957
4635.7,583955
4635.8,583953
4635.9,583951
4636,583950
4636.1,583948
4636.2,583945
4636.3,583943
4636.4,583942
4636.5,583940
4636.6,583938
4636.7,583936
4636.8,583934
4636.9,583932
4637,583931
4637.1,583928
4637.2,583927
4637.3,583925
4637.4,583923
4637.5,583921
4637.6,583919
4637.7,583917
4637.8,583915
4637.9,583914
4638,583912
4638.1,583910
4638.2,583908
4638.3,583906
4638.4,583904
4638.5,583902
4638.6,583901
4638.7,583898
4638.8,583896
4638.9,583895
4639,583893
4639.1,583891
4639.2,583889
4639.3,583887
4639.4,583885
4639.5,583883
4639.6,583881
4639.7,583880
4639.8,583878
4639.9,583876
4640,583874
4640.1,583872
4640.2,583870
4640.3,583868
4640.4,583867
4640.5,583864
4640.6,583863
4640.7,583861
4640.8,583859
4640.9,583857
4641,583855
4641.1,583853
4641.2,583851
4641.3,583849
4641.4,583847
4641.5,583846
4641.6,583844
4641.7,583842
4641.8,583840
4641.9,583838
4642,583836
4642.1,583834
4642.2,583833
4642.3,583831
4642.4,583829
4642.5,583827
4642.6,583825
4642.7,583823
4642.8,583821
4642.9,583820
4643,583818
4643.1,583816
4643.2,583814
4643.3,583812
4643.4,583810
4643.5,583808
4643.6,583806
4643.7,583804
4643.8,583802
4643.9,583801
4644,583799
4644.1,583797
4644.2,583795
4644.3,583793
4644.4,583791
4644.5,583789
4644.6,583787
4644.7,583785
4644.8,583784
4644.9,583782
4645,583780
4645.1,583778
4645.2,583776
4645.3,583774
4645.4,583773
4645.5,583770
4645.6,583768
4645.7,583767
4645.8,583765
4645.9,583763
4646,583761
4646.1,583759
4646.2,583757
4646.3,583755
4646.4,583754
4646.5,583751
4646.6,583750
4646.7,583748
4646.8,583746
4646.9,583744
4647,583742
4647.1,583740
4647.2,583739
4647.3,583737
4647.4,583735
4647.5,583733
4647.6,583731
4647.7,583729
4647.8,583727
4647.9,583726
4648,583723
4648.1,583722
4648.2,583720
4648.3,583718
4648.4,583716
4648.5,583714
4648.6,583712
4648.7,583710
4648.8,583708
4648.9,583706
4649,583704
4649.1,583703
4649.2,583701
4649.3,583699
4649.4,583697
4649.5,583695
4649.6,583693
4649.7,583691
4649.8,583690
4649.9,583688
4650,583686
4650.1,583684
4650.2,583682
4650.3,583680
4650.4,583678
4650.5,583676
4650.6,583674
4650.7,583672
4650.8,583670
4650.9,583669
4651,583667
4651.1,583665
4651.2,583663
4651.3,583661
4651.4,583659
4651.5,583658
4651.6,583656
4651.7,583654
4651.8,583652
4651.9,583650
4652,583648
4652.1,583646
4652.2,583644
4652.3,583643
4652.4,583641
4652.5,583639
4652.6,583637
4652.7,583635
4652.8,583633
4652.9,583631
4653,583629
4653.1,583627
4653.2,583625
4653.3,583624
4653.4,583621
4653.5,583620
4653.6,583618
4653.7,583616
4653.8,583614
4653.9,583612
4654,583610
4654.1,583608
4654.2,583607
4654.3,583605
4654.4,583603
4654.5,583601
4654.6,583599
4654.7,583597
4654.8,583595
4654.9,583593
4655,583591
4655.1,583589
4655.2,583588
4655.3,583586
4655.4,583584
4655.5,583582
4655.6,583580
4655.7,583579
4655.8,583576
4655.9,583575
4656,583573
4656.1,583571
4656.2,583569
4656.3,583567
4656.4,583565
4656.5,583564
4656.6,583562
4656.7,583560
4656.8,583558
4656.9,583556
4657,583554
4657.1,583552
4657.2,583550
4657.3,583548
4657.4,583546
4657.5,583544
4657.6,583542
4657.7,583540
4657.8,583539
4657.9,583537
4658,583535
4658.1,583533
4658.2,583531
4658.3,583529
4658.4,583527
4658.5,583526
4658.6,583524
4658.7,583522
4658.8,583520
4658.9,583518
4659,583516
4659.1,583514
4659.2,583512
4659.3,583510
4659.4,583508
4659.5,583506
4659.6,583504
4659.7,583502
4659.8,583501
4659.9,583499
4660,583497
4660.1,583495
4660.2,583493
4660.3,583491
4660.4,583489
4660.5,583488
4660.6,583486
4660.7,583484
4660.8,583482
4660.9,583480
4661,583478
4661.1,583476
4661.2,583474
4661.3,583472
4661.4,583470
4661.5,583468
4661.6,583467
4661.7,583465
4661.8,583463
4661.9,583461
4662,583459
4662.1,583457
4662.2,583455
4662.3,583453
4662.4,583452
4662.5,583450
4662.6,583448
4662.7,583446
4662.8,583444
4662.9,583442
4663,583440
4663.1,583438
4663.2,583436
4663.3,583434
4663.4,583432
4663.5,583431
4663.6,583429
4663.7,583427
4663.8,583425
4663.9,583423
4664,583421
4664.1,583420
4664.2,583418
4664.3,583416
4664.4,583414
4664.5,583412
4664.6,583410
4664.7,583408
4664.8,583406
4664.9,583405
4665,583403
4665.1,583401
4665.2,583399
4665.3,583397
4665.4,583395
4665.5,583393
4665.6,583391
4665.7,583389
4665.8,583387
4665.9,583385
4666,583384
4666.1,583382
4666.2,583380
4666.3,583378
4666.4,583376
4666.5,583374
4666.6,583372
4666.7,583370
4666.8,583369
4666.9,583367
4667,583365
4667.1,583362
4667.2,583361
4667.3,583359
4667.4,583357
4667.5,583355
4667.6,583353
4667.7,583351
4667.8,583349
4667.9,583347
4668,583346
4668.1,583344
4668.2,583342
4668.3,583340
4668.4,583338
4668.5,583336
4668.6,583334
4668.7,583333
4668.8,583330
4668.9,583328
4669,583327
4669.1,583325
4669.2,583323
4669.3,583321
4669.4,583319
4669.5,583317
4669.6,583315
4669.7,583313
4669.8,583311
4669.9,583309
4670,583308
4670.1,583306
4670.2,583304
4670.3,583302
4670.4,583300
4670.5,583298
4670.6,583296
4670.7,583294
4670.8,583292
4670.9,583290
4671,583289
4671.1,583287
4671.2,583285
4671.3,583283
4671.4,583281
4671.5,583279
4671.6,583277
4671.7,583275
4671.8,583273
4671.9,583272
4672,583270
4672.1,583267
4672.2,583266
4672.3,583264
4672.4,583262
4672.5,583260
4672.6,583258
4672.7,583256
4672.8,583254
4672.9,583252
4673,583251
4673.1,583249
4673.2,583247
4673.3,583245
4673.4,583243
4673.5,583241
4673.6,583239
4673.7,583237
4673.8,583235
4673.9,583233
4674,583231
4674.1,583230
4674.2,583228
4674.3,583226
4674.4,583224
4674.5,583222
4674.6,583220
4674.7,583218
4674.8,583216
4674.9,583214
4675,583213
4675.1,583211
4675.2,583209
4675.3,583206
4675.4,583205
4675.5,583203
4675.6,583201
4675.7,583199
4675.8,583197
4675.9,583195
4676,583194
4676.1,583191
4676.2,583190
4676.3,583188
4676.4,583186
4676.5,583184
4676.6,583182
4676.7,583180
4676.8,583178
4676.9,583177
4677,583175
4677.1,583172
4677.2,583171
4677.3,583168
4677.4,583167
4677.5,583165
4677.6,583163
4677.7,583161
4677.8,583159
4677.9,583157
4678,583156
4678.1,583154
4678.2,583152
4678.3,583150
4678.4,583148
4678.5,583146
4678.6,583144
4678.7,583142
4678.8,583140
4678.9,583138
4679,583137
4679.1,583134
4679.2,583132
4679.3,583130
4679.4,583129
4679.5,583127
4679.6,583125
4679.7,583123
4679.8,583121
4679.9,583119
4680,583118
4680.1,583116
4680.2,583114
4680.3,583112
4680.4,583110
4680.5,583108
4680.6,583106
4680.7,583104
4680.8,583102
4680.9,583100
4681,583098
4681.1,583096
4681.2,583094
4681.3,583092
4681.4,583091
4681.5,583089
4681.6,583087
4681.7,583085
4681.8,583083
4681.9,583081
4682,583080
4682.1,583077
4682.2,583075
4682.3,583073
4682.4,583071
4682.5,583070
4682.6,583068
4682.7,583066
4682.8,583064
4682.9,583062
4683,583060
4683.1,583058
4683.2,583056
4683.3,583054
4683.4,583052
4683.5,583051
4683.6,583049
4683.7,583047
4683.8,583045
4683.9,583043
4684,583041
4684.1,583039
4684.2,583037
4684.3,583035
4684.4,583033
4684.5,583032
4684.6,583029
4684.7,583027
4684.8,583025
4684.9,583023
4685,583022
4685.1,583020
4685.2,583018
4685.3,583016
4685.4,583014
4685.5,583012
4685.6,583010
4685.7,583008
4685.8,583007
4685.9,583005
4686,583003
4686.1,583001
4686.2,582999
4686.3,582997
4686.4,582995
4686.5,582994
4686.6,582991
4686.7,582989
4686.8,582988
4686.9,582985
4687,582984
4687.1,582982
4687.2,582980
4687.3,582978
4687.4,582976
4687.5,582974
4687.6,582972
4687.7,582971
4687.8,582969
4687.9,582966
4688,582965
4688.1,582963
4688.2,582961
4688.3,582959
4688.4,582957
4688.5,582955
4688.6,582953
4688.7,582951
4688.8,582950
4688.9,582948
4689,582946
4689.1,582944
4689.2,582942
4689.3,582940
4689.4,582938
4689.5,582936
4689.6,582934
4689.7,582932
4689.8,582930
4689.9,582928
4690,582926
4690.1,582925
4690.2,582923
4690.3,582921
4690.4,582919
4690.5,582917
4690.6,582915
4690.7,582913
4690.8,582911
4690.9,582909
4691,582907
4691.1,582906
4691.2,582903
4691.3,582902
4691.4,582900
4691.5,582898
4691.6,582896
4691.7,582894
4691.8,582892
4691.9,582890
4692,582888
4692.1,582886
4692.2,582884
4692.3,582883
4692.4,582880
4692.5,582878
4692.6,582877
4692.7,582875
4692.8,582873
4692.9,582871
4693,582869
4693.1,582867
4693.2,582865
4693.3,582863
4693.4,582861
4693.5,582860
4693.6,582858
4693.7,582856
4693.8,582854
4693.9,582852
4694,582850
4694.1,582848
4694.2,582846
4694.3,582844
4694.4,582842
4694.5,582840
4694.6,582839
4694.7,582837
4694.8,582835
4694.9,582833
4695,582831
4695.1,582829
4695.2,582827
4695.3,582825
4695.4,582823
4695.5,582821
4695.6,582819
4695.7,582817
4695.8,582816
4695.9,582814
4696,582812
4696.1,582810
4696.2,582808
4696.3,582806
4696.4,582804
4696.5,582802
4696.6,582800
4696.7,582798
4696.8,582796
4696.9,582794
4697,582792
4697.1,582790
4697.2,582789
4697.3,582787
4697.4,582785
4697.5,582783
4697.6,582781
4697.7,582779
4697.8,582777
4697.9,582775
4698,582773
4698.1,582771
4698.2,582769
4698.3,582767
4698.4,582765
4698.5,582764
4698.6,582762
4698.7,582760
4698.8,582758
4698.9,582756
4699,582754
4699.1,582752
4699.2,582751
4699.3,582748
4699.4,582747
4699.5,582744
4699.6,582743
4699.7,582741
4699.8,582739
4699.9,582737
4700,582735
4700.1,582733
4700.2,582731
4700.3,582729
4700.4,582728
4700.5,582726
4700.6,582724
4700.7,582722
4700.8,582720
4700.9,582718
4701,582716
4701.1,582714
4701.2,582712
4701.3,582710
4701.4,582708
4701.5,582706
4701.6,582704
4701.7,582703
4701.8,582701
4701.9,582699
4702,582697
4702.1,582695
4702.2,582693
4702.3,582691
4702.4,582690
4702.5,582687
4702.6,582685
4702.7,582684
4702.8,582681
4702.9,582680
4703,582678
4703.1,582676
4703.2,582674
4703.3,582671
4703.4,582670
4703.5,582668
4703.6,582666
4703.7,582665
4703.8,582662
4703.9,582660
4704,582659
4704.1,582656
4704.2,582655
4704.3,582653
4704.4,582651
4704.5,582649
4704.6,582647
4704.7,582645
4704.8,582643
4704.9,582641
4705,582640
4705.1,582637
4705.2,582636
4705.3,582634
4705.4,582632
4705.5,582630
4705.6,582628
4705.7,582626
4705.8,582624
4705.9,582622
4706,582620
4706.1,582618
4706.2,582617
4706.3,582615
4706.4,582613
4706.5,582611
4706.6,582609
4706.7,582607
4706.8,582605
4706.9,582603
4707,582601
4707.1,582599
4707.2,582597
4707.3,582595
4707.4,582594
4707.5,582592
4707.6,582590
4707.7,582588
4707.8,582586
4707.9,582584
4708,582582
4708.1,582580
4708.2,582579
4708.3,582576
4708.4,582574
4708.5,582573
4708.6,582571
4708.7,582569
4708.8,582567
4708.9,582565
4709,582563
4709.1,582561
4709.2,582559
4709.3,582557
4709.4,582555
4709.5,582553
4709.6,582551
4709.7,582549
4709.8,582548
4709.9,582545
4710,582544
4710.1,582542
4710.2,582540
4710.3,582538
4710.4,582536
4710.5,582534
4710.6,582532
4710.7,582530
4710.8,582529
4710.9,582526
4711,582524
4711.1,582522
4711.2,582521
4711.3,582519
4711.4,582517
4711.5,582515
4711.6,582513
4711.7,582511
4711.8,582509
4711.9,582507
4712,582506
4712.1,582503
4712.2,582502
4712.3,582500
4712.4,582498
4712.5,582496
4712.6,582494
4712.7,582492
4712.8,582490
4712.9,582488
4713,582486
4713.1,582484
4713.2,582482
4713.3,582480
4713.4,582478
4713.5,582476
4713.6,582475
4713.7,582473
4713.8,582471
4713.9,582469
4714,582467
4714.1,582465
4714.2,582463
4714.3,582461
4714.4,582459
4714.5,582457
4714.6,582456
4714.7,582454
4714.8,582452
4714.9,582450
4715,582448
4715.1,582446
4715.2,582444
4715.3,582442
4715.4,582440
4715.5,582438
4715.6,582436
4715.7,582434
4715.8,582433
4715.9,582431
4716,582428
4716.1,582427
4716.2,582425
4716.3,582423
4716.4,582421
4716.5,582419
4716.6,582418
4716.7,582415
4716.8,582413
4716.9,582412
4717,582410
4717.1,582408
4717.2,582405
4717.3,582403
4717.4,582402
4717.5,582399
4717.6,582398
4717.7,582396
4717.8,582394
4717.9,582392
4718,582390
4718.1,582388
4718.2,582386
4718.3,582384
4718.4,582383
4718.5,582380
4718.6,582378
4718.7,582377
4718.8,582374
4718.9,582373
4719,582371
4719.1,582369
4719.2,582367
4719.3,582365
4719.4,582363
4719.5,582361
4719.6,582359
4719.7,582358
4719.8,582356
4719.9,582354
4720,582351
4720.1,582349
4720.2,582348
4720.3,582346
4720.4,582344
4720.5,582342
4720.6,582340
4720.7,582339
4720.8,582336
4720.9,582335
4721,582333
4721.1,582331
4721.2,582329
4721.3,582327
4721.4,582325
4721.5,582323
4721.6,582321
4721.7,582319
4721.8,582317
4721.9,582315
4722,582313
4722.1,582311
4722.2,582310
4722.3,582308
4722.4,582306
4722.5,582304
4722.6,582301
4722.7,582300
4722.8,582298
4722.9,582296
4723,582294
4723.1,582292
4723.2,582290
4723.3,582288
4723.4,582286
4723.5,582284
4723.6,582283
4723.7,582281
4723.8,582279
4723.9,582277
4724,582275
4724.1,582273
4724.2,582271
4724.3,582269
4724.4,582267
4724.5,582265
4724.6,582263
4724.7,582261
4724.8,582260
4724.9,582258
4725,582256
4725.1,582254
4725.2,582252
4725.3,582250
4725.4,582248
4725.5,582246
4725.6,582244
4725.7,582242
4725.8,582240
4725.9,582238
4726,582236
4726.1,582234
4726.2,582233
4726.3,582231
4726.4,582229
4726.5,582227
4726.6,582225
4726.7,582223
4726.8,582221
4726.9,582219
4727,582217
4727.1,582215
4727.2,582213
4727.3,582212
4727.4,582210
4727.5,582208
4727.6,582206
4727.7,582203
4727.8,582202
4727.9,582200
4728,582198
4728.1,582196
4728.2,582194
4728.3,582192
4728.4,582190
4728.5,582188
4728.6,582187
4728.7,582184
4728.8,582182
4728.9,582180
4729,582178
4729.1,582176
4729.2,582174
4729.3,582173
4729.4,582171
4729.5,582169
4729.6,582167
4729.7,582165
4729.8,582163
4729.9,582161
4730,582160
4730.1,582157
4730.2,582155
4730.3,582153
4730.4,582151
4730.5,582149
4730.6,582148
4730.7,582146
4730.8,582144
4730.9,582142
4731,582140
4731.1,582138
4731.2,582136
4731.3,582134
4731.4,582132
4731.5,582130
4731.6,582128
4731.7,582126
4731.8,582124
4731.9,582123
4732,582121
4732.1,582119
4732.2,582117
4732.3,582115
4732.4,582113
4732.5,582111
4732.6,582110
4732.7,582107
4732.8,582105
4732.9,582103
4733,582101
4733.1,582099
4733.2,582098
4733.3,582096
4733.4,582094
4733.5,582092
4733.6,582090
4733.7,582088
4733.8,582086
4733.9,582084
4734,582082
4734.1,582080
4734.2,582078
4734.3,582076
4734.4,582075
4734.5,582073
4734.6,582071
4734.7,582069
4734.8,582067
4734.9,582065
4735,582063
4735.1,582061
4735.2,582059
4735.3,582057
4735.4,582055
4735.5,582053
4735.6,582051
4735.7,582050
4735.8,582048
4735.9,582046
4736,582044
4736.1,582042
4736.2,582040
4736.3,582038
4736.4,582036
4736.5,582034
4736.6,582032
4736.7,582030
4736.8,582028
4736.9,582027
4737,582025
4737.1,582023
4737.2,582021
4737.3,582019
4737.4,582017
4737.5,582015
4737.6,582013
4737.7,582011
4737.8,582009
4737.9,582007
4738,582005
4738.1,582003
4738.2,582001
4738.3,582000
4738.4,581997
4738.5,581996
4738.6,581993
4738.7,581991
4738.8,581990
4738.9,581987
4739,581986
4739.1,581984
4739.2,581982
4739.3,581980
4739.4,581978
4739.5,581976
4739.6,581974
4739.7,581972
4739.8,581970
4739.9,581968
4740,581966
4740.1,581964
4740.2,581962
4740.3,581961
4740.4,581959
4740.5,581957
4740.6,581955
4740.7,581953
4740.8,581951
4740.9,581949
4741,581947
4741.1,581945
4741.2,581943
4741.3,581941
4741.4,581939
4741.5,581937
4741.6,581935
4741.7,581933
4741.8,581932
4741.9,581929
4742,581927
4742.1,581926
4742.2,581924
4742.3,581922
4742.4,581920
4742.5,581918
4742.6,581916
4742.7,581914
4742.8,581912
4742.9,581910
4743,581908
4743.1,581906
4743.2,581904
4743.3,581902
4743.4,581901
4743.5,581898
4743.6,581897
4743.7,581895
4743.8,581893
4743.9,581891
4744,581889
4744.1,581887
4744.2,581885
4744.3,581883
4744.4,581881
4744.5,581879
4744.6,581877
4744.7,581875
4744.8,581873
4744.9,581872
4745,581869
4745.1,581867
4745.2,581865
4745.3,581863
4745.4,581861
4745.5,581860
4745.6,581858
4745.7,581856
4745.8,581854
4745.9,581852
4746,581850
4746.1,581848
4746.2,581847
4746.3,581844
4746.4,581842
4746.5,581840
4746.6,581838
4746.7,581836
4746.8,581835
4746.9,581833
4747,581831
4747.1,581829
4747.2,581827
4747.3,581825
4747.4,581823
4747.5,581821
4747.6,581819
4747.7,581817
4747.8,581815
4747.9,581813
4748,581811
4748.1,581809
4748.2,581808
4748.3,581806
4748.4,581803
4748.5,581801
4748.6,581800
4748.7,581798
4748.8,581796
4748.9,581794
4749,581792
4749.1,581790
4749.2,581788
4749.3,581786
4749.4,581784
4749.5,581782
4749.6,581781
4749.7,581778
4749.8,581776
4749.9,581774
4750,581772
4750.1,581771
4750.2,581768
4750.3,581766
4750.4,581765
4750.5,581762
4750.6,581761
4750.7,581759
4750.8,581757
4750.9,581755
4751,581753
4751.1,581751
4751.2,581749
4751.3,581747
4751.4,581746
4751.5,581743
4751.6,581741
4751.7,581739
4751.8,581737
4751.9,581735
4752,581733
4752.1,581732
4752.2,581730
4752.3,581728
4752.4,581726
4752.5,581724
4752.6,581722
4752.7,581720
4752.8,581718
4752.9,581716
4753,581714
4753.1,581712
4753.2,581710
4753.3,581708
4753.4,581706
4753.5,581704
4753.6,581702
4753.7,581700
4753.8,581698
4753.9,581696
4754,581695
4754.1,581693
4754.2,581691
4754.3,581689
4754.4,581687
4754.5,581685
4754.6,581683
4754.7,581682
4754.8,581679
4754.9,581677
4755,581676
4755.1,581673
4755.2,581672
4755.3,581670
4755.4,581668
4755.5,581666
4755.6,581664
4755.7,581662
4755.8,581660
4755.9,581658
4756,581657
4756.1,581654
4756.2,581652
4756.3,581651
4756.4,581648
4756.5,581646
4756.6,581644
4756.7,581643
4756.8,581641
4756.9,581639
4757,581637
4757.1,581635
4757.2,581633
4757.3,581631
4757.4,581629
4757.5,581627
4757.6,581625
4757.7,581623
4757.8,581622
4757.9,581619
4758,581618
4758.1,581616
4758.2,581614
4758.3,581612
4758.4,581610
4758.5,581608
4758.6,581606
4758.7,581604
4758.8,581602
4758.9,581600
4759,581598
4759.1,581596
4759.2,581594
4759.3,581593
4759.4,581591
4759.5,581589
4759.6,581587
4759.7,581585
4759.8,581583
4759.9,581581
4760,581579
4760.1,581577
4760.2,581575
4760.3,581573
4760.4,581571
4760.5,581569
4760.6,581568
4760.7,581565
4760.8,581563
4760.9,581562
4761,581559
4761.1,581558
4761.2,581556
4761.3,581554
4761.4,581552
4761.5,581549
4761.6,581548
4761.7,581546
4761.8,581544
4761.9,581542
4762,581540
4762.1,581538
4762.2,581536
4762.3,581534
4762.4,581532
4762.5,581530
4762.6,581529
4762.7,581527
4762.8,581525
4762.9,581523
4763,581521
4763.1,581519
4763.2,581517
4763.3,581515
4763.4,581513
4763.5,581511
4763.6,581509
4763.7,581507
4763.8,581505
4763.9,581504
4764,581502
4764.1,581500
4764.2,581498
4764.3,581496
4764.4,581494
4764.5,581492
4764.6,581490
4764.7,581488
4764.8,581486
4764.9,581484
4765,581482
4765.1,581481
4765.2,581479
4765.3,581476
4765.4,581475
4765.5,581473
4765.6,581471
4765.7,581469
4765.8,581467
4765.9,581465
4766,581463
4766.1,581461
4766.2,581459
4766.3,581457
4766.4,581455
4766.5,581454
4766.6,581451
4766.7,581449
4766.8,581447
4766.9,581446
4767,581444
4767.1,581442
4767.2,581440
4767.3,581438
4767.4,581435
4767.5,581434
4767.6,581432
4767.7,581430
4767.8,581428
4767.9,581426
4768,581424
4768.1,581422
4768.2,581420
4768.3,581419
4768.4,581417
4768.5,581415
4768.6,581413
4768.7,581411
4768.8,581409
4768.9,581407
4769,581405
4769.1,581403
4769.2,581401
4769.3,581399
4769.4,581397
4769.5,581395
4769.6,581394
4769.7,581391
4769.8,581390
4769.9,581388
4770,581386
4770.1,581384
4770.2,581382
4770.3,581380
4770.4,581378
4770.5,581376
4770.6,581374
4770.7,581372
4770.8,581370
4770.9,581368
4771,581366
4771.1,581365
4771.2,581362
4771.3,581360
4771.4,581358
4771.5,581356
4771.6,581355
4771.7,581353
4771.8,581351
4771.9,581349
4772,581346
4772.1,581344
4772.2,581343
4772.3,581341
4772.4,581339
4772.5,581337
4772.6,581335
4772.7,581333
4772.8,581331
4772.9,581329
4773,581327
4773.1,581326
4773.2,581324
4773.3,581321
4773.4,581320
4773.5,581318
4773.6,581316
4773.7,581314
4773.8,581312
4773.9,581310
4774,581308
4774.1,581306
4774.2,581304
4774.3,581302
4774.4,581301
4774.5,581299
4774.6,581297
4774.7,581295
4774.8,581292
4774.9,581291
4775,581289
4775.1,581287
4775.2,581285
4775.3,581283
4775.4,581281
4775.5,581279
4775.6,581277
4775.7,581275
4775.8,581273
4775.9,581271
4776,581269
4776.1,581267
4776.2,581265
4776.3,581264
4776.4,581262
4776.5,581259
4776.6,581257
4776.7,581255
4776.8,581254
4776.9,581252
4777,581250
4777.1,581248
4777.2,581246
4777.3,581244
4777.4,581242
4777.5,581240
4777.6,581238
4777.7,581236
4777.8,581234
4777.9,581232
4778,581230
4778.1,581228
4778.2,581227
4778.3,581225
4778.4,581223
4778.5,581221
4778.6,581219
4778.7,581216
4778.8,581215
4778.9,581213
4779,581211
4779.1,581209
4779.2,581207
4779.3,581205
4779.4,581203
4779.5,581201
4779.6,581200
4779.7,581197
4779.8,581195
4779.9,581193
4780,581191
4780.1,581189
4780.2,581188
4780.3,581186
4780.4,581184
4780.5,581181
4780.6,581180
4780.7,581178
4780.8,581176
4780.9,581174
4781,581172
4781.1,581170
4781.2,581168
4781.3,581166
4781.4,581164
4781.5,581162
4781.6,581161
4781.7,581159
4781.8,581156
4781.9,581154
4782,581153
4782.1,581151
4782.2,581149
4782.3,581147
4782.4,581145
4782.5,581143
4782.6,581141
4782.7,581139
4782.8,581137
4782.9,581135
4783,581133
4783.1,581131
4783.2,581129
4783.3,581127
4783.4,581125
4783.5,581124
4783.6,581121
4783.7,581119
4783.8,581118
4783.9,581115
4784,581114
4784.1,581111
4784.2,581110
4784.3,581108
4784.4,581106
4784.5,581104
4784.6,581102
4784.7,581100
4784.8,581098
4784.9,581096
4785,581094
4785.1,581092
4785.2,581090
4785.3,581088
4785.4,581086
4785.5,581084
4785.6,581083
4785.7,581081
4785.8,581078
4785.9,581076
4786,581075
4786.1,581073
4786.2,581071
4786.3,581069
4786.4,581067
4786.5,581065
4786.6,581063
4786.7,581061
4786.8,581060
4786.9,581058
4787,581056
4787.1,581053
4787.2,581051
4787.3,581049
4787.4,581048
4787.5,581046
4787.6,581044
4787.7,581042
4787.8,581040
4787.9,581038
4788,581036
4788.1,581034
4788.2,581032
4788.3,581030
4788.4,581028
4788.5,581026
4788.6,581024
4788.7,581022
4788.8,581020
4788.9,581019
4789,581016
4789.1,581014
4789.2,581013
4789.3,581010
4789.4,581009
4789.5,581007
4789.6,581005
4789.7,581003
4789.8,581001
4789.9,580999
4790,580997
4790.1,580995
4790.2,580993
4790.3,580991
4790.4,580989
4790.5,580987
4790.6,580985
4790.7,580983
4790.8,580981
4790.9,580980
4791,580978
4791.1,580976
4791.2,580973
4791.3,580972
4791.4,580970
4791.5,580968
4791.6,580966
4791.7,580964
4791.8,580962
4791.9,580960
4792,580958
4792.1,580956
4792.2,580955
4792.3,580952
4792.4,580950
4792.5,580948
4792.6,580946
4792.7,580945
4792.8,580943
4792.9,580941
4793,580939
4793.1,580937
4793.2,580935
4793.3,580933
4793.4,580931
4793.5,580929
4793.6,580927
4793.7,580925
4793.8,580923
4793.9,580921
4794,580919
4794.1,580917
4794.2,580915
4794.3,580913
4794.4,580911
4794.5,580909
4794.6,580907
4794.7,580905
4794.8,580904
4794.9,580902
4795,580900
4795.1,580898
4795.2,580896
4795.3,580894
4795.4,580892
4795.5,580890
4795.6,580888
4795.7,580886
4795.8,580884
4795.9,580882
4796,580880
4796.1,580878
4796.2,580876
4796.3,580874
4796.4,580872
4796.5,580870
4796.6,580868
4796.7,580867
4796.8,580865
4796.9,580863
4797,580861
4797.1,580859
4797.2,580857
4797.3,580855
4797.4,580853
4797.5,580851
4797.6,580849
4797.7,580847
4797.8,580845
4797.9,580843
4798,580841
4798.1,580839
4798.2,580838
4798.3,580835
4798.4,580833
4798.5,580831
4798.6,580829
4798.7,580827
4798.8,580826
4798.9,580824
4799,580822
4799.1,580819
4799.2,580818
4799.3,580816
4799.4,580814
4799.5,580812
4799.6,580810
4799.7,580808
4799.8,580806
4799.9,580804
4800,580802
4800.1,580800
4800.2,580799
4800.3,580797
4800.4,580794
4800.5,580792
4800.6,580790
4800.7,580788
4800.8,580787
4800.9,580785
4801,580783
4801.1,580781
4801.2,580779
4801.3,580777
4801.4,580775
4801.5,580773
4801.6,580771
4801.7,580769
4801.8,580767
4801.9,580765
4802,580763
4802.1,580762
4802.2,580759
4802.3,580757
4802.4,580755
4802.5,580753
4802.6,580752
4802.7,580749
4802.8,580748
4802.9,580746
4803,580744
4803.1,580742
4803.2,580740
4803.3,580738
4803.4,580736
4803.5,580734
4803.6,580732
4803.7,580730
4803.8,580728
4803.9,580726
4804,580724
4804.1,580722
4804.2,580721
4804.3,580718
4804.4,580716
4804.5,580714
4804.6,580713
4804.7,580711
4804.8,580709
4804.9,580707
4805,580705
4805.1,580703
4805.2,580701
4805.3,580699
4805.4,580697
4805.5,580695
4805.6,580693
4805.7,580691
4805.8,580689
4805.9,580687
4806,580685
4806.1,580683
4806.2,580681
4806.3,580679
4806.4,580677
4806.5,580675
4806.6,580673
4806.7,580672
4806.8,580670
4806.9,580668
4807,580666
4807.1,580664
4807.2,580662
4807.3,580660
4807.4,580658
4807.5,580656
4807.6,580654
4807.7,580652
4807.8,580650
4807.9,580648
4808,580646
4808.1,580644
4808.2,580643
4808.3,580640
4808.4,580638
4808.5,580636
4808.6,580634
4808.7,580632
4808.8,580631
4808.9,580629
4809,580627
4809.1,580625
4809.2,580622
4809.3,580621
4809.4,580619
4809.5,580617
4809.6,580616
4809.7,580613
4809.8,580611
4809.9,580609
4810,580607
4810.1,580605
4810.2,580604
4810.3,580602
4810.4,580600
4810.5,580597
4810.6,580596
4810.7,580594
4810.8,580592
4810.9,580590
4811,580588
4811.1,580586
4811.2,580584
4811.3,580582
4811.4,580580
4811.5,580578
4811.6,580576
4811.7,580574
4811.8,580572
4811.9,580570
4812,580568
4812.1,580566
4812.2,580565
4812.3,580563
4812.4,580561
4812.5,580559
4812.6,580557
4812.7,580555
4812.8,580553
4812.9,580551
4813,580549
4813.1,580547
4813.2,580545
4813.3,580543
4813.4,580541
4813.5,580540
4813.6,580537
4813.7,580535
4813.8,580533
4813.9,580531
4814,580529
4814.1,580527
4814.2,580526
4814.3,580524
4814.4,580521
4814.5,580519
4814.6,580518
4814.7,580516
4814.8,580514
4814.9,580512
4815,580510
4815.1,580508
4815.2,580506
4815.3,580504
4815.4,580502
4815.5,580500
4815.6,580498
4815.7,580496
4815.8,580494
4815.9,580492
4816,580490
4816.1,580489
4816.2,580487
4816.3,580485
4816.4,580483
4816.5,580481
4816.6,580479
4816.7,580477
4816.8,580475
4816.9,580473
4817,580471
4817.1,580469
4817.2,580467
4817.3,580465
4817.4,580463
4817.5,580461
4817.6,580459
4817.7,580457
4817.8,580455
4817.9,580453
4818,580451
4818.1,580449
4818.2,580448
4818.3,580446
4818.4,580444
4818.5,580442
4818.6,580440
4818.7,580438
4818.8,580436
4818.9,580434
4819,580432
4819.1,580430
4819.2,580428
4819.3,580426
4819.4,580424
4819.5,580422
4819.6,580420
4819.7,580418
4819.8,580416
4819.9,580414
4820,580412
4820.1,580410
4820.2,580409
4820.3,580407
4820.4,580405
4820.5,580402
4820.6,580400
4820.7,580398
4820.8,580397
4820.9,580395
4821,580393
4821.1,580391
4821.2,580389
4821.3,580387
4821.4,580385
4821.5,580383
4821.6,580381
4821.7,580379
4821.8,580377
4821.9,580375
4822,580373
4822.1,580371
4822.2,580369
4822.3,580368
4822.4,580365
4822.5,580363
4822.6,580361
4822.7,580359
4822.8,580357
4822.9,580356
4823,580354
4823.1,580352
4823.2,580350
4823.3,580348
4823.4,580346
4823.5,580344
4823.6,580342
4823.7,580340
4823.8,580338
4823.9,580336
4824,580334
4824.1,580332
4824.2,580331
4824.3,580329
4824.4,580327
4824.5,580325
4824.6,580322
4824.7,580321
4824.8,580319
4824.9,580317
4825,580315
4825.1,580313
4825.2,580311
4825.3,580309
4825.4,580307
4825.5,580305
4825.6,580303
4825.7,580301
4825.8,580299
4825.9,580297
4826,580295
4826.1,580293
4826.2,580291
4826.3,580289
4826.4,580288
4826.5,580286
4826.6,580284
4826.7,580281
4826.8,580279
4826.9,580278
4827,580276
4827.1,580274
4827.2,580272
4827.3,580270
4827.4,580267
4827.5,580266
4827.6,580264
4827.7,580262
4827.8,580260
4827.9,580258
4828,580256
4828.1,580254
4828.2,580252
4828.3,580250
4828.4,580248
4828.5,580247
4828.6,580244
4828.7,580242
4828.8,580240
4828.9,580238
4829,580237
4829.1,580235
4829.2,580233
4829.3,580231
4829.4,580229
4829.5,580227
4829.6,580225
4829.7,580223
4829.8,580221
4829.9,580219
4830,580217
4830.1,580215
4830.2,580213
4830.3,580211
4830.4,580209
4830.5,580207
4830.6,580205
4830.7,580203
4830.8,580201
4830.9,580199
4831,580197
4831.1,580196
4831.2,580193
4831.3,580191
4831.4,580189
4831.5,580187
4831.6,580185
4831.7,580184
4831.8,580182
4831.9,580180
4832,580178
4832.1,580176
4832.2,580174
4832.3,580172
4832.4,580170
4832.5,580169
4832.6,580167
4832.7,580165
4832.8,580162
4832.9,580161
4833,580159
4833.1,580157
4833.2,580155
4833.3,580152
4833.4,580151
4833.5,580149
4833.6,580147
4833.7,580145
4833.8,580143
4833.9,580141
4834,580139
4834.1,580137
4834.2,580135
4834.3,580133
4834.4,580131
4834.5,580129
4834.6,580127
4834.7,580125
4834.8,580123
4834.9,580121
4835,580120
4835.1,580118
4835.2,580116
4835.3,580114
4835.4,580112
4835.5,580110
4835.6,580108
4835.7,580106
4835.8,580104
4835.9,580102
4836,580100
4836.1,580098
4836.2,580096
4836.3,580094
4836.4,580092
4836.5,580090
4836.6,580088
4836.7,580086
4836.8,580084
4836.9,580082
4837,580080
4837.1,580079
4837.2,580077
4837.3,580074
4837.4,580072
4837.5,580070
4837.6,580068
4837.7,580066
4837.8,580065
4837.9,580063
4838,580061
4838.1,580059
4838.2,580057
4838.3,580054
4838.4,580053
4838.5,580051
4838.6,580049
4838.7,580047
4838.8,580045
4838.9,580043
4839,580041
4839.1,580039
4839.2,580038
4839.3,580035
4839.4,580033
4839.5,580031
4839.6,580029
4839.7,580028
4839.8,580025
4839.9,580024
4840,580022
4840.1,580019
4840.2,580018
4840.3,580015
4840.4,580014
4840.5,580012
4840.6,580010
4840.7,580008
4840.8,580006
4840.9,580004
4841,580002
4841.1,580000
4841.2,579998
4841.3,579996
4841.4,579994
4841.5,579992
4841.6,579990
4841.7,579988
4841.8,579986
4841.9,579985
4842,579983
4842.1,579981
4842.2,579979
4842.3,579977
4842.4,579974
4842.5,579973
4842.6,579971
4842.7,579969
4842.8,579967
4842.9,579965
4843,579963
4843.1,579961
4843.2,579959
4843.3,579957
4843.4,579955
4843.5,579953
4843.6,579951
4843.7,579949
4843.8,579947
4843.9,579945
4844,579943
4844.1,579941
4844.2,579939
4844.3,579937
4844.4,579935
4844.5,579933
4844.6,579932
4844.7,579929
4844.8,579928
4844.9,579926
4845,579923
4845.1,579922
4845.2,579920
4845.3,579918
4845.4,579916
4845.5,579914
4845.6,579912
4845.7,579910
4845.8,579908
4845.9,579906
4846,579904
4846.1,579903
4846.2,579901
4846.3,579898
4846.4,579896
4846.5,579895
4846.6,579893
4846.7,579891
4846.8,579889
4846.9,579887
4847,579885
4847.1,579883
4847.2,579881
4847.3,579879
4847.4,579877
4847.5,579875
4847.6,579873
4847.7,579871
4847.8,579869
4847.9,579867
4848,579865
4848.1,579863
4848.2,579861
4848.3,579859
4848.4,579857
4848.5,579855
4848.6,579853
4848.7,579851
4848.8,579850
4848.9,579847
4849,579845
4849.1,579843
4849.2,579841
4849.3,579840
4849.4,579838
4849.5,579836
4849.6,579834
4849.7,579832
4849.8,579830
4849.9,579828
4850,579826
4850.1,579824
4850.2,579823
4850.3,579820
4850.4,579818
4850.5,579816
4850.6,579815
4850.7,579812
4850.8,579811
4850.9,579809
4851,579806
4851.1,579805
4851.2,579803
4851.3,579800
4851.4,579799
4851.5,579797
4851.6,579795
4851.7,579793
4851.8,579791
4851.9,579789
4852,579787
4852.1,579785
4852.2,579783
4852.3,579781
4852.4,579779
4852.5,579777
4852.6,579775
4852.7,579773
4852.8,579771
4852.9,579770
4853,579767
4853.1,579765
4853.2,579763
4853.3,579761
4853.4,579760
4853.5,579758
4853.6,579756
4853.7,579754
4853.8,579752
4853.9,579750
4854,579748
4854.1,579746
4854.2,579744
4854.3,579742
4854.4,579740
4854.5,579738
4854.6,579736
4854.7,579734
4854.8,579732
4854.9,579731
4855,579729
4855.1,579727
4855.2,579725
4855.3,579723
4855.4,579721
4855.5,579719
4855.6,579717
4855.7,579715
4855.8,579713
4855.9,579711
4856,579709
4856.1,579707
4856.2,579705
4856.3,579704
4856.4,579701
4856.5,579699
4856.6,579697
4856.7,579695
4856.8,579693
4856.9,579691
4857,579690
4857.1,579688
4857.2,579685
4857.3,579683
4857.4,579681
4857.5,579679
4857.6,579678
4857.7,579676
4857.8,579674
4857.9,579672
4858,579670
4858.1,579668
4858.2,579666
4858.3,579664
4858.4,579662
4858.5,579660
4858.6,579658
4858.7,579656
4858.8,579654
4858.9,579652
4859,579650
4859.1,579649
4859.2,579646
4859.3,579644
4859.4,579642
4859.5,579640
4859.6,579639
4859.7,579637
4859.8,579635
4859.9,579633
4860,579631
4860.1,579629
4860.2,579627
4860.3,579625
4860.4,579623
4860.5,579621
4860.6,579619
4860.7,579617
4860.8,579615
4860.9,579613
4861,579611
4861.1,579609
4861.2,579607
4861.3,579605
4861.4,579603
4861.5,579601
4861.6,579599
4861.7,579598
4861.8,579596
4861.9,579593
4862,579592
4862.1,579589
4862.2,579587
4862.3,579586
4862.4,579584
4862.5,579582
4862.6,579580
4862.7,579578
4862.8,579575
4862.9,579573
4863,579572
4863.1,579570
4863.2,579568
4863.3,579566
4863.4,579564
4863.5,579562
4863.6,579560
4863.7,579558
4863.8,579556
4863.9,579554
4864,579552
4864.1,579550
4864.2,579548
4864.3,579546
4864.4,579544
4864.5,579542
4864.6,579541
4864.7,579538
4864.8,579537
4864.9,579534
4865,579532
4865.1,579531
4865.2,579529
4865.3,579527
4865.4,579525
4865.5,579523
4865.6,579521
4865.7,579519
4865.8,579517
4865.9,579515
4866,579514
4866.1,579511
4866.2,579509
4866.3,579507
4866.4,579505
4866.5,579503
4866.6,579502
4866.7,579500
4866.8,579497
4866.9,579496
4867,579494
4867.1,579492
4867.2,579490
4867.3,579488
4867.4,579486
4867.5,579484
4867.6,579482
4867.7,579480
4867.8,579478
4867.9,579476
4868,579474
4868.1,579472
4868.2,579470
4868.3,579468
4868.4,579466
4868.5,579464
4868.6,579462
4868.7,579460
4868.8,579458
4868.9,579456
4869,579454
4869.1,579452
4869.2,579450
4869.3,579448
4869.4,579447
4869.5,579444
4869.6,579442
4869.7,579440
4869.8,579438
4869.9,579436
4870,579435
4870.1,579433
4870.2,579431
4870.3,579429
4870.4,579427
4870.5,579424
4870.6,579423
4870.7,579420
4870.8,579419
4870.9,579417
4871,579415
4871.1,579413
4871.2,579411
4871.3,579409
4871.4,579407
4871.5,579405
4871.6,579403
4871.7,579401
4871.8,579399
4871.9,579397
4872,579395
4872.1,579393
4872.2,579392
4872.3,579389
4872.4,579387
4872.5,579385
4872.6,579383
4872.7,579382
4872.8,579380
4872.9,579378
4873,579376
4873.1,579374
4873.2,579372
4873.3,579370
4873.4,579368
4873.5,579366
4873.6,579364
4873.7,579362
4873.8,579360
4873.9,579358
4874,579356
4874.1,579354
4874.2,579353
4874.3,579350
4874.4,579349
4874.5,579347
4874.6,579344
4874.7,579342
4874.8,579341
4874.9,579339
4875,579337
4875.1,579335
4875.2,579333
4875.3,579331
4875.4,579329
4875.5,579327
4875.6,579325
4875.7,579324
4875.8,579322
4875.9,579319
4876,579317
4876.1,579315
4876.2,579313
4876.3,579312
4876.4,579310
4876.5,579308
4876.6,579306
4876.7,579304
4876.8,579302
4876.9,579300
4877,579298
4877.1,579296
4877.2,579294
4877.3,579292
4877.4,579290
4877.5,579288
4877.6,579286
4877.7,579284
4877.8,579282
4877.9,579280
4878,579278
4878.1,579276
4878.2,579274
4878.3,579272
4878.4,579271
4878.5,579268
4878.6,579266
4878.7,579264
4878.8,579262
4878.9,579260
4879,579258
4879.1,579257
4879.2,579254
4879.3,579252
4879.4,579250
4879.5,579248
4879.6,579246
4879.7,579245
4879.8,579242
4879.9,579240
4880,579238
4880.1,579236
4880.2,579234
4880.3,579232
4880.4,579230
4880.5,579229
4880.6,579226
4880.7,579224
4880.8,579223
4880.9,579221
4881,579219
4881.1,579217
4881.2,579215
4881.3,579213
4881.4,579211
4881.5,579209
4881.6,579207
4881.7,579205
4881.8,579203
4881.9,579201
4882,579199
4882.1,579197
4882.2,579195
4882.3,579193
4882.4,579191
4882.5,579189
4882.6,579188
4882.7,579185
4882.8,579183
4882.9,579181
4883,579179
4883.1,579177
4883.2,579175
4883.3,579174
4883.4,579172
4883.5,579169
4883.6,579167
4883.7,579165
4883.8,579163
4883.9,579162
4884,579160
4884.1,579158
4884.2,579155
4884.3,579153
4884.4,579152
4884.5,579150
4884.6,579148
4884.7,579146
4884.8,579144
4884.9,579142
4885,579140
4885.1,579138
4885.2,579136
4885.3,579134
4885.4,579132
4885.5,579130
4885.6,579128
4885.7,579126
4885.8,579124
4885.9,579122
4886,579120
4886.1,579118
4886.2,579116
4886.3,579114
4886.4,579112
4886.5,579110
4886.6,579108
4886.7,579106
4886.8,579105
4886.9,579102
4887,579100
4887.1,579099
4887.2,579096
4887.3,579094
4887.4,579093
4887.5,579091
4887.6,579089
4887.7,579086
4887.8,579085
4887.9,579083
4888,579081
4888.1,579079
4888.2,579077
4888.3,579075
4888.4,579073
4888.5,579071
4888.6,579069
4888.7,579067
4888.8,579065
4888.9,579064
4889,579061
4889.1,579059
4889.2,579057
4889.3,579055
4889.4,579053
4889.5,579051
4889.6,579050
4889.7,579047
4889.8,579045
4889.9,579044
4890,579042
4890.1,579039
4890.2,579038
4890.3,579036
4890.4,579034
4890.5,579032
4890.6,579030
4890.7,579028
4890.8,579026
4890.9,579024
4891,579022
4891.1,579020
4891.2,579018
4891.3,579016
4891.4,579014
4891.5,579012
4891.6,579010
4891.7,579009
4891.8,579006
4891.9,579004
4892,579002
4892.1,579000
4892.2,578998
4892.3,578997
4892.4,578995
4892.5,578993
4892.6,578990
4892.7,578988
4892.8,578986
4892.9,578984
4893,578983
4893.1,578981
4893.2,578978
4893.3,578977
4893.4,578975
4893.5,578973
4893.6,578971
4893.7,578969
4893.8,578967
4893.9,578965
4894,578963
4894.1,578961
4894.2,578959
4894.3,578957
4894.4,578955
4894.5,578953
4894.6,578951
4894.7,578949
4894.8,578947
4894.9,578945
4895,578943
4895.1,578941
4895.2,578940
4895.3,578937
4895.4,578935
4895.5,578933
4895.6,578931
4895.7,578929
4895.8,578927
4895.9,578926
4896,578924
4896.1,578921
4896.2,578919
4896.3,578917
4896.4,578915
4896.5,578914
4896.6,578912
4896.7,578910
4896.8,578908
4896.9,578906
4897,578904
4897.1,578902
4897.2,578900
4897.3,578898
4897.4,578896
4897.5,578894
4897.6,578892
4897.7,578890
4897.8,578888
4897.9,578886
4898,578884
4898.1,578882
4898.2,578880
4898.3,578878
4898.4,578876
4898.5,578874
4898.6,578872
4898.7,578870
4898.8,578868
4898.9,578866
4899,578864
4899.1,578862
4899.2,578860
4899.3,578858
4899.4,578857
4899.5,578854
4899.6,578852
4899.7,578850
4899.8,578848
4899.9,578846
4900,578844
4900.1,578843
4900.2,578841
4900.3,578838
4900.4,578837
4900.5,578835
4900.6,578833
4900.7,578831
4900.8,578829
4900.9,578827
4901,578825
4901.1,578823
4901.2,578821
4901.3,578819
4901.4,578817
4901.5,578816
4901.6,578814
4901.7,578812
4901.8,578809
4901.9,578808
4902,578806
4902.1,578804
4902.2,578802
4902.3,578800
4902.4,578798
4902.5,578796
4902.6,578794
4902.7,578792
4902.8,578790
4902.9,578788
4903,578786
4903.1,578784
4903.2,578782
4903.3,578780
4903.4,578778
4903.5,578777
4903.6,578774
4903.7,578773
4903.8,578771
4903.9,578768
4904,578767
4904.1,578765
4904.2,578763
4904.3,578761
4904.4,578759
4904.5,578757
4904.6,578755
4904.7,578753
4904.8,578751
4904.9,578749
4905,578747
4905.1,578745
4905.2,578743
4905.3,578741
4905.4,578739
4905.5,578737
4905.6,578735
4905.7,578734
4905.8,578732
4905.9,578730
4906,578728
4906.1,578726
4906.2,578724
4906.3,578722
4906.4,578720
4906.5,578718
4906.6,578716
4906.7,578714
4906.8,578712
4906.9,578710
4907,578708
4907.1,578706
4907.2,578704
4907.3,578702
4907.4,578700
4907.5,578698
4907.6,578696
4907.7,578694
4907.8,578692
4907.9,578690
4908,578688
4908.1,578686
4908.2,578684
4908.3,578682
4908.4,578680
4908.5,578678
4908.6,578676
4908.7,578674
4908.8,578672
4908.9,578670
4909,578668
4909.1,578666
4909.2,578665
4909.3,578663
4909.4,578660
4909.5,578658
4909.6,578656
4909.7,578654
4909.8,578652
4909.9,578650
4910,578649
4910.1,578647
4910.2,578645
4910.3,578643
4910.4,578641
4910.5,578639
4910.6,578637
4910.7,578635
4910.8,578633
4910.9,578631
4911,578629
4911.1,578627
4911.2,578625
4911.3,578623
4911.4,578621
4911.5,578620
4911.6,578618
4911.7,578616
4911.8,578614
4911.9,578612
4912,578610
4912.1,578608
4912.2,578606
4912.3,578604
4912.4,578602
4912.5,578600
4912.6,578598
4912.7,578596
4912.8,578594
4912.9,578592
4913,578590
4913.1,578588
4913.2,578586
4913.3,578584
4913.4,578582
4913.5,578580
4913.6,578579
4913.7,578577
4913.8,578574
4913.9,578572
4914,578570
4914.1,578569
4914.2,578567
4914.3,578565
4914.4,578563
4914.5,578561
4914.6,578558
4914.7,578557
4914.8,578555
4914.9,578553
4915,578551
4915.1,578549
4915.2,578547
4915.3,578545
4915.4,578543
4915.5,578541
4915.6,578539
4915.7,578537
4915.8,578535
4915.9,578533
4916,578531
4916.1,578529
4916.2,578527
4916.3,578525
4916.4,578523
4916.5,578522
4916.6,578519
4916.7,578517
4916.8,578516
4916.9,578513
4917,578511
4917.1,578510
4917.2,578508
4917.3,578506
4917.4,578504
4917.5,578502
4917.6,578500
4917.7,578498
4917.8,578496
4917.9,578494
4918,578492
4918.1,578490
4918.2,578488
4918.3,578486
4918.4,578484
4918.5,578482
4918.6,578481
4918.7,578479
4918.8,578477
4918.9,578475
4919,578472
4919.1,578471
4919.2,578469
4919.3,578467
4919.4,578465
4919.5,578462
4919.6,578461
4919.7,578459
4919.8,578457
4919.9,578455
4920,578453
4920.1,578451
4920.2,578449
4920.3,578447
4920.4,578445
4920.5,578443
4920.6,578441
4920.7,578439
4920.8,578437
4920.9,578435
4921,578433
4921.1,578431
4921.2,578429
4921.3,578427
4921.4,578425
4921.5,578424
4921.6,578421
4921.7,578420
4921.8,578417
4921.9,578415
4922,578414
4922.1,578412
4922.2,578410
4922.3,578408
4922.4,578406
4922.5,578404
4922.6,578402
4922.7,578400
4922.8,578398
4922.9,578396
4923,578394
4923.1,578392
4923.2,578390
4923.3,578388
4923.4,578386
4923.5,578385
4923.6,578383
4923.7,578380
4923.8,578379
4923.9,578376
4924,578374
4924.1,578373
4924.2,578371
4924.3,578369
4924.4,578367
4924.5,578365
4924.6,578363
4924.7,578361
4924.8,578359
4924.9,578357
4925,578355
4925.1,578353
4925.2,578351
4925.3,578349
4925.4,578347
4925.5,578345
4925.6,578343
4925.7,578341
4925.8,578339
4925.9,578337
4926,578335
4926.1,578333
4926.2,578331
4926.3,578330
4926.4,578328
4926.5,578326
4926.6,578324
4926.7,578322
4926.8,578320
4926.9,578318
4927,578316
4927.1,578314
4927.2,578312
4927.3,578310
4927.4,578308
4927.5,578306
4927.6,578304
4927.7,578302
4927.8,578300
4927.9,578299
4928,578296
4928.1,578294
4928.2,578292
4928.3,578290
4928.4,578288
4928.5,578287
4928.6,578285
4928.7,578283
4928.8,578280
4928.9,578278
4929,578277
4929.1,578275
4929.2,578273
4929.3,578271
4929.4,578269
4929.5,578267
4929.6,578264
4929.7,578263
4929.8,578261
4929.9,578258
4930,578257
4930.1,578255
4930.2,578253
4930.3,578251
4930.4,578249
4930.5,578247
4930.6,578245
4930.7,578243
4930.8,578242
4930.9,578239
4931,578237
4931.1,578235
4931.2,578233
4931.3,578231
4931.4,578229
4931.5,578228
4931.6,578226
4931.7,578223
4931.8,578222
4931.9,578220
4932,578218
4932.1,578216
4932.2,578214
4932.3,578212
4932.4,578210
4932.5,578208
4932.6,578206
4932.7,578204
4932.8,578202
4932.9,578200
4933,578198
4933.1,578196
4933.2,578194
4933.3,578192
4933.4,578190
4933.5,578188
4933.6,578186
4933.7,578185
4933.8,578182
4933.9,578180
4934,578178
4934.1,578176
4934.2,578175
4934.3,578173
4934.4,578171
4934.5,578169
4934.6,578167
4934.7,578165
4934.8,578162
4934.9,578161
4935,578159
4935.1,578157
4935.2,578155
4935.3,578153
4935.4,578151
4935.5,578149
4935.6,578147
4935.7,578145
4935.8,578143
4935.9,578141
4936,578139
4936.1,578137
4936.2,578135
4936.3,578133
4936.4,578131
4936.5,578130
4936.6,578128
4936.7,578126
4936.8,578124
4936.9,578121
4937,578120
4937.1,578118
4937.2,578116
4937.3,578114
4937.4,578112
4937.5,578110
4937.6,578108
4937.7,578106
4937.8,578104
4937.9,578102
4938,578101
4938.1,578098
4938.2,578096
4938.3,578094
4938.4,578092
4938.5,578090
4938.6,578089
4938.7,578087
4938.8,578085
4938.9,578082
4939,578080
4939.1,578079
4939.2,578077
4939.3,578075
4939.4,578073
4939.5,578071
4939.6,578069
4939.7,578067
4939.8,578065
4939.9,578063
4940,578061
4940.1,578060
4940.2,578057
4940.3,578056
4940.4,578053
4940.5,578051
4940.6,578050
4940.7,578047
4940.8,578046
4940.9,578044
4941,578042
4941.1,578040
4941.2,578038
4941.3,578036
4941.4,578034
4941.5,578032
4941.6,578030
4941.7,578028
4941.8,578026
4941.9,578024
4942,578022
4942.1,578020
4942.2,578018
4942.3,578016
4942.4,578015
4942.5,578012
4942.6,578010
4942.7,578009
4942.8,578006
4942.9,578005
4943,578003
4943.1,578001
4943.2,577999
4943.3,577997
4943.4,577995
4943.5,577993
4943.6,577991
4943.7,577989
4943.8,577987
4943.9,577985
4944,577983
4944.1,577981
4944.2,577979
4944.3,577977
4944.4,577975
4944.5,577974
4944.6,577971
4944.7,577969
4944.8,577967
4944.9,577965
4945,577963
4945.1,577961
4945.2,577960
4945.3,577958
4945.4,577956
4945.5,577954
4945.6,577952
4945.7,577950
4945.8,577948
4945.9,577946
4946,577944
4946.1,577942
4946.2,577940
4946.3,577938
4946.4,577936
4946.5,577934
4946.6,577933
4946.7,577931
4946.8,577929
4946.9,577926
4947,577924
4947.1,577923
4947.2,577920
4947.3,577919
4947.4,577917
4947.5,577915
4947.6,577913
4947.7,577911
4947.8,577909
4947.9,577907
4948,577905
4948.1,577903
4948.2,577901
4948.3,577899
4948.4,577897
4948.5,577895
4948.6,577893
4948.7,577891
4948.8,577889
4948.9,577888
4949,577885
4949.1,577884
4949.2,577882
4949.3,577879
4949.4,577878
4949.5,577876
4949.6,577874
4949.7,577872
4949.8,577869
4949.9,577868
4950,577866
4950.1,577864
4950.2,577862
4950.3,577860
4950.4,577858
4950.5,577856
4950.6,577854
4950.7,577852
4950.8,577850
4950.9,577848
4951,577846
4951.1,577845
4951.2,577843
4951.3,577840
4951.4,577838
4951.5,577837
4951.6,577835
4951.7,577833
4951.8,577831
4951.9,577829
4952,577827
4952.1,577825
4952.2,577823
4952.3,577821
4952.4,577819
4952.5,577817
4952.6,577815
4952.7,577813
4952.8,577811
4952.9,577809
4953,577807
4953.1,577805
4953.2,577803
4953.3,577802
4953.4,577799
4953.5,577797
4953.6,577795
4953.7,577793
4953.8,577791
4953.9,577789
4954,577788
4954.1,577786
4954.2,577783
4954.3,577782
4954.4,577779
4954.5,577778
4954.6,577776
4954.7,577774
4954.8,577772
4954.9,577770
4955,577768
4955.1,577766
4955.2,577764
4955.3,577762
4955.4,577760
4955.5,577758
4955.6,577756
4955.7,577754
4955.8,577752
4955.9,577750
4956,577748
4956.1,577747
4956.2,577745
4956.3,577742
4956.4,577741
4956.5,577738
4956.6,577736
4956.7,577735
4956.8,577733
4956.9,577731
4957,577729
4957.1,577727
4957.2,577725
4957.3,577722
4957.4,577721
4957.5,577719
4957.6,577717
4957.7,577715
4957.8,577713
4957.9,577711
4958,577709
4958.1,577707
4958.2,577705
4958.3,577703
4958.4,577701
4958.5,577700
4958.6,577697
4958.7,577695
4958.8,577693
4958.9,577691
4959,577690
4959.1,577688
4959.2,577686
4959.3,577684
4959.4,577681
4959.5,577680
4959.6,577678
4959.7,577676
4959.8,577674
4959.9,577672
4960,577670
4960.1,577668
4960.2,577666
4960.3,577664
4960.4,577662
4960.5,577660
4960.6,577658
4960.7,577656
4960.8,577654
4960.9,577652
4961,577650
4961.1,577648
4961.2,577646
4961.3,577645
4961.4,577642
4961.5,577640
4961.6,577639
4961.7,577636
4961.8,577634
4961.9,577633
4962,577631
4962.1,577629
4962.2,577627
4962.3,577625
4962.4,577623
4962.5,577621
4962.6,577619
4962.7,577617
4962.8,577615
4962.9,577613
4963,577611
4963.1,577609
4963.2,577607
4963.3,577605
4963.4,577604
4963.5,577602
4963.6,577600
4963.7,577598
4963.8,577596
4963.9,577594
4964,577591
4964.1,577590
4964.2,577588
4964.3,577586
4964.4,577584
4964.5,577582
4964.6,577580
4964.7,577578
4964.8,577576
4964.9,577574
4965,577572
4965.1,577570
4965.2,577568
4965.3,577566
4965.4,577564
4965.5,577562
4965.6,577560
4965.7,577558
4965.8,577556
4965.9,577555
4966,577553
4966.1,577550
4966.2,577549
4966.3,577547
4966.4,577545
4966.5,577543
4966.6,577541
4966.7,577539
4966.8,577537
4966.9,577535
4967,577533
4967.1,577531
4967.2,577529
4967.3,577527
4967.4,577525
4967.5,577523
4967.6,577521
4967.7,577519
4967.8,577517
4967.9,577515
4968,577514
4968.1,577511
4968.2,577509
4968.3,577508
4968.4,577505
4968.5,577504
4968.6,577502
4968.7,577500
4968.8,577498
4968.9,577495
4969,577494
4969.1,577492
4969.2,577490
4969.3,577488
4969.4,577486
4969.5,577484
4969.6,577482
4969.7,577480
4969.8,577478
4969.9,577476
4970,577474
4970.1,577472
4970.2,577471
4970.3,577469
4970.4,577467
4970.5,577464
4970.6,577462
4970.7,577460
4970.8,577459
4970.9,577457
4971,577455
4971.1,577453
4971.2,577451
4971.3,577449
4971.4,577447
4971.5,577445
4971.6,577443
4971.7,577441
4971.8,577439
4971.9,577437
4972,577435
4972.1,577433
4972.2,577432
4972.3,577430
4972.4,577428
4972.5,577425
4972.6,577424
4972.7,577422
4972.8,577419
4972.9,577418
4973,577416
4973.1,577414
4973.2,577412
4973.3,577410
4973.4,577408
4973.5,577406
4973.6,577404
4973.7,577402
4973.8,577400
4973.9,577399
4974,577396
4974.1,577394
4974.2,577392
4974.3,577390
4974.4,577388
4974.5,577387
4974.6,577385
4974.7,577383
4974.8,577381
4974.9,577379
4975,577377
4975.1,577375
4975.2,577373
4975.3,577371
4975.4,577369
4975.5,577367
4975.6,577365
4975.7,577363
4975.8,577361
4975.9,577359
4976,577357
4976.1,577355
4976.2,577353
4976.3,577351
4976.4,577349
4976.5,577347
4976.6,577345
4976.7,577343
4976.8,577342
4976.9,577340
4977,577338
4977.1,577336
4977.2,577334
4977.3,577332
4977.4,577329
4977.5,577328
4977.6,577326
4977.7,577324
4977.8,577322
4977.9,577320
4978,577318
4978.1,577316
4978.2,577314
4978.3,577312
4978.4,577310
4978.5,577308
4978.6,577306
4978.7,577304
4978.8,577302
4978.9,577300
4979,577298
4979.1,577297
4979.2,577294
4979.3,577292
4979.4,577290
4979.5,577288
4979.6,577287
4979.7,577285
4979.8,577283
4979.9,577281
4980,577279
4980.1,577277
4980.2,577275
4980.3,577273
4980.4,577271
4980.5,577269
4980.6,577267
4980.7,577265
4980.8,577263
4980.9,577261
4981,577259
4981.1,577257
4981.2,577255
4981.3,577253
4981.4,577252
4981.5,577250
4981.6,577247
4981.7,577246
4981.8,577244
4981.9,577242
4982,577240
4982.1,577238
4982.2,577236
4982.3,577234
4982.4,577232
4982.5,577230
4982.6,577228
4982.7,577226
4982.8,577224
4982.9,577223
4983,577220
4983.1,577218
4983.2,577217
4983.3,577215
4983.4,577213
4983.5,577211
4983.6,577209
4983.7,577207
4983.8,577205
4983.9,577203
4984,577201
4984.1,577199
4984.2,577197
4984.3,577195
4984.4,577193
4984.5,577191
4984.6,577189
4984.7,577187
4984.8,577185
4984.9,577183
4985,577182
4985.1,577180
4985.2,577177
4985.3,577176
4985.4,577173
4985.5,577172
4985.6,577170
4985.7,577168
4985.8,577166
4985.9,577164
4986,577162
4986.1,577160
4986.2,577158
4986.3,577156
4986.4,577154
4986.5,577153
4986.6,577151
4986.7,577148
4986.8,577146
4986.9,577144
4987,577142
4987.1,577141
4987.2,577139
4987.3,577137
4987.4,577135
4987.5,577133
4987.6,577131
4987.7,577129
4987.8,577127
4987.9,577125
4988,577123
4988.1,577122
4988.2,577119
4988.3,577117
4988.4,577115
4988.5,577113
4988.6,577111
4988.7,577109
4988.8,577108
4988.9,577106
4989,577104
4989.1,577102
4989.2,577100
4989.3,577098
4989.4,577096
4989.5,577094
4989.6,577092
4989.7,577090
4989.8,577088
4989.9,577086
4990,577084
4990.1,577082
4990.2,577080
4990.3,577079
4990.4,577077
4990.5,577075
4990.6,577073
4990.7,577071
4990.8,577069
4990.9,577067
4991,577065
4991.1,577063
4991.2,577061
4991.3,577059
4991.4,577057
4991.5,577055
4991.6,577053
4991.7,577051
4991.8,577049
4991.9,577048
4992,577046
4992.1,577043
4992.2,577042
4992.3,577039
4992.4,577038
4992.5,577036
4992.6,577034
4992.7,577032
4992.8,577030
4992.9,577028
4993,577026
4993.1,577024
4993.2,577022
4993.3,577020
4993.4,577018
4993.5,577016
4993.6,577014
4993.7,577012
4993.8,577010
4993.9,577008
4994,577007
4994.1,577005
4994.2,577002
4994.3,577000
4994.4,576998
4994.5,576996
4994.6,576994
4994.7,576993
4994.8,576991
4994.9,576989
4995,576987
4995.1,576985
4995.2,576983
4995.3,576981
4995.4,576979
4995.5,576977
4995.6,576975
4995.7,576973
4995.8,576971
4995.9,576969
4996,576967
4996.1,576965
4996.2,576963
4996.3,576962
4996.4,576960
4996.5,576958
4996.6,576956
4996.7,576953
4996.8,576952
4996.9,576950
4997,576948
4997.1,576946
4997.2,576944
4997.3,576942
4997.4,576940
4997.5,576938
4997.6,576936
4997.7,576934
4997.8,576933
4997.9,576931
4998,576929
4998.1,576927
4998.2,576924
4998.3,576923
4998.4,576921
4998.5,576919
4998.6,576917
4998.7,576915
4998.8,576913
4998.9,576911
4999,576909
4999.1,576907
4999.2,576905
4999.3,576903
4999.4,576902
4999.5,576899
4999.6,576897
4999.7,576895
4999.8,576893
4999.9,576892
