0,0.153571
0.1,0.171247
0.2,0.22435
0.3,0.312994
0.4,0.437293
0.5,0.926531
0.6,1.78082
0.7,2.34194
0.8,3.26834
0.9,3.9018
1,4.90077
1.1,5.60702
1.2,6.67902
1.3,8.11688
1.4,9.59154
1.5,11.1031
1.6,12.6517
1.7,14.2375
1.8,15.8606
1.9,17.521
2,19.219
2.1,21.6129
2.2,23.7154
2.3,26.1849
2.4,28.3632
2.5,30.9088
2.6,33.1635
2.7,35.7856
2.8,38.1171
2.9,40.8162
3,43.8833
3.1,46.9892
3.2,50.134
3.3,53.3179
3.4,56.541
3.5,59.8033
3.6,63.4343
3.7,66.7757
3.8,70.4859
3.9,74.565
4,78.3549
4.1,82.514
4.2,86.7133
4.3,90.6237
4.4,94.9037
4.5,98.895
4.6,103.585
4.7,108.646
4.8,113.418
4.9,118.231
5,123.085
5.1,127.981
5.2,132.917
5.3,137.896
5.4,143.574
5.5,149.295
5.6,154.728
5.7,160.532
5.8,166.049
5.9,171.938
6,177.869
6.1,183.514
6.2,189.859
6.3,196.577
6.4,203.008
6.5,209.483
6.6,216.001
6.7,222.562
6.8,229.166
6.9,236.143
7,243.164
7.1,250.559
7.2,257.997
7.3,265.15
7.4,272.676
7.5,280.247
7.6,287.533
7.7,295.193
7.8,303.227
7.9,311.306
8,319.43
8.1,327.929
8.2,336.143
8.3,344.403
8.4,352.709
8.5,361.06
8.6,370.116
8.7,379.218
8.8,388.365
8.9,397.23
9,406.471
9.1,415.758
9.2,424.762
9.3,434.801
9.4,444.558
9.5,454.362
9.6,464.213
9.7,474.441
9.8,484.387
9.9,494.381
10,504.422
10.1,515.17
10.2,525.966
10.3,536.481
10.4,547.374
10.5,558.315
10.6,569.305
10.7,580.014
10.8,591.102
10.9,602.568
11,614.412
11.1,625.976
11.2,637.59
11.3,649.583
11.4,661.297
11.5,673.06
11.6,685.532
11.7,698.054
11.8,710.297
11.9,722.921
12,735.594
12.1,748.319
12.2,761.095
12.3,773.592
12.4,787.129
12.5,800.387
12.6,813.698
12.7,827.389
12.8,840.803
12.9,854.268
13,868.116
13.1,882.015
13.2,896.296
13.3,910.63
13.4,925.017
13.5,939.456
13.6,953.62
13.7,968.166
13.8,982.765
13.9,997.747
14,1013.11
14.1,1028.2
14.2,1043.35
14.3,1058.87
14.4,1074.12
14.5,1089.76
14.6,1105.45
14.7,1121.52
14.8,1137.65
14.9,1153.84
15,1170.08
15.1,1186.37
15.2,1202.72
15.3,1219.46
15.4,1236.25
15.5,1253.43
15.6,1270.33
15.7,1287.29
15.8,1304.64
15.9,1321.71
16,1339.5
16.1,1357.34
16.2,1375.25
16.3,1393.21
16.4,1411.22
16.5,1429.3
16.6,1447.43
16.7,1465.95
16.8,1484.53
16.9,1503.49
17,1522.19
17.1,1541.27
17.2,1560.08
17.3,1579.28
17.4,1598.21
17.5,1617.86
17.6,1637.57
17.7,1657.34
17.8,1677.16
17.9,1697.05
18,1714.3
18.1,1731.59
18.2,1748.58
18.3,1766.58
18.4,1784.29
18.5,1802.36
18.6,1820.14
18.7,1838.27
18.8,1856.11
18.9,1874.31
19,1892.21
19.1,1910.47
19.2,1928.44
19.3,1947.1
19.4,1965.79
19.5,1984.51
19.6,2003.27
19.7,2022.06
19.8,2040.88
19.9,2059.74
20,2078.63
20.1,2097.55
20.2,2116.51
20.3,2135.83
20.4,2155.52
20.5,2174.9
20.6,2194.66
20.7,2214.11
20.8,2233.93
20.9,2253.46
21,2273.35
21.1,2292.94
21.2,2312.9
21.3,2333.22
21.4,2353.58
21.5,2373.97
21.6,2394.4
21.7,2414.87
21.8,2435.36
21.9,2455.9
22,2476.47
22.1,2497.08
22.2,2517.72
22.3,2539.05
22.4,2560.1
22.5,2581.5
22.6,2602.62
22.7,2624.1
22.8,2645.29
22.9,2666.84
23,2688.11
23.1,2709.73
23.2,2731.73
23.3,2753.76
23.4,2775.83
23.5,2797.93
23.6,2820.08
23.7,2842.26
23.8,2864.48
23.9,2887.06
24,2909.36
24.1,2931.69
24.2,2954.39
24.3,2977.46
24.4,3000.24
24.5,3023.38
24.6,3046.56
24.7,3069.46
24.8,3092.72
24.9,3115.69
25,3139.03
25.1,3162.74
25.2,3186.48
25.3,3210.27
25.4,3234.1
25.5,3257.96
25.6,3281.87
25.7,3306.15
25.8,3330.13
25.9,3354.16
26,3378.23
26.1,3402.99
26.2,3427.47
26.3,3452.32
26.4,3476.87
26.5,3501.8
26.6,3526.77
26.7,3551.46
26.8,3576.51
26.9,3601.6
27,3627.07
27.1,3652.58
27.2,3678.12
27.3,3703.72
27.4,3729.35
27.5,3755.02
27.6,3781.07
27.7,3806.83
27.8,3832.63
27.9,3858.81
28,3885.36
28.1,3911.95
28.2,3938.25
28.3,3964.93
28.4,3991.65
28.5,4018.08
28.6,4044.89
28.7,4071.74
28.8,4098.97
28.9,4126.24
29,4153.55
29.1,4181.24
29.2,4208.64
29.3,4236.08
29.4,4263.58
29.5,4291.11
29.6,4318.69
29.7,4346.98
29.8,4375.31
29.9,4403.69
30,4431.78
30.1,4460.25
30.2,4488.76
30.3,4516.99
30.4,4545.59
30.5,4574.25
30.6,4603.27
30.7,4632.35
30.8,4661.8
30.9,4690.96
31,4720.18
31.1,4749.44
31.2,4778.75
31.3,4808.44
31.4,4837.84
31.5,4867.95
31.6,4897.78
31.7,4927.99
31.8,4958.24
31.9,4988.54
32,5018.56
32.1,5048.96
32.2,5079.41
32.3,5110.24
32.4,5141.11
32.5,5172.37
32.6,5203.34
32.7,5234.37
32.8,5265.44
32.9,5296.89
33,5328.06
33.1,5359.29
33.2,5391.22
33.3,5423.2
33.4,5455.23
33.5,5486.99
33.6,5519.12
33.7,5551.3
33.8,5583.54
33.9,5615.83
34,5647.84
34.1,5680.88
34.2,5713.66
34.3,5746.48
34.4,5779.68
34.5,5812.61
34.6,5845.59
34.7,5878.95
34.8,5912.04
34.9,5945.83
35,5979.68
35.1,6013.25
35.2,6047.21
35.3,6081.22
35.4,6115.28
35.5,6149.39
35.6,6183.56
35.7,6218.12
35.8,6252.72
35.9,6287.72
36,6322.43
36.1,6357.2
36.2,6392.69
36.3,6427.57
36.4,6462.5
36.5,6498.15
36.6,6533.86
36.7,6569.62
36.8,6605.44
36.9,6641.31
37,6677.24
37.1,6713.22
37.2,6748.94
37.3,6785.04
37.4,6821.85
37.5,6858.39
37.6,6895.32
37.7,6931.97
37.8,6968.69
37.9,7005.79
38,7042.62
38.1,7079.83
38.2,7117.11
38.3,7154.77
38.4,7192.49
38.5,7230.27
38.6,7268.11
38.7,7306
38.8,7343.96
38.9,7381.98
39,7420.38
39.1,7459.17
39.2,7497.7
39.3,7536.61
39.4,7575.25
39.5,7614.29
39.6,7653.05
39.7,7692.54
39.8,7732.08
39.9,7771.69
40,7811.36
40.1,7851.09
40.2,7890.88
40.3,7930.73
40.4,7970.64
40.5,8010.95
40.6,8051.65
40.7,8092.08
40.8,8132.9
40.9,8173.46
41,8214.41
41.1,8255.09
41.2,8296.17
41.3,8337.63
41.4,8379.17
41.5,8420.76
41.6,8462.42
41.7,8504.15
41.8,8546.27
41.9,8588.12
42,8630.04
42.1,8672.35
42.2,8715.06
42.3,8757.51
42.4,8800.35
42.5,8842.92
42.6,8885.89
42.7,8928.93
42.8,8972.36
42.9,9015.86
43,9059.43
43.1,9103.06
43.2,9146.76
43.3,9190.53
43.4,9234.37
43.5,9278.27
43.6,9322.9
43.7,9367.27
43.8,9412.03
43.9,9456.54
44,9501.44
44.1,9546.09
44.2,9591.13
44.3,9636.57
44.4,9682.08
44.5,9727.66
44.6,9773.31
44.7,9819.36
44.8,9865.15
44.9,9911.01
45,9957.27
45.1,10003.6
45.2,10050.3
45.3,10097.1
45.4,10143.7
45.5,10190.6
45.6,10237.7
45.7,10284.4
45.8,10331.9
45.9,10379.5
46,10427.4
46.1,10475.2
46.2,10522.9
46.3,10570.8
46.4,10618.7
46.5,10667.4
46.6,10716.1
46.7,10764.6
46.8,10813.5
46.9,10862.5
47,10911.2
47.1,10960.3
47.2,11009.5
47.3,11059.4
47.4,11109.1
47.5,11158.8
47.6,11208.6
47.7,11258.8
47.8,11308.8
47.9,11358.9
48,11409.6
48.1,11460.2
48.2,11511.1
48.3,11562.1
48.4,11613.2
48.5,11664.1
48.6,11715.3
48.7,11767
48.8,11818.7
48.9,11870.9
49,11922.8
49.1,11974.7
49.2,12027.1
49.3,12079.6
49.4,12132.1
49.5,12185.1
49.6,12238.1
49.7,12291.2
49.8,12344.4
49.9,12397.4
50,12450.8
50.1,12504.5
50.2,12558.7
50.3,12612.6
50.4,12666.7
50.5,12721.1
50.6,12775.3
50.7,12829.5
50.8,12884.9
50.9,12940
51,12995.2
51.1,13050.1
51.2,13105.4
51.3,13160.9
51.4,13216.4
51.5,13272.3
51.6,13328.3
51.7,13384.7
51.8,13440.9
51.9,13497.2
52,13553.9
52.1,13611.3
52.2,13668.5
52.3,13725.5
52.4,13782.8
52.5,13840.3
52.6,13897.8
52.7,13955.4
52.8,14013.5
52.9,14071.9
53,14130.2
53.1,14188.5
53.2,14247.2
53.3,14306
53.4,14364.9
53.5,14423.9
53.6,14483.4
53.7,14542.9
53.8,14602.5
53.9,14662.1
54,14721.9
54.1,14782.1
54.2,14842.8
54.3,14903.1
54.4,14964.3
54.5,15024.8
54.6,15085.8
54.7,15146.6
54.8,15208.1
54.9,15269.7
55,15331.4
55.1,15393.2
55.2,15455.1
55.3,15517.1
55.4,15579.5
55.5,15642
55.6,15704.9
55.7,15767.6
55.8,15830.7
55.9,15893.6
56,15956.9
56.1,16020.6
56.2,16084.4
56.3,16148.4
56.4,16212.7
56.5,16276.8
56.6,16341.1
56.7,16405.7
56.8,16470.8
56.9,16535.6
57,16600.9
57.1,16665.9
57.2,16731.8
57.3,16797.3
57.4,16863.3
57.5,16929.4
57.6,16995.6
57.7,17061.9
57.8,17128.3
57.9,17194.9
58,17262.1
58.1,17329.5
58.2,17397
58.3,17464.2
58.4,17531.9
58.5,17599.4
58.6,17667.3
58.7,17722.7
58.8,17778.5
58.9,17833.9
59,17889.3
59.1,17945
59.2,18000.4
59.3,18055.7
59.4,18111
59.5,18166.7
59.6,18221.9
59.7,18277.2
59.8,18333.1
59.9,18389
60,18444.5
60.1,18500.3
60.2,18556.1
60.3,18611.9
60.4,18667.7
60.5,18723.1
60.6,18778.8
60.7,18834.5
60.8,18890.2
60.9,18946.5
61,19002.5
61.1,19058.4
61.2,19114.3
61.3,19170.2
61.4,19226.4
61.5,19282.5
61.6,19338.4
61.7,19394.1
61.8,19449.9
61.9,19506
62,19561.7
62.1,19618
62.2,19674.3
62.3,19730.6
62.4,19786.6
62.5,19843.1
62.6,19899.4
62.7,19955.2
62.8,20011.4
62.9,20067.5
63,20123.6
63.1,20179.7
63.2,20235.8
63.3,20292.1
63.4,20348.5
63.5,20405.4
63.6,20461.7
63.7,20517.9
63.8,20574.2
63.9,20630.7
64,20687.2
64.1,20743.3
64.2,20799.4
64.3,20855.5
64.4,20912.2
64.5,20968.5
64.6,21025.2
64.7,21081.8
64.8,21138.4
64.9,21194.9
65,21251.4
65.1,21307.9
65.2,21364.4
65.3,21421.2
65.4,21477.3
65.5,21533.6
65.6,21590
65.7,21646.6
65.8,21703.2
65.9,21759.8
66,21816.7
66.1,21873.5
66.2,21930
66.3,21986.5
66.4,22043.2
66.5,22099.9
66.6,22156.3
66.7,22212.9
66.8,22269.2
66.9,22325.8
67,22382.4
67.1,22438.5
67.2,22495.4
67.3,22552.1
67.4,22608.9
67.5,22665.6
67.6,22722.6
67.7,22779.3
67.8,22835.9
67.9,22892.1
68,22949
68.1,23005.5
68.2,23062
68.3,23118.8
68.4,23175.2
68.5,23231.2
68.6,23288.6
68.7,23345.2
68.8,23402.1
68.9,23459
69,23515.5
69.1,23572.4
69.2,23628.8
69.3,23685.6
69.4,23742.3
69.5,23798.6
69.6,23855.3
69.7,23911.9
69.8,23968.1
69.9,24025
70,24081.1
70.1,24138.3
70.2,24195
70.3,24251.7
70.4,24308.7
70.5,24365
70.6,24421.6
70.7,24478.5
70.8,24535.1
70.9,24591.6
71,24648.3
71.1,24704.8
71.2,24761.1
71.3,24817.8
71.4,24874.1
71.5,24930.4
71.6,24986.6
71.7,25043.4
71.8,25100.2
71.9,25157
72,25213.7
72.1,25270.4
72.2,25326.7
72.3,25383.4
72.4,25439.9
72.5,25496.5
72.6,25553
72.7,25609.1
72.8,25665.8
72.9,25721.9
73,25778.2
73.1,25834.5
73.2,25890.8
73.3,25947
73.4,26003.5
73.5,26060.3
73.6,26116.7
73.7,26173.4
73.8,26229.8
73.9,26286.4
74,26342.7
74.1,26399.2
74.2,26455.4
74.3,26511.9
74.4,26568
74.5,26623.7
74.6,26680
74.7,26736
74.8,26792.3
74.9,26848.2
75,26904.4
75.1,26960.2
75.2,27016.9
75.3,27073
75.4,27129.7
75.5,27185.7
75.6,27242.2
75.7,27298.1
75.8,27354.6
75.9,27410.8
76,27466.9
76.1,27522.9
76.2,27578.9
76.3,27635.2
76.4,27690.8
76.5,27747
76.6,27802.6
76.7,27858.7
76.8,27914.1
76.9,27970.2
77,28025.8
77.1,28081.5
77.2,28137.7
77.3,28193.6
77.4,28249.7
77.5,28305.5
77.6,28361.6
77.7,28417.6
77.8,28473.3
77.9,28529.2
78,28584.8
78.1,28640.6
78.2,28696.4
78.3,28751.9
78.4,28807.6
78.5,28863
78.6,28918.9
78.7,28974.5
78.8,29029.7
78.9,29085.2
79,29140.7
79.1,29195.8
79.2,29251.2
79.3,29306.5
79.4,29361.5
79.5,29417.4
79.6,29472.9
79.7,29528.4
79.8,29583.8
79.9,29639.5
80,29694.9
80.1,29750.2
80.2,29805.8
80.3,29860.6
80.4,29916.2
80.5,29971.6
80.6,30026.7
80.7,30081.7
80.8,30136.7
80.9,30192
81,30246.9
81.1,30301.8
81.2,30356.9
81.3,30412
81.4,30466.4
81.5,30521.4
81.6,30576
81.7,30631
81.8,30685.8
81.9,30740
82,30795.1
82.1,30850.2
82.2,30905.5
82.3,30960.2
82.4,31015.1
82.5,31070
82.6,31124.8
82.7,31179.6
82.8,31234.4
82.9,31289.1
83,31343.7
83.1,31398.4
83.2,31452.9
83.3,31507.5
83.4,31561.9
83.5,31616.4
83.6,31670.8
83.7,31725.1
83.8,31779.4
83.9,31833.6
84,31887.8
84.1,31942.3
84.2,31996.5
84.3,32050.5
84.4,32104.2
84.5,32158.2
84.6,32212.1
84.7,32266
84.8,32320.2
84.9,32374
85,32427.7
85.1,32481.4
85.2,32535.7
85.3,32590
85.4,32643.9
85.5,32698
85.6,32752.2
85.7,32805.9
85.8,32860
85.9,32914
86,32967.6
86.1,33021.5
86.2,33075.3
86.3,33129.1
86.4,33182.6
86.5,33236.3
86.6,33290
86.7,33343.3
86.8,33396.8
86.9,33450.4
87,33503.8
87.1,33557
87.2,33610.4
87.3,33663.7
87.4,33717
87.5,33770.3
87.6,33823.5
87.7,33876.6
87.8,33929.4
87.9,33982.5
88,34035.5
88.1,34088.2
88.2,34141.4
88.3,34194.3
88.4,34247.2
88.5,34299.6
88.6,34352.4
88.7,34405.1
88.8,34458.1
88.9,34510.3
89,34562.9
89.1,34615.4
89.2,34667.9
89.3,34720.3
89.4,34772.7
89.5,34825.4
89.6,34878.3
89.7,34931.2
89.8,34983.7
89.9,35036.2
90,35089
90.1,35141.7
90.2,35194.1
90.3,35246.3
90.4,35299.3
90.5,35351.5
90.6,35403.6
90.7,35456.1
90.8,35508.5
90.9,35560.5
91,35612.4
91.1,35665
91.2,35716.9
91.3,35769.1
91.4,35820.9
91.5,35873
91.6,35925
91.7,35976.6
91.8,36028.9
91.9,36080.5
92,36132
92.1,36183.8
92.2,36235.6
92.3,36287.3
92.4,36338.6
92.5,36390.6
92.6,36441.8
92.7,36493.3
92.8,36544.8
92.9,36596.2
93,36647.3
93.1,36698.6
93.2,36749.9
93.3,36801.2
93.4,36852.1
93.5,36903.6
93.6,36954.4
93.7,37005.4
93.8,37056.5
93.9,37107.5
94,37158.4
94.1,37209
94.2,37260.1
94.3,37310.6
94.4,37361.4
94.5,37412.4
94.6,37462.7
94.7,37513.4
94.8,37564.3
94.9,37614.5
95,37665
95.1,37715.7
95.2,37765.8
95.3,37816.1
95.4,37866.8
95.5,37917
95.6,37966.9
95.7,38017.4
95.8,38067.6
95.9,38117.6
96,38167.7
96.1,38217.7
96.2,38267.6
96.3,38317.9
96.4,38367.7
96.5,38417.2
96.6,38467.3
96.7,38517
96.8,38566.7
96.9,38616.7
97,38666.3
97.1,38715.8
97.2,38765.3
97.3,38814.8
97.4,38864.2
97.5,38913.9
97.6,38963.2
97.7,39012.5
97.8,39062.1
97.9,39111.3
98,39160.5
98.1,39209.9
98.2,39259
98.3,39308
98.4,39357.3
98.5,39406.2
98.6,39455.1
98.7,39504.3
98.8,39553.1
98.9,39602.2
99,39650.9
99.1,39699.6
99.2,39748.5
99.3,39797.5
99.4,39846
99.5,39894.8
99.6,39943.3
99.7,39991.7
99.8,40040.4
99.9,40088.7
100,40137.7
100.1,40185.9
100.2,40234.1
100.3,40282.6
100.4,40330.7
100.5,40379.1
100.6,40427.5
100.7,40475.4
100.8,40524.1
100.9,40572
101,40619.8
101.1,40667.9
101.2,40716
101.3,40763.8
101.4,40811.8
101.5,40859.8
101.6,40907.7
101.7,40955.6
101.8,41003.1
101.9,41050.9
102,41098.7
102.1,41146.1
102.2,41194.1
102.3,41241.4
102.4,41289.3
102.5,41336.5
102.6,41384
102.7,41431.5
102.8,41478.9
102.9,41526.3
103,41573.7
103.1,41620.6
103.2,41668.2
103.3,41715.1
103.4,41762.6
103.5,41809.8
103.6,41856.5
103.7,41903.9
103.8,41950.9
103.9,41997.9
104,42044.9
104.1,42092.1
104.2,42138.6
104.3,42185.4
104.4,42232.5
104.5,42278.9
104.6,42325.9
104.7,42372.6
104.8,42419.2
104.9,42466.1
105,42512.3
105.1,42559.1
105.2,42605.5
105.3,42652.3
105.4,42698.6
105.5,42745
105.6,42791.6
105.7,42837.5
105.8,42883.4
105.9,42929.2
106,42975
106.1,43020.8
106.2,43066.5
106.3,43112.2
106.4,43157.8
106.5,43203.1
106.6,43248.6
106.7,43294.2
106.8,43339.6
106.9,43385.1
107,43430.8
107.1,43476.2
107.2,43521.5
107.3,43566.8
107.4,43612.1
107.5,43657.3
107.6,43702.4
107.7,43747.6
107.8,43792.6
107.9,43837.7
108,43882.7
108.1,43928
108.2,43972.9
108.3,44017.8
108.4,44062.7
108.5,44107.9
108.6,44152.7
108.7,44197.4
108.8,44242.5
108.9,44287.1
109,44331.8
109.1,44376.3
109.2,44421.2
109.3,44465.8
109.4,44510.2
109.5,44555
109.6,44599.4
109.7,44644.1
109.8,44688.5
109.9,44733.1
110,44777.7
110.1,44821.9
110.2,44866.4
110.3,44909.9
110.4,44954
110.5,44997.8
110.6,45041.1
110.7,45085.2
110.8,45128.8
110.9,45172.4
111,45215.9
111.1,45259.8
111.2,45303.3
111.3,45346.4
111.4,45390.2
111.5,45433.5
111.6,45477.2
111.7,45520.6
111.8,45564.1
111.9,45607.4
112,45650.3
112.1,45693.8
112.2,45736.9
112.3,45780.3
112.4,45823.4
112.5,45866.8
112.6,45909.7
112.7,45953
112.8,45996
112.9,46038.8
113,46082.4
113.1,46125.2
113.2,46168.3
113.3,46211
113.4,46254.1
113.5,46296.7
113.6,46339
113.7,46381.7
113.8,46423.9
113.9,46466.1
114,46508.3
114.1,46550.8
114.2,46592.9
114.3,46634.6
114.4,46677
114.5,46719
114.6,46761
114.7,46803.2
114.8,46845.1
114.9,46887.3
115,46929.2
115.1,46971.3
115.2,47013.1
115.3,47055.2
115.4,47096.8
115.5,47138.9
115.6,47180.9
115.7,47222.4
115.8,47264.4
115.9,47305.9
116,47347.4
116.1,47389.2
116.2,47431
116.3,47472
116.4,47513.1
116.5,47554.5
116.6,47595.4
116.7,47636
116.8,47677.3
116.9,47718.2
117,47759.4
117.1,47800.2
117.2,47841.4
117.3,47882.1
117.4,47922.8
117.5,47963.9
117.6,48004.6
117.7,48045.5
117.8,48086.1
117.9,48127
118,48167.5
118.1,48208.4
118.2,48248.9
118.3,48289.3
118.4,48330.4
118.5,48370.8
118.6,48411.5
118.7,48451.5
118.8,48491.8
118.9,48531.4
119,48571.3
119.1,48611.5
119.2,48651.4
119.3,48691.2
119.4,48731.3
119.5,48771
119.6,48811.1
119.7,48850.8
119.8,48890.8
119.9,48930.5
120,48970.4
120.1,49010
120.2,49049.5
120.3,49089.4
120.4,49128.9
120.5,49168.7
120.6,49208.4
120.7,49247.8
120.8,49287.5
120.9,49326.6
121,49365.9
121.1,49404.5
121.2,49443.8
121.3,49482.7
121.4,49521.9
121.5,49560.8
121.6,49599.6
121.7,49638.7
121.8,49677.5
121.9,49716.5
122,49755.3
122.1,49793.9
122.2,49832.9
122.3,49871.5
122.4,49910.5
122.5,49949
122.6,49988.3
122.7,50026.8
122.8,50065.3
122.9,50103.4
123,50141.8
123.1,50179.9
123.2,50217.9
123.3,50256.3
123.4,50294.3
123.5,50332.6
123.6,50370.6
123.7,50408.5
123.8,50446.4
123.9,50484.6
124,50522.4
124.1,50560.6
124.2,50598.4
124.3,50636.5
124.4,50674.6
124.5,50712.3
124.6,50750.3
124.7,50788.3
124.8,50825.6
124.9,50862.9
125,50900.2
125.1,50937.4
125.2,50974.9
125.3,51012.1
125.4,51049.3
125.5,51086.8
125.6,51123.9
125.7,51160.9
125.8,51198.3
125.9,51235.4
126,51272.7
126.1,51309.7
126.2,51347
126.3,51384.3
126.4,51421.2
126.5,51457.7
126.6,51494.6
126.7,51531.1
126.8,51567.6
126.9,51604.4
127,51640.5
127.1,51677.3
127.2,51713.7
127.3,51750.4
127.4,51786.7
127.5,51823.4
127.6,51859.7
127.7,51896.3
127.8,51933
127.9,51968.8
128,52005.4
128.1,52041.9
128.2,52077.8
128.3,52113.5
128.4,52149.3
128.5,52185.5
128.6,52221.2
128.7,52256.9
128.8,52293
128.9,52328.7
129,52364.4
129.1,52400.3
129.2,52435.9
129.3,52471.5
129.4,52507.5
129.5,52543
129.6,52579.2
129.7,52614.7
129.8,52649.9
129.9,52685.4
130,52720.1
130.1,52755.3
130.2,52790.7
130.3,52825.8
130.4,52861.2
130.5,52896.2
130.6,52931.5
130.7,52966.1
130.8,53001.4
130.9,53036.7
131,53071.6
131.1,53106.9
131.2,53142.1
131.3,53176.6
131.4,53210.8
131.5,53245.6
131.6,53280.1
131.7,53314.5
131.8,53349.3
131.9,53383.7
132,53418.1
132.1,53452.9
132.2,53487.2
132.3,53521.5
132.4,53556.6
132.5,53590.8
132.6,53625.1
132.7,53659.7
132.8,53693.6
132.9,53727.5
133,53761.4
133.1,53795.6
133.2,53829.4
133.3,53863.3
133.4,53897.1
133.5,53931.2
133.6,53965
133.7,53999.1
133.8,54032.8
133.9,54066.6
134,54100.6
134.1,54134.6
134.2,54168
134.3,54201.3
134.4,54235
134.5,54268.3
134.6,54301.2
134.7,54335.2
134.8,54368.3
134.9,54401.6
135,54434.8
135.1,54468.3
135.2,54501.5
135.3,54534.7
135.4,54568.5
135.5,54601
135.6,54633.8
135.7,54666.9
135.8,54699.7
135.9,54732.3
136,54765.1
136.1,54798.1
136.2,54830.8
136.3,54863.8
136.4,54896.4
136.5,54929.1
136.6,54962.1
136.7,54995.1
136.8,55027.3
136.9,55059.6
137,55091.9
137.1,55124.4
137.2,55156.6
137.3,55188.8
137.4,55221
137.5,55253.5
137.6,55285.7
137.7,55317.8
137.8,55350.3
137.9,55382.8
138,55414.8
138.1,55446.9
138.2,55478.3
138.3,55510
138.4,55542.2
138.5,55573.8
138.6,55605.5
138.7,55637.6
138.8,55669.2
138.9,55700.9
139,55732.9
139.1,55764.8
139.2,55796.8
139.3,55827.7
139.4,55859
139.5,55890.3
139.6,55921.5
139.7,55953.1
139.8,55984.6
139.9,56015.8
140,56047
140.1,56078.5
140.2,56110.1
140.3,56141.2
140.4,56172.3
140.5,56203.5
140.6,56233.9
140.7,56265.1
140.8,56295.9
140.9,56327
141,56357.7
141.1,56388.4
141.2,56419.5
141.3,56450.2
141.4,56481.2
141.5,56512.3
141.6,56542.6
141.7,56573.3
141.8,56604
141.9,56634.3
142,56664.6
142.1,56694.9
142.2,56725.2
142.3,56755.5
142.4,56786.5
142.5,56816.7
142.6,56847.3
142.7,56877.5
142.8,56908.2
142.9,56938
143,56968.3
143.1,56997.8
143.2,57028.1
143.3,57057.9
143.4,57088.1
143.5,57117.9
143.6,57147.7
143.7,57178
143.8,57208.1
143.9,57237.9
144,57267.7
144.1,57297.6
144.2,57327
144.3,57356.4
144.4,57386.2
144.5,57415.7
144.6,57445
144.7,57474.8
144.8,57504.3
144.9,57534
145,57563.7
145.1,57592.8
145.2,57622.2
145.3,57651.2
145.4,57680.7
145.5,57709.6
145.6,57738.6
145.7,57768
145.8,57797
145.9,57826.4
146,57856.1
146.1,57885.1
146.2,57913.7
146.3,57942.4
146.4,57971.3
146.5,58000
146.6,58029
146.7,58057.6
146.8,58086.9
146.9,58115.5
147,58144.5
147.1,58173.4
147.2,58201.7
147.3,58230.3
147.4,58258.2
147.5,58286.8
147.6,58315
147.7,58344
147.8,58372.6
147.9,58400.8
148,58429.4
148.1,58457.9
148.2,58485.8
148.3,58513.7
148.4,58541.9
148.5,58569.8
148.6,58598.1
148.7,58626.2
148.8,58654
148.9,58682.3
149,58710.5
149.1,58738.7
149.2,58766.9
149.3,58794.8
149.4,58822.3
149.5,58850.2
149.6,58877.7
149.7,58905.5
149.8,58933.4
149.9,58961.1
150,58989
150.1,59016.9
150.2,59044.7
150.3,59071.9
150.4,59099.4
150.5,59126.8
150.6,59153.9
150.7,59181.4
150.8,59209
150.9,59236.5
151,59263.9
151.1,59291.4
151.2,59318.6
151.3,59345.7
151.4,59372.5
151.5,59399.7
151.6,59426.8
151.7,59454.1
151.8,59481.1
151.9,59507.9
152,59535.4
152.1,59562.5
152.2,59589.4
152.3,59616.3
152.4,59642.6
152.5,59669.5
152.6,59696.7
152.7,59723.5
152.8,59750.3
152.9,59777
153,59803.7
153.1,59830.3
153.2,59856.4
153.3,59883.3
153.4,59909.3
153.5,59936.2
153.6,59962.7
153.7,59989.2
153.8,60015.7
153.9,60042.2
154,60068.5
154.1,60094.7
154.2,60121.3
154.3,60147.5
154.4,60173.5
154.5,60199.7
154.6,60226.3
154.7,60251.9
154.8,60278.5
154.9,60304.6
155,60330.8
155.1,60356.7
155.2,60382.5
155.3,60408.7
155.4,60434.1
155.5,60460.1
155.6,60486.6
155.7,60512.4
155.8,60538.1
155.9,60563.8
156,60589.6
156.1,60615.2
156.2,60640.8
156.3,60666.2
156.4,60692.1
156.5,60717.9
156.6,60743.9
156.7,60769
156.8,60794.5
156.9,60820.2
157,60845.4
157.1,60870.9
157.2,60896.3
157.3,60921.4
157.4,60947
157.5,60972.7
157.6,60998.1
157.7,61023.5
157.8,61048
157.9,61073.3
158,61098.5
158.1,61124
158.2,61148.8
158.3,61174
158.4,61199.5
158.5,61224
158.6,61248.9
158.7,61274
158.8,61299
158.9,61323.6
159,61348.7
159.1,61373.6
159.2,61398.6
159.3,61423.7
159.4,61448.3
159.5,61472.6
159.6,61497.3
159.7,61522.5
159.8,61546.8
159.9,61571.4
160,61596.6
160.1,61620.9
160.2,61645.7
160.3,61669.7
160.4,61694.1
160.5,61718.5
160.6,61742.9
160.7,61767.4
160.8,61792.2
160.9,61816.7
161,61841.5
161.1,61865.7
161.2,61889.3
161.3,61914
161.4,61937.6
161.5,61962.1
161.6,61986.7
161.7,62010.9
161.8,62035.5
161.9,62059.5
162,62083.2
162.1,62107
162.2,62130.9
162.3,62155.6
162.4,62179.5
162.5,62203.8
162.6,62227.5
162.7,62251.3
162.8,62275.2
162.9,62299.1
163,62322.8
163.1,62346.8
163.2,62370.3
163.3,62394.3
163.4,62418.4
163.5,62442.1
163.6,62465.5
163.7,62489.2
163.8,62512.5
163.9,62536.3
164,62560
164.1,62583.7
164.2,62607.6
164.3,62630.5
164.4,62654.1
164.5,62677.4
164.6,62700.9
164.7,62724.9
164.8,62748
164.9,62771.8
165,62795.3
165.1,62818.5
165.2,62841.7
165.3,62865
165.4,62888.1
165.5,62911.3
165.6,62934.5
165.7,62958.2
165.8,62981.4
165.9,63004.5
166,63027.7
166.1,63050.7
166.2,63073.8
166.3,63096.7
166.4,63120.4
166.5,63143.4
166.6,63166.8
166.7,63189.5
166.8,63212.6
166.9,63235.3
167,63258.1
167.1,63281.1
167.2,63304.3
167.3,63327.5
167.4,63350.3
167.5,63372.7
167.6,63395.6
167.7,63418.6
167.8,63440.9
167.9,63464.3
168,63487.2
168.1,63509.9
168.2,63532.4
168.3,63554.9
168.4,63578.1
168.5,63600.6
168.6,63623.1
168.7,63645.9
168.8,63668.5
168.9,63691.2
169,63713.4
169.1,63735.6
169.2,63758.5
169.3,63780.9
169.4,63803.6
169.5,63826.5
169.6,63849
169.7,63871
169.8,63893.7
169.9,63916.2
170,63938
170.1,63960.5
170.2,63983.2
170.3,64005.7
170.4,64028.1
170.5,64050
170.6,64072.3
170.7,64094.8
170.8,64117.1
170.9,64139.4
171,64161.8
171.1,64183.8
171.2,64205.5
171.3,64228.1
171.4,64250.1
171.5,64272.3
171.6,64294.5
171.7,64316.9
171.8,64338.4
171.9,64360.3
172,64382.8
172.1,64404.6
172.2,64426.8
172.3,64448.8
172.4,64471.1
172.5,64492.8
172.6,64514.8
172.7,64536.6
172.8,64558.3
172.9,64580.3
173,64602.8
173.1,64624.5
173.2,64646.3
173.3,64668.1
173.4,64689.7
173.5,64711.5
173.6,64733.3
173.7,64755.3
173.8,64777.2
173.9,64798.8
174,64820.9
174.1,64842.1
174.2,64864.4
174.3,64885.9
174.4,64907.6
174.5,64929.7
174.6,64951.1
174.7,64973.1
174.8,64994.5
174.9,65016
175,65037.6
175.1,65059.6
175.2,65081
175.3,65102.7
175.4,65124.5
175.5,65145.9
175.6,65167.7
175.7,65189.1
175.8,65211.1
175.9,65232.8
176,65253.9
176.1,65275
176.2,65297.5
176.3,65319.2
176.4,65340.5
176.5,65362.4
176.6,65383.9
176.7,65405.2
176.8,65426.8
176.9,65448.1
177,65469.8
177.1,65491.2
177.2,65513.2
177.3,65534.3
177.4,65555.9
177.5,65576.8
177.6,65597.9
177.7,65619.5
177.8,65641.5
177.9,65662.9
178,65684.1
178.1,65705.4
178.2,65727.3
178.3,65748.4
178.4,65770.2
178.5,65791.5
178.6,65812.6
178.7,65834.2
178.8,65855.4
178.9,65876.7
179,65898.4
179.1,65919.6
179.2,65941.2
179.3,65962.4
179.4,65983.4
179.5,66004.7
179.6,66026.3
179.7,66047.5
179.8,66069.5
179.9,66090.1
180,66111.7
180.1,66132.7
180.2,66154.1
180.3,66175.6
180.4,66197.3
180.5,66218.4
180.6,66240.1
180.7,66260.7
180.8,66282.5
180.9,66303.6
181,66325.1
181.1,66346.7
181.2,66367.8
181.3,66389.2
181.4,66410.4
181.5,66431.7
181.6,66453.3
181.7,66474.7
181.8,66495.7
181.9,66516.9
182,66538.2
182.1,66559.8
182.2,66581
182.3,66602.6
182.4,66624
182.5,66645.1
182.6,66666.6
182.7,66687.3
182.8,66709.3
182.9,66730.6
183,66752.2
183.1,66773.8
183.2,66795
183.3,66816
183.4,66837.8
183.5,66858.9
183.6,66881.1
183.7,66902.2
183.8,66923.7
183.9,66944.5
184,66966.2
184.1,66988.1
184.2,67009.2
184.3,67030.9
184.4,67052
184.5,67073.7
184.6,67095.3
184.7,67116.7
184.8,67138.5
184.9,67160
185,67181.1
185.1,67202.7
185.2,67224
185.3,67245.6
185.4,67268
185.5,67289.5
185.6,67311
185.7,67332.4
185.8,67353.9
185.9,67375.9
186,67397.9
186.1,67418.8
186.2,67440.5
186.3,67462.6
186.4,67484.1
186.5,67505.8
186.6,67527.9
186.7,67549.6
186.8,67571.2
186.9,67592.8
187,67614.9
187.1,67636.5
187.2,67658.4
187.3,67679.9
187.4,67701.5
187.5,67723.7
187.6,67745.5
187.7,67767.8
187.8,67789.6
187.9,67811.4
188,67833.7
188.1,67855.2
188.2,67876.9
188.3,67899.4
188.4,67921.4
188.5,67943.2
188.6,67965.1
188.7,67987.9
188.8,68009.9
188.9,68032.4
189,68054.4
189.1,68076.6
189.2,68098.9
189.3,68121.3
189.4,68143.9
189.5,68165.7
189.6,68188.5
189.7,68210.4
189.8,68232.9
189.9,68255.3
190,68278.1
190.1,68300.2
190.2,68322.7
190.3,68345.1
190.4,68367.9
190.5,68390.8
190.6,68413.2
190.7,68435.5
190.8,68458.6
190.9,68481
191,68503.8
191.1,68526.8
191.2,68549.8
191.3,68572.4
191.4,68595.7
191.5,68618.3
191.6,68641.5
191.7,68664
191.8,68687.3
191.9,68710.2
192,68733.6
192.1,68757
192.2,68780.1
192.3,68803.1
192.4,68826.7
192.5,68849.7
192.6,68873
192.7,68897.1
192.8,68920.2
192.9,68943.5
193,68967.4
193.1,68990.7
193.2,69014.7
193.3,69038.5
193.4,69061.9
193.5,69085.6
193.6,69109.5
193.7,69134
193.8,69158.2
193.9,69181.9
194,69205.6
194.1,69229.8
194.2,69254.7
194.3,69278.4
194.4,69302.2
194.5,69327.4
194.6,69351.1
194.7,69376
194.8,69400.6
194.9,69424.5
195,69448.8
195.1,69473.8
195.2,69498.7
195.3,69523.7
195.4,69548.6
195.5,69573.4
195.6,69598.5
195.7,69623.9
195.8,69648.6
195.9,69674.9
196,69699.7
196.1,69724.2
196.2,69749.9
196.3,69776
196.4,69801.4
196.5,69827.2
196.6,69852.8
196.7,69878.2
196.8,69904.8
196.9,69931
197,69956.8
197.1,69982.8
197.2,70009.1
197.3,70035.5
197.4,70062.3
197.5,70088
197.6,70114.8
197.7,70141.8
197.8,70168.2
197.9,70195.7
198,70221.9
198.1,70249.2
198.2,70276.8
198.3,70304
198.4,70330.6
198.5,70358.3
198.6,70385.8
198.7,70413.4
198.8,70441.3
198.9,70469.3
199,70497
199.1,70524.2
199.2,70553
199.3,70582.5
199.4,70610.4
199.5,70639.1
199.6,70667.3
199.7,70695.6
199.8,70724.5
199.9,70753.8
200,70783.1
200.1,70812.3
200.2,70841.6
200.3,70871.2
200.4,70901.5
200.5,70931.3
200.6,70960.8
200.7,70990.4
200.8,71021
200.9,71052.3
201,71082.2
201.1,71112.5
201.2,71143.4
201.3,71174.5
201.4,71205.8
201.5,71236.4
201.6,71268.5
201.7,71300.2
201.8,71331.7
201.9,71363.5
202,71395
202.1,71427.5
202.2,71460.2
202.3,71493.3
202.4,71525
202.5,71559.3
202.6,71591.3
202.7,71625.1
202.8,71658.4
202.9,71691.6
203,71725.8
203.1,71760.2
203.2,71794.9
203.3,71828.6
203.4,71862.6
203.5,71898.8
203.6,71933.2
203.7,71969.1
203.8,72005
203.9,72040.8
204,72078.2
204.1,72114.4
204.2,72149.3
204.3,72187.2
204.4,72223.2
204.5,72259.7
204.6,72299
204.7,72336.9
204.8,72373.5
204.9,72411.8
205,72451.4
205.1,72490.6
205.2,72527.8
205.3,72568.9
205.4,72608.5
205.5,72648.9
205.6,72689
205.7,72729.6
205.8,72770.7
205.9,72811.3
206,72853.8
206.1,72895.3
206.2,72936.2
206.3,72979.6
206.4,73024
206.5,73066.6
206.6,73109.6
206.7,73154.6
206.8,73200
206.9,73242.5
207,73289.2
207.1,73334.4
207.2,73381.5
207.3,73427.3
207.4,73473.9
207.5,73521
207.6,73568.6
207.7,73618.1
207.8,73666.3
207.9,73714.6
208,73765.4
208.1,73814.9
208.2,73865.5
208.3,73916.6
208.4,73968.1
208.5,74022.1
208.6,74072.4
208.7,74126.4
208.8,74180.3
208.9,74234
209,74290.1
209.1,74345.5
209.2,74401.7
209.3,74459.2
209.4,74515.8
209.5,74574.3
209.6,74632.8
209.7,74691.2
209.8,74753
209.9,74814
210,74875.7
210.1,74938.1
210.2,75001.9
210.3,75065.6
210.4,75129.9
210.5,75195.7
210.6,75262.2
210.7,75327.6
210.8,75397.4
210.9,75464.4
211,75536.2
211.1,75606.8
211.2,75679.2
211.3,75751.9
211.4,75825.3
211.5,75901.2
211.6,75974.7
211.7,76053.1
211.8,76131.4
211.9,76209.9
212,76290.2
212.1,76372.6
212.2,76455.6
212.3,76540.1
212.4,76626
212.5,76714.4
212.6,76803.2
212.7,76892
212.8,76983.1
212.9,77076.2
213,77170.2
213.1,77266
213.2,77365.2
213.3,77464.8
213.4,77566.3
213.5,77669.1
213.6,77774.4
213.7,77880.5
213.8,77990
213.9,78102.5
214,78213.9
214.1,78329.7
214.2,78448
214.3,78569.5
214.4,78690.5
214.5,78816.4
214.6,78944.3
214.7,79075.4
214.8,79205.6
214.9,79344.3
215,79481.7
215.1,79622.8
215.2,79769.6
215.3,79920.4
215.4,80071.6
215.5,80226.3
215.6,80386.1
215.7,80552.1
215.8,80719.6
215.9,80891.5
216,81069.7
216.1,81249.1
216.2,81434.4
216.3,81626.6
216.4,81823.9
216.5,82024.3
216.6,82227.9
216.7,82444
216.8,82663.3
216.9,82889.3
217,83120.5
217.1,83360
217.2,83609.8
217.3,83864.6
217.4,84128.5
217.5,84401.3
217.6,84683.5
217.7,84974.6
217.8,85275.4
217.9,85586.4
218,85914.9
218.1,86246.9
218.2,86594.3
218.3,86959.2
218.4,87335.4
218.5,87727.1
218.6,88136.7
218.7,88561
218.8,89003.1
218.9,89467.1
219,89951.1
219.1,90460.1
219.2,90986.5
219.3,91548.6
219.4,92133.2
219.5,92744.3
219.6,93398.1
219.7,94079.8
219.8,94794.9
219.9,95564.6
220,96369.8
220.1,97220.2
220.2,98136.9
220.3,99107.5
220.4,100137
220.5,101247
220.6,102432
220.7,103706
220.8,105068
220.9,106549
221,108158
221.1,109900
221.2,111799
221.3,113866
221.4,116145
221.5,118658
221.6,121418
221.7,124512
221.8,127946
221.9,131802
222,136163
222.1,141098
222.2,146730
222.3,153188
222.4,160637
222.5,169258
222.6,179316
222.7,191039
222.8,204715
222.9,220706
223,239293
223.1,260754
223.2,285265
223.3,312906
223.4,343707
223.5,377513
223.6,414107
223.7,453284
223.8,494822
223.9,538462
224,584002
224.1,584014
224.2,584009
224.3,584009
224.4,584012
224.5,584009
224.6,584014
224.7,584019
224.8,584016
224.9,584000
225,584002
225.1,584017
225.2,584014
225.3,584013
225.4,584002
225.5,584020
225.6,584017
225.7,584013
225.8,584006
225.9,584016
226,584028
226.1,584019
226.2,584021
226.3,584010
226.4,584010
226.5,584006
226.6,584027
226.7,583999
226.8,584023
226.9,584004
227,584024
227.1,584005
227.2,584019
227.3,584011
227.4,584016
227.5,584005
227.6,584015
227.7,584011
227.8,584016
227.9,584012
228,584015
228.1,584006
228.2,584011
228.3,584007
228.4,584001
228.5,584019
228.6,584010
228.7,584012
228.8,584017
228.9,584016
229,584014
229.1,584020
229.2,584016
229.3,584024
229.4,584023
229.5,584004
229.6,584017
229.7,584024
229.8,584023
229.9,584003
230,584003
230.1,584010
230.2,584025
230.3,584016
230.4,584013
230.5,584028
230.6,584022
230.7,584013
230.8,584023
230.9,584011
231,584010
231.1,584008
231.2,584022
231.3,584010
231.4,584009
231.5,584011
231.6,584016
231.7,583996
231.8,584011
231.9,584010
232,584018
232.1,584022
232.2,584000
232.3,584015
232.4,584014
232.5,584011
232.6,584026
232.7,584020
232.8,584008
232.9,584002
233,584011
233.1,584003
233.2,584002
233.3,584006
233.4,584007
233.5,584015
233.6,584014
233.7,584021
233.8,584022
233.9,584007
234,584009
234.1,584014
234.2,584019
234.3,583996
234.4,584011
234.5,584013
234.6,584026
234.7,584025
234.8,584026
234.9,584017
235,584016
235.1,584018
235.2,584019
235.3,584016
235.4,584015
235.5,583995
235.6,584018
235.7,584009
235.8,584008
235.9,584026
236,584021
236.1,584018
236.2,584011
236.3,583997
236.4,584020
236.5,584022
236.6,584021
236.7,584008
236.8,584010
236.9,584002
237,584003
237.1,584023
237.2,584019
237.3,584002
237.4,584018
237.5,584017
237.6,584020
237.7,584022
237.8,584005
237.9,584026
238,584000
238.1,584017
238.2,584016
238.3,584007
238.4,584009
238.5,584017
238.6,584018
238.7,584018
238.8,584013
238.9,584010
239,584011
239.1,584010
239.2,584014
239.3,584005
239.4,584022
239.5,584006
239.6,584023
239.7,584016
239.8,584026
239.9,584019
240,584010
240.1,584022
240.2,584021
240.3,584022
240.4,584008
240.5,584012
240.6,584013
240.7,584027
240.8,584021
240.9,584008
241,584018
241.1,584020
241.2,584005
241.3,584022
241.4,584018
241.5,584014
241.6,584014
241.7,584001
241.8,584018
241.9,584014
242,584005
242.1,584020
242.2,584021
242.3,584017
242.4,584007
242.5,584022
242.6,584013
242.7,584013
242.8,584010
242.9,584016
243,584020
243.1,584008
243.2,584002
243.3,584009
243.4,584020
243.5,584016
243.6,584026
243.7,584011
243.8,584023
243.9,584018
244,584014
244.1,584024
244.2,584020
244.3,584015
244.4,584016
244.5,584018
244.6,584008
244.7,584012
244.8,584013
244.9,584008
245,584023
245.1,584006
245.2,584015
245.3,584019
245.4,584020
245.5,584024
245.6,584020
245.7,584021
245.8,584015
245.9,584021
246,584016
246.1,584020
246.2,584011
246.3,584010
246.4,584005
246.5,584025
246.6,584017
246.7,584016
246.8,584034
246.9,584015
247,584024
247.1,584014
247.2,584018
247.3,584014
247.4,584027
247.5,584025
247.6,584023
247.7,584011
247.8,584022
247.9,584024
248,584022
248.1,584026
248.2,584021
248.3,584015
248.4,584019
248.5,584008
248.6,584028
248.7,584013
248.8,584011
248.9,584018
249,584029
249.1,584014
249.2,584020
249.3,584018
249.4,584022
249.5,584019
249.6,584024
249.7,584014
249.8,584018
249.9,584020
250,584023
250.1,584029
250.2,584009
250.3,584012
250.4,584014
250.5,584028
250.6,584018
250.7,584013
250.8,584017
250.9,584023
251,584022
251.1,584017
251.2,584017
251.3,584026
251.4,584024
251.5,584012
251.6,584016
251.7,584022
251.8,584012
251.9,584034
252,584027
252.1,584021
252.2,584029
252.3,584016
252.4,584020
252.5,584021
252.6,584022
252.7,584025
252.8,584023
252.9,584016
253,584016
253.1,584023
253.2,584018
253.3,584030
253.4,584038
253.5,584020
253.6,584016
253.7,584022
253.8,584028
253.9,584018
254,584016
254.1,584019
254.2,584020
254.3,584018
254.4,584030
254.5,584019
254.6,584020
254.7,584019
254.8,584024
254.9,584014
255,584017
255.1,584016
255.2,584030
255.3,584019
255.4,584015
255.5,584020
255.6,584021
255.7,584020
255.8,584023
255.9,584015
256,584021
256.1,584027
256.2,584025
256.3,584023
256.4,584024
256.5,584013
256.6,584027
256.7,584028
256.8,584018
256.9,584016
257,584021
257.1,584025
257.2,584025
257.3,584018
257.4,584029
257.5,584027
257.6,584017
257.7,584025
257.8,584031
257.9,584014
258,584027
258.1,584019
258.2,584025
258.3,584031
258.4,584016
258.5,584030
258.6,584030
258.7,584028
258.8,584028
258.9,584005
259,584027
259.1,584024
259.2,584024
259.3,584012
259.4,584034
259.5,584015
259.6,584020
259.7,584021
259.8,584027
259.9,584027
260,584010
260.1,584017
260.2,584018
260.3,584024
260.4,584014
260.5,584025
260.6,584017
260.7,584030
260.8,584025
260.9,584020
261,584029
261.1,584021
261.2,584019
261.3,584021
261.4,584030
261.5,584031
261.6,584020
261.7,584017
261.8,584026
261.9,584026
262,584019
262.1,584030
262.2,584032
262.3,584016
262.4,584017
262.5,584031
262.6,584031
262.7,584018
262.8,584031
262.9,584023
263,584024
263.1,584032
263.2,584019
263.3,584016
263.4,584032
263.5,584027
263.6,584027
263.7,584033
263.8,584017
263.9,584020
264,584025
264.1,584025
264.2,584034
264.3,584029
264.4,584029
264.5,584026
264.6,584027
264.7,584030
264.8,584029
264.9,584030
265,584027
265.1,584030
265.2,584025
265.3,584024
265.4,584025
265.5,584027
265.6,584022
265.7,584030
265.8,584027
265.9,584027
266,584022
266.1,584032
266.2,584025
266.3,584028
266.4,584025
266.5,584028
266.6,584025
266.7,584034
266.8,584023
266.9,584014
267,584030
267.1,584022
267.2,584033
267.3,584028
267.4,584014
267.5,584027
267.6,584041
267.7,584035
267.8,584028
267.9,584036
268,584019
268.1,584028
268.2,584025
268.3,584025
268.4,584047
268.5,584027
268.6,584038
268.7,584030
268.8,584022
268.9,584041
269,584027
269.1,584030
269.2,584029
269.3,584032
269.4,584026
269.5,584028
269.6,584028
269.7,584025
269.8,584020
269.9,584020
270,584031
270.1,584031
270.2,584033
270.3,584028
270.4,584030
270.5,584022
270.6,584032
270.7,584035
270.8,584029
270.9,584021
271,584034
271.1,584013
271.2,584036
271.3,584031
271.4,584033
271.5,584030
271.6,584024
271.7,584024
271.8,584023
271.9,584026
272,584026
272.1,584023
272.2,584036
272.3,584027
272.4,584035
272.5,584030
272.6,584025
272.7,584035
272.8,584045
272.9,584040
273,584034
273.1,584015
273.2,584033
273.3,584035
273.4,584029
273.5,584026
273.6,584037
273.7,584018
273.8,584033
273.9,584030
274,584035
274.1,584032
274.2,584019
274.3,584034
274.4,584031
274.5,584028
274.6,584044
274.7,584030
274.8,584035
274.9,584031
275,584034
275.1,584041
275.2,584041
275.3,584037
275.4,584032
275.5,584026
275.6,584022
275.7,584035
275.8,584038
275.9,584026
276,584018
276.1,584031
276.2,584041
276.3,584031
276.4,584030
276.5,584037
276.6,584033
276.7,584044
276.8,584030
276.9,584043
277,584024
277.1,584041
277.2,584043
277.3,584027
277.4,584031
277.5,584028
277.6,584030
277.7,584029
277.8,584026
277.9,584036
278,584033
278.1,584035
278.2,584032
278.3,584036
278.4,584026
278.5,584019
278.6,584031
278.7,584036
278.8,584038
278.9,584035
279,584026
279.1,584022
279.2,584033
279.3,584029
279.4,584029
279.5,584033
279.6,584030
279.7,584040
279.8,584039
279.9,584027
280,584035
280.1,584037
280.2,584033
280.3,584030
280.4,584029
280.5,584039
280.6,584025
280.7,584027
280.8,584031
280.9,584033
281,584038
281.1,584037
281.2,584033
281.3,584030
281.4,584034
281.5,584041
281.6,584024
281.7,584032
281.8,584033
281.9,584030
282,584035
282.1,584025
282.2,584030
282.3,584032
282.4,584036
282.5,584035
282.6,584040
282.7,584036
282.8,584026
282.9,584034
283,584022
283.1,584035
283.2,584034
283.3,584033
283.4,584029
283.5,584036
283.6,584035
283.7,584037
283.8,584042
283.9,584038
284,584018
284.1,584041
284.2,584025
284.3,584037
284.4,584041
284.5,584040
284.6,584039
284.7,584019
284.8,584039
284.9,584032
285,584031
285.1,584028
285.2,584040
285.3,584042
285.4,584041
285.5,584028
285.6,584014
285.7,584032
285.8,584026
285.9,584029
286,584029
286.1,584025
286.2,584037
286.3,584039
286.4,584043
286.5,584025
286.6,584032
286.7,584025
286.8,584030
286.9,584042
287,584028
287.1,584034
287.2,584033
287.3,584040
287.4,584037
287.5,584043
287.6,584026
287.7,584041
287.8,584037
287.9,584030
288,584037
288.1,584027
288.2,584039
288.3,584038
288.4,584031
288.5,584039
288.6,584043
288.7,584036
288.8,584029
288.9,584028
289,584035
289.1,584031
289.2,584045
289.3,584036
289.4,584043
289.5,584031
289.6,584040
289.7,584033
289.8,584040
289.9,584044
290,584037
290.1,584038
290.2,584029
290.3,584044
290.4,584034
290.5,584035
290.6,584037
290.7,584049
290.8,584031
290.9,584024
291,584031
291.1,584022
291.2,584029
291.3,584035
291.4,584028
291.5,584043
291.6,584031
291.7,584034
291.8,584033
291.9,584042
292,584041
292.1,584050
292.2,584049
292.3,584028
292.4,584031
292.5,584046
292.6,584039
292.7,584039
292.8,584047
292.9,584037
293,584023
293.1,584040
293.2,584046
293.3,584029
293.4,584022
293.5,584036
293.6,584045
293.7,584028
293.8,584032
293.9,584033
294,584026
294.1,584029
294.2,584036
294.3,584031
294.4,584038
294.5,584031
294.6,584037
294.7,584030
294.8,584039
294.9,584037
295,584030
295.1,584047
295.2,584027
295.3,584042
295.4,584040
295.5,584043
295.6,584035
295.7,584045
295.8,584021
295.9,584045
296,584037
296.1,584045
296.2,584036
296.3,584051
296.4,584046
296.5,584039
296.6,584031
296.7,584032
296.8,584033
296.9,584042
297,584035
297.1,584052
297.2,584023
297.3,584048
297.4,584043
297.5,584048
297.6,584040
297.7,584035
297.8,584033
297.9,584042
298,584035
298.1,584044
298.2,584039
298.3,584040
298.4,584041
298.5,584034
298.6,584029
298.7,584045
298.8,584035
298.9,584049
299,584034
299.1,584036
299.2,584039
299.3,584036
299.4,584040
299.5,584041
299.6,584042
299.7,584048
299.8,584037
299.9,584041
300,584034
300.1,584043
300.2,584043
300.3,584038
300.4,584054
300.5,584047
300.6,584037
300.7,584033
300.8,584033
300.9,584042
301,584042
301.1,584038
301.2,584038
301.3,584042
301.4,584042
301.5,584043
301.6,584041
301.7,584047
301.8,584033
301.9,584045
302,584040
302.1,584035
302.2,584049
302.3,584039
302.4,584036
302.5,584037
302.6,584038
302.7,584038
302.8,584044
302.9,584047
303,584040
303.1,584040
303.2,584043
303.3,584046
303.4,584049
303.5,584042
303.6,584047
303.7,584042
303.8,584043
303.9,584051
304,584035
304.1,584030
304.2,584046
304.3,584042
304.4,584037
304.5,584037
304.6,584035
304.7,584038
304.8,584038
304.9,584044
305,584039
305.1,584058
305.2,584042
305.3,584040
305.4,584037
305.5,584053
305.6,584048
305.7,584032
305.8,584046
305.9,584033
306,584050
306.1,584041
306.2,584039
306.3,584042
306.4,584045
306.5,584040
306.6,584037
306.7,584032
306.8,584051
306.9,584062
307,584044
307.1,584049
307.2,584038
307.3,584046
307.4,584054
307.5,584022
307.6,584039
307.7,584044
307.8,584052
307.9,584050
308,584047
308.1,584034
308.2,584037
308.3,584050
308.4,584045
308.5,584042
308.6,584037
308.7,584037
308.8,584042
308.9,584039
309,584047
309.1,584035
309.2,584049
309.3,584050
309.4,584048
309.5,584043
309.6,584040
309.7,584043
309.8,584040
309.9,584035
310,584048
310.1,584048
310.2,584050
310.3,584048
310.4,584040
310.5,584045
310.6,584042
310.7,584037
310.8,584048
310.9,584047
311,584041
311.1,584031
311.2,584034
311.3,584048
311.4,584044
311.5,584041
311.6,584046
311.7,584043
311.8,584033
311.9,584043
312,584035
312.1,584043
312.2,584034
312.3,584045
312.4,584050
312.5,584053
312.6,584052
312.7,584042
312.8,584047
312.9,584058
313,584041
313.1,584046
313.2,584048
313.3,584037
313.4,584056
313.5,584040
313.6,584044
313.7,584033
313.8,584036
313.9,584049
314,584041
314.1,584043
314.2,584040
314.3,584040
314.4,584037
314.5,584050
314.6,584047
314.7,584055
314.8,584041
314.9,584046
315,584057
315.1,584050
315.2,584042
315.3,584041
315.4,584038
315.5,584049
315.6,584043
315.7,584048
315.8,584042
315.9,584047
316,584047
316.1,584046
316.2,584037
316.3,584048
316.4,584042
316.5,584044
316.6,584041
316.7,584046
316.8,584034
316.9,584063
317,584038
317.1,584043
317.2,584041
317.3,584048
317.4,584039
317.5,584039
317.6,584049
317.7,584051
317.8,584050
317.9,584036
318,584047
318.1,584051
318.2,584043
318.3,584034
318.4,584038
318.5,584035
318.6,584034
318.7,584042
318.8,584034
318.9,584038
319,584053
319.1,584028
319.2,584052
319.3,584038
319.4,584043
319.5,584037
319.6,584057
319.7,584056
319.8,584045
319.9,584039
320,584044
320.1,584043
320.2,584048
320.3,584047
320.4,584041
320.5,584056
320.6,584045
320.7,584055
320.8,584041
320.9,584040
321,584039
321.1,584044
321.2,584043
321.3,584034
321.4,584049
321.5,584046
321.6,584045
321.7,584047
321.8,584053
321.9,584034
322,584042
322.1,584033
322.2,584040
322.3,584039
322.4,584049
322.5,584046
322.6,584050
322.7,584043
322.8,584048
322.9,584030
323,584040
323.1,584048
323.2,584044
323.3,584043
323.4,584042
323.5,584057
323.6,584048
323.7,584053
323.8,584046
323.9,584045
324,584044
324.1,584041
324.2,584050
324.3,584036
324.4,584042
324.5,584049
324.6,584051
324.7,584053
324.8,584047
324.9,584045
325,584058
325.1,584051
325.2,584059
325.3,584052
325.4,584056
325.5,584050
325.6,584043
325.7,584064
325.8,584049
325.9,584050
326,584049
326.1,584043
326.2,584049
326.3,584048
326.4,584042
326.5,584040
326.6,584047
326.7,584054
326.8,584048
326.9,584041
327,584056
327.1,584054
327.2,584056
327.3,584036
327.4,584042
327.5,584041
327.6,584040
327.7,584046
327.8,584040
327.9,584042
328,584046
328.1,584055
328.2,584043
328.3,584042
328.4,584043
328.5,584044
328.6,584053
328.7,584051
328.8,584042
328.9,584044
329,584054
329.1,584047
329.2,584045
329.3,584052
329.4,584040
329.5,584041
329.6,584053
329.7,584046
329.8,584047
329.9,584052
330,584042
330.1,584051
330.2,584050
330.3,584042
330.4,584044
330.5,584050
330.6,584052
330.7,584053
330.8,584033
330.9,584047
331,584054
331.1,584050
331.2,584051
331.3,584043
331.4,584045
331.5,584049
331.6,584039
331.7,584040
331.8,584041
331.9,584047
332,584040
332.1,584042
332.2,584043
332.3,584052
332.4,584039
332.5,584048
332.6,584041
332.7,584043
332.8,584046
332.9,584050
333,584045
333.1,584052
333.2,584045
333.3,584048
333.4,584041
333.5,584058
333.6,584035
333.7,584038
333.8,584048
333.9,584049
334,584052
334.1,584042
334.2,584038
334.3,584047
334.4,584039
334.5,584056
334.6,584027
334.7,584058
334.8,584062
334.9,584039
335,584042
335.1,584059
335.2,584038
335.3,584039
335.4,584054
335.5,584035
335.6,584044
335.7,584045
335.8,584051
335.9,584047
336,584037
336.1,584053
336.2,584043
336.3,584063
336.4,584053
336.5,584041
336.6,584033
336.7,584063
336.8,584058
336.9,584062
337,584047
337.1,584047
337.2,584050
337.3,584038
337.4,584054
337.5,584042
337.6,584045
337.7,584041
337.8,584041
337.9,584045
338,584051
338.1,584049
338.2,584049
338.3,584044
338.4,584045
338.5,584048
338.6,584052
338.7,584062
338.8,584047
338.9,584037
339,584048
339.1,584051
339.2,584044
339.3,584053
339.4,584048
339.5,584053
339.6,584046
339.7,584047
339.8,584044
339.9,584048
340,584064
340.1,584051
340.2,584041
340.3,584060
340.4,584046
340.5,584055
340.6,584058
340.7,584053
340.8,584056
340.9,584035
341,584054
341.1,584042
341.2,584047
341.3,584040
341.4,584050
341.5,584043
341.6,584062
341.7,584036
341.8,584044
341.9,584055
342,584037
342.1,584048
342.2,584064
342.3,584043
342.4,584052
342.5,584043
342.6,584048
342.7,584041
342.8,584036
342.9,584048
343,584058
343.1,584061
343.2,584055
343.3,584051
343.4,584048
343.5,584051
343.6,584046
343.7,584059
343.8,584048
343.9,584044
344,584047
344.1,584055
344.2,584044
344.3,584063
344.4,584041
344.5,584053
344.6,584053
344.7,584056
344.8,584050
344.9,584051
345,584050
345.1,584056
345.2,584045
345.3,584061
345.4,584048
345.5,584045
345.6,584051
345.7,584045
345.8,584061
345.9,584051
346,584058
346.1,584040
346.2,584048
346.3,584043
346.4,584053
346.5,584050
346.6,584053
346.7,584056
346.8,584048
346.9,584058
347,584047
347.1,584055
347.2,584039
347.3,584053
347.4,584050
347.5,584052
347.6,584047
347.7,584052
347.8,584063
347.9,584052
348,584055
348.1,584054
348.2,584052
348.3,584054
348.4,584057
348.5,584040
348.6,584053
348.7,584050
348.8,584061
348.9,584056
349,584053
349.1,584044
349.2,584047
349.3,584057
349.4,584054
349.5,584054
349.6,584064
349.7,584053
349.8,584058
349.9,584050
350,584063
350.1,584052
350.2,584046
350.3,584051
350.4,584057
350.5,584038
350.6,584056
350.7,584055
350.8,584060
350.9,584049
351,584054
351.1,584056
351.2,584061
351.3,584052
351.4,584050
351.5,584065
351.6,584044
351.7,584056
351.8,584045
351.9,584055
352,584055
352.1,584055
352.2,584051
352.3,584048
352.4,584050
352.5,584055
352.6,584049
352.7,584062
352.8,584056
352.9,584053
353,584060
353.1,584057
353.2,584046
353.3,584059
353.4,584048
353.5,584060
353.6,584044
353.7,584054
353.8,584053
353.9,584058
354,584049
354.1,584059
354.2,584067
354.3,584058
354.4,584049
354.5,584051
354.6,584064
354.7,584047
354.8,584068
354.9,584064
355,584045
355.1,584060
355.2,584059
355.3,584056
355.4,584063
355.5,584060
355.6,584054
355.7,584061
355.8,584063
355.9,584052
356,584058
356.1,584058
356.2,584062
356.3,584067
356.4,584058
356.5,584059
356.6,584056
356.7,584060
356.8,584057
356.9,584048
357,584063
357.1,584060
357.2,584064
357.3,584055
357.4,584057
357.5,584067
357.6,584058
357.7,584059
357.8,584055
357.9,584057
358,584059
358.1,584043
358.2,584065
358.3,584048
358.4,584055
358.5,584065
358.6,584059
358.7,584052
358.8,584043
358.9,584047
359,584052
359.1,584050
359.2,584058
359.3,584041
359.4,584058
359.5,584060
359.6,584059
359.7,584050
359.8,584046
359.9,584055
360,584062
360.1,584047
360.2,584060
360.3,584059
360.4,584057
360.5,584048
360.6,584068
360.7,584067
360.8,584053
360.9,584059
361,584050
361.1,584049
361.2,584053
361.3,584055
361.4,584053
361.5,584057
361.6,584056
361.7,584049
361.8,584064
361.9,584055
362,584054
362.1,584055
362.2,584053
362.3,584047
362.4,584059
362.5,584050
362.6,584059
362.7,584049
362.8,584048
362.9,584060
363,584070
363.1,584063
363.2,584053
363.3,584052
363.4,584059
363.5,584060
363.6,584056
363.7,584057
363.8,584056
363.9,584062
364,584064
364.1,584054
364.2,584060
364.3,584061
364.4,584054
364.5,584056
364.6,584054
364.7,584058
364.8,584059
364.9,584060
365,584059
365.1,584066
365.2,584058
365.3,584051
365.4,584060
365.5,584051
365.6,584055
365.7,584058
365.8,584051
365.9,584055
366,584056
366.1,584049
366.2,584050
366.3,584056
366.4,584047
366.5,584053
366.6,584046
366.7,584063
366.8,584062
366.9,584060
367,584053
367.1,584054
367.2,584055
367.3,584061
367.4,584065
367.5,584063
367.6,584055
367.7,584049
367.8,584060
367.9,584055
368,584062
368.1,584049
368.2,584053
368.3,584062
368.4,584065
368.5,584058
368.6,584072
368.7,584054
368.8,584063
368.9,584056
369,584049
369.1,584063
369.2,584057
369.3,584066
369.4,584049
369.5,584058
369.6,584055
369.7,584048
369.8,584057
369.9,584063
370,584064
370.1,584065
370.2,584057
370.3,584052
370.4,584058
370.5,584062
370.6,584054
370.7,584063
370.8,584056
370.9,584046
371,584057
371.1,584066
371.2,584058
371.3,584051
371.4,584051
371.5,584070
371.6,584061
371.7,584069
371.8,584067
371.9,584054
372,584063
372.1,584072
372.2,584064
372.3,584059
372.4,584059
372.5,584044
372.6,584060
372.7,584058
372.8,584070
372.9,584062
373,584063
373.1,584063
373.2,584063
373.3,584067
373.4,584062
373.5,584059
373.6,584057
373.7,584057
373.8,584058
373.9,584053
374,584058
374.1,584059
374.2,584070
374.3,584062
374.4,584041
374.5,584060
374.6,584060
374.7,584061
374.8,584069
374.9,584061
375,584048
375.1,584056
375.2,584051
375.3,584059
375.4,584054
375.5,584058
375.6,584057
375.7,584066
375.8,584058
375.9,584061
376,584056
376.1,584056
376.2,584061
376.3,584059
376.4,584053
376.5,584070
376.6,584062
376.7,584062
376.8,584065
376.9,584057
377,584060
377.1,584073
377.2,584063
377.3,584065
377.4,584060
377.5,584065
377.6,584063
377.7,584060
377.8,584060
377.9,584060
378,584068
378.1,584058
378.2,584060
378.3,584069
378.4,584055
378.5,584063
378.6,584060
378.7,584063
378.8,584063
378.9,584071
379,584060
379.1,584054
379.2,584063
379.3,584050
379.4,584060
379.5,584062
379.6,584064
379.7,584056
379.8,584067
379.9,584070
380,584064
380.1,584072
380.2,584059
380.3,584048
380.4,584075
380.5,584069
380.6,584060
380.7,584047
380.8,584050
380.9,584052
381,584070
381.1,584046
381.2,584064
381.3,584056
381.4,584064
381.5,584059
381.6,584058
381.7,584052
381.8,584065
381.9,584057
382,584065
382.1,584069
382.2,584066
382.3,584066
382.4,584053
382.5,584065
382.6,584070
382.7,584064
382.8,584059
382.9,584066
383,584063
383.1,584065
383.2,584059
383.3,584070
383.4,584066
383.5,584055
383.6,584065
383.7,584060
383.8,584062
383.9,584056
384,584061
384.1,584055
384.2,584050
384.3,584062
384.4,584059
384.5,584052
384.6,584055
384.7,584062
384.8,584067
384.9,584064
385,584066
385.1,584068
385.2,584073
385.3,584053
385.4,584058
385.5,584065
385.6,584051
385.7,584064
385.8,584058
385.9,584063
386,584062
386.1,584061
386.2,584058
386.3,584060
386.4,584057
386.5,584064
386.6,584060
386.7,584065
386.8,584059
386.9,584069
387,584057
387.1,584070
387.2,584072
387.3,584060
387.4,584062
387.5,584064
387.6,584063
387.7,584062
387.8,584064
387.9,584055
388,584068
388.1,584070
388.2,584072
388.3,584058
388.4,584070
388.5,584066
388.6,584069
388.7,584072
388.8,584069
388.9,584060
389,584070
389.1,584079
389.2,584065
389.3,584062
389.4,584058
389.5,584054
389.6,584064
389.7,584069
389.8,584080
389.9,584071
390,584073
390.1,584064
390.2,584052
390.3,584078
390.4,584066
390.5,584075
390.6,584074
390.7,584071
390.8,584059
390.9,584061
391,584067
391.1,584058
391.2,584067
391.3,584066
391.4,584060
391.5,584072
391.6,584068
391.7,584064
391.8,584053
391.9,584067
392,584058
392.1,584075
392.2,584063
392.3,584068
392.4,584072
392.5,584055
392.6,584072
392.7,584060
392.8,584067
392.9,584071
393,584061
393.1,584057
393.2,584067
393.3,584057
393.4,584064
393.5,584060
393.6,584062
393.7,584068
393.8,584067
393.9,584070
394,584066
394.1,584070
394.2,584066
394.3,584064
394.4,584068
394.5,584062
394.6,584063
394.7,584075
394.8,584065
394.9,584069
395,584073
395.1,584061
395.2,584068
395.3,584071
395.4,584067
395.5,584065
395.6,584064
395.7,584067
395.8,584058
395.9,584067
396,584060
396.1,584064
396.2,584068
396.3,584072
396.4,584054
396.5,584060
396.6,584058
396.7,584078
396.8,584074
396.9,584064
397,584068
397.1,584066
397.2,584062
397.3,584068
397.4,584066
397.5,584064
397.6,584068
397.7,584055
397.8,584056
397.9,584055
398,584059
398.1,584054
398.2,584055
398.3,584074
398.4,584065
398.5,584068
398.6,584056
398.7,584077
398.8,584070
398.9,584058
399,584061
399.1,584062
399.2,584076
399.3,584080
399.4,584054
399.5,584065
399.6,584050
399.7,584072
399.8,584067
399.9,584055
400,584071
400.1,584064
400.2,584052
400.3,584065
400.4,584074
400.5,584067
400.6,584073
400.7,584065
400.8,584060
400.9,584058
401,584059
401.1,584057
401.2,584060
401.3,584056
401.4,584064
401.5,584056
401.6,584060
401.7,584066
401.8,584053
401.9,584067
402,584064
402.1,584062
402.2,584066
402.3,584080
402.4,584057
402.5,584062
402.6,584060
402.7,584063
402.8,584060
402.9,584069
403,584072
403.1,584067
403.2,584062
403.3,584073
403.4,584057
403.5,584069
403.6,584066
403.7,584072
403.8,584062
403.9,584062
404,584073
404.1,584065
404.2,584066
404.3,584055
404.4,584066
404.5,584069
404.6,584070
404.7,584070
404.8,584059
404.9,584057
405,584063
405.1,584057
405.2,584069
405.3,584074
405.4,584069
405.5,584061
405.6,584075
405.7,584067
405.8,584062
405.9,584072
406,584064
406.1,584062
406.2,584065
406.3,584079
406.4,584055
406.5,584062
406.6,584068
406.7,584074
406.8,584058
406.9,584066
407,584071
407.1,584068
407.2,584074
407.3,584066
407.4,584074
407.5,584066
407.6,584077
407.7,584063
407.8,584069
407.9,584069
408,584066
408.1,584063
408.2,584071
408.3,584071
408.4,584068
408.5,584082
408.6,584068
408.7,584068
408.8,584068
408.9,584065
409,584070
409.1,584062
409.2,584062
409.3,584067
409.4,584059
409.5,584069
409.6,584064
409.7,584064
409.8,584069
409.9,584066
410,584066
410.1,584074
410.2,584073
410.3,584070
410.4,584054
410.5,584067
410.6,584067
410.7,584067
410.8,584063
410.9,584071
411,584058
411.1,584070
411.2,584068
411.3,584064
411.4,584067
411.5,584058
411.6,584071
411.7,584071
411.8,584057
411.9,584056
412,584064
412.1,584071
412.2,584066
412.3,584060
412.4,584060
412.5,584067
412.6,584067
412.7,584066
412.8,584061
412.9,584074
413,584065
413.1,584064
413.2,584058
413.3,584063
413.4,584063
413.5,584063
413.6,584067
413.7,584069
413.8,584053
413.9,584066
414,584070
414.1,584059
414.2,584066
414.3,584065
414.4,584057
414.5,584062
414.6,584054
414.7,584060
414.8,584070
414.9,584072
415,584069
415.1,584068
415.2,584059
415.3,584067
415.4,584071
415.5,584065
415.6,584065
415.7,584072
415.8,584063
415.9,584065
416,584067
416.1,584066
416.2,584073
416.3,584078
416.4,584058
416.5,584073
416.6,584080
416.7,584055
416.8,584065
416.9,584064
417,584074
417.1,584057
417.2,584061
417.3,584058
417.4,584073
417.5,584064
417.6,584071
417.7,584054
417.8,584056
417.9,584079
418,584062
418.1,584069
418.2,584071
418.3,584064
418.4,584058
418.5,584065
418.6,584075
418.7,584063
418.8,584073
418.9,584071
419,584076
419.1,584064
419.2,584081
419.3,584074
419.4,584066
419.5,584078
419.6,584066
419.7,584060
419.8,584067
419.9,584065
420,584075
420.1,584068
420.2,584062
420.3,584055
420.4,584083
420.5,584055
420.6,584062
420.7,584064
420.8,584078
420.9,584069
421,584078
421.1,584080
421.2,584062
421.3,584070
421.4,584065
421.5,584058
421.6,584076
421.7,584067
421.8,584066
421.9,584067
422,584062
422.1,584061
422.2,584068
422.3,584069
422.4,584079
422.5,584063
422.6,584065
422.7,584063
422.8,584059
422.9,584060
423,584067
423.1,584076
423.2,584067
423.3,584060
423.4,584069
423.5,584070
423.6,584077
423.7,584064
423.8,584073
423.9,584058
424,584065
424.1,584071
424.2,584080
424.3,584076
424.4,584077
424.5,584068
424.6,584055
424.7,584080
424.8,584057
424.9,584074
425,584065
425.1,584060
425.2,584062
425.3,584070
425.4,584055
425.5,584056
425.6,584075
425.7,584066
425.8,584077
425.9,584054
426,584055
426.1,584072
426.2,584073
426.3,584058
426.4,584059
426.5,584060
426.6,584076
426.7,584077
426.8,584062
426.9,584058
427,584074
427.1,584077
427.2,584076
427.3,584068
427.4,584056
427.5,584073
427.6,584065
427.7,584074
427.8,584061
427.9,584065
428,584074
428.1,584074
428.2,584067
428.3,584067
428.4,584063
428.5,584080
428.6,584067
428.7,584065
428.8,584068
428.9,584069
429,584062
429.1,584078
429.2,584058
429.3,584068
429.4,584064
429.5,584070
429.6,584071
429.7,584068
429.8,584068
429.9,584061
430,584061
430.1,584046
430.2,584058
430.3,584074
430.4,584066
430.5,584051
430.6,584064
430.7,584073
430.8,584060
430.9,584076
431,584082
431.1,584072
431.2,584072
431.3,584068
431.4,584065
431.5,584071
431.6,584071
431.7,584074
431.8,584053
431.9,584062
432,584072
432.1,584073
432.2,584076
432.3,584076
432.4,584069
432.5,584071
432.6,584074
432.7,584060
432.8,584077
432.9,584066
433,584075
433.1,584061
433.2,584078
433.3,584070
433.4,584073
433.5,584062
433.6,584063
433.7,584079
433.8,584068
433.9,584070
434,584073
434.1,584058
434.2,584074
434.3,584071
434.4,584068
434.5,584069
434.6,584069
434.7,584056
434.8,584071
434.9,584066
435,584077
435.1,584071
435.2,584074
435.3,584069
435.4,584071
435.5,584066
435.6,584074
435.7,584071
435.8,584066
435.9,584060
436,584060
436.1,584068
436.2,584065
436.3,584065
436.4,584070
436.5,584070
436.6,584075
436.7,584070
436.8,584070
436.9,584065
437,584075
437.1,584072
437.2,584074
437.3,584066
437.4,584077
437.5,584074
437.6,584068
437.7,584065
437.8,584073
437.9,584064
438,584064
438.1,584075
438.2,584071
438.3,584071
438.4,584066
438.5,584068
438.6,584073
438.7,584073
438.8,584067
438.9,584072
439,584066
439.1,584071
439.2,584065
439.3,584073
439.4,584070
439.5,584072
439.6,584061
439.7,584068
439.8,584062
439.9,584067
440,584069
440.1,584064
440.2,584074
440.3,584079
440.4,584067
440.5,584061
440.6,584063
440.7,584063
440.8,584070
440.9,584073
441,584061
441.1,584068
441.2,584063
441.3,584073
441.4,584070
441.5,584063
441.6,584081
441.7,584070
441.8,584061
441.9,584068
442,584073
442.1,584067
442.2,584064
442.3,584066
442.4,584068
442.5,584070
442.6,584051
442.7,584071
442.8,584070
442.9,584067
443,584077
443.1,584081
443.2,584077
443.3,584079
443.4,584060
443.5,584075
443.6,584071
443.7,584076
443.8,584064
443.9,584074
444,584081
444.1,584072
444.2,584077
444.3,584084
444.4,584065
444.5,584077
444.6,584081
444.7,584078
444.8,584072
444.9,584065
445,584077
445.1,584073
445.2,584070
445.3,584079
445.4,584071
445.5,584070
445.6,584066
445.7,584068
445.8,584069
445.9,584084
446,584059
446.1,584076
446.2,584078
446.3,584074
446.4,584083
446.5,584058
446.6,584070
446.7,584085
446.8,584073
446.9,584077
447,584087
447.1,584062
447.2,584069
447.3,584083
447.4,584074
447.5,584062
447.6,584069
447.7,584070
447.8,584069
447.9,584081
448,584071
448.1,584065
448.2,584064
448.3,584076
448.4,584087
448.5,584083
448.6,584072
448.7,584070
448.8,584074
448.9,584062
449,584066
449.1,584067
449.2,584066
449.3,584078
449.4,584071
449.5,584061
449.6,584062
449.7,584066
449.8,584070
449.9,584074
450,584070
450.1,584066
450.2,584080
450.3,584075
450.4,584064
450.5,584065
450.6,584071
450.7,584067
450.8,584071
450.9,584067
451,584076
451.1,584066
451.2,584070
451.3,584065
451.4,584082
451.5,584067
451.6,584065
451.7,584069
451.8,584086
451.9,584074
452,584064
452.1,584083
452.2,584079
452.3,584075
452.4,584084
452.5,584082
452.6,584080
452.7,584068
452.8,584085
452.9,584066
453,584080
453.1,584087
453.2,584066
453.3,584083
453.4,584073
453.5,584079
453.6,584067
453.7,584086
453.8,584071
453.9,584078
454,584075
454.1,584065
454.2,584069
454.3,584064
454.4,584078
454.5,584068
454.6,584079
454.7,584067
454.8,584080
454.9,584086
455,584066
455.1,584069
455.2,584064
455.3,584078
455.4,584068
455.5,584072
455.6,584083
455.7,584070
455.8,584073
455.9,584071
456,584066
456.1,584078
456.2,584062
456.3,584068
456.4,584065
456.5,584074
456.6,584069
456.7,584062
456.8,584073
456.9,584062
457,584066
457.1,584077
457.2,584066
457.3,584086
457.4,584075
457.5,584078
457.6,584079
457.7,584068
457.8,584071
457.9,584069
458,584072
458.1,584085
458.2,584083
458.3,584070
458.4,584076
458.5,584078
458.6,584086
458.7,584065
458.8,584087
458.9,584066
459,584080
459.1,584087
459.2,584077
459.3,584082
459.4,584075
459.5,584075
459.6,584080
459.7,584077
459.8,584075
459.9,584062
460,584068
460.1,584073
460.2,584078
460.3,584067
460.4,584075
460.5,584060
460.6,584081
460.7,584076
460.8,584089
460.9,584078
461,584070
461.1,584081
461.2,584071
461.3,584074
461.4,584081
461.5,584065
461.6,584068
461.7,584081
461.8,584084
461.9,584067
462,584065
462.1,584075
462.2,584072
462.3,584083
462.4,584072
462.5,584077
462.6,584061
462.7,584080
462.8,584063
462.9,584071
463,584069
463.1,584079
463.2,584073
463.3,584068
463.4,584073
463.5,584083
463.6,584075
463.7,584077
463.8,584066
463.9,584074
464,584071
464.1,584068
464.2,584067
464.3,584064
464.4,584064
464.5,584066
464.6,584069
464.7,584071
464.8,584083
464.9,584067
465,584072
465.1,584075
465.2,584079
465.3,584071
465.4,584078
465.5,584080
465.6,584069
465.7,584061
465.8,584066
465.9,584071
466,584073
466.1,584074
466.2,584082
466.3,584079
466.4,584060
466.5,584072
466.6,584085
466.7,584079
466.8,584068
466.9,584065
467,584083
467.1,584074
467.2,584065
467.3,584070
467.4,584067
467.5,584077
467.6,584068
467.7,584067
467.8,584087
467.9,584076
468,584084
468.1,584083
468.2,584090
468.3,584071
468.4,584083
468.5,584090
468.6,584074
468.7,584078
468.8,584083
468.9,584074
469,584073
469.1,584077
469.2,584069
469.3,584073
469.4,584083
469.5,584074
469.6,584073
469.7,584077
469.8,584090
469.9,584081
470,584082
470.1,584081
470.2,584070
470.3,584074
470.4,584073
470.5,584072
470.6,584084
470.7,584083
470.8,584069
470.9,584084
471,584070
471.1,584076
471.2,584072
471.3,584061
471.4,584073
471.5,584067
471.6,584079
471.7,584075
471.8,584074
471.9,584075
472,584081
472.1,584078
472.2,584074
472.3,584068
472.4,584082
472.5,584079
472.6,584077
472.7,584074
472.8,584075
472.9,584073
473,584078
473.1,584082
473.2,584078
473.3,584079
473.4,584078
473.5,584068
473.6,584081
473.7,584074
473.8,584080
473.9,584079
474,584077
474.1,584073
474.2,584066
474.3,584068
474.4,584072
474.5,584070
474.6,584074
474.7,584072
474.8,584066
474.9,584072
475,584076
475.1,584072
475.2,584073
475.3,584071
475.4,584078
475.5,584082
475.6,584078
475.7,584078
475.8,584069
475.9,584081
476,584066
476.1,584072
476.2,584073
476.3,584079
476.4,584091
476.5,584073
476.6,584066
476.7,584081
476.8,584074
476.9,584069
477,584073
477.1,584074
477.2,584072
477.3,584073
477.4,584085
477.5,584067
477.6,584081
477.7,584074
477.8,584086
477.9,584076
478,584068
478.1,584074
478.2,584067
478.3,584089
478.4,584072
478.5,584072
478.6,584070
478.7,584063
478.8,584074
478.9,584081
479,584073
479.1,584071
479.2,584085
479.3,584075
479.4,584073
479.5,584066
479.6,584072
479.7,584064
479.8,584076
479.9,584082
480,584080
480.1,584073
480.2,584078
480.3,584076
480.4,584063
480.5,584069
480.6,584086
480.7,584081
480.8,584074
480.9,584066
481,584088
481.1,584080
481.2,584086
481.3,584076
481.4,584074
481.5,584082
481.6,584064
481.7,584080
481.8,584084
481.9,584076
482,584068
482.1,584074
482.2,584080
482.3,584077
482.4,584084
482.5,584086
482.6,584081
482.7,584074
482.8,584082
482.9,584082
483,584075
483.1,584072
483.2,584086
483.3,584078
483.4,584078
483.5,584076
483.6,584076
483.7,584082
483.8,584082
483.9,584074
484,584079
484.1,584079
484.2,584091
484.3,584069
484.4,584075
484.5,584077
484.6,584083
484.7,584086
484.8,584073
484.9,584081
485,584086
485.1,584083
485.2,584078
485.3,584078
485.4,584083
485.5,584081
485.6,584081
485.7,584075
485.8,584083
485.9,584083
486,584080
486.1,584072
486.2,584093
486.3,584072
486.4,584077
486.5,584077
486.6,584082
486.7,584074
486.8,584098
486.9,584074
487,584082
487.1,584064
487.2,584071
487.3,584073
487.4,584078
487.5,584084
487.6,584084
487.7,584083
487.8,584088
487.9,584080
488,584093
488.1,584074
488.2,584087
488.3,584081
488.4,584078
488.5,584083
488.6,584078
488.7,584077
488.8,584080
488.9,584077
489,584068
489.1,584091
489.2,584091
489.3,584099
489.4,584083
489.5,584080
489.6,584079
489.7,584081
489.8,584081
489.9,584094
490,584091
490.1,584085
490.2,584076
490.3,584086
490.4,584083
490.5,584077
490.6,584079
490.7,584076
490.8,584075
490.9,584083
491,584082
491.1,584084
491.2,584084
491.3,584075
491.4,584095
491.5,584089
491.6,584091
491.7,584085
491.8,584079
491.9,584071
492,584088
492.1,584090
492.2,584074
492.3,584073
492.4,584078
492.5,584071
492.6,584073
492.7,584094
492.8,584077
492.9,584090
493,584078
493.1,584077
493.2,584085
493.3,584081
493.4,584088
493.5,584074
493.6,584081
493.7,584080
493.8,584074
493.9,584073
494,584075
494.1,584082
494.2,584073
494.3,584095
494.4,584081
494.5,584080
494.6,584082
494.7,584076
494.8,584087
494.9,584073
495,584083
495.1,584074
495.2,584089
495.3,584080
495.4,584073
495.5,584080
495.6,584077
495.7,584081
495.8,584093
495.9,584081
496,584083
496.1,584087
496.2,584081
496.3,584085
496.4,584073
496.5,584079
496.6,584086
496.7,584072
496.8,584084
496.9,584085
497,584070
497.1,584085
497.2,584084
497.3,584085
497.4,584079
497.5,584088
497.6,584078
497.7,584077
497.8,584078
497.9,584074
498,584073
498.1,584087
498.2,584086
498.3,584087
498.4,584075
498.5,584074
498.6,584080
498.7,584087
498.8,584083
498.9,584076
499,584074
499.1,584089
499.2,584082
499.3,584083
499.4,584084
499.5,584083
499.6,584089
499.7,584096
499.8,584091
499.9,584090
500,584091
500.1,584076
500.2,584079
500.3,584075
500.4,584090
500.5,584091
500.6,584089
500.7,584092
500.8,584085
500.9,584086
501,584085
501.1,584086
501.2,584081
501.3,584074
501.4,584074
501.5,584081
501.6,584087
501.7,584082
501.8,584099
501.9,584092
502,584077
502.1,584083
502.2,584084
502.3,584079
502.4,584088
502.5,584088
502.6,584079
502.7,584075
502.8,584097
502.9,584073
503,584082
503.1,584080
503.2,584081
503.3,584084
503.4,584085
503.5,584082
503.6,584075
503.7,584076
503.8,584084
503.9,584085
504,584091
504.1,584089
504.2,584100
504.3,584079
504.4,584085
504.5,584091
504.6,584092
504.7,584079
504.8,584071
504.9,584080
505,584086
505.1,584089
505.2,584084
505.3,584076
505.4,584076
505.5,584082
505.6,584078
505.7,584081
505.8,584089
505.9,584073
506,584079
506.1,584076
506.2,584082
506.3,584085
506.4,584086
506.5,584083
506.6,584073
506.7,584097
506.8,584089
506.9,584082
507,584082
507.1,584069
507.2,584093
507.3,584085
507.4,584083
507.5,584099
507.6,584085
507.7,584088
507.8,584088
507.9,584088
508,584086
508.1,584089
508.2,584089
508.3,584083
508.4,584089
508.5,584081
508.6,584081
508.7,584092
508.8,584086
508.9,584086
509,584092
509.1,584079
509.2,584082
509.3,584079
509.4,584079
509.5,584079
509.6,584089
509.7,584076
509.8,584076
509.9,584089
510,584081
510.1,584078
510.2,584084
510.3,584078
510.4,584086
510.5,584081
510.6,584083
510.7,584083
510.8,584083
510.9,584091
511,584079
511.1,584079
511.2,584089
511.3,584073
511.4,584097
511.5,584099
511.6,584078
511.7,584088
511.8,584082
511.9,584071
512,584081
512.1,584092
512.2,584078
512.3,584078
512.4,584077
512.5,584087
512.6,584074
512.7,584090
512.8,584076
512.9,584083
513,584077
513.1,584087
513.2,584087
513.3,584087
513.4,584086
513.5,584075
513.6,584077
513.7,584084
513.8,584087
513.9,584092
514,584080
514.1,584082
514.2,584082
514.3,584076
514.4,584083
514.5,584085
514.6,584079
514.7,584081
514.8,584086
514.9,584078
515,584090
515.1,584092
515.2,584086
515.3,584080
515.4,584093
515.5,584079
515.6,584081
515.7,584075
515.8,584090
515.9,584089
516,584091
516.1,584093
516.2,584079
516.3,584094
516.4,584077
516.5,584095
516.6,584088
516.7,584090
516.8,584082
516.9,584096
517,584090
517.1,584086
517.2,584094
517.3,584071
517.4,584087
517.5,584080
517.6,584090
517.7,584091
517.8,584075
517.9,584090
518,584086
518.1,584080
518.2,584078
518.3,584086
518.4,584097
518.5,584078
518.6,584095
518.7,584073
518.8,584080
518.9,584084
519,584093
519.1,584095
519.2,584081
519.3,584098
519.4,584091
519.5,584079
519.6,584081
519.7,584096
519.8,584081
519.9,584083
520,584086
520.1,584082
520.2,584089
520.3,584091
520.4,584100
520.5,584093
520.6,584089
520.7,584075
520.8,584089
520.9,584078
521,584074
521.1,584080
521.2,584097
521.3,584090
521.4,584079
521.5,584090
521.6,584083
521.7,584090
521.8,584088
521.9,584084
522,584088
522.1,584081
522.2,584082
522.3,584083
522.4,584071
522.5,584085
522.6,584081
522.7,584077
522.8,584083
522.9,584079
523,584080
523.1,584097
523.2,584082
523.3,584091
523.4,584084
523.5,584082
523.6,584067
523.7,584097
523.8,584077
523.9,584079
524,584079
524.1,584090
524.2,584086
524.3,584082
524.4,584093
524.5,584097
524.6,584084
524.7,584085
524.8,584091
524.9,584087
525,584090
525.1,584099
525.2,584092
525.3,584093
525.4,584088
525.5,584083
525.6,584092
525.7,584077
525.8,584094
525.9,584081
526,584082
526.1,584085
526.2,584078
526.3,584079
526.4,584079
526.5,584090
526.6,584086
526.7,584079
526.8,584085
526.9,584080
527,584075
527.1,584086
527.2,584079
527.3,584079
527.4,584088
527.5,584086
527.6,584094
527.7,584094
527.8,584079
527.9,584098
528,584086
528.1,584086
528.2,584073
528.3,584079
528.4,584090
528.5,584080
528.6,584075
528.7,584089
528.8,584089
528.9,584079
529,584087
529.1,584087
529.2,584091
529.3,584083
529.4,584078
529.5,584080
529.6,584089
529.7,584084
529.8,584089
529.9,584079
530,584097
530.1,584092
530.2,584077
530.3,584085
530.4,584080
530.5,584074
530.6,584085
530.7,584069
530.8,584093
530.9,584096
531,584083
531.1,584094
531.2,584094
531.3,584086
531.4,584083
531.5,584086
531.6,584088
531.7,584088
531.8,584080
531.9,584091
532,584086
532.1,584080
532.2,584083
532.3,584083
532.4,584093
532.5,584088
532.6,584069
532.7,584083
532.8,584085
532.9,584085
533,584074
533.1,584071
533.2,584071
533.3,584079
533.4,584082
533.5,584084
533.6,584086
533.7,584081
533.8,584073
533.9,584070
534,584080
534.1,584082
534.2,584082
534.3,584076
534.4,584079
534.5,584076
534.6,584084
534.7,584078
534.8,584072
534.9,584096
535,584077
535.1,584074
535.2,584081
535.3,584081
535.4,584070
535.5,584088
535.6,584090
535.7,584092
535.8,584076
535.9,584067
536,584091
536.1,584079
536.2,584087
536.3,584079
536.4,584099
536.5,584080
536.6,584082
536.7,584090
536.8,584084
536.9,584088
537,584085
537.1,584079
537.2,584086
537.3,584080
537.4,584077
537.5,584074
537.6,584084
537.7,584078
537.8,584077
537.9,584087
538,584078
538.1,584077
538.2,584082
538.3,584081
538.4,584089
538.5,584077
538.6,584079
538.7,584081
538.8,584075
538.9,584090
539,584092
539.1,584080
539.2,584076
539.3,584089
539.4,584083
539.5,584087
539.6,584079
539.7,584091
539.8,584092
539.9,584084
540,584072
540.1,584082
540.2,584078
540.3,584093
540.4,584071
540.5,584083
540.6,584077
540.7,584086
540.8,584072
540.9,584079
541,584083
541.1,584080
541.2,584081
541.3,584083
541.4,584090
541.5,584072
541.6,584082
541.7,584083
541.8,584077
541.9,584092
542,584088
542.1,584076
542.2,584085
542.3,584087
542.4,584096
542.5,584098
542.6,584080
542.7,584082
542.8,584083
542.9,584090
543,584081
543.1,584084
543.2,584091
543.3,584087
543.4,584094
543.5,584084
543.6,584088
543.7,584079
543.8,584096
543.9,584084
544,584093
544.1,584092
544.2,584085
544.3,584094
544.4,584095
544.5,584091
544.6,584071
544.7,584088
544.8,584076
544.9,584077
545,584088
545.1,584084
545.2,584080
545.3,584089
545.4,584080
545.5,584073
545.6,584084
545.7,584085
545.8,584086
545.9,584079
546,584080
546.1,584092
546.2,584095
546.3,584096
546.4,584092
546.5,584083
546.6,584089
546.7,584087
546.8,584082
546.9,584078
547,584084
547.1,584080
547.2,584083
547.3,584084
547.4,584093
547.5,584086
547.6,584089
547.7,584087
547.8,584096
547.9,584089
548,584098
548.1,584087
548.2,584083
548.3,584097
548.4,584100
548.5,584085
548.6,584096
548.7,584092
548.8,584095
548.9,584082
549,584075
549.1,584086
549.2,584073
549.3,584092
549.4,584093
549.5,584086
549.6,584084
549.7,584089
549.8,584090
549.9,584090
550,584093
550.1,584097
550.2,584100
550.3,584095
550.4,584090
550.5,584096
550.6,584080
550.7,584083
550.8,584086
550.9,584094
551,584089
551.1,584095
551.2,584077
551.3,584101
551.4,584089
551.5,584083
551.6,584076
551.7,584079
551.8,584097
551.9,584082
552,584085
552.1,584085
552.2,584088
552.3,584091
552.4,584086
552.5,584081
552.6,584089
552.7,584086
552.8,584073
552.9,584084
553,584084
553.1,584092
553.2,584095
553.3,584092
553.4,584087
553.5,584095
553.6,584082
553.7,584092
553.8,584090
553.9,584084
554,584085
554.1,584087
554.2,584100
554.3,584087
554.4,584082
554.5,584084
554.6,584087
554.7,584076
554.8,584086
554.9,584089
555,584084
555.1,584078
555.2,584088
555.3,584091
555.4,584093
555.5,584096
555.6,584082
555.7,584088
555.8,584087
555.9,584089
556,584092
556.1,584084
556.2,584086
556.3,584075
556.4,584093
556.5,584088
556.6,584090
556.7,584087
556.8,584079
556.9,584094
557,584097
557.1,584086
557.2,584093
557.3,584080
557.4,584077
557.5,584087
557.6,584089
557.7,584091
557.8,584101
557.9,584090
558,584087
558.1,584086
558.2,584080
558.3,584085
558.4,584079
558.5,584089
558.6,584084
558.7,584086
558.8,584082
558.9,584087
559,584089
559.1,584107
559.2,584085
559.3,584093
559.4,584089
559.5,584080
559.6,584088
559.7,584095
559.8,584092
559.9,584096
560,584090
560.1,584092
560.2,584094
560.3,584101
560.4,584082
560.5,584108
560.6,584096
560.7,584098
560.8,584084
560.9,584096
561,584077
561.1,584103
561.2,584081
561.3,584088
561.4,584095
561.5,584091
561.6,584093
561.7,584087
561.8,584091
561.9,584087
562,584083
562.1,584085
562.2,584095
562.3,584089
562.4,584082
562.5,584084
562.6,584096
562.7,584092
562.8,584078
562.9,584091
563,584089
563.1,584093
563.2,584095
563.3,584088
563.4,584090
563.5,584086
563.6,584088
563.7,584094
563.8,584095
563.9,584087
564,584083
564.1,584081
564.2,584098
564.3,584092
564.4,584093
564.5,584084
564.6,584088
564.7,584092
564.8,584091
564.9,584092
565,584088
565.1,584078
565.2,584074
565.3,584084
565.4,584085
565.5,584094
565.6,584090
565.7,584101
565.8,584087
565.9,584088
566,584090
566.1,584077
566.2,584091
566.3,584077
566.4,584102
566.5,584095
566.6,584085
566.7,584086
566.8,584088
566.9,584075
567,584087
567.1,584091
567.2,584094
567.3,584080
567.4,584091
567.5,584092
567.6,584096
567.7,584086
567.8,584087
567.9,584091
568,584092
568.1,584085
568.2,584096
568.3,584084
568.4,584087
568.5,584088
568.6,584089
568.7,584087
568.8,584088
568.9,584089
569,584071
569.1,584093
569.2,584097
569.3,584087
569.4,584087
569.5,584091
569.6,584105
569.7,584095
569.8,584093
569.9,584086
570,584089
570.1,584090
570.2,584093
570.3,584083
570.4,584086
570.5,584087
570.6,584090
570.7,584091
570.8,584094
570.9,584089
571,584100
571.1,584072
571.2,584080
571.3,584091
571.4,584087
571.5,584090
571.6,584077
571.7,584091
571.8,584096
571.9,584083
572,584079
572.1,584082
572.2,584082
572.3,584088
572.4,584088
572.5,584091
572.6,584086
572.7,584095
572.8,584092
572.9,584079
573,584085
573.1,584088
573.2,584088
573.3,584097
573.4,584086
573.5,584089
573.6,584084
573.7,584092
573.8,584092
573.9,584098
574,584079
574.1,584082
574.2,584082
574.3,584085
574.4,584090
574.5,584085
574.6,584088
574.7,584096
574.8,584083
574.9,584088
575,584085
575.1,584088
575.2,584083
575.3,584086
575.4,584091
575.5,584088
575.6,584091
575.7,584086
575.8,584088
575.9,584075
576,584085
576.1,584090
576.2,584098
576.3,584077
576.4,584088
576.5,584090
576.6,584103
576.7,584106
576.8,584082
576.9,584087
577,584084
577.1,584087
577.2,584081
577.3,584089
577.4,584086
577.5,584086
577.6,584091
577.7,584085
577.8,584079
577.9,584090
578,584095
578.1,584095
578.2,584097
578.3,584099
578.4,584093
578.5,584088
578.6,584085
578.7,584087
578.8,584097
578.9,584086
579,584093
579.1,584085
579.2,584087
579.3,584097
579.4,584092
579.5,584094
579.6,584088
579.7,584084
579.8,584087
579.9,584081
580,584091
580.1,584091
580.2,584087
580.3,584084
580.4,584086
580.5,584088
580.6,584095
580.7,584087
580.8,584088
580.9,584085
581,584087
581.1,584089
581.2,584078
581.3,584088
581.4,584084
581.5,584086
581.6,584088
581.7,584095
581.8,584084
581.9,584094
582,584082
582.1,584097
582.2,584091
582.3,584088
582.4,584087
582.5,584094
582.6,584090
582.7,584089
582.8,584088
582.9,584077
583,584092
583.1,584088
583.2,584090
583.3,584102
583.4,584082
583.5,584100
583.6,584096
583.7,584082
583.8,584092
583.9,584088
584,584089
584.1,584086
584.2,584087
584.3,584094
584.4,584093
584.5,584089
584.6,584088
584.7,584084
584.8,584094
584.9,584085
585,584094
585.1,584077
585.2,584092
585.3,584093
585.4,584095
585.5,584085
585.6,584095
585.7,584096
585.8,584084
585.9,584093
586,584097
586.1,584091
586.2,584095
586.3,584083
586.4,584097
586.5,584080
586.6,584092
586.7,584080
586.8,584094
586.9,584090
587,584086
587.1,584097
587.2,584077
587.3,584102
587.4,584083
587.5,584097
587.6,584093
587.7,584097
587.8,584090
587.9,584093
588,584095
588.1,584093
588.2,584089
588.3,584090
588.4,584091
588.5,584086
588.6,584085
588.7,584102
588.8,584105
588.9,584085
589,584086
589.1,584095
589.2,584091
589.3,584086
589.4,584095
589.5,584090
589.6,584091
589.7,584087
589.8,584106
589.9,584094
590,584105
590.1,584098
590.2,584096
590.3,584091
590.4,584092
590.5,584096
590.6,584075
590.7,584090
590.8,584095
590.9,584083
591,584102
591.1,584092
591.2,584088
591.3,584091
591.4,584086
591.5,584105
591.6,584085
591.7,584093
591.8,584091
591.9,584092
592,584097
592.1,584085
592.2,584099
592.3,584078
592.4,584089
592.5,584108
592.6,584080
592.7,584098
592.8,584083
592.9,584097
593,584089
593.1,584085
593.2,584088
593.3,584088
593.4,584091
593.5,584096
593.6,584094
593.7,584095
593.8,584087
593.9,584088
594,584085
594.1,584088
594.2,584089
594.3,584091
594.4,584092
594.5,584081
594.6,584079
594.7,584103
594.8,584098
594.9,584098
595,584093
595.1,584090
595.2,584085
595.3,584096
595.4,584088
595.5,584099
595.6,584094
595.7,584088
595.8,584099
595.9,584102
596,584094
596.1,584097
596.2,584086
596.3,584081
596.4,584083
596.5,584091
596.6,584089
596.7,584086
596.8,584094
596.9,584097
597,584107
597.1,584094
597.2,584104
597.3,584086
597.4,584093
597.5,584088
597.6,584080
597.7,584085
597.8,584082
597.9,584090
598,584085
598.1,584095
598.2,584100
598.3,584089
598.4,584091
598.5,584094
598.6,584096
598.7,584080
598.8,584077
598.9,584095
599,584089
599.1,584092
599.2,584092
599.3,584089
599.4,584093
599.5,584096
599.6,584098
599.7,584105
599.8,584092
599.9,584089
600,584104
600.1,584093
600.2,584095
600.3,584087
600.4,584099
600.5,584096
600.6,584091
600.7,584090
600.8,584092
600.9,584089
601,584083
601.1,584088
601.2,584098
601.3,584097
601.4,584099
601.5,584088
601.6,584085
601.7,584095
601.8,584089
601.9,584091
602,584093
602.1,584081
602.2,584091
602.3,584093
602.4,584095
602.5,584091
602.6,584085
602.7,584097
602.8,584099
602.9,584080
603,584093
603.1,584084
603.2,584086
603.3,584087
603.4,584089
603.5,584091
603.6,584088
603.7,584092
603.8,584080
603.9,584090
604,584089
604.1,584091
604.2,584092
604.3,584097
604.4,584085
604.5,584094
604.6,584093
604.7,584090
604.8,584096
604.9,584082
605,584097
605.1,584091
605.2,584103
605.3,584093
605.4,584095
605.5,584089
605.6,584090
605.7,584092
605.8,584093
605.9,584084
606,584101
606.1,584095
606.2,584096
606.3,584092
606.4,584104
606.5,584105
606.6,584101
606.7,584092
606.8,584096
606.9,584084
607,584101
607.1,584087
607.2,584088
607.3,584098
607.4,584088
607.5,584084
607.6,584099
607.7,584094
607.8,584090
607.9,584086
608,584082
608.1,584091
608.2,584092
608.3,584093
608.4,584087
608.5,584085
608.6,584094
608.7,584095
608.8,584096
608.9,584092
609,584103
609.1,584083
609.2,584087
609.3,584088
609.4,584089
609.5,584090
609.6,584086
609.7,584105
609.8,584098
609.9,584099
610,584095
610.1,584090
610.2,584086
610.3,584089
610.4,584098
610.5,584099
610.6,584100
610.7,584096
610.8,584091
610.9,584092
611,584087
611.1,584096
611.2,584100
611.3,584100
611.4,584088
611.5,584083
611.6,584100
611.7,584090
611.8,584098
611.9,584102
612,584089
612.1,584098
612.2,584091
612.3,584088
612.4,584084
612.5,584100
612.6,584087
612.7,584088
612.8,584101
612.9,584086
613,584097
613.1,584093
613.2,584093
613.3,584086
613.4,584099
613.5,584100
613.6,584097
613.7,584090
613.8,584083
613.9,584094
614,584089
614.1,584099
614.2,584087
614.3,584103
614.4,584096
614.5,584085
614.6,584101
614.7,584083
614.8,584099
614.9,584092
615,584100
615.1,584082
615.2,584092
615.3,584100
615.4,584095
615.5,584104
615.6,584091
615.7,584088
615.8,584088
615.9,584104
616,584097
616.1,584102
616.2,584105
616.3,584092
616.4,584102
616.5,584102
616.6,584087
616.7,584100
616.8,584087
616.9,584089
617,584089
617.1,584105
617.2,584087
617.3,584097
617.4,584100
617.5,584092
617.6,584094
617.7,584094
617.8,584105
617.9,584086
618,584094
618.1,584089
618.2,584097
618.3,584086
618.4,584093
618.5,584106
618.6,584085
618.7,584093
618.8,584095
618.9,584092
619,584095
619.1,584089
619.2,584089
619.3,584091
619.4,584094
619.5,584099
619.6,584093
619.7,584108
619.8,584087
619.9,584089
620,584102
620.1,584099
620.2,584083
620.3,584098
620.4,584100
620.5,584102
620.6,584099
620.7,584096
620.8,584088
620.9,584111
621,584100
621.1,584081
621.2,584104
621.3,584101
621.4,584085
621.5,584092
621.6,584104
621.7,584077
621.8,584101
621.9,584097
622,584097
622.1,584086
622.2,584095
622.3,584092
622.4,584099
622.5,584093
622.6,584093
622.7,584089
622.8,584099
622.9,584095
623,584089
623.1,584105
623.2,584101
623.3,584097
623.4,584097
623.5,584085
623.6,584100
623.7,584100
623.8,584096
623.9,584092
624,584102
624.1,584098
624.2,584082
624.3,584094
624.4,584096
624.5,584092
624.6,584107
624.7,584080
624.8,584094
624.9,584104
625,584092
625.1,584102
625.2,584098
625.3,584097
625.4,584088
625.5,584092
625.6,584094
625.7,584095
625.8,584105
625.9,584106
626,584102
626.1,584096
626.2,584092
626.3,584093
626.4,584108
626.5,584092
626.6,584095
626.7,584105
626.8,584093
626.9,584094
627,584093
627.1,584089
627.2,584093
627.3,584097
627.4,584095
627.5,584089
627.6,584103
627.7,584094
627.8,584085
627.9,584096
628,584098
628.1,584099
628.2,584100
628.3,584096
628.4,584097
628.5,584106
628.6,584094
628.7,584087
628.8,584096
628.9,584097
629,584093
629.1,584094
629.2,584095
629.3,584104
629.4,584087
629.5,584096
629.6,584097
629.7,584103
629.8,584096
629.9,584086
630,584111
630.1,584096
630.2,584089
630.3,584098
630.4,584089
630.5,584089
630.6,584098
630.7,584080
630.8,584095
630.9,584093
631,584091
631.1,584092
631.2,584093
631.3,584093
631.4,584081
631.5,584095
631.6,584099
631.7,584086
631.8,584095
631.9,584087
632,584088
632.1,584097
632.2,584087
632.3,584087
632.4,584083
632.5,584089
632.6,584095
632.7,584098
632.8,584093
632.9,584089
633,584095
633.1,584082
633.2,584100
633.3,584080
633.4,584104
633.5,584092
633.6,584092
633.7,584085
633.8,584103
633.9,584083
634,584091
634.1,584092
634.2,584100
634.3,584095
634.4,584098
634.5,584101
634.6,584096
634.7,584086
634.8,584094
634.9,584092
635,584087
635.1,584087
635.2,584080
635.3,584082
635.4,584088
635.5,584099
635.6,584086
635.7,584104
635.8,584102
635.9,584089
636,584084
636.1,584092
636.2,584095
636.3,584090
636.4,584106
636.5,584088
636.6,584098
636.7,584095
636.8,584096
636.9,584096
637,584096
637.1,584093
637.2,584088
637.3,584096
637.4,584082
637.5,584090
637.6,584090
637.7,584101
637.8,584103
637.9,584098
638,584090
638.1,584098
638.2,584090
638.3,584092
638.4,584081
638.5,584089
638.6,584097
638.7,584097
638.8,584102
638.9,584096
639,584080
639.1,584083
639.2,584091
639.3,584083
639.4,584093
639.5,584092
639.6,584089
639.7,584105
639.8,584081
639.9,584083
640,584086
640.1,584090
640.2,584092
640.3,584084
640.4,584105
640.5,584102
640.6,584088
640.7,584090
640.8,584090
640.9,584084
641,584089
641.1,584086
641.2,584088
641.3,584090
641.4,584095
641.5,584089
641.6,584099
641.7,584101
641.8,584079
641.9,584097
642,584076
642.1,584088
642.2,584090
642.3,584100
642.4,584086
642.5,584104
642.6,584096
642.7,584095
642.8,584089
642.9,584106
643,584085
643.1,584092
643.2,584086
643.3,584088
643.4,584105
643.5,584091
643.6,584091
643.7,584084
643.8,584084
643.9,584096
644,584095
644.1,584083
644.2,584083
644.3,584090
644.4,584102
644.5,584082
644.6,584105
644.7,584112
644.8,584100
644.9,584084
645,584101
645.1,584082
645.2,584089
645.3,584090
645.4,584105
645.5,584104
645.6,584100
645.7,584102
645.8,584087
645.9,584094
646,584088
646.1,584105
646.2,584093
646.3,584095
646.4,584096
646.5,584103
646.6,584086
646.7,584098
646.8,584091
646.9,584093
647,584094
647.1,584085
647.2,584092
647.3,584103
647.4,584105
647.5,584098
647.6,584105
647.7,584082
647.8,584086
647.9,584079
648,584083
648.1,584090
648.2,584091
648.3,584082
648.4,584106
648.5,584102
648.6,584101
648.7,584089
648.8,584095
648.9,584086
649,584097
649.1,584093
649.2,584099
649.3,584093
649.4,584086
649.5,584092
649.6,584096
649.7,584089
649.8,584095
649.9,584093
650,584092
650.1,584085
650.2,584094
650.3,584097
650.4,584090
650.5,584096
650.6,584089
650.7,584090
650.8,584107
650.9,584092
651,584093
651.1,584101
651.2,584086
651.3,584095
651.4,584088
651.5,584089
651.6,584097
651.7,584101
651.8,584099
651.9,584089
652,584100
652.1,584096
652.2,584094
652.3,584100
652.4,584095
652.5,584090
652.6,584086
652.7,584092
652.8,584084
652.9,584090
653,584099
653.1,584099
653.2,584089
653.3,584103
653.4,584093
653.5,584083
653.6,584091
653.7,584092
653.8,584092
653.9,584093
654,584093
654.1,584094
654.2,584094
654.3,584089
654.4,584095
654.5,584095
654.6,584096
654.7,584091
654.8,584091
654.9,584091
655,584097
655.1,584097
655.2,584100
655.3,584095
655.4,584087
655.5,584106
655.6,584096
655.7,584096
655.8,584088
655.9,584078
656,584101
656.1,584102
656.2,584094
656.3,584086
656.4,584086
656.5,584087
656.6,584102
656.7,584097
656.8,584087
656.9,584089
657,584095
657.1,584084
657.2,584095
657.3,584100
657.4,584084
657.5,584092
657.6,584081
657.7,584095
657.8,584087
657.9,584084
658,584092
658.1,584105
658.2,584089
658.3,584097
658.4,584104
658.5,584096
658.6,584081
658.7,584088
658.8,584085
658.9,584093
659,584085
659.1,584093
659.2,584095
659.3,584082
659.4,584092
659.5,584094
659.6,584081
659.7,584091
659.8,584096
659.9,584088
660,584087
660.1,584087
660.2,584102
660.3,584094
660.4,584088
660.5,584098
660.6,584098
660.7,584090
660.8,584089
660.9,584097
661,584093
661.1,584085
661.2,584092
661.3,584097
661.4,584094
661.5,584094
661.6,584090
661.7,584084
661.8,584084
661.9,584091
662,584088
662.1,584090
662.2,584084
662.3,584086
662.4,584099
662.5,584093
662.6,584084
662.7,584086
662.8,584093
662.9,584092
663,584086
663.1,584091
663.2,584093
663.3,584108
663.4,584086
663.5,584087
663.6,584089
663.7,584094
663.8,584109
663.9,584087
664,584094
664.1,584080
664.2,584089
664.3,584096
664.4,584088
664.5,584087
664.6,584086
664.7,584085
664.8,584092
664.9,584093
665,584087
665.1,584088
665.2,584098
665.3,584097
665.4,584104
665.5,584092
665.6,584094
665.7,584090
665.8,584099
665.9,584092
666,584105
666.1,584085
666.2,584095
666.3,584096
666.4,584089
666.5,584107
666.6,584090
666.7,584089
666.8,584095
666.9,584102
667,584095
667.1,584089
667.2,584087
667.3,584086
667.4,584093
667.5,584094
667.6,584101
667.7,584086
667.8,584098
667.9,584107
668,584095
668.1,584086
668.2,584092
668.3,584091
668.4,584097
668.5,584090
668.6,584083
668.7,584087
668.8,584091
668.9,584092
669,584101
669.1,584089
669.2,584095
669.3,584091
669.4,584082
669.5,584088
669.6,584092
669.7,584095
669.8,584088
669.9,584102
670,584087
670.1,584094
670.2,584084
670.3,584093
670.4,584091
670.5,584087
670.6,584093
670.7,584099
670.8,584087
670.9,584101
671,584093
671.1,584086
671.2,584100
671.3,584106
671.4,584102
671.5,584092
671.6,584090
671.7,584091
671.8,584099
671.9,584090
672,584085
672.1,584091
672.2,584092
672.3,584105
672.4,584088
672.5,584080
672.6,584086
672.7,584097
672.8,584103
672.9,584093
673,584091
673.1,584081
673.2,584084
673.3,584092
673.4,584098
673.5,584091
673.6,584089
673.7,584092
673.8,584087
673.9,584088
674,584088
674.1,584086
674.2,584086
674.3,584092
674.4,584090
674.5,584085
674.6,584098
674.7,584104
674.8,584086
674.9,584096
675,584104
675.1,584081
675.2,584094
675.3,584089
675.4,584100
675.5,584095
675.6,584095
675.7,584077
675.8,584098
675.9,584093
676,584088
676.1,584099
676.2,584099
676.3,584089
676.4,584104
676.5,584107
676.6,584107
676.7,584086
676.8,584086
676.9,584086
677,584099
677.1,584089
677.2,584089
677.3,584089
677.4,584097
677.5,584104
677.6,584081
677.7,584086
677.8,584091
677.9,584093
678,584078
678.1,584099
678.2,584091
678.3,584088
678.4,584093
678.5,584090
678.6,584093
678.7,584087
678.8,584092
678.9,584089
679,584087
679.1,584089
679.2,584086
679.3,584091
679.4,584091
679.5,584082
679.6,584090
679.7,584090
679.8,584076
679.9,584100
680,584086
680.1,584091
680.2,584093
680.3,584079
680.4,584084
680.5,584097
680.6,584099
680.7,584088
680.8,584082
680.9,584095
681,584097
681.1,584086
681.2,584091
681.3,584095
681.4,584084
681.5,584107
681.6,584091
681.7,584082
681.8,584087
681.9,584084
682,584086
682.1,584085
682.2,584100
682.3,584091
682.4,584109
682.5,584085
682.6,584105
682.7,584099
682.8,584106
682.9,584105
683,584094
683.1,584086
683.2,584098
683.3,584092
683.4,584085
683.5,584090
683.6,584097
683.7,584094
683.8,584085
683.9,584084
684,584091
684.1,584100
684.2,584089
684.3,584093
684.4,584087
684.5,584091
684.6,584096
684.7,584089
684.8,584094
684.9,584093
685,584092
685.1,584085
685.2,584081
685.3,584086
685.4,584098
685.5,584097
685.6,584090
685.7,584089
685.8,584093
685.9,584092
686,584096
686.1,584095
686.2,584088
686.3,584095
686.4,584102
686.5,584090
686.6,584094
686.7,584095
686.8,584096
686.9,584090
687,584086
687.1,584098
687.2,584102
687.3,584087
687.4,584088
687.5,584097
687.6,584086
687.7,584079
687.8,584093
687.9,584089
688,584080
688.1,584096
688.2,584085
688.3,584091
688.4,584092
688.5,584093
688.6,584102
688.7,584103
688.8,584099
688.9,584105
689,584088
689.1,584089
689.2,584093
689.3,584086
689.4,584100
689.5,584098
689.6,584086
689.7,584103
689.8,584101
689.9,584099
690,584095
690.1,584101
690.2,584099
690.3,584092
690.4,584098
690.5,584096
690.6,584100
690.7,584093
690.8,584091
690.9,584097
691,584098
691.1,584096
691.2,584094
691.3,584097
691.4,584095
691.5,584094
691.6,584094
691.7,584087
691.8,584098
691.9,584096
692,584105
692.1,584092
692.2,584085
692.3,584091
692.4,584096
692.5,584092
692.6,584087
692.7,584098
692.8,584091
692.9,584094
693,584094
693.1,584098
693.2,584101
693.3,584101
693.4,584086
693.5,584091
693.6,584089
693.7,584089
693.8,584093
693.9,584098
694,584088
694.1,584096
694.2,584094
694.3,584084
694.4,584095
694.5,584095
694.6,584093
694.7,584098
694.8,584090
694.9,584088
695,584086
695.1,584091
695.2,584097
695.3,584081
695.4,584086
695.5,584092
695.6,584081
695.7,584081
695.8,584079
695.9,584092
696,584095
696.1,584092
696.2,584090
696.3,584077
696.4,584087
696.5,584087
696.6,584082
696.7,584082
696.8,584087
696.9,584085
697,584100
697.1,584100
697.2,584095
697.3,584076
697.4,584089
697.5,584089
697.6,584089
697.7,584094
697.8,584099
697.9,584086
698,584089
698.1,584099
698.2,584096
698.3,584088
698.4,584093
698.5,584090
698.6,584093
698.7,584100
698.8,584092
698.9,584083
699,584083
699.1,584085
699.2,584096
699.3,584080
699.4,584087
699.5,584079
699.6,584083
699.7,584080
699.8,584091
699.9,584101
700,584085
700.1,584092
700.2,584089
700.3,584086
700.4,584085
700.5,584085
700.6,584090
700.7,584081
700.8,584096
700.9,584101
701,584098
701.1,584084
701.2,584081
701.3,584094
701.4,584085
701.5,584100
701.6,584087
701.7,584097
701.8,584088
701.9,584087
702,584078
702.1,584096
702.2,584093
702.3,584089
702.4,584094
702.5,584093
702.6,584090
702.7,584094
702.8,584083
702.9,584093
703,584092
703.1,584091
703.2,584085
703.3,584084
703.4,584083
703.5,584085
703.6,584092
703.7,584098
703.8,584087
703.9,584084
704,584088
704.1,584092
704.2,584091
704.3,584082
704.4,584102
704.5,584090
704.6,584092
704.7,584094
704.8,584090
704.9,584099
705,584090
705.1,584097
705.2,584083
705.3,584082
705.4,584086
705.5,584087
705.6,584081
705.7,584087
705.8,584097
705.9,584098
706,584078
706.1,584077
706.2,584089
706.3,584085
706.4,584094
706.5,584085
706.6,584084
706.7,584082
706.8,584081
706.9,584090
707,584096
707.1,584090
707.2,584088
707.3,584095
707.4,584093
707.5,584100
707.6,584095
707.7,584097
707.8,584077
707.9,584091
708,584090
708.1,584093
708.2,584092
708.3,584087
708.4,584097
708.5,584087
708.6,584091
708.7,584094
708.8,584093
708.9,584104
709,584100
709.1,584096
709.2,584099
709.3,584090
709.4,584088
709.5,584097
709.6,584108
709.7,584099
709.8,584094
709.9,584092
710,584091
710.1,584099
710.2,584098
710.3,584096
710.4,584094
710.5,584087
710.6,584085
710.7,584088
710.8,584092
710.9,584090
711,584101
711.1,584091
711.2,584094
711.3,584084
711.4,584082
711.5,584086
711.6,584089
711.7,584095
711.8,584085
711.9,584093
712,584091
712.1,584087
712.2,584090
712.3,584088
712.4,584083
712.5,584094
712.6,584092
712.7,584092
712.8,584098
712.9,584096
713,584099
713.1,584086
713.2,584105
713.3,584100
713.4,584098
713.5,584096
713.6,584093
713.7,584102
713.8,584091
713.9,584081
714,584100
714.1,584084
714.2,584100
714.3,584098
714.4,584091
714.5,584096
714.6,584086
714.7,584099
714.8,584088
714.9,584091
715,584092
715.1,584081
715.2,584089
715.3,584094
715.4,584084
715.5,584100
715.6,584089
715.7,584082
715.8,584079
715.9,584092
716,584082
716.1,584084
716.2,584092
716.3,584095
716.4,584085
716.5,584098
716.6,584087
716.7,584084
716.8,584084
716.9,584087
717,584089
717.1,584095
717.2,584092
717.3,584097
717.4,584091
717.5,584094
717.6,584102
717.7,584093
717.8,584085
717.9,584088
718,584093
718.1,584095
718.2,584095
718.3,584092
718.4,584084
718.5,584081
718.6,584091
718.7,584101
718.8,584096
718.9,584088
719,584095
719.1,584094
719.2,584094
719.3,584099
719.4,584088
719.5,584088
719.6,584090
719.7,584097
719.8,584099
719.9,584080
720,584090
720.1,584098
720.2,584087
720.3,584086
720.4,584104
720.5,584100
720.6,584082
720.7,584089
720.8,584086
720.9,584090
721,584103
721.1,584099
721.2,584091
721.3,584088
721.4,584092
721.5,584089
721.6,584098
721.7,584082
721.8,584105
721.9,584101
722,584093
722.1,584097
722.2,584094
722.3,584090
722.4,584087
722.5,584094
722.6,584096
722.7,584092
722.8,584097
722.9,584106
723,584095
723.1,584091
723.2,584093
723.3,584103
723.4,584099
723.5,584108
723.6,584089
723.7,584101
723.8,584087
723.9,584099
724,584095
724.1,584105
724.2,584103
724.3,584105
724.4,584107
724.5,584093
724.6,584110
724.7,584106
724.8,584092
724.9,584096
725,584092
725.1,584093
725.2,584090
725.3,584093
725.4,584093
725.5,584091
725.6,584092
725.7,584096
725.8,584098
725.9,584099
726,584095
726.1,584099
726.2,584095
726.3,584096
726.4,584095
726.5,584083
726.6,584087
726.7,584093
726.8,584097
726.9,584093
727,584100
727.1,584103
727.2,584099
727.3,584092
727.4,584083
727.5,584079
727.6,584093
727.7,584097
727.8,584100
727.9,584088
728,584095
728.1,584098
728.2,584094
728.3,584097
728.4,584085
728.5,584102
728.6,584095
728.7,584085
728.8,584094
728.9,584101
729,584091
729.1,584100
729.2,584103
729.3,584099
729.4,584094
729.5,584090
729.6,584085
729.7,584081
729.8,584103
729.9,584098
730,584107
730.1,584095
730.2,584103
730.3,584093
730.4,584094
730.5,584090
730.6,584093
730.7,584093
730.8,584091
730.9,584094
731,584082
731.1,584112
731.2,584099
731.3,584094
731.4,584100
731.5,584101
731.6,584086
731.7,584094
731.8,584089
731.9,584084
732,584085
732.1,584093
732.2,584099
732.3,584094
732.4,584110
732.5,584095
732.6,584104
732.7,584093
732.8,584104
732.9,584086
733,584094
733.1,584108
733.2,584103
733.3,584095
733.4,584098
733.5,584096
733.6,584096
733.7,584089
733.8,584086
733.9,584100
734,584099
734.1,584094
734.2,584087
734.3,584095
734.4,584095
734.5,584096
734.6,584101
734.7,584106
734.8,584090
734.9,584093
735,584093
735.1,584093
735.2,584101
735.3,584099
735.4,584093
735.5,584088
735.6,584096
735.7,584091
735.8,584085
735.9,584096
736,584090
736.1,584085
736.2,584093
736.3,584093
736.4,584088
736.5,584106
736.6,584095
736.7,584103
736.8,584089
736.9,584097
737,584097
737.1,584100
737.2,584089
737.3,584099
737.4,584099
737.5,584093
737.6,584091
737.7,584101
737.8,584098
737.9,584105
738,584102
738.1,584102
738.2,584086
738.3,584117
738.4,584088
738.5,584098
738.6,584100
738.7,584086
738.8,584099
738.9,584104
739,584111
739.1,584092
739.2,584095
739.3,584102
739.4,584096
739.5,584093
739.6,584088
739.7,584092
739.8,584089
739.9,584091
740,584096
740.1,584095
740.2,584084
740.3,584099
740.4,584093
740.5,584087
740.6,584102
740.7,584096
740.8,584090
740.9,584084
741,584102
741.1,584083
741.2,584090
741.3,584097
741.4,584096
741.5,584090
741.6,584090
741.7,584086
741.8,584088
741.9,584103
742,584102
742.1,584096
742.2,584090
742.3,584083
742.4,584101
742.5,584087
742.6,584102
742.7,584103
742.8,584105
742.9,584093
743,584092
743.1,584109
743.2,584103
743.3,584087
743.4,584088
743.5,584103
743.6,584096
743.7,584106
743.8,584105
743.9,584098
744,584092
744.1,584101
744.2,584103
744.3,584104
744.4,584098
744.5,584107
744.6,584100
744.7,584094
744.8,584098
744.9,584107
745,584101
745.1,584094
745.2,584109
745.3,584092
745.4,584109
745.5,584110
745.6,584103
745.7,584097
745.8,584098
745.9,584099
746,584103
746.1,584112
746.2,584100
746.3,584099
746.4,584108
746.5,584101
746.6,584094
746.7,584106
746.8,584097
746.9,584105
747,584094
747.1,584092
747.2,584106
747.3,584099
747.4,584092
747.5,584096
747.6,584089
747.7,584103
747.8,584096
747.9,584095
748,584103
748.1,584096
748.2,584105
748.3,584098
748.4,584107
748.5,584097
748.6,584104
748.7,584091
748.8,584100
748.9,584106
749,584096
749.1,584089
749.2,584103
749.3,584101
749.4,584110
749.5,584103
749.6,584095
749.7,584104
749.8,584097
749.9,584097
750,584096
750.1,584096
750.2,584089
750.3,584097
750.4,584103
750.5,584104
750.6,584097
750.7,584105
750.8,584103
750.9,584098
751,584099
751.1,584091
751.2,584100
751.3,584106
751.4,584101
751.5,584099
751.6,584091
751.7,584092
751.8,584097
751.9,584090
752,584106
752.1,584102
752.2,584099
752.3,584091
752.4,584089
752.5,584095
752.6,584090
752.7,584098
752.8,584111
752.9,584098
753,584086
753.1,584097
753.2,584102
753.3,584089
753.4,584097
753.5,584097
753.6,584097
753.7,584105
753.8,584108
753.9,584095
754,584088
754.1,584096
754.2,584090
754.3,584090
754.4,584109
754.5,584101
754.6,584093
754.7,584093
754.8,584093
754.9,584093
755,584093
755.1,584091
755.2,584104
755.3,584085
755.4,584093
755.5,584085
755.6,584101
755.7,584090
755.8,584095
755.9,584098
756,584084
756.1,584108
756.2,584092
756.3,584097
756.4,584087
756.5,584094
756.6,584094
756.7,584099
756.8,584109
756.9,584088
757,584093
757.1,584103
757.2,584097
757.3,584092
757.4,584107
757.5,584099
757.6,584099
757.7,584085
757.8,584093
757.9,584100
758,584089
758.1,584086
758.2,584107
758.3,584091
758.4,584095
758.5,584105
758.6,584091
758.7,584096
758.8,584096
758.9,584087
759,584098
759.1,584089
759.2,584091
759.3,584098
759.4,584090
759.5,584102
759.6,584094
759.7,584091
759.8,584093
759.9,584092
760,584099
760.1,584090
760.2,584090
760.3,584094
760.4,584094
760.5,584088
760.6,584102
760.7,584107
760.8,584090
760.9,584090
761,584094
761.1,584083
761.2,584082
761.3,584104
761.4,584088
761.5,584087
761.6,584099
761.7,584096
761.8,584100
761.9,584091
762,584090
762.1,584092
762.2,584093
762.3,584090
762.4,584086
762.5,584096
762.6,584087
762.7,584091
762.8,584092
762.9,584091
763,584082
763.1,584087
763.2,584080
763.3,584087
763.4,584086
763.5,584085
763.6,584083
763.7,584101
763.8,584086
763.9,584098
764,584100
764.1,584093
764.2,584105
764.3,584093
764.4,584084
764.5,584096
764.6,584097
764.7,584096
764.8,584097
764.9,584101
765,584105
765.1,584090
765.2,584094
765.3,584095
765.4,584094
765.5,584098
765.6,584089
765.7,584093
765.8,584091
765.9,584097
766,584104
766.1,584094
766.2,584093
766.3,584097
766.4,584087
766.5,584096
766.6,584089
766.7,584082
766.8,584094
766.9,584090
767,584093
767.1,584086
767.2,584100
767.3,584099
767.4,584099
767.5,584095
767.6,584086
767.7,584089
767.8,584090
767.9,584088
768,584110
768.1,584085
768.2,584088
768.3,584100
768.4,584087
768.5,584093
768.6,584099
768.7,584089
768.8,584095
768.9,584088
769,584094
769.1,584092
769.2,584093
769.3,584093
769.4,584081
769.5,584092
769.6,584090
769.7,584088
769.8,584094
769.9,584092
770,584090
770.1,584086
770.2,584086
770.3,584092
770.4,584090
770.5,584095
770.6,584101
770.7,584099
770.8,584097
770.9,584102
771,584084
771.1,584114
771.2,584088
771.3,584094
771.4,584099
771.5,584097
771.6,584095
771.7,584100
771.8,584090
771.9,584096
772,584085
772.1,584091
772.2,584096
772.3,584105
772.4,584092
772.5,584103
772.6,584092
772.7,584085
772.8,584098
772.9,584093
773,584104
773.1,584101
773.2,584099
773.3,584099
773.4,584083
773.5,584109
773.6,584104
773.7,584092
773.8,584099
773.9,584105
774,584104
774.1,584104
774.2,584105
774.3,584099
774.4,584087
774.5,584097
774.6,584094
774.7,584099
774.8,584104
774.9,584094
775,584086
775.1,584094
775.2,584101
775.3,584098
775.4,584098
775.5,584093
775.6,584082
775.7,584098
775.8,584105
775.9,584097
776,584102
776.1,584092
776.2,584102
776.3,584096
776.4,584086
776.5,584091
776.6,584111
776.7,584093
776.8,584090
776.9,584094
777,584089
777.1,584091
777.2,584091
777.3,584088
777.4,584093
777.5,584095
777.6,584084
777.7,584089
777.8,584101
777.9,584080
778,584090
778.1,584084
778.2,584081
778.3,584086
778.4,584098
778.5,584095
778.6,584092
778.7,584096
778.8,584101
778.9,584106
779,584094
779.1,584083
779.2,584088
779.3,584085
779.4,584097
779.5,584096
779.6,584106
779.7,584087
779.8,584089
779.9,584086
780,584092
780.1,584097
780.2,584101
780.3,584098
780.4,584100
780.5,584096
780.6,584085
780.7,584100
780.8,584096
780.9,584106
781,584089
781.1,584089
781.2,584093
781.3,584092
781.4,584090
781.5,584092
781.6,584091
781.7,584090
781.8,584100
781.9,584091
782,584095
782.1,584099
782.2,584096
782.3,584100
782.4,584093
782.5,584095
782.6,584102
782.7,584093
782.8,584089
782.9,584104
783,584092
783.1,584096
783.2,584092
783.3,584104
783.4,584108
783.5,584096
783.6,584106
783.7,584104
783.8,584092
783.9,584088
784,584092
784.1,584088
784.2,584092
784.3,584104
784.4,584092
784.5,584088
784.6,584092
784.7,584088
784.8,584100
784.9,584103
785,584107
785.1,584103
785.2,584083
785.3,584095
785.4,584091
785.5,584094
785.6,584098
785.7,584083
785.8,584084
785.9,584099
786,584095
786.1,584093
786.2,584099
786.3,584102
786.4,584096
786.5,584107
786.6,584098
786.7,584091
786.8,584110
786.9,584092
787,584111
787.1,584105
787.2,584085
787.3,584099
787.4,584102
787.5,584093
787.6,584091
787.7,584097
787.8,584100
787.9,584101
788,584091
788.1,584097
788.2,584095
788.3,584094
788.4,584097
788.5,584092
788.6,584095
788.7,584099
788.8,584097
788.9,584084
789,584093
789.1,584101
789.2,584091
789.3,584092
789.4,584098
789.5,584093
789.6,584104
789.7,584097
789.8,584087
789.9,584090
790,584096
790.1,584088
790.2,584097
790.3,584097
790.4,584095
790.5,584098
790.6,584101
790.7,584101
790.8,584097
790.9,584100
791,584097
791.1,584092
791.2,584103
791.3,584103
791.4,584112
791.5,584101
791.6,584097
791.7,584099
791.8,584094
791.9,584097
792,584111
792.1,584098
792.2,584111
792.3,584106
792.4,584095
792.5,584098
792.6,584106
792.7,584114
792.8,584094
792.9,584096
793,584101
793.1,584110
793.2,584097
793.3,584105
793.4,584102
793.5,584094
793.6,584091
793.7,584102
793.8,584096
793.9,584089
794,584107
794.1,584110
794.2,584102
794.3,584099
794.4,584101
794.5,584101
794.6,584104
794.7,584091
794.8,584093
794.9,584098
795,584087
795.1,584100
795.2,584092
795.3,584102
795.4,584110
795.5,584110
795.6,584094
795.7,584096
795.8,584098
795.9,584100
796,584103
796.1,584103
796.2,584102
796.3,584099
796.4,584096
796.5,584093
796.6,584100
796.7,584097
796.8,584105
796.9,584097
797,584093
797.1,584103
797.2,584092
797.3,584089
797.4,584102
797.5,584104
797.6,584096
797.7,584103
797.8,584092
797.9,584094
798,584101
798.1,584108
798.2,584095
798.3,584097
798.4,584114
798.5,584090
798.6,584097
798.7,584099
798.8,584096
798.9,584097
799,584089
799.1,584106
799.2,584093
799.3,584095
799.4,584099
799.5,584093
799.6,584095
799.7,584094
799.8,584103
799.9,584097
800,584097
800.1,584093
800.2,584097
800.3,584089
800.4,584088
800.5,584097
800.6,584107
800.7,584095
800.8,584095
800.9,584096
801,584082
801.1,584095
801.2,584098
801.3,584095
801.4,584104
801.5,584105
801.6,584105
801.7,584104
801.8,584105
801.9,584107
802,584108
802.1,584094
802.2,584095
802.3,584097
802.4,584088
802.5,584095
802.6,584106
802.7,584108
802.8,584109
802.9,584087
803,584094
803.1,584095
803.2,584088
803.3,584105
803.4,584107
803.5,584092
803.6,584086
803.7,584095
803.8,584088
803.9,584108
804,584088
804.1,584105
804.2,584096
804.3,584097
804.4,584090
804.5,584091
804.6,584093
804.7,584086
804.8,584092
804.9,584104
805,584105
805.1,584106
805.2,584089
805.3,584095
805.4,584096
805.5,584107
805.6,584101
805.7,584096
805.8,584087
805.9,584093
806,584105
806.1,584087
806.2,584096
806.3,584097
806.4,584098
806.5,584091
806.6,584092
806.7,584092
806.8,584098
806.9,584094
807,584095
807.1,584098
807.2,584086
807.3,584081
807.4,584088
807.5,584094
807.6,584094
807.7,584095
807.8,584104
807.9,584083
808,584105
808.1,584090
808.2,584094
808.3,584102
808.4,584092
808.5,584092
808.6,584101
808.7,584094
808.8,584100
808.9,584082
809,584101
809.1,584093
809.2,584094
809.3,584094
809.4,584092
809.5,584108
809.6,584098
809.7,584101
809.8,584094
809.9,584094
810,584095
810.1,584087
810.2,584095
810.3,584093
810.4,584104
810.5,584104
810.6,584112
810.7,584087
810.8,584103
810.9,584103
811,584103
811.1,584098
811.2,584104
811.3,584109
811.4,584083
811.5,584104
811.6,584089
811.7,584094
811.8,584110
811.9,584102
812,584110
812.1,584105
812.2,584089
812.3,584111
812.4,584095
812.5,584103
812.6,584095
812.7,584095
812.8,584095
812.9,584095
813,584103
813.1,584090
813.2,584090
813.3,584106
813.4,584100
813.5,584106
813.6,584106
813.7,584090
813.8,584090
813.9,584095
814,584105
814.1,584102
814.2,584094
814.3,584100
814.4,584099
814.5,584107
814.6,584099
814.7,584099
814.8,584083
814.9,584109
815,584103
815.1,584103
815.2,584108
815.3,584092
815.4,584092
815.5,584091
815.6,584099
815.7,584091
815.8,584090
815.9,584095
816,584108
816.1,584092
816.2,584107
816.3,584101
816.4,584093
816.5,584098
816.6,584103
816.7,584108
816.8,584102
816.9,584096
817,584095
817.1,584095
817.2,584099
817.3,584104
817.4,584104
817.5,584093
817.6,584092
817.7,584099
817.8,584088
817.9,584095
818,584087
818.1,584099
818.2,584096
818.3,584096
818.4,584103
818.5,584094
818.6,584093
818.7,584100
818.8,584089
818.9,584086
819,584085
819.1,584095
819.2,584094
819.3,584093
819.4,584105
819.5,584089
819.6,584091
819.7,584103
819.8,584102
819.9,584101
820,584108
820.1,584107
820.2,584095
820.3,584108
820.4,584101
820.5,584095
820.6,584094
820.7,584093
820.8,584110
820.9,584109
821,584100
821.1,584099
821.2,584098
821.3,584097
821.4,584101
821.5,584094
821.6,584091
821.7,584097
821.8,584102
821.9,584100
822,584099
822.1,584098
822.2,584097
822.3,584095
822.4,584092
822.5,584088
822.6,584102
822.7,584101
822.8,584100
822.9,584098
823,584097
823.1,584109
823.2,584097
823.3,584095
823.4,584104
823.5,584090
823.6,584094
823.7,584098
823.8,584109
823.9,584092
824,584096
824.1,584102
824.2,584109
824.3,584099
824.4,584088
824.5,584086
824.6,584098
824.7,584096
824.8,584102
824.9,584093
825,584102
825.1,584095
825.2,584093
825.3,584097
825.4,584101
825.5,584099
825.6,584102
825.7,584103
825.8,584094
825.9,584097
826,584096
826.1,584105
826.2,584100
826.3,584106
826.4,584096
826.5,584094
826.6,584092
826.7,584094
826.8,584100
826.9,584098
827,584103
827.1,584101
827.2,584084
827.3,584095
827.4,584109
827.5,584112
827.6,584095
827.7,584108
827.8,584083
827.9,584096
828,584102
828.1,584100
828.2,584104
828.3,584107
828.4,584105
828.5,584103
828.6,584095
828.7,584114
828.8,584096
828.9,584094
829,584103
829.1,584106
829.2,584099
829.3,584096
829.4,584102
829.5,584100
829.6,584100
829.7,584098
829.8,584101
829.9,584094
830,584091
830.1,584097
830.2,584113
830.3,584087
830.4,584100
830.5,584096
830.6,584088
830.7,584099
830.8,584102
830.9,584096
831,584094
831.1,584102
831.2,584100
831.3,584100
831.4,584098
831.5,584098
831.6,584090
831.7,584092
831.8,584095
831.9,584093
832,584101
832.1,584101
832.2,584093
832.3,584106
832.4,584093
832.5,584096
832.6,584093
832.7,584103
832.8,584098
832.9,584088
833,584085
833.1,584090
833.2,584101
833.3,584098
833.4,584101
833.5,584098
833.6,584087
833.7,584092
833.8,584092
833.9,584105
834,584094
834.1,584092
834.2,584100
834.3,584097
834.4,584094
834.5,584091
834.6,584096
834.7,584093
834.8,584087
834.9,584090
835,584098
835.1,584097
835.2,584094
835.3,584089
835.4,584094
835.5,584096
835.6,584093
835.7,584087
835.8,584100
835.9,584091
836,584101
836.1,584090
836.2,584095
836.3,584092
836.4,584094
836.5,584089
836.6,584085
836.7,584101
836.8,584092
836.9,584089
837,584091
837.1,584093
837.2,584095
837.3,584092
837.4,584089
837.5,584093
837.6,584090
837.7,584094
837.8,584094
837.9,584096
838,584087
838.1,584100
838.2,584104
838.3,584085
838.4,584092
838.5,584089
838.6,584112
838.7,584085
838.8,584105
838.9,584101
839,584103
839.1,584094
839.2,584090
839.3,584098
839.4,584094
839.5,584106
839.6,584095
839.7,584091
839.8,584095
839.9,584092
840,584099
840.1,584087
840.2,584094
840.3,584091
840.4,584110
840.5,584101
840.6,584087
840.7,584089
840.8,584098
840.9,584094
841,584091
841.1,584087
841.2,584099
841.3,584108
841.4,584086
841.5,584090
841.6,584105
841.7,584101
841.8,584089
841.9,584099
842,584092
842.1,584096
842.2,584092
842.3,584109
842.4,584110
842.5,584099
842.6,584087
842.7,584091
842.8,584087
842.9,584091
843,584097
843.1,584106
843.2,584102
843.3,584085
843.4,584086
843.5,584095
843.6,584083
843.7,584092
843.8,584101
843.9,584097
844,584093
844.1,584089
844.2,584092
844.3,584099
844.4,584095
844.5,584083
844.6,584099
844.7,584100
844.8,584096
844.9,584089
845,584093
845.1,584094
845.2,584097
845.3,584091
845.4,584092
845.5,584093
845.6,584083
845.7,584107
845.8,584087
845.9,584104
846,584089
846.1,584098
846.2,584093
846.3,584089
846.4,584092
846.5,584085
846.6,584094
846.7,584089
846.8,584092
846.9,584086
847,584089
847.1,584113
847.2,584093
847.3,584088
847.4,584099
847.5,584084
847.6,584092
847.7,584091
847.8,584094
847.9,584089
848,584092
848.1,584080
848.2,584080
848.3,584089
848.4,584087
848.5,584088
848.6,584091
848.7,584086
848.8,584094
848.9,584089
849,584090
849.1,584090
849.2,584093
849.3,584104
849.4,584084
849.5,584082
849.6,584092
849.7,584087
849.8,584082
849.9,584096
850,584102
850.1,584089
850.2,584107
850.3,584102
850.4,584082
850.5,584097
850.6,584098
850.7,584096
850.8,584099
850.9,584101
851,584096
851.1,584099
851.2,584104
851.3,584083
851.4,584091
851.5,584092
851.6,584095
851.7,584089
851.8,584103
851.9,584105
852,584084
852.1,584094
852.2,584092
852.3,584092
852.4,584092
852.5,584103
852.6,584105
852.7,584100
852.8,584092
852.9,584092
853,584097
853.1,584108
853.2,584102
853.3,584097
853.4,584091
853.5,584104
853.6,584088
853.7,584088
853.8,584091
853.9,584085
854,584101
854.1,584101
854.2,584103
854.3,584097
854.4,584097
854.5,584097
854.6,584094
854.7,584088
854.8,584091
854.9,584101
855,584095
855.1,584092
855.2,584084
855.3,584084
855.4,584094
855.5,584088
855.6,584082
855.7,584103
855.8,584089
855.9,584094
856,584081
856.1,584088
856.2,584095
856.3,584082
856.4,584084
856.5,584088
856.6,584090
856.7,584090
856.8,584089
856.9,584094
857,584088
857.1,584090
857.2,584092
857.3,584091
857.4,584091
857.5,584096
857.6,584095
857.7,584099
857.8,584101
857.9,584087
858,584092
858.1,584093
858.2,584090
858.3,584092
858.4,584089
858.5,584083
858.6,584092
858.7,584091
858.8,584090
858.9,584092
859,584089
859.1,584088
859.2,584095
859.3,584097
859.4,584090
859.5,584092
859.6,584104
859.7,584090
859.8,584087
859.9,584091
860,584085
860.1,584086
860.2,584088
860.3,584095
860.4,584101
860.5,584106
860.6,584099
860.7,584104
860.8,584092
860.9,584091
861,584100
861.1,584104
861.2,584098
861.3,584097
861.4,584095
861.5,584100
861.6,584099
861.7,584094
861.8,584096
861.9,584094
862,584093
862.1,584084
862.2,584104
862.3,584103
862.4,584104
862.5,584097
862.6,584096
862.7,584095
862.8,584093
862.9,584100
863,584090
863.1,584089
863.2,584095
863.3,584102
863.4,584085
863.5,584099
863.6,584092
863.7,584096
863.8,584081
863.9,584093
864,584102
864.1,584103
864.2,584096
864.3,584102
864.4,584101
864.5,584081
864.6,584090
864.7,584090
864.8,584105
864.9,584095
865,584101
865.1,584100
865.2,584098
865.3,584104
865.4,584095
865.5,584093
865.6,584086
865.7,584090
865.8,584098
865.9,584091
866,584095
866.1,584090
866.2,584109
866.3,584097
866.4,584090
866.5,584111
866.6,584102
866.7,584092
866.8,584096
866.9,584088
867,584100
867.1,584092
867.2,584109
867.3,584112
867.4,584095
867.5,584108
867.6,584085
867.7,584096
867.8,584089
867.9,584092
868,584095
868.1,584101
868.2,584094
868.3,584113
868.4,584087
868.5,584085
868.6,584101
868.7,584094
868.8,584107
868.9,584105
869,584108
869.1,584090
869.2,584104
869.3,584102
869.4,584094
869.5,584092
869.6,584097
869.7,584087
869.8,584101
869.9,584090
870,584088
870.1,584091
870.2,584097
870.3,584105
870.4,584097
870.5,584089
870.6,584108
870.7,584090
870.8,584108
870.9,584098
871,584098
871.1,584090
871.2,584103
871.3,584085
871.4,584088
871.5,584080
871.6,584099
871.7,584102
871.8,584094
871.9,584091
872,584099
872.1,584096
872.2,584088
872.3,584107
872.4,584110
872.5,584097
872.6,584099
872.7,584097
872.8,584104
872.9,584107
873,584088
873.1,584091
873.2,584104
873.3,584101
873.4,584099
873.5,584098
873.6,584093
873.7,584090
873.8,584087
873.9,584092
874,584097
874.1,584092
874.2,584089
874.3,584094
874.4,584094
874.5,584109
874.6,584096
874.7,584090
874.8,584095
874.9,584092
875,584097
875.1,584094
875.2,584102
875.3,584096
875.4,584091
875.5,584082
875.6,584100
875.7,584092
875.8,584091
875.9,584093
876,584085
876.1,584105
876.2,584094
876.3,584083
876.4,584101
876.5,584098
876.6,584089
876.7,584104
876.8,584107
876.9,584098
877,584100
877.1,584087
877.2,584099
877.3,584088
877.4,584087
877.5,584100
877.6,584096
877.7,584095
877.8,584105
877.9,584081
878,584083
878.1,584093
878.2,584092
878.3,584083
878.4,584087
878.5,584092
878.6,584088
878.7,584098
878.8,584090
878.9,584099
879,584095
879.1,584087
879.2,584089
879.3,584093
879.4,584102
879.5,584099
879.6,584101
879.7,584092
879.8,584098
879.9,584092
880,584091
880.1,584087
880.2,584092
880.3,584086
880.4,584087
880.5,584084
880.6,584082
880.7,584086
880.8,584077
880.9,584087
881,584096
881.1,584090
881.2,584086
881.3,584098
881.4,584081
881.5,584093
881.6,584097
881.7,584093
881.8,584081
881.9,584085
882,584095
882.1,584096
882.2,584092
882.3,584103
882.4,584100
882.5,584090
882.6,584084
882.7,584093
882.8,584095
882.9,584096
883,584102
883.1,584098
883.2,584094
883.3,584096
883.4,584092
883.5,584087
883.6,584091
883.7,584100
883.8,584104
883.9,584097
884,584096
884.1,584094
884.2,584095
884.3,584096
884.4,584097
884.5,584091
884.6,584097
884.7,584098
884.8,584096
884.9,584097
885,584098
885.1,584104
885.2,584089
885.3,584106
885.4,584097
885.5,584092
885.6,584093
885.7,584097
885.8,584095
885.9,584095
886,584104
886.1,584098
886.2,584099
886.3,584097
886.4,584094
886.5,584095
886.6,584088
886.7,584089
886.8,584087
886.9,584104
887,584094
887.1,584089
887.2,584085
887.3,584101
887.4,584109
887.5,584084
887.6,584092
887.7,584085
887.8,584097
887.9,584105
888,584100
888.1,584098
888.2,584106
888.3,584107
888.4,584092
888.5,584082
888.6,584101
888.7,584104
888.8,584099
888.9,584094
889,584095
889.1,584090
889.2,584098
889.3,584085
889.4,584086
889.5,584087
889.6,584095
889.7,584100
889.8,584101
889.9,584104
890,584099
890.1,584094
890.2,584091
890.3,584094
890.4,584089
890.5,584100
890.6,584079
890.7,584093
890.8,584096
890.9,584088
891,584104
891.1,584093
891.2,584094
891.3,584091
891.4,584102
891.5,584097
891.6,584096
891.7,584089
891.8,584089
891.9,584092
892,584087
892.1,584092
892.2,584092
892.3,584108
892.4,584084
892.5,584100
892.6,584089
892.7,584089
892.8,584084
892.9,584079
893,584105
893.1,584091
893.2,584091
893.3,584086
893.4,584091
893.5,584091
893.6,584088
893.7,584096
893.8,584093
893.9,584093
894,584093
894.1,584093
894.2,584093
894.3,584092
894.4,584097
894.5,584097
894.6,584104
894.7,584086
894.8,584094
894.9,584088
895,584088
895.1,584093
895.2,584095
895.3,584097
895.4,584094
895.5,584086
895.6,584088
895.7,584093
895.8,584101
895.9,584092
896,584089
896.1,584096
896.2,584091
896.3,584093
896.4,584085
896.5,584081
896.6,584096
896.7,584088
896.8,584101
896.9,584095
897,584102
897.1,584091
897.2,584098
897.3,584105
897.4,584105
897.5,584104
897.6,584098
897.7,584092
897.8,584094
897.9,584096
898,584095
898.1,584102
898.2,584096
898.3,584083
898.4,584095
898.5,584082
898.6,584089
898.7,584090
898.8,584092
898.9,584099
899,584098
899.1,584097
899.2,584097
899.3,584093
899.4,584087
899.5,584081
899.6,584087
899.7,584087
899.8,584086
899.9,584093
900,584087
900.1,584091
900.2,584093
900.3,584092
900.4,584093
900.5,584087
900.6,584086
900.7,584092
900.8,584097
900.9,584106
901,584100
901.1,584095
901.2,584094
901.3,584093
901.4,584092
901.5,584091
901.6,584098
901.7,584089
901.8,584088
901.9,584094
902,584098
902.1,584097
902.2,584091
902.3,584097
902.4,584104
902.5,584092
902.6,584086
902.7,584095
902.8,584101
902.9,584089
903,584101
903.1,584108
903.2,584093
903.3,584084
903.4,584098
903.5,584105
903.6,584103
903.7,584091
903.8,584098
903.9,584104
904,584103
904.1,584101
904.2,584105
904.3,584099
904.4,584099
904.5,584093
904.6,584104
904.7,584097
904.8,584096
904.9,584089
905,584093
905.1,584094
905.2,584092
905.3,584098
905.4,584099
905.5,584098
905.6,584096
905.7,584094
905.8,584100
905.9,584083
906,584105
906.1,584100
906.2,584093
906.3,584097
906.4,584095
906.5,584083
906.6,584089
906.7,584095
906.8,584090
906.9,584099
907,584087
907.1,584103
907.2,584101
907.3,584089
907.4,584105
907.5,584088
907.6,584094
907.7,584097
907.8,584089
907.9,584082
908,584096
908.1,584104
908.2,584105
908.3,584095
908.4,584088
908.5,584083
908.6,584105
908.7,584108
908.8,584095
908.9,584093
909,584107
909.1,584097
909.2,584100
909.3,584106
909.4,584099
909.5,584099
909.6,584099
909.7,584097
909.8,584100
909.9,584093
910,584090
910.1,584094
910.2,584094
910.3,584083
910.4,584097
910.5,584082
910.6,584082
910.7,584080
910.8,584096
910.9,584094
911,584099
911.1,584104
911.2,584091
911.3,584089
911.4,584087
911.5,584086
911.6,584084
911.7,584089
911.8,584100
911.9,584098
912,584095
912.1,584093
912.2,584093
912.3,584085
912.4,584090
912.5,584079
912.6,584088
912.7,584101
912.8,584106
912.9,584093
913,584090
913.1,584101
913.2,584100
913.3,584098
913.4,584095
913.5,584093
913.6,584101
913.7,584090
913.8,584100
913.9,584105
914,584095
914.1,584092
914.2,584089
914.3,584102
914.4,584099
914.5,584081
914.6,584101
914.7,584091
914.8,584096
914.9,584093
915,584098
915.1,584095
915.2,584084
915.3,584092
915.4,584102
915.5,584099
915.6,584091
915.7,584088
915.8,584085
915.9,584095
916,584100
916.1,584097
916.2,584094
916.3,584091
916.4,584093
916.5,584093
916.6,584097
916.7,584094
916.8,584091
916.9,584099
917,584096
917.1,584093
917.2,584092
917.3,584091
917.4,584096
917.5,584098
917.6,584087
917.7,584089
917.8,584094
917.9,584091
918,584095
918.1,584100
918.2,584091
918.3,584090
918.4,584079
918.5,584081
918.6,584091
918.7,584093
918.8,584098
918.9,584094
919,584078
919.1,584088
919.2,584079
919.3,584089
919.4,584085
919.5,584092
919.6,584091
919.7,584083
919.8,584085
919.9,584089
920,584103
920.1,584092
920.2,584088
920.3,584083
920.4,584087
920.5,584091
920.6,584080
920.7,584100
920.8,584096
920.9,584084
921,584097
921.1,584093
921.2,584095
921.3,584097
921.4,584085
921.5,584084
921.6,584085
921.7,584089
921.8,584101
921.9,584082
922,584089
922.1,584085
922.2,584081
922.3,584093
922.4,584089
922.5,584085
922.6,584095
922.7,584085
922.8,584097
922.9,584091
923,584092
923.1,584101
923.2,584084
923.3,584096
923.4,584079
923.5,584080
923.6,584084
923.7,584098
923.8,584102
923.9,584091
924,584092
924.1,584096
924.2,584092
924.3,584090
924.4,584086
924.5,584097
924.6,584091
924.7,584100
924.8,584106
924.9,584092
925,584087
925.1,584091
925.2,584094
925.3,584090
925.4,584086
925.5,584082
925.6,584083
925.7,584100
925.8,584095
925.9,584083
926,584095
926.1,584098
926.2,584094
926.3,584089
926.4,584096
926.5,584099
926.6,584087
926.7,584098
926.8,584094
926.9,584090
927,584091
927.1,584088
927.2,584102
927.3,584098
927.4,584078
927.5,584092
927.6,584087
927.7,584099
927.8,584102
927.9,584082
928,584088
928.1,584091
928.2,584100
928.3,584082
928.4,584096
928.5,584091
928.6,584079
928.7,584087
928.8,584085
928.9,584099
929,584086
929.1,584093
929.2,584096
929.3,584099
929.4,584088
929.5,584089
929.6,584092
929.7,584088
929.8,584086
929.9,584089
930,584092
930.1,584105
930.2,584093
930.3,584088
930.4,584091
930.5,584094
930.6,584089
930.7,584084
930.8,584097
930.9,584103
931,584098
931.1,584094
931.2,584096
931.3,584091
931.4,584099
931.5,584102
931.6,584102
931.7,584097
931.8,584092
931.9,584098
932,584106
932.1,584103
932.2,584098
932.3,584093
932.4,584099
932.5,584099
932.6,584097
932.7,584102
932.8,584105
932.9,584091
933,584097
933.1,584100
933.2,584102
933.3,584097
933.4,584097
933.5,584090
933.6,584095
933.7,584097
933.8,584103
933.9,584087
934,584105
934.1,584084
934.2,584097
934.3,584092
934.4,584105
934.5,584092
934.6,584092
934.7,584092
934.8,584089
934.9,584104
935,584091
935.1,584085
935.2,584091
935.3,584096
935.4,584098
935.5,584098
935.6,584095
935.7,584108
935.8,584102
935.9,584097
936,584091
936.1,584099
936.2,584098
936.3,584096
936.4,584093
936.5,584098
936.6,584092
936.7,584087
936.8,584094
936.9,584107
937,584101
937.1,584095
937.2,584095
937.3,584095
937.4,584092
937.5,584094
937.6,584096
937.7,584098
937.8,584103
937.9,584097
938,584094
938.1,584089
938.2,584101
938.3,584095
938.4,584097
938.5,584091
938.6,584088
938.7,584090
938.8,584090
938.9,584089
939,584102
939.1,584106
939.2,584090
939.3,584089
939.4,584101
939.5,584106
939.6,584092
939.7,584097
939.8,584083
939.9,584088
940,584089
940.1,584094
940.2,584096
940.3,584105
940.4,584089
940.5,584096
940.6,584090
940.7,584087
940.8,584091
940.9,584085
941,584094
941.1,584109
941.2,584092
941.3,584097
941.4,584106
941.5,584100
941.6,584094
941.7,584106
941.8,584087
941.9,584096
942,584090
942.1,584094
942.2,584104
942.3,584108
942.4,584078
942.5,584098
942.6,584099
942.7,584096
942.8,584092
942.9,584091
943,584095
943.1,584089
943.2,584090
943.3,584094
943.4,584100
943.5,584084
943.6,584096
943.7,584084
943.8,584091
943.9,584084
944,584088
944.1,584092
944.2,584093
944.3,584092
944.4,584091
944.5,584095
944.6,584088
944.7,584102
944.8,584082
944.9,584094
945,584088
945.1,584099
945.2,584095
945.3,584089
945.4,584100
945.5,584094
945.6,584098
945.7,584091
945.8,584092
945.9,584103
946,584089
946.1,584100
946.2,584093
946.3,584103
946.4,584101
946.5,584089
946.6,584095
946.7,584106
946.8,584092
946.9,584096
947,584089
947.1,584092
947.2,584091
947.3,584089
947.4,584097
947.5,584088
947.6,584094
947.7,584093
947.8,584091
947.9,584095
948,584095
948.1,584091
948.2,584089
948.3,584095
948.4,584099
948.5,584089
948.6,584077
948.7,584088
948.8,584094
948.9,584097
949,584088
949.1,584092
949.2,584084
949.3,584077
949.4,584088
949.5,584099
949.6,584084
949.7,584088
949.8,584094
949.9,584084
950,584095
950.1,584098
950.2,584098
950.3,584091
950.4,584082
950.5,584095
950.6,584090
950.7,584096
950.8,584086
950.9,584099
951,584090
951.1,584082
951.2,584091
951.3,584091
951.4,584097
951.5,584094
951.6,584092
951.7,584088
951.8,584091
951.9,584091
952,584086
952.1,584087
952.2,584097
952.3,584100
952.4,584093
952.5,584090
952.6,584088
952.7,584091
952.8,584094
952.9,584094
953,584099
953.1,584089
953.2,584103
953.3,584092
953.4,584080
953.5,584093
953.6,584096
953.7,584086
953.8,584083
953.9,584094
954,584078
954.1,584099
954.2,584104
954.3,584086
954.4,584105
954.5,584092
954.6,584103
954.7,584102
954.8,584100
954.9,584097
955,584092
955.1,584105
955.2,584095
955.3,584092
955.4,584102
955.5,584105
955.6,584092
955.7,584084
955.8,584094
955.9,584091
956,584099
956.1,584091
956.2,584089
956.3,584080
956.4,584083
956.5,584091
956.6,584096
956.7,584098
956.8,584082
956.9,584082
957,584092
957.1,584087
957.2,584089
957.3,584092
957.4,584096
957.5,584091
957.6,584088
957.7,584098
957.8,584097
957.9,584089
958,584084
958.1,584094
958.2,584096
958.3,584098
958.4,584108
958.5,584092
958.6,584095
958.7,584086
958.8,584088
958.9,584085
959,584090
959.1,584092
959.2,584094
959.3,584089
959.4,584091
959.5,584090
959.6,584095
959.7,584084
959.8,584086
959.9,584088
960,584093
960.1,584089
960.2,584091
960.3,584091
960.4,584088
960.5,584092
960.6,584089
960.7,584099
960.8,584082
960.9,584089
961,584097
961.1,584088
961.2,584098
961.3,584087
961.4,584091
961.5,584085
961.6,584095
961.7,584091
961.8,584095
961.9,584097
962,584099
962.1,584106
962.2,584103
962.3,584104
962.4,584095
962.5,584105
962.6,584099
962.7,584090
962.8,584092
962.9,584086
963,584095
963.1,584097
963.2,584099
963.3,584095
963.4,584091
963.5,584090
963.6,584082
963.7,584091
963.8,584087
963.9,584096
964,584085
964.1,584092
964.2,584094
964.3,584090
964.4,584094
964.5,584088
964.6,584097
964.7,584091
964.8,584092
964.9,584088
965,584090
965.1,584086
965.2,584089
965.3,584104
965.4,584100
965.5,584088
965.6,584090
965.7,584091
965.8,584106
965.9,584091
966,584103
966.1,584097
966.2,584080
966.3,584089
966.4,584090
966.5,584093
966.6,584095
966.7,584088
966.8,584084
966.9,584091
967,584097
967.1,584088
967.2,584084
967.3,584087
967.4,584088
967.5,584089
967.6,584083
967.7,584092
967.8,584085
967.9,584094
968,584095
968.1,584096
968.2,584097
968.3,584088
968.4,584089
968.5,584090
968.6,584091
968.7,584092
968.8,584093
968.9,584094
969,584084
969.1,584098
969.2,584091
969.3,584092
969.4,584087
969.5,584089
969.6,584082
969.7,584086
969.8,584087
969.9,584084
970,584080
970.1,584110
970.2,584103
970.3,584098
970.4,584094
970.5,584094
970.6,584095
970.7,584085
970.8,584084
970.9,584103
971,584098
971.1,584099
971.2,584099
971.3,584084
971.4,584087
971.5,584101
971.6,584097
971.7,584103
971.8,584103
971.9,584088
972,584083
972.1,584086
972.2,584095
972.3,584095
972.4,584101
972.5,584102
972.6,584081
972.7,584087
972.8,584098
972.9,584083
973,584089
973.1,584092
973.2,584092
973.3,584100
973.4,584096
973.5,584089
973.6,584105
973.7,584105
973.8,584084
973.9,584106
974,584090
974.1,584087
974.2,584096
974.3,584096
974.4,584096
974.5,584100
974.6,584084
974.7,584092
974.8,584092
974.9,584093
975,584085
975.1,584085
975.2,584101
975.3,584080
975.4,584094
975.5,584093
975.6,584091
975.7,584089
975.8,584084
975.9,584086
976,584086
976.1,584092
976.2,584090
976.3,584090
976.4,584098
976.5,584098
976.6,584090
976.7,584090
976.8,584097
976.9,584087
977,584087
977.1,584084
977.2,584090
977.3,584087
977.4,584089
977.5,584089
977.6,584089
977.7,584087
977.8,584092
977.9,584094
978,584089
978.1,584080
978.2,584088
978.3,584098
978.4,584075
978.5,584101
978.6,584095
978.7,584101
978.8,584100
978.9,584100
979,584092
979.1,584094
979.2,584099
979.3,584091
979.4,584096
979.5,584085
979.6,584101
979.7,584093
979.8,584100
979.9,584092
980,584091
980.1,584091
980.2,584098
980.3,584101
980.4,584093
980.5,584098
980.6,584092
980.7,584094
980.8,584098
980.9,584105
981,584090
981.1,584094
981.2,584099
981.3,584099
981.4,584098
981.5,584092
981.6,584107
981.7,584094
981.8,584099
981.9,584085
982,584090
982.1,584089
982.2,584096
982.3,584087
982.4,584097
982.5,584097
982.6,584088
982.7,584088
982.8,584087
982.9,584094
983,584098
983.1,584088
983.2,584087
983.3,584086
983.4,584090
983.5,584102
983.6,584094
983.7,584093
983.8,584077
983.9,584084
984,584083
984.1,584093
984.2,584092
984.3,584094
984.4,584093
984.5,584097
984.6,584076
984.7,584090
984.8,584092
984.9,584085
985,584092
985.1,584105
985.2,584088
985.3,584090
985.4,584088
985.5,584098
985.6,584092
985.7,584096
985.8,584095
985.9,584086
986,584085
986.1,584083
986.2,584095
986.3,584084
986.4,584094
986.5,584092
986.6,584084
986.7,584090
986.8,584089
986.9,584087
987,584084
987.1,584088
987.2,584102
987.3,584099
987.4,584095
987.5,584096
987.6,584089
987.7,584088
987.8,584079
987.9,584083
988,584082
988.1,584091
988.2,584090
988.3,584093
988.4,584089
988.5,584093
988.6,584090
988.7,584088
988.8,584086
988.9,584085
989,584089
989.1,584093
989.2,584084
989.3,584082
989.4,584091
989.5,584089
989.6,584098
989.7,584082
989.8,584088
989.9,584086
990,584105
990.1,584093
990.2,584089
990.3,584093
990.4,584083
990.5,584092
990.6,584093
990.7,584081
990.8,584087
990.9,584093
991,584084
991.1,584085
991.2,584097
991.3,584100
991.4,584083
991.5,584091
991.6,584089
991.7,584088
991.8,584089
991.9,584084
992,584088
992.1,584091
992.2,584094
992.3,584082
992.4,584091
992.5,584081
992.6,584075
992.7,584086
992.8,584081
992.9,584079
993,584101
993.1,584096
993.2,584092
993.3,584090
993.4,584080
993.5,584091
993.6,584081
993.7,584087
993.8,584093
993.9,584094
994,584082
994.1,584085
994.2,584098
994.3,584091
994.4,584092
994.5,584082
994.6,584085
994.7,584088
994.8,584102
994.9,584081
995,584084
995.1,584090
995.2,584093
995.3,584083
995.4,584092
995.5,584100
995.6,584079
995.7,584077
995.8,584083
995.9,584091
996,584081
996.1,584090
996.2,584087
996.3,584097
996.4,584093
996.5,584088
996.6,584081
996.7,584092
996.8,584086
996.9,584086
997,584094
997.1,584082
997.2,584085
997.3,584093
997.4,584090
997.5,584091
997.6,584107
997.7,584107
997.8,584086
997.9,584081
998,584076
998.1,584087
998.2,584082
998.3,584081
998.4,584087
998.5,584087
998.6,584082
998.7,584096
998.8,584083
998.9,584095
999,584090
999.1,584080
999.2,584082
999.3,584085
999.4,584080
999.5,584082
999.6,584090
999.7,584090
999.8,584087
999.9,584088
1000,584077
1000.1,584080
1000.2,584082
1000.3,584090
1000.4,584092
1000.5,584079
1000.6,584087
1000.7,584084
1000.8,584092
1000.9,584084
1001,584081
1001.1,584102
1001.2,584086
1001.3,584083
1001.4,584083
1001.5,584090
1001.6,584090
1001.7,584087
1001.8,584087
1001.9,584082
1002,584084
1002.1,584073
1002.2,584080
1002.3,584077
1002.4,584085
1002.5,584085
1002.6,584074
1002.7,584081
1002.8,584081
1002.9,584078
1003,584080
1003.1,584082
1003.2,584098
1003.3,584087
1003.4,584078
1003.5,584086
1003.6,584100
1003.7,584074
1003.8,584089
1003.9,584078
1004,584078
1004.1,584085
1004.2,584082
1004.3,584078
1004.4,584094
1004.5,584088
1004.6,584079
1004.7,584100
1004.8,584102
1004.9,584080
1005,584093
1005.1,584092
1005.2,584076
1005.3,584088
1005.4,584095
1005.5,584091
1005.6,584099
1005.7,584075
1005.8,584082
1005.9,584090
1006,584091
1006.1,584077
1006.2,584076
1006.3,584091
1006.4,584080
1006.5,584090
1006.6,584086
1006.7,584080
1006.8,584095
1006.9,584081
1007,584088
1007.1,584082
1007.2,584083
1007.3,584093
1007.4,584084
1007.5,584086
1007.6,584087
1007.7,584074
1007.8,584091
1007.9,584083
1008,584084
1008.1,584078
1008.2,584084
1008.3,584080
1008.4,584085
1008.5,584087
1008.6,584098
1008.7,584082
1008.8,584081
1008.9,584095
1009,584086
1009.1,584085
1009.2,584082
1009.3,584088
1009.4,584087
1009.5,584094
1009.6,584089
1009.7,584089
1009.8,584095
1009.9,584081
1010,584085
1010.1,584092
1010.2,584093
1010.3,584094
1010.4,584093
1010.5,584087
1010.6,584083
1010.7,584087
1010.8,584085
1010.9,584092
1011,584091
1011.1,584090
1011.2,584088
1011.3,584076
1011.4,584083
1011.5,584089
1011.6,584095
1011.7,584084
1011.8,584090
1011.9,584083
1012,584088
1012.1,584088
1012.2,584092
1012.3,584091
1012.4,584090
1012.5,584093
1012.6,584084
1012.7,584082
1012.8,584096
1012.9,584084
1013,584075
1013.1,584089
1013.2,584090
1013.3,584091
1013.4,584084
1013.5,584090
1013.6,584084
1013.7,584087
1013.8,584086
1013.9,584074
1014,584085
1014.1,584086
1014.2,584097
1014.3,584078
1014.4,584092
1014.5,584080
1014.6,584093
1014.7,584079
1014.8,584092
1014.9,584082
1015,584083
1015.1,584076
1015.2,584087
1015.3,584086
1015.4,584102
1015.5,584087
1015.6,584088
1015.7,584087
1015.8,584085
1015.9,584091
1016,584083
1016.1,584089
1016.2,584082
1016.3,584093
1016.4,584074
1016.5,584095
1016.6,584088
1016.7,584088
1016.8,584094
1016.9,584084
1017,584090
1017.1,584078
1017.2,584091
1017.3,584073
1017.4,584084
1017.5,584095
1017.6,584086
1017.7,584084
1017.8,584090
1017.9,584082
1018,584093
1018.1,584091
1018.2,584086
1018.3,584083
1018.4,584081
1018.5,584085
1018.6,584096
1018.7,584088
1018.8,584083
1018.9,584078
1019,584082
1019.1,584093
1019.2,584072
1019.3,584077
1019.4,584088
1019.5,584088
1019.6,584073
1019.7,584087
1019.8,584085
1019.9,584090
1020,584088
1020.1,584088
1020.2,584088
1020.3,584070
1020.4,584083
1020.5,584081
1020.6,584078
1020.7,584087
1020.8,584092
1020.9,584082
1021,584079
1021.1,584085
1021.2,584082
1021.3,584087
1021.4,584074
1021.5,584085
1021.6,584080
1021.7,584083
1021.8,584083
1021.9,584080
1022,584077
1022.1,584075
1022.2,584080
1022.3,584083
1022.4,584081
1022.5,584073
1022.6,584086
1022.7,584078
1022.8,584083
1022.9,584080
1023,584077
1023.1,584080
1023.2,584085
1023.3,584088
1023.4,584082
1023.5,584072
1023.6,584077
1023.7,584095
1023.8,584077
1023.9,584072
1024,584082
1024.1,584086
1024.2,584082
1024.3,584079
1024.4,584076
1024.5,584081
1024.6,584078
1024.7,584082
1024.8,584080
1024.9,584075
1025,584085
1025.1,584082
1025.2,584087
1025.3,584076
1025.4,584091
1025.5,584088
1025.6,584078
1025.7,584083
1025.8,584080
1025.9,584084
1026,584084
1026.1,584081
1026.2,584071
1026.3,584088
1026.4,584083
1026.5,584080
1026.6,584085
1026.7,584081
1026.8,584080
1026.9,584075
1027,584083
1027.1,584074
1027.2,584073
1027.3,584081
1027.4,584077
1027.5,584085
1027.6,584082
1027.7,584086
1027.8,584091
1027.9,584080
1028,584084
1028.1,584076
1028.2,584073
1028.3,584078
1028.4,584079
1028.5,584081
1028.6,584089
1028.7,584082
1028.8,584079
1028.9,584099
1029,584072
1029.1,584074
1029.2,584076
1029.3,584080
1029.4,584088
1029.5,584077
1029.6,584073
1029.7,584086
1029.8,584077
1029.9,584081
1030,584078
1030.1,584079
1030.2,584081
1030.3,584078
1030.4,584074
1030.5,584086
1030.6,584087
1030.7,584087
1030.8,584081
1030.9,584083
1031,584074
1031.1,584070
1031.2,584080
1031.3,584071
1031.4,584083
1031.5,584087
1031.6,584074
1031.7,584088
1031.8,584084
1031.9,584078
1032,584088
1032.1,584092
1032.2,584081
1032.3,584087
1032.4,584083
1032.5,584080
1032.6,584083
1032.7,584085
1032.8,584087
1032.9,584078
1033,584074
1033.1,584083
1033.2,584092
1033.3,584081
1033.4,584088
1033.5,584084
1033.6,584080
1033.7,584076
1033.8,584091
1033.9,584084
1034,584086
1034.1,584089
1034.2,584081
1034.3,584077
1034.4,584080
1034.5,584071
1034.6,584075
1034.7,584072
1034.8,584073
1034.9,584074
1035,584088
1035.1,584076
1035.2,584083
1035.3,584079
1035.4,584075
1035.5,584074
1035.6,584077
1035.7,584081
1035.8,584074
1035.9,584091
1036,584090
1036.1,584078
1036.2,584082
1036.3,584085
1036.4,584068
1036.5,584074
1036.6,584081
1036.7,584077
1036.8,584088
1036.9,584068
1037,584090
1037.1,584088
1037.2,584092
1037.3,584065
1037.4,584087
1037.5,584072
1037.6,584070
1037.7,584079
1037.8,584077
1037.9,584086
1038,584074
1038.1,584080
1038.2,584087
1038.3,584082
1038.4,584096
1038.5,584075
1038.6,584082
1038.7,584080
1038.8,584076
1038.9,584079
1039,584085
1039.1,584072
1039.2,584079
1039.3,584074
1039.4,584080
1039.5,584068
1039.6,584076
1039.7,584075
1039.8,584075
1039.9,584078
1040,584077
1040.1,584072
1040.2,584086
1040.3,584078
1040.4,584087
1040.5,584074
1040.6,584081
1040.7,584086
1040.8,584085
1040.9,584088
1041,584086
1041.1,584081
1041.2,584081
1041.3,584087
1041.4,584069
1041.5,584078
1041.6,584078
1041.7,584084
1041.8,584082
1041.9,584075
1042,584075
1042.1,584081
1042.2,584078
1042.3,584066
1042.4,584071
1042.5,584072
1042.6,584075
1042.7,584083
1042.8,584081
1042.9,584094
1043,584074
1043.1,584074
1043.2,584082
1043.3,584080
1043.4,584070
1043.5,584081
1043.6,584073
1043.7,584096
1043.8,584094
1043.9,584087
1044,584069
1044.1,584077
1044.2,584070
1044.3,584077
1044.4,584075
1044.5,584073
1044.6,584084
1044.7,584073
1044.8,584089
1044.9,584079
1045,584077
1045.1,584080
1045.2,584087
1045.3,584085
1045.4,584085
1045.5,584075
1045.6,584077
1045.7,584085
1045.8,584083
1045.9,584075
1046,584088
1046.1,584065
1046.2,584077
1046.3,584080
1046.4,584078
1046.5,584076
1046.6,584081
1046.7,584081
1046.8,584080
1046.9,584080
1047,584080
1047.1,584083
1047.2,584075
1047.3,584070
1047.4,584075
1047.5,584075
1047.6,584085
1047.7,584075
1047.8,584083
1047.9,584082
1048,584067
1048.1,584085
1048.2,584074
1048.3,584087
1048.4,584081
1048.5,584087
1048.6,584084
1048.7,584073
1048.8,584073
1048.9,584080
1049,584080
1049.1,584072
1049.2,584080
1049.3,584082
1049.4,584074
1049.5,584086
1049.6,584086
1049.7,584075
1049.8,584080
1049.9,584085
1050,584082
1050.1,584076
1050.2,584081
1050.3,584079
1050.4,584076
1050.5,584075
1050.6,584088
1050.7,584072
1050.8,584084
1050.9,584076
1051,584073
1051.1,584072
1051.2,584082
1051.3,584079
1051.4,584086
1051.5,584086
1051.6,584077
1051.7,584067
1051.8,584072
1051.9,584081
1052,584080
1052.1,584080
1052.2,584082
1052.3,584079
1052.4,584082
1052.5,584075
1052.6,584080
1052.7,584086
1052.8,584083
1052.9,584080
1053,584077
1053.1,584077
1053.2,584073
1053.3,584072
1053.4,584079
1053.5,584065
1053.6,584078
1053.7,584082
1053.8,584081
1053.9,584083
1054,584079
1054.1,584076
1054.2,584083
1054.3,584080
1054.4,584069
1054.5,584078
1054.6,584064
1054.7,584092
1054.8,584073
1054.9,584085
1055,584082
1055.1,584078
1055.2,584085
1055.3,584094
1055.4,584086
1055.5,584067
1055.6,584081
1055.7,584078
1055.8,584082
1055.9,584086
1056,584082
1056.1,584079
1056.2,584076
1056.3,584074
1056.4,584084
1056.5,584080
1056.6,584084
1056.7,584088
1056.8,584080
1056.9,584076
1057,584072
1057.1,584066
1057.2,584085
1057.3,584084
1057.4,584067
1057.5,584077
1057.6,584081
1057.7,584085
1057.8,584068
1057.9,584079
1058,584083
1058.1,584072
1058.2,584074
1058.3,584070
1058.4,584076
1058.5,584080
1058.6,584076
1058.7,584070
1058.8,584066
1058.9,584075
1059,584068
1059.1,584070
1059.2,584086
1059.3,584085
1059.4,584081
1059.5,584077
1059.6,584073
1059.7,584075
1059.8,584088
1059.9,584072
1060,584089
1060.1,584085
1060.2,584078
1060.3,584074
1060.4,584078
1060.5,584089
1060.6,584085
1060.7,584087
1060.8,584083
1060.9,584065
1061,584069
1061.1,584072
1061.2,584095
1061.3,584083
1061.4,584063
1061.5,584090
1061.6,584070
1061.7,584089
1061.8,584078
1061.9,584073
1062,584069
1062.1,584073
1062.2,584076
1062.3,584077
1062.4,584086
1062.5,584066
1062.6,584083
1062.7,584065
1062.8,584082
1062.9,584075
1063,584078
1063.1,584082
1063.2,584083
1063.3,584073
1063.4,584087
1063.5,584078
1063.6,584086
1063.7,584073
1063.8,584075
1063.9,584070
1064,584060
1064.1,584069
1064.2,584080
1064.3,584067
1064.4,584074
1064.5,584069
1064.6,584081
1064.7,584076
1064.8,584069
1064.9,584077
1065,584071
1065.1,584066
1065.2,584085
1065.3,584080
1065.4,584081
1065.5,584074
1065.6,584077
1065.7,584088
1065.8,584067
1065.9,584071
1066,584079
1066.1,584080
1066.2,584062
1066.3,584078
1066.4,584073
1066.5,584080
1066.6,584080
1066.7,584078
1066.8,584084
1066.9,584086
1067,584082
1067.1,584072
1067.2,584083
1067.3,584086
1067.4,584081
1067.5,584071
1067.6,584079
1067.7,584083
1067.8,584078
1067.9,584073
1068,584081
1068.1,584071
1068.2,584076
1068.3,584079
1068.4,584074
1068.5,584080
1068.6,584072
1068.7,584072
1068.8,584081
1068.9,584076
1069,584076
1069.1,584076
1069.2,584077
1069.3,584071
1069.4,584079
1069.5,584074
1069.6,584067
1069.7,584075
1069.8,584070
1069.9,584065
1070,584070
1070.1,584073
1070.2,584081
1070.3,584089
1070.4,584068
1070.5,584071
1070.6,584068
1070.7,584071
1070.8,584076
1070.9,584071
1071,584080
1071.1,584064
1071.2,584077
1071.3,584077
1071.4,584087
1071.5,584079
1071.6,584067
1071.7,584074
1071.8,584069
1071.9,584082
1072,584082
1072.1,584076
1072.2,584074
1072.3,584074
1072.4,584082
1072.5,584076
1072.6,584071
1072.7,584076
1072.8,584076
1072.9,584063
1073,584073
1073.1,584073
1073.2,584060
1073.3,584080
1073.4,584070
1073.5,584072
1073.6,584072
1073.7,584072
1073.8,584072
1073.9,584061
1074,584077
1074.1,584072
1074.2,584071
1074.3,584071
1074.4,584076
1074.5,584078
1074.6,584065
1074.7,584088
1074.8,584070
1074.9,584075
1075,584079
1075.1,584079
1075.2,584070
1075.3,584086
1075.4,584068
1075.5,584080
1075.6,584067
1075.7,584074
1075.8,584068
1075.9,584066
1076,584071
1076.1,584072
1076.2,584070
1076.3,584080
1076.4,584076
1076.5,584075
1076.6,584067
1076.7,584075
1076.8,584074
1076.9,584058
1077,584071
1077.1,584077
1077.2,584074
1077.3,584077
1077.4,584076
1077.5,584075
1077.6,584082
1077.7,584069
1077.8,584068
1077.9,584083
1078,584065
1078.1,584069
1078.2,584084
1078.3,584086
1078.4,584082
1078.5,584072
1078.6,584077
1078.7,584070
1078.8,584064
1078.9,584069
1079,584073
1079.1,584073
1079.2,584082
1079.3,584079
1079.4,584063
1079.5,584062
1079.6,584071
1079.7,584073
1079.8,584088
1079.9,584079
1080,584068
1080.1,584067
1080.2,584066
1080.3,584070
1080.4,584077
1080.5,584069
1080.6,584073
1080.7,584070
1080.8,584069
1080.9,584070
1081,584074
1081.1,584071
1081.2,584076
1081.3,584090
1081.4,584060
1081.5,584065
1081.6,584071
1081.7,584076
1081.8,584067
1081.9,584066
1082,584070
1082.1,584076
1082.2,584073
1082.3,584074
1082.4,584058
1082.5,584072
1082.6,584082
1082.7,584065
1082.8,584076
1082.9,584073
1083,584080
1083.1,584077
1083.2,584065
1083.3,584071
1083.4,584070
1083.5,584076
1083.6,584073
1083.7,584071
1083.8,584073
1083.9,584082
1084,584063
1084.1,584061
1084.2,584073
1084.3,584070
1084.4,584068
1084.5,584072
1084.6,584071
1084.7,584077
1084.8,584087
1084.9,584062
1085,584082
1085.1,584080
1085.2,584068
1085.3,584072
1085.4,584075
1085.5,584059
1085.6,584086
1085.7,584067
1085.8,584071
1085.9,584074
1086,584080
1086.1,584071
1086.2,584068
1086.3,584087
1086.4,584067
1086.5,584073
1086.6,584071
1086.7,584068
1086.8,584080
1086.9,584076
1087,584079
1087.1,584078
1087.2,584076
1087.3,584064
1087.4,584076
1087.5,584062
1087.6,584075
1087.7,584079
1087.8,584082
1087.9,584070
1088,584074
1088.1,584064
1088.2,584071
1088.3,584080
1088.4,584083
1088.5,584076
1088.6,584077
1088.7,584075
1088.8,584069
1088.9,584067
1089,584076
1089.1,584074
1089.2,584072
1089.3,584081
1089.4,584072
1089.5,584067
1089.6,584070
1089.7,584068
1089.8,584072
1089.9,584070
1090,584077
1090.1,584072
1090.2,584070
1090.3,584073
1090.4,584076
1090.5,584080
1090.6,584081
1090.7,584076
1090.8,584074
1090.9,584077
1091,584065
1091.1,584073
1091.2,584051
1091.3,584075
1091.4,584073
1091.5,584076
1091.6,584069
1091.7,584072
1091.8,584070
1091.9,584073
1092,584077
1092.1,584064
1092.2,584067
1092.3,584070
1092.4,584073
1092.5,584076
1092.6,584065
1092.7,584073
1092.8,584070
1092.9,584073
1093,584073
1093.1,584072
1093.2,584064
1093.3,584075
1093.4,584065
1093.5,584076
1093.6,584068
1093.7,584069
1093.8,584080
1093.9,584076
1094,584073
1094.1,584074
1094.2,584061
1094.3,584064
1094.4,584082
1094.5,584070
1094.6,584073
1094.7,584075
1094.8,584073
1094.9,584068
1095,584066
1095.1,584066
1095.2,584085
1095.3,584062
1095.4,584057
1095.5,584067
1095.6,584070
1095.7,584063
1095.8,584066
1095.9,584061
1096,584063
1096.1,584071
1096.2,584066
1096.3,584074
1096.4,584078
1096.5,584080
1096.6,584059
1096.7,584078
1096.8,584077
1096.9,584080
1097,584075
1097.1,584070
1097.2,584078
1097.3,584081
1097.4,584078
1097.5,584083
1097.6,584063
1097.7,584071
1097.8,584074
1097.9,584071
1098,584065
1098.1,584068
1098.2,584084
1098.3,584072
1098.4,584079
1098.5,584074
1098.6,584061
1098.7,584070
1098.8,584079
1098.9,584063
1099,584081
1099.1,584076
1099.2,584068
1099.3,584060
1099.4,584068
1099.5,584065
1099.6,584068
1099.7,584075
1099.8,584060
1099.9,584075
1100,584072
1100.1,584067
1100.2,584067
1100.3,584069
1100.4,584074
1100.5,584066
1100.6,584076
1100.7,584078
1100.8,584078
1100.9,584062
1101,584062
1101.1,584080
1101.2,584066
1101.3,584059
1101.4,584061
1101.5,584066
1101.6,584071
1101.7,584078
1101.8,584062
1101.9,584078
1102,584072
1102.1,584066
1102.2,584076
1102.3,584068
1102.4,584073
1102.5,584088
1102.6,584077
1102.7,584071
1102.8,584071
1102.9,584078
1103,584070
1103.1,584074
1103.2,584061
1103.3,584055
1103.4,584071
1103.5,584076
1103.6,584075
1103.7,584069
1103.8,584084
1103.9,584071
1104,584078
1104.1,584077
1104.2,584077
1104.3,584071
1104.4,584071
1104.5,584070
1104.6,584070
1104.7,584064
1104.8,584063
1104.9,584065
1105,584072
1105.1,584064
1105.2,584071
1105.3,584065
1105.4,584072
1105.5,584066
1105.6,584070
1105.7,584068
1105.8,584062
1105.9,584061
1106,584068
1106.1,584065
1106.2,584066
1106.3,584073
1106.4,584073
1106.5,584072
1106.6,584056
1106.7,584068
1106.8,584062
1106.9,584063
1107,584062
1107.1,584075
1107.2,584072
1107.3,584065
1107.4,584067
1107.5,584066
1107.6,584073
1107.7,584062
1107.8,584064
1107.9,584070
1108,584069
1108.1,584076
1108.2,584067
1108.3,584072
1108.4,584058
1108.5,584065
1108.6,584069
1108.7,584068
1108.8,584072
1108.9,584071
1109,584065
1109.1,584069
1109.2,584070
1109.3,584057
1109.4,584058
1109.5,584065
1109.6,584064
1109.7,584063
1109.8,584080
1109.9,584065
1110,584067
1110.1,584066
1110.2,584075
1110.3,584067
1110.4,584067
1110.5,584066
1110.6,584072
1110.7,584064
1110.8,584066
1110.9,584062
1111,584082
1111.1,584082
1111.2,584063
1111.3,584069
1111.4,584071
1111.5,584063
1111.6,584056
1111.7,584067
1111.8,584066
1111.9,584083
1112,584069
1112.1,584067
1112.2,584058
1112.3,584062
1112.4,584058
1112.5,584067
1112.6,584071
1112.7,584065
1112.8,584053
1112.9,584070
1113,584063
1113.1,584062
1113.2,584068
1113.3,584064
1113.4,584068
1113.5,584067
1113.6,584058
1113.7,584064
1113.8,584070
1113.9,584073
1114,584054
1114.1,584076
1114.2,584059
1114.3,584062
1114.4,584074
1114.5,584064
1114.6,584069
1114.7,584067
1114.8,584057
1114.9,584069
1115,584065
1115.1,584063
1115.2,584069
1115.3,584060
1115.4,584056
1115.5,584057
1115.6,584058
1115.7,584069
1115.8,584065
1115.9,584068
1116,584065
1116.1,584057
1116.2,584063
1116.3,584066
1116.4,584057
1116.5,584066
1116.6,584072
1116.7,584055
1116.8,584068
1116.9,584064
1117,584068
1117.1,584063
1117.2,584069
1117.3,584059
1117.4,584063
1117.5,584066
1117.6,584067
1117.7,584058
1117.8,584061
1117.9,584065
1118,584063
1118.1,584071
1118.2,584064
1118.3,584068
1118.4,584058
1118.5,584066
1118.6,584070
1118.7,584067
1118.8,584073
1118.9,584068
1119,584064
1119.1,584060
1119.2,584073
1119.3,584076
1119.4,584067
1119.5,584062
1119.6,584073
1119.7,584061
1119.8,584057
1119.9,584060
1120,584070
1120.1,584066
1120.2,584069
1120.3,584072
1120.4,584068
1120.5,584058
1120.6,584066
1120.7,584077
1120.8,584072
1120.9,584062
1121,584065
1121.1,584068
1121.2,584068
1121.3,584066
1121.4,584072
1121.5,584060
1121.6,584068
1121.7,584055
1121.8,584069
1121.9,584072
1122,584062
1122.1,584070
1122.2,584065
1122.3,584069
1122.4,584058
1122.5,584063
1122.6,584066
1122.7,584059
1122.8,584060
1122.9,584070
1123,584068
1123.1,584061
1123.2,584071
1123.3,584072
1123.4,584061
1123.5,584064
1123.6,584067
1123.7,584067
1123.8,584062
1123.9,584073
1124,584063
1124.1,584058
1124.2,584073
1124.3,584081
1124.4,584055
1124.5,584072
1124.6,584069
1124.7,584064
1124.8,584072
1124.9,584069
1125,584071
1125.1,584067
1125.2,584067
1125.3,584062
1125.4,584057
1125.5,584067
1125.6,584057
1125.7,584072
1125.8,584067
1125.9,584073
1126,584062
1126.1,584070
1126.2,584051
1126.3,584075
1126.4,584075
1126.5,584054
1126.6,584072
1126.7,584059
1126.8,584059
1126.9,584059
1127,584057
1127.1,584051
1127.2,584059
1127.3,584059
1127.4,584067
1127.5,584056
1127.6,584059
1127.7,584062
1127.8,584069
1127.9,584069
1128,584072
1128.1,584074
1128.2,584068
1128.3,584071
1128.4,584071
1128.5,584073
1128.6,584062
1128.7,584064
1128.8,584061
1128.9,584062
1129,584062
1129.1,584051
1129.2,584069
1129.3,584069
1129.4,584068
1129.5,584052
1129.6,584078
1129.7,584072
1129.8,584057
1129.9,584080
1130,584066
1130.1,584053
1130.2,584069
1130.3,584071
1130.4,584055
1130.5,584076
1130.6,584072
1130.7,584072
1130.8,584067
1130.9,584061
1131,584066
1131.1,584068
1131.2,584062
1131.3,584064
1131.4,584064
1131.5,584071
1131.6,584066
1131.7,584067
1131.8,584067
1131.9,584051
1132,584061
1132.1,584066
1132.2,584060
1132.3,584062
1132.4,584053
1132.5,584058
1132.6,584074
1132.7,584068
1132.8,584062
1132.9,584062
1133,584069
1133.1,584060
1133.2,584060
1133.3,584062
1133.4,584062
1133.5,584069
1133.6,584073
1133.7,584062
1133.8,584055
1133.9,584071
1134,584068
1134.1,584075
1134.2,584069
1134.3,584070
1134.4,584062
1134.5,584054
1134.6,584076
1134.7,584070
1134.8,584064
1134.9,584063
1135,584062
1135.1,584075
1135.2,584069
1135.3,584063
1135.4,584072
1135.5,584063
1135.6,584075
1135.7,584067
1135.8,584067
1135.9,584066
1136,584060
1136.1,584064
1136.2,584068
1136.3,584070
1136.4,584070
1136.5,584064
1136.6,584055
1136.7,584067
1136.8,584068
1136.9,584062
1137,584066
1137.1,584065
1137.2,584063
1137.3,584064
1137.4,584063
1137.5,584064
1137.6,584063
1137.7,584067
1137.8,584069
1137.9,584053
1138,584059
1138.1,584071
1138.2,584070
1138.3,584064
1138.4,584057
1138.5,584072
1138.6,584063
1138.7,584059
1138.8,584063
1138.9,584057
1139,584056
1139.1,584061
1139.2,584052
1139.3,584063
1139.4,584070
1139.5,584062
1139.6,584055
1139.7,584059
1139.8,584063
1139.9,584049
1140,584055
1140.1,584054
1140.2,584058
1140.3,584062
1140.4,584054
1140.5,584054
1140.6,584060
1140.7,584052
1140.8,584061
1140.9,584054
1141,584053
1141.1,584057
1141.2,584063
1141.3,584055
1141.4,584061
1141.5,584075
1141.6,584058
1141.7,584062
1141.8,584074
1141.9,584070
1142,584056
1142.1,584057
1142.2,584053
1142.3,584062
1142.4,584060
1142.5,584052
1142.6,584050
1142.7,584049
1142.8,584074
1142.9,584055
1143,584055
1143.1,584061
1143.2,584057
1143.3,584061
1143.4,584057
1143.5,584063
1143.6,584048
1143.7,584052
1143.8,584058
1143.9,584060
1144,584061
1144.1,584051
1144.2,584063
1144.3,584061
1144.4,584049
1144.5,584055
1144.6,584054
1144.7,584050
1144.8,584069
1144.9,584059
1145,584055
1145.1,584062
1145.2,584060
1145.3,584058
1145.4,584046
1145.5,584063
1145.6,584069
1145.7,584067
1145.8,584063
1145.9,584067
1146,584070
1146.1,584053
1146.2,584079
1146.3,584070
1146.4,584073
1146.5,584059
1146.6,584057
1146.7,584063
1146.8,584066
1146.9,584062
1147,584050
1147.1,584056
1147.2,584054
1147.3,584057
1147.4,584053
1147.5,584069
1147.6,584060
1147.7,584045
1147.8,584048
1147.9,584059
1148,584062
1148.1,584058
1148.2,584070
1148.3,584052
1148.4,584058
1148.5,584053
1148.6,584056
1148.7,584057
1148.8,584058
1148.9,584049
1149,584057
1149.1,584066
1149.2,584048
1149.3,584061
1149.4,584064
1149.5,584067
1149.6,584053
1149.7,584066
1149.8,584053
1149.9,584056
1150,584060
1150.1,584047
1150.2,584058
1150.3,584061
1150.4,584057
1150.5,584059
1150.6,584068
1150.7,584058
1150.8,584061
1150.9,584059
1151,584060
1151.1,584062
1151.2,584052
1151.3,584056
1151.4,584051
1151.5,584063
1151.6,584062
1151.7,584060
1151.8,584050
1151.9,584061
1152,584057
1152.1,584065
1152.2,584057
1152.3,584055
1152.4,584058
1152.5,584067
1152.6,584062
1152.7,584049
1152.8,584067
1152.9,584054
1153,584057
1153.1,584058
1153.2,584053
1153.3,584072
1153.4,584074
1153.5,584061
1153.6,584054
1153.7,584057
1153.8,584045
1153.9,584055
1154,584058
1154.1,584052
1154.2,584060
1154.3,584058
1154.4,584069
1154.5,584056
1154.6,584062
1154.7,584049
1154.8,584053
1154.9,584056
1155,584051
1155.1,584052
1155.2,584047
1155.3,584057
1155.4,584059
1155.5,584070
1155.6,584065
1155.7,584050
1155.8,584058
1155.9,584063
1156,584071
1156.1,584043
1156.2,584059
1156.3,584051
1156.4,584046
1156.5,584048
1156.6,584048
1156.7,584050
1156.8,584058
1156.9,584053
1157,584064
1157.1,584056
1157.2,584048
1157.3,584056
1157.4,584052
1157.5,584060
1157.6,584064
1157.7,584063
1157.8,584063
1157.9,584052
1158,584060
1158.1,584055
1158.2,584055
1158.3,584062
1158.4,584044
1158.5,584054
1158.6,584054
1158.7,584046
1158.8,584054
1158.9,584059
1159,584051
1159.1,584045
1159.2,584061
1159.3,584040
1159.4,584058
1159.5,584065
1159.6,584060
1159.7,584060
1159.8,584054
1159.9,584060
1160,584054
1160.1,584049
1160.2,584056
1160.3,584063
1160.4,584060
1160.5,584063
1160.6,584058
1160.7,584052
1160.8,584044
1160.9,584056
1161,584050
1161.1,584066
1161.2,584061
1161.3,584066
1161.4,584073
1161.5,584046
1161.6,584048
1161.7,584063
1161.8,584047
1161.9,584053
1162,584054
1162.1,584049
1162.2,584056
1162.3,584055
1162.4,584063
1162.5,584058
1162.6,584057
1162.7,584059
1162.8,584056
1162.9,584042
1163,584052
1163.1,584054
1163.2,584046
1163.3,584053
1163.4,584058
1163.5,584058
1163.6,584058
1163.7,584052
1163.8,584057
1163.9,584064
1164,584055
1164.1,584048
1164.2,584062
1164.3,584056
1164.4,584062
1164.5,584050
1164.6,584051
1164.7,584052
1164.8,584044
1164.9,584044
1165,584064
1165.1,584066
1165.2,584051
1165.3,584056
1165.4,584055
1165.5,584047
1165.6,584057
1165.7,584048
1165.8,584063
1165.9,584059
1166,584051
1166.1,584050
1166.2,584053
1166.3,584059
1166.4,584066
1166.5,584055
1166.6,584057
1166.7,584056
1166.8,584048
1166.9,584054
1167,584059
1167.1,584055
1167.2,584047
1167.3,584056
1167.4,584061
1167.5,584053
1167.6,584043
1167.7,584050
1167.8,584063
1167.9,584062
1168,584066
1168.1,584065
1168.2,584064
1168.3,584048
1168.4,584054
1168.5,584046
1168.6,584050
1168.7,584049
1168.8,584064
1168.9,584054
1169,584051
1169.1,584056
1169.2,584065
1169.3,584069
1169.4,584054
1169.5,584059
1169.6,584055
1169.7,584054
1169.8,584048
1169.9,584047
1170,584067
1170.1,584050
1170.2,584056
1170.3,584047
1170.4,584062
1170.5,584059
1170.6,584047
1170.7,584062
1170.8,584046
1170.9,584059
1171,584058
1171.1,584062
1171.2,584066
1171.3,584054
1171.4,584053
1171.5,584044
1171.6,584064
1171.7,584045
1171.8,584044
1171.9,584050
1172,584048
1172.1,584050
1172.2,584063
1172.3,584045
1172.4,584060
1172.5,584058
1172.6,584041
1172.7,584059
1172.8,584050
1172.9,584049
1173,584052
1173.1,584056
1173.2,584050
1173.3,584043
1173.4,584057
1173.5,584048
1173.6,584052
1173.7,584056
1173.8,584054
1173.9,584058
1174,584056
1174.1,584060
1174.2,584048
1174.3,584055
1174.4,584053
1174.5,584052
1174.6,584048
1174.7,584052
1174.8,584053
1174.9,584064
1175,584047
1175.1,584066
1175.2,584063
1175.3,584064
1175.4,584057
1175.5,584054
1175.6,584064
1175.7,584052
1175.8,584049
1175.9,584045
1176,584059
1176.1,584055
1176.2,584043
1176.3,584052
1176.4,584065
1176.5,584062
1176.6,584052
1176.7,584061
1176.8,584054
1176.9,584053
1177,584059
1177.1,584055
1177.2,584058
1177.3,584055
1177.4,584058
1177.5,584051
1177.6,584052
1177.7,584056
1177.8,584052
1177.9,584042
1178,584053
1178.1,584049
1178.2,584060
1178.3,584048
1178.4,584046
1178.5,584050
1178.6,584040
1178.7,584036
1178.8,584052
1178.9,584053
1179,584051
1179.1,584054
1179.2,584048
1179.3,584051
1179.4,584046
1179.5,584057
1179.6,584053
1179.7,584057
1179.8,584052
1179.9,584066
1180,584048
1180.1,584047
1180.2,584048
1180.3,584051
1180.4,584060
1180.5,584057
1180.6,584060
1180.7,584049
1180.8,584058
1180.9,584053
1181,584056
1181.1,584059
1181.2,584039
1181.3,584050
1181.4,584058
1181.5,584049
1181.6,584044
1181.7,584048
1181.8,584048
1181.9,584056
1182,584047
1182.1,584045
1182.2,584058
1182.3,584048
1182.4,584057
1182.5,584045
1182.6,584063
1182.7,584052
1182.8,584062
1182.9,584063
1183,584048
1183.1,584050
1183.2,584045
1183.3,584054
1183.4,584042
1183.5,584055
1183.6,584052
1183.7,584061
1183.8,584056
1183.9,584057
1184,584057
1184.1,584044
1184.2,584063
1184.3,584071
1184.4,584059
1184.5,584044
1184.6,584055
1184.7,584057
1184.8,584065
1184.9,584052
1185,584051
1185.1,584056
1185.2,584064
1185.3,584038
1185.4,584055
1185.5,584060
1185.6,584063
1185.7,584043
1185.8,584054
1185.9,584054
1186,584046
1186.1,584049
1186.2,584059
1186.3,584047
1186.4,584055
1186.5,584055
1186.6,584058
1186.7,584053
1186.8,584048
1186.9,584048
1187,584049
1187.1,584055
1187.2,584057
1187.3,584059
1187.4,584052
1187.5,584045
1187.6,584058
1187.7,584053
1187.8,584056
1187.9,584040
1188,584040
1188.1,584046
1188.2,584049
1188.3,584052
1188.4,584052
1188.5,584044
1188.6,584058
1188.7,584053
1188.8,584047
1188.9,584042
1189,584063
1189.1,584055
1189.2,584047
1189.3,584050
1189.4,584058
1189.5,584051
1189.6,584063
1189.7,584053
1189.8,584055
1189.9,584053
1190,584060
1190.1,584053
1190.2,584048
1190.3,584062
1190.4,584041
1190.5,584047
1190.6,584055
1190.7,584050
1190.8,584050
1190.9,584052
1191,584043
1191.1,584041
1191.2,584052
1191.3,584052
1191.4,584053
1191.5,584059
1191.6,584053
1191.7,584059
1191.8,584051
1191.9,584051
1192,584046
1192.1,584042
1192.2,584055
1192.3,584047
1192.4,584047
1192.5,584050
1192.6,584040
1192.7,584047
1192.8,584046
1192.9,584046
1193,584062
1193.1,584044
1193.2,584044
1193.3,584051
1193.4,584050
1193.5,584060
1193.6,584053
1193.7,584042
1193.8,584052
1193.9,584041
1194,584057
1194.1,584049
1194.2,584038
1194.3,584046
1194.4,584048
1194.5,584048
1194.6,584060
1194.7,584042
1194.8,584052
1194.9,584052
1195,584036
1195.1,584036
1195.2,584053
1195.3,584040
1195.4,584035
1195.5,584055
1195.6,584039
1195.7,584051
1195.8,584056
1195.9,584055
1196,584042
1196.1,584053
1196.2,584051
1196.3,584054
1196.4,584056
1196.5,584047
1196.6,584047
1196.7,584052
1196.8,584039
1196.9,584040
1197,584039
1197.1,584067
1197.2,584049
1197.3,584054
1197.4,584056
1197.5,584045
1197.6,584044
1197.7,584056
1197.8,584045
1197.9,584045
1198,584044
1198.1,584049
1198.2,584048
1198.3,584052
1198.4,584045
1198.5,584044
1198.6,584041
1198.7,584048
1198.8,584045
1198.9,584049
1199,584048
1199.1,584047
1199.2,584039
1199.3,584042
1199.4,584048
1199.5,584042
1199.6,584062
1199.7,584059
1199.8,584048
1199.9,584055
1200,584039
1200.1,584053
1200.2,584035
1200.3,584055
1200.4,584041
1200.5,584040
1200.6,584039
1200.7,584044
1200.8,584046
1200.9,584050
1201,584058
1201.1,584039
1201.2,584053
1201.3,584047
1201.4,584044
1201.5,584043
1201.6,584050
1201.7,584047
1201.8,584057
1201.9,584053
1202,584037
1202.1,584051
1202.2,584048
1202.3,584050
1202.4,584039
1202.5,584038
1202.6,584045
1202.7,584049
1202.8,584044
1202.9,584055
1203,584052
1203.1,584050
1203.2,584050
1203.3,584046
1203.4,584041
1203.5,584047
1203.6,584046
1203.7,584036
1203.8,584046
1203.9,584056
1204,584047
1204.1,584046
1204.2,584049
1204.3,584046
1204.4,584055
1204.5,584041
1204.6,584061
1204.7,584042
1204.8,584046
1204.9,584047
1205,584056
1205.1,584047
1205.2,584052
1205.3,584048
1205.4,584052
1205.5,584053
1205.6,584042
1205.7,584048
1205.8,584045
1205.9,584044
1206,584056
1206.1,584054
1206.2,584063
1206.3,584060
1206.4,584033
1206.5,584042
1206.6,584056
1206.7,584044
1206.8,584040
1206.9,584042
1207,584044
1207.1,584058
1207.2,584054
1207.3,584050
1207.4,584038
1207.5,584047
1207.6,584038
1207.7,584056
1207.8,584046
1207.9,584040
1208,584049
1208.1,584032
1208.2,584051
1208.3,584048
1208.4,584041
1208.5,584042
1208.6,584046
1208.7,584052
1208.8,584041
1208.9,584050
1209,584046
1209.1,584049
1209.2,584046
1209.3,584042
1209.4,584051
1209.5,584045
1209.6,584046
1209.7,584037
1209.8,584045
1209.9,584041
1210,584048
1210.1,584050
1210.2,584053
1210.3,584049
1210.4,584052
1210.5,584041
1210.6,584055
1210.7,584044
1210.8,584047
1210.9,584043
1211,584049
1211.1,584028
1211.2,584039
1211.3,584037
1211.4,584046
1211.5,584040
1211.6,584048
1211.7,584044
1211.8,584056
1211.9,584050
1212,584043
1212.1,584036
1212.2,584047
1212.3,584048
1212.4,584031
1212.5,584048
1212.6,584039
1212.7,584045
1212.8,584038
1212.9,584042
1213,584050
1213.1,584049
1213.2,584040
1213.3,584048
1213.4,584049
1213.5,584045
1213.6,584046
1213.7,584041
1213.8,584045
1213.9,584046
1214,584053
1214.1,584039
1214.2,584054
1214.3,584049
1214.4,584050
1214.5,584030
1214.6,584054
1214.7,584046
1214.8,584027
1214.9,584035
1215,584052
1215.1,584035
1215.2,584048
1215.3,584044
1215.4,584045
1215.5,584040
1215.6,584054
1215.7,584047
1215.8,584050
1215.9,584050
1216,584044
1216.1,584037
1216.2,584044
1216.3,584046
1216.4,584047
1216.5,584050
1216.6,584043
1216.7,584042
1216.8,584044
1216.9,584040
1217,584040
1217.1,584046
1217.2,584037
1217.3,584048
1217.4,584049
1217.5,584057
1217.6,584044
1217.7,584050
1217.8,584045
1217.9,584039
1218,584032
1218.1,584042
1218.2,584040
1218.3,584056
1218.4,584049
1218.5,584050
1218.6,584058
1218.7,584028
1218.8,584047
1218.9,584049
1219,584042
1219.1,584043
1219.2,584041
1219.3,584047
1219.4,584047
1219.5,584032
1219.6,584041
1219.7,584041
1219.8,584052
1219.9,584047
1220,584040
1220.1,584032
1220.2,584054
1220.3,584047
1220.4,584047
1220.5,584040
1220.6,584053
1220.7,584046
1220.8,584036
1220.9,584045
1221,584040
1221.1,584053
1221.2,584045
1221.3,584041
1221.4,584044
1221.5,584037
1221.6,584045
1221.7,584043
1221.8,584041
1221.9,584043
1222,584041
1222.1,584034
1222.2,584042
1222.3,584046
1222.4,584053
1222.5,584048
1222.6,584038
1222.7,584044
1222.8,584049
1222.9,584037
1223,584053
1223.1,584037
1223.2,584030
1223.3,584040
1223.4,584039
1223.5,584037
1223.6,584031
1223.7,584044
1223.8,584047
1223.9,584051
1224,584045
1224.1,584059
1224.2,584043
1224.3,584041
1224.4,584031
1224.5,584032
1224.6,584055
1224.7,584042
1224.8,584042
1224.9,584045
1225,584045
1225.1,584038
1225.2,584043
1225.3,584034
1225.4,584039
1225.5,584031
1225.6,584044
1225.7,584045
1225.8,584032
1225.9,584037
1226,584044
1226.1,584058
1226.2,584045
1226.3,584043
1226.4,584046
1226.5,584051
1226.6,584050
1226.7,584043
1226.8,584041
1226.9,584044
1227,584031
1227.1,584044
1227.2,584049
1227.3,584051
1227.4,584036
1227.5,584036
1227.6,584034
1227.7,584039
1227.8,584052
1227.9,584041
1228,584034
1228.1,584041
1228.2,584044
1228.3,584037
1228.4,584047
1228.5,584041
1228.6,584048
1228.7,584038
1228.8,584036
1228.9,584041
1229,584044
1229.1,584035
1229.2,584040
1229.3,584037
1229.4,584040
1229.5,584038
1229.6,584043
1229.7,584042
1229.8,584029
1229.9,584042
1230,584029
1230.1,584037
1230.2,584043
1230.3,584046
1230.4,584041
1230.5,584038
1230.6,584051
1230.7,584033
1230.8,584048
1230.9,584042
1231,584039
1231.1,584036
1231.2,584028
1231.3,584033
1231.4,584041
1231.5,584038
1231.6,584029
1231.7,584040
1231.8,584037
1231.9,584034
1232,584036
1232.1,584036
1232.2,584041
1232.3,584038
1232.4,584040
1232.5,584043
1232.6,584050
1232.7,584039
1232.8,584043
1232.9,584038
1233,584036
1233.1,584043
1233.2,584035
1233.3,584047
1233.4,584043
1233.5,584039
1233.6,584046
1233.7,584038
1233.8,584040
1233.9,584034
1234,584039
1234.1,584046
1234.2,584031
1234.3,584043
1234.4,584053
1234.5,584050
1234.6,584049
1234.7,584034
1234.8,584052
1234.9,584033
1235,584040
1235.1,584042
1235.2,584049
1235.3,584044
1235.4,584035
1235.5,584043
1235.6,584052
1235.7,584044
1235.8,584040
1235.9,584043
1236,584037
1236.1,584040
1236.2,584049
1236.3,584045
1236.4,584042
1236.5,584037
1236.6,584039
1236.7,584044
1236.8,584033
1236.9,584029
1237,584046
1237.1,584039
1237.2,584030
1237.3,584032
1237.4,584042
1237.5,584051
1237.6,584045
1237.7,584035
1237.8,584034
1237.9,584052
1238,584038
1238.1,584040
1238.2,584047
1238.3,584036
1238.4,584046
1238.5,584048
1238.6,584034
1238.7,584044
1238.8,584037
1238.9,584042
1239,584050
1239.1,584038
1239.2,584046
1239.3,584049
1239.4,584043
1239.5,584053
1239.6,584048
1239.7,584039
1239.8,584044
1239.9,584047
1240,584039
1240.1,584056
1240.2,584035
1240.3,584037
1240.4,584054
1240.5,584051
1240.6,584044
1240.7,584044
1240.8,584054
1240.9,584027
1241,584036
1241.1,584038
1241.2,584044
1241.3,584041
1241.4,584051
1241.5,584053
1241.6,584054
1241.7,584046
1241.8,584036
1241.9,584054
1242,584025
1242.1,584048
1242.2,584039
1242.3,584051
1242.4,584037
1242.5,584038
1242.6,584027
1242.7,584039
1242.8,584046
1242.9,584040
1243,584054
1243.1,584027
1243.2,584042
1243.3,584047
1243.4,584051
1243.5,584036
1243.6,584030
1243.7,584053
1243.8,584044
1243.9,584038
1244,584034
1244.1,584034
1244.2,584047
1244.3,584039
1244.4,584041
1244.5,584042
1244.6,584044
1244.7,584042
1244.8,584033
1244.9,584038
1245,584040
1245.1,584039
1245.2,584047
1245.3,584046
1245.4,584047
1245.5,584041
1245.6,584035
1245.7,584035
1245.8,584047
1245.9,584043
1246,584043
1246.1,584030
1246.2,584044
1246.3,584044
1246.4,584044
1246.5,584046
1246.6,584039
1246.7,584038
1246.8,584038
1246.9,584031
1247,584032
1247.1,584039
1247.2,584040
1247.3,584044
1247.4,584041
1247.5,584057
1247.6,584041
1247.7,584034
1247.8,584040
1247.9,584042
1248,584057
1248.1,584029
1248.2,584035
1248.3,584039
1248.4,584046
1248.5,584039
1248.6,584046
1248.7,584040
1248.8,584039
1248.9,584043
1249,584038
1249.1,584044
1249.2,584044
1249.3,584043
1249.4,584031
1249.5,584040
1249.6,584048
1249.7,584047
1249.8,584046
1249.9,584050
1250,584038
1250.1,584044
1250.2,584050
1250.3,584049
1250.4,584048
1250.5,584047
1250.6,584046
1250.7,584031
1250.8,584049
1250.9,584041
1251,584034
1251.1,584043
1251.2,584049
1251.3,584048
1251.4,584037
1251.5,584030
1251.6,584044
1251.7,584045
1251.8,584049
1251.9,584039
1252,584040
1252.1,584047
1252.2,584046
1252.3,584044
1252.4,584050
1252.5,584056
1252.6,584049
1252.7,584040
1252.8,584039
1252.9,584038
1253,584051
1253.1,584049
1253.2,584042
1253.3,584046
1253.4,584032
1253.5,584043
1253.6,584042
1253.7,584048
1253.8,584053
1253.9,584029
1254,584049
1254.1,584047
1254.2,584030
1254.3,584028
1254.4,584047
1254.5,584043
1254.6,584057
1254.7,584040
1254.8,584033
1254.9,584044
1255,584047
1255.1,584046
1255.2,584039
1255.3,584046
1255.4,584041
1255.5,584050
1255.6,584043
1255.7,584049
1255.8,584047
1255.9,584036
1256,584039
1256.1,584047
1256.2,584045
1256.3,584036
1256.4,584047
1256.5,584043
1256.6,584036
1256.7,584041
1256.8,584045
1256.9,584048
1257,584039
1257.1,584038
1257.2,584044
1257.3,584034
1257.4,584045
1257.5,584048
1257.6,584041
1257.7,584039
1257.8,584043
1257.9,584039
1258,584049
1258.1,584050
1258.2,584041
1258.3,584044
1258.4,584034
1258.5,584043
1258.6,584033
1258.7,584044
1258.8,584042
1258.9,584039
1259,584044
1259.1,584031
1259.2,584037
1259.3,584048
1259.4,584052
1259.5,584048
1259.6,584035
1259.7,584046
1259.8,584044
1259.9,584040
1260,584038
1260.1,584046
1260.2,584044
1260.3,584034
1260.4,584045
1260.5,584048
1260.6,584044
1260.7,584042
1260.8,584047
1260.9,584043
1261,584051
1261.1,584031
1261.2,584045
1261.3,584042
1261.4,584046
1261.5,584049
1261.6,584043
1261.7,584049
1261.8,584040
1261.9,584036
1262,584039
1262.1,584049
1262.2,584052
1262.3,584042
1262.4,584044
1262.5,584026
1262.6,584029
1262.7,584047
1262.8,584036
1262.9,584048
1263,584045
1263.1,584031
1263.2,584037
1263.3,584026
1263.4,584050
1263.5,584030
1263.6,584033
1263.7,584039
1263.8,584042
1263.9,584039
1264,584054
1264.1,584045
1264.2,584035
1264.3,584033
1264.4,584051
1264.5,584054
1264.6,584047
1264.7,584042
1264.8,584038
1264.9,584040
1265,584035
1265.1,584038
1265.2,584052
1265.3,584042
1265.4,584044
1265.5,584035
1265.6,584043
1265.7,584035
1265.8,584038
1265.9,584049
1266,584051
1266.1,584047
1266.2,584055
1266.3,584036
1266.4,584032
1266.5,584048
1266.6,584036
1266.7,584044
1266.8,584042
1266.9,584049
1267,584047
1267.1,584033
1267.2,584041
1267.3,584031
1267.4,584041
1267.5,584043
1267.6,584036
1267.7,584045
1267.8,584035
1267.9,584058
1268,584048
1268.1,584040
1268.2,584041
1268.3,584046
1268.4,584047
1268.5,584037
1268.6,584044
1268.7,584052
1268.8,584042
1268.9,584038
1269,584033
1269.1,584041
1269.2,584046
1269.3,584046
1269.4,584036
1269.5,584044
1269.6,584039
1269.7,584039
1269.8,584040
1269.9,584042
1270,584045
1270.1,584038
1270.2,584046
1270.3,584043
1270.4,584040
1270.5,584041
1270.6,584036
1270.7,584042
1270.8,584034
1270.9,584039
1271,584039
1271.1,584041
1271.2,584042
1271.3,584047
1271.4,584042
1271.5,584032
1271.6,584039
1271.7,584032
1271.8,584047
1271.9,584040
1272,584051
1272.1,584035
1272.2,584027
1272.3,584047
1272.4,584037
1272.5,584053
1272.6,584027
1272.7,584033
1272.8,584045
1272.9,584040
1273,584035
1273.1,584043
1273.2,584028
1273.3,584051
1273.4,584045
1273.5,584032
1273.6,584046
1273.7,584040
1273.8,584040
1273.9,584035
1274,584042
1274.1,584037
1274.2,584037
1274.3,584035
1274.4,584042
1274.5,584029
1274.6,584037
1274.7,584026
1274.8,584032
1274.9,584024
1275,584031
1275.1,584042
1275.2,584049
1275.3,584033
1275.4,584044
1275.5,584041
1275.6,584041
1275.7,584054
1275.8,584030
1275.9,584037
1276,584046
1276.1,584024
1276.2,584030
1276.3,584035
1276.4,584040
1276.5,584049
1276.6,584034
1276.7,584034
1276.8,584028
1276.9,584039
1277,584040
1277.1,584027
1277.2,584033
1277.3,584032
1277.4,584037
1277.5,584037
1277.6,584052
1277.7,584036
1277.8,584036
1277.9,584033
1278,584041
1278.1,584050
1278.2,584040
1278.3,584047
1278.4,584037
1278.5,584031
1278.6,584047
1278.7,584030
1278.8,584035
1278.9,584048
1279,584034
1279.1,584027
1279.2,584042
1279.3,584031
1279.4,584031
1279.5,584042
1279.6,584030
1279.7,584050
1279.8,584037
1279.9,584047
1280,584030
1280.1,584037
1280.2,584034
1280.3,584034
1280.4,584045
1280.5,584029
1280.6,584049
1280.7,584040
1280.8,584040
1280.9,584044
1281,584019
1281.1,584047
1281.2,584040
1281.3,584029
1281.4,584037
1281.5,584032
1281.6,584047
1281.7,584044
1281.8,584029
1281.9,584039
1282,584037
1282.1,584036
1282.2,584056
1282.3,584033
1282.4,584044
1282.5,584041
1282.6,584038
1282.7,584040
1282.8,584037
1282.9,584042
1283,584039
1283.1,584038
1283.2,584030
1283.3,584043
1283.4,584048
1283.5,584029
1283.6,584036
1283.7,584043
1283.8,584046
1283.9,584043
1284,584047
1284.1,584041
1284.2,584045
1284.3,584035
1284.4,584027
1284.5,584037
1284.6,584038
1284.7,584030
1284.8,584027
1284.9,584032
1285,584041
1285.1,584037
1285.2,584035
1285.3,584026
1285.4,584036
1285.5,584046
1285.6,584044
1285.7,584027
1285.8,584039
1285.9,584031
1286,584033
1286.1,584035
1286.2,584035
1286.3,584033
1286.4,584028
1286.5,584040
1286.6,584035
1286.7,584033
1286.8,584031
1286.9,584035
1287,584037
1287.1,584039
1287.2,584032
1287.3,584042
1287.4,584034
1287.5,584036
1287.6,584032
1287.7,584029
1287.8,584036
1287.9,584038
1288,584035
1288.1,584037
1288.2,584041
1288.3,584032
1288.4,584036
1288.5,584025
1288.6,584041
1288.7,584032
1288.8,584044
1288.9,584033
1289,584034
1289.1,584031
1289.2,584023
1289.3,584027
1289.4,584045
1289.5,584020
1289.6,584037
1289.7,584026
1289.8,584038
1289.9,584035
1290,584044
1290.1,584032
1290.2,584027
1290.3,584036
1290.4,584020
1290.5,584030
1290.6,584026
1290.7,584033
1290.8,584029
1290.9,584036
1291,584030
1291.1,584032
1291.2,584033
1291.3,584038
1291.4,584034
1291.5,584036
1291.6,584037
1291.7,584045
1291.8,584036
1291.9,584032
1292,584041
1292.1,584022
1292.2,584029
1292.3,584041
1292.4,584039
1292.5,584025
1292.6,584034
1292.7,584034
1292.8,584041
1292.9,584043
1293,584039
1293.1,584032
1293.2,584033
1293.3,584030
1293.4,584032
1293.5,584057
1293.6,584030
1293.7,584039
1293.8,584042
1293.9,584031
1294,584033
1294.1,584029
1294.2,584028
1294.3,584032
1294.4,584029
1294.5,584033
1294.6,584019
1294.7,584021
1294.8,584045
1294.9,584034
1295,584043
1295.1,584037
1295.2,584039
1295.3,584046
1295.4,584042
1295.5,584038
1295.6,584045
1295.7,584032
1295.8,584018
1295.9,584037
1296,584031
1296.1,584024
1296.2,584018
1296.3,584033
1296.4,584035
1296.5,584038
1296.6,584039
1296.7,584030
1296.8,584024
1296.9,584034
1297,584030
1297.1,584032
1297.2,584045
1297.3,584024
1297.4,584041
1297.5,584030
1297.6,584039
1297.7,584030
1297.8,584023
1297.9,584030
1298,584041
1298.1,584035
1298.2,584029
1298.3,584036
1298.4,584032
1298.5,584040
1298.6,584029
1298.7,584043
1298.8,584035
1298.9,584023
1299,584032
1299.1,584033
1299.2,584035
1299.3,584041
1299.4,584029
1299.5,584036
1299.6,584044
1299.7,584030
1299.8,584037
1299.9,584025
1300,584034
1300.1,584028
1300.2,584028
1300.3,584035
1300.4,584037
1300.5,584025
1300.6,584026
1300.7,584032
1300.8,584039
1300.9,584037
1301,584031
1301.1,584040
1301.2,584026
1301.3,584040
1301.4,584036
1301.5,584024
1301.6,584046
1301.7,584040
1301.8,584033
1301.9,584045
1302,584030
1302.1,584025
1302.2,584040
1302.3,584023
1302.4,584029
1302.5,584023
1302.6,584047
1302.7,584032
1302.8,584031
1302.9,584030
1303,584052
1303.1,584024
1303.2,584022
1303.3,584029
1303.4,584035
1303.5,584029
1303.6,584030
1303.7,584030
1303.8,584034
1303.9,584041
1304,584034
1304.1,584043
1304.2,584037
1304.3,584032
1304.4,584031
1304.5,584042
1304.6,584036
1304.7,584034
1304.8,584033
1304.9,584039
1305,584052
1305.1,584033
1305.2,584040
1305.3,584033
1305.4,584029
1305.5,584030
1305.6,584030
1305.7,584037
1305.8,584028
1305.9,584029
1306,584033
1306.1,584031
1306.2,584030
1306.3,584030
1306.4,584029
1306.5,584031
1306.6,584024
1306.7,584040
1306.8,584030
1306.9,584042
1307,584033
1307.1,584027
1307.2,584025
1307.3,584025
1307.4,584036
1307.5,584017
1307.6,584034
1307.7,584032
1307.8,584033
1307.9,584034
1308,584024
1308.1,584033
1308.2,584024
1308.3,584023
1308.4,584028
1308.5,584039
1308.6,584038
1308.7,584031
1308.8,584037
1308.9,584033
1309,584031
1309.1,584032
1309.2,584030
1309.3,584036
1309.4,584035
1309.5,584030
1309.6,584044
1309.7,584037
1309.8,584034
1309.9,584031
1310,584036
1310.1,584028
1310.2,584028
1310.3,584031
1310.4,584031
1310.5,584033
1310.6,584026
1310.7,584032
1310.8,584030
1310.9,584022
1311,584033
1311.1,584037
1311.2,584033
1311.3,584031
1311.4,584037
1311.5,584040
1311.6,584028
1311.7,584026
1311.8,584040
1311.9,584023
1312,584026
1312.1,584029
1312.2,584028
1312.3,584026
1312.4,584032
1312.5,584036
1312.6,584029
1312.7,584029
1312.8,584035
1312.9,584039
1313,584014
1313.1,584038
1313.2,584028
1313.3,584026
1313.4,584040
1313.5,584036
1313.6,584023
1313.7,584030
1313.8,584035
1313.9,584033
1314,584034
1314.1,584025
1314.2,584030
1314.3,584036
1314.4,584031
1314.5,584035
1314.6,584015
1314.7,584023
1314.8,584019
1314.9,584022
1315,584027
1315.1,584031
1315.2,584035
1315.3,584025
1315.4,584023
1315.5,584047
1315.6,584029
1315.7,584026
1315.8,584039
1315.9,584036
1316,584034
1316.1,584027
1316.2,584028
1316.3,584033
1316.4,584031
1316.5,584027
1316.6,584027
1316.7,584023
1316.8,584029
1316.9,584031
1317,584027
1317.1,584038
1317.2,584031
1317.3,584029
1317.4,584025
1317.5,584019
1317.6,584031
1317.7,584026
1317.8,584037
1317.9,584034
1318,584014
1318.1,584024
1318.2,584041
1318.3,584032
1318.4,584040
1318.5,584037
1318.6,584033
1318.7,584030
1318.8,584023
1318.9,584034
1319,584037
1319.1,584046
1319.2,584033
1319.3,584023
1319.4,584034
1319.5,584030
1319.6,584038
1319.7,584018
1319.8,584028
1319.9,584034
1320,584030
1320.1,584026
1320.2,584033
1320.3,584031
1320.4,584034
1320.5,584021
1320.6,584023
1320.7,584026
1320.8,584039
1320.9,584029
1321,584024
1321.1,584033
1321.2,584028
1321.3,584028
1321.4,584032
1321.5,584034
1321.6,584029
1321.7,584031
1321.8,584038
1321.9,584021
1322,584024
1322.1,584037
1322.2,584032
1322.3,584033
1322.4,584028
1322.5,584023
1322.6,584034
1322.7,584027
1322.8,584019
1322.9,584030
1323,584032
1323.1,584020
1323.2,584028
1323.3,584036
1323.4,584016
1323.5,584034
1323.6,584022
1323.7,584022
1323.8,584036
1323.9,584033
1324,584035
1324.1,584036
1324.2,584029
1324.3,584024
1324.4,584032
1324.5,584034
1324.6,584029
1324.7,584030
1324.8,584030
1324.9,584026
1325,584022
1325.1,584023
1325.2,584022
1325.3,584015
1325.4,584034
1325.5,584034
1325.6,584037
1325.7,584029
1325.8,584021
1325.9,584027
1326,584032
1326.1,584017
1326.2,584033
1326.3,584025
1326.4,584024
1326.5,584034
1326.6,584029
1326.7,584029
1326.8,584021
1326.9,584027
1327,584038
1327.1,584031
1327.2,584031
1327.3,584023
1327.4,584029
1327.5,584018
1327.6,584039
1327.7,584034
1327.8,584027
1327.9,584017
1328,584035
1328.1,584042
1328.2,584030
1328.3,584028
1328.4,584034
1328.5,584023
1328.6,584031
1328.7,584031
1328.8,584036
1328.9,584029
1329,584024
1329.1,584032
1329.2,584032
1329.3,584032
1329.4,584032
1329.5,584025
1329.6,584019
1329.7,584018
1329.8,584040
1329.9,584032
1330,584018
1330.1,584020
1330.2,584020
1330.3,584027
1330.4,584026
1330.5,584025
1330.6,584012
1330.7,584027
1330.8,584026
1330.9,584026
1331,584023
1331.1,584030
1331.2,584023
1331.3,584023
1331.4,584023
1331.5,584026
1331.6,584028
1331.7,584025
1331.8,584033
1331.9,584031
1332,584021
1332.1,584031
1332.2,584021
1332.3,584022
1332.4,584036
1332.5,584025
1332.6,584018
1332.7,584025
1332.8,584030
1332.9,584038
1333,584036
1333.1,584013
1333.2,584034
1333.3,584025
1333.4,584025
1333.5,584016
1333.6,584031
1333.7,584024
1333.8,584024
1333.9,584029
1334,584034
1334.1,584026
1334.2,584019
1334.3,584024
1334.4,584023
1334.5,584028
1334.6,584023
1334.7,584023
1334.8,584018
1334.9,584026
1335,584023
1335.1,584023
1335.2,584023
1335.3,584020
1335.4,584013
1335.5,584023
1335.6,584020
1335.7,584028
1335.8,584019
1335.9,584025
1336,584015
1336.1,584025
1336.2,584025
1336.3,584022
1336.4,584034
1336.5,584025
1336.6,584035
1336.7,584027
1336.8,584019
1336.9,584032
1337,584036
1337.1,584027
1337.2,584031
1337.3,584024
1337.4,584028
1337.5,584033
1337.6,584022
1337.7,584035
1337.8,584035
1337.9,584017
1338,584037
1338.1,584024
1338.2,584024
1338.3,584028
1338.4,584019
1338.5,584023
1338.6,584021
1338.7,584025
1338.8,584032
1338.9,584029
1339,584027
1339.1,584016
1339.2,584029
1339.3,584021
1339.4,584018
1339.5,584031
1339.6,584034
1339.7,584026
1339.8,584025
1339.9,584035
1340,584025
1340.1,584023
1340.2,584015
1340.3,584027
1340.4,584031
1340.5,584028
1340.6,584031
1340.7,584026
1340.8,584018
1340.9,584029
1341,584018
1341.1,584030
1341.2,584009
1341.3,584022
1341.4,584020
1341.5,584024
1341.6,584021
1341.7,584036
1341.8,584026
1341.9,584018
1342,584015
1342.1,584025
1342.2,584017
1342.3,584032
1342.4,584029
1342.5,584026
1342.6,584029
1342.7,584016
1342.8,584030
1342.9,584019
1343,584030
1343.1,584027
1343.2,584014
1343.3,584019
1343.4,584023
1343.5,584017
1343.6,584023
1343.7,584025
1343.8,584029
1343.9,584026
1344,584023
1344.1,584033
1344.2,584028
1344.3,584032
1344.4,584022
1344.5,584026
1344.6,584029
1344.7,584029
1344.8,584007
1344.9,584019
1345,584022
1345.1,584026
1345.2,584019
1345.3,584013
1345.4,584033
1345.5,584028
1345.6,584024
1345.7,584027
1345.8,584020
1345.9,584026
1346,584028
1346.1,584030
1346.2,584027
1346.3,584012
1346.4,584016
1346.5,584012
1346.6,584023
1346.7,584018
1346.8,584022
1346.9,584030
1347,584026
1347.1,584021
1347.2,584029
1347.3,584031
1347.4,584020
1347.5,584024
1347.6,584032
1347.7,584021
1347.8,584013
1347.9,584025
1348,584022
1348.1,584024
1348.2,584033
1348.3,584026
1348.4,584023
1348.5,584019
1348.6,584021
1348.7,584023
1348.8,584015
1348.9,584020
1349,584023
1349.1,584019
1349.2,584021
1349.3,584028
1349.4,584024
1349.5,584019
1349.6,584023
1349.7,584016
1349.8,584018
1349.9,584032
1350,584041
1350.1,584036
1350.2,584025
1350.3,584025
1350.4,584017
1350.5,584018
1350.6,584030
1350.7,584009
1350.8,584025
1350.9,584032
1351,584027
1351.1,584020
1351.2,584018
1351.3,584025
1351.4,584025
1351.5,584014
1351.6,584028
1351.7,584009
1351.8,584017
1351.9,584030
1352,584022
1352.1,584021
1352.2,584022
1352.3,584029
1352.4,584029
1352.5,584018
1352.6,584021
1352.7,584028
1352.8,584021
1352.9,584028
1353,584018
1353.1,584012
1353.2,584012
1353.3,584013
1353.4,584020
1353.5,584022
1353.6,584011
1353.7,584018
1353.8,584013
1353.9,584017
1354,584014
1354.1,584017
1354.2,584017
1354.3,584017
1354.4,584024
1354.5,584023
1354.6,584025
1354.7,584018
1354.8,584026
1354.9,584025
1355,584023
1355.1,584024
1355.2,584025
1355.3,584011
1355.4,584032
1355.5,584009
1355.6,584020
1355.7,584020
1355.8,584006
1355.9,584025
1356,584024
1356.1,584034
1356.2,584027
1356.3,584028
1356.4,584011
1356.5,584011
1356.6,584028
1356.7,584021
1356.8,584015
1356.9,584028
1357,584018
1357.1,584012
1357.2,584028
1357.3,584014
1357.4,584020
1357.5,584011
1357.6,584018
1357.7,584020
1357.8,584020
1357.9,584014
1358,584011
1358.1,584028
1358.2,584014
1358.3,584021
1358.4,584013
1358.5,584012
1358.6,584022
1358.7,584024
1358.8,584022
1358.9,584014
1359,584014
1359.1,584026
1359.2,584025
1359.3,584019
1359.4,584009
1359.5,584024
1359.6,584027
1359.7,584021
1359.8,584022
1359.9,584027
1360,584017
1360.1,584015
1360.2,584024
1360.3,584008
1360.4,584028
1360.5,584006
1360.6,584015
1360.7,584017
1360.8,584025
1360.9,584031
1361,584020
1361.1,584024
1361.2,584025
1361.3,584019
1361.4,584018
1361.5,584022
1361.6,584019
1361.7,584026
1361.8,584013
1361.9,584012
1362,584016
1362.1,584013
1362.2,584030
1362.3,584029
1362.4,584005
1362.5,584025
1362.6,584017
1362.7,584016
1362.8,584030
1362.9,584021
1363,584018
1363.1,584022
1363.2,584014
1363.3,584013
1363.4,584025
1363.5,584029
1363.6,584021
1363.7,584030
1363.8,584024
1363.9,584023
1364,584020
1364.1,584016
1364.2,584020
1364.3,584027
1364.4,584024
1364.5,584007
1364.6,584019
1364.7,584015
1364.8,584015
1364.9,584022
1365,584010
1365.1,584025
1365.2,584026
1365.3,584012
1365.4,584016
1365.5,584023
1365.6,584028
1365.7,584008
1365.8,584020
1365.9,584026
1366,584010
1366.1,584014
1366.2,584024
1366.3,584010
1366.4,584021
1366.5,584027
1366.6,584024
1366.7,584018
1366.8,584018
1366.9,584011
1367,584015
1367.1,584017
1367.2,584014
1367.3,584028
1367.4,584014
1367.5,584018
1367.6,584029
1367.7,584010
1367.8,584028
1367.9,584020
1368,584029
1368.1,584027
1368.2,584021
1368.3,584011
1368.4,584030
1368.5,584022
1368.6,584025
1368.7,584012
1368.8,584023
1368.9,584028
1369,584009
1369.1,584016
1369.2,584025
1369.3,584013
1369.4,584012
1369.5,584008
1369.6,584005
1369.7,584023
1369.8,584016
1369.9,584014
1370,584013
1370.1,584009
1370.2,584011
1370.3,584015
1370.4,584027
1370.5,584008
1370.6,584014
1370.7,584008
1370.8,584017
1370.9,584019
1371,584005
1371.1,584032
1371.2,584020
1371.3,584021
1371.4,584005
1371.5,584009
1371.6,584028
1371.7,584025
1371.8,584027
1371.9,584028
1372,584004
1372.1,584021
1372.2,584018
1372.3,584011
1372.4,584013
1372.5,584009
1372.6,584014
1372.7,584017
1372.8,584026
1372.9,584018
1373,584009
1373.1,584019
1373.2,584015
1373.3,584019
1373.4,584010
1373.5,584021
1373.6,584020
1373.7,584022
1373.8,584024
1373.9,584004
1374,584016
1374.1,584011
1374.2,584005
1374.3,584016
1374.4,584002
1374.5,584013
1374.6,584017
1374.7,584020
1374.8,584022
1374.9,584022
1375,584019
1375.1,584016
1375.2,584017
1375.3,584005
1375.4,584022
1375.5,584011
1375.6,584020
1375.7,584009
1375.8,584017
1375.9,584010
1376,584026
1376.1,584022
1376.2,584018
1376.3,584003
1376.4,584012
1376.5,584026
1376.6,584007
1376.7,584011
1376.8,584012
1376.9,584021
1377,584013
1377.1,584009
1377.2,584034
1377.3,584012
1377.4,584013
1377.5,584007
1377.6,584016
1377.7,584012
1377.8,584029
1377.9,584008
1378,584014
1378.1,584005
1378.2,584013
1378.3,584007
1378.4,584023
1378.5,584024
1378.6,584004
1378.7,584021
1378.8,584014
1378.9,584023
1379,584018
1379.1,584019
1379.2,584022
1379.3,584016
1379.4,584024
1379.5,584011
1379.6,584012
1379.7,584016
1379.8,584022
1379.9,584016
1380,584017
1380.1,584029
1380.2,584017
1380.3,584018
1380.4,584004
1380.5,584010
1380.6,584024
1380.7,584005
1380.8,584006
1380.9,584023
1381,584014
1381.1,584007
1381.2,584021
1381.3,584015
1381.4,584016
1381.5,584008
1381.6,584021
1381.7,584017
1381.8,584019
1381.9,584005
1382,584006
1382.1,584018
1382.2,584006
1382.3,584012
1382.4,584007
1382.5,584013
1382.6,584014
1382.7,584008
1382.8,584024
1382.9,584009
1383,584024
1383.1,584018
1383.2,584003
1383.3,584013
1383.4,584019
1383.5,584020
1383.6,584001
1383.7,584012
1383.8,584006
1383.9,584022
1384,584013
1384.1,584026
1384.2,584003
1384.3,584017
1384.4,584018
1384.5,584012
1384.6,584023
1384.7,584014
1384.8,584002
1384.9,584001
1385,584016
1385.1,584022
1385.2,584018
1385.3,584005
1385.4,584006
1385.5,584005
1385.6,584032
1385.7,584010
1385.8,584003
1385.9,584017
1386,584003
1386.1,584015
1386.2,584006
1386.3,584014
1386.4,584013
1386.5,584019
1386.6,584011
1386.7,584010
1386.8,583998
1386.9,584019
1387,584010
1387.1,584017
1387.2,584007
1387.3,584015
1387.4,584010
1387.5,584021
1387.6,583999
1387.7,584011
1387.8,584020
1387.9,584018
1388,584012
1388.1,584018
1388.2,584016
1388.3,584013
1388.4,584011
1388.5,584018
1388.6,584009
1388.7,584007
1388.8,584026
1388.9,584012
1389,584016
1389.1,584017
1389.2,584013
1389.3,583996
1389.4,584002
1389.5,584011
1389.6,584015
1389.7,584013
1389.8,584009
1389.9,584002
1390,584008
1390.1,584020
1390.2,583998
1390.3,584007
1390.4,584007
1390.5,584014
1390.6,584004
1390.7,584025
1390.8,584007
1390.9,584000
1391,583998
1391.1,584018
1391.2,584016
1391.3,584020
1391.4,584006
1391.5,584004
1391.6,584015
1391.7,584014
1391.8,584005
1391.9,584007
1392,584007
1392.1,584011
1392.2,584009
1392.3,584005
1392.4,584010
1392.5,584008
1392.6,584012
1392.7,584005
1392.8,584009
1392.9,584009
1393,584016
1393.1,584022
1393.2,584013
1393.3,584016
1393.4,584004
1393.5,584018
1393.6,584015
1393.7,584006
1393.8,584025
1393.9,584013
1394,583990
1394.1,584017
1394.2,584015
1394.3,584011
1394.4,584013
1394.5,584013
1394.6,584017
1394.7,584022
1394.8,584019
1394.9,583999
1395,584013
1395.1,584004
1395.2,584015
1395.3,584004
1395.4,584016
1395.5,584007
1395.6,584013
1395.7,584002
1395.8,583997
1395.9,584009
1396,584011
1396.1,584002
1396.2,584000
1396.3,584008
1396.4,584003
1396.5,583998
1396.6,584012
1396.7,584016
1396.8,584014
1396.9,584009
1397,584002
1397.1,584002
1397.2,583998
1397.3,584009
1397.4,584005
1397.5,583998
1397.6,584011
1397.7,584010
1397.8,584006
1397.9,584008
1398,584010
1398.1,584007
1398.2,584004
1398.3,584008
1398.4,584012
1398.5,584013
1398.6,584004
1398.7,584002
1398.8,584004
1398.9,584008
1399,584000
1399.1,584006
1399.2,584004
1399.3,584007
1399.4,584010
1399.5,584017
1399.6,584005
1399.7,584001
1399.8,584004
1399.9,584007
1400,584016
1400.1,584017
1400.2,584008
1400.3,584016
1400.4,584012
1400.5,584015
1400.6,584001
1400.7,584013
1400.8,583996
1400.9,584005
1401,584001
1401.1,584000
1401.2,584018
1401.3,584001
1401.4,584017
1401.5,583998
1401.6,584007
1401.7,584009
1401.8,584013
1401.9,584009
1402,584002
1402.1,584004
1402.2,584009
1402.3,584010
1402.4,583993
1402.5,584009
1402.6,584001
1402.7,584006
1402.8,584002
1402.9,584005
1403,584006
1403.1,584012
1403.2,584006
1403.3,584002
1403.4,583997
1403.5,584006
1403.6,584007
1403.7,584008
1403.8,584003
1403.9,584014
1404,584010
1404.1,584000
1404.2,584022
1404.3,584005
1404.4,584006
1404.5,584009
1404.6,584015
1404.7,584008
1404.8,583996
1404.9,584015
1405,584009
1405.1,583994
1405.2,584009
1405.3,584013
1405.4,584007
1405.5,584008
1405.6,584009
1405.7,583994
1405.8,584013
1405.9,584001
1406,584010
1406.1,584011
1406.2,584009
1406.3,584005
1406.4,584008
1406.5,584004
1406.6,584005
1406.7,584009
1406.8,584002
1406.9,584013
1407,584005
1407.1,583999
1407.2,584005
1407.3,583999
1407.4,584007
1407.5,584002
1407.6,583995
1407.7,584009
1407.8,583995
1407.9,584012
1408,584012
1408.1,584005
1408.2,583998
1408.3,584004
1408.4,583992
1408.5,584001
1408.6,584002
1408.7,583994
1408.8,584000
1408.9,584017
1409,583994
1409.1,584005
1409.2,584019
1409.3,584009
1409.4,584004
1409.5,583998
1409.6,583998
1409.7,584008
1409.8,584003
1409.9,584006
1410,584015
1410.1,584003
1410.2,584002
1410.3,584015
1410.4,584005
1410.5,584006
1410.6,584008
1410.7,583998
1410.8,584020
1410.9,584013
1411,583998
1411.1,583998
1411.2,583992
1411.3,584006
1411.4,583996
1411.5,583995
1411.6,583996
1411.7,584003
1411.8,584012
1411.9,583995
1412,584010
1412.1,584005
1412.2,584011
1412.3,584000
1412.4,583999
1412.5,584008
1412.6,583993
1412.7,584009
1412.8,584015
1412.9,583997
1413,584014
1413.1,584007
1413.2,584006
1413.3,583996
1413.4,584003
1413.5,584004
1413.6,584012
1413.7,584004
1413.8,584010
1413.9,584008
1414,584005
1414.1,583991
1414.2,584011
1414.3,584004
1414.4,584010
1414.5,583998
1414.6,584004
1414.7,583997
1414.8,583990
1414.9,584017
1415,583999
1415.1,584005
1415.2,584014
1415.3,584012
1415.4,584011
1415.5,584015
1415.6,584015
1415.7,584008
1415.8,584013
1415.9,583996
1416,584000
1416.1,584008
1416.2,584007
1416.3,584007
1416.4,583997
1416.5,584000
1416.6,584007
1416.7,584000
1416.8,584006
1416.9,584004
1417,583994
1417.1,584003
1417.2,584001
1417.3,583994
1417.4,583999
1417.5,584015
1417.6,583998
1417.7,584012
1417.8,584005
1417.9,584008
1418,584007
1418.1,584002
1418.2,584007
1418.3,584000
1418.4,584004
1418.5,584007
1418.6,584005
1418.7,583998
1418.8,583996
1418.9,584009
1419,583991
1419.1,584002
1419.2,584000
1419.3,583993
1419.4,584012
1419.5,583994
1419.6,584003
1419.7,584004
1419.8,583994
1419.9,584015
1420,583996
1420.1,584002
1420.2,583995
1420.3,584006
1420.4,583991
1420.5,584014
1420.6,583998
1420.7,583996
1420.8,584002
1420.9,584000
1421,583990
1421.1,584006
1421.2,583997
1421.3,584003
1421.4,584006
1421.5,583996
1421.6,584000
1421.7,584015
1421.8,584006
1421.9,583997
1422,584010
1422.1,583998
1422.2,584002
1422.3,584014
1422.4,584010
1422.5,584001
1422.6,584004
1422.7,583992
1422.8,583997
1422.9,583995
1423,584013
1423.1,584010
1423.2,583997
1423.3,584011
1423.4,584014
1423.5,584005
1423.6,584001
1423.7,584004
1423.8,583996
1423.9,584007
1424,584010
1424.1,584006
1424.2,584002
1424.3,584006
1424.4,584004
1424.5,584007
1424.6,584009
1424.7,583998
1424.8,583999
1424.9,584003
1425,584000
1425.1,584011
1425.2,583991
1425.3,584002
1425.4,584005
1425.5,584004
1425.6,583999
1425.7,584007
1425.8,583995
1425.9,584006
1426,583997
1426.1,584000
1426.2,583996
1426.3,584011
1426.4,583999
1426.5,583998
1426.6,584001
1426.7,584004
1426.8,584005
1426.9,583994
1427,583990
1427.1,584001
1427.2,584004
1427.3,584000
1427.4,583993
1427.5,584017
1427.6,584007
1427.7,584008
1427.8,584004
1427.9,584012
1428,584003
1428.1,584018
1428.2,584007
1428.3,583987
1428.4,583993
1428.5,584006
1428.6,584009
1428.7,584012
1428.8,583990
1428.9,584007
1429,584003
1429.1,583993
1429.2,584003
1429.3,584011
1429.4,583989
1429.5,583995
1429.6,584006
1429.7,584000
1429.8,584007
1429.9,584000
1430,584005
1430.1,584009
1430.2,584005
1430.3,584005
1430.4,584006
1430.5,584003
1430.6,583999
1430.7,584000
1430.8,584003
1430.9,583996
1431,584004
1431.1,583989
1431.2,584000
1431.3,584001
1431.4,583997
1431.5,584003
1431.6,584006
1431.7,584015
1431.8,584004
1431.9,584010
1432,584001
1432.1,583998
1432.2,583993
1432.3,584003
1432.4,584003
1432.5,583989
1432.6,584000
1432.7,583986
1432.8,584003
1432.9,583981
1433,583997
1433.1,583993
1433.2,583994
1433.3,583989
1433.4,583997
1433.5,584003
1433.6,583994
1433.7,584001
1433.8,583990
1433.9,583990
1434,584003
1434.1,583996
1434.2,583998
1434.3,583993
1434.4,583998
1434.5,583999
1434.6,583996
1434.7,583995
1434.8,583996
1434.9,584002
1435,583995
1435.1,583987
1435.2,583995
1435.3,583983
1435.4,584007
1435.5,584005
1435.6,584004
1435.7,583991
1435.8,583991
1435.9,584002
1436,584001
1436.1,584001
1436.2,583981
1436.3,584010
1436.4,584003
1436.5,583996
1436.6,583997
1436.7,584005
1436.8,584000
1436.9,584006
1437,583986
1437.1,583993
1437.2,583999
1437.3,583999
1437.4,584007
1437.5,583992
1437.6,584001
1437.7,584005
1437.8,583997
1437.9,583998
1438,583993
1438.1,583991
1438.2,583997
1438.3,583990
1438.4,583992
1438.5,583991
1438.6,583998
1438.7,584003
1438.8,583996
1438.9,583984
1439,583997
1439.1,583998
1439.2,584001
1439.3,583996
1439.4,583997
1439.5,583988
1439.6,583996
1439.7,583986
1439.8,584002
1439.9,583989
1440,583995
1440.1,583988
1440.2,583999
1440.3,583997
1440.4,583997
1440.5,583982
1440.6,584003
1440.7,584001
1440.8,583984
1440.9,583984
1441,583990
1441.1,584004
1441.2,583990
1441.3,583996
1441.4,583989
1441.5,583989
1441.6,584007
1441.7,583999
1441.8,583989
1441.9,583997
1442,583990
1442.1,583990
1442.2,583993
1442.3,584000
1442.4,583993
1442.5,583991
1442.6,583984
1442.7,584002
1442.8,583992
1442.9,583993
1443,584009
1443.1,584000
1443.2,584000
1443.3,583995
1443.4,584006
1443.5,583999
1443.6,583992
1443.7,583995
1443.8,583994
1443.9,583991
1444,583997
1444.1,583997
1444.2,583988
1444.3,583991
1444.4,583995
1444.5,583995
1444.6,583995
1444.7,583998
1444.8,583996
1444.9,584000
1445,583993
1445.1,583993
1445.2,584003
1445.3,584001
1445.4,583992
1445.5,583998
1445.6,583990
1445.7,583985
1445.8,583999
1445.9,584010
1446,583991
1446.1,583989
1446.2,583991
1446.3,583992
1446.4,583981
1446.5,583989
1446.6,583995
1446.7,583993
1446.8,583985
1446.9,583996
1447,583992
1447.1,583990
1447.2,583996
1447.3,583994
1447.4,583990
1447.5,583984
1447.6,583993
1447.7,583997
1447.8,583995
1447.9,583990
1448,583995
1448.1,584006
1448.2,583991
1448.3,583990
1448.4,583985
1448.5,584003
1448.6,584001
1448.7,583999
1448.8,583997
1448.9,583980
1449,583989
1449.1,583999
1449.2,583990
1449.3,584007
1449.4,583988
1449.5,583994
1449.6,583997
1449.7,583980
1449.8,583990
1449.9,584002
1450,583998
1450.1,584001
1450.2,583999
1450.3,583997
1450.4,584007
1450.5,583996
1450.6,583992
1450.7,583990
1450.8,583995
1450.9,583998
1451,583994
1451.1,583981
1451.2,583993
1451.3,583993
1451.4,583989
1451.5,583992
1451.6,583979
1451.7,583993
1451.8,583996
1451.9,583986
1452,583995
1452.1,583992
1452.2,583993
1452.3,583989
1452.4,583992
1452.5,583983
1452.6,583991
1452.7,583978
1452.8,583988
1452.9,583987
1453,583998
1453.1,584000
1453.2,583984
1453.3,584005
1453.4,583987
1453.5,583998
1453.6,583994
1453.7,583995
1453.8,583998
1453.9,583987
1454,583998
1454.1,584007
1454.2,583987
1454.3,584000
1454.4,583996
1454.5,583978
1454.6,584002
1454.7,583990
1454.8,584001
1454.9,583989
1455,583994
1455.1,583994
1455.2,583989
1455.3,583991
1455.4,583987
1455.5,583998
1455.6,583991
1455.7,584001
1455.8,583995
1455.9,583985
1456,583981
1456.1,583991
1456.2,583985
1456.3,583993
1456.4,583994
1456.5,583999
1456.6,583987
1456.7,583988
1456.8,583996
1456.9,583991
1457,583989
1457.1,583992
1457.2,583999
1457.3,583993
1457.4,583997
1457.5,583992
1457.6,583988
1457.7,583996
1457.8,583989
1457.9,583997
1458,583993
1458.1,584000
1458.2,583996
1458.3,583997
1458.4,583998
1458.5,584006
1458.6,584003
1458.7,583997
1458.8,583991
1458.9,583991
1459,583995
1459.1,583989
1459.2,583997
1459.3,583991
1459.4,583992
1459.5,584001
1459.6,583988
1459.7,583991
1459.8,583991
1459.9,583985
1460,583988
1460.1,583984
1460.2,583984
1460.3,583985
1460.4,583985
1460.5,583991
1460.6,583987
1460.7,583988
1460.8,583983
1460.9,583989
1461,583995
1461.1,583990
1461.2,583993
1461.3,583992
1461.4,583993
1461.5,583993
1461.6,583980
1461.7,583989
1461.8,583982
1461.9,583983
1462,583996
1462.1,583998
1462.2,583983
1462.3,583993
1462.4,583993
1462.5,583987
1462.6,583989
1462.7,583979
1462.8,583982
1462.9,583998
1463,583981
1463.1,583992
1463.2,583980
1463.3,583993
1463.4,583993
1463.5,584000
1463.6,583986
1463.7,583986
1463.8,583994
1463.9,583979
1464,583988
1464.1,583992
1464.2,583987
1464.3,583993
1464.4,583981
1464.5,583994
1464.6,583993
1464.7,583994
1464.8,583986
1464.9,583995
1465,583987
1465.1,583998
1465.2,583993
1465.3,583988
1465.4,583995
1465.5,583981
1465.6,583986
1465.7,583988
1465.8,583995
1465.9,583981
1466,583981
1466.1,583987
1466.2,583990
1466.3,583992
1466.4,583991
1466.5,583992
1466.6,583991
1466.7,583989
1466.8,583996
1466.9,583996
1467,583988
1467.1,583993
1467.2,583976
1467.3,583977
1467.4,584000
1467.5,583989
1467.6,583983
1467.7,583997
1467.8,583990
1467.9,583990
1468,583996
1468.1,583994
1468.2,583993
1468.3,583994
1468.4,583986
1468.5,583986
1468.6,583992
1468.7,583996
1468.8,583993
1468.9,583988
1469,583986
1469.1,583984
1469.2,583981
1469.3,583988
1469.4,583987
1469.5,583980
1469.6,583992
1469.7,583991
1469.8,583986
1469.9,583994
1470,583987
1470.1,583991
1470.2,583991
1470.3,583995
1470.4,583986
1470.5,583981
1470.6,583986
1470.7,583993
1470.8,583995
1470.9,583988
1471,584001
1471.1,583992
1471.2,583990
1471.3,583989
1471.4,583999
1471.5,583977
1471.6,583982
1471.7,583980
1471.8,583994
1471.9,583988
1472,583980
1472.1,583986
1472.2,583982
1472.3,583980
1472.4,583979
1472.5,583993
1472.6,583998
1472.7,583980
1472.8,583987
1472.9,583987
1473,583984
1473.1,583982
1473.2,583992
1473.3,583975
1473.4,583978
1473.5,583987
1473.6,583986
1473.7,583984
1473.8,583981
1473.9,583992
1474,583994
1474.1,583986
1474.2,583992
1474.3,583996
1474.4,583991
1474.5,583979
1474.6,583987
1474.7,583986
1474.8,583989
1474.9,583985
1475,583980
1475.1,583994
1475.2,583986
1475.3,583990
1475.4,583993
1475.5,583981
1475.6,583979
1475.7,583979
1475.8,583975
1475.9,583971
1476,583975
1476.1,583980
1476.2,583993
1476.3,583975
1476.4,583994
1476.5,583975
1476.6,583984
1476.7,583989
1476.8,583980
1476.9,583970
1477,583979
1477.1,583975
1477.2,583973
1477.3,583992
1477.4,583981
1477.5,583978
1477.6,583979
1477.7,583977
1477.8,583980
1477.9,583971
1478,583981
1478.1,583977
1478.2,583984
1478.3,583987
1478.4,583985
1478.5,583971
1478.6,583981
1478.7,583987
1478.8,583990
1478.9,583989
1479,583984
1479.1,583987
1479.2,583980
1479.3,583976
1479.4,583983
1479.5,583986
1479.6,583987
1479.7,583982
1479.8,583985
1479.9,583975
1480,583977
1480.1,583980
1480.2,583981
1480.3,583986
1480.4,583989
1480.5,583985
1480.6,583981
1480.7,583982
1480.8,583980
1480.9,583978
1481,583981
1481.1,583977
1481.2,583983
1481.3,583981
1481.4,583994
1481.5,583980
1481.6,583991
1481.7,583972
1481.8,583978
1481.9,583969
1482,583972
1482.1,583975
1482.2,583976
1482.3,583977
1482.4,583980
1482.5,583992
1482.6,583987
1482.7,583987
1482.8,583988
1482.9,583993
1483,583989
1483.1,583986
1483.2,583994
1483.3,583980
1483.4,583976
1483.5,583989
1483.6,583991
1483.7,583979
1483.8,583987
1483.9,583990
1484,583985
1484.1,583982
1484.2,583990
1484.3,583983
1484.4,583976
1484.5,583971
1484.6,583983
1484.7,583979
1484.8,583985
1484.9,583977
1485,583996
1485.1,583983
1485.2,583993
1485.3,583988
1485.4,583972
1485.5,583976
1485.6,583993
1485.7,583985
1485.8,583986
1485.9,583987
1486,583992
1486.1,583994
1486.2,583980
1486.3,583973
1486.4,583976
1486.5,583982
1486.6,583978
1486.7,583979
1486.8,583982
1486.9,583981
1487,583975
1487.1,583976
1487.2,583971
1487.3,583995
1487.4,583980
1487.5,583986
1487.6,583968
1487.7,583984
1487.8,583992
1487.9,583993
1488,583978
1488.1,583995
1488.2,583990
1488.3,583984
1488.4,583985
1488.5,583991
1488.6,583978
1488.7,583989
1488.8,583983
1488.9,583989
1489,583962
1489.1,583980
1489.2,583976
1489.3,583992
1489.4,583986
1489.5,583971
1489.6,583977
1489.7,583985
1489.8,583980
1489.9,583974
1490,583980
1490.1,583979
1490.2,583979
1490.3,583987
1490.4,583975
1490.5,583989
1490.6,583975
1490.7,583983
1490.8,583984
1490.9,583977
1491,583983
1491.1,583977
1491.2,583971
1491.3,583982
1491.4,583988
1491.5,583973
1491.6,583979
1491.7,583993
1491.8,583987
1491.9,583987
1492,583988
1492.1,583978
1492.2,583977
1492.3,583971
1492.4,583982
1492.5,583980
1492.6,583971
1492.7,583977
1492.8,583986
1492.9,583979
1493,583988
1493.1,583979
1493.2,583976
1493.3,583992
1493.4,583979
1493.5,583984
1493.6,583978
1493.7,583984
1493.8,583974
1493.9,583980
1494,583982
1494.1,583982
1494.2,583986
1494.3,583992
1494.4,583982
1494.5,583977
1494.6,583981
1494.7,583975
1494.8,583979
1494.9,583966
1495,583980
1495.1,583978
1495.2,583979
1495.3,583975
1495.4,583975
1495.5,583989
1495.6,583982
1495.7,583969
1495.8,583973
1495.9,583966
1496,583982
1496.1,583981
1496.2,583971
1496.3,583985
1496.4,583989
1496.5,583972
1496.6,583981
1496.7,583987
1496.8,583976
1496.9,583973
1497,583965
1497.1,583981
1497.2,583980
1497.3,583985
1497.4,583973
1497.5,583988
1497.6,583974
1497.7,583979
1497.8,583985
1497.9,583989
1498,583984
1498.1,583983
1498.2,583979
1498.3,583972
1498.4,583983
1498.5,583971
1498.6,583993
1498.7,583963
1498.8,583982
1498.9,583981
1499,583969
1499.1,583990
1499.2,583980
1499.3,583971
1499.4,583991
1499.5,583979
1499.6,583972
1499.7,583978
1499.8,583988
1499.9,583973
1500,583984
1500.1,583985
1500.2,583975
1500.3,583980
1500.4,583972
1500.5,583967
1500.6,583975
1500.7,583974
1500.8,583972
1500.9,583967
1501,583981
1501.1,583983
1501.2,583969
1501.3,583973
1501.4,583986
1501.5,583982
1501.6,583979
1501.7,583970
1501.8,583968
1501.9,583972
1502,583985
1502.1,583981
1502.2,583972
1502.3,583963
1502.4,583975
1502.5,583973
1502.6,583974
1502.7,583972
1502.8,583978
1502.9,583985
1503,583973
1503.1,583977
1503.2,583972
1503.3,583984
1503.4,583982
1503.5,583978
1503.6,583967
1503.7,583976
1503.8,583974
1503.9,583979
1504,583976
1504.1,583972
1504.2,583981
1504.3,583967
1504.4,583985
1504.5,583972
1504.6,583972
1504.7,583981
1504.8,583980
1504.9,583975
1505,583973
1505.1,583968
1505.2,583986
1505.3,583966
1505.4,583986
1505.5,583977
1505.6,583970
1505.7,583973
1505.8,583984
1505.9,583982
1506,583972
1506.1,583976
1506.2,583985
1506.3,583986
1506.4,583977
1506.5,583968
1506.6,583970
1506.7,583973
1506.8,583984
1506.9,583980
1507,583979
1507.1,583980
1507.2,583971
1507.3,583978
1507.4,583981
1507.5,583977
1507.6,583973
1507.7,583970
1507.8,583979
1507.9,583987
1508,583983
1508.1,583974
1508.2,583976
1508.3,583977
1508.4,583986
1508.5,583984
1508.6,583964
1508.7,583983
1508.8,583978
1508.9,583963
1509,583977
1509.1,583973
1509.2,583960
1509.3,583969
1509.4,583979
1509.5,583982
1509.6,583973
1509.7,583982
1509.8,583985
1509.9,583979
1510,583970
1510.1,583968
1510.2,583963
1510.3,583966
1510.4,583960
1510.5,583984
1510.6,583973
1510.7,583977
1510.8,583978
1510.9,583986
1511,583975
1511.1,583971
1511.2,583974
1511.3,583977
1511.4,583970
1511.5,583979
1511.6,583975
1511.7,583971
1511.8,583967
1511.9,583984
1512,583970
1512.1,583976
1512.2,583973
1512.3,583967
1512.4,583975
1512.5,583970
1512.6,583978
1512.7,583973
1512.8,583968
1512.9,583964
1513,583965
1513.1,583972
1513.2,583975
1513.3,583976
1513.4,583972
1513.5,583972
1513.6,583973
1513.7,583969
1513.8,583980
1513.9,583973
1514,583974
1514.1,583968
1514.2,583968
1514.3,583976
1514.4,583977
1514.5,583972
1514.6,583967
1514.7,583966
1514.8,583975
1514.9,583963
1515,583971
1515.1,583985
1515.2,583984
1515.3,583981
1515.4,583977
1515.5,583963
1515.6,583976
1515.7,583976
1515.8,583972
1515.9,583968
1516,583983
1516.1,583969
1516.2,583970
1516.3,583975
1516.4,583963
1516.5,583985
1516.6,583981
1516.7,583969
1516.8,583970
1516.9,583972
1517,583977
1517.1,583967
1517.2,583967
1517.3,583960
1517.4,583969
1517.5,583963
1517.6,583985
1517.7,583973
1517.8,583969
1517.9,583965
1518,583982
1518.1,583969
1518.2,583975
1518.3,583974
1518.4,583965
1518.5,583966
1518.6,583967
1518.7,583982
1518.8,583965
1518.9,583965
1519,583966
1519.1,583988
1519.2,583973
1519.3,583967
1519.4,583966
1519.5,583988
1519.6,583961
1519.7,583967
1519.8,583973
1519.9,583972
1520,583961
1520.1,583960
1520.2,583966
1520.3,583967
1520.4,583973
1520.5,583978
1520.6,583964
1520.7,583965
1520.8,583971
1520.9,583975
1521,583982
1521.1,583969
1521.2,583968
1521.3,583967
1521.4,583973
1521.5,583979
1521.6,583966
1521.7,583960
1521.8,583959
1521.9,583981
1522,583964
1522.1,583970
1522.2,583979
1522.3,583966
1522.4,583971
1522.5,583970
1522.6,583965
1522.7,583964
1522.8,583974
1522.9,583966
1523,583965
1523.1,583966
1523.2,583970
1523.3,583976
1523.4,583968
1523.5,583974
1523.6,583977
1523.7,583970
1523.8,583971
1523.9,583961
1524,583974
1524.1,583973
1524.2,583980
1524.3,583973
1524.4,583964
1524.5,583976
1524.6,583975
1524.7,583972
1524.8,583971
1524.9,583977
1525,583976
1525.1,583966
1525.2,583963
1525.3,583962
1525.4,583969
1525.5,583960
1525.6,583964
1525.7,583960
1525.8,583977
1525.9,583976
1526,583975
1526.1,583963
1526.2,583962
1526.3,583970
1526.4,583976
1526.5,583975
1526.6,583972
1526.7,583963
1526.8,583980
1526.9,583972
1527,583963
1527.1,583975
1527.2,583967
1527.3,583970
1527.4,583969
1527.5,583961
1527.6,583966
1527.7,583970
1527.8,583974
1527.9,583960
1528,583958
1528.1,583976
1528.2,583967
1528.3,583964
1528.4,583966
1528.5,583958
1528.6,583969
1528.7,583968
1528.8,583972
1528.9,583967
1529,583973
1529.1,583964
1529.2,583968
1529.3,583960
1529.4,583970
1529.5,583974
1529.6,583965
1529.7,583969
1529.8,583951
1529.9,583962
1530,583969
1530.1,583960
1530.2,583971
1530.3,583968
1530.4,583964
1530.5,583974
1530.6,583965
1530.7,583962
1530.8,583966
1530.9,583970
1531,583964
1531.1,583971
1531.2,583975
1531.3,583972
1531.4,583981
1531.5,583969
1531.6,583967
1531.7,583957
1531.8,583977
1531.9,583958
1532,583978
1532.1,583966
1532.2,583966
1532.3,583975
1532.4,583959
1532.5,583967
1532.6,583971
1532.7,583975
1532.8,583966
1532.9,583961
1533,583963
1533.1,583967
1533.2,583971
1533.3,583959
1533.4,583964
1533.5,583974
1533.6,583969
1533.7,583968
1533.8,583964
1533.9,583967
1534,583969
1534.1,583964
1534.2,583971
1534.3,583967
1534.4,583971
1534.5,583960
1534.6,583970
1534.7,583957
1534.8,583961
1534.9,583958
1535,583969
1535.1,583963
1535.2,583973
1535.3,583960
1535.4,583959
1535.5,583968
1535.6,583957
1535.7,583971
1535.8,583962
1535.9,583960
1536,583962
1536.1,583965
1536.2,583973
1536.3,583958
1536.4,583958
1536.5,583960
1536.6,583962
1536.7,583972
1536.8,583978
1536.9,583975
1537,583955
1537.1,583966
1537.2,583968
1537.3,583961
1537.4,583980
1537.5,583961
1537.6,583973
1537.7,583952
1537.8,583960
1537.9,583956
1538,583975
1538.1,583963
1538.2,583965
1538.3,583960
1538.4,583974
1538.5,583970
1538.6,583964
1538.7,583969
1538.8,583962
1538.9,583948
1539,583965
1539.1,583962
1539.2,583971
1539.3,583965
1539.4,583973
1539.5,583950
1539.6,583959
1539.7,583960
1539.8,583962
1539.9,583962
1540,583962
1540.1,583964
1540.2,583973
1540.3,583967
1540.4,583953
1540.5,583953
1540.6,583965
1540.7,583968
1540.8,583969
1540.9,583963
1541,583967
1541.1,583965
1541.2,583954
1541.3,583961
1541.4,583963
1541.5,583970
1541.6,583957
1541.7,583966
1541.8,583962
1541.9,583970
1542,583964
1542.1,583961
1542.2,583964
1542.3,583951
1542.4,583974
1542.5,583969
1542.6,583960
1542.7,583961
1542.8,583963
1542.9,583963
1543,583957
1543.1,583957
1543.2,583959
1543.3,583960
1543.4,583962
1543.5,583954
1543.6,583969
1543.7,583967
1543.8,583952
1543.9,583954
1544,583954
1544.1,583969
1544.2,583953
1544.3,583955
1544.4,583970
1544.5,583956
1544.6,583949
1544.7,583961
1544.8,583959
1544.9,583960
1545,583955
1545.1,583958
1545.2,583957
1545.3,583961
1545.4,583963
1545.5,583955
1545.6,583957
1545.7,583964
1545.8,583962
1545.9,583961
1546,583971
1546.1,583963
1546.2,583957
1546.3,583953
1546.4,583963
1546.5,583958
1546.6,583964
1546.7,583970
1546.8,583968
1546.9,583963
1547,583963
1547.1,583958
1547.2,583970
1547.3,583970
1547.4,583956
1547.5,583963
1547.6,583958
1547.7,583950
1547.8,583963
1547.9,583955
1548,583961
1548.1,583963
1548.2,583955
1548.3,583968
1548.4,583960
1548.5,583966
1548.6,583959
1548.7,583960
1548.8,583965
1548.9,583963
1549,583965
1549.1,583965
1549.2,583971
1549.3,583963
1549.4,583952
1549.5,583952
1549.6,583967
1549.7,583966
1549.8,583950
1549.9,583962
1550,583967
1550.1,583954
1550.2,583954
1550.3,583974
1550.4,583965
1550.5,583963
1550.6,583971
1550.7,583958
1550.8,583970
1550.9,583969
1551,583953
1551.1,583949
1551.2,583965
1551.3,583957
1551.4,583969
1551.5,583968
1551.6,583963
1551.7,583955
1551.8,583963
1551.9,583963
1552,583967
1552.1,583972
1552.2,583956
1552.3,583964
1552.4,583964
1552.5,583961
1552.6,583966
1552.7,583965
1552.8,583965
1552.9,583965
1553,583962
1553.1,583967
1553.2,583964
1553.3,583962
1553.4,583968
1553.5,583960
1553.6,583963
1553.7,583961
1553.8,583963
1553.9,583960
1554,583959
1554.1,583962
1554.2,583967
1554.3,583959
1554.4,583964
1554.5,583963
1554.6,583967
1554.7,583949
1554.8,583968
1554.9,583960
1555,583965
1555.1,583969
1555.2,583958
1555.3,583956
1555.4,583964
1555.5,583968
1555.6,583950
1555.7,583955
1555.8,583952
1555.9,583957
1556,583954
1556.1,583969
1556.2,583951
1556.3,583961
1556.4,583958
1556.5,583961
1556.6,583961
1556.7,583958
1556.8,583953
1556.9,583947
1557,583955
1557.1,583953
1557.2,583958
1557.3,583948
1557.4,583957
1557.5,583949
1557.6,583955
1557.7,583968
1557.8,583955
1557.9,583953
1558,583966
1558.1,583956
1558.2,583967
1558.3,583965
1558.4,583952
1558.5,583949
1558.6,583959
1558.7,583964
1558.8,583970
1558.9,583965
1559,583968
1559.1,583967
1559.2,583965
1559.3,583946
1559.4,583965
1559.5,583967
1559.6,583952
1559.7,583962
1559.8,583954
1559.9,583957
1560,583966
1560.1,583962
1560.2,583959
1560.3,583957
1560.4,583951
1560.5,583953
1560.6,583949
1560.7,583946
1560.8,583959
1560.9,583957
1561,583966
1561.1,583958
1561.2,583964
1561.3,583962
1561.4,583959
1561.5,583962
1561.6,583964
1561.7,583950
1561.8,583948
1561.9,583960
1562,583946
1562.1,583956
1562.2,583964
1562.3,583955
1562.4,583938
1562.5,583954
1562.6,583956
1562.7,583959
1562.8,583956
1562.9,583952
1563,583956
1563.1,583958
1563.2,583958
1563.3,583961
1563.4,583956
1563.5,583961
1563.6,583963
1563.7,583964
1563.8,583966
1563.9,583941
1564,583966
1564.1,583961
1564.2,583957
1564.3,583958
1564.4,583955
1564.5,583952
1564.6,583954
1564.7,583955
1564.8,583951
1564.9,583949
1565,583951
1565.1,583969
1565.2,583956
1565.3,583964
1565.4,583952
1565.5,583947
1565.6,583950
1565.7,583952
1565.8,583967
1565.9,583961
1566,583945
1566.1,583969
1566.2,583943
1566.3,583951
1566.4,583951
1566.5,583964
1566.6,583959
1566.7,583960
1566.8,583950
1566.9,583958
1567,583962
1567.1,583950
1567.2,583956
1567.3,583958
1567.4,583943
1567.5,583951
1567.6,583953
1567.7,583964
1567.8,583944
1567.9,583960
1568,583968
1568.1,583954
1568.2,583950
1568.3,583945
1568.4,583956
1568.5,583941
1568.6,583947
1568.7,583943
1568.8,583958
1568.9,583946
1569,583962
1569.1,583953
1569.2,583950
1569.3,583957
1569.4,583958
1569.5,583953
1569.6,583959
1569.7,583949
1569.8,583944
1569.9,583951
1570,583959
1570.1,583952
1570.2,583960
1570.3,583955
1570.4,583955
1570.5,583943
1570.6,583963
1570.7,583956
1570.8,583951
1570.9,583946
1571,583967
1571.1,583960
1571.2,583951
1571.3,583955
1571.4,583958
1571.5,583958
1571.6,583959
1571.7,583943
1571.8,583954
1571.9,583952
1572,583966
1572.1,583953
1572.2,583952
1572.3,583951
1572.4,583960
1572.5,583948
1572.6,583956
1572.7,583962
1572.8,583954
1572.9,583956
1573,583950
1573.1,583967
1573.2,583967
1573.3,583950
1573.4,583948
1573.5,583965
1573.6,583951
1573.7,583951
1573.8,583950
1573.9,583963
1574,583951
1574.1,583950
1574.2,583946
1574.3,583957
1574.4,583957
1574.5,583952
1574.6,583951
1574.7,583946
1574.8,583946
1574.9,583950
1575,583949
1575.1,583956
1575.2,583951
1575.3,583956
1575.4,583955
1575.5,583954
1575.6,583954
1575.7,583954
1575.8,583949
1575.9,583947
1576,583959
1576.1,583946
1576.2,583947
1576.3,583952
1576.4,583952
1576.5,583955
1576.6,583961
1576.7,583955
1576.8,583955
1576.9,583947
1577,583954
1577.1,583958
1577.2,583957
1577.3,583958
1577.4,583958
1577.5,583961
1577.6,583960
1577.7,583939
1577.8,583947
1577.9,583948
1578,583959
1578.1,583957
1578.2,583952
1578.3,583952
1578.4,583961
1578.5,583944
1578.6,583965
1578.7,583948
1578.8,583948
1578.9,583953
1579,583951
1579.1,583950
1579.2,583961
1579.3,583954
1579.4,583954
1579.5,583959
1579.6,583958
1579.7,583956
1579.8,583952
1579.9,583945
1580,583960
1580.1,583949
1580.2,583955
1580.3,583953
1580.4,583946
1580.5,583951
1580.6,583957
1580.7,583954
1580.8,583952
1580.9,583950
1581,583959
1581.1,583964
1581.2,583959
1581.3,583951
1581.4,583947
1581.5,583963
1581.6,583961
1581.7,583944
1581.8,583954
1581.9,583958
1582,583960
1582.1,583958
1582.2,583956
1582.3,583951
1582.4,583955
1582.5,583956
1582.6,583949
1582.7,583955
1582.8,583951
1582.9,583956
1583,583936
1583.1,583941
1583.2,583957
1583.3,583948
1583.4,583956
1583.5,583955
1583.6,583950
1583.7,583958
1583.8,583955
1583.9,583953
1584,583934
1584.1,583954
1584.2,583938
1584.3,583951
1584.4,583954
1584.5,583945
1584.6,583954
1584.7,583937
1584.8,583965
1584.9,583954
1585,583958
1585.1,583938
1585.2,583959
1585.3,583957
1585.4,583940
1585.5,583952
1585.6,583955
1585.7,583946
1585.8,583950
1585.9,583955
1586,583953
1586.1,583941
1586.2,583943
1586.3,583934
1586.4,583960
1586.5,583942
1586.6,583951
1586.7,583947
1586.8,583945
1586.9,583943
1587,583940
1587.1,583959
1587.2,583953
1587.3,583960
1587.4,583941
1587.5,583939
1587.6,583935
1587.7,583944
1587.8,583946
1587.9,583937
1588,583942
1588.1,583961
1588.2,583941
1588.3,583957
1588.4,583947
1588.5,583943
1588.6,583942
1588.7,583946
1588.8,583952
1588.9,583944
1589,583957
1589.1,583952
1589.2,583948
1589.3,583957
1589.4,583945
1589.5,583955
1589.6,583939
1589.7,583949
1589.8,583945
1589.9,583946
1590,583951
1590.1,583948
1590.2,583944
1590.3,583940
1590.4,583942
1590.5,583933
1590.6,583936
1590.7,583955
1590.8,583956
1590.9,583953
1591,583931
1591.1,583950
1591.2,583953
1591.3,583934
1591.4,583951
1591.5,583953
1591.6,583951
1591.7,583940
1591.8,583948
1591.9,583951
1592,583946
1592.1,583948
1592.2,583952
1592.3,583948
1592.4,583941
1592.5,583944
1592.6,583951
1592.7,583935
1592.8,583944
1592.9,583947
1593,583956
1593.1,583950
1593.2,583953
1593.3,583943
1593.4,583939
1593.5,583947
1593.6,583941
1593.7,583955
1593.8,583951
1593.9,583948
1594,583937
1594.1,583937
1594.2,583956
1594.3,583947
1594.4,583951
1594.5,583945
1594.6,583947
1594.7,583940
1594.8,583949
1594.9,583947
1595,583948
1595.1,583943
1595.2,583950
1595.3,583951
1595.4,583946
1595.5,583947
1595.6,583944
1595.7,583944
1595.8,583944
1595.9,583947
1596,583950
1596.1,583945
1596.2,583947
1596.3,583947
1596.4,583942
1596.5,583938
1596.6,583947
1596.7,583946
1596.8,583948
1596.9,583946
1597,583943
1597.1,583944
1597.2,583938
1597.3,583946
1597.4,583946
1597.5,583948
1597.6,583944
1597.7,583945
1597.8,583946
1597.9,583929
1598,583952
1598.1,583946
1598.2,583949
1598.3,583948
1598.4,583955
1598.5,583947
1598.6,583957
1598.7,583951
1598.8,583946
1598.9,583943
1599,583959
1599.1,583939
1599.2,583940
1599.3,583950
1599.4,583944
1599.5,583958
1599.6,583941
1599.7,583942
1599.8,583944
1599.9,583943
1600,583937
1600.1,583936
1600.2,583945
1600.3,583938
1600.4,583938
1600.5,583947
1600.6,583952
1600.7,583947
1600.8,583948
1600.9,583947
1601,583949
1601.1,583948
1601.2,583952
1601.3,583961
1601.4,583942
1601.5,583935
1601.6,583949
1601.7,583940
1601.8,583942
1601.9,583936
1602,583943
1602.1,583942
1602.2,583942
1602.3,583946
1602.4,583945
1602.5,583936
1602.6,583953
1602.7,583945
1602.8,583950
1602.9,583944
1603,583953
1603.1,583929
1603.2,583935
1603.3,583933
1603.4,583937
1603.5,583936
1603.6,583944
1603.7,583945
1603.8,583948
1603.9,583946
1604,583940
1604.1,583942
1604.2,583947
1604.3,583938
1604.4,583950
1604.5,583951
1604.6,583944
1604.7,583943
1604.8,583942
1604.9,583949
1605,583943
1605.1,583935
1605.2,583934
1605.3,583933
1605.4,583940
1605.5,583936
1605.6,583943
1605.7,583930
1605.8,583935
1605.9,583934
1606,583944
1606.1,583940
1606.2,583938
1606.3,583959
1606.4,583951
1606.5,583933
1606.6,583933
1606.7,583939
1606.8,583937
1606.9,583936
1607,583940
1607.1,583945
1607.2,583954
1607.3,583945
1607.4,583949
1607.5,583941
1607.6,583939
1607.7,583948
1607.8,583932
1607.9,583936
1608,583942
1608.1,583933
1608.2,583930
1608.3,583952
1608.4,583945
1608.5,583940
1608.6,583945
1608.7,583944
1608.8,583936
1608.9,583949
1609,583933
1609.1,583944
1609.2,583934
1609.3,583956
1609.4,583927
1609.5,583947
1609.6,583936
1609.7,583941
1609.8,583942
1609.9,583942
1610,583950
1610.1,583933
1610.2,583931
1610.3,583940
1610.4,583941
1610.5,583933
1610.6,583936
1610.7,583935
1610.8,583940
1610.9,583934
1611,583933
1611.1,583946
1611.2,583943
1611.3,583940
1611.4,583943
1611.5,583936
1611.6,583948
1611.7,583945
1611.8,583935
1611.9,583946
1612,583938
1612.1,583936
1612.2,583940
1612.3,583932
1612.4,583934
1612.5,583937
1612.6,583936
1612.7,583940
1612.8,583945
1612.9,583935
1613,583950
1613.1,583935
1613.2,583949
1613.3,583938
1613.4,583948
1613.5,583945
1613.6,583948
1613.7,583945
1613.8,583944
1613.9,583946
1614,583935
1614.1,583938
1614.2,583929
1614.3,583927
1614.4,583936
1614.5,583933
1614.6,583935
1614.7,583935
1614.8,583941
1614.9,583945
1615,583933
1615.1,583936
1615.2,583946
1615.3,583943
1615.4,583940
1615.5,583936
1615.6,583933
1615.7,583942
1615.8,583939
1615.9,583938
1616,583941
1616.1,583936
1616.2,583932
1616.3,583925
1616.4,583929
1616.5,583947
1616.6,583944
1616.7,583947
1616.8,583949
1616.9,583931
1617,583935
1617.1,583932
1617.2,583943
1617.3,583935
1617.4,583948
1617.5,583936
1617.6,583928
1617.7,583946
1617.8,583926
1617.9,583941
1618,583931
1618.1,583940
1618.2,583942
1618.3,583932
1618.4,583940
1618.5,583939
1618.6,583941
1618.7,583936
1618.8,583934
1618.9,583935
1619,583942
1619.1,583940
1619.2,583937
1619.3,583944
1619.4,583934
1619.5,583942
1619.6,583938
1619.7,583950
1619.8,583953
1619.9,583939
1620,583940
1620.1,583946
1620.2,583930
1620.3,583933
1620.4,583942
1620.5,583934
1620.6,583950
1620.7,583939
1620.8,583936
1620.9,583939
1621,583940
1621.1,583948
1621.2,583943
1621.3,583933
1621.4,583936
1621.5,583937
1621.6,583932
1621.7,583936
1621.8,583929
1621.9,583945
1622,583935
1622.1,583942
1622.2,583940
1622.3,583937
1622.4,583927
1622.5,583943
1622.6,583931
1622.7,583936
1622.8,583934
1622.9,583943
1623,583931
1623.1,583942
1623.2,583934
1623.3,583935
1623.4,583931
1623.5,583934
1623.6,583927
1623.7,583951
1623.8,583928
1623.9,583939
1624,583943
1624.1,583944
1624.2,583923
1624.3,583939
1624.4,583945
1624.5,583925
1624.6,583943
1624.7,583934
1624.8,583951
1624.9,583923
1625,583934
1625.1,583935
1625.2,583944
1625.3,583928
1625.4,583943
1625.5,583941
1625.6,583928
1625.7,583930
1625.8,583931
1625.9,583938
1626,583937
1626.1,583940
1626.2,583927
1626.3,583935
1626.4,583943
1626.5,583927
1626.6,583938
1626.7,583932
1626.8,583934
1626.9,583934
1627,583927
1627.1,583940
1627.2,583941
1627.3,583924
1627.4,583937
1627.5,583930
1627.6,583943
1627.7,583945
1627.8,583938
1627.9,583926
1628,583932
1628.1,583932
1628.2,583937
1628.3,583932
1628.4,583926
1628.5,583934
1628.6,583927
1628.7,583940
1628.8,583940
1628.9,583934
1629,583936
1629.1,583929
1629.2,583928
1629.3,583923
1629.4,583930
1629.5,583930
1629.6,583924
1629.7,583924
1629.8,583935
1629.9,583923
1630,583930
1630.1,583936
1630.2,583929
1630.3,583928
1630.4,583923
1630.5,583923
1630.6,583939
1630.7,583924
1630.8,583923
1630.9,583949
1631,583943
1631.1,583937
1631.2,583943
1631.3,583933
1631.4,583932
1631.5,583920
1631.6,583935
1631.7,583929
1631.8,583926
1631.9,583931
1632,583940
1632.1,583933
1632.2,583934
1632.3,583934
1632.4,583945
1632.5,583928
1632.6,583938
1632.7,583924
1632.8,583930
1632.9,583929
1633,583925
1633.1,583934
1633.2,583934
1633.3,583934
1633.4,583939
1633.5,583937
1633.6,583936
1633.7,583936
1633.8,583934
1633.9,583935
1634,583931
1634.1,583937
1634.2,583930
1634.3,583930
1634.4,583936
1634.5,583930
1634.6,583941
1634.7,583937
1634.8,583924
1634.9,583937
1635,583935
1635.1,583942
1635.2,583931
1635.3,583924
1635.4,583929
1635.5,583929
1635.6,583933
1635.7,583925
1635.8,583933
1635.9,583926
1636,583931
1636.1,583922
1636.2,583928
1636.3,583932
1636.4,583930
1636.5,583930
1636.6,583929
1636.7,583926
1636.8,583923
1636.9,583929
1637,583922
1637.1,583921
1637.2,583924
1637.3,583924
1637.4,583926
1637.5,583920
1637.6,583925
1637.7,583939
1637.8,583934
1637.9,583938
1638,583931
1638.1,583938
1638.2,583936
1638.3,583919
1638.4,583928
1638.5,583931
1638.6,583925
1638.7,583925
1638.8,583937
1638.9,583941
1639,583921
1639.1,583929
1639.2,583941
1639.3,583918
1639.4,583931
1639.5,583931
1639.6,583929
1639.7,583928
1639.8,583924
1639.9,583928
1640,583947
1640.1,583928
1640.2,583934
1640.3,583932
1640.4,583930
1640.5,583927
1640.6,583930
1640.7,583923
1640.8,583930
1640.9,583925
1641,583929
1641.1,583936
1641.2,583927
1641.3,583920
1641.4,583924
1641.5,583929
1641.6,583926
1641.7,583922
1641.8,583936
1641.9,583940
1642,583931
1642.1,583926
1642.2,583922
1642.3,583917
1642.4,583931
1642.5,583919
1642.6,583917
1642.7,583926
1642.8,583923
1642.9,583937
1643,583928
1643.1,583931
1643.2,583940
1643.3,583928
1643.4,583925
1643.5,583931
1643.6,583928
1643.7,583916
1643.8,583918
1643.9,583928
1644,583925
1644.1,583925
1644.2,583928
1644.3,583932
1644.4,583940
1644.5,583926
1644.6,583933
1644.7,583914
1644.8,583926
1644.9,583920
1645,583928
1645.1,583926
1645.2,583923
1645.3,583912
1645.4,583932
1645.5,583933
1645.6,583937
1645.7,583935
1645.8,583931
1645.9,583926
1646,583923
1646.1,583937
1646.2,583928
1646.3,583915
1646.4,583928
1646.5,583929
1646.6,583924
1646.7,583922
1646.8,583926
1646.9,583929
1647,583931
1647.1,583919
1647.2,583935
1647.3,583932
1647.4,583935
1647.5,583930
1647.6,583933
1647.7,583920
1647.8,583926
1647.9,583927
1648,583924
1648.1,583919
1648.2,583922
1648.3,583921
1648.4,583925
1648.5,583922
1648.6,583925
1648.7,583924
1648.8,583914
1648.9,583923
1649,583919
1649.1,583921
1649.2,583923
1649.3,583918
1649.4,583918
1649.5,583916
1649.6,583924
1649.7,583929
1649.8,583914
1649.9,583921
1650,583919
1650.1,583920
1650.2,583916
1650.3,583934
1650.4,583920
1650.5,583934
1650.6,583923
1650.7,583918
1650.8,583912
1650.9,583926
1651,583920
1651.1,583924
1651.2,583919
1651.3,583924
1651.4,583915
1651.5,583922
1651.6,583941
1651.7,583914
1651.8,583925
1651.9,583919
1652,583921
1652.1,583929
1652.2,583921
1652.3,583932
1652.4,583920
1652.5,583922
1652.6,583922
1652.7,583918
1652.8,583927
1652.9,583921
1653,583923
1653.1,583930
1653.2,583915
1653.3,583919
1653.4,583921
1653.5,583914
1653.6,583922
1653.7,583917
1653.8,583911
1653.9,583923
1654,583914
1654.1,583916
1654.2,583916
1654.3,583931
1654.4,583926
1654.5,583927
1654.6,583929
1654.7,583913
1654.8,583913
1654.9,583925
1655,583932
1655.1,583919
1655.2,583920
1655.3,583933
1655.4,583927
1655.5,583920
1655.6,583924
1655.7,583924
1655.8,583923
1655.9,583923
1656,583925
1656.1,583919
1656.2,583929
1656.3,583914
1656.4,583926
1656.5,583925
1656.6,583912
1656.7,583914
1656.8,583930
1656.9,583914
1657,583921
1657.1,583914
1657.2,583923
1657.3,583916
1657.4,583908
1657.5,583923
1657.6,583927
1657.7,583914
1657.8,583912
1657.9,583915
1658,583922
1658.1,583912
1658.2,583922
1658.3,583923
1658.4,583923
1658.5,583907
1658.6,583912
1658.7,583917
1658.8,583918
1658.9,583912
1659,583911
1659.1,583919
1659.2,583917
1659.3,583917
1659.4,583918
1659.5,583910
1659.6,583930
1659.7,583922
1659.8,583927
1659.9,583914
1660,583920
1660.1,583920
1660.2,583925
1660.3,583930
1660.4,583918
1660.5,583932
1660.6,583924
1660.7,583908
1660.8,583913
1660.9,583923
1661,583922
1661.1,583915
1661.2,583922
1661.3,583926
1661.4,583917
1661.5,583931
1661.6,583918
1661.7,583918
1661.8,583923
1661.9,583912
1662,583934
1662.1,583922
1662.2,583920
1662.3,583914
1662.4,583924
1662.5,583913
1662.6,583908
1662.7,583923
1662.8,583921
1662.9,583926
1663,583908
1663.1,583909
1663.2,583909
1663.3,583917
1663.4,583922
1663.5,583920
1663.6,583909
1663.7,583909
1663.8,583931
1663.9,583906
1664,583920
1664.1,583916
1664.2,583924
1664.3,583923
1664.4,583914
1664.5,583921
1664.6,583903
1664.7,583929
1664.8,583923
1664.9,583921
1665,583927
1665.1,583908
1665.2,583906
1665.3,583921
1665.4,583921
1665.5,583925
1665.6,583925
1665.7,583923
1665.8,583919
1665.9,583924
1666,583916
1666.1,583916
1666.2,583933
1666.3,583901
1666.4,583915
1666.5,583914
1666.6,583912
1666.7,583911
1666.8,583921
1666.9,583925
1667,583922
1667.1,583909
1667.2,583915
1667.3,583917
1667.4,583928
1667.5,583920
1667.6,583912
1667.7,583911
1667.8,583916
1667.9,583918
1668,583928
1668.1,583921
1668.2,583912
1668.3,583909
1668.4,583912
1668.5,583915
1668.6,583915
1668.7,583920
1668.8,583913
1668.9,583909
1669,583919
1669.1,583909
1669.2,583921
1669.3,583912
1669.4,583908
1669.5,583929
1669.6,583916
1669.7,583914
1669.8,583913
1669.9,583920
1670,583923
1670.1,583913
1670.2,583929
1670.3,583911
1670.4,583915
1670.5,583927
1670.6,583909
1670.7,583926
1670.8,583919
1670.9,583916
1671,583914
1671.1,583917
1671.2,583921
1671.3,583922
1671.4,583914
1671.5,583912
1671.6,583915
1671.7,583905
1671.8,583914
1671.9,583914
1672,583911
1672.1,583913
1672.2,583917
1672.3,583906
1672.4,583910
1672.5,583913
1672.6,583926
1672.7,583908
1672.8,583916
1672.9,583911
1673,583917
1673.1,583913
1673.2,583910
1673.3,583913
1673.4,583915
1673.5,583917
1673.6,583910
1673.7,583905
1673.8,583909
1673.9,583911
1674,583912
1674.1,583911
1674.2,583912
1674.3,583911
1674.4,583914
1674.5,583909
1674.6,583922
1674.7,583920
1674.8,583916
1674.9,583913
1675,583915
1675.1,583918
1675.2,583920
1675.3,583913
1675.4,583914
1675.5,583910
1675.6,583926
1675.7,583926
1675.8,583917
1675.9,583927
1676,583916
1676.1,583917
1676.2,583920
1676.3,583910
1676.4,583913
1676.5,583900
1676.6,583917
1676.7,583913
1676.8,583914
1676.9,583917
1677,583914
1677.1,583923
1677.2,583919
1677.3,583913
1677.4,583916
1677.5,583919
1677.6,583909
1677.7,583901
1677.8,583918
1677.9,583920
1678,583915
1678.1,583911
1678.2,583914
1678.3,583906
1678.4,583916
1678.5,583907
1678.6,583916
1678.7,583904
1678.8,583906
1678.9,583913
1679,583914
1679.1,583918
1679.2,583908
1679.3,583909
1679.4,583923
1679.5,583918
1679.6,583907
1679.7,583903
1679.8,583927
1679.9,583921
1680,583929
1680.1,583915
1680.2,583911
1680.3,583915
1680.4,583923
1680.5,583902
1680.6,583903
1680.7,583911
1680.8,583905
1680.9,583901
1681,583916
1681.1,583908
1681.2,583915
1681.3,583904
1681.4,583899
1681.5,583900
1681.6,583896
1681.7,583902
1681.8,583909
1681.9,583910
1682,583914
1682.1,583900
1682.2,583915
1682.3,583923
1682.4,583919
1682.5,583920
1682.6,583914
1682.7,583903
1682.8,583914
1682.9,583909
1683,583911
1683.1,583917
1683.2,583904
1683.3,583919
1683.4,583931
1683.5,583892
1683.6,583900
1683.7,583917
1683.8,583907
1683.9,583901
1684,583908
1684.1,583909
1684.2,583903
1684.3,583911
1684.4,583904
1684.5,583903
1684.6,583904
1684.7,583906
1684.8,583907
1684.9,583905
1685,583913
1685.1,583913
1685.2,583907
1685.3,583914
1685.4,583900
1685.5,583913
1685.6,583914
1685.7,583908
1685.8,583902
1685.9,583908
1686,583910
1686.1,583909
1686.2,583912
1686.3,583909
1686.4,583910
1686.5,583909
1686.6,583903
1686.7,583915
1686.8,583916
1686.9,583897
1687,583911
1687.1,583911
1687.2,583909
1687.3,583908
1687.4,583915
1687.5,583909
1687.6,583910
1687.7,583910
1687.8,583913
1687.9,583914
1688,583915
1688.1,583915
1688.2,583908
1688.3,583914
1688.4,583913
1688.5,583899
1688.6,583907
1688.7,583914
1688.8,583905
1688.9,583911
1689,583905
1689.1,583906
1689.2,583927
1689.3,583920
1689.4,583912
1689.5,583896
1689.6,583911
1689.7,583917
1689.8,583907
1689.9,583915
1690,583908
1690.1,583903
1690.2,583913
1690.3,583902
1690.4,583908
1690.5,583916
1690.6,583914
1690.7,583907
1690.8,583913
1690.9,583907
1691,583906
1691.1,583909
1691.2,583909
1691.3,583901
1691.4,583908
1691.5,583914
1691.6,583911
1691.7,583906
1691.8,583916
1691.9,583908
1692,583907
1692.1,583912
1692.2,583923
1692.3,583904
1692.4,583914
1692.5,583914
1692.6,583913
1692.7,583900
1692.8,583906
1692.9,583900
1693,583913
1693.1,583907
1693.2,583895
1693.3,583900
1693.4,583910
1693.5,583916
1693.6,583908
1693.7,583900
1693.8,583920
1693.9,583909
1694,583896
1694.1,583909
1694.2,583915
1694.3,583907
1694.4,583917
1694.5,583906
1694.6,583898
1694.7,583904
1694.8,583901
1694.9,583916
1695,583919
1695.1,583905
1695.2,583910
1695.3,583899
1695.4,583891
1695.5,583911
1695.6,583914
1695.7,583913
1695.8,583912
1695.9,583893
1696,583907
1696.1,583904
1696.2,583898
1696.3,583913
1696.4,583912
1696.5,583909
1696.6,583912
1696.7,583909
1696.8,583901
1696.9,583914
1697,583905
1697.1,583907
1697.2,583918
1697.3,583908
1697.4,583908
1697.5,583905
1697.6,583909
1697.7,583911
1697.8,583902
1697.9,583906
1698,583899
1698.1,583919
1698.2,583901
1698.3,583917
1698.4,583907
1698.5,583912
1698.6,583909
1698.7,583893
1698.8,583904
1698.9,583906
1699,583905
1699.1,583910
1699.2,583907
1699.3,583904
1699.4,583914
1699.5,583899
1699.6,583913
1699.7,583904
1699.8,583901
1699.9,583911
1700,583906
1700.1,583916
1700.2,583899
1700.3,583889
1700.4,583892
1700.5,583910
1700.6,583904
1700.7,583917
1700.8,583909
1700.9,583896
1701,583892
1701.1,583889
1701.2,583904
1701.3,583901
1701.4,583905
1701.5,583901
1701.6,583907
1701.7,583894
1701.8,583904
1701.9,583917
1702,583898
1702.1,583910
1702.2,583912
1702.3,583905
1702.4,583912
1702.5,583915
1702.6,583896
1702.7,583897
1702.8,583916
1702.9,583906
1703,583903
1703.1,583900
1703.2,583910
1703.3,583905
1703.4,583891
1703.5,583904
1703.6,583899
1703.7,583911
1703.8,583906
1703.9,583907
1704,583897
1704.1,583902
1704.2,583899
1704.3,583907
1704.4,583902
1704.5,583910
1704.6,583900
1704.7,583890
1704.8,583906
1704.9,583895
1705,583903
1705.1,583918
1705.2,583908
1705.3,583905
1705.4,583907
1705.5,583907
1705.6,583894
1705.7,583903
1705.8,583902
1705.9,583898
1706,583906
1706.1,583908
1706.2,583895
1706.3,583897
1706.4,583914
1706.5,583904
1706.6,583912
1706.7,583892
1706.8,583894
1706.9,583897
1707,583908
1707.1,583897
1707.2,583904
1707.3,583897
1707.4,583908
1707.5,583910
1707.6,583906
1707.7,583907
1707.8,583908
1707.9,583900
1708,583911
1708.1,583897
1708.2,583914
1708.3,583910
1708.4,583900
1708.5,583906
1708.6,583901
1708.7,583911
1708.8,583905
1708.9,583905
1709,583912
1709.1,583907
1709.2,583903
1709.3,583905
1709.4,583906
1709.5,583907
1709.6,583915
1709.7,583905
1709.8,583901
1709.9,583906
1710,583908
1710.1,583908
1710.2,583903
1710.3,583898
1710.4,583906
1710.5,583912
1710.6,583899
1710.7,583903
1710.8,583898
1710.9,583899
1711,583907
1711.1,583913
1711.2,583898
1711.3,583893
1711.4,583898
1711.5,583905
1711.6,583906
1711.7,583907
1711.8,583909
1711.9,583892
1712,583909
1712.1,583892
1712.2,583904
1712.3,583893
1712.4,583896
1712.5,583906
1712.6,583906
1712.7,583907
1712.8,583891
1712.9,583890
1713,583886
1713.1,583900
1713.2,583902
1713.3,583903
1713.4,583904
1713.5,583895
1713.6,583912
1713.7,583900
1713.8,583899
1713.9,583900
1714,583899
1714.1,583907
1714.2,583892
1714.3,583901
1714.4,583900
1714.5,583894
1714.6,583890
1714.7,583901
1714.8,583901
1714.9,583903
1715,583900
1715.1,583900
1715.2,583895
1715.3,583902
1715.4,583890
1715.5,583901
1715.6,583902
1715.7,583894
1715.8,583894
1715.9,583900
1716,583901
1716.1,583902
1716.2,583901
1716.3,583900
1716.4,583908
1716.5,583894
1716.6,583895
1716.7,583907
1716.8,583900
1716.9,583906
1717,583894
1717.1,583908
1717.2,583899
1717.3,583894
1717.4,583888
1717.5,583903
1717.6,583896
1717.7,583902
1717.8,583891
1717.9,583897
1718,583913
1718.1,583900
1718.2,583906
1718.3,583899
1718.4,583890
1718.5,583894
1718.6,583909
1718.7,583902
1718.8,583901
1718.9,583900
1719,583911
1719.1,583900
1719.2,583892
1719.3,583900
1719.4,583897
1719.5,583883
1719.6,583894
1719.7,583888
1719.8,583901
1719.9,583905
1720,583904
1720.1,583896
1720.2,583900
1720.3,583901
1720.4,583907
1720.5,583905
1720.6,583887
1720.7,583886
1720.8,583908
1720.9,583885
1721,583884
1721.1,583904
1721.2,583909
1721.3,583897
1721.4,583906
1721.5,583912
1721.6,583895
1721.7,583900
1721.8,583892
1721.9,583901
1722,583905
1722.1,583898
1722.2,583882
1722.3,583891
1722.4,583906
1722.5,583905
1722.6,583897
1722.7,583895
1722.8,583891
1722.9,583904
1723,583891
1723.1,583900
1723.2,583899
1723.3,583903
1723.4,583892
1723.5,583889
1723.6,583898
1723.7,583897
1723.8,583902
1723.9,583901
1724,583904
1724.1,583894
1724.2,583900
1724.3,583893
1724.4,583890
1724.5,583901
1724.6,583903
1724.7,583886
1724.8,583894
1724.9,583891
1725,583890
1725.1,583894
1725.2,583888
1725.3,583902
1725.4,583894
1725.5,583904
1725.6,583895
1725.7,583884
1725.8,583893
1725.9,583892
1726,583900
1726.1,583902
1726.2,583901
1726.3,583888
1726.4,583902
1726.5,583901
1726.6,583898
1726.7,583895
1726.8,583893
1726.9,583902
1727,583894
1727.1,583898
1727.2,583890
1727.3,583892
1727.4,583889
1727.5,583899
1727.6,583891
1727.7,583902
1727.8,583892
1727.9,583894
1728,583897
1728.1,583897
1728.2,583887
1728.3,583891
1728.4,583894
1728.5,583892
1728.6,583887
1728.7,583878
1728.8,583896
1728.9,583893
1729,583896
1729.1,583891
1729.2,583894
1729.3,583906
1729.4,583895
1729.5,583892
1729.6,583902
1729.7,583881
1729.8,583901
1729.9,583886
1730,583903
1730.1,583892
1730.2,583886
1730.3,583889
1730.4,583896
1730.5,583898
1730.6,583895
1730.7,583892
1730.8,583892
1730.9,583897
1731,583889
1731.1,583892
1731.2,583894
1731.3,583891
1731.4,583883
1731.5,583891
1731.6,583888
1731.7,583891
1731.8,583893
1731.9,583888
1732,583897
1732.1,583886
1732.2,583891
1732.3,583893
1732.4,583895
1732.5,583892
1732.6,583894
1732.7,583899
1732.8,583894
1732.9,583891
1733,583894
1733.1,583893
1733.2,583890
1733.3,583893
1733.4,583890
1733.5,583893
1733.6,583901
1733.7,583895
1733.8,583891
1733.9,583901
1734,583897
1734.1,583898
1734.2,583878
1734.3,583890
1734.4,583892
1734.5,583902
1734.6,583885
1734.7,583893
1734.8,583893
1734.9,583890
1735,583893
1735.1,583895
1735.2,583890
1735.3,583893
1735.4,583899
1735.5,583896
1735.6,583886
1735.7,583893
1735.8,583896
1735.9,583895
1736,583885
1736.1,583882
1736.2,583884
1736.3,583892
1736.4,583884
1736.5,583884
1736.6,583890
1736.7,583892
1736.8,583888
1736.9,583880
1737,583889
1737.1,583893
1737.2,583888
1737.3,583898
1737.4,583886
1737.5,583893
1737.6,583892
1737.7,583896
1737.8,583900
1737.9,583887
1738,583895
1738.1,583902
1738.2,583887
1738.3,583898
1738.4,583894
1738.5,583894
1738.6,583890
1738.7,583897
1738.8,583892
1738.9,583888
1739,583891
1739.1,583885
1739.2,583892
1739.3,583897
1739.4,583899
1739.5,583890
1739.6,583884
1739.7,583892
1739.8,583892
1739.9,583893
1740,583880
1740.1,583889
1740.2,583888
1740.3,583889
1740.4,583890
1740.5,583885
1740.6,583887
1740.7,583888
1740.8,583888
1740.9,583889
1741,583888
1741.1,583883
1741.2,583893
1741.3,583893
1741.4,583886
1741.5,583886
1741.6,583899
1741.7,583901
1741.8,583889
1741.9,583889
1742,583890
1742.1,583889
1742.2,583892
1742.3,583880
1742.4,583888
1742.5,583886
1742.6,583900
1742.7,583893
1742.8,583882
1742.9,583889
1743,583890
1743.1,583875
1743.2,583884
1743.3,583883
1743.4,583889
1743.5,583893
1743.6,583890
1743.7,583890
1743.8,583883
1743.9,583885
1744,583885
1744.1,583894
1744.2,583895
1744.3,583885
1744.4,583890
1744.5,583891
1744.6,583885
1744.7,583894
1744.8,583902
1744.9,583884
1745,583890
1745.1,583891
1745.2,583885
1745.3,583900
1745.4,583884
1745.5,583888
1745.6,583896
1745.7,583900
1745.8,583894
1745.9,583893
1746,583876
1746.1,583886
1746.2,583889
1746.3,583898
1746.4,583885
1746.5,583884
1746.6,583879
1746.7,583885
1746.8,583879
1746.9,583878
1747,583899
1747.1,583884
1747.2,583888
1747.3,583904
1747.4,583892
1747.5,583876
1747.6,583876
1747.7,583880
1747.8,583878
1747.9,583886
1748,583885
1748.1,583886
1748.2,583878
1748.3,583889
1748.4,583885
1748.5,583887
1748.6,583872
1748.7,583885
1748.8,583890
1748.9,583889
1749,583898
1749.1,583876
1749.2,583890
1749.3,583880
1749.4,583888
1749.5,583877
1749.6,583891
1749.7,583885
1749.8,583883
1749.9,583896
1750,583884
1750.1,583889
1750.2,583875
1750.3,583881
1750.4,583895
1750.5,583883
1750.6,583882
1750.7,583888
1750.8,583891
1750.9,583890
1751,583873
1751.1,583884
1751.2,583888
1751.3,583902
1751.4,583880
1751.5,583893
1751.6,583892
1751.7,583887
1751.8,583891
1751.9,583878
1752,583877
1752.1,583890
1752.2,583885
1752.3,583898
1752.4,583893
1752.5,583885
1752.6,583899
1752.7,583891
1752.8,583889
1752.9,583884
1753,583877
1753.1,583888
1753.2,583880
1753.3,583872
1753.4,583881
1753.5,583891
1753.6,583879
1753.7,583882
1753.8,583874
1753.9,583879
1754,583888
1754.1,583898
1754.2,583883
1754.3,583889
1754.4,583892
1754.5,583876
1754.6,583880
1754.7,583879
1754.8,583891
1754.9,583887
1755,583879
1755.1,583876
1755.2,583887
1755.3,583885
1755.4,583876
1755.5,583880
1755.6,583885
1755.7,583888
1755.8,583892
1755.9,583883
1756,583881
1756.1,583892
1756.2,583888
1756.3,583885
1756.4,583890
1756.5,583888
1756.6,583879
1756.7,583883
1756.8,583891
1756.9,583894
1757,583885
1757.1,583885
1757.2,583881
1757.3,583884
1757.4,583872
1757.5,583883
1757.6,583882
1757.7,583879
1757.8,583876
1757.9,583885
1758,583895
1758.1,583874
1758.2,583886
1758.3,583876
1758.4,583879
1758.5,583888
1758.6,583884
1758.7,583882
1758.8,583874
1758.9,583876
1759,583889
1759.1,583883
1759.2,583884
1759.3,583888
1759.4,583886
1759.5,583883
1759.6,583880
1759.7,583875
1759.8,583889
1759.9,583865
1760,583879
1760.1,583879
1760.2,583876
1760.3,583885
1760.4,583882
1760.5,583886
1760.6,583896
1760.7,583887
1760.8,583882
1760.9,583883
1761,583874
1761.1,583885
1761.2,583882
1761.3,583878
1761.4,583880
1761.5,583880
1761.6,583890
1761.7,583894
1761.8,583877
1761.9,583885
1762,583881
1762.1,583878
1762.2,583869
1762.3,583878
1762.4,583888
1762.5,583883
1762.6,583884
1762.7,583881
1762.8,583878
1762.9,583880
1763,583883
1763.1,583878
1763.2,583880
1763.3,583898
1763.4,583873
1763.5,583887
1763.6,583877
1763.7,583878
1763.8,583871
1763.9,583868
1764,583885
1764.1,583880
1764.2,583875
1764.3,583884
1764.4,583889
1764.5,583876
1764.6,583871
1764.7,583874
1764.8,583881
1764.9,583876
1765,583871
1765.1,583869
1765.2,583877
1765.3,583879
1765.4,583879
1765.5,583865
1765.6,583876
1765.7,583872
1765.8,583879
1765.9,583875
1766,583882
1766.1,583879
1766.2,583882
1766.3,583871
1766.4,583887
1766.5,583881
1766.6,583881
1766.7,583884
1766.8,583879
1766.9,583890
1767,583885
1767.1,583870
1767.2,583878
1767.3,583873
1767.4,583888
1767.5,583876
1767.6,583878
1767.7,583877
1767.8,583877
1767.9,583873
1768,583882
1768.1,583890
1768.2,583884
1768.3,583877
1768.4,583887
1768.5,583889
1768.6,583876
1768.7,583877
1768.8,583879
1768.9,583872
1769,583887
1769.1,583869
1769.2,583884
1769.3,583878
1769.4,583879
1769.5,583872
1769.6,583880
1769.7,583875
1769.8,583883
1769.9,583884
1770,583883
1770.1,583877
1770.2,583879
1770.3,583879
1770.4,583879
1770.5,583879
1770.6,583880
1770.7,583874
1770.8,583882
1770.9,583878
1771,583877
1771.1,583876
1771.2,583882
1771.3,583871
1771.4,583881
1771.5,583866
1771.6,583882
1771.7,583880
1771.8,583874
1771.9,583882
1772,583876
1772.1,583876
1772.2,583877
1772.3,583882
1772.4,583877
1772.5,583872
1772.6,583881
1772.7,583871
1772.8,583872
1772.9,583870
1773,583880
1773.1,583874
1773.2,583890
1773.3,583868
1773.4,583874
1773.5,583872
1773.6,583867
1773.7,583874
1773.8,583868
1773.9,583873
1774,583888
1774.1,583872
1774.2,583874
1774.3,583879
1774.4,583873
1774.5,583879
1774.6,583873
1774.7,583879
1774.8,583874
1774.9,583888
1775,583875
1775.1,583881
1775.2,583887
1775.3,583880
1775.4,583881
1775.5,583887
1775.6,583886
1775.7,583869
1775.8,583884
1775.9,583879
1776,583879
1776.1,583875
1776.2,583868
1776.3,583889
1776.4,583888
1776.5,583865
1776.6,583887
1776.7,583877
1776.8,583871
1776.9,583863
1777,583872
1777.1,583878
1777.2,583868
1777.3,583862
1777.4,583876
1777.5,583881
1777.6,583882
1777.7,583873
1777.8,583887
1777.9,583872
1778,583868
1778.1,583888
1778.2,583881
1778.3,583874
1778.4,583879
1778.5,583878
1778.6,583875
1778.7,583881
1778.8,583865
1778.9,583874
1779,583878
1779.1,583879
1779.2,583879
1779.3,583873
1779.4,583888
1779.5,583875
1779.6,583881
1779.7,583872
1779.8,583883
1779.9,583878
1780,583874
1780.1,583873
1780.2,583884
1780.3,583883
1780.4,583871
1780.5,583872
1780.6,583885
1780.7,583884
1780.8,583876
1780.9,583871
1781,583868
1781.1,583874
1781.2,583866
1781.3,583870
1781.4,583878
1781.5,583866
1781.6,583888
1781.7,583866
1781.8,583879
1781.9,583871
1782,583875
1782.1,583862
1782.2,583878
1782.3,583877
1782.4,583888
1782.5,583880
1782.6,583877
1782.7,583881
1782.8,583873
1782.9,583879
1783,583862
1783.1,583887
1783.2,583856
1783.3,583866
1783.4,583865
1783.5,583869
1783.6,583868
1783.7,583881
1783.8,583862
1783.9,583866
1784,583871
1784.1,583884
1784.2,583867
1784.3,583869
1784.4,583867
1784.5,583881
1784.6,583873
1784.7,583877
1784.8,583881
1784.9,583876
1785,583872
1785.1,583880
1785.2,583879
1785.3,583876
1785.4,583887
1785.5,583868
1785.6,583869
1785.7,583868
1785.8,583860
1785.9,583870
1786,583868
1786.1,583871
1786.2,583880
1786.3,583871
1786.4,583891
1786.5,583865
1786.6,583869
1786.7,583879
1786.8,583874
1786.9,583871
1787,583883
1787.1,583878
1787.2,583875
1787.3,583869
1787.4,583873
1787.5,583886
1787.6,583876
1787.7,583873
1787.8,583862
1787.9,583870
1788,583874
1788.1,583874
1788.2,583877
1788.3,583874
1788.4,583871
1788.5,583879
1788.6,583868
1788.7,583880
1788.8,583871
1788.9,583873
1789,583876
1789.1,583863
1789.2,583867
1789.3,583886
1789.4,583861
1789.5,583862
1789.6,583871
1789.7,583869
1789.8,583883
1789.9,583870
1790,583888
1790.1,583863
1790.2,583870
1790.3,583876
1790.4,583874
1790.5,583862
1790.6,583885
1790.7,583881
1790.8,583884
1790.9,583870
1791,583878
1791.1,583880
1791.2,583860
1791.3,583856
1791.4,583879
1791.5,583882
1791.6,583879
1791.7,583866
1791.8,583868
1791.9,583871
1792,583877
1792.1,583874
1792.2,583876
1792.3,583866
1792.4,583865
1792.5,583877
1792.6,583872
1792.7,583862
1792.8,583872
1792.9,583874
1793,583866
1793.1,583862
1793.2,583861
1793.3,583877
1793.4,583866
1793.5,583869
1793.6,583869
1793.7,583868
1793.8,583867
1793.9,583869
1794,583872
1794.1,583867
1794.2,583860
1794.3,583867
1794.4,583863
1794.5,583874
1794.6,583870
1794.7,583872
1794.8,583880
1794.9,583867
1795,583871
1795.1,583868
1795.2,583862
1795.3,583870
1795.4,583855
1795.5,583874
1795.6,583877
1795.7,583865
1795.8,583873
1795.9,583869
1796,583859
1796.1,583872
1796.2,583880
1796.3,583870
1796.4,583864
1796.5,583877
1796.6,583862
1796.7,583875
1796.8,583877
1796.9,583855
1797,583872
1797.1,583857
1797.2,583863
1797.3,583866
1797.4,583861
1797.5,583866
1797.6,583866
1797.7,583873
1797.8,583870
1797.9,583858
1798,583866
1798.1,583874
1798.2,583868
1798.3,583868
1798.4,583869
1798.5,583859
1798.6,583865
1798.7,583875
1798.8,583874
1798.9,583868
1799,583863
1799.1,583864
1799.2,583867
1799.3,583875
1799.4,583867
1799.5,583881
1799.6,583869
1799.7,583871
1799.8,583858
1799.9,583865
1800,583866
1800.1,583865
1800.2,583866
1800.3,583861
1800.4,583870
1800.5,583868
1800.6,583854
1800.7,583860
1800.8,583876
1800.9,583865
1801,583871
1801.1,583872
1801.2,583862
1801.3,583866
1801.4,583868
1801.5,583856
1801.6,583869
1801.7,583876
1801.8,583874
1801.9,583860
1802,583863
1802.1,583872
1802.2,583863
1802.3,583876
1802.4,583854
1802.5,583871
1802.6,583871
1802.7,583865
1802.8,583865
1802.9,583871
1803,583871
1803.1,583850
1803.2,583865
1803.3,583858
1803.4,583872
1803.5,583871
1803.6,583870
1803.7,583855
1803.8,583861
1803.9,583872
1804,583854
1804.1,583876
1804.2,583870
1804.3,583861
1804.4,583871
1804.5,583870
1804.6,583864
1804.7,583875
1804.8,583869
1804.9,583870
1805,583876
1805.1,583870
1805.2,583862
1805.3,583861
1805.4,583870
1805.5,583861
1805.6,583862
1805.7,583868
1805.8,583872
1805.9,583871
1806,583865
1806.1,583864
1806.2,583865
1806.3,583876
1806.4,583860
1806.5,583873
1806.6,583867
1806.7,583873
1806.8,583872
1806.9,583863
1807,583855
1807.1,583859
1807.2,583869
1807.3,583859
1807.4,583867
1807.5,583863
1807.6,583869
1807.7,583856
1807.8,583855
1807.9,583854
1808,583860
1808.1,583864
1808.2,583863
1808.3,583857
1808.4,583872
1808.5,583871
1808.6,583863
1808.7,583859
1808.8,583870
1808.9,583873
1809,583865
1809.1,583864
1809.2,583869
1809.3,583873
1809.4,583862
1809.5,583872
1809.6,583865
1809.7,583863
1809.8,583862
1809.9,583858
1810,583867
1810.1,583865
1810.2,583866
1810.3,583868
1810.4,583873
1810.5,583854
1810.6,583866
1810.7,583857
1810.8,583862
1810.9,583855
1811,583875
1811.1,583857
1811.2,583856
1811.3,583849
1811.4,583861
1811.5,583858
1811.6,583863
1811.7,583860
1811.8,583859
1811.9,583853
1812,583878
1812.1,583871
1812.2,583859
1812.3,583878
1812.4,583865
1812.5,583869
1812.6,583875
1812.7,583850
1812.8,583869
1812.9,583878
1813,583849
1813.1,583870
1813.2,583846
1813.3,583878
1813.4,583855
1813.5,583858
1813.6,583857
1813.7,583854
1813.8,583852
1813.9,583857
1814,583876
1814.1,583857
1814.2,583871
1814.3,583848
1814.4,583873
1814.5,583862
1814.6,583865
1814.7,583861
1814.8,583860
1814.9,583866
1815,583870
1815.1,583864
1815.2,583866
1815.3,583866
1815.4,583858
1815.5,583856
1815.6,583869
1815.7,583863
1815.8,583859
1815.9,583858
1816,583866
1816.1,583863
1816.2,583850
1816.3,583853
1816.4,583863
1816.5,583855
1816.6,583868
1816.7,583859
1816.8,583863
1816.9,583864
1817,583853
1817.1,583857
1817.2,583864
1817.3,583861
1817.4,583864
1817.5,583851
1817.6,583859
1817.7,583858
1817.8,583864
1817.9,583862
1818,583865
1818.1,583867
1818.2,583861
1818.3,583859
1818.4,583848
1818.5,583859
1818.6,583877
1818.7,583858
1818.8,583866
1818.9,583863
1819,583867
1819.1,583857
1819.2,583858
1819.3,583854
1819.4,583861
1819.5,583856
1819.6,583853
1819.7,583857
1819.8,583860
1819.9,583848
1820,583869
1820.1,583872
1820.2,583853
1820.3,583863
1820.4,583859
1820.5,583867
1820.6,583858
1820.7,583855
1820.8,583858
1820.9,583860
1821,583855
1821.1,583858
1821.2,583871
1821.3,583873
1821.4,583876
1821.5,583856
1821.6,583859
1821.7,583860
1821.8,583867
1821.9,583854
1822,583872
1822.1,583852
1822.2,583859
1822.3,583863
1822.4,583859
1822.5,583862
1822.6,583864
1822.7,583852
1822.8,583867
1822.9,583864
1823,583865
1823.1,583861
1823.2,583858
1823.3,583860
1823.4,583860
1823.5,583861
1823.6,583852
1823.7,583848
1823.8,583850
1823.9,583865
1824,583853
1824.1,583863
1824.2,583859
1824.3,583855
1824.4,583851
1824.5,583868
1824.6,583860
1824.7,583857
1824.8,583851
1824.9,583863
1825,583859
1825.1,583857
1825.2,583852
1825.3,583848
1825.4,583868
1825.5,583862
1825.6,583863
1825.7,583865
1825.8,583850
1825.9,583868
1826,583854
1826.1,583865
1826.2,583839
1826.3,583868
1826.4,583853
1826.5,583872
1826.6,583867
1826.7,583862
1826.8,583857
1826.9,583864
1827,583858
1827.1,583866
1827.2,583869
1827.3,583849
1827.4,583864
1827.5,583850
1827.6,583856
1827.7,583868
1827.8,583870
1827.9,583856
1828,583850
1828.1,583857
1828.2,583856
1828.3,583852
1828.4,583848
1828.5,583849
1828.6,583862
1828.7,583855
1828.8,583855
1828.9,583856
1829,583857
1829.1,583852
1829.2,583866
1829.3,583859
1829.4,583856
1829.5,583852
1829.6,583853
1829.7,583861
1829.8,583852
1829.9,583853
1830,583856
1830.1,583867
1830.2,583861
1830.3,583852
1830.4,583853
1830.5,583852
1830.6,583854
1830.7,583849
1830.8,583849
1830.9,583866
1831,583857
1831.1,583858
1831.2,583861
1831.3,583862
1831.4,583863
1831.5,583835
1831.6,583846
1831.7,583852
1831.8,583857
1831.9,583857
1832,583860
1832.1,583860
1832.2,583857
1832.3,583865
1832.4,583843
1832.5,583853
1832.6,583848
1832.7,583859
1832.8,583859
1832.9,583865
1833,583866
1833.1,583854
1833.2,583853
1833.3,583854
1833.4,583847
1833.5,583859
1833.6,583853
1833.7,583861
1833.8,583854
1833.9,583858
1834,583859
1834.1,583849
1834.2,583850
1834.3,583844
1834.4,583859
1834.5,583843
1834.6,583864
1834.7,583863
1834.8,583854
1834.9,583870
1835,583861
1835.1,583854
1835.2,583859
1835.3,583850
1835.4,583858
1835.5,583857
1835.6,583857
1835.7,583850
1835.8,583855
1835.9,583850
1836,583844
1836.1,583849
1836.2,583849
1836.3,583848
1836.4,583853
1836.5,583863
1836.6,583841
1836.7,583856
1836.8,583856
1836.9,583852
1837,583865
1837.1,583860
1837.2,583864
1837.3,583858
1837.4,583858
1837.5,583854
1837.6,583847
1837.7,583855
1837.8,583854
1837.9,583854
1838,583859
1838.1,583858
1838.2,583847
1838.3,583857
1838.4,583862
1838.5,583855
1838.6,583859
1838.7,583843
1838.8,583860
1838.9,583847
1839,583856
1839.1,583854
1839.2,583853
1839.3,583842
1839.4,583846
1839.5,583862
1839.6,583855
1839.7,583853
1839.8,583852
1839.9,583857
1840,583851
1840.1,583867
1840.2,583852
1840.3,583852
1840.4,583857
1840.5,583855
1840.6,583865
1840.7,583864
1840.8,583862
1840.9,583855
1841,583853
1841.1,583857
1841.2,583861
1841.3,583860
1841.4,583844
1841.5,583857
1841.6,583862
1841.7,583860
1841.8,583855
1841.9,583854
1842,583852
1842.1,583860
1842.2,583858
1842.3,583839
1842.4,583849
1842.5,583848
1842.6,583853
1842.7,583850
1842.8,583849
1842.9,583844
1843,583849
1843.1,583847
1843.2,583854
1843.3,583857
1843.4,583848
1843.5,583851
1843.6,583854
1843.7,583855
1843.8,583854
1843.9,583849
1844,583855
1844.1,583851
1844.2,583854
1844.3,583854
1844.4,583852
1844.5,583842
1844.6,583852
1844.7,583855
1844.8,583847
1844.9,583854
1845,583849
1845.1,583847
1845.2,583845
1845.3,583861
1845.4,583847
1845.5,583861
1845.6,583843
1845.7,583847
1845.8,583851
1845.9,583853
1846,583844
1846.1,583865
1846.2,583841
1846.3,583851
1846.4,583863
1846.5,583857
1846.6,583848
1846.7,583841
1846.8,583853
1846.9,583857
1847,583843
1847.1,583853
1847.2,583851
1847.3,583837
1847.4,583840
1847.5,583843
1847.6,583862
1847.7,583850
1847.8,583854
1847.9,583854
1848,583857
1848.1,583848
1848.2,583857
1848.3,583860
1848.4,583858
1848.5,583845
1848.6,583859
1848.7,583855
1848.8,583848
1848.9,583844
1849,583858
1849.1,583852
1849.2,583836
1849.3,583855
1849.4,583852
1849.5,583844
1849.6,583848
1849.7,583845
1849.8,583852
1849.9,583854
1850,583850
1850.1,583838
1850.2,583850
1850.3,583853
1850.4,583842
1850.5,583859
1850.6,583861
1850.7,583857
1850.8,583848
1850.9,583841
1851,583844
1851.1,583833
1851.2,583845
1851.3,583854
1851.4,583845
1851.5,583848
1851.6,583856
1851.7,583844
1851.8,583854
1851.9,583856
1852,583847
1852.1,583850
1852.2,583852
1852.3,583839
1852.4,583851
1852.5,583851
1852.6,583850
1852.7,583851
1852.8,583847
1852.9,583849
1853,583857
1853.1,583843
1853.2,583850
1853.3,583846
1853.4,583849
1853.5,583856
1853.6,583843
1853.7,583844
1853.8,583835
1853.9,583852
1854,583848
1854.1,583850
1854.2,583848
1854.3,583849
1854.4,583840
1854.5,583858
1854.6,583854
1854.7,583861
1854.8,583848
1854.9,583847
1855,583852
1855.1,583846
1855.2,583843
1855.3,583860
1855.4,583851
1855.5,583852
1855.6,583848
1855.7,583851
1855.8,583839
1855.9,583848
1856,583850
1856.1,583842
1856.2,583851
1856.3,583848
1856.4,583851
1856.5,583851
1856.6,583853
1856.7,583845
1856.8,583853
1856.9,583851
1857,583838
1857.1,583840
1857.2,583847
1857.3,583841
1857.4,583842
1857.5,583851
1857.6,583846
1857.7,583846
1857.8,583848
1857.9,583854
1858,583844
1858.1,583851
1858.2,583845
1858.3,583848
1858.4,583849
1858.5,583847
1858.6,583839
1858.7,583845
1858.8,583846
1858.9,583854
1859,583847
1859.1,583853
1859.2,583851
1859.3,583844
1859.4,583851
1859.5,583846
1859.6,583847
1859.7,583846
1859.8,583848
1859.9,583843
1860,583844
1860.1,583835
1860.2,583844
1860.3,583844
1860.4,583851
1860.5,583840
1860.6,583847
1860.7,583838
1860.8,583847
1860.9,583847
1861,583842
1861.1,583837
1861.2,583844
1861.3,583851
1861.4,583851
1861.5,583835
1861.6,583851
1861.7,583845
1861.8,583845
1861.9,583847
1862,583838
1862.1,583852
1862.2,583854
1862.3,583847
1862.4,583843
1862.5,583855
1862.6,583832
1862.7,583851
1862.8,583854
1862.9,583849
1863,583849
1863.1,583833
1863.2,583854
1863.3,583845
1863.4,583849
1863.5,583833
1863.6,583849
1863.7,583849
1863.8,583839
1863.9,583839
1864,583846
1864.1,583839
1864.2,583839
1864.3,583839
1864.4,583839
1864.5,583836
1864.6,583839
1864.7,583839
1864.8,583848
1864.9,583853
1865,583836
1865.1,583833
1865.2,583835
1865.3,583836
1865.4,583843
1865.5,583843
1865.6,583847
1865.7,583832
1865.8,583840
1865.9,583841
1866,583840
1866.1,583833
1866.2,583838
1866.3,583841
1866.4,583843
1866.5,583836
1866.6,583842
1866.7,583849
1866.8,583847
1866.9,583843
1867,583838
1867.1,583838
1867.2,583845
1867.3,583836
1867.4,583843
1867.5,583841
1867.6,583841
1867.7,583839
1867.8,583846
1867.9,583845
1868,583837
1868.1,583848
1868.2,583841
1868.3,583842
1868.4,583839
1868.5,583846
1868.6,583851
1868.7,583842
1868.8,583835
1868.9,583836
1869,583838
1869.1,583838
1869.2,583844
1869.3,583848
1869.4,583841
1869.5,583842
1869.6,583832
1869.7,583845
1869.8,583848
1869.9,583834
1870,583840
1870.1,583846
1870.2,583831
1870.3,583835
1870.4,583840
1870.5,583851
1870.6,583839
1870.7,583838
1870.8,583843
1870.9,583834
1871,583845
1871.1,583843
1871.2,583849
1871.3,583843
1871.4,583832
1871.5,583833
1871.6,583835
1871.7,583846
1871.8,583839
1871.9,583838
1872,583829
1872.1,583835
1872.2,583851
1872.3,583842
1872.4,583847
1872.5,583840
1872.6,583833
1872.7,583837
1872.8,583828
1872.9,583831
1873,583844
1873.1,583849
1873.2,583841
1873.3,583838
1873.4,583836
1873.5,583838
1873.6,583824
1873.7,583829
1873.8,583841
1873.9,583832
1874,583836
1874.1,583849
1874.2,583847
1874.3,583830
1874.4,583851
1874.5,583842
1874.6,583852
1874.7,583840
1874.8,583848
1874.9,583824
1875,583838
1875.1,583839
1875.2,583837
1875.3,583839
1875.4,583853
1875.5,583839
1875.6,583850
1875.7,583831
1875.8,583835
1875.9,583837
1876,583839
1876.1,583843
1876.2,583841
1876.3,583845
1876.4,583833
1876.5,583830
1876.6,583849
1876.7,583825
1876.8,583845
1876.9,583843
1877,583831
1877.1,583833
1877.2,583841
1877.3,583832
1877.4,583836
1877.5,583833
1877.6,583842
1877.7,583837
1877.8,583821
1877.9,583841
1878,583832
1878.1,583841
1878.2,583833
1878.3,583849
1878.4,583847
1878.5,583830
1878.6,583842
1878.7,583839
1878.8,583833
1878.9,583830
1879,583830
1879.1,583836
1879.2,583833
1879.3,583837
1879.4,583839
1879.5,583843
1879.6,583836
1879.7,583826
1879.8,583839
1879.9,583834
1880,583838
1880.1,583847
1880.2,583828
1880.3,583832
1880.4,583822
1880.5,583840
1880.6,583842
1880.7,583844
1880.8,583838
1880.9,583841
1881,583842
1881.1,583844
1881.2,583834
1881.3,583841
1881.4,583835
1881.5,583832
1881.6,583827
1881.7,583846
1881.8,583843
1881.9,583823
1882,583825
1882.1,583829
1882.2,583838
1882.3,583835
1882.4,583829
1882.5,583844
1882.6,583832
1882.7,583831
1882.8,583833
1882.9,583842
1883,583832
1883.1,583828
1883.2,583828
1883.3,583832
1883.4,583834
1883.5,583837
1883.6,583832
1883.7,583840
1883.8,583835
1883.9,583832
1884,583842
1884.1,583839
1884.2,583847
1884.3,583834
1884.4,583829
1884.5,583839
1884.6,583835
1884.7,583838
1884.8,583841
1884.9,583840
1885,583843
1885.1,583846
1885.2,583828
1885.3,583831
1885.4,583837
1885.5,583834
1885.6,583843
1885.7,583833
1885.8,583828
1885.9,583839
1886,583826
1886.1,583840
1886.2,583834
1886.3,583837
1886.4,583843
1886.5,583844
1886.6,583846
1886.7,583848
1886.8,583840
1886.9,583828
1887,583839
1887.1,583843
1887.2,583830
1887.3,583838
1887.4,583829
1887.5,583825
1887.6,583827
1887.7,583831
1887.8,583832
1887.9,583839
1888,583835
1888.1,583832
1888.2,583834
1888.3,583836
1888.4,583831
1888.5,583832
1888.6,583838
1888.7,583839
1888.8,583833
1888.9,583829
1889,583840
1889.1,583846
1889.2,583833
1889.3,583831
1889.4,583841
1889.5,583828
1889.6,583838
1889.7,583824
1889.8,583838
1889.9,583838
1890,583826
1890.1,583828
1890.2,583822
1890.3,583831
1890.4,583837
1890.5,583830
1890.6,583840
1890.7,583820
1890.8,583835
1890.9,583829
1891,583830
1891.1,583836
1891.2,583823
1891.3,583839
1891.4,583839
1891.5,583833
1891.6,583834
1891.7,583826
1891.8,583832
1891.9,583832
1892,583840
1892.1,583832
1892.2,583831
1892.3,583837
1892.4,583834
1892.5,583836
1892.6,583837
1892.7,583837
1892.8,583835
1892.9,583834
1893,583838
1893.1,583826
1893.2,583839
1893.3,583827
1893.4,583840
1893.5,583839
1893.6,583835
1893.7,583831
1893.8,583822
1893.9,583830
1894,583836
1894.1,583836
1894.2,583841
1894.3,583835
1894.4,583835
1894.5,583829
1894.6,583835
1894.7,583820
1894.8,583818
1894.9,583834
1895,583834
1895.1,583821
1895.2,583827
1895.3,583828
1895.4,583836
1895.5,583833
1895.6,583834
1895.7,583833
1895.8,583832
1895.9,583833
1896,583823
1896.1,583829
1896.2,583816
1896.3,583831
1896.4,583831
1896.5,583842
1896.6,583821
1896.7,583833
1896.8,583824
1896.9,583823
1897,583822
1897.1,583828
1897.2,583832
1897.3,583817
1897.4,583846
1897.5,583835
1897.6,583826
1897.7,583833
1897.8,583837
1897.9,583829
1898,583830
1898.1,583829
1898.2,583836
1898.3,583835
1898.4,583819
1898.5,583833
1898.6,583832
1898.7,583825
1898.8,583825
1898.9,583824
1899,583829
1899.1,583825
1899.2,583827
1899.3,583833
1899.4,583831
1899.5,583830
1899.6,583835
1899.7,583832
1899.8,583826
1899.9,583825
1900,583836
1900.1,583828
1900.2,583827
1900.3,583837
1900.4,583831
1900.5,583833
1900.6,583836
1900.7,583834
1900.8,583833
1900.9,583820
1901,583829
1901.1,583828
1901.2,583835
1901.3,583832
1901.4,583822
1901.5,583825
1901.6,583833
1901.7,583834
1901.8,583834
1901.9,583837
1902,583835
1902.1,583817
1902.2,583831
1902.3,583825
1902.4,583830
1902.5,583822
1902.6,583832
1902.7,583831
1902.8,583823
1902.9,583822
1903,583829
1903.1,583833
1903.2,583823
1903.3,583833
1903.4,583840
1903.5,583820
1903.6,583840
1903.7,583829
1903.8,583833
1903.9,583823
1904,583833
1904.1,583819
1904.2,583830
1904.3,583829
1904.4,583819
1904.5,583829
1904.6,583839
1904.7,583838
1904.8,583830
1904.9,583821
1905,583820
1905.1,583829
1905.2,583832
1905.3,583823
1905.4,583829
1905.5,583835
1905.6,583824
1905.7,583829
1905.8,583816
1905.9,583831
1906,583830
1906.1,583826
1906.2,583823
1906.3,583834
1906.4,583824
1906.5,583828
1906.6,583827
1906.7,583832
1906.8,583835
1906.9,583825
1907,583813
1907.1,583827
1907.2,583825
1907.3,583829
1907.4,583827
1907.5,583830
1907.6,583826
1907.7,583836
1907.8,583833
1907.9,583837
1908,583830
1908.1,583810
1908.2,583813
1908.3,583832
1908.4,583835
1908.5,583811
1908.6,583828
1908.7,583827
1908.8,583830
1908.9,583832
1909,583824
1909.1,583821
1909.2,583824
1909.3,583841
1909.4,583825
1909.5,583817
1909.6,583831
1909.7,583828
1909.8,583819
1909.9,583829
1910,583831
1910.1,583834
1910.2,583831
1910.3,583823
1910.4,583833
1910.5,583828
1910.6,583816
1910.7,583833
1910.8,583826
1910.9,583824
1911,583820
1911.1,583829
1911.2,583825
1911.3,583827
1911.4,583829
1911.5,583819
1911.6,583822
1911.7,583813
1911.8,583821
1911.9,583824
1912,583827
1912.1,583830
1912.2,583826
1912.3,583822
1912.4,583825
1912.5,583812
1912.6,583820
1912.7,583827
1912.8,583816
1912.9,583819
1913,583827
1913.1,583830
1913.2,583833
1913.3,583836
1913.4,583825
1913.5,583823
1913.6,583817
1913.7,583820
1913.8,583813
1913.9,583824
1914,583834
1914.1,583830
1914.2,583826
1914.3,583828
1914.4,583829
1914.5,583833
1914.6,583824
1914.7,583813
1914.8,583829
1914.9,583831
1915,583819
1915.1,583826
1915.2,583829
1915.3,583831
1915.4,583827
1915.5,583837
1915.6,583830
1915.7,583832
1915.8,583822
1915.9,583820
1916,583823
1916.1,583835
1916.2,583823
1916.3,583815
1916.4,583811
1916.5,583830
1916.6,583827
1916.7,583832
1916.8,583834
1916.9,583835
1917,583824
1917.1,583833
1917.2,583829
1917.3,583809
1917.4,583826
1917.5,583827
1917.6,583822
1917.7,583825
1917.8,583814
1917.9,583828
1918,583837
1918.1,583815
1918.2,583832
1918.3,583826
1918.4,583822
1918.5,583815
1918.6,583816
1918.7,583839
1918.8,583818
1918.9,583822
1919,583824
1919.1,583820
1919.2,583821
1919.3,583824
1919.4,583819
1919.5,583829
1919.6,583820
1919.7,583821
1919.8,583828
1919.9,583814
1920,583827
1920.1,583815
1920.2,583827
1920.3,583828
1920.4,583829
1920.5,583829
1920.6,583820
1920.7,583815
1920.8,583821
1920.9,583828
1921,583822
1921.1,583813
1921.2,583822
1921.3,583827
1921.4,583822
1921.5,583833
1921.6,583826
1921.7,583828
1921.8,583829
1921.9,583831
1922,583813
1922.1,583808
1922.2,583831
1922.3,583831
1922.4,583816
1922.5,583821
1922.6,583824
1922.7,583825
1922.8,583818
1922.9,583819
1923,583821
1923.1,583813
1923.2,583814
1923.3,583814
1923.4,583823
1923.5,583839
1923.6,583816
1923.7,583816
1923.8,583817
1923.9,583819
1924,583820
1924.1,583813
1924.2,583808
1924.3,583829
1924.4,583829
1924.5,583814
1924.6,583821
1924.7,583827
1924.8,583821
1924.9,583820
1925,583820
1925.1,583812
1925.2,583822
1925.3,583820
1925.4,583827
1925.5,583820
1925.6,583812
1925.7,583821
1925.8,583815
1925.9,583821
1926,583814
1926.1,583820
1926.2,583818
1926.3,583820
1926.4,583815
1926.5,583808
1926.6,583821
1926.7,583819
1926.8,583826
1926.9,583821
1927,583814
1927.1,583829
1927.2,583829
1927.3,583829
1927.4,583820
1927.5,583825
1927.6,583811
1927.7,583833
1927.8,583817
1927.9,583809
1928,583823
1928.1,583822
1928.2,583807
1928.3,583816
1928.4,583830
1928.5,583820
1928.6,583819
1928.7,583817
1928.8,583819
1928.9,583818
1929,583833
1929.1,583810
1929.2,583816
1929.3,583814
1929.4,583813
1929.5,583808
1929.6,583801
1929.7,583819
1929.8,583812
1929.9,583817
1930,583820
1930.1,583815
1930.2,583808
1930.3,583822
1930.4,583821
1930.5,583833
1930.6,583816
1930.7,583815
1930.8,583814
1930.9,583817
1931,583828
1931.1,583810
1931.2,583806
1931.3,583809
1931.4,583814
1931.5,583822
1931.6,583805
1931.7,583826
1931.8,583821
1931.9,583830
1932,583829
1932.1,583829
1932.2,583811
1932.3,583816
1932.4,583814
1932.5,583805
1932.6,583811
1932.7,583817
1932.8,583809
1932.9,583807
1933,583827
1933.1,583816
1933.2,583815
1933.3,583823
1933.4,583813
1933.5,583810
1933.6,583815
1933.7,583813
1933.8,583805
1933.9,583826
1934,583809
1934.1,583814
1934.2,583817
1934.3,583801
1934.4,583814
1934.5,583823
1934.6,583827
1934.7,583826
1934.8,583807
1934.9,583818
1935,583807
1935.1,583800
1935.2,583806
1935.3,583824
1935.4,583814
1935.5,583819
1935.6,583815
1935.7,583814
1935.8,583813
1935.9,583811
1936,583809
1936.1,583812
1936.2,583817
1936.3,583808
1936.4,583807
1936.5,583810
1936.6,583814
1936.7,583819
1936.8,583821
1936.9,583815
1937,583813
1937.1,583820
1937.2,583808
1937.3,583828
1937.4,583816
1937.5,583818
1937.6,583810
1937.7,583816
1937.8,583813
1937.9,583803
1938,583806
1938.1,583806
1938.2,583813
1938.3,583811
1938.4,583811
1938.5,583813
1938.6,583811
1938.7,583820
1938.8,583811
1938.9,583816
1939,583807
1939.1,583811
1939.2,583815
1939.3,583811
1939.4,583810
1939.5,583813
1939.6,583826
1939.7,583823
1939.8,583804
1939.9,583808
1940,583809
1940.1,583815
1940.2,583819
1940.3,583816
1940.4,583810
1940.5,583810
1940.6,583804
1940.7,583816
1940.8,583814
1940.9,583808
1941,583808
1941.1,583810
1941.2,583812
1941.3,583810
1941.4,583814
1941.5,583818
1941.6,583824
1941.7,583805
1941.8,583807
1941.9,583809
1942,583806
1942.1,583815
1942.2,583811
1942.3,583809
1942.4,583813
1942.5,583820
1942.6,583810
1942.7,583801
1942.8,583812
1942.9,583819
1943,583814
1943.1,583811
1943.2,583821
1943.3,583813
1943.4,583810
1943.5,583811
1943.6,583813
1943.7,583808
1943.8,583801
1943.9,583826
1944,583810
1944.1,583804
1944.2,583806
1944.3,583814
1944.4,583808
1944.5,583806
1944.6,583818
1944.7,583814
1944.8,583817
1944.9,583808
1945,583817
1945.1,583808
1945.2,583820
1945.3,583816
1945.4,583831
1945.5,583812
1945.6,583812
1945.7,583804
1945.8,583822
1945.9,583818
1946,583804
1946.1,583801
1946.2,583801
1946.3,583815
1946.4,583813
1946.5,583803
1946.6,583805
1946.7,583799
1946.8,583815
1946.9,583815
1947,583811
1947.1,583808
1947.2,583803
1947.3,583821
1947.4,583808
1947.5,583808
1947.6,583811
1947.7,583808
1947.8,583825
1947.9,583814
1948,583816
1948.1,583808
1948.2,583801
1948.3,583818
1948.4,583805
1948.5,583809
1948.6,583820
1948.7,583805
1948.8,583805
1948.9,583807
1949,583804
1949.1,583806
1949.2,583808
1949.3,583815
1949.4,583816
1949.5,583810
1949.6,583812
1949.7,583822
1949.8,583811
1949.9,583812
1950,583819
1950.1,583812
1950.2,583808
1950.3,583810
1950.4,583819
1950.5,583814
1950.6,583808
1950.7,583808
1950.8,583803
1950.9,583811
1951,583818
1951.1,583812
1951.2,583807
1951.3,583814
1951.4,583811
1951.5,583812
1951.6,583820
1951.7,583809
1951.8,583810
1951.9,583802
1952,583805
1952.1,583807
1952.2,583803
1952.3,583803
1952.4,583808
1952.5,583805
1952.6,583803
1952.7,583806
1952.8,583823
1952.9,583815
1953,583808
1953.1,583815
1953.2,583808
1953.3,583803
1953.4,583804
1953.5,583807
1953.6,583802
1953.7,583821
1953.8,583800
1953.9,583803
1954,583804
1954.1,583808
1954.2,583809
1954.3,583811
1954.4,583804
1954.5,583806
1954.6,583807
1954.7,583823
1954.8,583801
1954.9,583818
1955,583808
1955.1,583794
1955.2,583803
1955.3,583797
1955.4,583819
1955.5,583792
1955.6,583820
1955.7,583805
1955.8,583799
1955.9,583815
1956,583809
1956.1,583793
1956.2,583815
1956.3,583816
1956.4,583801
1956.5,583807
1956.6,583807
1956.7,583810
1956.8,583823
1956.9,583801
1957,583806
1957.1,583808
1957.2,583799
1957.3,583808
1957.4,583802
1957.5,583801
1957.6,583806
1957.7,583804
1957.8,583805
1957.9,583807
1958,583801
1958.1,583793
1958.2,583805
1958.3,583811
1958.4,583797
1958.5,583817
1958.6,583804
1958.7,583804
1958.8,583803
1958.9,583814
1959,583824
1959.1,583797
1959.2,583803
1959.3,583802
1959.4,583807
1959.5,583799
1959.6,583798
1959.7,583799
1959.8,583799
1959.9,583811
1960,583804
1960.1,583803
1960.2,583800
1960.3,583807
1960.4,583802
1960.5,583807
1960.6,583813
1960.7,583805
1960.8,583802
1960.9,583796
1961,583803
1961.1,583803
1961.2,583803
1961.3,583807
1961.4,583805
1961.5,583809
1961.6,583811
1961.7,583810
1961.8,583795
1961.9,583806
1962,583811
1962.1,583797
1962.2,583803
1962.3,583797
1962.4,583819
1962.5,583802
1962.6,583813
1962.7,583798
1962.8,583814
1962.9,583808
1963,583797
1963.1,583796
1963.2,583800
1963.3,583812
1963.4,583802
1963.5,583802
1963.6,583795
1963.7,583816
1963.8,583798
1963.9,583810
1964,583807
1964.1,583807
1964.2,583793
1964.3,583814
1964.4,583796
1964.5,583796
1964.6,583806
1964.7,583799
1964.8,583804
1964.9,583812
1965,583789
1965.1,583809
1965.2,583791
1965.3,583814
1965.4,583801
1965.5,583805
1965.6,583813
1965.7,583796
1965.8,583800
1965.9,583802
1966,583809
1966.1,583809
1966.2,583799
1966.3,583804
1966.4,583802
1966.5,583797
1966.6,583809
1966.7,583801
1966.8,583807
1966.9,583805
1967,583802
1967.1,583799
1967.2,583802
1967.3,583800
1967.4,583799
1967.5,583797
1967.6,583795
1967.7,583801
1967.8,583804
1967.9,583796
1968,583810
1968.1,583805
1968.2,583803
1968.3,583810
1968.4,583808
1968.5,583816
1968.6,583793
1968.7,583819
1968.8,583796
1968.9,583793
1969,583790
1969.1,583798
1969.2,583806
1969.3,583806
1969.4,583810
1969.5,583799
1969.6,583801
1969.7,583792
1969.8,583800
1969.9,583798
1970,583818
1970.1,583801
1970.2,583805
1970.3,583807
1970.4,583805
1970.5,583811
1970.6,583800
1970.7,583798
1970.8,583801
1970.9,583809
1971,583805
1971.1,583798
1971.2,583802
1971.3,583815
1971.4,583818
1971.5,583800
1971.6,583804
1971.7,583799
1971.8,583810
1971.9,583808
1972,583811
1972.1,583793
1972.2,583797
1972.3,583812
1972.4,583803
1972.5,583802
1972.6,583800
1972.7,583808
1972.8,583792
1972.9,583807
1973,583793
1973.1,583808
1973.2,583799
1973.3,583802
1973.4,583797
1973.5,583805
1973.6,583814
1973.7,583800
1973.8,583796
1973.9,583816
1974,583812
1974.1,583797
1974.2,583800
1974.3,583798
1974.4,583802
1974.5,583800
1974.6,583795
1974.7,583798
1974.8,583801
1974.9,583788
1975,583798
1975.1,583797
1975.2,583799
1975.3,583811
1975.4,583813
1975.5,583805
1975.6,583795
1975.7,583793
1975.8,583796
1975.9,583803
1976,583804
1976.1,583813
1976.2,583799
1976.3,583797
1976.4,583792
1976.5,583810
1976.6,583807
1976.7,583793
1976.8,583793
1976.9,583796
1977,583794
1977.1,583797
1977.2,583787
1977.3,583800
1977.4,583806
1977.5,583804
1977.6,583800
1977.7,583795
1977.8,583799
1977.9,583793
1978,583796
1978.1,583802
1978.2,583799
1978.3,583803
1978.4,583799
1978.5,583800
1978.6,583789
1978.7,583803
1978.8,583793
1978.9,583801
1979,583791
1979.1,583799
1979.2,583802
1979.3,583797
1979.4,583798
1979.5,583806
1979.6,583803
1979.7,583812
1979.8,583799
1979.9,583792
1980,583793
1980.1,583799
1980.2,583800
1980.3,583795
1980.4,583804
1980.5,583805
1980.6,583798
1980.7,583793
1980.8,583788
1980.9,583805
1981,583800
1981.1,583809
1981.2,583787
1981.3,583795
1981.4,583797
1981.5,583807
1981.6,583797
1981.7,583799
1981.8,583800
1981.9,583798
1982,583804
1982.1,583803
1982.2,583798
1982.3,583799
1982.4,583801
1982.5,583792
1982.6,583799
1982.7,583789
1982.8,583793
1982.9,583793
1983,583801
1983.1,583802
1983.2,583800
1983.3,583805
1983.4,583800
1983.5,583790
1983.6,583798
1983.7,583797
1983.8,583797
1983.9,583804
1984,583794
1984.1,583794
1984.2,583797
1984.3,583798
1984.4,583799
1984.5,583791
1984.6,583800
1984.7,583795
1984.8,583790
1984.9,583790
1985,583806
1985.1,583791
1985.2,583797
1985.3,583805
1985.4,583787
1985.5,583795
1985.6,583788
1985.7,583804
1985.8,583796
1985.9,583812
1986,583785
1986.1,583798
1986.2,583802
1986.3,583802
1986.4,583792
1986.5,583792
1986.6,583787
1986.7,583789
1986.8,583801
1986.9,583789
1987,583804
1987.1,583794
1987.2,583804
1987.3,583806
1987.4,583790
1987.5,583791
1987.6,583807
1987.7,583791
1987.8,583790
1987.9,583790
1988,583785
1988.1,583792
1988.2,583798
1988.3,583786
1988.4,583784
1988.5,583784
1988.6,583792
1988.7,583787
1988.8,583787
1988.9,583793
1989,583796
1989.1,583797
1989.2,583791
1989.3,583813
1989.4,583783
1989.5,583789
1989.6,583790
1989.7,583795
1989.8,583790
1989.9,583783
1990,583782
1990.1,583791
1990.2,583789
1990.3,583801
1990.4,583800
1990.5,583794
1990.6,583787
1990.7,583786
1990.8,583793
1990.9,583792
1991,583798
1991.1,583791
1991.2,583791
1991.3,583798
1991.4,583798
1991.5,583789
1991.6,583786
1991.7,583797
1991.8,583799
1991.9,583793
1992,583793
1992.1,583797
1992.2,583797
1992.3,583808
1992.4,583793
1992.5,583795
1992.6,583795
1992.7,583801
1992.8,583800
1992.9,583783
1993,583794
1993.1,583786
1993.2,583786
1993.3,583785
1993.4,583791
1993.5,583789
1993.6,583794
1993.7,583793
1993.8,583794
1993.9,583787
1994,583785
1994.1,583790
1994.2,583789
1994.3,583793
1994.4,583791
1994.5,583791
1994.6,583783
1994.7,583794
1994.8,583786
1994.9,583791
1995,583799
1995.1,583790
1995.2,583786
1995.3,583794
1995.4,583799
1995.5,583790
1995.6,583801
1995.7,583800
1995.8,583783
1995.9,583789
1996,583781
1996.1,583778
1996.2,583789
1996.3,583804
1996.4,583781
1996.5,583801
1996.6,583791
1996.7,583806
1996.8,583793
1996.9,583785
1997,583790
1997.1,583798
1997.2,583793
1997.3,583784
1997.4,583782
1997.5,583791
1997.6,583792
1997.7,583784
1997.8,583806
1997.9,583787
1998,583791
1998.1,583788
1998.2,583798
1998.3,583797
1998.4,583788
1998.5,583787
1998.6,583786
1998.7,583802
1998.8,583800
1998.9,583798
1999,583790
1999.1,583789
1999.2,583794
1999.3,583797
1999.4,583791
1999.5,583789
1999.6,583796
1999.7,583788
1999.8,583793
1999.9,583790
2000,583801
2000.1,583795
2000.2,583803
2000.3,583795
2000.4,583792
2000.5,583789
2000.6,583800
2000.7,583782
2000.8,583797
2000.9,583789
2001,583797
2001.1,583801
2001.2,583798
2001.3,583801
2001.4,583783
2001.5,583809
2001.6,583800
2001.7,583783
2001.8,583789
2001.9,583793
2002,583787
2002.1,583777
2002.2,583794
2002.3,583802
2002.4,583799
2002.5,583797
2002.6,583793
2002.7,583802
2002.8,583801
2002.9,583788
2003,583796
2003.1,583786
2003.2,583789
2003.3,583793
2003.4,583801
2003.5,583790
2003.6,583782
2003.7,583779
2003.8,583797
2003.9,583795
2004,583781
2004.1,583800
2004.2,583792
2004.3,583781
2004.4,583798
2004.5,583795
2004.6,583803
2004.7,583785
2004.8,583798
2004.9,583780
2005,583777
2005.1,583785
2005.2,583792
2005.3,583801
2005.4,583798
2005.5,583796
2005.6,583786
2005.7,583801
2005.8,583792
2005.9,583795
2006,583803
2006.1,583793
2006.2,583791
2006.3,583788
2006.4,583791
2006.5,583793
2006.6,583795
2006.7,583791
2006.8,583788
2006.9,583799
2007,583788
2007.1,583796
2007.2,583792
2007.3,583794
2007.4,583786
2007.5,583788
2007.6,583799
2007.7,583799
2007.8,583797
2007.9,583791
2008,583793
2008.1,583783
2008.2,583780
2008.3,583789
2008.4,583792
2008.5,583787
2008.6,583789
2008.7,583786
2008.8,583782
2008.9,583780
2009,583788
2009.1,583782
2009.2,583791
2009.3,583793
2009.4,583782
2009.5,583780
2009.6,583788
2009.7,583789
2009.8,583793
2009.9,583787
2010,583783
2010.1,583780
2010.2,583776
2010.3,583788
2010.4,583791
2010.5,583788
2010.6,583782
2010.7,583779
2010.8,583799
2010.9,583800
2011,583775
2011.1,583804
2011.2,583790
2011.3,583783
2011.4,583786
2011.5,583790
2011.6,583786
2011.7,583779
2011.8,583781
2011.9,583796
2012,583790
2012.1,583787
2012.2,583782
2012.3,583783
2012.4,583792
2012.5,583786
2012.6,583794
2012.7,583779
2012.8,583792
2012.9,583794
2013,583788
2013.1,583790
2013.2,583781
2013.3,583792
2013.4,583794
2013.5,583781
2013.6,583791
2013.7,583792
2013.8,583783
2013.9,583785
2014,583802
2014.1,583782
2014.2,583793
2014.3,583793
2014.4,583795
2014.5,583796
2014.6,583775
2014.7,583793
2014.8,583772
2014.9,583790
2015,583790
2015.1,583797
2015.2,583783
2015.3,583793
2015.4,583789
2015.5,583790
2015.6,583791
2015.7,583798
2015.8,583798
2015.9,583798
2016,583787
2016.1,583788
2016.2,583790
2016.3,583803
2016.4,583791
2016.5,583770
2016.6,583787
2016.7,583781
2016.8,583788
2016.9,583789
2017,583791
2017.1,583784
2017.2,583790
2017.3,583785
2017.4,583794
2017.5,583786
2017.6,583782
2017.7,583794
2017.8,583782
2017.9,583783
2018,583786
2018.1,583786
2018.2,583780
2018.3,583779
2018.4,583780
2018.5,583793
2018.6,583788
2018.7,583777
2018.8,583777
2018.9,583793
2019,583777
2019.1,583785
2019.2,583782
2019.3,583790
2019.4,583779
2019.5,583795
2019.6,583795
2019.7,583786
2019.8,583790
2019.9,583784
2020,583781
2020.1,583797
2020.2,583791
2020.3,583773
2020.4,583781
2020.5,583781
2020.6,583774
2020.7,583775
2020.8,583787
2020.9,583791
2021,583775
2021.1,583787
2021.2,583787
2021.3,583786
2021.4,583781
2021.5,583773
2021.6,583781
2021.7,583786
2021.8,583772
2021.9,583778
2022,583780
2022.1,583779
2022.2,583774
2022.3,583795
2022.4,583779
2022.5,583776
2022.6,583778
2022.7,583777
2022.8,583784
2022.9,583793
2023,583777
2023.1,583798
2023.2,583798
2023.3,583798
2023.4,583774
2023.5,583791
2023.6,583775
2023.7,583789
2023.8,583779
2023.9,583772
2024,583794
2024.1,583787
2024.2,583792
2024.3,583791
2024.4,583784
2024.5,583795
2024.6,583795
2024.7,583794
2024.8,583779
2024.9,583779
2025,583776
2025.1,583776
2025.2,583791
2025.3,583790
2025.4,583774
2025.5,583789
2025.6,583784
2025.7,583793
2025.8,583797
2025.9,583774
2026,583785
2026.1,583780
2026.2,583788
2026.3,583783
2026.4,583776
2026.5,583780
2026.6,583784
2026.7,583773
2026.8,583788
2026.9,583777
2027,583774
2027.1,583786
2027.2,583795
2027.3,583788
2027.4,583787
2027.5,583785
2027.6,583785
2027.7,583780
2027.8,583772
2027.9,583770
2028,583779
2028.1,583777
2028.2,583788
2028.3,583771
2028.4,583776
2028.5,583773
2028.6,583787
2028.7,583781
2028.8,583779
2028.9,583777
2029,583788
2029.1,583793
2029.2,583776
2029.3,583775
2029.4,583789
2029.5,583781
2029.6,583791
2029.7,583774
2029.8,583785
2029.9,583770
2030,583776
2030.1,583768
2030.2,583782
2030.3,583791
2030.4,583774
2030.5,583770
2030.6,583775
2030.7,583780
2030.8,583794
2030.9,583777
2031,583769
2031.1,583785
2031.2,583783
2031.3,583774
2031.4,583774
2031.5,583777
2031.6,583769
2031.7,583778
2031.8,583776
2031.9,583773
2032,583778
2032.1,583778
2032.2,583791
2032.3,583777
2032.4,583776
2032.5,583780
2032.6,583778
2032.7,583782
2032.8,583766
2032.9,583786
2033,583773
2033.1,583777
2033.2,583776
2033.3,583779
2033.4,583778
2033.5,583774
2033.6,583779
2033.7,583783
2033.8,583777
2033.9,583769
2034,583775
2034.1,583771
2034.2,583782
2034.3,583778
2034.4,583781
2034.5,583779
2034.6,583776
2034.7,583780
2034.8,583783
2034.9,583771
2035,583784
2035.1,583780
2035.2,583778
2035.3,583776
2035.4,583773
2035.5,583776
2035.6,583771
2035.7,583783
2035.8,583785
2035.9,583785
2036,583776
2036.1,583783
2036.2,583780
2036.3,583763
2036.4,583775
2036.5,583777
2036.6,583769
2036.7,583771
2036.8,583783
2036.9,583785
2037,583781
2037.1,583768
2037.2,583781
2037.3,583772
2037.4,583770
2037.5,583767
2037.6,583781
2037.7,583784
2037.8,583777
2037.9,583769
2038,583788
2038.1,583772
2038.2,583774
2038.3,583784
2038.4,583786
2038.5,583773
2038.6,583770
2038.7,583781
2038.8,583778
2038.9,583781
2039,583783
2039.1,583793
2039.2,583795
2039.3,583775
2039.4,583770
2039.5,583773
2039.6,583775
2039.7,583778
2039.8,583785
2039.9,583783
2040,583780
2040.1,583775
2040.2,583771
2040.3,583768
2040.4,583778
2040.5,583784
2040.6,583781
2040.7,583769
2040.8,583780
2040.9,583776
2041,583778
2041.1,583771
2041.2,583789
2041.3,583775
2041.4,583778
2041.5,583768
2041.6,583776
2041.7,583766
2041.8,583767
2041.9,583786
2042,583767
2042.1,583769
2042.2,583787
2042.3,583783
2042.4,583784
2042.5,583785
2042.6,583767
2042.7,583769
2042.8,583787
2042.9,583767
2043,583784
2043.1,583780
2043.2,583781
2043.3,583783
2043.4,583770
2043.5,583778
2043.6,583782
2043.7,583783
2043.8,583763
2043.9,583759
2044,583777
2044.1,583785
2044.2,583775
2044.3,583767
2044.4,583784
2044.5,583770
2044.6,583781
2044.7,583777
2044.8,583774
2044.9,583775
2045,583767
2045.1,583784
2045.2,583785
2045.3,583774
2045.4,583776
2045.5,583777
2045.6,583780
2045.7,583765
2045.8,583780
2045.9,583788
2046,583777
2046.1,583779
2046.2,583774
2046.3,583782
2046.4,583774
2046.5,583773
2046.6,583779
2046.7,583775
2046.8,583777
2046.9,583770
2047,583772
2047.1,583779
2047.2,583771
2047.3,583781
2047.4,583770
2047.5,583771
2047.6,583780
2047.7,583780
2047.8,583781
2047.9,583764
2048,583777
2048.1,583772
2048.2,583767
2048.3,583780
2048.4,583781
2048.5,583775
2048.6,583773
2048.7,583767
2048.8,583772
2048.9,583778
2049,583779
2049.1,583773
2049.2,583765
2049.3,583788
2049.4,583776
2049.5,583771
2049.6,583773
2049.7,583779
2049.8,583773
2049.9,583763
2050,583773
2050.1,583776
2050.2,583775
2050.3,583777
2050.4,583769
2050.5,583776
2050.6,583782
2050.7,583771
2050.8,583779
2050.9,583773
2051,583773
2051.1,583767
2051.2,583767
2051.3,583779
2051.4,583780
2051.5,583781
2051.6,583775
2051.7,583768
2051.8,583768
2051.9,583774
2052,583768
2052.1,583769
2052.2,583770
2052.3,583771
2052.4,583772
2052.5,583771
2052.6,583770
2052.7,583765
2052.8,583776
2052.9,583772
2053,583772
2053.1,583771
2053.2,583771
2053.3,583776
2053.4,583765
2053.5,583765
2053.6,583771
2053.7,583778
2053.8,583772
2053.9,583765
2054,583775
2054.1,583770
2054.2,583771
2054.3,583770
2054.4,583770
2054.5,583770
2054.6,583769
2054.7,583780
2054.8,583767
2054.9,583774
2055,583781
2055.1,583773
2055.2,583785
2055.3,583778
2055.4,583772
2055.5,583772
2055.6,583777
2055.7,583771
2055.8,583765
2055.9,583761
2056,583781
2056.1,583775
2056.2,583762
2056.3,583762
2056.4,583767
2056.5,583767
2056.6,583763
2056.7,583770
2056.8,583770
2056.9,583772
2057,583777
2057.1,583775
2057.2,583767
2057.3,583767
2057.4,583763
2057.5,583777
2057.6,583770
2057.7,583769
2057.8,583774
2057.9,583774
2058,583784
2058.1,583768
2058.2,583777
2058.3,583772
2058.4,583770
2058.5,583762
2058.6,583773
2058.7,583772
2058.8,583772
2058.9,583760
2059,583781
2059.1,583764
2059.2,583774
2059.3,583769
2059.4,583772
2059.5,583767
2059.6,583771
2059.7,583769
2059.8,583770
2059.9,583768
2060,583766
2060.1,583763
2060.2,583771
2060.3,583768
2060.4,583760
2060.5,583772
2060.6,583762
2060.7,583772
2060.8,583777
2060.9,583771
2061,583769
2061.1,583768
2061.2,583774
2061.3,583764
2061.4,583763
2061.5,583761
2061.6,583771
2061.7,583771
2061.8,583771
2061.9,583775
2062,583766
2062.1,583772
2062.2,583770
2062.3,583768
2062.4,583766
2062.5,583771
2062.6,583768
2062.7,583766
2062.8,583770
2062.9,583776
2063,583755
2063.1,583768
2063.2,583764
2063.3,583768
2063.4,583759
2063.5,583768
2063.6,583769
2063.7,583762
2063.8,583776
2063.9,583776
2064,583773
2064.1,583765
2064.2,583767
2064.3,583772
2064.4,583763
2064.5,583762
2064.6,583767
2064.7,583770
2064.8,583767
2064.9,583759
2065,583775
2065.1,583769
2065.2,583772
2065.3,583763
2065.4,583763
2065.5,583770
2065.6,583769
2065.7,583753
2065.8,583759
2065.9,583778
2066,583766
2066.1,583762
2066.2,583766
2066.3,583769
2066.4,583756
2066.5,583762
2066.6,583759
2066.7,583762
2066.8,583766
2066.9,583767
2067,583764
2067.1,583779
2067.2,583762
2067.3,583764
2067.4,583762
2067.5,583771
2067.6,583767
2067.7,583766
2067.8,583763
2067.9,583755
2068,583773
2068.1,583766
2068.2,583775
2068.3,583759
2068.4,583777
2068.5,583756
2068.6,583759
2068.7,583773
2068.8,583759
2068.9,583768
2069,583763
2069.1,583766
2069.2,583763
2069.3,583755
2069.4,583765
2069.5,583762
2069.6,583751
2069.7,583760
2069.8,583763
2069.9,583773
2070,583763
2070.1,583765
2070.2,583762
2070.3,583765
2070.4,583757
2070.5,583774
2070.6,583763
2070.7,583760
2070.8,583762
2070.9,583764
2071,583767
2071.1,583758
2071.2,583762
2071.3,583759
2071.4,583769
2071.5,583775
2071.6,583756
2071.7,583769
2071.8,583760
2071.9,583763
2072,583772
2072.1,583762
2072.2,583765
2072.3,583768
2072.4,583755
2072.5,583747
2072.6,583764
2072.7,583766
2072.8,583760
2072.9,583763
2073,583758
2073.1,583761
2073.2,583765
2073.3,583762
2073.4,583764
2073.5,583759
2073.6,583762
2073.7,583758
2073.8,583763
2073.9,583768
2074,583765
2074.1,583767
2074.2,583764
2074.3,583764
2074.4,583767
2074.5,583760
2074.6,583757
2074.7,583759
2074.8,583767
2074.9,583771
2075,583766
2075.1,583767
2075.2,583762
2075.3,583766
2075.4,583760
2075.5,583758
2075.6,583763
2075.7,583766
2075.8,583752
2075.9,583770
2076,583766
2076.1,583756
2076.2,583759
2076.3,583767
2076.4,583761
2076.5,583763
2076.6,583759
2076.7,583765
2076.8,583763
2076.9,583766
2077,583766
2077.1,583769
2077.2,583768
2077.3,583765
2077.4,583766
2077.5,583763
2077.6,583763
2077.7,583758
2077.8,583771
2077.9,583767
2078,583764
2078.1,583765
2078.2,583760
2078.3,583754
2078.4,583762
2078.5,583763
2078.6,583770
2078.7,583767
2078.8,583763
2078.9,583757
2079,583776
2079.1,583756
2079.2,583762
2079.3,583767
2079.4,583763
2079.5,583765
2079.6,583762
2079.7,583757
2079.8,583763
2079.9,583757
2080,583757
2080.1,583760
2080.2,583761
2080.3,583761
2080.4,583761
2080.5,583757
2080.6,583757
2080.7,583758
2080.8,583754
2080.9,583755
2081,583762
2081.1,583762
2081.2,583763
2081.3,583768
2081.4,583770
2081.5,583759
2081.6,583766
2081.7,583762
2081.8,583763
2081.9,583762
2082,583769
2082.1,583775
2082.2,583769
2082.3,583770
2082.4,583756
2082.5,583768
2082.6,583767
2082.7,583767
2082.8,583757
2082.9,583758
2083,583759
2083.1,583758
2083.2,583758
2083.3,583753
2083.4,583759
2083.5,583756
2083.6,583760
2083.7,583766
2083.8,583773
2083.9,583763
2084,583749
2084.1,583762
2084.2,583767
2084.3,583762
2084.4,583762
2084.5,583763
2084.6,583763
2084.7,583754
2084.8,583754
2084.9,583769
2085,583759
2085.1,583764
2085.2,583763
2085.3,583759
2085.4,583771
2085.5,583765
2085.6,583764
2085.7,583753
2085.8,583758
2085.9,583752
2086,583758
2086.1,583765
2086.2,583764
2086.3,583758
2086.4,583752
2086.5,583752
2086.6,583751
2086.7,583751
2086.8,583757
2086.9,583764
2087,583758
2087.1,583760
2087.2,583768
2087.3,583762
2087.4,583758
2087.5,583750
2087.6,583762
2087.7,583762
2087.8,583755
2087.9,583755
2088,583762
2088.1,583754
2088.2,583753
2088.3,583753
2088.4,583759
2088.5,583752
2088.6,583751
2088.7,583751
2088.8,583752
2088.9,583751
2089,583760
2089.1,583761
2089.2,583761
2089.3,583754
2089.4,583761
2089.5,583759
2089.6,583756
2089.7,583756
2089.8,583755
2089.9,583749
2090,583757
2090.1,583749
2090.2,583754
2090.3,583753
2090.4,583755
2090.5,583755
2090.6,583749
2090.7,583755
2090.8,583756
2090.9,583760
2091,583753
2091.1,583750
2091.2,583750
2091.3,583755
2091.4,583760
2091.5,583752
2091.6,583748
2091.7,583750
2091.8,583748
2091.9,583756
2092,583750
2092.1,583760
2092.2,583757
2092.3,583755
2092.4,583748
2092.5,583753
2092.6,583754
2092.7,583753
2092.8,583758
2092.9,583750
2093,583753
2093.1,583746
2093.2,583755
2093.3,583753
2093.4,583754
2093.5,583753
2093.6,583745
2093.7,583750
2093.8,583753
2093.9,583752
2094,583750
2094.1,583748
2094.2,583753
2094.3,583751
2094.4,583751
2094.5,583754
2094.6,583752
2094.7,583758
2094.8,583744
2094.9,583755
2095,583747
2095.1,583755
2095.2,583760
2095.3,583764
2095.4,583750
2095.5,583757
2095.6,583743
2095.7,583746
2095.8,583756
2095.9,583759
2096,583763
2096.1,583749
2096.2,583767
2096.3,583745
2096.4,583746
2096.5,583748
2096.6,583757
2096.7,583762
2096.8,583759
2096.9,583757
2097,583755
2097.1,583748
2097.2,583752
2097.3,583755
2097.4,583765
2097.5,583751
2097.6,583748
2097.7,583752
2097.8,583755
2097.9,583754
2098,583745
2098.1,583755
2098.2,583766
2098.3,583752
2098.4,583756
2098.5,583752
2098.6,583749
2098.7,583752
2098.8,583763
2098.9,583754
2099,583759
2099.1,583745
2099.2,583754
2099.3,583752
2099.4,583754
2099.5,583763
2099.6,583761
2099.7,583759
2099.8,583756
2099.9,583748
2100,583744
2100.1,583748
2100.2,583757
2100.3,583755
2100.4,583752
2100.5,583757
2100.6,583754
2100.7,583750
2100.8,583754
2100.9,583751
2101,583754
2101.1,583751
2101.2,583756
2101.3,583758
2101.4,583748
2101.5,583745
2101.6,583749
2101.7,583753
2101.8,583751
2101.9,583747
2102,583751
2102.1,583753
2102.2,583743
2102.3,583757
2102.4,583750
2102.5,583747
2102.6,583758
2102.7,583747
2102.8,583752
2102.9,583755
2103,583748
2103.1,583745
2103.2,583756
2103.3,583753
2103.4,583749
2103.5,583752
2103.6,583743
2103.7,583745
2103.8,583756
2103.9,583753
2104,583747
2104.1,583749
2104.2,583748
2104.3,583762
2104.4,583759
2104.5,583751
2104.6,583753
2104.7,583745
2104.8,583739
2104.9,583753
2105,583756
2105.1,583758
2105.2,583749
2105.3,583754
2105.4,583772
2105.5,583769
2105.6,583750
2105.7,583749
2105.8,583757
2105.9,583754
2106,583753
2106.1,583750
2106.2,583752
2106.3,583754
2106.4,583743
2106.5,583745
2106.6,583753
2106.7,583744
2106.8,583757
2106.9,583759
2107,583747
2107.1,583750
2107.2,583759
2107.3,583762
2107.4,583745
2107.5,583748
2107.6,583750
2107.7,583757
2107.8,583753
2107.9,583755
2108,583752
2108.1,583749
2108.2,583744
2108.3,583754
2108.4,583747
2108.5,583755
2108.6,583753
2108.7,583759
2108.8,583756
2108.9,583754
2109,583758
2109.1,583760
2109.2,583761
2109.3,583741
2109.4,583742
2109.5,583749
2109.6,583753
2109.7,583744
2109.8,583754
2109.9,583762
2110,583757
2110.1,583742
2110.2,583744
2110.3,583741
2110.4,583753
2110.5,583743
2110.6,583745
2110.7,583749
2110.8,583741
2110.9,583752
2111,583753
2111.1,583755
2111.2,583756
2111.3,583741
2111.4,583742
2111.5,583744
2111.6,583740
2111.7,583763
2111.8,583759
2111.9,583745
2112,583755
2112.1,583756
2112.2,583744
2112.3,583742
2112.4,583759
2112.5,583762
2112.6,583753
2112.7,583763
2112.8,583742
2112.9,583752
2113,583752
2113.1,583753
2113.2,583755
2113.3,583757
2113.4,583743
2113.5,583743
2113.6,583742
2113.7,583754
2113.8,583755
2113.9,583749
2114,583746
2114.1,583748
2114.2,583735
2114.3,583743
2114.4,583744
2114.5,583734
2114.6,583735
2114.7,583741
2114.8,583748
2114.9,583740
2115,583742
2115.1,583759
2115.2,583748
2115.3,583743
2115.4,583755
2115.5,583747
2115.6,583747
2115.7,583746
2115.8,583745
2115.9,583752
2116,583746
2116.1,583740
2116.2,583748
2116.3,583747
2116.4,583745
2116.5,583754
2116.6,583740
2116.7,583749
2116.8,583750
2116.9,583750
2117,583744
2117.1,583750
2117.2,583751
2117.3,583750
2117.4,583751
2117.5,583757
2117.6,583746
2117.7,583735
2117.8,583757
2117.9,583753
2118,583736
2118.1,583730
2118.2,583746
2118.3,583741
2118.4,583748
2118.5,583739
2118.6,583747
2118.7,583736
2118.8,583743
2118.9,583753
2119,583745
2119.1,583757
2119.2,583741
2119.3,583732
2119.4,583740
2119.5,583749
2119.6,583735
2119.7,583751
2119.8,583751
2119.9,583756
2120,583755
2120.1,583749
2120.2,583739
2120.3,583733
2120.4,583740
2120.5,583739
2120.6,583749
2120.7,583754
2120.8,583748
2120.9,583753
2121,583747
2121.1,583742
2121.2,583737
2121.3,583758
2121.4,583741
2121.5,583742
2121.6,583757
2121.7,583750
2121.8,583741
2121.9,583755
2122,583753
2122.1,583752
2122.2,583752
2122.3,583740
2122.4,583747
2122.5,583753
2122.6,583752
2122.7,583744
2122.8,583748
2122.9,583757
2123,583752
2123.1,583752
2123.2,583752
2123.3,583751
2123.4,583747
2123.5,583737
2123.6,583742
2123.7,583742
2123.8,583736
2123.9,583751
2124,583750
2124.1,583734
2124.2,583744
2124.3,583742
2124.4,583737
2124.5,583741
2124.6,583740
2124.7,583739
2124.8,583738
2124.9,583743
2125,583741
2125.1,583745
2125.2,583749
2125.3,583754
2125.4,583743
2125.5,583740
2125.6,583745
2125.7,583745
2125.8,583739
2125.9,583759
2126,583740
2126.1,583750
2126.2,583750
2126.3,583744
2126.4,583747
2126.5,583741
2126.6,583740
2126.7,583755
2126.8,583741
2126.9,583746
2127,583751
2127.1,583751
2127.2,583748
2127.3,583746
2127.4,583744
2127.5,583743
2127.6,583737
2127.7,583734
2127.8,583736
2127.9,583741
2128,583746
2128.1,583738
2128.2,583742
2128.3,583735
2128.4,583733
2128.5,583737
2128.6,583735
2128.7,583740
2128.8,583745
2128.9,583736
2129,583741
2129.1,583732
2129.2,583737
2129.3,583741
2129.4,583746
2129.5,583738
2129.6,583735
2129.7,583733
2129.8,583745
2129.9,583739
2130,583744
2130.1,583737
2130.2,583729
2130.3,583734
2130.4,583736
2130.5,583729
2130.6,583734
2130.7,583735
2130.8,583744
2130.9,583742
2131,583740
2131.1,583745
2131.2,583743
2131.3,583740
2131.4,583743
2131.5,583745
2131.6,583744
2131.7,583742
2131.8,583740
2131.9,583745
2132,583741
2132.1,583738
2132.2,583748
2132.3,583752
2132.4,583750
2132.5,583742
2132.6,583750
2132.7,583742
2132.8,583739
2132.9,583742
2133,583734
2133.1,583744
2133.2,583735
2133.3,583739
2133.4,583748
2133.5,583739
2133.6,583741
2133.7,583740
2133.8,583748
2133.9,583746
2134,583731
2134.1,583741
2134.2,583750
2134.3,583740
2134.4,583732
2134.5,583736
2134.6,583733
2134.7,583752
2134.8,583732
2134.9,583734
2135,583745
2135.1,583737
2135.2,583750
2135.3,583735
2135.4,583740
2135.5,583735
2135.6,583732
2135.7,583741
2135.8,583750
2135.9,583753
2136,583735
2136.1,583747
2136.2,583738
2136.3,583741
2136.4,583743
2136.5,583745
2136.6,583736
2136.7,583739
2136.8,583735
2136.9,583732
2137,583730
2137.1,583739
2137.2,583741
2137.3,583733
2137.4,583743
2137.5,583748
2137.6,583739
2137.7,583725
2137.8,583741
2137.9,583737
2138,583737
2138.1,583742
2138.2,583737
2138.3,583730
2138.4,583753
2138.5,583740
2138.6,583739
2138.7,583736
2138.8,583740
2138.9,583743
2139,583733
2139.1,583737
2139.2,583731
2139.3,583733
2139.4,583734
2139.5,583737
2139.6,583734
2139.7,583731
2139.8,583741
2139.9,583735
2140,583737
2140.1,583740
2140.2,583728
2140.3,583731
2140.4,583729
2140.5,583732
2140.6,583750
2140.7,583745
2140.8,583732
2140.9,583731
2141,583729
2141.1,583729
2141.2,583731
2141.3,583738
2141.4,583746
2141.5,583741
2141.6,583749
2141.7,583739
2141.8,583748
2141.9,583733
2142,583734
2142.1,583737
2142.2,583748
2142.3,583744
2142.4,583739
2142.5,583741
2142.6,583744
2142.7,583730
2142.8,583731
2142.9,583737
2143,583733
2143.1,583721
2143.2,583747
2143.3,583743
2143.4,583738
2143.5,583725
2143.6,583730
2143.7,583737
2143.8,583729
2143.9,583734
2144,583744
2144.1,583732
2144.2,583734
2144.3,583734
2144.4,583742
2144.5,583741
2144.6,583743
2144.7,583740
2144.8,583741
2144.9,583736
2145,583732
2145.1,583733
2145.2,583734
2145.3,583729
2145.4,583736
2145.5,583731
2145.6,583733
2145.7,583728
2145.8,583735
2145.9,583737
2146,583736
2146.1,583733
2146.2,583734
2146.3,583727
2146.4,583730
2146.5,583736
2146.6,583730
2146.7,583743
2146.8,583732
2146.9,583721
2147,583735
2147.1,583736
2147.2,583737
2147.3,583730
2147.4,583737
2147.5,583739
2147.6,583733
2147.7,583735
2147.8,583740
2147.9,583724
2148,583737
2148.1,583728
2148.2,583736
2148.3,583738
2148.4,583732
2148.5,583733
2148.6,583734
2148.7,583733
2148.8,583733
2148.9,583730
2149,583734
2149.1,583736
2149.2,583731
2149.3,583725
2149.4,583738
2149.5,583744
2149.6,583728
2149.7,583744
2149.8,583738
2149.9,583739
2150,583740
2150.1,583740
2150.2,583734
2150.3,583740
2150.4,583741
2150.5,583747
2150.6,583727
2150.7,583726
2150.8,583731
2150.9,583730
2151,583743
2151.1,583742
2151.2,583742
2151.3,583744
2151.4,583727
2151.5,583727
2151.6,583743
2151.7,583737
2151.8,583736
2151.9,583730
2152,583730
2152.1,583743
2152.2,583737
2152.3,583726
2152.4,583743
2152.5,583742
2152.6,583730
2152.7,583718
2152.8,583724
2152.9,583731
2153,583730
2153.1,583730
2153.2,583735
2153.3,583731
2153.4,583728
2153.5,583728
2153.6,583722
2153.7,583728
2153.8,583740
2153.9,583739
2154,583727
2154.1,583738
2154.2,583738
2154.3,583732
2154.4,583727
2154.5,583733
2154.6,583730
2154.7,583728
2154.8,583721
2154.9,583729
2155,583729
2155.1,583729
2155.2,583722
2155.3,583727
2155.4,583732
2155.5,583730
2155.6,583723
2155.7,583722
2155.8,583724
2155.9,583724
2156,583730
2156.1,583733
2156.2,583738
2156.3,583724
2156.4,583732
2156.5,583718
2156.6,583723
2156.7,583738
2156.8,583727
2156.9,583725
2157,583737
2157.1,583737
2157.2,583728
2157.3,583728
2157.4,583731
2157.5,583725
2157.6,583723
2157.7,583730
2157.8,583736
2157.9,583729
2158,583727
2158.1,583732
2158.2,583723
2158.3,583728
2158.4,583733
2158.5,583732
2158.6,583732
2158.7,583731
2158.8,583730
2158.9,583722
2159,583733
2159.1,583736
2159.2,583734
2159.3,583734
2159.4,583728
2159.5,583731
2159.6,583724
2159.7,583735
2159.8,583739
2159.9,583729
2160,583725
2160.1,583725
2160.2,583724
2160.3,583726
2160.4,583736
2160.5,583728
2160.6,583733
2160.7,583722
2160.8,583727
2160.9,583726
2161,583735
2161.1,583738
2161.2,583730
2161.3,583735
2161.4,583732
2161.5,583726
2161.6,583726
2161.7,583728
2161.8,583728
2161.9,583732
2162,583724
2162.1,583722
2162.2,583736
2162.3,583734
2162.4,583728
2162.5,583719
2162.6,583724
2162.7,583734
2162.8,583720
2162.9,583725
2163,583728
2163.1,583721
2163.2,583723
2163.3,583727
2163.4,583725
2163.5,583730
2163.6,583734
2163.7,583725
2163.8,583723
2163.9,583728
2164,583733
2164.1,583722
2164.2,583732
2164.3,583736
2164.4,583734
2164.5,583720
2164.6,583738
2164.7,583722
2164.8,583726
2164.9,583734
2165,583738
2165.1,583736
2165.2,583727
2165.3,583719
2165.4,583724
2165.5,583727
2165.6,583731
2165.7,583727
2165.8,583733
2165.9,583719
2166,583731
2166.1,583723
2166.2,583728
2166.3,583731
2166.4,583725
2166.5,583728
2166.6,583729
2166.7,583734
2166.8,583741
2166.9,583732
2167,583729
2167.1,583733
2167.2,583721
2167.3,583729
2167.4,583725
2167.5,583730
2167.6,583737
2167.7,583734
2167.8,583731
2167.9,583734
2168,583722
2168.1,583726
2168.2,583722
2168.3,583726
2168.4,583732
2168.5,583736
2168.6,583732
2168.7,583729
2168.8,583737
2168.9,583726
2169,583715
2169.1,583712
2169.2,583728
2169.3,583719
2169.4,583716
2169.5,583734
2169.6,583732
2169.7,583735
2169.8,583716
2169.9,583719
2170,583728
2170.1,583729
2170.2,583724
2170.3,583722
2170.4,583726
2170.5,583729
2170.6,583718
2170.7,583726
2170.8,583723
2170.9,583730
2171,583727
2171.1,583724
2171.2,583729
2171.3,583726
2171.4,583722
2171.5,583730
2171.6,583719
2171.7,583727
2171.8,583723
2171.9,583720
2172,583725
2172.1,583719
2172.2,583729
2172.3,583717
2172.4,583727
2172.5,583720
2172.6,583717
2172.7,583714
2172.8,583717
2172.9,583726
2173,583729
2173.1,583723
2173.2,583725
2173.3,583733
2173.4,583728
2173.5,583725
2173.6,583728
2173.7,583731
2173.8,583717
2173.9,583734
2174,583729
2174.1,583732
2174.2,583727
2174.3,583717
2174.4,583726
2174.5,583723
2174.6,583731
2174.7,583722
2174.8,583739
2174.9,583723
2175,583730
2175.1,583726
2175.2,583728
2175.3,583723
2175.4,583732
2175.5,583718
2175.6,583714
2175.7,583731
2175.8,583726
2175.9,583727
2176,583723
2176.1,583730
2176.2,583727
2176.3,583740
2176.4,583729
2176.5,583731
2176.6,583727
2176.7,583728
2176.8,583729
2176.9,583724
2177,583726
2177.1,583722
2177.2,583717
2177.3,583725
2177.4,583726
2177.5,583734
2177.6,583719
2177.7,583735
2177.8,583721
2177.9,583726
2178,583727
2178.1,583728
2178.2,583724
2178.3,583737
2178.4,583721
2178.5,583722
2178.6,583720
2178.7,583730
2178.8,583725
2178.9,583726
2179,583720
2179.1,583733
2179.2,583725
2179.3,583725
2179.4,583721
2179.5,583726
2179.6,583720
2179.7,583728
2179.8,583722
2179.9,583728
2180,583726
2180.1,583716
2180.2,583718
2180.3,583734
2180.4,583723
2180.5,583724
2180.6,583724
2180.7,583730
2180.8,583721
2180.9,583720
2181,583724
2181.1,583717
2181.2,583719
2181.3,583713
2181.4,583723
2181.5,583726
2181.6,583720
2181.7,583720
2181.8,583708
2181.9,583716
2182,583718
2182.1,583718
2182.2,583727
2182.3,583723
2182.4,583724
2182.5,583717
2182.6,583726
2182.7,583726
2182.8,583713
2182.9,583714
2183,583719
2183.1,583732
2183.2,583731
2183.3,583710
2183.4,583715
2183.5,583716
2183.6,583723
2183.7,583716
2183.8,583716
2183.9,583723
2184,583733
2184.1,583712
2184.2,583723
2184.3,583716
2184.4,583710
2184.5,583715
2184.6,583717
2184.7,583712
2184.8,583711
2184.9,583719
2185,583711
2185.1,583717
2185.2,583718
2185.3,583709
2185.4,583734
2185.5,583733
2185.6,583718
2185.7,583722
2185.8,583722
2185.9,583728
2186,583722
2186.1,583724
2186.2,583734
2186.3,583718
2186.4,583718
2186.5,583722
2186.6,583722
2186.7,583727
2186.8,583727
2186.9,583721
2187,583714
2187.1,583716
2187.2,583716
2187.3,583714
2187.4,583719
2187.5,583722
2187.6,583732
2187.7,583725
2187.8,583717
2187.9,583712
2188,583724
2188.1,583716
2188.2,583721
2188.3,583717
2188.4,583715
2188.5,583727
2188.6,583719
2188.7,583719
2188.8,583726
2188.9,583717
2189,583727
2189.1,583723
2189.2,583717
2189.3,583711
2189.4,583727
2189.5,583713
2189.6,583718
2189.7,583716
2189.8,583728
2189.9,583717
2190,583727
2190.1,583727
2190.2,583719
2190.3,583718
2190.4,583717
2190.5,583714
2190.6,583719
2190.7,583724
2190.8,583718
2190.9,583725
2191,583717
2191.1,583722
2191.2,583721
2191.3,583719
2191.4,583724
2191.5,583723
2191.6,583728
2191.7,583712
2191.8,583726
2191.9,583719
2192,583729
2192.1,583734
2192.2,583726
2192.3,583726
2192.4,583720
2192.5,583714
2192.6,583722
2192.7,583727
2192.8,583732
2192.9,583721
2193,583728
2193.1,583728
2193.2,583725
2193.3,583724
2193.4,583724
2193.5,583715
2193.6,583726
2193.7,583724
2193.8,583723
2193.9,583722
2194,583715
2194.1,583718
2194.2,583722
2194.3,583720
2194.4,583724
2194.5,583717
2194.6,583722
2194.7,583727
2194.8,583723
2194.9,583728
2195,583733
2195.1,583725
2195.2,583717
2195.3,583721
2195.4,583720
2195.5,583718
2195.6,583713
2195.7,583727
2195.8,583725
2195.9,583722
2196,583720
2196.1,583718
2196.2,583710
2196.3,583715
2196.4,583725
2196.5,583712
2196.6,583709
2196.7,583714
2196.8,583722
2196.9,583726
2197,583717
2197.1,583721
2197.2,583725
2197.3,583717
2197.4,583722
2197.5,583713
2197.6,583729
2197.7,583720
2197.8,583712
2197.9,583727
2198,583709
2198.1,583711
2198.2,583715
2198.3,583720
2198.4,583719
2198.5,583716
2198.6,583708
2198.7,583717
2198.8,583714
2198.9,583716
2199,583714
2199.1,583713
2199.2,583711
2199.3,583716
2199.4,583706
2199.5,583715
2199.6,583711
2199.7,583713
2199.8,583713
2199.9,583709
2200,583713
2200.1,583713
2200.2,583724
2200.3,583727
2200.4,583709
2200.5,583710
2200.6,583715
2200.7,583720
2200.8,583732
2200.9,583708
2201,583726
2201.1,583722
2201.2,583719
2201.3,583722
2201.4,583714
2201.5,583712
2201.6,583721
2201.7,583713
2201.8,583715
2201.9,583717
2202,583720
2202.1,583722
2202.2,583714
2202.3,583705
2202.4,583715
2202.5,583706
2202.6,583715
2202.7,583717
2202.8,583719
2202.9,583715
2203,583724
2203.1,583716
2203.2,583713
2203.3,583709
2203.4,583712
2203.5,583714
2203.6,583716
2203.7,583713
2203.8,583716
2203.9,583713
2204,583710
2204.1,583707
2204.2,583709
2204.3,583717
2204.4,583713
2204.5,583716
2204.6,583718
2204.7,583715
2204.8,583712
2204.9,583714
2205,583717
2205.1,583724
2205.2,583715
2205.3,583724
2205.4,583710
2205.5,583728
2205.6,583703
2205.7,583726
2205.8,583716
2205.9,583719
2206,583716
2206.1,583718
2206.2,583720
2206.3,583723
2206.4,583725
2206.5,583712
2206.6,583706
2206.7,583719
2206.8,583721
2206.9,583723
2207,583710
2207.1,583712
2207.2,583707
2207.3,583717
2207.4,583717
2207.5,583708
2207.6,583710
2207.7,583722
2207.8,583705
2207.9,583702
2208,583711
2208.1,583712
2208.2,583714
2208.3,583703
2208.4,583706
2208.5,583718
2208.6,583715
2208.7,583712
2208.8,583712
2208.9,583714
2209,583710
2209.1,583705
2209.2,583709
2209.3,583704
2209.4,583711
2209.5,583706
2209.6,583709
2209.7,583709
2209.8,583711
2209.9,583713
2210,583715
2210.1,583704
2210.2,583710
2210.3,583706
2210.4,583709
2210.5,583709
2210.6,583711
2210.7,583719
2210.8,583708
2210.9,583702
2211,583703
2211.1,583706
2211.2,583719
2211.3,583708
2211.4,583705
2211.5,583705
2211.6,583707
2211.7,583707
2211.8,583701
2211.9,583709
2212,583703
2212.1,583708
2212.2,583704
2212.3,583709
2212.4,583711
2212.5,583704
2212.6,583712
2212.7,583708
2212.8,583709
2212.9,583713
2213,583705
2213.1,583717
2213.2,583714
2213.3,583707
2213.4,583715
2213.5,583709
2213.6,583719
2213.7,583713
2213.8,583716
2213.9,583717
2214,583718
2214.1,583707
2214.2,583707
2214.3,583701
2214.4,583720
2214.5,583721
2214.6,583710
2214.7,583705
2214.8,583712
2214.9,583702
2215,583702
2215.1,583708
2215.2,583714
2215.3,583709
2215.4,583709
2215.5,583705
2215.6,583711
2215.7,583702
2215.8,583707
2215.9,583707
2216,583710
2216.1,583713
2216.2,583708
2216.3,583721
2216.4,583721
2216.5,583703
2216.6,583710
2216.7,583710
2216.8,583705
2216.9,583716
2217,583711
2217.1,583710
2217.2,583710
2217.3,583707
2217.4,583705
2217.5,583707
2217.6,583718
2217.7,583718
2217.8,583707
2217.9,583706
2218,583706
2218.1,583718
2218.2,583707
2218.3,583703
2218.4,583718
2218.5,583714
2218.6,583714
2218.7,583713
2218.8,583706
2218.9,583718
2219,583707
2219.1,583702
2219.2,583712
2219.3,583706
2219.4,583712
2219.5,583719
2219.6,583717
2219.7,583717
2219.8,583712
2219.9,583701
2220,583707
2220.1,583717
2220.2,583711
2220.3,583701
2220.4,583706
2220.5,583704
2220.6,583716
2220.7,583704
2220.8,583705
2220.9,583704
2221,583713
2221.1,583713
2221.2,583714
2221.3,583705
2221.4,583705
2221.5,583700
2221.6,583715
2221.7,583722
2221.8,583715
2221.9,583714
2222,583709
2222.1,583701
2222.2,583701
2222.3,583708
2222.4,583708
2222.5,583708
2222.6,583700
2222.7,583699
2222.8,583704
2222.9,583707
2223,583706
2223.1,583707
2223.2,583716
2223.3,583700
2223.4,583715
2223.5,583712
2223.6,583696
2223.7,583699
2223.8,583704
2223.9,583706
2224,583692
2224.1,583713
2224.2,583703
2224.3,583702
2224.4,583691
2224.5,583702
2224.6,583707
2224.7,583701
2224.8,583694
2224.9,583706
2225,583698
2225.1,583703
2225.2,583700
2225.3,583704
2225.4,583703
2225.5,583696
2225.6,583709
2225.7,583711
2225.8,583701
2225.9,583706
2226,583695
2226.1,583700
2226.2,583711
2226.3,583710
2226.4,583715
2226.5,583708
2226.6,583712
2226.7,583706
2226.8,583714
2226.9,583712
2227,583705
2227.1,583705
2227.2,583703
2227.3,583701
2227.4,583712
2227.5,583709
2227.6,583698
2227.7,583706
2227.8,583699
2227.9,583697
2228,583702
2228.1,583707
2228.2,583699
2228.3,583708
2228.4,583707
2228.5,583704
2228.6,583690
2228.7,583708
2228.8,583710
2228.9,583705
2229,583708
2229.1,583699
2229.2,583708
2229.3,583712
2229.4,583699
2229.5,583699
2229.6,583703
2229.7,583702
2229.8,583697
2229.9,583713
2230,583710
2230.1,583714
2230.2,583700
2230.3,583704
2230.4,583690
2230.5,583688
2230.6,583698
2230.7,583702
2230.8,583701
2230.9,583708
2231,583713
2231.1,583703
2231.2,583696
2231.3,583694
2231.4,583696
2231.5,583712
2231.6,583710
2231.7,583698
2231.8,583706
2231.9,583709
2232,583701
2232.1,583705
2232.2,583702
2232.3,583711
2232.4,583699
2232.5,583692
2232.6,583712
2232.7,583703
2232.8,583700
2232.9,583697
2233,583700
2233.1,583697
2233.2,583708
2233.3,583705
2233.4,583703
2233.5,583701
2233.6,583698
2233.7,583701
2233.8,583703
2233.9,583700
2234,583703
2234.1,583701
2234.2,583705
2234.3,583702
2234.4,583706
2234.5,583696
2234.6,583699
2234.7,583701
2234.8,583698
2234.9,583702
2235,583756
2235.1,583823
2235.2,583881
2235.3,583985
2235.4,584112
2235.5,584260
2235.6,584529
2235.7,584945
2235.8,585776
2235.9,587680
2236,597120
2236.1,597162
2236.2,597112
2236.3,597246
2236.4,597104
2236.5,597229
2236.6,597312
2236.7,597376
2236.8,597040
2236.9,597082
2237,597124
2237.1,597189
2237.2,597139
2237.3,597283
2237.4,597255
2237.5,597319
2237.6,597228
2237.7,597002
2237.8,597044
2237.9,597202
2238,597253
2238.1,597203
2238.2,597153
2238.3,597103
2238.4,597374
2238.5,597283
2238.6,597057
2238.7,596913
2238.8,597361
2238.9,597123
2239,597166
2239.1,597230
2239.2,597294
2239.3,597203
2239.4,596976
2239.5,597328
2239.6,597186
2239.7,597139
2239.8,597315
2239.9,597357
2240,597307
2240.1,596946
2240.2,597011
2240.3,597137
2240.4,597335
2240.5,597285
2240.6,597235
2240.7,597277
2240.8,597319
2240.9,597228
2241,597219
2241.1,597397
2241.2,597256
2241.3,597206
2241.4,597248
2241.5,597198
2241.6,597240
2241.7,597263
2241.8,597235
2241.9,597092
2242,597176
2242.1,597126
2242.2,597282
2242.3,597305
2242.4,597347
2242.5,597297
2242.6,597155
2242.7,597238
2242.8,597284
2242.9,597367
2243,597317
2243.1,596956
2243.2,596999
2243.3,596948
2243.4,597167
2243.5,597387
2243.6,597296
2243.7,597379
2243.8,597196
2243.9,597062
2244,597127
2244.1,597344
2244.2,597335
2244.3,597193
2244.4,597124
2244.5,597012
2244.6,596939
2244.7,597097
2244.8,597162
2244.9,597018
2245,597236
2245.1,597301
2245.2,597251
2245.3,597047
2245.4,597089
2245.5,597132
2245.6,597081
2245.7,597146
2245.8,597249
2245.9,597198
2246,597263
2246.1,597059
2246.2,597102
2246.3,597051
2246.4,597000
2246.5,597181
2246.6,597037
2246.7,596987
2246.8,597205
2246.9,597072
2247,597136
2247.1,597086
2247.2,597128
2247.3,596985
2247.4,597050
2247.5,597114
2247.6,596948
2247.7,597199
2247.8,597129
2247.9,597172
2248,597214
2248.1,597205
2248.2,597155
2248.3,597333
2248.4,597375
2248.5,597192
2248.6,597275
2248.7,597298
2248.8,597175
2248.9,597124
2249,597189
2249.1,597139
2249.2,597295
2249.3,597204
2249.4,597287
2249.5,597103
2249.6,597187
2249.7,597136
2249.8,597086
2249.9,597035
2250,597307
2250.1,597257
2250.2,597207
2250.3,597249
2250.4,597221
2250.5,597171
2250.6,597121
2250.7,597163
2250.8,597227
2250.9,597177
2251,597127
2251.1,597375
2251.2,597233
2251.3,596975
2251.4,597017
2251.5,597059
2251.6,597391
2251.7,597189
2251.8,597138
2251.9,597088
2252,597037
2252.1,597217
2252.2,597144
2252.3,597187
2252.4,597136
2252.5,597201
2252.6,597150
2252.7,597329
2252.8,597279
2252.9,597229
2253,597271
2253.1,597106
2253.2,596962
2253.3,597027
2253.4,597162
2253.5,597227
2253.6,597157
2253.7,597241
2253.8,597241
2253.9,597233
2254,597182
2254.1,597224
2254.2,597289
2254.3,597311
2254.4,596993
2254.5,597303
2254.6,597183
2254.7,597152
2254.8,597102
2254.9,597144
2255,597186
2255.1,597135
2255.2,597314
2255.3,597264
2255.4,597195
2255.5,597164
2255.6,597113
2255.7,597063
2255.8,597198
2255.9,597054
2256,597004
2256.1,597184
2256.2,597156
2256.3,597105
2256.4,597208
2256.5,597250
2256.6,597024
2256.7,597242
2256.8,597192
2256.9,597103
2257,597052
2257.1,597232
2257.2,597067
2257.3,597262
2257.4,597036
2257.5,596985
2257.6,597111
2257.7,597331
2257.8,597147
2257.9,597058
2258,597101
2258.1,597143
2258.2,597185
2258.3,597227
2258.4,597260
2258.5,596940
2258.6,597005
2258.7,597070
2258.8,597341
2258.9,597155
2259,597197
2259.1,597053
2259.2,597271
2259.3,597221
2259.4,597212
2259.5,597349
2259.6,597031
2259.7,597281
2259.8,597208
2259.9,597333
2260,597415
2260.1,597274
2260.2,597224
2260.3,597265
2260.4,597043
2260.5,597178
2260.6,597242
2260.7,596983
2260.8,597335
2260.9,597285
2261,597235
2261.1,597299
2261.2,597054
2261.3,597189
2261.4,597139
2261.5,597225
2261.6,597236
2261.7,597319
2261.8,597113
2261.9,597269
2262,597158
2262.1,597015
2262.2,597057
2262.3,597183
2262.4,597094
2262.5,597082
2262.6,597124
2262.7,597281
2262.8,597077
2262.9,597119
2263,597298
2263.1,597134
2263.2,597198
2263.3,597032
2263.4,596959
2263.5,597024
2263.6,596973
2263.7,597131
2263.8,597080
2263.9,597030
2264,597001
2264.1,597251
2264.2,597353
2264.3,597013
2264.4,596984
2264.5,597142
2264.6,597184
2264.7,597134
2264.8,597350
2264.9,597300
2265,597075
2265.1,597200
2265.2,597150
2265.3,597192
2265.4,597080
2265.5,597145
2265.6,597095
2265.7,597044
2265.8,596993
2265.9,597058
2266,597007
2266.1,596956
2266.2,597207
2266.3,597156
2266.4,597106
2266.5,597055
2266.6,597273
2266.7,597223
2266.8,597134
2266.9,597083
2267,597218
2267.1,597168
2267.2,597117
2267.3,597220
2267.4,597417
2267.5,597275
2267.6,597183
2267.7,597095
2267.8,597229
2267.9,597179
2268,597128
2268.1,597078
2268.2,597295
2268.3,597245
2268.4,596925
2268.5,597290
2268.6,597240
2268.7,597056
2268.8,597254
2268.9,597204
2269,597038
2269.1,596987
2269.2,596936
2269.3,597301
2269.4,597117
2269.5,597315
2269.6,597379
2269.7,597030
2269.8,597247
2269.9,597267
2270,597331
2270.1,597106
2270.2,597262
2270.3,597326
2270.4,597298
2270.5,597248
2270.6,596990
2270.7,597010
2270.8,596959
2270.9,597209
2271,597273
2271.1,597131
2271.2,597102
2271.3,597167
2271.4,597001
2271.5,597197
2271.6,597239
2271.7,597105
2271.8,597054
2271.9,597142
2272,596998
2272.1,597178
2272.2,597105
2272.3,597032
2272.4,596981
2272.5,597291
2272.6,596972
2272.7,597098
2272.8,597277
2272.9,597051
2273,597000
2273.1,597043
2273.2,597393
2273.3,597343
2273.4,597293
2273.5,597243
2273.6,597193
2273.7,597257
2273.8,596918
2273.9,596960
2274,597313
2274.1,597262
2274.2,597190
2274.3,597254
2274.4,597204
2274.5,597153
2274.6,596929
2274.7,597282
2274.8,597231
2274.9,597273
2275,597315
2275.1,597265
2275.2,597214
2275.3,597256
2275.4,597342
2275.5,597292
2275.6,597242
2275.7,597284
2275.8,597326
2275.9,597275
2276,597225
2276.1,597267
2276.2,597217
2276.3,597166
2276.4,597116
2276.5,597158
2276.6,597222
2276.7,597223
2276.8,597306
2276.9,597255
2277,597227
2277.1,597084
2277.2,597127
2277.3,597053
2277.4,597210
2277.5,597118
2277.6,597202
2277.7,597152
2277.8,597216
2277.9,597280
2278,597115
2278.1,597157
2278.2,597313
2278.3,597222
2278.4,597171
2278.5,597162
2278.6,597112
2278.7,597291
2278.8,597010
2278.9,597260
2279,597301
2279.1,597365
2279.2,597223
2279.3,597287
2279.4,597237
2279.5,597301
2279.6,597136
2279.7,597156
2279.8,597198
2279.9,597147
2280,597119
2280.1,597183
2280.2,597133
2280.3,597289
2280.4,597217
2280.5,597259
2280.6,597116
2280.7,597158
2280.8,597014
2280.9,596963
2281,597144
2281.1,597278
2281.2,597227
2281.3,597062
2281.4,597165
2281.5,597114
2281.6,597290
2281.7,597220
2281.8,597284
2281.9,597058
2282,597238
2282.1,597072
2282.2,597175
2282.3,597125
2282.4,597392
2282.5,597209
2282.6,597273
2282.7,597069
2282.8,597018
2282.9,597198
2283,597186
2283.1,597319
2283.2,597269
2283.3,597219
2283.4,596992
2283.5,596964
2283.6,597297
2283.7,597246
2283.8,597196
2283.9,597177
2284,597011
2284.1,597054
2284.2,597179
2284.3,597243
2284.4,597039
2284.5,597257
2284.6,597206
2284.7,596980
2284.8,597137
2284.9,597064
2285,596920
2285.1,597253
2285.2,597050
2285.3,597153
2285.4,597194
2285.5,597083
2285.6,597218
2285.7,597097
2285.8,597046
2285.9,597264
2286,597328
2286.1,597182
2286.2,597429
2286.3,597132
2286.4,597196
2286.5,597085
2286.6,596941
2286.7,597274
2286.8,597109
2286.9,597112
2287,597039
2287.1,597257
2287.2,597206
2287.3,597270
2287.4,597220
2287.5,597131
2287.6,597081
2287.7,597123
2287.8,597165
2287.9,597381
2288,597217
2288.1,597105
2288.2,596961
2288.3,597004
2288.4,597276
2288.5,597225
2288.6,597175
2288.7,597277
2288.8,597227
2288.9,597000
2289,597332
2289.1,597014
2289.2,597171
2289.3,597143
2289.4,597092
2289.5,597195
2289.6,597237
2289.7,597187
2289.8,597053
2289.9,597002
2290,597159
2290.1,597131
2290.2,597195
2290.3,596913
2290.4,597317
2290.5,596998
2290.6,597133
2290.7,597082
2290.8,597147
2290.9,597119
2291,597068
2291.1,597110
2291.2,597327
2291.3,597079
2291.4,597236
2291.5,597360
2291.6,597309
2291.7,597167
2291.8,597116
2291.9,597292
2292,597108
2292.1,597204
2292.2,597038
2292.3,597163
2292.4,597269
2292.5,597084
2292.6,597260
2292.7,597302
2292.8,597252
2292.9,596983
2293,597316
2293.1,597266
2293.2,596829
2293.3,597279
2293.4,597207
2293.5,597381
2293.6,597198
2293.7,597147
2293.8,597211
2293.9,597078
2294,597203
2294.1,597245
2294.2,597156
2294.3,597083
2294.4,597093
2294.5,597176
2294.6,597291
2294.7,597088
2294.8,597152
2294.9,597101
2295,597166
2295.1,597000
2295.2,597103
2295.3,597186
2295.4,597094
2295.5,597365
2295.6,597140
2295.7,597410
2295.8,597176
2295.9,596893
2296,597113
2296.1,597288
2296.2,597330
2296.3,597146
2296.4,597242
2296.5,597191
2296.6,597369
2296.7,597319
2296.8,597154
2296.9,596988
2297,597030
2297.1,597187
2297.2,597321
2297.3,597293
2297.4,597265
2297.5,597215
2297.6,597164
2297.7,597206
2297.8,597133
2297.9,597175
2298,597239
2298.1,597394
2298.2,597211
2298.3,597202
2298.4,597358
2298.5,597308
2298.6,597235
2298.7,597185
2298.8,597226
2298.9,597271
2299,597354
2299.1,597304
2299.2,597254
2299.3,597254
2299.4,597245
2299.5,597102
2299.6,597144
2299.7,597186
2299.8,597250
2299.9,597084
2300,597126
2300.1,597168
2300.2,597232
2300.3,597296
2300.4,597246
2300.5,597287
2300.6,597196
2300.7,597279
2300.8,597206
2300.9,597063
2301,597127
2301.1,597076
2301.2,597211
2301.3,597256
2301.4,597122
2301.5,597071
2301.6,597307
2301.7,597165
2301.8,597207
2301.9,597271
2302,597220
2302.1,596974
2302.2,597224
2302.3,597348
2302.4,597203
2302.5,597059
2302.6,597101
2302.7,597051
2302.8,597115
2302.9,597363
2303,597180
2303.1,597244
2303.2,597212
2303.3,597162
2303.4,597111
2303.5,596944
2303.6,597195
2303.7,597144
2303.8,597208
2303.9,597158
2304,597107
2304.1,597171
2304.2,597005
2304.3,597047
2304.4,597204
2304.5,597154
2304.6,597103
2304.7,597145
2304.8,597186
2304.9,597158
2305,597314
2305.1,597149
2305.2,597099
2305.3,597163
2305.4,597205
2305.5,597246
2305.6,597174
2305.7,597238
2305.8,597279
2305.9,597136
2306,597086
2306.1,597035
2306.2,597192
2306.3,597026
2306.4,597161
2306.5,597110
2306.6,597059
2306.7,597184
2306.8,597095
2306.9,597252
2307,597201
2307.1,597128
2307.2,597170
2307.3,597212
2307.4,597068
2307.5,597017
2307.6,597235
2307.7,597146
2307.8,597302
2307.9,597230
2308,597064
2308.1,596897
2308.2,597231
2308.3,597180
2308.4,597244
2308.5,597018
2308.6,597289
2308.7,597239
2308.8,596958
2308.9,597310
2309,597218
2309.1,597301
2309.2,597117
2309.3,597005
2309.4,597162
2309.5,597111
2309.6,597153
2309.7,597102
2309.8,597144
2309.9,597000
2310,597135
2310.1,597084
2310.2,597263
2310.3,597213
2310.4,597047
2310.5,596996
2310.6,597246
2310.7,597287
2310.8,597329
2310.9,597186
2311,597136
2311.1,597085
2311.2,597127
2311.3,597076
2311.4,597210
2311.5,597347
2311.6,597224
2311.7,597173
2311.8,597237
2311.9,597071
2312,596904
2312.1,597155
2312.2,597197
2312.3,597261
2312.4,597118
2312.5,597297
2312.6,597246
2312.7,597081
2312.8,597007
2312.9,597049
2313,596998
2313.1,597040
2313.2,597219
2313.3,597169
2313.4,597306
2313.5,597274
2313.6,597109
2313.7,597058
2313.8,597276
2313.9,597049
2314,597091
2314.1,597156
2314.2,597220
2314.3,597169
2314.4,597118
2314.5,597335
2314.6,597284
2314.7,596965
2314.8,597100
2314.9,597165
2315,597320
2315.1,597178
2315.2,597127
2315.3,597076
2315.4,597025
2315.5,597067
2315.6,597109
2315.7,597151
2315.8,597421
2315.9,597165
2316,597021
2316.1,597063
2316.2,597127
2316.3,597169
2316.4,597211
2316.5,597252
2316.6,597160
2316.7,597151
2316.8,597100
2316.9,597049
2317,597091
2317.1,597248
2317.2,597002
2317.3,597044
2317.4,597394
2317.5,597115
2317.6,597064
2317.7,597106
2317.8,597148
2317.9,597304
2318,597276
2318.1,597206
2318.2,597267
2318.3,597194
2318.4,597143
2318.5,596977
2318.6,597134
2318.7,597084
2318.8,597148
2318.9,597304
2319,597139
2319.1,597295
2319.2,597222
2319.3,597172
2319.4,597121
2319.5,597070
2319.6,597019
2319.7,597268
2319.8,597218
2319.9,597167
2320,597013
2320.1,597158
2320.2,596992
2320.3,597149
2320.4,597005
2320.5,597162
2320.6,597182
2320.7,597131
2320.8,597195
2320.9,597237
2321,597094
2321.1,597043
2321.2,597199
2321.3,597149
2321.4,597075
2321.5,597117
2321.6,596973
2321.7,597108
2321.8,597172
2321.9,597236
2322,597186
2322.1,597227
2322.2,597177
2322.3,597393
2322.4,597228
2322.5,597292
2322.6,597066
2322.7,597108
2322.8,597264
2322.9,597236
2323,597185
2323.1,597112
2323.2,597329
2323.3,597164
2323.4,597145
2323.5,597393
2323.6,597251
2323.7,597336
2323.8,597172
2323.9,597005
2324,597140
2324.1,597089
2324.2,597131
2324.3,597173
2324.4,597145
2324.5,597094
2324.6,596927
2324.7,597238
2324.8,597149
2324.9,597168
2325,597024
2325.1,597089
2325.2,597131
2325.3,597233
2325.4,597067
2325.5,597265
2325.6,597379
2325.7,597329
2325.8,597033
2325.9,596959
2326,597117
2326.1,597043
2326.2,597261
2326.3,597302
2326.4,597159
2326.5,597243
2326.6,597019
2326.7,597154
2326.8,597103
2326.9,597145
2327,596978
2327.1,596988
2327.2,597072
2327.3,597251
2327.4,597200
2327.5,597200
2327.6,597111
2327.7,597245
2327.8,596964
2327.9,597090
2328,597265
2328.1,597215
2328.2,597145
2328.3,597392
2328.4,597075
2328.5,597024
2328.6,596973
2328.7,597191
2328.8,597274
2328.9,597223
2329,597265
2329.1,597173
2329.2,597256
2329.3,597205
2329.4,597154
2329.5,597103
2329.6,597167
2329.7,597209
2329.8,597251
2329.9,597108
2330,596941
2330.1,596983
2330.2,597201
2330.3,597067
2330.4,597109
2330.5,597287
2330.6,597237
2330.7,597093
2330.8,597042
2330.9,597351
2331,597279
2331.1,597053
2331.2,597209
2331.3,597159
2331.4,597223
2331.5,597286
2331.6,597121
2331.7,596954
2331.8,597265
2331.9,597038
2332,596987
2332.1,597029
2332.2,597001
2332.3,597065
2332.4,597014
2332.5,597056
2332.6,597098
2332.7,597047
2332.8,596995
2332.9,597213
2333,597079
2333.1,597258
2333.2,597208
2333.3,597042
2333.4,597198
2333.5,596939
2333.6,596981
2333.7,597023
2333.8,597180
2333.9,596991
2334,596940
2334.1,597159
2334.2,597242
2334.3,597286
2334.4,596967
2334.5,597009
2334.6,597051
2334.7,597185
2334.8,597236
2334.9,597071
2335,597135
2335.1,597084
2335.2,597148
2335.3,597148
2335.4,597244
2335.5,597078
2335.6,597181
2335.7,597264
2335.8,597213
2335.9,597162
2336,597112
2336.1,597340
2336.2,597198
2336.3,597239
2336.4,597189
2336.5,596961
2336.6,597272
2336.7,597221
2336.8,597170
2336.9,597120
2337,597203
2337.1,597152
2337.2,597194
2337.3,597235
2337.4,597235
2337.5,597185
2337.6,597267
2337.7,597217
2337.8,597073
2337.9,597115
2338,597157
2338.1,597199
2338.2,597199
2338.3,597109
2338.4,597212
2338.5,597275
2338.6,597244
2338.7,597078
2338.8,597120
2338.9,597162
2339,597111
2339.1,597472
2339.2,597105
2339.3,597108
2339.4,597188
2339.5,597271
2339.6,597404
2339.7,597354
2339.8,597303
2339.9,597253
2340,597007
2340.1,597071
2340.2,597113
2340.3,596946
2340.4,597049
2340.5,597133
2340.6,597174
2340.7,597330
2340.8,596992
2340.9,597011
2341,596960
2341.1,597178
2341.2,597375
2341.3,597325
2341.4,597252
2341.5,597407
2341.6,597407
2341.7,597090
2341.8,596923
2341.9,597234
2342,597225
2342.1,597247
2342.2,597020
2342.3,596969
2342.4,597219
2342.5,597053
2342.6,597002
2342.7,597136
2342.8,597352
2342.9,597034
2343,597283
2343.1,597255
2343.2,597112
2343.3,597153
2343.4,596987
2343.5,597029
2343.6,597186
2343.7,597135
2343.8,597084
2343.9,597033
2344,597158
2344.1,597199
2344.2,596972
2344.3,596920
2344.4,597149
2344.5,597005
2344.6,597222
2344.7,597286
2344.8,597277
2344.9,597204
2345,597018
2345.1,596999
2345.2,597217
2345.3,597258
2345.4,597208
2345.5,597179
2345.6,597147
2345.7,597189
2345.8,597189
2345.9,597272
2346,597427
2346.1,597244
2346.2,596923
2346.3,597142
2346.4,597203
2346.5,597130
2346.6,597079
2346.7,597027
2346.8,597092
2346.9,597248
2347,597270
2347.1,597197
2347.2,597372
2347.3,597229
2347.4,597064
2347.5,597012
2347.6,597054
2347.7,597211
2347.8,597119
2347.9,597160
2348,597202
2348.1,597151
2348.2,597234
2348.3,597183
2348.4,597132
2348.5,597266
2348.6,597135
2348.7,597145
2348.8,597187
2348.9,597228
2349,597292
2349.1,596972
2349.2,597107
2349.3,597056
2349.4,597005
2349.5,597108
2349.6,597242
2349.7,597191
2349.8,597172
2349.9,597121
2350,597185
2350.1,597249
2350.2,596990
2350.3,597319
2350.4,597135
2350.5,597268
2350.6,597042
2350.7,597084
2350.8,597055
2350.9,597119
2351,596975
2351.1,597110
2351.2,597059
2351.3,597193
2351.4,597142
2351.5,597184
2351.6,597133
2351.7,597174
2351.8,597123
2351.9,597072
2352,597206
2352.1,597063
2352.2,597012
2352.3,597053
2352.4,597118
2352.5,597137
2352.6,597086
2352.7,597127
2352.8,596983
2352.9,597118
2353,597204
2353.1,597246
2353.2,597153
2353.3,597214
2353.4,597233
2353.5,597183
2353.6,597039
2353.7,597196
2353.8,597259
2353.9,597074
2354,597208
2354.1,597342
2354.2,597196
2354.3,597145
2354.4,597094
2354.5,597228
2354.6,597292
2354.7,597222
2354.8,597149
2354.9,597324
2355,597254
2355.1,597181
2355.2,597222
2355.3,597264
2355.4,597305
2355.5,597101
2355.6,597267
2355.7,597194
2355.8,597350
2355.9,597258
2356,597031
2356.1,597166
2356.2,597115
2356.3,597372
2356.4,597115
2356.5,597134
2356.6,597198
2356.7,597125
2356.8,597147
2356.9,597035
2357,597214
2357.1,596932
2357.2,597376
2357.3,597212
2357.4,597161
2357.5,597294
2357.6,597244
2357.7,597266
2357.8,597154
2357.9,596988
2358,597145
2358.1,596978
2358.2,597020
2358.3,597238
2358.4,597187
2358.5,597320
2358.6,597270
2358.7,597311
2358.8,597085
2358.9,597126
2359,597075
2359.1,597024
2359.2,597066
2359.3,597130
2359.4,596963
2359.5,597098
2359.6,597140
2359.7,597089
2359.8,596944
2359.9,597194
2360,597166
2360.1,596977
2360.2,597111
2360.3,597121
2360.4,597182
2360.5,597337
2360.6,597153
2360.7,597309
2360.8,597105
2360.9,597125
2361,597073
2361.1,597240
2361.2,597259
2361.3,597208
2361.4,597454
2361.5,597189
2361.6,597138
2361.7,597354
2361.8,597211
2361.9,597161
2362,596933
2362.1,597243
2362.2,597285
2362.3,597151
2362.4,597100
2362.5,597202
2362.6,597171
2362.7,597234
2362.8,597276
2362.9,597183
2363,597266
2363.1,597196
2363.2,597329
2363.3,597279
2363.4,597247
2363.5,597196
2363.6,597104
2363.7,597393
2363.8,597117
2363.9,597273
2364,597241
2364.1,597282
2364.2,597190
2364.3,596963
2364.4,597314
2364.5,597377
2364.6,597327
2364.7,597254
2364.8,597203
2364.9,597245
2365,597245
2365.1,597286
2365.2,597143
2365.3,597114
2365.4,597248
2365.5,597331
2365.6,597258
2365.7,597165
2365.8,597114
2365.9,597290
2366,597220
2366.1,597261
2366.2,597095
2366.3,597044
2366.4,597128
2366.5,597076
2366.6,597118
2366.7,597160
2366.8,597223
2366.9,597223
2367,597242
2367.1,597233
2367.2,597089
2367.3,597131
2367.4,597080
2367.5,597121
2367.6,597185
2367.7,597204
2367.8,597246
2367.9,597195
2368,597122
2368.1,597185
2368.2,597134
2368.3,597176
2368.4,597331
2368.5,597166
2368.6,597208
2368.7,597249
2368.8,597198
2368.9,597147
2369,597281
2369.1,597096
2369.2,597252
2369.3,597201
2369.4,597170
2369.5,597077
2369.6,597211
2369.7,596890
2369.8,597224
2369.9,597019
2370,597256
2370.1,597205
2370.2,597224
2370.3,597173
2370.4,597306
2370.5,597237
2370.6,597186
2370.7,597249
2370.8,597332
2370.9,597167
2371,597300
2371.1,597000
2371.2,597268
2371.3,597199
2371.4,597262
2371.5,597189
2371.6,597065
2371.7,597199
2371.8,597148
2371.9,597189
2372,597045
2372.1,597202
2372.2,597243
2372.3,597284
2372.4,597077
2372.5,597119
2372.6,597202
2372.7,597058
2372.8,597100
2372.9,597164
2373,597183
2373.1,597224
2373.2,597058
2373.3,597007
2373.4,597256
2373.5,597113
2373.6,597154
2373.7,597218
2373.8,597144
2373.9,597186
2374,597135
2374.1,597084
2374.2,597125
2374.3,597167
2374.4,597189
2374.5,597116
2374.6,597199
2374.7,597032
2374.8,596981
2374.9,596929
2375,597179
2375.1,597313
2375.2,597376
2375.3,597119
2375.4,597160
2375.5,597284
2375.6,597211
2375.7,597160
2375.8,597141
2375.9,597090
2376,597154
2376.1,597173
2376.2,597122
2376.3,597071
2376.4,597112
2376.5,597154
2376.6,597103
2376.7,597051
2376.8,597093
2376.9,597134
2377,597083
2377.1,597195
2377.2,597350
2377.3,597093
2377.4,597064
2377.5,597312
2377.6,597262
2377.7,597281
2377.8,597230
2377.9,597271
2378,597220
2378.1,597261
2378.2,597233
2378.3,597160
2378.4,597108
2378.5,597242
2378.6,597099
2378.7,597140
2378.8,597089
2378.9,597131
2379,597153
2379.1,597194
2379.2,597121
2379.3,597204
2379.4,597153
2379.5,597102
2379.6,597124
2379.7,597165
2379.8,597184
2379.9,597359
2380,597216
2380.1,597165
2380.2,597114
2380.3,597063
2380.4,597197
2380.5,597352
2380.6,597146
2380.7,597136
2380.8,597178
2380.9,597127
2381,597168
2381.1,597209
2381.2,596869
2381.3,597107
2381.4,597149
2381.5,597190
2381.6,597139
2381.7,597046
2381.8,597180
2381.9,597222
2382,597307
2382.1,597367
2382.2,597183
2382.3,597244
2382.4,597151
2382.5,597193
2382.6,597142
2382.7,597297
2382.8,597132
2382.9,597215
2383,597164
2383.1,597297
2383.2,597246
2383.3,597288
2383.4,597145
2383.5,597278
2383.6,597227
2383.7,597176
2383.8,597309
2383.9,597125
2384,597208
2384.1,597157
2384.2,597179
2384.3,597239
2384.4,597147
2384.5,597280
2384.6,597115
2384.7,597220
2384.8,597261
2384.9,597210
2385,596964
2385.1,597406
2385.2,597201
2385.3,597283
2385.4,597324
2385.5,597140
2385.6,597315
2385.7,596976
2385.8,597079
2385.9,597213
2386,597181
2386.1,597130
2386.2,597194
2386.3,597327
2386.4,597327
2386.5,597215
2386.6,596956
2386.7,597174
2386.8,597123
2386.9,597164
2387,597113
2387.1,597247
2387.2,597135
2387.3,597237
2387.4,597186
2387.5,597269
2387.6,597218
2387.7,597351
2387.8,596897
2387.9,597147
2388,597382
2388.1,597218
2388.2,597144
2388.3,597186
2388.4,597032
2388.5,597249
2388.6,596929
2388.7,597261
2388.8,597096
2388.9,597179
2389,597220
2389.1,597147
2389.2,597261
2389.3,596941
2389.4,597406
2389.5,597242
2389.6,597076
2389.7,597025
2389.8,597159
2389.9,597292
2390,597241
2390.1,597190
2390.2,597213
2390.3,597273
2390.4,597222
2390.5,597263
2390.6,597120
2390.7,597069
2390.8,597110
2390.9,597266
2391,597193
2391.1,597234
2391.2,597367
2391.3,597224
2391.4,597173
2391.5,597122
2391.6,597163
2391.7,597112
2391.8,597246
2391.9,597061
2392,597236
2392.1,597277
2392.2,597227
2392.3,597176
2392.4,597217
2392.5,597258
2392.6,597207
2392.7,597156
2392.8,597258
2392.9,596938
2393,597073
2393.1,597321
2393.2,596866
2393.3,597219
2393.4,597053
2393.5,597001
2393.6,597219
2393.7,597199
2393.8,597241
2393.9,597148
2394,597323
2394.1,597116
2394.2,597199
2394.3,597148
2394.4,597281
2394.5,597230
2394.6,597179
2394.7,597128
2394.8,596961
2394.9,597096
2395,597045
2395.1,597179
2395.2,597128
2395.3,597076
2395.4,597140
2395.5,597066
2395.6,597015
2395.7,597057
2395.8,597191
2395.9,597190
2396,597139
2396.1,597222
2396.2,597171
2396.3,597212
2396.4,597253
2396.5,597180
2396.6,597129
2396.7,596985
2396.8,597234
2396.9,597049
2397,597183
2397.1,597151
2397.2,597100
2397.3,597048
2397.4,597112
2397.5,597246
2397.6,597195
2397.7,597328
2397.8,597347
2397.9,597162
2398,597089
2398.1,597079
2398.2,597327
2398.3,597276
2398.4,596976
2398.5,597110
2398.6,597193
2398.7,597120
2398.8,597184
2398.9,597225
2399,597174
2399.1,597215
2399.2,597256
2399.3,597205
2399.4,597039
2399.5,597103
2399.6,597122
2399.7,597144
2399.8,597185
2399.9,597153
2400,596987
2400.1,597204
2400.2,596883
2400.3,597194
2400.4,596967
2400.5,597216
2400.6,597279
2400.7,597114
2400.8,597133
2400.9,597082
2401,597123
2401.1,597187
2401.2,597228
2401.3,597177
2401.4,597196
2401.5,597145
2401.6,597186
2401.7,597319
2401.8,597360
2401.9,597217
2402,597166
2402.1,597022
2402.2,597309
2402.3,597258
2402.4,597277
2402.5,597050
2402.6,597092
2402.7,597248
2402.8,597219
2402.9,596937
2403,597339
2403.1,597020
2403.2,596969
2403.3,597010
2403.4,597052
2403.5,597116
2403.6,597042
2403.7,597083
2403.8,597217
2403.9,597341
2404,596906
2404.1,597331
2404.2,597280
2404.3,597207
2404.4,596980
2404.5,596999
2404.6,597308
2404.7,597390
2404.8,597206
2404.9,596979
2405,597311
2405.1,597238
2405.2,597279
2405.3,597361
2405.4,597177
2405.5,597196
2405.6,597083
2405.7,597391
2405.8,597074
2405.9,597309
2406,597258
2406.1,597207
2406.2,597340
2406.3,597156
2406.4,597289
2406.5,597085
2406.6,597011
2406.7,597136
2406.8,597062
2406.9,597238
2407,596991
2407.1,597033
2407.2,597097
2407.3,597176
2407.4,597218
2407.5,596897
2407.6,597032
2407.7,596980
2407.8,597115
2407.9,597063
2408,597012
2408.1,597229
2408.2,597248
2408.3,597267
2408.4,597062
2408.5,597104
2408.6,597075
2408.7,597116
2408.8,597157
2408.9,596991
2409,597208
2409.1,597341
2409.2,597022
2409.3,597157
2409.4,597220
2409.5,597147
2409.6,597073
2409.7,597114
2409.8,596970
2409.9,597187
2410,597136
2410.1,597001
2410.2,596950
2410.3,597351
2410.4,597103
2410.5,597320
2410.6,597269
2410.7,597218
2410.8,597198
2410.9,597147
2411,597096
2411.1,596928
2411.2,596948
2411.3,597012
2411.4,596960
2411.5,597095
2411.6,597024
2411.7,597177
2411.8,597279
2411.9,596959
2412,597177
2412.1,597310
2412.2,596991
2412.3,597240
2412.4,597258
2412.5,597051
2412.6,597041
2412.7,597236
2412.8,597124
2412.9,597073
2413,597187
2413.1,597136
2413.2,597104
2413.3,597123
2413.4,597072
2413.5,597113
2413.6,597154
2413.7,597218
2413.8,597032
2413.9,597208
2414,597134
2414.1,597083
2414.2,597217
2414.3,597349
2414.4,597165
2414.5,597021
2414.6,597197
2414.7,597030
2414.8,596862
2414.9,596998
2415,597132
2415.1,597195
2415.2,597144
2415.3,597258
2415.4,597227
2415.5,597245
2415.6,597194
2415.7,597143
2415.8,597092
2415.9,597040
2416,597197
2416.1,597123
2416.2,597164
2416.3,597298
2416.4,597205
2416.5,597154
2416.6,597237
2416.7,597185
2416.8,597227
2416.9,597019
2417,597102
2417.1,597028
2417.2,597184
2417.3,597225
2417.4,597380
2417.5,597307
2417.6,597234
2417.7,597091
2417.8,597132
2417.9,597081
2418,597122
2418.1,597163
2418.2,597163
2418.3,597245
2418.4,597172
2418.5,597235
2418.6,597069
2418.7,597111
2418.8,597244
2418.9,597174
2419,597123
2419.1,597068
2419.2,597109
2419.3,597058
2419.4,597192
2419.5,597233
2419.6,597070
2419.7,597131
2419.8,597057
2419.9,597005
2420,597047
2420.1,597088
2420.2,597222
2420.3,597171
2420.4,597100
2420.5,597275
2420.6,597109
2420.7,597150
2420.8,597284
2420.9,597324
2421,597274
2421.1,597295
2421.2,596859
2421.3,597149
2421.4,597282
2421.5,597323
2421.6,597180
2421.7,597129
2421.8,597284
2421.9,597118
2422,597179
2422.1,597179
2422.2,597044
2422.3,596992
2422.4,597127
2422.5,597075
2422.6,597177
2422.7,597310
2422.8,597259
2422.9,597208
2423,597249
2423.1,597290
2423.2,597064
2423.3,597105
2423.4,597239
2423.5,597187
2423.6,597021
2423.7,597238
2423.8,597104
2423.9,597052
2424,597300
2424.1,597186
2424.2,597268
2424.3,597102
2424.4,597236
2424.5,597185
2424.6,597134
2424.7,597267
2424.8,597174
2424.9,597142
2425,597183
2425.1,597132
2425.2,597266
2425.3,597265
2425.4,597328
2425.5,597048
2425.6,597131
2425.7,597079
2425.8,597098
2425.9,597047
2426,597181
2426.1,597295
2426.2,597244
2426.3,597304
2426.4,597211
2426.5,597045
2426.6,597312
2426.7,596857
2426.8,597210
2426.9,597365
2427,597159
2427.1,597241
2427.2,597374
2427.3,597167
2427.4,597301
2427.5,597250
2427.6,597221
2427.7,597147
2427.8,597208
2427.9,597115
2428,597289
2428.1,597197
2428.2,597238
2428.3,597011
2428.4,597052
2428.5,597247
2428.6,597173
2428.7,597122
2428.8,597163
2428.9,597338
2429,596999
2429.1,597041
2429.2,596966
2429.3,597101
2429.4,597142
2429.5,597091
2429.6,597398
2429.7,597080
2429.8,597297
2429.9,597429
2430,596996
2430.1,597213
2430.2,597140
2430.3,597181
2430.4,596953
2430.5,597110
2430.6,597036
2430.7,597294
2430.8,597129
2430.9,597262
2431,597096
2431.1,597344
2431.2,597251
2431.3,597292
2431.4,597127
2431.5,597095
2431.6,597043
2431.7,597177
2431.8,597126
2431.9,597259
2432,597189
2432.1,597137
2432.2,597063
2432.3,597105
2432.4,597238
2432.5,597072
2432.6,597269
2432.7,597218
2432.8,597145
2432.9,597093
2433,597135
2433.1,597268
2433.2,597153
2433.3,597216
2433.4,597257
2433.5,597030
2433.6,597133
2433.7,597285
2433.8,597193
2433.9,597183
2434,597224
2434.1,597246
2434.2,597306
2434.3,597255
2434.4,597181
2434.5,596973
2434.6,597130
2434.7,597171
2434.8,597212
2434.9,597180
2435,597221
2435.1,597353
2435.2,597096
2435.3,597198
2435.4,596970
2435.5,597127
2435.6,597282
2435.7,597075
2435.8,597094
2435.9,597176
2436,597125
2436.1,597166
2436.2,597073
2436.3,597321
2436.4,597248
2436.5,597330
2436.6,597257
2436.7,597206
2436.8,597247
2436.9,597154
2437,597195
2437.1,597214
2437.2,597163
2437.3,597223
2437.4,597286
2437.5,597213
2437.6,597212
2437.7,597367
2437.8,597202
2437.9,597170
2438,597119
2438.1,597252
2438.2,597293
2438.3,597200
2438.4,597149
2438.5,597231
2438.6,597043
2438.7,597084
2438.8,596917
2438.9,597433
2439,597300
2439.1,597249
2439.2,597197
2439.3,597146
2439.4,597165
2439.5,597113
2439.6,597113
2439.7,597196
2439.8,597144
2439.9,597277
2440,597112
2440.1,597153
2440.2,597194
2440.3,597193
2440.4,597161
2440.5,597317
2440.6,597266
2440.7,597192
2440.8,597099
2440.9,597118
2441,597108
2441.1,597242
2441.2,597190
2441.3,597231
2441.4,597272
2441.5,597065
2441.6,597125
2441.7,597074
2441.8,597115
2441.9,597362
2442,597178
2442.1,597238
2442.2,597371
2442.3,597206
2442.4,597154
2442.5,597103
2442.6,597029
2442.7,597185
2442.8,597204
2442.9,597037
2443,596869
2443.1,596934
2443.2,597263
2443.3,596901
2443.4,597036
2443.5,597284
2443.6,597025
2443.7,597067
2443.8,597108
2443.9,597149
2444,597097
2444.1,597231
2444.2,597180
2444.3,597106
2444.4,596939
2444.5,596980
2444.6,597290
2444.7,597330
2444.8,597197
2444.9,597011
2445,597186
2445.1,597020
2445.2,597061
2445.3,597255
2445.4,597236
2445.5,597184
2445.6,597225
2445.7,597059
2445.8,597100
2445.9,597294
2446,597160
2446.1,597201
2446.2,597242
2446.3,597191
2446.4,597117
2446.5,597158
2446.6,597177
2446.7,597126
2446.8,597167
2446.9,597023
2447,597064
2447.1,596990
2447.2,597124
2447.3,597050
2447.4,597267
2447.5,597101
2447.6,597142
2447.7,597297
2447.8,597070
2447.9,597089
2448,597130
2448.1,597172
2448.2,597120
2448.3,597336
2448.4,597110
2448.5,597151
2448.6,597150
2448.7,597118
2448.8,597067
2448.9,596992
2449,597302
2449.1,597075
2449.2,597323
2449.3,597250
2449.4,597198
2449.5,597125
2449.6,597051
2449.7,597092
2449.8,597114
2449.9,597361
2450,597215
2450.1,597164
2450.2,597090
2450.3,597131
2450.4,597080
2450.5,597194
2450.6,597368
2450.7,597203
2450.8,597129
2450.9,597078
2451,597119
2451.1,597160
2451.2,597293
2451.3,597334
2451.4,597168
2451.5,597094
2451.6,597043
2451.7,597177
2451.8,597195
2451.9,597144
2452,597207
2452.1,597041
2452.2,597235
2452.3,597101
2452.4,597027
2452.5,596975
2452.6,597192
2452.7,597233
2452.8,597121
2452.9,597140
2453,596973
2453.1,597374
2453.2,597055
2453.3,597097
2453.4,597138
2453.5,597067
2453.6,597220
2453.7,597261
2453.8,597095
2453.9,597136
2454,597084
2454.1,597032
2454.2,597147
2454.3,597073
2454.4,597318
2454.5,597133
2454.6,597216
2454.7,597256
2454.8,597164
2454.9,597029
2455,597337
2455.1,597264
2455.2,597098
2455.3,597181
2455.4,597088
2455.5,597354
2455.6,596994
2455.7,597344
2455.8,597044
2455.9,597105
2456,597146
2456.1,597187
2456.2,597094
2456.3,597074
2456.4,597176
2456.5,597144
2456.6,597070
2456.7,597318
2456.8,597245
2456.9,596975
2457,597039
2457.1,597275
2457.2,597316
2457.3,597035
2457.4,597169
2457.5,597191
2457.6,597139
2457.7,596972
2457.8,597240
2457.9,597189
2458,597000
2458.1,597134
2458.2,597175
2458.3,597124
2458.4,597145
2458.5,597091
2458.6,597132
2458.7,597173
2458.8,597306
2458.9,597140
2459,597088
2459.1,597130
2459.2,597171
2459.3,596981
2459.4,597023
2459.5,597240
2459.6,597207
2459.7,596938
2459.8,596979
2459.9,597250
2460,597269
2460.1,597103
2460.2,597410
2460.3,597070
2460.4,597018
2460.5,597152
2460.6,597101
2460.7,597234
2460.8,597275
2460.9,597376
2461,597057
2461.1,597098
2461.2,597024
2461.3,597273
2461.4,597065
2461.5,597148
2461.6,597074
2461.7,597230
2461.8,597114
2461.9,597063
2462,597043
2462.1,597237
2462.2,597205
2462.3,597112
2462.4,597287
2462.5,597079
2462.6,596966
2462.7,597007
2462.8,597224
2462.9,597284
2463,597077
2463.1,597252
2463.2,597159
2463.3,597024
2463.4,597180
2463.5,597106
2463.6,597341
2463.7,597134
2463.8,597309
2463.9,597308
2464,597197
2464.1,597030
2464.2,597071
2464.3,597173
2464.4,597214
2464.5,597325
2464.6,597181
2464.7,597069
2464.8,597017
2464.9,597304
2465,597344
2465.1,597157
2465.2,597137
2465.3,597085
2465.4,597187
2465.5,597320
2465.6,597093
2465.7,597019
2465.8,597153
2465.9,597102
2466,597318
2466.1,597184
2466.2,597132
2466.3,597151
2466.4,597170
2466.5,597025
2466.6,597220
2466.7,597168
2466.8,597209
2466.9,596981
2467,597382
2467.1,597331
2467.2,597299
2467.3,597207
2467.4,597133
2467.5,597288
2467.6,597329
2467.7,597058
2467.8,597067
2467.9,597242
2468,597283
2468.1,597076
2468.2,597231
2468.3,597250
2468.4,597218
2468.5,597259
2468.6,597185
2468.7,597134
2468.8,597267
2468.9,597285
2469,597256
2469.1,596975
2469.2,597170
2469.3,597211
2469.4,596983
2469.5,597117
2469.6,597158
2469.7,597199
2469.8,597300
2469.9,597227
2470,597153
2470.1,596808
2470.2,597327
2470.3,597007
2470.4,596839
2470.5,597151
2470.6,597077
2470.7,597252
2470.8,597270
2470.9,597219
2471,597145
2471.1,597167
2471.2,597115
2471.3,597041
2471.4,597308
2471.5,597235
2471.6,597367
2471.7,597090
2471.8,597132
2471.9,597112
2472,596944
2472.1,597232
2472.2,597386
2472.3,596952
2472.4,597148
2472.5,597416
2472.6,597191
2472.7,597210
2472.8,597311
2472.9,597260
2473,596939
2473.1,596958
2473.2,597207
2473.3,597340
2473.4,597040
2473.5,597100
2473.6,597049
2473.7,597182
2473.8,597089
2473.9,597245
2474,596995
2474.1,597345
2474.2,597180
2474.3,597201
2474.4,597012
2474.5,597394
2474.6,597187
2474.7,596981
2474.8,597291
2474.9,597217
2475,597258
2475.1,597185
2475.2,596956
2475.3,597380
2475.4,597215
2475.5,597080
2475.6,597182
2475.7,597447
2475.8,597264
2475.9,597014
2476,597436
2476.1,597118
2476.2,597312
2476.3,597331
2476.4,597011
2476.5,597123
2476.6,597186
2476.7,597227
2476.8,597175
2476.9,597102
2477,597027
2477.1,597161
2477.2,597110
2477.3,597325
2477.4,597099
2477.5,597140
2477.6,597181
2477.7,597177
2477.8,597126
2477.9,597167
2478,597207
2478.1,597156
2478.2,597270
2478.3,597307
2478.4,597215
2478.5,597388
2478.6,597223
2478.7,597130
2478.8,597171
2478.9,597036
2479,597345
2479.1,597426
2479.2,597239
2479.3,597054
2479.4,597229
2479.5,597269
2479.6,597000
2479.7,597217
2479.8,597144
2479.9,597204
2480,597245
2480.1,597285
2480.2,597285
2480.3,597058
2480.4,597274
2480.5,597334
2480.6,597260
2480.7,597168
2480.8,597300
2480.9,597166
2481,597229
2481.1,597330
2481.2,597279
2481.3,597183
2481.4,596955
2481.5,597090
2481.6,597306
2481.7,597194
2481.8,597295
2481.9,597222
2482,597240
2482.1,597105
2482.2,597229
2482.3,596908
2482.4,597158
2482.5,596991
2482.6,597010
2482.7,597051
2482.8,596976
2482.9,597018
2483,597326
2483.1,597122
2483.2,597141
2483.3,597067
2483.4,597108
2483.5,596940
2483.6,597342
2483.7,597138
2483.8,597179
2483.9,597198
2484,597238
2484.1,597072
2484.2,597205
2484.3,597039
2484.4,597080
2484.5,596986
2484.6,597120
2484.7,597253
2484.8,597221
2484.9,597013
2485,597188
2485.1,597210
2485.2,597251
2485.3,597383
2485.4,597310
2485.5,597278
2485.6,597185
2485.7,597359
2485.8,596998
2485.9,597246
2486,597080
2486.1,597274
2486.2,597447
2486.3,597149
2486.4,597282
2486.5,597055
2486.6,597211
2486.7,597290
2486.8,596947
2486.9,597371
2487,597411
2487.1,597163
2487.2,597070
2487.3,597226
2487.4,597079
2487.5,597004
2487.6,597160
2487.7,597293
2487.8,597425
2487.9,597261
2488,597282
2488.1,597342
2488.2,597157
2488.3,597175
2488.4,597308
2488.5,597257
2488.6,597091
2488.7,597243
2488.8,597192
2488.9,597076
2489,597095
2489.1,597158
2489.2,597126
2489.3,597259
2489.4,597208
2489.5,597111
2489.6,597060
2489.7,597078
2489.8,597026
2489.9,597090
2490,597375
2490.1,597302
2490.2,597075
2490.3,597094
2490.4,597196
2490.5,597237
2490.6,597009
2490.7,597318
2490.8,596975
2490.9,597110
2491,597303
2491.1,597230
2491.2,597312
2491.3,597333
2491.4,597107
2491.5,597103
2491.6,597319
2491.7,597153
2491.8,597213
2491.9,597213
2492,597253
2492.1,597141
2492.2,597334
2492.3,596961
2492.4,597137
2492.5,597062
2492.6,597196
2492.7,597103
2492.8,597350
2492.9,597162
2493,597336
2493.1,597171
2493.2,597097
2493.3,597230
2493.4,597229
2493.5,597178
2493.6,597260
2493.7,597278
2493.8,597205
2493.9,597337
2494,597378
2494.1,597213
2494.2,597275
2494.3,597294
2494.4,597128
2494.5,597261
2494.6,597279
2494.7,597113
2494.8,597062
2494.9,597176
2495,597236
2495.1,597162
2495.2,597203
2495.3,597036
2495.4,597345
2495.5,597118
2495.6,597159
2495.7,597085
2495.8,597104
2495.9,597010
2496,597093
2496.1,597134
2496.2,597152
2496.3,597193
2496.4,597119
2496.5,597252
2496.6,597086
2496.7,597012
2496.8,597168
2496.9,597208
2497,597341
2497.1,597359
2497.2,597175
2497.3,597142
2497.4,597068
2497.5,597109
2497.6,597131
2497.7,596995
2497.8,597190
2497.9,597272
2498,597106
2498.1,597125
2498.2,597166
2498.3,597165
2498.4,597030
2498.5,597246
2498.6,597306
2498.7,597233
2498.8,597139
2498.9,597272
2499,597138
2499.1,597201
2499.2,597127
2499.3,597321
2499.4,597361
2499.5,597019
2499.6,597153
2499.7,597102
2499.8,597027
2499.9,597222
2500,597262
2500.1,597395
2500.2,597054
2500.3,597270
2500.4,597043
2500.5,597329
2500.6,597256
2500.7,597182
2500.8,597108
2500.9,597056
2501,597231
2501.1,597252
2501.2,597064
2501.3,597331
2501.4,597216
2501.5,597142
2501.6,596913
2501.7,597223
2501.8,596995
2501.9,597437
2502,597455
2502.1,597269
2502.2,597176
2502.3,597258
2502.4,597050
2502.5,597183
2502.6,597224
2502.7,597243
2502.8,597191
2502.9,597365
2503,597158
2503.1,597199
2503.2,597331
2503.3,597258
2503.4,597226
2503.5,597266
2503.6,597173
2503.7,597214
2503.8,597346
2503.9,597120
2504,597107
2504.1,597240
2504.2,597189
2504.3,597115
2504.4,597267
2504.5,597174
2504.6,597122
2504.7,597163
2504.8,597204
2504.9,597056
2505,597190
2505.1,597323
2505.2,597230
2505.3,597002
2505.4,597043
2505.5,597257
2505.6,597297
2505.7,597338
2505.8,597047
2505.9,597171
2506,597417
2506.1,597344
2506.2,597271
2506.3,597289
2506.4,597062
2506.5,597279
2506.6,597205
2506.7,597337
2506.8,597057
2506.9,597324
2507,597323
2507.1,597291
2507.2,597198
2507.3,597261
2507.4,597298
2507.5,597339
2507.6,597109
2507.7,597057
2507.8,597140
2507.9,597273
2508,597180
2508.1,596991
2508.2,597258
2508.3,597143
2508.4,597091
2508.5,597151
2508.6,597058
2508.7,597214
2508.8,597365
2508.9,597251
2509,597218
2509.1,597259
2509.2,597185
2509.3,597340
2509.4,597225
2509.5,597243
2509.6,597211
2509.7,597137
2509.8,597178
2509.9,597126
2510,597125
2510.1,597105
2510.2,597299
2510.3,597245
2510.4,597193
2510.5,597192
2510.6,597366
2510.7,597365
2510.8,597314
2510.9,597240
2511,597300
2511.1,597227
2511.2,597359
2511.3,597266
2511.4,597307
2511.5,597255
2511.6,597223
2511.7,597222
2511.8,597374
2511.9,596897
2512,597230
2512.1,597156
2512.2,597124
2512.3,597049
2512.4,597161
2512.5,597182
2512.6,597108
2512.7,597034
2512.8,597190
2512.9,597249
2513,597268
2513.1,597194
2513.2,597327
2513.3,597253
2513.4,597180
2513.5,597242
2513.6,597261
2513.7,597168
2513.8,597186
2513.9,597154
2514,597194
2514.1,597327
2514.2,597027
2514.3,597180
2514.4,597179
2514.5,597147
2514.6,597248
2514.7,597113
2514.8,597154
2514.9,597195
2515,597194
2515.1,597162
2515.2,596994
2515.3,597189
2515.4,597169
2515.5,597210
2515.6,597209
2515.7,597176
2515.8,597009
2515.9,597028
2516,596953
2516.1,597263
2516.2,597036
2516.3,597128
2516.4,597210
2516.5,597136
2516.6,597062
2516.7,597195
2516.8,597121
2516.9,597120
2517,597088
2517.1,597395
2517.2,597147
2517.3,596980
2517.4,597114
2517.5,597247
2517.6,597061
2517.7,597099
2517.8,597047
2517.9,597066
2518,597260
2518.1,597125
2518.2,597166
2518.3,597229
2518.4,597040
2518.5,597058
2518.6,597099
2518.7,597118
2518.8,597219
2518.9,597260
2519,597147
2519.1,597073
2519.2,597267
2519.3,597110
2519.4,597234
2519.5,596984
2519.6,597025
2519.7,597181
2519.8,596991
2519.9,597278
2520,597227
2520.1,597153
2520.2,597193
2520.3,597081
2520.4,597099
2520.5,596931
2520.6,597333
2520.7,597168
2520.8,597135
2520.9,597249
2521,597175
2521.1,597155
2521.2,597173
2521.3,597366
2521.4,597140
2521.5,597241
2521.6,596898
2521.7,597147
2521.8,597166
2521.9,597092
2522,597286
2522.1,597212
2522.2,597099
2522.3,597025
2522.4,597117
2522.5,597084
2522.6,597010
2522.7,597204
2522.8,597337
2522.9,597110
2523,597243
2523.1,597192
2523.2,597002
2523.3,597043
2523.4,597238
2523.5,597164
2523.6,597028
2523.7,597069
2523.8,597225
2523.9,597151
2524,597138
2524.1,597002
2524.2,597021
2524.3,597329
2524.4,597370
2524.5,597166
2524.6,596976
2524.7,597285
2524.8,597395
2524.9,597252
2525,597117
2525.1,597065
2525.2,597237
2525.3,597163
2525.4,597204
2525.5,597015
2525.6,597056
2525.7,597097
2525.8,597137
2525.9,597289
2526,596989
2526.1,597348
2526.2,597160
2526.3,597067
2526.4,597222
2526.5,596994
2526.6,597281
2526.7,597185
2526.8,597226
2526.9,597266
2527,597100
2527.1,597233
2527.2,597120
2527.3,597383
2527.4,597042
2527.5,597350
2527.6,597277
2527.7,597050
2527.8,597091
2527.9,597224
2528,597035
2528.1,597076
2528.2,597292
2528.3,596926
2528.4,597083
2528.5,597082
2528.6,597123
2528.7,597183
2528.8,597109
2528.9,597127
2529,597075
2529.1,597074
2529.2,597230
2529.3,597289
2529.4,597368
2529.5,597142
2529.6,597160
2529.7,597086
2529.8,597127
2529.9,597190
2530,597208
2530.1,597134
2530.2,597060
2530.3,597193
2530.4,597119
2530.5,597160
2530.6,597201
2530.7,597393
2530.8,597320
2530.9,597071
2531,597287
2531.1,597327
2531.2,597367
2531.3,597141
2531.4,597160
2531.5,597063
2531.6,596895
2531.7,596842
2531.8,596977
2531.9,597018
2532,597327
2532.1,597364
2532.2,597249
2532.3,597176
2532.4,596947
2532.5,597164
2532.6,597389
2532.7,596932
2532.8,597066
2532.9,597053
2533,597186
2533.1,596958
2533.2,597267
2533.3,597133
2533.4,597265
2533.5,596984
2533.6,597179
2533.7,596950
2533.8,597237
2533.9,597217
2534,597349
2534.1,597184
2534.2,596901
2534.3,597035
2534.4,597230
2534.5,597210
2534.6,597228
2534.7,597249
2534.8,597195
2534.9,597120
2535,597046
2535.1,597180
2535.2,597086
2535.3,597127
2535.4,597187
2535.5,597205
2535.6,597016
2535.7,597057
2535.8,597190
2535.9,597231
2536,597179
2536.1,597197
2536.2,597123
2536.3,597142
2536.4,597160
2536.5,597108
2536.6,597056
2536.7,597190
2536.8,597115
2536.9,597134
2537,597175
2537.1,597007
2537.2,597141
2537.3,597182
2537.4,597088
2537.5,597033
2537.6,597259
2537.7,597093
2537.8,596925
2537.9,597059
2538,597100
2538.1,597121
2538.2,597232
2538.3,597199
2538.4,597125
2538.5,597073
2538.6,597092
2538.7,597091
2538.8,597243
2538.9,597077
2539,597178
2539.1,597311
2539.2,597237
2539.3,597009
2539.4,597257
2539.5,597244
2539.6,597212
2539.7,597211
2539.8,597229
2539.9,597155
2540,597196
2540.1,597154
2540.2,597079
2540.3,597027
2540.4,597046
2540.5,596971
2540.6,596896
2540.7,597330
2540.8,597145
2540.9,597205
2541,597131
2541.1,597149
2541.2,597190
2541.3,597189
2541.4,597229
2541.5,597062
2541.6,597215
2541.7,597141
2541.8,597118
2541.9,597292
2542,597332
2542.1,597372
2542.2,597051
2542.3,597203
2542.4,597088
2542.5,597262
2542.6,597302
2542.7,597209
2542.8,597250
2542.9,597154
2543,597286
2543.1,597437
2543.2,597139
2543.3,597179
2543.4,597353
2543.5,597352
2543.6,597103
2543.7,597388
2543.8,596954
2543.9,597171
2544,597231
2544.1,597054
2544.2,596980
2544.3,597206
2544.4,597215
2544.5,597026
2544.6,597201
2544.7,597333
2544.8,597065
2544.9,597351
2545,597277
2545.1,597358
2545.2,597285
2545.3,597211
2545.4,597210
2545.5,597075
2545.6,597291
2545.7,597217
2545.8,597143
2545.9,597069
2546,596910
2546.1,597160
2546.2,597108
2546.3,597301
2546.4,597342
2546.5,597268
2546.6,597286
2546.7,597152
2546.8,597192
2546.9,597271
2547,597331
2547.1,597238
2547.2,597256
2547.3,597121
2547.4,597337
2547.5,597377
2547.6,597323
2547.7,597363
2547.8,597134
2547.9,597266
2548,597439
2548.1,597233
2548.2,596911
2548.3,597200
2548.4,597125
2548.5,597083
2548.6,597184
2548.7,597358
2548.8,597151
2548.9,597306
2549,597117
2549.1,596981
2549.2,596906
2549.3,597102
2549.4,597143
2549.5,597183
2549.6,597202
2549.7,597220
2549.8,597302
2549.9,597320
2550,597019
2550.1,597153
2550.2,597193
2550.3,597212
2550.4,597045
2550.5,597220
2550.6,597146
2550.7,597164
2550.8,597205
2550.9,597204
2551,597129
2551.1,597189
2551.2,597230
2551.3,597156
2551.4,597288
2551.5,597420
2551.6,597141
2551.7,597334
2551.8,597146
2551.9,596917
2552,597051
2552.1,597092
2552.2,597225
2552.3,597212
2552.4,597138
2552.5,597178
2552.6,597196
2552.7,597061
2552.8,597277
2552.9,596934
2553,596975
2553.1,597303
2553.2,597073
2553.3,597114
2553.4,597155
2553.5,597195
2553.6,596873
2553.7,597047
2553.8,597180
2553.9,597198
2554,597146
2554.1,597072
2554.2,597227
2554.3,597287
2554.4,597057
2554.5,597323
2554.6,597341
2554.7,597268
2554.8,597082
2554.9,596946
2555,597141
2555.1,597252
2555.2,597270
2555.3,597443
2555.4,597144
2555.5,597185
2555.6,597164
2555.7,597068
2555.8,597086
2555.9,597105
2556,597206
2556.1,597338
2556.2,597019
2556.3,597130
2556.4,597056
2556.5,597074
2556.6,597268
2556.7,597194
2556.8,596965
2556.9,597306
2557,597076
2557.1,597043
2557.2,597062
2557.3,597102
2557.4,597028
2557.5,597161
2557.6,597294
2557.7,597128
2557.8,597146
2557.9,597187
2558,597112
2558.1,597223
2558.2,596859
2558.3,597109
2558.4,597211
2558.5,597229
2558.6,597380
2558.7,597288
2558.8,597038
2558.9,597079
2559,596888
2559.1,597084
2559.2,597217
2559.3,597235
2559.4,597100
2559.5,597407
2559.6,597181
2559.7,596992
2559.8,597278
2559.9,597297
2560,597162
2560.1,597203
2560.2,597035
2560.3,597169
2560.4,597301
2560.5,597113
2560.6,597224
2560.7,597172
2560.8,597304
2560.9,597345
2561,597022
2561.1,597175
2561.2,597307
2561.3,597234
2561.4,597160
2561.5,597314
2561.6,597199
2561.7,597217
2561.8,597143
2561.9,597295
2562,597129
2562.1,597169
2562.2,597261
2562.3,597301
2562.4,597144
2562.5,597131
2562.6,597305
2562.7,597097
2562.8,596961
2562.9,597095
2563,597113
2563.1,597193
2563.2,597366
2563.3,597159
2563.4,597292
2563.5,597042
2563.6,597175
2563.7,597216
2563.8,597294
2563.9,597335
2564,596970
2564.1,597104
2564.2,597237
2564.3,597277
2564.4,597203
2564.5,597107
2564.6,597147
2564.7,597073
2564.8,597072
2564.9,597338
2565,597265
2565.1,597191
2565.2,597209
2565.3,597227
2565.4,597246
2565.5,597174
2565.6,597193
2565.7,597252
2565.8,597159
2565.9,597062
2566,597173
2566.1,597099
2566.2,597273
2566.3,597026
2566.4,597313
2566.5,597331
2566.6,597257
2566.7,597317
2566.8,597448
2566.9,596995
2567,597168
2567.1,597278
2567.2,597028
2567.3,597245
2567.4,597263
2567.5,597035
2567.6,597076
2567.7,597187
2567.8,597090
2567.9,597398
2568,597056
2568.1,597250
2568.2,597230
2568.3,597248
2568.4,597267
2568.5,597193
2568.6,597118
2568.7,597159
2568.8,597291
2568.9,597310
2569,597143
2569.1,597069
2569.2,596994
2569.3,596897
2569.4,597031
2569.5,597072
2569.6,597227
2569.7,597038
2569.8,597232
2569.9,597043
2570,597218
2570.1,597217
2570.2,597349
2570.3,597389
2570.4,597201
2570.5,597242
2570.6,597279
2570.7,597186
2570.8,597226
2570.9,597399
2571,597212
2571.1,597230
2571.2,597156
2571.3,597155
2571.4,597122
2571.5,597048
2571.6,597203
2571.7,597221
2571.8,597125
2571.9,597144
2572,596976
2572.1,597110
2572.2,597057
2572.3,597191
2572.4,597094
2572.5,597093
2572.6,597419
2572.7,597254
2572.8,597294
2572.9,597160
2573,597444
2573.1,597081
2573.2,597297
2573.3,597109
2573.4,597149
2573.5,597282
2573.6,597147
2573.7,597165
2573.8,597152
2573.9,597192
2574,597118
2574.1,597384
2574.2,597001
2574.3,597134
2574.4,597327
2574.5,597254
2574.6,597335
2574.7,597220
2574.8,596969
2574.9,597103
2575,597297
2575.1,597356
2575.2,597056
2575.3,597074
2575.4,597341
2575.5,597226
2575.6,597113
2575.7,597192
2575.8,597343
2575.9,597178
2576,597310
2576.1,597195
2576.2,597235
2576.3,597007
2576.4,597201
2576.5,597239
2576.6,597279
2576.7,597256
2576.8,597204
2576.9,597244
2577,597263
2577.1,597166
2577.2,597299
2577.3,597317
2577.4,597151
2577.5,597233
2577.6,596963
2577.7,597158
2577.8,597154
2577.9,597018
2578,597254
2578.1,597294
2578.2,597201
2578.3,597104
2578.4,597256
2578.5,597388
2578.6,597201
2578.7,597126
2578.8,597125
2578.9,597299
2579,597225
2579.1,597335
2579.2,597128
2579.3,597188
2579.4,597094
2579.5,597246
2579.6,596976
2579.7,597263
2579.8,597231
2579.9,597115
2580,597156
2580.1,597174
2580.2,597214
2580.3,596963
2580.4,597270
2580.5,597288
2580.6,596987
2580.7,597120
2580.8,597078
2580.9,597118
2581,597197
2581.1,597349
2581.2,597141
2581.3,597407
2581.4,597200
2581.5,597157
2581.6,597198
2581.7,597031
2581.8,597317
2581.9,597128
2582,597353
2582.1,597084
2582.2,597259
2582.3,597070
2582.4,597203
2582.5,597014
2582.6,597147
2582.7,597165
2582.8,597206
2582.9,596997
2583,597264
2583.1,597282
2583.2,597186
2583.3,597019
2583.4,597175
2583.5,597100
2583.6,597385
2583.7,597044
2583.8,597062
2583.9,597256
2584,597316
2584.1,597222
2584.2,596878
2584.3,597167
2584.4,597185
2584.5,597225
2584.6,597170
2584.7,597076
2584.8,597209
2584.9,596981
2585,597154
2585.1,597213
2585.2,597139
2585.3,597179
2585.4,597312
2585.5,597196
2585.6,597215
2585.7,597182
2585.8,596992
2585.9,597033
2586,597166
2586.1,597185
2586.2,597298
2586.3,597109
2586.4,597169
2586.5,597362
2586.6,597020
2586.7,597038
2586.8,597130
2586.9,597078
2587,597230
2587.1,597156
2587.2,596966
2587.3,597100
2587.4,597325
2587.5,597139
2587.6,597199
2587.7,597009
2587.8,597143
2587.9,597046
2588,597045
2588.1,597127
2588.2,597145
2588.3,597164
2588.4,597111
2588.5,597222
2588.6,597106
2588.7,597147
2588.8,596979
2588.9,597225
2589,597035
2589.1,597054
2589.2,597187
2589.3,597020
2589.4,597153
2589.5,597193
2589.6,597097
2589.7,597115
2589.8,597226
2589.9,597174
2590,597058
2590.1,597232
2590.2,597231
2590.3,597042
2590.4,597267
2590.5,597079
2590.6,597119
2590.7,597044
2590.8,597024
2590.9,597196
2591,597306
2591.1,597232
2591.2,597158
2591.3,597176
2591.4,597216
2591.5,597081
2591.6,597275
2591.7,597201
2591.8,597238
2591.9,597145
2592,597185
2592.1,597409
2592.2,597221
2592.3,597054
2592.4,597073
2592.5,597247
2592.6,597265
2592.7,597283
2592.8,597190
2592.9,597250
2593,597061
2593.1,597194
2593.2,597119
2593.3,597344
2593.4,597384
2593.5,597310
2593.6,597102
2593.7,597162
2593.8,597181
2593.9,597179
2594,597312
2594.1,597371
2594.2,597205
2594.3,597109
2594.4,597127
2594.5,597351
2594.6,597185
2594.7,597184
2594.8,597132
2594.9,597170
2595,597302
2595.1,597072
2595.2,597132
2595.3,597172
2595.4,597304
2595.5,597097
2595.6,597249
2595.7,597152
2595.8,597171
2595.9,597211
2596,597343
2596.1,597269
2596.2,597379
2596.3,597057
2596.4,597231
2596.5,597157
2596.6,597083
2596.7,597330
2596.8,596984
2596.9,597322
2597,597156
2597.1,597196
2597.2,597122
2597.3,597140
2597.4,597139
2597.5,597249
2597.6,597060
2597.7,597235
2597.8,597026
2597.9,597179
2598,597178
2598.1,597125
2598.2,597277
2598.3,597295
2598.4,597087
2598.5,597220
2598.6,597238
2598.7,597278
2598.8,597112
2598.9,597057
2599,597168
2599.1,597093
2599.2,597318
2599.3,597152
2599.4,597265
2599.5,597118
2599.6,597136
2599.7,597247
2599.8,597131
2599.9,597213
2600,597212
2600.1,597064
2600.2,597175
2600.3,596985
2600.4,597211
2600.5,597159
2600.6,597238
2600.7,597125
2600.8,597028
2600.9,597046
2601,597272
2601.1,597105
2601.2,597123
2601.3,597256
2601.4,597067
2601.5,597085
2601.6,597104
2601.7,597297
2601.8,597315
2601.9,597088
2602,597221
2602.1,597031
2602.2,597027
2602.3,597068
2602.4,597262
2602.5,597034
2602.6,597167
2602.7,597258
2602.8,597162
2602.9,597221
2603,597147
2603.1,597072
2603.2,597297
2603.3,596818
2603.4,597314
2603.5,597240
2603.6,597051
2603.7,597204
2603.8,597222
2603.9,597335
2604,597261
2604.1,597187
2604.2,597338
2604.3,597150
2604.4,597149
2604.5,597167
2604.6,597207
2604.7,597267
2604.8,597078
2604.9,597096
2605,597229
2605.1,597020
2605.2,597195
2605.3,597327
2605.4,597139
2605.5,597042
2605.6,597175
2605.7,597285
2605.8,597119
2605.9,597273
2606,597085
2606.1,597195
2606.2,597388
2606.3,597139
2606.4,597157
2606.5,597198
2606.6,597123
2606.7,597141
2606.8,597274
2606.9,597270
2607,597103
2607.1,597144
2607.2,597276
2607.3,597180
2607.4,597198
2607.5,597216
2607.6,597027
2607.7,597067
2607.8,597086
2607.9,597084
2608,597237
2608.1,597006
2608.2,597158
2608.3,597106
2608.4,597239
2608.5,597123
2608.6,597080
2608.7,597067
2608.8,597127
2608.9,597052
2609,597185
2609.1,597184
2609.2,597407
2609.3,597261
2609.4,597165
2609.5,596997
2609.6,597016
2609.7,597149
2609.8,597033
2609.9,597280
2610,597226
2610.1,597036
2610.2,597169
2610.3,597095
2610.4,597206
2610.5,597268
2610.6,597172
2610.7,597190
2610.8,597208
2610.9,597226
2611,597266
2611.1,597150
2611.2,597324
2611.3,597136
2611.4,597154
2611.5,597286
2611.6,597171
2611.7,597230
2611.8,597362
2611.9,597174
2612,597192
2612.1,597076
2612.2,597206
2612.3,597020
2612.4,597153
2612.5,597285
2612.6,597345
2612.7,597341
2612.8,596956
2612.9,597151
2613,597077
2613.1,596940
2613.2,597228
2613.3,597337
2613.4,597171
2613.5,597231
2613.6,597249
2613.7,597155
2613.8,597288
2613.9,597284
2614,597210
2614.1,597269
2614.2,597309
2614.3,597194
2614.4,597234
2614.5,597230
2614.6,597175
2614.7,597101
2614.8,597026
2614.9,597159
2615,597291
2615.1,596906
2615.2,597235
2615.3,597161
2615.4,597179
2615.5,597197
2615.6,597216
2615.7,597100
2615.8,597252
2615.9,597085
2616,597103
2616.1,597006
2616.2,597232
2616.3,597138
2616.4,597156
2616.5,597082
2616.6,597100
2616.7,597025
2616.8,597136
2616.9,597360
2617,597287
2617.1,597254
2617.2,597158
2617.3,597176
2617.4,597194
2617.5,597119
2617.6,597252
2617.7,597178
2617.8,597103
2617.9,597214
2618,597118
2618.1,597158
2618.2,597198
2618.3,597124
2618.4,597122
2618.5,597025
2618.6,597159
2618.7,597196
2618.8,597144
2618.9,597276
2619,597161
2619.1,597179
2619.2,597289
2619.3,597234
2619.4,597067
2619.5,597200
2619.6,596991
2619.7,596854
2619.8,597327
2619.9,597139
2620,597179
2620.1,597311
2620.2,597122
2620.3,597255
2620.4,597098
2620.5,597291
2620.6,597102
2620.7,597235
2620.8,597161
2620.9,597003
2621,597158
2621.1,597145
2621.2,597296
2621.3,597181
2621.4,597199
2621.5,597156
2621.6,596988
2621.7,597183
2621.8,597334
2621.9,597146
2622,597145
2622.1,597255
2622.2,597295
2622.3,596952
2622.4,597239
2622.5,597165
2622.6,597297
2622.7,597293
2622.8,597219
2622.9,596990
2623,597185
2623.1,597203
2623.2,597106
2623.3,597063
2623.4,596895
2623.5,597029
2623.6,597428
2623.7,597065
2623.8,597083
2623.9,597194
2624,597120
2624.1,597160
2624.2,597085
2624.3,597104
2624.4,597214
2624.5,597118
2624.6,597250
2624.7,597351
2624.8,597082
2624.9,597100
2625,597211
2625.1,597021
2625.2,597196
2625.3,597236
2625.4,597120
2625.5,597272
2625.6,597290
2625.7,597101
2625.8,597027
2625.9,597160
2626,597178
2626.1,597310
2626.2,597195
2626.3,597120
2626.4,597158
2626.5,597198
2626.6,597123
2626.7,597215
2626.8,597233
2626.9,597270
2627,597061
2627.1,597121
2627.2,597139
2627.3,597364
2627.4,596980
2627.5,597288
2627.6,597214
2627.7,597210
2627.8,597136
2627.9,597246
2628,597194
2628.1,597234
2628.2,597138
2628.3,597175
2628.4,597174
2628.5,597077
2628.6,597118
2628.7,597177
2628.8,597331
2628.9,597194
2629,597120
2629.1,597138
2629.2,597156
2629.3,597215
2629.4,597328
2629.5,597117
2629.6,597269
2629.7,597287
2629.8,597327
2629.9,597139
2630,597045
2630.1,597001
2630.2,597288
2630.3,597038
2630.4,597210
2630.5,597157
2630.6,597175
2630.7,597308
2630.8,597325
2630.9,597321
2631,596979
2631.1,597265
2631.2,597191
2631.3,597148
2631.4,597189
2631.5,596999
2631.6,597017
2631.7,597035
2631.8,597251
2631.9,597155
2632,597112
2632.1,597152
2632.2,597231
2632.3,597042
2632.4,597267
2632.5,597017
2632.6,597242
2632.7,597229
2632.8,597288
2632.9,597306
2633,597232
2633.1,597342
2633.2,597227
2633.3,596976
2633.4,597304
2633.5,597096
2633.6,597092
2633.7,597132
2633.8,597089
2633.9,597222
2634,597093
2634.1,597246
2634.2,597263
2634.3,597148
2634.4,597144
2634.5,597008
2634.6,597316
2634.7,597220
2634.8,596969
2634.9,597256
2635,597182
2635.1,597107
2635.2,597353
2635.3,597143
2635.4,597295
2635.5,597179
2635.6,597239
2635.7,597257
2635.8,597163
2635.9,597088
2636,597199
2636.1,597237
2636.2,597028
2636.3,597294
2636.4,597220
2636.5,596833
2636.6,597215
2636.7,597118
2636.8,597178
2636.9,597196
2637,597122
2637.1,597213
2637.2,596961
2637.3,597073
2637.4,597174
2637.5,597100
2637.6,597118
2637.7,597250
2637.8,597093
2637.9,597079
2638,597231
2638.1,597157
2638.2,597267
2638.3,597174
2638.4,597284
2638.5,597117
2638.6,597020
2638.7,597080
2638.8,597191
2638.9,597323
2639,597207
2639.1,597247
2639.2,597151
2639.3,597211
2639.4,597114
2639.5,597132
2639.6,597356
2639.7,597149
2639.8,597281
2639.9,597092
2640,597110
2640.1,597335
2640.2,597352
2640.3,597279
2640.4,597204
2640.5,597200
2640.6,596949
2640.7,597236
2640.8,597409
2640.9,597202
2641,596951
2641.1,597352
2641.2,597256
2641.3,597098
2641.4,597292
2641.5,597125
2641.6,597258
2641.7,597389
2641.8,597025
2641.9,597403
2642,597123
2642.1,597275
2642.2,597159
2642.3,597291
2642.4,597195
2642.5,597305
2642.6,597138
2642.7,597176
2642.8,597216
2642.9,597193
2643,597057
2643.1,597053
2643.2,597154
2643.3,597306
2643.4,597075
2643.5,597208
2643.6,597050
2643.7,597244
2643.8,597189
2643.9,596980
2644,597225
2644.1,597016
2644.2,597242
2644.3,597282
2644.4,597093
2644.5,597152
2644.6,597263
2644.7,597166
2644.8,597257
2644.9,597297
2645,597242
2645.1,597053
2645.2,597278
2645.3,597182
2645.4,597066
2645.5,597312
2645.6,597238
2645.7,597142
2645.8,597160
2645.9,597178
2646,597288
2646.1,597214
2646.2,597078
2646.3,597157
2646.4,597175
2646.5,597305
2646.6,597138
2646.7,597271
2646.8,597289
2646.9,597195
2647,597191
2647.1,597187
2647.2,597227
2647.3,597286
2647.4,597193
2647.5,597211
2647.6,597114
2647.7,597316
2647.8,597150
2647.9,597168
2648,597093
2648.1,597204
2648.2,597068
2648.3,597086
2648.4,597011
2648.5,597389
2648.6,597315
2648.7,597066
2648.8,597291
2648.9,597009
2649,597295
2649.1,597106
2649.2,596854
2649.3,597196
2649.4,597214
2649.5,597178
2649.6,597104
2649.7,597122
2649.8,597274
2649.9,597158
2650,597022
2650.1,597155
2650.2,597142
2650.3,597271
2650.4,597197
2650.5,597173
2650.6,597130
2650.7,597231
2650.8,597249
2650.9,597153
2651,597171
2651.1,597322
2651.2,597299
2651.3,597339
2651.4,597356
2651.5,596992
2651.6,597278
2651.7,597182
2651.8,597222
2651.9,596993
2652,597280
2652.1,597184
2652.2,597202
2652.3,597044
2652.4,597238
2652.5,597255
2652.6,597295
2652.7,597221
2652.8,597063
2652.9,597059
2653,596984
2653.1,597271
2653.2,597402
2653.3,597061
2653.4,596963
2653.5,597189
2653.6,597360
2653.7,597399
2653.8,597036
2653.9,597169
2654,597165
2654.1,597266
2654.2,597191
2654.3,597229
2654.4,597247
2654.5,597245
2654.6,596994
2654.7,597281
2654.8,597318
2654.9,597110
2655,597242
2655.1,597146
2655.2,597010
2655.3,597182
2655.4,597241
2655.5,597259
2655.6,597163
2655.7,597254
2655.8,597118
2655.9,597311
2656,597348
2656.1,597233
2656.2,597251
2656.3,597000
2656.4,597134
2656.5,597152
2656.6,597055
2656.7,597248
2656.8,597244
2656.9,597376
2657,596918
2657.1,596959
2657.2,596977
2657.3,597264
2657.4,596897
2657.5,597391
2657.6,597049
2657.7,596974
2657.8,597107
2657.9,597010
2658,597121
2658.1,597117
2658.2,596949
2658.3,597350
2658.4,597123
2658.5,597026
2658.6,597022
2658.7,597017
2658.8,597151
2658.9,597076
2659,597116
2659.1,597226
2659.2,597130
2659.3,597055
2659.4,597341
2659.5,597358
2659.6,597109
2659.7,597149
2659.8,597145
2659.9,597048
2660,597242
2660.1,597167
2660.2,597185
2660.3,597142
2660.4,597275
2660.5,597178
2660.6,597196
2660.7,597275
2660.8,597025
2660.9,597250
2661,597092
2661.1,597286
2661.2,597097
2661.3,597115
2661.4,597133
2661.5,597357
2661.6,597169
2661.7,597187
2661.8,597173
2661.9,596899
2662,597301
2662.1,597144
2662.2,597450
2662.3,597109
2662.4,597012
2662.5,597030
2662.6,597141
2662.7,597159
2662.8,597084
2662.9,597217
2663,596911
2663.1,597291
2663.2,596925
2663.3,597152
2663.4,597192
2663.5,597095
2663.6,597228
2663.7,597131
2663.8,597149
2663.9,597074
2664,597207
2664.1,597133
2664.2,597243
2664.3,597261
2664.4,597049
2664.5,596974
2664.6,597261
2664.7,597033
2664.8,597144
2664.9,597047
2665,597042
2665.1,597350
2665.2,597162
2665.3,596910
2665.4,597403
2665.5,597155
2665.6,597058
2665.7,597076
2665.8,597094
2665.9,597019
2666,597037
2666.1,597262
2666.2,597188
2666.3,597266
2666.4,597417
2666.5,597188
2666.6,597298
2666.7,597048
2666.8,597088
2666.9,597373
2667,597277
2667.1,597203
2667.2,597160
2667.3,597270
2667.4,597196
2667.5,597099
2667.6,597270
2667.7,597288
2667.8,597038
2667.9,597263
2668,597189
2668.1,597092
2668.2,597017
2668.3,597013
2668.4,597031
2668.5,597225
2668.6,597243
2668.7,597374
2668.8,597010
2668.9,597388
2669,597024
2669.1,597218
2669.2,597257
2669.3,597007
2669.4,597025
2669.5,596927
2669.6,597039
2669.7,597118
2669.8,597250
2669.9,597268
2670,597133
2670.1,597036
2670.2,597147
2670.3,596956
2670.4,596975
2670.5,597086
2670.6,597065
2670.7,596851
2670.8,597140
2670.9,597332
2671,597350
2671.1,597008
2671.2,597233
2671.3,597229
2671.4,597040
2671.5,596942
2671.6,597475
2671.7,597247
2671.8,596996
2671.9,597244
2672,597055
2672.1,597318
2672.2,596975
2672.3,597087
2672.4,597104
2672.5,597061
2672.6,597233
2672.7,597158
2672.8,597061
2672.9,597079
2673,597097
2673.1,597230
2673.2,596979
2673.3,597173
2673.4,597169
2673.5,597187
2673.6,596935
2673.7,597223
2673.8,597087
2673.9,596896
2674,597069
2674.1,597294
2674.2,597137
2674.3,597062
2674.4,597080
2674.5,597159
2674.6,596790
2674.7,597265
2674.8,597213
2674.9,597116
2675,596886
2675.1,596997
2675.2,597016
2675.3,597011
2675.4,597205
2675.5,597131
2675.6,597149
2675.7,597281
2675.8,597277
2675.9,597026
2676,597106
2676.1,597124
2676.2,597256
2676.3,597005
2676.4,596907
2676.5,597265
2676.6,597098
2676.7,597383
2676.8,597134
2676.9,596976
2677,597202
2677.1,597188
2677.2,597206
2677.3,597284
2677.4,597127
2677.5,597145
2677.6,597009
2677.7,597181
2677.8,596991
2677.9,597277
2678,597387
2678.1,597313
2678.2,597156
2678.3,596904
2678.4,597099
2678.5,597002
2678.6,597020
2678.7,597337
2678.8,596930
2678.9,597012
2679,597184
2679.1,597202
2679.2,597312
2679.3,597062
2679.4,596987
2679.5,597120
2679.6,596907
2679.7,597195
2679.8,597191
2679.9,597322
2680,597134
2680.1,597152
2680.2,596922
2680.3,596918
2680.4,596936
2680.5,597140
2680.6,597241
2680.7,597259
2680.8,597008
2680.9,597180
2681,597022
2681.1,596947
2681.2,597141
2681.3,597159
2681.4,597269
2681.5,597173
2681.6,597283
2681.7,597094
2681.8,597379
2681.9,597037
2682,597170
2682.1,597166
2682.2,596914
2682.3,597201
2682.4,597219
2682.5,597237
2682.6,597255
2682.7,597004
2682.8,597000
2682.9,597079
2683,597190
2683.1,597115
2683.2,597133
2683.3,597182
2683.4,597015
2683.5,597301
2683.6,597205
2683.7,597222
2683.8,596855
2683.9,597082
2684,597122
2684.1,596909
2684.2,596928
2684.3,597215
2684.4,597325
2684.5,597055
2684.6,597093
2684.7,597018
2684.8,597282
2684.9,597093
2685,597142
2685.1,597068
2685.2,596876
2685.3,597126
2685.4,597297
2685.5,597292
2685.6,597310
2685.7,596967
2685.8,597254
2685.9,597118
2686,597021
2686.1,597193
2686.2,597128
2686.3,597053
2686.4,596977
2686.5,597111
2686.6,597106
2686.7,597009
2686.8,597120
2686.9,597023
2687,597156
2687.1,597039
2687.2,597057
2687.3,597075
2687.4,596978
2687.5,597306
2687.6,597209
2687.7,597074
2687.8,597298
2687.9,597294
2688,597105
2688.1,597030
2688.2,597202
2688.3,596951
2688.4,597177
2688.5,596945
2688.6,597190
2688.7,597269
2688.8,597287
2688.9,597129
2689,597147
2689.1,597165
2689.2,596881
2689.3,597015
2689.4,597279
2689.5,597029
2689.6,597140
2689.7,597045
2689.8,597236
2689.9,597254
2690,597272
2690.1,597021
2690.2,596997
2690.3,597015
2690.4,596960
2690.5,597132
2690.6,596880
2690.7,596992
2690.8,597278
2690.9,597318
2691,597068
2691.1,597331
2691.2,597143
2691.3,596984
2691.4,597270
2691.5,597196
2691.6,596945
2691.7,597232
2691.8,597227
2691.9,596976
2692,597149
2692.1,597012
2692.2,597206
2692.3,597202
2692.4,597198
2692.5,597194
2692.6,597119
2692.7,597137
2692.8,597155
2692.9,597018
2693,597129
2693.1,597094
2693.2,597111
2693.3,597036
2693.4,597147
2693.5,597011
2693.6,597275
2693.7,597179
2693.8,597104
2693.9,597122
2694,597140
2694.1,596981
2694.2,596977
2694.3,597056
2694.4,597250
2694.5,597092
2694.6,597088
2694.7,596951
2694.8,597238
2694.9,597049
2695,597066
2695.1,597062
2695.2,597102
2695.3,596943
2695.4,596961
2695.5,597041
2695.6,597327
2695.7,597322
2695.8,597072
2695.9,597183
2696,596954
2696.1,597371
2696.2,597183
2696.3,597201
2696.4,597043
2696.5,597061
2696.6,597254
2696.7,597119
2696.8,597175
2696.9,597285
2697,596919
2697.1,597207
2697.2,596978
2697.3,597264
2697.4,597168
2697.5,597164
2697.6,597273
2697.7,597291
2697.8,597217
2697.9,597235
2698,597138
2698.1,597248
2698.2,597244
2698.3,597169
2698.4,597187
2698.5,597205
2698.6,597162
2698.7,597158
2698.8,596967
2698.9,597254
2699,597158
2699.1,597289
2699.2,597399
2699.3,597303
2699.4,597207
2699.5,597132
2699.6,597262
2699.7,597053
2699.8,597009
2699.9,597098
2700,597177
2700.1,597195
2700.2,597098
2700.3,597116
2700.4,597072
2700.5,596997
2700.6,597169
2700.7,597072
2700.8,597316
2700.9,597201
2701,597157
2701.1,597350
2701.2,597139
2701.3,597157
2701.4,597060
2701.5,597078
2701.6,597303
2701.7,596937
2701.8,597316
2701.9,597353
2702,597257
2702.1,597141
2702.2,597159
2702.3,597218
2702.4,597308
2702.5,597254
2702.6,597249
2702.7,597133
2702.8,597036
2702.9,597302
2703,597301
2703.1,597224
2703.2,597200
2703.3,597196
2703.4,597006
2703.5,597273
2703.6,597157
2703.7,597267
2703.8,597056
2703.9,597208
2704,597225
2704.1,597243
2704.2,597034
2704.3,597145
2704.4,597255
2704.5,597158
2704.6,597103
2704.7,597121
2704.8,597345
2704.9,597054
2705,597317
2705.1,597243
2705.2,597053
2705.3,597184
2705.4,597067
2705.5,597024
2705.6,597103
2705.7,597140
2705.8,597158
2705.9,597061
2706,597194
2706.1,597281
2706.2,597188
2706.3,597132
2706.4,597035
2706.5,597053
2706.6,597164
2706.7,597232
2706.8,597003
2706.9,597061
2707,597079
2707.1,596981
2707.2,597092
2707.3,597110
2707.4,597169
2707.5,597072
2707.6,597090
2707.7,597086
2707.8,597196
2707.9,597122
2708,597005
2708.1,597179
2708.2,597153
2708.3,597171
2708.4,597147
2708.5,597206
2708.6,597224
2708.7,597200
2708.8,597218
2708.9,597347
2709,597273
2709.1,597084
2709.2,597102
2709.3,597100
2709.4,596980
2709.5,597225
2709.6,597304
2709.7,597321
2709.8,597071
2709.9,597089
2710,597065
2710.1,597061
2710.2,597121
2710.3,597116
2710.4,597134
2710.5,597133
2710.6,597089
2710.7,597188
2710.8,597205
2710.9,597108
2711,597126
2711.1,597236
2711.2,597213
2711.3,597023
2711.4,596967
2711.5,597346
2711.6,597096
2711.7,596999
2711.8,597430
2711.9,597128
2712,597030
2712.1,597026
2712.2,596951
2712.3,597062
2712.4,597080
2712.5,597120
2712.6,597022
2712.7,597286
2712.8,597304
2712.9,597032
2713,597050
2713.1,597090
2713.2,597261
2713.3,597256
2713.4,596890
2713.5,597094
2713.6,597492
2713.7,597037
2713.8,596939
2713.9,597051
2714,597046
2714.1,597240
2714.2,596989
2714.3,597275
2714.4,597406
2714.5,596927
2714.6,597306
2714.7,597210
2714.8,597228
2714.9,597267
2715,597110
2715.1,597012
2715.2,597101
2715.3,597272
2715.4,597198
2715.5,597329
2715.6,597172
2715.7,597053
2715.8,597247
2715.9,597150
2716,597190
2716.1,597185
2716.2,597027
2716.3,597252
2716.4,597331
2716.5,596965
2716.6,596867
2716.7,597094
2716.8,597112
2716.9,597222
2717,597126
2717.1,597318
2717.2,596953
2717.3,597064
2717.4,597175
2717.5,596965
2717.6,597002
2717.7,597174
2717.8,597170
2717.9,597302
2718,597297
2718.1,597047
2718.2,597241
2718.3,597370
2718.4,597140
2718.5,597136
2718.6,596883
2718.7,597285
2718.8,596919
2718.9,597030
2719,596933
2719.1,597044
2719.2,596969
2719.3,596987
2719.4,597004
2719.5,597269
2719.6,597286
2719.7,596898
2719.8,597186
2719.9,596956
2720,597335
2720.1,597239
2720.2,597120
2720.3,597344
2720.4,597155
2720.5,597173
2720.6,597191
2720.7,597148
2720.8,597143
2720.9,597107
2721,597218
2721.1,597235
2721.2,597253
2721.3,597117
2721.4,597206
2721.5,597284
2721.6,597302
2721.7,597205
2721.8,596954
2721.9,597272
2722,597061
2722.1,596963
2722.2,596981
2722.3,597267
2722.4,597110
2722.5,597105
2722.6,597030
2722.7,597202
2722.8,597239
2722.9,597123
2723,597233
2723.1,597075
2723.2,597093
2723.3,597378
2723.4,597167
2723.5,597185
2723.6,597295
2723.7,597137
2723.8,597136
2723.9,597058
2724,596960
2724.1,597072
2724.2,597182
2724.3,596992
2724.4,597125
2724.5,596912
2724.6,597177
2724.7,596926
2724.8,597037
2724.9,597055
2725,597072
2725.1,597090
2725.2,597086
2725.3,596988
2725.4,597275
2725.5,596931
2725.6,597218
2725.7,597175
2725.8,596962
2725.9,596958
2726,597245
2726.1,597262
2726.2,597280
2726.3,597029
2726.4,597293
2726.5,597381
2726.6,596923
2726.7,597210
2726.8,596959
2726.9,597185
2727,597066
2727.1,597145
2727.2,597296
2727.3,597107
2727.4,597083
2727.5,597101
2727.6,597303
2727.7,597053
2727.8,597132
2727.9,597035
2728,597279
2728.1,596987
2728.2,597098
2728.3,597269
2728.4,597079
2728.5,597190
2728.6,597208
2728.7,597049
2728.8,596952
2728.9,597238
2729,597142
2729.1,597271
2729.2,597155
2729.3,597265
2729.4,597169
2729.5,596939
2729.6,597111
2729.7,597107
2729.8,597217
2729.9,597059
2730,597344
2730.1,597095
2730.2,596997
2730.3,596899
2730.4,597104
2730.5,597029
2730.6,596931
2730.7,597064
2730.8,597214
2730.9,597231
2731,596958
2731.1,597245
2731.2,596994
2731.3,597280
2731.4,597183
2731.5,597003
2731.6,597082
2731.7,597100
2731.8,597118
2731.9,597361
2732,597359
2732.1,596972
2732.2,597144
2732.3,597296
2732.4,597087
2732.5,597197
2732.6,597307
2732.7,597035
2732.8,596843
2732.9,597132
2733,597242
2733.1,597084
2733.2,596986
2733.3,597158
2733.4,597176
2733.5,597213
2733.6,597116
2733.7,597227
2733.8,597317
2733.9,597106
2734,597008
2734.1,597161
2734.2,597271
2734.3,597174
2734.4,597150
2734.5,597014
2734.6,597071
2734.7,597089
2734.8,597084
2734.9,596925
2735,597212
2735.1,597138
2735.2,597175
2735.3,597151
2735.4,597054
2735.5,597142
2735.6,597160
2735.7,597292
2735.8,597122
2735.9,597118
2736,597094
2736.1,597204
2736.2,597107
2736.3,597125
2736.4,596988
2736.5,597253
2736.6,597248
2736.7,596997
2736.8,597191
2736.9,597301
2737,596935
2737.1,597314
2737.2,597042
2737.3,596944
2737.4,596962
2737.5,596980
2737.6,597206
2737.7,597087
2737.8,596896
2737.9,597183
2738,597086
2738.1,597311
2738.2,597328
2738.3,596940
2738.4,597206
2738.5,597131
2738.6,597033
2738.7,597144
2738.8,597162
2738.9,596867
2739,597021
2739.1,597017
2739.2,596919
2739.3,596937
2739.4,597141
2739.5,597066
2739.6,597237
2739.7,596986
2739.8,597250
2739.9,596999
2740,597110
2740.1,597128
2740.2,597277
2740.3,597294
2740.4,597312
2740.5,597039
2740.6,597150
2740.7,597168
2740.8,597071
2740.9,597334
2741,597238
2741.1,596964
2741.2,597097
2741.3,597382
2741.4,597133
2741.5,597128
2741.6,597124
2741.7,597234
2741.8,597159
2741.9,597177
2742,597195
2742.1,597168
2742.2,597186
2742.3,597111
2742.4,597014
2742.5,597124
2742.6,597142
2742.7,597138
2742.8,597133
2742.9,596943
2743,597322
2743.1,596956
2743.2,597048
2743.3,597178
2743.4,597081
2743.5,597344
2743.6,597361
2743.7,597265
2743.8,597129
2743.9,597105
2744,597143
2744.1,597045
2744.2,597217
2744.3,596965
2744.4,597169
2744.5,597145
2744.6,597070
2744.7,597085
2744.8,597010
2744.9,597121
2745,597097
2745.1,597115
2745.2,597152
2745.3,597322
2745.4,597226
2745.5,597068
2745.6,597271
2745.7,597196
2745.8,596890
2745.9,597270
2746,597174
2746.1,597261
2746.2,597104
2746.3,597121
2746.4,597161
2746.5,597157
2746.6,597037
2746.7,597055
2746.8,596957
2746.9,596975
2747,597108
2747.1,596895
2747.2,597006
2747.3,597002
2747.4,597113
2747.5,597130
2747.6,597055
2747.7,597144
2747.8,597047
2747.9,597042
2748,597153
2748.1,597078
2748.2,597073
2748.3,597184
2748.4,597179
2748.5,596989
2748.6,597367
2748.7,597002
2748.8,597113
2748.9,597337
2749,597085
2749.1,597144
2749.2,597047
2749.3,597157
2749.4,597175
2749.5,597243
2749.6,597188
2749.7,597091
2749.8,597109
2749.9,597105
2750,597329
2750.1,597191
2750.2,597250
2750.3,597038
2750.4,597149
2750.5,597144
2750.6,597162
2750.7,597138
2750.8,596925
2750.9,597346
2751,597341
2751.1,597184
2751.2,597180
2751.3,597105
2751.4,597195
2751.5,597232
2751.6,597136
2751.7,597131
2751.8,597107
2751.9,597125
2752,597257
2752.1,597294
2752.2,597156
2752.3,597244
2752.4,596961
2752.5,597114
2752.6,597224
2752.7,597127
2752.8,597123
2752.9,597099
2753,597209
2753.1,597153
2753.2,597285
2753.3,597032
2753.4,597162
2753.5,597023
2753.6,597268
2753.7,597078
2753.8,597169
2753.9,597206
2754,597180
2754.1,597198
2754.2,597276
2754.3,597293
2754.4,597021
2754.5,597246
2754.6,597108
2754.7,597145
2754.8,597162
2754.9,597065
2755,597176
2755.1,597244
2755.2,597189
2755.3,596999
2755.4,596994
2755.5,596896
2755.6,597081
2755.7,597118
2755.8,597021
2755.9,597016
2756,596941
2756.1,596936
2756.2,597140
2756.3,597250
2756.4,597154
2756.5,597210
2756.6,597052
2756.7,597223
2756.8,597180
2756.9,597083
2757,597101
2757.1,597272
2757.2,597267
2757.3,597285
2757.4,597220
2757.5,597145
2757.6,597006
2757.7,597158
2757.8,597154
2757.9,597056
2758,597074
2758.1,597359
2758.2,597087
2758.3,596990
2758.4,597368
2758.5,597074
2758.6,596999
2758.7,597016
2758.8,597034
2758.9,597030
2759,597003
2759.1,596999
2759.2,597192
2759.3,597302
2759.4,597320
2759.5,597028
2759.6,597158
2759.7,597061
2759.8,597254
2759.9,597096
2760,597092
2760.1,597202
2760.2,597105
2760.3,597007
2760.4,596909
2760.5,597136
2760.6,597153
2760.7,597314
2760.8,597010
2760.9,597047
2761,597332
2761.1,597060
2761.2,597078
2761.3,597188
2761.4,596976
2761.5,596878
2761.6,596989
2761.7,597254
2761.8,597003
2761.9,597072
2762,597109
2762.1,597166
2762.2,597183
2762.3,597179
2762.4,597289
2762.5,597038
2762.6,597056
2762.7,597051
2762.8,597315
2762.9,597065
2763,597060
2763.1,597078
2763.2,597302
2763.3,597091
2763.4,597087
2763.5,597197
2763.6,597100
2763.7,597117
2763.8,597042
2763.9,597306
2764,597126
2764.1,596913
2764.2,597200
2764.3,596949
2764.4,596967
2764.5,596846
2764.6,597227
2764.7,597046
2764.8,596949
2764.9,597121
2765,597253
2765.1,597095
2765.2,597183
2765.3,597108
2765.4,597257
2765.5,597275
2765.6,597117
2765.7,597115
2765.8,597223
2765.9,597126
2766,597028
2766.1,597046
2766.2,597156
2766.3,597132
2766.4,597055
2766.5,597072
2766.6,597244
2766.7,597239
2766.8,597081
2766.9,597264
2767,597094
2767.1,596997
2767.2,596992
2767.3,597279
2767.4,597099
2767.5,597075
2767.6,597112
2767.7,597014
2767.8,597010
2767.9,597005
2768,597116
2768.1,597248
2768.2,597017
2768.3,597322
2768.4,597317
2768.5,597045
2768.6,597248
2768.7,597039
2768.8,597149
2768.9,597186
2769,596954
2769.1,597043
2769.2,597195
2769.3,597098
2769.4,597096
2769.5,597226
2769.6,597221
2769.7,596967
2769.8,596985
2769.9,597138
2770,597247
2770.1,597036
2770.2,597239
2770.3,597049
2770.4,597220
2770.5,597330
2770.6,597080
2770.7,596960
2770.8,597225
2770.9,597128
2771,597123
2771.1,597141
2771.2,597158
2771.3,597207
2771.4,597088
2771.5,597259
2771.6,597255
2771.7,597364
2771.8,597115
2771.9,597317
2772,597035
2772.1,597030
2772.2,597202
2772.3,597044
2772.4,597039
2772.5,597242
2772.6,597145
2772.7,597048
2772.8,596950
2772.9,597215
2773,597057
2773.1,597189
2773.2,597245
2773.3,597149
2773.4,597144
2773.5,597254
2773.6,596981
2773.7,597267
2773.8,597016
2773.9,597280
2774,597007
2774.1,597003
2774.2,597113
2774.3,597223
2774.4,597107
2774.5,597237
2774.6,597140
2774.7,597250
2774.8,597245
2774.9,597263
2775,597146
2775.1,597276
2775.2,597271
2775.3,597267
2775.4,597036
2775.5,597188
2775.6,597297
2775.7,597044
2775.8,597288
2775.9,597192
2776,597095
2776.1,597112
2776.2,597222
2776.3,597218
2776.4,597057
2776.5,597001
2776.6,597019
2776.7,597130
2776.8,597240
2776.9,597101
2777,597138
2777.1,597156
2777.2,597151
2777.3,596919
2777.4,597030
2777.5,597233
2777.6,597178
2777.7,597080
2777.8,596941
2777.9,597186
2778,597162
2778.1,597003
2778.2,597061
2778.3,597056
2778.4,597186
2778.5,597069
2778.6,597157
2778.7,597021
2778.8,597078
2778.9,597230
2779,597091
2779.1,597106
2779.2,597289
2779.3,597214
2779.4,597229
2779.5,597225
2779.6,596993
2779.7,596989
2779.8,597099
2779.9,597024
2780,597134
2780.1,597037
2780.2,597126
2780.3,597214
2780.4,597158
2780.5,597156
2780.6,597266
2780.7,596877
2780.8,597257
2780.9,597160
2781,597197
2781.1,597081
2781.2,597191
2781.3,597279
2781.4,597006
2781.5,597177
2781.6,596987
2781.7,597098
2781.8,596939
2781.9,597204
2782,597199
2782.1,597214
2782.2,597098
2782.3,597208
2782.4,596934
2782.5,597313
2782.6,597216
2782.7,597119
2782.8,597156
2782.9,597017
2783,597128
2783.1,597062
2783.2,596964
2783.3,597136
2783.4,597246
2783.5,597242
2783.6,597084
2783.7,597101
2783.8,596888
2783.9,597061
2784,597263
2784.1,596990
2784.2,597101
2784.3,597119
2784.4,596905
2784.5,597285
2784.6,597188
2784.7,597123
2784.8,597025
2784.9,597043
2785,597214
2785.1,597210
2785.2,597205
2785.3,597315
2785.4,596949
2785.5,597121
2785.6,597231
2785.7,597112
2785.8,597108
2785.9,596926
2786,597327
2786.1,597231
2786.2,597019
2786.3,597108
2786.4,597218
2786.5,597140
2786.6,597158
2786.7,597267
2786.8,596997
2786.9,596970
2787,597059
2787.1,597230
2787.2,597248
2787.3,596880
2787.4,597085
2787.5,597081
2787.6,597252
2787.7,597269
2787.8,597058
2787.9,597282
2788,597009
2788.1,597005
2788.2,597000
2788.3,597172
2788.4,597075
2788.5,597009
2788.6,597119
2788.7,597176
2788.8,597193
2788.9,597074
2789,597226
2789.1,597087
2789.2,597021
2789.3,597100
2789.4,597230
2789.5,597226
2789.6,597087
2789.7,597217
2789.8,597234
2789.9,597118
2790,597155
2790.1,597150
2790.2,597260
2790.3,597122
2790.4,597231
2790.5,597135
2790.6,597172
2790.7,597148
2790.8,597028
2790.9,597231
2791,597248
2791.1,597152
2791.2,597147
2791.3,597143
2791.4,596984
2791.5,597289
2791.6,597398
2791.7,597169
2791.8,597071
2791.9,597160
2792,597247
2792.1,597058
2792.2,597053
2792.3,597186
2792.4,597201
2792.5,597247
2792.6,597192
2792.7,597095
2792.8,596977
2792.9,597066
2793,596906
2793.1,597286
2793.2,597209
2793.3,597204
2793.4,597202
2793.5,597198
2793.6,597039
2793.7,597211
2793.8,597339
2793.9,597109
2794,597012
2794.1,597215
2794.2,597324
2794.3,597228
2794.4,597109
2794.5,597011
2794.6,597122
2794.7,597231
2794.8,597166
2794.9,597161
2795,597218
2795.1,596850
2795.2,597209
2795.3,597318
2795.4,597068
2795.5,597239
2795.6,597143
2795.7,597230
2795.8,597226
2795.9,597160
2796,597063
2796.1,596943
2796.2,597137
2796.3,597111
2796.4,597106
2796.5,597124
2796.6,597234
2796.7,596982
2796.8,596978
2796.9,596973
2797,597216
2797.1,596964
2797.2,597075
2797.3,597093
2797.4,596973
2797.5,597084
2797.6,597079
2797.7,597158
2797.8,597153
2797.9,597110
2798,597259
2798.1,596985
2798.2,597096
2798.3,596882
2798.4,597262
2798.5,597104
2798.6,597100
2798.7,597271
2798.8,597174
2798.9,597170
2799,597165
2799.1,597275
2799.2,597002
2799.3,597059
2799.4,597211
2799.5,596956
2799.6,597160
2799.7,597116
2799.8,597151
2799.9,597146
2800,597049
2800.1,597179
2800.2,597155
2800.3,596996
2800.4,597014
2800.5,597163
2800.6,597273
2800.7,597176
2800.8,597264
2800.9,597199
2801,597216
2801.1,596910
2801.2,597176
2801.3,596901
2801.4,597105
2801.5,597008
2801.6,597233
2801.7,597021
2801.8,597016
2801.9,597280
2802,597100
2802.1,597118
2802.2,597135
2802.3,597016
2802.4,597011
2802.5,597007
2802.6,597271
2802.7,596926
2802.8,596922
2802.9,597279
2803,596796
2803.1,596885
2803.2,597173
2803.3,597169
2803.4,597010
2803.5,597027
2803.6,597023
2803.7,596925
2803.8,597036
2803.9,597031
2804,597295
2804.1,597137
2804.2,597133
2804.3,597035
2804.4,597031
2804.5,596933
2804.6,597044
2804.7,597246
2804.8,597150
2804.9,597206
2805,597223
2805.1,597219
2805.2,597061
2805.3,596879
2805.4,597319
2805.5,597201
2805.6,597218
2805.7,597214
2805.8,597033
2805.9,596989
2806,597139
2806.1,597042
2806.2,597305
2806.3,597301
2806.4,596756
2806.5,597046
2806.6,597217
2806.7,597190
2806.8,597208
2806.9,596934
2807,597230
2807.1,597133
2807.2,597151
2807.3,597031
2807.4,597027
2807.5,597229
2807.6,597132
2807.7,597057
2807.8,597167
2807.9,597141
2808,596866
2808.1,596977
2808.2,597149
2808.3,597145
2808.4,596986
2808.5,596981
2808.6,596977
2808.7,597149
2808.8,597051
2808.9,596985
2809,597096
2809.1,597091
2809.2,596971
2809.3,596873
2809.4,596868
2809.5,596886
2809.6,597090
2809.7,597086
2809.8,597143
2809.9,597045
2810,597041
2810.1,597151
2810.2,597146
2810.3,596965
2810.4,597137
2810.5,597133
2810.6,597303
2810.7,597146
2810.8,596871
2810.9,597159
2811,597061
2811.1,597057
2811.2,597030
2811.3,597255
2811.4,596981
2811.5,596999
2811.6,597056
2811.7,597258
2811.8,597140
2811.9,597249
2812,597184
2812.1,596952
2812.2,597082
2812.3,596984
2812.4,597340
2812.5,597068
2812.6,597086
2812.7,597081
2812.8,597077
2812.9,596979
2813,597068
2813.1,597063
2813.2,597173
2813.3,597076
2813.4,597071
2813.5,597067
2813.6,597020
2813.7,597058
2813.8,597075
2813.9,596841
2814,597066
2814.1,596946
2814.2,597150
2814.3,597030
2814.4,597048
2814.5,597065
2814.6,597039
2814.7,597034
2814.8,596936
2814.9,597086
2815,597104
2815.1,596944
2815.2,597148
2815.3,597029
2815.4,597024
2815.5,596926
2815.6,597037
2815.7,597032
2815.8,597101
2815.9,597138
2816,596925
2816.1,597304
2816.2,596916
2816.3,596891
2816.4,597003
2816.5,597018
2816.6,596920
2816.7,596915
2816.8,597119
2816.9,596980
2817,597039
2817.1,596919
2817.2,596936
2817.3,596910
2817.4,596905
2817.5,597224
2817.6,596992
2817.7,597389
2817.8,596909
2817.9,597174
2818,596993
2818.1,596895
2818.2,597182
2818.3,597063
2818.4,597058
2818.5,597169
2818.6,597256
2818.7,597160
2818.8,597062
2818.9,597172
2819,597260
2819.1,597256
2819.2,597066
2819.3,597061
2819.4,597079
2819.5,596919
2819.6,597162
2819.7,596888
2819.8,597153
2819.9,597171
2820,597166
2820.1,597007
2820.2,597249
2820.3,596976
2820.4,597148
2820.5,597257
2820.6,596984
2820.7,597073
2820.8,596975
2820.9,597239
2821,596966
2821.1,597138
2821.2,597248
2821.3,597048
2821.4,597063
2821.5,596965
2821.6,597207
2821.7,596956
2821.8,597220
2821.9,597155
2822,596942
2822.1,597114
2822.2,597109
2822.3,597105
2822.4,597039
2822.5,597034
2822.6,596914
2822.7,597086
2822.8,597175
2822.9,597077
2823,597279
2823.1,596913
2823.2,597178
2823.3,597196
2823.4,597169
2823.5,596894
2823.6,597366
2823.7,597001
2823.8,597018
2823.9,597014
2824,597164
2824.1,596982
2824.2,597269
2824.3,597286
2824.4,597106
2824.5,597163
2824.6,597158
2824.7,597070
2824.8,596879
2824.9,596990
2825,596965
2825.1,596981
2825.2,597069
2825.3,597240
2825.4,596756
2825.5,597139
2825.6,596980
2825.7,596953
2825.8,597217
2825.9,597120
2826,597116
2826.1,597133
2826.2,597067
2826.3,596947
2826.4,597097
2826.5,597268
2826.6,596995
2826.7,597106
2826.8,597101
2826.9,597189
2827,597245
2827.1,596878
2827.2,597144
2827.3,596869
2827.4,597073
2827.5,596976
2827.6,596877
2827.7,597028
2827.8,597253
2827.9,597340
2828,597161
2828.1,597085
2828.2,597234
2828.3,597115
2828.4,597225
2828.5,597313
2828.6,597062
2828.7,596964
2828.8,596960
2828.9,597132
2829,597220
2829.1,596830
2829.2,597211
2829.3,597228
2829.4,597109
2829.5,597104
2829.6,597192
2829.7,597011
2829.8,597029
2829.9,597024
2830,597196
2830.1,597169
2830.2,596895
2830.3,597274
2830.4,597270
2830.5,597019
2830.6,597168
2830.7,597256
2830.8,596960
2830.9,597247
2831,597150
2831.1,597351
2831.2,597079
2831.3,597168
2831.4,597224
2831.5,597241
2831.6,596968
2831.7,596963
2831.8,597167
2831.9,597140
2832,597042
2832.1,596944
2832.2,597148
2832.3,596873
2832.4,596984
2832.5,597134
2832.6,597152
2832.7,597032
2832.8,596872
2832.9,596961
2833,597072
2833.1,596952
2833.2,596947
2833.3,597212
2833.4,597207
2833.5,597142
2833.6,597044
2833.7,596830
2833.8,597096
2833.9,597092
2834,597180
2834.1,597114
2834.2,597016
2834.3,597188
2834.4,597069
2834.5,597064
2834.6,597152
2834.7,596877
2834.8,597165
2834.9,596952
2835,597309
2835.1,596921
2835.2,596854
2835.3,597120
2835.4,597230
2835.5,597018
2835.6,597106
2835.7,597101
2835.8,597158
2835.9,597268
2836,597171
2836.1,597012
2836.2,597254
2836.3,597074
2836.4,596976
2836.5,597354
2836.6,597082
2836.7,597192
2836.8,597011
2836.9,597068
2837,596970
2837.1,596965
2837.2,597076
2837.3,596916
2837.4,596983
2837.5,597040
2837.6,596942
2837.7,597146
2837.8,596871
2837.9,597251
2838,597039
2838.1,597096
2838.2,597298
2838.3,597179
2838.4,597020
2838.5,597223
2838.6,597104
2838.7,597275
2838.8,597002
2838.9,597266
2839,597086
2839.1,597370
2839.2,597252
2839.3,597133
2839.4,597036
2839.5,597031
2839.6,596848
2839.7,596960
2839.8,597110
2839.9,597147
2840,597142
2840.1,597230
2840.2,596976
2840.3,596994
2840.4,597011
2840.5,597100
2840.6,597115
2840.7,597202
2840.8,596970
2840.9,597196
2841,597098
2841.1,597072
2841.2,597067
2841.3,597062
2841.4,597080
2841.5,597209
2841.6,597277
2841.7,597200
2841.8,597154
2841.9,597034
2842,596936
2842.1,597047
2842.2,597158
2842.3,597131
2842.4,597219
2842.5,597122
2842.6,597117
2842.7,597112
2842.8,597046
2842.9,597288
2843,597191
2843.1,597186
2843.2,596974
2843.3,597085
2843.4,597287
2843.5,596992
2843.6,597256
2843.7,597159
2843.8,597246
2843.9,597149
2844,597329
2844.1,597118
2844.2,597114
2844.3,597151
2844.4,596989
2844.5,597100
2844.6,597280
2844.7,597183
2844.8,597064
2844.9,597193
2845,597189
2845.1,597050
2845.2,597293
2845.3,597269
2845.4,597284
2845.5,597031
2845.6,597026
2845.7,597115
2845.8,597338
2845.9,597242
2846,597215
2846.1,596941
2846.2,596914
2846.3,597201
2846.4,596833
2846.5,597038
2846.6,596940
2846.7,597183
2846.8,597095
2846.9,597266
2847,597108
2847.1,597103
2847.2,597457
2847.3,597072
2847.4,597128
2847.5,597238
2847.6,597233
2847.7,597075
2847.8,597048
2847.9,597044
2848,597193
2848.1,596941
2848.2,597030
2848.3,597118
2848.4,596998
2848.5,597170
2848.6,597165
2848.7,597161
2848.8,597156
2848.9,597244
2849,597063
2849.1,597120
2849.2,597115
2849.3,597152
2849.4,597221
2849.5,597133
2849.6,596942
2849.7,597207
2849.8,597202
2849.9,596928
2850,597017
2850.1,597105
2850.2,597122
2850.3,597271
2850.4,597113
2850.5,597086
2850.6,596904
2850.7,597192
2850.8,596823
2850.9,597357
2851,596970
2851.1,597058
2851.2,596876
2851.3,597256
2851.4,597273
2851.5,597040
2851.6,597035
2851.7,597216
2851.8,597026
2851.9,597136
2852,596861
2852.1,597105
2852.2,597214
2852.3,597188
2852.4,597091
2852.5,597086
2852.6,596926
2852.7,597169
2852.8,596895
2852.9,597426
2853,596947
2853.1,597058
2853.2,596992
2853.3,597141
2853.4,597207
2853.5,597110
2853.6,597372
2853.7,597101
2853.8,597211
2853.9,597069
2854,596971
2854.1,597143
2854.2,597231
2854.3,597227
2854.4,596953
2854.5,596980
2854.6,597152
2854.7,596939
2854.8,597027
2854.9,597023
2855,596956
2855.1,596974
2855.2,597124
2855.3,597386
2855.4,596906
2855.5,596994
2855.6,597021
2855.7,596923
2855.8,597096
2855.9,597184
2856,597064
2856.1,597266
2856.2,596900
2856.3,597011
2856.4,597160
2856.5,597041
2856.6,597129
2856.7,596947
2856.8,597234
2856.9,596866
2857,597110
2857.1,597220
2857.2,596924
2857.3,596919
2857.4,596820
2857.5,597201
2857.6,597175
2857.7,597170
2857.8,597144
2857.9,597046
2858,596886
2858.1,596881
2858.2,597125
2858.3,597098
2858.4,596907
2858.5,597172
2858.6,597167
2858.7,597102
2858.8,597250
2858.9,597070
2859,596972
2859.1,597122
2859.2,597117
2859.3,597051
2859.4,597025
2859.5,597081
2859.6,596984
2859.7,597072
2859.8,597202
2859.9,597155
2860,596996
2860.1,596992
2860.2,597141
2860.3,597137
2860.4,596862
2860.5,596951
2860.6,597083
2860.7,597232
2860.8,597228
2860.9,597109
2861,597197
2861.1,597131
2861.2,597126
2861.3,597183
2861.4,597178
2861.5,597266
2861.6,596992
2861.7,596894
2861.8,597005
2861.9,597155
2862,597242
2862.1,597123
2862.2,597211
2862.3,597052
2862.4,597048
2862.5,597197
2862.6,596923
2862.7,597280
2862.8,597161
2862.9,597178
2863,596904
2863.1,597054
2863.2,597142
2863.3,597116
2863.4,597018
2863.5,597128
2863.6,597124
2863.7,597097
2863.8,597092
2863.9,597107
2864,597010
2864.1,597120
2864.2,597208
2864.3,597203
2864.4,596927
2864.5,597057
2864.6,597320
2864.7,596954
2864.8,597158
2864.9,596957
2865,597148
2865.1,597029
2865.2,597292
2865.3,597019
2865.4,597088
2865.5,597176
2865.6,597098
2865.7,597186
2865.8,597182
2865.9,597177
2866,597131
2866.1,597240
2866.2,597163
2866.3,597024
2866.4,597154
2866.5,597107
2866.6,597103
2866.7,596827
2866.8,597071
2866.9,597108
2867,597062
2867.1,597191
2867.2,597052
2867.3,597162
2867.4,597065
2867.5,597173
2867.6,597260
2867.7,597100
2867.8,597209
2867.9,597019
2868,596992
2868.1,596988
2868.2,597076
2868.3,597113
2868.4,596993
2868.5,597196
2868.6,597192
2868.7,597165
2868.8,597138
2868.9,597041
2869,596943
2869.1,597012
2869.2,596911
2869.3,597000
2869.4,597149
2869.5,597167
2869.6,597254
2869.7,596981
2869.8,596954
2869.9,597104
2870,597233
2870.1,597136
2870.2,597224
2870.3,597178
2870.4,597019
2870.5,597168
2870.6,597071
2870.7,597293
2870.8,597154
2870.9,597264
2871,597084
2871.1,597079
2871.2,597114
2871.3,597109
2871.4,596949
2871.5,596922
2871.6,597033
2871.7,597029
2871.8,597178
2871.9,597173
2872,597169
2872.1,596988
2872.2,596983
2872.3,597247
2872.4,597220
2872.5,597329
2872.6,597211
2872.7,596937
2872.8,596954
2872.9,597197
2873,597170
2873.1,597166
2873.2,597253
2873.3,597270
2873.4,596881
2873.5,597239
2873.6,597326
2873.7,596939
2873.8,597111
2873.9,597106
2874,597101
2874.1,597189
2874.2,597070
2874.3,597250
2874.4,597038
2874.5,597148
2874.6,597144
2874.7,597024
2874.8,597246
2874.9,597034
2875,597123
2875.1,597098
2875.2,596978
2875.3,597108
2875.4,597040
2875.5,597231
2875.6,597050
2875.7,596952
2875.8,597156
2875.9,597109
2876,597031
2876.1,597027
2876.2,597022
2876.3,597017
2876.4,597105
2876.5,597152
2876.6,597054
2876.7,596934
2876.8,597064
2876.9,597152
2877,597221
2877.1,597030
2877.2,597045
2877.3,597041
2877.4,597129
2877.5,597102
2877.6,597056
2877.7,597188
2877.8,597046
2877.9,597042
2878,597037
2878.1,597010
2878.2,597027
2878.3,597230
2878.4,597152
2878.5,597126
2878.6,597213
2878.7,597167
2878.8,597070
2878.9,597065
2879,597080
2879.1,596918
2879.2,597007
2879.3,597044
2879.4,597154
2879.5,597242
2879.6,597123
2879.7,597096
2879.8,596934
2879.9,597086
2880,597082
2880.1,596942
2880.2,596915
2880.3,597023
2880.4,597287
2880.5,597190
2880.6,597277
2880.7,597004
2880.8,597246
2880.9,597333
2881,597122
2881.1,597118
2881.2,597206
2881.3,597047
2881.4,597135
2881.5,596922
2881.6,597279
2881.7,597160
2881.8,597155
2881.9,597089
2882,597291
2882.1,597173
2882.2,596960
2882.3,597202
2882.4,596928
2882.5,597090
2882.6,597107
2882.7,596914
2882.8,597002
2882.9,597091
2883,597179
2883.1,597040
2883.2,597150
2883.3,597030
2883.4,597160
2883.5,597018
2883.6,597106
2883.7,597082
2883.8,597119
2883.9,596999
2884,597087
2884.1,597083
2884.2,597149
2884.3,597051
2884.4,597120
2884.5,597000
2884.6,596995
2884.7,597103
2884.8,597098
2884.9,597001
2885,597203
2885.1,597084
2885.2,597057
2885.3,597011
2885.4,597141
2885.5,597136
2885.6,597224
2885.7,596970
2885.8,597078
2885.9,596958
2886,597244
2886.1,596970
2886.2,597059
2886.3,597032
2886.4,597005
2886.5,597062
2886.6,596996
2886.7,596991
2886.8,597079
2886.9,597052
2887,597109
2887.1,597124
2887.2,597119
2887.3,597207
2887.4,597161
2887.5,596960
2887.6,597090
2887.7,597147
2887.8,597212
2887.9,597054
2888,597142
2888.1,597002
2888.2,596924
2888.3,596919
2888.4,597276
2888.5,596981
2888.6,597184
2888.7,597201
2888.8,597174
2888.9,597148
2889,597028
2889.1,596981
2889.2,596977
2889.3,596994
2889.4,596989
2889.5,596982
2889.6,597071
2889.7,597117
2889.8,597154
2889.9,597263
2890,597103
2890.1,597210
2890.2,597071
2890.3,597201
2890.4,597062
2890.5,597057
2890.6,597145
2890.7,597160
2890.8,596998
2890.9,597087
2891,597082
2891.1,597211
2891.2,597207
2891.3,597024
2891.4,597061
2891.5,597056
2891.6,597051
2891.7,597139
2891.8,596978
2891.9,597159
2892,597081
2892.1,596961
2892.2,597030
2892.3,597025
2892.4,597133
2892.5,597013
2892.6,596915
2892.7,597272
2892.8,597092
2892.9,597180
2893,597153
2893.1,597033
2893.2,597028
2893.3,597270
2893.4,597265
2893.5,597178
2893.6,597195
2893.7,597076
2893.8,597338
2893.9,597220
2894,597019
2894.1,597086
2894.2,597081
2894.3,597210
2894.4,596956
2894.5,597045
2894.6,597133
2894.7,597242
2894.8,597238
2894.9,597003
2895,597092
2895.1,597313
2895.2,597153
2895.3,596994
2895.4,596895
2895.5,597139
2895.6,597112
2895.7,597200
2895.8,597195
2895.9,597190
2896,597185
2896.1,596889
2896.2,596884
2896.3,596951
2896.4,597215
2896.5,597324
2896.6,597052
2896.7,597025
2896.8,596998
2896.9,597262
2897,597081
2897.1,597230
2897.2,597072
2897.3,597045
2897.4,597018
2897.5,597013
2897.6,596986
2897.7,596982
2897.8,596957
2897.9,597043
2898,596945
2898.1,596918
2898.2,597183
2898.3,597002
2898.4,596997
2898.5,597147
2898.6,597027
2898.7,597157
2898.8,597244
2898.9,597084
2899,597286
2899.1,596959
2899.2,597067
2899.3,597062
2899.4,596900
2899.5,597031
2899.6,597006
2899.7,597116
2899.8,596997
2899.9,597012
2900,597100
2900.1,596938
2900.2,597183
2900.3,597137
2900.4,597266
2900.5,596990
2900.6,597078
2900.7,596980
2900.8,597225
2900.9,596971
2901,596966
2901.1,597281
2901.2,597120
2901.3,597250
2901.4,597111
2901.5,597199
2901.6,597194
2901.7,597167
2901.8,596954
2901.9,597177
2902,597080
2902.1,597148
2902.2,597121
2902.3,596979
2902.4,596975
2902.5,597105
2902.6,597058
2902.7,597260
2902.8,597234
2902.9,597022
2903,597037
2903.1,597125
2903.2,596985
2903.3,597074
2903.4,597089
2903.5,597062
2903.6,597057
2903.7,596937
2903.8,597006
2903.9,596979
2904,597109
2904.1,596989
2904.2,596868
2904.3,596957
2904.4,597046
2904.5,597248
2904.6,597395
2904.7,596916
2904.8,596888
2904.9,596861
2905,597066
2905.1,596968
2905.2,596824
2905.3,597091
2905.4,597106
2905.5,597152
2905.6,597032
2905.7,597142
2905.8,597076
2905.9,596840
2906,597199
2906.1,596902
2906.2,596803
2906.3,597184
2906.4,596910
2906.5,597153
2906.6,596856
2906.7,596945
2906.8,597033
2906.9,597028
2907,597116
2907.1,597112
2907.2,596970
2907.3,596965
2907.4,597075
2907.5,596955
2907.6,597158
2907.7,597132
2907.8,597105
2907.9,597100
2908,597095
2908.1,596975
2908.2,597156
2908.3,597110
2908.4,597125
2908.5,596912
2908.6,597115
2908.7,597203
2908.8,597064
2908.9,597130
2909,597030
2909.1,597025
2909.2,597020
2909.3,597109
2909.4,597177
2909.5,596942
2909.6,597072
2909.7,597313
2909.8,597041
2909.9,597129
2910,597175
2910.1,597190
2910.2,597070
2910.3,597066
2910.4,597039
2910.5,597127
2910.6,597102
2910.7,597002
2910.8,596881
2910.9,597239
2911,596943
2911.1,597125
2911.2,597142
2911.3,597115
2911.4,597264
2911.5,597237
2911.6,597324
2911.7,597052
2911.8,597047
2911.9,597082
2912,597148
2912.1,597143
2912.2,597209
2912.3,596934
2912.4,597313
2912.5,597040
2912.6,597013
2912.7,597194
2912.8,596960
2912.9,597070
2913,597065
2913.1,597060
2913.2,597034
2913.3,597080
2913.4,597095
2913.5,597183
2913.6,597043
2913.7,597246
2913.8,597105
2913.9,597234
2914,596980
2914.1,597068
2914.2,597064
2914.3,597151
2914.4,596948
2914.5,597212
2914.6,597093
2914.7,597181
2914.8,597000
2914.9,597088
2915,597237
2915.1,597118
2915.2,597113
2915.3,597086
2915.4,597174
2915.5,597201
2915.6,597081
2915.7,597230
2915.8,597111
2915.9,597291
2916,597111
2916.1,597013
2916.2,596893
2916.3,597136
2916.4,597223
2916.5,596927
2916.6,597306
2916.7,597187
2916.8,597068
2916.9,597156
2917,597036
2917.1,596947
2917.2,597097
2917.3,597093
2917.4,597180
2917.5,596946
2917.6,597147
2917.7,597049
2917.8,597044
2917.9,597247
2918,597127
2918.1,596986
2918.2,597052
2918.3,596954
2918.4,597042
2918.5,597244
2918.6,597010
2918.7,597077
2918.8,597133
2918.9,596858
2919,597216
2919.1,596942
2919.2,597030
2919.3,596962
2919.4,597359
2919.5,596972
2919.6,596967
2919.7,597055
2919.8,597124
2919.9,597138
2920,596903
2920.1,597168
2920.2,596987
2920.3,597075
2920.4,597029
2920.5,597044
2920.6,597285
2920.7,596896
2920.8,597100
2920.9,597053
2921,597141
2921.1,597064
2921.2,597213
2921.3,597125
2921.4,597005
2921.5,597166
2921.6,597046
2921.7,597061
2921.8,597149
2921.9,597030
2922,597210
2922.1,597113
2922.2,596993
2922.3,597081
2922.4,596961
2922.5,597028
2922.6,597208
2922.7,597203
2922.8,596971
2922.9,597079
2923,597052
2923.1,597025
2923.2,597021
2923.3,597016
2923.4,597104
2923.5,597077
2923.6,597318
2923.7,597138
2923.8,597019
2923.9,597014
2924,597216
2924.1,596982
2924.2,597048
2924.3,597197
2924.4,597193
2924.5,597188
2924.6,597100
2924.7,596980
2924.8,596931
2924.9,597195
2925,597076
2925.1,597164
2925.2,597098
2925.3,597049
2925.4,597105
2925.5,596985
2925.6,596981
2925.7,597089
2925.8,596980
2925.9,597069
2926,596948
2926.1,597305
2926.2,597186
2926.3,596889
2926.4,596978
2926.5,597089
2926.6,596968
2926.7,597211
2926.8,597030
2926.9,597003
2927,597049
2927.1,597045
2927.2,597060
2927.3,596939
2927.4,597028
2927.5,597074
2927.6,596976
2927.7,597064
2927.8,596944
2927.9,597053
2928,597026
2928.1,597072
2928.2,597182
2928.3,597155
2928.4,597150
2928.5,597008
2928.6,597189
2928.7,597092
2928.8,597065
2928.9,597175
2929,597148
2929.1,597214
2929.2,597187
2929.3,597182
2929.4,597270
2929.5,597265
2929.6,596853
2929.7,596920
2929.8,597185
2929.9,597200
2930,597061
2930.1,597263
2930.2,596851
2930.3,597002
2930.4,596997
2930.5,597012
2930.6,596965
2930.7,597054
2930.8,597120
2930.9,597134
2931,597015
2931.1,596968
2931.2,597098
2931.3,597051
2931.4,597044
2931.5,597307
2931.6,597281
2931.7,596892
2931.8,596981
2931.9,597027
2932,596949
2932.1,597077
2932.2,597072
2932.3,597252
2932.4,597339
2932.5,596951
2932.6,597329
2932.7,597211
2932.8,597184
2932.9,597158
2933,596976
2933.1,597240
2933.2,597060
2933.3,597148
2933.4,597006
2933.5,596885
2933.6,596996
2933.7,596875
2933.8,596964
2933.9,596937
2934,597026
2934.1,597114
2934.2,596994
2934.3,597082
2934.4,597035
2934.5,597143
2934.6,597116
2934.7,596903
2934.8,596992
2934.9,596987
2935,597075
2935.1,597255
2935.2,597114
2935.3,596994
2935.4,597082
2935.5,596942
2935.6,597280
2935.7,597139
2935.8,597019
2935.9,597014
2936,597102
2936.1,597075
2936.2,597163
2936.3,597229
2936.4,596975
2936.5,596990
2936.6,596963
2936.7,597051
2936.8,597253
2936.9,597134
2937,597169
2937.1,596894
2937.2,597137
2937.3,597049
2937.4,597137
2937.5,597017
2937.6,596896
2937.7,596869
2937.8,597319
2937.9,597139
2938,597135
2938.1,597169
2938.2,597049
2938.3,597115
2938.4,597203
2938.5,596907
2938.6,596902
2938.7,597259
2938.8,597025
2938.9,597206
2939,597179
2939.1,596904
2939.2,597169
2939.3,597276
2939.4,597116
2939.5,597109
2939.6,597062
2939.7,597150
2939.8,597145
2939.9,597057
2940,596937
2940.1,597271
2940.2,597153
2940.3,597148
2940.4,597235
2940.5,596961
2940.6,596934
2940.7,597001
2940.8,596996
2940.9,596969
2941,597057
2941.1,597010
2941.2,596983
2941.3,597113
2941.4,597087
2941.5,596966
2941.6,597055
2941.7,597008
2941.8,597074
2941.9,597047
2942,596927
2942.1,597172
2942.2,597104
2942.3,596922
2942.4,597206
2942.5,597179
2942.6,597060
2942.7,597148
2942.8,596986
2942.9,597013
2943,597255
2943.1,597021
2943.2,597243
2943.3,597082
2943.4,596900
2943.5,597011
2943.6,597138
2943.7,597111
2943.8,596991
2943.9,596786
2944,597167
2944.1,597163
2944.2,597063
2944.3,597036
2944.4,596967
2944.5,597055
2944.6,596935
2944.7,597045
2944.8,597019
2944.9,596992
2945,596942
2945.1,597073
2945.2,597068
2945.3,597063
2945.4,596920
2945.5,596893
2945.6,597075
2945.7,597224
2945.8,596950
2945.9,597038
2946,597280
2946.1,596869
2946.2,597227
2946.3,596899
2946.4,597103
2946.5,597168
2946.6,597009
2946.7,597075
2946.8,597316
2946.9,597105
2947,596807
2947.1,597258
2947.2,597100
2947.3,597134
2947.4,597108
2947.5,597103
2947.6,597190
2947.7,596987
2947.8,596940
2947.9,597163
2948,596928
2948.1,597285
2948.2,597105
2948.3,597078
2948.4,597053
2948.5,597068
2948.6,596926
2948.7,596899
2948.8,596987
2948.9,597168
2949,597029
2949.1,597044
2949.2,597017
2949.3,597197
2949.4,597171
2949.5,597166
2949.6,597046
2949.7,597134
2949.8,596992
2949.9,597081
2950,597261
2950.1,597142
2950.2,597095
2950.3,597110
2950.4,597176
2950.5,597014
2950.6,596936
2950.7,597024
2950.8,596977
2950.9,597085
2951,597151
2951.1,596990
2951.2,597005
2951.3,597000
2951.4,597068
2951.5,597061
2951.6,597127
2951.7,597100
2951.8,596980
2951.9,597090
2952,597064
2952.1,597037
2952.2,597103
2952.3,597076
2952.4,596956
2952.5,597044
2952.6,597132
2952.7,597083
2952.8,596869
2952.9,597227
2953,596931
2953.1,596810
2953.2,596992
2953.3,596965
2953.4,596938
2953.5,597181
2953.6,597061
2953.7,596857
2953.8,597061
2953.9,597056
2954,597297
2954.1,597271
2954.2,597152
2954.3,596948
2954.4,596995
2954.5,597105
2954.6,597212
2954.7,597051
2954.8,597024
2954.9,597090
2955,597200
2955.1,597081
2955.2,597168
2955.3,597027
2955.4,597115
2955.5,597294
2955.6,597176
2955.7,596901
2955.8,597236
2955.9,597210
2956,596913
2956.1,596908
2956.2,597265
2956.3,597085
2956.4,597212
2956.5,597185
2956.6,597066
2956.7,597154
2956.8,597127
2956.9,596851
2957,596918
2957.1,596891
2957.2,597041
2957.3,597129
2957.4,597124
2957.5,597190
2957.6,596987
2957.7,597178
2957.8,596923
2957.9,597012
2958,596985
2958.1,596896
2958.2,597139
2958.3,597154
2958.4,597127
2958.5,597100
2958.6,597053
2958.7,596871
2958.8,597022
2958.9,596921
2959,597009
2959.1,596982
2959.2,596955
2959.3,597209
2959.4,596881
2959.5,596990
2959.6,597232
2959.7,597051
2959.8,597024
2959.9,597112
2960,596876
2960.1,596965
2960.2,597000
2960.3,596700
2960.4,597360
2960.5,596973
2960.6,596968
2960.7,596940
2960.8,597297
2960.9,596980
2961,597244
2961.1,597063
2961.2,597058
2961.3,596916
2961.4,596889
2961.5,597051
2961.6,597158
2961.7,597153
2961.8,597149
2961.9,596965
2962,596938
2962.1,597068
2962.2,597134
2962.3,597129
2962.4,597082
2962.5,596940
2962.6,597121
2962.7,597002
2962.8,596881
2962.9,597197
2963,597151
2963.1,597216
2963.2,597004
2963.3,596977
2963.4,596950
2963.5,597038
2963.6,596856
2963.7,597077
2963.8,597072
2963.9,597180
2964,597133
2964.1,597199
2964.2,597018
2964.3,596897
2964.4,597141
2964.5,597021
2964.6,596994
2964.7,596905
2964.8,596993
2964.9,597143
2965,597116
2965.1,597089
2965.2,597155
2965.3,597067
2965.4,596947
2965.5,597097
2965.6,597070
2965.7,597043
2965.8,597131
2965.9,596927
2966,596806
2966.1,597050
2966.2,597023
2966.3,597337
2966.4,597062
2966.5,597057
2966.6,597052
2966.7,597118
2966.8,597111
2966.9,596949
2967,597130
2967.1,597011
2967.2,597099
2967.3,597206
2967.4,597157
2967.5,596996
2967.6,596991
2967.7,596870
2967.8,597052
2967.9,597140
2968,597113
2968.1,597179
2968.2,597152
2968.3,597240
2968.4,596966
2968.5,597054
2968.6,597005
2968.7,596978
2968.8,597128
2968.9,597215
2969,597034
2969.1,597215
2969.2,597095
2969.3,597130
2969.4,597103
2969.5,596921
2969.6,596894
2969.7,597056
2969.8,597049
2969.9,596928
2970,596807
2970.1,597166
2970.2,597171
2970.3,596958
2970.4,596931
2970.5,597019
2970.6,597169
2970.7,596965
2970.8,597031
2970.9,597026
2971,596790
2971.1,597241
2971.2,597007
2971.3,596918
2971.4,597275
2971.5,597002
2971.6,596764
2971.7,597102
2971.8,597076
2971.9,597256
2972,597251
2972.1,596955
2972.2,597197
2972.3,597171
2972.4,596967
2972.5,597117
2972.6,596997
2972.7,597085
2972.8,597058
2972.9,597031
2973,597097
2973.1,596977
2973.2,597158
2973.3,597038
2973.4,597238
2973.5,597078
2973.6,596977
2973.7,597065
2973.8,596945
2973.9,597107
2974,596965
2974.1,597051
2974.2,597024
2974.3,596903
2974.4,597107
2974.5,597080
2974.6,597031
2974.7,597180
2974.8,597061
2974.9,597241
2975,597122
2975.1,597301
2975.2,597214
2975.3,597072
2975.4,596858
2975.5,597308
2975.6,597013
2975.7,596944
2975.8,597189
2975.9,597048
2976,597402
2976.1,597109
2976.2,597082
2976.3,597128
2976.4,597008
2976.5,597096
2976.6,597089
2976.7,597177
2976.8,596993
2976.9,597196
2977,597076
2977.1,596956
2977.2,597022
2977.3,597088
2977.4,597176
2977.5,597035
2977.6,597144
2977.7,597118
2977.8,597069
2977.9,597042
2978,597130
2978.1,597103
2978.2,597098
2978.3,597164
2978.4,597137
2978.5,597203
2978.6,597083
2978.7,596963
2978.8,597258
2978.9,597117
2979,596797
2979.1,597041
2979.2,597036
2979.3,597031
2979.4,597212
2979.5,597071
2979.6,596749
2979.7,597110
2979.8,596990
2979.9,597078
2980,597236
2980.1,596940
2980.2,596975
2980.3,597197
2980.4,596826
2980.5,597236
2980.6,596920
2980.7,597141
2980.8,597021
2980.9,596994
2981,597102
2981.1,597148
2981.2,596966
2981.3,597001
2981.4,596858
2981.5,597082
2981.6,596920
2981.7,597121
2981.8,597167
2981.9,597162
2982,597228
2982.1,597109
2982.2,597060
2982.3,597240
2982.4,596966
2982.5,596961
2982.6,597203
2982.7,597269
2982.8,597242
2982.9,597215
2983,596825
2983.1,596914
2983.2,596887
2983.3,597130
2983.4,597196
2983.5,597076
2983.6,596894
2983.7,597076
2983.8,597049
2983.9,596906
2984,596901
2984.1,597029
2984.2,597232
2984.3,597051
2984.4,597156
2984.5,597129
2984.6,597010
2984.7,597098
2984.8,597071
2984.9,596982
2985,596955
2985.1,597197
2985.2,597212
2985.3,597051
2985.4,597139
2985.5,597226
2985.6,596908
2985.7,597151
2985.8,597124
2985.9,597097
2986,597185
2986.1,597097
2986.2,597131
2986.3,597031
2986.4,596868
2986.5,596935
2986.6,597023
2986.7,596934
2986.8,597084
2986.9,596942
2987,597050
2987.1,597138
2987.2,597070
2987.3,597043
2987.4,597057
2987.5,597185
2987.6,596981
2987.7,597069
2987.8,597042
2987.9,597130
2988,596988
2988.1,596868
2988.2,596934
2988.3,597269
2988.4,597150
2988.5,597145
2988.6,597057
2988.7,596914
2988.8,597003
2988.9,597162
2989,597042
2989.1,597037
2989.2,597083
2989.3,597056
2989.4,597142
2989.5,597022
2989.6,597017
2989.7,596990
2989.8,597171
2989.9,597102
2990,597168
2990.1,597183
2990.2,597156
2990.3,597109
2990.4,596811
2990.5,596878
2990.6,597121
2990.7,597001
2990.8,596974
2990.9,597063
2991,596764
2991.1,596925
2991.2,597075
2991.3,597182
2991.4,597021
2991.5,597201
2991.6,596998
2991.7,597148
2991.8,597006
2991.9,596885
2992,597087
2992.1,597040
2992.2,597159
2992.3,597194
2992.4,597052
2992.5,597140
2992.6,597091
2992.7,597179
2992.8,597174
2992.9,597147
2993,597140
2993.1,597205
2993.2,597137
2993.3,597110
2993.4,597198
2993.5,597056
2993.6,597029
2993.7,597229
2993.8,596797
2993.9,597041
2994,597151
2994.1,597009
2994.2,596866
2994.3,597183
2994.4,597092
2994.5,597087
2994.6,597082
2994.7,597033
2994.8,597006
2994.9,597092
2995,597065
2995.1,597060
2995.2,597148
2995.3,596986
2995.4,597053
2995.5,597004
2995.6,597092
2995.7,597179
2995.8,597153
2995.9,597064
2996,597015
2996.1,596800
2996.2,597045
2996.3,596956
2996.4,597198
2996.5,596975
2996.6,596968
2996.7,596941
2996.8,597029
2996.9,597002
2997,597068
2997.1,597115
2997.2,596972
2997.3,596987
2997.4,597075
2997.5,597007
2997.6,597114
2997.7,597161
2997.8,596925
2997.9,596992
2998,597100
2998.1,597187
2998.2,597211
2998.3,597206
2998.4,597313
2998.5,596922
2998.6,597145
2998.7,597077
2998.8,597298
2998.9,597160
2999,597018
2999.1,597011
2999.2,597077
2999.3,597008
2999.4,596887
2999.5,597091
2999.6,596949
2999.7,597015
2999.8,596966
2999.9,597003
3000,596976
3000.1,597064
3000.2,596921
3000.3,597142
3000.4,596938
3000.5,596933
3000.6,597176
3000.7,596995
3000.8,597215
3000.9,597012
3001,597047
3001.1,596926
3001.2,597015
3001.3,597195
3001.4,597054
3001.5,597120
3001.6,596977
3001.7,596856
3001.8,596965
3001.9,597012
3002,597306
3002.1,596957
3002.2,596930
3002.3,596903
3002.4,597085
3002.5,597058
3002.6,596969
3002.7,596942
3002.8,596977
3002.9,597085
3003,597131
3003.1,597196
3003.2,596922
3003.3,597072
3003.4,596929
3003.5,596996
3003.6,597062
3003.7,596973
3003.8,596968
3003.9,596825
3004,597069
3004.1,596864
3004.2,597108
3004.3,596926
3004.4,596899
3004.5,597142
3004.6,597115
3004.7,597088
3004.8,597246
3004.9,596856
3005,597038
3005.1,597073
3005.2,597139
3005.3,597090
3005.4,597085
3005.5,597173
3005.6,597053
3005.7,597004
3005.8,596977
3005.9,597136
3006,597109
3006.1,597104
3006.2,596806
3006.3,597028
3006.4,597094
3006.5,597109
3006.6,596947
3006.7,596919
3006.8,597008
3006.9,596959
3007,597025
3007.1,597133
3007.2,597106
3007.3,597079
3007.4,597125
3007.5,596867
3007.6,596976
3007.7,597218
3007.8,596921
3007.9,597164
3008,597076
3008.1,597007
3008.2,597000
3008.3,597034
3008.4,597122
3008.5,596918
3008.6,596985
3008.7,597187
3008.8,596836
3008.9,597173
3009,597168
3009.1,597212
3009.2,596895
3009.3,596984
3009.4,597092
3009.5,596950
3009.6,597016
3009.7,597196
3009.8,597035
3009.9,597257
3010,597023
3010.1,596996
3010.2,597062
3010.3,597086
3010.4,597081
3010.5,597054
3010.6,597162
3010.7,597227
3010.8,597044
3010.9,597059
3011,597239
3011.1,597193
3011.2,597051
3011.3,597024
3011.4,597090
3011.5,597156
3011.6,597171
3011.7,597124
3011.8,596960
3011.9,597141
3012,597134
3012.1,596994
3012.2,597194
3012.3,597033
3012.4,597233
3012.5,597050
3012.6,597023
3012.7,596996
3012.8,596969
3012.9,597150
3013,597101
3013.1,597116
3013.2,596880
3013.3,596946
3013.4,597015
3013.5,597081
3013.6,597125
3013.7,597140
3013.8,596998
3013.9,597178
3014,597037
3014.1,597083
3014.2,597076
3014.3,596955
3014.4,597198
3014.5,596995
3014.6,596945
3014.7,597127
3014.8,596987
3014.9,596844
3015,596910
3015.1,597134
3015.2,597199
3015.3,597172
3015.4,597033
3015.5,597119
3015.6,597050
3015.7,596907
3015.8,597181
3015.9,597062
3016,597150
3016.1,597215
3016.2,597074
3016.3,597232
3016.4,597113
3016.5,596814
3016.6,596903
3016.7,596760
3016.8,597212
3016.9,596987
3017,596866
3017.1,596955
3017.2,597021
3017.3,596994
3017.4,596945
3017.5,597187
3017.6,597068
3017.7,597133
3017.8,597160
3017.9,597264
3018,597062
3018.1,596942
3018.2,597276
3018.3,596981
3018.4,596934
3018.5,597113
3018.6,596877
3018.7,597235
3018.8,597093
3018.9,597273
3019,596978
3019.1,597002
3019.2,596901
3019.3,597237
3019.4,597210
3019.5,596913
3019.6,597053
3019.7,596952
3019.8,597080
3019.9,597146
3020,597119
3020.1,597185
3020.2,597097
3020.3,596954
3020.4,597082
3020.5,597055
3020.6,597121
3020.7,596917
3020.8,596912
3020.9,597094
3021,596835
3021.1,597172
3021.2,596990
3021.3,596805
3021.4,597122
3021.5,597210
3021.6,597183
3021.7,597134
3021.8,597066
3021.9,597039
3022,597034
3022.1,597100
3022.2,596957
3022.3,597024
3022.4,597090
3022.5,597063
3022.6,597036
3022.7,597123
3022.8,596897
3022.9,596964
3023,597113
3023.1,597086
3023.2,596788
3023.3,597240
3023.4,596921
3023.5,597256
3023.6,597115
3023.7,597088
3023.8,597000
3023.9,596973
3024,597132
3024.1,596896
3024.2,597253
3024.3,597112
3024.4,596814
3024.5,597090
3024.6,597041
3024.7,596898
3024.8,596871
3024.9,597228
3025,596910
3025.1,596914
3025.2,596949
3025.3,597077
3025.4,597165
3025.5,597230
3025.6,596934
3025.7,596822
3025.8,597220
3025.9,597194
3026,597052
3026.1,597056
3026.2,596914
3026.3,597117
3026.4,597130
3026.5,596988
3026.6,597054
3026.7,597120
3026.8,597124
3026.9,597004
3027,596977
3027.1,597197
3027.2,597109
3027.3,597175
3027.4,597055
3027.5,597028
3027.6,597001
3027.7,596890
3027.8,597018
3027.9,596929
3028,596785
3028.1,596968
3028.2,596941
3028.3,597007
3028.4,596958
3028.5,597108
3028.6,597173
3028.7,597261
3028.8,596945
3028.9,596989
3029,596888
3029.1,597132
3029.2,596834
3029.3,597170
3029.4,596989
3029.5,596940
3029.6,597068
3029.7,597155
3029.8,596835
3029.9,597286
3030,596991
3030.1,596848
3030.2,596976
3030.3,596949
3030.4,597191
3030.5,597103
3030.6,596899
3030.7,597027
3030.8,597269
3030.9,597066
3031,596924
3031.1,596990
3031.2,597100
3031.3,596842
3031.4,597086
3031.5,597151
3031.6,597103
3031.7,597282
3031.8,596987
3031.9,597229
3032,597087
3032.1,597153
3032.2,597011
3032.3,597233
3032.4,597072
3032.5,597252
3032.6,597018
3032.7,597062
3032.8,597128
3032.9,597101
3033,597074
3033.1,597276
3033.2,597113
3033.3,597179
3033.4,597152
3033.5,597032
3033.6,597005
3033.7,596916
3033.8,597137
3033.9,596933
3034,597083
3034.1,597149
3034.2,597122
3034.3,597095
3034.4,596984
3034.5,597019
3034.6,597085
3034.7,596964
3034.8,597031
3034.9,596942
3035,596892
3035.1,597020
3035.2,596993
3035.3,597081
3035.4,597147
3035.5,597120
3035.6,596978
3035.7,597086
3035.8,597152
3035.9,597217
3036,597056
3036.1,597122
3036.2,597095
3036.3,597088
3036.4,597061
3036.5,597012
3036.6,597192
3036.7,597073
3036.8,596930
3036.9,597265
3037,597217
3037.1,597190
3037.2,597080
3037.3,596959
3037.4,596910
3037.5,597038
3037.6,597126
3037.7,597284
3037.8,596778
3037.9,597138
3038,596996
3038.1,597082
3038.2,597147
3038.3,596964
3038.4,596958
3038.5,597273
3038.6,597113
3038.7,597064
3038.8,597129
3038.9,597173
3039,597260
3039.1,597141
3039.2,597053
3039.3,597004
3039.4,596954
3039.5,597082
3039.6,596900
3039.7,596873
3039.8,597055
3039.9,597006
3040,596820
3040.1,596929
3040.2,596995
3040.3,597061
3040.4,597015
3040.5,596965
3040.6,597166
3040.7,596931
3040.8,596904
3040.9,597178
3041,597109
3041.1,597153
3041.2,597033
3041.3,596984
3041.4,596957
3041.5,597138
3041.6,596934
3041.7,597062
3041.8,597055
3041.9,596986
3042,597094
3042.1,597025
3042.2,597184
3042.3,597042
3042.4,597035
3042.5,597101
3042.6,596938
3042.7,597120
3042.8,597093
3042.9,597044
3043,597036
3043.1,597102
3043.2,597053
3043.3,597099
3043.4,597072
3043.5,597065
3043.6,597016
3043.7,597082
3043.8,597033
3043.9,596870
3044,597094
3044.1,597140
3044.2,597133
3044.3,597042
3044.4,597108
3044.5,597081
3044.6,597054
3044.7,596965
3044.8,597185
3044.9,597159
3045,597017
3045.1,597197
3045.2,597056
3045.3,597143
3045.4,597187
3045.5,596868
3045.6,597111
3045.7,597084
3045.8,597264
3045.9,597062
3046,596740
3046.1,596870
3046.2,597113
3046.3,596909
3046.4,596975
3046.5,597156
3046.6,596836
3046.7,597142
3046.8,596938
3046.9,596889
3047,597070
3047.1,596981
3047.2,597016
3047.3,596967
3047.4,597209
3047.5,597160
3047.6,597050
3047.7,596845
3047.8,597089
3047.9,597216
3048,596803
3048.1,597079
3048.2,597030
3048.3,597003
3048.4,596882
3048.5,597103
3048.6,596782
3048.7,597120
3048.8,597300
3048.9,596889
3049,596799
3049.1,596928
3049.2,596994
3049.3,597060
3049.4,597126
3049.5,596828
3049.6,597072
3049.7,597045
3049.8,597089
3049.9,597040
3050,596857
3050.1,596924
3050.2,597012
3050.3,596847
3050.4,596914
3050.5,596886
3050.6,597129
3050.7,596925
3050.8,596992
3050.9,596849
3051,597009
3051.1,596982
3051.2,597048
3051.3,597021
3051.4,596951
3051.5,596902
3051.6,597010
3051.7,596867
3051.8,596934
3051.9,596907
3052,596953
3052.1,596997
3052.2,596990
3052.3,596963
3052.4,596914
3052.5,596844
3052.6,597026
3052.7,596883
3052.8,596992
3052.9,596942
3053,597185
3053.1,596959
3053.2,597006
3053.3,596999
3053.4,596971
3053.5,596806
3053.6,597165
3053.7,596939
3053.8,597027
3053.9,597155
3054,597013
3054.1,597079
3054.2,596758
3054.3,596919
3054.4,597007
3054.5,596980
3054.6,596931
3054.7,596881
3054.8,597063
3054.9,596920
3055,597163
3055.1,596982
3055.2,596932
3055.3,596883
3055.4,596813
3055.5,596880
3055.6,596988
3055.7,597076
3055.8,597027
3055.9,597071
3056,596951
3056.1,597017
3056.2,596990
3056.3,597056
3056.4,596871
3056.5,597031
3056.6,596930
3056.7,596997
3056.8,597063
3056.9,596900
3057,596945
3057.1,597053
3057.2,597026
3057.3,596998
3057.4,596855
3057.5,596880
3057.6,596830
3057.7,596823
3057.8,597274
3057.9,597133
3058,596929
3058.1,596995
3058.2,597237
3058.3,596918
3058.4,597161
3058.5,597112
3058.6,597178
3058.7,596975
3058.8,596831
3058.9,596960
3059,597026
3059.1,597092
3059.2,596981
3059.3,597131
3059.4,596927
3059.5,597077
3059.6,597121
3059.7,597072
3059.8,596867
3059.9,596956
3060,597022
3060.1,596901
3060.2,596829
3060.3,596896
3060.4,597139
3060.5,596841
3060.6,597024
3060.7,596881
3060.8,597195
3060.9,596991
3061,597233
3061.1,596937
3061.2,596910
3061.3,596954
3061.4,596904
3061.5,597148
3061.6,597028
3061.7,596916
3061.8,596889
3061.9,597225
3062,597154
3062.1,597034
3062.2,597100
3062.3,597073
3062.4,596868
3062.5,596913
3062.6,597063
3062.7,597282
3062.8,596987
3062.9,597053
3063,597119
3063.1,596954
3063.2,597197
3063.3,597148
3063.4,596944
3063.5,597279
3063.6,597076
3063.7,597049
3063.8,597062
3063.9,596919
3064,596986
3064.1,597052
3064.2,597232
3064.3,597297
3064.4,596792
3064.5,597014
3064.6,597080
3064.7,597146
3064.8,597036
3064.9,596853
3065,596981
3065.1,596932
3065.2,596998
3065.3,596770
3065.4,597037
3065.5,596832
3065.6,597054
3065.7,597027
3065.8,596956
3065.9,596750
3066,596817
3066.1,596906
3066.2,596856
3066.3,596712
3066.4,596873
3066.5,597117
3066.6,597089
3066.7,597155
3066.8,596835
3066.9,597057
3067,597216
3067.1,596803
3067.2,597162
3067.3,596958
3067.4,596909
3067.5,596859
3067.6,597081
3067.7,597054
3067.8,597120
3067.9,597093
3068,597251
3068.1,596816
3068.2,597039
3068.3,596918
3068.4,596984
3068.5,597257
3068.6,597209
3068.7,597067
3068.8,597080
3068.9,597145
3069,596942
3069.1,597123
3069.2,596782
3069.3,597047
3069.4,596998
3069.5,597064
3069.6,597015
3069.7,597019
3069.8,596898
3069.9,597026
3070,597092
3070.1,597158
3070.2,597109
3070.3,596998
3070.4,596971
3070.5,597099
3070.6,596872
3070.7,596845
3070.8,596912
3070.9,596884
3071,596951
3071.1,597079
3071.2,596874
3071.3,597188
3071.4,596869
3071.5,596957
3071.6,597024
3071.7,596881
3071.8,597040
3071.9,596781
3072,596754
3072.1,596937
3072.2,596887
3072.3,596838
3072.4,596904
3072.5,596855
3072.6,597098
3072.7,597071
3072.8,597137
3072.9,597066
3073,597132
3073.1,596896
3073.2,597232
3073.3,596819
3073.4,597095
3073.5,596890
3073.6,596841
3073.7,597085
3073.8,597036
3073.9,596893
3074,596803
3074.1,596964
3074.2,596726
3074.3,597064
3074.4,596922
3074.5,596988
3074.6,597147
3074.7,597036
3074.8,596894
3074.9,597137
3075,597088
3075.1,597154
3075.2,597105
3075.3,596922
3075.4,597051
3075.5,597178
3075.6,597067
3075.7,597133
3075.8,596929
3075.9,597172
3076,596914
3076.1,597250
3076.2,597201
3076.3,596998
3076.4,597249
3076.5,596859
3076.6,597081
3076.7,596938
3076.8,596982
3076.9,596871
3077,597114
3077.1,596721
3077.2,596945
3077.3,597104
3077.4,597055
3077.5,597099
3077.6,596800
3077.7,597138
3077.8,596840
3077.9,597000
3078,596951
3078.1,596923
3078.2,597051
3078.3,596963
3078.4,597029
3078.5,596979
3078.6,597024
3078.7,596996
3078.8,597062
3078.9,597013
3079,596944
3079.1,597010
3079.2,597003
3079.3,596954
3079.4,596926
3079.5,596857
3079.6,597017
3079.7,597083
3079.8,596960
3079.9,597027
3080,596977
3080.1,596908
3080.2,596818
3080.3,597040
3080.4,597033
3080.5,596984
3080.6,596915
3080.7,596981
3080.8,597140
3080.9,596904
3081,596991
3081.1,596847
3081.2,596892
3081.3,596938
3081.4,597046
3081.5,596997
3081.6,596854
3081.7,596899
3081.8,596755
3081.9,597009
3082,597004
3082.1,597109
3082.2,596789
3082.3,596739
3082.4,596922
3082.5,597050
3082.6,597116
3082.7,596912
3082.8,597155
3082.9,596991
3083,596879
3083.1,597123
3083.2,596824
3083.3,596755
3083.4,596842
3083.5,596980
3083.6,596859
3083.7,596714
3083.8,596781
3083.9,597233
3084,597070
3084.1,597228
3084.2,596816
3084.3,596788
3084.4,596949
3084.5,596921
3084.6,597235
3084.7,597000
3084.8,596951
3084.9,597017
3085,596874
3085.1,596879
3085.2,597193
3085.3,597051
3085.4,596814
3085.5,596881
3085.6,597309
3085.7,597107
3085.8,597036
3085.9,597008
3086,597228
3086.1,597201
3086.2,596976
3086.3,597249
3086.4,596953
3086.5,597081
3086.6,597032
3086.7,597098
3086.8,597164
3086.9,596896
3087,596910
3087.1,596977
3087.2,597197
3087.3,596878
3087.4,596902
3087.5,596875
3087.6,596983
3087.7,597111
3087.8,597155
3087.9,596951
3088,596995
3088.1,596968
3088.2,596921
3088.3,597007
3088.4,597051
3088.5,597002
3088.6,596974
3088.7,597041
3088.8,596971
3088.9,596942
3089,597008
3089.1,597052
3089.2,597003
3089.3,596976
3089.4,596813
3089.5,596857
3089.6,596944
3089.7,597278
3089.8,596772
3089.9,596933
3090,596906
3090.1,596834
3090.2,596784
3090.3,597029
3090.4,597095
3090.5,597046
3090.6,597204
3090.7,596771
3090.8,597035
3090.9,597101
3091,596959
3091.1,597025
3091.2,596798
3091.3,596844
3091.4,596931
3091.5,596881
3091.6,596854
3091.7,596804
3091.8,596829
3091.9,596918
3092,596794
3092.1,597131
3092.2,597082
3092.3,596855
3092.4,597037
3092.5,597103
3092.6,596867
3092.7,596795
3092.8,597018
3092.9,596812
3093,596973
3093.1,597154
3093.2,596896
3093.3,596752
3093.4,596797
3093.5,596957
3093.6,596930
3093.7,596786
3093.8,596853
3093.9,596960
3094,597026
3094.1,597008
3094.2,596865
3094.3,596954
3094.4,597059
3094.5,596988
3094.6,597054
3094.7,596912
3094.8,596978
3094.9,596951
3095,596839
3095.1,596789
3095.2,596950
3095.3,596900
3095.4,596756
3095.5,596939
3095.6,596870
3095.7,596914
3095.8,596813
3095.9,597035
3096,597101
3096.1,596897
3096.2,596847
3096.3,597007
3096.4,596864
3096.5,596814
3096.6,597151
3096.7,596925
3096.8,596992
3096.9,596964
3097,597070
3097.1,597043
3097.2,596994
3097.3,596882
3097.4,596813
3097.5,596899
3097.6,597028
3097.7,596978
3097.8,597044
3097.9,596933
3098,597176
3098.1,597012
3098.2,597140
3098.3,596819
3098.4,597156
3098.5,596930
3098.6,596903
3098.7,597085
3098.8,596920
3098.9,596870
3099,597206
3099.1,596981
3099.2,596954
3099.3,597227
3099.4,597179
3099.5,596859
3099.6,596809
3099.7,597032
3099.8,597005
3099.9,596799
3100,597136
3100.1,597065
3100.2,596954
3100.3,596811
3100.4,596783
3100.5,596850
3100.6,596895
3100.7,596939
3100.8,596974
3100.9,597040
3101,597106
3101.1,596901
3101.2,596945
3101.3,596874
3101.4,597117
3101.5,596702
3101.6,597041
3101.7,596836
3101.8,596974
3101.9,597102
3102,596843
3102.1,597180
3102.2,596976
3102.3,596927
3102.4,596931
3102.5,596788
3102.6,597010
3102.7,596961
3102.8,597142
3102.9,596916
3103,596888
3103.1,597017
3103.2,596967
3103.3,597011
3103.4,597077
3103.5,596873
3103.6,596939
3103.7,596952
3103.8,596628
3103.9,596969
3104,596857
3104.1,597110
3104.2,596948
3104.3,596824
3104.4,597046
3104.5,596841
3104.6,596979
3104.7,596952
3104.8,597018
3104.9,596759
3105,597189
3105.1,597141
3105.2,596778
3105.3,596887
3105.4,596954
3105.5,596998
3105.6,596855
3105.7,597169
3105.8,597027
3105.9,596822
3106,597159
3106.1,596955
3106.2,596999
3106.3,596908
3106.4,597170
3106.5,597236
3106.6,596939
3106.7,597099
3106.8,597050
3106.9,596865
3107,596857
3107.1,596924
3107.2,597083
3107.3,597014
3107.4,596943
3107.5,596799
3107.6,597002
3107.7,596859
3107.8,597019
3107.9,597043
3108,596806
3108.1,596893
3108.2,596959
3108.3,596793
3108.4,596954
3108.5,597227
3108.6,596835
3108.7,596921
3108.8,596872
3108.9,597208
3109,596889
3109.1,596913
3109.2,596906
3109.3,596834
3109.4,597170
3109.5,596851
3109.6,597011
3109.7,596868
3109.8,596914
3109.9,596865
3110,596951
3110.1,597017
3110.2,597019
3110.3,596876
3110.4,596943
3110.5,597144
3110.6,597053
3110.7,597004
3110.8,596977
3110.9,596833
3111,596900
3111.1,597079
3111.2,596895
3111.3,596939
3111.4,597005
3111.5,597071
3111.6,597137
3111.7,597088
3111.8,596923
3111.9,596874
3112,596982
3112.1,597026
3112.2,596979
3112.3,597001
3112.4,597067
3112.5,596903
3112.6,597011
3112.7,596962
3112.8,597101
3112.9,596936
3113,596929
3113.1,597150
3113.2,597215
3113.3,596897
3113.4,596847
3113.5,596871
3113.6,597073
3113.7,596814
3113.8,596881
3113.9,596947
3114,596949
3114.1,597131
3114.2,596873
3114.3,597052
3114.4,596983
3114.5,596934
3114.6,596978
3114.7,596951
3114.8,597037
3114.9,597103
3115,596918
3115.1,597098
3115.2,597029
3115.3,596706
3115.4,596930
3115.5,596996
3115.6,596925
3115.7,597126
3115.8,596942
3115.9,597030
3116,597001
3116.1,596951
3116.2,596860
3116.3,597020
3116.4,597105
3116.5,596943
3116.6,596913
3116.7,596864
3116.8,596772
3116.9,597151
3117,596831
3117.1,596804
3117.2,596828
3117.3,596873
3117.4,596706
3117.5,596910
3117.6,596860
3117.7,596926
3117.8,596973
3117.9,597037
3118,597081
3118.1,597054
3118.2,597004
3118.3,596935
3118.4,596979
3118.5,597023
3118.6,596996
3118.7,596967
3118.8,597033
3118.9,596964
3119,597008
3119.1,596780
3119.2,596909
3119.3,596859
3119.4,596810
3119.5,596970
3119.6,597036
3119.7,597007
3119.8,597073
3119.9,597178
3120,596764
3120.1,596925
3120.2,596833
3120.3,597015
3120.4,596966
3120.5,596917
3120.6,596983
3120.7,597027
3120.8,596884
3120.9,596857
3121,597037
3121.1,596987
3121.2,596938
3121.3,596962
3121.4,597028
3121.5,596885
3121.6,596930
3121.7,596880
3121.8,597060
3121.9,596969
3122,597035
3122.1,597215
3122.2,596958
3122.3,597002
3122.4,597046
3122.5,596997
3122.6,596970
3122.7,597036
3122.8,596965
3122.9,597031
3123,596959
3123.1,597026
3123.2,596976
3123.3,596949
3123.4,597086
3123.5,596922
3123.6,596778
3123.7,597074
3123.8,596931
3123.9,597091
3124,597022
3124.1,596950
3124.2,596923
3124.3,596967
3124.4,596918
3124.5,597119
3124.6,597143
3124.7,596885
3124.8,597087
3124.9,597038
3125,596968
3125.1,596897
3125.2,597056
3125.3,596914
3125.4,597000
3125.5,596951
3125.6,596765
3125.7,597019
3125.8,596930
3125.9,596920
3126,596986
3126.1,596937
3126.2,596981
3126.3,596932
3126.4,597113
3126.5,596855
3126.6,597035
3126.7,596986
3126.8,596800
3126.9,596938
3127,597046
3127.1,596977
3127.2,597021
3127.3,596856
3127.4,597016
3127.5,596873
3127.6,597075
3127.7,597006
3127.8,596956
3127.9,597001
3128,597045
3128.1,596902
3128.2,597061
3128.3,596762
3128.4,596963
3128.5,597122
3128.6,596864
3128.7,596856
3128.8,596997
3128.9,596947
3129,596898
3129.1,597170
3129.2,596912
3129.3,596979
3129.4,597045
3129.5,597069
3129.6,596904
3129.7,596926
3129.8,596919
3129.9,596869
3130,597051
3130.1,597002
3130.2,596848
3130.3,596977
3130.4,596717
3130.5,597014
3130.6,596944
3130.7,596989
3130.8,596877
3130.9,597098
3131,597049
3131.1,597000
3131.2,596951
3131.3,596933
3131.4,596906
3131.5,597034
3131.6,597004
3131.7,597070
3131.8,596863
3131.9,596868
3132,596996
3132.1,597040
3132.2,597011
3132.3,596942
3132.4,596986
3132.5,596936
3132.6,596793
3132.7,597088
3132.8,596924
3132.9,596874
3133,597034
3133.1,596985
3133.2,596841
3133.3,596982
3133.4,596816
3133.5,596903
3133.6,596905
3133.7,596877
3133.8,596944
3133.9,596988
3134,597054
3134.1,596983
3134.2,597069
3134.3,596926
3134.4,596950
3134.5,596901
3134.6,596945
3134.7,597104
3134.8,597075
3134.9,596913
3135,597072
3135.1,597023
3135.2,596951
3135.3,596808
3135.4,596895
3135.5,596845
3135.6,596912
3135.7,596956
3135.8,596864
3135.9,596951
3136,597078
3136.1,597122
3136.2,596918
3136.3,596962
3136.4,597101
3136.5,596937
3136.6,596930
3136.7,597089
3136.8,597018
3136.9,596949
3137,597015
3137.1,597100
3137.2,596916
3137.3,596886
3137.4,597004
3137.5,597070
3137.6,597021
3137.7,596972
3137.8,596922
3137.9,597009
3138,597011
3138.1,597003
3138.2,597069
3138.3,596885
3138.4,596855
3138.5,597015
3138.6,596924
3138.7,596780
3138.8,596940
3138.9,597027
3139,596861
3139.1,596863
3139.2,597065
3139.3,596764
3139.4,596831
3139.5,597013
3139.6,596942
3139.7,596986
3139.8,596978
3139.9,596929
3140,596995
3140.1,597019
3140.2,597063
3140.3,596898
3140.4,597058
3140.5,597009
3140.6,597075
3140.7,596848
3140.8,596954
3140.9,596905
3141,596761
3141.1,596922
3141.2,597008
3141.3,596939
3141.4,596961
3141.5,596953
3141.6,596904
3141.7,596928
3141.8,596879
3141.9,596923
3142,597060
3142.1,596918
3142.2,597004
3142.3,596818
3142.4,596999
3142.5,597023
3142.6,597089
3142.7,597059
3142.8,597010
3142.9,596825
3143,596963
3143.1,596851
3143.2,596824
3143.3,596930
3143.4,596975
3143.5,597041
3143.6,596696
3143.7,596942
3143.8,597008
3143.9,596937
3144,597023
3144.1,596932
3144.2,596976
3144.3,597042
3144.4,597108
3144.5,596849
3144.6,596894
3144.7,596822
3144.8,596982
3144.9,597141
3145,597092
3145.1,597158
3145.2,597109
3145.3,596766
3145.4,596988
3145.5,597054
3145.6,597120
3145.7,596800
3145.8,597093
3145.9,596982
3146,596722
3146.1,596883
3146.2,597012
3146.3,597016
3146.4,596944
3146.5,597050
3146.6,596728
3146.7,596952
3146.8,597111
3146.9,596907
3147,596835
3147.1,597057
3147.2,597007
3147.3,597051
3147.4,596846
3147.5,596891
3147.6,596935
3147.7,597156
3147.8,596992
3147.9,597036
3148,596831
3148.1,596833
3148.2,597150
3148.3,596892
3148.4,596998
3148.5,596770
3148.6,596931
3148.7,597090
3148.8,596906
3148.9,596992
3149,596826
3149.1,596987
3149.2,596937
3149.3,596981
3149.4,596818
3149.5,596788
3149.6,596833
3149.7,596783
3149.8,597037
3149.9,596894
3150,597054
3150.1,596795
3150.2,596839
3150.3,597154
3150.4,597021
3150.5,596878
3150.6,596945
3150.7,596873
3150.8,597073
3150.9,596845
3151,596701
3151.1,596862
3151.2,596813
3151.3,596879
3151.4,596924
3151.5,596852
3151.6,596918
3151.7,597139
3151.8,597029
3151.9,596979
3152,597023
3152.1,596858
3152.2,596714
3152.3,597146
3152.4,596825
3152.5,596944
3152.6,596778
3152.7,596842
3152.8,596909
3152.9,596859
3153,596810
3153.1,596834
3153.2,597014
3153.3,597005
3153.4,596682
3153.5,597114
3153.6,597065
3153.7,596954
3153.8,596905
3153.9,596949
3154,596805
3154.1,596850
3154.2,597278
3154.3,597054
3154.4,597005
3154.5,596955
3154.6,597154
3154.7,596928
3154.8,596858
3154.9,597060
3155,597011
3155.1,596962
3155.2,597067
3155.3,596840
3155.4,596885
3155.5,596835
3155.6,596902
3155.7,596946
3155.8,597166
3155.9,597096
3156,596869
3156.1,597090
3156.2,596979
3156.3,596952
3156.4,596860
3156.5,597018
3156.6,596875
3156.7,596942
3156.8,596986
3156.9,596916
3157,597096
3157.1,596889
3157.2,596839
3157.3,596695
3157.4,597085
3157.5,596901
3157.6,596945
3157.7,596915
3157.8,597043
3157.9,596816
3158,596976
3158.1,597042
3158.2,596971
3158.3,596922
3158.4,597028
3158.5,597094
3158.6,596867
3158.7,597027
3158.8,596955
3158.9,596789
3159,597012
3159.1,596963
3159.2,596829
3159.3,596989
3159.4,596962
3159.5,597067
3159.6,597018
3159.7,596791
3159.8,597106
3159.9,596902
3160,596852
3160.1,597166
3160.2,597210
3160.3,596953
3160.4,597090
3160.5,596979
3160.6,596930
3160.7,596764
3160.8,597080
3160.9,597124
3161,596897
3161.1,596753
3161.2,597030
3161.3,597020
3161.4,596971
3161.5,597108
3161.6,596765
3161.7,597010
3161.8,596898
3161.9,597234
3162,597163
3162.1,596821
3162.2,597043
3162.3,596994
3162.4,596967
3162.5,597126
3162.6,597055
3162.7,596828
3162.8,597050
3162.9,597093
3163,597044
3163.1,597110
3163.2,596884
3163.3,597083
3163.4,597127
3163.5,596985
3163.6,596756
3163.7,597187
3163.8,597116
3163.9,596858
3164,596903
3164.1,596853
3164.2,596897
3164.3,597057
3164.4,596946
3164.5,596958
3164.6,596909
3164.7,596953
3164.8,596997
3164.9,596769
3165,596888
3165.1,596880
3165.2,596987
3165.3,597031
3165.4,597075
3165.5,597057
3165.6,596914
3165.7,596748
3165.8,596971
3165.9,597015
3166,596787
3166.1,596832
3166.2,596898
3166.3,597004
3166.4,596955
3166.5,596883
3166.6,597043
3166.7,596994
3166.8,597153
3166.9,596833
3167,597055
3167.1,596983
3167.2,597120
3167.3,597093
3167.4,596866
3167.5,596722
3167.6,597132
3167.7,596694
3167.8,596834
3167.9,596900
3168,596851
3168.1,596917
3168.2,596729
3168.3,596773
3168.4,596996
3168.5,596946
3168.6,597106
3168.7,597149
3168.8,596985
3168.9,596852
3169,596958
3169.1,597159
3169.2,596975
3169.3,597019
3169.4,596907
3169.5,597199
3169.6,597150
3169.7,597008
3169.8,596897
3169.9,596825
3170,596943
3170.1,596820
3170.2,597249
3170.3,597086
3170.4,597130
3170.5,596809
3170.6,597043
3170.7,596804
3170.8,597026
3170.9,596798
3171,596999
3171.1,596981
3171.2,596954
3171.3,597060
3171.4,596895
3171.5,596939
3171.6,596983
3171.7,596777
3171.8,597000
3171.9,597044
3172,596722
3172.1,596923
3172.2,596967
3172.3,596856
3172.4,597077
3172.5,596966
3172.6,596800
3172.7,597001
3172.8,597138
3172.9,596996
3173,597061
3173.1,597127
3173.2,596941
3173.3,596712
3173.4,596640
3173.5,596980
3173.6,597024
3173.7,596881
3173.8,596925
3173.9,596853
3174,596991
3174.1,596962
3174.2,597101
3174.3,597052
3174.4,596941
3174.5,596869
3174.6,597091
3174.7,596926
3174.8,596970
3174.9,596921
3175,596809
3175.1,596853
3175.2,596960
3175.3,597004
3175.4,596860
3175.5,596998
3175.6,596887
3175.7,597201
3175.8,597037
3175.9,596988
3176,596916
3176.1,597076
3176.2,596849
3176.3,596682
3176.4,596906
3176.5,596970
3176.6,596878
3176.7,597038
3176.8,597082
3176.9,596877
3177,596984
3177.1,597162
3177.2,596956
3177.3,597115
3177.4,596889
3177.5,596955
3177.6,596789
3177.7,597083
3177.8,597127
3177.9,597170
3178,596756
3178.1,596823
3178.2,596751
3178.3,596952
3178.4,596996
3178.5,597040
3178.6,596991
3178.7,596785
3178.8,596829
3178.9,596874
3179,596918
3179.1,596869
3179.2,597090
3179.3,597041
3179.4,596930
3179.5,596858
3179.6,596786
3179.7,596853
3179.8,597052
3179.9,596731
3180,596892
3180.1,597029
3180.2,596958
3180.3,596697
3180.4,596859
3180.5,596903
3180.6,596854
3180.7,596876
3180.8,597004
3180.9,597048
3181,596883
3181.1,597043
3181.2,596815
3181.3,596976
3181.4,596810
3181.5,597032
3181.6,596710
3181.7,597120
3181.8,597009
3181.9,596801
3182,596888
3182.1,597109
3182.2,596766
3182.3,596927
3182.4,596971
3182.5,596922
3182.6,596850
3182.7,597072
3182.8,597023
3182.9,596678
3183,596933
3183.1,596884
3183.2,596990
3183.3,597034
3183.4,596985
3183.5,596913
3183.6,596873
3183.7,597117
3183.8,596890
3183.9,596840
3184,597247
3184.1,596813
3184.2,597035
3184.3,597079
3184.4,596874
3184.5,597074
3184.6,597210
3184.7,596775
3184.8,597205
3184.9,597156
3185,597107
3185.1,597036
3185.2,596808
3185.3,596831
3185.4,597053
3185.5,596825
3185.6,597162
3185.7,596916
3185.8,596980
3185.9,596815
3186,596859
3186.1,596715
3186.2,596876
3186.3,596878
3186.4,596922
3186.5,596893
3186.6,596843
3186.7,597158
3186.8,596932
3186.9,596840
3187,597113
3187.1,596855
3187.2,596899
3187.3,596943
3187.4,596987
3187.5,597011
3187.6,596866
3187.7,596911
3187.8,597132
3187.9,597175
3188,596833
3188.1,596994
3188.2,596924
3188.3,596895
3188.4,596917
3188.5,596961
3188.6,596985
3188.7,597029
3188.8,597073
3188.9,596908
3189,596742
3189.1,596881
3189.2,596947
3189.3,596991
3189.4,596942
3189.5,597006
3189.6,596914
3189.7,596885
3189.8,597023
3189.9,596837
3190,596924
3190.1,596968
3190.2,596896
3190.3,596825
3190.4,596963
3190.5,596935
3190.6,596979
3190.7,596888
3190.8,596952
3190.9,596976
3191,596947
3191.1,596991
3191.2,596899
3191.3,596966
3191.4,596894
3191.5,597052
3191.6,596887
3191.7,596837
3191.8,596903
3191.9,597021
3192,596950
3192.1,596972
3192.2,596848
3192.3,596987
3192.4,597052
3192.5,596961
3192.6,596733
3192.7,597184
3192.8,597020
3192.9,596835
3193,597015
3193.1,596807
3193.2,596789
3193.3,596896
3193.4,596729
3193.5,596891
3193.6,596935
3193.7,597072
3193.8,596845
3193.9,596952
3194,596996
3194.1,596830
3194.2,596968
3194.3,596740
3194.4,596963
3194.5,597029
3194.6,596864
3194.7,596792
3194.8,597046
3194.9,596818
3195,597040
3195.1,596813
3195.2,597035
3195.3,596964
3195.4,596986
3195.5,597145
3195.6,596825
3195.7,596985
3195.8,597090
3195.9,597112
3196,596769
3196.1,596719
3196.2,597036
3196.3,596831
3196.4,596821
3196.5,596959
3196.6,597097
3196.7,596838
3196.8,596882
3196.9,596770
3197,596931
3197.1,596859
3197.2,597152
3197.3,596988
3197.4,596938
3197.5,596920
3197.6,596871
3197.7,597009
3197.8,596905
3197.9,596950
3198,597016
3198.1,596671
3198.2,596926
3198.3,597010
3198.4,597076
3198.5,596912
3198.6,596976
3198.7,596884
3198.8,596866
3198.9,596890
3199,596861
3199.1,597061
3199.2,597011
3199.3,596878
3199.4,597016
3199.5,596872
3199.6,596979
3199.7,597023
3199.8,597067
3199.9,596723
3200,596862
3200.1,596928
3200.2,597034
3200.3,596869
3200.4,597007
3200.5,597051
3200.6,596918
3200.7,596868
3200.8,596798
3200.9,596863
3201,597155
3201.1,596929
3201.2,596879
3201.3,596830
3201.4,596990
3201.5,596918
3201.6,596847
3201.7,596985
3201.8,596841
3201.9,596886
3202,596836
3202.1,596974
3202.2,596902
3202.3,596693
3202.4,596875
3202.5,597035
3202.6,596985
3202.7,596914
3202.8,596936
3202.9,596949
3203,596993
3203.1,596943
3203.2,597102
3203.3,596876
3203.4,596761
3203.5,596826
3203.6,597048
3203.7,596999
3203.8,597136
3203.9,597025
3204,596838
3204.1,596788
3204.2,596715
3204.3,596665
3204.4,597191
3204.5,596965
3204.6,597164
3204.7,597000
3204.8,596834
3204.9,597014
3205,597058
3205.1,596905
3205.2,597126
3205.3,597055
3205.4,597006
3205.5,597091
3205.6,596978
3205.7,596845
3205.8,596795
3205.9,597110
3206,596946
3206.1,596874
3206.2,597127
3206.3,596878
3206.4,596945
3206.5,596935
3206.6,596979
3206.7,596634
3206.8,597045
3206.9,596996
3207,597062
3207.1,596929
3207.2,596763
3207.3,596901
3207.4,596829
3207.5,597051
3207.6,597095
3207.7,596774
3207.8,596975
3207.9,596841
3208,596769
3208.1,596813
3208.2,597035
3208.3,597018
3208.4,596946
3208.5,596874
3208.6,596981
3208.7,597025
3208.8,596976
3208.9,596747
3209,596886
3209.1,596930
3209.2,596764
3209.3,597080
3209.4,596853
3209.5,597168
3209.6,596942
3209.7,596944
3209.8,596914
3209.9,596865
3210,596793
3210.1,596931
3210.2,596955
3210.3,597019
3210.4,597032
3210.5,596804
3210.6,597119
3210.7,596776
3210.8,597031
3210.9,596845
3211,596910
3211.1,596838
3211.2,596882
3211.3,596927
3211.4,596929
3211.5,596879
3211.6,596849
3211.7,597049
3211.8,596822
3211.9,596982
3212,597026
3212.1,596977
3212.2,596967
3212.3,597104
3212.4,596878
3212.5,596900
3212.6,596850
3212.7,596917
3212.8,596845
3212.9,597159
3213,596817
3213.1,596955
3213.2,597268
3213.3,596950
3213.4,596858
3213.5,596923
3213.6,596945
3213.7,596853
3213.8,596803
3213.9,596848
3214,596798
3214.1,596820
3214.2,596958
3214.3,596929
3214.4,596973
3214.5,596901
3214.6,596832
3214.7,596992
3214.8,596898
3214.9,596848
3215,596799
3215.1,596937
3215.2,597116
3215.3,597025
3215.4,597047
3215.5,596976
3215.6,597062
3215.7,596991
3215.8,597015
3215.9,597151
3216,596987
3216.1,596822
3216.2,597064
3216.3,596930
3216.4,596975
3216.5,596999
3216.6,597043
3216.7,597106
3216.8,596848
3216.9,596850
3217,596988
3217.1,597010
3217.2,597076
3217.3,597254
3217.4,596933
3217.5,596977
3217.6,597021
3217.7,597065
3217.8,597016
3217.9,597038
3218,596873
3218.1,597011
3218.2,597055
3218.3,596983
3218.4,597049
3218.5,597000
3218.6,596929
3218.7,597066
3218.8,597088
3218.9,597039
3219,596990
3219.1,596972
3219.2,597056
3219.3,597099
3219.4,596850
3219.5,597165
3219.6,596845
3219.7,596889
3219.8,596817
3219.9,597111
3220,597062
3220.1,597012
3220.2,596941
3220.3,597100
3220.4,596967
3220.5,596873
3220.6,597002
3220.7,597046
3220.8,596974
3220.9,597133
3221,596791
3221.1,596813
3221.2,596879
3221.3,597079
3221.4,597123
3221.5,596780
3221.6,596824
3221.7,596826
3221.8,596774
3221.9,596997
3222,597041
3222.1,596970
3222.2,596910
3222.3,596996
3222.4,596830
3222.5,597030
3222.6,596803
3222.7,596731
3222.8,597079
3222.9,596936
3223,596864
3223.1,597064
3223.2,596837
3223.3,596975
3223.4,596977
3223.5,596947
3223.6,596898
3223.7,597097
3223.8,596848
3223.9,596776
3224,597206
3224.1,597157
3224.2,596931
3224.3,596859
3224.4,597059
3224.5,596926
3224.6,596876
3224.7,596921
3224.8,596849
3224.9,596893
3225,597092
3225.1,596959
3225.2,596794
3225.3,597109
3225.4,596998
3225.5,597196
3225.6,597104
3225.7,596855
3225.8,597077
3225.9,596850
3226,596894
3226.1,597032
3226.2,596940
3226.3,597181
3226.4,597132
3226.5,597061
3226.6,596833
3226.7,596878
3226.8,596994
3226.9,597006
3227,596872
3227.1,596706
3227.2,596750
3227.3,596889
3227.4,596817
3227.5,597017
3227.6,596968
3227.7,597105
3227.8,597034
3227.9,596901
3228,596809
3228.1,596873
3228.2,596917
3228.3,597117
3228.4,597160
3228.5,596892
3228.6,596978
3228.7,596907
3228.8,597013
3228.9,596763
3229,597079
3229.1,596946
3229.2,596896
3229.3,596940
3229.4,596869
3229.5,596796
3229.6,596935
3229.7,597072
3229.8,596887
3229.9,597047
3230,596766
3230.1,596924
3230.2,596926
3230.3,596782
3230.4,597232
3230.5,596891
3230.6,597205
3230.7,597020
3230.8,597156
3230.9,596930
3231,597036
3231.1,597080
3231.2,596927
3231.3,596991
3231.4,596783
3231.5,596964
3231.6,597162
3231.7,596936
3231.8,596844
3231.9,597117
3232,596795
3232.1,596975
3232.2,596809
3232.3,596970
3232.4,596992
3232.5,596878
3232.6,596711
3232.7,597163
3232.8,596999
3232.9,596865
3233,596910
3233.1,596954
3233.2,596882
3233.3,596926
3233.4,597125
3233.5,597169
3233.6,596785
3233.7,597039
3233.8,596779
3233.9,597207
3234,597044
3234.1,596699
3234.2,596912
3234.3,596957
3234.4,596885
3234.5,596833
3234.6,596877
3234.7,596922
3234.8,596944
3234.9,596894
3235,596844
3235.1,597137
3235.2,596795
3235.3,596839
3235.4,596977
3235.5,596906
3235.6,596972
3235.7,597056
3235.8,596806
3235.9,596756
3236,596873
3236.1,597094
3236.2,596867
3236.3,597027
3236.4,596934
3236.5,596862
3236.6,597000
3236.7,596951
3236.8,597088
3236.9,597039
3237,596831
3237.1,596947
3237.2,596918
3237.3,596731
3237.4,596912
3237.5,596914
3237.6,596863
3237.7,596865
3237.8,596835
3237.9,596879
3238,596808
3238.1,596810
3238.2,596970
3238.3,596992
3238.4,597056
3238.5,597161
3238.6,596935
3238.7,596957
3238.8,596865
3238.9,597003
3239,597067
3239.1,596996
3239.2,597040
3239.3,597084
3239.4,596877
3239.5,596941
3239.6,596869
3239.7,597069
3239.8,596725
3239.9,596980
3240,596888
3240.1,596953
3240.2,596881
3240.3,596925
3240.4,596853
3240.5,596875
3240.6,596878
3240.7,596828
3240.8,597008
3240.9,596843
3241,596865
3241.1,597003
3241.2,596931
3241.3,596839
3241.4,597019
3241.5,597041
3241.6,596876
3241.7,596878
3241.8,597058
3241.9,596873
3242,596917
3242.1,596959
3242.2,596888
3242.3,596910
3242.4,596723
3242.5,596904
3242.6,596949
3242.7,596877
3242.8,596993
3242.9,596785
3243,596871
3243.1,596916
3243.2,596844
3243.3,596982
3243.4,596774
3243.5,596932
3243.6,596955
3243.7,596768
3243.8,597065
3243.9,596951
3244,596995
3244.1,596850
3244.2,597050
3244.3,597072
3244.4,596867
3244.5,596889
3244.6,596891
3244.7,596841
3244.8,596906
3244.9,596950
3245,596878
3245.1,596922
3245.2,597018
3245.3,596989
3245.4,597072
3245.5,596939
3245.6,596773
3245.7,597027
3245.8,596914
3245.9,596842
3246,596906
3246.1,597106
3246.2,596762
3246.3,596764
3246.4,596809
3246.5,596759
3246.6,596940
3246.7,596868
3246.8,596890
3246.9,596892
3247,596863
3247.1,596770
3247.2,596835
3247.3,596763
3247.4,596902
3247.5,596924
3247.6,597237
3247.7,596802
3247.8,596963
3247.9,596849
3248,596776
3248.1,597009
3248.2,596937
3248.3,596908
3248.4,596932
3248.5,597089
3248.6,596882
3248.7,596998
3248.8,596949
3248.9,596877
3249,597015
3249.1,596943
3249.2,596965
3249.3,596936
3249.4,596864
3249.5,596908
3249.6,596952
3249.7,596955
3249.8,597092
3249.9,596811
3250,596991
3250.1,597013
3250.2,597057
3250.3,596850
3250.4,596872
3250.5,596916
3250.6,596887
3250.7,596909
3250.8,596953
3250.9,596955
3251,596821
3251.1,596928
3251.2,596856
3251.3,596784
3251.4,596922
3251.5,597060
3251.6,597104
3251.7,596939
3251.8,596981
3251.9,596889
3252,596912
3252.1,596956
3252.2,597000
3252.3,596948
3252.4,596877
3252.5,596921
3252.6,596943
3252.7,596851
3252.8,596989
3252.9,596940
3253,596751
3253.1,596932
3253.2,597048
3253.3,596956
3253.4,596885
3253.5,596929
3253.6,596857
3253.7,596785
3253.8,596901
3253.9,596872
3254,596822
3254.1,596750
3254.2,596869
3254.3,597026
3254.4,596819
3254.5,596999
3254.6,596834
3254.7,596972
3254.8,596880
3254.9,596828
3255,596944
3255.1,596988
3255.2,596823
3255.3,596867
3255.4,597005
3255.5,596913
3255.6,597029
3255.7,597000
3255.8,597137
3255.9,596856
3256,596858
3256.1,596903
3256.2,596863
3256.3,596947
3256.4,596991
3256.5,596919
3256.6,596964
3256.7,597101
3256.8,596820
3256.9,596885
3257,596813
3257.1,596740
3257.2,597088
3257.3,597132
3257.4,597041
3257.5,597105
3257.6,596782
3257.7,597055
3257.8,597099
3257.9,596870
3258,597072
3258.1,596885
3258.2,596929
3258.3,596951
3258.4,596880
3258.5,596860
3258.6,596926
3258.7,596854
3258.8,597012
3258.9,596941
3259,596849
3259.1,597080
3259.2,596915
3259.3,597168
3259.4,596982
3259.5,597119
3259.6,596658
3259.7,596976
3259.8,597040
3259.9,596949
3260,596877
3260.1,597035
3260.2,597015
3260.3,596985
3260.4,596914
3260.5,596958
3260.6,596866
3260.7,597024
3260.8,596953
3260.9,596764
3261,596809
3261.1,596947
3261.2,597085
3261.3,597013
3261.4,596900
3261.5,596964
3261.6,596892
3261.7,596820
3261.8,597074
3261.9,596867
3262,596710
3262.1,597027
3262.2,596861
3262.3,597019
3262.4,596928
3262.5,596794
3262.6,596878
3262.7,596806
3262.8,596871
3262.9,597009
3263,596937
3263.1,596939
3263.2,597005
3263.3,597047
3263.4,596976
3263.5,596768
3263.6,596926
3263.7,596928
3263.8,597088
3263.9,597037
3264,596965
3264.1,596987
3264.2,596896
3264.3,597011
3264.4,596962
3264.5,597006
3264.6,596912
3264.7,597092
3264.8,596979
3264.9,596845
3265,597044
3265.1,596933
3265.2,597225
3265.3,596650
3265.4,596789
3265.5,596896
3265.6,597149
3265.7,596806
3265.8,596891
3265.9,597028
3266,596935
3266.1,596979
3266.2,596930
3266.3,596994
3266.4,596723
3266.5,597018
3266.6,596924
3266.7,596968
3266.8,597012
3266.9,596941
3267,596985
3267.1,596985
3267.2,596913
3267.3,596958
3267.4,597022
3267.5,597066
3267.6,597068
3267.7,596840
3267.8,597111
3267.9,597040
3268,596875
3268.1,596991
3268.2,597035
3268.3,596785
3268.4,596986
3268.5,596936
3268.6,596958
3268.7,597022
3268.8,597024
3268.9,597046
3269,596724
3269.1,597061
3269.2,596989
3269.3,597011
3269.4,596804
3269.5,596942
3269.6,597101
3269.7,597050
3269.8,596843
3269.9,597001
3270,596887
3270.1,596909
3270.2,597069
3270.3,596725
3270.4,597019
3270.5,596948
3270.6,596970
3270.7,597107
3270.8,596880
3270.9,596925
3271,597009
3271.1,597031
3271.2,597053
3271.3,596981
3271.4,597025
3271.5,597069
3271.6,596998
3271.7,596904
3271.8,596927
3271.9,597013
3272,596899
3272.1,596985
3272.2,596871
3272.3,596799
3272.4,596916
3272.5,596960
3272.6,596888
3272.7,596932
3272.8,597204
3272.9,596977
3273,596789
3273.1,596969
3273.2,596781
3273.3,596826
3273.4,596733
3273.5,596966
3273.6,596966
3273.7,596842
3273.8,596770
3273.9,596793
3274,597046
3274.1,596955
3274.2,596955
3274.3,597019
3274.4,596811
3274.5,596876
3274.6,596898
3274.7,596900
3274.8,596986
3274.9,596756
3275,596937
3275.1,596865
3275.2,597003
3275.3,596983
3275.4,596934
3275.5,597152
3275.6,596966
3275.7,596620
3275.8,597125
3275.9,596992
3276,597036
3276.1,597080
3276.2,596893
3276.3,596821
3276.4,596844
3276.5,596729
3276.6,597004
3276.7,596818
3276.8,596766
3276.9,597153
3277,596927
3277.1,597042
3277.2,596877
3277.3,596921
3277.4,596923
3277.5,596965
3277.6,596987
3277.7,596990
3277.8,596918
3277.9,597097
3278,597099
3278.1,596913
3278.2,597028
3278.3,596883
3278.4,596927
3278.5,596855
3278.6,596993
3278.7,596995
3278.8,597017
3278.9,596988
3279,596800
3279.1,596961
3279.2,596847
3279.3,596869
3279.4,596985
3279.5,596861
3279.6,596999
3279.7,596928
3279.8,596950
3279.9,596836
3280,596974
3280.1,596902
3280.2,596966
3280.3,596895
3280.4,596917
3280.5,597035
3280.6,597149
3280.7,596985
3280.8,597049
3280.9,596936
3281,597093
3281.1,596980
3281.2,596846
3281.3,596890
3281.4,596606
3281.5,597018
3281.6,597040
3281.7,597062
3281.8,596835
3281.9,597150
3282,596870
3282.1,596892
3282.2,596914
3282.3,596936
3282.4,596980
3282.5,597002
3282.6,597161
3282.7,597090
3282.8,596997
3282.9,597019
3283,597063
3283.1,596992
3283.2,596763
3283.3,596786
3283.4,596808
3283.5,596830
3283.6,597030
3283.7,596865
3283.8,597096
3283.9,596909
3284,597140
3284.1,596891
3284.2,596976
3284.3,596926
3284.4,596948
3284.5,596814
3284.6,596836
3284.7,596858
3284.8,597058
3284.9,597080
3285,596853
3285.1,597053
3285.2,596897
3285.3,597075
3285.4,597003
3285.5,596932
3285.6,596954
3285.7,597091
3285.8,596864
3285.9,596770
3286,597086
3286.1,596805
3286.2,596921
3286.3,596965
3286.4,596809
3286.5,596916
3286.6,596980
3286.7,597002
3286.8,596930
3286.9,596816
3287,597048
3287.1,596883
3287.2,596811
3287.3,596969
3287.4,596897
3287.5,596877
3287.6,597015
3287.7,596944
3287.8,597008
3287.9,597030
3288,596842
3288.1,596865
3288.2,596867
3288.3,596795
3288.4,597090
3288.5,596903
3288.6,597019
3288.7,596694
3288.8,596811
3288.9,596972
3289,596994
3289.1,596942
3289.2,596870
3289.3,596893
3289.4,596966
3289.5,596917
3289.6,596981
3289.7,596983
3289.8,596889
3289.9,596911
3290,596839
3290.1,596810
3290.2,596948
3290.3,596834
3290.4,596898
3290.5,596804
3290.6,596827
3290.7,596933
3290.8,597071
3290.9,596821
3291,596823
3291.1,596981
3291.2,596793
3291.3,596994
3291.4,596766
3291.5,596944
3291.6,596810
3291.7,596833
3291.8,596738
3291.9,597054
3292,596983
3292.1,596912
3292.2,597142
3292.3,596662
3292.4,597000
3292.5,596906
3292.6,596928
3292.7,596972
3292.8,596994
3292.9,596954
3293,596883
3293.1,597175
3293.2,596833
3293.3,596855
3293.4,596993
3293.5,596879
3293.6,596924
3293.7,596872
3293.8,596894
3293.9,596822
3294,596938
3294.1,596846
3294.2,596911
3294.3,596955
3294.4,596841
3294.5,596883
3294.6,596769
3294.7,596739
3294.8,596858
3294.9,596922
3295,596786
3295.1,596850
3295.2,596988
3295.3,597072
3295.4,596845
3295.5,596983
3295.6,596869
3295.7,596797
3295.8,596933
3295.9,596767
3296,597083
3296.1,597105
3296.2,596952
3296.3,596994
3296.4,597016
3296.5,596923
3296.6,596967
3296.7,597165
3296.8,596917
3296.9,596919
3297,596825
3297.1,596890
3297.2,596818
3297.3,596820
3297.4,596842
3297.5,596864
3297.6,596886
3297.7,596814
3297.8,596837
3297.9,596995
3298,597017
3298.1,596809
3298.2,597155
3298.3,596969
3298.4,597033
3298.5,596826
3298.6,596942
3298.7,596808
3298.8,596735
3298.9,596936
3299,596958
3299.1,596907
3299.2,596835
3299.3,596931
3299.4,596975
3299.5,597019
3299.6,596832
3299.7,596874
3299.8,596896
3299.9,596876
3300,597056
3300.1,596984
3300.2,596913
3300.3,596724
3300.4,596746
3300.5,596957
3300.6,596907
3300.7,596952
3300.8,596838
3300.9,597172
3301,596902
3301.1,597018
3301.2,596620
3301.3,596897
3301.4,596941
3301.5,596941
3301.6,597118
3301.7,596869
3301.8,596797
3301.9,596935
3302,596747
3302.1,596866
3302.2,596908
3302.3,596930
3302.4,597014
3302.5,596880
3302.6,596902
3302.7,597040
3302.8,596853
3302.9,596833
3303,596781
3303.1,596803
3303.2,596847
3303.3,596869
3303.4,596965
3303.5,596987
3303.6,596799
3303.7,596864
3303.8,596886
3303.9,596930
3304,596910
3304.1,596954
3304.2,596903
3304.3,596925
3304.4,596947
3304.5,596991
3304.6,596877
3304.7,596922
3304.8,596711
3304.9,596776
3305,596703
3305.1,596820
3305.2,596705
3305.3,596887
3305.4,597024
3305.5,596953
3305.6,596627
3305.7,596787
3305.8,596883
3305.9,596831
3306,596739
3306.1,596898
3306.2,596920
3306.3,596806
3306.4,596848
3306.5,597163
3306.6,596915
3306.7,596823
3306.8,596728
3306.9,596887
3307,597003
3307.1,596700
3307.2,596975
3307.3,597019
3307.4,596810
3307.5,596832
3307.6,596717
3307.7,597147
3307.8,596804
3307.9,596849
3308,596945
3308.1,596987
3308.2,596893
3308.3,597031
3308.4,596843
3308.5,596845
3308.6,597003
3308.7,596932
3308.8,596795
3308.9,596976
3309,596904
3309.1,597020
3309.2,596948
3309.3,596834
3309.4,597044
3309.5,596879
3309.6,597036
3309.7,596943
3309.8,596945
3309.9,596967
3310,596989
3310.1,596895
3310.2,596824
3310.3,596751
3310.4,597119
3310.5,597006
3310.6,596934
3310.7,596956
3310.8,596768
3310.9,596811
3311,596813
3311.1,596835
3311.2,596879
3311.3,596966
3311.4,597081
3311.5,596640
3311.6,596894
3311.7,596916
3311.8,596866
3311.9,596888
3312,596816
3312.1,596933
3312.2,596839
3312.3,596861
3312.4,596905
3312.5,596927
3312.6,596878
3312.7,596878
3312.8,596900
3312.9,596922
3313,596828
3313.1,596872
3313.2,596800
3313.3,596822
3313.4,596728
3313.5,596845
3313.6,596772
3313.7,596817
3313.8,596839
3313.9,596841
3314,596999
3314.1,596789
3314.2,596717
3314.3,596856
3314.4,596878
3314.5,596922
3314.6,596922
3314.7,596828
3314.8,597028
3314.9,596935
3315,596801
3315.1,596939
3315.2,596961
3315.3,596825
3315.4,596795
3315.5,597089
3315.6,597111
3315.7,596862
3315.8,596884
3315.9,596980
3316,596908
3316.1,596972
3316.2,596858
3316.3,596901
3316.4,596786
3316.5,597040
3316.6,596831
3316.7,597104
3316.8,596781
3316.9,596897
3317,596919
3317.1,596941
3317.2,596807
3317.3,596713
3317.4,596914
3317.5,596936
3317.6,597166
3317.7,596918
3317.8,596824
3317.9,596657
3318,596931
3318.1,597068
3318.2,597090
3318.3,597019
3318.4,597041
3318.5,596813
3318.6,596991
3318.7,597013
3318.8,596920
3318.9,596984
3319,596776
3319.1,596914
3319.2,597052
3319.3,596802
3319.4,597074
3319.5,597044
3319.6,596931
3319.7,596859
3319.8,596881
3319.9,596997
3320,597019
3320.1,596832
3320.2,596896
3320.3,597034
3320.4,596920
3320.5,596942
3320.6,596848
3320.7,597006
3320.8,596798
3320.9,596821
3321,596843
3321.1,596981
3321.2,596981
3321.3,596909
3321.4,596858
3321.5,596786
3321.6,597018
3321.7,597039
3321.8,596864
3321.9,596990
3322,596896
3322.1,596825
3322.2,596804
3322.3,597078
3322.4,596965
3322.5,596871
3322.6,596819
3322.7,597134
3322.8,596863
3322.9,596886
3323,596866
3323.1,597025
3323.2,596721
3323.3,596786
3323.4,596902
3323.5,597018
3323.6,597040
3323.7,596926
3323.8,596877
3323.9,596783
3324,596899
3324.1,596963
3324.2,596943
3324.3,597007
3324.4,596893
3324.5,596799
3324.6,596864
3324.7,596844
3324.8,597002
3324.9,597024
3325,596816
3325.1,597048
3325.2,596860
3325.3,596860
3325.4,596883
3325.5,596811
3325.6,596833
3325.7,596877
3325.8,597013
3325.9,596919
3326,596899
3326.1,596964
3326.2,596892
3326.3,597030
3326.4,596916
3326.5,596822
3326.6,597032
3326.7,596886
3326.8,597002
3326.9,596794
3327,596817
3327.1,596681
3327.2,596681
3327.3,596977
3327.4,596905
3327.5,596811
3327.6,596949
3327.7,597065
3327.8,596698
3327.9,596993
3328,597015
3328.1,596922
3328.2,596670
3328.3,596904
3328.4,597041
3328.5,596854
3328.6,596760
3328.7,597054
3328.8,597076
3328.9,596826
3329,596871
3329.1,596756
3329.2,596704
3329.3,596821
3329.4,596843
3329.5,596729
3329.6,596910
3329.7,596994
3329.8,596743
3329.9,596922
3330,597038
3330.1,597060
3330.2,596810
3330.3,597010
3330.4,596782
3330.5,597054
3330.6,596983
3330.7,596710
3330.8,596911
3330.9,596840
3331,596978
3331.1,596884
3331.2,596906
3331.3,596928
3331.4,596812
3331.5,596856
3331.6,596784
3331.7,596923
3331.8,596829
3331.9,596829
3332,596873
3332.1,596915
3332.2,596843
3332.3,596845
3332.4,596961
3332.5,596983
3332.6,596932
3332.7,596860
3332.8,596882
3332.9,596904
3333,596790
3333.1,596926
3333.2,596738
3333.3,597032
3333.4,597076
3333.5,597098
3333.6,596943
3333.7,597058
3333.8,596682
3333.9,596978
3334,596978
3334.1,597000
3334.2,596749
3334.3,596888
3334.4,596816
3334.5,596838
3334.6,597016
3334.7,596945
3334.8,596905
3334.9,596905
3335,596949
3335.1,597033
3335.2,596939
3335.3,596961
3335.4,596868
3335.5,597099
3335.6,596850
3335.7,597164
3335.8,597071
3335.9,597000
3336,597000
3336.1,597115
3336.2,596951
3336.3,596794
3336.4,596879
3336.5,597037
3336.6,596923
3336.7,596923
3336.8,596851
3336.9,596896
3337,596918
3337.1,596918
3337.2,596940
3337.3,596846
3337.4,596868
3337.5,597026
3337.6,596701
3337.7,596840
3337.8,596956
3337.9,596863
3338,597020
3338.1,596813
3338.2,596741
3338.3,596973
3338.4,596879
3338.5,596879
3338.6,596921
3338.7,596850
3338.8,596872
3338.9,596874
3339,596896
3339.1,596990
3339.2,596824
3339.3,596866
3339.4,596889
3339.5,596679
3339.6,597048
3339.7,597028
3339.8,596977
3339.9,596651
3340,596811
3340.1,596833
3340.2,596813
3340.3,596951
3340.4,596858
3340.5,596900
3340.6,596828
3340.7,596733
3340.8,596872
3340.9,596988
3341,596874
3341.1,596822
3341.2,596728
3341.3,596845
3341.4,596772
3341.5,596889
3341.6,596680
3341.7,596913
3341.8,596977
3341.9,596747
3342,596789
3342.1,596769
3342.2,596928
3342.3,596950
3342.4,596878
3342.5,596764
3342.6,596689
3342.7,596900
3342.8,597006
3342.9,596756
3343,596758
3343.1,597050
3343.2,597094
3343.3,596939
3343.4,596751
3343.5,596773
3343.6,596911
3343.7,596911
3343.8,596933
3343.9,596819
3344,596725
3344.1,596884
3344.2,596812
3344.3,596908
3344.4,596950
3344.5,596950
3344.6,596762
3344.7,596963
3344.8,596985
3344.9,596734
3345,596831
3345.1,596831
3345.2,596935
3345.3,596957
3345.4,596886
3345.5,596908
3345.6,596656
3345.7,597098
3345.8,597067
3345.9,597089
3346,596745
3346.1,596745
3346.2,596768
3346.3,596864
3346.4,596812
3346.5,596718
3346.6,596897
3346.7,596919
3346.8,596941
3346.9,596995
3347,596923
3347.1,597007
3347.2,597007
3347.3,596819
3347.4,597051
3347.5,597073
3347.6,597095
3347.7,596962
3347.8,596868
3347.9,596679
3348,597067
3348.1,596818
3348.2,596903
3348.3,596862
3348.4,596947
3348.5,596947
3348.6,596969
3348.7,597084
3348.8,597013
3348.9,597035
3349,597057
3349.1,596963
3349.2,596713
3349.3,596985
3349.4,596914
3349.5,596936
3349.6,596958
3349.7,596980
3349.8,596729
3349.9,597002
3350,596930
3350.1,596837
3350.2,596975
3350.3,596702
3350.4,596787
3350.5,597112
3350.6,597060
3350.7,596831
3350.8,596759
3350.9,596875
3351,596898
3351.1,596920
3351.2,596962
3351.3,596774
3351.4,596796
3351.5,596818
3351.6,596798
3351.7,597030
3351.8,596842
3351.9,596790
3352,596813
3352.1,596835
3352.2,596951
3352.3,596837
3352.4,596879
3352.5,596785
3352.6,596713
3352.7,596892
3352.8,597122
3352.9,596967
3353,596874
3353.1,596802
3353.2,596980
3353.3,597002
3353.4,597002
3353.5,596931
3353.6,596679
3353.7,596818
3353.8,596997
3353.9,596903
3354,596714
3354.1,597041
3354.2,596969
3354.3,596875
3354.4,596857
3354.5,597035
3354.6,596942
3354.7,597057
3354.8,596870
3354.9,596892
3355,596914
3355.1,596936
3355.2,596842
3355.3,596865
3355.4,596865
3355.5,596676
3355.6,596698
3355.7,596837
3355.8,596953
3355.9,596859
3356,596859
3356.1,596881
3356.2,596809
3356.3,597041
3356.4,596674
3356.5,596791
3356.6,596791
3356.7,596813
3356.8,596898
3356.9,597036
3357,596669
3357.1,596786
3357.2,596786
3357.3,597079
3357.4,596986
3357.5,597008
3357.6,597030
3357.7,596854
3357.8,596854
3357.9,596897
3358,596708
3358.1,597003
3358.2,597118
3358.3,596847
3358.4,596943
3358.5,596891
3358.6,597069
3358.7,596725
3358.8,596841
3358.9,596864
3359,596843
3359.1,596843
3359.2,597063
3359.3,596697
3359.4,596814
3359.5,596952
3359.6,596816
3359.7,596744
3359.8,596786
3359.9,596786
3360,597080
3360.1,596714
3360.2,596904
3360.3,596832
3360.4,596738
3360.5,596803
3360.6,596708
3360.7,596803
3360.8,597034
3360.9,596710
3361,596849
3361.1,596871
3361.2,596914
3361.3,596914
3361.4,596893
3361.5,596958
3361.6,596727
3361.7,596866
3361.8,596749
3361.9,596908
3362,596772
3362.1,596814
3362.2,596742
3362.3,596974
3362.4,596976
3362.5,596766
3362.6,596903
3362.7,596925
3362.8,596853
3362.9,596875
3363,596855
3363.1,596971
3363.2,596971
3363.3,596919
3363.4,596848
3363.5,597118
3363.6,596870
3363.7,596965
3363.8,596715
3363.9,596800
3364,596958
3364.1,596727
3364.2,596844
3364.3,596980
3364.4,596982
3364.5,596888
3364.6,596837
3364.7,596859
3364.8,597037
3364.9,596764
3365,596861
3365.1,596789
3365.2,596831
3365.3,596737
3365.4,596853
3365.5,596969
3365.6,596644
3365.7,596803
3365.8,596942
3365.9,596731
3366,596753
3366.1,597026
3366.2,596870
3366.3,597091
3366.4,597113
3366.5,596631
3366.6,596811
3366.7,596927
3366.8,597042
3366.9,597042
3367,596855
3367.1,597086
3367.2,596899
3367.3,596742
3367.4,596742
3367.5,596859
3367.6,596787
3367.7,596965
3367.8,596809
3367.9,596831
3368,596831
3368.1,596948
3368.2,596622
3368.3,596876
3368.4,596804
3368.5,596784
3368.6,596784
3368.7,596784
3368.8,596806
3368.9,596734
3369,596892
3369.1,596872
3369.2,596756
3369.3,596892
3369.4,596821
3369.5,596937
3369.6,596865
3369.7,596865
3369.8,596981
3369.9,596845
3370,596793
3370.1,596815
3370.2,596837
3370.3,596700
3370.4,596859
3370.5,597049
3370.6,596745
3370.7,596693
3370.8,596810
3370.9,596832
3371,596717
3371.1,596928
3371.2,596950
3371.3,596878
3371.4,596804
3371.5,596826
3371.6,596806
3371.7,596806
3371.8,596828
3371.9,596871
3372,596776
3372.1,596799
3372.2,596799
3372.3,596915
3372.4,596843
3372.5,596865
3372.6,597043
3372.7,596950
3372.8,596950
3372.9,596793
3373,597087
3373.1,597016
3373.2,596765
3373.3,596828
3373.4,596944
3373.5,596944
3373.6,596872
3373.7,596895
3373.8,596917
3373.9,597032
3374,597032
3374.1,596845
3374.2,596782
3374.3,596804
3374.4,596615
3374.5,596732
3374.6,596911
3374.7,597005
3374.8,597027
3374.9,596933
3375,596682
3375.1,596977
3375.2,597092
3375.3,596999
3375.4,596977
3375.5,596789
3375.6,596906
3375.7,596928
3375.8,597065
3375.9,596699
3376,596699
3376.1,596878
3376.2,596900
3376.3,596900
3376.4,596922
3376.5,596766
3376.6,596882
3376.7,597060
3376.8,596966
3376.9,596873
3377,596738
3377.1,596738
3377.2,596855
3377.3,596762
3377.4,597054
3377.5,597076
3377.6,596983
3377.7,596827
3377.8,596849
3377.9,596871
3378,596777
3378.1,596956
3378.2,596956
3378.3,596956
3378.4,596822
3378.5,596727
3378.6,596654
3378.7,596928
3378.8,596950
3378.9,596950
3379,596856
3379.1,596878
3379.2,596901
3379.3,597131
3379.4,596806
3379.5,596829
3379.6,596829
3379.7,596757
3379.8,596662
3379.9,596937
3380,597033
3380.1,596939
3380.2,596823
3380.3,596939
3380.4,596845
3380.5,596773
3380.6,596890
3380.7,596849
3380.8,596849
3380.9,596849
3381,596934
3381.1,596956
3381.2,596800
3381.3,596822
3381.4,596705
3381.5,596916
3381.6,596705
3381.7,596906
3381.8,597022
3381.9,596928
3382,596752
3382.1,596888
3382.2,596794
3382.3,596973
3382.4,596995
3382.5,596722
3382.6,596839
3382.7,596841
3382.8,596789
3382.9,596945
3383,596967
3383.1,596873
3383.2,596833
3383.3,596696
3383.4,596741
3383.5,597148
3383.6,597055
3383.7,597055
3383.8,596962
3383.9,596922
3384,596828
3384.1,596912
3384.2,596954
3384.3,596724
3384.4,596954
3384.5,596840
3384.6,596862
3384.7,596885
3384.8,596907
3384.9,596696
3385,596949
3385.1,596949
3385.2,596813
3385.3,596951
3385.4,596857
3385.5,596879
3385.6,596879
3385.7,596763
3385.8,596879
3385.9,596901
3386,596807
3386.1,596945
3386.2,596945
3386.3,596945
3386.4,596945
3386.5,596757
3386.6,596779
3386.7,596717
3386.8,596856
3386.9,596761
3387,596739
3387.1,597033
3387.2,596962
3387.3,596962
3387.4,597077
3387.5,596944
3387.6,596828
3387.7,596850
3387.8,596934
3387.9,596934
3388,596894
3388.1,596800
3388.2,596916
3388.3,596885
3388.4,596885
3388.5,596907
3388.6,596907
3388.7,596929
3388.8,596678
3388.9,596795
3389,596879
3389.1,596763
3389.2,596922
3389.3,596902
3389.4,596807
3389.5,596861
3389.6,596924
3389.7,596966
3389.8,596735
3389.9,597010
3390,596968
3390.1,596811
3390.2,596834
3390.3,596918
3390.4,596918
3390.5,596824
3390.6,596940
3390.7,596940
3390.8,596689
3390.9,596828
3391,596828
3391.1,597099
3391.2,597099
3391.3,597214
3391.4,596873
3391.5,596641
3391.6,597050
3391.7,596841
3391.8,596957
3391.9,596957
3392,596885
3392.1,597001
3392.2,596633
3392.3,596538
3392.4,596929
3392.5,596813
3392.6,596856
3392.7,596858
3392.8,596858
3392.9,597089
3393,596995
3393.1,596880
3393.2,596902
3393.3,596850
3393.4,596850
3393.5,596735
3393.6,596852
3393.7,596968
3393.8,596852
3393.9,597010
3394,596800
3394.1,596802
3394.2,596918
3394.3,597034
3394.4,596918
3394.5,596941
3394.6,596847
3394.7,596847
3394.8,596963
3394.9,596985
3395,596945
3395.1,597007
3395.2,596797
3395.3,597029
3395.4,596935
3395.5,597050
3395.6,596779
3395.7,597072
3395.8,596863
3395.9,596769
3396,596674
3396.1,596885
3396.2,597001
3396.3,596930
3396.4,596930
3396.5,596856
3396.6,596624
3396.7,596761
3396.8,596858
3396.9,596806
3397,597038
3397.1,596828
3397.2,597099
3397.3,596828
3397.4,596734
3397.5,596944
3397.6,596852
3397.7,596852
3397.8,596758
3397.9,596800
3398,596895
3398.1,596780
3398.2,596780
3398.3,596686
3398.4,596919
3398.5,596708
3398.6,596708
3398.7,596708
3398.8,596730
3398.9,597005
3399,596869
3399.1,596891
3399.2,596891
3399.3,596891
3399.4,596680
3399.5,596839
3399.6,596725
3399.7,596841
3399.8,596957
3399.9,596957
3400,596864
3400.1,596769
3400.2,596792
3400.3,596908
3400.4,596930
3400.5,596908
3400.6,597001
3400.7,596814
3400.8,596719
3400.9,596836
3401,596858
3401.1,596679
3401.2,596952
3401.3,596858
3401.4,596764
3401.5,596922
3401.6,596786
3401.7,596902
3401.8,597018
3401.9,596808
3402,596714
3402.1,596967
3402.2,596736
3402.3,596853
3402.4,596853
3402.5,596875
3402.6,597011
3402.7,596568
3402.8,596939
3402.9,596686
3403,596803
3403.1,596919
3403.2,596847
3403.3,596983
3403.4,596658
3403.5,596889
3403.6,596753
3403.7,596963
3403.8,596775
3403.9,596914
3404,596797
3404.1,596703
3404.2,596914
3404.3,597007
3404.4,596936
3404.5,596936
3404.6,597073
3404.7,596864
3404.8,596684
3404.9,596801
3405,596707
3405.1,597002
3405.2,596908
3405.3,596868
3405.4,596868
3405.5,596868
3405.6,596836
3405.7,597068
3405.8,596796
3405.9,596701
3406,596912
3406.1,596912
3406.2,596881
3406.3,596786
3406.4,596786
3406.5,597018
3406.6,596925
3406.7,596925
3406.8,596925
3406.9,596925
3407,596831
3407.1,596831
3407.2,596969
3407.3,596790
3407.4,596653
3407.5,596696
3407.6,596875
3407.7,596969
3407.8,596781
3407.9,596835
3408,596857
3408.1,596857
3408.2,596919
3408.3,596825
3408.4,596941
3408.5,596941
3408.6,596785
3408.7,596690
3408.8,596870
3408.9,596870
3409,596775
3409.1,596775
3409.2,596985
3409.3,596914
3409.4,597029
3409.5,596820
3409.6,596820
3409.7,596978
3409.8,596842
3409.9,597051
3410,596802
3410.1,596802
3410.2,596980
3410.3,596886
3410.4,596770
3410.5,596980
3410.6,596729
3410.7,596846
3410.8,596774
3410.9,596774
3411,597139
3411.1,596962
3411.2,596774
3411.3,597182
3411.4,596818
3411.5,596798
3411.6,596818
3411.7,596912
3411.8,596935
3411.9,596746
3412,596746
3412.1,596768
3412.2,596979
3412.3,596843
3412.4,596748
3412.5,597062
3412.6,597084
3412.7,596991
3412.8,596835
3412.9,596835
3413,596907
3413.1,596835
3413.2,596623
3413.3,596741
3413.4,597128
3413.5,596973
3413.6,596720
3413.7,596763
3413.8,596785
3413.9,596668
3414,597057
3414.1,596902
3414.2,597017
3414.3,596807
3414.4,596870
3414.5,596892
3414.6,596892
3414.7,596986
3414.8,596735
3414.9,597123
3415,596820
3415.1,596842
3415.2,596956
3415.3,596842
3415.4,596936
3415.5,596936
3415.6,597073
3415.7,596864
3415.8,596980
3415.9,596864
3416,596980
3416.1,596802
3416.2,596707
3416.3,596846
3416.4,596909
3416.5,597024
3416.6,596909
3416.7,597024
3416.8,597024
3416.9,596837
3417,596796
3417.1,596859
3417.2,596837
3417.3,596679
3417.4,596765
3417.5,596881
3417.6,596997
3417.7,596629
3417.8,597019
3417.9,596903
3418,596881
3418.1,596903
3418.2,596809
3418.3,596925
3418.4,596885
3418.5,597041
3418.6,596746
3418.7,597041
3418.8,596674
3418.9,596969
3419,596696
3419.1,596793
3419.2,596676
3419.3,597199
3419.4,596624
3419.5,596898
3419.6,596741
3419.7,597013
3419.8,596837
3419.9,597035
3420,596763
3420.1,596942
3420.2,596573
3420.3,597057
3420.4,596648
3420.5,596975
3420.6,596765
3420.7,596808
3420.8,596830
3420.9,596693
3421,596788
3421.1,596904
3421.2,596926
3421.3,596832
3421.4,596715
3421.5,596874
3421.6,596832
3421.7,596926
3421.8,596854
3421.9,596876
3422,596876
3422.1,596876
3422.2,596876
3422.3,596876
3422.4,596782
3422.5,596804
3422.6,596710
3422.7,596847
3422.8,596847
3422.9,596730
3423,596804
3423.1,596847
3423.2,596943
3423.3,596963
3423.4,596963
3423.5,596752
3423.6,596752
3423.7,596869
3423.8,597046
3423.9,597007
3424,596797
3424.1,596891
3424.2,596775
3424.3,596953
3424.4,596702
3424.5,596975
3424.6,596724
3424.7,596819
3424.8,596819
3424.9,596881
3425,596787
3425.1,596904
3425.2,596809
3425.3,596926
3425.4,596809
3425.5,596904
3425.6,596904
3425.7,596715
3425.8,596715
3425.9,596948
3426,596674
3426.1,596556
3426.2,596832
3426.3,596990
3426.4,596896
3426.5,596854
3426.6,596970
3426.7,596697
3426.8,596759
3426.9,596896
3427,596802
3427.1,596918
3427.2,596782
3427.3,596782
3427.4,596719
3427.5,596898
3427.6,596687
3427.7,596824
3427.8,596824
3427.9,596804
3428,596898
3428.1,596826
3428.2,596826
3428.3,596709
3428.4,596709
3428.5,596709
3428.6,596920
3428.7,596848
3428.8,596848
3428.9,596754
3429,596848
3429.1,596848
3429.2,596848
3429.3,596754
3429.4,596796
3429.5,596776
3429.6,596796
3429.7,596819
3429.8,596913
3429.9,596796
3430,596564
3430.1,596935
3430.2,596798
3430.3,596704
3430.4,596819
3430.5,597028
3430.6,596841
3430.7,596841
3430.8,596726
3430.9,596863
3431,596746
3431.1,596841
3431.2,597019
3431.3,596925
3431.4,596831
3431.5,596885
3431.6,596791
3431.7,596769
3431.8,596863
3431.9,596885
3432,596674
3432.1,596791
3432.2,597001
3432.3,596865
3432.4,596748
3432.5,596907
3432.6,596696
3432.7,596969
3432.8,596929
3432.9,596907
3433,596887
3433.1,596929
3433.2,597084
3433.3,596719
3433.4,596719
3433.5,596835
3433.6,596835
3433.7,596858
3433.8,596920
3433.9,596920
3434,596920
3434.1,596920
3434.2,596920
3434.3,596763
3434.4,596763
3434.5,596646
3434.6,596942
3434.7,596942
3434.8,596668
3434.9,596785
3435,596785
3435.1,596808
3435.2,596596
3435.3,596870
3435.4,596964
3435.5,596785
3435.6,596870
3435.7,596986
3435.8,596618
3435.9,597008
3436,596986
3436.1,596776
3436.2,596713
3436.3,596986
3436.4,596914
3436.5,597008
3436.6,596914
3436.7,597008
3436.8,596713
3436.9,596914
3437,596914
3437.1,596914
3437.2,596820
3437.3,596640
3437.4,596914
3437.5,596703
3437.6,596726
3437.7,596726
3437.8,596842
3437.9,597052
3438,596842
3438.1,596914
3438.2,596726
3438.3,596726
3438.4,597113
3438.5,596726
3438.6,596958
3438.7,596842
3438.8,596842
3438.9,596631
3439,596748
3439.1,597020
3439.2,596865
3439.3,596958
3439.4,596865
3439.5,596748
3439.6,597042
3439.7,596927
3439.8,596676
3439.9,597042
3440,596770
3440.1,596770
3440.2,597042
3440.3,596676
3440.4,597042
3440.5,596770
3440.6,596887
3440.7,597002
3440.8,597064
3440.9,596855
3441,596580
3441.1,596949
3441.2,596770
3441.3,596698
3441.4,596815
3441.5,596698
3441.6,596971
3441.7,596855
3441.8,596855
3441.9,596793
3442,597086
3442.1,596877
3442.2,596877
3442.3,596971
3442.4,596855
3442.5,597064
3442.6,597220
3442.7,596603
3442.8,596720
3442.9,597013
3443,596761
3443.1,596991
3443.2,596919
3443.3,596919
3443.4,596899
3443.5,596899
3443.6,596919
3443.7,597013
3443.8,596991
3443.9,596803
3444,596803
3444.1,596919
3444.2,596899
3444.3,597013
3444.4,596761
3444.5,596803
3444.6,596803
3444.7,596614
3444.8,596825
3444.9,596941
3445,596803
3445.1,596709
3445.2,596888
3445.3,596888
3445.4,596888
3445.5,596888
3445.6,596825
3445.7,596941
3445.8,597003
3445.9,596910
3446,597138
3446.1,596731
3446.2,596848
3446.3,596848
3446.4,596848
3446.5,596753
3446.6,596848
3446.7,596753
3446.8,596753
3446.9,596848
3447,596753
3447.1,596776
3447.2,596932
3447.3,596932
3447.4,596932
3447.5,596870
3447.6,596870
3447.7,596986
3447.8,596892
3447.9,596892
3448,596892
3448.1,596892
3448.2,596755
3448.3,596986
3448.4,597008
3448.5,596778
3448.6,596872
3448.7,596755
3448.8,596755
3448.9,596850
3449,596872
3449.1,597008
3449.2,596988
3449.3,596988
3449.4,597081
3449.5,596597
3449.6,596966
3449.7,596872
3449.8,596988
3449.9,596715
3450,596988
3450.1,596809
3450.2,596988
3450.3,596988
3450.4,596894
3450.5,596988
3450.6,596854
3450.7,596832
3450.8,596988
3450.9,596715
3451,596715
3451.1,596988
3451.2,596832
3451.3,596832
3451.4,596926
3451.5,596715
3451.6,596894
3451.7,596832
3451.8,596715
3451.9,596832
3452,597041
3452.1,596832
3452.2,596620
3452.3,596916
3452.4,596800
3452.5,596737
3452.6,596832
3452.7,596674
3452.8,596948
3452.9,596737
3453,597010
3453.1,596894
3453.2,596988
3453.3,596832
3453.4,596737
3453.5,597010
3453.6,596894
3453.7,597029
3453.8,597029
3453.9,596894
3454,596715
3454.1,597103
3454.2,596872
3454.3,596872
3454.4,596778
3454.5,596892
3454.6,596966
3454.7,596597
3454.8,596988
3454.9,596778
3455,596660
3455.1,596892
3455.2,596892
3455.3,596892
3455.4,596914
3455.5,596914
3455.6,596936
3455.7,596894
3455.8,596755
3455.9,596755
3456,596892
3456.1,596798
3456.2,596778
3456.3,596620
3456.4,596872
3456.5,596872
3456.6,596872
3456.7,597008
3456.8,596872
3456.9,596872
3457,596832
3457.1,596809
3457.2,596988
3457.3,596914
3457.4,597008
3457.5,597029
3457.6,596894
3457.7,596715
3457.8,596597
3457.9,596872
3458,596894
3458.1,596914
3458.2,596988
3458.3,596872
3458.4,596715
3458.5,597122
3458.6,596914
3458.7,596914
3458.8,597029
3458.9,596778
3459,597008
3459.1,596988
3459.2,596988
3459.3,597008
3459.4,596755
3459.5,597008
3459.6,596872
3459.7,597081
3459.8,596988
3459.9,596894
3460,596914
3460.1,596892
3460.2,597008
3460.3,596892
3460.4,596966
3460.5,596872
3460.6,596872
3460.7,596755
3460.8,596986
3460.9,596964
3461,596944
3461.1,596944
3461.2,596575
3461.3,596986
3461.4,596753
3461.5,596964
3461.6,596848
3461.7,596848
3461.8,596870
3461.9,596870
3462,596986
3462.1,596870
3462.2,596827
3462.3,597057
3462.4,596848
3462.5,596848
3462.6,596827
3462.7,596944
3462.8,596827
3462.9,596827
3463,596848
3463.1,596711
3463.2,596848
3463.3,596827
3463.4,596944
3463.5,596921
3463.6,596899
3463.7,596805
3463.8,596711
3463.9,596805
3464,596921
3464.1,596743
3464.2,596837
3464.3,596899
3464.4,596805
3464.5,597035
3464.6,597015
3464.7,596743
3464.8,596743
3464.9,596899
3465,596941
3465.1,596825
3465.2,596825
3465.3,597035
3465.4,596899
3465.5,596720
3465.6,597035
3465.7,596919
3465.8,596919
3465.9,596803
3466,596803
3466.1,596761
3466.2,597013
3466.3,596803
3466.4,596803
3466.5,596686
3466.6,596686
3466.7,597053
3466.8,596991
3466.9,596855
3467,596897
3467.1,596991
3467.2,596991
3467.3,596875
3467.4,596833
3467.5,596991
3467.6,596991
3467.7,596761
3467.8,596761
3467.9,596855
3468,596875
3468.1,596927
3468.2,596949
3468.3,596875
3468.4,596855
3468.5,596927
3468.6,596927
3468.7,596927
3468.8,597062
3468.9,597062
3469,596927
3469.1,596949
3469.2,597062
3469.3,597062
3469.4,596726
3469.5,596905
3469.6,596811
3469.7,597040
3469.8,597020
3469.9,596998
3470,596998
3470.1,596883
3470.2,596883
3470.3,597018
3470.4,596998
3470.5,596726
3470.6,596976
3470.7,596766
3470.8,596903
3470.9,596809
3471,596903
3471.1,596903
3471.2,596861
3471.3,596798
3471.4,596861
3471.5,596996
3471.6,597089
3471.7,596996
3471.8,597089
3471.9,596954
3472,596681
3472.1,597089
3472.2,596996
3472.3,596881
3472.4,596974
3472.5,596974
3472.6,596776
3472.7,596681
3472.8,596954
3472.9,596838
3473,596722
3473.1,597026
3473.2,596932
3473.3,596932
3473.4,596563
3473.5,596816
3473.6,596722
3473.7,596910
3473.8,597046
3473.9,597004
3474,596910
3474.1,596910
3474.2,596794
3474.3,597024
3474.4,596908
3474.5,596866
3474.6,596772
3474.7,597002
3474.8,597024
3474.9,596908
3475,596886
3475.1,596886
3475.2,596938
3475.3,596886
3475.4,596886
3475.5,597095
3475.6,596591
3475.7,596844
3475.8,596958
3475.9,596958
3476,596958
3476.1,596864
3476.2,597073
3476.3,596664
3476.4,596822
3476.5,596916
3476.6,596916
3476.7,596916
3476.8,596916
3476.9,596916
3477,596737
3477.1,597102
3477.2,596894
3477.3,596914
3477.4,596777
3477.5,596777
3477.6,596872
3477.7,596809
3477.8,596965
3477.9,596692
3478,596849
3478.1,596985
3478.2,596733
3478.3,596943
3478.4,596765
3478.5,596827
3478.6,596963
3478.7,596847
3478.8,596847
3478.9,596941
3479,597015
3479.1,596742
3479.2,596742
3479.3,596899
3479.4,596899
3479.5,596899
3479.6,596993
3479.7,596815
3479.8,596720
3479.9,596720
3480,596603
3480.1,596877
3480.2,596971
3480.3,596698
3480.4,596770
3480.5,596792
3480.6,596792
3480.7,596792
3480.8,596675
3480.9,597020
3481,596748
3481.1,596653
3481.2,596748
3481.3,596864
3481.4,596748
3481.5,596998
3481.6,596998
3481.7,596703
3481.8,596703
3481.9,596820
3482,596820
3482.1,596703
3482.2,596681
3482.3,596776
3482.4,597047
3482.5,596681
3482.6,596954
3482.7,596954
3482.8,596892
3482.9,596870
3483,596848
3483.1,596848
3483.2,596753
3483.3,597118
3483.4,596848
3483.5,596848
3483.6,596668
3483.7,596826
3483.8,596731
3483.9,596709
3484,596614
3484.1,596826
3484.2,596920
3484.3,596897
3484.4,596897
3484.5,596686
3484.6,596960
3484.7,596781
3484.8,596875
3484.9,596696
3485,597031
3485.1,596915
3485.2,597051
3485.3,596642
3485.4,597009
3485.5,597102
3485.6,596831
3485.7,596947
3485.8,597009
3485.9,596714
3486,596714
3486.1,597173
3486.2,596903
3486.3,596809
3486.4,596533
3486.5,596692
3486.6,596943
3486.7,596764
3486.8,596764
3486.9,596859
3487,596584
3487.1,596702
3487.2,596952
3487.3,596742
3487.4,596930
3487.5,596814
3487.6,596720
3487.7,596992
3487.8,596899
3487.9,596720
3488,596697
3488.1,597064
3488.2,596770
3488.3,597042
3488.4,596675
3488.5,596855
3488.6,596886
3488.7,597042
3488.8,597020
3488.9,597062
3489,596810
3489.1,597020
3489.2,596842
3489.3,596842
3489.4,596998
3489.5,596608
3489.6,596882
3489.7,597018
3489.8,596882
3489.9,596882
3490,596608
3490.1,596681
3490.2,596954
3490.3,596954
3490.4,596838
3490.5,596880
3490.6,596974
3490.7,596838
3490.8,596952
3490.9,596858
3491,596836
3491.1,596814
3491.2,596814
3491.3,596888
3491.4,596708
3491.5,596708
3491.6,596866
3491.7,596866
3491.8,596886
3491.9,596843
3492,596937
3492.1,597031
3492.2,596759
3492.3,596736
3492.4,596821
3492.5,597143
3492.6,596736
3492.7,596893
3492.8,596987
3492.9,596831
3493,596987
3493.1,596692
3493.2,596965
3493.3,597036
3493.4,596764
3493.5,596764
3493.6,596764
3493.7,596786
3493.8,596764
3493.9,596921
3494,596742
3494.1,596930
3494.2,596930
3494.3,596656
3494.4,597024
3494.5,596908
3494.6,596908
3494.7,596792
3494.8,596792
3494.9,597063
3495,596792
3495.1,596980
3495.2,596864
3495.3,596779
3495.4,596936
3495.5,596936
3495.6,596747
3495.7,596842
3495.8,596936
3495.9,596819
3496,596797
3496.1,597162
3496.2,596775
3496.3,596775
3496.4,596775
3496.5,596775
3496.6,596963
3496.7,596847
3496.8,596847
3496.9,596730
3497,597003
3497.1,596825
3497.2,596919
3497.3,596857
3497.4,596835
3497.5,596718
3497.6,596875
3497.7,596875
3497.8,596875
3497.9,596875
3498,596790
3498.1,596673
3498.2,596830
3498.3,596830
3498.4,596986
3498.5,596714
3498.6,596714
3498.7,596902
3498.8,596902
3498.9,596902
3499,596786
3499.1,596786
3499.2,596858
3499.3,596858
3499.4,596858
3499.5,596974
3499.6,597036
3499.7,596742
3499.8,596898
3499.9,596814
3500,596908
3500.1,596814
3500.2,596814
3500.3,596697
3500.4,596948
3500.5,596948
3500.6,596926
3500.7,596747
3500.8,596864
3500.9,596747
3501,596957
3501.1,596725
3501.2,596913
3501.3,596913
3501.4,596913
3501.5,596913
3501.6,596913
3501.7,596913
3501.8,596680
3501.9,596869
3502,596869
3502.1,596847
3502.2,596825
3502.3,596941
3502.4,596941
3502.5,596825
3502.6,597012
3502.7,596981
3502.8,596865
3502.9,596959
3503,596780
3503.1,596780
3503.2,596874
3503.3,596968
3503.4,596852
3503.5,596736
3503.6,596736
3503.7,596736
3503.8,596924
3503.9,596768
3504,596840
3504.1,596723
3504.2,596974
3504.3,596606
3504.4,596974
3504.5,596880
3504.6,596795
3504.7,597067
3504.8,596836
3504.9,596836
3505,596719
3505.1,596908
3505.2,596939
3505.3,596686
3505.4,596939
3505.5,596611
3505.6,596979
3505.7,596863
3505.8,596801
3505.9,596779
3506,596779
3506.1,596736
3506.2,596935
3506.3,596935
3506.4,596913
3506.5,596891
3506.6,596828
3506.7,596617
3506.8,596734
3506.9,596806
3507,596689
3507.1,596667
3507.2,597034
3507.3,596624
3507.4,597034
3507.5,597034
3507.6,596762
3507.7,596645
3507.8,596717
3507.9,596906
3508,596906
3508.1,596790
3508.2,596790
3508.3,596769
3508.4,596790
3508.5,596767
3508.6,596862
3508.7,596745
3508.8,596745
3508.9,596745
3509,596933
3509.1,596911
3509.2,596889
3509.3,596858
3509.4,596858
3509.5,596858
3509.6,596678
3509.7,597045
3509.8,596773
3509.9,596708
3510,596728
3510.1,596823
3510.2,596706
3510.3,596979
3510.4,596706
3510.5,596800
3510.6,596872
3510.7,596756
3510.8,596639
3510.9,596639
3511,596828
3511.1,596691
3511.2,596691
3511.3,596711
3511.4,596868
3511.5,596752
3511.6,596752
3511.7,596635
3511.8,596824
3511.9,596739
3512,596856
3512.1,596739
3512.2,596802
3512.3,596780
3512.4,596780
3512.5,596968
3512.6,596789
3512.7,596695
3512.8,596946
3512.9,596650
3513,597110
3513.1,596995
3513.2,596605
3513.3,596605
3513.4,596879
3513.5,596995
3513.6,596973
3513.7,596951
3513.8,596678
3513.9,596750
3514,596929
3514.1,596655
3514.2,597022
3514.3,596907
3514.4,596907
3514.5,596706
3514.6,596588
3514.7,597050
3514.8,597050
3514.9,596778
3515,596661
3515.1,597006
3515.2,596890
3515.3,596890
3515.4,596890
3515.5,596890
3515.6,596616
3515.7,596806
3515.8,596940
3515.9,596761
3516,596761
3516.1,596918
3516.2,596918
3516.3,596526
3516.4,596622
3516.5,596717
3516.6,596789
3516.7,596672
3516.8,596945
3516.9,596554
3517,596945
3517.1,596861
3517.2,596724
3517.3,597017
3517.4,596901
3517.5,596785
3517.6,596973
3517.7,596700
3517.8,596772
3517.9,596635
3518,597044
3518.1,596929
3518.2,596813
3518.3,596907
3518.4,596885
3518.5,596885
3518.6,596780
3518.7,596545
3518.8,596735
3518.9,596638
3519,596912
3519.1,596912
3519.2,596733
3519.3,597099
3519.4,597099
3519.5,596593
3519.6,597055
3519.7,596940
3519.8,596940
3519.9,596644
3520,596918
3520.1,596918
3520.2,596918
3520.3,596895
3520.4,596873
3520.5,596851
3520.6,596766
3520.7,596649
3520.8,597038
3520.9,596649
3521,597016
3521.1,596901
3521.2,596879
3521.3,596879
3521.4,596972
3521.5,596699
3521.6,596657
3521.7,596655
3521.8,596834
3521.9,597022
3522,596906
3522.1,596790
3522.2,596790
3522.3,596790
3522.4,596705
3522.5,596800
3522.6,596849
3522.7,596934
3522.8,596818
3522.9,596934
3523,597005
3523.1,597005
3523.2,596983
3523.3,596899
3523.4,597055
3523.5,596740
3523.6,596761
3523.7,596718
3523.8,596813
3523.9,596696
3524,596716
3524.1,596694
3524.2,596851
3524.3,596945
3524.4,596671
3524.5,596724
3524.6,596912
3524.7,596679
3524.8,596626
3524.9,596878
3525,596856
3525.1,596677
3525.2,596772
3525.3,596824
3525.4,596844
3525.5,596821
3525.6,596684
3525.7,596682
3525.8,596956
3525.9,596735
3526,596735
3526.1,596735
3526.2,596755
3526.3,596638
3526.4,596710
3526.5,596710
3526.6,596645
3526.7,596667
3526.8,596805
3526.9,596665
3527,596643
3527.1,596917
3527.2,597010
3527.3,596810
3527.4,596555
3527.5,596555
3527.6,596768
3527.7,596882
3527.8,597038
3527.9,596701
3528,596796
3528.1,596890
3528.2,596890
3528.3,596868
3528.4,596751
3528.5,596866
3528.6,596706
3528.7,596843
3528.8,596843
3528.9,596727
3529,596821
3529.1,596873
3529.2,596757
3529.3,596945
3529.4,596829
3529.5,596712
3529.6,596849
3529.7,596806
3529.8,596901
3529.9,596972
3530,596950
3530.1,596834
3530.2,596812
3530.3,596812
3530.4,596812
3530.5,597000
3530.6,597000
3530.7,596767
3530.8,596767
3530.9,596745
3531,596840
3531.1,596817
3531.2,596911
3531.3,596827
3531.4,597005
3531.5,596773
3531.6,596773
3531.7,596751
3531.8,596728
3531.9,596939
3532,596600
3532.1,596600
3532.2,596895
3532.3,596778
3532.4,596873
3532.5,596851
3532.6,596851
3532.7,596606
3532.8,596766
3532.9,596721
3533,596878
3533.1,596878
3533.2,596856
3533.3,596834
3533.4,596834
3533.5,596834
3533.6,596834
3533.7,596812
3533.8,596789
3533.9,596977
3534,597163
3534.1,596955
3534.2,596839
3534.3,597049
3534.4,596933
3534.5,596795
3534.6,596889
3534.7,596867
3534.8,596687
3534.9,596665
3535,596845
3535.1,596665
3535.2,596917
3535.3,596800
3535.4,596988
3535.5,596872
3535.6,596850
3535.7,596944
3535.8,596765
3535.9,596743
3536,596815
3536.1,596994
3536.2,596878
3536.3,596761
3536.4,596856
3536.5,596676
3536.6,596728
3536.7,596843
3536.8,596821
3536.9,596883
3537,596861
3537.1,596883
3537.2,596955
3537.3,596639
3537.4,597026
3537.5,596732
3537.6,596889
3537.7,596592
3537.8,596867
3537.9,596867
3538,596782
3538.1,596739
3538.2,597010
3538.3,596894
3538.4,596778
3538.5,596597
3538.6,596787
3538.7,596745
3538.8,596933
3538.9,596605
3539,596721
3539.1,596878
3539.2,596971
3539.3,596949
3539.4,596728
3539.5,596611
3539.6,596917
3539.7,596748
3539.8,596726
3539.9,596977
3540,596977
3540.1,596776
3540.2,596776
3540.3,596734
3540.4,596848
3540.5,596614
3540.6,596960
3540.7,596960
3540.8,596759
3540.9,597031
3541,597031
3541.1,597031
3541.2,597009
3541.3,597081
3541.4,596943
3541.5,596765
3541.6,596921
3541.7,596827
3541.8,596765
3541.9,596899
3542,596877
3542.1,596855
3542.2,596927
3542.3,596748
3542.4,596726
3542.5,596726
3542.6,596726
3542.7,596798
3542.8,596638
3542.9,597048
3543,596816
3543.1,596910
3543.2,597004
3543.3,596689
3543.4,596686
3543.5,596664
3543.6,596822
3543.7,596705
3543.8,596705
3543.9,596777
3544,596777
3544.1,596965
3544.2,596764
3544.3,596921
3544.4,596805
3544.5,596688
3544.6,596825
3544.7,596877
3544.8,596877
3544.9,596675
3545,596926
3545.1,596788
3545.2,596976
3545.3,596976
3545.4,596860
3545.5,596681
3545.6,596638
3545.7,596932
3545.8,597003
3545.9,596981
3546,596959
3546.1,596664
3546.2,596759
3546.3,596759
3546.4,596759
3546.5,596915
3546.6,596987
3546.7,596871
3546.8,596786
3546.9,596722
3547,596858
3547.1,596742
3547.2,596899
3547.3,596877
3547.4,596854
3547.5,596832
3547.6,596926
3547.7,596810
3547.8,596904
3547.9,596725
3548,596976
3548.1,596954
3548.2,596838
3548.3,596910
3548.4,596815
3548.5,596793
3548.6,596793
3548.7,596981
3548.8,596781
3548.9,596937
3549,596641
3549.1,596893
3549.2,596893
3549.3,596776
3549.4,596691
3549.5,596849
3549.6,596920
3549.7,596719
3549.8,596602
3549.9,596970
3550,597063
3550.1,596674
3550.2,596632
3550.3,596747
3550.4,596630
3550.5,596975
3550.6,596975
3550.7,596775
3550.8,596775
3550.9,596827
3551,596710
3551.1,596887
3551.2,596887
3551.3,596843
3551.4,596843
3551.5,596758
3551.6,596598
3551.7,596810
3551.8,596713
3551.9,596870
3552,596848
3552.1,596942
3552.2,596920
3552.3,596624
3552.4,596676
3552.5,596887
3552.6,596654
3552.7,596674
3552.8,597041
3552.9,597019
3553,596724
3553.1,596776
3553.2,596776
3553.3,596680
3553.4,596732
3553.5,596752
3553.6,596730
3553.7,596980
3553.8,596780
3553.9,596780
3554,596642
3554.1,596715
3554.2,596830
3554.3,596691
3554.4,596785
3554.5,596743
3554.6,596743
3554.7,596837
3554.8,596815
3554.9,596698
3555,596791
3555.1,596863
3555.2,596746
3555.3,596746
3555.4,597019
3555.5,596746
3555.6,596702
3555.7,596796
3555.8,596754
3555.9,596931
3556,597024
3556.1,596886
3556.2,596802
3556.3,596664
3556.4,596779
3556.5,596757
3556.6,597122
3556.7,596735
3556.8,596829
3556.9,596713
3557,596765
3557.1,596720
3557.2,596718
3557.3,597084
3557.4,596875
3557.5,596853
3557.6,596947
3557.7,596631
3557.8,596820
3557.9,596776
3558,596753
3558.1,597046
3558.2,596930
3558.3,597024
3558.4,596634
3558.5,596686
3558.6,596875
3558.7,596875
3558.8,596831
3558.9,596831
3559,596692
3559.1,596787
3559.2,596670
3559.3,596859
3559.4,596837
3559.5,596740
3559.6,596697
3559.7,596770
3559.8,596864
3559.9,596842
3560,596914
3560.1,596798
3560.2,596798
3560.3,596701
3560.4,596773
3560.5,596613
3560.6,596897
3560.7,596813
3560.8,596813
3560.9,596813
3561,596853
3561.1,596714
3561.2,596809
3561.3,596880
3561.4,596764
3561.5,596952
3561.6,596774
3561.7,597046
3561.8,596908
3561.9,596792
3562,596864
3562.1,596630
3562.2,596630
3562.3,596725
3562.4,596913
3562.5,596775
3562.6,596869
3562.7,596847
3562.8,596730
3562.9,596867
3563,596823
3563.1,596686
3563.2,596875
3563.3,596830
3563.4,596808
3563.5,596691
3563.6,596691
3563.7,596786
3563.8,596786
3563.9,596858
3564,596719
3564.1,596886
3564.2,596789
3564.3,596789
3564.4,596767
3564.5,596745
3564.6,596607
3564.7,596797
3564.8,596985
3564.9,596752
3565,596867
3565.1,596845
3565.2,596663
3565.3,596663
3565.4,596663
3565.5,596852
3565.6,596618
3565.7,596756
3565.8,596808
3565.9,596763
3566,596646
3566.1,596719
3566.2,596907
3566.3,596674
3566.4,596811
3566.5,596577
3566.6,596767
3566.7,596767
3566.8,596913
3566.9,596774
3567,596962
3567.1,596730
3567.2,596750
3567.3,596633
3567.4,596978
3567.5,596545
3567.6,596735
3567.7,596830
3567.8,596554
3567.9,596785
3568,596763
3568.1,596741
3568.2,596718
3568.3,596696
3568.4,596696
3568.5,596885
3568.6,596885
3568.7,596683
3568.8,596618
3568.9,596711
3569,596984
3569.1,596846
3569.2,596846
3569.3,596940
3569.4,597011
3569.5,597083
3569.6,596789
3569.7,596819
3569.8,596629
3569.9,596744
3570,596722
3570.1,596911
3570.2,596677
3570.3,597022
3570.4,596685
3570.5,596685
3570.6,596757
3570.7,596757
3570.8,596946
3570.9,596830
3571,596785
3571.1,596973
3571.2,596741
3571.3,596929
3571.4,596907
3571.5,596885
3571.6,596567
3571.7,596800
3571.8,596756
3571.9,596796
3572,596774
3572.1,596751
3572.2,596824
3572.3,597011
3572.4,596989
3572.5,596967
3572.6,596851
3572.7,596945
3572.8,596807
3572.9,596901
3573,596762
3573.1,596951
3573.2,597044
3573.3,596812
3573.4,596716
3573.5,596810
3573.6,596904
3573.7,596746
3573.8,596818
3573.9,596818
3574,596890
3574.1,596773
3574.2,596677
3574.3,596749
3574.4,596632
3574.5,596821
3574.6,596684
3574.7,596779
3574.8,596639
3574.9,596911
3575,596889
3575.1,596961
3575.2,597032
3575.3,596917
3575.4,596917
3575.5,596917
3575.6,596778
3575.7,596872
3575.8,596828
3575.9,596900
3576,596784
3576.1,596878
3576.2,596856
3576.3,596739
3576.4,596834
3576.5,596883
3576.6,596609
3576.7,596704
3576.8,596933
3576.9,596933
3577,596911
3577.1,596795
3577.2,596867
3577.3,596844
3577.4,596938
3577.5,596800
3577.6,596894
3577.7,596966
3577.8,596850
3577.9,596670
3578,596900
3578.1,596877
3578.2,596761
3578.3,596644
3578.4,596833
3578.5,597021
3578.6,596748
3578.7,596977
3578.8,596744
3578.9,596764
3579,596720
3579.1,596992
3579.2,596792
3579.3,596632
3579.4,596822
3579.5,596727
3579.6,596683
3579.7,596976
3579.8,596954
3579.9,596932
3580,597003
3580.1,596803
3580.2,596666
3580.3,596643
3580.4,596758
3580.5,596915
3580.6,597009
3580.7,596871
3580.8,596786
3580.9,596764
3581,596742
3581.1,596624
3581.2,596697
3581.3,597063
3581.4,596652
3581.5,596705
3581.6,596725
3581.7,596882
3581.8,596837
3581.9,596721
3582,596793
3582.1,596749
3582.2,596843
3582.3,597008
3582.4,597008
3582.5,597008
3582.6,596776
3582.7,596848
3582.8,596804
3582.9,596759
3583,596854
3583.1,596832
3583.2,596715
3583.3,596903
3583.4,596903
3583.5,596859
3583.6,596931
3583.7,597002
3583.8,596865
3583.9,596865
3584,596958
3584.1,596936
3584.2,596914
3584.3,596892
3584.4,596785
3584.5,596785
3584.6,596741
3584.7,596741
3584.8,596676
3584.9,596791
3585,596769
3585.1,596704
3585.2,596607
3585.3,596796
3585.4,596659
3585.5,596709
3585.6,596804
3585.7,596992
3585.8,596854
3585.9,596715
3586,596852
3586.1,596713
3586.2,596670
3586.3,596859
3586.4,596774
3586.5,596730
3586.6,596770
3586.7,596673
3586.8,597018
3586.9,596629
3587,596818
3587.1,596870
3587.2,596942
3587.3,596826
3587.4,596803
3587.5,596664
3587.6,596684
3587.7,596619
3587.8,596735
3587.9,596881
3588,596881
3588.1,596742
3588.2,596908
3588.3,596792
3588.4,596653
3588.5,596748
3588.6,596703
3588.7,596703
3588.8,596775
3588.9,596658
3589,596613
3589.1,596708
3589.2,596686
3589.3,596758
3589.4,596758
3589.5,596523
3589.6,596714
3589.7,596712
3589.8,596647
3589.9,596719
3590,596814
3590.1,596834
3590.2,596717
3590.3,596769
3590.4,596769
3590.5,596819
3590.6,596680
3590.7,596753
3590.8,596825
3590.9,596708
3591,596708
3591.1,596686
3591.2,596990
3591.3,596852
3591.4,596808
3591.5,596691
3591.6,596646
3591.7,596646
3591.8,596878
3591.9,596719
3592,596791
3592.1,596556
3592.2,596652
3592.3,596650
3592.4,596722
3592.5,596795
3592.6,596678
3592.7,596612
3592.8,596844
3592.9,596790
3593,596863
3593.1,596746
3593.2,596818
3593.3,596890
3593.4,596689
3593.5,596761
3593.6,596989
3593.7,596873
3593.8,596757
3593.9,596851
3594,596829
3594.1,596627
3594.2,596679
3594.3,596634
3594.4,596928
3594.5,596695
3594.6,596768
3594.7,596746
3594.8,596723
3594.9,596912
3595,596785
3595.1,596879
3595.2,596783
3595.3,596917
3595.4,596779
3595.5,596967
3595.6,596829
3595.7,596744
3595.8,596701
3595.9,596796
3596,596751
3596.1,596749
3596.2,597000
3596.3,596978
3596.4,596660
3596.5,597027
3596.6,596755
3596.7,596594
3596.8,596667
3596.9,596782
3597,596622
3597.1,596832
3597.2,596715
3597.3,596575
3597.4,596766
3597.5,596723
3597.6,596678
3597.7,596751
3597.8,596728
3597.9,596823
3598,596589
3598.1,596821
3598.2,596682
3598.3,596734
3598.4,596732
3598.5,596762
3598.6,596782
3598.7,596665
3598.8,596642
3598.9,596600
3599,596832
3599.1,596555
3599.2,596745
3599.3,596795
3599.4,596655
3599.5,596655
3599.6,596633
3599.7,596706
3599.8,596800
3599.9,596756
3600,596711
3600.1,596689
3600.2,596804
3600.3,596622
3600.4,596717
3600.5,596694
3600.6,596883
3600.7,596861
3600.8,596722
3600.9,596794
3601,596698
3601.1,596633
3601.2,596842
3601.3,596683
3601.4,596778
3601.5,596638
3601.6,596733
3601.7,596711
3601.8,596571
3601.9,596739
3602,596694
3602.1,596789
3602.2,596671
3602.3,596786
3602.4,596647
3602.5,596720
3602.6,596792
3602.7,596749
3602.8,596799
3602.9,596799
3603,596703
3603.1,596860
3603.2,596932
3603.3,596887
3603.4,596981
3603.5,596781
3603.6,596621
3603.7,596693
3603.8,596714
3603.9,596849
3604,596710
3604.1,596687
3604.2,596854
3604.3,597041
3604.4,596926
3604.5,596704
3604.6,596682
3604.7,596680
3604.8,596837
3604.9,596793
3605,596865
3605.1,596843
3605.2,596914
3605.3,597008
3605.4,596788
3605.5,596648
3605.6,596646
3605.7,596719
3605.8,596969
3605.9,596831
3606,596925
3606.1,596881
3606.2,596564
3606.3,596891
3606.4,596846
3606.5,596730
3606.6,596886
3606.7,596842
3606.8,596936
3606.9,596798
3607,596670
3607.1,596625
3607.2,596646
3607.3,596897
3607.4,596897
3607.5,596853
3607.6,596831
3607.7,596903
3607.8,596818
3607.9,596679
3608,596814
3608.1,596697
3608.2,596675
3608.3,596864
3608.4,596819
3608.5,596797
3608.6,596690
3608.7,596730
3608.8,596919
3608.9,596780
3609,596641
3609.1,596736
3609.2,596924
3609.3,596745
3609.4,596701
3609.5,596836
3609.6,596908
3609.7,596886
3609.8,596747
3609.9,596841
3610,596913
3610.1,596891
3610.2,596712
3610.3,596941
3610.4,596802
3610.5,596758
3610.6,596852
3610.7,596808
3610.8,596808
3610.9,596785
3611,596763
3611.1,596951
3611.2,596907
3611.3,596863
3611.4,596724
3611.5,596744
3611.6,596995
3611.7,596816
3611.8,596677
3611.9,596729
3612,596685
3612.1,596874
3612.2,596829
3612.3,596690
3612.4,596668
3612.5,596688
3612.6,596740
3612.7,596696
3612.8,596768
3612.9,596840
3613,596818
3613.1,596796
3613.2,596561
3613.3,596888
3613.4,596612
3613.5,596684
3613.6,596987
3613.7,596617
3613.8,596807
3613.9,596572
3614,596667
3614.1,596645
3614.2,596718
3614.3,596810
3614.4,596575
3614.5,597038
3614.6,596900
3614.7,596603
3614.8,596793
3614.9,596633
3615,596823
3615.1,596779
3615.2,596776
3615.3,596911
3615.4,596889
3615.5,596687
3615.6,596760
3615.7,596600
3615.8,596812
3615.9,596787
3616,596828
3616.1,596783
3616.2,596971
3616.3,596927
3616.4,596588
3616.5,596798
3616.6,596661
3616.7,596681
3616.8,596910
3616.9,596866
3617,596844
3617.1,596800
3617.2,596965
3617.3,596849
3617.4,596849
3617.5,596710
3617.6,596688
3617.7,596760
3617.8,596716
3617.9,596788
3618,596860
3618.1,596626
3618.2,596816
3618.3,596581
3618.4,596771
3618.5,596727
3618.6,596799
3618.7,596871
3618.8,596637
3618.9,596710
3619,596688
3619.1,596782
3619.2,596738
3619.3,596810
3619.4,596882
3619.5,596882
3619.6,596838
3619.7,596793
3619.8,596793
3619.9,596865
3620,596726
3620.1,596799
3620.2,596659
3620.3,596659
3620.4,596732
3620.5,596804
3620.6,596719
3620.7,596579
3620.8,596715
3620.9,596881
3621,596859
3621.1,596743
3621.2,596815
3621.3,596730
3621.4,596665
3621.5,596737
3621.6,596693
3621.7,596870
3621.8,596731
3621.9,596826
3622,596781
3622.1,596696
3622.2,596748
3622.3,596937
3622.4,596586
3622.5,596975
3622.6,596836
3622.7,596792
3622.8,596770
3622.9,596842
3623,596715
3623.1,596903
3623.2,596670
3623.3,596763
3623.4,596897
3623.5,596875
3623.6,596831
3623.7,596902
3623.8,596775
3623.9,596753
3624,596731
3624.1,596729
3624.2,596823
3624.3,596684
3624.4,596639
3624.5,596574
3624.6,596647
3624.7,596836
3624.8,596740
3624.9,596600
3625,596968
3625.1,596630
3625.2,596723
3625.3,596973
3625.4,596560
3625.5,596751
3625.6,596791
3625.7,596746
3625.8,596935
3625.9,596796
3626,596711
3626.1,596846
3626.2,596918
3626.3,596990
3626.4,596946
3626.5,596713
3626.6,596785
3626.7,596857
3626.8,596740
3626.9,596929
3627,597000
3627.1,596862
3627.2,596755
3627.3,596890
3627.4,596868
3627.5,596729
3627.6,596824
3627.7,596684
3627.8,596779
3627.9,596734
3628,596649
3628.1,596879
3628.2,596834
3628.3,596718
3628.4,596790
3628.5,596555
3628.6,596745
3628.7,596818
3628.8,596712
3628.9,596857
3629,596643
3629.1,596895
3629.2,596756
3629.3,596828
3629.4,596806
3629.5,596721
3629.6,596868
3629.7,596729
3629.8,596727
3629.9,596767
3630,596839
3630.1,596911
3630.2,596773
3630.3,596687
3630.4,596834
3630.5,596790
3630.6,596810
3630.7,596575
3630.8,596922
3630.9,596878
3631,596949
3631.1,596748
3631.2,596800
3631.3,596704
3631.4,596933
3631.5,596933
3631.6,596888
3631.7,596844
3631.8,596800
3631.9,596800
3632,596872
3632.1,596943
3632.2,596899
3632.3,596899
3632.4,596580
3632.5,596927
3632.6,596998
3632.7,596954
3632.8,596932
3632.9,596636
3633,596591
3633.1,596781
3633.2,596736
3633.3,596789
3633.4,596692
3633.5,596647
3633.6,596742
3633.7,596697
3633.8,596652
3633.9,596904
3634,596976
3634.1,596638
3634.2,596615
3634.3,596887
3634.4,596803
3634.5,596758
3634.6,596714
3634.7,597058
3634.8,596764
3634.9,596898
3635,596876
3635.1,596854
3635.2,596652
3635.3,596724
3635.4,596680
3635.5,596909
3635.6,596676
3635.7,596653
3635.8,596631
3635.9,596703
3636,596776
3636.1,596691
3636.2,596646
3636.3,596696
3636.4,596831
3636.5,596597
3636.6,596670
3636.7,596647
3636.8,596836
3636.9,596729
3637,596898
3637.1,596737
3637.2,596640
3637.3,596869
3637.4,596753
3637.5,596708
3637.6,596897
3637.7,596675
3637.8,596864
3637.9,596820
3638,596723
3638.1,596952
3638.2,596719
3638.3,596791
3638.4,596863
3638.5,596619
3638.6,596714
3638.7,596786
3638.8,596647
3638.9,596645
3639,596874
3639.1,596735
3639.2,596745
3639.3,596723
3639.4,596562
3639.5,596656
3639.6,596633
3639.7,596885
3639.8,596841
3639.9,596796
3640,596868
3640.1,596846
3640.2,596761
3640.3,596739
3640.4,596694
3640.5,596945
3640.6,596744
3640.7,596605
3640.8,596951
3640.9,596813
3641,596907
3641.1,596705
3641.2,596850
3641.3,596595
3641.4,596688
3641.5,596741
3641.6,596696
3641.7,596694
3641.8,596651
3641.9,596606
3642,596657
3642.1,596634
3642.2,596707
3642.3,596662
3642.4,596662
3642.5,596617
3642.6,596690
3642.7,596762
3642.8,596718
3642.9,596673
3643,596671
3643.1,596766
3643.2,596743
3643.3,596583
3643.4,596538
3643.5,596706
3643.6,596873
3643.7,596828
3643.8,596712
3643.9,596689
3644,596687
3644.1,596739
3644.2,596812
3644.3,596767
3644.4,596660
3644.5,596795
3644.6,596560
3644.7,596653
3644.8,597020
3644.9,596608
3645,596756
3645.1,596944
3645.2,596721
3645.3,596761
3645.4,596716
3645.5,596619
3645.6,596692
3645.7,596764
3645.8,596582
3645.9,596866
3646,596960
3646.1,596822
3646.2,596703
3646.3,596838
3646.4,596910
3646.5,596771
3646.6,596781
3646.7,596694
3646.8,596882
3646.9,596882
3647,596744
3647.1,596742
3647.2,596970
3647.3,596652
3647.4,596682
3647.5,596660
3647.6,596849
3647.7,596921
3647.8,596899
3647.9,596643
3648,596715
3648.1,596671
3648.2,596721
3648.3,596815
3648.4,596771
3648.5,596959
3648.6,596915
3648.7,596870
3648.8,596732
3648.9,596804
3649,596664
3649.1,596737
3649.2,596809
3649.3,596607
3649.4,596797
3649.5,596752
3649.6,596730
3649.7,596780
3649.8,596663
3649.9,596618
3650,596690
3650.1,596625
3650.2,596698
3650.3,596770
3650.4,596726
3650.5,596820
3650.6,596818
3650.7,596774
3650.8,596591
3650.9,596759
3651,596737
3651.1,596692
3651.2,596764
3651.3,596836
3651.4,596697
3651.5,596675
3651.6,596842
3651.7,596892
3651.8,596869
3651.9,596668
3652,596803
3652.1,596897
3652.2,596758
3652.3,596714
3652.4,596764
3652.5,597045
3652.6,597001
3652.7,596706
3652.8,596841
3652.9,596819
3653,596775
3653.1,596963
3653.2,597012
3653.3,596695
3653.4,596650
3653.5,597017
3653.6,596880
3653.7,596835
3653.8,596696
3653.9,596768
3654,596935
3654.1,596890
3654.2,596571
3654.3,596940
3654.4,596802
3654.5,596757
3654.6,596829
3654.7,596901
3654.8,596582
3654.9,596824
3655,597000
3655.1,596862
3655.2,596956
3655.3,596912
3655.4,596868
3655.5,596823
3655.6,596621
3655.7,596746
3655.8,596746
3655.9,596744
3656,596878
3656.1,596834
3656.2,596789
3656.3,596745
3656.4,596795
3656.5,596983
3656.6,596845
3656.7,596939
3656.8,596800
3656.9,596715
3657,596944
3657.1,596900
3657.2,596771
3657.3,596726
3657.4,596999
3657.5,597070
3657.6,596681
3657.7,596732
3657.8,596592
3657.9,596737
3658,596597
3658.1,596849
3658.2,596921
3658.3,596899
3658.4,596603
3658.5,596750
3658.6,596705
3658.7,596755
3658.8,596848
3658.9,596666
3659,596686
3659.1,596759
3659.2,596694
3659.3,596766
3659.4,596838
3659.5,596677
3659.6,596675
3659.7,596747
3659.8,596607
3659.9,596953
3660,597025
3660.1,596688
3660.2,596877
3660.3,596715
3660.4,596713
3660.5,596763
3660.6,596804
3660.7,596876
3660.8,596831
3660.9,596747
3661,596702
3661.1,596754
3661.2,596752
3661.3,596802
3661.4,596936
3661.5,596798
3661.6,596870
3661.7,596763
3661.8,596740
3661.9,596675
3662,596631
3662.1,596586
3662.2,596952
3662.3,596908
3662.4,596886
3662.5,597051
3662.6,596734
3662.7,596597
3662.8,596669
3662.9,596930
3663,596792
3663.1,596747
3663.2,596607
3663.3,596701
3663.4,596889
3663.5,596613
3663.6,596897
3663.7,596852
3663.8,596924
3663.9,596880
3664,596836
3664.1,596697
3664.2,596674
3664.3,596747
3664.4,596639
3664.5,596962
3664.6,597034
3664.7,596874
3664.8,596640
3664.9,596733
3665,596711
3665.1,596783
3665.2,596813
3665.3,596791
3665.4,596863
3665.5,596934
3665.6,596932
3665.7,596772
3665.8,596632
3665.9,596799
3666,596755
3666.1,596807
3666.2,596667
3666.3,596740
3666.4,596600
3666.5,596966
3666.6,597038
3666.7,596721
3666.8,596676
3666.9,596728
3667,596684
3667.1,596704
3667.2,596776
3667.3,596732
3667.4,596687
3667.5,596642
3667.6,596672
3667.7,596650
3667.8,596722
3667.9,596720
3668,596793
3668.1,596653
3668.2,596883
3668.3,596932
3668.4,596709
3668.5,596781
3668.6,596664
3668.7,596915
3668.8,596871
3668.9,596849
3669,596529
3669.1,596854
3669.2,596630
3669.3,596703
3669.4,596860
3669.5,596815
3669.6,596771
3669.7,596749
3669.8,596915
3669.9,596870
3670,596646
3670.1,596876
3670.2,596970
3670.3,596925
3670.4,596809
3670.5,596975
3670.6,596931
3670.7,596707
3670.8,596854
3670.9,596852
3671,596618
3671.1,596848
3671.2,597035
3671.3,596991
3671.4,596947
3671.5,596724
3671.6,596753
3671.7,596634
3671.8,596886
3671.9,596864
3672,596819
3672.1,596734
3672.2,596941
3672.3,596740
3672.4,596695
3672.5,596673
3672.6,596924
3672.7,596880
3672.8,596835
3672.9,596907
3673,596957
3673.1,596734
3673.2,596891
3673.3,596752
3673.4,596730
3673.5,596802
3673.6,596757
3673.7,596713
3673.8,596817
3673.9,596655
3674,596907
3674.1,596768
3674.2,596840
3674.3,596701
3674.4,596656
3674.5,596823
3674.6,596779
3674.7,596923
3674.8,596690
3674.9,596645
3675,596645
3675.1,596600
3675.2,596650
3675.3,596723
3675.4,596889
3675.5,596845
3675.6,596706
3675.7,596566
3675.8,596776
3675.9,596848
3676,596784
3676.1,596622
3676.2,596999
3676.3,596955
3676.4,596722
3676.5,596677
3676.6,596770
3676.7,596725
3676.8,596777
3676.9,596733
3677,596720
3677.1,596877
3677.2,596738
3677.3,596694
3677.4,596649
3677.5,596604
3677.6,596794
3677.7,596843
3677.8,596799
3677.9,596564
3678,596637
3678.1,596710
3678.2,596708
3678.3,596758
3678.4,596693
3678.5,596765
3678.6,596721
3678.7,596698
3678.8,596653
3678.9,596769
3679,596724
3679.1,596679
3679.2,596729
3679.3,596759
3679.4,596831
3679.5,596692
3679.6,596690
3679.7,596645
3679.8,596718
3679.9,596673
3680,596703
3680.1,596753
3680.2,596708
3680.3,596803
3680.4,596758
3680.5,596756
3680.6,596574
3680.7,596624
3680.8,596674
3680.9,596767
3681,596650
3681.1,596722
3681.2,596795
3681.3,596750
3681.4,596822
3681.5,596640
3681.6,596691
3681.7,596550
3681.8,596761
3681.9,596644
3682,596599
3682.1,596829
3682.2,596879
3682.3,596677
3682.4,596707
3682.5,596662
3682.6,596660
3682.7,596615
3682.8,596710
3682.9,596665
3683,596482
3683.1,596628
3683.2,596818
3683.3,596773
3683.4,596865
3683.5,596821
3683.6,596682
3683.7,596754
3683.8,596784
3683.9,596739
3684,596811
3684.1,596883
3684.2,596839
3684.3,596700
3684.4,596655
3684.5,596705
3684.6,596894
3684.7,596850
3684.8,596899
3684.9,596761
3685,596621
3685.1,596619
3685.2,596574
3685.3,596647
3685.4,596772
3685.5,596844
3685.6,596799
3685.7,596871
3685.8,596637
3685.9,596592
3686,596686
3686.1,596736
3686.2,596765
3686.3,596838
3686.4,596887
3686.5,596749
3686.6,596704
3686.7,596893
3686.8,596732
3686.9,596804
3687,596759
3687.1,596715
3687.2,596997
3687.3,596859
3687.4,596815
3687.5,596770
3687.6,596725
3687.7,596681
3687.8,596731
3687.9,596897
3688,596781
3688.1,596736
3688.2,596734
3688.3,596689
3688.4,596719
3688.5,596675
3688.6,596725
3688.7,596680
3688.8,596658
3688.9,596730
3689,596611
3689.1,596683
3689.2,596713
3689.3,596668
3689.4,596813
3689.5,596769
3689.6,596629
3689.7,596724
3689.8,596679
3689.9,596752
3690,596707
3690.1,596967
3690.2,597017
3690.3,596762
3690.4,596740
3690.5,596600
3690.6,596790
3690.7,596723
3690.8,596678
3690.9,596845
3691,596801
3691.1,596756
3691.2,596521
3691.3,596614
3691.4,596667
3691.5,596622
3691.6,596672
3691.7,596839
3691.8,596911
3691.9,596867
3692,596728
3692.1,596588
3692.2,596543
3692.3,596828
3692.4,596877
3692.5,596811
3692.6,596789
3692.7,596554
3692.8,596647
3692.9,596877
3693,596675
3693.1,596705
3693.2,596755
3693.3,596805
3693.4,596665
3693.5,596525
3693.6,596758
3693.7,596713
3693.8,596763
3693.9,596676
3694,596749
3694.1,596776
3694.2,596637
3694.3,596752
3694.4,596687
3694.5,596642
3694.6,596597
3694.7,596647
3694.8,596815
3694.9,596802
3695,596842
3695.1,596798
3695.2,596753
3695.3,596825
3695.4,596897
3695.5,596947
3695.6,596586
3695.7,596488
3695.8,596719
3695.9,596675
3696,596747
3696.1,596702
3696.2,596775
3696.3,596825
3696.4,596874
3696.5,596852
3696.6,596713
3696.7,596668
3696.8,596623
3696.9,596696
3697,596746
3697.1,596912
3697.2,596868
3697.3,596846
3697.4,596707
3697.5,596799
3697.6,596755
3697.7,596710
3697.8,596623
3697.9,596790
3698,596862
3698.1,596818
3698.2,596583
3698.3,596656
3698.4,596843
3698.5,596682
3698.6,596594
3698.7,596878
3698.8,596928
3698.9,596928
3699,596883
3699.1,596839
3699.2,596795
3699.3,596728
3699.4,596894
3699.5,596850
3699.6,596805
3699.7,596899
3699.8,596761
3699.9,596716
3700,596766
3700.1,596816
3700.2,596771
3700.3,596727
3700.4,596799
3700.5,596871
3700.6,596827
3700.7,596782
3700.8,596854
3700.9,596788
3701,596837
3701.1,596793
3701.2,596748
3701.3,596821
3701.4,596892
3701.5,596691
3701.6,596763
3701.7,596771
3701.8,596863
3701.9,596724
3702,596859
3702.1,596814
3702.2,596770
3702.3,596958
3702.4,596597
3702.5,596765
3702.6,596740
3702.7,596695
3702.8,596924
3702.9,596786
3703,596741
3703.1,596930
3703.2,596568
3703.3,596758
3703.4,596734
3703.5,596847
3703.6,596802
3703.7,596663
3703.8,596713
3703.9,596902
3704,596582
3704.1,596655
3704.2,596728
3704.3,596840
3704.4,596679
3704.5,596634
3704.6,596589
3704.7,596757
3704.8,596923
3704.9,596879
3705,596794
3705.1,596632
3705.2,596745
3705.3,596700
3705.4,596656
3705.5,596611
3705.6,596683
3705.7,596756
3705.8,596828
3705.9,596721
3706,596856
3706.1,596694
3706.2,596744
3706.3,596794
3706.4,596772
3706.5,596822
3706.6,596894
3706.7,596692
3706.8,596647
3706.9,596877
3707,596833
3707.1,596788
3707.2,596743
3707.3,596699
3707.4,596654
3707.5,597031
3707.6,596893
3707.7,596849
3707.8,596898
3707.9,596760
3708,596715
3708.1,596765
3708.2,596720
3708.3,596770
3708.4,596590
3708.5,596914
3708.6,596807
3708.7,596919
3708.8,596875
3708.9,596831
3709,596786
3709.1,596679
3709.2,596614
3709.3,596664
3709.4,596662
3709.5,596797
3709.6,596847
3709.7,596685
3709.8,596852
3709.9,596532
3710,596605
3710.1,596730
3710.2,596728
3710.3,596683
3710.4,596818
3710.5,596868
3710.6,596918
3710.7,596694
3710.8,596606
3710.9,596744
3711,596700
3711.1,596928
3711.2,596884
3711.3,596934
3711.4,596983
3711.5,596623
3711.6,596673
3711.7,596693
3711.8,596806
3711.9,596761
3712,596928
3712.1,596726
3712.2,596659
3712.3,596667
3712.4,596687
3712.5,596916
3712.6,596597
3712.7,596827
3712.8,596899
3712.9,596792
3713,596705
3713.1,596850
3713.2,596711
3713.3,596709
3713.4,596664
3713.5,596619
3713.6,596849
3713.7,596624
3713.8,596654
3713.9,596821
3714,596819
3714.1,596775
3714.2,596730
3714.3,596959
3714.4,596640
3714.5,596691
3714.6,596741
3714.7,596558
3714.8,596631
3714.9,596841
3715,596796
3715.1,596614
3715.2,596664
3715.3,596714
3715.4,596669
3715.5,596625
3715.6,596720
3715.7,596675
3715.8,596725
3715.9,596680
3716,596635
3716.1,596780
3716.2,596736
3716.3,596691
3716.4,596646
3716.5,596836
3716.6,596791
3716.7,596863
3716.8,596796
3716.9,596539
3717,596844
3717.1,596640
3717.2,596755
3717.3,596710
3717.4,596740
3717.5,596812
3717.6,596705
3717.7,596723
3717.8,596868
3717.9,596823
3718,596779
3718.1,596734
3718.2,596806
3718.3,596604
3718.4,596676
3718.5,596789
3718.6,596745
3718.7,596889
3718.8,596844
3718.9,596705
3719,596755
3719.1,596670
3719.2,596625
3719.3,596580
3719.4,596905
3719.5,596954
3719.6,596794
3719.7,596866
3719.8,596821
3719.9,596777
3720,596965
3720.1,596921
3720.2,596876
3720.3,596904
3720.4,596743
3720.5,596815
3720.6,596771
3720.7,596843
3720.8,596798
3720.9,596870
3721,596826
3721.1,596853
3721.2,596809
3721.3,596764
3721.4,596720
3721.5,596580
3721.6,596652
3721.7,596820
3721.8,596775
3721.9,596919
3722,596875
3722.1,596596
3722.2,596806
3722.3,596549
3722.4,596739
3722.5,596652
3722.6,596607
3722.7,596752
3722.8,596896
3722.9,596662
3723,596912
3723.1,596867
3723.2,596823
3723.3,596716
3723.4,596746
3723.5,596678
3723.6,596845
3723.7,596801
3723.8,596873
3723.9,596828
3724,596784
3724.1,596739
3724.2,596883
3724.3,596564
3724.4,596709
3724.5,596750
3724.6,596822
3724.7,596894
3724.8,596944
3724.9,596720
3725,596537
3725.1,596631
3725.2,596954
3725.3,596816
3725.4,596771
3725.5,596727
3725.6,597009
3725.7,596786
3725.8,596699
3725.9,596675
3726,596882
3726.1,596743
3726.2,596815
3726.3,596865
3726.4,596936
3726.5,596693
3726.6,596785
3726.7,596815
3726.8,596791
3726.9,596809
3727,596859
3727.1,596814
3727.2,596612
3727.3,596737
3727.4,596809
3727.5,596881
3727.6,596720
3727.7,596695
3727.8,596650
3727.9,596605
3728,596613
3728.1,596685
3728.2,596758
3728.3,596830
3728.4,596668
3728.5,596761
3728.6,596599
3728.7,596861
3728.8,596679
3728.9,596772
3729,596589
3729.1,596779
3729.2,596923
3729.3,596762
3729.4,596695
3729.5,596745
3729.6,596701
3729.7,596793
3729.8,596728
3729.9,596801
3730,596850
3730.1,596900
3730.2,596834
3730.3,596694
3730.4,596670
3730.5,596625
3730.6,596698
3730.7,596727
3730.8,596777
3730.9,596921
3731,596720
3731.1,596833
3731.2,596693
3731.3,596649
3731.4,596699
3731.5,596654
3731.6,597031
3731.7,596691
3731.8,596826
3731.9,596898
3732,596737
3732.1,596830
3732.2,596529
3732.3,596698
3732.4,596864
3732.5,596914
3732.6,596776
3732.7,596731
3732.8,596823
3732.9,596779
3733,596596
3733.1,596742
3733.2,596792
3733.3,596747
3733.4,596797
3733.5,596752
3733.6,596708
3733.7,596663
3733.8,596618
3733.9,596763
3734,596718
3734.1,596673
3734.2,596606
3734.3,596604
3734.4,596928
3734.5,596821
3734.6,596639
3734.7,596784
3734.8,596740
3734.9,596832
3735,596552
3735.1,596783
3735.2,596833
3735.3,596789
3735.4,596681
3735.5,596616
3735.6,596689
3735.7,596739
3735.8,596671
3735.9,596764
3736,596720
3736.1,596770
3736.2,596630
3736.3,596585
3736.4,596869
3736.5,596782
3736.6,596738
3736.7,596670
3736.8,596646
3736.9,596696
3737,596651
3737.1,596724
3737.2,596796
3737.3,596709
3737.4,596876
3737.5,596903
3737.6,596742
3737.7,596834
3737.8,596790
3737.9,596862
3738,596817
3738.1,596847
3738.2,596780
3738.3,596924
3738.4,596786
3738.5,596528
3738.6,596621
3738.7,596967
3738.8,596744
3738.9,596657
3739,596802
3739.1,596851
3739.2,596712
3739.3,596805
3739.4,596760
3739.5,596873
3739.6,596766
3739.7,596678
3739.8,596706
3739.9,596799
3740,596659
3740.1,597004
3740.2,596727
3740.3,596894
3740.4,596733
3740.5,596625
3740.6,596738
3740.7,596788
3740.8,596743
3740.9,596699
3741,596654
3741.1,596821
3741.2,596871
3741.3,596920
3741.4,596697
3741.5,596925
3741.6,596859
3741.7,596720
3741.8,596792
3741.9,597051
3742,596597
3742.1,596690
3742.2,596645
3742.3,596790
3742.4,596628
3742.5,596858
3742.6,596697
3742.7,596801
3742.8,596661
3742.9,596734
3743,596646
3743.1,596896
3743.2,596554
3743.3,596605
3743.4,596537
3743.5,596705
3743.6,596778
3743.7,596733
3743.8,596785
3743.9,596600
3744,596788
3744.1,596816
3744.2,596771
3744.3,596727
3744.4,596682
3744.5,596754
3744.6,596571
3744.7,596717
3744.8,596672
3744.9,596817
3745,596678
3745.1,596653
3745.2,596882
3745.3,596776
3745.4,596731
3745.5,596686
3745.6,596694
3745.7,596649
3745.8,596699
3745.9,596697
3746,596629
3746.1,596702
3746.2,596752
3746.3,596802
3746.4,596715
3746.5,596670
3746.6,596815
3746.7,596770
3746.8,596746
3746.9,596701
3747,596773
3747.1,596546
3747.2,596639
3747.3,596594
3747.4,596506
3747.5,596812
3747.6,596554
3747.7,596605
3747.8,596655
3747.9,596885
3748,596840
3748.1,596773
3748.2,596729
3748.3,596989
3748.4,596671
3748.5,596606
3748.6,596634
3748.7,596727
3748.8,596839
3748.9,596678
3749,596822
3749.1,596715
3749.2,596765
3749.3,596700
3749.4,596772
3749.5,597020
3749.6,596744
3749.7,596794
3749.8,596843
3749.9,596714
3750,596669
3750.1,596898
3750.2,596602
3750.3,596926
3750.4,596765
3750.5,596603
3750.6,596631
3750.7,596776
3750.8,596731
3750.9,596803
3751,596875
3751.1,596714
3751.2,596669
3751.3,596719
3751.4,596652
3751.5,596797
3751.6,596847
3751.7,596708
3751.8,596663
3751.9,596852
3752,596879
3752.1,596835
3752.2,596705
3752.3,596818
3752.4,596774
3752.5,596729
3752.6,596684
3752.7,596967
3752.8,596784
3752.9,596834
3753,596789
3753.1,596682
3753.2,596795
3753.3,596570
3753.4,596800
3753.5,596966
3753.6,596900
3753.7,596855
3753.8,596716
3753.9,596860
3754,596816
3754.1,596688
3754.2,596738
3754.3,596831
3754.4,596508
3754.5,596970
3754.6,596926
3754.7,596882
3754.8,596837
3754.9,596687
3755,596948
3755.1,596904
3755.2,596625
3755.3,596718
3755.4,596673
3755.5,596818
3755.6,596636
3755.7,596781
3755.8,596768
3755.9,596746
3756,596764
3756.1,596697
3756.2,596789
3756.3,596722
3756.4,596772
3756.5,596685
3756.6,596852
3756.7,596627
3756.8,596763
3756.9,596813
3757,596768
3757.1,596701
3757.2,596751
3757.3,596706
3757.4,596779
3757.5,596649
3757.6,596878
3757.7,596834
3757.8,596789
3757.9,596817
3758,596750
3758.1,596822
3758.2,596872
3758.3,596765
3758.4,596783
3758.5,596716
3758.6,596766
3758.7,596932
3758.8,596731
3758.9,596686
3759,596736
3759.1,596786
3759.2,596581
3759.3,596652
3759.4,596702
3759.5,596657
3759.6,596730
3759.7,596665
3759.8,596757
3759.9,596765
3760,596793
3760.1,596768
3760.2,596996
3760.3,596952
3760.4,596908
3760.5,596863
3760.6,596736
3760.7,596689
3760.8,596834
3760.9,596554
3761,596785
3761.1,596740
3761.2,596696
3761.3,596746
3761.4,596796
3761.5,596845
3761.6,596621
3761.7,596922
3761.8,596784
3761.9,596622
3762,596672
3762.1,596627
3762.2,596795
3762.3,596728
3762.4,596778
3762.5,596827
3762.6,596760
3762.7,596621
3762.8,596648
3762.9,596604
3763,596865
3763.1,596704
3763.2,596797
3763.3,596709
3763.4,596759
3763.5,596715
3763.6,596670
3763.7,596815
3763.8,596770
3763.9,596924
3764,596858
3764.1,596538
3764.2,596684
3764.3,596691
3764.4,596646
3764.5,596739
3764.6,596694
3764.7,596807
3764.8,596740
3764.9,596790
3765,596840
3765.1,596615
3765.2,596845
3765.3,596801
3765.4,596598
3765.5,596711
3765.6,596739
3765.7,596576
3765.8,596627
3765.9,596772
3766,596822
3766.1,596777
3766.2,596965
3766.3,597015
3766.4,596832
3766.5,596765
3766.6,596698
3766.7,596654
3766.8,596704
3766.9,596659
3767,596942
3767.1,596781
3767.2,596714
3767.3,596764
3767.4,596720
3767.5,596770
3767.6,596703
3767.7,596963
3767.8,596919
3767.9,596758
3768,596808
3768.1,596646
3768.2,596813
3768.3,596651
3768.4,596606
3768.5,596751
3768.6,596621
3768.7,596945
3768.8,596690
3768.9,596645
3769,596577
3769.1,596745
3769.2,596817
3769.3,596845
3769.4,596832
3769.5,596828
3769.6,596688
3769.7,596781
3769.8,596714
3769.9,596744
3770,596794
3770.1,596937
3770.2,596893
3770.3,596849
3770.4,596570
3770.5,596663
3770.6,596713
3770.7,596763
3770.8,596676
3770.9,596820
3771,596713
3771.1,596668
3771.2,596781
3771.3,596736
3771.4,596764
3771.5,596719
3771.6,596747
3771.7,596935
3771.8,596657
3771.9,596802
3772,596757
3772.1,596901
3772.2,596857
3772.3,596884
3772.4,596840
3772.5,596912
3772.6,596729
3772.7,596779
3772.8,596734
3772.9,596699
3773,596749
3773.1,596977
3773.2,596817
3773.3,596889
3773.4,596610
3773.5,596755
3773.6,596688
3773.7,596832
3773.8,596882
3773.9,596766
3774,596815
3774.1,596865
3774.2,596798
3774.3,596732
3774.4,596781
3774.5,596714
3774.6,596670
3774.7,596931
3774.8,596792
3774.9,596842
3775,596891
3775.1,596708
3775.2,596663
3775.3,596596
3775.4,596646
3775.5,596601
3775.6,596651
3775.7,596818
3775.8,596774
3775.9,596729
3776,596448
3776.1,596594
3776.2,596687
3776.3,596695
3776.4,596650
3776.5,596795
3776.6,596750
3776.7,596706
3776.8,596681
3776.9,596711
3777,596644
3777.1,596788
3777.2,596721
3777.3,596888
3777.4,596632
3777.5,596587
3777.6,596542
3777.7,596592
3777.8,596737
3777.9,596881
3778,596657
3778.1,596653
3778.2,596608
3778.3,597067
3778.4,596908
3778.5,596684
3778.6,596691
3778.7,596858
3778.8,596814
3778.9,596629
3779,596817
3779.1,596655
3779.2,596768
3779.3,596638
3779.4,596645
3779.5,596718
3779.6,596790
3779.7,596606
3779.8,596656
3779.9,596801
3780,596756
3780.1,596666
3780.2,596622
3780.3,596694
3780.4,596649
3780.5,596794
3780.6,596822
3780.7,596692
3780.8,597015
3780.9,596760
3781,596598
3781.1,596648
3781.2,596815
3781.3,596748
3781.4,596986
3781.5,596763
3781.6,596623
3781.7,596853
3781.8,596903
3781.9,596858
3782,596634
3782.1,596662
3782.2,596690
3782.3,596645
3782.4,596600
3782.5,596650
3782.6,596700
3782.7,596730
3782.8,596800
3782.9,596520
3783,596846
3783.1,596779
3783.2,596829
3783.3,596972
3783.4,596559
3783.5,596684
3783.6,596734
3783.7,596960
3783.8,596705
3783.9,596638
3784,596688
3784.1,596927
3784.2,596882
3784.3,596563
3784.4,596793
3784.5,596937
3784.6,596893
3784.7,596732
3784.8,596759
3784.9,596903
3785,596774
3785.1,596539
3785.2,596770
3785.3,596703
3785.4,596753
3785.5,596590
3785.6,596968
3785.7,596723
3785.8,596835
3785.9,596706
3786,596841
3786.1,596774
3786.2,596729
3786.3,596757
3786.4,596807
3786.5,596604
3786.6,596634
3786.7,596862
3786.8,596911
3786.9,596728
3787,596778
3787.1,596733
3787.2,596783
3787.3,596833
3787.4,596905
3787.5,596658
3787.6,596803
3787.7,596641
3787.8,596531
3787.9,596898
3788,596854
3788.1,596809
3788.2,596953
3788.3,596635
3788.4,596524
3788.5,596670
3788.6,596645
3788.7,596875
3788.8,596830
3788.9,596880
3789,596930
3789.1,596863
3789.2,596616
3789.3,596571
3789.4,596621
3789.5,596576
3789.6,596531
3789.7,596950
3789.8,596673
3789.9,596817
3790,596655
3790.1,596588
3790.2,596638
3790.3,596783
3790.4,596855
3790.5,596748
3790.6,596838
3790.7,596677
3790.8,596514
3790.9,596797
3791,596752
3791.1,596760
3791.2,596904
3791.3,596584
3791.4,596815
3791.5,596770
3791.6,596585
3791.7,596636
3791.8,596781
3791.9,596714
3792,597067
3792.1,596751
3792.2,596863
3792.3,596702
3792.4,596657
3792.5,596802
3792.6,596851
3792.7,596627
3792.8,596772
3792.9,596768
3793,596723
3793.1,596656
3793.2,596706
3793.3,596778
3793.4,596922
3793.5,596761
3793.6,596694
3793.7,596744
3793.8,596559
3793.9,596747
3794,596564
3794.1,596592
3794.2,596665
3794.3,596620
3794.4,596765
3794.5,596603
3794.6,596631
3794.7,596658
3794.8,596495
3794.9,596589
3795,596543
3795.1,596962
3795.2,596644
3795.3,596652
3795.4,596607
3795.5,596635
3795.6,596662
3795.7,596660
3795.8,596710
3795.9,596665
3796,596850
3796.1,596806
3796.2,596676
3796.3,596631
3796.4,596776
3796.5,596593
3796.6,596642
3796.7,596714
3796.8,596742
3796.9,596854
3797,596882
3797.1,596837
3797.2,596887
3797.3,596663
3797.4,596670
3797.5,596625
3797.6,596653
3797.7,596628
3797.8,596858
3797.9,596908
3798,596841
3798.1,596712
3798.2,596741
3798.3,596706
3798.4,596935
3798.5,596657
3798.6,596750
3798.7,596587
3798.8,596615
3798.9,596740
3799,596884
3799.1,596723
3799.2,596773
3799.3,596706
3799.4,596778
3799.5,596593
3799.6,596739
3799.7,596789
3799.8,596838
3799.9,596772
3800,596799
3800.1,596754
3800.2,596898
3800.3,596854
3800.4,596587
3800.5,596680
3800.6,596909
3800.7,596820
3800.8,596870
3800.9,597013
3801,596555
3801.1,596563
3801.2,596636
3801.3,596708
3801.4,596641
3801.5,596711
3801.6,596622
3801.7,596629
3801.8,596774
3801.9,596707
3802,596567
3802.1,596829
3802.2,596667
3802.3,596600
3802.4,596745
3802.5,596795
3802.6,596633
3802.7,596565
3802.8,596659
3802.9,596688
3803,596716
3803.1,596671
3803.2,596508
3803.3,596697
3803.4,596609
3803.5,596659
3803.6,596592
3803.7,596737
3803.8,596595
3803.9,596825
3804,596758
3804.1,596808
3804.2,596763
3804.3,596751
3804.4,596663
3804.5,596786
3804.6,596761
3804.7,596662
3804.8,596712
3804.9,596667
3805,596812
3805.1,596956
3805.2,596499
3805.3,596687
3805.4,596737
3805.5,596733
3805.6,596783
3805.7,596833
3805.8,596860
3805.9,596636
3806,596749
3806.1,596799
3806.2,596732
3806.3,596782
3806.4,596832
3806.5,596765
3806.6,596909
3806.7,596864
3806.8,596703
3806.9,596540
3807,596686
3807.1,596618
3807.2,596858
3807.3,596538
3807.4,596885
3807.5,596818
3807.6,596751
3807.7,596589
3807.8,596617
3807.9,596667
3808,596906
3808.1,596861
3808.2,596637
3808.3,596569
3808.4,596778
3808.5,596827
3808.6,596738
3808.7,596693
3808.8,596743
3808.9,596793
3809,596663
3809.1,596808
3809.2,596804
3809.3,596674
3809.4,596490
3809.5,596774
3809.6,596886
3809.7,596757
3809.8,596669
3809.9,596602
3810,596630
3810.1,596605
3810.2,596560
3810.3,596610
3810.4,596640
3810.5,596668
3810.6,596643
3810.7,596671
3810.8,596721
3810.9,596811
3811,596767
3811.1,596911
3811.2,596592
3811.3,596737
3811.4,596627
3811.5,596877
3811.6,596832
3811.7,596976
3811.8,596730
3811.9,596685
3812,596640
3812.1,596625
3812.2,596875
3812.3,596809
3812.4,596764
3812.5,596792
3812.6,596841
3812.7,596806
3812.8,596719
3812.9,596599
3813,596901
3813.1,596740
3813.2,596790
3813.3,596723
3813.4,596983
3813.5,596600
3813.6,596650
3813.7,596701
3813.8,596949
3813.9,596789
3814,596541
3814.1,596686
3814.2,596599
3814.3,596649
3814.4,596677
3814.5,596513
3814.6,596797
3814.7,596909
3814.8,596567
3814.9,596575
3815,596763
3815.1,596718
3815.2,596745
3815.3,596678
3815.4,596706
3815.5,596618
3815.6,596594
3815.7,596940
3815.8,596873
3815.9,596649
3816,596582
3816.1,597000
3816.2,596521
3816.3,596667
3816.4,596547
3816.5,596872
3816.6,596552
3816.7,596855
3816.8,596882
3816.9,596910
3817,596865
3817.1,596799
3817.2,596848
3817.3,596741
3817.4,596536
3817.5,596606
3817.6,596846
3817.7,596958
3817.8,596797
3817.9,596941
3818,596622
3818.1,596630
3818.2,596657
3818.3,596685
3818.4,596661
3818.5,596890
3818.6,596823
3818.7,596598
3818.8,596606
3818.9,596751
3819,596778
3819.1,596711
3819.2,596644
3819.3,596599
3819.4,596574
3819.5,596677
3819.6,596727
3819.7,596660
3819.8,596635
3819.9,596663
3820,596595
3820.1,596550
3820.2,596696
3820.3,596840
3820.4,596658
3820.5,596791
3820.6,596841
3820.7,596774
3820.8,596802
3820.9,596945
3821,596817
3821.1,596559
3821.2,596727
3821.3,596840
3821.4,596773
3821.5,596823
3821.6,596733
3821.7,596560
3821.8,596748
3821.9,596703
3822,596816
3822.1,596749
3822.2,596799
3822.3,596826
3822.4,596697
3822.5,596809
3822.6,596679
3822.7,596634
3822.8,596619
3822.9,596574
3823,596506
3823.1,596534
3823.2,596680
3823.3,596635
3823.4,596685
3823.5,596618
3823.6,596646
3823.7,596673
3823.8,596649
3823.9,596699
3824,596631
3824.1,596586
3824.2,596594
3824.3,596782
3824.4,596767
3824.5,596742
3824.6,596675
3824.7,596788
3824.8,596562
3824.9,596613
3825,596663
3825.1,596573
3825.2,596803
3825.3,596831
3825.4,596974
3825.5,596538
3825.6,596546
3825.7,596500
3825.8,596528
3825.9,596503
3826,596923
3826.1,596762
3826.2,596790
3826.3,596934
3826.4,596667
3826.5,596695
3826.6,596670
3826.7,596783
3826.8,596535
3826.9,596766
3827,596910
3827.1,596525
3827.2,596694
3827.3,596646
3827.4,596536
3827.5,596903
3827.6,596837
3827.7,596612
3827.8,596914
3827.9,596690
3828,596803
3828.1,596852
3828.2,596763
3828.3,596907
3828.4,596746
3828.5,596890
3828.6,596548
3828.7,596873
3828.8,596829
3828.9,596644
3829,596694
3829.1,596722
3829.2,596782
3829.3,596481
3829.4,596574
3829.5,596582
3829.6,596948
3829.7,596585
3829.8,596592
3829.9,596567
3830,596618
3830.1,596550
3830.2,596675
3830.3,596925
3830.4,596836
3830.5,596885
3830.6,596819
3830.7,596657
3830.8,596802
3830.9,596481
3831,596901
3831.1,596612
3831.2,596544
3831.3,596519
3831.4,596845
3831.5,596778
3831.6,596733
3831.7,596877
3831.8,596630
3831.9,596520
3832,596803
3832.1,596641
3832.2,596786
3832.3,596898
3832.4,596536
3832.5,596586
3832.6,596614
3832.7,596779
3832.8,596574
3832.9,596645
3833,596652
3833.1,596702
3833.2,596752
3833.3,596590
3833.4,596618
3833.5,596867
3833.6,596801
3833.7,596766
3833.8,596678
3833.9,596917
3834,596872
3834.1,596593
3834.2,596644
3834.3,596576
3834.4,596647
3834.5,596697
3834.6,596704
3834.7,596849
3834.8,596687
3834.9,596715
3835,596763
3835.1,596580
3835.2,596608
3835.3,596753
3835.4,596708
3835.5,596736
3835.6,596550
3835.7,596739
3835.8,596629
3835.9,596656
3836,596749
3836.1,596566
3836.2,596849
3836.3,596569
3836.4,596715
3836.5,596742
3836.6,596770
3836.7,596682
3836.8,596732
3836.9,596570
3837,597008
3837.1,596550
3837.2,596969
3837.3,596490
3837.4,597045
3837.5,596979
3837.6,596619
3837.7,596646
3837.8,596622
3837.9,596629
3838,596657
3838.1,596493
3838.2,596682
3838.3,596615
3838.4,596622
3838.5,596650
3838.6,596678
3838.7,596705
3838.8,596954
3838.9,596636
3839,596525
3839.1,596618
3839.2,596721
3839.3,596536
3839.4,596681
3839.5,596518
3839.6,596546
3839.7,596734
3839.8,596784
3839.9,596792
3840,596702
3840.1,596657
3840.2,596705
3840.3,596755
3840.4,596783
3840.5,596790
3840.6,596840
3840.7,596678
3840.8,596515
3840.9,596861
3841,596636
3841.1,596664
3841.2,596553
3841.3,596699
3841.4,596654
3841.5,596564
3841.6,596931
3841.7,596685
3841.8,596522
3841.9,596941
3842,596695
3842.1,596702
3842.2,596775
3842.3,596590
3842.4,596713
3842.5,596550
3842.6,596600
3842.7,596628
3842.8,596561
3842.9,596843
3843,596543
3843.1,596571
3843.2,596599
3843.3,596744
3843.4,596677
3843.5,596727
3843.6,596682
3843.7,596730
3843.8,596547
3843.9,596870
3844,596602
3844.1,596578
3844.2,596723
3844.3,596751
3844.4,596568
3844.5,596733
3844.6,596761
3844.7,596599
3844.8,596901
3844.9,596581
3845,596884
3845.1,596616
3845.2,596549
3845.3,596554
3845.4,596921
3845.5,596760
3845.6,596788
3845.7,596743
3845.8,596887
3845.9,596758
3846,596668
3846.1,596601
3846.2,596533
3846.3,596678
3846.4,596634
3846.5,596661
3846.6,596711
3846.7,596989
3846.8,596829
3846.9,596856
3847,596632
3847.1,596564
3847.2,596592
3847.3,596717
3847.4,596672
3847.5,596625
3847.6,596833
3847.7,596671
3847.8,596815
3847.9,596568
3848,596713
3848.1,596646
3848.2,596674
3848.3,596881
3848.4,596719
3848.5,596747
3848.6,596616
3848.7,596624
3848.8,596717
3848.9,596627
3849,596834
3849.1,596862
3849.2,596795
3849.3,596822
3849.4,596778
3849.5,596733
3849.6,596877
3849.7,596598
3849.8,596764
3849.9,596654
3850,596893
3850.1,596551
3850.2,596505
3850.3,596651
3850.4,596647
3850.5,596812
3850.6,596702
3850.7,596730
3850.8,596685
3850.9,596713
3851,596582
3851.1,596632
3851.2,596840
3851.3,596867
3851.4,596706
3851.5,596638
3851.6,596571
3851.7,596833
3851.8,596585
3851.9,596613
3852,596641
3852.1,596754
3852.2,596687
3852.3,596737
3852.4,596692
3852.5,596720
3852.6,596630
3852.7,596752
3852.8,596708
3852.9,596640
3853,596668
3853.1,596812
3853.2,596492
3853.3,596615
3853.4,596633
3853.5,596661
3853.6,596636
3853.7,596759
3853.8,596671
3853.9,596816
3854,596621
3854.1,596754
3854.2,596592
3854.3,596428
3854.4,596712
3854.5,596740
3854.6,596747
3854.7,596775
3854.8,596919
3854.9,596481
3855,596785
3855.1,596718
3855.2,596651
3855.3,596795
3855.4,596845
3855.5,596801
3855.6,596711
3855.7,596644
3855.8,596671
3855.9,596540
3856,596843
3856.1,596523
3856.2,596826
3856.3,596664
3856.4,596692
3856.5,596720
3856.6,596747
3856.7,596499
3856.8,596708
3856.9,596481
3857,596902
3857.1,596464
3857.2,596492
3857.3,596795
3857.4,596633
3857.5,596778
3857.6,596828
3857.7,596581
3857.8,596883
3857.9,596541
3858,596843
3858.1,596682
3858.2,596709
3858.3,596664
3858.4,596809
3858.5,596720
3858.6,596747
3858.7,596499
3858.8,596645
3858.9,596640
3859,596690
3859.1,596740
3859.2,596610
3859.3,596638
3859.4,596939
3859.5,596778
3859.6,596806
3859.7,596833
3859.8,596565
3859.9,596753
3860,596664
3860.1,596596
3860.2,596709
3860.3,596642
3860.4,596692
3860.5,596752
3860.6,596642
3860.7,596891
3860.8,596802
3860.9,596852
3861,596785
3861.1,596718
3861.2,596651
3861.3,596890
3861.4,596665
3861.5,596598
3861.6,596411
3861.7,596439
3861.8,596860
3861.9,596888
3862,596568
3862.1,596619
3862.2,596709
3862.3,596737
3862.4,596764
3862.5,596697
3862.6,596662
3862.7,596775
3862.8,596919
3862.9,596640
3863,596668
3863.1,596738
3863.2,596745
3863.3,596751
3863.4,596706
3863.5,596850
3863.6,596993
3863.7,596439
3863.8,596467
3863.9,596771
3864,596747
3864.1,596774
3864.2,596592
3864.3,596642
3864.4,596669
3864.5,596792
3864.6,596819
3864.7,596847
3864.8,596802
3864.9,596617
3865,596668
3865.1,596695
3865.2,596628
3865.3,596633
3865.4,596820
3865.5,596616
3865.6,596643
3865.7,596788
3865.8,596932
3865.9,596865
3866,596799
3866.1,596518
3866.2,596801
3866.3,596734
3866.4,596836
3866.5,596611
3866.6,596617
3866.7,596824
3866.8,596757
3866.9,596690
3867,596740
3867.1,596767
3867.2,596911
3867.3,596633
3867.4,596661
3867.5,596731
3867.6,596621
3867.7,596860
3867.8,596793
3867.9,596937
3868,596500
3868.1,596826
3868.2,596736
3868.3,596669
3868.4,596697
3868.5,596566
3868.6,596806
3868.7,596644
3868.8,596945
3868.9,596667
3869,596812
3869.1,596723
3869.2,596592
3869.3,596547
3869.4,596692
3869.5,596877
3869.6,596788
3869.7,596466
3869.8,596771
3869.9,596798
3870,596848
3870.1,596505
3870.2,596808
3870.3,596741
3870.4,596746
3870.5,596774
3870.6,596612
3870.7,596662
3870.8,596594
3870.9,596739
3871,596672
3871.1,596700
3871.2,596632
3871.3,596660
3871.4,596688
3871.5,596738
3871.6,596860
3871.7,596698
3871.8,596726
3871.9,596583
3872,596728
3872.1,596566
3872.2,596573
3872.3,596739
3872.4,596629
3872.5,596656
3872.6,596684
3872.7,596521
3872.8,596687
3872.9,596524
3873,596531
3873.1,596677
3873.2,596587
3873.3,596752
3873.4,596685
3873.5,596692
3873.6,596720
3873.7,596770
3873.8,596797
3873.9,596730
3874,596800
3874.1,596595
3874.2,596528
3874.3,596673
3874.4,596701
3874.5,596643
3874.6,596756
3874.7,596689
3874.8,596621
3874.9,596786
3875,596677
3875.1,596704
3875.2,596754
3875.3,596687
3875.4,596735
3875.5,596625
3875.6,596695
3875.7,596680
3875.8,596730
3875.9,596780
3876,596618
3876.1,596645
3876.2,596693
3876.3,596701
3876.4,596728
3876.5,596756
3876.6,596805
3876.7,596738
3876.8,596671
3876.9,596741
3877,596769
3877.1,596659
3877.2,596496
3877.3,596642
3877.4,596669
3877.5,596697
3877.6,596724
3877.7,596752
3877.8,596567
3877.9,596712
3878,596762
3878.1,596790
3878.2,596605
3878.3,596633
3878.4,596638
3878.5,596593
3878.6,596620
3878.7,596596
3878.8,596603
3878.9,596843
3879,596753
3879.1,596591
3879.2,596523
3879.3,596573
3879.4,596601
3879.5,596629
3879.6,596774
3879.7,596684
3879.8,596712
3879.9,596549
3880,596577
3880.1,596509
3880.2,596655
3880.3,596799
3880.4,596647
3880.5,596737
3880.6,596670
3880.7,596698
3880.8,596725
3880.9,596869
3881,596645
3881.1,596830
3881.2,596646
3881.3,596696
3881.4,596744
3881.5,596751
3881.6,596778
3881.7,596530
3881.8,596581
3881.9,596513
3882,596816
3882.1,596843
3882.2,596871
3882.3,596624
3882.4,596674
3882.5,596468
3882.6,596539
3882.7,596842
3882.8,596752
3882.9,596407
3883,596923
3883.1,596857
3883.2,596494
3883.3,596723
3883.4,596570
3883.5,596778
3883.6,596899
3883.7,596833
3883.8,596882
3883.9,596540
3884,596843
3884.1,596659
3884.2,596781
3884.3,596651
3884.4,596764
3884.5,596611
3884.6,596543
3884.7,596846
3884.8,596599
3884.9,596508
3885,596717
3885.1,596745
3885.2,596794
3885.3,596822
3885.4,596597
3885.5,596720
3885.6,596630
3885.7,596680
3885.8,596770
3885.9,596640
3886,596668
3886.1,596718
3886.2,596723
3886.3,596655
3886.4,596863
3886.5,596890
3886.6,596548
3886.7,596576
3886.8,596583
3886.9,596706
3887,596563
3887.1,596591
3887.2,596736
3887.3,596646
3887.4,596558
3887.5,596799
3887.6,596614
3887.7,596747
3887.8,596891
3887.9,596802
3888,596672
3888.1,596700
3888.2,596707
3888.3,596660
3888.4,596592
3888.5,596502
3888.6,596805
3888.7,596833
3888.8,596703
3888.9,596753
3889,596780
3889.1,596776
3889.2,596528
3889.3,596555
3889.4,596583
3889.5,596823
3889.6,596618
3889.7,596668
3889.8,596578
3889.9,596649
3890,596677
3890.1,596661
3890.2,596732
3890.3,596664
3890.4,596672
3890.5,596624
3890.6,596514
3890.7,596541
3890.8,596685
3890.9,596829
3891,596742
3891.1,596770
3891.2,596933
3891.3,596612
3891.4,596778
3891.5,596710
3891.6,596738
3891.7,596671
3891.8,596583
3891.9,596588
3892,596753
3892.1,596686
3892.2,596893
3892.3,596826
3892.4,596853
3892.5,596606
3892.6,596614
3892.7,596641
3892.8,596574
3892.9,596644
3893,596672
3893.1,596582
3893.2,596727
3893.3,596734
3893.4,596549
3893.5,596620
3893.6,596552
3893.7,596948
3893.8,596607
3893.9,596635
3894,596737
3894.1,596670
3894.2,596623
3894.3,596650
3894.4,596678
3894.5,596728
3894.6,596713
3894.7,596646
3894.8,596598
3894.9,596806
3895,596462
3895.1,596586
3895.2,596475
3895.3,596853
3895.4,596691
3895.5,596719
3895.6,596629
3895.7,596836
3895.8,596493
3895.9,596617
3896,596549
3896.1,596599
3896.2,596785
3896.3,596812
3896.4,596840
3896.5,596655
3896.6,596620
3896.7,596552
3896.8,596580
3896.9,596725
3897,596540
3897.1,596663
3897.2,596964
3897.3,596623
3897.4,596555
3897.5,596606
3897.6,596751
3897.7,596756
3897.8,596666
3897.9,596555
3898,596626
3898.1,596771
3898.2,596566
3898.3,596593
3898.4,596503
3898.5,596649
3898.6,596601
3898.7,596747
3898.8,596679
3898.9,596707
3899,596597
3899.1,596624
3899.2,596629
3899.3,596679
3899.4,596727
3899.5,596640
3899.6,596805
3899.7,596812
3899.8,596817
3899.9,596655
3900,596683
3900.1,596635
3900.2,596525
3900.3,596648
3900.4,596793
3900.5,596746
3900.6,596678
3900.7,596979
3900.8,596638
3900.9,596528
3901,596788
3901.1,596796
3901.2,596749
3901.3,596563
3901.4,596591
3901.5,596893
3901.6,596647
3901.7,596536
3901.8,596607
3901.9,596868
3902,596546
3902.1,596985
3902.2,596739
3902.3,596650
3902.4,596539
3902.5,596685
3902.6,596617
3902.7,596645
3902.8,596577
3902.9,596700
3903,596727
3903.1,596542
3903.2,596688
3903.3,596738
3903.4,596648
3903.5,596770
3903.6,596798
3903.7,596431
3903.8,596852
3903.9,596413
3904,596560
3904.1,596565
3904.2,596593
3904.3,596502
3904.4,596828
3904.5,596739
3904.6,596608
3904.7,596910
3904.8,596843
3904.9,596754
3905,596781
3905.1,596714
3905.2,596742
3905.3,596674
3905.4,596819
3905.5,596824
3905.6,596851
3905.7,596762
3905.8,596695
3905.9,596745
3906,596655
3906.1,596894
3906.2,596710
3906.3,596620
3906.4,596670
3906.5,596718
3906.6,596630
3906.7,596540
3906.8,596780
3906.9,596690
3907,596623
3907.1,596788
3907.2,596560
3907.3,596588
3907.4,596616
3907.5,596761
3907.6,596576
3907.7,596741
3907.8,596535
3907.9,596701
3908,596686
3908.1,596619
3908.2,596646
3908.3,596696
3908.4,596606
3908.5,596677
3908.6,596704
3908.7,596689
3908.8,596811
3908.9,596744
3909,596677
3909.1,596705
3909.2,596732
3909.3,596642
3909.4,596787
3909.5,596814
3909.6,596652
3909.7,596775
3909.8,596707
3909.9,596735
3910,596857
3910.1,596862
3910.2,596700
3910.3,596570
3910.4,596597
3910.5,596507
3910.6,596810
3910.7,596721
3910.8,596494
3910.9,596798
3911,596942
3911.1,596578
3911.2,596763
3911.3,596791
3911.4,596543
3911.5,596751
3911.6,596801
3911.7,596711
3911.8,596949
3911.9,596766
3912,596495
3912.1,596821
3912.2,596637
3912.3,596664
3912.4,596692
3912.5,596561
3912.6,596566
3912.7,596657
3912.8,596802
3912.9,596617
3913,596645
3913.1,596672
3913.2,596911
3913.3,596938
3913.4,596755
3913.5,596570
3913.6,596693
3913.7,596625
3913.8,596748
3913.9,596712
3914,596919
3914.1,596735
3914.2,596645
3914.3,596555
3914.4,596701
3914.5,596845
3914.6,596872
3914.7,596688
3914.8,596716
3914.9,596669
3915,596535
3915.1,596724
3915.2,596920
3915.3,596853
3915.4,596689
3915.5,596578
3915.6,596626
3915.7,596611
3915.8,596756
3915.9,596571
3916,596621
3916.1,596627
3916.2,596579
3916.3,596881
3916.4,596730
3916.5,596567
3916.6,596476
3916.7,596645
3916.8,596767
3916.9,596539
3917,596705
3917.1,596476
3917.2,596622
3917.3,596436
3917.4,596582
3917.5,596822
3917.6,596637
3917.7,596760
3917.8,596618
3917.9,596740
3918,596790
3918.1,596818
3918.2,596708
3918.3,596713
3918.4,596740
3918.5,596673
3918.6,596701
3918.7,596728
3918.8,596756
3918.9,596507
3919,596512
3919.1,596721
3919.2,596653
3919.3,596681
3919.4,596550
3919.5,596673
3919.6,596701
3919.7,596611
3919.8,596818
3919.9,596634
3920,596661
3920.1,596900
3920.2,596927
3920.3,596638
3920.4,596771
3920.5,596799
3920.6,596709
3920.7,596579
3920.8,596701
3920.9,596686
3921,596736
3921.1,596689
3921.2,596717
3921.3,596901
3921.4,596654
3921.5,596521
3921.6,596709
3921.7,596599
3921.8,596669
3921.9,596579
3922,596607
3922.1,596730
3922.2,596640
3922.3,596647
3922.4,596717
3922.5,596532
3922.6,596929
3922.7,596682
3922.8,596549
3922.9,596620
3923,596532
3923.1,596698
3923.2,596725
3923.3,596730
3923.4,596735
3923.5,596573
3923.6,596875
3923.7,596628
3923.8,596540
3923.9,596956
3924,596454
3924.1,596482
3924.2,596648
3924.3,596537
3924.4,596703
3924.5,596711
3924.6,596621
3924.7,596530
3924.8,596696
3924.9,596586
3925,596751
3925.1,596545
3925.2,596786
3925.3,596696
3925.4,596649
3925.5,596581
3925.6,596586
3925.7,596636
3925.8,596546
3925.9,596649
3926,596558
3926.1,596799
3926.2,596752
3926.3,596779
3926.4,596594
3926.5,596791
3926.6,596543
3926.7,596752
3926.8,596587
3926.9,596732
3927,596642
3927.1,596531
3927.2,596749
3927.3,596704
3927.4,596614
3927.5,596567
3927.6,596753
3927.7,596717
3927.8,596745
3927.9,596635
3928,596662
3928.1,596615
3928.2,596643
3928.3,596648
3928.4,596537
3928.5,596660
3928.6,596730
3928.7,596620
3928.8,596785
3928.9,596695
3929,596628
3929.1,596633
3929.2,596840
3929.3,596773
3929.4,596525
3929.5,596828
3929.6,596558
3929.7,596860
3929.8,596452
3929.9,596893
3930,596942
3930.1,596696
3930.2,596606
3930.3,596633
3930.4,596638
3930.5,596666
3930.6,596598
3930.7,596508
3930.8,596515
3930.9,596776
3931,596686
3931.1,596523
3931.2,596826
3931.3,596460
3931.4,596764
3931.5,596729
3931.6,596596
3931.7,596729
3931.8,596757
3931.9,596572
3932,596599
3932.1,596839
3932.2,596709
3932.3,596871
3932.4,596804
3932.5,596715
3932.6,596529
3932.7,596770
3932.8,596797
3932.9,596644
3933,596735
3933.1,596667
3933.2,596673
3933.3,596743
3933.4,596728
3933.5,596755
3933.6,596899
3933.7,596715
3933.8,596763
3933.9,596439
3934,596701
3934.1,596590
3934.2,596830
3934.3,596857
3934.4,596673
3934.5,596795
3934.6,596610
3934.7,596753
3934.8,596760
3934.9,596788
3935,596721
3935.1,596726
3935.2,596678
3935.3,596568
3935.4,596691
3935.5,596601
3935.6,596651
3935.7,596678
3935.8,596726
3935.9,596616
3936,596759
3936.1,596530
3936.2,596558
3936.3,596586
3936.4,596636
3936.5,596895
3936.6,596669
3936.7,596674
3936.8,596744
3936.9,596654
3937,596661
3937.1,596689
3937.2,596716
3937.3,596721
3937.4,596536
3937.5,596564
3937.6,596495
3937.7,596736
3937.8,596647
3937.9,596674
3938,596702
3938.1,596812
3938.2,596564
3938.3,596804
3938.4,596599
3938.5,596722
3938.6,596632
3938.7,596680
3938.8,596707
3938.9,596478
3939,596506
3939.1,596652
3939.2,596774
3939.3,596589
3939.4,596617
3939.5,596665
3939.6,596809
3939.7,596677
3939.8,596705
3939.9,596637
3940,596665
3940.1,596712
3940.2,596602
3940.3,596767
3940.4,596539
3940.5,596757
3940.6,596690
3940.7,596622
3940.8,596765
3940.9,596655
3941,596682
3941.1,596805
3941.2,596715
3941.3,596584
3941.4,596792
3941.5,596703
3941.6,596708
3941.7,596554
3941.8,596486
3941.9,596790
3942,596542
3942.1,596844
3942.2,596597
3942.3,596877
3942.4,596810
3942.5,596743
3942.6,596653
3942.7,596797
3942.8,596527
3942.9,596713
3943,596560
3943.1,596862
3943.2,596889
3943.3,596642
3943.4,596693
3943.5,596559
3943.6,596703
3943.7,596730
3943.8,596663
3943.9,596572
3944,596812
3944.1,596725
3944.2,596612
3944.3,596778
3944.4,596592
3944.5,596577
3944.6,596648
3944.7,596750
3944.8,596777
3944.9,596688
3945,596852
3945.1,596668
3945.2,596557
3945.3,596723
3945.4,596708
3945.5,596618
3945.6,596527
3945.7,596693
3945.8,596603
3945.9,596905
3946,596775
3946.1,596738
3946.2,596808
3946.3,596600
3946.4,596808
3946.5,596441
3946.6,596683
3946.7,596550
3946.8,596578
3946.9,596530
3947,596833
3947.1,596744
3947.2,596771
3947.3,596713
3947.4,596646
3947.5,596578
3947.6,596764
3947.7,596768
3947.8,596701
3947.9,596801
3948,596922
3948.1,596644
3948.2,596788
3948.3,596699
3948.4,596726
3948.5,596550
3948.6,596853
3948.7,596669
3948.8,596633
3948.9,596724
3949,596846
3949.1,596480
3949.2,596388
3949.3,596694
3949.4,596604
3949.5,596654
3949.6,596776
3949.7,596804
3949.8,596533
3949.9,596624
3950,596789
3950.1,596561
3950.2,596706
3950.3,596734
3950.4,596644
3950.5,596861
3950.6,596771
3950.7,596682
3950.8,596709
3950.9,596736
3951,596606
3951.1,596611
3951.2,596796
3951.3,596611
3951.4,596639
3951.5,596667
3951.6,596536
3951.7,596754
3951.8,596843
3951.9,596754
3952,596664
3952.1,596786
3952.2,596814
3952.3,596779
3952.4,596455
3952.5,596407
3952.6,596829
3952.7,596834
3952.8,596744
3952.9,596771
3953,596598
3953.1,596858
3953.2,596674
3953.3,596952
3953.4,596863
3953.5,596596
3953.6,596696
3953.7,596628
3953.8,596581
3953.9,596767
3954,596888
3954.1,596523
3954.2,596764
3954.3,596535
3954.4,596701
3954.5,596515
3954.6,596424
3954.7,596824
3954.8,596829
3954.9,596485
3955,596789
3955.1,596933
3955.2,596844
3955.3,596732
3955.4,596460
3955.5,596669
3955.6,596719
3955.7,596629
3955.8,596774
3955.9,596779
3956,596784
3956.1,596694
3956.2,596764
3956.3,596749
3956.4,596777
3956.5,596898
3956.6,596437
3956.7,596719
3956.8,596724
3956.9,596657
3957,596779
3957.1,596594
3957.2,596834
3957.3,596467
3957.4,596654
3957.5,596682
3957.6,596709
3957.7,596831
3957.8,596858
3957.9,596706
3958,596679
3958.1,596707
3958.2,596734
3958.3,596644
3958.4,596554
3958.5,596518
3958.6,596727
3958.7,596637
3958.8,596664
3958.9,596574
3959,596697
3959.1,596724
3959.2,596666
3959.3,596598
3959.4,596508
3959.5,596811
3959.6,596816
3959.7,596727
3959.8,596573
3959.9,596624
3960,596651
3960.1,596836
3960.2,596588
3960.3,596868
3960.4,596598
3960.5,596510
3960.6,596538
3960.7,596586
3960.8,596888
3960.9,596776
3961,596528
3961.1,596714
3961.2,596741
3961.3,596885
3961.4,596679
3961.5,596684
3961.6,596711
3961.7,596621
3961.8,596786
3961.9,596581
3962,596609
3962.1,596614
3962.2,596641
3962.3,596741
3962.4,596789
3962.5,596584
3962.6,596611
3962.7,596639
3962.8,596644
3962.9,596649
3963,596676
3963.1,596704
3963.2,596731
3963.3,596759
3963.4,596606
3963.5,596611
3963.6,596701
3963.7,596706
3963.8,596659
3963.9,596761
3964,596788
3964.1,596753
3964.2,596843
3964.3,596753
3964.4,596801
3964.5,596573
3964.6,596696
3964.7,596543
3964.8,596593
3964.9,596683
3965,596731
3965.1,596641
3965.2,596603
3965.3,596748
3965.4,596456
3965.5,596686
3965.6,596596
3965.7,596718
3965.8,596628
3965.9,596633
3966,596598
3966.1,596411
3966.2,596693
3966.3,596626
3966.4,596631
3966.5,596753
3966.6,596663
3966.7,596808
3966.8,596718
3966.9,596628
3967,596537
3967.1,596776
3967.2,596666
3967.3,596693
3967.4,596625
3967.5,596653
3967.6,596795
3967.7,596568
3967.8,596668
3967.9,596643
3968,596628
3968.1,596655
3968.2,596683
3968.3,596688
3968.4,596598
3968.5,596550
3968.6,596439
3968.7,596605
3968.8,596728
3968.9,596618
3969,596623
3969.1,596628
3969.2,596537
3969.3,596725
3969.4,596710
3969.5,596620
3969.6,596742
3969.7,596864
3969.8,596775
3969.9,596802
3970,596712
3970.1,596834
3970.2,596491
3970.3,596866
3970.4,596682
3970.5,596687
3970.6,596715
3970.7,596625
3970.8,596747
3970.9,596498
3971,596802
3971.1,596594
3971.2,596642
3971.3,596670
3971.4,596655
3971.5,596777
3971.6,596804
3971.7,596619
3971.8,596667
3971.9,596672
3972,596443
3972.1,596684
3972.2,596849
3972.3,596644
3972.4,596649
3972.5,596697
3972.6,596724
3972.7,596591
3972.8,596596
3972.9,596624
3973,596769
3973.1,596679
3973.2,596684
3973.3,596711
3973.4,596716
3973.5,596744
3973.6,596495
3973.7,596500
3973.8,596803
3973.9,596533
3974,596930
3974.1,596841
3974.2,596773
3974.3,596525
3974.4,596900
3974.5,596535
3974.6,596816
3974.7,596843
3974.8,596500
3974.9,596803
3975,596924
3975.1,596813
3975.2,596565
3975.3,596751
3975.4,596661
3975.5,596688
3975.6,596716
3975.7,596466
3975.8,596449
3975.9,596658
3976,596917
3976.1,596691
3976.2,596600
3976.3,596745
3976.4,596750
3976.5,596755
3976.6,596665
3976.7,596693
3976.8,596720
3976.9,596725
3977,596476
3977.1,596695
3977.2,596605
3977.3,596537
3977.4,596817
3977.5,596844
3977.6,596435
3977.7,596677
3977.8,596586
3977.9,596634
3978,596819
3978.1,596824
3978.2,596945
3978.3,596677
3978.4,596684
3978.5,596794
3978.6,596799
3978.7,596826
3978.8,596556
3978.9,596584
3979,596611
3979.1,596639
3979.2,596548
3979.3,596829
3979.4,596462
3979.5,596861
3979.6,596771
3979.7,596799
3979.8,596826
3979.9,596736
3980,596741
3980.1,596588
3980.2,596774
3980.3,596706
3980.4,596734
3980.5,596855
3980.6,596766
3980.7,596613
3980.8,596798
3980.9,596708
3981,596641
3981.1,596763
3981.2,596673
3981.3,596560
3981.4,596683
3981.5,596711
3981.6,596502
3981.7,596530
3981.8,596653
3981.9,596775
3982,596568
3982.1,596733
3982.2,596600
3982.3,596628
3982.4,596537
3982.5,596778
3982.6,596782
3982.7,596693
3982.8,596698
3982.9,596630
3983,596635
3983.1,596757
3983.2,596762
3983.3,596695
3983.4,596700
3983.5,596610
3983.6,596637
3983.7,596547
3983.8,596488
3983.9,596908
3984,596702
3984.1,596612
3984.2,596639
3984.3,596762
3984.4,596609
3984.5,596699
3984.6,596704
3984.7,596614
3984.8,596523
3984.9,596551
3985,596651
3985.1,596584
3985.2,596706
3985.3,596659
3985.4,596664
3985.5,596573
3985.6,596791
3985.7,596586
3985.8,596495
3985.9,596523
3986,596528
3986.1,596694
3986.2,596581
3986.3,596565
3986.4,596688
3986.5,596716
3986.6,596743
3986.7,596653
3986.8,596658
3986.9,596780
3987,596509
3987.1,596695
3987.2,596723
3987.3,596473
3987.4,596478
3987.5,596602
3987.6,596392
3987.7,596539
3987.8,596842
3987.9,596847
3988,596576
3988.1,596486
3988.2,596767
3988.3,596794
3988.4,596799
3988.5,596943
3988.6,596579
3988.7,596584
3988.8,596652
3988.9,596679
3989,596684
3989.1,596712
3989.2,596739
3989.3,596586
3989.4,596771
3989.5,596681
3989.6,596686
3989.7,596714
3989.8,596719
3989.9,596957
3990,596593
3990.1,596778
3990.2,596688
3990.3,596716
3990.4,596838
3990.5,596842
3990.6,596870
3990.7,596663
3990.8,596711
3990.9,596482
3991,596700
3991.1,596728
3991.2,596755
3991.3,596782
3991.4,596713
3991.5,596623
3991.6,596627
3991.7,596750
3991.8,596565
3991.9,596592
3992,596715
3992.1,596625
3992.2,596630
3992.3,596496
3992.4,596639
3992.5,596647
3992.6,596652
3992.7,596679
3992.8,596589
3992.9,596806
3993,596716
3993.1,596626
3993.2,596654
3993.3,596776
3993.4,596686
3993.5,596828
3993.6,596696
3993.7,596606
3993.8,596653
3993.9,596756
3994,596666
3994.1,596671
3994.2,596770
3994.3,596585
3994.4,596633
3994.5,596618
3994.6,596645
3994.7,596884
3994.8,596655
3994.9,596469
3995,596730
3995.1,596501
3995.2,596625
3995.3,596471
3995.4,596594
3995.5,596779
3995.6,596572
3995.7,596599
3995.8,596508
3995.9,596727
3996,596573
3996.1,596664
3996.2,596806
3996.3,596622
3996.4,596626
3996.5,596493
3996.6,596616
3996.7,596644
3996.8,596553
3996.9,596696
3997,596606
3997.1,596472
3997.2,596733
3997.3,596623
3997.4,596555
3997.5,596698
3997.6,596766
3997.7,596613
3997.8,596618
3997.9,596645
3998,596673
3998.1,596562
3998.2,596705
3998.3,596710
3998.4,596577
3998.5,596625
3998.6,596557
3998.7,596680
3998.8,596958
3998.9,596869
3999,596599
3999.1,596508
3999.2,596717
3999.3,596627
3999.4,596569
3999.5,596478
3999.6,596970
3999.7,596669
3999.8,596697
3999.9,596724
4000,596634
4000.1,596873
4000.2,596581
4000.3,596976
4000.4,596771
4000.5,596704
4000.6,596731
4000.7,596555
4000.8,596583
4000.9,596800
4001,596593
4001.1,596502
4001.2,596899
4001.3,596652
4001.4,596637
4001.5,596619
4001.6,596667
4001.7,596577
4001.8,596604
4001.9,596609
4002,596732
4002.1,596717
4002.2,596626
4002.3,596674
4002.4,596679
4002.5,596568
4002.6,596573
4002.7,596578
4002.8,596818
4002.9,596515
4003,596520
4003.1,596643
4003.2,596553
4003.3,596770
4003.4,596703
4003.5,596590
4003.6,596499
4003.7,596547
4003.8,596765
4003.9,596514
4004,596542
4004.1,596687
4004.2,596597
4004.3,596622
4004.4,596702
4004.5,596749
4004.6,596659
4004.7,596549
4004.8,596672
4004.9,596601
4005,596586
4005.1,596591
4005.2,596500
4005.3,596761
4005.4,596651
4005.5,596773
4005.6,596683
4005.7,596666
4005.8,596575
4005.9,596720
4006,596630
4006.1,596753
4006.2,596545
4006.3,596645
4006.4,596554
4006.5,596720
4006.6,596725
4006.7,596615
4006.8,596737
4006.9,596742
4007,596789
4007.1,596582
4007.2,596491
4007.3,596614
4007.4,596599
4007.5,596721
4007.6,596654
4007.7,596584
4007.8,596588
4007.9,596711
4008,596716
4008.1,596606
4008.2,596653
4008.3,596658
4008.4,596472
4008.5,596636
4008.6,596482
4008.7,596605
4008.8,596728
4008.9,596700
4009,596610
4009.1,596733
4009.2,596557
4009.3,596466
4009.4,596886
4009.5,596521
4009.6,596802
4009.7,596712
4009.8,596440
4009.9,596659
4010,596654
4010.1,596777
4010.2,596528
4010.3,596809
4010.4,596813
4010.5,596543
4010.6,596570
4010.7,596480
4010.8,596507
4010.9,596576
4011,596698
4011.1,596703
4011.2,596613
4011.3,596522
4011.4,596550
4011.5,596768
4011.6,596678
4011.7,596565
4011.8,596592
4011.9,596501
4012,596625
4012.1,596789
4012.2,596657
4012.3,596662
4012.4,596689
4012.5,596737
4012.6,596647
4012.7,596631
4012.8,596659
4012.9,596546
4013,596455
4013.1,596779
4013.2,596689
4013.3,596905
4013.4,596401
4013.5,596643
4013.6,596625
4013.7,596535
4013.8,596678
4013.9,596587
4014,596476
4014.1,596600
4014.2,596637
4014.3,596609
4014.4,596752
4014.5,596642
4014.6,596528
4014.7,596652
4014.8,596774
4014.9,596406
4015,596689
4015.1,596598
4015.2,596603
4015.3,596703
4015.4,596668
4015.5,596852
4015.6,596763
4015.7,596768
4015.8,596678
4015.9,596777
4016,596506
4016.1,596534
4016.2,596518
4016.3,596566
4016.4,596571
4016.5,596851
4016.6,596581
4016.7,596609
4016.8,596731
4016.9,596383
4017,596528
4017.1,596651
4017.2,596613
4017.3,596660
4017.4,596474
4017.5,596598
4017.6,596602
4017.7,596725
4017.8,596707
4017.9,596597
4018,596526
4018.1,596511
4018.2,596677
4018.3,596639
4018.4,596739
4018.5,596649
4018.6,596813
4018.7,596586
4018.8,596731
4018.9,596713
4019,596600
4019.1,596605
4019.2,596515
4019.3,596638
4019.4,596665
4019.5,596670
4019.6,596770
4019.7,596680
4019.8,596589
4019.9,596594
4020,596622
4020.1,596744
4020.2,596568
4020.3,596754
4020.4,596759
4020.5,596669
4020.6,596791
4020.7,596424
4020.8,596643
4020.9,596711
4021,596738
4021.1,596720
4021.2,596842
4021.3,596572
4021.4,596577
4021.5,596722
4021.6,596513
4021.7,596518
4021.8,596307
4021.9,596804
4022,596746
4022.1,597046
4022.2,596545
4022.3,596593
4022.4,596598
4022.5,596603
4022.6,596469
4022.7,596592
4022.8,596620
4022.9,596668
4023,596554
4023.1,596559
4023.2,596660
4023.3,596687
4023.4,596554
4023.5,596719
4023.6,596724
4023.7,596729
4023.8,596596
4023.9,596644
4024,596510
4024.1,596538
4024.2,596661
4024.3,596665
4024.4,596466
4024.5,596675
4024.6,596680
4024.7,596707
4024.8,596435
4024.9,596599
4025,596816
4025.1,596727
4025.2,596637
4025.3,596641
4025.4,596880
4025.5,596515
4025.6,596890
4025.7,596502
4025.8,596805
4025.9,596716
4026,596562
4026.1,596662
4026.2,596647
4026.3,596577
4026.4,596582
4026.5,596491
4026.6,596709
4026.7,596599
4026.8,596699
4026.9,596746
4027,596656
4027.1,596661
4027.2,596666
4027.3,596532
4027.4,596750
4027.5,596683
4027.6,596825
4027.7,596575
4027.8,596834
4027.9,596702
4028,596526
4028.1,596457
4028.2,596739
4028.3,596531
4028.4,596886
4028.5,596679
4028.6,596758
4028.7,596668
4028.8,596791
4028.9,596701
4029,596588
4029.1,596593
4029.2,596511
4029.3,596720
4029.4,596842
4029.5,596594
4029.6,596757
4029.7,596485
4029.8,596861
4029.9,596888
4030,596776
4030.1,596803
4030.2,596414
4030.3,596633
4030.4,596818
4030.5,596610
4030.6,596733
4030.7,596580
4030.8,596765
4030.9,596864
4031,596562
4031.1,596567
4031.2,596615
4031.3,596717
4031.4,596627
4031.5,596472
4031.6,596659
4031.7,596568
4031.8,596551
4031.9,596459
4032,596583
4032.1,596706
4032.2,596615
4032.3,596545
4032.4,596668
4032.5,596459
4032.6,596857
4032.7,596800
4032.8,596710
4032.9,596619
4033,596804
4033.1,596534
4033.2,596538
4033.3,596500
4033.4,596666
4033.5,596694
4033.6,596603
4033.7,596883
4033.8,596887
4033.9,596479
4034,596623
4034.1,596534
4034.2,596835
4034.3,596840
4034.4,596569
4034.5,596574
4034.6,596697
4034.7,596606
4034.8,596634
4034.9,596424
4035,596918
4035.1,596530
4035.2,596558
4035.3,596954
4035.4,596865
4035.5,596847
4035.6,596481
4035.7,596582
4035.8,596650
4035.9,596582
4036,596705
4036.1,596551
4036.2,596556
4036.3,596538
4036.4,596724
4036.5,596634
4036.6,596756
4036.7,596761
4036.8,596512
4036.9,596613
4037,596798
4037.1,596803
4037.2,596618
4037.3,596559
4037.4,596564
4037.5,596664
4037.6,596732
4037.7,596759
4037.8,596764
4037.9,596674
4038,596497
4038.1,596738
4038.2,596900
4038.3,596535
4038.4,596698
4038.5,596820
4038.6,596825
4038.7,596534
4038.8,596463
4038.9,596745
4039,596536
4039.1,596777
4039.2,596782
4039.3,596510
4039.4,596814
4039.5,596701
4039.6,596706
4039.7,596806
4039.8,596439
4039.9,596658
4040,596685
4040.1,596595
4040.2,596874
4040.3,596604
4040.4,596586
4040.5,596709
4040.6,596619
4040.7,596508
4040.8,596651
4040.9,596538
4041,596661
4041.1,596643
4041.2,596552
4041.3,596655
4041.4,596660
4041.5,596569
4041.6,596807
4041.7,596769
4041.8,596679
4041.9,596589
4042,596616
4042.1,596716
4042.2,596507
4042.3,596608
4042.4,596613
4042.5,596522
4042.6,596665
4042.7,596745
4042.8,596655
4042.9,596637
4043,596546
4043.1,596574
4043.2,596674
4043.3,596796
4043.4,596643
4043.5,596625
4043.6,596535
4043.7,596443
4043.8,596820
4043.9,596941
4044,596652
4044.1,596856
4044.2,596767
4044.3,596654
4044.4,596659
4044.5,596664
4044.6,596510
4044.7,596538
4044.8,596818
4044.9,596865
4045,596658
4045.1,596738
4045.2,596743
4045.3,596471
4045.4,596657
4045.5,596705
4045.6,596592
4045.7,596714
4045.8,596581
4045.9,596841
4046,596613
4046.1,596638
4046.2,596643
4046.3,596553
4046.4,596514
4046.5,596680
4046.6,596570
4046.7,596574
4046.8,596579
4046.9,596604
4047,596821
4047.1,596498
4047.2,596641
4047.3,596626
4047.4,596512
4047.5,596517
4047.6,596522
4047.7,596570
4047.8,596598
4047.9,596698
4048,596587
4048.1,596569
4048.2,596574
4048.3,596739
4048.4,596744
4048.5,596654
4048.6,596638
4048.7,596738
4048.8,596646
4048.9,596650
4049,596560
4049.1,596565
4049.2,596549
4049.3,596789
4049.4,596654
4049.5,596682
4049.6,596824
4049.7,596616
4049.8,596601
4049.9,596818
4050,596706
4050.1,596710
4050.2,596502
4050.3,596506
4050.4,596767
4050.5,596730
4050.6,596757
4050.7,596644
4050.8,596786
4050.9,596558
4051,596658
4051.1,596385
4051.2,596785
4051.3,596537
4051.4,596700
4051.5,596587
4051.6,596710
4051.7,596809
4051.8,596561
4051.9,596957
4052,596751
4052.1,596543
4052.2,596781
4052.3,596648
4052.4,596676
4052.5,596680
4052.6,596708
4052.7,596595
4052.8,596600
4052.9,596604
4053,596747
4053.1,596518
4053.2,596641
4053.3,596646
4053.4,596651
4053.5,596538
4053.6,596585
4053.7,596451
4053.8,596575
4053.9,596602
4054,596584
4054.1,596589
4054.2,596498
4054.3,596503
4054.4,596626
4054.5,596749
4054.6,596518
4054.7,596661
4054.8,596570
4054.9,596670
4055,596698
4055.1,596703
4055.2,596782
4055.3,596669
4055.4,596579
4055.5,596627
4055.6,596631
4055.7,596497
4055.8,596598
4055.9,596741
4056,596650
4056.1,596537
4056.2,596542
4056.3,596547
4056.4,596670
4056.5,596749
4056.6,596679
4056.7,596589
4056.8,596751
4056.9,596598
4057,596464
4057.1,596778
4057.2,596688
4057.3,596617
4057.4,596740
4057.5,596702
4057.6,596707
4057.7,596806
4057.8,596558
4057.9,596721
4058,596512
4058.1,596613
4058.2,596735
4058.3,596740
4058.4,596672
4058.5,596795
4058.6,596682
4058.7,596569
4058.8,596786
4058.9,596716
4059,596606
4059.1,596728
4059.2,596615
4059.3,596620
4059.4,596507
4059.5,596767
4059.6,596539
4059.7,596682
4059.8,596667
4059.9,596766
4060,596771
4060.1,596681
4060.2,596729
4060.3,596733
4060.4,596695
4060.5,596720
4060.6,596587
4060.7,596635
4060.8,596521
4060.9,596506
4061,596767
4061.1,596751
4061.2,596733
4061.3,596663
4061.4,596691
4061.5,596535
4061.6,596443
4061.7,596567
4061.8,596667
4061.9,596554
4062,596697
4062.1,596606
4062.2,596706
4062.3,596711
4062.4,596696
4062.5,596605
4062.6,596705
4062.7,596496
4062.8,596597
4062.9,596602
4063,596819
4063.1,596611
4063.2,596754
4063.3,596759
4063.4,596507
4063.5,596725
4063.6,596540
4063.7,596663
4063.8,596687
4063.9,596597
4064,596579
4064.1,596445
4064.2,596591
4064.3,596500
4064.4,596621
4064.5,596783
4064.6,596512
4064.7,596517
4064.8,596522
4064.9,596825
4065,596554
4065.1,596559
4065.2,596722
4065.3,596546
4065.4,596731
4065.5,596363
4065.6,596368
4065.7,596705
4065.8,596592
4065.9,596597
4066,596665
4066.1,596787
4066.2,596697
4066.3,596639
4066.4,596525
4066.5,596626
4066.6,596535
4066.7,596815
4066.8,596448
4066.9,596549
4067,596672
4067.1,596634
4067.2,596564
4067.3,596568
4067.4,596573
4067.5,596791
4067.6,596775
4067.7,596663
4067.8,596549
4067.9,596692
4068,596602
4068.1,596682
4068.2,596686
4068.3,596510
4068.4,596791
4068.5,596701
4068.6,596705
4068.7,596710
4068.8,596809
4068.9,596561
4069,596724
4069.1,596634
4069.2,596616
4069.3,596621
4069.4,596562
4069.5,596653
4069.6,596775
4069.7,596567
4069.8,596687
4069.9,596672
4070,596677
4070.1,596776
4070.2,596686
4070.3,596596
4070.4,596716
4070.5,596487
4070.6,596587
4070.7,596592
4070.8,596715
4070.9,596742
4071,596841
4071.1,596729
4071.2,596457
4071.3,596525
4071.4,596743
4071.5,596770
4071.6,596753
4071.7,596735
4071.8,596463
4071.9,596767
4072,596771
4072.1,596681
4072.2,596623
4072.3,596390
4072.4,596587
4072.5,596496
4072.6,596777
4072.7,596804
4072.8,596490
4072.9,596729
4073,596796
4073.1,596801
4073.2,596593
4073.3,596716
4073.4,596562
4073.5,596642
4073.6,596572
4073.7,596639
4073.8,596644
4073.9,596531
4074,596749
4074.1,596691
4074.2,596758
4074.3,596550
4074.4,596693
4074.5,596815
4074.6,596682
4074.7,596601
4074.8,596903
4074.9,596674
4075,596583
4075.1,596588
4075.2,596688
4075.3,596810
4075.4,596815
4075.5,596819
4075.6,596707
4075.7,596616
4075.8,596598
4075.9,596816
4076,596726
4076.1,596572
4076.2,596640
4076.3,596740
4076.4,596839
4076.5,596664
4076.6,596573
4076.7,596578
4076.8,596368
4076.9,596746
4077,596688
4077.1,596660
4077.2,596782
4077.3,596392
4077.4,596516
4077.5,596401
4077.6,596621
4077.7,596689
4077.8,596693
4077.9,596324
4078,596544
4078.1,596707
4078.2,596690
4078.3,596599
4078.4,596604
4078.5,596513
4078.6,596731
4078.7,596673
4078.8,596678
4078.9,596723
4079,596750
4079.1,596541
4079.2,596759
4079.3,596858
4079.4,596588
4079.5,596751
4079.6,596756
4079.7,596665
4079.8,596552
4079.9,596493
4080,596574
4080.1,596779
4080.2,596784
4080.3,596608
4080.4,596771
4080.5,596618
4080.6,596675
4080.7,596627
4080.8,596513
4080.9,596888
4081,596500
4081.1,596623
4081.2,596628
4081.3,596750
4081.4,596542
4081.5,596547
4081.6,596804
4081.7,596652
4081.8,596656
4081.9,596545
4082,596570
4082.1,596850
4082.2,596557
4082.3,596657
4082.4,596567
4082.5,596571
4082.6,596599
4082.7,596581
4082.8,596681
4082.9,596686
4083,596552
4083.1,596600
4083.2,596722
4083.3,596470
4083.4,596591
4083.5,596553
4083.6,596601
4083.7,596370
4083.8,596728
4083.9,596595
4084,596695
4084.1,596677
4084.2,596586
4084.3,596591
4084.4,596714
4084.5,596813
4084.6,596700
4084.7,596587
4084.8,596752
4084.9,596640
4085,596624
4085.1,596724
4085.2,596846
4085.3,596638
4085.4,596686
4085.5,596785
4085.6,596652
4085.7,596752
4085.8,596576
4085.9,596761
4086,596553
4086.1,596696
4086.2,596796
4086.3,596683
4086.4,596390
4086.5,596692
4086.6,596697
4086.7,596445
4086.8,596589
4086.9,596806
4087,596651
4087.1,596795
4087.2,596703
4087.3,596707
4087.4,596551
4087.5,596556
4087.6,596679
4087.7,596683
4087.8,596688
4087.9,596575
4088,596600
4088.1,596700
4088.2,596566
4088.3,596475
4088.4,596716
4088.5,596836
4088.6,596585
4088.7,596471
4088.8,596595
4088.9,596599
4089,596647
4089.1,596629
4089.2,596729
4089.3,596734
4089.4,596738
4089.5,596648
4089.6,596653
4089.7,596775
4089.8,596501
4089.9,596739
4090,596649
4090.1,596654
4090.2,596658
4090.3,596643
4090.4,596625
4090.5,596607
4090.6,596749
4090.7,596541
4090.8,596664
4090.9,596530
4091,596842
4091.1,596540
4091.2,596683
4091.3,596569
4091.4,596574
4091.5,596536
4091.6,596659
4091.7,596683
4091.8,596688
4091.9,596756
4092,596698
4092.1,596584
4092.2,596664
4092.3,596573
4092.4,596716
4092.5,596603
4092.6,596608
4092.7,596494
4092.8,596807
4092.9,596579
4093,596722
4093.1,596726
4093.2,596475
4093.3,596618
4093.4,596580
4093.5,596585
4093.6,596589
4093.7,596594
4093.8,596694
4093.9,596581
4094,596522
4094.1,596803
4094.2,596532
4094.3,596695
4094.4,596700
4094.5,596682
4094.6,596686
4094.7,596596
4094.8,596813
4094.9,596723
4095,596587
4095.1,596592
4095.2,596617
4095.3,596739
4095.4,596487
4095.5,596611
4095.6,596593
4095.7,596597
4095.8,596602
4095.9,596650
4096,596654
4096.1,596616
4096.2,596502
4096.3,596835
4096.4,596745
4096.5,596632
4096.6,596637
4096.7,596599
4096.8,596721
4096.9,596704
4097,596708
4097.1,596638
4097.2,596718
4097.3,596604
4097.4,596821
4097.5,596732
4097.6,596523
4097.7,596666
4097.8,596648
4097.9,596610
4098,596710
4098.1,596737
4098.2,596762
4098.3,596510
4098.4,596515
4098.5,596733
4098.6,596461
4098.7,596742
4098.8,596747
4098.9,596539
4099,596521
4099.1,596525
4099.2,596626
4099.3,596630
4099.4,596869
4099.5,596735
4099.6,596739
4099.7,596626
4099.8,596449
4099.9,596753
4100,596852
4100.1,596857
4100.2,596839
4100.3,596844
4100.4,596732
4100.5,596578
4100.6,596763
4100.7,596650
4100.8,596655
4100.9,596732
4101,596779
4101.1,596528
4101.2,596556
4101.3,596378
4101.4,596756
4101.5,596738
4101.6,596647
4101.7,596672
4101.8,596538
4101.9,596661
4102,596643
4102.1,596743
4102.2,596630
4102.3,596635
4102.4,596639
4102.5,596644
4102.6,596490
4102.7,596568
4102.8,596847
4102.9,596640
4103,596740
4103.1,596744
4103.2,596591
4103.3,596636
4103.4,596641
4103.5,596527
4103.6,596532
4103.7,596750
4103.8,596455
4103.9,596483
4104,596646
4104.1,596651
4104.2,596537
4104.3,596755
4104.4,596854
4104.5,596488
4104.6,596652
4104.7,596656
4104.8,596756
4104.9,596643
4105,596837
4105.1,596770
4105.2,596634
4105.3,596639
4105.4,596621
4105.5,596466
4105.6,596725
4105.7,596572
4105.8,596577
4105.9,596462
4106,596563
4106.1,596545
4106.2,596731
4106.3,596458
4106.4,596740
4106.5,596839
4106.6,596513
4106.7,596614
4106.8,596618
4106.9,596623
4107,596469
4107.1,596687
4107.2,596455
4107.3,596651
4107.4,596719
4107.5,596840
4107.6,596845
4107.7,596574
4107.8,596556
4107.9,596752
4108,596543
4108.1,596429
4108.2,596552
4108.3,596557
4108.4,596519
4108.5,596662
4108.6,596452
4108.7,596828
4108.8,596558
4108.9,596562
4109,596737
4109.1,596529
4109.2,596554
4109.3,596558
4109.4,596563
4109.5,596663
4109.6,596625
4109.7,596554
4109.8,596440
4109.9,596722
4110,596546
4110.1,596709
4110.2,596745
4110.3,596517
4110.4,596564
4110.5,596546
4110.6,596528
4110.7,596651
4110.8,596613
4110.9,596713
4111,596504
4111.1,596647
4111.2,596511
4111.3,596611
4111.4,596616
4111.5,596643
4111.6,596648
4111.7,596630
4111.8,596634
4111.9,596734
4112,596601
4112.1,596648
4112.2,596748
4112.3,596847
4112.4,596597
4112.5,596717
4112.6,596721
4112.7,596631
4112.8,596710
4112.9,596617
4113,596622
4113.1,596699
4113.2,596566
4113.3,596613
4113.4,596456
4113.5,596675
4113.6,596657
4113.7,596447
4113.8,596709
4113.9,596714
4114,596696
4114.1,596466
4114.2,596800
4114.3,596592
4114.4,596871
4114.5,596482
4114.6,596583
4114.7,596567
4114.8,596667
4114.9,596554
4115,596697
4115.1,596584
4115.2,596706
4115.3,596550
4115.4,596650
4115.5,596536
4115.6,596541
4115.7,596779
4115.8,596646
4115.9,596746
4116,596655
4116.1,596542
4116.2,596567
4116.3,596667
4116.4,596553
4116.5,596515
4116.6,596775
4116.7,596780
4116.8,596572
4116.9,596554
4117,596654
4117.1,596753
4117.2,596663
4117.3,596529
4117.4,596554
4117.5,596654
4117.6,596541
4117.7,596502
4117.8,596646
4117.9,596745
4118,596516
4118.1,596754
4118.2,596599
4118.3,596528
4118.4,596651
4118.5,596537
4118.6,596521
4118.7,596503
4118.8,596485
4118.9,596629
4119,596813
4119.1,596542
4119.2,596642
4119.3,596624
4119.4,596606
4119.5,596492
4119.6,596796
4119.7,596683
4119.8,596625
4119.9,596607
4120,596707
4120.1,596593
4120.2,596661
4120.3,596603
4120.4,596607
4120.5,596707
4120.6,596646
4120.7,596694
4120.8,596580
4120.9,596562
4121,596567
4121.1,596647
4121.2,596556
4121.3,596699
4121.4,596585
4121.5,596685
4121.6,596667
4121.7,596747
4121.8,596657
4121.9,596638
4122,596568
4122.1,596529
4122.2,596767
4122.3,596729
4122.4,596639
4122.5,596621
4122.6,596646
4122.7,596650
4122.8,596494
4122.9,596689
4123,596599
4123.1,596603
4123.2,596585
4123.3,596685
4123.4,596690
4123.5,596576
4123.6,596699
4123.7,596704
4123.8,596708
4123.9,596710
4124,596672
4124.1,596697
4124.2,596586
4124.3,596706
4124.4,596688
4124.5,596532
4124.6,596750
4124.7,596541
4124.8,596546
4124.9,596550
4125,596650
4125.1,596750
4125.2,596614
4125.3,596619
4125.4,596623
4125.5,596723
4125.6,596451
4125.7,596432
4125.8,596714
4125.9,596505
4126,596606
4126.1,596492
4126.2,596710
4126.3,596652
4126.4,596538
4126.5,596701
4126.6,596588
4126.7,596688
4126.8,596693
4126.9,596356
4127,596521
4127.1,596406
4127.2,596411
4127.3,596489
4127.4,596612
4127.5,596402
4127.6,596566
4127.7,596666
4127.8,596553
4127.9,596557
4128,596752
4128.1,596662
4128.2,596667
4128.3,596671
4128.4,596791
4128.5,596795
4128.6,596735
4128.7,596644
4128.8,596744
4128.9,596535
4129,596613
4129.1,596617
4129.2,596812
4129.3,596722
4129.4,596726
4129.5,596495
4129.6,596595
4129.7,596695
4129.8,596719
4129.9,596629
4130,596729
4130.1,596691
4130.2,596832
4130.3,596582
4130.4,596468
4130.5,596611
4130.6,596616
4130.7,596577
4130.8,596677
4130.9,596541
4131,596684
4131.1,596689
4131.2,596693
4131.3,596441
4131.4,596660
4131.5,596579
4131.6,596646
4131.7,596628
4131.8,596633
4131.9,596732
4132,596556
4132.1,596624
4132.2,596510
4132.3,596515
4132.4,596615
4132.5,596715
4132.6,596814
4132.7,596606
4132.8,596588
4132.9,596613
4133,596617
4133.1,596674
4133.2,596520
4133.3,596406
4133.4,596666
4133.5,596575
4133.6,596557
4133.7,596752
4133.8,596851
4133.9,596580
4134,596489
4134.1,596747
4134.2,596634
4134.3,596457
4134.4,596739
4134.5,596743
4134.6,596725
4134.7,596707
4134.8,596594
4134.9,596694
4135,596698
4135.1,596608
4135.2,596730
4135.3,596712
4135.4,596576
4135.5,596398
4135.6,596499
4135.7,596504
4135.8,596508
4135.9,596490
4136,596590
4136.1,596753
4136.2,596663
4136.3,596549
4136.4,596767
4136.5,596631
4136.6,596731
4136.7,596522
4136.8,596622
4136.9,596627
4137,596513
4137.1,596731
4137.2,596713
4137.3,596695
4137.4,596486
4137.5,596841
4137.6,596591
4137.7,596902
4137.8,596673
4137.9,596677
4138,596564
4138.1,596664
4138.2,596487
4138.3,596862
4138.4,596632
4138.5,596541
4138.6,596661
4138.7,596666
4138.8,596413
4138.9,596727
4139,596637
4139.1,596619
4139.2,596505
4139.3,596625
4139.4,596587
4139.5,596687
4139.6,596691
4139.7,596696
4139.8,596603
4139.9,596703
4140,596546
4140.1,596806
4140.2,596578
4140.3,596603
4140.4,596585
4140.5,596748
4140.6,596549
4140.7,596553
4140.8,596558
4140.9,596562
4141,596567
4141.1,596549
4141.2,596626
4141.3,596535
4141.4,596635
4141.5,596640
4141.6,596526
4141.7,596508
4141.8,596703
4141.9,596590
4142,596595
4142.1,596460
4142.2,596679
4142.3,596543
4142.4,596686
4142.5,596572
4142.6,596577
4142.7,596677
4142.8,596638
4142.9,596620
4143,596529
4143.1,596554
4143.2,596536
4143.3,596659
4143.4,596716
4143.5,596602
4143.6,596627
4143.7,596609
4143.8,596613
4143.9,596575
4144,596675
4144.1,596817
4144.2,596609
4144.3,596614
4144.4,596595
4144.5,596577
4144.6,596657
4144.7,596566
4144.8,596686
4144.9,596573
4145,596673
4145.1,596516
4145.2,596616
4145.3,596739
4145.4,596646
4145.5,596902
4145.6,596632
4145.7,596571
4145.8,596808
4145.9,596676
4146,596797
4146.1,596685
4146.2,596804
4146.3,596648
4146.4,596653
4146.5,596562
4146.6,596662
4146.7,596644
4146.8,596649
4146.9,596726
4147,596730
4147.1,596617
4147.2,596739
4147.3,596508
4147.4,596489
4147.5,596590
4147.6,596571
4147.7,596576
4147.8,596676
4147.9,596522
4148,596780
4148.1,596667
4148.2,596553
4148.3,596653
4148.4,596681
4148.5,596384
4148.6,596463
4148.7,596626
4148.8,596631
4148.9,596730
4149,596735
4149.1,596559
4149.2,596540
4149.3,596403
4149.4,596590
4149.5,596690
4149.6,596576
4149.7,596495
4149.8,596618
4149.9,596780
4150,596572
4150.1,596554
4150.2,596771
4150.3,596870
4150.4,596504
4150.5,596762
4150.6,596531
4150.7,596631
4150.8,596825
4150.9,596924
4151,596440
4151.1,596722
4151.2,596704
4151.3,596590
4151.4,596572
4151.5,596609
4151.6,596771
4151.7,596500
4151.8,596600
4151.9,596857
4152,596682
4152.1,596591
4152.2,596848
4152.3,596577
4152.4,596463
4152.5,596659
4152.6,596545
4152.7,596527
4152.8,596650
4152.9,596654
4153,596911
4153.1,596618
4153.2,596695
4153.3,596605
4153.4,596586
4153.5,596591
4153.6,596691
4153.7,596830
4153.8,596717
4153.9,596627
4154,596726
4154.1,596825
4154.2,596650
4154.3,596632
4154.4,596794
4154.5,596798
4154.6,596803
4154.7,596413
4154.8,596609
4154.9,596591
4155,596477
4155.1,596481
4155.2,596463
4155.3,596564
4155.4,596664
4155.5,596825
4155.6,596618
4155.7,596737
4155.8,596604
4155.9,596681
4156,596408
4156.1,596807
4156.2,596577
4156.3,596677
4156.4,596658
4156.5,596758
4156.6,596740
4156.7,596861
4156.8,596843
4156.9,596731
4157,596618
4157.1,596717
4157.2,596722
4157.3,596821
4157.4,596494
4157.5,596476
4157.6,596692
4157.7,596558
4157.8,596583
4157.9,596567
4158,596667
4158.1,596435
4158.2,596631
4158.3,596613
4158.4,596617
4158.5,596622
4158.6,596467
4158.7,596703
4158.8,596685
4158.9,596710
4159,596619
4159.1,596601
4159.2,596681
4159.3,596567
4159.4,596549
4159.5,596574
4159.6,596736
4159.7,596560
4159.8,596683
4159.9,596644
4160,596603
4160.1,596746
4160.2,596633
4160.3,596594
4160.4,596599
4160.5,596793
4160.6,596658
4160.7,596662
4160.8,596898
4160.9,596649
4161,596471
4161.1,596572
4161.2,596735
4161.3,596503
4161.4,596646
4161.5,596608
4161.6,596685
4161.7,596784
4161.8,596535
4161.9,596793
4162,596680
4162.1,596662
4162.2,596761
4162.3,596563
4162.4,596590
4162.5,596572
4162.6,596829
4162.7,596535
4162.8,596635
4162.9,596640
4163,596644
4163.1,596806
4163.2,596788
4163.3,596770
4163.4,596571
4163.5,596480
4163.6,596698
4163.7,596743
4163.8,596448
4163.9,596824
4164,596689
4164.1,596512
4164.2,596909
4164.3,596617
4164.4,596621
4164.5,596603
4164.6,596860
4164.7,596747
4164.8,596752
4164.9,596694
4165,596461
4165.1,596657
4165.2,596543
4165.3,596801
4165.4,596530
4165.5,596630
4165.6,596516
4165.7,596593
4165.8,596873
4165.9,596855
4166,596561
4166.1,596661
4166.2,596603
4166.3,596648
4166.4,596652
4166.5,596814
4166.6,596520
4166.7,596620
4166.8,596562
4166.9,596607
4167,596493
4167.1,596868
4167.2,596597
4167.3,596397
4167.4,596593
4167.5,596479
4167.6,596364
4167.7,596647
4167.8,596511
4167.9,596332
4168,596828
4168.1,596597
4168.2,596759
4168.3,596487
4168.4,596840
4168.5,596547
4168.6,596647
4168.7,596396
4168.8,596813
4168.9,596700
4169,596619
4169.1,596814
4169.2,596423
4169.3,596428
4169.4,596687
4169.5,596510
4169.6,596492
4169.7,596377
4169.8,596660
4169.9,596386
4170,596646
4170.1,596509
4170.2,596610
4170.3,596591
4170.4,596871
4170.5,596600
4170.6,596795
4170.7,596284
4170.8,596482
4170.9,596646
4171,596372
4171.1,596750
4171.2,596573
4171.3,596651
4171.4,596600
4171.5,596700
4171.6,596704
4171.7,596527
4171.8,596413
4171.9,596705
4172,596654
4172.1,596357
4172.2,596735
4172.3,596740
4172.4,596424
4172.5,596522
4172.6,596527
4172.7,596667
4172.8,596672
4172.9,596495
4173,596690
4173.1,596481
4173.2,596485
4173.3,596347
4173.4,596608
4173.5,596549
4173.6,596531
4173.7,596535
4173.8,596793
4173.9,596402
4174,596662
4174.1,596581
4174.2,596542
4174.3,596685
4174.4,596453
4174.5,596711
4174.6,596693
4174.7,596516
4174.8,596680
4174.9,596503
4175,596626
4175.1,596489
4175.2,596566
4175.3,596666
4175.4,596575
4175.5,596557
4175.6,596518
4175.7,596404
4175.8,596482
4175.9,596507
4176,596511
4176.1,596516
4176.2,596616
4176.3,596597
4176.4,596556
4176.5,596465
4176.6,596629
4176.7,596823
4176.8,596433
4176.9,596533
4177,596515
4177.1,596655
4177.2,596660
4177.3,596386
4177.4,596464
4177.5,596565
4177.6,596354
4177.7,596637
4177.8,596500
4177.9,596321
4178,596422
4178.1,596523
4178.2,596409
4178.3,596668
4178.4,596554
4178.5,596536
4178.6,596477
4178.7,596555
4178.8,596717
4178.9,596604
4179,596861
4179.1,596408
4179.2,596604
4179.3,596767
4179.4,596676
4179.5,596563
4179.6,596544
4179.7,596739
4179.8,596721
4179.9,596449
4180,596549
4180.1,596435
4180.2,596416
4180.3,596398
4180.4,596594
4180.5,596599
4180.6,596699
4180.7,596466
4180.8,596725
4180.9,596429
4181,596711
4181.1,596438
4181.2,596815
4181.3,596679
4181.4,596383
4181.5,596580
4181.6,596625
4181.7,596629
4181.8,596633
4181.9,596575
4182,596534
4182.1,596515
4182.2,596401
4182.3,596778
4182.4,596387
4182.5,596701
4182.6,596426
4182.7,596570
4182.8,596574
4182.9,596437
4183,596537
4183.1,596617
4183.2,596619
4183.3,596601
4183.4,596487
4183.5,596372
4183.6,596473
4183.7,596573
4183.8,596555
4183.9,596622
4184,596389
4184.1,596861
4184.2,596590
4184.3,596389
4184.4,596789
4184.5,596558
4184.6,596658
4184.7,596640
4184.8,596622
4184.9,596540
4185,596524
4185.1,596430
4185.2,596689
4185.3,596393
4185.4,596494
4185.5,596594
4185.6,596662
4185.7,596643
4185.8,596625
4185.9,596607
4186,596684
4186.1,596711
4186.2,596597
4186.3,596737
4186.4,596561
4186.5,596423
4186.6,596620
4186.7,596506
4186.8,596606
4186.9,596728
4187,596433
4187.1,596787
4187.2,596674
4187.3,596560
4187.4,596564
4187.5,596759
4187.6,596623
4187.7,596723
4187.8,596491
4187.9,596591
4188,596477
4188.1,596695
4188.2,596654
4188.3,596636
4188.4,596915
4188.5,596527
4188.6,596627
4188.7,596608
4188.8,596685
4188.9,596476
4189,596734
4189.1,596716
4189.2,596324
4189.3,596639
4189.4,596342
4189.5,596507
4189.6,596489
4189.7,596589
4189.8,596751
4189.9,596393
4190,596675
4190.1,596719
4190.2,596724
4190.3,596308
4190.4,596687
4190.5,596606
4190.6,596611
4190.7,596750
4190.8,596637
4190.9,596619
4191,596718
4191.1,596519
4191.2,596799
4191.3,596664
4191.4,596806
4191.5,596627
4191.6,596513
4191.7,596731
4191.8,596618
4191.9,596740
4192,596722
4192.1,596586
4192.2,596663
4192.3,596667
4192.4,596671
4192.5,596771
4192.6,596635
4192.7,596712
4192.8,596811
4192.9,596698
4193,596680
4193.1,596526
4193.2,596388
4193.3,596625
4193.4,596767
4193.5,596654
4193.6,596753
4193.7,596715
4193.8,596792
4193.9,596560
4194,596542
4194.1,596685
4194.2,596528
4194.3,596628
4194.4,596728
4194.5,596592
4194.6,596500
4194.7,596621
4194.8,596720
4194.9,596564
4195,596386
4195.1,596527
4195.2,596552
4195.3,596556
4195.4,596633
4195.5,596733
4195.6,596576
4195.7,596558
4195.8,596701
4195.9,596564
4196,596664
4196.1,596721
4196.2,596512
4196.3,596536
4196.4,596888
4196.5,596870
4196.6,596577
4196.7,596559
4196.8,596563
4196.9,596686
4197,596645
4197.1,596531
4197.2,596608
4197.3,596685
4197.4,596455
4197.5,596556
4197.6,596418
4197.7,596496
4197.8,596734
4197.9,596738
4198,596625
4198.1,596587
4198.2,596588
4198.3,596570
4198.4,596412
4198.5,596652
4198.6,596656
4198.7,596499
4198.8,596619
4198.9,596439
4199,596646
4199.1,596468
4199.2,596727
4199.3,596454
4199.4,596512
4199.5,596493
4199.6,596518
4199.7,596499
4199.8,596385
4199.9,596699
4200,596543
4200.1,596620
4200.2,596549
4200.3,596626
4200.4,596512
4200.5,596612
4200.6,596669
4200.7,596436
4200.8,596855
4200.9,596625
4201,596543
4201.1,596548
4201.2,596700
4201.3,596606
4201.4,596373
4201.5,596750
4201.6,596732
4201.7,596651
4201.8,596656
4201.9,596660
4202,596427
4202.1,596686
4202.2,596509
4202.3,596587
4202.4,596472
4202.5,596595
4202.6,596577
4202.7,596440
4202.8,596517
4202.9,596618
4203,596622
4203.1,596583
4203.2,596585
4203.3,596748
4203.4,596548
4203.5,596553
4203.6,596438
4203.7,596539
4203.8,596401
4203.9,596873
4204,596737
4204.1,596624
4204.2,596628
4204.3,596547
4204.4,596647
4204.5,596510
4204.6,596705
4204.7,596592
4204.8,596573
4204.9,596535
4205,596635
4205.1,596616
4205.2,596736
4205.3,596484
4205.4,596604
4205.5,596470
4205.6,596666
4205.7,596529
4205.8,596554
4205.9,596748
4206,596635
4206.1,596735
4206.2,596674
4206.3,596441
4206.4,596584
4206.5,596841
4206.6,596548
4206.7,596647
4206.8,596490
4206.9,596611
4207,596655
4207.1,596542
4207.2,596460
4207.3,596718
4207.4,596637
4207.5,596599
4207.6,596623
4207.7,596605
4207.8,596586
4207.9,596525
4208,596433
4208.1,596672
4208.2,596515
4208.3,596636
4208.4,596712
4208.5,596694
4208.6,596560
4208.7,596565
4208.8,596662
4208.9,596644
4209,596625
4209.1,596511
4209.2,596611
4209.3,596616
4209.4,596478
4209.5,596556
4209.6,596633
4209.7,596423
4209.8,596799
4209.9,596898
4210,596628
4210.1,596544
4210.2,596664
4210.3,596668
4210.4,596650
4210.5,596493
4210.6,596593
4210.7,596575
4210.8,596556
4210.9,596676
4211,596466
4211.1,596662
4211.2,596719
4211.3,596700
4211.4,596702
4211.5,596450
4211.6,596688
4211.7,596650
4211.8,596727
4211.9,596656
4212,596519
4212.1,596619
4212.2,596482
4212.3,596583
4212.4,596639
4212.5,596664
4212.6,596708
4212.7,596412
4212.8,596672
4212.9,596495
4213,596433
4213.1,596533
4213.2,596633
4213.3,596635
4213.4,596521
4213.5,596459
4213.6,596603
4213.7,596819
4213.8,596684
4213.9,596666
4214,596765
4214.1,596747
4214.2,596590
4214.3,596595
4214.4,596597
4214.5,596673
4214.6,596517
4214.7,596541
4214.8,596546
4214.9,596507
4215,596509
4215.1,596586
4215.2,596568
4215.3,596572
4215.4,596434
4215.5,596535
4215.6,596496
4215.7,596692
4215.8,596555
4215.9,596580
4216,596679
4216.1,596736
4216.2,596718
4216.3,596699
4216.4,596681
4216.5,596567
4216.6,596687
4216.7,596649
4216.8,596471
4216.9,596549
4217,596594
4217.1,596575
4217.2,596580
4217.3,596657
4217.4,596479
4217.5,596738
4217.6,596644
4217.7,596487
4217.8,596725
4217.9,596569
4218,596764
4218.1,596532
4218.2,596652
4218.3,596538
4218.4,596520
4218.5,596577
4218.6,596581
4218.7,596681
4218.8,596544
4218.9,596569
4219,596646
4219.1,596607
4219.2,596632
4219.3,596593
4219.4,596713
4219.5,596695
4219.6,596633
4219.7,596615
4219.8,596715
4219.9,596719
4220,596583
4220.1,596702
4220.2,596641
4220.3,596783
4220.4,596765
4220.5,596631
4220.6,596728
4220.7,596572
4220.8,596553
4220.9,596673
4221,596772
4221.1,596639
4221.2,596736
4221.3,596461
4221.4,596699
4221.5,596766
4221.6,596471
4221.7,596572
4221.8,596628
4221.9,596748
4222,596516
4222.1,596498
4222.2,596598
4222.3,596559
4222.4,596636
4222.5,596618
4222.6,596737
4222.7,596624
4222.8,596701
4222.9,596544
4223,596856
4223.1,596625
4223.2,596511
4223.3,596373
4223.4,596613
4223.5,596670
4223.6,596746
4223.7,596633
4223.8,596635
4223.9,596616
4224,596598
4224.1,596772
4224.2,596564
4224.3,596565
4224.4,596451
4224.5,596804
4224.6,596628
4224.7,596587
4224.8,596709
4224.9,596553
4225,596673
4225.1,596654
4225.2,596731
4225.3,596575
4225.4,596674
4225.5,596773
4225.6,596775
4225.7,596404
4225.8,596601
4225.9,596720
4226,596587
4226.1,596686
4226.2,596668
4226.3,596627
4226.4,596608
4226.5,596822
4226.6,596689
4226.7,596789
4226.8,596653
4226.9,596612
4227,596497
4227.1,596597
4227.2,596483
4227.3,596583
4227.4,596703
4227.5,596737
4227.6,596644
4227.7,596625
4227.8,596629
4227.9,596706
4228,596390
4228.1,596554
4228.2,596556
4228.3,596537
4228.4,596637
4228.5,596480
4228.6,596793
4228.7,596657
4228.8,596543
4228.9,596567
4229,596762
4229.1,596701
4229.2,596800
4229.3,596664
4229.4,596551
4229.5,596628
4229.6,596609
4229.7,596528
4229.8,596808
4229.9,596672
4230,596535
4230.1,596540
4230.2,596498
4230.3,596694
4230.4,596420
4230.5,596561
4230.6,596543
4230.7,596640
4230.8,596601
4230.9,596487
4231,596491
4231.1,596687
4231.2,596550
4231.3,596670
4231.4,596727
4231.5,596613
4231.6,596595
4231.7,596599
4231.8,596676
4231.9,596753
4232,596616
4232.1,596525
4232.2,596625
4232.3,596607
4232.4,596683
4232.5,596760
4232.6,596647
4232.7,596766
4232.8,596653
4232.9,596709
4233,596691
4233.1,596650
4233.2,596631
4233.3,596656
4233.4,596712
4233.5,596694
4233.6,596557
4233.7,596539
4233.8,596563
4233.9,596545
4234,596740
4234.1,596583
4234.2,596778
4234.3,596759
4234.4,596646
4234.5,596509
4234.6,596609
4234.7,596803
4234.8,596532
4234.9,596577
4235,596654
4235.1,596635
4235.2,596712
4235.3,596535
4235.4,596539
4235.5,596498
4235.6,596661
4235.7,596643
4235.8,596930
4235.9,596446
4236,596428
4236.1,596591
4236.2,596550
4236.3,596745
4236.4,596449
4236.5,596613
4236.6,596435
4236.7,596576
4236.8,596790
4236.9,596635
4237,596711
4237.1,596810
4237.2,596539
4237.3,596561
4237.4,596638
4237.5,596619
4237.6,596643
4237.7,596582
4237.8,596586
4237.9,596568
4238,596645
4238.1,596722
4238.2,596703
4238.3,596589
4238.4,596689
4238.5,596608
4238.6,596470
4238.7,596452
4238.8,596615
4238.9,596597
4239,596515
4239.1,596519
4239.2,596478
4239.3,596736
4239.4,596504
4239.5,596699
4239.6,596776
4239.7,596600
4239.8,596762
4239.9,596530
4240,596745
4240.1,596707
4240.2,596411
4240.3,596488
4240.4,596651
4240.5,596653
4240.6,596635
4240.7,596734
4240.8,596650
4240.9,596559
4241,596659
4241.1,596545
4241.2,596759
4241.3,596741
4241.4,596680
4241.5,596779
4241.6,596666
4241.7,596529
4241.8,596629
4241.9,596588
4242,596782
4242.1,596669
4242.2,596862
4242.3,596632
4242.4,596613
4242.5,596785
4242.6,596672
4242.7,596771
4242.8,596499
4242.9,596734
4243,596598
4243.1,596516
4243.2,596774
4243.3,596382
4243.4,596483
4243.5,596442
4243.6,596795
4243.7,596682
4243.8,596568
4243.9,596550
4244,596744
4244.1,596608
4244.2,596567
4244.3,596452
4244.4,596691
4244.5,596672
4244.6,596634
4244.7,596433
4244.8,596692
4244.9,596578
4245,596698
4245.1,596541
4245.2,596736
4245.3,596536
4245.4,596699
4245.5,596563
4245.6,596544
4245.7,596548
4245.8,596347
4245.9,596448
4246,596492
4246.1,596613
4246.2,596594
4246.3,596788
4246.4,596451
4246.5,596614
4246.6,596733
4246.7,596597
4246.8,596697
4246.9,596540
4247,596594
4247.1,596598
4247.2,596461
4247.3,596561
4247.4,596563
4247.5,596597
4247.6,596739
4247.7,596626
4247.8,596607
4247.9,596841
4248,596547
4248.1,596485
4248.2,596724
4248.3,596705
4248.4,596667
4248.5,596668
4248.6,596607
4248.7,596631
4248.8,596613
4248.9,596478
4249,596599
4249.1,596514
4249.2,596709
4249.3,596477
4249.4,596577
4249.5,596558
4249.6,596658
4249.7,596735
4249.8,596618
4249.9,596484
4250,596604
4250.1,596586
4250.2,596685
4250.3,596601
4250.4,596487
4250.5,596511
4250.6,596493
4250.7,596570
4250.8,596744
4250.9,596533
4251,596418
4251.1,596677
4251.2,596477
4251.3,596554
4251.4,596515
4251.5,596421
4251.6,596680
4251.7,596543
4251.8,596524
4251.9,596719
4252,596520
4252.1,596524
4252.2,596876
4252.3,596464
4252.4,596445
4252.5,596618
4252.6,596622
4252.7,596508
4252.8,596489
4252.9,596567
4253,596644
4253.1,596582
4253.2,596586
4253.3,596568
4253.4,596569
4253.5,596646
4253.6,596628
4253.7,596514
4253.8,596495
4253.9,596670
4254,596554
4254.1,596535
4254.2,596612
4254.3,596712
4254.4,596479
4254.5,596536
4254.6,596398
4254.7,596615
4254.8,596754
4254.9,596362
4255,596463
4255.1,596563
4255.2,596426
4255.3,596503
4255.4,596643
4255.5,596625
4255.6,596606
4255.7,596525
4255.8,596624
4255.9,596391
4256,596650
4256.1,596632
4256.2,596708
4256.3,596412
4256.4,596609
4256.5,596771
4256.6,596752
4256.7,596616
4256.8,596810
4256.9,596792
4257,596497
4257.1,596660
4257.2,596641
4257.3,596718
4257.4,596582
4257.5,596776
4257.6,596504
4257.7,596366
4257.8,596626
4257.9,596488
4258,596286
4258.1,596484
4258.2,596584
4258.3,596723
4258.4,596705
4258.5,596568
4258.6,596463
4258.7,596744
4258.8,596631
4258.9,596494
4259,596571
4259.1,596648
4259.2,596629
4259.3,596611
4259.4,596592
4259.5,596414
4259.6,596650
4259.7,596569
4259.8,596613
4259.9,596595
4260,596599
4260.1,596517
4260.2,596752
4260.3,596553
4260.4,596693
4260.5,596792
4260.6,596773
4260.7,596458
4260.8,596674
4260.9,596718
4261,596422
4261.1,596798
4261.2,596780
4261.3,596581
4261.4,596539
4261.5,596702
4261.6,596778
4261.7,596387
4261.8,596859
4261.9,596660
4262,596705
4262.1,596591
4262.2,596549
4262.3,596649
4262.4,596631
4262.5,596526
4262.6,596411
4262.7,596552
4262.8,596767
4262.9,596515
4263,596592
4263.1,596477
4263.2,596790
4263.3,596772
4263.4,596636
4263.5,596617
4263.6,596694
4263.7,596517
4263.8,596617
4263.9,596479
4264,596461
4264.1,596419
4264.2,596583
4264.3,596682
4264.4,596781
4264.5,596463
4264.6,596722
4264.7,596680
4264.8,596407
4264.9,596666
4265,596489
4265.1,596724
4265.2,596524
4265.3,596782
4265.4,596763
4265.5,596468
4265.6,596568
4265.7,596527
4265.8,596604
4265.9,596370
4266,596630
4266.1,596729
4266.2,596529
4266.3,596787
4266.4,596746
4266.5,596610
4266.6,596709
4266.7,596509
4266.8,596609
4266.9,596472
4267,596612
4267.1,596593
4267.2,596575
4267.3,596556
4267.4,596751
4267.5,596670
4267.6,596414
4267.7,596790
4267.8,596654
4267.9,596848
4268,596554
4268.1,596654
4268.2,596517
4268.3,596774
4268.4,596756
4268.5,596556
4268.6,596633
4268.7,596499
4268.8,596500
4268.9,596577
4269,596834
4269.1,596517
4269.2,596735
4269.3,596621
4269.4,596484
4269.5,596346
4269.6,596423
4269.7,596481
4269.8,596601
4269.9,596582
4270,596468
4270.1,596703
4270.2,596599
4270.3,596761
4270.4,596743
4270.5,596566
4270.6,596611
4270.7,596569
4270.8,596368
4270.9,596627
4271,596727
4271.1,596311
4271.2,596667
4271.3,596347
4271.4,596511
4271.5,596493
4271.6,596474
4271.7,596574
4271.8,596492
4271.9,596727
4272,596709
4272.1,596595
4272.2,596672
4272.3,596676
4272.4,596572
4272.5,596734
4272.6,596502
4272.7,596483
4272.8,596698
4272.9,596637
4273,596555
4273.1,596695
4273.2,596558
4273.3,596540
4273.4,596777
4273.5,596716
4273.6,596443
4273.7,596583
4273.8,596703
4273.9,596566
4274,596623
4274.1,596582
4274.2,596586
4274.3,596705
4274.4,596450
4274.5,596431
4274.6,596465
4274.7,596565
4274.8,596547
4274.9,596409
4275,596605
4275.1,596467
4275.2,596683
4275.3,596665
4275.4,596764
4275.5,596509
4275.6,596586
4275.7,596567
4275.8,596526
4275.9,596530
4276,596630
4276.1,596568
4276.2,596527
4276.3,596604
4276.4,596370
4276.5,596609
4276.6,596709
4276.7,596647
4276.8,596606
4276.9,596705
4277,596664
4277.1,596550
4277.2,596650
4277.3,596726
4277.4,596685
4277.5,596666
4277.6,596648
4277.7,596533
4277.8,596610
4277.9,596687
4278,596391
4278.1,596650
4278.2,596513
4278.3,596728
4278.4,596571
4278.5,596703
4278.6,596629
4278.7,596749
4278.8,596612
4278.9,596573
4279,596650
4279.1,596450
4279.2,596590
4279.3,596572
4279.4,596573
4279.5,596554
4279.6,596706
4279.7,596592
4279.8,596712
4279.9,596575
4280,596534
4280.1,596633
4280.2,596549
4280.3,596576
4280.4,596653
4280.5,596516
4280.6,596474
4280.7,596594
4280.8,596694
4280.9,596675
4281,596636
4281.1,596713
4281.2,596576
4281.3,596748
4281.4,596634
4281.5,596616
4281.6,596597
4281.7,596674
4281.8,596377
4281.9,596614
4282,596618
4282.1,596599
4282.2,596793
4282.3,596657
4282.4,596734
4282.5,596479
4282.6,596579
4282.7,596560
4282.8,596660
4282.9,596713
4283,596832
4283.1,596601
4283.2,596582
4283.3,596639
4283.4,596620
4283.5,596579
4283.6,596580
4283.7,596562
4283.8,596543
4283.9,596481
4284,596676
4284.1,596443
4284.2,596722
4284.3,596703
4284.4,596287
4284.5,596878
4284.6,596775
4284.7,596641
4284.8,596547
4284.9,596624
4285,596583
4285.1,596544
4285.2,596663
4285.3,596549
4285.4,596368
4285.5,596489
4285.6,596566
4285.7,596643
4285.8,596508
4285.9,596841
4286,596705
4286.1,596429
4286.2,596645
4286.3,596626
4286.4,596492
4286.5,596707
4286.6,596570
4286.7,596647
4286.8,596724
4286.9,596491
4287,596591
4287.1,596691
4287.2,596531
4287.3,596489
4287.4,596470
4287.5,596633
4287.6,596456
4287.7,596533
4287.8,596514
4287.9,596472
4288,596730
4288.1,596712
4288.2,596416
4288.3,596612
4288.4,596451
4288.5,596529
4288.6,596414
4288.7,596491
4288.8,596353
4288.9,596550
4289,596508
4289.1,596273
4289.2,596534
4289.3,596728
4289.4,596710
4289.5,596510
4289.6,596448
4289.7,596568
4289.8,596430
4289.9,596806
4290,596585
4290.1,596779
4290.2,596527
4290.3,596647
4290.4,596606
4290.5,596587
4290.6,596568
4290.7,596602
4290.8,596606
4290.9,596683
4291,596684
4291.1,596504
4291.2,596581
4291.3,596681
4291.4,596662
4291.5,596643
4291.6,596506
4291.7,596583
4291.8,596755
4291.9,596736
4292,596835
4292.1,596699
4292.2,596562
4292.3,596639
4292.4,596716
4292.5,596602
4292.6,596796
4292.7,596660
4292.8,596736
4292.9,596695
4293,596581
4293.1,596658
4293.2,596639
4293.3,596715
4293.4,596396
4293.5,596560
4293.6,596657
4293.7,596403
4293.8,596695
4293.9,596558
4294,596612
4294.1,596497
4294.2,596479
4294.3,596694
4294.4,596750
4294.5,596455
4294.6,596713
4294.7,596576
4294.8,596558
4294.9,596634
4295,596553
4295.1,596630
4295.2,596492
4295.3,596750
4295.4,596454
4295.5,596532
4295.6,596609
4295.7,596570
4295.8,596846
4295.9,596433
4296,596692
4296.1,596492
4296.2,596430
4296.3,596550
4296.4,596531
4296.5,596513
4296.6,596471
4296.7,596409
4296.8,596648
4296.9,596490
4297,596492
4297.1,596450
4297.2,596527
4297.3,596627
4297.4,596469
4297.5,596546
4297.6,596548
4297.7,596506
4297.8,596583
4297.9,596564
4298,596664
4298.1,596645
4298.2,596508
4298.3,596743
4298.4,596424
4298.5,596405
4298.6,596601
4298.7,596583
4298.8,596445
4298.9,596403
4299,596384
4299.1,596643
4299.2,596625
4299.3,596818
4299.4,596620
4299.5,596439
4299.6,596559
4299.7,596325
4299.8,596522
4299.9,596599
4300,596655
4300.1,596518
4300.2,596638
4300.3,596619
4300.4,596696
4300.5,596420
4300.6,596616
4300.7,596735
4300.8,596598
4300.9,596557
4301,596538
4301.1,596595
4301.2,596393
4301.3,596557
4301.4,596558
4301.5,596635
4301.6,596574
4301.7,596745
4301.8,596749
4301.9,596613
4302,596571
4302.1,596691
4302.2,596724
4302.3,596611
4302.4,596592
4302.5,596593
4302.6,596670
4302.7,596393
4302.8,596685
4302.9,596666
4303,596647
4303.1,596510
4303.2,596725
4303.3,596546
4303.4,596665
4303.5,596508
4303.6,596746
4303.7,596566
4303.8,596663
4303.9,596621
4304,596507
4304.1,596468
4304.2,596683
4304.3,596546
4304.4,596461
4304.5,596739
4304.6,596744
4304.7,596702
4304.8,596525
4304.9,596463
4305,596636
4305.1,596542
4305.2,596618
4305.3,596600
4305.4,596656
4305.5,596359
4305.6,596639
4305.7,596577
4305.8,596483
4305.9,596560
4306,596616
4306.1,596693
4306.2,596556
4306.3,596537
4306.4,596657
4306.5,596477
4306.6,596767
4306.7,596494
4306.8,596635
4306.9,596378
4307,596455
4307.1,596532
4307.2,596330
4307.3,596431
4307.4,596572
4307.5,596691
4307.6,596607
4307.7,596683
4307.8,596569
4307.9,596669
4308,596670
4308.1,596490
4308.2,596705
4308.3,596621
4308.4,596625
4308.5,596724
4308.6,596703
4308.7,596546
4308.8,596600
4308.9,596485
4309,596605
4309.1,596447
4309.2,596663
4309.3,596621
4309.4,596793
4309.5,596422
4309.6,596661
4309.7,596737
4309.8,596695
4309.9,596654
4310,596698
4310.1,596402
4310.2,596661
4310.3,596674
4310.4,596517
4310.5,596614
4310.6,596595
4310.7,596554
4310.8,596535
4310.9,596592
4311,596786
4311.1,596574
4311.2,596416
4311.3,596632
4311.4,596474
4311.5,596647
4311.6,596350
4311.7,596610
4311.8,596568
4311.9,596782
4312,596626
4312.1,596702
4312.2,596525
4312.3,596665
4312.4,596528
4312.5,596742
4312.6,596681
4312.7,596481
4312.8,596462
4312.9,596323
4313,596816
4313.1,596542
4313.2,596618
4313.3,596718
4313.4,596301
4313.5,596539
4313.6,596520
4313.7,596574
4313.8,596651
4313.9,596537
4314,596731
4314.1,596595
4314.2,596553
4314.3,596630
4314.4,596749
4314.5,596592
4314.6,596691
4314.7,596670
4314.8,596628
4314.9,596567
4315,596548
4315.1,596410
4315.2,596606
4315.3,596564
4315.4,596426
4315.5,596427
4315.6,596528
4315.7,596509
4315.8,596681
4315.9,596737
4316,596578
4316.1,596697
4316.2,596540
4316.3,596660
4316.4,596598
4316.5,596612
4316.6,596656
4316.7,596519
4316.8,596596
4316.9,596577
4317,596654
4317.1,596667
4317.2,596434
4317.3,596670
4317.4,596746
4317.5,596450
4317.6,596623
4317.7,596627
4317.8,596766
4317.9,596448
4318,596801
4318.1,596665
4318.2,596400
4318.3,596564
4318.4,596522
4318.5,596662
4318.6,596461
4318.7,596634
4318.8,596520
4318.9,596619
4319,596459
4319.1,596717
4319.2,596793
4319.3,596475
4319.4,596552
4319.5,596652
4319.6,596514
4319.7,596749
4319.8,596645
4319.9,596411
4320,596608
4320.1,596589
4320.2,596451
4320.3,596624
4320.4,596582
4320.5,596563
4320.6,596820
4320.7,596525
4320.8,596579
4320.9,596813
4321,596700
4321.1,596563
4321.2,596640
4321.3,596558
4321.4,596635
4321.5,596593
4321.6,596574
4321.7,596436
4321.8,596513
4321.9,596431
4322,596488
4322.1,596671
4322.2,596351
4322.3,596706
4322.4,596687
4322.5,596487
4322.6,596424
4322.7,596502
4322.8,596503
4322.9,596484
4323,596538
4323.1,596476
4323.2,596480
4323.3,596577
4323.4,596654
4323.5,596517
4323.6,596454
4323.7,596339
4323.8,596536
4323.9,596537
4324,596399
4324.1,596356
4324.2,596649
4324.3,596491
4324.4,596515
4324.5,596473
4324.6,596431
4324.7,596389
4324.8,596393
4324.9,596374
4325,596452
4325.1,596313
4325.2,596390
4325.3,596627
4325.4,596608
4325.5,596685
4325.6,596388
4325.7,596465
4325.8,596423
4325.9,596564
4326,596329
4326.1,596526
4326.2,596603
4326.3,596584
4326.4,596519
4326.5,596682
4326.6,596362
4326.7,596739
4326.8,596539
4326.9,596593
4327,596637
4327.1,596756
4327.2,596600
4327.3,596676
4327.4,596635
4327.5,596553
4327.6,596692
4327.7,596555
4327.8,596632
4327.9,596708
4328,596508
4328.1,596608
4328.2,596747
4328.3,596728
4328.4,596528
4328.5,596390
4328.6,596563
4328.7,596567
4328.8,596526
4328.9,596783
4329,596465
4329.1,596542
4329.2,596523
4329.3,596622
4329.4,596739
4329.5,596720
4329.6,596497
4329.7,596478
4329.8,596673
4329.9,596559
4330,596793
4330.1,596752
4330.2,596552
4330.3,596414
4330.4,596514
4330.5,596495
4330.6,596730
4330.7,596411
4330.8,596584
4330.9,596724
4331,596428
4331.1,596646
4331.2,596486
4331.3,596540
4331.4,596702
4331.5,596565
4331.6,596665
4331.7,596464
4331.8,596422
4331.9,596380
4332,596734
4332.1,596715
4332.2,596419
4332.3,596592
4332.4,596550
4332.5,596594
4332.6,596714
4332.7,596577
4332.8,596611
4332.9,596592
4333,596645
4333.1,596531
4333.2,596628
4333.3,596566
4333.4,596567
4333.5,596719
4333.6,596423
4333.7,596467
4333.8,596544
4333.9,596621
4334,596697
4334.1,596868
4334.2,596692
4334.3,596713
4334.4,596694
4334.5,596653
4334.6,596940
4334.7,596552
4334.8,596533
4334.9,596768
4335,596631
4335.1,596430
4335.2,596603
4335.3,596305
4335.4,596684
4335.5,596266
4335.6,596600
4335.7,596399
4335.8,596658
4335.9,596639
4336,596438
4336.1,596578
4336.2,596354
4336.3,596709
4336.4,596690
4336.5,596553
4336.6,596864
4336.7,596706
4336.8,596386
4336.9,596367
4337,596508
4337.1,596703
4337.2,596621
4337.3,596460
4337.4,596538
4337.5,596399
4337.6,596658
4337.7,596361
4337.8,596439
4337.9,596493
4338,596354
4338.1,596335
4338.2,596572
4338.3,596671
4338.4,596471
4338.5,596525
4338.6,596266
4338.7,596527
4338.8,596604
4338.9,596403
4339,596480
4339.1,596715
4339.2,596419
4339.3,596655
4339.4,596636
4339.5,596689
4339.6,596693
4339.7,596437
4339.8,596790
4339.9,596654
4340,596730
4340.1,596507
4340.2,596607
4340.3,596492
4340.4,596450
4340.5,596527
4340.6,596485
4340.7,596466
4340.8,596447
4340.9,596547
4341,596505
4341.1,596463
4341.2,596540
4341.3,596402
4341.4,596383
4341.5,596792
4341.6,596537
4341.7,596335
4341.8,596476
4341.9,596457
4342,596438
4342.1,596355
4342.2,596569
4342.3,596646
4342.4,596508
4342.5,596766
4342.6,596566
4342.7,596388
4342.8,596442
4342.9,596486
4343,596348
4343.1,596544
4343.2,596525
4343.3,596697
4343.4,596656
4343.5,596794
4343.6,596499
4343.7,596457
4343.8,596534
4343.9,596332
4344,596473
4344.1,596454
4344.2,596690
4344.3,596671
4344.4,596747
4344.5,596643
4344.6,596505
4344.7,596367
4344.8,596603
4344.9,596797
4345,596479
4345.1,596364
4345.2,596718
4345.3,596462
4345.4,596678
4345.5,596711
4345.6,596670
4345.7,596396
4345.8,596632
4345.9,596633
4346,596667
4346.1,596529
4346.2,596606
4346.3,596705
4346.4,596545
4346.5,596546
4346.6,596718
4346.7,596677
4346.8,596562
4346.9,596619
4347,596695
4347.1,596535
4347.2,596333
4347.3,596593
4347.4,596455
4347.5,596650
4347.6,596450
4347.7,596407
4347.8,596485
4347.9,596625
4348,596701
4348.1,596404
4348.2,596600
4348.3,596535
4348.4,596516
4348.5,596561
4348.6,596732
4348.7,596555
4348.8,596632
4348.9,596408
4349,596706
4349.1,596782
4349.2,596487
4349.3,596682
4349.4,596362
4349.5,596320
4349.6,596461
4349.7,596561
4349.8,596638
4349.9,596533
4350,596609
4350.1,596631
4350.2,596429
4350.3,596570
4350.4,596646
4350.5,596445
4350.6,596426
4350.7,596287
4350.8,596643
4350.9,596483
4351,596560
4351.1,596541
4351.2,596458
4351.3,596598
4351.4,596832
4351.5,596790
4351.6,596591
4351.7,596572
4351.8,596553
4351.9,596787
4352,596746
4352.1,596822
4352.2,596408
4352.3,596667
4352.4,596648
4352.5,596606
4352.6,596682
4352.7,596736
4352.8,596503
4352.9,596580
4353,596378
4353.1,596519
4353.2,596573
4353.3,596435
4353.4,596673
4353.5,596536
4353.6,596474
4353.7,596669
4353.8,596445
4353.9,596585
4354,596566
4354.1,596524
4354.2,596719
4354.3,596519
4354.4,596659
4354.5,596640
4354.6,596502
4354.7,596460
4354.8,596655
4354.9,596455
4355,596412
4355.1,596671
4355.2,596629
4355.3,596428
4355.4,596505
4355.5,596486
4355.6,596444
4355.7,596584
4355.8,596661
4355.9,596460
4356,596633
4356.1,596358
4356.2,596595
4356.3,596434
4356.4,596415
4356.5,596469
4356.6,596569
4356.7,596550
4356.8,596411
4356.9,596584
4357,596818
4357.1,596596
4357.2,596481
4357.3,596581
4357.4,596420
4357.5,596497
4357.6,596551
4357.7,596532
4357.8,596393
4357.9,596590
4358,596548
4358.1,596506
4358.2,596678
4358.3,596444
4358.4,596425
4358.5,596439
4358.6,596556
4358.7,596514
4358.8,596495
4358.9,596753
4359,596616
4359.1,596511
4359.2,596469
4359.3,596641
4359.4,596407
4359.5,596761
4359.6,596657
4359.7,596519
4359.8,596573
4359.9,596338
4360,596694
4360.1,596652
4360.2,596451
4360.3,596432
4360.4,596293
4360.5,596434
4360.6,596392
4360.7,596469
4360.8,596546
4360.9,596440
4361,596421
4361.1,596680
4361.2,596542
4361.3,596639
4361.4,596395
4361.5,596676
4361.6,596356
4361.7,596497
4361.8,596574
4361.9,596532
4362,596426
4362.1,596685
4362.2,596388
4362.3,596465
4362.4,596700
4362.5,596871
4362.6,596640
4362.7,596621
4362.8,596443
4362.9,596655
4363,596636
4363.1,596412
4363.2,596648
4363.3,596652
4363.4,596451
4363.5,596505
4363.6,596366
4363.7,596626
4363.8,596584
4363.9,596565
4364,596483
4364.1,596812
4364.2,596494
4364.3,596356
4364.4,596710
4364.5,596510
4364.6,596705
4364.7,596545
4364.8,596684
4364.9,596665
4365,596646
4365.1,596700
4365.2,596499
4365.3,596457
4365.4,596597
4365.5,596555
4365.6,596376
4365.7,596454
4365.8,596626
4365.9,596647
4366,596628
4366.1,596725
4366.2,596545
4366.3,596739
4366.4,596516
4366.5,596560
4366.6,596637
4366.7,596595
4366.8,596553
4366.9,596629
4367,596823
4367.1,596568
4367.2,596430
4367.3,596388
4367.4,596679
4367.5,596359
4367.6,596619
4367.7,596577
4367.8,596673
4367.9,596631
4368,596569
4368.1,596550
4368.2,596670
4368.3,596608
4368.4,596566
4368.5,596737
4368.6,596738
4368.7,596366
4368.8,596563
4368.9,596639
4369,596597
4369.1,596275
4369.2,596652
4369.3,596750
4369.4,596689
4369.5,596488
4369.6,596446
4369.7,596586
4369.8,596587
4369.9,596568
4370,596506
4370.1,596520
4370.2,596478
4370.3,596617
4370.4,596694
4370.5,596652
4370.6,596633
4370.7,596528
4370.8,596667
4370.9,596530
4371,596511
4371.1,596588
4371.2,596641
4371.3,596559
4371.4,596698
4371.5,596538
4371.6,596519
4371.7,596477
4371.8,596490
4371.9,596375
4372,596611
4372.1,596707
4372.2,596570
4372.3,596647
4372.4,596499
4372.5,596383
4372.6,596524
4372.7,596577
4372.8,596439
4372.9,596707
4373,596593
4373.1,596391
4373.2,596532
4373.3,596490
4373.4,596705
4373.5,596620
4373.6,596601
4373.7,596423
4373.8,596421
4373.9,596732
4374,596552
4374.1,596671
4374.2,596652
4374.3,596728
4374.4,596429
4374.5,596506
4374.6,596560
4374.7,596561
4374.8,596637
4374.9,596598
4375,596576
4375.1,596630
4375.2,596492
4375.3,596473
4375.4,596550
4375.5,596487
4375.6,596564
4375.7,596618
4375.8,596694
4375.9,596695
4376,596676
4376.1,596591
4376.2,596509
4376.3,596649
4376.4,596607
4376.5,596469
4376.6,596759
4376.7,596463
4376.8,596816
4376.9,596679
4377,596542
4377.1,596500
4377.2,596513
4377.3,596471
4377.4,596571
4377.5,596687
4377.6,596763
4377.7,596722
4377.8,596425
4377.9,596684
4378,596483
4378.1,596623
4378.2,596581
4378.3,596657
4378.4,596711
4378.5,596692
4378.6,596514
4378.7,596726
4378.8,596684
4378.9,596760
4379,596345
4379.1,596325
4379.2,596522
4379.3,596757
4379.4,596438
4379.5,596492
4379.6,596749
4379.7,596453
4379.8,596806
4379.9,596368
4380,596700
4380.1,596586
4380.2,596544
4380.3,596341
4380.4,596719
4380.5,596655
4380.6,596334
4380.7,596689
4380.8,596552
4380.9,596628
4381,596427
4381.1,596481
4381.2,596621
4381.3,596622
4381.4,596698
4381.5,596636
4381.6,596435
4381.7,596552
4381.8,596628
4381.9,596725
4382,596544
4382.1,596621
4382.2,596420
4382.3,596560
4382.4,596561
4382.5,596519
4382.6,596595
4382.7,596629
4382.8,596308
4382.9,596568
4383,596526
4383.1,596622
4383.2,596441
4383.3,596614
4383.4,596499
4383.5,596576
4383.6,596533
4383.7,596748
4383.8,596663
4383.9,596430
4384,596668
4384.1,596606
4384.2,596564
4384.3,596522
4384.4,596576
4384.5,596557
4384.6,596538
4384.7,596732
4384.8,596690
4384.9,596743
4385,596744
4385.1,596725
4385.2,596568
4385.3,596645
4385.4,596698
4385.5,596656
4385.6,596519
4385.7,596595
4385.8,596576
4385.9,596770
4386,596524
4386.1,596568
4386.2,596688
4386.3,596626
4386.4,596702
4386.5,596660
4386.6,596436
4386.7,596417
4386.8,596557
4386.9,596729
4387,596592
4387.1,596605
4387.2,596626
4387.3,596488
4387.4,596446
4387.5,596641
4387.6,596695
4387.7,596613
4387.8,596634
4387.9,596592
4388,596550
4388.1,596530
4388.2,596425
4388.3,596683
4388.4,596641
4388.5,596504
4388.6,596696
4388.7,596634
4388.8,596687
4388.9,596390
4389,596649
4389.1,596488
4389.2,596703
4389.3,596618
4389.4,596599
4389.5,596676
4389.6,596538
4389.7,596635
4389.8,596593
4389.9,596507
4390,596584
4390.1,596683
4390.2,596661
4390.3,596619
4390.4,596534
4390.5,596515
4390.6,596635
4390.7,596711
4390.8,596507
4390.9,596604
4391,596466
4391.1,596629
4391.2,596308
4391.3,596600
4391.4,596538
4391.5,596635
4391.6,596497
4391.7,596573
4391.8,596650
4391.9,596588
4392,596546
4392.1,596665
4392.2,596527
4392.3,596762
4392.4,596562
4392.5,596380
4392.6,596273
4392.7,596630
4392.8,596631
4392.9,596589
4393,596526
4393.1,596603
4393.2,596797
4393.3,596542
4393.4,596543
4393.5,596596
4393.6,596672
4393.7,596610
4393.8,596409
4393.9,596688
4394,596646
4394.1,596465
4394.2,596660
4394.3,596618
4394.4,596599
4394.5,596461
4394.6,596515
4394.7,596686
4394.8,596645
4394.9,596625
4395,596702
4395.1,596564
4395.2,596618
4395.3,596576
4395.4,596695
4395.5,596633
4395.6,596709
4395.7,596667
4395.8,596625
4395.9,596679
4396,596679
4396.1,596735
4396.2,596416
4396.3,596493
4396.4,596610
4396.5,596729
4396.6,596592
4396.7,596625
4396.8,596583
4396.9,596541
4397,596594
4397.1,596671
4397.2,596533
4397.3,596609
4397.4,596408
4397.5,596644
4397.6,596483
4397.7,596464
4397.8,596679
4397.9,596594
4398,596670
4398.1,596533
4398.2,596414
4398.3,596768
4398.4,596568
4398.5,596483
4398.6,596559
4398.7,596560
4398.8,596699
4398.9,596657
4399,596552
4399.1,596533
4399.2,596395
4399.3,596472
4399.4,596729
4399.5,596687
4399.6,596464
4399.7,596518
4399.8,596712
4399.9,596693
4400,596651
4400.1,596609
4400.2,596428
4400.3,596525
4400.4,596624
4400.5,596605
4400.6,596659
4400.7,596478
4400.8,596693
4400.9,596768
4401,596513
4401.1,596665
4401.2,596623
4401.3,596581
4401.4,596443
4401.5,596658
4401.6,596500
4401.7,596577
4401.8,596630
4401.9,596588
4402,596546
4402.1,596622
4402.2,596485
4402.3,596402
4402.4,596733
4402.5,596596
4402.6,596692
4402.7,596630
4402.8,596428
4402.9,596505
4403,596440
4403.1,596517
4403.2,596656
4403.3,596614
4403.4,596413
4403.5,596585
4403.6,596447
4403.7,596587
4403.8,596545
4403.9,596503
4404,596675
4404.1,596593
4404.2,596551
4404.3,596690
4404.4,596743
4404.5,596423
4404.6,596500
4404.7,596577
4404.8,596439
4404.9,596556
4405,596632
4405.1,596408
4405.2,596666
4405.3,596647
4405.4,596486
4405.5,596563
4405.6,596521
4405.7,596692
4405.8,596555
4405.9,596631
4406,596727
4406.1,596685
4406.2,596643
4406.3,596366
4406.4,596486
4406.5,596563
4406.6,596401
4406.7,596574
4406.8,596532
4406.9,596490
4407,596566
4407.1,596504
4407.2,596482
4407.3,596558
4407.4,596579
4407.5,596656
4407.6,596636
4407.7,596315
4407.8,596608
4407.9,596543
4408,596404
4408.1,596481
4408.2,596342
4408.3,596515
4408.4,596453
4408.5,596668
4408.6,596508
4408.7,596488
4408.8,596565
4408.9,596523
4409,596674
4409.1,596514
4409.2,596610
4409.3,596452
4409.4,596529
4409.5,596303
4409.6,596776
4409.7,596521
4409.8,596479
4409.9,596575
4410,596513
4410.1,596407
4410.2,596388
4410.3,596345
4410.4,596677
4410.5,596476
4410.6,596434
4410.7,596414
4410.8,596491
4410.9,596631
4411,596566
4411.1,596737
4411.2,596504
4411.3,596699
4411.4,596282
4411.5,596519
4411.6,596711
4411.7,596649
4411.8,596607
4411.9,596588
4412,596759
4412.1,596642
4412.2,596557
4412.3,596653
4412.4,596538
4412.5,596476
4412.6,596648
4412.7,596391
4412.8,596541
4412.9,596521
4413,596618
4413.1,596576
4413.2,596536
4413.3,596610
4413.4,596472
4413.5,596452
4413.6,596688
4413.7,596487
4413.8,596659
4413.9,596455
4414,596456
4414.1,596316
4414.2,596767
4414.3,596448
4414.4,596600
4414.5,596664
4414.6,596717
4414.7,596580
4414.8,596656
4414.9,596732
4415,596604
4415.1,596648
4415.2,596701
4415.3,596563
4415.4,596617
4415.5,596693
4415.6,596373
4415.7,596353
4415.8,596708
4415.9,596170
4416,596624
4416.1,596495
4416.2,596499
4416.3,596576
4416.4,596533
4416.5,596587
4416.6,596640
4416.7,596525
4416.8,596483
4416.9,596420
4417,596517
4417.1,596571
4417.2,596604
4417.3,596723
4417.4,596447
4417.5,596523
4417.6,596577
4417.7,596535
4417.8,596611
4417.9,596569
4418,596550
4418.1,596626
4418.2,596498
4418.3,596680
4418.4,596499
4418.5,596596
4418.6,596533
4418.7,596610
4418.8,596663
4418.9,596644
4419,596602
4419.1,596603
4419.2,596636
4419.3,596411
4419.4,596574
4419.5,596552
4419.6,596629
4419.7,596586
4419.8,596524
4419.9,596395
4420,596535
4420.1,596536
4420.2,596474
4420.3,596431
4420.4,596604
4420.5,596584
4420.6,596680
4420.7,596520
4420.8,596477
4420.9,596415
4421,596587
4421.1,596568
4421.2,596406
4421.3,596504
4421.4,596580
4421.5,596495
4421.6,596614
4421.7,596336
4421.8,596530
4421.9,596487
4422,596445
4422.1,596617
4422.2,596598
4422.3,596674
4422.4,596789
4422.5,596471
4422.6,596405
4422.7,596781
4422.8,596463
4422.9,596539
4423,596497
4423.1,596709
4423.2,596389
4423.3,596625
4423.4,596701
4423.5,596500
4423.6,596672
4423.7,596630
4423.8,596492
4423.9,596472
4424,596430
4424.1,596602
4424.2,596659
4424.3,596541
4424.4,596499
4424.5,596638
4424.6,596808
4424.7,596470
4424.8,596642
4424.9,596738
4425,596482
4425.1,596559
4425.2,596635
4425.3,596550
4425.4,596787
4425.5,596531
4425.6,596608
4425.7,596565
4425.8,596404
4425.9,596533
4426,596418
4426.1,596495
4426.2,596687
4426.3,596644
4426.4,596815
4426.5,596583
4426.6,596659
4426.7,596478
4426.8,596456
4426.9,596533
4427,596661
4427.1,596662
4427.2,596504
4427.3,596601
4427.4,596419
4427.5,596473
4427.6,596550
4427.7,596669
4427.8,596607
4427.9,596584
4428,596638
4428.1,596456
4428.2,596533
4428.3,596534
4428.4,596686
4428.5,596525
4428.6,596578
4428.7,596579
4428.8,596537
4428.9,596613
4429,596712
4429.1,596508
4429.2,596562
4429.3,596563
4429.4,596734
4429.5,596458
4429.6,596630
4429.7,596608
4429.8,596565
4429.9,596546
4430,596504
4430.1,596557
4430.2,596751
4430.3,596429
4430.4,596644
4430.5,596602
4430.6,596741
4430.7,596636
4430.8,596669
4430.9,596552
4431,596785
4431.1,596744
4431.2,596702
4431.3,596597
4431.4,596577
4431.5,596558
4431.6,596674
4431.7,596473
4431.8,596431
4431.9,596484
4432,596584
4432.1,596755
4432.2,596618
4432.3,596576
4432.4,596510
4432.5,596587
4432.6,596567
4432.7,596644
4432.8,596483
4432.9,596440
4433,596592
4433.1,596454
4433.2,596531
4433.3,596607
4433.4,596542
4433.5,596595
4433.6,596619
4433.7,596577
4433.8,596514
4433.9,596591
4434,596548
4434.1,596697
4434.2,596440
4434.3,596655
4434.4,596593
4434.5,596787
4434.6,596722
4434.7,596585
4434.8,596447
4434.9,596543
4435,596481
4435.1,596375
4435.2,596428
4435.3,596664
4435.4,596503
4435.5,596483
4435.6,596377
4435.7,596454
4435.8,596571
4435.9,596432
4436,596648
4436.1,596563
4436.2,596639
4436.3,596414
4436.4,596372
4436.5,596631
4436.6,596684
4436.7,596642
4436.8,596417
4436.9,596770
4437,596515
4437.1,596591
4437.2,596664
4437.3,596602
4437.4,596496
4437.5,596477
4437.6,596712
4437.7,596551
4437.8,596605
4437.9,596499
4438,596638
4438.1,596832
4438.2,596672
4438.3,596630
4438.4,596565
4438.5,596684
4438.6,596407
4438.7,596602
4438.8,596441
4438.9,596418
4439,596548
4439.1,596430
4439.2,596529
4439.3,596347
4439.4,596639
4439.5,596574
4439.6,596693
4439.7,596532
4439.8,596513
4439.9,596546
4440,596343
4440.1,596397
4440.2,596418
4440.3,596495
4440.4,596572
4440.5,596625
4440.6,596519
4440.7,596681
4440.8,596659
4440.9,596597
4441,596650
4441.1,596352
4441.2,596503
4441.3,596363
4441.4,596600
4441.5,596676
4441.6,596451
4441.7,596624
4441.8,596604
4441.9,596743
4442,596583
4442.1,596540
4442.2,596435
4442.3,596607
4442.4,596588
4442.5,596522
4442.6,596661
4442.7,596437
4442.8,596514
4442.9,596590
4443,596452
4443.1,596409
4443.2,596740
4443.3,596420
4443.4,596688
4443.5,596391
4443.6,596744
4443.7,596584
4443.8,596637
4443.9,596595
4444,596671
4444.1,596533
4444.2,596331
4444.3,596567
4444.4,596502
4444.5,596459
4444.6,596622
4444.7,596579
4444.8,596593
4444.9,596708
4445,596485
4445.1,596719
4445.2,596700
4445.3,596259
4445.4,596434
4445.5,596669
4445.6,596531
4445.7,596488
4445.8,596798
4445.9,596618
4446,596694
4446.1,596629
4446.2,596491
4446.3,596587
4446.4,596525
4446.5,596482
4446.6,596654
4446.7,596397
4446.8,596494
4446.9,596451
4447,596409
4447.1,596485
4447.2,596614
4447.3,596733
4447.4,596434
4447.5,596530
4447.6,596607
4447.7,596521
4447.8,596617
4447.9,596578
4448,596320
4448.1,596632
4448.2,596547
4448.3,596718
4448.4,596580
4448.5,596657
4448.6,596614
4448.7,596667
4448.8,596443
4448.9,596701
4449,596563
4449.1,596361
4449.2,596597
4449.3,596650
4449.4,596426
4449.5,596661
4449.6,596363
4449.7,596440
4449.8,596865
4449.9,596547
4450,596686
4450.1,596366
4450.2,596720
4450.3,596496
4450.4,596573
4450.5,596626
4450.6,596488
4450.7,596541
4450.8,596522
4450.9,596693
4451,596628
4451.1,596490
4451.2,596725
4451.3,596682
4451.4,596298
4451.5,596472
4451.6,596515
4451.7,596750
4451.8,596430
4451.9,596665
4452,596344
4452.1,596636
4452.2,596475
4452.3,596336
4452.4,596572
4452.5,596347
4452.6,596678
4452.7,596381
4452.8,596617
4452.9,596479
4453,596670
4453.1,596585
4453.2,596661
4453.3,596523
4453.4,596577
4453.5,596577
4453.6,596630
4453.7,596683
4453.8,596526
4453.9,596506
4454,596580
4454.1,596418
4454.2,596471
4454.3,596643
4454.4,596485
4454.5,596582
4454.6,596420
4454.7,596773
4454.8,596431
4454.9,596411
4455,596647
4455.1,596722
4455.2,596618
4455.3,596575
4455.4,596490
4455.5,596586
4455.6,596662
4455.7,596600
4455.8,596557
4455.9,596611
4456,596611
4456.1,596473
4456.2,596387
4456.3,596464
4456.4,596754
4456.5,596689
4456.6,596646
4456.7,596508
4456.8,596466
4456.9,596359
4457,596533
4457.1,596672
4457.2,596629
4457.3,596607
4457.4,596544
4457.5,596598
4457.6,596492
4457.7,596353
4457.8,596684
4457.9,596547
4458,596600
4458.1,596494
4458.2,596571
4458.3,596686
4458.4,596667
4458.5,596506
4458.6,596678
4458.7,596380
4458.8,596616
4458.9,596574
4459,596670
4459.1,596585
4459.2,596542
4459.3,596713
4459.4,596694
4459.5,596533
4459.6,596630
4459.7,596544
4459.8,596640
4459.9,596621
4460,596439
4460.1,596632
4460.2,596589
4460.3,596547
4460.4,596364
4460.5,596581
4460.6,596399
4460.7,596495
4460.8,596409
4460.9,596506
4461,596367
4461.1,596603
4461.2,596497
4461.3,596455
4461.4,596508
4461.5,596624
4461.6,596700
4461.7,596658
4461.8,596457
4461.9,596391
4462,596531
4462.1,596488
4462.2,596446
4462.3,596522
4462.4,596296
4462.5,596470
4462.6,596330
4462.7,596662
4462.8,596620
4462.9,596418
4463,596472
4463.1,596548
4463.2,596409
4463.3,596645
4463.4,596815
4463.5,596773
4463.6,596550
4463.7,596606
4463.8,596368
4463.9,596541
4464,596499
4464.1,596532
4464.2,596393
4464.3,596470
4464.4,596447
4464.5,596404
4464.6,596458
4464.7,596587
4464.8,596472
4464.9,596548
4465,596621
4465.1,596536
4465.2,596589
4465.3,596451
4465.4,596527
4465.5,596623
4465.6,596442
4465.7,596495
4465.8,596548
4465.9,596625
4466,596486
4466.1,596658
4466.2,596497
4466.3,596646
4466.4,596626
4466.5,596488
4466.6,596542
4466.7,596618
4466.8,596671
4466.9,596553
4467,596629
4467.1,596586
4467.2,596662
4467.3,596577
4467.4,596673
4467.5,596512
4467.6,596769
4467.7,596427
4467.8,596599
4467.9,596536
4468,596418
4468.1,596653
4468.2,596611
4468.3,596664
4468.4,596343
4468.5,596376
4468.6,596377
4468.7,596612
4468.8,596451
4468.9,596623
4469,596398
4469.1,596378
4469.2,596335
4469.3,596572
4469.4,596249
4469.5,596582
4469.6,596477
4469.7,596457
4469.8,596629
4469.9,596371
4470,596425
4470.1,596597
4470.2,596736
4470.3,596416
4470.4,596493
4470.5,596546
4470.6,596780
4470.7,596557
4470.8,596537
4470.9,596590
4471,596666
4471.1,596624
4471.2,596558
4471.3,596496
4471.4,596592
4471.5,596573
4471.6,596744
4471.7,596444
4471.8,596593
4471.9,596594
4472,596551
4472.1,596627
4472.2,596660
4472.3,596713
4472.4,596596
4472.5,596553
4472.6,596490
4472.7,596448
4472.8,596715
4472.9,596650
4473,596512
4473.1,596512
4473.2,596565
4473.3,596599
4473.4,596674
4473.5,596632
4473.6,596471
4473.7,596567
4473.8,596643
4473.9,596558
4474,596452
4474.1,596568
4474.2,596526
4474.3,596483
4474.4,596655
4474.5,596310
4474.6,596570
4474.7,596666
4474.8,596505
4474.9,596419
4475,596472
4475.1,596572
4475.2,596529
4475.3,596506
4475.4,596464
4475.5,596517
4475.6,596570
4475.7,596551
4475.8,596508
4475.9,596445
4476,596542
4476.1,596572
4476.2,596552
4476.3,596414
4476.4,596586
4476.5,596662
4476.6,596481
4476.7,596767
4476.8,596511
4476.9,596588
4477,596525
4477.1,596419
4477.2,596536
4477.3,596632
4477.4,596493
4477.5,596431
4477.6,596484
4477.7,596281
4477.8,596613
4477.9,596571
4478,596667
4478.1,596486
4478.2,596539
4478.3,596615
4478.4,596477
4478.5,596573
4478.6,596530
4478.7,596583
4478.8,596521
4478.9,596415
4479,596627
4479.1,596627
4479.2,596542
4479.3,596499
4479.4,596393
4479.5,596470
4479.6,596490
4479.7,596447
4479.8,596640
4479.9,596458
4480,596725
4480.1,596706
4480.2,596545
4480.3,596641
4480.4,596556
4480.5,596609
4480.6,596589
4480.7,596665
4480.8,596384
4480.9,596577
4481,596610
4481.1,596568
4481.2,596525
4481.3,596601
4481.4,596439
4481.5,596493
4481.6,596546
4481.7,596503
4481.8,596484
4481.9,596441
4482,596514
4482.1,596686
4482.2,596621
4482.3,596462
4482.4,596559
4482.5,596612
4482.6,596390
4482.7,596602
4482.8,596560
4482.9,596655
4483,596497
4483.1,596646
4483.2,596445
4483.3,596378
4483.4,596335
4483.5,596572
4483.6,596765
4483.7,596542
4483.8,596436
4483.9,596457
4484,596786
4484.1,596649
4484.2,596544
4484.3,596317
4484.4,596577
4484.5,596693
4484.6,596372
4484.7,596703
4484.8,596406
4484.9,596674
4485,596376
4485.1,596589
4485.2,596546
4485.3,596384
4485.4,596557
4485.5,596418
4485.6,596613
4485.7,596452
4485.8,596505
4485.9,596342
4486,596516
4486.1,596473
4486.2,596453
4486.3,596506
4486.4,596740
4486.5,596887
4486.6,596474
4486.7,596709
4486.8,596291
4486.9,596742
4487,596677
4487.1,596452
4487.2,596313
4487.3,596763
4487.4,596347
4487.5,596400
4487.6,596613
4487.7,596593
4487.8,596431
4487.9,596508
4488,596679
4488.1,596614
4488.2,596667
4488.3,596667
4488.4,596625
4488.5,596700
4488.6,596615
4488.7,596454
4488.8,596646
4488.9,596507
4489,596464
4489.1,596518
4489.2,596594
4489.3,596348
4489.4,596722
4489.5,596562
4489.6,596476
4489.7,596690
4489.8,596723
4489.9,596586
4490,596543
4490.1,596477
4490.2,596554
4490.3,596725
4490.4,596501
4490.5,596481
4490.6,596597
4490.7,596650
4490.8,596608
4490.9,596756
4491,596459
4491.1,596416
4491.2,596373
4491.3,596609
4491.4,596384
4491.5,596557
4491.6,596514
4491.7,596590
4491.8,596705
4491.9,596362
4492,596535
4492.1,596396
4492.2,596568
4492.3,596525
4492.4,596483
4492.5,596417
4492.6,596589
4492.7,596822
4492.8,596622
4492.9,596580
4493,596514
4493.1,596287
4493.2,596428
4493.3,596505
4493.4,596462
4493.5,596355
4493.6,596472
4493.7,596502
4493.8,596460
4493.9,596812
4494,596493
4494.1,596665
4494.2,596599
4494.3,596438
4494.4,596695
4494.5,596748
4494.6,596428
4494.7,596601
4494.8,596342
4494.9,596578
4495,596674
4495.1,596493
4495.2,596546
4495.3,596812
4495.4,596516
4495.5,596537
4495.6,596590
4495.7,596387
4495.8,596813
4495.9,596580
4496,596475
4496.1,596432
4496.2,596268
4496.3,596719
4496.4,596677
4496.5,596634
4496.6,596433
4496.7,596486
4496.8,596420
4496.9,596377
4497,596636
4497.1,596434
4497.2,596510
4497.3,596626
4497.4,596281
4497.5,596455
4497.6,596412
4497.7,596859
4497.8,596541
4497.9,596499
4498,596827
4498.1,596690
4498.2,596648
4498.3,596605
4498.4,596403
4498.5,596434
4498.6,596606
4498.7,596721
4498.8,596583
4498.9,596754
4499,596435
4499.1,596488
4499.2,596508
4499.3,596585
4499.4,596519
4499.5,596412
4499.6,596489
4499.7,596700
4499.8,596539
4499.9,596497
4500,596573
4500.1,596626
4500.2,596424
4500.3,596540
4500.4,596636
4500.5,596594
4500.6,596647
4500.7,596561
4500.8,596732
4500.9,596614
4501,596572
4501.1,596625
4501.2,596463
4501.3,596635
4501.4,596476
4501.5,596530
4501.6,596390
4501.7,596583
4501.8,596497
4501.9,596550
4502,596626
4502.1,596304
4502.2,596659
4502.3,596594
4502.4,596765
4502.5,596604
4502.6,596585
4502.7,596660
4502.8,596595
4502.9,596648
4503,596700
4503.1,596499
4503.2,596337
4503.3,596413
4503.4,596649
4503.5,596304
4503.6,596754
4503.7,596616
4503.8,596692
4503.9,596468
4504,596305
4504.1,596455
4504.2,596689
4504.3,596488
4504.4,596541
4504.5,596339
4504.6,596272
4504.7,596509
4504.8,596370
4504.9,596701
4505,596380
4505.1,596553
4505.2,596487
4505.3,596444
4505.4,596678
4505.5,596731
4505.6,596411
4505.7,596702
4505.8,596421
4505.9,596656
4506,596614
4506.1,596667
4506.2,596837
4506.3,596614
4506.4,596452
4506.5,596687
4506.6,596644
4506.7,596697
4506.8,596473
4506.9,596453
4507,596625
4507.1,596645
4507.2,596698
4507.3,596377
4507.4,596367
4507.5,596603
4507.6,596401
4507.7,596636
4507.8,596507
4507.9,596345
4508,596421
4508.1,596281
4508.2,596455
4508.3,596508
4508.4,596345
4508.5,596302
4508.6,596379
4508.7,596336
4508.8,596509
4508.9,596562
4509,596400
4509.1,596540
4509.2,596592
4509.3,596763
4509.4,596444
4509.5,596497
4509.6,596357
4509.7,596474
4509.8,596431
4509.9,596508
4510,596498
4510.1,596614
4510.2,596452
4510.3,596528
4510.4,596485
4510.5,596258
4510.6,596432
4510.7,596667
4510.8,596805
4510.9,596366
4511,596323
4511.1,596473
4511.2,596366
4511.3,596506
4511.4,596344
4511.5,596675
4511.6,596633
4511.7,596623
4511.8,596666
4511.9,596504
4512,596461
4512.1,596653
4512.2,596472
4512.3,596620
4512.4,596696
4512.5,596771
4512.6,596611
4512.7,596545
4512.8,596621
4512.9,596674
4513,596654
4513.1,596612
4513.2,596386
4513.3,596343
4513.4,596397
4513.5,596750
4513.6,596430
4513.7,596602
4513.8,596536
4513.9,596494
4514,596331
4514.1,596407
4514.2,596547
4514.3,596560
4514.4,596494
4514.5,596524
4514.6,596288
4514.7,596738
4514.8,596696
4514.9,596591
4515,596244
4515.1,596385
4515.2,596502
4515.3,596674
4515.4,596472
4515.5,596525
4515.6,596578
4515.7,596416
4515.8,596651
4515.9,596330
4516,596779
4516.1,596674
4516.2,596417
4516.3,596747
4516.4,596609
4516.5,596662
4516.6,596714
4516.7,596609
4516.8,596629
4516.9,596564
4517,596521
4517.1,596478
4517.2,596627
4517.3,596328
4517.4,596445
4517.5,596637
4517.6,596594
4517.7,596647
4517.8,596657
4517.9,596637
4518,596713
4518.1,596647
4518.2,596605
4518.3,596657
4518.4,596519
4518.5,596572
4518.6,596369
4518.7,596605
4518.8,596539
4518.9,596805
4519,596270
4519.1,596443
4519.2,596423
4519.3,596730
4519.4,596688
4519.5,596645
4519.6,596626
4519.7,596401
4519.8,596573
4519.9,596411
4520,596560
4520.1,596580
4520.2,596474
4520.3,596431
4520.4,596603
4520.5,596656
4520.6,596771
4520.7,596729
4520.8,596686
4520.9,596644
4521,596538
4521.1,596591
4521.2,596429
4521.3,596664
4521.4,596716
4521.5,596515
4521.6,596568
4521.7,596406
4521.8,596641
4521.9,596598
4522,596436
4522.1,596704
4522.2,596319
4522.3,596714
4522.4,596576
4522.5,596629
4522.6,596563
4522.7,596639
4522.8,596596
4522.9,596789
4523,596724
4523.1,596404
4523.2,596337
4523.3,596606
4523.4,596563
4523.5,596480
4523.6,596477
4523.7,596649
4523.8,596583
4523.9,596564
4524,596521
4524.1,596692
4524.2,596649
4524.3,596304
4524.4,596636
4524.5,596712
4524.6,596551
4524.7,596445
4524.8,596679
4524.9,596826
4525,596291
4525.1,596647
4525.2,596699
4525.3,596402
4525.4,596432
4525.5,596485
4525.6,596225
4525.7,596677
4525.8,596475
4525.9,596528
4526,596462
4526.1,596299
4526.2,596376
4526.3,596611
4526.4,596664
4526.5,596462
4526.6,596492
4526.7,596353
4526.8,596566
4526.9,596641
4527,596694
4527.1,596449
4527.2,596306
4527.3,596447
4527.4,596500
4527.5,596457
4527.6,596447
4527.7,596500
4527.8,596337
4527.9,596477
4528,596410
4528.1,596464
4528.2,596357
4528.3,596216
4528.4,596668
4528.5,596626
4528.6,596560
4528.7,596334
4528.8,596507
4528.9,596464
4529,596540
4529.1,596377
4529.2,596431
4529.3,596484
4529.4,596441
4529.5,596421
4529.6,596474
4529.7,596408
4529.8,596484
4529.9,596418
4530,596471
4530.1,596311
4530.2,596504
4530.3,596557
4530.4,596610
4530.5,596471
4530.6,596405
4530.7,596481
4530.8,596514
4530.9,596351
4531,596382
4531.1,596478
4531.2,596554
4531.3,596511
4531.4,596683
4531.5,596358
4531.6,596315
4531.7,596412
4531.8,596369
4531.9,596541
4532,596594
4532.1,596528
4532.2,596485
4532.3,596442
4532.4,596495
4532.5,596548
4532.6,596485
4532.7,596558
4532.8,596299
4532.9,596631
4533,596588
4533.1,596641
4533.2,596396
4533.3,596492
4533.4,596545
4533.5,596502
4533.6,596436
4533.7,596608
4533.8,596683
4533.9,596406
4534,596502
4534.1,596296
4534.2,596349
4534.3,596638
4534.4,596618
4534.5,596154
4534.6,596489
4534.7,596423
4534.8,596595
4534.9,596572
4535,596413
4535.1,596466
4535.2,596519
4535.3,596476
4535.4,596225
4535.5,596582
4535.6,596539
4535.7,596215
4535.8,596644
4535.9,596482
4536,596439
4536.1,596516
4536.2,596473
4536.3,596526
4536.4,596578
4536.5,596489
4536.6,596585
4536.7,596522
4536.8,596383
4536.9,596436
4537,596489
4537.1,596562
4537.2,596379
4537.3,596476
4537.4,596413
4537.5,596466
4537.6,596359
4537.7,596572
4537.8,596529
4537.9,596625
4538,596539
4538.1,596592
4538.2,596389
4538.3,596506
4538.4,596463
4538.5,596419
4538.6,596687
4538.7,596462
4538.8,596443
4538.9,596376
4539,596707
4539.1,596363
4539.2,596535
4539.3,596492
4539.4,596568
4539.5,596684
4539.6,596618
4539.7,596512
4539.8,596565
4539.9,596426
4540,596362
4540.1,596436
4540.2,596392
4540.3,596422
4540.4,596379
4540.5,596638
4540.6,596412
4540.7,596369
4540.8,596677
4540.9,596452
4541,596687
4541.1,596269
4541.2,596442
4541.3,596591
4541.4,596309
4541.5,596265
4541.6,596502
4541.7,596299
4541.8,596352
4541.9,596565
4542,596618
4542.1,596456
4542.2,596532
4542.3,596585
4542.4,596637
4542.5,596531
4542.6,596392
4542.7,596627
4542.8,596561
4542.9,596614
4543,596412
4543.1,596465
4543.2,596518
4543.3,596258
4543.4,596312
4543.5,596365
4543.6,596538
4543.7,596495
4543.8,596452
4543.9,596408
4544,596461
4544.1,596418
4544.2,596428
4544.3,596643
4544.4,596481
4544.5,596415
4544.6,596745
4544.7,596521
4544.8,596361
4544.9,596577
4545,596415
4545.1,596348
4545.2,596679
4545.3,596454
4545.4,596411
4545.5,596487
4545.6,596421
4545.7,596354
4545.8,596407
4545.9,596643
4546,596504
4546.1,596397
4546.2,596728
4546.3,596567
4546.4,596437
4546.5,596576
4546.6,596533
4546.7,596586
4546.8,596480
4546.9,596414
4547,596649
4547.1,596606
4547.2,596563
4547.3,596457
4547.4,596370
4547.5,596303
4547.6,596400
4547.7,596357
4547.8,596433
4547.9,596463
4548,596635
4548.1,596376
4548.2,596730
4548.3,596289
4548.4,596622
4548.5,596396
4548.6,596549
4548.7,596406
4548.8,596363
4548.9,596319
4549,596651
4549.1,596641
4549.2,596598
4549.3,596713
4549.4,596456
4549.5,596509
4549.6,596561
4549.7,596335
4549.8,596412
4549.9,596647
4550,596204
4550.1,596634
4550.2,596686
4550.3,596666
4550.4,596345
4550.5,596696
4550.6,596395
4550.7,596328
4550.8,596197
4550.9,596597
4551,596511
4551.1,596587
4551.2,596639
4551.3,596478
4551.4,596554
4551.5,596606
4551.6,596563
4551.7,596520
4551.8,596294
4551.9,596444
4552,596464
4552.1,596635
4552.2,596192
4552.3,596367
4552.4,596420
4552.5,596158
4552.6,596536
4552.7,596589
4552.8,596503
4552.9,596299
4553,596353
4553.1,596565
4553.2,596565
4553.3,596479
4553.4,596651
4553.5,596329
4553.6,596446
4553.7,596499
4553.8,596499
4553.9,596552
4554,596485
4554.1,596238
4554.2,596475
4554.3,596452
4554.4,596385
4554.5,596438
4554.6,596471
4554.7,596331
4554.8,596408
4554.9,596504
4555,596438
4555.1,596587
4555.2,596639
4555.3,596361
4555.4,596437
4555.5,596510
4555.6,596327
4555.7,596520
4555.8,596477
4555.9,596414
4556,596490
4556.1,596423
4556.2,596477
4556.3,596549
4556.4,596625
4556.5,596582
4556.6,596658
4556.7,596592
4556.8,596483
4556.9,596535
4557,596492
4557.1,596449
4557.2,596621
4557.3,596555
4557.4,596607
4557.5,596468
4557.6,596445
4557.7,596382
4557.8,596371
4557.9,596584
4558,596518
4558.1,596474
4558.2,596431
4558.3,596484
4558.4,596159
4558.5,596471
4558.6,596331
4558.7,596524
4558.8,596480
4558.9,596297
4559,596566
4559.1,596340
4559.2,596576
4559.3,596509
4559.4,596466
4559.5,596519
4559.6,596413
4559.7,596369
4559.8,596326
4559.9,596161
4560,596495
4560.1,596644
4560.2,596538
4560.3,596398
4560.4,596515
4560.5,596408
4560.6,596341
4560.7,596514
4560.8,596748
4560.9,596428
4561,596639
4561.1,596596
4561.2,596649
4561.3,596400
4561.4,596380
4561.5,596457
4561.6,596668
4561.7,596602
4561.8,596376
4561.9,596612
4562,596569
4562.1,596644
4562.2,596578
4562.3,596512
4562.4,596285
4562.5,596522
4562.6,596479
4562.7,596275
4562.8,596425
4562.9,596478
4563,596594
4563.1,596455
4563.2,596227
4563.3,596583
4563.4,596454
4563.5,596603
4563.6,596344
4563.7,596420
4563.8,596354
4563.9,596526
4564,596559
4564.1,596536
4564.2,596493
4564.3,596727
4564.4,596502
4564.5,596436
4564.6,596469
4564.7,596565
4564.8,596305
4564.9,596732
4565,596412
4565.1,596445
4565.2,596401
4565.3,596498
4565.4,596311
4565.5,596267
4565.6,596441
4565.7,596374
4565.8,596450
4565.9,596566
4566,596523
4566.1,596175
4566.2,596605
4566.3,596185
4566.4,596542
4566.5,596476
4566.6,596572
4566.7,596506
4566.8,596634
4566.9,596376
4567,596452
4567.1,596409
4567.2,596558
4567.3,596491
4567.4,596351
4567.5,596405
4567.6,596384
4567.7,596652
4567.8,596629
4567.9,596639
4568,596520
4568.1,596337
4568.2,596648
4568.3,596466
4568.4,596615
4568.5,596549
4568.6,596386
4568.7,596558
4568.8,596515
4568.9,596409
4569,596438
4569.1,596458
4569.2,596415
4569.3,596607
4569.4,596682
4569.5,596317
4569.6,596347
4569.7,596603
4569.8,596421
4569.9,596612
4570,596430
4570.1,596697
4570.2,596579
4570.3,596513
4570.4,596469
4570.5,596426
4570.6,596436
4570.7,596208
4570.8,596382
4570.9,596402
4571,596455
4571.1,596388
4571.2,596560
4571.3,596421
4571.4,596497
4571.5,596527
4571.6,596484
4571.7,596417
4571.8,596470
4571.9,596546
4572,596319
4572.1,596154
4572.2,596489
4572.3,596542
4572.4,596499
4572.5,596574
4572.6,596627
4572.7,596561
4572.8,596518
4572.9,596547
4573,596643
4573.1,596580
4573.2,596417
4573.3,596470
4573.4,596523
4573.5,596500
4573.6,596316
4573.7,596509
4573.8,596326
4573.9,596519
4574,596432
4574.1,596409
4574.2,596462
4574.3,596418
4574.4,596375
4574.5,596504
4574.6,596364
4574.7,596438
4574.8,596672
4574.9,596351
4575,596619
4575.1,596437
4575.2,596413
4575.3,596466
4575.4,596303
4575.5,596356
4575.6,596624
4575.7,596485
4575.8,596322
4575.9,596558
4576,596610
4576.1,596663
4576.2,596297
4576.3,596610
4576.4,596629
4576.5,596186
4576.6,596497
4576.7,596668
4576.8,596539
4576.9,596259
4577,596730
4577.1,596568
4577.2,596221
4577.3,596492
4577.4,596352
4577.5,596706
4577.6,596481
4577.7,596438
4577.8,596467
4577.9,596380
4578,596477
4578.1,596433
4578.2,596466
4578.3,596539
4578.4,596453
4578.5,596548
4578.6,596505
4578.7,596322
4578.8,596495
4578.9,596428
4579,596361
4579.1,596318
4579.2,596371
4579.3,596447
4579.4,596596
4579.5,596433
4579.6,596529
4579.7,596366
4579.8,596539
4579.9,596472
4580,596762
4580.1,596558
4580.2,596275
4580.3,596372
4580.4,596425
4580.5,596361
4580.6,596510
4580.7,596487
4580.8,596721
4580.9,596559
4581,596612
4581.1,596664
4581.2,596559
4581.3,596376
4581.4,596568
4581.5,596525
4581.6,596458
4581.7,596415
4581.8,596351
4581.9,596567
4582,596500
4582.1,596434
4582.2,596487
4582.3,596420
4582.4,596615
4582.5,596433
4582.6,596409
4582.7,596462
4582.8,596515
4582.9,596448
4583,596620
4583.1,596438
4583.2,596510
4583.3,596444
4583.4,596477
4583.5,596573
4583.6,596529
4583.7,596346
4583.8,596419
4583.9,596568
4584,596502
4584.1,596458
4584.2,596415
4584.3,596448
4584.4,596501
4584.5,596553
4584.6,596530
4584.7,596487
4584.8,596303
4584.9,596476
4585,596648
4585.1,596399
4585.2,596515
4585.3,596375
4585.4,596524
4585.5,596481
4585.6,596471
4585.7,596490
4585.8,596424
4585.9,596380
4586,596336
4586.1,596605
4586.2,596379
4586.3,596591
4586.4,596548
4586.5,596385
4586.6,596481
4586.7,596331
4586.8,596567
4586.9,596524
4587,596381
4587.1,596434
4587.2,596486
4587.3,596496
4587.4,596476
4587.5,596312
4587.6,596385
4587.7,596318
4587.8,596371
4587.9,596448
4588,596682
4588.1,596341
4588.2,596414
4588.3,596743
4588.4,596400
4588.5,596476
4588.6,596433
4588.7,596345
4588.8,596399
4588.9,596471
4589,596385
4589.1,596481
4589.2,596437
4589.3,596566
4589.4,596403
4589.5,596336
4589.6,596529
4589.7,596389
4589.8,596442
4589.9,596614
4590,596408
4590.1,596481
4590.2,596534
4590.3,596491
4590.4,596543
4590.5,596480
4590.6,596293
4590.7,596390
4590.8,596346
4590.9,596279
4591,596452
4591.1,596505
4591.2,596418
4591.3,596471
4591.4,596567
4591.5,596523
4591.6,596317
4591.7,596489
4591.8,596446
4591.9,596423
4592,596379
4592.1,596312
4592.2,596441
4592.3,596633
4592.4,596590
4592.5,596547
4592.6,596480
4592.7,596437
4592.8,596350
4592.9,596446
4593,596522
4593.1,596455
4593.2,596666
4593.3,596441
4593.4,596374
4593.5,596354
4593.6,596527
4593.7,596523
4593.8,596576
4593.9,596605
4594,596379
4594.1,596335
4594.2,596412
4594.3,596584
4594.4,596398
4594.5,596451
4594.6,596407
4594.7,596363
4594.8,596276
4594.9,596569
4595,596522
4595.1,596532
4595.2,596392
4595.3,596368
4595.4,596541
4595.5,596454
4595.6,596603
4595.7,596483
4595.8,596536
4595.9,596493
4596,596449
4596.1,596578
4596.2,596511
4596.3,596488
4596.4,596541
4596.5,596497
4596.6,596410
4596.7,596582
4596.8,596440
4596.9,596276
4597,596329
4597.1,596565
4597.2,596338
4597.3,596488
4597.4,596468
4597.5,596304
4597.6,596454
4597.7,596410
4597.8,596463
4597.9,596516
4598,596495
4598.1,596706
4598.2,596385
4598.3,596534
4598.4,596371
4598.5,596327
4598.6,596360
4598.7,596433
4598.8,596486
4598.9,596697
4599,596472
4599.1,596288
4599.2,596461
4599.3,596438
4599.4,596490
4599.5,596283
4599.6,596380
4599.7,596552
4599.8,596389
4599.9,596225
4600,596653
4600.1,596308
4600.2,596361
4600.3,596220
4600.4,596394
4600.5,596523
4600.6,596360
4600.7,596456
4600.8,596292
4600.9,596742
4601,596398
4601.1,596431
4601.2,596623
4601.3,596460
4601.4,596694
4601.5,596470
4601.6,596262
4601.7,596435
4601.8,596531
4601.9,596647
4602,596603
4602.1,596633
4602.2,596430
4602.3,596579
4602.4,596440
4602.5,596373
4602.6,596608
4602.7,596358
4602.8,596315
4602.9,596583
4603,596421
4603.1,596256
4603.2,596589
4603.3,596523
4603.4,596416
4603.5,596469
4603.6,596448
4603.7,596261
4603.8,596314
4603.9,596367
4604,596420
4604.1,596473
4604.2,596453
4604.3,596505
4604.4,596535
4604.5,596372
4604.6,596328
4604.7,596501
4604.8,596457
4604.9,596390
4605,596323
4605.1,596472
4605.2,596548
4605.3,596385
4605.4,596461
4605.5,596394
4605.6,596327
4605.7,596260
4605.8,596520
4605.9,596292
4606,596624
4606.1,596278
4606.2,596491
4606.3,596448
4606.4,596381
4606.5,596457
4606.6,596510
4606.7,596282
4606.8,596432
4606.9,596667
4607,596505
4607.1,596277
4607.2,596451
4607.3,596503
4607.4,596460
4607.5,596575
4607.6,596628
4607.7,596561
4607.8,596358
4607.9,596603
4608,596623
4608.1,596557
4608.2,596513
4608.3,596566
4608.4,596339
4608.5,596295
4608.6,596531
4608.7,596465
4608.8,596517
4608.9,596451
4609,596440
4609.1,596460
4609.2,596376
4609.3,596588
4609.4,596640
4609.5,596391
4609.6,596250
4609.7,596327
4609.8,596380
4609.9,596215
4610,596245
4610.1,596419
4610.2,596535
4610.3,596610
4610.4,596384
4610.5,596500
4610.6,596648
4610.7,596303
4610.8,596259
4610.9,596591
4611,596365
4611.1,596321
4611.2,596351
4611.3,596088
4611.4,596543
4611.5,596595
4611.6,596272
4611.7,596581
4611.8,596514
4611.9,596748
4612,596307
4612.1,596639
4612.2,596533
4612.3,596426
4612.4,596542
4612.5,596498
4612.6,596431
4612.7,596761
4612.8,596537
4612.9,596430
4613,596546
4613.1,596661
4613.2,596435
4613.3,596392
4613.4,596541
4613.5,596530
4613.6,596149
4613.7,596602
4613.8,596439
4613.9,596309
4614,596458
4614.1,596438
4614.2,596530
4614.3,596487
4614.4,596540
4614.5,596473
4614.6,596245
4614.7,596322
4614.8,596375
4614.9,596705
4615,596361
4615.1,596413
4615.2,596249
4615.3,596700
4615.4,596379
4615.5,596214
4615.6,596643
4615.7,596297
4615.8,596374
4615.9,596330
4616,596383
4616.1,596315
4616.2,596345
4616.3,596580
4616.4,596656
4616.5,596517
4616.6,596569
4616.7,596383
4616.8,596628
4616.9,596488
4617,596445
4617.1,596497
4617.2,596550
4617.3,596443
4617.4,596376
4617.5,596706
4617.6,596545
4617.7,596597
4617.8,596371
4617.9,596404
4618,596500
4618.1,596313
4618.2,596667
4618.3,596322
4618.4,596495
4618.5,596623
4618.6,596460
4618.7,596714
4618.8,596766
4618.9,596446
4619,596498
4619.1,596551
4619.2,596291
4619.3,596344
4619.4,596556
4619.5,596489
4619.6,596382
4619.7,596459
4619.8,596551
4619.9,596484
4620,596537
4620.1,596493
4620.2,596363
4620.3,596319
4620.4,596275
4620.5,596328
4620.6,596357
4620.7,596530
4620.8,596367
4620.9,596323
4621,596495
4621.1,596332
4621.2,596481
4621.3,596414
4621.4,596467
4621.5,596543
4621.6,596499
4621.7,596528
4621.8,596461
4621.9,596418
4622,596534
4622.1,596586
4622.2,596479
4622.3,596690
4622.4,596465
4622.5,596461
4622.6,596418
4622.7,596470
4622.8,596363
4622.9,596536
4623,596445
4623.1,596305
4623.2,596358
4623.3,596688
4623.4,596463
4623.5,596376
4623.6,596332
4623.7,596405
4623.8,596458
4623.9,596414
4624,596543
4624.1,596476
4624.2,596433
4624.3,596409
4624.4,596342
4624.5,596514
4624.6,596567
4624.7,596523
4624.8,596456
4624.9,596572
4625,596624
4625.1,596676
4625.2,596331
4625.3,596407
4625.4,596460
4625.5,596393
4625.6,596565
4625.7,596402
4625.8,596455
4625.9,596530
4626,596487
4626.1,596420
4626.2,596749
4626.3,596502
4626.4,596640
4626.5,596318
4626.6,596490
4626.7,596423
4626.8,596356
4626.9,596245
4627,596462
4627.1,596298
4627.2,596351
4627.3,596500
4627.4,596433
4627.5,596667
4627.6,596505
4627.7,596461
4627.8,596354
4627.9,596526
4628,596460
4628.1,596670
4628.2,596228
4628.3,596401
4628.4,596454
4628.5,596367
4628.6,596463
4628.7,596579
4628.8,596231
4628.9,596468
4629,596361
4629.1,596629
4629.2,596347
4629.3,596582
4629.4,596515
4629.5,596591
4629.6,596461
4629.7,596374
4629.8,596447
4629.9,596282
4630,596399
4630.1,596268
4630.2,596718
4630.3,596277
4630.4,596353
4630.5,596188
4630.6,596242
4630.7,596392
4630.8,596444
4630.9,596401
4631,596477
4631.1,596569
4631.2,596439
4631.3,596492
4631.4,596424
4631.5,596500
4631.6,596457
4631.7,596486
4631.8,596322
4631.9,596332
4632,596428
4632.1,596480
4632.2,596340
4632.3,596489
4632.4,596302
4632.5,596355
4632.6,596590
4632.7,596364
4632.8,596320
4632.9,596353
4633,596522
4633.1,596358
4633.2,596314
4633.3,596487
4633.4,596443
4633.5,596592
4633.6,596525
4633.7,596458
4633.8,596318
4633.9,596371
4634,596519
4634.1,596476
4634.2,596365
4634.3,596461
4634.4,596514
4634.5,596566
4634.6,596618
4634.7,596532
4634.8,596508
4634.9,596465
4635,596277
4635.1,596450
4635.2,596503
4635.3,596392
4635.4,596607
4635.5,596445
4635.6,596401
4635.7,596430
4635.8,596697
4635.9,596419
4636,596375
4636.1,596331
4636.2,596284
4636.3,596433
4636.4,596486
4636.5,596442
4636.6,596614
4636.7,596451
4636.8,596384
4636.9,596436
4637,596585
4637.1,596422
4637.2,596454
4637.3,596431
4637.4,596483
4637.5,596252
4637.6,596349
4637.7,596702
4637.8,596541
4637.9,596434
4638,596367
4638.1,596376
4638.2,596472
4638.3,596524
4638.4,596481
4638.5,596394
4638.6,596446
4638.7,596399
4638.8,596355
4638.9,596311
4639,596484
4639.1,596417
4639.2,596446
4639.3,596402
4639.4,596358
4639.5,596570
4639.6,596527
4639.7,596299
4639.8,596449
4639.9,596660
4640,596498
4640.1,596270
4640.2,596506
4640.3,596592
4640.4,596452
4640.5,596385
4640.6,596620
4640.7,596553
4640.8,596229
4640.9,596379
4641,596432
4641.1,596267
4641.2,596599
4641.3,596651
4641.4,596306
4641.5,596574
4641.6,596531
4641.7,596367
4641.8,596300
4641.9,596329
4642,596382
4642.1,596362
4642.2,596414
4642.3,596467
4642.4,596701
4642.5,596452
4642.6,596385
4642.7,596341
4642.8,596417
4642.9,596450
4643,596522
4643.1,596551
4643.2,596291
4643.3,596247
4643.4,596516
4643.5,596473
4643.6,596406
4643.7,596435
4643.8,596391
4643.9,596626
4644,596678
4644.1,596452
4644.2,596758
4644.3,596414
4644.4,596370
4644.5,596205
4644.6,596657
4644.7,596432
4644.8,596580
4644.9,596320
4645,596276
4645.1,596306
4645.2,596261
4645.3,596435
4645.4,596444
4645.5,596420
4645.6,596353
4645.7,596429
4645.8,596640
4645.9,596510
4646,596543
4646.1,596399
4646.2,596355
4646.3,596408
4646.4,596461
4646.5,596490
4646.6,596306
4646.7,596618
4646.8,596315
4646.9,596507
4647,596397
4647.1,596589
4647.2,596525
4647.3,596481
4647.4,596414
4647.5,596467
4647.6,596400
4647.7,596495
4647.8,596452
4647.9,596623
4648,596437
4648.1,596490
4648.2,596402
4648.3,596475
4648.4,596551
4648.5,596367
4648.6,596536
4648.7,596469
4648.8,596402
4648.9,596454
4649,596410
4649.1,596366
4649.2,596634
4649.3,596428
4649.4,596524
4649.5,596457
4649.6,596413
4649.7,596466
4649.8,596378
4649.9,596527
4650,596407
4650.1,596460
4650.2,596512
4650.3,596425
4650.4,596478
4650.5,596410
4650.6,596483
4650.7,596535
4650.8,596468
4650.9,596544
4651,596553
4651.1,596350
4651.2,596485
4651.3,596442
4651.4,596494
4651.5,596407
4651.6,596373
4651.7,596231
4651.8,596468
4651.9,596636
4652,596333
4652.1,596483
4652.2,596255
4652.3,596428
4652.4,596639
4652.5,596691
4652.6,596249
4652.7,596676
4652.8,596537
4652.9,596590
4653,596242
4653.1,596575
4653.2,596508
4653.3,596560
4653.4,596494
4653.5,596569
4653.6,596621
4653.7,596275
4653.8,596583
4653.9,596444
4654,596400
4654.1,596452
4654.2,596345
4654.3,596277
4654.4,596427
4654.5,596542
4654.6,596499
4654.7,596455
4654.8,596324
4654.9,596536
4655,596188
4655.1,596660
4655.2,596478
4655.3,596411
4655.4,596303
4655.5,596452
4655.6,596408
4655.7,596643
4655.8,596457
4655.9,596533
4656,596466
4656.1,596358
4656.2,596570
4656.3,596407
4656.4,596459
4656.5,596726
4656.6,596501
4656.7,596553
4656.8,596390
4656.9,596506
4657,596558
4657.1,596705
4657.2,596639
4657.3,596436
4657.4,596432
4657.5,596485
4657.6,596417
4657.7,596470
4657.8,596522
4657.9,596574
4658,596251
4658.1,596487
4658.2,596516
4658.3,596167
4658.4,596318
4658.5,596394
4658.6,596447
4658.7,596658
4658.8,596312
4658.9,596547
4659,596504
4659.1,596556
4659.2,596608
4659.3,596541
4659.4,596593
4659.5,596343
4659.6,596363
4659.7,596512
4659.8,596587
4659.9,596361
4660,596572
4660.1,596322
4660.2,596771
4660.3,596234
4660.4,596662
4660.5,596556
4660.6,596349
4660.7,596421
4660.8,596257
4660.9,596212
4661,596482
4661.1,596535
4661.2,596468
4661.3,596796
4661.4,596635
4661.5,596568
4661.6,596365
4661.7,596394
4661.8,596470
4661.9,596426
4662,596541
4662.1,596314
4662.2,596246
4662.3,596396
4662.4,596568
4662.5,596683
4662.6,596240
4662.7,596293
4662.8,596720
4662.9,596495
4663,596451
4663.1,596566
4663.2,596499
4663.3,596369
4663.4,596203
4663.5,596159
4663.6,596333
4663.7,596386
4663.8,596620
4663.9,596649
4664,596423
4664.1,596658
4664.2,596335
4664.3,596388
4664.4,596320
4664.5,596469
4664.6,596402
4664.7,596455
4664.8,596411
4664.9,596226
4665,596515
4665.1,596448
4665.2,596284
4665.3,596520
4665.4,596572
4665.5,596345
4665.6,596277
4665.7,596586
4665.8,596446
4665.9,596499
4666,596455
4666.1,596507
4666.2,596377
4666.3,596309
4666.4,596640
4666.5,596597
4666.6,596530
4666.7,596399
4666.8,596571
4666.9,596408
4667,596523
4667.1,596499
4667.2,596412
4667.3,596465
4667.4,596334
4667.5,596450
4667.6,596502
4667.7,596338
4667.8,596411
4667.9,596559
4668,596312
4668.1,596548
4668.2,596384
4668.3,596533
4668.4,596466
4668.5,596614
4668.6,596314
4668.7,596270
4668.8,596483
4668.9,596415
4669,596702
4669.1,596337
4669.2,596572
4669.3,596248
4669.4,596600
4669.5,596394
4669.6,596326
4669.7,596476
4669.8,596571
4669.9,596388
4670,596655
4670.1,596588
4670.2,596241
4670.3,596381
4670.4,596573
4670.5,596486
4670.6,596538
4670.7,596471
4670.8,596404
4670.9,596499
4671,596551
4671.1,596508
4671.2,596421
4671.3,596589
4671.4,596617
4671.5,596338
4671.6,596626
4671.7,596443
4671.8,596495
4671.9,596643
4672,596384
4672.1,596456
4672.2,596509
4672.3,596422
4672.4,596377
4672.5,596526
4672.6,596362
4672.7,596435
4672.8,596511
4672.9,596400
4673,596452
4673.1,596505
4673.2,596341
4673.3,596533
4673.4,596466
4673.5,596398
4673.6,596431
4673.7,596526
4673.8,596578
4673.9,596372
4674,596444
4674.1,596615
4674.2,596549
4674.3,596365
4674.4,596441
4674.5,596513
4674.6,596661
4674.7,596335
4674.8,596388
4674.9,596343
4675,596516
4675.1,596352
4675.2,596521
4675.3,596453
4675.4,596506
4675.5,596462
4675.6,596277
4675.7,596470
4675.8,596383
4675.9,596551
4676,596411
4676.1,596343
4676.2,596516
4676.3,596568
4676.4,596361
4676.5,596390
4676.6,596486
4676.7,596180
4676.8,596494
4676.9,596546
4677,596575
4677.1,596412
4677.2,596368
4677.3,596300
4677.4,596353
4677.5,596405
4677.6,596534
4677.7,596413
4677.8,596743
4677.9,596302
4678,596354
4678.1,596363
4678.2,596535
4678.3,596392
4678.4,596444
4678.5,596280
4678.6,596332
4678.7,596577
4678.8,596297
4678.9,596273
4679,596605
4679.1,596258
4679.2,596566
4679.3,596618
4679.4,596416
4679.5,596372
4679.6,596583
4679.7,596539
4679.8,596568
4679.9,596341
4680,596394
4680.1,596446
4680.2,596379
4680.3,596334
4680.4,596546
4680.5,596416
4680.6,596372
4680.7,596424
4680.8,596260
4680.9,596568
4681,596597
4681.1,596554
4681.2,596510
4681.3,596282
4681.4,596335
4681.5,596267
4681.6,596440
4681.7,596275
4681.8,596607
4681.9,596284
4682,596433
4682.1,596365
4682.2,596394
4682.3,596724
4682.4,596466
4682.5,596518
4682.6,596411
4682.7,596440
4682.8,596555
4682.9,596392
4683,596540
4683.1,596592
4683.2,596644
4683.3,596514
4683.4,596253
4683.5,596586
4683.6,596542
4683.7,596475
4683.8,596622
4683.9,596493
4684,596425
4684.1,596659
4684.2,596497
4684.3,596549
4684.4,596418
4684.5,596374
4684.6,596490
4684.7,596422
4684.8,596355
4684.9,596407
4685,596556
4685.1,596512
4685.2,596308
4685.3,596304
4685.4,596453
4685.5,596385
4685.6,596254
4685.7,596490
4685.8,596661
4685.9,596594
4686,596431
4686.1,596460
4686.2,596319
4686.3,596371
4686.4,596701
4686.5,596499
4686.6,596409
4686.7,596277
4686.8,596513
4686.9,596349
4687,596521
4687.1,596196
4687.2,596410
4687.3,596255
4687.4,596491
4687.5,596819
4687.6,596219
4687.7,596369
4687.8,596484
4687.9,596330
4688,596565
4688.1,596679
4688.2,596454
4688.3,596602
4688.4,596495
4688.5,596610
4688.6,596566
4688.7,596595
4688.8,596551
4688.9,596603
4689,596473
4689.1,596588
4689.2,596425
4689.3,596477
4689.4,596410
4689.5,596278
4689.6,596547
4689.7,596384
4689.8,596499
4689.9,596551
4690,596364
4690.1,596353
4690.2,596588
4690.3,596264
4690.4,596381
4690.5,596805
4690.6,596581
4690.7,596514
4690.8,596470
4690.9,596522
4691,596637
4691.1,596411
4691.2,596536
4691.3,596588
4691.4,596544
4691.5,596219
4691.6,596710
4691.7,596643
4691.8,596394
4691.9,596628
4692,596585
4692.1,596541
4692.2,596688
4692.3,596463
4692.4,596395
4692.5,596510
4692.6,596562
4692.7,596519
4692.8,596571
4692.9,596718
4693,596532
4693.1,596584
4693.2,596421
4693.3,596592
4693.4,596525
4693.5,596696
4693.6,596447
4693.7,596681
4693.8,596614
4693.9,596665
4694,596440
4694.1,596211
4694.2,596425
4694.3,596563
4694.4,596496
4694.5,596643
4694.6,596600
4694.7,596470
4694.8,596798
4694.9,596518
4695,596570
4695.1,596502
4695.2,596554
4695.3,596606
4695.4,596283
4695.5,596709
4695.6,596547
4695.7,596694
4695.8,596469
4695.9,596702
4696,596381
4696.1,596592
4696.2,596525
4696.3,596715
4696.4,596606
4696.5,596680
4696.6,596518
4696.7,596451
4696.8,596641
4696.9,596574
4697,596368
4697.1,596420
4697.2,596515
4697.3,596548
4697.4,596480
4697.5,596628
4697.6,596538
4697.7,596613
4697.8,596569
4697.9,596502
4698,596649
4698.1,596583
4698.2,596419
4698.3,596610
4698.4,596307
4698.5,596479
4698.6,596349
4698.7,596679
4698.8,596655
4698.9,596492
4699,596544
4699.1,596596
4699.2,596326
4699.3,596355
4699.4,596590
4699.5,596523
4699.6,596479
4699.7,596626
4699.8,596701
4699.9,596772
4700,596610
4700.1,596543
4700.2,596595
4700.3,596624
4700.4,596656
4700.5,596612
4700.6,596588
4700.7,596521
4700.8,596434
4700.9,596506
4701,596514
4701.1,596590
4701.2,596306
4701.3,596498
4701.4,596431
4701.5,596579
4701.6,596588
4701.7,596682
4701.8,596619
4701.9,596572
4702,596581
4702.1,596513
4702.2,596513
4702.3,596683
4702.4,596597
4702.5,596572
4702.6,596462
4702.7,596610
4702.8,596586
4702.9,596403
4703,596455
4703.1,596387
4703.2,596459
4703.3,596348
4703.4,596444
4703.5,596356
4703.6,596432
4703.7,596580
4703.8,596609
4703.9,596542
4704,596498
4704.1,596430
4704.2,596482
4704.3,596653
4704.4,596586
4704.5,596519
4704.6,596355
4704.7,596407
4704.8,596460
4704.9,596512
4705,596404
4705.1,596496
4705.2,596548
4705.3,596600
4705.4,596652
4705.5,596426
4705.6,596574
4705.7,596570
4705.8,596526
4705.9,596597
4706,596510
4706.1,596283
4706.2,596637
4706.3,596570
4706.4,596503
4706.5,596339
4706.6,596626
4706.7,596420
4706.8,596376
4706.9,596548
4707,596480
4707.1,596413
4707.2,596465
4707.3,596613
4707.4,596473
4707.5,596525
4707.6,596457
4707.7,596625
4707.8,596581
4707.9,596471
4708,596427
4708.1,596598
4708.2,596468
4708.3,596583
4708.4,596611
4708.5,596567
4708.6,596523
4708.7,596575
4708.8,596627
4708.9,596441
4709,596588
4709.1,596425
4709.2,596501
4709.3,596553
4709.4,596485
4709.5,596418
4709.6,596585
4709.7,596637
4709.8,596454
4709.9,596526
4710,596342
4710.1,596491
4710.2,596639
4710.3,596614
4710.4,596571
4710.5,596484
4710.6,596512
4710.7,596381
4710.8,596659
4710.9,596496
4711,596428
4711.1,596480
4711.2,596628
4711.3,596541
4711.4,596497
4711.5,596430
4711.6,596502
4711.7,596554
4711.8,596466
4711.9,596614
4712,596570
4712.1,596407
4712.2,596459
4712.3,596531
4712.4,596678
4712.5,596591
4712.6,596524
4712.7,596714
4712.8,596509
4712.9,596345
4713,596513
4713.1,596545
4713.2,596640
4713.3,596337
4713.4,596529
4713.5,596321
4713.6,596609
4713.7,596426
4713.8,596478
4713.9,596434
4714,596506
4714.1,596395
4714.2,596467
4714.3,596519
4714.4,596634
4714.5,596431
4714.6,596440
4714.7,596588
4714.8,596520
4714.9,596453
4715,596643
4715.1,596600
4715.2,596513
4715.3,596541
4715.4,596517
4715.5,596473
4715.6,596405
4715.7,596553
4715.8,596586
4715.9,596637
4716,596494
4716.1,596310
4716.2,596598
4716.3,596554
4716.4,596563
4716.5,596432
4716.6,596666
4716.7,596503
4716.8,596436
4716.9,596626
4717,596773
4717.1,596687
4717.2,596404
4717.3,596572
4717.4,596389
4717.5,596321
4717.6,596609
4717.7,596565
4717.8,596597
4717.9,596573
4718,596505
4718.1,596438
4718.2,596446
4718.3,596637
4718.4,596454
4718.5,596526
4718.6,596362
4718.7,596511
4718.8,596443
4718.9,596399
4719,596451
4719.1,596622
4719.2,596555
4719.3,596348
4719.4,596496
4719.5,596472
4719.6,596384
4719.7,596556
4719.8,596489
4719.9,596656
4720,596493
4720.1,596329
4720.2,596501
4720.3,596553
4720.4,596465
4720.5,596633
4720.6,596589
4720.7,596640
4720.8,596357
4720.9,596486
4721,596442
4721.1,596590
4721.2,596426
4721.3,596617
4721.4,596550
4721.5,596602
4721.6,596535
4721.7,596424
4721.8,596496
4721.9,596452
4722,596407
4722.1,596555
4722.2,596468
4722.3,596424
4722.4,596496
4722.5,596706
4722.6,596360
4722.7,596413
4722.8,596584
4722.9,596400
4723,596654
4723.1,596564
4723.2,596520
4723.3,596548
4723.4,596441
4723.5,596373
4723.6,596449
4723.7,596659
4723.8,596711
4723.9,596366
4724,596514
4724.1,596446
4724.2,596402
4724.3,596731
4724.4,596546
4724.5,596597
4724.6,596563
4724.7,596283
4724.8,596335
4724.9,596387
4725,596416
4725.1,596607
4725.2,596444
4725.3,596279
4725.4,596823
4725.5,596504
4725.6,596532
4725.7,596465
4725.8,596516
4725.9,596255
4726,596587
4726.1,596457
4726.2,596628
4726.3,596517
4726.4,596473
4726.5,596449
4726.6,596597
4726.7,596413
4726.8,596465
4726.9,596590
4727,596661
4727.1,596402
4727.2,596550
4727.3,596463
4727.4,596234
4727.5,596350
4727.6,596326
4727.7,596355
4727.8,596407
4727.9,596459
4728,596607
4728.1,596563
4728.2,596399
4728.3,596354
4728.4,596543
4728.5,596594
4728.6,596583
4728.7,596420
4728.8,596535
4728.9,596586
4729,596615
4729.1,596451
4729.2,596417
4729.3,596396
4729.4,596328
4729.5,596658
4729.6,596409
4729.7,596341
4729.8,596671
4729.9,596445
4730,596521
4730.1,596612
4730.2,596482
4730.3,596293
4730.4,596346
4730.5,596581
4730.6,596537
4730.7,596429
4730.8,596458
4730.9,596390
4731,596601
4731.1,596557
4731.2,596426
4731.3,596660
4731.4,596314
4731.5,596740
4731.6,596458
4731.7,596414
4731.8,596562
4731.9,596335
4732,596483
4732.1,596535
4732.2,596531
4732.3,596582
4732.4,596538
4732.5,596408
4732.6,596579
4732.7,596702
4732.8,596324
4732.9,596654
4733,596587
4733.1,596734
4733.2,596628
4733.3,596444
4733.4,596698
4733.5,596449
4733.6,596501
4733.7,596336
4733.8,596581
4733.9,596441
4734,596492
4734.1,596584
4734.2,596635
4734.3,596289
4734.4,596557
4734.5,596373
4734.6,596565
4734.7,596497
4734.8,596430
4734.9,596481
4735,596629
4735.1,596422
4735.2,596378
4735.3,596569
4735.4,596362
4735.5,596434
4735.6,596390
4735.7,596719
4735.8,596494
4735.9,596430
4736,596554
4736.1,596487
4736.2,596462
4736.3,596398
4736.4,596470
4736.5,596522
4736.6,596411
4736.7,596579
4736.8,596535
4736.9,596490
4737,596542
4737.1,596594
4737.2,596622
4737.3,596555
4737.4,596391
4737.5,596602
4737.6,596375
4737.7,596705
4737.8,596479
4737.9,596488
4738,596463
4738.1,596396
4738.2,596448
4738.3,596499
4738.4,596528
4738.5,596484
4738.6,596598
4738.7,596435
4738.8,596487
4738.9,596419
4739,596408
4739.1,596460
4739.2,596574
4739.3,596507
4739.4,596697
4739.5,596491
4739.6,596639
4739.7,596315
4739.8,596527
4739.9,596599
4740,596650
4740.1,596464
4740.2,596496
4740.3,596547
4740.4,596503
4740.5,596650
4740.6,596583
4740.7,596516
4740.8,596167
4740.9,596340
4741,596575
4741.1,596508
4741.2,596536
4741.3,596564
4741.4,596314
4741.5,596453
4741.6,596505
4741.7,596556
4741.8,596608
4741.9,596237
4742,596569
4742.1,596525
4742.2,596576
4742.3,596349
4742.4,596561
4742.5,596493
4742.6,596545
4742.7,596381
4742.8,596572
4742.9,596581
4743,596354
4743.1,596285
4743.2,596497
4743.3,596592
4743.4,596644
4743.5,596437
4743.6,596703
4743.7,596518
4743.8,596473
4743.9,596525
4744,596337
4744.1,596486
4744.2,596442
4744.3,596310
4744.4,596641
4744.5,596616
4744.6,596506
4744.7,596558
4744.8,596609
4744.9,596565
4745,596281
4745.1,596473
4745.2,596502
4745.3,596434
4745.4,596442
4745.5,596518
4745.6,596593
4745.7,596406
4745.8,596477
4745.9,596529
4746,596418
4746.1,596374
4746.2,596545
4746.3,596497
4746.4,596453
4746.5,596482
4746.6,596414
4746.7,596326
4746.8,596518
4746.9,596549
4747,596621
4747.1,596414
4747.2,596466
4747.3,596537
4747.4,596470
4747.5,596382
4747.6,596573
4747.7,596463
4747.8,596748
4747.9,596466
4748,596498
4748.1,596454
4748.2,596602
4748.3,596630
4748.4,596606
4748.5,596442
4748.6,596613
4748.7,596406
4748.8,596578
4748.9,596487
4749,596462
4749.1,596394
4749.2,596628
4749.3,596378
4749.4,596314
4749.5,596462
4749.6,596514
4749.7,596490
4749.8,596301
4749.9,596354
4750,596265
4750.1,596554
4750.2,596486
4750.3,596418
4750.4,596652
4750.5,596402
4750.6,596454
4750.7,596506
4750.8,596418
4750.9,596394
4751,596422
4751.1,596474
4751.2,596526
4751.3,596458
4751.4,596394
4751.5,596742
4751.6,596557
4751.7,596393
4751.8,596541
4751.9,596497
4752,596548
4752.1,596321
4752.2,596651
4752.3,596584
4752.4,596334
4752.5,596568
4752.6,596620
4752.7,596552
4752.8,596604
4752.9,596440
4753,596469
4753.1,596659
4753.2,596496
4753.3,596548
4753.4,596556
4753.5,596489
4753.6,596517
4753.7,596516
4753.8,596448
4753.9,596500
4754,596412
4754.1,596679
4754.2,596588
4754.3,596264
4754.4,596596
4754.5,596552
4754.6,596580
4754.7,596333
4754.8,596501
4754.9,596615
4755,596667
4755.1,596599
4755.2,596469
4755.3,596401
4755.4,596572
4755.5,596409
4755.6,596340
4755.7,596575
4755.8,596722
4755.9,596592
4756,596548
4756.1,596662
4756.2,596595
4756.3,596646
4756.4,596459
4756.5,596328
4756.6,596380
4756.7,596456
4756.8,596570
4756.9,596717
4757,596745
4757.1,596520
4757.2,596452
4757.3,596407
4757.4,596339
4757.5,596574
4757.6,596697
4757.7,596352
4757.8,596523
4757.9,596456
4758,596511
4758.1,596463
4758.2,596491
4758.3,596500
4758.4,596594
4758.5,596387
4758.6,596697
4758.7,596607
4758.8,596400
4758.9,596495
4759,596547
4759.1,596383
4759.2,596434
4759.3,596443
4759.4,596634
4759.5,596470
4759.6,596402
4759.7,596358
4759.8,596386
4759.9,596321
4760,596586
4760.1,596699
4760.2,596537
4760.3,596309
4760.4,596640
4760.5,596413
4760.6,596561
4760.7,596493
4760.8,596329
4760.9,596381
4761,596409
4761.1,596581
4761.2,596493
4761.3,596627
4761.4,596655
4761.5,596492
4761.6,596544
4761.7,596413
4761.8,596301
4761.9,596420
4762,596631
4762.1,596284
4762.2,596710
4762.3,596461
4762.4,596608
4762.5,596564
4762.6,596500
4762.7,596667
4762.8,596461
4762.9,596608
4763,596488
4763.1,596400
4763.2,596452
4763.3,596523
4763.4,596575
4763.5,596368
4763.6,596299
4763.7,596395
4763.8,596447
4763.9,596618
4764,596507
4764.1,596578
4764.2,596534
4764.3,596370
4764.4,596402
4764.5,596570
4764.6,596459
4764.7,596510
4764.8,596486
4764.9,596600
4765,596470
4765.1,596502
4765.2,596553
4765.3,596462
4765.4,596417
4765.5,596393
4765.6,596541
4765.7,596592
4765.8,596505
4765.9,596533
4766,596465
4766.1,596441
4766.2,596492
4766.3,596544
4766.4,596433
4766.5,596422
4766.6,596536
4766.7,596608
4766.8,596401
4766.9,596572
4767,596504
4767.1,596651
4767.2,596584
4767.3,596655
4767.4,596587
4767.5,596500
4767.6,596552
4767.7,596507
4767.8,596559
4767.9,596534
4768,596467
4768.1,596475
4768.2,596527
4768.3,596578
4768.4,596534
4768.5,596585
4768.6,596398
4768.7,596450
4768.8,596693
4768.9,596434
4769,596486
4769.1,596656
4769.2,596469
4769.3,596401
4769.4,596549
4769.5,596620
4769.6,596556
4769.7,596489
4769.8,596659
4769.9,596313
4770,596715
4770.1,596456
4770.2,596508
4770.3,596559
4770.4,596332
4770.5,596543
4770.6,596292
4770.7,596623
4770.8,596459
4770.9,596511
4771,596658
4771.1,596432
4771.2,596460
4771.3,596670
4771.4,596507
4771.5,596558
4771.6,596428
4771.7,596479
4771.8,596508
4771.9,596622
4772,596458
4772.1,596487
4772.2,596657
4772.3,596407
4772.4,596482
4772.5,596597
4772.6,596625
4772.7,596600
4772.8,596513
4772.9,596660
4773,596711
4773.1,596509
4773.2,596600
4773.3,596532
4773.4,596584
4773.5,596730
4773.6,596591
4773.7,596642
4773.8,596575
4773.9,596603
4774,596439
4774.1,596307
4774.2,596542
4774.3,596474
4774.4,596645
4774.5,596577
4774.6,596724
4774.7,596379
4774.8,596494
4774.9,596545
4775,596597
4775.1,596529
4775.2,596461
4775.3,596585
4775.4,596541
4775.5,596616
4775.6,596548
4775.7,596599
4775.8,596252
4775.9,596497
4776,596492
4776.1,596544
4776.2,596595
4776.3,596368
4776.4,596792
4776.5,596328
4776.6,596563
4776.7,596591
4776.8,596547
4776.9,596416
4777,596467
4777.1,596399
4777.2,596428
4777.3,596542
4777.4,596594
4777.5,596645
4777.6,596515
4777.7,596330
4777.8,596402
4777.9,596334
4778,596568
4778.1,596317
4778.2,596349
4778.3,596541
4778.4,596376
4778.5,596587
4778.6,596615
4778.7,596452
4778.8,596599
4778.9,596372
4779,596701
4779.1,596657
4779.2,596590
4779.3,596736
4779.4,596550
4779.5,596346
4779.6,596676
4779.7,596490
4779.8,596445
4779.9,596473
4780,596502
4780.1,596457
4780.2,596509
4780.3,596464
4780.4,596492
4780.5,596424
4780.6,596572
4780.7,596408
4780.8,596460
4780.9,596630
4781,596658
4781.1,596591
4781.2,596642
4781.3,596575
4781.4,596626
4781.5,596582
4781.6,596570
4781.7,596383
4781.8,596689
4781.9,596526
4782,596577
4782.1,596533
4782.2,596679
4782.3,596550
4782.4,596482
4782.5,596596
4782.6,596528
4782.7,596460
4782.8,596631
4782.9,596381
4783,596409
4783.1,596643
4783.2,596479
4783.3,596411
4783.4,596559
4783.5,596728
4783.6,596480
4783.7,596412
4783.8,596740
4783.9,596395
4784,596447
4784.1,596379
4784.2,596430
4784.3,596664
4784.4,596715
4784.5,596433
4784.6,596580
4784.7,596449
4784.8,596682
4784.9,596360
4785,596451
4785.1,596599
4785.2,596531
4785.3,596583
4785.4,596419
4785.5,596470
4785.6,596641
4785.7,596573
4785.8,596482
4785.9,596629
4786,596489
4786.1,596584
4786.2,596592
4786.3,596548
4786.4,596576
4786.5,596604
4786.6,596440
4786.7,596491
4786.8,596662
4786.9,596435
4787,596367
4787.1,596555
4787.2,596390
4787.3,596581
4787.4,596494
4787.5,596545
4787.6,596534
4787.7,596837
4787.8,596557
4787.9,596513
4788,596564
4788.1,596496
4788.2,596485
4788.3,596296
4788.4,596531
4788.5,596463
4788.6,596653
4788.7,596447
4788.8,596594
4788.9,596740
4789,596482
4789.1,596414
4789.2,596561
4789.3,596397
4789.4,596545
4789.5,596414
4789.6,596648
4789.7,596580
4789.8,596631
4789.9,596564
4790,596710
4790.1,596643
4790.2,596416
4790.3,596650
4790.4,596463
4790.5,596610
4790.6,596661
4790.7,596508
4790.8,596645
4790.9,596908
4791,596350
4791.1,596775
4791.2,596407
4791.3,596458
4791.4,596510
4791.5,596325
4791.6,596497
4791.7,596406
4791.8,596337
4791.9,596581
4792,596580
4792.1,596492
4792.2,596544
4792.3,596496
4792.4,596504
4792.5,596479
4792.6,596391
4792.7,596582
4792.8,596418
4792.9,596546
4793,596574
4793.1,596549
4793.2,596385
4793.3,596437
4793.4,596488
4793.5,596497
4793.6,596428
4793.7,596380
4793.8,596614
4793.9,596546
4794,596221
4794.1,596553
4794.2,596422
4794.3,596632
4794.4,596469
4794.5,596520
4794.6,596452
4794.7,596599
4794.8,596469
4794.9,596702
4795,596657
4795.1,596590
4795.2,596522
4795.3,596669
4795.4,596419
4795.5,596374
4795.6,596489
4795.7,596541
4795.8,596473
4795.9,596501
4796,596552
4796.1,596388
4796.2,596440
4796.3,596395
4796.4,596562
4796.5,596451
4796.6,596503
4796.7,596458
4796.8,596510
4796.9,596561
4797,596493
4797.1,596544
4797.2,596572
4797.3,596624
4797.4,596460
4797.5,596630
4797.6,596443
4797.7,596375
4797.8,596403
4797.9,596594
4798,596410
4798.1,596601
4798.2,596513
4798.3,596541
4798.4,596707
4798.5,596285
4798.6,596457
4798.7,596292
4798.8,596464
4798.9,596235
4799,596639
4799.1,596355
4799.2,596527
4799.3,596459
4799.4,596510
4799.5,596379
4799.6,596589
4799.7,596521
4799.8,596592
4799.9,596409
4800,596437
4800.1,596488
4800.2,596659
4800.3,596591
4800.4,596404
4800.5,596498
4800.6,596387
4800.7,596439
4800.8,596427
4800.9,596382
4801,596314
4801.1,596621
4801.2,596457
4801.3,596604
4801.4,596750
4801.5,596525
4801.6,596360
4801.7,596292
4801.8,596503
4801.9,596650
4802,596678
4802.1,596475
4802.2,596407
4802.3,596338
4802.4,596549
4802.5,596418
4802.6,596566
4802.7,596402
4802.8,596453
4802.9,596624
4803,596460
4803.1,596348
4803.2,596612
4803.3,596568
4803.4,596523
4803.5,596455
4803.6,596343
4803.7,596534
4803.8,596303
4803.9,596398
4804,596450
4804.1,596361
4804.2,596413
4804.3,596345
4804.4,596469
4804.5,596564
4804.6,596519
4804.7,596311
4804.8,596460
4804.9,596511
4805,596539
4805.1,596590
4805.2,596522
4805.3,596574
4805.4,596506
4805.5,596277
4805.6,596585
4805.7,596517
4805.8,596707
4805.9,596500
4806,596432
4806.1,596698
4806.2,596352
4806.3,596563
4806.4,596495
4806.5,596547
4806.6,596598
4806.7,596467
4806.8,596422
4806.9,596354
4807,596565
4807.1,596520
4807.2,596548
4807.3,596694
4807.4,596650
4807.5,596606
4807.6,596442
4807.7,596609
4807.8,596541
4807.9,596569
4808,596481
4808.1,596576
4808.2,596607
4808.3,596420
4808.4,596610
4808.5,596519
4808.6,596656
4808.7,596430
4808.8,596481
4808.9,596533
4809,596584
4809.1,596493
4809.2,596607
4809.3,596658
4809.4,596613
4809.5,596759
4809.6,596514
4809.7,596542
4809.8,596517
4809.9,596726
4810,596777
4810.1,596336
4810.2,596464
4810.3,596535
4810.4,596744
4810.5,596677
4810.6,596537
4810.7,596469
4810.8,596337
4810.9,596485
4811,596599
4811.1,596531
4811.2,596367
4811.3,596558
4811.4,596470
4811.5,596617
4811.6,596293
4811.7,596505
4811.8,596556
4811.9,596488
4812,596420
4812.1,596471
4812.2,596242
4812.3,596574
4812.4,596645
4812.5,596577
4812.6,596489
4812.7,596421
4812.8,596376
4812.9,596662
4813,596359
4813.1,596550
4813.2,596578
4813.3,596370
4813.4,596561
4813.5,596636
4813.6,596332
4813.7,596404
4813.8,596412
4813.9,596483
4814,596318
4814.1,596370
4814.2,596281
4814.3,596353
4814.4,596284
4814.5,596409
4814.6,596388
4814.7,596598
4814.8,596250
4814.9,596582
4815,596514
4815.1,596542
4815.2,596497
4815.3,596548
4815.4,596480
4815.5,596436
4815.6,596701
4815.7,596611
4815.8,596566
4815.9,596498
4816,596453
4816.1,596643
4816.2,596652
4816.3,596425
4816.4,596420
4816.5,596471
4816.6,596523
4816.7,596712
4816.8,596602
4816.9,596374
4817,596393
4817.1,596324
4817.2,596791
4817.3,596327
4817.4,596455
4817.5,596507
4817.6,596342
4817.7,596809
4817.8,596345
4817.9,596579
4818,596448
4818.1,596476
4818.2,596551
4818.3,596483
4818.4,596597
4818.5,596369
4818.6,596675
4818.7,596608
4818.8,596501
4818.9,596336
4819,596450
4819.1,596382
4819.2,596530
4819.3,596558
4819.4,596533
4819.5,596468
4819.6,596520
4819.7,596590
4819.8,596522
4819.9,596646
4820,596601
4820.1,596418
4820.2,596608
4820.3,596659
4820.4,596591
4820.5,596360
4820.6,596528
4820.7,596483
4820.8,596395
4820.9,596446
4821,596498
4821.1,596645
4821.2,596457
4821.3,596509
4821.4,596464
4821.5,596492
4821.6,596384
4821.7,596594
4821.8,596503
4821.9,596458
4822,596486
4822.1,596441
4822.2,596589
4822.3,596361
4822.4,596389
4822.5,596600
4822.6,596532
4822.7,596583
4822.8,596515
4822.9,596685
4823,596392
4823.1,596582
4823.2,596600
4823.3,596532
4823.4,596183
4823.5,596453
4823.6,596461
4823.7,596512
4823.8,596583
4823.9,596515
4824,596629
4824.1,596358
4824.2,596625
4824.3,596461
4824.4,596393
4824.5,596679
4824.6,596396
4824.7,596500
4824.8,596551
4824.9,596603
4825,596375
4825.1,596370
4825.2,596422
4825.3,596450
4825.4,596616
4825.5,596572
4825.6,596484
4825.7,596535
4825.8,596467
4825.9,596495
4826,596642
4826.1,596617
4826.2,596529
4826.3,596461
4826.4,596631
4826.5,596284
4826.6,596710
4826.7,596427
4826.8,596479
4826.9,596625
4827,596398
4827.1,596609
4827.2,596636
4827.3,596592
4827.4,596404
4827.5,596456
4827.6,596626
4827.7,596558
4827.8,596427
4827.9,596518
4828,596450
4828.1,596524
4828.2,596456
4828.3,596603
4828.4,596749
4828.5,596799
4828.6,596637
4828.7,596353
4828.8,596501
4828.9,596648
4829,596421
4829.1,596592
4829.2,596705
4829.3,596638
4829.4,596570
4829.5,596598
4829.6,596648
4829.7,596541
4829.8,596655
4829.9,596587
4830,596615
4830.1,596547
4830.2,596598
4830.3,596530
4830.4,596581
4830.5,596513
4830.6,596702
4830.7,596496
4830.8,596428
4830.9,596479
4831,596530
4831.1,596581
4831.2,596513
4831.3,596445
4831.4,596377
4831.5,596448
4831.6,596499
4831.7,596411
4831.8,596582
4831.9,596514
4832,596445
4832.1,596516
4832.2,596472
4832.3,596383
4832.4,596531
4832.5,596423
4832.6,596451
4832.7,596469
4832.8,596401
4832.9,596591
4833,596599
4833.1,596154
4833.2,596582
4833.3,596395
4833.4,596489
4833.5,596698
4833.6,596472
4833.7,596500
4833.8,596532
4833.9,596246
4834,596342
4834.1,596648
4834.2,596580
4834.3,596352
4834.4,596500
4834.5,596412
4834.6,596602
4834.7,596415
4834.8,596466
4834.9,596494
4835,596526
4835.1,596672
4835.2,596509
4835.3,596560
4835.4,596491
4835.5,596519
4835.6,596570
4835.7,596319
4835.8,596672
4835.9,596604
4836,596536
4836.1,596468
4836.2,596496
4836.3,596643
4836.4,596479
4836.5,596649
4836.6,596581
4836.7,596490
4836.8,596541
4836.9,596473
4837,596524
4837.1,596693
4837.2,596371
4837.3,596558
4837.4,596490
4837.5,596517
4837.6,596473
4837.7,596524
4837.8,596575
4837.9,596626
4838,596653
4838.1,596306
4838.2,596517
4838.3,596353
4838.4,596404
4838.5,596670
4838.6,596444
4838.7,596748
4838.8,596704
4838.9,596517
4839,596473
4839.1,596620
4839.2,596392
4839.3,596420
4839.4,596535
4839.5,596370
4839.6,596517
4839.7,596569
4839.8,596404
4839.9,596647
4840,596603
4840.1,596318
4840.2,596370
4840.3,596441
4840.4,596449
4840.5,596380
4840.6,596551
4840.7,596622
4840.8,596554
4840.9,596486
4841,596633
4841.1,596425
4841.2,596500
4841.3,596551
4841.4,596387
4841.5,596554
4841.6,596582
4841.7,596632
4841.8,596329
4841.9,596404
4842,596335
4842.1,596526
4842.2,596649
4842.3,596346
4842.4,596374
4842.5,596545
4842.6,596596
4842.7,596408
4842.8,596479
4842.9,596487
4843,596515
4843.1,596374
4843.2,596425
4843.3,596476
4843.4,596504
4843.5,596532
4843.6,596559
4843.7,596534
4843.8,596585
4843.9,596497
4844,596549
4844.1,596576
4844.2,596604
4844.3,596559
4844.4,596395
4844.5,596680
4844.6,596593
4844.7,596621
4844.8,596393
4844.9,596604
4845,596535
4845.1,596586
4845.2,596637
4845.3,596410
4845.4,596418
4845.5,596648
4845.6,596324
4845.7,596654
4845.8,596307
4845.9,596732
4846,596602
4846.1,596557
4846.2,596766
4846.3,596300
4846.4,596630
4846.5,596681
4846.6,596455
4846.7,596506
4846.8,596620
4846.9,596552
4847,596483
4847.1,596534
4847.2,596681
4847.3,596636
4847.4,596568
4847.5,596500
4847.6,596432
4847.7,596363
4847.8,596511
4847.9,596605
4848,596517
4848.1,596352
4848.2,596500
4848.3,596214
4848.4,596363
4848.5,596510
4848.6,596442
4848.7,596397
4848.8,596448
4848.9,596476
4849,596407
4849.1,596435
4849.2,596390
4849.3,596441
4849.4,596493
4849.5,596544
4849.6,596690
4849.7,596599
4849.8,596531
4849.9,596605
4850,596378
4850.1,596588
4850.2,596480
4850.3,596388
4850.4,596440
4850.5,596274
4850.6,596604
4850.7,596632
4850.8,596620
4850.9,596433
4851,596364
4851.1,596319
4851.2,596370
4851.3,596180
4851.4,596449
4851.5,596240
4851.6,596709
4851.7,596642
4851.8,596478
4851.9,596409
4852,596557
4852.1,596329
4852.2,596658
4852.3,596590
4852.4,596426
4852.5,596357
4852.6,596505
4852.7,596276
4852.8,596488
4852.9,596658
4853,596494
4853.1,596425
4853.2,596357
4853.3,596481
4853.4,596746
4853.5,596487
4853.6,596657
4853.7,596589
4853.8,596735
4853.9,596644
4854,596417
4854.1,596627
4854.2,596520
4854.3,596335
4854.4,596502
4854.5,596434
4854.6,596224
4854.7,596416
4854.8,596626
4854.9,596423
4855,596570
4855.1,596458
4855.2,596605
4855.3,596441
4855.4,596416
4855.5,596563
4855.6,596594
4855.7,596526
4855.8,596434
4855.9,596505
4856,596199
4856.1,596391
4856.2,596562
4856.3,596570
4856.4,596502
4856.5,596572
4856.6,596384
4856.7,596594
4856.8,596367
4856.9,596538
4857,596546
4857.1,596521
4857.2,596332
4857.3,596661
4857.4,596498
4857.5,596366
4857.6,596277
4857.7,596329
4857.8,596303
4857.9,596514
4858,596565
4858.1,596593
4858.2,596643
4858.3,596276
4858.4,596468
4858.5,596399
4858.6,596330
4858.7,596541
4858.8,596687
4858.9,596321
4859,596512
4859.1,596563
4859.2,596495
4859.3,596703
4859.4,596314
4859.5,596365
4859.6,596556
4859.7,596468
4859.8,596519
4859.9,596450
4860,596502
4860.1,596529
4860.2,596600
4860.3,596416
4860.4,596467
4860.5,596538
4860.6,596469
4860.7,596400
4860.8,596312
4860.9,596503
4861,596270
4861.1,596365
4861.2,596417
4861.3,596445
4861.4,596654
4861.5,596609
4861.6,596382
4861.7,596711
4861.8,596761
4861.9,596670
4862,596540
4862.1,596534
4862.2,596680
4862.3,596357
4862.4,596505
4862.5,596436
4862.6,596464
4862.7,596419
4862.8,596509
4862.9,596560
4863,596332
4863.1,596360
4863.2,596531
4863.3,596463
4863.4,596672
4863.5,596604
4863.6,596655
4863.7,596308
4863.8,596316
4863.9,596507
4864,596438
4864.1,596648
4864.2,596698
4864.3,596630
4864.4,596403
4864.5,596454
4864.6,596625
4864.7,596714
4864.8,596765
4864.9,596578
4865,596447
4865.1,596680
4865.2,596453
4865.3,596781
4865.4,596618
4865.5,596645
4865.6,596418
4865.7,596446
4865.8,596497
4865.9,596452
4866,596484
4866.1,596391
4866.2,596342
4866.3,596490
4866.4,596541
4866.5,596356
4866.6,596504
4866.7,596555
4866.8,596463
4866.9,596610
4867,596445
4867.1,596400
4867.2,596571
4867.3,596319
4867.4,596530
4867.5,596438
4867.6,596393
4867.7,596324
4867.8,596399
4867.9,596209
4868,596574
4868.1,596505
4868.2,596480
4868.3,596411
4868.4,596462
4868.5,596513
4868.6,596421
4868.7,596453
4868.8,596524
4868.9,596261
4869,596192
4869.1,596244
4869.2,596272
4869.3,596420
4869.4,596547
4869.5,596402
4869.6,596612
4869.7,596663
4869.8,596595
4869.9,596645
4870,596515
4870.1,596403
4870.2,596774
4870.3,596706
4870.4,596638
4870.5,596387
4870.6,596535
4870.7,596370
4870.8,596305
4870.9,596535
4871,596681
4871.1,596518
4871.2,596265
4871.3,596437
4871.4,596647
4871.5,596323
4871.6,596629
4871.7,596680
4871.8,596333
4871.9,596662
4872,596499
4872.1,596645
4872.2,596442
4872.3,596628
4872.4,596159
4872.5,596405
4872.6,596359
4872.7,596593
4872.8,596365
4872.9,596513
4873,596540
4873.1,596429
4873.2,596306
4873.3,596334
4873.4,596505
4873.5,596556
4873.6,596488
4873.7,596496
4873.8,596350
4873.9,596401
4874,596332
4874.1,596504
4874.2,596415
4874.3,596539
4874.4,596537
4874.5,596469
4874.6,596400
4874.7,596427
4874.8,596479
4874.9,596606
4875,596441
4875.1,596396
4875.2,596206
4875.3,596495
4875.4,596522
4875.5,596434
4875.6,596699
4875.7,596655
4875.8,596587
4875.9,596518
4876,596450
4876.1,596501
4876.2,596345
4876.3,596674
4876.4,596471
4876.5,596680
4876.6,596612
4876.7,596639
4876.8,596690
4876.9,596464
4877,596395
4877.1,596349
4877.2,596655
4877.3,596587
4877.4,596614
4877.5,596570
4877.6,596620
4877.7,596552
4877.8,596603
4877.9,596511
4878,596562
4878.1,596537
4878.2,596448
4878.3,596499
4878.4,596550
4878.5,596362
4878.6,596389
4878.7,596417
4878.8,596372
4878.9,596326
4879,596613
4879.1,596621
4879.2,596433
4879.3,596580
4879.4,596435
4879.5,596486
4879.6,596537
4879.7,596449
4879.8,596380
4879.9,596407
4880,596382
4880.1,596313
4880.2,596364
4880.3,596392
4880.4,596443
4880.5,596354
4880.6,596425
4880.7,596356
4880.8,596685
4880.9,596736
4881,596668
4881.1,596695
4881.2,596396
4881.3,596606
4881.4,596537
4881.5,596469
4881.6,596520
4881.7,596451
4881.8,596319
4881.9,596648
4882,596580
4882.1,596416
4882.2,596443
4882.3,596590
4882.4,596522
4882.5,596572
4882.6,596741
4882.7,596555
4882.8,596390
4882.9,596537
4883,596445
4883.1,596400
4883.2,596451
4883.3,596621
4883.4,596553
4883.5,596461
4883.6,596512
4883.7,596582
4883.8,596398
4883.9,596492
4884,596500
4884.1,596527
4884.2,596338
4884.3,596486
4884.4,596441
4884.5,596607
4884.6,596423
4884.7,596474
4884.8,596502
4884.9,596529
4885,596364
4885.1,596555
4885.2,596346
4885.3,596537
4885.4,596328
4885.5,596572
4885.6,596547
4885.7,596241
4885.8,596433
4885.9,596484
4886,596511
4886.1,596423
4886.2,596397
4886.3,596448
4886.4,596380
4886.5,596685
4886.6,596458
4886.7,596369
4886.8,596517
4886.9,596448
4887,596519
4887.1,596845
4887.2,596501
4887.3,596292
4887.4,596536
4887.5,596395
4887.6,596466
4887.7,596397
4887.8,596544
4887.9,596335
4888,596740
4888.1,596577
4888.2,596489
4888.3,596420
4888.4,596491
4888.5,596379
4888.6,596569
4888.7,596501
4888.8,596479
4888.9,596390
4889,596341
4889.1,596369
4889.2,596396
4889.3,596404
4889.4,596359
4889.5,596410
4889.6,596461
4889.7,596412
4889.8,596323
4889.9,596609
4890,596445
4890.1,596376
4890.2,596547
4890.3,596435
4890.4,596506
4890.5,596393
4890.6,596348
4890.7,596539
4890.8,596350
4890.9,596425
4891,596336
4891.1,596503
4891.2,596554
4891.3,596268
4891.4,596599
4891.5,596649
4891.6,596302
4891.7,596569
4891.8,596337
4891.9,596686
4892,596641
4892.1,596668
4892.2,596505
4892.3,596493
4892.4,596500
4892.5,596571
4892.6,596565
4892.7,596616
4892.8,596547
4892.9,596416
4893,596563
4893.1,596281
4893.2,596231
4893.3,596562
4893.4,596494
4893.5,596640
4893.6,596389
4893.7,596527
4893.8,596298
4893.9,596509
4894,596560
4894.1,596491
4894.2,596638
4894.3,596266
4894.4,596597
4894.5,596272
4894.6,596387
4894.7,596534
4894.8,596465
4894.9,596493
4895,596544
4895.1,596594
4895.2,596645
4895.3,596481
4895.4,596508
4895.5,596535
4895.6,596370
4895.7,596561
4895.8,596376
4895.9,596662
4896,596593
4896.1,596621
4896.2,596413
4896.3,596368
4896.4,596395
4896.5,596446
4896.6,596401
4896.7,596524
4896.8,596456
4896.9,596550
4897,596577
4897.1,596392
4897.2,596540
4897.3,596590
4897.4,596402
4897.5,596333
4897.6,596307
4897.7,596455
4897.8,596506
4897.9,596556
4898,596445
4898.1,596419
4898.2,596470
4898.3,596679
4898.4,596515
4898.5,596286
4898.6,596593
4898.7,596485
4898.8,596296
4898.9,596507
4899,596438
4899.1,596608
4899.2,596539
4899.3,596504
4899.4,596555
4899.5,596269
4899.6,596504
4899.7,596315
4899.8,596582
4899.9,596330
4900,596468
4900.1,596519
4900.2,596570
4900.3,596381
4900.4,596528
4900.5,596579
4900.6,596606
4900.7,596498
4900.8,596430
4900.9,596481
4901,596412
4901.1,596342
4901.2,596466
4901.3,596421
4901.4,596535
4901.5,596799
4901.6,596478
4901.7,596505
4901.8,596296
4901.9,596391
4902,596600
4902.1,596651
4902.2,596303
4902.3,596355
4902.4,596598
4902.5,596390
4902.6,596580
4902.7,596512
4902.8,596562
4902.9,596474
4903,596405
4903.1,596648
4903.2,596407
4903.3,596318
4903.4,596509
4903.5,596420
4903.6,596447
4903.7,596315
4903.8,596549
4903.9,596500
4904,596412
4904.1,596601
4904.2,596609
4904.3,596659
4904.4,596433
4904.5,596523
4904.6,596454
4904.7,596505
4904.8,596436
4904.9,596583
4905,596451
4905.1,596683
4905.2,596337
4905.3,596547
4905.4,596478
4905.5,596409
4905.6,596556
4905.7,596630
4905.8,596562
4905.9,596612
4906,596544
4906.1,596475
4906.2,596622
4906.3,596691
4906.4,596388
4906.5,596439
4906.6,596629
4906.7,596441
4906.8,596448
4906.9,596638
4907,596334
4907.1,596385
4907.2,596556
4907.3,596463
4907.4,596534
4907.5,596465
4907.6,596396
4907.7,596427
4907.8,596358
4907.9,596409
4908,596480
4908.1,596270
4908.2,596342
4908.3,596671
4908.4,596721
4908.5,596375
4908.6,596426
4908.7,596357
4908.8,596600
4908.9,596498
4909,596549
4909.1,596599
4909.2,596650
4909.3,596399
4909.4,596426
4909.5,596636
4909.6,596471
4909.7,596305
4909.8,596453
4909.9,596504
4910,596768
4910.1,596724
4910.2,596537
4910.3,596372
4910.4,596657
4910.5,596450
4910.6,596501
4910.7,596647
4910.8,596602
4910.9,596534
4911,596465
4911.1,596516
4911.2,596447
4911.3,596593
4911.4,596644
4911.5,596320
4911.6,596530
4911.7,596676
4911.8,596608
4911.9,596658
4912,596408
4912.1,596362
4912.2,596413
4912.3,596344
4912.4,596371
4912.5,596700
4912.6,596450
4912.7,596563
4912.8,596335
4912.9,596386
4913,596437
4913.1,596623
4913.2,596673
4913.3,596326
4913.4,596560
4913.5,596610
4913.6,596383
4913.7,596688
4913.8,596619
4913.9,596646
4914,596323
4914.1,596652
4914.2,596284
4914.3,596356
4914.4,596479
4914.5,596530
4914.6,596524
4914.7,596295
4914.8,596625
4914.9,596398
4915,596545
4915.1,596752
4915.2,596407
4915.3,596521
4915.4,596355
4915.5,596406
4915.6,596649
4915.7,596422
4915.8,596449
4915.9,596562
4916,596494
4916.1,596425
4916.2,596475
4916.3,596622
4916.4,596394
4916.5,596349
4916.6,596559
4916.7,596586
4916.8,596636
4916.9,596472
4917,596316
4917.1,596669
4917.2,596345
4917.3,596555
4917.4,596582
4917.5,596417
4917.6,596187
4917.7,596433
4917.8,596760
4917.9,596438
4918,596369
4918.1,596579
4918.2,596606
4918.3,596537
4918.4,596211
4918.5,596638
4918.6,596314
4918.7,596644
4918.8,596393
4918.9,596323
4919,596351
4919.1,596305
4919.2,596730
4919.3,596407
4919.4,596531
4919.5,596244
4919.6,596393
4919.7,596444
4919.8,596652
4919.9,596425
4920,596380
4920.1,596685
4920.2,596712
4920.3,596548
4920.4,596479
4920.5,596649
4920.6,596485
4920.7,596631
4920.8,596658
4920.9,596407
4921,596521
4921.1,596475
4921.2,596526
4921.3,596553
4921.4,596604
4921.5,596592
4921.6,596490
4921.7,596636
4921.8,596352
4921.9,596499
4922,596645
4922.1,596418
4922.2,596372
4922.3,596303
4922.4,596513
4922.5,596564
4922.6,596591
4922.7,596546
4922.8,596414
4922.9,596465
4923,596396
4923.1,596605
4923.2,596536
4923.3,596308
4923.4,596456
4923.5,596410
4923.6,596461
4923.7,596551
4923.8,596601
4923.9,596533
4924,596280
4924.1,596331
4924.2,596382
4924.3,596433
4924.4,596642
4924.5,596391
4924.6,596601
4924.7,596373
4924.8,596206
4924.9,596258
4925,596406
4925.1,596615
4925.2,596547
4925.3,596478
4925.4,596409
4925.5,596459
4925.6,596317
4925.7,596368
4925.8,596419
4925.9,596543
4926,596570
4926.1,596524
4926.2,596575
4926.3,596625
4926.4,596557
4926.5,596328
4926.6,596356
4926.7,596589
4926.8,596520
4926.9,596452
4927,596502
4927.1,596553
4927.2,596378
4927.3,596568
4927.4,596379
4927.5,596493
4927.6,596264
4927.7,596571
4927.8,596342
4927.9,596374
4928,596444
4928.1,596653
4928.2,596585
4928.3,596516
4928.4,596566
4928.5,596435
4928.6,596389
4928.7,596320
4928.8,596434
4928.9,596461
4929,596512
4929.1,596562
4929.2,596589
4929.3,596264
4929.4,596475
4929.5,596406
4929.6,596337
4929.7,596484
4929.8,596511
4929.9,596442
4930,596397
4930.1,596567
4930.2,596402
4930.3,596429
4930.4,596360
4930.5,596507
4930.6,596558
4930.7,596608
4930.8,596380
4930.9,596590
4931,596617
4931.1,596644
4931.2,596503
4931.3,596434
4931.4,596485
4931.5,596535
4931.6,596586
4931.7,596589
4931.8,596640
4931.9,596292
4932,596621
4932.1,596480
4932.2,596348
4932.3,596653
4932.4,596585
4932.5,596516
4932.6,596471
4932.7,596498
4932.8,596549
4932.9,596599
4933,596626
4933.1,596461
4933.2,596532
4933.3,596269
4933.4,596320
4933.5,596468
4933.6,596475
4933.7,596622
4933.8,596457
4933.9,596388
4934,596578
4934.1,596369
4934.2,596560
4934.3,596471
4934.4,596522
4934.5,596453
4934.6,596523
4934.7,596454
4934.8,596244
4934.9,596436
4935,596539
4935.1,596397
4935.2,596328
4935.3,596399
4935.4,596450
4935.5,596380
4935.6,596388
4935.7,596482
4935.8,596509
4935.9,596559
4936,596274
4936.1,596699
4936.2,596255
4936.3,596499
4936.4,596236
4936.5,596408
4936.6,596555
4936.7,596486
4936.8,596494
4936.9,596497
4937,596495
4937.1,596449
4937.2,596500
4937.3,596315
4937.4,596342
4937.5,596509
4937.6,596300
4937.7,596351
4937.8,596541
4937.9,596452
4938,596503
4938.1,596434
4938.2,596481
4938.3,596435
4938.4,596486
4938.5,596694
4938.6,596467
4938.7,596637
4938.8,596406
4938.9,596433
4939,596364
4939.1,596458
4939.2,596508
4939.3,596439
4939.4,596447
4939.5,596617
4939.6,596548
4939.7,596426
4939.8,596453
4939.9,596599
4940,596391
4940.1,596562
4940.2,596493
4940.3,596586
4940.4,596301
4940.5,596630
4940.6,596403
4940.7,596430
4940.8,596438
4940.9,596488
4941,596419
4941.1,596513
4941.2,596226
4941.3,596748
4941.4,596522
4941.5,596380
4941.6,596431
4941.7,596337
4941.8,596388
4941.9,596416
4942,596625
4942.1,596675
4942.2,596725
4942.3,596305
4942.4,596453
4942.5,596287
4942.6,596411
4942.7,596462
4942.8,596392
4942.9,596443
4943,596397
4943.1,596308
4943.2,596561
4943.3,596588
4943.4,596337
4943.5,596665
4943.6,596221
4943.7,596647
4943.8,596539
4943.9,596447
4944,596498
4944.1,596610
4944.2,596446
4944.3,596496
4944.4,596547
4944.5,596692
4944.6,596345
4944.7,596651
4944.8,596582
4944.9,596513
4945,596468
4945.1,596519
4945.2,596569
4945.3,596341
4945.4,596551
4945.5,596482
4945.6,596532
4945.7,596463
4945.8,596609
4945.9,596478
4946,596389
4946.1,596459
4946.2,596691
4946.3,596407
4946.4,596554
4946.5,596604
4946.6,596473
4946.7,596384
4946.8,596454
4946.9,596385
4947,596595
4947.1,596549
4947.2,596576
4947.3,596348
4947.4,596399
4947.5,596608
4947.6,596539
4947.7,596590
4947.8,596434
4947.9,596365
4948,596598
4948.1,596553
4948.2,596324
4948.3,596653
4948.4,596306
4948.5,596333
4948.6,596360
4948.7,596688
4948.8,596462
4948.9,596396
4949,596249
4949.1,596300
4949.2,596607
4949.3,596442
4949.4,596492
4949.5,596543
4949.6,596593
4949.7,596501
4949.8,596248
4949.9,596578
4950,596509
4950.1,596464
4950.2,596418
4950.3,596469
4950.4,596615
4950.5,596363
4950.6,596477
4950.7,596623
4950.8,596555
4950.9,596389
4951,596655
4951.1,596331
4951.2,596358
4951.3,596472
4951.4,596499
4951.5,596453
4951.6,596600
4951.7,596650
4951.8,596399
4951.9,596512
4952,596443
4952.1,596633
4952.2,596231
4952.3,596379
4952.4,596526
4952.5,596576
4952.6,596507
4952.7,596534
4952.8,596369
4952.9,596299
4953,596350
4953.1,596401
4953.2,596452
4953.3,596502
4953.4,596572
4953.5,596503
4953.6,596434
4953.7,596580
4953.8,596468
4953.9,596423
4954,596497
4954.1,596567
4954.2,596378
4954.3,596288
4954.4,596316
4954.5,596463
4954.6,596394
4954.7,596444
4954.8,596538
4954.9,596426
4955,596400
4955.1,596407
4955.2,596381
4955.3,596528
4955.4,596482
4955.5,596490
4955.6,596517
4955.7,596447
4955.8,596594
4955.9,596429
4956,596479
4956.1,596573
4956.2,596484
4956.3,596391
4956.4,596538
4956.5,596469
4956.6,596303
4956.7,596450
4956.8,596501
4956.9,596272
4957,596482
4957.1,596509
4957.2,596483
4957.3,596414
4957.4,596325
4957.5,596472
4957.6,596339
4957.7,596390
4957.8,596504
4957.9,596478
4958,596409
4958.1,596459
4958.2,596510
4958.3,596300
4958.4,596544
4958.5,596594
4958.6,596525
4958.7,596595
4958.8,596526
4958.9,596341
4959,596488
4959.1,596442
4959.2,596512
4959.3,596347
4959.4,596374
4959.5,596381
4959.6,596528
4959.7,596555
4959.8,596413
4959.9,596583
4960,596394
4960.1,596584
4960.2,596515
4960.3,596403
4960.4,596497
4960.5,596504
4960.6,596458
4960.7,596528
4960.8,596459
4960.9,596510
4961,596440
4961.1,596230
4961.2,596422
4961.3,596332
4961.4,596403
4961.5,596526
4961.6,596481
4961.7,596368
4961.8,596620
4961.9,596670
4962,596347
4962.1,596589
4962.2,596284
4962.3,596311
4962.4,596362
4962.5,596552
4962.6,596665
4962.7,596341
4962.8,596251
4962.9,596419
4963,596446
4963.1,596654
4963.2,596330
4963.3,596477
4963.4,596388
4963.5,596439
4963.6,596585
4963.7,596440
4963.8,596394
4963.9,596508
4964,596157
4964.1,596680
4964.2,596453
4964.3,596460
4964.4,596391
4964.5,596461
4964.6,596693
4964.7,596624
4964.8,596674
4964.9,596447
4965,596551
4965.1,596525
4965.2,596551
4965.3,596482
4965.4,596808
4965.5,596324
4965.6,596374
4965.7,596305
4965.8,596356
4965.9,596353
4966,596658
4966.1,596267
4966.2,596458
4966.3,596561
4966.4,596396
4966.5,596470
4966.6,596540
4966.7,596471
4966.8,596261
4966.9,596288
4967,596339
4967.1,596293
4967.2,596440
4967.3,596294
4967.4,596623
4967.5,596554
4967.6,596676
4967.7,596256
4967.8,596586
4967.9,596454
4968,596365
4968.1,596392
4968.2,596322
4968.3,596373
4968.4,596530
4968.5,596580
4968.6,596630
4968.7,596402
4968.8,596429
4968.9,596615
4969,596665
4969.1,596596
4969.2,596551
4969.3,596385
4969.4,596436
4969.5,596486
4969.6,596354
4969.7,596563
4969.8,596398
4969.9,596545
4970,596690
4970.1,596202
4970.2,596374
4970.3,596444
4970.4,596653
4970.5,596488
4970.6,596322
4970.7,596565
4970.8,596616
4970.9,596484
4971,596298
4971.1,596369
4971.2,596482
4971.3,596628
4971.4,596559
4971.5,596331
4971.6,596358
4971.7,596292
4971.8,596222
4971.9,596249
4972,596417
4972.1,596744
4972.2,596378
4972.3,596332
4972.4,596383
4972.5,596516
4972.6,596566
4972.7,596593
4972.8,596341
4972.9,596488
4973,596302
4973.1,596396
4973.2,596350
4973.3,596377
4973.4,596308
4973.5,596335
4973.6,596448
4973.7,596595
4973.8,596645
4973.9,596398
4974,596328
4974.1,596278
4974.2,596607
4974.3,596538
4974.4,596493
4974.5,596543
4974.6,596688
4974.7,596462
4974.8,596349
4974.9,596376
4975,596373
4975.1,596582
4975.2,596632
4975.3,596264
4975.4,596315
4975.5,596342
4975.6,596316
4975.7,596246
4975.8,596766
4975.9,596227
4976,596653
4976.1,596425
4976.2,596452
4976.3,596565
4976.4,596496
4976.5,596427
4976.6,596573
4976.7,596623
4976.8,596492
4976.9,596403
4977,596376
4977.1,596307
4977.2,596357
4977.3,596567
4977.4,596217
4977.5,596225
4977.6,596396
4977.7,596249
4977.8,596460
4977.9,596414
4978,596441
4978.1,596491
4978.2,596614
4978.3,596568
4978.4,596243
4978.5,596573
4978.6,596418
4978.7,596531
4978.8,596557
4978.9,596329
4979,596562
4979.1,596612
4979.2,596639
4979.3,596474
4979.4,596501
4979.5,596368
4979.6,596322
4979.7,596651
4979.8,596582
4979.9,596474
4980,596563
4980.1,596614
4980.2,596265
4980.3,596475
4980.4,596526
4980.5,596766
4980.6,596444
4980.7,596278
4980.8,596679
4980.9,596610
4981,596541
4981.1,596215
4981.2,596363
4981.3,596510
4981.4,596421
4981.5,596448
4981.6,596422
4981.7,596376
4981.8,596704
4981.9,596357
4982,596685
4982.1,596415
4982.2,596441
4982.3,596492
4982.4,596345
4982.5,596299
4982.6,596350
4982.7,596401
4982.8,596408
4982.9,596554
4983,596268
4983.1,596555
4983.2,596466
4983.3,596397
4983.4,596447
4983.5,596378
4983.6,596332
4983.7,596522
4983.8,596634
4983.9,596286
4984,596805
4984.1,596460
4984.2,596563
4984.3,596518
4984.4,596472
4984.5,596306
4984.6,596376
4984.7,596403
4984.8,596314
4984.9,596557
4985,596511
4985.1,596561
4985.2,596469
4985.3,596423
4985.4,596256
4985.5,596500
4985.6,596237
4985.7,596524
4985.8,596338
4985.9,596485
4986,596416
4986.1,596346
4986.2,596493
4986.3,596447
4986.4,596498
4986.5,596452
4986.6,596382
4986.7,596313
4986.8,596436
4986.9,596582
4987,596513
4987.1,596467
4987.2,596518
4987.3,596568
4987.4,596618
4987.5,596549
4987.6,596480
4987.7,596410
4987.8,596461
4987.9,596511
4988,596442
4988.1,596429
4988.2,596733
4988.3,596353
4988.4,596403
4988.5,596454
4988.6,596384
4988.7,596435
4988.8,596399
4988.9,596309
4989,596283
4989.1,596516
4989.2,596543
4989.3,596474
4989.4,596524
4989.5,596392
4989.6,596302
4989.7,596651
4989.8,596390
4989.9,596536
4990,596491
4990.1,596517
4990.2,596544
4990.3,596522
4990.4,596389
4990.5,596503
4990.6,596648
4990.7,596579
4990.8,596510
4990.9,596560
4991,596515
4991.1,596565
4991.2,596496
4991.3,596426
4991.4,596357
4991.5,596599
4991.6,596347
4991.7,596580
4991.8,596535
4991.9,596402
4992,596356
4992.1,596542
4992.2,596687
4992.3,596523
4992.4,596573
4992.5,596345
4992.6,596395
4992.7,596604
4992.8,596535
4992.9,596466
4993,596516
4993.1,596566
4993.2,596497
4993.3,596427
4993.4,596415
4993.5,596528
4993.6,596650
4993.7,596389
4993.8,596440
4993.9,596490
4994,596540
4994.1,596780
4994.2,596593
4994.3,596341
4994.4,596574
4994.5,596409
4994.6,596459
4994.7,596605
4994.8,596536
4994.9,596428
4995,596636
4995.1,596471
4995.2,596498
4995.3,596548
4995.4,596598
4995.5,596648
4995.6,596420
4995.7,596629
4995.8,596344
4995.9,596298
4996,596541
4996.1,596591
4996.2,596522
4996.3,596572
4996.4,596526
4996.5,596457
4996.6,596387
4996.7,596414
4996.8,596368
4996.9,596610
4997,596565
4997.1,596336
4997.2,596665
4997.3,596500
4997.4,596527
4997.5,596577
4997.6,596508
4997.7,596558
4997.8,596608
4997.9,596658
4998,596684
4998.1,596519
4998.2,596450
4998.3,596596
4998.4,596431
4998.5,596481
4998.6,596650
4998.7,596423
4998.8,596608
4998.9,596753
4999,596407
4999.1,596457
4999.2,596570
4999.3,596524
4999.4,596574
4999.5,596696
4999.6,596627
4999.7,596591
4999.8,596426
4999.9,596380
