0,179920
0.1,179840
0.2,179760
0.3,179680
0.4,179600
0.5,179520
0.6,179440
0.7,179360
0.8,179280
0.9,179200
1,179120
1.1,179040
1.2,178960
1.3,178880
1.4,178800
1.5,178720
1.6,178640
1.7,178560
1.8,178480
1.9,178400
2,178320
2.1,178240
2.2,178160
2.3,178080
2.4,178000
2.5,177920
2.6,177840
2.7,177760
2.8,177680
2.9,177600
3,177520
3.1,177440
3.2,177360
3.3,177280
3.4,177200
3.5,177120
3.6,177040
3.7,176960
3.8,176880
3.9,176800
4,176720
4.1,176640
4.2,176560
4.3,176480
4.4,176400
4.5,176320
4.6,176240
4.7,176160
4.8,176080
4.9,176000
5,175920
5.1,175840
5.2,175760
5.3,175680
5.4,175600
5.5,175520
5.6,175440
5.7,175360
5.8,175280
5.9,175200
6,175120
6.1,175040
6.2,174960
6.3,174880
6.4,174800
6.5,174720
6.6,174640
6.7,174560
6.8,174480
6.9,174400
7,174320
7.1,174240
7.2,174160
7.3,174080
7.4,174000
7.5,173920
7.6,173840
7.7,173760
7.8,173680
7.9,173600
8,173520
8.1,173440
8.2,173360
8.3,173280
8.4,173200
8.5,173120
8.6,173040
8.7,172960
8.8,172880
8.9,172800
9,172720
9.1,172640
9.2,172560
9.3,172480
9.4,172400
9.5,172320
9.6,172240
9.7,172160
9.8,172080
9.9,172000
10,171920
10.1,171840
10.2,171760
10.3,171680
10.4,171600
10.5,171520
10.6,171440
10.7,171360
10.8,171280
10.9,171200
11,171120
11.1,171040
11.2,170960
11.3,170880
11.4,170800
11.5,170720
11.6,170640
11.7,170560
11.8,170480
11.9,170400
12,170320
12.1,170240
12.2,170160
12.3,170080
12.4,170000
12.5,169920
12.6,169840
12.7,169760
12.8,169680
12.9,169600
13,169520
13.1,169440
13.2,169360
13.3,169280
13.4,169200
13.5,169120
13.6,169040
13.7,168960
13.8,168880
13.9,168800
14,168720
14.1,168640
14.2,168560
14.3,168480
14.4,168400
14.5,168320
14.6,168240
14.7,168160
14.8,168080
14.9,168000
15,167920
15.1,167840
15.2,167760
15.3,167680
15.4,167600
15.5,167520
15.6,167440
15.7,167360
15.8,167280
15.9,167200
16,167120
16.1,167040
16.2,166960
16.3,166880
16.4,166800
16.5,166720
16.6,166640
16.7,166560
16.8,166480
16.9,166400
17,166320
17.1,166240
17.2,166160
17.3,166080
17.4,166000
17.5,165920
17.6,165840
17.7,165760
17.8,165680
17.9,165600
18,165520
18.1,165440
18.2,165360
18.3,165280
18.4,165200
18.5,165120
18.6,165040
18.7,164960
18.8,164880
18.9,164800
19,164720
19.1,164640
19.2,164560
19.3,164480
19.4,164400
19.5,164320
19.6,164240
19.7,164160
19.8,164080
19.9,164000
20,163920
20.1,163840
20.2,163760
20.3,163680
20.4,163600
20.5,163520
20.6,163440
20.7,163360
20.8,163280
20.9,163200
21,163120
21.1,163040
21.2,162960
21.3,162880
21.4,162800
21.5,162720
21.6,162640
21.7,162560
21.8,162480
21.9,162400
22,162320
22.1,162240
22.2,162160
22.3,162080
22.4,162000
22.5,161920
22.6,161840
22.7,161760
22.8,161680
22.9,161600
23,161520
23.1,161440
23.2,161360
23.3,161280
23.4,161200
23.5,161120
23.6,161040
23.7,160960
23.8,160880
23.9,160800
24,160720
24.1,160640
24.2,160560
24.3,160480
24.4,160400
24.5,160320
24.6,160240
24.7,160160
24.8,160080
24.9,160000
25,159920
25.1,159840
25.2,159760
25.3,159680
25.4,159600
25.5,159520
25.6,159440
25.7,159360
25.8,159280
25.9,159200
26,159120
26.1,159040
26.2,158960
26.3,158880
26.4,158800
26.5,158720
26.6,158640
26.7,158560
26.8,158480
26.9,158400
27,158320
27.1,158240
27.2,158160
27.3,158080
27.4,158000
27.5,157920
27.6,157840
27.7,157760
27.8,157680
27.9,157600
28,157520
28.1,157440
28.2,157360
28.3,157280
28.4,157200
28.5,157120
28.6,157040
28.7,156960
28.8,156880
28.9,156800
29,156720
29.1,156640
29.2,156560
29.3,156480
29.4,156400
29.5,156320
29.6,156240
29.7,156160
29.8,156080
29.9,156000
30,155920
30.1,155840
30.2,155760
30.3,155680
30.4,155600
30.5,155520
30.6,155440
30.7,155360
30.8,155280
30.9,155200
31,155120
31.1,155040
31.2,154960
31.3,154880
31.4,154800
31.5,154720
31.6,154640
31.7,154560
31.8,154480
31.9,154400
32,154320
32.1,154240
32.2,154160
32.3,154080
32.4,154000
32.5,153920
32.6,153840
32.7,153760
32.8,153680
32.9,153600
33,153520
33.1,153440
33.2,153360
33.3,153280
33.4,153200
33.5,153120
33.6,153040
33.7,152960
33.8,152880
33.9,152800
34,152720
34.1,152640
34.2,152560
34.3,152480
34.4,152400
34.5,152320
34.6,152240
34.7,152160
34.8,152080
34.9,152000
35,151920
35.1,151840
35.2,151760
35.3,151680
35.4,151600
35.5,151520
35.6,151440
35.7,151360
35.8,151280
35.9,151200
36,151120
36.1,151040
36.2,150960
36.3,150880
36.4,150800
36.5,150720
36.6,150640
36.7,150560
36.8,150480
36.9,150400
37,150320
37.1,150240
37.2,150160
37.3,150080
37.4,150000
37.5,149920
37.6,149840
37.7,149760
37.8,149680
37.9,149600
38,149520
38.1,149440
38.2,149360
38.3,149280
38.4,149200
38.5,149120
38.6,149040
38.7,148960
38.8,148880
38.9,148800
39,148720
39.1,148640
39.2,148560
39.3,148480
39.4,148400
39.5,148320
39.6,148240
39.7,148160
39.8,148080
39.9,148000
40,147920
40.1,147840
40.2,147760
40.3,147680
40.4,147600
40.5,147520
40.6,147440
40.7,147360
40.8,147280
40.9,147200
41,147120
41.1,147040
41.2,146960
41.3,146880
41.4,146800
41.5,146720
41.6,146640
41.7,146560
41.8,146480
41.9,146400
42,146320
42.1,146240
42.2,146160
42.3,146080
42.4,146000
42.5,145920
42.6,145840
42.7,145760
42.8,145680
42.9,145600
43,145520
43.1,145440
43.2,145360
43.3,145280
43.4,145200
43.5,145120
43.6,145040
43.7,144960
43.8,144880
43.9,144800
44,144720
44.1,144640
44.2,144560
44.3,144480
44.4,144400
44.5,144320
44.6,144240
44.7,144160
44.8,144080
44.9,144000
45,143920
45.1,143840
45.2,143760
45.3,143680
45.4,143600
45.5,143520
45.6,143440
45.7,143360
45.8,143280
45.9,143200
46,143120
46.1,143040
46.2,142960
46.3,142880
46.4,142800
46.5,142720
46.6,142640
46.7,142560
46.8,142480
46.9,142400
47,142320
47.1,142240
47.2,142160
47.3,142080
47.4,142000
47.5,141920
47.6,141840
47.7,141760
47.8,141680
47.9,141600
48,141520
48.1,141440
48.2,141360
48.3,141280
48.4,141200
48.5,141120
48.6,141040
48.7,140960
48.8,140880
48.9,140800
49,140720
49.1,140640
49.2,140560
49.3,140480
49.4,140400
49.5,140320
49.6,140240
49.7,140160
49.8,140080
49.9,140000
50,139920
50.1,139840
50.2,139760
50.3,139680
50.4,139600
50.5,139520
50.6,139440
50.7,139360
50.8,139280
50.9,139200
51,139120
51.1,139040
51.2,138960
51.3,138880
51.4,138800
51.5,138720
51.6,138640
51.7,138560
51.8,138480
51.9,138400
52,138320
52.1,138240
52.2,138160
52.3,138080
52.4,138000
52.5,137920
52.6,137840
52.7,137760
52.8,137680
52.9,137600
53,137520
53.1,137440
53.2,137360
53.3,137280
53.4,137200
53.5,137120
53.6,137040
53.7,136960
53.8,136880
53.9,136800
54,136720
54.1,136640
54.2,136560
54.3,136480
54.4,136400
54.5,136320
54.6,136240
54.7,136160
54.8,136080
54.9,136000
55,135920
55.1,135840
55.2,135760
55.3,135680
55.4,135600
55.5,135520
55.6,135440
55.7,135360
55.8,135280
55.9,135200
56,135120
56.1,135040
56.2,134960
56.3,134880
56.4,134800
56.5,134720
56.6,134640
56.7,134560
56.8,134480
56.9,134400
57,134320
57.1,134240
57.2,134160
57.3,134080
57.4,134000
57.5,133920
57.6,133840
57.7,133760
57.8,133680
57.9,133600
58,133520
58.1,133440
58.2,133360
58.3,133280
58.4,133200
58.5,133120
58.6,133040
58.7,132960
58.8,132880
58.9,132800
59,132720
59.1,132640
59.2,132560
59.3,132480
59.4,132400
59.5,132320
59.6,132240
59.7,132160
59.8,132080
59.9,132000
60,131920
60.1,131840
60.2,131760
60.3,131680
60.4,131600
60.5,131520
60.6,131440
60.7,131360
60.8,131280
60.9,131200
61,131120
61.1,131040
61.2,130960
61.3,130880
61.4,130800
61.5,130720
61.6,130640
61.7,130560
61.8,130480
61.9,130400
62,130320
62.1,130240
62.2,130160
62.3,130080
62.4,130000
62.5,129920
62.6,129840
62.7,129760
62.8,129680
62.9,129600
63,129520
63.1,129440
63.2,129360
63.3,129280
63.4,129200
63.5,129120
63.6,129040
63.7,128960
63.8,128880
63.9,128800
64,128720
64.1,128640
64.2,128560
64.3,128480
64.4,128400
64.5,128320
64.6,128240
64.7,128160
64.8,128080
64.9,128000
65,127920
65.1,127840
65.2,127760
65.3,127680
65.4,127600
65.5,127520
65.6,127440
65.7,127360
65.8,127280
65.9,127200
66,127120
66.1,127040
66.2,126960
66.3,126880
66.4,126800
66.5,126720
66.6,126640
66.7,126560
66.8,126480
66.9,126400
67,126320
67.1,126240
67.2,126160
67.3,126080
67.4,126000
67.5,125920
67.6,125840
67.7,125760
67.8,125680
67.9,125600
68,125520
68.1,125440
68.2,125360
68.3,125280
68.4,125200
68.5,125120
68.6,125040
68.7,124960
68.8,124880
68.9,124800
69,124720
69.1,124640
69.2,124560
69.3,124480
69.4,124400
69.5,124320
69.6,124240
69.7,124160
69.8,124080
69.9,124000
70,123920
70.1,123840
70.2,123760
70.3,123680
70.4,123600
70.5,123520
70.6,123440
70.7,123360
70.8,123280
70.9,123200
71,123120
71.1,123040
71.2,122960
71.3,122880
71.4,122800
71.5,122720
71.6,122640
71.7,122560
71.8,122480
71.9,122400
72,122320
72.1,122240
72.2,122160
72.3,122080
72.4,122000
72.5,121920
72.6,121840
72.7,121760
72.8,121680
72.9,121600
73,121520
73.1,121440
73.2,121360
73.3,121280
73.4,121200
73.5,121120
73.6,121040
73.7,120960
73.8,120880
73.9,120800
74,120720
74.1,120640
74.2,120560
74.3,120480
74.4,120400
74.5,120320
74.6,120240
74.7,120160
74.8,120080
74.9,120000
75,119920
75.1,119840
75.2,119760
75.3,119680
75.4,119600
75.5,119520
75.6,119440
75.7,119360
75.8,119280
75.9,119200
76,119120
76.1,119040
76.2,118960
76.3,118880
76.4,118800
76.5,118720
76.6,118640
76.7,118560
76.8,118480
76.9,118400
77,118320
77.1,118240
77.2,118160
77.3,118080
77.4,118000
77.5,117920
77.6,117840
77.7,117760
77.8,117680
77.9,117600
78,117520
78.1,117440
78.2,117360
78.3,117280
78.4,117200
78.5,117120
78.6,117040
78.7,116960
78.8,116880
78.9,116800
79,116720
79.1,116640
79.2,116560
79.3,116480
79.4,116400
79.5,116320
79.6,116240
79.7,116160
79.8,116080
79.9,116000
80,115920
80.1,115840
80.2,115760
80.3,115680
80.4,115600
80.5,115520
80.6,115440
80.7,115360
80.8,115280
80.9,115200
81,115120
81.1,115040
81.2,114960
81.3,114880
81.4,114800
81.5,114720
81.6,114640
81.7,114560
81.8,114480
81.9,114400
82,114320
82.1,114240
82.2,114160
82.3,114080
82.4,114000
82.5,113920
82.6,113840
82.7,113760
82.8,113680
82.9,113600
83,113520
83.1,113440
83.2,113360
83.3,113280
83.4,113200
83.5,113120
83.6,113040
83.7,112960
83.8,112880
83.9,112800
84,112720
84.1,112640
84.2,112560
84.3,112480
84.4,112400
84.5,112320
84.6,112240
84.7,112160
84.8,112080
84.9,112000
85,111920
85.1,111840
85.2,111760
85.3,111680
85.4,111600
85.5,111520
85.6,111440
85.7,111360
85.8,111280
85.9,111200
86,111120
86.1,111040
86.2,110960
86.3,110880
86.4,110800
86.5,110720
86.6,110640
86.7,110560
86.8,110480
86.9,110400
87,110320
87.1,110240
87.2,110160
87.3,110080
87.4,110000
87.5,109920
87.6,109840
87.7,109760
87.8,109680
87.9,109600
88,109520
88.1,109440
88.2,109360
88.3,109280
88.4,109200
88.5,109120
88.6,109040
88.7,108960
88.8,108880
88.9,108800
89,108720
89.1,108640
89.2,108560
89.3,108480
89.4,108400
89.5,108320
89.6,108240
89.7,108160
89.8,108080
89.9,108000
90,107920
90.1,107840
90.2,107760
90.3,107680
90.4,107600
90.5,107520
90.6,107440
90.7,107360
90.8,107280
90.9,107200
91,107120
91.1,107040
91.2,106960
91.3,106880
91.4,106800
91.5,106720
91.6,106640
91.7,106560
91.8,106480
91.9,106400
92,106320
92.1,106240
92.2,106160
92.3,106080
92.4,106000
92.5,105920
92.6,105840
92.7,105760
92.8,105680
92.9,105600
93,105520
93.1,105440
93.2,105360
93.3,105280
93.4,105200
93.5,105120
93.6,105040
93.7,104960
93.8,104880
93.9,104800
94,104720
94.1,104640
94.2,104560
94.3,104480
94.4,104400
94.5,104320
94.6,104240
94.7,104160
94.8,104080
94.9,104000
95,103920
95.1,103840
95.2,103760
95.3,103680
95.4,103600
95.5,103520
95.6,103440
95.7,103360
95.8,103280
95.9,103200
96,103120
96.1,103040
96.2,102960
96.3,102880
96.4,102800
96.5,102720
96.6,102640
96.7,102560
96.8,102480
96.9,102400
97,102320
97.1,102240
97.2,102160
97.3,102080
97.4,102000
97.5,101920
97.6,101840
97.7,101760
97.8,101680
97.9,101600
98,101520
98.1,101440
98.2,101360
98.3,101280
98.4,101200
98.5,101120
98.6,101040
98.7,100960
98.8,100880
98.9,100800
99,100720
99.1,100640
99.2,100560
99.3,100480
99.4,100400
99.5,100320
99.6,100240
99.7,100160
99.8,100080
99.9,100000
100,99920
100.1,99840
100.2,99760
100.3,99680
100.4,99600
100.5,99520
100.6,99440
100.7,99360
100.8,99280
100.9,99200
101,99120
101.1,99040
101.2,98960
101.3,98880
101.4,98800
101.5,98720
101.6,98640
101.7,98560
101.8,98480
101.9,98400
102,98320
102.1,98240
102.2,98160
102.3,98080
102.4,98000
102.5,97920
102.6,97840
102.7,97760
102.8,97680
102.9,97600
103,97520
103.1,97440
103.2,97360
103.3,97280
103.4,97200
103.5,97120
103.6,97040
103.7,96960
103.8,96880
103.9,96800
104,96720
104.1,96640
104.2,96560
104.3,96480
104.4,96400
104.5,96320
104.6,96240
104.7,96160
104.8,96080
104.9,96000
105,95920
105.1,95840
105.2,95760
105.3,95680
105.4,95600
105.5,95520
105.6,95440
105.7,95360
105.8,95280
105.9,95200
106,95120
106.1,95040
106.2,94960
106.3,94880
106.4,94800
106.5,94720
106.6,94640
106.7,94560
106.8,94480
106.9,94400
107,94320
107.1,94240
107.2,94160
107.3,94080
107.4,94000
107.5,93920
107.6,93840
107.7,93760
107.8,93680
107.9,93600
108,93520
108.1,93440
108.2,93360
108.3,93280
108.4,93200
108.5,93120
108.6,93040
108.7,92960
108.8,92880
108.9,92800
109,92720
109.1,92640
109.2,92560
109.3,92480
109.4,92400
109.5,92320
109.6,92240
109.7,92160
109.8,92080
109.9,92000
110,91920
110.1,91840
110.2,91760
110.3,91680
110.4,91600
110.5,91520
110.6,91440
110.7,91360
110.8,91280
110.9,91200
111,91120
111.1,91040
111.2,90960
111.3,90880
111.4,90800
111.5,90720
111.6,90640
111.7,90560
111.8,90480
111.9,90400
112,90320
112.1,90240
112.2,90160
112.3,90080
112.4,90000
112.5,89920
112.6,89840
112.7,89760
112.8,89680
112.9,89600
113,89520
113.1,89440
113.2,89360
113.3,89280
113.4,89200
113.5,89120
113.6,89040
113.7,88960
113.8,88880
113.9,88800
114,88720
114.1,88640
114.2,88560
114.3,88480
114.4,88400
114.5,88320
114.6,88240
114.7,88160
114.8,88080
114.9,88000
115,87920
115.1,87840
115.2,87760
115.3,87680
115.4,87600
115.5,87520
115.6,87440
115.7,87360
115.8,87280
115.9,87200
116,87120
116.1,87040
116.2,86960
116.3,86880
116.4,86800
116.5,86720
116.6,86640
116.7,86560
116.8,86480
116.9,86400
117,86320
117.1,86240
117.2,86160
117.3,86080
117.4,86000
117.5,85920
117.6,85840
117.7,85760
117.8,85680
117.9,85600
118,85520
118.1,85440
118.2,85360
118.3,85280
118.4,85200
118.5,85120
118.6,85040
118.7,84960
118.8,84880
118.9,84800
119,84720
119.1,84640
119.2,84560
119.3,84480
119.4,84400
119.5,84320
119.6,84240
119.7,84160
119.8,84080
119.9,84000
120,83920
120.1,83840
120.2,83760
120.3,83680
120.4,83600
120.5,83520
120.6,83440
120.7,83360
120.8,83280
120.9,83200
121,83120
121.1,83040
121.2,82960
121.3,82880
121.4,82800
121.5,82720
121.6,82640
121.7,82560
121.8,82480
121.9,82400
122,82320
122.1,82240
122.2,82160
122.3,82080
122.4,82000
122.5,81920
122.6,81840
122.7,81760
122.8,81680
122.9,81600
123,81520
123.1,81440
123.2,81360
123.3,81280
123.4,81200
123.5,81120
123.6,81040
123.7,80960
123.8,80880
123.9,80800
124,80720
124.1,80640
124.2,80560
124.3,80480
124.4,80400
124.5,80320
124.6,80240
124.7,80160
124.8,80080
124.9,80000
125,79920
125.1,79840
125.2,79760
125.3,79680
125.4,79600
125.5,79520
125.6,79440
125.7,79360
125.8,79280
125.9,79200
126,79120
126.1,79040
126.2,78960
126.3,78880
126.4,78800
126.5,78720
126.6,78640
126.7,78560
126.8,78480
126.9,78400
127,78320
127.1,78240
127.2,78160
127.3,78080
127.4,78000
127.5,77920
127.6,77840
127.7,77760
127.8,77680
127.9,77600
128,77520
128.1,77440
128.2,77360
128.3,77280
128.4,77200
128.5,77120
128.6,77040
128.7,76960
128.8,76880
128.9,76800
129,76720
129.1,76640
129.2,76560
129.3,76480
129.4,76400
129.5,76320
129.6,76240
129.7,76160
129.8,76080
129.9,76000
130,75920
130.1,75840
130.2,75760
130.3,75680
130.4,75600
130.5,75520
130.6,75440
130.7,75360
130.8,75280
130.9,75200
131,75120
131.1,75040
131.2,74960
131.3,74880
131.4,74800
131.5,74720
131.6,74640
131.7,74560
131.8,74480
131.9,74400
132,74320
132.1,74240
132.2,74160
132.3,74080
132.4,74000
132.5,73920
132.6,73840
132.7,73760
132.8,73680
132.9,73600
133,73520
133.1,73440
133.2,73360
133.3,73280
133.4,73200
133.5,73120
133.6,73040
133.7,72960
133.8,72880
133.9,72800
134,72720
134.1,72640
134.2,72560
134.3,72480
134.4,72400
134.5,72320
134.6,72240
134.7,72160
134.8,72080
134.9,72000
135,71920
135.1,71840
135.2,71760
135.3,71680
135.4,71600
135.5,71520
135.6,71440
135.7,71360
135.8,71280
135.9,71200
136,71120
136.1,71040
136.2,70960
136.3,70880
136.4,70800
136.5,70720
136.6,70640
136.7,70560
136.8,70480
136.9,70400
137,70320
137.1,70240
137.2,70160
137.3,70080
137.4,70000
137.5,69920
137.6,69840
137.7,69760
137.8,69680
137.9,69600
138,69520
138.1,69440
138.2,69360
138.3,69280
138.4,69200
138.5,69120
138.6,69040
138.7,68960
138.8,68880
138.9,68800
139,68720
139.1,68640
139.2,68560
139.3,68480
139.4,68400
139.5,68320
139.6,68240
139.7,68160
139.8,68080
139.9,68000
140,67920
140.1,67840
140.2,67760
140.3,67680
140.4,67600
140.5,67520
140.6,67440
140.7,67360
140.8,67280
140.9,67200
141,67120
141.1,67040
141.2,66960
141.3,66880
141.4,66800
141.5,66720
141.6,66640
141.7,66560
141.8,66480
141.9,66400
142,66320
142.1,66240
142.2,66160
142.3,66080
142.4,66000
142.5,65920
142.6,65840
142.7,65760
142.8,65680
142.9,65600
143,65520
143.1,65440
143.2,65360
143.3,65280
143.4,65200
143.5,65120
143.6,65040
143.7,64960
143.8,64880
143.9,64800
144,64720
144.1,64640
144.2,64560
144.3,64480
144.4,64400
144.5,64320
144.6,64240
144.7,64160
144.8,64080
144.9,64000
145,63920
145.1,63840
145.2,63760
145.3,63680
145.4,63600
145.5,63520
145.6,63440
145.7,63360
145.8,63280
145.9,63200
146,63120
146.1,63040
146.2,62960
146.3,62880
146.4,62800
146.5,62720
146.6,62640
146.7,62560
146.8,62480
146.9,62400
147,62320
147.1,62240
147.2,62160
147.3,62080
147.4,62000
147.5,61920
147.6,61840
147.7,61760
147.8,61680
147.9,61600
148,61520
148.1,61440
148.2,61360
148.3,61280
148.4,61200
148.5,61120
148.6,61040
148.7,60960
148.8,60880
148.9,60800
149,60720
149.1,60640
149.2,60560
149.3,60480
149.4,60400
149.5,60320
149.6,60240
149.7,60160
149.8,60080
149.9,60000
150,59920
150.1,59840
150.2,59760
150.3,59680
150.4,59600
150.5,59520
150.6,59440
150.7,59360
150.8,59280
150.9,59200
151,59120
151.1,59040
151.2,58960
151.3,58880
151.4,58800
151.5,58720
151.6,58640
151.7,58560
151.8,58480
151.9,58400
152,58320
152.1,58240
152.2,58160
152.3,58080
152.4,58000
152.5,57920
152.6,57840
152.7,57760
152.8,57680
152.9,57600
153,57520
153.1,57440
153.2,57360
153.3,57280
153.4,57200
153.5,57120
153.6,57040
153.7,56960
153.8,56880
153.9,56800
154,56720
154.1,56640
154.2,56560
154.3,56480
154.4,56400
154.5,56320
154.6,56240
154.7,56160
154.8,56080
154.9,56000
155,55920
155.1,55840
155.2,55760
155.3,55680
155.4,55600
155.5,55520
155.6,55440
155.7,55360
155.8,55280
155.9,55200
156,55120
156.1,55040
156.2,54960
156.3,54880
156.4,54800
156.5,54720
156.6,54640
156.7,54560
156.8,54480
156.9,54400
157,54320
157.1,54240
157.2,54160
157.3,54080
157.4,54000
157.5,53920
157.6,53840
157.7,53760
157.8,53680
157.9,53600
158,53520
158.1,53440
158.2,53360
158.3,53280
158.4,53200
158.5,53120
158.6,53040
158.7,52960
158.8,52880
158.9,52800
159,52720
159.1,52640
159.2,52560
159.3,52480
159.4,52400
159.5,52320
159.6,52240
159.7,52160
159.8,52080
159.9,52000
160,51920
160.1,51840
160.2,51760
160.3,51680
160.4,51600
160.5,51520
160.6,51440
160.7,51360
160.8,51280
160.9,51200
161,51120
161.1,51040
161.2,50960
161.3,50880
161.4,50800
161.5,50720
161.6,50640
161.7,50560
161.8,50480
161.9,50400
162,50320
162.1,50240
162.2,50160
162.3,50080
162.4,50000
162.5,49920
162.6,49840
162.7,49760
162.8,49680
162.9,49600
163,49520
163.1,49440
163.2,49360
163.3,49280
163.4,49200
163.5,49120
163.6,49040
163.7,48960
163.8,48880
163.9,48800
164,48720
164.1,48640
164.2,48560
164.3,48480
164.4,48400
164.5,48320
164.6,48240
164.7,48160
164.8,48080
164.9,48000
165,47920
165.1,47840
165.2,47760
165.3,47680
165.4,47600
165.5,47520
165.6,47440
165.7,47360
165.8,47280
165.9,47200
166,47120
166.1,47040
166.2,46960
166.3,46880
166.4,46800
166.5,46720
166.6,46640
166.7,46560
166.8,46480
166.9,46400
167,46320
167.1,46240
167.2,46160
167.3,46080
167.4,46000
167.5,45920
167.6,45840
167.7,45760
167.8,45680
167.9,45600
168,45520
168.1,45440
168.2,45360
168.3,45280
168.4,45200
168.5,45120
168.6,45040
168.7,44960
168.8,44880
168.9,44800
169,44720
169.1,44640
169.2,44560
169.3,44480
169.4,44400
169.5,44320
169.6,44240
169.7,44160
169.8,44080
169.9,44000
170,43920
170.1,43840
170.2,43760
170.3,43680
170.4,43600
170.5,43520
170.6,43440
170.7,43360
170.8,43280
170.9,43200
171,43120
171.1,43040
171.2,42960
171.3,42880
171.4,42800
171.5,42720
171.6,42640
171.7,42560
171.8,42480
171.9,42400
172,42320
172.1,42240
172.2,42160
172.3,42080
172.4,42000
172.5,41920
172.6,41840
172.7,41760
172.8,41680
172.9,41600
173,41520
173.1,41440
173.2,41360
173.3,41280
173.4,41200
173.5,41120
173.6,41040
173.7,40960
173.8,40880
173.9,40800
174,40720
174.1,40640
174.2,40560
174.3,40480
174.4,40400
174.5,40320
174.6,40240
174.7,40160
174.8,40080
174.9,40000
175,39920
175.1,39840
175.2,39760
175.3,39680
175.4,39600
175.5,39520
175.6,39440
175.7,39360
175.8,39280
175.9,39200
176,39120
176.1,39040
176.2,38960
176.3,38880
176.4,38800
176.5,38720
176.6,38640
176.7,38560
176.8,38480
176.9,38400
177,38320
177.1,38240
177.2,38160
177.3,38080
177.4,38000
177.5,37920
177.6,37840
177.7,37760
177.8,37680
177.9,37600
178,37520
178.1,37440
178.2,37360
178.3,37280
178.4,37200
178.5,37120
178.6,37040
178.7,36960
178.8,36880
178.9,36800
179,36720
179.1,36640
179.2,36560
179.3,36480
179.4,36400
179.5,36320
179.6,36240
179.7,36160
179.8,36080
179.9,36000
180,35920
180.1,35840
180.2,35760
180.3,35680
180.4,35600
180.5,35520
180.6,35440
180.7,35360
180.8,35280
180.9,35200
181,35120
181.1,35040
181.2,34960
181.3,34880
181.4,34800
181.5,34720
181.6,34640
181.7,34560
181.8,34480
181.9,34400
182,34320
182.1,34240
182.2,34160
182.3,34080
182.4,34000
182.5,33920
182.6,33840
182.7,33760
182.8,33680
182.9,33600
183,33520
183.1,33440
183.2,33360
183.3,33280
183.4,33200
183.5,33120
183.6,33040
183.7,32960
183.8,32880
183.9,32800
184,32720
184.1,32640
184.2,32560
184.3,32480
184.4,32400
184.5,32320
184.6,32240
184.7,32160
184.8,32080
184.9,32000
185,31920
185.1,31840
185.2,31760
185.3,31680
185.4,31600
185.5,31520
185.6,31440
185.7,31360
185.8,31280
185.9,31200
186,31120
186.1,31040
186.2,30960
186.3,30880
186.4,30800
186.5,30720
186.6,30640
186.7,30560
186.8,30480
186.9,30400
187,30320
187.1,30240
187.2,30160
187.3,30080
187.4,30000
187.5,29920
187.6,29840
187.7,29760
187.8,29680
187.9,29600
188,29520
188.1,29440
188.2,29360
188.3,29280
188.4,29200
188.5,29120
188.6,29040
188.7,28960
188.8,28880
188.9,28800
189,28720
189.1,28640
189.2,28560
189.3,28480
189.4,28400
189.5,28320
189.6,28240
189.7,28160
189.8,28080
189.9,28000
190,27920
190.1,27840
190.2,27760
190.3,27680
190.4,27600
190.5,27520
190.6,27440
190.7,27360
190.8,27280
190.9,27200
191,27120
191.1,27040
191.2,26960
191.3,26880
191.4,26800
191.5,26720
191.6,26640
191.7,26560
191.8,26480
191.9,26400
192,26320
192.1,26240
192.2,26160
192.3,26080
192.4,26000
192.5,25920
192.6,25840
192.7,25760
192.8,25680
192.9,25600
193,25520
193.1,25440
193.2,25360
193.3,25280
193.4,25200
193.5,25120
193.6,25040
193.7,24960
193.8,24880
193.9,24800
194,24720
194.1,24640
194.2,24560
194.3,24480
194.4,24400
194.5,24320
194.6,24240
194.7,24160
194.8,24080
194.9,24000
195,23920
195.1,23840
195.2,23760
195.3,23680
195.4,23600
195.5,23520
195.6,23440
195.7,23360
195.8,23280
195.9,23200
196,23120
196.1,23040
196.2,22960
196.3,22880
196.4,22800
196.5,22720
196.6,22640
196.7,22560
196.8,22480
196.9,22400
197,22320
197.1,22240
197.2,22160
197.3,22080
197.4,22000
197.5,21920
197.6,21840
197.7,21760
197.8,21680
197.9,21600
198,21520
198.1,21440
198.2,21360
198.3,21280
198.4,21200
198.5,21120
198.6,21040
198.7,20960
198.8,20880
198.9,20800
199,20720
199.1,20640
199.2,20560
199.3,20480
199.4,20400
199.5,20320
199.6,20240
199.7,20160
199.8,20080
199.9,20000
200,19920
200.1,19840
200.2,19760
200.3,19680
200.4,19600
200.5,19520
200.6,19440
200.7,19360
200.8,19280
200.9,19200
201,19120
201.1,19040
201.2,18960
201.3,18880
201.4,18800
201.5,18720
201.6,18640
201.7,18560
201.8,18480
201.9,18400
202,18320
202.1,18240
202.2,18160
202.3,18080
202.4,18000
202.5,17920
202.6,17840
202.7,17760
202.8,17680
202.9,17600
203,17520
203.1,17440
203.2,17360
203.3,17280
203.4,17200
203.5,17120
203.6,17040
203.7,16960
203.8,16880
203.9,16800
204,16720
204.1,16640
204.2,16560
204.3,16480
204.4,16400
204.5,16320
204.6,16240
204.7,16160
204.8,16080
204.9,16000
205,15920
205.1,15840
205.2,15760
205.3,15680
205.4,15600
205.5,15520
205.6,15440
205.7,15360
205.8,15280
205.9,15200
206,15120
206.1,15040
206.2,14960
206.3,14880
206.4,14800
206.5,14720
206.6,14640
206.7,14560
206.8,14480
206.9,14400
207,14320
207.1,14240
207.2,14160
207.3,14080
207.4,14000
207.5,13920
207.6,13840
207.7,13760
207.8,13680
207.9,13600
208,13520
208.1,13440
208.2,13360
208.3,13280
208.4,13200
208.5,13120
208.6,13040
208.7,12960
208.8,12880
208.9,12800
209,12720
209.1,12640
209.2,12560
209.3,12480
209.4,12400
209.5,12320
209.6,12240
209.7,12160
209.8,12080
209.9,12000
210,11920
210.1,11840
210.2,11760
210.3,11680
210.4,11600
210.5,11520
210.6,11440
210.7,11360
210.8,11280
210.9,11200
211,11120
211.1,11040
211.2,10960
211.3,10880
211.4,10800
211.5,10720
211.6,10640
211.7,10560
211.8,10480
211.9,10400
212,10320
212.1,10240
212.2,10160
212.3,10080
212.4,10000
212.5,9920
212.6,9840
212.7,9760
212.8,9680
212.9,9600
213,9520
213.1,9440
213.2,9360
213.3,9280
213.4,9200
213.5,9120
213.6,9040
213.7,8960
213.8,8880
213.9,8800
214,8720
214.1,8640
214.2,8560
214.3,8480
214.4,8400
214.5,8320
214.6,8240
214.7,8160
214.8,8080
214.9,8000
215,7920
215.1,7840
215.2,7760
215.3,7680
215.4,7600
215.5,7520
215.6,7440
215.7,7360
215.8,7280
215.9,7200
216,7120
216.1,7040
216.2,6960
216.3,6880
216.4,6800
216.5,6720
216.6,6640
216.7,6560
216.8,6480
216.9,6400
217,6320
217.1,6240
217.2,6160
217.3,6080
217.4,6000
217.5,5920
217.6,5840
217.7,5760
217.8,5680
217.9,5600
218,5520
218.1,5440
218.2,5360
218.3,5280
218.4,5200
218.5,5120
218.6,5040
218.7,4960
218.8,4880
218.9,4800
219,4720
219.1,4640
219.2,4560
219.3,4480
219.4,4400
219.5,4320
219.6,4240
219.7,4160
219.8,4080
219.9,4000
220,3920
220.1,3840
220.2,3760
220.3,3680
220.4,3600
220.5,3520
220.6,3440
220.7,3360
220.8,3280
220.9,3200
221,3120
221.1,3040
221.2,2960
221.3,2880
221.4,2800
221.5,2720
221.6,2640
221.7,2560
221.8,2480
221.9,2400
222,2320
222.1,2240
222.2,2160
222.3,2080
222.4,2000
222.5,1920
222.6,1840
222.7,1760
222.8,1680
222.9,1600
223,1520
223.1,1440
223.2,1360
223.3,1280
223.4,1200
223.5,1120
223.6,1040
223.7,960
223.8,880
223.9,800
224,800
224.1,800
224.2,800
224.3,800
224.4,800
224.5,800
224.6,800
224.7,800
224.8,800
224.9,800
225,800
225.1,800
225.2,800
225.3,800
225.4,800
225.5,800
225.6,800
225.7,800
225.8,800
225.9,800
226,800
226.1,800
226.2,800
226.3,800
226.4,800
226.5,800
226.6,800
226.7,800
226.8,800
226.9,800
227,800
227.1,800
227.2,800
227.3,800
227.4,800
227.5,800
227.6,800
227.7,800
227.8,800
227.9,800
228,800
228.1,800
228.2,800
228.3,800
228.4,800
228.5,800
228.6,800
228.7,800
228.8,800
228.9,800
229,800
229.1,800
229.2,800
229.3,800
229.4,800
229.5,800
229.6,800
229.7,800
229.8,800
229.9,800
230,800
230.1,800
230.2,800
230.3,800
230.4,800
230.5,800
230.6,800
230.7,800
230.8,800
230.9,800
231,800
231.1,800
231.2,800
231.3,800
231.4,800
231.5,800
231.6,800
231.7,800
231.8,800
231.9,800
232,800
232.1,800
232.2,800
232.3,800
232.4,800
232.5,800
232.6,800
232.7,800
232.8,800
232.9,800
233,800
233.1,800
233.2,800
233.3,800
233.4,800
233.5,800
233.6,800
233.7,800
233.8,800
233.9,800
234,800
234.1,800
234.2,800
234.3,800
234.4,800
234.5,800
234.6,800
234.7,800
234.8,800
234.9,800
235,800
235.1,800
235.2,800
235.3,800
235.4,800
235.5,800
235.6,800
235.7,800
235.8,800
235.9,800
236,800
236.1,800
236.2,800
236.3,800
236.4,800
236.5,800
236.6,800
236.7,800
236.8,800
236.9,800
237,800
237.1,800
237.2,800
237.3,800
237.4,800
237.5,800
237.6,800
237.7,800
237.8,800
237.9,800
238,800
238.1,800
238.2,800
238.3,800
238.4,800
238.5,800
238.6,800
238.7,800
238.8,800
238.9,800
239,800
239.1,800
239.2,800
239.3,800
239.4,800
239.5,800
239.6,800
239.7,800
239.8,800
239.9,800
240,800
240.1,800
240.2,800
240.3,800
240.4,800
240.5,800
240.6,800
240.7,800
240.8,800
240.9,800
241,800
241.1,800
241.2,800
241.3,800
241.4,800
241.5,800
241.6,800
241.7,800
241.8,800
241.9,800
242,800
242.1,800
242.2,800
242.3,800
242.4,800
242.5,800
242.6,800
242.7,800
242.8,800
242.9,800
243,800
243.1,800
243.2,800
243.3,800
243.4,800
243.5,800
243.6,800
243.7,800
243.8,800
243.9,800
244,800
244.1,800
244.2,800
244.3,800
244.4,800
244.5,800
244.6,800
244.7,800
244.8,800
244.9,800
245,800
245.1,800
245.2,800
245.3,800
245.4,800
245.5,800
245.6,800
245.7,800
245.8,800
245.9,800
246,800
246.1,800
246.2,800
246.3,800
246.4,800
246.5,800
246.6,800
246.7,800
246.8,800
246.9,800
247,800
247.1,800
247.2,800
247.3,800
247.4,800
247.5,800
247.6,800
247.7,800
247.8,800
247.9,800
248,800
248.1,800
248.2,800
248.3,800
248.4,800
248.5,800
248.6,800
248.7,800
248.8,800
248.9,800
249,800
249.1,800
249.2,800
249.3,800
249.4,800
249.5,800
249.6,800
249.7,800
249.8,800
249.9,800
250,800
250.1,800
250.2,800
250.3,800
250.4,800
250.5,800
250.6,800
250.7,800
250.8,800
250.9,800
251,800
251.1,800
251.2,800
251.3,800
251.4,800
251.5,800
251.6,800
251.7,800
251.8,800
251.9,800
252,800
252.1,800
252.2,800
252.3,800
252.4,800
252.5,800
252.6,800
252.7,800
252.8,800
252.9,800
253,800
253.1,800
253.2,800
253.3,800
253.4,800
253.5,800
253.6,800
253.7,800
253.8,800
253.9,800
254,800
254.1,800
254.2,800
254.3,800
254.4,800
254.5,800
254.6,800
254.7,800
254.8,800
254.9,800
255,800
255.1,800
255.2,800
255.3,800
255.4,800
255.5,800
255.6,800
255.7,800
255.8,800
255.9,800
256,800
256.1,800
256.2,800
256.3,800
256.4,800
256.5,800
256.6,800
256.7,800
256.8,800
256.9,800
257,800
257.1,800
257.2,800
257.3,800
257.4,800
257.5,800
257.6,800
257.7,800
257.8,800
257.9,800
258,800
258.1,800
258.2,800
258.3,800
258.4,800
258.5,800
258.6,800
258.7,800
258.8,800
258.9,800
259,800
259.1,800
259.2,800
259.3,800
259.4,800
259.5,800
259.6,800
259.7,800
259.8,800
259.9,800
260,800
260.1,800
260.2,800
260.3,800
260.4,800
260.5,800
260.6,800
260.7,800
260.8,800
260.9,800
261,800
261.1,800
261.2,800
261.3,800
261.4,800
261.5,800
261.6,800
261.7,800
261.8,800
261.9,800
262,800
262.1,800
262.2,800
262.3,800
262.4,800
262.5,800
262.6,800
262.7,800
262.8,800
262.9,800
263,800
263.1,800
263.2,800
263.3,800
263.4,800
263.5,800
263.6,800
263.7,800
263.8,800
263.9,800
264,800
264.1,800
264.2,800
264.3,800
264.4,800
264.5,800
264.6,800
264.7,800
264.8,800
264.9,800
265,800
265.1,800
265.2,800
265.3,800
265.4,800
265.5,800
265.6,800
265.7,800
265.8,800
265.9,800
266,800
266.1,800
266.2,800
266.3,800
266.4,800
266.5,800
266.6,800
266.7,800
266.8,800
266.9,800
267,800
267.1,800
267.2,800
267.3,800
267.4,800
267.5,800
267.6,800
267.7,800
267.8,800
267.9,800
268,800
268.1,800
268.2,800
268.3,800
268.4,800
268.5,800
268.6,800
268.7,800
268.8,800
268.9,800
269,800
269.1,800
269.2,800
269.3,800
269.4,800
269.5,800
269.6,800
269.7,800
269.8,800
269.9,800
270,800
270.1,800
270.2,800
270.3,800
270.4,800
270.5,800
270.6,800
270.7,800
270.8,800
270.9,800
271,800
271.1,800
271.2,800
271.3,800
271.4,800
271.5,800
271.6,800
271.7,800
271.8,800
271.9,800
272,800
272.1,800
272.2,800
272.3,800
272.4,800
272.5,800
272.6,800
272.7,800
272.8,800
272.9,800
273,800
273.1,800
273.2,800
273.3,800
273.4,800
273.5,800
273.6,800
273.7,800
273.8,800
273.9,800
274,800
274.1,800
274.2,800
274.3,800
274.4,800
274.5,800
274.6,800
274.7,800
274.8,800
274.9,800
275,800
275.1,800
275.2,800
275.3,800
275.4,800
275.5,800
275.6,800
275.7,800
275.8,800
275.9,800
276,800
276.1,800
276.2,800
276.3,800
276.4,800
276.5,800
276.6,800
276.7,800
276.8,800
276.9,800
277,800
277.1,800
277.2,800
277.3,800
277.4,800
277.5,800
277.6,800
277.7,800
277.8,800
277.9,800
278,800
278.1,800
278.2,800
278.3,800
278.4,800
278.5,800
278.6,800
278.7,800
278.8,800
278.9,800
279,800
279.1,800
279.2,800
279.3,800
279.4,800
279.5,800
279.6,800
279.7,800
279.8,800
279.9,800
280,800
280.1,800
280.2,800
280.3,800
280.4,800
280.5,800
280.6,800
280.7,800
280.8,800
280.9,800
281,800
281.1,800
281.2,800
281.3,800
281.4,800
281.5,800
281.6,800
281.7,800
281.8,800
281.9,800
282,800
282.1,800
282.2,800
282.3,800
282.4,800
282.5,800
282.6,800
282.7,800
282.8,800
282.9,800
283,800
283.1,800
283.2,800
283.3,800
283.4,800
283.5,800
283.6,800
283.7,800
283.8,800
283.9,800
284,800
284.1,800
284.2,800
284.3,800
284.4,800
284.5,800
284.6,800
284.7,800
284.8,800
284.9,800
285,800
285.1,800
285.2,800
285.3,800
285.4,800
285.5,800
285.6,800
285.7,800
285.8,800
285.9,800
286,800
286.1,800
286.2,800
286.3,800
286.4,800
286.5,800
286.6,800
286.7,800
286.8,800
286.9,800
287,800
287.1,800
287.2,800
287.3,800
287.4,800
287.5,800
287.6,800
287.7,800
287.8,800
287.9,800
288,800
288.1,800
288.2,800
288.3,800
288.4,800
288.5,800
288.6,800
288.7,800
288.8,800
288.9,800
289,800
289.1,800
289.2,800
289.3,800
289.4,800
289.5,800
289.6,800
289.7,800
289.8,800
289.9,800
290,800
290.1,800
290.2,800
290.3,800
290.4,800
290.5,800
290.6,800
290.7,800
290.8,800
290.9,800
291,800
291.1,800
291.2,800
291.3,800
291.4,800
291.5,800
291.6,800
291.7,800
291.8,800
291.9,800
292,800
292.1,800
292.2,800
292.3,800
292.4,800
292.5,800
292.6,800
292.7,800
292.8,800
292.9,800
293,800
293.1,800
293.2,800
293.3,800
293.4,800
293.5,800
293.6,800
293.7,800
293.8,800
293.9,800
294,800
294.1,800
294.2,800
294.3,800
294.4,800
294.5,800
294.6,800
294.7,800
294.8,800
294.9,800
295,800
295.1,800
295.2,800
295.3,800
295.4,800
295.5,800
295.6,800
295.7,800
295.8,800
295.9,800
296,800
296.1,800
296.2,800
296.3,800
296.4,800
296.5,800
296.6,800
296.7,800
296.8,800
296.9,800
297,800
297.1,800
297.2,800
297.3,800
297.4,800
297.5,800
297.6,800
297.7,800
297.8,800
297.9,800
298,800
298.1,800
298.2,800
298.3,800
298.4,800
298.5,800
298.6,800
298.7,800
298.8,800
298.9,800
299,800
299.1,800
299.2,800
299.3,800
299.4,800
299.5,800
299.6,800
299.7,800
299.8,800
299.9,800
300,800
300.1,800
300.2,800
300.3,800
300.4,800
300.5,800
300.6,800
300.7,800
300.8,800
300.9,800
301,800
301.1,800
301.2,800
301.3,800
301.4,800
301.5,800
301.6,800
301.7,800
301.8,800
301.9,800
302,800
302.1,800
302.2,800
302.3,800
302.4,800
302.5,800
302.6,800
302.7,800
302.8,800
302.9,800
303,800
303.1,800
303.2,800
303.3,800
303.4,800
303.5,800
303.6,800
303.7,800
303.8,800
303.9,800
304,800
304.1,800
304.2,800
304.3,800
304.4,800
304.5,800
304.6,800
304.7,800
304.8,800
304.9,800
305,800
305.1,800
305.2,800
305.3,800
305.4,800
305.5,800
305.6,800
305.7,800
305.8,800
305.9,800
306,800
306.1,800
306.2,800
306.3,800
306.4,800
306.5,800
306.6,800
306.7,800
306.8,800
306.9,800
307,800
307.1,800
307.2,800
307.3,800
307.4,800
307.5,800
307.6,800
307.7,800
307.8,800
307.9,800
308,800
308.1,800
308.2,800
308.3,800
308.4,800
308.5,800
308.6,800
308.7,800
308.8,800
308.9,800
309,800
309.1,800
309.2,800
309.3,800
309.4,800
309.5,800
309.6,800
309.7,800
309.8,800
309.9,800
310,800
310.1,800
310.2,800
310.3,800
310.4,800
310.5,800
310.6,800
310.7,800
310.8,800
310.9,800
311,800
311.1,800
311.2,800
311.3,800
311.4,800
311.5,800
311.6,800
311.7,800
311.8,800
311.9,800
312,800
312.1,800
312.2,800
312.3,800
312.4,800
312.5,800
312.6,800
312.7,800
312.8,800
312.9,800
313,800
313.1,800
313.2,800
313.3,800
313.4,800
313.5,800
313.6,800
313.7,800
313.8,800
313.9,800
314,800
314.1,800
314.2,800
314.3,800
314.4,800
314.5,800
314.6,800
314.7,800
314.8,800
314.9,800
315,800
315.1,800
315.2,800
315.3,800
315.4,800
315.5,800
315.6,800
315.7,800
315.8,800
315.9,800
316,800
316.1,800
316.2,800
316.3,800
316.4,800
316.5,800
316.6,800
316.7,800
316.8,800
316.9,800
317,800
317.1,800
317.2,800
317.3,800
317.4,800
317.5,800
317.6,800
317.7,800
317.8,800
317.9,800
318,800
318.1,800
318.2,800
318.3,800
318.4,800
318.5,800
318.6,800
318.7,800
318.8,800
318.9,800
319,800
319.1,800
319.2,800
319.3,800
319.4,800
319.5,800
319.6,800
319.7,800
319.8,800
319.9,800
320,800
320.1,800
320.2,800
320.3,800
320.4,800
320.5,800
320.6,800
320.7,800
320.8,800
320.9,800
321,800
321.1,800
321.2,800
321.3,800
321.4,800
321.5,800
321.6,800
321.7,800
321.8,800
321.9,800
322,800
322.1,800
322.2,800
322.3,800
322.4,800
322.5,800
322.6,800
322.7,800
322.8,800
322.9,800
323,800
323.1,800
323.2,800
323.3,800
323.4,800
323.5,800
323.6,800
323.7,800
323.8,800
323.9,800
324,800
324.1,800
324.2,800
324.3,800
324.4,800
324.5,800
324.6,800
324.7,800
324.8,800
324.9,800
325,800
325.1,800
325.2,800
325.3,800
325.4,800
325.5,800
325.6,800
325.7,800
325.8,800
325.9,800
326,800
326.1,800
326.2,800
326.3,800
326.4,800
326.5,800
326.6,800
326.7,800
326.8,800
326.9,800
327,800
327.1,800
327.2,800
327.3,800
327.4,800
327.5,800
327.6,800
327.7,800
327.8,800
327.9,800
328,800
328.1,800
328.2,800
328.3,800
328.4,800
328.5,800
328.6,800
328.7,800
328.8,800
328.9,800
329,800
329.1,800
329.2,800
329.3,800
329.4,800
329.5,800
329.6,800
329.7,800
329.8,800
329.9,800
330,800
330.1,800
330.2,800
330.3,800
330.4,800
330.5,800
330.6,800
330.7,800
330.8,800
330.9,800
331,800
331.1,800
331.2,800
331.3,800
331.4,800
331.5,800
331.6,800
331.7,800
331.8,800
331.9,800
332,800
332.1,800
332.2,800
332.3,800
332.4,800
332.5,800
332.6,800
332.7,800
332.8,800
332.9,800
333,800
333.1,800
333.2,800
333.3,800
333.4,800
333.5,800
333.6,800
333.7,800
333.8,800
333.9,800
334,800
334.1,800
334.2,800
334.3,800
334.4,800
334.5,800
334.6,800
334.7,800
334.8,800
334.9,800
335,800
335.1,800
335.2,800
335.3,800
335.4,800
335.5,800
335.6,800
335.7,800
335.8,800
335.9,800
336,800
336.1,800
336.2,800
336.3,800
336.4,800
336.5,800
336.6,800
336.7,800
336.8,800
336.9,800
337,800
337.1,800
337.2,800
337.3,800
337.4,800
337.5,800
337.6,800
337.7,800
337.8,800
337.9,800
338,800
338.1,800
338.2,800
338.3,800
338.4,800
338.5,800
338.6,800
338.7,800
338.8,800
338.9,800
339,800
339.1,800
339.2,800
339.3,800
339.4,800
339.5,800
339.6,800
339.7,800
339.8,800
339.9,800
340,800
340.1,800
340.2,800
340.3,800
340.4,800
340.5,800
340.6,800
340.7,800
340.8,800
340.9,800
341,800
341.1,800
341.2,800
341.3,800
341.4,800
341.5,800
341.6,800
341.7,800
341.8,800
341.9,800
342,800
342.1,800
342.2,800
342.3,800
342.4,800
342.5,800
342.6,800
342.7,800
342.8,800
342.9,800
343,800
343.1,800
343.2,800
343.3,800
343.4,800
343.5,800
343.6,800
343.7,800
343.8,800
343.9,800
344,800
344.1,800
344.2,800
344.3,800
344.4,800
344.5,800
344.6,800
344.7,800
344.8,800
344.9,800
345,800
345.1,800
345.2,800
345.3,800
345.4,800
345.5,800
345.6,800
345.7,800
345.8,800
345.9,800
346,800
346.1,800
346.2,800
346.3,800
346.4,800
346.5,800
346.6,800
346.7,800
346.8,800
346.9,800
347,800
347.1,800
347.2,800
347.3,800
347.4,800
347.5,800
347.6,800
347.7,800
347.8,800
347.9,800
348,800
348.1,800
348.2,800
348.3,800
348.4,800
348.5,800
348.6,800
348.7,800
348.8,800
348.9,800
349,800
349.1,800
349.2,800
349.3,800
349.4,800
349.5,800
349.6,800
349.7,800
349.8,800
349.9,800
350,800
350.1,800
350.2,800
350.3,800
350.4,800
350.5,800
350.6,800
350.7,800
350.8,800
350.9,800
351,800
351.1,800
351.2,800
351.3,800
351.4,800
351.5,800
351.6,800
351.7,800
351.8,800
351.9,800
352,800
352.1,800
352.2,800
352.3,800
352.4,800
352.5,800
352.6,800
352.7,800
352.8,800
352.9,800
353,800
353.1,800
353.2,800
353.3,800
353.4,800
353.5,800
353.6,800
353.7,800
353.8,800
353.9,800
354,800
354.1,800
354.2,800
354.3,800
354.4,800
354.5,800
354.6,800
354.7,800
354.8,800
354.9,800
355,800
355.1,800
355.2,800
355.3,800
355.4,800
355.5,800
355.6,800
355.7,800
355.8,800
355.9,800
356,800
356.1,800
356.2,800
356.3,800
356.4,800
356.5,800
356.6,800
356.7,800
356.8,800
356.9,800
357,800
357.1,800
357.2,800
357.3,800
357.4,800
357.5,800
357.6,800
357.7,800
357.8,800
357.9,800
358,800
358.1,800
358.2,800
358.3,800
358.4,800
358.5,800
358.6,800
358.7,800
358.8,800
358.9,800
359,800
359.1,800
359.2,800
359.3,800
359.4,800
359.5,800
359.6,800
359.7,800
359.8,800
359.9,800
360,800
360.1,800
360.2,800
360.3,800
360.4,800
360.5,800
360.6,800
360.7,800
360.8,800
360.9,800
361,800
361.1,800
361.2,800
361.3,800
361.4,800
361.5,800
361.6,800
361.7,800
361.8,800
361.9,800
362,800
362.1,800
362.2,800
362.3,800
362.4,800
362.5,800
362.6,800
362.7,800
362.8,800
362.9,800
363,800
363.1,800
363.2,800
363.3,800
363.4,800
363.5,800
363.6,800
363.7,800
363.8,800
363.9,800
364,800
364.1,800
364.2,800
364.3,800
364.4,800
364.5,800
364.6,800
364.7,800
364.8,800
364.9,800
365,800
365.1,800
365.2,800
365.3,800
365.4,800
365.5,800
365.6,800
365.7,800
365.8,800
365.9,800
366,800
366.1,800
366.2,800
366.3,800
366.4,800
366.5,800
366.6,800
366.7,800
366.8,800
366.9,800
367,800
367.1,800
367.2,800
367.3,800
367.4,800
367.5,800
367.6,800
367.7,800
367.8,800
367.9,800
368,800
368.1,800
368.2,800
368.3,800
368.4,800
368.5,800
368.6,800
368.7,800
368.8,800
368.9,800
369,800
369.1,800
369.2,800
369.3,800
369.4,800
369.5,800
369.6,800
369.7,800
369.8,800
369.9,800
370,800
370.1,800
370.2,800
370.3,800
370.4,800
370.5,800
370.6,800
370.7,800
370.8,800
370.9,800
371,800
371.1,800
371.2,800
371.3,800
371.4,800
371.5,800
371.6,800
371.7,800
371.8,800
371.9,800
372,800
372.1,800
372.2,800
372.3,800
372.4,800
372.5,800
372.6,800
372.7,800
372.8,800
372.9,800
373,800
373.1,800
373.2,800
373.3,800
373.4,800
373.5,800
373.6,800
373.7,800
373.8,800
373.9,800
374,800
374.1,800
374.2,800
374.3,800
374.4,800
374.5,800
374.6,800
374.7,800
374.8,800
374.9,800
375,800
375.1,800
375.2,800
375.3,800
375.4,800
375.5,800
375.6,800
375.7,800
375.8,800
375.9,800
376,800
376.1,800
376.2,800
376.3,800
376.4,800
376.5,800
376.6,800
376.7,800
376.8,800
376.9,800
377,800
377.1,800
377.2,800
377.3,800
377.4,800
377.5,800
377.6,800
377.7,800
377.8,800
377.9,800
378,800
378.1,800
378.2,800
378.3,800
378.4,800
378.5,800
378.6,800
378.7,800
378.8,800
378.9,800
379,800
379.1,800
379.2,800
379.3,800
379.4,800
379.5,800
379.6,800
379.7,800
379.8,800
379.9,800
380,800
380.1,800
380.2,800
380.3,800
380.4,800
380.5,800
380.6,800
380.7,800
380.8,800
380.9,800
381,800
381.1,800
381.2,800
381.3,800
381.4,800
381.5,800
381.6,800
381.7,800
381.8,800
381.9,800
382,800
382.1,800
382.2,800
382.3,800
382.4,800
382.5,800
382.6,800
382.7,800
382.8,800
382.9,800
383,800
383.1,800
383.2,800
383.3,800
383.4,800
383.5,800
383.6,800
383.7,800
383.8,800
383.9,800
384,800
384.1,800
384.2,800
384.3,800
384.4,800
384.5,800
384.6,800
384.7,800
384.8,800
384.9,800
385,800
385.1,800
385.2,800
385.3,800
385.4,800
385.5,800
385.6,800
385.7,800
385.8,800
385.9,800
386,800
386.1,800
386.2,800
386.3,800
386.4,800
386.5,800
386.6,800
386.7,800
386.8,800
386.9,800
387,800
387.1,800
387.2,800
387.3,800
387.4,800
387.5,800
387.6,800
387.7,800
387.8,800
387.9,800
388,800
388.1,800
388.2,800
388.3,800
388.4,800
388.5,800
388.6,800
388.7,800
388.8,800
388.9,800
389,800
389.1,800
389.2,800
389.3,800
389.4,800
389.5,800
389.6,800
389.7,800
389.8,800
389.9,800
390,800
390.1,800
390.2,800
390.3,800
390.4,800
390.5,800
390.6,800
390.7,800
390.8,800
390.9,800
391,800
391.1,800
391.2,800
391.3,800
391.4,800
391.5,800
391.6,800
391.7,800
391.8,800
391.9,800
392,800
392.1,800
392.2,800
392.3,800
392.4,800
392.5,800
392.6,800
392.7,800
392.8,800
392.9,800
393,800
393.1,800
393.2,800
393.3,800
393.4,800
393.5,800
393.6,800
393.7,800
393.8,800
393.9,800
394,800
394.1,800
394.2,800
394.3,800
394.4,800
394.5,800
394.6,800
394.7,800
394.8,800
394.9,800
395,800
395.1,800
395.2,800
395.3,800
395.4,800
395.5,800
395.6,800
395.7,800
395.8,800
395.9,800
396,800
396.1,800
396.2,800
396.3,800
396.4,800
396.5,800
396.6,800
396.7,800
396.8,800
396.9,800
397,800
397.1,800
397.2,800
397.3,800
397.4,800
397.5,800
397.6,800
397.7,800
397.8,800
397.9,800
398,800
398.1,800
398.2,800
398.3,800
398.4,800
398.5,800
398.6,800
398.7,800
398.8,800
398.9,800
399,800
399.1,800
399.2,800
399.3,800
399.4,800
399.5,800
399.6,800
399.7,800
399.8,800
399.9,800
400,800
400.1,800
400.2,800
400.3,800
400.4,800
400.5,800
400.6,800
400.7,800
400.8,800
400.9,800
401,800
401.1,800
401.2,800
401.3,800
401.4,800
401.5,800
401.6,800
401.7,800
401.8,800
401.9,800
402,800
402.1,800
402.2,800
402.3,800
402.4,800
402.5,800
402.6,800
402.7,800
402.8,800
402.9,800
403,800
403.1,800
403.2,800
403.3,800
403.4,800
403.5,800
403.6,800
403.7,800
403.8,800
403.9,800
404,800
404.1,800
404.2,800
404.3,800
404.4,800
404.5,800
404.6,800
404.7,800
404.8,800
404.9,800
405,800
405.1,800
405.2,800
405.3,800
405.4,800
405.5,800
405.6,800
405.7,800
405.8,800
405.9,800
406,800
406.1,800
406.2,800
406.3,800
406.4,800
406.5,800
406.6,800
406.7,800
406.8,800
406.9,800
407,800
407.1,800
407.2,800
407.3,800
407.4,800
407.5,800
407.6,800
407.7,800
407.8,800
407.9,800
408,800
408.1,800
408.2,800
408.3,800
408.4,800
408.5,800
408.6,800
408.7,800
408.8,800
408.9,800
409,800
409.1,800
409.2,800
409.3,800
409.4,800
409.5,800
409.6,800
409.7,800
409.8,800
409.9,800
410,800
410.1,800
410.2,800
410.3,800
410.4,800
410.5,800
410.6,800
410.7,800
410.8,800
410.9,800
411,800
411.1,800
411.2,800
411.3,800
411.4,800
411.5,800
411.6,800
411.7,800
411.8,800
411.9,800
412,800
412.1,800
412.2,800
412.3,800
412.4,800
412.5,800
412.6,800
412.7,800
412.8,800
412.9,800
413,800
413.1,800
413.2,800
413.3,800
413.4,800
413.5,800
413.6,800
413.7,800
413.8,800
413.9,800
414,800
414.1,800
414.2,800
414.3,800
414.4,800
414.5,800
414.6,800
414.7,800
414.8,800
414.9,800
415,800
415.1,800
415.2,800
415.3,800
415.4,800
415.5,800
415.6,800
415.7,800
415.8,800
415.9,800
416,800
416.1,800
416.2,800
416.3,800
416.4,800
416.5,800
416.6,800
416.7,800
416.8,800
416.9,800
417,800
417.1,800
417.2,800
417.3,800
417.4,800
417.5,800
417.6,800
417.7,800
417.8,800
417.9,800
418,800
418.1,800
418.2,800
418.3,800
418.4,800
418.5,800
418.6,800
418.7,800
418.8,800
418.9,800
419,800
419.1,800
419.2,800
419.3,800
419.4,800
419.5,800
419.6,800
419.7,800
419.8,800
419.9,800
420,800
420.1,800
420.2,800
420.3,800
420.4,800
420.5,800
420.6,800
420.7,800
420.8,800
420.9,800
421,800
421.1,800
421.2,800
421.3,800
421.4,800
421.5,800
421.6,800
421.7,800
421.8,800
421.9,800
422,800
422.1,800
422.2,800
422.3,800
422.4,800
422.5,800
422.6,800
422.7,800
422.8,800
422.9,800
423,800
423.1,800
423.2,800
423.3,800
423.4,800
423.5,800
423.6,800
423.7,800
423.8,800
423.9,800
424,800
424.1,800
424.2,800
424.3,800
424.4,800
424.5,800
424.6,800
424.7,800
424.8,800
424.9,800
425,800
425.1,800
425.2,800
425.3,800
425.4,800
425.5,800
425.6,800
425.7,800
425.8,800
425.9,800
426,800
426.1,800
426.2,800
426.3,800
426.4,800
426.5,800
426.6,800
426.7,800
426.8,800
426.9,800
427,800
427.1,800
427.2,800
427.3,800
427.4,800
427.5,800
427.6,800
427.7,800
427.8,800
427.9,800
428,800
428.1,800
428.2,800
428.3,800
428.4,800
428.5,800
428.6,800
428.7,800
428.8,800
428.9,800
429,800
429.1,800
429.2,800
429.3,800
429.4,800
429.5,800
429.6,800
429.7,800
429.8,800
429.9,800
430,800
430.1,800
430.2,800
430.3,800
430.4,800
430.5,800
430.6,800
430.7,800
430.8,800
430.9,800
431,800
431.1,800
431.2,800
431.3,800
431.4,800
431.5,800
431.6,800
431.7,800
431.8,800
431.9,800
432,800
432.1,800
432.2,800
432.3,800
432.4,800
432.5,800
432.6,800
432.7,800
432.8,800
432.9,800
433,800
433.1,800
433.2,800
433.3,800
433.4,800
433.5,800
433.6,800
433.7,800
433.8,800
433.9,800
434,800
434.1,800
434.2,800
434.3,800
434.4,800
434.5,800
434.6,800
434.7,800
434.8,800
434.9,800
435,800
435.1,800
435.2,800
435.3,800
435.4,800
435.5,800
435.6,800
435.7,800
435.8,800
435.9,800
436,800
436.1,800
436.2,800
436.3,800
436.4,800
436.5,800
436.6,800
436.7,800
436.8,800
436.9,800
437,800
437.1,800
437.2,800
437.3,800
437.4,800
437.5,800
437.6,800
437.7,800
437.8,800
437.9,800
438,800
438.1,800
438.2,800
438.3,800
438.4,800
438.5,800
438.6,800
438.7,800
438.8,800
438.9,800
439,800
439.1,800
439.2,800
439.3,800
439.4,800
439.5,800
439.6,800
439.7,800
439.8,800
439.9,800
440,800
440.1,800
440.2,800
440.3,800
440.4,800
440.5,800
440.6,800
440.7,800
440.8,800
440.9,800
441,800
441.1,800
441.2,800
441.3,800
441.4,800
441.5,800
441.6,800
441.7,800
441.8,800
441.9,800
442,800
442.1,800
442.2,800
442.3,800
442.4,800
442.5,800
442.6,800
442.7,800
442.8,800
442.9,800
443,800
443.1,800
443.2,800
443.3,800
443.4,800
443.5,800
443.6,800
443.7,800
443.8,800
443.9,800
444,800
444.1,800
444.2,800
444.3,800
444.4,800
444.5,800
444.6,800
444.7,800
444.8,800
444.9,800
445,800
445.1,800
445.2,800
445.3,800
445.4,800
445.5,800
445.6,800
445.7,800
445.8,800
445.9,800
446,800
446.1,800
446.2,800
446.3,800
446.4,800
446.5,800
446.6,800
446.7,800
446.8,800
446.9,800
447,800
447.1,800
447.2,800
447.3,800
447.4,800
447.5,800
447.6,800
447.7,800
447.8,800
447.9,800
448,800
448.1,800
448.2,800
448.3,800
448.4,800
448.5,800
448.6,800
448.7,800
448.8,800
448.9,800
449,800
449.1,800
449.2,800
449.3,800
449.4,800
449.5,800
449.6,800
449.7,800
449.8,800
449.9,800
450,800
450.1,800
450.2,800
450.3,800
450.4,800
450.5,800
450.6,800
450.7,800
450.8,800
450.9,800
451,800
451.1,800
451.2,800
451.3,800
451.4,800
451.5,800
451.6,800
451.7,800
451.8,800
451.9,800
452,800
452.1,800
452.2,800
452.3,800
452.4,800
452.5,800
452.6,800
452.7,800
452.8,800
452.9,800
453,800
453.1,800
453.2,800
453.3,800
453.4,800
453.5,800
453.6,800
453.7,800
453.8,800
453.9,800
454,800
454.1,800
454.2,800
454.3,800
454.4,800
454.5,800
454.6,800
454.7,800
454.8,800
454.9,800
455,800
455.1,800
455.2,800
455.3,800
455.4,800
455.5,800
455.6,800
455.7,800
455.8,800
455.9,800
456,800
456.1,800
456.2,800
456.3,800
456.4,800
456.5,800
456.6,800
456.7,800
456.8,800
456.9,800
457,800
457.1,800
457.2,800
457.3,800
457.4,800
457.5,800
457.6,800
457.7,800
457.8,800
457.9,800
458,800
458.1,800
458.2,800
458.3,800
458.4,800
458.5,800
458.6,800
458.7,800
458.8,800
458.9,800
459,800
459.1,800
459.2,800
459.3,800
459.4,800
459.5,800
459.6,800
459.7,800
459.8,800
459.9,800
460,800
460.1,800
460.2,800
460.3,800
460.4,800
460.5,800
460.6,800
460.7,800
460.8,800
460.9,800
461,800
461.1,800
461.2,800
461.3,800
461.4,800
461.5,800
461.6,800
461.7,800
461.8,800
461.9,800
462,800
462.1,800
462.2,800
462.3,800
462.4,800
462.5,800
462.6,800
462.7,800
462.8,800
462.9,800
463,800
463.1,800
463.2,800
463.3,800
463.4,800
463.5,800
463.6,800
463.7,800
463.8,800
463.9,800
464,800
464.1,800
464.2,800
464.3,800
464.4,800
464.5,800
464.6,800
464.7,800
464.8,800
464.9,800
465,800
465.1,800
465.2,800
465.3,800
465.4,800
465.5,800
465.6,800
465.7,800
465.8,800
465.9,800
466,800
466.1,800
466.2,800
466.3,800
466.4,800
466.5,800
466.6,800
466.7,800
466.8,800
466.9,800
467,800
467.1,800
467.2,800
467.3,800
467.4,800
467.5,800
467.6,800
467.7,800
467.8,800
467.9,800
468,800
468.1,800
468.2,800
468.3,800
468.4,800
468.5,800
468.6,800
468.7,800
468.8,800
468.9,800
469,800
469.1,800
469.2,800
469.3,800
469.4,800
469.5,800
469.6,800
469.7,800
469.8,800
469.9,800
470,800
470.1,800
470.2,800
470.3,800
470.4,800
470.5,800
470.6,800
470.7,800
470.8,800
470.9,800
471,800
471.1,800
471.2,800
471.3,800
471.4,800
471.5,800
471.6,800
471.7,800
471.8,800
471.9,800
472,800
472.1,800
472.2,800
472.3,800
472.4,800
472.5,800
472.6,800
472.7,800
472.8,800
472.9,800
473,800
473.1,800
473.2,800
473.3,800
473.4,800
473.5,800
473.6,800
473.7,800
473.8,800
473.9,800
474,800
474.1,800
474.2,800
474.3,800
474.4,800
474.5,800
474.6,800
474.7,800
474.8,800
474.9,800
475,800
475.1,800
475.2,800
475.3,800
475.4,800
475.5,800
475.6,800
475.7,800
475.8,800
475.9,800
476,800
476.1,800
476.2,800
476.3,800
476.4,800
476.5,800
476.6,800
476.7,800
476.8,800
476.9,800
477,800
477.1,800
477.2,800
477.3,800
477.4,800
477.5,800
477.6,800
477.7,800
477.8,800
477.9,800
478,800
478.1,800
478.2,800
478.3,800
478.4,800
478.5,800
478.6,800
478.7,800
478.8,800
478.9,800
479,800
479.1,800
479.2,800
479.3,800
479.4,800
479.5,800
479.6,800
479.7,800
479.8,800
479.9,800
480,800
480.1,800
480.2,800
480.3,800
480.4,800
480.5,800
480.6,800
480.7,800
480.8,800
480.9,800
481,800
481.1,800
481.2,800
481.3,800
481.4,800
481.5,800
481.6,800
481.7,800
481.8,800
481.9,800
482,800
482.1,800
482.2,800
482.3,800
482.4,800
482.5,800
482.6,800
482.7,800
482.8,800
482.9,800
483,800
483.1,800
483.2,800
483.3,800
483.4,800
483.5,800
483.6,800
483.7,800
483.8,800
483.9,800
484,800
484.1,800
484.2,800
484.3,800
484.4,800
484.5,800
484.6,800
484.7,800
484.8,800
484.9,800
485,800
485.1,800
485.2,800
485.3,800
485.4,800
485.5,800
485.6,800
485.7,800
485.8,800
485.9,800
486,800
486.1,800
486.2,800
486.3,800
486.4,800
486.5,800
486.6,800
486.7,800
486.8,800
486.9,800
487,800
487.1,800
487.2,800
487.3,800
487.4,800
487.5,800
487.6,800
487.7,800
487.8,800
487.9,800
488,800
488.1,800
488.2,800
488.3,800
488.4,800
488.5,800
488.6,800
488.7,800
488.8,800
488.9,800
489,800
489.1,800
489.2,800
489.3,800
489.4,800
489.5,800
489.6,800
489.7,800
489.8,800
489.9,800
490,800
490.1,800
490.2,800
490.3,800
490.4,800
490.5,800
490.6,800
490.7,800
490.8,800
490.9,800
491,800
491.1,800
491.2,800
491.3,800
491.4,800
491.5,800
491.6,800
491.7,800
491.8,800
491.9,800
492,800
492.1,800
492.2,800
492.3,800
492.4,800
492.5,800
492.6,800
492.7,800
492.8,800
492.9,800
493,800
493.1,800
493.2,800
493.3,800
493.4,800
493.5,800
493.6,800
493.7,800
493.8,800
493.9,800
494,800
494.1,800
494.2,800
494.3,800
494.4,800
494.5,800
494.6,800
494.7,800
494.8,800
494.9,800
495,800
495.1,800
495.2,800
495.3,800
495.4,800
495.5,800
495.6,800
495.7,800
495.8,800
495.9,800
496,800
496.1,800
496.2,800
496.3,800
496.4,800
496.5,800
496.6,800
496.7,800
496.8,800
496.9,800
497,800
497.1,800
497.2,800
497.3,800
497.4,800
497.5,800
497.6,800
497.7,800
497.8,800
497.9,800
498,800
498.1,800
498.2,800
498.3,800
498.4,800
498.5,800
498.6,800
498.7,800
498.8,800
498.9,800
499,800
499.1,800
499.2,800
499.3,800
499.4,800
499.5,800
499.6,800
499.7,800
499.8,800
499.9,800
500,800
500.1,800
500.2,800
500.3,800
500.4,800
500.5,800
500.6,800
500.7,800
500.8,800
500.9,800
501,800
501.1,800
501.2,800
501.3,800
501.4,800
501.5,800
501.6,800
501.7,800
501.8,800
501.9,800
502,800
502.1,800
502.2,800
502.3,800
502.4,800
502.5,800
502.6,800
502.7,800
502.8,800
502.9,800
503,800
503.1,800
503.2,800
503.3,800
503.4,800
503.5,800
503.6,800
503.7,800
503.8,800
503.9,800
504,800
504.1,800
504.2,800
504.3,800
504.4,800
504.5,800
504.6,800
504.7,800
504.8,800
504.9,800
505,800
505.1,800
505.2,800
505.3,800
505.4,800
505.5,800
505.6,800
505.7,800
505.8,800
505.9,800
506,800
506.1,800
506.2,800
506.3,800
506.4,800
506.5,800
506.6,800
506.7,800
506.8,800
506.9,800
507,800
507.1,800
507.2,800
507.3,800
507.4,800
507.5,800
507.6,800
507.7,800
507.8,800
507.9,800
508,800
508.1,800
508.2,800
508.3,800
508.4,800
508.5,800
508.6,800
508.7,800
508.8,800
508.9,800
509,800
509.1,800
509.2,800
509.3,800
509.4,800
509.5,800
509.6,800
509.7,800
509.8,800
509.9,800
510,800
510.1,800
510.2,800
510.3,800
510.4,800
510.5,800
510.6,800
510.7,800
510.8,800
510.9,800
511,800
511.1,800
511.2,800
511.3,800
511.4,800
511.5,800
511.6,800
511.7,800
511.8,800
511.9,800
512,800
512.1,800
512.2,800
512.3,800
512.4,800
512.5,800
512.6,800
512.7,800
512.8,800
512.9,800
513,800
513.1,800
513.2,800
513.3,800
513.4,800
513.5,800
513.6,800
513.7,800
513.8,800
513.9,800
514,800
514.1,800
514.2,800
514.3,800
514.4,800
514.5,800
514.6,800
514.7,800
514.8,800
514.9,800
515,800
515.1,800
515.2,800
515.3,800
515.4,800
515.5,800
515.6,800
515.7,800
515.8,800
515.9,800
516,800
516.1,800
516.2,800
516.3,800
516.4,800
516.5,800
516.6,800
516.7,800
516.8,800
516.9,800
517,800
517.1,800
517.2,800
517.3,800
517.4,800
517.5,800
517.6,800
517.7,800
517.8,800
517.9,800
518,800
518.1,800
518.2,800
518.3,800
518.4,800
518.5,800
518.6,800
518.7,800
518.8,800
518.9,800
519,800
519.1,800
519.2,800
519.3,800
519.4,800
519.5,800
519.6,800
519.7,800
519.8,800
519.9,800
520,800
520.1,800
520.2,800
520.3,800
520.4,800
520.5,800
520.6,800
520.7,800
520.8,800
520.9,800
521,800
521.1,800
521.2,800
521.3,800
521.4,800
521.5,800
521.6,800
521.7,800
521.8,800
521.9,800
522,800
522.1,800
522.2,800
522.3,800
522.4,800
522.5,800
522.6,800
522.7,800
522.8,800
522.9,800
523,800
523.1,800
523.2,800
523.3,800
523.4,800
523.5,800
523.6,800
523.7,800
523.8,800
523.9,800
524,800
524.1,800
524.2,800
524.3,800
524.4,800
524.5,800
524.6,800
524.7,800
524.8,800
524.9,800
525,800
525.1,800
525.2,800
525.3,800
525.4,800
525.5,800
525.6,800
525.7,800
525.8,800
525.9,800
526,800
526.1,800
526.2,800
526.3,800
526.4,800
526.5,800
526.6,800
526.7,800
526.8,800
526.9,800
527,800
527.1,800
527.2,800
527.3,800
527.4,800
527.5,800
527.6,800
527.7,800
527.8,800
527.9,800
528,800
528.1,800
528.2,800
528.3,800
528.4,800
528.5,800
528.6,800
528.7,800
528.8,800
528.9,800
529,800
529.1,800
529.2,800
529.3,800
529.4,800
529.5,800
529.6,800
529.7,800
529.8,800
529.9,800
530,800
530.1,800
530.2,800
530.3,800
530.4,800
530.5,800
530.6,800
530.7,800
530.8,800
530.9,800
531,800
531.1,800
531.2,800
531.3,800
531.4,800
531.5,800
531.6,800
531.7,800
531.8,800
531.9,800
532,800
532.1,800
532.2,800
532.3,800
532.4,800
532.5,800
532.6,800
532.7,800
532.8,800
532.9,800
533,800
533.1,800
533.2,800
533.3,800
533.4,800
533.5,800
533.6,800
533.7,800
533.8,800
533.9,800
534,800
534.1,800
534.2,800
534.3,800
534.4,800
534.5,800
534.6,800
534.7,800
534.8,800
534.9,800
535,800
535.1,800
535.2,800
535.3,800
535.4,800
535.5,800
535.6,800
535.7,800
535.8,800
535.9,800
536,800
536.1,800
536.2,800
536.3,800
536.4,800
536.5,800
536.6,800
536.7,800
536.8,800
536.9,800
537,800
537.1,800
537.2,800
537.3,800
537.4,800
537.5,800
537.6,800
537.7,800
537.8,800
537.9,800
538,800
538.1,800
538.2,800
538.3,800
538.4,800
538.5,800
538.6,800
538.7,800
538.8,800
538.9,800
539,800
539.1,800
539.2,800
539.3,800
539.4,800
539.5,800
539.6,800
539.7,800
539.8,800
539.9,800
540,800
540.1,800
540.2,800
540.3,800
540.4,800
540.5,800
540.6,800
540.7,800
540.8,800
540.9,800
541,800
541.1,800
541.2,800
541.3,800
541.4,800
541.5,800
541.6,800
541.7,800
541.8,800
541.9,800
542,800
542.1,800
542.2,800
542.3,800
542.4,800
542.5,800
542.6,800
542.7,800
542.8,800
542.9,800
543,800
543.1,800
543.2,800
543.3,800
543.4,800
543.5,800
543.6,800
543.7,800
543.8,800
543.9,800
544,800
544.1,800
544.2,800
544.3,800
544.4,800
544.5,800
544.6,800
544.7,800
544.8,800
544.9,800
545,800
545.1,800
545.2,800
545.3,800
545.4,800
545.5,800
545.6,800
545.7,800
545.8,800
545.9,800
546,800
546.1,800
546.2,800
546.3,800
546.4,800
546.5,800
546.6,800
546.7,800
546.8,800
546.9,800
547,800
547.1,800
547.2,800
547.3,800
547.4,800
547.5,800
547.6,800
547.7,800
547.8,800
547.9,800
548,800
548.1,800
548.2,800
548.3,800
548.4,800
548.5,800
548.6,800
548.7,800
548.8,800
548.9,800
549,800
549.1,800
549.2,800
549.3,800
549.4,800
549.5,800
549.6,800
549.7,800
549.8,800
549.9,800
550,800
550.1,800
550.2,800
550.3,800
550.4,800
550.5,800
550.6,800
550.7,800
550.8,800
550.9,800
551,800
551.1,800
551.2,800
551.3,800
551.4,800
551.5,800
551.6,800
551.7,800
551.8,800
551.9,800
552,800
552.1,800
552.2,800
552.3,800
552.4,800
552.5,800
552.6,800
552.7,800
552.8,800
552.9,800
553,800
553.1,800
553.2,800
553.3,800
553.4,800
553.5,800
553.6,800
553.7,800
553.8,800
553.9,800
554,800
554.1,800
554.2,800
554.3,800
554.4,800
554.5,800
554.6,800
554.7,800
554.8,800
554.9,800
555,800
555.1,800
555.2,800
555.3,800
555.4,800
555.5,800
555.6,800
555.7,800
555.8,800
555.9,800
556,800
556.1,800
556.2,800
556.3,800
556.4,800
556.5,800
556.6,800
556.7,800
556.8,800
556.9,800
557,800
557.1,800
557.2,800
557.3,800
557.4,800
557.5,800
557.6,800
557.7,800
557.8,800
557.9,800
558,800
558.1,800
558.2,800
558.3,800
558.4,800
558.5,800
558.6,800
558.7,800
558.8,800
558.9,800
559,800
559.1,800
559.2,800
559.3,800
559.4,800
559.5,800
559.6,800
559.7,800
559.8,800
559.9,800
560,800
560.1,800
560.2,800
560.3,800
560.4,800
560.5,800
560.6,800
560.7,800
560.8,800
560.9,800
561,800
561.1,800
561.2,800
561.3,800
561.4,800
561.5,800
561.6,800
561.7,800
561.8,800
561.9,800
562,800
562.1,800
562.2,800
562.3,800
562.4,800
562.5,800
562.6,800
562.7,800
562.8,800
562.9,800
563,800
563.1,800
563.2,800
563.3,800
563.4,800
563.5,800
563.6,800
563.7,800
563.8,800
563.9,800
564,800
564.1,800
564.2,800
564.3,800
564.4,800
564.5,800
564.6,800
564.7,800
564.8,800
564.9,800
565,800
565.1,800
565.2,800
565.3,800
565.4,800
565.5,800
565.6,800
565.7,800
565.8,800
565.9,800
566,800
566.1,800
566.2,800
566.3,800
566.4,800
566.5,800
566.6,800
566.7,800
566.8,800
566.9,800
567,800
567.1,800
567.2,800
567.3,800
567.4,800
567.5,800
567.6,800
567.7,800
567.8,800
567.9,800
568,800
568.1,800
568.2,800
568.3,800
568.4,800
568.5,800
568.6,800
568.7,800
568.8,800
568.9,800
569,800
569.1,800
569.2,800
569.3,800
569.4,800
569.5,800
569.6,800
569.7,800
569.8,800
569.9,800
570,800
570.1,800
570.2,800
570.3,800
570.4,800
570.5,800
570.6,800
570.7,800
570.8,800
570.9,800
571,800
571.1,800
571.2,800
571.3,800
571.4,800
571.5,800
571.6,800
571.7,800
571.8,800
571.9,800
572,800
572.1,800
572.2,800
572.3,800
572.4,800
572.5,800
572.6,800
572.7,800
572.8,800
572.9,800
573,800
573.1,800
573.2,800
573.3,800
573.4,800
573.5,800
573.6,800
573.7,800
573.8,800
573.9,800
574,800
574.1,800
574.2,800
574.3,800
574.4,800
574.5,800
574.6,800
574.7,800
574.8,800
574.9,800
575,800
575.1,800
575.2,800
575.3,800
575.4,800
575.5,800
575.6,800
575.7,800
575.8,800
575.9,800
576,800
576.1,800
576.2,800
576.3,800
576.4,800
576.5,800
576.6,800
576.7,800
576.8,800
576.9,800
577,800
577.1,800
577.2,800
577.3,800
577.4,800
577.5,800
577.6,800
577.7,800
577.8,800
577.9,800
578,800
578.1,800
578.2,800
578.3,800
578.4,800
578.5,800
578.6,800
578.7,800
578.8,800
578.9,800
579,800
579.1,800
579.2,800
579.3,800
579.4,800
579.5,800
579.6,800
579.7,800
579.8,800
579.9,800
580,800
580.1,800
580.2,800
580.3,800
580.4,800
580.5,800
580.6,800
580.7,800
580.8,800
580.9,800
581,800
581.1,800
581.2,800
581.3,800
581.4,800
581.5,800
581.6,800
581.7,800
581.8,800
581.9,800
582,800
582.1,800
582.2,800
582.3,800
582.4,800
582.5,800
582.6,800
582.7,800
582.8,800
582.9,800
583,800
583.1,800
583.2,800
583.3,800
583.4,800
583.5,800
583.6,800
583.7,800
583.8,800
583.9,800
584,800
584.1,800
584.2,800
584.3,800
584.4,800
584.5,800
584.6,800
584.7,800
584.8,800
584.9,800
585,800
585.1,800
585.2,800
585.3,800
585.4,800
585.5,800
585.6,800
585.7,800
585.8,800
585.9,800
586,800
586.1,800
586.2,800
586.3,800
586.4,800
586.5,800
586.6,800
586.7,800
586.8,800
586.9,800
587,800
587.1,800
587.2,800
587.3,800
587.4,800
587.5,800
587.6,800
587.7,800
587.8,800
587.9,800
588,800
588.1,800
588.2,800
588.3,800
588.4,800
588.5,800
588.6,800
588.7,800
588.8,800
588.9,800
589,800
589.1,800
589.2,800
589.3,800
589.4,800
589.5,800
589.6,800
589.7,800
589.8,800
589.9,800
590,800
590.1,800
590.2,800
590.3,800
590.4,800
590.5,800
590.6,800
590.7,800
590.8,800
590.9,800
591,800
591.1,800
591.2,800
591.3,800
591.4,800
591.5,800
591.6,800
591.7,800
591.8,800
591.9,800
592,800
592.1,800
592.2,800
592.3,800
592.4,800
592.5,800
592.6,800
592.7,800
592.8,800
592.9,800
593,800
593.1,800
593.2,800
593.3,800
593.4,800
593.5,800
593.6,800
593.7,800
593.8,800
593.9,800
594,800
594.1,800
594.2,800
594.3,800
594.4,800
594.5,800
594.6,800
594.7,800
594.8,800
594.9,800
595,800
595.1,800
595.2,800
595.3,800
595.4,800
595.5,800
595.6,800
595.7,800
595.8,800
595.9,800
596,800
596.1,800
596.2,800
596.3,800
596.4,800
596.5,800
596.6,800
596.7,800
596.8,800
596.9,800
597,800
597.1,800
597.2,800
597.3,800
597.4,800
597.5,800
597.6,800
597.7,800
597.8,800
597.9,800
598,800
598.1,800
598.2,800
598.3,800
598.4,800
598.5,800
598.6,800
598.7,800
598.8,800
598.9,800
599,800
599.1,800
599.2,800
599.3,800
599.4,800
599.5,800
599.6,800
599.7,800
599.8,800
599.9,800
600,800
600.1,800
600.2,800
600.3,800
600.4,800
600.5,800
600.6,800
600.7,800
600.8,800
600.9,800
601,800
601.1,800
601.2,800
601.3,800
601.4,800
601.5,800
601.6,800
601.7,800
601.8,800
601.9,800
602,800
602.1,800
602.2,800
602.3,800
602.4,800
602.5,800
602.6,800
602.7,800
602.8,800
602.9,800
603,800
603.1,800
603.2,800
603.3,800
603.4,800
603.5,800
603.6,800
603.7,800
603.8,800
603.9,800
604,800
604.1,800
604.2,800
604.3,800
604.4,800
604.5,800
604.6,800
604.7,800
604.8,800
604.9,800
605,800
605.1,800
605.2,800
605.3,800
605.4,800
605.5,800
605.6,800
605.7,800
605.8,800
605.9,800
606,800
606.1,800
606.2,800
606.3,800
606.4,800
606.5,800
606.6,800
606.7,800
606.8,800
606.9,800
607,800
607.1,800
607.2,800
607.3,800
607.4,800
607.5,800
607.6,800
607.7,800
607.8,800
607.9,800
608,800
608.1,800
608.2,800
608.3,800
608.4,800
608.5,800
608.6,800
608.7,800
608.8,800
608.9,800
609,800
609.1,800
609.2,800
609.3,800
609.4,800
609.5,800
609.6,800
609.7,800
609.8,800
609.9,800
610,800
610.1,800
610.2,800
610.3,800
610.4,800
610.5,800
610.6,800
610.7,800
610.8,800
610.9,800
611,800
611.1,800
611.2,800
611.3,800
611.4,800
611.5,800
611.6,800
611.7,800
611.8,800
611.9,800
612,800
612.1,800
612.2,800
612.3,800
612.4,800
612.5,800
612.6,800
612.7,800
612.8,800
612.9,800
613,800
613.1,800
613.2,800
613.3,800
613.4,800
613.5,800
613.6,800
613.7,800
613.8,800
613.9,800
614,800
614.1,800
614.2,800
614.3,800
614.4,800
614.5,800
614.6,800
614.7,800
614.8,800
614.9,800
615,800
615.1,800
615.2,800
615.3,800
615.4,800
615.5,800
615.6,800
615.7,800
615.8,800
615.9,800
616,800
616.1,800
616.2,800
616.3,800
616.4,800
616.5,800
616.6,800
616.7,800
616.8,800
616.9,800
617,800
617.1,800
617.2,800
617.3,800
617.4,800
617.5,800
617.6,800
617.7,800
617.8,800
617.9,800
618,800
618.1,800
618.2,800
618.3,800
618.4,800
618.5,800
618.6,800
618.7,800
618.8,800
618.9,800
619,800
619.1,800
619.2,800
619.3,800
619.4,800
619.5,800
619.6,800
619.7,800
619.8,800
619.9,800
620,800
620.1,800
620.2,800
620.3,800
620.4,800
620.5,800
620.6,800
620.7,800
620.8,800
620.9,800
621,800
621.1,800
621.2,800
621.3,800
621.4,800
621.5,800
621.6,800
621.7,800
621.8,800
621.9,800
622,800
622.1,800
622.2,800
622.3,800
622.4,800
622.5,800
622.6,800
622.7,800
622.8,800
622.9,800
623,800
623.1,800
623.2,800
623.3,800
623.4,800
623.5,800
623.6,800
623.7,800
623.8,800
623.9,800
624,800
624.1,800
624.2,800
624.3,800
624.4,800
624.5,800
624.6,800
624.7,800
624.8,800
624.9,800
625,800
625.1,800
625.2,800
625.3,800
625.4,800
625.5,800
625.6,800
625.7,800
625.8,800
625.9,800
626,800
626.1,800
626.2,800
626.3,800
626.4,800
626.5,800
626.6,800
626.7,800
626.8,800
626.9,800
627,800
627.1,800
627.2,800
627.3,800
627.4,800
627.5,800
627.6,800
627.7,800
627.8,800
627.9,800
628,800
628.1,800
628.2,800
628.3,800
628.4,800
628.5,800
628.6,800
628.7,800
628.8,800
628.9,800
629,800
629.1,800
629.2,800
629.3,800
629.4,800
629.5,800
629.6,800
629.7,800
629.8,800
629.9,800
630,800
630.1,800
630.2,800
630.3,800
630.4,800
630.5,800
630.6,800
630.7,800
630.8,800
630.9,800
631,800
631.1,800
631.2,800
631.3,800
631.4,800
631.5,800
631.6,800
631.7,800
631.8,800
631.9,800
632,800
632.1,800
632.2,800
632.3,800
632.4,800
632.5,800
632.6,800
632.7,800
632.8,800
632.9,800
633,800
633.1,800
633.2,800
633.3,800
633.4,800
633.5,800
633.6,800
633.7,800
633.8,800
633.9,800
634,800
634.1,800
634.2,800
634.3,800
634.4,800
634.5,800
634.6,800
634.7,800
634.8,800
634.9,800
635,800
635.1,800
635.2,800
635.3,800
635.4,800
635.5,800
635.6,800
635.7,800
635.8,800
635.9,800
636,800
636.1,800
636.2,800
636.3,800
636.4,800
636.5,800
636.6,800
636.7,800
636.8,800
636.9,800
637,800
637.1,800
637.2,800
637.3,800
637.4,800
637.5,800
637.6,800
637.7,800
637.8,800
637.9,800
638,800
638.1,800
638.2,800
638.3,800
638.4,800
638.5,800
638.6,800
638.7,800
638.8,800
638.9,800
639,800
639.1,800
639.2,800
639.3,800
639.4,800
639.5,800
639.6,800
639.7,800
639.8,800
639.9,800
640,800
640.1,800
640.2,800
640.3,800
640.4,800
640.5,800
640.6,800
640.7,800
640.8,800
640.9,800
641,800
641.1,800
641.2,800
641.3,800
641.4,800
641.5,800
641.6,800
641.7,800
641.8,800
641.9,800
642,800
642.1,800
642.2,800
642.3,800
642.4,800
642.5,800
642.6,800
642.7,800
642.8,800
642.9,800
643,800
643.1,800
643.2,800
643.3,800
643.4,800
643.5,800
643.6,800
643.7,800
643.8,800
643.9,800
644,800
644.1,800
644.2,800
644.3,800
644.4,800
644.5,800
644.6,800
644.7,800
644.8,800
644.9,800
645,800
645.1,800
645.2,800
645.3,800
645.4,800
645.5,800
645.6,800
645.7,800
645.8,800
645.9,800
646,800
646.1,800
646.2,800
646.3,800
646.4,800
646.5,800
646.6,800
646.7,800
646.8,800
646.9,800
647,800
647.1,800
647.2,800
647.3,800
647.4,800
647.5,800
647.6,800
647.7,800
647.8,800
647.9,800
648,800
648.1,800
648.2,800
648.3,800
648.4,800
648.5,800
648.6,800
648.7,800
648.8,800
648.9,800
649,800
649.1,800
649.2,800
649.3,800
649.4,800
649.5,800
649.6,800
649.7,800
649.8,800
649.9,800
650,800
650.1,800
650.2,800
650.3,800
650.4,800
650.5,800
650.6,800
650.7,800
650.8,800
650.9,800
651,800
651.1,800
651.2,800
651.3,800
651.4,800
651.5,800
651.6,800
651.7,800
651.8,800
651.9,800
652,800
652.1,800
652.2,800
652.3,800
652.4,800
652.5,800
652.6,800
652.7,800
652.8,800
652.9,800
653,800
653.1,800
653.2,800
653.3,800
653.4,800
653.5,800
653.6,800
653.7,800
653.8,800
653.9,800
654,800
654.1,800
654.2,800
654.3,800
654.4,800
654.5,800
654.6,800
654.7,800
654.8,800
654.9,800
655,800
655.1,800
655.2,800
655.3,800
655.4,800
655.5,800
655.6,800
655.7,800
655.8,800
655.9,800
656,800
656.1,800
656.2,800
656.3,800
656.4,800
656.5,800
656.6,800
656.7,800
656.8,800
656.9,800
657,800
657.1,800
657.2,800
657.3,800
657.4,800
657.5,800
657.6,800
657.7,800
657.8,800
657.9,800
658,800
658.1,800
658.2,800
658.3,800
658.4,800
658.5,800
658.6,800
658.7,800
658.8,800
658.9,800
659,800
659.1,800
659.2,800
659.3,800
659.4,800
659.5,800
659.6,800
659.7,800
659.8,800
659.9,800
660,800
660.1,800
660.2,800
660.3,800
660.4,800
660.5,800
660.6,800
660.7,800
660.8,800
660.9,800
661,800
661.1,800
661.2,800
661.3,800
661.4,800
661.5,800
661.6,800
661.7,800
661.8,800
661.9,800
662,800
662.1,800
662.2,800
662.3,800
662.4,800
662.5,800
662.6,800
662.7,800
662.8,800
662.9,800
663,800
663.1,800
663.2,800
663.3,800
663.4,800
663.5,800
663.6,800
663.7,800
663.8,800
663.9,800
664,800
664.1,800
664.2,800
664.3,800
664.4,800
664.5,800
664.6,800
664.7,800
664.8,800
664.9,800
665,800
665.1,800
665.2,800
665.3,800
665.4,800
665.5,800
665.6,800
665.7,800
665.8,800
665.9,800
666,800
666.1,800
666.2,800
666.3,800
666.4,800
666.5,800
666.6,800
666.7,800
666.8,800
666.9,800
667,800
667.1,800
667.2,800
667.3,800
667.4,800
667.5,800
667.6,800
667.7,800
667.8,800
667.9,800
668,800
668.1,800
668.2,800
668.3,800
668.4,800
668.5,800
668.6,800
668.7,800
668.8,800
668.9,800
669,800
669.1,800
669.2,800
669.3,800
669.4,800
669.5,800
669.6,800
669.7,800
669.8,800
669.9,800
670,800
670.1,800
670.2,800
670.3,800
670.4,800
670.5,800
670.6,800
670.7,800
670.8,800
670.9,800
671,800
671.1,800
671.2,800
671.3,800
671.4,800
671.5,800
671.6,800
671.7,800
671.8,800
671.9,800
672,800
672.1,800
672.2,800
672.3,800
672.4,800
672.5,800
672.6,800
672.7,800
672.8,800
672.9,800
673,800
673.1,800
673.2,800
673.3,800
673.4,800
673.5,800
673.6,800
673.7,800
673.8,800
673.9,800
674,800
674.1,800
674.2,800
674.3,800
674.4,800
674.5,800
674.6,800
674.7,800
674.8,800
674.9,800
675,800
675.1,800
675.2,800
675.3,800
675.4,800
675.5,800
675.6,800
675.7,800
675.8,800
675.9,800
676,800
676.1,800
676.2,800
676.3,800
676.4,800
676.5,800
676.6,800
676.7,800
676.8,800
676.9,800
677,800
677.1,800
677.2,800
677.3,800
677.4,800
677.5,800
677.6,800
677.7,800
677.8,800
677.9,800
678,800
678.1,800
678.2,800
678.3,800
678.4,800
678.5,800
678.6,800
678.7,800
678.8,800
678.9,800
679,800
679.1,800
679.2,800
679.3,800
679.4,800
679.5,800
679.6,800
679.7,800
679.8,800
679.9,800
680,800
680.1,800
680.2,800
680.3,800
680.4,800
680.5,800
680.6,800
680.7,800
680.8,800
680.9,800
681,800
681.1,800
681.2,800
681.3,800
681.4,800
681.5,800
681.6,800
681.7,800
681.8,800
681.9,800
682,800
682.1,800
682.2,800
682.3,800
682.4,800
682.5,800
682.6,800
682.7,800
682.8,800
682.9,800
683,800
683.1,800
683.2,800
683.3,800
683.4,800
683.5,800
683.6,800
683.7,800
683.8,800
683.9,800
684,800
684.1,800
684.2,800
684.3,800
684.4,800
684.5,800
684.6,800
684.7,800
684.8,800
684.9,800
685,800
685.1,800
685.2,800
685.3,800
685.4,800
685.5,800
685.6,800
685.7,800
685.8,800
685.9,800
686,800
686.1,800
686.2,800
686.3,800
686.4,800
686.5,800
686.6,800
686.7,800
686.8,800
686.9,800
687,800
687.1,800
687.2,800
687.3,800
687.4,800
687.5,800
687.6,800
687.7,800
687.8,800
687.9,800
688,800
688.1,800
688.2,800
688.3,800
688.4,800
688.5,800
688.6,800
688.7,800
688.8,800
688.9,800
689,800
689.1,800
689.2,800
689.3,800
689.4,800
689.5,800
689.6,800
689.7,800
689.8,800
689.9,800
690,800
690.1,800
690.2,800
690.3,800
690.4,800
690.5,800
690.6,800
690.7,800
690.8,800
690.9,800
691,800
691.1,800
691.2,800
691.3,800
691.4,800
691.5,800
691.6,800
691.7,800
691.8,800
691.9,800
692,800
692.1,800
692.2,800
692.3,800
692.4,800
692.5,800
692.6,800
692.7,800
692.8,800
692.9,800
693,800
693.1,800
693.2,800
693.3,800
693.4,800
693.5,800
693.6,800
693.7,800
693.8,800
693.9,800
694,800
694.1,800
694.2,800
694.3,800
694.4,800
694.5,800
694.6,800
694.7,800
694.8,800
694.9,800
695,800
695.1,800
695.2,800
695.3,800
695.4,800
695.5,800
695.6,800
695.7,800
695.8,800
695.9,800
696,800
696.1,800
696.2,800
696.3,800
696.4,800
696.5,800
696.6,800
696.7,800
696.8,800
696.9,800
697,800
697.1,800
697.2,800
697.3,800
697.4,800
697.5,800
697.6,800
697.7,800
697.8,800
697.9,800
698,800
698.1,800
698.2,800
698.3,800
698.4,800
698.5,800
698.6,800
698.7,800
698.8,800
698.9,800
699,800
699.1,800
699.2,800
699.3,800
699.4,800
699.5,800
699.6,800
699.7,800
699.8,800
699.9,800
700,800
700.1,800
700.2,800
700.3,800
700.4,800
700.5,800
700.6,800
700.7,800
700.8,800
700.9,800
701,800
701.1,800
701.2,800
701.3,800
701.4,800
701.5,800
701.6,800
701.7,800
701.8,800
701.9,800
702,800
702.1,800
702.2,800
702.3,800
702.4,800
702.5,800
702.6,800
702.7,800
702.8,800
702.9,800
703,800
703.1,800
703.2,800
703.3,800
703.4,800
703.5,800
703.6,800
703.7,800
703.8,800
703.9,800
704,800
704.1,800
704.2,800
704.3,800
704.4,800
704.5,800
704.6,800
704.7,800
704.8,800
704.9,800
705,800
705.1,800
705.2,800
705.3,800
705.4,800
705.5,800
705.6,800
705.7,800
705.8,800
705.9,800
706,800
706.1,800
706.2,800
706.3,800
706.4,800
706.5,800
706.6,800
706.7,800
706.8,800
706.9,800
707,800
707.1,800
707.2,800
707.3,800
707.4,800
707.5,800
707.6,800
707.7,800
707.8,800
707.9,800
708,800
708.1,800
708.2,800
708.3,800
708.4,800
708.5,800
708.6,800
708.7,800
708.8,800
708.9,800
709,800
709.1,800
709.2,800
709.3,800
709.4,800
709.5,800
709.6,800
709.7,800
709.8,800
709.9,800
710,800
710.1,800
710.2,800
710.3,800
710.4,800
710.5,800
710.6,800
710.7,800
710.8,800
710.9,800
711,800
711.1,800
711.2,800
711.3,800
711.4,800
711.5,800
711.6,800
711.7,800
711.8,800
711.9,800
712,800
712.1,800
712.2,800
712.3,800
712.4,800
712.5,800
712.6,800
712.7,800
712.8,800
712.9,800
713,800
713.1,800
713.2,800
713.3,800
713.4,800
713.5,800
713.6,800
713.7,800
713.8,800
713.9,800
714,800
714.1,800
714.2,800
714.3,800
714.4,800
714.5,800
714.6,800
714.7,800
714.8,800
714.9,800
715,800
715.1,800
715.2,800
715.3,800
715.4,800
715.5,800
715.6,800
715.7,800
715.8,800
715.9,800
716,800
716.1,800
716.2,800
716.3,800
716.4,800
716.5,800
716.6,800
716.7,800
716.8,800
716.9,800
717,800
717.1,800
717.2,800
717.3,800
717.4,800
717.5,800
717.6,800
717.7,800
717.8,800
717.9,800
718,800
718.1,800
718.2,800
718.3,800
718.4,800
718.5,800
718.6,800
718.7,800
718.8,800
718.9,800
719,800
719.1,800
719.2,800
719.3,800
719.4,800
719.5,800
719.6,800
719.7,800
719.8,800
719.9,800
720,800
720.1,800
720.2,800
720.3,800
720.4,800
720.5,800
720.6,800
720.7,800
720.8,800
720.9,800
721,800
721.1,800
721.2,800
721.3,800
721.4,800
721.5,800
721.6,800
721.7,800
721.8,800
721.9,800
722,800
722.1,800
722.2,800
722.3,800
722.4,800
722.5,800
722.6,800
722.7,800
722.8,800
722.9,800
723,800
723.1,800
723.2,800
723.3,800
723.4,800
723.5,800
723.6,800
723.7,800
723.8,800
723.9,800
724,800
724.1,800
724.2,800
724.3,800
724.4,800
724.5,800
724.6,800
724.7,800
724.8,800
724.9,800
725,800
725.1,800
725.2,800
725.3,800
725.4,800
725.5,800
725.6,800
725.7,800
725.8,800
725.9,800
726,800
726.1,800
726.2,800
726.3,800
726.4,800
726.5,800
726.6,800
726.7,800
726.8,800
726.9,800
727,800
727.1,800
727.2,800
727.3,800
727.4,800
727.5,800
727.6,800
727.7,800
727.8,800
727.9,800
728,800
728.1,800
728.2,800
728.3,800
728.4,800
728.5,800
728.6,800
728.7,800
728.8,800
728.9,800
729,800
729.1,800
729.2,800
729.3,800
729.4,800
729.5,800
729.6,800
729.7,800
729.8,800
729.9,800
730,800
730.1,800
730.2,800
730.3,800
730.4,800
730.5,800
730.6,800
730.7,800
730.8,800
730.9,800
731,800
731.1,800
731.2,800
731.3,800
731.4,800
731.5,800
731.6,800
731.7,800
731.8,800
731.9,800
732,800
732.1,800
732.2,800
732.3,800
732.4,800
732.5,800
732.6,800
732.7,800
732.8,800
732.9,800
733,800
733.1,800
733.2,800
733.3,800
733.4,800
733.5,800
733.6,800
733.7,800
733.8,800
733.9,800
734,800
734.1,800
734.2,800
734.3,800
734.4,800
734.5,800
734.6,800
734.7,800
734.8,800
734.9,800
735,800
735.1,800
735.2,800
735.3,800
735.4,800
735.5,800
735.6,800
735.7,800
735.8,800
735.9,800
736,800
736.1,800
736.2,800
736.3,800
736.4,800
736.5,800
736.6,800
736.7,800
736.8,800
736.9,800
737,800
737.1,800
737.2,800
737.3,800
737.4,800
737.5,800
737.6,800
737.7,800
737.8,800
737.9,800
738,800
738.1,800
738.2,800
738.3,800
738.4,800
738.5,800
738.6,800
738.7,800
738.8,800
738.9,800
739,800
739.1,800
739.2,800
739.3,800
739.4,800
739.5,800
739.6,800
739.7,800
739.8,800
739.9,800
740,800
740.1,800
740.2,800
740.3,800
740.4,800
740.5,800
740.6,800
740.7,800
740.8,800
740.9,800
741,800
741.1,800
741.2,800
741.3,800
741.4,800
741.5,800
741.6,800
741.7,800
741.8,800
741.9,800
742,800
742.1,800
742.2,800
742.3,800
742.4,800
742.5,800
742.6,800
742.7,800
742.8,800
742.9,800
743,800
743.1,800
743.2,800
743.3,800
743.4,800
743.5,800
743.6,800
743.7,800
743.8,800
743.9,800
744,800
744.1,800
744.2,800
744.3,800
744.4,800
744.5,800
744.6,800
744.7,800
744.8,800
744.9,800
745,800
745.1,800
745.2,800
745.3,800
745.4,800
745.5,800
745.6,800
745.7,800
745.8,800
745.9,800
746,800
746.1,800
746.2,800
746.3,800
746.4,800
746.5,800
746.6,800
746.7,800
746.8,800
746.9,800
747,800
747.1,800
747.2,800
747.3,800
747.4,800
747.5,800
747.6,800
747.7,800
747.8,800
747.9,800
748,800
748.1,800
748.2,800
748.3,800
748.4,800
748.5,800
748.6,800
748.7,800
748.8,800
748.9,800
749,800
749.1,800
749.2,800
749.3,800
749.4,800
749.5,800
749.6,800
749.7,800
749.8,800
749.9,800
750,800
750.1,800
750.2,800
750.3,800
750.4,800
750.5,800
750.6,800
750.7,800
750.8,800
750.9,800
751,800
751.1,800
751.2,800
751.3,800
751.4,800
751.5,800
751.6,800
751.7,800
751.8,800
751.9,800
752,800
752.1,800
752.2,800
752.3,800
752.4,800
752.5,800
752.6,800
752.7,800
752.8,800
752.9,800
753,800
753.1,800
753.2,800
753.3,800
753.4,800
753.5,800
753.6,800
753.7,800
753.8,800
753.9,800
754,800
754.1,800
754.2,800
754.3,800
754.4,800
754.5,800
754.6,800
754.7,800
754.8,800
754.9,800
755,800
755.1,800
755.2,800
755.3,800
755.4,800
755.5,800
755.6,800
755.7,800
755.8,800
755.9,800
756,800
756.1,800
756.2,800
756.3,800
756.4,800
756.5,800
756.6,800
756.7,800
756.8,800
756.9,800
757,800
757.1,800
757.2,800
757.3,800
757.4,800
757.5,800
757.6,800
757.7,800
757.8,800
757.9,800
758,800
758.1,800
758.2,800
758.3,800
758.4,800
758.5,800
758.6,800
758.7,800
758.8,800
758.9,800
759,800
759.1,800
759.2,800
759.3,800
759.4,800
759.5,800
759.6,800
759.7,800
759.8,800
759.9,800
760,800
760.1,800
760.2,800
760.3,800
760.4,800
760.5,800
760.6,800
760.7,800
760.8,800
760.9,800
761,800
761.1,800
761.2,800
761.3,800
761.4,800
761.5,800
761.6,800
761.7,800
761.8,800
761.9,800
762,800
762.1,800
762.2,800
762.3,800
762.4,800
762.5,800
762.6,800
762.7,800
762.8,800
762.9,800
763,800
763.1,800
763.2,800
763.3,800
763.4,800
763.5,800
763.6,800
763.7,800
763.8,800
763.9,800
764,800
764.1,800
764.2,800
764.3,800
764.4,800
764.5,800
764.6,800
764.7,800
764.8,800
764.9,800
765,800
765.1,800
765.2,800
765.3,800
765.4,800
765.5,800
765.6,800
765.7,800
765.8,800
765.9,800
766,800
766.1,800
766.2,800
766.3,800
766.4,800
766.5,800
766.6,800
766.7,800
766.8,800
766.9,800
767,800
767.1,800
767.2,800
767.3,800
767.4,800
767.5,800
767.6,800
767.7,800
767.8,800
767.9,800
768,800
768.1,800
768.2,800
768.3,800
768.4,800
768.5,800
768.6,800
768.7,800
768.8,800
768.9,800
769,800
769.1,800
769.2,800
769.3,800
769.4,800
769.5,800
769.6,800
769.7,800
769.8,800
769.9,800
770,800
770.1,800
770.2,800
770.3,800
770.4,800
770.5,800
770.6,800
770.7,800
770.8,800
770.9,800
771,800
771.1,800
771.2,800
771.3,800
771.4,800
771.5,800
771.6,800
771.7,800
771.8,800
771.9,800
772,800
772.1,800
772.2,800
772.3,800
772.4,800
772.5,800
772.6,800
772.7,800
772.8,800
772.9,800
773,800
773.1,800
773.2,800
773.3,800
773.4,800
773.5,800
773.6,800
773.7,800
773.8,800
773.9,800
774,800
774.1,800
774.2,800
774.3,800
774.4,800
774.5,800
774.6,800
774.7,800
774.8,800
774.9,800
775,800
775.1,800
775.2,800
775.3,800
775.4,800
775.5,800
775.6,800
775.7,800
775.8,800
775.9,800
776,800
776.1,800
776.2,800
776.3,800
776.4,800
776.5,800
776.6,800
776.7,800
776.8,800
776.9,800
777,800
777.1,800
777.2,800
777.3,800
777.4,800
777.5,800
777.6,800
777.7,800
777.8,800
777.9,800
778,800
778.1,800
778.2,800
778.3,800
778.4,800
778.5,800
778.6,800
778.7,800
778.8,800
778.9,800
779,800
779.1,800
779.2,800
779.3,800
779.4,800
779.5,800
779.6,800
779.7,800
779.8,800
779.9,800
780,800
780.1,800
780.2,800
780.3,800
780.4,800
780.5,800
780.6,800
780.7,800
780.8,800
780.9,800
781,800
781.1,800
781.2,800
781.3,800
781.4,800
781.5,800
781.6,800
781.7,800
781.8,800
781.9,800
782,800
782.1,800
782.2,800
782.3,800
782.4,800
782.5,800
782.6,800
782.7,800
782.8,800
782.9,800
783,800
783.1,800
783.2,800
783.3,800
783.4,800
783.5,800
783.6,800
783.7,800
783.8,800
783.9,800
784,800
784.1,800
784.2,800
784.3,800
784.4,800
784.5,800
784.6,800
784.7,800
784.8,800
784.9,800
785,800
785.1,800
785.2,800
785.3,800
785.4,800
785.5,800
785.6,800
785.7,800
785.8,800
785.9,800
786,800
786.1,800
786.2,800
786.3,800
786.4,800
786.5,800
786.6,800
786.7,800
786.8,800
786.9,800
787,800
787.1,800
787.2,800
787.3,800
787.4,800
787.5,800
787.6,800
787.7,800
787.8,800
787.9,800
788,800
788.1,800
788.2,800
788.3,800
788.4,800
788.5,800
788.6,800
788.7,800
788.8,800
788.9,800
789,800
789.1,800
789.2,800
789.3,800
789.4,800
789.5,800
789.6,800
789.7,800
789.8,800
789.9,800
790,800
790.1,800
790.2,800
790.3,800
790.4,800
790.5,800
790.6,800
790.7,800
790.8,800
790.9,800
791,800
791.1,800
791.2,800
791.3,800
791.4,800
791.5,800
791.6,800
791.7,800
791.8,800
791.9,800
792,800
792.1,800
792.2,800
792.3,800
792.4,800
792.5,800
792.6,800
792.7,800
792.8,800
792.9,800
793,800
793.1,800
793.2,800
793.3,800
793.4,800
793.5,800
793.6,800
793.7,800
793.8,800
793.9,800
794,800
794.1,800
794.2,800
794.3,800
794.4,800
794.5,800
794.6,800
794.7,800
794.8,800
794.9,800
795,800
795.1,800
795.2,800
795.3,800
795.4,800
795.5,800
795.6,800
795.7,800
795.8,800
795.9,800
796,800
796.1,800
796.2,800
796.3,800
796.4,800
796.5,800
796.6,800
796.7,800
796.8,800
796.9,800
797,800
797.1,800
797.2,800
797.3,800
797.4,800
797.5,800
797.6,800
797.7,800
797.8,800
797.9,800
798,800
798.1,800
798.2,800
798.3,800
798.4,800
798.5,800
798.6,800
798.7,800
798.8,800
798.9,800
799,800
799.1,800
799.2,800
799.3,800
799.4,800
799.5,800
799.6,800
799.7,800
799.8,800
799.9,800
800,800
800.1,800
800.2,800
800.3,800
800.4,800
800.5,800
800.6,800
800.7,800
800.8,800
800.9,800
801,800
801.1,800
801.2,800
801.3,800
801.4,800
801.5,800
801.6,800
801.7,800
801.8,800
801.9,800
802,800
802.1,800
802.2,800
802.3,800
802.4,800
802.5,800
802.6,800
802.7,800
802.8,800
802.9,800
803,800
803.1,800
803.2,800
803.3,800
803.4,800
803.5,800
803.6,800
803.7,800
803.8,800
803.9,800
804,800
804.1,800
804.2,800
804.3,800
804.4,800
804.5,800
804.6,800
804.7,800
804.8,800
804.9,800
805,800
805.1,800
805.2,800
805.3,800
805.4,800
805.5,800
805.6,800
805.7,800
805.8,800
805.9,800
806,800
806.1,800
806.2,800
806.3,800
806.4,800
806.5,800
806.6,800
806.7,800
806.8,800
806.9,800
807,800
807.1,800
807.2,800
807.3,800
807.4,800
807.5,800
807.6,800
807.7,800
807.8,800
807.9,800
808,800
808.1,800
808.2,800
808.3,800
808.4,800
808.5,800
808.6,800
808.7,800
808.8,800
808.9,800
809,800
809.1,800
809.2,800
809.3,800
809.4,800
809.5,800
809.6,800
809.7,800
809.8,800
809.9,800
810,800
810.1,800
810.2,800
810.3,800
810.4,800
810.5,800
810.6,800
810.7,800
810.8,800
810.9,800
811,800
811.1,800
811.2,800
811.3,800
811.4,800
811.5,800
811.6,800
811.7,800
811.8,800
811.9,800
812,800
812.1,800
812.2,800
812.3,800
812.4,800
812.5,800
812.6,800
812.7,800
812.8,800
812.9,800
813,800
813.1,800
813.2,800
813.3,800
813.4,800
813.5,800
813.6,800
813.7,800
813.8,800
813.9,800
814,800
814.1,800
814.2,800
814.3,800
814.4,800
814.5,800
814.6,800
814.7,800
814.8,800
814.9,800
815,800
815.1,800
815.2,800
815.3,800
815.4,800
815.5,800
815.6,800
815.7,800
815.8,800
815.9,800
816,800
816.1,800
816.2,800
816.3,800
816.4,800
816.5,800
816.6,800
816.7,800
816.8,800
816.9,800
817,800
817.1,800
817.2,800
817.3,800
817.4,800
817.5,800
817.6,800
817.7,800
817.8,800
817.9,800
818,800
818.1,800
818.2,800
818.3,800
818.4,800
818.5,800
818.6,800
818.7,800
818.8,800
818.9,800
819,800
819.1,800
819.2,800
819.3,800
819.4,800
819.5,800
819.6,800
819.7,800
819.8,800
819.9,800
820,800
820.1,800
820.2,800
820.3,800
820.4,800
820.5,800
820.6,800
820.7,800
820.8,800
820.9,800
821,800
821.1,800
821.2,800
821.3,800
821.4,800
821.5,800
821.6,800
821.7,800
821.8,800
821.9,800
822,800
822.1,800
822.2,800
822.3,800
822.4,800
822.5,800
822.6,800
822.7,800
822.8,800
822.9,800
823,800
823.1,800
823.2,800
823.3,800
823.4,800
823.5,800
823.6,800
823.7,800
823.8,800
823.9,800
824,800
824.1,800
824.2,800
824.3,800
824.4,800
824.5,800
824.6,800
824.7,800
824.8,800
824.9,800
825,800
825.1,800
825.2,800
825.3,800
825.4,800
825.5,800
825.6,800
825.7,800
825.8,800
825.9,800
826,800
826.1,800
826.2,800
826.3,800
826.4,800
826.5,800
826.6,800
826.7,800
826.8,800
826.9,800
827,800
827.1,800
827.2,800
827.3,800
827.4,800
827.5,800
827.6,800
827.7,800
827.8,800
827.9,800
828,800
828.1,800
828.2,800
828.3,800
828.4,800
828.5,800
828.6,800
828.7,800
828.8,800
828.9,800
829,800
829.1,800
829.2,800
829.3,800
829.4,800
829.5,800
829.6,800
829.7,800
829.8,800
829.9,800
830,800
830.1,800
830.2,800
830.3,800
830.4,800
830.5,800
830.6,800
830.7,800
830.8,800
830.9,800
831,800
831.1,800
831.2,800
831.3,800
831.4,800
831.5,800
831.6,800
831.7,800
831.8,800
831.9,800
832,800
832.1,800
832.2,800
832.3,800
832.4,800
832.5,800
832.6,800
832.7,800
832.8,800
832.9,800
833,800
833.1,800
833.2,800
833.3,800
833.4,800
833.5,800
833.6,800
833.7,800
833.8,800
833.9,800
834,800
834.1,800
834.2,800
834.3,800
834.4,800
834.5,800
834.6,800
834.7,800
834.8,800
834.9,800
835,800
835.1,800
835.2,800
835.3,800
835.4,800
835.5,800
835.6,800
835.7,800
835.8,800
835.9,800
836,800
836.1,800
836.2,800
836.3,800
836.4,800
836.5,800
836.6,800
836.7,800
836.8,800
836.9,800
837,800
837.1,800
837.2,800
837.3,800
837.4,800
837.5,800
837.6,800
837.7,800
837.8,800
837.9,800
838,800
838.1,800
838.2,800
838.3,800
838.4,800
838.5,800
838.6,800
838.7,800
838.8,800
838.9,800
839,800
839.1,800
839.2,800
839.3,800
839.4,800
839.5,800
839.6,800
839.7,800
839.8,800
839.9,800
840,800
840.1,800
840.2,800
840.3,800
840.4,800
840.5,800
840.6,800
840.7,800
840.8,800
840.9,800
841,800
841.1,800
841.2,800
841.3,800
841.4,800
841.5,800
841.6,800
841.7,800
841.8,800
841.9,800
842,800
842.1,800
842.2,800
842.3,800
842.4,800
842.5,800
842.6,800
842.7,800
842.8,800
842.9,800
843,800
843.1,800
843.2,800
843.3,800
843.4,800
843.5,800
843.6,800
843.7,800
843.8,800
843.9,800
844,800
844.1,800
844.2,800
844.3,800
844.4,800
844.5,800
844.6,800
844.7,800
844.8,800
844.9,800
845,800
845.1,800
845.2,800
845.3,800
845.4,800
845.5,800
845.6,800
845.7,800
845.8,800
845.9,800
846,800
846.1,800
846.2,800
846.3,800
846.4,800
846.5,800
846.6,800
846.7,800
846.8,800
846.9,800
847,800
847.1,800
847.2,800
847.3,800
847.4,800
847.5,800
847.6,800
847.7,800
847.8,800
847.9,800
848,800
848.1,800
848.2,800
848.3,800
848.4,800
848.5,800
848.6,800
848.7,800
848.8,800
848.9,800
849,800
849.1,800
849.2,800
849.3,800
849.4,800
849.5,800
849.6,800
849.7,800
849.8,800
849.9,800
850,800
850.1,800
850.2,800
850.3,800
850.4,800
850.5,800
850.6,800
850.7,800
850.8,800
850.9,800
851,800
851.1,800
851.2,800
851.3,800
851.4,800
851.5,800
851.6,800
851.7,800
851.8,800
851.9,800
852,800
852.1,800
852.2,800
852.3,800
852.4,800
852.5,800
852.6,800
852.7,800
852.8,800
852.9,800
853,800
853.1,800
853.2,800
853.3,800
853.4,800
853.5,800
853.6,800
853.7,800
853.8,800
853.9,800
854,800
854.1,800
854.2,800
854.3,800
854.4,800
854.5,800
854.6,800
854.7,800
854.8,800
854.9,800
855,800
855.1,800
855.2,800
855.3,800
855.4,800
855.5,800
855.6,800
855.7,800
855.8,800
855.9,800
856,800
856.1,800
856.2,800
856.3,800
856.4,800
856.5,800
856.6,800
856.7,800
856.8,800
856.9,800
857,800
857.1,800
857.2,800
857.3,800
857.4,800
857.5,800
857.6,800
857.7,800
857.8,800
857.9,800
858,800
858.1,800
858.2,800
858.3,800
858.4,800
858.5,800
858.6,800
858.7,800
858.8,800
858.9,800
859,800
859.1,800
859.2,800
859.3,800
859.4,800
859.5,800
859.6,800
859.7,800
859.8,800
859.9,800
860,800
860.1,800
860.2,800
860.3,800
860.4,800
860.5,800
860.6,800
860.7,800
860.8,800
860.9,800
861,800
861.1,800
861.2,800
861.3,800
861.4,800
861.5,800
861.6,800
861.7,800
861.8,800
861.9,800
862,800
862.1,800
862.2,800
862.3,800
862.4,800
862.5,800
862.6,800
862.7,800
862.8,800
862.9,800
863,800
863.1,800
863.2,800
863.3,800
863.4,800
863.5,800
863.6,800
863.7,800
863.8,800
863.9,800
864,800
864.1,800
864.2,800
864.3,800
864.4,800
864.5,800
864.6,800
864.7,800
864.8,800
864.9,800
865,800
865.1,800
865.2,800
865.3,800
865.4,800
865.5,800
865.6,800
865.7,800
865.8,800
865.9,800
866,800
866.1,800
866.2,800
866.3,800
866.4,800
866.5,800
866.6,800
866.7,800
866.8,800
866.9,800
867,800
867.1,800
867.2,800
867.3,800
867.4,800
867.5,800
867.6,800
867.7,800
867.8,800
867.9,800
868,800
868.1,800
868.2,800
868.3,800
868.4,800
868.5,800
868.6,800
868.7,800
868.8,800
868.9,800
869,800
869.1,800
869.2,800
869.3,800
869.4,800
869.5,800
869.6,800
869.7,800
869.8,800
869.9,800
870,800
870.1,800
870.2,800
870.3,800
870.4,800
870.5,800
870.6,800
870.7,800
870.8,800
870.9,800
871,800
871.1,800
871.2,800
871.3,800
871.4,800
871.5,800
871.6,800
871.7,800
871.8,800
871.9,800
872,800
872.1,800
872.2,800
872.3,800
872.4,800
872.5,800
872.6,800
872.7,800
872.8,800
872.9,800
873,800
873.1,800
873.2,800
873.3,800
873.4,800
873.5,800
873.6,800
873.7,800
873.8,800
873.9,800
874,800
874.1,800
874.2,800
874.3,800
874.4,800
874.5,800
874.6,800
874.7,800
874.8,800
874.9,800
875,800
875.1,800
875.2,800
875.3,800
875.4,800
875.5,800
875.6,800
875.7,800
875.8,800
875.9,800
876,800
876.1,800
876.2,800
876.3,800
876.4,800
876.5,800
876.6,800
876.7,800
876.8,800
876.9,800
877,800
877.1,800
877.2,800
877.3,800
877.4,800
877.5,800
877.6,800
877.7,800
877.8,800
877.9,800
878,800
878.1,800
878.2,800
878.3,800
878.4,800
878.5,800
878.6,800
878.7,800
878.8,800
878.9,800
879,800
879.1,800
879.2,800
879.3,800
879.4,800
879.5,800
879.6,800
879.7,800
879.8,800
879.9,800
880,800
880.1,800
880.2,800
880.3,800
880.4,800
880.5,800
880.6,800
880.7,800
880.8,800
880.9,800
881,800
881.1,800
881.2,800
881.3,800
881.4,800
881.5,800
881.6,800
881.7,800
881.8,800
881.9,800
882,800
882.1,800
882.2,800
882.3,800
882.4,800
882.5,800
882.6,800
882.7,800
882.8,800
882.9,800
883,800
883.1,800
883.2,800
883.3,800
883.4,800
883.5,800
883.6,800
883.7,800
883.8,800
883.9,800
884,800
884.1,800
884.2,800
884.3,800
884.4,800
884.5,800
884.6,800
884.7,800
884.8,800
884.9,800
885,800
885.1,800
885.2,800
885.3,800
885.4,800
885.5,800
885.6,800
885.7,800
885.8,800
885.9,800
886,800
886.1,800
886.2,800
886.3,800
886.4,800
886.5,800
886.6,800
886.7,800
886.8,800
886.9,800
887,800
887.1,800
887.2,800
887.3,800
887.4,800
887.5,800
887.6,800
887.7,800
887.8,800
887.9,800
888,800
888.1,800
888.2,800
888.3,800
888.4,800
888.5,800
888.6,800
888.7,800
888.8,800
888.9,800
889,800
889.1,800
889.2,800
889.3,800
889.4,800
889.5,800
889.6,800
889.7,800
889.8,800
889.9,800
890,800
890.1,800
890.2,800
890.3,800
890.4,800
890.5,800
890.6,800
890.7,800
890.8,800
890.9,800
891,800
891.1,800
891.2,800
891.3,800
891.4,800
891.5,800
891.6,800
891.7,800
891.8,800
891.9,800
892,800
892.1,800
892.2,800
892.3,800
892.4,800
892.5,800
892.6,800
892.7,800
892.8,800
892.9,800
893,800
893.1,800
893.2,800
893.3,800
893.4,800
893.5,800
893.6,800
893.7,800
893.8,800
893.9,800
894,800
894.1,800
894.2,800
894.3,800
894.4,800
894.5,800
894.6,800
894.7,800
894.8,800
894.9,800
895,800
895.1,800
895.2,800
895.3,800
895.4,800
895.5,800
895.6,800
895.7,800
895.8,800
895.9,800
896,800
896.1,800
896.2,800
896.3,800
896.4,800
896.5,800
896.6,800
896.7,800
896.8,800
896.9,800
897,800
897.1,800
897.2,800
897.3,800
897.4,800
897.5,800
897.6,800
897.7,800
897.8,800
897.9,800
898,800
898.1,800
898.2,800
898.3,800
898.4,800
898.5,800
898.6,800
898.7,800
898.8,800
898.9,800
899,800
899.1,800
899.2,800
899.3,800
899.4,800
899.5,800
899.6,800
899.7,800
899.8,800
899.9,800
900,800
900.1,800
900.2,800
900.3,800
900.4,800
900.5,800
900.6,800
900.7,800
900.8,800
900.9,800
901,800
901.1,800
901.2,800
901.3,800
901.4,800
901.5,800
901.6,800
901.7,800
901.8,800
901.9,800
902,800
902.1,800
902.2,800
902.3,800
902.4,800
902.5,800
902.6,800
902.7,800
902.8,800
902.9,800
903,800
903.1,800
903.2,800
903.3,800
903.4,800
903.5,800
903.6,800
903.7,800
903.8,800
903.9,800
904,800
904.1,800
904.2,800
904.3,800
904.4,800
904.5,800
904.6,800
904.7,800
904.8,800
904.9,800
905,800
905.1,800
905.2,800
905.3,800
905.4,800
905.5,800
905.6,800
905.7,800
905.8,800
905.9,800
906,800
906.1,800
906.2,800
906.3,800
906.4,800
906.5,800
906.6,800
906.7,800
906.8,800
906.9,800
907,800
907.1,800
907.2,800
907.3,800
907.4,800
907.5,800
907.6,800
907.7,800
907.8,800
907.9,800
908,800
908.1,800
908.2,800
908.3,800
908.4,800
908.5,800
908.6,800
908.7,800
908.8,800
908.9,800
909,800
909.1,800
909.2,800
909.3,800
909.4,800
909.5,800
909.6,800
909.7,800
909.8,800
909.9,800
910,800
910.1,800
910.2,800
910.3,800
910.4,800
910.5,800
910.6,800
910.7,800
910.8,800
910.9,800
911,800
911.1,800
911.2,800
911.3,800
911.4,800
911.5,800
911.6,800
911.7,800
911.8,800
911.9,800
912,800
912.1,800
912.2,800
912.3,800
912.4,800
912.5,800
912.6,800
912.7,800
912.8,800
912.9,800
913,800
913.1,800
913.2,800
913.3,800
913.4,800
913.5,800
913.6,800
913.7,800
913.8,800
913.9,800
914,800
914.1,800
914.2,800
914.3,800
914.4,800
914.5,800
914.6,800
914.7,800
914.8,800
914.9,800
915,800
915.1,800
915.2,800
915.3,800
915.4,800
915.5,800
915.6,800
915.7,800
915.8,800
915.9,800
916,800
916.1,800
916.2,800
916.3,800
916.4,800
916.5,800
916.6,800
916.7,800
916.8,800
916.9,800
917,800
917.1,800
917.2,800
917.3,800
917.4,800
917.5,800
917.6,800
917.7,800
917.8,800
917.9,800
918,800
918.1,800
918.2,800
918.3,800
918.4,800
918.5,800
918.6,800
918.7,800
918.8,800
918.9,800
919,800
919.1,800
919.2,800
919.3,800
919.4,800
919.5,800
919.6,800
919.7,800
919.8,800
919.9,800
920,800
920.1,800
920.2,800
920.3,800
920.4,800
920.5,800
920.6,800
920.7,800
920.8,800
920.9,800
921,800
921.1,800
921.2,800
921.3,800
921.4,800
921.5,800
921.6,800
921.7,800
921.8,800
921.9,800
922,800
922.1,800
922.2,800
922.3,800
922.4,800
922.5,800
922.6,800
922.7,800
922.8,800
922.9,800
923,800
923.1,800
923.2,800
923.3,800
923.4,800
923.5,800
923.6,800
923.7,800
923.8,800
923.9,800
924,800
924.1,800
924.2,800
924.3,800
924.4,800
924.5,800
924.6,800
924.7,800
924.8,800
924.9,800
925,800
925.1,800
925.2,800
925.3,800
925.4,800
925.5,800
925.6,800
925.7,800
925.8,800
925.9,800
926,800
926.1,800
926.2,800
926.3,800
926.4,800
926.5,800
926.6,800
926.7,800
926.8,800
926.9,800
927,800
927.1,800
927.2,800
927.3,800
927.4,800
927.5,800
927.6,800
927.7,800
927.8,800
927.9,800
928,800
928.1,800
928.2,800
928.3,800
928.4,800
928.5,800
928.6,800
928.7,800
928.8,800
928.9,800
929,800
929.1,800
929.2,800
929.3,800
929.4,800
929.5,800
929.6,800
929.7,800
929.8,800
929.9,800
930,800
930.1,800
930.2,800
930.3,800
930.4,800
930.5,800
930.6,800
930.7,800
930.8,800
930.9,800
931,800
931.1,800
931.2,800
931.3,800
931.4,800
931.5,800
931.6,800
931.7,800
931.8,800
931.9,800
932,800
932.1,800
932.2,800
932.3,800
932.4,800
932.5,800
932.6,800
932.7,800
932.8,800
932.9,800
933,800
933.1,800
933.2,800
933.3,800
933.4,800
933.5,800
933.6,800
933.7,800
933.8,800
933.9,800
934,800
934.1,800
934.2,800
934.3,800
934.4,800
934.5,800
934.6,800
934.7,800
934.8,800
934.9,800
935,800
935.1,800
935.2,800
935.3,800
935.4,800
935.5,800
935.6,800
935.7,800
935.8,800
935.9,800
936,800
936.1,800
936.2,800
936.3,800
936.4,800
936.5,800
936.6,800
936.7,800
936.8,800
936.9,800
937,800
937.1,800
937.2,800
937.3,800
937.4,800
937.5,800
937.6,800
937.7,800
937.8,800
937.9,800
938,800
938.1,800
938.2,800
938.3,800
938.4,800
938.5,800
938.6,800
938.7,800
938.8,800
938.9,800
939,800
939.1,800
939.2,800
939.3,800
939.4,800
939.5,800
939.6,800
939.7,800
939.8,800
939.9,800
940,800
940.1,800
940.2,800
940.3,800
940.4,800
940.5,800
940.6,800
940.7,800
940.8,800
940.9,800
941,800
941.1,800
941.2,800
941.3,800
941.4,800
941.5,800
941.6,800
941.7,800
941.8,800
941.9,800
942,800
942.1,800
942.2,800
942.3,800
942.4,800
942.5,800
942.6,800
942.7,800
942.8,800
942.9,800
943,800
943.1,800
943.2,800
943.3,800
943.4,800
943.5,800
943.6,800
943.7,800
943.8,800
943.9,800
944,800
944.1,800
944.2,800
944.3,800
944.4,800
944.5,800
944.6,800
944.7,800
944.8,800
944.9,800
945,800
945.1,800
945.2,800
945.3,800
945.4,800
945.5,800
945.6,800
945.7,800
945.8,800
945.9,800
946,800
946.1,800
946.2,800
946.3,800
946.4,800
946.5,800
946.6,800
946.7,800
946.8,800
946.9,800
947,800
947.1,800
947.2,800
947.3,800
947.4,800
947.5,800
947.6,800
947.7,800
947.8,800
947.9,800
948,800
948.1,800
948.2,800
948.3,800
948.4,800
948.5,800
948.6,800
948.7,800
948.8,800
948.9,800
949,800
949.1,800
949.2,800
949.3,800
949.4,800
949.5,800
949.6,800
949.7,800
949.8,800
949.9,800
950,800
950.1,800
950.2,800
950.3,800
950.4,800
950.5,800
950.6,800
950.7,800
950.8,800
950.9,800
951,800
951.1,800
951.2,800
951.3,800
951.4,800
951.5,800
951.6,800
951.7,800
951.8,800
951.9,800
952,800
952.1,800
952.2,800
952.3,800
952.4,800
952.5,800
952.6,800
952.7,800
952.8,800
952.9,800
953,800
953.1,800
953.2,800
953.3,800
953.4,800
953.5,800
953.6,800
953.7,800
953.8,800
953.9,800
954,800
954.1,800
954.2,800
954.3,800
954.4,800
954.5,800
954.6,800
954.7,800
954.8,800
954.9,800
955,800
955.1,800
955.2,800
955.3,800
955.4,800
955.5,800
955.6,800
955.7,800
955.8,800
955.9,800
956,800
956.1,800
956.2,800
956.3,800
956.4,800
956.5,800
956.6,800
956.7,800
956.8,800
956.9,800
957,800
957.1,800
957.2,800
957.3,800
957.4,800
957.5,800
957.6,800
957.7,800
957.8,800
957.9,800
958,800
958.1,800
958.2,800
958.3,800
958.4,800
958.5,800
958.6,800
958.7,800
958.8,800
958.9,800
959,800
959.1,800
959.2,800
959.3,800
959.4,800
959.5,800
959.6,800
959.7,800
959.8,800
959.9,800
960,800
960.1,800
960.2,800
960.3,800
960.4,800
960.5,800
960.6,800
960.7,800
960.8,800
960.9,800
961,800
961.1,800
961.2,800
961.3,800
961.4,800
961.5,800
961.6,800
961.7,800
961.8,800
961.9,800
962,800
962.1,800
962.2,800
962.3,800
962.4,800
962.5,800
962.6,800
962.7,800
962.8,800
962.9,800
963,800
963.1,800
963.2,800
963.3,800
963.4,800
963.5,800
963.6,800
963.7,800
963.8,800
963.9,800
964,800
964.1,800
964.2,800
964.3,800
964.4,800
964.5,800
964.6,800
964.7,800
964.8,800
964.9,800
965,800
965.1,800
965.2,800
965.3,800
965.4,800
965.5,800
965.6,800
965.7,800
965.8,800
965.9,800
966,800
966.1,800
966.2,800
966.3,800
966.4,800
966.5,800
966.6,800
966.7,800
966.8,800
966.9,800
967,800
967.1,800
967.2,800
967.3,800
967.4,800
967.5,800
967.6,800
967.7,800
967.8,800
967.9,800
968,800
968.1,800
968.2,800
968.3,800
968.4,800
968.5,800
968.6,800
968.7,800
968.8,800
968.9,800
969,800
969.1,800
969.2,800
969.3,800
969.4,800
969.5,800
969.6,800
969.7,800
969.8,800
969.9,800
970,800
970.1,800
970.2,800
970.3,800
970.4,800
970.5,800
970.6,800
970.7,800
970.8,800
970.9,800
971,800
971.1,800
971.2,800
971.3,800
971.4,800
971.5,800
971.6,800
971.7,800
971.8,800
971.9,800
972,800
972.1,800
972.2,800
972.3,800
972.4,800
972.5,800
972.6,800
972.7,800
972.8,800
972.9,800
973,800
973.1,800
973.2,800
973.3,800
973.4,800
973.5,800
973.6,800
973.7,800
973.8,800
973.9,800
974,800
974.1,800
974.2,800
974.3,800
974.4,800
974.5,800
974.6,800
974.7,800
974.8,800
974.9,800
975,800
975.1,800
975.2,800
975.3,800
975.4,800
975.5,800
975.6,800
975.7,800
975.8,800
975.9,800
976,800
976.1,800
976.2,800
976.3,800
976.4,800
976.5,800
976.6,800
976.7,800
976.8,800
976.9,800
977,800
977.1,800
977.2,800
977.3,800
977.4,800
977.5,800
977.6,800
977.7,800
977.8,800
977.9,800
978,800
978.1,800
978.2,800
978.3,800
978.4,800
978.5,800
978.6,800
978.7,800
978.8,800
978.9,800
979,800
979.1,800
979.2,800
979.3,800
979.4,800
979.5,800
979.6,800
979.7,800
979.8,800
979.9,800
980,800
980.1,800
980.2,800
980.3,800
980.4,800
980.5,800
980.6,800
980.7,800
980.8,800
980.9,800
981,800
981.1,800
981.2,800
981.3,800
981.4,800
981.5,800
981.6,800
981.7,800
981.8,800
981.9,800
982,800
982.1,800
982.2,800
982.3,800
982.4,800
982.5,800
982.6,800
982.7,800
982.8,800
982.9,800
983,800
983.1,800
983.2,800
983.3,800
983.4,800
983.5,800
983.6,800
983.7,800
983.8,800
983.9,800
984,800
984.1,800
984.2,800
984.3,800
984.4,800
984.5,800
984.6,800
984.7,800
984.8,800
984.9,800
985,800
985.1,800
985.2,800
985.3,800
985.4,800
985.5,800
985.6,800
985.7,800
985.8,800
985.9,800
986,800
986.1,800
986.2,800
986.3,800
986.4,800
986.5,800
986.6,800
986.7,800
986.8,800
986.9,800
987,800
987.1,800
987.2,800
987.3,800
987.4,800
987.5,800
987.6,800
987.7,800
987.8,800
987.9,800
988,800
988.1,800
988.2,800
988.3,800
988.4,800
988.5,800
988.6,800
988.7,800
988.8,800
988.9,800
989,800
989.1,800
989.2,800
989.3,800
989.4,800
989.5,800
989.6,800
989.7,800
989.8,800
989.9,800
990,800
990.1,800
990.2,800
990.3,800
990.4,800
990.5,800
990.6,800
990.7,800
990.8,800
990.9,800
991,800
991.1,800
991.2,800
991.3,800
991.4,800
991.5,800
991.6,800
991.7,800
991.8,800
991.9,800
992,800
992.1,800
992.2,800
992.3,800
992.4,800
992.5,800
992.6,800
992.7,800
992.8,800
992.9,800
993,800
993.1,800
993.2,800
993.3,800
993.4,800
993.5,800
993.6,800
993.7,800
993.8,800
993.9,800
994,800
994.1,800
994.2,800
994.3,800
994.4,800
994.5,800
994.6,800
994.7,800
994.8,800
994.9,800
995,800
995.1,800
995.2,800
995.3,800
995.4,800
995.5,800
995.6,800
995.7,800
995.8,800
995.9,800
996,800
996.1,800
996.2,800
996.3,800
996.4,800
996.5,800
996.6,800
996.7,800
996.8,800
996.9,800
997,800
997.1,800
997.2,800
997.3,800
997.4,800
997.5,800
997.6,800
997.7,800
997.8,800
997.9,800
998,800
998.1,800
998.2,800
998.3,800
998.4,800
998.5,800
998.6,800
998.7,800
998.8,800
998.9,800
999,800
999.1,800
999.2,800
999.3,800
999.4,800
999.5,800
999.6,800
999.7,800
999.8,800
999.9,800
1000,800
1000.1,800
1000.2,800
1000.3,800
1000.4,800
1000.5,800
1000.6,800
1000.7,800
1000.8,800
1000.9,800
1001,800
1001.1,800
1001.2,800
1001.3,800
1001.4,800
1001.5,800
1001.6,800
1001.7,800
1001.8,800
1001.9,800
1002,800
1002.1,800
1002.2,800
1002.3,800
1002.4,800
1002.5,800
1002.6,800
1002.7,800
1002.8,800
1002.9,800
1003,800
1003.1,800
1003.2,800
1003.3,800
1003.4,800
1003.5,800
1003.6,800
1003.7,800
1003.8,800
1003.9,800
1004,800
1004.1,800
1004.2,800
1004.3,800
1004.4,800
1004.5,800
1004.6,800
1004.7,800
1004.8,800
1004.9,800
1005,800
1005.1,800
1005.2,800
1005.3,800
1005.4,800
1005.5,800
1005.6,800
1005.7,800
1005.8,800
1005.9,800
1006,800
1006.1,800
1006.2,800
1006.3,800
1006.4,800
1006.5,800
1006.6,800
1006.7,800
1006.8,800
1006.9,800
1007,800
1007.1,800
1007.2,800
1007.3,800
1007.4,800
1007.5,800
1007.6,800
1007.7,800
1007.8,800
1007.9,800
1008,800
1008.1,800
1008.2,800
1008.3,800
1008.4,800
1008.5,800
1008.6,800
1008.7,800
1008.8,800
1008.9,800
1009,800
1009.1,800
1009.2,800
1009.3,800
1009.4,800
1009.5,800
1009.6,800
1009.7,800
1009.8,800
1009.9,800
1010,800
1010.1,800
1010.2,800
1010.3,800
1010.4,800
1010.5,800
1010.6,800
1010.7,800
1010.8,800
1010.9,800
1011,800
1011.1,800
1011.2,800
1011.3,800
1011.4,800
1011.5,800
1011.6,800
1011.7,800
1011.8,800
1011.9,800
1012,800
1012.1,800
1012.2,800
1012.3,800
1012.4,800
1012.5,800
1012.6,800
1012.7,800
1012.8,800
1012.9,800
1013,800
1013.1,800
1013.2,800
1013.3,800
1013.4,800
1013.5,800
1013.6,800
1013.7,800
1013.8,800
1013.9,800
1014,800
1014.1,800
1014.2,800
1014.3,800
1014.4,800
1014.5,800
1014.6,800
1014.7,800
1014.8,800
1014.9,800
1015,800
1015.1,800
1015.2,800
1015.3,800
1015.4,800
1015.5,800
1015.6,800
1015.7,800
1015.8,800
1015.9,800
1016,800
1016.1,800
1016.2,800
1016.3,800
1016.4,800
1016.5,800
1016.6,800
1016.7,800
1016.8,800
1016.9,800
1017,800
1017.1,800
1017.2,800
1017.3,800
1017.4,800
1017.5,800
1017.6,800
1017.7,800
1017.8,800
1017.9,800
1018,800
1018.1,800
1018.2,800
1018.3,800
1018.4,800
1018.5,800
1018.6,800
1018.7,800
1018.8,800
1018.9,800
1019,800
1019.1,800
1019.2,800
1019.3,800
1019.4,800
1019.5,800
1019.6,800
1019.7,800
1019.8,800
1019.9,800
1020,800
1020.1,800
1020.2,800
1020.3,800
1020.4,800
1020.5,800
1020.6,800
1020.7,800
1020.8,800
1020.9,800
1021,800
1021.1,800
1021.2,800
1021.3,800
1021.4,800
1021.5,800
1021.6,800
1021.7,800
1021.8,800
1021.9,800
1022,800
1022.1,800
1022.2,800
1022.3,800
1022.4,800
1022.5,800
1022.6,800
1022.7,800
1022.8,800
1022.9,800
1023,800
1023.1,800
1023.2,800
1023.3,800
1023.4,800
1023.5,800
1023.6,800
1023.7,800
1023.8,800
1023.9,800
1024,800
1024.1,800
1024.2,800
1024.3,800
1024.4,800
1024.5,800
1024.6,800
1024.7,800
1024.8,800
1024.9,800
1025,800
1025.1,800
1025.2,800
1025.3,800
1025.4,800
1025.5,800
1025.6,800
1025.7,800
1025.8,800
1025.9,800
1026,800
1026.1,800
1026.2,800
1026.3,800
1026.4,800
1026.5,800
1026.6,800
1026.7,800
1026.8,800
1026.9,800
1027,800
1027.1,800
1027.2,800
1027.3,800
1027.4,800
1027.5,800
1027.6,800
1027.7,800
1027.8,800
1027.9,800
1028,800
1028.1,800
1028.2,800
1028.3,800
1028.4,800
1028.5,800
1028.6,800
1028.7,800
1028.8,800
1028.9,800
1029,800
1029.1,800
1029.2,800
1029.3,800
1029.4,800
1029.5,800
1029.6,800
1029.7,800
1029.8,800
1029.9,800
1030,800
1030.1,800
1030.2,800
1030.3,800
1030.4,800
1030.5,800
1030.6,800
1030.7,800
1030.8,800
1030.9,800
1031,800
1031.1,800
1031.2,800
1031.3,800
1031.4,800
1031.5,800
1031.6,800
1031.7,800
1031.8,800
1031.9,800
1032,800
1032.1,800
1032.2,800
1032.3,800
1032.4,800
1032.5,800
1032.6,800
1032.7,800
1032.8,800
1032.9,800
1033,800
1033.1,800
1033.2,800
1033.3,800
1033.4,800
1033.5,800
1033.6,800
1033.7,800
1033.8,800
1033.9,800
1034,800
1034.1,800
1034.2,800
1034.3,800
1034.4,800
1034.5,800
1034.6,800
1034.7,800
1034.8,800
1034.9,800
1035,800
1035.1,800
1035.2,800
1035.3,800
1035.4,800
1035.5,800
1035.6,800
1035.7,800
1035.8,800
1035.9,800
1036,800
1036.1,800
1036.2,800
1036.3,800
1036.4,800
1036.5,800
1036.6,800
1036.7,800
1036.8,800
1036.9,800
1037,800
1037.1,800
1037.2,800
1037.3,800
1037.4,800
1037.5,800
1037.6,800
1037.7,800
1037.8,800
1037.9,800
1038,800
1038.1,800
1038.2,800
1038.3,800
1038.4,800
1038.5,800
1038.6,800
1038.7,800
1038.8,800
1038.9,800
1039,800
1039.1,800
1039.2,800
1039.3,800
1039.4,800
1039.5,800
1039.6,800
1039.7,800
1039.8,800
1039.9,800
1040,800
1040.1,800
1040.2,800
1040.3,800
1040.4,800
1040.5,800
1040.6,800
1040.7,800
1040.8,800
1040.9,800
1041,800
1041.1,800
1041.2,800
1041.3,800
1041.4,800
1041.5,800
1041.6,800
1041.7,800
1041.8,800
1041.9,800
1042,800
1042.1,800
1042.2,800
1042.3,800
1042.4,800
1042.5,800
1042.6,800
1042.7,800
1042.8,800
1042.9,800
1043,800
1043.1,800
1043.2,800
1043.3,800
1043.4,800
1043.5,800
1043.6,800
1043.7,800
1043.8,800
1043.9,800
1044,800
1044.1,800
1044.2,800
1044.3,800
1044.4,800
1044.5,800
1044.6,800
1044.7,800
1044.8,800
1044.9,800
1045,800
1045.1,800
1045.2,800
1045.3,800
1045.4,800
1045.5,800
1045.6,800
1045.7,800
1045.8,800
1045.9,800
1046,800
1046.1,800
1046.2,800
1046.3,800
1046.4,800
1046.5,800
1046.6,800
1046.7,800
1046.8,800
1046.9,800
1047,800
1047.1,800
1047.2,800
1047.3,800
1047.4,800
1047.5,800
1047.6,800
1047.7,800
1047.8,800
1047.9,800
1048,800
1048.1,800
1048.2,800
1048.3,800
1048.4,800
1048.5,800
1048.6,800
1048.7,800
1048.8,800
1048.9,800
1049,800
1049.1,800
1049.2,800
1049.3,800
1049.4,800
1049.5,800
1049.6,800
1049.7,800
1049.8,800
1049.9,800
1050,800
1050.1,800
1050.2,800
1050.3,800
1050.4,800
1050.5,800
1050.6,800
1050.7,800
1050.8,800
1050.9,800
1051,800
1051.1,800
1051.2,800
1051.3,800
1051.4,800
1051.5,800
1051.6,800
1051.7,800
1051.8,800
1051.9,800
1052,800
1052.1,800
1052.2,800
1052.3,800
1052.4,800
1052.5,800
1052.6,800
1052.7,800
1052.8,800
1052.9,800
1053,800
1053.1,800
1053.2,800
1053.3,800
1053.4,800
1053.5,800
1053.6,800
1053.7,800
1053.8,800
1053.9,800
1054,800
1054.1,800
1054.2,800
1054.3,800
1054.4,800
1054.5,800
1054.6,800
1054.7,800
1054.8,800
1054.9,800
1055,800
1055.1,800
1055.2,800
1055.3,800
1055.4,800
1055.5,800
1055.6,800
1055.7,800
1055.8,800
1055.9,800
1056,800
1056.1,800
1056.2,800
1056.3,800
1056.4,800
1056.5,800
1056.6,800
1056.7,800
1056.8,800
1056.9,800
1057,800
1057.1,800
1057.2,800
1057.3,800
1057.4,800
1057.5,800
1057.6,800
1057.7,800
1057.8,800
1057.9,800
1058,800
1058.1,800
1058.2,800
1058.3,800
1058.4,800
1058.5,800
1058.6,800
1058.7,800
1058.8,800
1058.9,800
1059,800
1059.1,800
1059.2,800
1059.3,800
1059.4,800
1059.5,800
1059.6,800
1059.7,800
1059.8,800
1059.9,800
1060,800
1060.1,800
1060.2,800
1060.3,800
1060.4,800
1060.5,800
1060.6,800
1060.7,800
1060.8,800
1060.9,800
1061,800
1061.1,800
1061.2,800
1061.3,800
1061.4,800
1061.5,800
1061.6,800
1061.7,800
1061.8,800
1061.9,800
1062,800
1062.1,800
1062.2,800
1062.3,800
1062.4,800
1062.5,800
1062.6,800
1062.7,800
1062.8,800
1062.9,800
1063,800
1063.1,800
1063.2,800
1063.3,800
1063.4,800
1063.5,800
1063.6,800
1063.7,800
1063.8,800
1063.9,800
1064,800
1064.1,800
1064.2,800
1064.3,800
1064.4,800
1064.5,800
1064.6,800
1064.7,800
1064.8,800
1064.9,800
1065,800
1065.1,800
1065.2,800
1065.3,800
1065.4,800
1065.5,800
1065.6,800
1065.7,800
1065.8,800
1065.9,800
1066,800
1066.1,800
1066.2,800
1066.3,800
1066.4,800
1066.5,800
1066.6,800
1066.7,800
1066.8,800
1066.9,800
1067,800
1067.1,800
1067.2,800
1067.3,800
1067.4,800
1067.5,800
1067.6,800
1067.7,800
1067.8,800
1067.9,800
1068,800
1068.1,800
1068.2,800
1068.3,800
1068.4,800
1068.5,800
1068.6,800
1068.7,800
1068.8,800
1068.9,800
1069,800
1069.1,800
1069.2,800
1069.3,800
1069.4,800
1069.5,800
1069.6,800
1069.7,800
1069.8,800
1069.9,800
1070,800
1070.1,800
1070.2,800
1070.3,800
1070.4,800
1070.5,800
1070.6,800
1070.7,800
1070.8,800
1070.9,800
1071,800
1071.1,800
1071.2,800
1071.3,800
1071.4,800
1071.5,800
1071.6,800
1071.7,800
1071.8,800
1071.9,800
1072,800
1072.1,800
1072.2,800
1072.3,800
1072.4,800
1072.5,800
1072.6,800
1072.7,800
1072.8,800
1072.9,800
1073,800
1073.1,800
1073.2,800
1073.3,800
1073.4,800
1073.5,800
1073.6,800
1073.7,800
1073.8,800
1073.9,800
1074,800
1074.1,800
1074.2,800
1074.3,800
1074.4,800
1074.5,800
1074.6,800
1074.7,800
1074.8,800
1074.9,800
1075,800
1075.1,800
1075.2,800
1075.3,800
1075.4,800
1075.5,800
1075.6,800
1075.7,800
1075.8,800
1075.9,800
1076,800
1076.1,800
1076.2,800
1076.3,800
1076.4,800
1076.5,800
1076.6,800
1076.7,800
1076.8,800
1076.9,800
1077,800
1077.1,800
1077.2,800
1077.3,800
1077.4,800
1077.5,800
1077.6,800
1077.7,800
1077.8,800
1077.9,800
1078,800
1078.1,800
1078.2,800
1078.3,800
1078.4,800
1078.5,800
1078.6,800
1078.7,800
1078.8,800
1078.9,800
1079,800
1079.1,800
1079.2,800
1079.3,800
1079.4,800
1079.5,800
1079.6,800
1079.7,800
1079.8,800
1079.9,800
1080,800
1080.1,800
1080.2,800
1080.3,800
1080.4,800
1080.5,800
1080.6,800
1080.7,800
1080.8,800
1080.9,800
1081,800
1081.1,800
1081.2,800
1081.3,800
1081.4,800
1081.5,800
1081.6,800
1081.7,800
1081.8,800
1081.9,800
1082,800
1082.1,800
1082.2,800
1082.3,800
1082.4,800
1082.5,800
1082.6,800
1082.7,800
1082.8,800
1082.9,800
1083,800
1083.1,800
1083.2,800
1083.3,800
1083.4,800
1083.5,800
1083.6,800
1083.7,800
1083.8,800
1083.9,800
1084,800
1084.1,800
1084.2,800
1084.3,800
1084.4,800
1084.5,800
1084.6,800
1084.7,800
1084.8,800
1084.9,800
1085,800
1085.1,800
1085.2,800
1085.3,800
1085.4,800
1085.5,800
1085.6,800
1085.7,800
1085.8,800
1085.9,800
1086,800
1086.1,800
1086.2,800
1086.3,800
1086.4,800
1086.5,800
1086.6,800
1086.7,800
1086.8,800
1086.9,800
1087,800
1087.1,800
1087.2,800
1087.3,800
1087.4,800
1087.5,800
1087.6,800
1087.7,800
1087.8,800
1087.9,800
1088,800
1088.1,800
1088.2,800
1088.3,800
1088.4,800
1088.5,800
1088.6,800
1088.7,800
1088.8,800
1088.9,800
1089,800
1089.1,800
1089.2,800
1089.3,800
1089.4,800
1089.5,800
1089.6,800
1089.7,800
1089.8,800
1089.9,800
1090,800
1090.1,800
1090.2,800
1090.3,800
1090.4,800
1090.5,800
1090.6,800
1090.7,800
1090.8,800
1090.9,800
1091,800
1091.1,800
1091.2,800
1091.3,800
1091.4,800
1091.5,800
1091.6,800
1091.7,800
1091.8,800
1091.9,800
1092,800
1092.1,800
1092.2,800
1092.3,800
1092.4,800
1092.5,800
1092.6,800
1092.7,800
1092.8,800
1092.9,800
1093,800
1093.1,800
1093.2,800
1093.3,800
1093.4,800
1093.5,800
1093.6,800
1093.7,800
1093.8,800
1093.9,800
1094,800
1094.1,800
1094.2,800
1094.3,800
1094.4,800
1094.5,800
1094.6,800
1094.7,800
1094.8,800
1094.9,800
1095,800
1095.1,800
1095.2,800
1095.3,800
1095.4,800
1095.5,800
1095.6,800
1095.7,800
1095.8,800
1095.9,800
1096,800
1096.1,800
1096.2,800
1096.3,800
1096.4,800
1096.5,800
1096.6,800
1096.7,800
1096.8,800
1096.9,800
1097,800
1097.1,800
1097.2,800
1097.3,800
1097.4,800
1097.5,800
1097.6,800
1097.7,800
1097.8,800
1097.9,800
1098,800
1098.1,800
1098.2,800
1098.3,800
1098.4,800
1098.5,800
1098.6,800
1098.7,800
1098.8,800
1098.9,800
1099,800
1099.1,800
1099.2,800
1099.3,800
1099.4,800
1099.5,800
1099.6,800
1099.7,800
1099.8,800
1099.9,800
1100,800
1100.1,800
1100.2,800
1100.3,800
1100.4,800
1100.5,800
1100.6,800
1100.7,800
1100.8,800
1100.9,800
1101,800
1101.1,800
1101.2,800
1101.3,800
1101.4,800
1101.5,800
1101.6,800
1101.7,800
1101.8,800
1101.9,800
1102,800
1102.1,800
1102.2,800
1102.3,800
1102.4,800
1102.5,800
1102.6,800
1102.7,800
1102.8,800
1102.9,800
1103,800
1103.1,800
1103.2,800
1103.3,800
1103.4,800
1103.5,800
1103.6,800
1103.7,800
1103.8,800
1103.9,800
1104,800
1104.1,800
1104.2,800
1104.3,800
1104.4,800
1104.5,800
1104.6,800
1104.7,800
1104.8,800
1104.9,800
1105,800
1105.1,800
1105.2,800
1105.3,800
1105.4,800
1105.5,800
1105.6,800
1105.7,800
1105.8,800
1105.9,800
1106,800
1106.1,800
1106.2,800
1106.3,800
1106.4,800
1106.5,800
1106.6,800
1106.7,800
1106.8,800
1106.9,800
1107,800
1107.1,800
1107.2,800
1107.3,800
1107.4,800
1107.5,800
1107.6,800
1107.7,800
1107.8,800
1107.9,800
1108,800
1108.1,800
1108.2,800
1108.3,800
1108.4,800
1108.5,800
1108.6,800
1108.7,800
1108.8,800
1108.9,800
1109,800
1109.1,800
1109.2,800
1109.3,800
1109.4,800
1109.5,800
1109.6,800
1109.7,800
1109.8,800
1109.9,800
1110,800
1110.1,800
1110.2,800
1110.3,800
1110.4,800
1110.5,800
1110.6,800
1110.7,800
1110.8,800
1110.9,800
1111,800
1111.1,800
1111.2,800
1111.3,800
1111.4,800
1111.5,800
1111.6,800
1111.7,800
1111.8,800
1111.9,800
1112,800
1112.1,800
1112.2,800
1112.3,800
1112.4,800
1112.5,800
1112.6,800
1112.7,800
1112.8,800
1112.9,800
1113,800
1113.1,800
1113.2,800
1113.3,800
1113.4,800
1113.5,800
1113.6,800
1113.7,800
1113.8,800
1113.9,800
1114,800
1114.1,800
1114.2,800
1114.3,800
1114.4,800
1114.5,800
1114.6,800
1114.7,800
1114.8,800
1114.9,800
1115,800
1115.1,800
1115.2,800
1115.3,800
1115.4,800
1115.5,800
1115.6,800
1115.7,800
1115.8,800
1115.9,800
1116,800
1116.1,800
1116.2,800
1116.3,800
1116.4,800
1116.5,800
1116.6,800
1116.7,800
1116.8,800
1116.9,800
1117,800
1117.1,800
1117.2,800
1117.3,800
1117.4,800
1117.5,800
1117.6,800
1117.7,800
1117.8,800
1117.9,800
1118,800
1118.1,800
1118.2,800
1118.3,800
1118.4,800
1118.5,800
1118.6,800
1118.7,800
1118.8,800
1118.9,800
1119,800
1119.1,800
1119.2,800
1119.3,800
1119.4,800
1119.5,800
1119.6,800
1119.7,800
1119.8,800
1119.9,800
1120,800
1120.1,800
1120.2,800
1120.3,800
1120.4,800
1120.5,800
1120.6,800
1120.7,800
1120.8,800
1120.9,800
1121,800
1121.1,800
1121.2,800
1121.3,800
1121.4,800
1121.5,800
1121.6,800
1121.7,800
1121.8,800
1121.9,800
1122,800
1122.1,800
1122.2,800
1122.3,800
1122.4,800
1122.5,800
1122.6,800
1122.7,800
1122.8,800
1122.9,800
1123,800
1123.1,800
1123.2,800
1123.3,800
1123.4,800
1123.5,800
1123.6,800
1123.7,800
1123.8,800
1123.9,800
1124,800
1124.1,800
1124.2,800
1124.3,800
1124.4,800
1124.5,800
1124.6,800
1124.7,800
1124.8,800
1124.9,800
1125,800
1125.1,800
1125.2,800
1125.3,800
1125.4,800
1125.5,800
1125.6,800
1125.7,800
1125.8,800
1125.9,800
1126,800
1126.1,800
1126.2,800
1126.3,800
1126.4,800
1126.5,800
1126.6,800
1126.7,800
1126.8,800
1126.9,800
1127,800
1127.1,800
1127.2,800
1127.3,800
1127.4,800
1127.5,800
1127.6,800
1127.7,800
1127.8,800
1127.9,800
1128,800
1128.1,800
1128.2,800
1128.3,800
1128.4,800
1128.5,800
1128.6,800
1128.7,800
1128.8,800
1128.9,800
1129,800
1129.1,800
1129.2,800
1129.3,800
1129.4,800
1129.5,800
1129.6,800
1129.7,800
1129.8,800
1129.9,800
1130,800
1130.1,800
1130.2,800
1130.3,800
1130.4,800
1130.5,800
1130.6,800
1130.7,800
1130.8,800
1130.9,800
1131,800
1131.1,800
1131.2,800
1131.3,800
1131.4,800
1131.5,800
1131.6,800
1131.7,800
1131.8,800
1131.9,800
1132,800
1132.1,800
1132.2,800
1132.3,800
1132.4,800
1132.5,800
1132.6,800
1132.7,800
1132.8,800
1132.9,800
1133,800
1133.1,800
1133.2,800
1133.3,800
1133.4,800
1133.5,800
1133.6,800
1133.7,800
1133.8,800
1133.9,800
1134,800
1134.1,800
1134.2,800
1134.3,800
1134.4,800
1134.5,800
1134.6,800
1134.7,800
1134.8,800
1134.9,800
1135,800
1135.1,800
1135.2,800
1135.3,800
1135.4,800
1135.5,800
1135.6,800
1135.7,800
1135.8,800
1135.9,800
1136,800
1136.1,800
1136.2,800
1136.3,800
1136.4,800
1136.5,800
1136.6,800
1136.7,800
1136.8,800
1136.9,800
1137,800
1137.1,800
1137.2,800
1137.3,800
1137.4,800
1137.5,800
1137.6,800
1137.7,800
1137.8,800
1137.9,800
1138,800
1138.1,800
1138.2,800
1138.3,800
1138.4,800
1138.5,800
1138.6,800
1138.7,800
1138.8,800
1138.9,800
1139,800
1139.1,800
1139.2,800
1139.3,800
1139.4,800
1139.5,800
1139.6,800
1139.7,800
1139.8,800
1139.9,800
1140,800
1140.1,800
1140.2,800
1140.3,800
1140.4,800
1140.5,800
1140.6,800
1140.7,800
1140.8,800
1140.9,800
1141,800
1141.1,800
1141.2,800
1141.3,800
1141.4,800
1141.5,800
1141.6,800
1141.7,800
1141.8,800
1141.9,800
1142,800
1142.1,800
1142.2,800
1142.3,800
1142.4,800
1142.5,800
1142.6,800
1142.7,800
1142.8,800
1142.9,800
1143,800
1143.1,800
1143.2,800
1143.3,800
1143.4,800
1143.5,800
1143.6,800
1143.7,800
1143.8,800
1143.9,800
1144,800
1144.1,800
1144.2,800
1144.3,800
1144.4,800
1144.5,800
1144.6,800
1144.7,800
1144.8,800
1144.9,800
1145,800
1145.1,800
1145.2,800
1145.3,800
1145.4,800
1145.5,800
1145.6,800
1145.7,800
1145.8,800
1145.9,800
1146,800
1146.1,800
1146.2,800
1146.3,800
1146.4,800
1146.5,800
1146.6,800
1146.7,800
1146.8,800
1146.9,800
1147,800
1147.1,800
1147.2,800
1147.3,800
1147.4,800
1147.5,800
1147.6,800
1147.7,800
1147.8,800
1147.9,800
1148,800
1148.1,800
1148.2,800
1148.3,800
1148.4,800
1148.5,800
1148.6,800
1148.7,800
1148.8,800
1148.9,800
1149,800
1149.1,800
1149.2,800
1149.3,800
1149.4,800
1149.5,800
1149.6,800
1149.7,800
1149.8,800
1149.9,800
1150,800
1150.1,800
1150.2,800
1150.3,800
1150.4,800
1150.5,800
1150.6,800
1150.7,800
1150.8,800
1150.9,800
1151,800
1151.1,800
1151.2,800
1151.3,800
1151.4,800
1151.5,800
1151.6,800
1151.7,800
1151.8,800
1151.9,800
1152,800
1152.1,800
1152.2,800
1152.3,800
1152.4,800
1152.5,800
1152.6,800
1152.7,800
1152.8,800
1152.9,800
1153,800
1153.1,800
1153.2,800
1153.3,800
1153.4,800
1153.5,800
1153.6,800
1153.7,800
1153.8,800
1153.9,800
1154,800
1154.1,800
1154.2,800
1154.3,800
1154.4,800
1154.5,800
1154.6,800
1154.7,800
1154.8,800
1154.9,800
1155,800
1155.1,800
1155.2,800
1155.3,800
1155.4,800
1155.5,800
1155.6,800
1155.7,800
1155.8,800
1155.9,800
1156,800
1156.1,800
1156.2,800
1156.3,800
1156.4,800
1156.5,800
1156.6,800
1156.7,800
1156.8,800
1156.9,800
1157,800
1157.1,800
1157.2,800
1157.3,800
1157.4,800
1157.5,800
1157.6,800
1157.7,800
1157.8,800
1157.9,800
1158,800
1158.1,800
1158.2,800
1158.3,800
1158.4,800
1158.5,800
1158.6,800
1158.7,800
1158.8,800
1158.9,800
1159,800
1159.1,800
1159.2,800
1159.3,800
1159.4,800
1159.5,800
1159.6,800
1159.7,800
1159.8,800
1159.9,800
1160,800
1160.1,800
1160.2,800
1160.3,800
1160.4,800
1160.5,800
1160.6,800
1160.7,800
1160.8,800
1160.9,800
1161,800
1161.1,800
1161.2,800
1161.3,800
1161.4,800
1161.5,800
1161.6,800
1161.7,800
1161.8,800
1161.9,800
1162,800
1162.1,800
1162.2,800
1162.3,800
1162.4,800
1162.5,800
1162.6,800
1162.7,800
1162.8,800
1162.9,800
1163,800
1163.1,800
1163.2,800
1163.3,800
1163.4,800
1163.5,800
1163.6,800
1163.7,800
1163.8,800
1163.9,800
1164,800
1164.1,800
1164.2,800
1164.3,800
1164.4,800
1164.5,800
1164.6,800
1164.7,800
1164.8,800
1164.9,800
1165,800
1165.1,800
1165.2,800
1165.3,800
1165.4,800
1165.5,800
1165.6,800
1165.7,800
1165.8,800
1165.9,800
1166,800
1166.1,800
1166.2,800
1166.3,800
1166.4,800
1166.5,800
1166.6,800
1166.7,800
1166.8,800
1166.9,800
1167,800
1167.1,800
1167.2,800
1167.3,800
1167.4,800
1167.5,800
1167.6,800
1167.7,800
1167.8,800
1167.9,800
1168,800
1168.1,800
1168.2,800
1168.3,800
1168.4,800
1168.5,800
1168.6,800
1168.7,800
1168.8,800
1168.9,800
1169,800
1169.1,800
1169.2,800
1169.3,800
1169.4,800
1169.5,800
1169.6,800
1169.7,800
1169.8,800
1169.9,800
1170,800
1170.1,800
1170.2,800
1170.3,800
1170.4,800
1170.5,800
1170.6,800
1170.7,800
1170.8,800
1170.9,800
1171,800
1171.1,800
1171.2,800
1171.3,800
1171.4,800
1171.5,800
1171.6,800
1171.7,800
1171.8,800
1171.9,800
1172,800
1172.1,800
1172.2,800
1172.3,800
1172.4,800
1172.5,800
1172.6,800
1172.7,800
1172.8,800
1172.9,800
1173,800
1173.1,800
1173.2,800
1173.3,800
1173.4,800
1173.5,800
1173.6,800
1173.7,800
1173.8,800
1173.9,800
1174,800
1174.1,800
1174.2,800
1174.3,800
1174.4,800
1174.5,800
1174.6,800
1174.7,800
1174.8,800
1174.9,800
1175,800
1175.1,800
1175.2,800
1175.3,800
1175.4,800
1175.5,800
1175.6,800
1175.7,800
1175.8,800
1175.9,800
1176,800
1176.1,800
1176.2,800
1176.3,800
1176.4,800
1176.5,800
1176.6,800
1176.7,800
1176.8,800
1176.9,800
1177,800
1177.1,800
1177.2,800
1177.3,800
1177.4,800
1177.5,800
1177.6,800
1177.7,800
1177.8,800
1177.9,800
1178,800
1178.1,800
1178.2,800
1178.3,800
1178.4,800
1178.5,800
1178.6,800
1178.7,800
1178.8,800
1178.9,800
1179,800
1179.1,800
1179.2,800
1179.3,800
1179.4,800
1179.5,800
1179.6,800
1179.7,800
1179.8,800
1179.9,800
1180,800
1180.1,800
1180.2,800
1180.3,800
1180.4,800
1180.5,800
1180.6,800
1180.7,800
1180.8,800
1180.9,800
1181,800
1181.1,800
1181.2,800
1181.3,800
1181.4,800
1181.5,800
1181.6,800
1181.7,800
1181.8,800
1181.9,800
1182,800
1182.1,800
1182.2,800
1182.3,800
1182.4,800
1182.5,800
1182.6,800
1182.7,800
1182.8,800
1182.9,800
1183,800
1183.1,800
1183.2,800
1183.3,800
1183.4,800
1183.5,800
1183.6,800
1183.7,800
1183.8,800
1183.9,800
1184,800
1184.1,800
1184.2,800
1184.3,800
1184.4,800
1184.5,800
1184.6,800
1184.7,800
1184.8,800
1184.9,800
1185,800
1185.1,800
1185.2,800
1185.3,800
1185.4,800
1185.5,800
1185.6,800
1185.7,800
1185.8,800
1185.9,800
1186,800
1186.1,800
1186.2,800
1186.3,800
1186.4,800
1186.5,800
1186.6,800
1186.7,800
1186.8,800
1186.9,800
1187,800
1187.1,800
1187.2,800
1187.3,800
1187.4,800
1187.5,800
1187.6,800
1187.7,800
1187.8,800
1187.9,800
1188,800
1188.1,800
1188.2,800
1188.3,800
1188.4,800
1188.5,800
1188.6,800
1188.7,800
1188.8,800
1188.9,800
1189,800
1189.1,800
1189.2,800
1189.3,800
1189.4,800
1189.5,800
1189.6,800
1189.7,800
1189.8,800
1189.9,800
1190,800
1190.1,800
1190.2,800
1190.3,800
1190.4,800
1190.5,800
1190.6,800
1190.7,800
1190.8,800
1190.9,800
1191,800
1191.1,800
1191.2,800
1191.3,800
1191.4,800
1191.5,800
1191.6,800
1191.7,800
1191.8,800
1191.9,800
1192,800
1192.1,800
1192.2,800
1192.3,800
1192.4,800
1192.5,800
1192.6,800
1192.7,800
1192.8,800
1192.9,800
1193,800
1193.1,800
1193.2,800
1193.3,800
1193.4,800
1193.5,800
1193.6,800
1193.7,800
1193.8,800
1193.9,800
1194,800
1194.1,800
1194.2,800
1194.3,800
1194.4,800
1194.5,800
1194.6,800
1194.7,800
1194.8,800
1194.9,800
1195,800
1195.1,800
1195.2,800
1195.3,800
1195.4,800
1195.5,800
1195.6,800
1195.7,800
1195.8,800
1195.9,800
1196,800
1196.1,800
1196.2,800
1196.3,800
1196.4,800
1196.5,800
1196.6,800
1196.7,800
1196.8,800
1196.9,800
1197,800
1197.1,800
1197.2,800
1197.3,800
1197.4,800
1197.5,800
1197.6,800
1197.7,800
1197.8,800
1197.9,800
1198,800
1198.1,800
1198.2,800
1198.3,800
1198.4,800
1198.5,800
1198.6,800
1198.7,800
1198.8,800
1198.9,800
1199,800
1199.1,800
1199.2,800
1199.3,800
1199.4,800
1199.5,800
1199.6,800
1199.7,800
1199.8,800
1199.9,800
1200,800
1200.1,800
1200.2,800
1200.3,800
1200.4,800
1200.5,800
1200.6,800
1200.7,800
1200.8,800
1200.9,800
1201,800
1201.1,800
1201.2,800
1201.3,800
1201.4,800
1201.5,800
1201.6,800
1201.7,800
1201.8,800
1201.9,800
1202,800
1202.1,800
1202.2,800
1202.3,800
1202.4,800
1202.5,800
1202.6,800
1202.7,800
1202.8,800
1202.9,800
1203,800
1203.1,800
1203.2,800
1203.3,800
1203.4,800
1203.5,800
1203.6,800
1203.7,800
1203.8,800
1203.9,800
1204,800
1204.1,800
1204.2,800
1204.3,800
1204.4,800
1204.5,800
1204.6,800
1204.7,800
1204.8,800
1204.9,800
1205,800
1205.1,800
1205.2,800
1205.3,800
1205.4,800
1205.5,800
1205.6,800
1205.7,800
1205.8,800
1205.9,800
1206,800
1206.1,800
1206.2,800
1206.3,800
1206.4,800
1206.5,800
1206.6,800
1206.7,800
1206.8,800
1206.9,800
1207,800
1207.1,800
1207.2,800
1207.3,800
1207.4,800
1207.5,800
1207.6,800
1207.7,800
1207.8,800
1207.9,800
1208,800
1208.1,800
1208.2,800
1208.3,800
1208.4,800
1208.5,800
1208.6,800
1208.7,800
1208.8,800
1208.9,800
1209,800
1209.1,800
1209.2,800
1209.3,800
1209.4,800
1209.5,800
1209.6,800
1209.7,800
1209.8,800
1209.9,800
1210,800
1210.1,800
1210.2,800
1210.3,800
1210.4,800
1210.5,800
1210.6,800
1210.7,800
1210.8,800
1210.9,800
1211,800
1211.1,800
1211.2,800
1211.3,800
1211.4,800
1211.5,800
1211.6,800
1211.7,800
1211.8,800
1211.9,800
1212,800
1212.1,800
1212.2,800
1212.3,800
1212.4,800
1212.5,800
1212.6,800
1212.7,800
1212.8,800
1212.9,800
1213,800
1213.1,800
1213.2,800
1213.3,800
1213.4,800
1213.5,800
1213.6,800
1213.7,800
1213.8,800
1213.9,800
1214,800
1214.1,800
1214.2,800
1214.3,800
1214.4,800
1214.5,800
1214.6,800
1214.7,800
1214.8,800
1214.9,800
1215,800
1215.1,800
1215.2,800
1215.3,800
1215.4,800
1215.5,800
1215.6,800
1215.7,800
1215.8,800
1215.9,800
1216,800
1216.1,800
1216.2,800
1216.3,800
1216.4,800
1216.5,800
1216.6,800
1216.7,800
1216.8,800
1216.9,800
1217,800
1217.1,800
1217.2,800
1217.3,800
1217.4,800
1217.5,800
1217.6,800
1217.7,800
1217.8,800
1217.9,800
1218,800
1218.1,800
1218.2,800
1218.3,800
1218.4,800
1218.5,800
1218.6,800
1218.7,800
1218.8,800
1218.9,800
1219,800
1219.1,800
1219.2,800
1219.3,800
1219.4,800
1219.5,800
1219.6,800
1219.7,800
1219.8,800
1219.9,800
1220,800
1220.1,800
1220.2,800
1220.3,800
1220.4,800
1220.5,800
1220.6,800
1220.7,800
1220.8,800
1220.9,800
1221,800
1221.1,800
1221.2,800
1221.3,800
1221.4,800
1221.5,800
1221.6,800
1221.7,800
1221.8,800
1221.9,800
1222,800
1222.1,800
1222.2,800
1222.3,800
1222.4,800
1222.5,800
1222.6,800
1222.7,800
1222.8,800
1222.9,800
1223,800
1223.1,800
1223.2,800
1223.3,800
1223.4,800
1223.5,800
1223.6,800
1223.7,800
1223.8,800
1223.9,800
1224,800
1224.1,800
1224.2,800
1224.3,800
1224.4,800
1224.5,800
1224.6,800
1224.7,800
1224.8,800
1224.9,800
1225,800
1225.1,800
1225.2,800
1225.3,800
1225.4,800
1225.5,800
1225.6,800
1225.7,800
1225.8,800
1225.9,800
1226,800
1226.1,800
1226.2,800
1226.3,800
1226.4,800
1226.5,800
1226.6,800
1226.7,800
1226.8,800
1226.9,800
1227,800
1227.1,800
1227.2,800
1227.3,800
1227.4,800
1227.5,800
1227.6,800
1227.7,800
1227.8,800
1227.9,800
1228,800
1228.1,800
1228.2,800
1228.3,800
1228.4,800
1228.5,800
1228.6,800
1228.7,800
1228.8,800
1228.9,800
1229,800
1229.1,800
1229.2,800
1229.3,800
1229.4,800
1229.5,800
1229.6,800
1229.7,800
1229.8,800
1229.9,800
1230,800
1230.1,800
1230.2,800
1230.3,800
1230.4,800
1230.5,800
1230.6,800
1230.7,800
1230.8,800
1230.9,800
1231,800
1231.1,800
1231.2,800
1231.3,800
1231.4,800
1231.5,800
1231.6,800
1231.7,800
1231.8,800
1231.9,800
1232,800
1232.1,800
1232.2,800
1232.3,800
1232.4,800
1232.5,800
1232.6,800
1232.7,800
1232.8,800
1232.9,800
1233,800
1233.1,800
1233.2,800
1233.3,800
1233.4,800
1233.5,800
1233.6,800
1233.7,800
1233.8,800
1233.9,800
1234,800
1234.1,800
1234.2,800
1234.3,800
1234.4,800
1234.5,800
1234.6,800
1234.7,800
1234.8,800
1234.9,800
1235,800
1235.1,800
1235.2,800
1235.3,800
1235.4,800
1235.5,800
1235.6,800
1235.7,800
1235.8,800
1235.9,800
1236,800
1236.1,800
1236.2,800
1236.3,800
1236.4,800
1236.5,800
1236.6,800
1236.7,800
1236.8,800
1236.9,800
1237,800
1237.1,800
1237.2,800
1237.3,800
1237.4,800
1237.5,800
1237.6,800
1237.7,800
1237.8,800
1237.9,800
1238,800
1238.1,800
1238.2,800
1238.3,800
1238.4,800
1238.5,800
1238.6,800
1238.7,800
1238.8,800
1238.9,800
1239,800
1239.1,800
1239.2,800
1239.3,800
1239.4,800
1239.5,800
1239.6,800
1239.7,800
1239.8,800
1239.9,800
1240,800
1240.1,800
1240.2,800
1240.3,800
1240.4,800
1240.5,800
1240.6,800
1240.7,800
1240.8,800
1240.9,800
1241,800
1241.1,800
1241.2,800
1241.3,800
1241.4,800
1241.5,800
1241.6,800
1241.7,800
1241.8,800
1241.9,800
1242,800
1242.1,800
1242.2,800
1242.3,800
1242.4,800
1242.5,800
1242.6,800
1242.7,800
1242.8,800
1242.9,800
1243,800
1243.1,800
1243.2,800
1243.3,800
1243.4,800
1243.5,800
1243.6,800
1243.7,800
1243.8,800
1243.9,800
1244,800
1244.1,800
1244.2,800
1244.3,800
1244.4,800
1244.5,800
1244.6,800
1244.7,800
1244.8,800
1244.9,800
1245,800
1245.1,800
1245.2,800
1245.3,800
1245.4,800
1245.5,800
1245.6,800
1245.7,800
1245.8,800
1245.9,800
1246,800
1246.1,800
1246.2,800
1246.3,800
1246.4,800
1246.5,800
1246.6,800
1246.7,800
1246.8,800
1246.9,800
1247,800
1247.1,800
1247.2,800
1247.3,800
1247.4,800
1247.5,800
1247.6,800
1247.7,800
1247.8,800
1247.9,800
1248,800
1248.1,800
1248.2,800
1248.3,800
1248.4,800
1248.5,800
1248.6,800
1248.7,800
1248.8,800
1248.9,800
1249,800
1249.1,800
1249.2,800
1249.3,800
1249.4,800
1249.5,800
1249.6,800
1249.7,800
1249.8,800
1249.9,800
1250,800
1250.1,800
1250.2,800
1250.3,800
1250.4,800
1250.5,800
1250.6,800
1250.7,800
1250.8,800
1250.9,800
1251,800
1251.1,800
1251.2,800
1251.3,800
1251.4,800
1251.5,800
1251.6,800
1251.7,800
1251.8,800
1251.9,800
1252,800
1252.1,800
1252.2,800
1252.3,800
1252.4,800
1252.5,800
1252.6,800
1252.7,800
1252.8,800
1252.9,800
1253,800
1253.1,800
1253.2,800
1253.3,800
1253.4,800
1253.5,800
1253.6,800
1253.7,800
1253.8,800
1253.9,800
1254,800
1254.1,800
1254.2,800
1254.3,800
1254.4,800
1254.5,800
1254.6,800
1254.7,800
1254.8,800
1254.9,800
1255,800
1255.1,800
1255.2,800
1255.3,800
1255.4,800
1255.5,800
1255.6,800
1255.7,800
1255.8,800
1255.9,800
1256,800
1256.1,800
1256.2,800
1256.3,800
1256.4,800
1256.5,800
1256.6,800
1256.7,800
1256.8,800
1256.9,800
1257,800
1257.1,800
1257.2,800
1257.3,800
1257.4,800
1257.5,800
1257.6,800
1257.7,800
1257.8,800
1257.9,800
1258,800
1258.1,800
1258.2,800
1258.3,800
1258.4,800
1258.5,800
1258.6,800
1258.7,800
1258.8,800
1258.9,800
1259,800
1259.1,800
1259.2,800
1259.3,800
1259.4,800
1259.5,800
1259.6,800
1259.7,800
1259.8,800
1259.9,800
1260,800
1260.1,800
1260.2,800
1260.3,800
1260.4,800
1260.5,800
1260.6,800
1260.7,800
1260.8,800
1260.9,800
1261,800
1261.1,800
1261.2,800
1261.3,800
1261.4,800
1261.5,800
1261.6,800
1261.7,800
1261.8,800
1261.9,800
1262,800
1262.1,800
1262.2,800
1262.3,800
1262.4,800
1262.5,800
1262.6,800
1262.7,800
1262.8,800
1262.9,800
1263,800
1263.1,800
1263.2,800
1263.3,800
1263.4,800
1263.5,800
1263.6,800
1263.7,800
1263.8,800
1263.9,800
1264,800
1264.1,800
1264.2,800
1264.3,800
1264.4,800
1264.5,800
1264.6,800
1264.7,800
1264.8,800
1264.9,800
1265,800
1265.1,800
1265.2,800
1265.3,800
1265.4,800
1265.5,800
1265.6,800
1265.7,800
1265.8,800
1265.9,800
1266,800
1266.1,800
1266.2,800
1266.3,800
1266.4,800
1266.5,800
1266.6,800
1266.7,800
1266.8,800
1266.9,800
1267,800
1267.1,800
1267.2,800
1267.3,800
1267.4,800
1267.5,800
1267.6,800
1267.7,800
1267.8,800
1267.9,800
1268,800
1268.1,800
1268.2,800
1268.3,800
1268.4,800
1268.5,800
1268.6,800
1268.7,800
1268.8,800
1268.9,800
1269,800
1269.1,800
1269.2,800
1269.3,800
1269.4,800
1269.5,800
1269.6,800
1269.7,800
1269.8,800
1269.9,800
1270,800
1270.1,800
1270.2,800
1270.3,800
1270.4,800
1270.5,800
1270.6,800
1270.7,800
1270.8,800
1270.9,800
1271,800
1271.1,800
1271.2,800
1271.3,800
1271.4,800
1271.5,800
1271.6,800
1271.7,800
1271.8,800
1271.9,800
1272,800
1272.1,800
1272.2,800
1272.3,800
1272.4,800
1272.5,800
1272.6,800
1272.7,800
1272.8,800
1272.9,800
1273,800
1273.1,800
1273.2,800
1273.3,800
1273.4,800
1273.5,800
1273.6,800
1273.7,800
1273.8,800
1273.9,800
1274,800
1274.1,800
1274.2,800
1274.3,800
1274.4,800
1274.5,800
1274.6,800
1274.7,800
1274.8,800
1274.9,800
1275,800
1275.1,800
1275.2,800
1275.3,800
1275.4,800
1275.5,800
1275.6,800
1275.7,800
1275.8,800
1275.9,800
1276,800
1276.1,800
1276.2,800
1276.3,800
1276.4,800
1276.5,800
1276.6,800
1276.7,800
1276.8,800
1276.9,800
1277,800
1277.1,800
1277.2,800
1277.3,800
1277.4,800
1277.5,800
1277.6,800
1277.7,800
1277.8,800
1277.9,800
1278,800
1278.1,800
1278.2,800
1278.3,800
1278.4,800
1278.5,800
1278.6,800
1278.7,800
1278.8,800
1278.9,800
1279,800
1279.1,800
1279.2,800
1279.3,800
1279.4,800
1279.5,800
1279.6,800
1279.7,800
1279.8,800
1279.9,800
1280,800
1280.1,800
1280.2,800
1280.3,800
1280.4,800
1280.5,800
1280.6,800
1280.7,800
1280.8,800
1280.9,800
1281,800
1281.1,800
1281.2,800
1281.3,800
1281.4,800
1281.5,800
1281.6,800
1281.7,800
1281.8,800
1281.9,800
1282,800
1282.1,800
1282.2,800
1282.3,800
1282.4,800
1282.5,800
1282.6,800
1282.7,800
1282.8,800
1282.9,800
1283,800
1283.1,800
1283.2,800
1283.3,800
1283.4,800
1283.5,800
1283.6,800
1283.7,800
1283.8,800
1283.9,800
1284,800
1284.1,800
1284.2,800
1284.3,800
1284.4,800
1284.5,800
1284.6,800
1284.7,800
1284.8,800
1284.9,800
1285,800
1285.1,800
1285.2,800
1285.3,800
1285.4,800
1285.5,800
1285.6,800
1285.7,800
1285.8,800
1285.9,800
1286,800
1286.1,800
1286.2,800
1286.3,800
1286.4,800
1286.5,800
1286.6,800
1286.7,800
1286.8,800
1286.9,800
1287,800
1287.1,800
1287.2,800
1287.3,800
1287.4,800
1287.5,800
1287.6,800
1287.7,800
1287.8,800
1287.9,800
1288,800
1288.1,800
1288.2,800
1288.3,800
1288.4,800
1288.5,800
1288.6,800
1288.7,800
1288.8,800
1288.9,800
1289,800
1289.1,800
1289.2,800
1289.3,800
1289.4,800
1289.5,800
1289.6,800
1289.7,800
1289.8,800
1289.9,800
1290,800
1290.1,800
1290.2,800
1290.3,800
1290.4,800
1290.5,800
1290.6,800
1290.7,800
1290.8,800
1290.9,800
1291,800
1291.1,800
1291.2,800
1291.3,800
1291.4,800
1291.5,800
1291.6,800
1291.7,800
1291.8,800
1291.9,800
1292,800
1292.1,800
1292.2,800
1292.3,800
1292.4,800
1292.5,800
1292.6,800
1292.7,800
1292.8,800
1292.9,800
1293,800
1293.1,800
1293.2,800
1293.3,800
1293.4,800
1293.5,800
1293.6,800
1293.7,800
1293.8,800
1293.9,800
1294,800
1294.1,800
1294.2,800
1294.3,800
1294.4,800
1294.5,800
1294.6,800
1294.7,800
1294.8,800
1294.9,800
1295,800
1295.1,800
1295.2,800
1295.3,800
1295.4,800
1295.5,800
1295.6,800
1295.7,800
1295.8,800
1295.9,800
1296,800
1296.1,800
1296.2,800
1296.3,800
1296.4,800
1296.5,800
1296.6,800
1296.7,800
1296.8,800
1296.9,800
1297,800
1297.1,800
1297.2,800
1297.3,800
1297.4,800
1297.5,800
1297.6,800
1297.7,800
1297.8,800
1297.9,800
1298,800
1298.1,800
1298.2,800
1298.3,800
1298.4,800
1298.5,800
1298.6,800
1298.7,800
1298.8,800
1298.9,800
1299,800
1299.1,800
1299.2,800
1299.3,800
1299.4,800
1299.5,800
1299.6,800
1299.7,800
1299.8,800
1299.9,800
1300,800
1300.1,800
1300.2,800
1300.3,800
1300.4,800
1300.5,800
1300.6,800
1300.7,800
1300.8,800
1300.9,800
1301,800
1301.1,800
1301.2,800
1301.3,800
1301.4,800
1301.5,800
1301.6,800
1301.7,800
1301.8,800
1301.9,800
1302,800
1302.1,800
1302.2,800
1302.3,800
1302.4,800
1302.5,800
1302.6,800
1302.7,800
1302.8,800
1302.9,800
1303,800
1303.1,800
1303.2,800
1303.3,800
1303.4,800
1303.5,800
1303.6,800
1303.7,800
1303.8,800
1303.9,800
1304,800
1304.1,800
1304.2,800
1304.3,800
1304.4,800
1304.5,800
1304.6,800
1304.7,800
1304.8,800
1304.9,800
1305,800
1305.1,800
1305.2,800
1305.3,800
1305.4,800
1305.5,800
1305.6,800
1305.7,800
1305.8,800
1305.9,800
1306,800
1306.1,800
1306.2,800
1306.3,800
1306.4,800
1306.5,800
1306.6,800
1306.7,800
1306.8,800
1306.9,800
1307,800
1307.1,800
1307.2,800
1307.3,800
1307.4,800
1307.5,800
1307.6,800
1307.7,800
1307.8,800
1307.9,800
1308,800
1308.1,800
1308.2,800
1308.3,800
1308.4,800
1308.5,800
1308.6,800
1308.7,800
1308.8,800
1308.9,800
1309,800
1309.1,800
1309.2,800
1309.3,800
1309.4,800
1309.5,800
1309.6,800
1309.7,800
1309.8,800
1309.9,800
1310,800
1310.1,800
1310.2,800
1310.3,800
1310.4,800
1310.5,800
1310.6,800
1310.7,800
1310.8,800
1310.9,800
1311,800
1311.1,800
1311.2,800
1311.3,800
1311.4,800
1311.5,800
1311.6,800
1311.7,800
1311.8,800
1311.9,800
1312,800
1312.1,800
1312.2,800
1312.3,800
1312.4,800
1312.5,800
1312.6,800
1312.7,800
1312.8,800
1312.9,800
1313,800
1313.1,800
1313.2,800
1313.3,800
1313.4,800
1313.5,800
1313.6,800
1313.7,800
1313.8,800
1313.9,800
1314,800
1314.1,800
1314.2,800
1314.3,800
1314.4,800
1314.5,800
1314.6,800
1314.7,800
1314.8,800
1314.9,800
1315,800
1315.1,800
1315.2,800
1315.3,800
1315.4,800
1315.5,800
1315.6,800
1315.7,800
1315.8,800
1315.9,800
1316,800
1316.1,800
1316.2,800
1316.3,800
1316.4,800
1316.5,800
1316.6,800
1316.7,800
1316.8,800
1316.9,800
1317,800
1317.1,800
1317.2,800
1317.3,800
1317.4,800
1317.5,800
1317.6,800
1317.7,800
1317.8,800
1317.9,800
1318,800
1318.1,800
1318.2,800
1318.3,800
1318.4,800
1318.5,800
1318.6,800
1318.7,800
1318.8,800
1318.9,800
1319,800
1319.1,800
1319.2,800
1319.3,800
1319.4,800
1319.5,800
1319.6,800
1319.7,800
1319.8,800
1319.9,800
1320,800
1320.1,800
1320.2,800
1320.3,800
1320.4,800
1320.5,800
1320.6,800
1320.7,800
1320.8,800
1320.9,800
1321,800
1321.1,800
1321.2,800
1321.3,800
1321.4,800
1321.5,800
1321.6,800
1321.7,800
1321.8,800
1321.9,800
1322,800
1322.1,800
1322.2,800
1322.3,800
1322.4,800
1322.5,800
1322.6,800
1322.7,800
1322.8,800
1322.9,800
1323,800
1323.1,800
1323.2,800
1323.3,800
1323.4,800
1323.5,800
1323.6,800
1323.7,800
1323.8,800
1323.9,800
1324,800
1324.1,800
1324.2,800
1324.3,800
1324.4,800
1324.5,800
1324.6,800
1324.7,800
1324.8,800
1324.9,800
1325,800
1325.1,800
1325.2,800
1325.3,800
1325.4,800
1325.5,800
1325.6,800
1325.7,800
1325.8,800
1325.9,800
1326,800
1326.1,800
1326.2,800
1326.3,800
1326.4,800
1326.5,800
1326.6,800
1326.7,800
1326.8,800
1326.9,800
1327,800
1327.1,800
1327.2,800
1327.3,800
1327.4,800
1327.5,800
1327.6,800
1327.7,800
1327.8,800
1327.9,800
1328,800
1328.1,800
1328.2,800
1328.3,800
1328.4,800
1328.5,800
1328.6,800
1328.7,800
1328.8,800
1328.9,800
1329,800
1329.1,800
1329.2,800
1329.3,800
1329.4,800
1329.5,800
1329.6,800
1329.7,800
1329.8,800
1329.9,800
1330,800
1330.1,800
1330.2,800
1330.3,800
1330.4,800
1330.5,800
1330.6,800
1330.7,800
1330.8,800
1330.9,800
1331,800
1331.1,800
1331.2,800
1331.3,800
1331.4,800
1331.5,800
1331.6,800
1331.7,800
1331.8,800
1331.9,800
1332,800
1332.1,800
1332.2,800
1332.3,800
1332.4,800
1332.5,800
1332.6,800
1332.7,800
1332.8,800
1332.9,800
1333,800
1333.1,800
1333.2,800
1333.3,800
1333.4,800
1333.5,800
1333.6,800
1333.7,800
1333.8,800
1333.9,800
1334,800
1334.1,800
1334.2,800
1334.3,800
1334.4,800
1334.5,800
1334.6,800
1334.7,800
1334.8,800
1334.9,800
1335,800
1335.1,800
1335.2,800
1335.3,800
1335.4,800
1335.5,800
1335.6,800
1335.7,800
1335.8,800
1335.9,800
1336,800
1336.1,800
1336.2,800
1336.3,800
1336.4,800
1336.5,800
1336.6,800
1336.7,800
1336.8,800
1336.9,800
1337,800
1337.1,800
1337.2,800
1337.3,800
1337.4,800
1337.5,800
1337.6,800
1337.7,800
1337.8,800
1337.9,800
1338,800
1338.1,800
1338.2,800
1338.3,800
1338.4,800
1338.5,800
1338.6,800
1338.7,800
1338.8,800
1338.9,800
1339,800
1339.1,800
1339.2,800
1339.3,800
1339.4,800
1339.5,800
1339.6,800
1339.7,800
1339.8,800
1339.9,800
1340,800
1340.1,800
1340.2,800
1340.3,800
1340.4,800
1340.5,800
1340.6,800
1340.7,800
1340.8,800
1340.9,800
1341,800
1341.1,800
1341.2,800
1341.3,800
1341.4,800
1341.5,800
1341.6,800
1341.7,800
1341.8,800
1341.9,800
1342,800
1342.1,800
1342.2,800
1342.3,800
1342.4,800
1342.5,800
1342.6,800
1342.7,800
1342.8,800
1342.9,800
1343,800
1343.1,800
1343.2,800
1343.3,800
1343.4,800
1343.5,800
1343.6,800
1343.7,800
1343.8,800
1343.9,800
1344,800
1344.1,800
1344.2,800
1344.3,800
1344.4,800
1344.5,800
1344.6,800
1344.7,800
1344.8,800
1344.9,800
1345,800
1345.1,800
1345.2,800
1345.3,800
1345.4,800
1345.5,800
1345.6,800
1345.7,800
1345.8,800
1345.9,800
1346,800
1346.1,800
1346.2,800
1346.3,800
1346.4,800
1346.5,800
1346.6,800
1346.7,800
1346.8,800
1346.9,800
1347,800
1347.1,800
1347.2,800
1347.3,800
1347.4,800
1347.5,800
1347.6,800
1347.7,800
1347.8,800
1347.9,800
1348,800
1348.1,800
1348.2,800
1348.3,800
1348.4,800
1348.5,800
1348.6,800
1348.7,800
1348.8,800
1348.9,800
1349,800
1349.1,800
1349.2,800
1349.3,800
1349.4,800
1349.5,800
1349.6,800
1349.7,800
1349.8,800
1349.9,800
1350,800
1350.1,800
1350.2,800
1350.3,800
1350.4,800
1350.5,800
1350.6,800
1350.7,800
1350.8,800
1350.9,800
1351,800
1351.1,800
1351.2,800
1351.3,800
1351.4,800
1351.5,800
1351.6,800
1351.7,800
1351.8,800
1351.9,800
1352,800
1352.1,800
1352.2,800
1352.3,800
1352.4,800
1352.5,800
1352.6,800
1352.7,800
1352.8,800
1352.9,800
1353,800
1353.1,800
1353.2,800
1353.3,800
1353.4,800
1353.5,800
1353.6,800
1353.7,800
1353.8,800
1353.9,800
1354,800
1354.1,800
1354.2,800
1354.3,800
1354.4,800
1354.5,800
1354.6,800
1354.7,800
1354.8,800
1354.9,800
1355,800
1355.1,800
1355.2,800
1355.3,800
1355.4,800
1355.5,800
1355.6,800
1355.7,800
1355.8,800
1355.9,800
1356,800
1356.1,800
1356.2,800
1356.3,800
1356.4,800
1356.5,800
1356.6,800
1356.7,800
1356.8,800
1356.9,800
1357,800
1357.1,800
1357.2,800
1357.3,800
1357.4,800
1357.5,800
1357.6,800
1357.7,800
1357.8,800
1357.9,800
1358,800
1358.1,800
1358.2,800
1358.3,800
1358.4,800
1358.5,800
1358.6,800
1358.7,800
1358.8,800
1358.9,800
1359,800
1359.1,800
1359.2,800
1359.3,800
1359.4,800
1359.5,800
1359.6,800
1359.7,800
1359.8,800
1359.9,800
1360,800
1360.1,800
1360.2,800
1360.3,800
1360.4,800
1360.5,800
1360.6,800
1360.7,800
1360.8,800
1360.9,800
1361,800
1361.1,800
1361.2,800
1361.3,800
1361.4,800
1361.5,800
1361.6,800
1361.7,800
1361.8,800
1361.9,800
1362,800
1362.1,800
1362.2,800
1362.3,800
1362.4,800
1362.5,800
1362.6,800
1362.7,800
1362.8,800
1362.9,800
1363,800
1363.1,800
1363.2,800
1363.3,800
1363.4,800
1363.5,800
1363.6,800
1363.7,800
1363.8,800
1363.9,800
1364,800
1364.1,800
1364.2,800
1364.3,800
1364.4,800
1364.5,800
1364.6,800
1364.7,800
1364.8,800
1364.9,800
1365,800
1365.1,800
1365.2,800
1365.3,800
1365.4,800
1365.5,800
1365.6,800
1365.7,800
1365.8,800
1365.9,800
1366,800
1366.1,800
1366.2,800
1366.3,800
1366.4,800
1366.5,800
1366.6,800
1366.7,800
1366.8,800
1366.9,800
1367,800
1367.1,800
1367.2,800
1367.3,800
1367.4,800
1367.5,800
1367.6,800
1367.7,800
1367.8,800
1367.9,800
1368,800
1368.1,800
1368.2,800
1368.3,800
1368.4,800
1368.5,800
1368.6,800
1368.7,800
1368.8,800
1368.9,800
1369,800
1369.1,800
1369.2,800
1369.3,800
1369.4,800
1369.5,800
1369.6,800
1369.7,800
1369.8,800
1369.9,800
1370,800
1370.1,800
1370.2,800
1370.3,800
1370.4,800
1370.5,800
1370.6,800
1370.7,800
1370.8,800
1370.9,800
1371,800
1371.1,800
1371.2,800
1371.3,800
1371.4,800
1371.5,800
1371.6,800
1371.7,800
1371.8,800
1371.9,800
1372,800
1372.1,800
1372.2,800
1372.3,800
1372.4,800
1372.5,800
1372.6,800
1372.7,800
1372.8,800
1372.9,800
1373,800
1373.1,800
1373.2,800
1373.3,800
1373.4,800
1373.5,800
1373.6,800
1373.7,800
1373.8,800
1373.9,800
1374,800
1374.1,800
1374.2,800
1374.3,800
1374.4,800
1374.5,800
1374.6,800
1374.7,800
1374.8,800
1374.9,800
1375,800
1375.1,800
1375.2,800
1375.3,800
1375.4,800
1375.5,800
1375.6,800
1375.7,800
1375.8,800
1375.9,800
1376,800
1376.1,800
1376.2,800
1376.3,800
1376.4,800
1376.5,800
1376.6,800
1376.7,800
1376.8,800
1376.9,800
1377,800
1377.1,800
1377.2,800
1377.3,800
1377.4,800
1377.5,800
1377.6,800
1377.7,800
1377.8,800
1377.9,800
1378,800
1378.1,800
1378.2,800
1378.3,800
1378.4,800
1378.5,800
1378.6,800
1378.7,800
1378.8,800
1378.9,800
1379,800
1379.1,800
1379.2,800
1379.3,800
1379.4,800
1379.5,800
1379.6,800
1379.7,800
1379.8,800
1379.9,800
1380,800
1380.1,800
1380.2,800
1380.3,800
1380.4,800
1380.5,800
1380.6,800
1380.7,800
1380.8,800
1380.9,800
1381,800
1381.1,800
1381.2,800
1381.3,800
1381.4,800
1381.5,800
1381.6,800
1381.7,800
1381.8,800
1381.9,800
1382,800
1382.1,800
1382.2,800
1382.3,800
1382.4,800
1382.5,800
1382.6,800
1382.7,800
1382.8,800
1382.9,800
1383,800
1383.1,800
1383.2,800
1383.3,800
1383.4,800
1383.5,800
1383.6,800
1383.7,800
1383.8,800
1383.9,800
1384,800
1384.1,800
1384.2,800
1384.3,800
1384.4,800
1384.5,800
1384.6,800
1384.7,800
1384.8,800
1384.9,800
1385,800
1385.1,800
1385.2,800
1385.3,800
1385.4,800
1385.5,800
1385.6,800
1385.7,800
1385.8,800
1385.9,800
1386,800
1386.1,800
1386.2,800
1386.3,800
1386.4,800
1386.5,800
1386.6,800
1386.7,800
1386.8,800
1386.9,800
1387,800
1387.1,800
1387.2,800
1387.3,800
1387.4,800
1387.5,800
1387.6,800
1387.7,800
1387.8,800
1387.9,800
1388,800
1388.1,800
1388.2,800
1388.3,800
1388.4,800
1388.5,800
1388.6,800
1388.7,800
1388.8,800
1388.9,800
1389,800
1389.1,800
1389.2,800
1389.3,800
1389.4,800
1389.5,800
1389.6,800
1389.7,800
1389.8,800
1389.9,800
1390,800
1390.1,800
1390.2,800
1390.3,800
1390.4,800
1390.5,800
1390.6,800
1390.7,800
1390.8,800
1390.9,800
1391,800
1391.1,800
1391.2,800
1391.3,800
1391.4,800
1391.5,800
1391.6,800
1391.7,800
1391.8,800
1391.9,800
1392,800
1392.1,800
1392.2,800
1392.3,800
1392.4,800
1392.5,800
1392.6,800
1392.7,800
1392.8,800
1392.9,800
1393,800
1393.1,800
1393.2,800
1393.3,800
1393.4,800
1393.5,800
1393.6,800
1393.7,800
1393.8,800
1393.9,800
1394,800
1394.1,800
1394.2,800
1394.3,800
1394.4,800
1394.5,800
1394.6,800
1394.7,800
1394.8,800
1394.9,800
1395,800
1395.1,800
1395.2,800
1395.3,800
1395.4,800
1395.5,800
1395.6,800
1395.7,800
1395.8,800
1395.9,800
1396,800
1396.1,800
1396.2,800
1396.3,800
1396.4,800
1396.5,800
1396.6,800
1396.7,800
1396.8,800
1396.9,800
1397,800
1397.1,800
1397.2,800
1397.3,800
1397.4,800
1397.5,800
1397.6,800
1397.7,800
1397.8,800
1397.9,800
1398,800
1398.1,800
1398.2,800
1398.3,800
1398.4,800
1398.5,800
1398.6,800
1398.7,800
1398.8,800
1398.9,800
1399,800
1399.1,800
1399.2,800
1399.3,800
1399.4,800
1399.5,800
1399.6,800
1399.7,800
1399.8,800
1399.9,800
1400,800
1400.1,800
1400.2,800
1400.3,800
1400.4,800
1400.5,800
1400.6,800
1400.7,800
1400.8,800
1400.9,800
1401,800
1401.1,800
1401.2,800
1401.3,800
1401.4,800
1401.5,800
1401.6,800
1401.7,800
1401.8,800
1401.9,800
1402,800
1402.1,800
1402.2,800
1402.3,800
1402.4,800
1402.5,800
1402.6,800
1402.7,800
1402.8,800
1402.9,800
1403,800
1403.1,800
1403.2,800
1403.3,800
1403.4,800
1403.5,800
1403.6,800
1403.7,800
1403.8,800
1403.9,800
1404,800
1404.1,800
1404.2,800
1404.3,800
1404.4,800
1404.5,800
1404.6,800
1404.7,800
1404.8,800
1404.9,800
1405,800
1405.1,800
1405.2,800
1405.3,800
1405.4,800
1405.5,800
1405.6,800
1405.7,800
1405.8,800
1405.9,800
1406,800
1406.1,800
1406.2,800
1406.3,800
1406.4,800
1406.5,800
1406.6,800
1406.7,800
1406.8,800
1406.9,800
1407,800
1407.1,800
1407.2,800
1407.3,800
1407.4,800
1407.5,800
1407.6,800
1407.7,800
1407.8,800
1407.9,800
1408,800
1408.1,800
1408.2,800
1408.3,800
1408.4,800
1408.5,800
1408.6,800
1408.7,800
1408.8,800
1408.9,800
1409,800
1409.1,800
1409.2,800
1409.3,800
1409.4,800
1409.5,800
1409.6,800
1409.7,800
1409.8,800
1409.9,800
1410,800
1410.1,800
1410.2,800
1410.3,800
1410.4,800
1410.5,800
1410.6,800
1410.7,800
1410.8,800
1410.9,800
1411,800
1411.1,800
1411.2,800
1411.3,800
1411.4,800
1411.5,800
1411.6,800
1411.7,800
1411.8,800
1411.9,800
1412,800
1412.1,800
1412.2,800
1412.3,800
1412.4,800
1412.5,800
1412.6,800
1412.7,800
1412.8,800
1412.9,800
1413,800
1413.1,800
1413.2,800
1413.3,800
1413.4,800
1413.5,800
1413.6,800
1413.7,800
1413.8,800
1413.9,800
1414,800
1414.1,800
1414.2,800
1414.3,800
1414.4,800
1414.5,800
1414.6,800
1414.7,800
1414.8,800
1414.9,800
1415,800
1415.1,800
1415.2,800
1415.3,800
1415.4,800
1415.5,800
1415.6,800
1415.7,800
1415.8,800
1415.9,800
1416,800
1416.1,800
1416.2,800
1416.3,800
1416.4,800
1416.5,800
1416.6,800
1416.7,800
1416.8,800
1416.9,800
1417,800
1417.1,800
1417.2,800
1417.3,800
1417.4,800
1417.5,800
1417.6,800
1417.7,800
1417.8,800
1417.9,800
1418,800
1418.1,800
1418.2,800
1418.3,800
1418.4,800
1418.5,800
1418.6,800
1418.7,800
1418.8,800
1418.9,800
1419,800
1419.1,800
1419.2,800
1419.3,800
1419.4,800
1419.5,800
1419.6,800
1419.7,800
1419.8,800
1419.9,800
1420,800
1420.1,800
1420.2,800
1420.3,800
1420.4,800
1420.5,800
1420.6,800
1420.7,800
1420.8,800
1420.9,800
1421,800
1421.1,800
1421.2,800
1421.3,800
1421.4,800
1421.5,800
1421.6,800
1421.7,800
1421.8,800
1421.9,800
1422,800
1422.1,800
1422.2,800
1422.3,800
1422.4,800
1422.5,800
1422.6,800
1422.7,800
1422.8,800
1422.9,800
1423,800
1423.1,800
1423.2,800
1423.3,800
1423.4,800
1423.5,800
1423.6,800
1423.7,800
1423.8,800
1423.9,800
1424,800
1424.1,800
1424.2,800
1424.3,800
1424.4,800
1424.5,800
1424.6,800
1424.7,800
1424.8,800
1424.9,800
1425,800
1425.1,800
1425.2,800
1425.3,800
1425.4,800
1425.5,800
1425.6,800
1425.7,800
1425.8,800
1425.9,800
1426,800
1426.1,800
1426.2,800
1426.3,800
1426.4,800
1426.5,800
1426.6,800
1426.7,800
1426.8,800
1426.9,800
1427,800
1427.1,800
1427.2,800
1427.3,800
1427.4,800
1427.5,800
1427.6,800
1427.7,800
1427.8,800
1427.9,800
1428,800
1428.1,800
1428.2,800
1428.3,800
1428.4,800
1428.5,800
1428.6,800
1428.7,800
1428.8,800
1428.9,800
1429,800
1429.1,800
1429.2,800
1429.3,800
1429.4,800
1429.5,800
1429.6,800
1429.7,800
1429.8,800
1429.9,800
1430,800
1430.1,800
1430.2,800
1430.3,800
1430.4,800
1430.5,800
1430.6,800
1430.7,800
1430.8,800
1430.9,800
1431,800
1431.1,800
1431.2,800
1431.3,800
1431.4,800
1431.5,800
1431.6,800
1431.7,800
1431.8,800
1431.9,800
1432,800
1432.1,800
1432.2,800
1432.3,800
1432.4,800
1432.5,800
1432.6,800
1432.7,800
1432.8,800
1432.9,800
1433,800
1433.1,800
1433.2,800
1433.3,800
1433.4,800
1433.5,800
1433.6,800
1433.7,800
1433.8,800
1433.9,800
1434,800
1434.1,800
1434.2,800
1434.3,800
1434.4,800
1434.5,800
1434.6,800
1434.7,800
1434.8,800
1434.9,800
1435,800
1435.1,800
1435.2,800
1435.3,800
1435.4,800
1435.5,800
1435.6,800
1435.7,800
1435.8,800
1435.9,800
1436,800
1436.1,800
1436.2,800
1436.3,800
1436.4,800
1436.5,800
1436.6,800
1436.7,800
1436.8,800
1436.9,800
1437,800
1437.1,800
1437.2,800
1437.3,800
1437.4,800
1437.5,800
1437.6,800
1437.7,800
1437.8,800
1437.9,800
1438,800
1438.1,800
1438.2,800
1438.3,800
1438.4,800
1438.5,800
1438.6,800
1438.7,800
1438.8,800
1438.9,800
1439,800
1439.1,800
1439.2,800
1439.3,800
1439.4,800
1439.5,800
1439.6,800
1439.7,800
1439.8,800
1439.9,800
1440,800
1440.1,800
1440.2,800
1440.3,800
1440.4,800
1440.5,800
1440.6,800
1440.7,800
1440.8,800
1440.9,800
1441,800
1441.1,800
1441.2,800
1441.3,800
1441.4,800
1441.5,800
1441.6,800
1441.7,800
1441.8,800
1441.9,800
1442,800
1442.1,800
1442.2,800
1442.3,800
1442.4,800
1442.5,800
1442.6,800
1442.7,800
1442.8,800
1442.9,800
1443,800
1443.1,800
1443.2,800
1443.3,800
1443.4,800
1443.5,800
1443.6,800
1443.7,800
1443.8,800
1443.9,800
1444,800
1444.1,800
1444.2,800
1444.3,800
1444.4,800
1444.5,800
1444.6,800
1444.7,800
1444.8,800
1444.9,800
1445,800
1445.1,800
1445.2,800
1445.3,800
1445.4,800
1445.5,800
1445.6,800
1445.7,800
1445.8,800
1445.9,800
1446,800
1446.1,800
1446.2,800
1446.3,800
1446.4,800
1446.5,800
1446.6,800
1446.7,800
1446.8,800
1446.9,800
1447,800
1447.1,800
1447.2,800
1447.3,800
1447.4,800
1447.5,800
1447.6,800
1447.7,800
1447.8,800
1447.9,800
1448,800
1448.1,800
1448.2,800
1448.3,800
1448.4,800
1448.5,800
1448.6,800
1448.7,800
1448.8,800
1448.9,800
1449,800
1449.1,800
1449.2,800
1449.3,800
1449.4,800
1449.5,800
1449.6,800
1449.7,800
1449.8,800
1449.9,800
1450,800
1450.1,800
1450.2,800
1450.3,800
1450.4,800
1450.5,800
1450.6,800
1450.7,800
1450.8,800
1450.9,800
1451,800
1451.1,800
1451.2,800
1451.3,800
1451.4,800
1451.5,800
1451.6,800
1451.7,800
1451.8,800
1451.9,800
1452,800
1452.1,800
1452.2,800
1452.3,800
1452.4,800
1452.5,800
1452.6,800
1452.7,800
1452.8,800
1452.9,800
1453,800
1453.1,800
1453.2,800
1453.3,800
1453.4,800
1453.5,800
1453.6,800
1453.7,800
1453.8,800
1453.9,800
1454,800
1454.1,800
1454.2,800
1454.3,800
1454.4,800
1454.5,800
1454.6,800
1454.7,800
1454.8,800
1454.9,800
1455,800
1455.1,800
1455.2,800
1455.3,800
1455.4,800
1455.5,800
1455.6,800
1455.7,800
1455.8,800
1455.9,800
1456,800
1456.1,800
1456.2,800
1456.3,800
1456.4,800
1456.5,800
1456.6,800
1456.7,800
1456.8,800
1456.9,800
1457,800
1457.1,800
1457.2,800
1457.3,800
1457.4,800
1457.5,800
1457.6,800
1457.7,800
1457.8,800
1457.9,800
1458,800
1458.1,800
1458.2,800
1458.3,800
1458.4,800
1458.5,800
1458.6,800
1458.7,800
1458.8,800
1458.9,800
1459,800
1459.1,800
1459.2,800
1459.3,800
1459.4,800
1459.5,800
1459.6,800
1459.7,800
1459.8,800
1459.9,800
1460,800
1460.1,800
1460.2,800
1460.3,800
1460.4,800
1460.5,800
1460.6,800
1460.7,800
1460.8,800
1460.9,800
1461,800
1461.1,800
1461.2,800
1461.3,800
1461.4,800
1461.5,800
1461.6,800
1461.7,800
1461.8,800
1461.9,800
1462,800
1462.1,800
1462.2,800
1462.3,800
1462.4,800
1462.5,800
1462.6,800
1462.7,800
1462.8,800
1462.9,800
1463,800
1463.1,800
1463.2,800
1463.3,800
1463.4,800
1463.5,800
1463.6,800
1463.7,800
1463.8,800
1463.9,800
1464,800
1464.1,800
1464.2,800
1464.3,800
1464.4,800
1464.5,800
1464.6,800
1464.7,800
1464.8,800
1464.9,800
1465,800
1465.1,800
1465.2,800
1465.3,800
1465.4,800
1465.5,800
1465.6,800
1465.7,800
1465.8,800
1465.9,800
1466,800
1466.1,800
1466.2,800
1466.3,800
1466.4,800
1466.5,800
1466.6,800
1466.7,800
1466.8,800
1466.9,800
1467,800
1467.1,800
1467.2,800
1467.3,800
1467.4,800
1467.5,800
1467.6,800
1467.7,800
1467.8,800
1467.9,800
1468,800
1468.1,800
1468.2,800
1468.3,800
1468.4,800
1468.5,800
1468.6,800
1468.7,800
1468.8,800
1468.9,800
1469,800
1469.1,800
1469.2,800
1469.3,800
1469.4,800
1469.5,800
1469.6,800
1469.7,800
1469.8,800
1469.9,800
1470,800
1470.1,800
1470.2,800
1470.3,800
1470.4,800
1470.5,800
1470.6,800
1470.7,800
1470.8,800
1470.9,800
1471,800
1471.1,800
1471.2,800
1471.3,800
1471.4,800
1471.5,800
1471.6,800
1471.7,800
1471.8,800
1471.9,800
1472,800
1472.1,800
1472.2,800
1472.3,800
1472.4,800
1472.5,800
1472.6,800
1472.7,800
1472.8,800
1472.9,800
1473,800
1473.1,800
1473.2,800
1473.3,800
1473.4,800
1473.5,800
1473.6,800
1473.7,800
1473.8,800
1473.9,800
1474,800
1474.1,800
1474.2,800
1474.3,800
1474.4,800
1474.5,800
1474.6,800
1474.7,800
1474.8,800
1474.9,800
1475,800
1475.1,800
1475.2,800
1475.3,800
1475.4,800
1475.5,800
1475.6,800
1475.7,800
1475.8,800
1475.9,800
1476,800
1476.1,800
1476.2,800
1476.3,800
1476.4,800
1476.5,800
1476.6,800
1476.7,800
1476.8,800
1476.9,800
1477,800
1477.1,800
1477.2,800
1477.3,800
1477.4,800
1477.5,800
1477.6,800
1477.7,800
1477.8,800
1477.9,800
1478,800
1478.1,800
1478.2,800
1478.3,800
1478.4,800
1478.5,800
1478.6,800
1478.7,800
1478.8,800
1478.9,800
1479,800
1479.1,800
1479.2,800
1479.3,800
1479.4,800
1479.5,800
1479.6,800
1479.7,800
1479.8,800
1479.9,800
1480,800
1480.1,800
1480.2,800
1480.3,800
1480.4,800
1480.5,800
1480.6,800
1480.7,800
1480.8,800
1480.9,800
1481,800
1481.1,800
1481.2,800
1481.3,800
1481.4,800
1481.5,800
1481.6,800
1481.7,800
1481.8,800
1481.9,800
1482,800
1482.1,800
1482.2,800
1482.3,800
1482.4,800
1482.5,800
1482.6,800
1482.7,800
1482.8,800
1482.9,800
1483,800
1483.1,800
1483.2,800
1483.3,800
1483.4,800
1483.5,800
1483.6,800
1483.7,800
1483.8,800
1483.9,800
1484,800
1484.1,800
1484.2,800
1484.3,800
1484.4,800
1484.5,800
1484.6,800
1484.7,800
1484.8,800
1484.9,800
1485,800
1485.1,800
1485.2,800
1485.3,800
1485.4,800
1485.5,800
1485.6,800
1485.7,800
1485.8,800
1485.9,800
1486,800
1486.1,800
1486.2,800
1486.3,800
1486.4,800
1486.5,800
1486.6,800
1486.7,800
1486.8,800
1486.9,800
1487,800
1487.1,800
1487.2,800
1487.3,800
1487.4,800
1487.5,800
1487.6,800
1487.7,800
1487.8,800
1487.9,800
1488,800
1488.1,800
1488.2,800
1488.3,800
1488.4,800
1488.5,800
1488.6,800
1488.7,800
1488.8,800
1488.9,800
1489,800
1489.1,800
1489.2,800
1489.3,800
1489.4,800
1489.5,800
1489.6,800
1489.7,800
1489.8,800
1489.9,800
1490,800
1490.1,800
1490.2,800
1490.3,800
1490.4,800
1490.5,800
1490.6,800
1490.7,800
1490.8,800
1490.9,800
1491,800
1491.1,800
1491.2,800
1491.3,800
1491.4,800
1491.5,800
1491.6,800
1491.7,800
1491.8,800
1491.9,800
1492,800
1492.1,800
1492.2,800
1492.3,800
1492.4,800
1492.5,800
1492.6,800
1492.7,800
1492.8,800
1492.9,800
1493,800
1493.1,800
1493.2,800
1493.3,800
1493.4,800
1493.5,800
1493.6,800
1493.7,800
1493.8,800
1493.9,800
1494,800
1494.1,800
1494.2,800
1494.3,800
1494.4,800
1494.5,800
1494.6,800
1494.7,800
1494.8,800
1494.9,800
1495,800
1495.1,800
1495.2,800
1495.3,800
1495.4,800
1495.5,800
1495.6,800
1495.7,800
1495.8,800
1495.9,800
1496,800
1496.1,800
1496.2,800
1496.3,800
1496.4,800
1496.5,800
1496.6,800
1496.7,800
1496.8,800
1496.9,800
1497,800
1497.1,800
1497.2,800
1497.3,800
1497.4,800
1497.5,800
1497.6,800
1497.7,800
1497.8,800
1497.9,800
1498,800
1498.1,800
1498.2,800
1498.3,800
1498.4,800
1498.5,800
1498.6,800
1498.7,800
1498.8,800
1498.9,800
1499,800
1499.1,800
1499.2,800
1499.3,800
1499.4,800
1499.5,800
1499.6,800
1499.7,800
1499.8,800
1499.9,800
1500,800
1500.1,800
1500.2,800
1500.3,800
1500.4,800
1500.5,800
1500.6,800
1500.7,800
1500.8,800
1500.9,800
1501,800
1501.1,800
1501.2,800
1501.3,800
1501.4,800
1501.5,800
1501.6,800
1501.7,800
1501.8,800
1501.9,800
1502,800
1502.1,800
1502.2,800
1502.3,800
1502.4,800
1502.5,800
1502.6,800
1502.7,800
1502.8,800
1502.9,800
1503,800
1503.1,800
1503.2,800
1503.3,800
1503.4,800
1503.5,800
1503.6,800
1503.7,800
1503.8,800
1503.9,800
1504,800
1504.1,800
1504.2,800
1504.3,800
1504.4,800
1504.5,800
1504.6,800
1504.7,800
1504.8,800
1504.9,800
1505,800
1505.1,800
1505.2,800
1505.3,800
1505.4,800
1505.5,800
1505.6,800
1505.7,800
1505.8,800
1505.9,800
1506,800
1506.1,800
1506.2,800
1506.3,800
1506.4,800
1506.5,800
1506.6,800
1506.7,800
1506.8,800
1506.9,800
1507,800
1507.1,800
1507.2,800
1507.3,800
1507.4,800
1507.5,800
1507.6,800
1507.7,800
1507.8,800
1507.9,800
1508,800
1508.1,800
1508.2,800
1508.3,800
1508.4,800
1508.5,800
1508.6,800
1508.7,800
1508.8,800
1508.9,800
1509,800
1509.1,800
1509.2,800
1509.3,800
1509.4,800
1509.5,800
1509.6,800
1509.7,800
1509.8,800
1509.9,800
1510,800
1510.1,800
1510.2,800
1510.3,800
1510.4,800
1510.5,800
1510.6,800
1510.7,800
1510.8,800
1510.9,800
1511,800
1511.1,800
1511.2,800
1511.3,800
1511.4,800
1511.5,800
1511.6,800
1511.7,800
1511.8,800
1511.9,800
1512,800
1512.1,800
1512.2,800
1512.3,800
1512.4,800
1512.5,800
1512.6,800
1512.7,800
1512.8,800
1512.9,800
1513,800
1513.1,800
1513.2,800
1513.3,800
1513.4,800
1513.5,800
1513.6,800
1513.7,800
1513.8,800
1513.9,800
1514,800
1514.1,800
1514.2,800
1514.3,800
1514.4,800
1514.5,800
1514.6,800
1514.7,800
1514.8,800
1514.9,800
1515,800
1515.1,800
1515.2,800
1515.3,800
1515.4,800
1515.5,800
1515.6,800
1515.7,800
1515.8,800
1515.9,800
1516,800
1516.1,800
1516.2,800
1516.3,800
1516.4,800
1516.5,800
1516.6,800
1516.7,800
1516.8,800
1516.9,800
1517,800
1517.1,800
1517.2,800
1517.3,800
1517.4,800
1517.5,800
1517.6,800
1517.7,800
1517.8,800
1517.9,800
1518,800
1518.1,800
1518.2,800
1518.3,800
1518.4,800
1518.5,800
1518.6,800
1518.7,800
1518.8,800
1518.9,800
1519,800
1519.1,800
1519.2,800
1519.3,800
1519.4,800
1519.5,800
1519.6,800
1519.7,800
1519.8,800
1519.9,800
1520,800
1520.1,800
1520.2,800
1520.3,800
1520.4,800
1520.5,800
1520.6,800
1520.7,800
1520.8,800
1520.9,800
1521,800
1521.1,800
1521.2,800
1521.3,800
1521.4,800
1521.5,800
1521.6,800
1521.7,800
1521.8,800
1521.9,800
1522,800
1522.1,800
1522.2,800
1522.3,800
1522.4,800
1522.5,800
1522.6,800
1522.7,800
1522.8,800
1522.9,800
1523,800
1523.1,800
1523.2,800
1523.3,800
1523.4,800
1523.5,800
1523.6,800
1523.7,800
1523.8,800
1523.9,800
1524,800
1524.1,800
1524.2,800
1524.3,800
1524.4,800
1524.5,800
1524.6,800
1524.7,800
1524.8,800
1524.9,800
1525,800
1525.1,800
1525.2,800
1525.3,800
1525.4,800
1525.5,800
1525.6,800
1525.7,800
1525.8,800
1525.9,800
1526,800
1526.1,800
1526.2,800
1526.3,800
1526.4,800
1526.5,800
1526.6,800
1526.7,800
1526.8,800
1526.9,800
1527,800
1527.1,800
1527.2,800
1527.3,800
1527.4,800
1527.5,800
1527.6,800
1527.7,800
1527.8,800
1527.9,800
1528,800
1528.1,800
1528.2,800
1528.3,800
1528.4,800
1528.5,800
1528.6,800
1528.7,800
1528.8,800
1528.9,800
1529,800
1529.1,800
1529.2,800
1529.3,800
1529.4,800
1529.5,800
1529.6,800
1529.7,800
1529.8,800
1529.9,800
1530,800
1530.1,800
1530.2,800
1530.3,800
1530.4,800
1530.5,800
1530.6,800
1530.7,800
1530.8,800
1530.9,800
1531,800
1531.1,800
1531.2,800
1531.3,800
1531.4,800
1531.5,800
1531.6,800
1531.7,800
1531.8,800
1531.9,800
1532,800
1532.1,800
1532.2,800
1532.3,800
1532.4,800
1532.5,800
1532.6,800
1532.7,800
1532.8,800
1532.9,800
1533,800
1533.1,800
1533.2,800
1533.3,800
1533.4,800
1533.5,800
1533.6,800
1533.7,800
1533.8,800
1533.9,800
1534,800
1534.1,800
1534.2,800
1534.3,800
1534.4,800
1534.5,800
1534.6,800
1534.7,800
1534.8,800
1534.9,800
1535,800
1535.1,800
1535.2,800
1535.3,800
1535.4,800
1535.5,800
1535.6,800
1535.7,800
1535.8,800
1535.9,800
1536,800
1536.1,800
1536.2,800
1536.3,800
1536.4,800
1536.5,800
1536.6,800
1536.7,800
1536.8,800
1536.9,800
1537,800
1537.1,800
1537.2,800
1537.3,800
1537.4,800
1537.5,800
1537.6,800
1537.7,800
1537.8,800
1537.9,800
1538,800
1538.1,800
1538.2,800
1538.3,800
1538.4,800
1538.5,800
1538.6,800
1538.7,800
1538.8,800
1538.9,800
1539,800
1539.1,800
1539.2,800
1539.3,800
1539.4,800
1539.5,800
1539.6,800
1539.7,800
1539.8,800
1539.9,800
1540,800
1540.1,800
1540.2,800
1540.3,800
1540.4,800
1540.5,800
1540.6,800
1540.7,800
1540.8,800
1540.9,800
1541,800
1541.1,800
1541.2,800
1541.3,800
1541.4,800
1541.5,800
1541.6,800
1541.7,800
1541.8,800
1541.9,800
1542,800
1542.1,800
1542.2,800
1542.3,800
1542.4,800
1542.5,800
1542.6,800
1542.7,800
1542.8,800
1542.9,800
1543,800
1543.1,800
1543.2,800
1543.3,800
1543.4,800
1543.5,800
1543.6,800
1543.7,800
1543.8,800
1543.9,800
1544,800
1544.1,800
1544.2,800
1544.3,800
1544.4,800
1544.5,800
1544.6,800
1544.7,800
1544.8,800
1544.9,800
1545,800
1545.1,800
1545.2,800
1545.3,800
1545.4,800
1545.5,800
1545.6,800
1545.7,800
1545.8,800
1545.9,800
1546,800
1546.1,800
1546.2,800
1546.3,800
1546.4,800
1546.5,800
1546.6,800
1546.7,800
1546.8,800
1546.9,800
1547,800
1547.1,800
1547.2,800
1547.3,800
1547.4,800
1547.5,800
1547.6,800
1547.7,800
1547.8,800
1547.9,800
1548,800
1548.1,800
1548.2,800
1548.3,800
1548.4,800
1548.5,800
1548.6,800
1548.7,800
1548.8,800
1548.9,800
1549,800
1549.1,800
1549.2,800
1549.3,800
1549.4,800
1549.5,800
1549.6,800
1549.7,800
1549.8,800
1549.9,800
1550,800
1550.1,800
1550.2,800
1550.3,800
1550.4,800
1550.5,800
1550.6,800
1550.7,800
1550.8,800
1550.9,800
1551,800
1551.1,800
1551.2,800
1551.3,800
1551.4,800
1551.5,800
1551.6,800
1551.7,800
1551.8,800
1551.9,800
1552,800
1552.1,800
1552.2,800
1552.3,800
1552.4,800
1552.5,800
1552.6,800
1552.7,800
1552.8,800
1552.9,800
1553,800
1553.1,800
1553.2,800
1553.3,800
1553.4,800
1553.5,800
1553.6,800
1553.7,800
1553.8,800
1553.9,800
1554,800
1554.1,800
1554.2,800
1554.3,800
1554.4,800
1554.5,800
1554.6,800
1554.7,800
1554.8,800
1554.9,800
1555,800
1555.1,800
1555.2,800
1555.3,800
1555.4,800
1555.5,800
1555.6,800
1555.7,800
1555.8,800
1555.9,800
1556,800
1556.1,800
1556.2,800
1556.3,800
1556.4,800
1556.5,800
1556.6,800
1556.7,800
1556.8,800
1556.9,800
1557,800
1557.1,800
1557.2,800
1557.3,800
1557.4,800
1557.5,800
1557.6,800
1557.7,800
1557.8,800
1557.9,800
1558,800
1558.1,800
1558.2,800
1558.3,800
1558.4,800
1558.5,800
1558.6,800
1558.7,800
1558.8,800
1558.9,800
1559,800
1559.1,800
1559.2,800
1559.3,800
1559.4,800
1559.5,800
1559.6,800
1559.7,800
1559.8,800
1559.9,800
1560,800
1560.1,800
1560.2,800
1560.3,800
1560.4,800
1560.5,800
1560.6,800
1560.7,800
1560.8,800
1560.9,800
1561,800
1561.1,800
1561.2,800
1561.3,800
1561.4,800
1561.5,800
1561.6,800
1561.7,800
1561.8,800
1561.9,800
1562,800
1562.1,800
1562.2,800
1562.3,800
1562.4,800
1562.5,800
1562.6,800
1562.7,800
1562.8,800
1562.9,800
1563,800
1563.1,800
1563.2,800
1563.3,800
1563.4,800
1563.5,800
1563.6,800
1563.7,800
1563.8,800
1563.9,800
1564,800
1564.1,800
1564.2,800
1564.3,800
1564.4,800
1564.5,800
1564.6,800
1564.7,800
1564.8,800
1564.9,800
1565,800
1565.1,800
1565.2,800
1565.3,800
1565.4,800
1565.5,800
1565.6,800
1565.7,800
1565.8,800
1565.9,800
1566,800
1566.1,800
1566.2,800
1566.3,800
1566.4,800
1566.5,800
1566.6,800
1566.7,800
1566.8,800
1566.9,800
1567,800
1567.1,800
1567.2,800
1567.3,800
1567.4,800
1567.5,800
1567.6,800
1567.7,800
1567.8,800
1567.9,800
1568,800
1568.1,800
1568.2,800
1568.3,800
1568.4,800
1568.5,800
1568.6,800
1568.7,800
1568.8,800
1568.9,800
1569,800
1569.1,800
1569.2,800
1569.3,800
1569.4,800
1569.5,800
1569.6,800
1569.7,800
1569.8,800
1569.9,800
1570,800
1570.1,800
1570.2,800
1570.3,800
1570.4,800
1570.5,800
1570.6,800
1570.7,800
1570.8,800
1570.9,800
1571,800
1571.1,800
1571.2,800
1571.3,800
1571.4,800
1571.5,800
1571.6,800
1571.7,800
1571.8,800
1571.9,800
1572,800
1572.1,800
1572.2,800
1572.3,800
1572.4,800
1572.5,800
1572.6,800
1572.7,800
1572.8,800
1572.9,800
1573,800
1573.1,800
1573.2,800
1573.3,800
1573.4,800
1573.5,800
1573.6,800
1573.7,800
1573.8,800
1573.9,800
1574,800
1574.1,800
1574.2,800
1574.3,800
1574.4,800
1574.5,800
1574.6,800
1574.7,800
1574.8,800
1574.9,800
1575,800
1575.1,800
1575.2,800
1575.3,800
1575.4,800
1575.5,800
1575.6,800
1575.7,800
1575.8,800
1575.9,800
1576,800
1576.1,800
1576.2,800
1576.3,800
1576.4,800
1576.5,800
1576.6,800
1576.7,800
1576.8,800
1576.9,800
1577,800
1577.1,800
1577.2,800
1577.3,800
1577.4,800
1577.5,800
1577.6,800
1577.7,800
1577.8,800
1577.9,800
1578,800
1578.1,800
1578.2,800
1578.3,800
1578.4,800
1578.5,800
1578.6,800
1578.7,800
1578.8,800
1578.9,800
1579,800
1579.1,800
1579.2,800
1579.3,800
1579.4,800
1579.5,800
1579.6,800
1579.7,800
1579.8,800
1579.9,800
1580,800
1580.1,800
1580.2,800
1580.3,800
1580.4,800
1580.5,800
1580.6,800
1580.7,800
1580.8,800
1580.9,800
1581,800
1581.1,800
1581.2,800
1581.3,800
1581.4,800
1581.5,800
1581.6,800
1581.7,800
1581.8,800
1581.9,800
1582,800
1582.1,800
1582.2,800
1582.3,800
1582.4,800
1582.5,800
1582.6,800
1582.7,800
1582.8,800
1582.9,800
1583,800
1583.1,800
1583.2,800
1583.3,800
1583.4,800
1583.5,800
1583.6,800
1583.7,800
1583.8,800
1583.9,800
1584,800
1584.1,800
1584.2,800
1584.3,800
1584.4,800
1584.5,800
1584.6,800
1584.7,800
1584.8,800
1584.9,800
1585,800
1585.1,800
1585.2,800
1585.3,800
1585.4,800
1585.5,800
1585.6,800
1585.7,800
1585.8,800
1585.9,800
1586,800
1586.1,800
1586.2,800
1586.3,800
1586.4,800
1586.5,800
1586.6,800
1586.7,800
1586.8,800
1586.9,800
1587,800
1587.1,800
1587.2,800
1587.3,800
1587.4,800
1587.5,800
1587.6,800
1587.7,800
1587.8,800
1587.9,800
1588,800
1588.1,800
1588.2,800
1588.3,800
1588.4,800
1588.5,800
1588.6,800
1588.7,800
1588.8,800
1588.9,800
1589,800
1589.1,800
1589.2,800
1589.3,800
1589.4,800
1589.5,800
1589.6,800
1589.7,800
1589.8,800
1589.9,800
1590,800
1590.1,800
1590.2,800
1590.3,800
1590.4,800
1590.5,800
1590.6,800
1590.7,800
1590.8,800
1590.9,800
1591,800
1591.1,800
1591.2,800
1591.3,800
1591.4,800
1591.5,800
1591.6,800
1591.7,800
1591.8,800
1591.9,800
1592,800
1592.1,800
1592.2,800
1592.3,800
1592.4,800
1592.5,800
1592.6,800
1592.7,800
1592.8,800
1592.9,800
1593,800
1593.1,800
1593.2,800
1593.3,800
1593.4,800
1593.5,800
1593.6,800
1593.7,800
1593.8,800
1593.9,800
1594,800
1594.1,800
1594.2,800
1594.3,800
1594.4,800
1594.5,800
1594.6,800
1594.7,800
1594.8,800
1594.9,800
1595,800
1595.1,800
1595.2,800
1595.3,800
1595.4,800
1595.5,800
1595.6,800
1595.7,800
1595.8,800
1595.9,800
1596,800
1596.1,800
1596.2,800
1596.3,800
1596.4,800
1596.5,800
1596.6,800
1596.7,800
1596.8,800
1596.9,800
1597,800
1597.1,800
1597.2,800
1597.3,800
1597.4,800
1597.5,800
1597.6,800
1597.7,800
1597.8,800
1597.9,800
1598,800
1598.1,800
1598.2,800
1598.3,800
1598.4,800
1598.5,800
1598.6,800
1598.7,800
1598.8,800
1598.9,800
1599,800
1599.1,800
1599.2,800
1599.3,800
1599.4,800
1599.5,800
1599.6,800
1599.7,800
1599.8,800
1599.9,800
1600,800
1600.1,800
1600.2,800
1600.3,800
1600.4,800
1600.5,800
1600.6,800
1600.7,800
1600.8,800
1600.9,800
1601,800
1601.1,800
1601.2,800
1601.3,800
1601.4,800
1601.5,800
1601.6,800
1601.7,800
1601.8,800
1601.9,800
1602,800
1602.1,800
1602.2,800
1602.3,800
1602.4,800
1602.5,800
1602.6,800
1602.7,800
1602.8,800
1602.9,800
1603,800
1603.1,800
1603.2,800
1603.3,800
1603.4,800
1603.5,800
1603.6,800
1603.7,800
1603.8,800
1603.9,800
1604,800
1604.1,800
1604.2,800
1604.3,800
1604.4,800
1604.5,800
1604.6,800
1604.7,800
1604.8,800
1604.9,800
1605,800
1605.1,800
1605.2,800
1605.3,800
1605.4,800
1605.5,800
1605.6,800
1605.7,800
1605.8,800
1605.9,800
1606,800
1606.1,800
1606.2,800
1606.3,800
1606.4,800
1606.5,800
1606.6,800
1606.7,800
1606.8,800
1606.9,800
1607,800
1607.1,800
1607.2,800
1607.3,800
1607.4,800
1607.5,800
1607.6,800
1607.7,800
1607.8,800
1607.9,800
1608,800
1608.1,800
1608.2,800
1608.3,800
1608.4,800
1608.5,800
1608.6,800
1608.7,800
1608.8,800
1608.9,800
1609,800
1609.1,800
1609.2,800
1609.3,800
1609.4,800
1609.5,800
1609.6,800
1609.7,800
1609.8,800
1609.9,800
1610,800
1610.1,800
1610.2,800
1610.3,800
1610.4,800
1610.5,800
1610.6,800
1610.7,800
1610.8,800
1610.9,800
1611,800
1611.1,800
1611.2,800
1611.3,800
1611.4,800
1611.5,800
1611.6,800
1611.7,800
1611.8,800
1611.9,800
1612,800
1612.1,800
1612.2,800
1612.3,800
1612.4,800
1612.5,800
1612.6,800
1612.7,800
1612.8,800
1612.9,800
1613,800
1613.1,800
1613.2,800
1613.3,800
1613.4,800
1613.5,800
1613.6,800
1613.7,800
1613.8,800
1613.9,800
1614,800
1614.1,800
1614.2,800
1614.3,800
1614.4,800
1614.5,800
1614.6,800
1614.7,800
1614.8,800
1614.9,800
1615,800
1615.1,800
1615.2,800
1615.3,800
1615.4,800
1615.5,800
1615.6,800
1615.7,800
1615.8,800
1615.9,800
1616,800
1616.1,800
1616.2,800
1616.3,800
1616.4,800
1616.5,800
1616.6,800
1616.7,800
1616.8,800
1616.9,800
1617,800
1617.1,800
1617.2,800
1617.3,800
1617.4,800
1617.5,800
1617.6,800
1617.7,800
1617.8,800
1617.9,800
1618,800
1618.1,800
1618.2,800
1618.3,800
1618.4,800
1618.5,800
1618.6,800
1618.7,800
1618.8,800
1618.9,800
1619,800
1619.1,800
1619.2,800
1619.3,800
1619.4,800
1619.5,800
1619.6,800
1619.7,800
1619.8,800
1619.9,800
1620,800
1620.1,800
1620.2,800
1620.3,800
1620.4,800
1620.5,800
1620.6,800
1620.7,800
1620.8,800
1620.9,800
1621,800
1621.1,800
1621.2,800
1621.3,800
1621.4,800
1621.5,800
1621.6,800
1621.7,800
1621.8,800
1621.9,800
1622,800
1622.1,800
1622.2,800
1622.3,800
1622.4,800
1622.5,800
1622.6,800
1622.7,800
1622.8,800
1622.9,800
1623,800
1623.1,800
1623.2,800
1623.3,800
1623.4,800
1623.5,800
1623.6,800
1623.7,800
1623.8,800
1623.9,800
1624,800
1624.1,800
1624.2,800
1624.3,800
1624.4,800
1624.5,800
1624.6,800
1624.7,800
1624.8,800
1624.9,800
1625,800
1625.1,800
1625.2,800
1625.3,800
1625.4,800
1625.5,800
1625.6,800
1625.7,800
1625.8,800
1625.9,800
1626,800
1626.1,800
1626.2,800
1626.3,800
1626.4,800
1626.5,800
1626.6,800
1626.7,800
1626.8,800
1626.9,800
1627,800
1627.1,800
1627.2,800
1627.3,800
1627.4,800
1627.5,800
1627.6,800
1627.7,800
1627.8,800
1627.9,800
1628,800
1628.1,800
1628.2,800
1628.3,800
1628.4,800
1628.5,800
1628.6,800
1628.7,800
1628.8,800
1628.9,800
1629,800
1629.1,800
1629.2,800
1629.3,800
1629.4,800
1629.5,800
1629.6,800
1629.7,800
1629.8,800
1629.9,800
1630,800
1630.1,800
1630.2,800
1630.3,800
1630.4,800
1630.5,800
1630.6,800
1630.7,800
1630.8,800
1630.9,800
1631,800
1631.1,800
1631.2,800
1631.3,800
1631.4,800
1631.5,800
1631.6,800
1631.7,800
1631.8,800
1631.9,800
1632,800
1632.1,800
1632.2,800
1632.3,800
1632.4,800
1632.5,800
1632.6,800
1632.7,800
1632.8,800
1632.9,800
1633,800
1633.1,800
1633.2,800
1633.3,800
1633.4,800
1633.5,800
1633.6,800
1633.7,800
1633.8,800
1633.9,800
1634,800
1634.1,800
1634.2,800
1634.3,800
1634.4,800
1634.5,800
1634.6,800
1634.7,800
1634.8,800
1634.9,800
1635,800
1635.1,800
1635.2,800
1635.3,800
1635.4,800
1635.5,800
1635.6,800
1635.7,800
1635.8,800
1635.9,800
1636,800
1636.1,800
1636.2,800
1636.3,800
1636.4,800
1636.5,800
1636.6,800
1636.7,800
1636.8,800
1636.9,800
1637,800
1637.1,800
1637.2,800
1637.3,800
1637.4,800
1637.5,800
1637.6,800
1637.7,800
1637.8,800
1637.9,800
1638,800
1638.1,800
1638.2,800
1638.3,800
1638.4,800
1638.5,800
1638.6,800
1638.7,800
1638.8,800
1638.9,800
1639,800
1639.1,800
1639.2,800
1639.3,800
1639.4,800
1639.5,800
1639.6,800
1639.7,800
1639.8,800
1639.9,800
1640,800
1640.1,800
1640.2,800
1640.3,800
1640.4,800
1640.5,800
1640.6,800
1640.7,800
1640.8,800
1640.9,800
1641,800
1641.1,800
1641.2,800
1641.3,800
1641.4,800
1641.5,800
1641.6,800
1641.7,800
1641.8,800
1641.9,800
1642,800
1642.1,800
1642.2,800
1642.3,800
1642.4,800
1642.5,800
1642.6,800
1642.7,800
1642.8,800
1642.9,800
1643,800
1643.1,800
1643.2,800
1643.3,800
1643.4,800
1643.5,800
1643.6,800
1643.7,800
1643.8,800
1643.9,800
1644,800
1644.1,800
1644.2,800
1644.3,800
1644.4,800
1644.5,800
1644.6,800
1644.7,800
1644.8,800
1644.9,800
1645,800
1645.1,800
1645.2,800
1645.3,800
1645.4,800
1645.5,800
1645.6,800
1645.7,800
1645.8,800
1645.9,800
1646,800
1646.1,800
1646.2,800
1646.3,800
1646.4,800
1646.5,800
1646.6,800
1646.7,800
1646.8,800
1646.9,800
1647,800
1647.1,800
1647.2,800
1647.3,800
1647.4,800
1647.5,800
1647.6,800
1647.7,800
1647.8,800
1647.9,800
1648,800
1648.1,800
1648.2,800
1648.3,800
1648.4,800
1648.5,800
1648.6,800
1648.7,800
1648.8,800
1648.9,800
1649,800
1649.1,800
1649.2,800
1649.3,800
1649.4,800
1649.5,800
1649.6,800
1649.7,800
1649.8,800
1649.9,800
1650,800
1650.1,800
1650.2,800
1650.3,800
1650.4,800
1650.5,800
1650.6,800
1650.7,800
1650.8,800
1650.9,800
1651,800
1651.1,800
1651.2,800
1651.3,800
1651.4,800
1651.5,800
1651.6,800
1651.7,800
1651.8,800
1651.9,800
1652,800
1652.1,800
1652.2,800
1652.3,800
1652.4,800
1652.5,800
1652.6,800
1652.7,800
1652.8,800
1652.9,800
1653,800
1653.1,800
1653.2,800
1653.3,800
1653.4,800
1653.5,800
1653.6,800
1653.7,800
1653.8,800
1653.9,800
1654,800
1654.1,800
1654.2,800
1654.3,800
1654.4,800
1654.5,800
1654.6,800
1654.7,800
1654.8,800
1654.9,800
1655,800
1655.1,800
1655.2,800
1655.3,800
1655.4,800
1655.5,800
1655.6,800
1655.7,800
1655.8,800
1655.9,800
1656,800
1656.1,800
1656.2,800
1656.3,800
1656.4,800
1656.5,800
1656.6,800
1656.7,800
1656.8,800
1656.9,800
1657,800
1657.1,800
1657.2,800
1657.3,800
1657.4,800
1657.5,800
1657.6,800
1657.7,800
1657.8,800
1657.9,800
1658,800
1658.1,800
1658.2,800
1658.3,800
1658.4,800
1658.5,800
1658.6,800
1658.7,800
1658.8,800
1658.9,800
1659,800
1659.1,800
1659.2,800
1659.3,800
1659.4,800
1659.5,800
1659.6,800
1659.7,800
1659.8,800
1659.9,800
1660,800
1660.1,800
1660.2,800
1660.3,800
1660.4,800
1660.5,800
1660.6,800
1660.7,800
1660.8,800
1660.9,800
1661,800
1661.1,800
1661.2,800
1661.3,800
1661.4,800
1661.5,800
1661.6,800
1661.7,800
1661.8,800
1661.9,800
1662,800
1662.1,800
1662.2,800
1662.3,800
1662.4,800
1662.5,800
1662.6,800
1662.7,800
1662.8,800
1662.9,800
1663,800
1663.1,800
1663.2,800
1663.3,800
1663.4,800
1663.5,800
1663.6,800
1663.7,800
1663.8,800
1663.9,800
1664,800
1664.1,800
1664.2,800
1664.3,800
1664.4,800
1664.5,800
1664.6,800
1664.7,800
1664.8,800
1664.9,800
1665,800
1665.1,800
1665.2,800
1665.3,800
1665.4,800
1665.5,800
1665.6,800
1665.7,800
1665.8,800
1665.9,800
1666,800
1666.1,800
1666.2,800
1666.3,800
1666.4,800
1666.5,800
1666.6,800
1666.7,800
1666.8,800
1666.9,800
1667,800
1667.1,800
1667.2,800
1667.3,800
1667.4,800
1667.5,800
1667.6,800
1667.7,800
1667.8,800
1667.9,800
1668,800
1668.1,800
1668.2,800
1668.3,800
1668.4,800
1668.5,800
1668.6,800
1668.7,800
1668.8,800
1668.9,800
1669,800
1669.1,800
1669.2,800
1669.3,800
1669.4,800
1669.5,800
1669.6,800
1669.7,800
1669.8,800
1669.9,800
1670,800
1670.1,800
1670.2,800
1670.3,800
1670.4,800
1670.5,800
1670.6,800
1670.7,800
1670.8,800
1670.9,800
1671,800
1671.1,800
1671.2,800
1671.3,800
1671.4,800
1671.5,800
1671.6,800
1671.7,800
1671.8,800
1671.9,800
1672,800
1672.1,800
1672.2,800
1672.3,800
1672.4,800
1672.5,800
1672.6,800
1672.7,800
1672.8,800
1672.9,800
1673,800
1673.1,800
1673.2,800
1673.3,800
1673.4,800
1673.5,800
1673.6,800
1673.7,800
1673.8,800
1673.9,800
1674,800
1674.1,800
1674.2,800
1674.3,800
1674.4,800
1674.5,800
1674.6,800
1674.7,800
1674.8,800
1674.9,800
1675,800
1675.1,800
1675.2,800
1675.3,800
1675.4,800
1675.5,800
1675.6,800
1675.7,800
1675.8,800
1675.9,800
1676,800
1676.1,800
1676.2,800
1676.3,800
1676.4,800
1676.5,800
1676.6,800
1676.7,800
1676.8,800
1676.9,800
1677,800
1677.1,800
1677.2,800
1677.3,800
1677.4,800
1677.5,800
1677.6,800
1677.7,800
1677.8,800
1677.9,800
1678,800
1678.1,800
1678.2,800
1678.3,800
1678.4,800
1678.5,800
1678.6,800
1678.7,800
1678.8,800
1678.9,800
1679,800
1679.1,800
1679.2,800
1679.3,800
1679.4,800
1679.5,800
1679.6,800
1679.7,800
1679.8,800
1679.9,800
1680,800
1680.1,800
1680.2,800
1680.3,800
1680.4,800
1680.5,800
1680.6,800
1680.7,800
1680.8,800
1680.9,800
1681,800
1681.1,800
1681.2,800
1681.3,800
1681.4,800
1681.5,800
1681.6,800
1681.7,800
1681.8,800
1681.9,800
1682,800
1682.1,800
1682.2,800
1682.3,800
1682.4,800
1682.5,800
1682.6,800
1682.7,800
1682.8,800
1682.9,800
1683,800
1683.1,800
1683.2,800
1683.3,800
1683.4,800
1683.5,800
1683.6,800
1683.7,800
1683.8,800
1683.9,800
1684,800
1684.1,800
1684.2,800
1684.3,800
1684.4,800
1684.5,800
1684.6,800
1684.7,800
1684.8,800
1684.9,800
1685,800
1685.1,800
1685.2,800
1685.3,800
1685.4,800
1685.5,800
1685.6,800
1685.7,800
1685.8,800
1685.9,800
1686,800
1686.1,800
1686.2,800
1686.3,800
1686.4,800
1686.5,800
1686.6,800
1686.7,800
1686.8,800
1686.9,800
1687,800
1687.1,800
1687.2,800
1687.3,800
1687.4,800
1687.5,800
1687.6,800
1687.7,800
1687.8,800
1687.9,800
1688,800
1688.1,800
1688.2,800
1688.3,800
1688.4,800
1688.5,800
1688.6,800
1688.7,800
1688.8,800
1688.9,800
1689,800
1689.1,800
1689.2,800
1689.3,800
1689.4,800
1689.5,800
1689.6,800
1689.7,800
1689.8,800
1689.9,800
1690,800
1690.1,800
1690.2,800
1690.3,800
1690.4,800
1690.5,800
1690.6,800
1690.7,800
1690.8,800
1690.9,800
1691,800
1691.1,800
1691.2,800
1691.3,800
1691.4,800
1691.5,800
1691.6,800
1691.7,800
1691.8,800
1691.9,800
1692,800
1692.1,800
1692.2,800
1692.3,800
1692.4,800
1692.5,800
1692.6,800
1692.7,800
1692.8,800
1692.9,800
1693,800
1693.1,800
1693.2,800
1693.3,800
1693.4,800
1693.5,800
1693.6,800
1693.7,800
1693.8,800
1693.9,800
1694,800
1694.1,800
1694.2,800
1694.3,800
1694.4,800
1694.5,800
1694.6,800
1694.7,800
1694.8,800
1694.9,800
1695,800
1695.1,800
1695.2,800
1695.3,800
1695.4,800
1695.5,800
1695.6,800
1695.7,800
1695.8,800
1695.9,800
1696,800
1696.1,800
1696.2,800
1696.3,800
1696.4,800
1696.5,800
1696.6,800
1696.7,800
1696.8,800
1696.9,800
1697,800
1697.1,800
1697.2,800
1697.3,800
1697.4,800
1697.5,800
1697.6,800
1697.7,800
1697.8,800
1697.9,800
1698,800
1698.1,800
1698.2,800
1698.3,800
1698.4,800
1698.5,800
1698.6,800
1698.7,800
1698.8,800
1698.9,800
1699,800
1699.1,800
1699.2,800
1699.3,800
1699.4,800
1699.5,800
1699.6,800
1699.7,800
1699.8,800
1699.9,800
1700,800
1700.1,800
1700.2,800
1700.3,800
1700.4,800
1700.5,800
1700.6,800
1700.7,800
1700.8,800
1700.9,800
1701,800
1701.1,800
1701.2,800
1701.3,800
1701.4,800
1701.5,800
1701.6,800
1701.7,800
1701.8,800
1701.9,800
1702,800
1702.1,800
1702.2,800
1702.3,800
1702.4,800
1702.5,800
1702.6,800
1702.7,800
1702.8,800
1702.9,800
1703,800
1703.1,800
1703.2,800
1703.3,800
1703.4,800
1703.5,800
1703.6,800
1703.7,800
1703.8,800
1703.9,800
1704,800
1704.1,800
1704.2,800
1704.3,800
1704.4,800
1704.5,800
1704.6,800
1704.7,800
1704.8,800
1704.9,800
1705,800
1705.1,800
1705.2,800
1705.3,800
1705.4,800
1705.5,800
1705.6,800
1705.7,800
1705.8,800
1705.9,800
1706,800
1706.1,800
1706.2,800
1706.3,800
1706.4,800
1706.5,800
1706.6,800
1706.7,800
1706.8,800
1706.9,800
1707,800
1707.1,800
1707.2,800
1707.3,800
1707.4,800
1707.5,800
1707.6,800
1707.7,800
1707.8,800
1707.9,800
1708,800
1708.1,800
1708.2,800
1708.3,800
1708.4,800
1708.5,800
1708.6,800
1708.7,800
1708.8,800
1708.9,800
1709,800
1709.1,800
1709.2,800
1709.3,800
1709.4,800
1709.5,800
1709.6,800
1709.7,800
1709.8,800
1709.9,800
1710,800
1710.1,800
1710.2,800
1710.3,800
1710.4,800
1710.5,800
1710.6,800
1710.7,800
1710.8,800
1710.9,800
1711,800
1711.1,800
1711.2,800
1711.3,800
1711.4,800
1711.5,800
1711.6,800
1711.7,800
1711.8,800
1711.9,800
1712,800
1712.1,800
1712.2,800
1712.3,800
1712.4,800
1712.5,800
1712.6,800
1712.7,800
1712.8,800
1712.9,800
1713,800
1713.1,800
1713.2,800
1713.3,800
1713.4,800
1713.5,800
1713.6,800
1713.7,800
1713.8,800
1713.9,800
1714,800
1714.1,800
1714.2,800
1714.3,800
1714.4,800
1714.5,800
1714.6,800
1714.7,800
1714.8,800
1714.9,800
1715,800
1715.1,800
1715.2,800
1715.3,800
1715.4,800
1715.5,800
1715.6,800
1715.7,800
1715.8,800
1715.9,800
1716,800
1716.1,800
1716.2,800
1716.3,800
1716.4,800
1716.5,800
1716.6,800
1716.7,800
1716.8,800
1716.9,800
1717,800
1717.1,800
1717.2,800
1717.3,800
1717.4,800
1717.5,800
1717.6,800
1717.7,800
1717.8,800
1717.9,800
1718,800
1718.1,800
1718.2,800
1718.3,800
1718.4,800
1718.5,800
1718.6,800
1718.7,800
1718.8,800
1718.9,800
1719,800
1719.1,800
1719.2,800
1719.3,800
1719.4,800
1719.5,800
1719.6,800
1719.7,800
1719.8,800
1719.9,800
1720,800
1720.1,800
1720.2,800
1720.3,800
1720.4,800
1720.5,800
1720.6,800
1720.7,800
1720.8,800
1720.9,800
1721,800
1721.1,800
1721.2,800
1721.3,800
1721.4,800
1721.5,800
1721.6,800
1721.7,800
1721.8,800
1721.9,800
1722,800
1722.1,800
1722.2,800
1722.3,800
1722.4,800
1722.5,800
1722.6,800
1722.7,800
1722.8,800
1722.9,800
1723,800
1723.1,800
1723.2,800
1723.3,800
1723.4,800
1723.5,800
1723.6,800
1723.7,800
1723.8,800
1723.9,800
1724,800
1724.1,800
1724.2,800
1724.3,800
1724.4,800
1724.5,800
1724.6,800
1724.7,800
1724.8,800
1724.9,800
1725,800
1725.1,800
1725.2,800
1725.3,800
1725.4,800
1725.5,800
1725.6,800
1725.7,800
1725.8,800
1725.9,800
1726,800
1726.1,800
1726.2,800
1726.3,800
1726.4,800
1726.5,800
1726.6,800
1726.7,800
1726.8,800
1726.9,800
1727,800
1727.1,800
1727.2,800
1727.3,800
1727.4,800
1727.5,800
1727.6,800
1727.7,800
1727.8,800
1727.9,800
1728,800
1728.1,800
1728.2,800
1728.3,800
1728.4,800
1728.5,800
1728.6,800
1728.7,800
1728.8,800
1728.9,800
1729,800
1729.1,800
1729.2,800
1729.3,800
1729.4,800
1729.5,800
1729.6,800
1729.7,800
1729.8,800
1729.9,800
1730,800
1730.1,800
1730.2,800
1730.3,800
1730.4,800
1730.5,800
1730.6,800
1730.7,800
1730.8,800
1730.9,800
1731,800
1731.1,800
1731.2,800
1731.3,800
1731.4,800
1731.5,800
1731.6,800
1731.7,800
1731.8,800
1731.9,800
1732,800
1732.1,800
1732.2,800
1732.3,800
1732.4,800
1732.5,800
1732.6,800
1732.7,800
1732.8,800
1732.9,800
1733,800
1733.1,800
1733.2,800
1733.3,800
1733.4,800
1733.5,800
1733.6,800
1733.7,800
1733.8,800
1733.9,800
1734,800
1734.1,800
1734.2,800
1734.3,800
1734.4,800
1734.5,800
1734.6,800
1734.7,800
1734.8,800
1734.9,800
1735,800
1735.1,800
1735.2,800
1735.3,800
1735.4,800
1735.5,800
1735.6,800
1735.7,800
1735.8,800
1735.9,800
1736,800
1736.1,800
1736.2,800
1736.3,800
1736.4,800
1736.5,800
1736.6,800
1736.7,800
1736.8,800
1736.9,800
1737,800
1737.1,800
1737.2,800
1737.3,800
1737.4,800
1737.5,800
1737.6,800
1737.7,800
1737.8,800
1737.9,800
1738,800
1738.1,800
1738.2,800
1738.3,800
1738.4,800
1738.5,800
1738.6,800
1738.7,800
1738.8,800
1738.9,800
1739,800
1739.1,800
1739.2,800
1739.3,800
1739.4,800
1739.5,800
1739.6,800
1739.7,800
1739.8,800
1739.9,800
1740,800
1740.1,800
1740.2,800
1740.3,800
1740.4,800
1740.5,800
1740.6,800
1740.7,800
1740.8,800
1740.9,800
1741,800
1741.1,800
1741.2,800
1741.3,800
1741.4,800
1741.5,800
1741.6,800
1741.7,800
1741.8,800
1741.9,800
1742,800
1742.1,800
1742.2,800
1742.3,800
1742.4,800
1742.5,800
1742.6,800
1742.7,800
1742.8,800
1742.9,800
1743,800
1743.1,800
1743.2,800
1743.3,800
1743.4,800
1743.5,800
1743.6,800
1743.7,800
1743.8,800
1743.9,800
1744,800
1744.1,800
1744.2,800
1744.3,800
1744.4,800
1744.5,800
1744.6,800
1744.7,800
1744.8,800
1744.9,800
1745,800
1745.1,800
1745.2,800
1745.3,800
1745.4,800
1745.5,800
1745.6,800
1745.7,800
1745.8,800
1745.9,800
1746,800
1746.1,800
1746.2,800
1746.3,800
1746.4,800
1746.5,800
1746.6,800
1746.7,800
1746.8,800
1746.9,800
1747,800
1747.1,800
1747.2,800
1747.3,800
1747.4,800
1747.5,800
1747.6,800
1747.7,800
1747.8,800
1747.9,800
1748,800
1748.1,800
1748.2,800
1748.3,800
1748.4,800
1748.5,800
1748.6,800
1748.7,800
1748.8,800
1748.9,800
1749,800
1749.1,800
1749.2,800
1749.3,800
1749.4,800
1749.5,800
1749.6,800
1749.7,800
1749.8,800
1749.9,800
1750,800
1750.1,800
1750.2,800
1750.3,800
1750.4,800
1750.5,800
1750.6,800
1750.7,800
1750.8,800
1750.9,800
1751,800
1751.1,800
1751.2,800
1751.3,800
1751.4,800
1751.5,800
1751.6,800
1751.7,800
1751.8,800
1751.9,800
1752,800
1752.1,800
1752.2,800
1752.3,800
1752.4,800
1752.5,800
1752.6,800
1752.7,800
1752.8,800
1752.9,800
1753,800
1753.1,800
1753.2,800
1753.3,800
1753.4,800
1753.5,800
1753.6,800
1753.7,800
1753.8,800
1753.9,800
1754,800
1754.1,800
1754.2,800
1754.3,800
1754.4,800
1754.5,800
1754.6,800
1754.7,800
1754.8,800
1754.9,800
1755,800
1755.1,800
1755.2,800
1755.3,800
1755.4,800
1755.5,800
1755.6,800
1755.7,800
1755.8,800
1755.9,800
1756,800
1756.1,800
1756.2,800
1756.3,800
1756.4,800
1756.5,800
1756.6,800
1756.7,800
1756.8,800
1756.9,800
1757,800
1757.1,800
1757.2,800
1757.3,800
1757.4,800
1757.5,800
1757.6,800
1757.7,800
1757.8,800
1757.9,800
1758,800
1758.1,800
1758.2,800
1758.3,800
1758.4,800
1758.5,800
1758.6,800
1758.7,800
1758.8,800
1758.9,800
1759,800
1759.1,800
1759.2,800
1759.3,800
1759.4,800
1759.5,800
1759.6,800
1759.7,800
1759.8,800
1759.9,800
1760,800
1760.1,800
1760.2,800
1760.3,800
1760.4,800
1760.5,800
1760.6,800
1760.7,800
1760.8,800
1760.9,800
1761,800
1761.1,800
1761.2,800
1761.3,800
1761.4,800
1761.5,800
1761.6,800
1761.7,800
1761.8,800
1761.9,800
1762,800
1762.1,800
1762.2,800
1762.3,800
1762.4,800
1762.5,800
1762.6,800
1762.7,800
1762.8,800
1762.9,800
1763,800
1763.1,800
1763.2,800
1763.3,800
1763.4,800
1763.5,800
1763.6,800
1763.7,800
1763.8,800
1763.9,800
1764,800
1764.1,800
1764.2,800
1764.3,800
1764.4,800
1764.5,800
1764.6,800
1764.7,800
1764.8,800
1764.9,800
1765,800
1765.1,800
1765.2,800
1765.3,800
1765.4,800
1765.5,800
1765.6,800
1765.7,800
1765.8,800
1765.9,800
1766,800
1766.1,800
1766.2,800
1766.3,800
1766.4,800
1766.5,800
1766.6,800
1766.7,800
1766.8,800
1766.9,800
1767,800
1767.1,800
1767.2,800
1767.3,800
1767.4,800
1767.5,800
1767.6,800
1767.7,800
1767.8,800
1767.9,800
1768,800
1768.1,800
1768.2,800
1768.3,800
1768.4,800
1768.5,800
1768.6,800
1768.7,800
1768.8,800
1768.9,800
1769,800
1769.1,800
1769.2,800
1769.3,800
1769.4,800
1769.5,800
1769.6,800
1769.7,800
1769.8,800
1769.9,800
1770,800
1770.1,800
1770.2,800
1770.3,800
1770.4,800
1770.5,800
1770.6,800
1770.7,800
1770.8,800
1770.9,800
1771,800
1771.1,800
1771.2,800
1771.3,800
1771.4,800
1771.5,800
1771.6,800
1771.7,800
1771.8,800
1771.9,800
1772,800
1772.1,800
1772.2,800
1772.3,800
1772.4,800
1772.5,800
1772.6,800
1772.7,800
1772.8,800
1772.9,800
1773,800
1773.1,800
1773.2,800
1773.3,800
1773.4,800
1773.5,800
1773.6,800
1773.7,800
1773.8,800
1773.9,800
1774,800
1774.1,800
1774.2,800
1774.3,800
1774.4,800
1774.5,800
1774.6,800
1774.7,800
1774.8,800
1774.9,800
1775,800
1775.1,800
1775.2,800
1775.3,800
1775.4,800
1775.5,800
1775.6,800
1775.7,800
1775.8,800
1775.9,800
1776,800
1776.1,800
1776.2,800
1776.3,800
1776.4,800
1776.5,800
1776.6,800
1776.7,800
1776.8,800
1776.9,800
1777,800
1777.1,800
1777.2,800
1777.3,800
1777.4,800
1777.5,800
1777.6,800
1777.7,800
1777.8,800
1777.9,800
1778,800
1778.1,800
1778.2,800
1778.3,800
1778.4,800
1778.5,800
1778.6,800
1778.7,800
1778.8,800
1778.9,800
1779,800
1779.1,800
1779.2,800
1779.3,800
1779.4,800
1779.5,800
1779.6,800
1779.7,800
1779.8,800
1779.9,800
1780,800
1780.1,800
1780.2,800
1780.3,800
1780.4,800
1780.5,800
1780.6,800
1780.7,800
1780.8,800
1780.9,800
1781,800
1781.1,800
1781.2,800
1781.3,800
1781.4,800
1781.5,800
1781.6,800
1781.7,800
1781.8,800
1781.9,800
1782,800
1782.1,800
1782.2,800
1782.3,800
1782.4,800
1782.5,800
1782.6,800
1782.7,800
1782.8,800
1782.9,800
1783,800
1783.1,800
1783.2,800
1783.3,800
1783.4,800
1783.5,800
1783.6,800
1783.7,800
1783.8,800
1783.9,800
1784,800
1784.1,800
1784.2,800
1784.3,800
1784.4,800
1784.5,800
1784.6,800
1784.7,800
1784.8,800
1784.9,800
1785,800
1785.1,800
1785.2,800
1785.3,800
1785.4,800
1785.5,800
1785.6,800
1785.7,800
1785.8,800
1785.9,800
1786,800
1786.1,800
1786.2,800
1786.3,800
1786.4,800
1786.5,800
1786.6,800
1786.7,800
1786.8,800
1786.9,800
1787,800
1787.1,800
1787.2,800
1787.3,800
1787.4,800
1787.5,800
1787.6,800
1787.7,800
1787.8,800
1787.9,800
1788,800
1788.1,800
1788.2,800
1788.3,800
1788.4,800
1788.5,800
1788.6,800
1788.7,800
1788.8,800
1788.9,800
1789,800
1789.1,800
1789.2,800
1789.3,800
1789.4,800
1789.5,800
1789.6,800
1789.7,800
1789.8,800
1789.9,800
1790,800
1790.1,800
1790.2,800
1790.3,800
1790.4,800
1790.5,800
1790.6,800
1790.7,800
1790.8,800
1790.9,800
1791,800
1791.1,800
1791.2,800
1791.3,800
1791.4,800
1791.5,800
1791.6,800
1791.7,800
1791.8,800
1791.9,800
1792,800
1792.1,800
1792.2,800
1792.3,800
1792.4,800
1792.5,800
1792.6,800
1792.7,800
1792.8,800
1792.9,800
1793,800
1793.1,800
1793.2,800
1793.3,800
1793.4,800
1793.5,800
1793.6,800
1793.7,800
1793.8,800
1793.9,800
1794,800
1794.1,800
1794.2,800
1794.3,800
1794.4,800
1794.5,800
1794.6,800
1794.7,800
1794.8,800
1794.9,800
1795,800
1795.1,800
1795.2,800
1795.3,800
1795.4,800
1795.5,800
1795.6,800
1795.7,800
1795.8,800
1795.9,800
1796,800
1796.1,800
1796.2,800
1796.3,800
1796.4,800
1796.5,800
1796.6,800
1796.7,800
1796.8,800
1796.9,800
1797,800
1797.1,800
1797.2,800
1797.3,800
1797.4,800
1797.5,800
1797.6,800
1797.7,800
1797.8,800
1797.9,800
1798,800
1798.1,800
1798.2,800
1798.3,800
1798.4,800
1798.5,800
1798.6,800
1798.7,800
1798.8,800
1798.9,800
1799,800
1799.1,800
1799.2,800
1799.3,800
1799.4,800
1799.5,800
1799.6,800
1799.7,800
1799.8,800
1799.9,800
1800,800
1800.1,800
1800.2,800
1800.3,800
1800.4,800
1800.5,800
1800.6,800
1800.7,800
1800.8,800
1800.9,800
1801,800
1801.1,800
1801.2,800
1801.3,800
1801.4,800
1801.5,800
1801.6,800
1801.7,800
1801.8,800
1801.9,800
1802,800
1802.1,800
1802.2,800
1802.3,800
1802.4,800
1802.5,800
1802.6,800
1802.7,800
1802.8,800
1802.9,800
1803,800
1803.1,800
1803.2,800
1803.3,800
1803.4,800
1803.5,800
1803.6,800
1803.7,800
1803.8,800
1803.9,800
1804,800
1804.1,800
1804.2,800
1804.3,800
1804.4,800
1804.5,800
1804.6,800
1804.7,800
1804.8,800
1804.9,800
1805,800
1805.1,800
1805.2,800
1805.3,800
1805.4,800
1805.5,800
1805.6,800
1805.7,800
1805.8,800
1805.9,800
1806,800
1806.1,800
1806.2,800
1806.3,800
1806.4,800
1806.5,800
1806.6,800
1806.7,800
1806.8,800
1806.9,800
1807,800
1807.1,800
1807.2,800
1807.3,800
1807.4,800
1807.5,800
1807.6,800
1807.7,800
1807.8,800
1807.9,800
1808,800
1808.1,800
1808.2,800
1808.3,800
1808.4,800
1808.5,800
1808.6,800
1808.7,800
1808.8,800
1808.9,800
1809,800
1809.1,800
1809.2,800
1809.3,800
1809.4,800
1809.5,800
1809.6,800
1809.7,800
1809.8,800
1809.9,800
1810,800
1810.1,800
1810.2,800
1810.3,800
1810.4,800
1810.5,800
1810.6,800
1810.7,800
1810.8,800
1810.9,800
1811,800
1811.1,800
1811.2,800
1811.3,800
1811.4,800
1811.5,800
1811.6,800
1811.7,800
1811.8,800
1811.9,800
1812,800
1812.1,800
1812.2,800
1812.3,800
1812.4,800
1812.5,800
1812.6,800
1812.7,800
1812.8,800
1812.9,800
1813,800
1813.1,800
1813.2,800
1813.3,800
1813.4,800
1813.5,800
1813.6,800
1813.7,800
1813.8,800
1813.9,800
1814,800
1814.1,800
1814.2,800
1814.3,800
1814.4,800
1814.5,800
1814.6,800
1814.7,800
1814.8,800
1814.9,800
1815,800
1815.1,800
1815.2,800
1815.3,800
1815.4,800
1815.5,800
1815.6,800
1815.7,800
1815.8,800
1815.9,800
1816,800
1816.1,800
1816.2,800
1816.3,800
1816.4,800
1816.5,800
1816.6,800
1816.7,800
1816.8,800
1816.9,800
1817,800
1817.1,800
1817.2,800
1817.3,800
1817.4,800
1817.5,800
1817.6,800
1817.7,800
1817.8,800
1817.9,800
1818,800
1818.1,800
1818.2,800
1818.3,800
1818.4,800
1818.5,800
1818.6,800
1818.7,800
1818.8,800
1818.9,800
1819,800
1819.1,800
1819.2,800
1819.3,800
1819.4,800
1819.5,800
1819.6,800
1819.7,800
1819.8,800
1819.9,800
1820,800
1820.1,800
1820.2,800
1820.3,800
1820.4,800
1820.5,800
1820.6,800
1820.7,800
1820.8,800
1820.9,800
1821,800
1821.1,800
1821.2,800
1821.3,800
1821.4,800
1821.5,800
1821.6,800
1821.7,800
1821.8,800
1821.9,800
1822,800
1822.1,800
1822.2,800
1822.3,800
1822.4,800
1822.5,800
1822.6,800
1822.7,800
1822.8,800
1822.9,800
1823,800
1823.1,800
1823.2,800
1823.3,800
1823.4,800
1823.5,800
1823.6,800
1823.7,800
1823.8,800
1823.9,800
1824,800
1824.1,800
1824.2,800
1824.3,800
1824.4,800
1824.5,800
1824.6,800
1824.7,800
1824.8,800
1824.9,800
1825,800
1825.1,800
1825.2,800
1825.3,800
1825.4,800
1825.5,800
1825.6,800
1825.7,800
1825.8,800
1825.9,800
1826,800
1826.1,800
1826.2,800
1826.3,800
1826.4,800
1826.5,800
1826.6,800
1826.7,800
1826.8,800
1826.9,800
1827,800
1827.1,800
1827.2,800
1827.3,800
1827.4,800
1827.5,800
1827.6,800
1827.7,800
1827.8,800
1827.9,800
1828,800
1828.1,800
1828.2,800
1828.3,800
1828.4,800
1828.5,800
1828.6,800
1828.7,800
1828.8,800
1828.9,800
1829,800
1829.1,800
1829.2,800
1829.3,800
1829.4,800
1829.5,800
1829.6,800
1829.7,800
1829.8,800
1829.9,800
1830,800
1830.1,800
1830.2,800
1830.3,800
1830.4,800
1830.5,800
1830.6,800
1830.7,800
1830.8,800
1830.9,800
1831,800
1831.1,800
1831.2,800
1831.3,800
1831.4,800
1831.5,800
1831.6,800
1831.7,800
1831.8,800
1831.9,800
1832,800
1832.1,800
1832.2,800
1832.3,800
1832.4,800
1832.5,800
1832.6,800
1832.7,800
1832.8,800
1832.9,800
1833,800
1833.1,800
1833.2,800
1833.3,800
1833.4,800
1833.5,800
1833.6,800
1833.7,800
1833.8,800
1833.9,800
1834,800
1834.1,800
1834.2,800
1834.3,800
1834.4,800
1834.5,800
1834.6,800
1834.7,800
1834.8,800
1834.9,800
1835,800
1835.1,800
1835.2,800
1835.3,800
1835.4,800
1835.5,800
1835.6,800
1835.7,800
1835.8,800
1835.9,800
1836,800
1836.1,800
1836.2,800
1836.3,800
1836.4,800
1836.5,800
1836.6,800
1836.7,800
1836.8,800
1836.9,800
1837,800
1837.1,800
1837.2,800
1837.3,800
1837.4,800
1837.5,800
1837.6,800
1837.7,800
1837.8,800
1837.9,800
1838,800
1838.1,800
1838.2,800
1838.3,800
1838.4,800
1838.5,800
1838.6,800
1838.7,800
1838.8,800
1838.9,800
1839,800
1839.1,800
1839.2,800
1839.3,800
1839.4,800
1839.5,800
1839.6,800
1839.7,800
1839.8,800
1839.9,800
1840,800
1840.1,800
1840.2,800
1840.3,800
1840.4,800
1840.5,800
1840.6,800
1840.7,800
1840.8,800
1840.9,800
1841,800
1841.1,800
1841.2,800
1841.3,800
1841.4,800
1841.5,800
1841.6,800
1841.7,800
1841.8,800
1841.9,800
1842,800
1842.1,800
1842.2,800
1842.3,800
1842.4,800
1842.5,800
1842.6,800
1842.7,800
1842.8,800
1842.9,800
1843,800
1843.1,800
1843.2,800
1843.3,800
1843.4,800
1843.5,800
1843.6,800
1843.7,800
1843.8,800
1843.9,800
1844,800
1844.1,800
1844.2,800
1844.3,800
1844.4,800
1844.5,800
1844.6,800
1844.7,800
1844.8,800
1844.9,800
1845,800
1845.1,800
1845.2,800
1845.3,800
1845.4,800
1845.5,800
1845.6,800
1845.7,800
1845.8,800
1845.9,800
1846,800
1846.1,800
1846.2,800
1846.3,800
1846.4,800
1846.5,800
1846.6,800
1846.7,800
1846.8,800
1846.9,800
1847,800
1847.1,800
1847.2,800
1847.3,800
1847.4,800
1847.5,800
1847.6,800
1847.7,800
1847.8,800
1847.9,800
1848,800
1848.1,800
1848.2,800
1848.3,800
1848.4,800
1848.5,800
1848.6,800
1848.7,800
1848.8,800
1848.9,800
1849,800
1849.1,800
1849.2,800
1849.3,800
1849.4,800
1849.5,800
1849.6,800
1849.7,800
1849.8,800
1849.9,800
1850,800
1850.1,800
1850.2,800
1850.3,800
1850.4,800
1850.5,800
1850.6,800
1850.7,800
1850.8,800
1850.9,800
1851,800
1851.1,800
1851.2,800
1851.3,800
1851.4,800
1851.5,800
1851.6,800
1851.7,800
1851.8,800
1851.9,800
1852,800
1852.1,800
1852.2,800
1852.3,800
1852.4,800
1852.5,800
1852.6,800
1852.7,800
1852.8,800
1852.9,800
1853,800
1853.1,800
1853.2,800
1853.3,800
1853.4,800
1853.5,800
1853.6,800
1853.7,800
1853.8,800
1853.9,800
1854,800
1854.1,800
1854.2,800
1854.3,800
1854.4,800
1854.5,800
1854.6,800
1854.7,800
1854.8,800
1854.9,800
1855,800
1855.1,800
1855.2,800
1855.3,800
1855.4,800
1855.5,800
1855.6,800
1855.7,800
1855.8,800
1855.9,800
1856,800
1856.1,800
1856.2,800
1856.3,800
1856.4,800
1856.5,800
1856.6,800
1856.7,800
1856.8,800
1856.9,800
1857,800
1857.1,800
1857.2,800
1857.3,800
1857.4,800
1857.5,800
1857.6,800
1857.7,800
1857.8,800
1857.9,800
1858,800
1858.1,800
1858.2,800
1858.3,800
1858.4,800
1858.5,800
1858.6,800
1858.7,800
1858.8,800
1858.9,800
1859,800
1859.1,800
1859.2,800
1859.3,800
1859.4,800
1859.5,800
1859.6,800
1859.7,800
1859.8,800
1859.9,800
1860,800
1860.1,800
1860.2,800
1860.3,800
1860.4,800
1860.5,800
1860.6,800
1860.7,800
1860.8,800
1860.9,800
1861,800
1861.1,800
1861.2,800
1861.3,800
1861.4,800
1861.5,800
1861.6,800
1861.7,800
1861.8,800
1861.9,800
1862,800
1862.1,800
1862.2,800
1862.3,800
1862.4,800
1862.5,800
1862.6,800
1862.7,800
1862.8,800
1862.9,800
1863,800
1863.1,800
1863.2,800
1863.3,800
1863.4,800
1863.5,800
1863.6,800
1863.7,800
1863.8,800
1863.9,800
1864,800
1864.1,800
1864.2,800
1864.3,800
1864.4,800
1864.5,800
1864.6,800
1864.7,800
1864.8,800
1864.9,800
1865,800
1865.1,800
1865.2,800
1865.3,800
1865.4,800
1865.5,800
1865.6,800
1865.7,800
1865.8,800
1865.9,800
1866,800
1866.1,800
1866.2,800
1866.3,800
1866.4,800
1866.5,800
1866.6,800
1866.7,800
1866.8,800
1866.9,800
1867,800
1867.1,800
1867.2,800
1867.3,800
1867.4,800
1867.5,800
1867.6,800
1867.7,800
1867.8,800
1867.9,800
1868,800
1868.1,800
1868.2,800
1868.3,800
1868.4,800
1868.5,800
1868.6,800
1868.7,800
1868.8,800
1868.9,800
1869,800
1869.1,800
1869.2,800
1869.3,800
1869.4,800
1869.5,800
1869.6,800
1869.7,800
1869.8,800
1869.9,800
1870,800
1870.1,800
1870.2,800
1870.3,800
1870.4,800
1870.5,800
1870.6,800
1870.7,800
1870.8,800
1870.9,800
1871,800
1871.1,800
1871.2,800
1871.3,800
1871.4,800
1871.5,800
1871.6,800
1871.7,800
1871.8,800
1871.9,800
1872,800
1872.1,800
1872.2,800
1872.3,800
1872.4,800
1872.5,800
1872.6,800
1872.7,800
1872.8,800
1872.9,800
1873,800
1873.1,800
1873.2,800
1873.3,800
1873.4,800
1873.5,800
1873.6,800
1873.7,800
1873.8,800
1873.9,800
1874,800
1874.1,800
1874.2,800
1874.3,800
1874.4,800
1874.5,800
1874.6,800
1874.7,800
1874.8,800
1874.9,800
1875,800
1875.1,800
1875.2,800
1875.3,800
1875.4,800
1875.5,800
1875.6,800
1875.7,800
1875.8,800
1875.9,800
1876,800
1876.1,800
1876.2,800
1876.3,800
1876.4,800
1876.5,800
1876.6,800
1876.7,800
1876.8,800
1876.9,800
1877,800
1877.1,800
1877.2,800
1877.3,800
1877.4,800
1877.5,800
1877.6,800
1877.7,800
1877.8,800
1877.9,800
1878,800
1878.1,800
1878.2,800
1878.3,800
1878.4,800
1878.5,800
1878.6,800
1878.7,800
1878.8,800
1878.9,800
1879,800
1879.1,800
1879.2,800
1879.3,800
1879.4,800
1879.5,800
1879.6,800
1879.7,800
1879.8,800
1879.9,800
1880,800
1880.1,800
1880.2,800
1880.3,800
1880.4,800
1880.5,800
1880.6,800
1880.7,800
1880.8,800
1880.9,800
1881,800
1881.1,800
1881.2,800
1881.3,800
1881.4,800
1881.5,800
1881.6,800
1881.7,800
1881.8,800
1881.9,800
1882,800
1882.1,800
1882.2,800
1882.3,800
1882.4,800
1882.5,800
1882.6,800
1882.7,800
1882.8,800
1882.9,800
1883,800
1883.1,800
1883.2,800
1883.3,800
1883.4,800
1883.5,800
1883.6,800
1883.7,800
1883.8,800
1883.9,800
1884,800
1884.1,800
1884.2,800
1884.3,800
1884.4,800
1884.5,800
1884.6,800
1884.7,800
1884.8,800
1884.9,800
1885,800
1885.1,800
1885.2,800
1885.3,800
1885.4,800
1885.5,800
1885.6,800
1885.7,800
1885.8,800
1885.9,800
1886,800
1886.1,800
1886.2,800
1886.3,800
1886.4,800
1886.5,800
1886.6,800
1886.7,800
1886.8,800
1886.9,800
1887,800
1887.1,800
1887.2,800
1887.3,800
1887.4,800
1887.5,800
1887.6,800
1887.7,800
1887.8,800
1887.9,800
1888,800
1888.1,800
1888.2,800
1888.3,800
1888.4,800
1888.5,800
1888.6,800
1888.7,800
1888.8,800
1888.9,800
1889,800
1889.1,800
1889.2,800
1889.3,800
1889.4,800
1889.5,800
1889.6,800
1889.7,800
1889.8,800
1889.9,800
1890,800
1890.1,800
1890.2,800
1890.3,800
1890.4,800
1890.5,800
1890.6,800
1890.7,800
1890.8,800
1890.9,800
1891,800
1891.1,800
1891.2,800
1891.3,800
1891.4,800
1891.5,800
1891.6,800
1891.7,800
1891.8,800
1891.9,800
1892,800
1892.1,800
1892.2,800
1892.3,800
1892.4,800
1892.5,800
1892.6,800
1892.7,800
1892.8,800
1892.9,800
1893,800
1893.1,800
1893.2,800
1893.3,800
1893.4,800
1893.5,800
1893.6,800
1893.7,800
1893.8,800
1893.9,800
1894,800
1894.1,800
1894.2,800
1894.3,800
1894.4,800
1894.5,800
1894.6,800
1894.7,800
1894.8,800
1894.9,800
1895,800
1895.1,800
1895.2,800
1895.3,800
1895.4,800
1895.5,800
1895.6,800
1895.7,800
1895.8,800
1895.9,800
1896,800
1896.1,800
1896.2,800
1896.3,800
1896.4,800
1896.5,800
1896.6,800
1896.7,800
1896.8,800
1896.9,800
1897,800
1897.1,800
1897.2,800
1897.3,800
1897.4,800
1897.5,800
1897.6,800
1897.7,800
1897.8,800
1897.9,800
1898,800
1898.1,800
1898.2,800
1898.3,800
1898.4,800
1898.5,800
1898.6,800
1898.7,800
1898.8,800
1898.9,800
1899,800
1899.1,800
1899.2,800
1899.3,800
1899.4,800
1899.5,800
1899.6,800
1899.7,800
1899.8,800
1899.9,800
1900,800
1900.1,800
1900.2,800
1900.3,800
1900.4,800
1900.5,800
1900.6,800
1900.7,800
1900.8,800
1900.9,800
1901,800
1901.1,800
1901.2,800
1901.3,800
1901.4,800
1901.5,800
1901.6,800
1901.7,800
1901.8,800
1901.9,800
1902,800
1902.1,800
1902.2,800
1902.3,800
1902.4,800
1902.5,800
1902.6,800
1902.7,800
1902.8,800
1902.9,800
1903,800
1903.1,800
1903.2,800
1903.3,800
1903.4,800
1903.5,800
1903.6,800
1903.7,800
1903.8,800
1903.9,800
1904,800
1904.1,800
1904.2,800
1904.3,800
1904.4,800
1904.5,800
1904.6,800
1904.7,800
1904.8,800
1904.9,800
1905,800
1905.1,800
1905.2,800
1905.3,800
1905.4,800
1905.5,800
1905.6,800
1905.7,800
1905.8,800
1905.9,800
1906,800
1906.1,800
1906.2,800
1906.3,800
1906.4,800
1906.5,800
1906.6,800
1906.7,800
1906.8,800
1906.9,800
1907,800
1907.1,800
1907.2,800
1907.3,800
1907.4,800
1907.5,800
1907.6,800
1907.7,800
1907.8,800
1907.9,800
1908,800
1908.1,800
1908.2,800
1908.3,800
1908.4,800
1908.5,800
1908.6,800
1908.7,800
1908.8,800
1908.9,800
1909,800
1909.1,800
1909.2,800
1909.3,800
1909.4,800
1909.5,800
1909.6,800
1909.7,800
1909.8,800
1909.9,800
1910,800
1910.1,800
1910.2,800
1910.3,800
1910.4,800
1910.5,800
1910.6,800
1910.7,800
1910.8,800
1910.9,800
1911,800
1911.1,800
1911.2,800
1911.3,800
1911.4,800
1911.5,800
1911.6,800
1911.7,800
1911.8,800
1911.9,800
1912,800
1912.1,800
1912.2,800
1912.3,800
1912.4,800
1912.5,800
1912.6,800
1912.7,800
1912.8,800
1912.9,800
1913,800
1913.1,800
1913.2,800
1913.3,800
1913.4,800
1913.5,800
1913.6,800
1913.7,800
1913.8,800
1913.9,800
1914,800
1914.1,800
1914.2,800
1914.3,800
1914.4,800
1914.5,800
1914.6,800
1914.7,800
1914.8,800
1914.9,800
1915,800
1915.1,800
1915.2,800
1915.3,800
1915.4,800
1915.5,800
1915.6,800
1915.7,800
1915.8,800
1915.9,800
1916,800
1916.1,800
1916.2,800
1916.3,800
1916.4,800
1916.5,800
1916.6,800
1916.7,800
1916.8,800
1916.9,800
1917,800
1917.1,800
1917.2,800
1917.3,800
1917.4,800
1917.5,800
1917.6,800
1917.7,800
1917.8,800
1917.9,800
1918,800
1918.1,800
1918.2,800
1918.3,800
1918.4,800
1918.5,800
1918.6,800
1918.7,800
1918.8,800
1918.9,800
1919,800
1919.1,800
1919.2,800
1919.3,800
1919.4,800
1919.5,800
1919.6,800
1919.7,800
1919.8,800
1919.9,800
1920,800
1920.1,800
1920.2,800
1920.3,800
1920.4,800
1920.5,800
1920.6,800
1920.7,800
1920.8,800
1920.9,800
1921,800
1921.1,800
1921.2,800
1921.3,800
1921.4,800
1921.5,800
1921.6,800
1921.7,800
1921.8,800
1921.9,800
1922,800
1922.1,800
1922.2,800
1922.3,800
1922.4,800
1922.5,800
1922.6,800
1922.7,800
1922.8,800
1922.9,800
1923,800
1923.1,800
1923.2,800
1923.3,800
1923.4,800
1923.5,800
1923.6,800
1923.7,800
1923.8,800
1923.9,800
1924,800
1924.1,800
1924.2,800
1924.3,800
1924.4,800
1924.5,800
1924.6,800
1924.7,800
1924.8,800
1924.9,800
1925,800
1925.1,800
1925.2,800
1925.3,800
1925.4,800
1925.5,800
1925.6,800
1925.7,800
1925.8,800
1925.9,800
1926,800
1926.1,800
1926.2,800
1926.3,800
1926.4,800
1926.5,800
1926.6,800
1926.7,800
1926.8,800
1926.9,800
1927,800
1927.1,800
1927.2,800
1927.3,800
1927.4,800
1927.5,800
1927.6,800
1927.7,800
1927.8,800
1927.9,800
1928,800
1928.1,800
1928.2,800
1928.3,800
1928.4,800
1928.5,800
1928.6,800
1928.7,800
1928.8,800
1928.9,800
1929,800
1929.1,800
1929.2,800
1929.3,800
1929.4,800
1929.5,800
1929.6,800
1929.7,800
1929.8,800
1929.9,800
1930,800
1930.1,800
1930.2,800
1930.3,800
1930.4,800
1930.5,800
1930.6,800
1930.7,800
1930.8,800
1930.9,800
1931,800
1931.1,800
1931.2,800
1931.3,800
1931.4,800
1931.5,800
1931.6,800
1931.7,800
1931.8,800
1931.9,800
1932,800
1932.1,800
1932.2,800
1932.3,800
1932.4,800
1932.5,800
1932.6,800
1932.7,800
1932.8,800
1932.9,800
1933,800
1933.1,800
1933.2,800
1933.3,800
1933.4,800
1933.5,800
1933.6,800
1933.7,800
1933.8,800
1933.9,800
1934,800
1934.1,800
1934.2,800
1934.3,800
1934.4,800
1934.5,800
1934.6,800
1934.7,800
1934.8,800
1934.9,800
1935,800
1935.1,800
1935.2,800
1935.3,800
1935.4,800
1935.5,800
1935.6,800
1935.7,800
1935.8,800
1935.9,800
1936,800
1936.1,800
1936.2,800
1936.3,800
1936.4,800
1936.5,800
1936.6,800
1936.7,800
1936.8,800
1936.9,800
1937,800
1937.1,800
1937.2,800
1937.3,800
1937.4,800
1937.5,800
1937.6,800
1937.7,800
1937.8,800
1937.9,800
1938,800
1938.1,800
1938.2,800
1938.3,800
1938.4,800
1938.5,800
1938.6,800
1938.7,800
1938.8,800
1938.9,800
1939,800
1939.1,800
1939.2,800
1939.3,800
1939.4,800
1939.5,800
1939.6,800
1939.7,800
1939.8,800
1939.9,800
1940,800
1940.1,800
1940.2,800
1940.3,800
1940.4,800
1940.5,800
1940.6,800
1940.7,800
1940.8,800
1940.9,800
1941,800
1941.1,800
1941.2,800
1941.3,800
1941.4,800
1941.5,800
1941.6,800
1941.7,800
1941.8,800
1941.9,800
1942,800
1942.1,800
1942.2,800
1942.3,800
1942.4,800
1942.5,800
1942.6,800
1942.7,800
1942.8,800
1942.9,800
1943,800
1943.1,800
1943.2,800
1943.3,800
1943.4,800
1943.5,800
1943.6,800
1943.7,800
1943.8,800
1943.9,800
1944,800
1944.1,800
1944.2,800
1944.3,800
1944.4,800
1944.5,800
1944.6,800
1944.7,800
1944.8,800
1944.9,800
1945,800
1945.1,800
1945.2,800
1945.3,800
1945.4,800
1945.5,800
1945.6,800
1945.7,800
1945.8,800
1945.9,800
1946,800
1946.1,800
1946.2,800
1946.3,800
1946.4,800
1946.5,800
1946.6,800
1946.7,800
1946.8,800
1946.9,800
1947,800
1947.1,800
1947.2,800
1947.3,800
1947.4,800
1947.5,800
1947.6,800
1947.7,800
1947.8,800
1947.9,800
1948,800
1948.1,800
1948.2,800
1948.3,800
1948.4,800
1948.5,800
1948.6,800
1948.7,800
1948.8,800
1948.9,800
1949,800
1949.1,800
1949.2,800
1949.3,800
1949.4,800
1949.5,800
1949.6,800
1949.7,800
1949.8,800
1949.9,800
1950,800
1950.1,800
1950.2,800
1950.3,800
1950.4,800
1950.5,800
1950.6,800
1950.7,800
1950.8,800
1950.9,800
1951,800
1951.1,800
1951.2,800
1951.3,800
1951.4,800
1951.5,800
1951.6,800
1951.7,800
1951.8,800
1951.9,800
1952,800
1952.1,800
1952.2,800
1952.3,800
1952.4,800
1952.5,800
1952.6,800
1952.7,800
1952.8,800
1952.9,800
1953,800
1953.1,800
1953.2,800
1953.3,800
1953.4,800
1953.5,800
1953.6,800
1953.7,800
1953.8,800
1953.9,800
1954,800
1954.1,800
1954.2,800
1954.3,800
1954.4,800
1954.5,800
1954.6,800
1954.7,800
1954.8,800
1954.9,800
1955,800
1955.1,800
1955.2,800
1955.3,800
1955.4,800
1955.5,800
1955.6,800
1955.7,800
1955.8,800
1955.9,800
1956,800
1956.1,800
1956.2,800
1956.3,800
1956.4,800
1956.5,800
1956.6,800
1956.7,800
1956.8,800
1956.9,800
1957,800
1957.1,800
1957.2,800
1957.3,800
1957.4,800
1957.5,800
1957.6,800
1957.7,800
1957.8,800
1957.9,800
1958,800
1958.1,800
1958.2,800
1958.3,800
1958.4,800
1958.5,800
1958.6,800
1958.7,800
1958.8,800
1958.9,800
1959,800
1959.1,800
1959.2,800
1959.3,800
1959.4,800
1959.5,800
1959.6,800
1959.7,800
1959.8,800
1959.9,800
1960,800
1960.1,800
1960.2,800
1960.3,800
1960.4,800
1960.5,800
1960.6,800
1960.7,800
1960.8,800
1960.9,800
1961,800
1961.1,800
1961.2,800
1961.3,800
1961.4,800
1961.5,800
1961.6,800
1961.7,800
1961.8,800
1961.9,800
1962,800
1962.1,800
1962.2,800
1962.3,800
1962.4,800
1962.5,800
1962.6,800
1962.7,800
1962.8,800
1962.9,800
1963,800
1963.1,800
1963.2,800
1963.3,800
1963.4,800
1963.5,800
1963.6,800
1963.7,800
1963.8,800
1963.9,800
1964,800
1964.1,800
1964.2,800
1964.3,800
1964.4,800
1964.5,800
1964.6,800
1964.7,800
1964.8,800
1964.9,800
1965,800
1965.1,800
1965.2,800
1965.3,800
1965.4,800
1965.5,800
1965.6,800
1965.7,800
1965.8,800
1965.9,800
1966,800
1966.1,800
1966.2,800
1966.3,800
1966.4,800
1966.5,800
1966.6,800
1966.7,800
1966.8,800
1966.9,800
1967,800
1967.1,800
1967.2,800
1967.3,800
1967.4,800
1967.5,800
1967.6,800
1967.7,800
1967.8,800
1967.9,800
1968,800
1968.1,800
1968.2,800
1968.3,800
1968.4,800
1968.5,800
1968.6,800
1968.7,800
1968.8,800
1968.9,800
1969,800
1969.1,800
1969.2,800
1969.3,800
1969.4,800
1969.5,800
1969.6,800
1969.7,800
1969.8,800
1969.9,800
1970,800
1970.1,800
1970.2,800
1970.3,800
1970.4,800
1970.5,800
1970.6,800
1970.7,800
1970.8,800
1970.9,800
1971,800
1971.1,800
1971.2,800
1971.3,800
1971.4,800
1971.5,800
1971.6,800
1971.7,800
1971.8,800
1971.9,800
1972,800
1972.1,800
1972.2,800
1972.3,800
1972.4,800
1972.5,800
1972.6,800
1972.7,800
1972.8,800
1972.9,800
1973,800
1973.1,800
1973.2,800
1973.3,800
1973.4,800
1973.5,800
1973.6,800
1973.7,800
1973.8,800
1973.9,800
1974,800
1974.1,800
1974.2,800
1974.3,800
1974.4,800
1974.5,800
1974.6,800
1974.7,800
1974.8,800
1974.9,800
1975,800
1975.1,800
1975.2,800
1975.3,800
1975.4,800
1975.5,800
1975.6,800
1975.7,800
1975.8,800
1975.9,800
1976,800
1976.1,800
1976.2,800
1976.3,800
1976.4,800
1976.5,800
1976.6,800
1976.7,800
1976.8,800
1976.9,800
1977,800
1977.1,800
1977.2,800
1977.3,800
1977.4,800
1977.5,800
1977.6,800
1977.7,800
1977.8,800
1977.9,800
1978,800
1978.1,800
1978.2,800
1978.3,800
1978.4,800
1978.5,800
1978.6,800
1978.7,800
1978.8,800
1978.9,800
1979,800
1979.1,800
1979.2,800
1979.3,800
1979.4,800
1979.5,800
1979.6,800
1979.7,800
1979.8,800
1979.9,800
1980,800
1980.1,800
1980.2,800
1980.3,800
1980.4,800
1980.5,800
1980.6,800
1980.7,800
1980.8,800
1980.9,800
1981,800
1981.1,800
1981.2,800
1981.3,800
1981.4,800
1981.5,800
1981.6,800
1981.7,800
1981.8,800
1981.9,800
1982,800
1982.1,800
1982.2,800
1982.3,800
1982.4,800
1982.5,800
1982.6,800
1982.7,800
1982.8,800
1982.9,800
1983,800
1983.1,800
1983.2,800
1983.3,800
1983.4,800
1983.5,800
1983.6,800
1983.7,800
1983.8,800
1983.9,800
1984,800
1984.1,800
1984.2,800
1984.3,800
1984.4,800
1984.5,800
1984.6,800
1984.7,800
1984.8,800
1984.9,800
1985,800
1985.1,800
1985.2,800
1985.3,800
1985.4,800
1985.5,800
1985.6,800
1985.7,800
1985.8,800
1985.9,800
1986,800
1986.1,800
1986.2,800
1986.3,800
1986.4,800
1986.5,800
1986.6,800
1986.7,800
1986.8,800
1986.9,800
1987,800
1987.1,800
1987.2,800
1987.3,800
1987.4,800
1987.5,800
1987.6,800
1987.7,800
1987.8,800
1987.9,800
1988,800
1988.1,800
1988.2,800
1988.3,800
1988.4,800
1988.5,800
1988.6,800
1988.7,800
1988.8,800
1988.9,800
1989,800
1989.1,800
1989.2,800
1989.3,800
1989.4,800
1989.5,800
1989.6,800
1989.7,800
1989.8,800
1989.9,800
1990,800
1990.1,800
1990.2,800
1990.3,800
1990.4,800
1990.5,800
1990.6,800
1990.7,800
1990.8,800
1990.9,800
1991,800
1991.1,800
1991.2,800
1991.3,800
1991.4,800
1991.5,800
1991.6,800
1991.7,800
1991.8,800
1991.9,800
1992,800
1992.1,800
1992.2,800
1992.3,800
1992.4,800
1992.5,800
1992.6,800
1992.7,800
1992.8,800
1992.9,800
1993,800
1993.1,800
1993.2,800
1993.3,800
1993.4,800
1993.5,800
1993.6,800
1993.7,800
1993.8,800
1993.9,800
1994,800
1994.1,800
1994.2,800
1994.3,800
1994.4,800
1994.5,800
1994.6,800
1994.7,800
1994.8,800
1994.9,800
1995,800
1995.1,800
1995.2,800
1995.3,800
1995.4,800
1995.5,800
1995.6,800
1995.7,800
1995.8,800
1995.9,800
1996,800
1996.1,800
1996.2,800
1996.3,800
1996.4,800
1996.5,800
1996.6,800
1996.7,800
1996.8,800
1996.9,800
1997,800
1997.1,800
1997.2,800
1997.3,800
1997.4,800
1997.5,800
1997.6,800
1997.7,800
1997.8,800
1997.9,800
1998,800
1998.1,800
1998.2,800
1998.3,800
1998.4,800
1998.5,800
1998.6,800
1998.7,800
1998.8,800
1998.9,800
1999,800
1999.1,800
1999.2,800
1999.3,800
1999.4,800
1999.5,800
1999.6,800
1999.7,800
1999.8,800
1999.9,800
2000,800
2000.1,800
2000.2,800
2000.3,800
2000.4,800
2000.5,800
2000.6,800
2000.7,800
2000.8,800
2000.9,800
2001,800
2001.1,800
2001.2,800
2001.3,800
2001.4,800
2001.5,800
2001.6,800
2001.7,800
2001.8,800
2001.9,800
2002,800
2002.1,800
2002.2,800
2002.3,800
2002.4,800
2002.5,800
2002.6,800
2002.7,800
2002.8,800
2002.9,800
2003,800
2003.1,800
2003.2,800
2003.3,800
2003.4,800
2003.5,800
2003.6,800
2003.7,800
2003.8,800
2003.9,800
2004,800
2004.1,800
2004.2,800
2004.3,800
2004.4,800
2004.5,800
2004.6,800
2004.7,800
2004.8,800
2004.9,800
2005,800
2005.1,800
2005.2,800
2005.3,800
2005.4,800
2005.5,800
2005.6,800
2005.7,800
2005.8,800
2005.9,800
2006,800
2006.1,800
2006.2,800
2006.3,800
2006.4,800
2006.5,800
2006.6,800
2006.7,800
2006.8,800
2006.9,800
2007,800
2007.1,800
2007.2,800
2007.3,800
2007.4,800
2007.5,800
2007.6,800
2007.7,800
2007.8,800
2007.9,800
2008,800
2008.1,800
2008.2,800
2008.3,800
2008.4,800
2008.5,800
2008.6,800
2008.7,800
2008.8,800
2008.9,800
2009,800
2009.1,800
2009.2,800
2009.3,800
2009.4,800
2009.5,800
2009.6,800
2009.7,800
2009.8,800
2009.9,800
2010,800
2010.1,800
2010.2,800
2010.3,800
2010.4,800
2010.5,800
2010.6,800
2010.7,800
2010.8,800
2010.9,800
2011,800
2011.1,800
2011.2,800
2011.3,800
2011.4,800
2011.5,800
2011.6,800
2011.7,800
2011.8,800
2011.9,800
2012,800
2012.1,800
2012.2,800
2012.3,800
2012.4,800
2012.5,800
2012.6,800
2012.7,800
2012.8,800
2012.9,800
2013,800
2013.1,800
2013.2,800
2013.3,800
2013.4,800
2013.5,800
2013.6,800
2013.7,800
2013.8,800
2013.9,800
2014,800
2014.1,800
2014.2,800
2014.3,800
2014.4,800
2014.5,800
2014.6,800
2014.7,800
2014.8,800
2014.9,800
2015,800
2015.1,800
2015.2,800
2015.3,800
2015.4,800
2015.5,800
2015.6,800
2015.7,800
2015.8,800
2015.9,800
2016,800
2016.1,800
2016.2,800
2016.3,800
2016.4,800
2016.5,800
2016.6,800
2016.7,800
2016.8,800
2016.9,800
2017,800
2017.1,800
2017.2,800
2017.3,800
2017.4,800
2017.5,800
2017.6,800
2017.7,800
2017.8,800
2017.9,800
2018,800
2018.1,800
2018.2,800
2018.3,800
2018.4,800
2018.5,800
2018.6,800
2018.7,800
2018.8,800
2018.9,800
2019,800
2019.1,800
2019.2,800
2019.3,800
2019.4,800
2019.5,800
2019.6,800
2019.7,800
2019.8,800
2019.9,800
2020,800
2020.1,800
2020.2,800
2020.3,800
2020.4,800
2020.5,800
2020.6,800
2020.7,800
2020.8,800
2020.9,800
2021,800
2021.1,800
2021.2,800
2021.3,800
2021.4,800
2021.5,800
2021.6,800
2021.7,800
2021.8,800
2021.9,800
2022,800
2022.1,800
2022.2,800
2022.3,800
2022.4,800
2022.5,800
2022.6,800
2022.7,800
2022.8,800
2022.9,800
2023,800
2023.1,800
2023.2,800
2023.3,800
2023.4,800
2023.5,800
2023.6,800
2023.7,800
2023.8,800
2023.9,800
2024,800
2024.1,800
2024.2,800
2024.3,800
2024.4,800
2024.5,800
2024.6,800
2024.7,800
2024.8,800
2024.9,800
2025,800
2025.1,800
2025.2,800
2025.3,800
2025.4,800
2025.5,800
2025.6,800
2025.7,800
2025.8,800
2025.9,800
2026,800
2026.1,800
2026.2,800
2026.3,800
2026.4,800
2026.5,800
2026.6,800
2026.7,800
2026.8,800
2026.9,800
2027,800
2027.1,800
2027.2,800
2027.3,800
2027.4,800
2027.5,800
2027.6,800
2027.7,800
2027.8,800
2027.9,800
2028,800
2028.1,800
2028.2,800
2028.3,800
2028.4,800
2028.5,800
2028.6,800
2028.7,800
2028.8,800
2028.9,800
2029,800
2029.1,800
2029.2,800
2029.3,800
2029.4,800
2029.5,800
2029.6,800
2029.7,800
2029.8,800
2029.9,800
2030,800
2030.1,800
2030.2,800
2030.3,800
2030.4,800
2030.5,800
2030.6,800
2030.7,800
2030.8,800
2030.9,800
2031,800
2031.1,800
2031.2,800
2031.3,800
2031.4,800
2031.5,800
2031.6,800
2031.7,800
2031.8,800
2031.9,800
2032,800
2032.1,800
2032.2,800
2032.3,800
2032.4,800
2032.5,800
2032.6,800
2032.7,800
2032.8,800
2032.9,800
2033,800
2033.1,800
2033.2,800
2033.3,800
2033.4,800
2033.5,800
2033.6,800
2033.7,800
2033.8,800
2033.9,800
2034,800
2034.1,800
2034.2,800
2034.3,800
2034.4,800
2034.5,800
2034.6,800
2034.7,800
2034.8,800
2034.9,800
2035,800
2035.1,800
2035.2,800
2035.3,800
2035.4,800
2035.5,800
2035.6,800
2035.7,800
2035.8,800
2035.9,800
2036,800
2036.1,800
2036.2,800
2036.3,800
2036.4,800
2036.5,800
2036.6,800
2036.7,800
2036.8,800
2036.9,800
2037,800
2037.1,800
2037.2,800
2037.3,800
2037.4,800
2037.5,800
2037.6,800
2037.7,800
2037.8,800
2037.9,800
2038,800
2038.1,800
2038.2,800
2038.3,800
2038.4,800
2038.5,800
2038.6,800
2038.7,800
2038.8,800
2038.9,800
2039,800
2039.1,800
2039.2,800
2039.3,800
2039.4,800
2039.5,800
2039.6,800
2039.7,800
2039.8,800
2039.9,800
2040,800
2040.1,800
2040.2,800
2040.3,800
2040.4,800
2040.5,800
2040.6,800
2040.7,800
2040.8,800
2040.9,800
2041,800
2041.1,800
2041.2,800
2041.3,800
2041.4,800
2041.5,800
2041.6,800
2041.7,800
2041.8,800
2041.9,800
2042,800
2042.1,800
2042.2,800
2042.3,800
2042.4,800
2042.5,800
2042.6,800
2042.7,800
2042.8,800
2042.9,800
2043,800
2043.1,800
2043.2,800
2043.3,800
2043.4,800
2043.5,800
2043.6,800
2043.7,800
2043.8,800
2043.9,800
2044,800
2044.1,800
2044.2,800
2044.3,800
2044.4,800
2044.5,800
2044.6,800
2044.7,800
2044.8,800
2044.9,800
2045,800
2045.1,800
2045.2,800
2045.3,800
2045.4,800
2045.5,800
2045.6,800
2045.7,800
2045.8,800
2045.9,800
2046,800
2046.1,800
2046.2,800
2046.3,800
2046.4,800
2046.5,800
2046.6,800
2046.7,800
2046.8,800
2046.9,800
2047,800
2047.1,800
2047.2,800
2047.3,800
2047.4,800
2047.5,800
2047.6,800
2047.7,800
2047.8,800
2047.9,800
2048,800
2048.1,800
2048.2,800
2048.3,800
2048.4,800
2048.5,800
2048.6,800
2048.7,800
2048.8,800
2048.9,800
2049,800
2049.1,800
2049.2,800
2049.3,800
2049.4,800
2049.5,800
2049.6,800
2049.7,800
2049.8,800
2049.9,800
2050,800
2050.1,800
2050.2,800
2050.3,800
2050.4,800
2050.5,800
2050.6,800
2050.7,800
2050.8,800
2050.9,800
2051,800
2051.1,800
2051.2,800
2051.3,800
2051.4,800
2051.5,800
2051.6,800
2051.7,800
2051.8,800
2051.9,800
2052,800
2052.1,800
2052.2,800
2052.3,800
2052.4,800
2052.5,800
2052.6,800
2052.7,800
2052.8,800
2052.9,800
2053,800
2053.1,800
2053.2,800
2053.3,800
2053.4,800
2053.5,800
2053.6,800
2053.7,800
2053.8,800
2053.9,800
2054,800
2054.1,800
2054.2,800
2054.3,800
2054.4,800
2054.5,800
2054.6,800
2054.7,800
2054.8,800
2054.9,800
2055,800
2055.1,800
2055.2,800
2055.3,800
2055.4,800
2055.5,800
2055.6,800
2055.7,800
2055.8,800
2055.9,800
2056,800
2056.1,800
2056.2,800
2056.3,800
2056.4,800
2056.5,800
2056.6,800
2056.7,800
2056.8,800
2056.9,800
2057,800
2057.1,800
2057.2,800
2057.3,800
2057.4,800
2057.5,800
2057.6,800
2057.7,800
2057.8,800
2057.9,800
2058,800
2058.1,800
2058.2,800
2058.3,800
2058.4,800
2058.5,800
2058.6,800
2058.7,800
2058.8,800
2058.9,800
2059,800
2059.1,800
2059.2,800
2059.3,800
2059.4,800
2059.5,800
2059.6,800
2059.7,800
2059.8,800
2059.9,800
2060,800
2060.1,800
2060.2,800
2060.3,800
2060.4,800
2060.5,800
2060.6,800
2060.7,800
2060.8,800
2060.9,800
2061,800
2061.1,800
2061.2,800
2061.3,800
2061.4,800
2061.5,800
2061.6,800
2061.7,800
2061.8,800
2061.9,800
2062,800
2062.1,800
2062.2,800
2062.3,800
2062.4,800
2062.5,800
2062.6,800
2062.7,800
2062.8,800
2062.9,800
2063,800
2063.1,800
2063.2,800
2063.3,800
2063.4,800
2063.5,800
2063.6,800
2063.7,800
2063.8,800
2063.9,800
2064,800
2064.1,800
2064.2,800
2064.3,800
2064.4,800
2064.5,800
2064.6,800
2064.7,800
2064.8,800
2064.9,800
2065,800
2065.1,800
2065.2,800
2065.3,800
2065.4,800
2065.5,800
2065.6,800
2065.7,800
2065.8,800
2065.9,800
2066,800
2066.1,800
2066.2,800
2066.3,800
2066.4,800
2066.5,800
2066.6,800
2066.7,800
2066.8,800
2066.9,800
2067,800
2067.1,800
2067.2,800
2067.3,800
2067.4,800
2067.5,800
2067.6,800
2067.7,800
2067.8,800
2067.9,800
2068,800
2068.1,800
2068.2,800
2068.3,800
2068.4,800
2068.5,800
2068.6,800
2068.7,800
2068.8,800
2068.9,800
2069,800
2069.1,800
2069.2,800
2069.3,800
2069.4,800
2069.5,800
2069.6,800
2069.7,800
2069.8,800
2069.9,800
2070,800
2070.1,800
2070.2,800
2070.3,800
2070.4,800
2070.5,800
2070.6,800
2070.7,800
2070.8,800
2070.9,800
2071,800
2071.1,800
2071.2,800
2071.3,800
2071.4,800
2071.5,800
2071.6,800
2071.7,800
2071.8,800
2071.9,800
2072,800
2072.1,800
2072.2,800
2072.3,800
2072.4,800
2072.5,800
2072.6,800
2072.7,800
2072.8,800
2072.9,800
2073,800
2073.1,800
2073.2,800
2073.3,800
2073.4,800
2073.5,800
2073.6,800
2073.7,800
2073.8,800
2073.9,800
2074,800
2074.1,800
2074.2,800
2074.3,800
2074.4,800
2074.5,800
2074.6,800
2074.7,800
2074.8,800
2074.9,800
2075,800
2075.1,800
2075.2,800
2075.3,800
2075.4,800
2075.5,800
2075.6,800
2075.7,800
2075.8,800
2075.9,800
2076,800
2076.1,800
2076.2,800
2076.3,800
2076.4,800
2076.5,800
2076.6,800
2076.7,800
2076.8,800
2076.9,800
2077,800
2077.1,800
2077.2,800
2077.3,800
2077.4,800
2077.5,800
2077.6,800
2077.7,800
2077.8,800
2077.9,800
2078,800
2078.1,800
2078.2,800
2078.3,800
2078.4,800
2078.5,800
2078.6,800
2078.7,800
2078.8,800
2078.9,800
2079,800
2079.1,800
2079.2,800
2079.3,800
2079.4,800
2079.5,800
2079.6,800
2079.7,800
2079.8,800
2079.9,800
2080,800
2080.1,800
2080.2,800
2080.3,800
2080.4,800
2080.5,800
2080.6,800
2080.7,800
2080.8,800
2080.9,800
2081,800
2081.1,800
2081.2,800
2081.3,800
2081.4,800
2081.5,800
2081.6,800
2081.7,800
2081.8,800
2081.9,800
2082,800
2082.1,800
2082.2,800
2082.3,800
2082.4,800
2082.5,800
2082.6,800
2082.7,800
2082.8,800
2082.9,800
2083,800
2083.1,800
2083.2,800
2083.3,800
2083.4,800
2083.5,800
2083.6,800
2083.7,800
2083.8,800
2083.9,800
2084,800
2084.1,800
2084.2,800
2084.3,800
2084.4,800
2084.5,800
2084.6,800
2084.7,800
2084.8,800
2084.9,800
2085,800
2085.1,800
2085.2,800
2085.3,800
2085.4,800
2085.5,800
2085.6,800
2085.7,800
2085.8,800
2085.9,800
2086,800
2086.1,800
2086.2,800
2086.3,800
2086.4,800
2086.5,800
2086.6,800
2086.7,800
2086.8,800
2086.9,800
2087,800
2087.1,800
2087.2,800
2087.3,800
2087.4,800
2087.5,800
2087.6,800
2087.7,800
2087.8,800
2087.9,800
2088,800
2088.1,800
2088.2,800
2088.3,800
2088.4,800
2088.5,800
2088.6,800
2088.7,800
2088.8,800
2088.9,800
2089,800
2089.1,800
2089.2,800
2089.3,800
2089.4,800
2089.5,800
2089.6,800
2089.7,800
2089.8,800
2089.9,800
2090,800
2090.1,800
2090.2,800
2090.3,800
2090.4,800
2090.5,800
2090.6,800
2090.7,800
2090.8,800
2090.9,800
2091,800
2091.1,800
2091.2,800
2091.3,800
2091.4,800
2091.5,800
2091.6,800
2091.7,800
2091.8,800
2091.9,800
2092,800
2092.1,800
2092.2,800
2092.3,800
2092.4,800
2092.5,800
2092.6,800
2092.7,800
2092.8,800
2092.9,800
2093,800
2093.1,800
2093.2,800
2093.3,800
2093.4,800
2093.5,800
2093.6,800
2093.7,800
2093.8,800
2093.9,800
2094,800
2094.1,800
2094.2,800
2094.3,800
2094.4,800
2094.5,800
2094.6,800
2094.7,800
2094.8,800
2094.9,800
2095,800
2095.1,800
2095.2,800
2095.3,800
2095.4,800
2095.5,800
2095.6,800
2095.7,800
2095.8,800
2095.9,800
2096,800
2096.1,800
2096.2,800
2096.3,800
2096.4,800
2096.5,800
2096.6,800
2096.7,800
2096.8,800
2096.9,800
2097,800
2097.1,800
2097.2,800
2097.3,800
2097.4,800
2097.5,800
2097.6,800
2097.7,800
2097.8,800
2097.9,800
2098,800
2098.1,800
2098.2,800
2098.3,800
2098.4,800
2098.5,800
2098.6,800
2098.7,800
2098.8,800
2098.9,800
2099,800
2099.1,800
2099.2,800
2099.3,800
2099.4,800
2099.5,800
2099.6,800
2099.7,800
2099.8,800
2099.9,800
2100,800
2100.1,800
2100.2,800
2100.3,800
2100.4,800
2100.5,800
2100.6,800
2100.7,800
2100.8,800
2100.9,800
2101,800
2101.1,800
2101.2,800
2101.3,800
2101.4,800
2101.5,800
2101.6,800
2101.7,800
2101.8,800
2101.9,800
2102,800
2102.1,800
2102.2,800
2102.3,800
2102.4,800
2102.5,800
2102.6,800
2102.7,800
2102.8,800
2102.9,800
2103,800
2103.1,800
2103.2,800
2103.3,800
2103.4,800
2103.5,800
2103.6,800
2103.7,800
2103.8,800
2103.9,800
2104,800
2104.1,800
2104.2,800
2104.3,800
2104.4,800
2104.5,800
2104.6,800
2104.7,800
2104.8,800
2104.9,800
2105,800
2105.1,800
2105.2,800
2105.3,800
2105.4,800
2105.5,800
2105.6,800
2105.7,800
2105.8,800
2105.9,800
2106,800
2106.1,800
2106.2,800
2106.3,800
2106.4,800
2106.5,800
2106.6,800
2106.7,800
2106.8,800
2106.9,800
2107,800
2107.1,800
2107.2,800
2107.3,800
2107.4,800
2107.5,800
2107.6,800
2107.7,800
2107.8,800
2107.9,800
2108,800
2108.1,800
2108.2,800
2108.3,800
2108.4,800
2108.5,800
2108.6,800
2108.7,800
2108.8,800
2108.9,800
2109,800
2109.1,800
2109.2,800
2109.3,800
2109.4,800
2109.5,800
2109.6,800
2109.7,800
2109.8,800
2109.9,800
2110,800
2110.1,800
2110.2,800
2110.3,800
2110.4,800
2110.5,800
2110.6,800
2110.7,800
2110.8,800
2110.9,800
2111,800
2111.1,800
2111.2,800
2111.3,800
2111.4,800
2111.5,800
2111.6,800
2111.7,800
2111.8,800
2111.9,800
2112,800
2112.1,800
2112.2,800
2112.3,800
2112.4,800
2112.5,800
2112.6,800
2112.7,800
2112.8,800
2112.9,800
2113,800
2113.1,800
2113.2,800
2113.3,800
2113.4,800
2113.5,800
2113.6,800
2113.7,800
2113.8,800
2113.9,800
2114,800
2114.1,800
2114.2,800
2114.3,800
2114.4,800
2114.5,800
2114.6,800
2114.7,800
2114.8,800
2114.9,800
2115,800
2115.1,800
2115.2,800
2115.3,800
2115.4,800
2115.5,800
2115.6,800
2115.7,800
2115.8,800
2115.9,800
2116,800
2116.1,800
2116.2,800
2116.3,800
2116.4,800
2116.5,800
2116.6,800
2116.7,800
2116.8,800
2116.9,800
2117,800
2117.1,800
2117.2,800
2117.3,800
2117.4,800
2117.5,800
2117.6,800
2117.7,800
2117.8,800
2117.9,800
2118,800
2118.1,800
2118.2,800
2118.3,800
2118.4,800
2118.5,800
2118.6,800
2118.7,800
2118.8,800
2118.9,800
2119,800
2119.1,800
2119.2,800
2119.3,800
2119.4,800
2119.5,800
2119.6,800
2119.7,800
2119.8,800
2119.9,800
2120,800
2120.1,800
2120.2,800
2120.3,800
2120.4,800
2120.5,800
2120.6,800
2120.7,800
2120.8,800
2120.9,800
2121,800
2121.1,800
2121.2,800
2121.3,800
2121.4,800
2121.5,800
2121.6,800
2121.7,800
2121.8,800
2121.9,800
2122,800
2122.1,800
2122.2,800
2122.3,800
2122.4,800
2122.5,800
2122.6,800
2122.7,800
2122.8,800
2122.9,800
2123,800
2123.1,800
2123.2,800
2123.3,800
2123.4,800
2123.5,800
2123.6,800
2123.7,800
2123.8,800
2123.9,800
2124,800
2124.1,800
2124.2,800
2124.3,800
2124.4,800
2124.5,800
2124.6,800
2124.7,800
2124.8,800
2124.9,800
2125,800
2125.1,800
2125.2,800
2125.3,800
2125.4,800
2125.5,800
2125.6,800
2125.7,800
2125.8,800
2125.9,800
2126,800
2126.1,800
2126.2,800
2126.3,800
2126.4,800
2126.5,800
2126.6,800
2126.7,800
2126.8,800
2126.9,800
2127,800
2127.1,800
2127.2,800
2127.3,800
2127.4,800
2127.5,800
2127.6,800
2127.7,800
2127.8,800
2127.9,800
2128,800
2128.1,800
2128.2,800
2128.3,800
2128.4,800
2128.5,800
2128.6,800
2128.7,800
2128.8,800
2128.9,800
2129,800
2129.1,800
2129.2,800
2129.3,800
2129.4,800
2129.5,800
2129.6,800
2129.7,800
2129.8,800
2129.9,800
2130,800
2130.1,800
2130.2,800
2130.3,800
2130.4,800
2130.5,800
2130.6,800
2130.7,800
2130.8,800
2130.9,800
2131,800
2131.1,800
2131.2,800
2131.3,800
2131.4,800
2131.5,800
2131.6,800
2131.7,800
2131.8,800
2131.9,800
2132,800
2132.1,800
2132.2,800
2132.3,800
2132.4,800
2132.5,800
2132.6,800
2132.7,800
2132.8,800
2132.9,800
2133,800
2133.1,800
2133.2,800
2133.3,800
2133.4,800
2133.5,800
2133.6,800
2133.7,800
2133.8,800
2133.9,800
2134,800
2134.1,800
2134.2,800
2134.3,800
2134.4,800
2134.5,800
2134.6,800
2134.7,800
2134.8,800
2134.9,800
2135,800
2135.1,800
2135.2,800
2135.3,800
2135.4,800
2135.5,800
2135.6,800
2135.7,800
2135.8,800
2135.9,800
2136,800
2136.1,800
2136.2,800
2136.3,800
2136.4,800
2136.5,800
2136.6,800
2136.7,800
2136.8,800
2136.9,800
2137,800
2137.1,800
2137.2,800
2137.3,800
2137.4,800
2137.5,800
2137.6,800
2137.7,800
2137.8,800
2137.9,800
2138,800
2138.1,800
2138.2,800
2138.3,800
2138.4,800
2138.5,800
2138.6,800
2138.7,800
2138.8,800
2138.9,800
2139,800
2139.1,800
2139.2,800
2139.3,800
2139.4,800
2139.5,800
2139.6,800
2139.7,800
2139.8,800
2139.9,800
2140,800
2140.1,800
2140.2,800
2140.3,800
2140.4,800
2140.5,800
2140.6,800
2140.7,800
2140.8,800
2140.9,800
2141,800
2141.1,800
2141.2,800
2141.3,800
2141.4,800
2141.5,800
2141.6,800
2141.7,800
2141.8,800
2141.9,800
2142,800
2142.1,800
2142.2,800
2142.3,800
2142.4,800
2142.5,800
2142.6,800
2142.7,800
2142.8,800
2142.9,800
2143,800
2143.1,800
2143.2,800
2143.3,800
2143.4,800
2143.5,800
2143.6,800
2143.7,800
2143.8,800
2143.9,800
2144,800
2144.1,800
2144.2,800
2144.3,800
2144.4,800
2144.5,800
2144.6,800
2144.7,800
2144.8,800
2144.9,800
2145,800
2145.1,800
2145.2,800
2145.3,800
2145.4,800
2145.5,800
2145.6,800
2145.7,800
2145.8,800
2145.9,800
2146,800
2146.1,800
2146.2,800
2146.3,800
2146.4,800
2146.5,800
2146.6,800
2146.7,800
2146.8,800
2146.9,800
2147,800
2147.1,800
2147.2,800
2147.3,800
2147.4,800
2147.5,800
2147.6,800
2147.7,800
2147.8,800
2147.9,800
2148,800
2148.1,800
2148.2,800
2148.3,800
2148.4,800
2148.5,800
2148.6,800
2148.7,800
2148.8,800
2148.9,800
2149,800
2149.1,800
2149.2,800
2149.3,800
2149.4,800
2149.5,800
2149.6,800
2149.7,800
2149.8,800
2149.9,800
2150,800
2150.1,800
2150.2,800
2150.3,800
2150.4,800
2150.5,800
2150.6,800
2150.7,800
2150.8,800
2150.9,800
2151,800
2151.1,800
2151.2,800
2151.3,800
2151.4,800
2151.5,800
2151.6,800
2151.7,800
2151.8,800
2151.9,800
2152,800
2152.1,800
2152.2,800
2152.3,800
2152.4,800
2152.5,800
2152.6,800
2152.7,800
2152.8,800
2152.9,800
2153,800
2153.1,800
2153.2,800
2153.3,800
2153.4,800
2153.5,800
2153.6,800
2153.7,800
2153.8,800
2153.9,800
2154,800
2154.1,800
2154.2,800
2154.3,800
2154.4,800
2154.5,800
2154.6,800
2154.7,800
2154.8,800
2154.9,800
2155,800
2155.1,800
2155.2,800
2155.3,800
2155.4,800
2155.5,800
2155.6,800
2155.7,800
2155.8,800
2155.9,800
2156,800
2156.1,800
2156.2,800
2156.3,800
2156.4,800
2156.5,800
2156.6,800
2156.7,800
2156.8,800
2156.9,800
2157,800
2157.1,800
2157.2,800
2157.3,800
2157.4,800
2157.5,800
2157.6,800
2157.7,800
2157.8,800
2157.9,800
2158,800
2158.1,800
2158.2,800
2158.3,800
2158.4,800
2158.5,800
2158.6,800
2158.7,800
2158.8,800
2158.9,800
2159,800
2159.1,800
2159.2,800
2159.3,800
2159.4,800
2159.5,800
2159.6,800
2159.7,800
2159.8,800
2159.9,800
2160,800
2160.1,800
2160.2,800
2160.3,800
2160.4,800
2160.5,800
2160.6,800
2160.7,800
2160.8,800
2160.9,800
2161,800
2161.1,800
2161.2,800
2161.3,800
2161.4,800
2161.5,800
2161.6,800
2161.7,800
2161.8,800
2161.9,800
2162,800
2162.1,800
2162.2,800
2162.3,800
2162.4,800
2162.5,800
2162.6,800
2162.7,800
2162.8,800
2162.9,800
2163,800
2163.1,800
2163.2,800
2163.3,800
2163.4,800
2163.5,800
2163.6,800
2163.7,800
2163.8,800
2163.9,800
2164,800
2164.1,800
2164.2,800
2164.3,800
2164.4,800
2164.5,800
2164.6,800
2164.7,800
2164.8,800
2164.9,800
2165,800
2165.1,800
2165.2,800
2165.3,800
2165.4,800
2165.5,800
2165.6,800
2165.7,800
2165.8,800
2165.9,800
2166,800
2166.1,800
2166.2,800
2166.3,800
2166.4,800
2166.5,800
2166.6,800
2166.7,800
2166.8,800
2166.9,800
2167,800
2167.1,800
2167.2,800
2167.3,800
2167.4,800
2167.5,800
2167.6,800
2167.7,800
2167.8,800
2167.9,800
2168,800
2168.1,800
2168.2,800
2168.3,800
2168.4,800
2168.5,800
2168.6,800
2168.7,800
2168.8,800
2168.9,800
2169,800
2169.1,800
2169.2,800
2169.3,800
2169.4,800
2169.5,800
2169.6,800
2169.7,800
2169.8,800
2169.9,800
2170,800
2170.1,800
2170.2,800
2170.3,800
2170.4,800
2170.5,800
2170.6,800
2170.7,800
2170.8,800
2170.9,800
2171,800
2171.1,800
2171.2,800
2171.3,800
2171.4,800
2171.5,800
2171.6,800
2171.7,800
2171.8,800
2171.9,800
2172,800
2172.1,800
2172.2,800
2172.3,800
2172.4,800
2172.5,800
2172.6,800
2172.7,800
2172.8,800
2172.9,800
2173,800
2173.1,800
2173.2,800
2173.3,800
2173.4,800
2173.5,800
2173.6,800
2173.7,800
2173.8,800
2173.9,800
2174,800
2174.1,800
2174.2,800
2174.3,800
2174.4,800
2174.5,800
2174.6,800
2174.7,800
2174.8,800
2174.9,800
2175,800
2175.1,800
2175.2,800
2175.3,800
2175.4,800
2175.5,800
2175.6,800
2175.7,800
2175.8,800
2175.9,800
2176,800
2176.1,800
2176.2,800
2176.3,800
2176.4,800
2176.5,800
2176.6,800
2176.7,800
2176.8,800
2176.9,800
2177,800
2177.1,800
2177.2,800
2177.3,800
2177.4,800
2177.5,800
2177.6,800
2177.7,800
2177.8,800
2177.9,800
2178,800
2178.1,800
2178.2,800
2178.3,800
2178.4,800
2178.5,800
2178.6,800
2178.7,800
2178.8,800
2178.9,800
2179,800
2179.1,800
2179.2,800
2179.3,800
2179.4,800
2179.5,800
2179.6,800
2179.7,800
2179.8,800
2179.9,800
2180,800
2180.1,800
2180.2,800
2180.3,800
2180.4,800
2180.5,800
2180.6,800
2180.7,800
2180.8,800
2180.9,800
2181,800
2181.1,800
2181.2,800
2181.3,800
2181.4,800
2181.5,800
2181.6,800
2181.7,800
2181.8,800
2181.9,800
2182,800
2182.1,800
2182.2,800
2182.3,800
2182.4,800
2182.5,800
2182.6,800
2182.7,800
2182.8,800
2182.9,800
2183,800
2183.1,800
2183.2,800
2183.3,800
2183.4,800
2183.5,800
2183.6,800
2183.7,800
2183.8,800
2183.9,800
2184,800
2184.1,800
2184.2,800
2184.3,800
2184.4,800
2184.5,800
2184.6,800
2184.7,800
2184.8,800
2184.9,800
2185,800
2185.1,800
2185.2,800
2185.3,800
2185.4,800
2185.5,800
2185.6,800
2185.7,800
2185.8,800
2185.9,800
2186,800
2186.1,800
2186.2,800
2186.3,800
2186.4,800
2186.5,800
2186.6,800
2186.7,800
2186.8,800
2186.9,800
2187,800
2187.1,800
2187.2,800
2187.3,800
2187.4,800
2187.5,800
2187.6,800
2187.7,800
2187.8,800
2187.9,800
2188,800
2188.1,800
2188.2,800
2188.3,800
2188.4,800
2188.5,800
2188.6,800
2188.7,800
2188.8,800
2188.9,800
2189,800
2189.1,800
2189.2,800
2189.3,800
2189.4,800
2189.5,800
2189.6,800
2189.7,800
2189.8,800
2189.9,800
2190,800
2190.1,800
2190.2,800
2190.3,800
2190.4,800
2190.5,800
2190.6,800
2190.7,800
2190.8,800
2190.9,800
2191,800
2191.1,800
2191.2,800
2191.3,800
2191.4,800
2191.5,800
2191.6,800
2191.7,800
2191.8,800
2191.9,800
2192,800
2192.1,800
2192.2,800
2192.3,800
2192.4,800
2192.5,800
2192.6,800
2192.7,800
2192.8,800
2192.9,800
2193,800
2193.1,800
2193.2,800
2193.3,800
2193.4,800
2193.5,800
2193.6,800
2193.7,800
2193.8,800
2193.9,800
2194,800
2194.1,800
2194.2,800
2194.3,800
2194.4,800
2194.5,800
2194.6,800
2194.7,800
2194.8,800
2194.9,800
2195,800
2195.1,800
2195.2,800
2195.3,800
2195.4,800
2195.5,800
2195.6,800
2195.7,800
2195.8,800
2195.9,800
2196,800
2196.1,800
2196.2,800
2196.3,800
2196.4,800
2196.5,800
2196.6,800
2196.7,800
2196.8,800
2196.9,800
2197,800
2197.1,800
2197.2,800
2197.3,800
2197.4,800
2197.5,800
2197.6,800
2197.7,800
2197.8,800
2197.9,800
2198,800
2198.1,800
2198.2,800
2198.3,800
2198.4,800
2198.5,800
2198.6,800
2198.7,800
2198.8,800
2198.9,800
2199,800
2199.1,800
2199.2,800
2199.3,800
2199.4,800
2199.5,800
2199.6,800
2199.7,800
2199.8,800
2199.9,800
2200,800
2200.1,800
2200.2,800
2200.3,800
2200.4,800
2200.5,800
2200.6,800
2200.7,800
2200.8,800
2200.9,800
2201,800
2201.1,800
2201.2,800
2201.3,800
2201.4,800
2201.5,800
2201.6,800
2201.7,800
2201.8,800
2201.9,800
2202,800
2202.1,800
2202.2,800
2202.3,800
2202.4,800
2202.5,800
2202.6,800
2202.7,800
2202.8,800
2202.9,800
2203,800
2203.1,800
2203.2,800
2203.3,800
2203.4,800
2203.5,800
2203.6,800
2203.7,800
2203.8,800
2203.9,800
2204,800
2204.1,800
2204.2,800
2204.3,800
2204.4,800
2204.5,800
2204.6,800
2204.7,800
2204.8,800
2204.9,800
2205,800
2205.1,800
2205.2,800
2205.3,800
2205.4,800
2205.5,800
2205.6,800
2205.7,800
2205.8,800
2205.9,800
2206,800
2206.1,800
2206.2,800
2206.3,800
2206.4,800
2206.5,800
2206.6,800
2206.7,800
2206.8,800
2206.9,800
2207,800
2207.1,800
2207.2,800
2207.3,800
2207.4,800
2207.5,800
2207.6,800
2207.7,800
2207.8,800
2207.9,800
2208,800
2208.1,800
2208.2,800
2208.3,800
2208.4,800
2208.5,800
2208.6,800
2208.7,800
2208.8,800
2208.9,800
2209,800
2209.1,800
2209.2,800
2209.3,800
2209.4,800
2209.5,800
2209.6,800
2209.7,800
2209.8,800
2209.9,800
2210,800
2210.1,800
2210.2,800
2210.3,800
2210.4,800
2210.5,800
2210.6,800
2210.7,800
2210.8,800
2210.9,800
2211,800
2211.1,800
2211.2,800
2211.3,800
2211.4,800
2211.5,800
2211.6,800
2211.7,800
2211.8,800
2211.9,800
2212,800
2212.1,800
2212.2,800
2212.3,800
2212.4,800
2212.5,800
2212.6,800
2212.7,800
2212.8,800
2212.9,800
2213,800
2213.1,800
2213.2,800
2213.3,800
2213.4,800
2213.5,800
2213.6,800
2213.7,800
2213.8,800
2213.9,800
2214,800
2214.1,800
2214.2,800
2214.3,800
2214.4,800
2214.5,800
2214.6,800
2214.7,800
2214.8,800
2214.9,800
2215,800
2215.1,800
2215.2,800
2215.3,800
2215.4,800
2215.5,800
2215.6,800
2215.7,800
2215.8,800
2215.9,800
2216,800
2216.1,800
2216.2,800
2216.3,800
2216.4,800
2216.5,800
2216.6,800
2216.7,800
2216.8,800
2216.9,800
2217,800
2217.1,800
2217.2,800
2217.3,800
2217.4,800
2217.5,800
2217.6,800
2217.7,800
2217.8,800
2217.9,800
2218,800
2218.1,800
2218.2,800
2218.3,800
2218.4,800
2218.5,800
2218.6,800
2218.7,800
2218.8,800
2218.9,800
2219,800
2219.1,800
2219.2,800
2219.3,800
2219.4,800
2219.5,800
2219.6,800
2219.7,800
2219.8,800
2219.9,800
2220,800
2220.1,800
2220.2,800
2220.3,800
2220.4,800
2220.5,800
2220.6,800
2220.7,800
2220.8,800
2220.9,800
2221,800
2221.1,800
2221.2,800
2221.3,800
2221.4,800
2221.5,800
2221.6,800
2221.7,800
2221.8,800
2221.9,800
2222,800
2222.1,800
2222.2,800
2222.3,800
2222.4,800
2222.5,800
2222.6,800
2222.7,800
2222.8,800
2222.9,800
2223,800
2223.1,800
2223.2,800
2223.3,800
2223.4,800
2223.5,800
2223.6,800
2223.7,800
2223.8,800
2223.9,800
2224,800
2224.1,800
2224.2,800
2224.3,800
2224.4,800
2224.5,800
2224.6,800
2224.7,800
2224.8,800
2224.9,800
2225,800
2225.1,800
2225.2,800
2225.3,800
2225.4,800
2225.5,800
2225.6,800
2225.7,800
2225.8,800
2225.9,800
2226,800
2226.1,800
2226.2,800
2226.3,800
2226.4,800
2226.5,800
2226.6,800
2226.7,800
2226.8,800
2226.9,800
2227,800
2227.1,800
2227.2,800
2227.3,800
2227.4,800
2227.5,800
2227.6,800
2227.7,800
2227.8,800
2227.9,800
2228,800
2228.1,800
2228.2,800
2228.3,800
2228.4,800
2228.5,800
2228.6,800
2228.7,800
2228.8,800
2228.9,800
2229,800
2229.1,800
2229.2,800
2229.3,800
2229.4,800
2229.5,800
2229.6,800
2229.7,800
2229.8,800
2229.9,800
2230,800
2230.1,800
2230.2,800
2230.3,800
2230.4,800
2230.5,800
2230.6,800
2230.7,800
2230.8,800
2230.9,800
2231,800
2231.1,800
2231.2,800
2231.3,800
2231.4,800
2231.5,800
2231.6,800
2231.7,800
2231.8,800
2231.9,800
2232,800
2232.1,800
2232.2,800
2232.3,800
2232.4,800
2232.5,800
2232.6,800
2232.7,800
2232.8,800
2232.9,800
2233,800
2233.1,800
2233.2,800
2233.3,800
2233.4,800
2233.5,800
2233.6,800
2233.7,800
2233.8,800
2233.9,800
2234,800
2234.1,800
2234.2,800
2234.3,800
2234.4,800
2234.5,800
2234.6,800
2234.7,800
2234.8,800
2234.9,720
2235,640
2235.1,560
2235.2,480
2235.3,400
2235.4,320
2235.5,240
2235.6,160
2235.7,80
2235.8,0
2235.9,0
2236,0
2236.1,0
2236.2,0
2236.3,0
2236.4,0
2236.5,0
2236.6,0
2236.7,0
2236.8,0
2236.9,0
2237,0
2237.1,0
2237.2,0
2237.3,0
2237.4,0
2237.5,0
2237.6,0
2237.7,0
2237.8,0
2237.9,0
2238,0
2238.1,0
2238.2,0
2238.3,0
2238.4,0
2238.5,0
2238.6,0
2238.7,0
2238.8,0
2238.9,0
2239,0
2239.1,0
2239.2,0
2239.3,0
2239.4,0
2239.5,0
2239.6,0
2239.7,0
2239.8,0
2239.9,0
2240,0
2240.1,0
2240.2,0
2240.3,0
2240.4,0
2240.5,0
2240.6,0
2240.7,0
2240.8,0
2240.9,0
2241,0
2241.1,0
2241.2,0
2241.3,0
2241.4,0
2241.5,0
2241.6,0
2241.7,0
2241.8,0
2241.9,0
2242,0
2242.1,0
2242.2,0
2242.3,0
2242.4,0
2242.5,0
2242.6,0
2242.7,0
2242.8,0
2242.9,0
2243,0
2243.1,0
2243.2,0
2243.3,0
2243.4,0
2243.5,0
2243.6,0
2243.7,0
2243.8,0
2243.9,0
2244,0
2244.1,0
2244.2,0
2244.3,0
2244.4,0
2244.5,0
2244.6,0
2244.7,0
2244.8,0
2244.9,0
2245,0
2245.1,0
2245.2,0
2245.3,0
2245.4,0
2245.5,0
2245.6,0
2245.7,0
2245.8,0
2245.9,0
2246,0
2246.1,0
2246.2,0
2246.3,0
2246.4,0
2246.5,0
2246.6,0
2246.7,0
2246.8,0
2246.9,0
2247,0
2247.1,0
2247.2,0
2247.3,0
2247.4,0
2247.5,0
2247.6,0
2247.7,0
2247.8,0
2247.9,0
2248,0
2248.1,0
2248.2,0
2248.3,0
2248.4,0
2248.5,0
2248.6,0
2248.7,0
2248.8,0
2248.9,0
2249,0
2249.1,0
2249.2,0
2249.3,0
2249.4,0
2249.5,0
2249.6,0
2249.7,0
2249.8,0
2249.9,0
2250,0
2250.1,0
2250.2,0
2250.3,0
2250.4,0
2250.5,0
2250.6,0
2250.7,0
2250.8,0
2250.9,0
2251,0
2251.1,0
2251.2,0
2251.3,0
2251.4,0
2251.5,0
2251.6,0
2251.7,0
2251.8,0
2251.9,0
2252,0
2252.1,0
2252.2,0
2252.3,0
2252.4,0
2252.5,0
2252.6,0
2252.7,0
2252.8,0
2252.9,0
2253,0
2253.1,0
2253.2,0
2253.3,0
2253.4,0
2253.5,0
2253.6,0
2253.7,0
2253.8,0
2253.9,0
2254,0
2254.1,0
2254.2,0
2254.3,0
2254.4,0
2254.5,0
2254.6,0
2254.7,0
2254.8,0
2254.9,0
2255,0
2255.1,0
2255.2,0
2255.3,0
2255.4,0
2255.5,0
2255.6,0
2255.7,0
2255.8,0
2255.9,0
2256,0
2256.1,0
2256.2,0
2256.3,0
2256.4,0
2256.5,0
2256.6,0
2256.7,0
2256.8,0
2256.9,0
2257,0
2257.1,0
2257.2,0
2257.3,0
2257.4,0
2257.5,0
2257.6,0
2257.7,0
2257.8,0
2257.9,0
2258,0
2258.1,0
2258.2,0
2258.3,0
2258.4,0
2258.5,0
2258.6,0
2258.7,0
2258.8,0
2258.9,0
2259,0
2259.1,0
2259.2,0
2259.3,0
2259.4,0
2259.5,0
2259.6,0
2259.7,0
2259.8,0
2259.9,0
2260,0
2260.1,0
2260.2,0
2260.3,0
2260.4,0
2260.5,0
2260.6,0
2260.7,0
2260.8,0
2260.9,0
2261,0
2261.1,0
2261.2,0
2261.3,0
2261.4,0
2261.5,0
2261.6,0
2261.7,0
2261.8,0
2261.9,0
2262,0
2262.1,0
2262.2,0
2262.3,0
2262.4,0
2262.5,0
2262.6,0
2262.7,0
2262.8,0
2262.9,0
2263,0
2263.1,0
2263.2,0
2263.3,0
2263.4,0
2263.5,0
2263.6,0
2263.7,0
2263.8,0
2263.9,0
2264,0
2264.1,0
2264.2,0
2264.3,0
2264.4,0
2264.5,0
2264.6,0
2264.7,0
2264.8,0
2264.9,0
2265,0
2265.1,0
2265.2,0
2265.3,0
2265.4,0
2265.5,0
2265.6,0
2265.7,0
2265.8,0
2265.9,0
2266,0
2266.1,0
2266.2,0
2266.3,0
2266.4,0
2266.5,0
2266.6,0
2266.7,0
2266.8,0
2266.9,0
2267,0
2267.1,0
2267.2,0
2267.3,0
2267.4,0
2267.5,0
2267.6,0
2267.7,0
2267.8,0
2267.9,0
2268,0
2268.1,0
2268.2,0
2268.3,0
2268.4,0
2268.5,0
2268.6,0
2268.7,0
2268.8,0
2268.9,0
2269,0
2269.1,0
2269.2,0
2269.3,0
2269.4,0
2269.5,0
2269.6,0
2269.7,0
2269.8,0
2269.9,0
2270,0
2270.1,0
2270.2,0
2270.3,0
2270.4,0
2270.5,0
2270.6,0
2270.7,0
2270.8,0
2270.9,0
2271,0
2271.1,0
2271.2,0
2271.3,0
2271.4,0
2271.5,0
2271.6,0
2271.7,0
2271.8,0
2271.9,0
2272,0
2272.1,0
2272.2,0
2272.3,0
2272.4,0
2272.5,0
2272.6,0
2272.7,0
2272.8,0
2272.9,0
2273,0
2273.1,0
2273.2,0
2273.3,0
2273.4,0
2273.5,0
2273.6,0
2273.7,0
2273.8,0
2273.9,0
2274,0
2274.1,0
2274.2,0
2274.3,0
2274.4,0
2274.5,0
2274.6,0
2274.7,0
2274.8,0
2274.9,0
2275,0
2275.1,0
2275.2,0
2275.3,0
2275.4,0
2275.5,0
2275.6,0
2275.7,0
2275.8,0
2275.9,0
2276,0
2276.1,0
2276.2,0
2276.3,0
2276.4,0
2276.5,0
2276.6,0
2276.7,0
2276.8,0
2276.9,0
2277,0
2277.1,0
2277.2,0
2277.3,0
2277.4,0
2277.5,0
2277.6,0
2277.7,0
2277.8,0
2277.9,0
2278,0
2278.1,0
2278.2,0
2278.3,0
2278.4,0
2278.5,0
2278.6,0
2278.7,0
2278.8,0
2278.9,0
2279,0
2279.1,0
2279.2,0
2279.3,0
2279.4,0
2279.5,0
2279.6,0
2279.7,0
2279.8,0
2279.9,0
2280,0
2280.1,0
2280.2,0
2280.3,0
2280.4,0
2280.5,0
2280.6,0
2280.7,0
2280.8,0
2280.9,0
2281,0
2281.1,0
2281.2,0
2281.3,0
2281.4,0
2281.5,0
2281.6,0
2281.7,0
2281.8,0
2281.9,0
2282,0
2282.1,0
2282.2,0
2282.3,0
2282.4,0
2282.5,0
2282.6,0
2282.7,0
2282.8,0
2282.9,0
2283,0
2283.1,0
2283.2,0
2283.3,0
2283.4,0
2283.5,0
2283.6,0
2283.7,0
2283.8,0
2283.9,0
2284,0
2284.1,0
2284.2,0
2284.3,0
2284.4,0
2284.5,0
2284.6,0
2284.7,0
2284.8,0
2284.9,0
2285,0
2285.1,0
2285.2,0
2285.3,0
2285.4,0
2285.5,0
2285.6,0
2285.7,0
2285.8,0
2285.9,0
2286,0
2286.1,0
2286.2,0
2286.3,0
2286.4,0
2286.5,0
2286.6,0
2286.7,0
2286.8,0
2286.9,0
2287,0
2287.1,0
2287.2,0
2287.3,0
2287.4,0
2287.5,0
2287.6,0
2287.7,0
2287.8,0
2287.9,0
2288,0
2288.1,0
2288.2,0
2288.3,0
2288.4,0
2288.5,0
2288.6,0
2288.7,0
2288.8,0
2288.9,0
2289,0
2289.1,0
2289.2,0
2289.3,0
2289.4,0
2289.5,0
2289.6,0
2289.7,0
2289.8,0
2289.9,0
2290,0
2290.1,0
2290.2,0
2290.3,0
2290.4,0
2290.5,0
2290.6,0
2290.7,0
2290.8,0
2290.9,0
2291,0
2291.1,0
2291.2,0
2291.3,0
2291.4,0
2291.5,0
2291.6,0
2291.7,0
2291.8,0
2291.9,0
2292,0
2292.1,0
2292.2,0
2292.3,0
2292.4,0
2292.5,0
2292.6,0
2292.7,0
2292.8,0
2292.9,0
2293,0
2293.1,0
2293.2,0
2293.3,0
2293.4,0
2293.5,0
2293.6,0
2293.7,0
2293.8,0
2293.9,0
2294,0
2294.1,0
2294.2,0
2294.3,0
2294.4,0
2294.5,0
2294.6,0
2294.7,0
2294.8,0
2294.9,0
2295,0
2295.1,0
2295.2,0
2295.3,0
2295.4,0
2295.5,0
2295.6,0
2295.7,0
2295.8,0
2295.9,0
2296,0
2296.1,0
2296.2,0
2296.3,0
2296.4,0
2296.5,0
2296.6,0
2296.7,0
2296.8,0
2296.9,0
2297,0
2297.1,0
2297.2,0
2297.3,0
2297.4,0
2297.5,0
2297.6,0
2297.7,0
2297.8,0
2297.9,0
2298,0
2298.1,0
2298.2,0
2298.3,0
2298.4,0
2298.5,0
2298.6,0
2298.7,0
2298.8,0
2298.9,0
2299,0
2299.1,0
2299.2,0
2299.3,0
2299.4,0
2299.5,0
2299.6,0
2299.7,0
2299.8,0
2299.9,0
2300,0
2300.1,0
2300.2,0
2300.3,0
2300.4,0
2300.5,0
2300.6,0
2300.7,0
2300.8,0
2300.9,0
2301,0
2301.1,0
2301.2,0
2301.3,0
2301.4,0
2301.5,0
2301.6,0
2301.7,0
2301.8,0
2301.9,0
2302,0
2302.1,0
2302.2,0
2302.3,0
2302.4,0
2302.5,0
2302.6,0
2302.7,0
2302.8,0
2302.9,0
2303,0
2303.1,0
2303.2,0
2303.3,0
2303.4,0
2303.5,0
2303.6,0
2303.7,0
2303.8,0
2303.9,0
2304,0
2304.1,0
2304.2,0
2304.3,0
2304.4,0
2304.5,0
2304.6,0
2304.7,0
2304.8,0
2304.9,0
2305,0
2305.1,0
2305.2,0
2305.3,0
2305.4,0
2305.5,0
2305.6,0
2305.7,0
2305.8,0
2305.9,0
2306,0
2306.1,0
2306.2,0
2306.3,0
2306.4,0
2306.5,0
2306.6,0
2306.7,0
2306.8,0
2306.9,0
2307,0
2307.1,0
2307.2,0
2307.3,0
2307.4,0
2307.5,0
2307.6,0
2307.7,0
2307.8,0
2307.9,0
2308,0
2308.1,0
2308.2,0
2308.3,0
2308.4,0
2308.5,0
2308.6,0
2308.7,0
2308.8,0
2308.9,0
2309,0
2309.1,0
2309.2,0
2309.3,0
2309.4,0
2309.5,0
2309.6,0
2309.7,0
2309.8,0
2309.9,0
2310,0
2310.1,0
2310.2,0
2310.3,0
2310.4,0
2310.5,0
2310.6,0
2310.7,0
2310.8,0
2310.9,0
2311,0
2311.1,0
2311.2,0
2311.3,0
2311.4,0
2311.5,0
2311.6,0
2311.7,0
2311.8,0
2311.9,0
2312,0
2312.1,0
2312.2,0
2312.3,0
2312.4,0
2312.5,0
2312.6,0
2312.7,0
2312.8,0
2312.9,0
2313,0
2313.1,0
2313.2,0
2313.3,0
2313.4,0
2313.5,0
2313.6,0
2313.7,0
2313.8,0
2313.9,0
2314,0
2314.1,0
2314.2,0
2314.3,0
2314.4,0
2314.5,0
2314.6,0
2314.7,0
2314.8,0
2314.9,0
2315,0
2315.1,0
2315.2,0
2315.3,0
2315.4,0
2315.5,0
2315.6,0
2315.7,0
2315.8,0
2315.9,0
2316,0
2316.1,0
2316.2,0
2316.3,0
2316.4,0
2316.5,0
2316.6,0
2316.7,0
2316.8,0
2316.9,0
2317,0
2317.1,0
2317.2,0
2317.3,0
2317.4,0
2317.5,0
2317.6,0
2317.7,0
2317.8,0
2317.9,0
2318,0
2318.1,0
2318.2,0
2318.3,0
2318.4,0
2318.5,0
2318.6,0
2318.7,0
2318.8,0
2318.9,0
2319,0
2319.1,0
2319.2,0
2319.3,0
2319.4,0
2319.5,0
2319.6,0
2319.7,0
2319.8,0
2319.9,0
2320,0
2320.1,0
2320.2,0
2320.3,0
2320.4,0
2320.5,0
2320.6,0
2320.7,0
2320.8,0
2320.9,0
2321,0
2321.1,0
2321.2,0
2321.3,0
2321.4,0
2321.5,0
2321.6,0
2321.7,0
2321.8,0
2321.9,0
2322,0
2322.1,0
2322.2,0
2322.3,0
2322.4,0
2322.5,0
2322.6,0
2322.7,0
2322.8,0
2322.9,0
2323,0
2323.1,0
2323.2,0
2323.3,0
2323.4,0
2323.5,0
2323.6,0
2323.7,0
2323.8,0
2323.9,0
2324,0
2324.1,0
2324.2,0
2324.3,0
2324.4,0
2324.5,0
2324.6,0
2324.7,0
2324.8,0
2324.9,0
2325,0
2325.1,0
2325.2,0
2325.3,0
2325.4,0
2325.5,0
2325.6,0
2325.7,0
2325.8,0
2325.9,0
2326,0
2326.1,0
2326.2,0
2326.3,0
2326.4,0
2326.5,0
2326.6,0
2326.7,0
2326.8,0
2326.9,0
2327,0
2327.1,0
2327.2,0
2327.3,0
2327.4,0
2327.5,0
2327.6,0
2327.7,0
2327.8,0
2327.9,0
2328,0
2328.1,0
2328.2,0
2328.3,0
2328.4,0
2328.5,0
2328.6,0
2328.7,0
2328.8,0
2328.9,0
2329,0
2329.1,0
2329.2,0
2329.3,0
2329.4,0
2329.5,0
2329.6,0
2329.7,0
2329.8,0
2329.9,0
2330,0
2330.1,0
2330.2,0
2330.3,0
2330.4,0
2330.5,0
2330.6,0
2330.7,0
2330.8,0
2330.9,0
2331,0
2331.1,0
2331.2,0
2331.3,0
2331.4,0
2331.5,0
2331.6,0
2331.7,0
2331.8,0
2331.9,0
2332,0
2332.1,0
2332.2,0
2332.3,0
2332.4,0
2332.5,0
2332.6,0
2332.7,0
2332.8,0
2332.9,0
2333,0
2333.1,0
2333.2,0
2333.3,0
2333.4,0
2333.5,0
2333.6,0
2333.7,0
2333.8,0
2333.9,0
2334,0
2334.1,0
2334.2,0
2334.3,0
2334.4,0
2334.5,0
2334.6,0
2334.7,0
2334.8,0
2334.9,0
2335,0
2335.1,0
2335.2,0
2335.3,0
2335.4,0
2335.5,0
2335.6,0
2335.7,0
2335.8,0
2335.9,0
2336,0
2336.1,0
2336.2,0
2336.3,0
2336.4,0
2336.5,0
2336.6,0
2336.7,0
2336.8,0
2336.9,0
2337,0
2337.1,0
2337.2,0
2337.3,0
2337.4,0
2337.5,0
2337.6,0
2337.7,0
2337.8,0
2337.9,0
2338,0
2338.1,0
2338.2,0
2338.3,0
2338.4,0
2338.5,0
2338.6,0
2338.7,0
2338.8,0
2338.9,0
2339,0
2339.1,0
2339.2,0
2339.3,0
2339.4,0
2339.5,0
2339.6,0
2339.7,0
2339.8,0
2339.9,0
2340,0
2340.1,0
2340.2,0
2340.3,0
2340.4,0
2340.5,0
2340.6,0
2340.7,0
2340.8,0
2340.9,0
2341,0
2341.1,0
2341.2,0
2341.3,0
2341.4,0
2341.5,0
2341.6,0
2341.7,0
2341.8,0
2341.9,0
2342,0
2342.1,0
2342.2,0
2342.3,0
2342.4,0
2342.5,0
2342.6,0
2342.7,0
2342.8,0
2342.9,0
2343,0
2343.1,0
2343.2,0
2343.3,0
2343.4,0
2343.5,0
2343.6,0
2343.7,0
2343.8,0
2343.9,0
2344,0
2344.1,0
2344.2,0
2344.3,0
2344.4,0
2344.5,0
2344.6,0
2344.7,0
2344.8,0
2344.9,0
2345,0
2345.1,0
2345.2,0
2345.3,0
2345.4,0
2345.5,0
2345.6,0
2345.7,0
2345.8,0
2345.9,0
2346,0
2346.1,0
2346.2,0
2346.3,0
2346.4,0
2346.5,0
2346.6,0
2346.7,0
2346.8,0
2346.9,0
2347,0
2347.1,0
2347.2,0
2347.3,0
2347.4,0
2347.5,0
2347.6,0
2347.7,0
2347.8,0
2347.9,0
2348,0
2348.1,0
2348.2,0
2348.3,0
2348.4,0
2348.5,0
2348.6,0
2348.7,0
2348.8,0
2348.9,0
2349,0
2349.1,0
2349.2,0
2349.3,0
2349.4,0
2349.5,0
2349.6,0
2349.7,0
2349.8,0
2349.9,0
2350,0
2350.1,0
2350.2,0
2350.3,0
2350.4,0
2350.5,0
2350.6,0
2350.7,0
2350.8,0
2350.9,0
2351,0
2351.1,0
2351.2,0
2351.3,0
2351.4,0
2351.5,0
2351.6,0
2351.7,0
2351.8,0
2351.9,0
2352,0
2352.1,0
2352.2,0
2352.3,0
2352.4,0
2352.5,0
2352.6,0
2352.7,0
2352.8,0
2352.9,0
2353,0
2353.1,0
2353.2,0
2353.3,0
2353.4,0
2353.5,0
2353.6,0
2353.7,0
2353.8,0
2353.9,0
2354,0
2354.1,0
2354.2,0
2354.3,0
2354.4,0
2354.5,0
2354.6,0
2354.7,0
2354.8,0
2354.9,0
2355,0
2355.1,0
2355.2,0
2355.3,0
2355.4,0
2355.5,0
2355.6,0
2355.7,0
2355.8,0
2355.9,0
2356,0
2356.1,0
2356.2,0
2356.3,0
2356.4,0
2356.5,0
2356.6,0
2356.7,0
2356.8,0
2356.9,0
2357,0
2357.1,0
2357.2,0
2357.3,0
2357.4,0
2357.5,0
2357.6,0
2357.7,0
2357.8,0
2357.9,0
2358,0
2358.1,0
2358.2,0
2358.3,0
2358.4,0
2358.5,0
2358.6,0
2358.7,0
2358.8,0
2358.9,0
2359,0
2359.1,0
2359.2,0
2359.3,0
2359.4,0
2359.5,0
2359.6,0
2359.7,0
2359.8,0
2359.9,0
2360,0
2360.1,0
2360.2,0
2360.3,0
2360.4,0
2360.5,0
2360.6,0
2360.7,0
2360.8,0
2360.9,0
2361,0
2361.1,0
2361.2,0
2361.3,0
2361.4,0
2361.5,0
2361.6,0
2361.7,0
2361.8,0
2361.9,0
2362,0
2362.1,0
2362.2,0
2362.3,0
2362.4,0
2362.5,0
2362.6,0
2362.7,0
2362.8,0
2362.9,0
2363,0
2363.1,0
2363.2,0
2363.3,0
2363.4,0
2363.5,0
2363.6,0
2363.7,0
2363.8,0
2363.9,0
2364,0
2364.1,0
2364.2,0
2364.3,0
2364.4,0
2364.5,0
2364.6,0
2364.7,0
2364.8,0
2364.9,0
2365,0
2365.1,0
2365.2,0
2365.3,0
2365.4,0
2365.5,0
2365.6,0
2365.7,0
2365.8,0
2365.9,0
2366,0
2366.1,0
2366.2,0
2366.3,0
2366.4,0
2366.5,0
2366.6,0
2366.7,0
2366.8,0
2366.9,0
2367,0
2367.1,0
2367.2,0
2367.3,0
2367.4,0
2367.5,0
2367.6,0
2367.7,0
2367.8,0
2367.9,0
2368,0
2368.1,0
2368.2,0
2368.3,0
2368.4,0
2368.5,0
2368.6,0
2368.7,0
2368.8,0
2368.9,0
2369,0
2369.1,0
2369.2,0
2369.3,0
2369.4,0
2369.5,0
2369.6,0
2369.7,0
2369.8,0
2369.9,0
2370,0
2370.1,0
2370.2,0
2370.3,0
2370.4,0
2370.5,0
2370.6,0
2370.7,0
2370.8,0
2370.9,0
2371,0
2371.1,0
2371.2,0
2371.3,0
2371.4,0
2371.5,0
2371.6,0
2371.7,0
2371.8,0
2371.9,0
2372,0
2372.1,0
2372.2,0
2372.3,0
2372.4,0
2372.5,0
2372.6,0
2372.7,0
2372.8,0
2372.9,0
2373,0
2373.1,0
2373.2,0
2373.3,0
2373.4,0
2373.5,0
2373.6,0
2373.7,0
2373.8,0
2373.9,0
2374,0
2374.1,0
2374.2,0
2374.3,0
2374.4,0
2374.5,0
2374.6,0
2374.7,0
2374.8,0
2374.9,0
2375,0
2375.1,0
2375.2,0
2375.3,0
2375.4,0
2375.5,0
2375.6,0
2375.7,0
2375.8,0
2375.9,0
2376,0
2376.1,0
2376.2,0
2376.3,0
2376.4,0
2376.5,0
2376.6,0
2376.7,0
2376.8,0
2376.9,0
2377,0
2377.1,0
2377.2,0
2377.3,0
2377.4,0
2377.5,0
2377.6,0
2377.7,0
2377.8,0
2377.9,0
2378,0
2378.1,0
2378.2,0
2378.3,0
2378.4,0
2378.5,0
2378.6,0
2378.7,0
2378.8,0
2378.9,0
2379,0
2379.1,0
2379.2,0
2379.3,0
2379.4,0
2379.5,0
2379.6,0
2379.7,0
2379.8,0
2379.9,0
2380,0
2380.1,0
2380.2,0
2380.3,0
2380.4,0
2380.5,0
2380.6,0
2380.7,0
2380.8,0
2380.9,0
2381,0
2381.1,0
2381.2,0
2381.3,0
2381.4,0
2381.5,0
2381.6,0
2381.7,0
2381.8,0
2381.9,0
2382,0
2382.1,0
2382.2,0
2382.3,0
2382.4,0
2382.5,0
2382.6,0
2382.7,0
2382.8,0
2382.9,0
2383,0
2383.1,0
2383.2,0
2383.3,0
2383.4,0
2383.5,0
2383.6,0
2383.7,0
2383.8,0
2383.9,0
2384,0
2384.1,0
2384.2,0
2384.3,0
2384.4,0
2384.5,0
2384.6,0
2384.7,0
2384.8,0
2384.9,0
2385,0
2385.1,0
2385.2,0
2385.3,0
2385.4,0
2385.5,0
2385.6,0
2385.7,0
2385.8,0
2385.9,0
2386,0
2386.1,0
2386.2,0
2386.3,0
2386.4,0
2386.5,0
2386.6,0
2386.7,0
2386.8,0
2386.9,0
2387,0
2387.1,0
2387.2,0
2387.3,0
2387.4,0
2387.5,0
2387.6,0
2387.7,0
2387.8,0
2387.9,0
2388,0
2388.1,0
2388.2,0
2388.3,0
2388.4,0
2388.5,0
2388.6,0
2388.7,0
2388.8,0
2388.9,0
2389,0
2389.1,0
2389.2,0
2389.3,0
2389.4,0
2389.5,0
2389.6,0
2389.7,0
2389.8,0
2389.9,0
2390,0
2390.1,0
2390.2,0
2390.3,0
2390.4,0
2390.5,0
2390.6,0
2390.7,0
2390.8,0
2390.9,0
2391,0
2391.1,0
2391.2,0
2391.3,0
2391.4,0
2391.5,0
2391.6,0
2391.7,0
2391.8,0
2391.9,0
2392,0
2392.1,0
2392.2,0
2392.3,0
2392.4,0
2392.5,0
2392.6,0
2392.7,0
2392.8,0
2392.9,0
2393,0
2393.1,0
2393.2,0
2393.3,0
2393.4,0
2393.5,0
2393.6,0
2393.7,0
2393.8,0
2393.9,0
2394,0
2394.1,0
2394.2,0
2394.3,0
2394.4,0
2394.5,0
2394.6,0
2394.7,0
2394.8,0
2394.9,0
2395,0
2395.1,0
2395.2,0
2395.3,0
2395.4,0
2395.5,0
2395.6,0
2395.7,0
2395.8,0
2395.9,0
2396,0
2396.1,0
2396.2,0
2396.3,0
2396.4,0
2396.5,0
2396.6,0
2396.7,0
2396.8,0
2396.9,0
2397,0
2397.1,0
2397.2,0
2397.3,0
2397.4,0
2397.5,0
2397.6,0
2397.7,0
2397.8,0
2397.9,0
2398,0
2398.1,0
2398.2,0
2398.3,0
2398.4,0
2398.5,0
2398.6,0
2398.7,0
2398.8,0
2398.9,0
2399,0
2399.1,0
2399.2,0
2399.3,0
2399.4,0
2399.5,0
2399.6,0
2399.7,0
2399.8,0
2399.9,0
2400,0
2400.1,0
2400.2,0
2400.3,0
2400.4,0
2400.5,0
2400.6,0
2400.7,0
2400.8,0
2400.9,0
2401,0
2401.1,0
2401.2,0
2401.3,0
2401.4,0
2401.5,0
2401.6,0
2401.7,0
2401.8,0
2401.9,0
2402,0
2402.1,0
2402.2,0
2402.3,0
2402.4,0
2402.5,0
2402.6,0
2402.7,0
2402.8,0
2402.9,0
2403,0
2403.1,0
2403.2,0
2403.3,0
2403.4,0
2403.5,0
2403.6,0
2403.7,0
2403.8,0
2403.9,0
2404,0
2404.1,0
2404.2,0
2404.3,0
2404.4,0
2404.5,0
2404.6,0
2404.7,0
2404.8,0
2404.9,0
2405,0
2405.1,0
2405.2,0
2405.3,0
2405.4,0
2405.5,0
2405.6,0
2405.7,0
2405.8,0
2405.9,0
2406,0
2406.1,0
2406.2,0
2406.3,0
2406.4,0
2406.5,0
2406.6,0
2406.7,0
2406.8,0
2406.9,0
2407,0
2407.1,0
2407.2,0
2407.3,0
2407.4,0
2407.5,0
2407.6,0
2407.7,0
2407.8,0
2407.9,0
2408,0
2408.1,0
2408.2,0
2408.3,0
2408.4,0
2408.5,0
2408.6,0
2408.7,0
2408.8,0
2408.9,0
2409,0
2409.1,0
2409.2,0
2409.3,0
2409.4,0
2409.5,0
2409.6,0
2409.7,0
2409.8,0
2409.9,0
2410,0
2410.1,0
2410.2,0
2410.3,0
2410.4,0
2410.5,0
2410.6,0
2410.7,0
2410.8,0
2410.9,0
2411,0
2411.1,0
2411.2,0
2411.3,0
2411.4,0
2411.5,0
2411.6,0
2411.7,0
2411.8,0
2411.9,0
2412,0
2412.1,0
2412.2,0
2412.3,0
2412.4,0
2412.5,0
2412.6,0
2412.7,0
2412.8,0
2412.9,0
2413,0
2413.1,0
2413.2,0
2413.3,0
2413.4,0
2413.5,0
2413.6,0
2413.7,0
2413.8,0
2413.9,0
2414,0
2414.1,0
2414.2,0
2414.3,0
2414.4,0
2414.5,0
2414.6,0
2414.7,0
2414.8,0
2414.9,0
2415,0
2415.1,0
2415.2,0
2415.3,0
2415.4,0
2415.5,0
2415.6,0
2415.7,0
2415.8,0
2415.9,0
2416,0
2416.1,0
2416.2,0
2416.3,0
2416.4,0
2416.5,0
2416.6,0
2416.7,0
2416.8,0
2416.9,0
2417,0
2417.1,0
2417.2,0
2417.3,0
2417.4,0
2417.5,0
2417.6,0
2417.7,0
2417.8,0
2417.9,0
2418,0
2418.1,0
2418.2,0
2418.3,0
2418.4,0
2418.5,0
2418.6,0
2418.7,0
2418.8,0
2418.9,0
2419,0
2419.1,0
2419.2,0
2419.3,0
2419.4,0
2419.5,0
2419.6,0
2419.7,0
2419.8,0
2419.9,0
2420,0
2420.1,0
2420.2,0
2420.3,0
2420.4,0
2420.5,0
2420.6,0
2420.7,0
2420.8,0
2420.9,0
2421,0
2421.1,0
2421.2,0
2421.3,0
2421.4,0
2421.5,0
2421.6,0
2421.7,0
2421.8,0
2421.9,0
2422,0
2422.1,0
2422.2,0
2422.3,0
2422.4,0
2422.5,0
2422.6,0
2422.7,0
2422.8,0
2422.9,0
2423,0
2423.1,0
2423.2,0
2423.3,0
2423.4,0
2423.5,0
2423.6,0
2423.7,0
2423.8,0
2423.9,0
2424,0
2424.1,0
2424.2,0
2424.3,0
2424.4,0
2424.5,0
2424.6,0
2424.7,0
2424.8,0
2424.9,0
2425,0
2425.1,0
2425.2,0
2425.3,0
2425.4,0
2425.5,0
2425.6,0
2425.7,0
2425.8,0
2425.9,0
2426,0
2426.1,0
2426.2,0
2426.3,0
2426.4,0
2426.5,0
2426.6,0
2426.7,0
2426.8,0
2426.9,0
2427,0
2427.1,0
2427.2,0
2427.3,0
2427.4,0
2427.5,0
2427.6,0
2427.7,0
2427.8,0
2427.9,0
2428,0
2428.1,0
2428.2,0
2428.3,0
2428.4,0
2428.5,0
2428.6,0
2428.7,0
2428.8,0
2428.9,0
2429,0
2429.1,0
2429.2,0
2429.3,0
2429.4,0
2429.5,0
2429.6,0
2429.7,0
2429.8,0
2429.9,0
2430,0
2430.1,0
2430.2,0
2430.3,0
2430.4,0
2430.5,0
2430.6,0
2430.7,0
2430.8,0
2430.9,0
2431,0
2431.1,0
2431.2,0
2431.3,0
2431.4,0
2431.5,0
2431.6,0
2431.7,0
2431.8,0
2431.9,0
2432,0
2432.1,0
2432.2,0
2432.3,0
2432.4,0
2432.5,0
2432.6,0
2432.7,0
2432.8,0
2432.9,0
2433,0
2433.1,0
2433.2,0
2433.3,0
2433.4,0
2433.5,0
2433.6,0
2433.7,0
2433.8,0
2433.9,0
2434,0
2434.1,0
2434.2,0
2434.3,0
2434.4,0
2434.5,0
2434.6,0
2434.7,0
2434.8,0
2434.9,0
2435,0
2435.1,0
2435.2,0
2435.3,0
2435.4,0
2435.5,0
2435.6,0
2435.7,0
2435.8,0
2435.9,0
2436,0
2436.1,0
2436.2,0
2436.3,0
2436.4,0
2436.5,0
2436.6,0
2436.7,0
2436.8,0
2436.9,0
2437,0
2437.1,0
2437.2,0
2437.3,0
2437.4,0
2437.5,0
2437.6,0
2437.7,0
2437.8,0
2437.9,0
2438,0
2438.1,0
2438.2,0
2438.3,0
2438.4,0
2438.5,0
2438.6,0
2438.7,0
2438.8,0
2438.9,0
2439,0
2439.1,0
2439.2,0
2439.3,0
2439.4,0
2439.5,0
2439.6,0
2439.7,0
2439.8,0
2439.9,0
2440,0
2440.1,0
2440.2,0
2440.3,0
2440.4,0
2440.5,0
2440.6,0
2440.7,0
2440.8,0
2440.9,0
2441,0
2441.1,0
2441.2,0
2441.3,0
2441.4,0
2441.5,0
2441.6,0
2441.7,0
2441.8,0
2441.9,0
2442,0
2442.1,0
2442.2,0
2442.3,0
2442.4,0
2442.5,0
2442.6,0
2442.7,0
2442.8,0
2442.9,0
2443,0
2443.1,0
2443.2,0
2443.3,0
2443.4,0
2443.5,0
2443.6,0
2443.7,0
2443.8,0
2443.9,0
2444,0
2444.1,0
2444.2,0
2444.3,0
2444.4,0
2444.5,0
2444.6,0
2444.7,0
2444.8,0
2444.9,0
2445,0
2445.1,0
2445.2,0
2445.3,0
2445.4,0
2445.5,0
2445.6,0
2445.7,0
2445.8,0
2445.9,0
2446,0
2446.1,0
2446.2,0
2446.3,0
2446.4,0
2446.5,0
2446.6,0
2446.7,0
2446.8,0
2446.9,0
2447,0
2447.1,0
2447.2,0
2447.3,0
2447.4,0
2447.5,0
2447.6,0
2447.7,0
2447.8,0
2447.9,0
2448,0
2448.1,0
2448.2,0
2448.3,0
2448.4,0
2448.5,0
2448.6,0
2448.7,0
2448.8,0
2448.9,0
2449,0
2449.1,0
2449.2,0
2449.3,0
2449.4,0
2449.5,0
2449.6,0
2449.7,0
2449.8,0
2449.9,0
2450,0
2450.1,0
2450.2,0
2450.3,0
2450.4,0
2450.5,0
2450.6,0
2450.7,0
2450.8,0
2450.9,0
2451,0
2451.1,0
2451.2,0
2451.3,0
2451.4,0
2451.5,0
2451.6,0
2451.7,0
2451.8,0
2451.9,0
2452,0
2452.1,0
2452.2,0
2452.3,0
2452.4,0
2452.5,0
2452.6,0
2452.7,0
2452.8,0
2452.9,0
2453,0
2453.1,0
2453.2,0
2453.3,0
2453.4,0
2453.5,0
2453.6,0
2453.7,0
2453.8,0
2453.9,0
2454,0
2454.1,0
2454.2,0
2454.3,0
2454.4,0
2454.5,0
2454.6,0
2454.7,0
2454.8,0
2454.9,0
2455,0
2455.1,0
2455.2,0
2455.3,0
2455.4,0
2455.5,0
2455.6,0
2455.7,0
2455.8,0
2455.9,0
2456,0
2456.1,0
2456.2,0
2456.3,0
2456.4,0
2456.5,0
2456.6,0
2456.7,0
2456.8,0
2456.9,0
2457,0
2457.1,0
2457.2,0
2457.3,0
2457.4,0
2457.5,0
2457.6,0
2457.7,0
2457.8,0
2457.9,0
2458,0
2458.1,0
2458.2,0
2458.3,0
2458.4,0
2458.5,0
2458.6,0
2458.7,0
2458.8,0
2458.9,0
2459,0
2459.1,0
2459.2,0
2459.3,0
2459.4,0
2459.5,0
2459.6,0
2459.7,0
2459.8,0
2459.9,0
2460,0
2460.1,0
2460.2,0
2460.3,0
2460.4,0
2460.5,0
2460.6,0
2460.7,0
2460.8,0
2460.9,0
2461,0
2461.1,0
2461.2,0
2461.3,0
2461.4,0
2461.5,0
2461.6,0
2461.7,0
2461.8,0
2461.9,0
2462,0
2462.1,0
2462.2,0
2462.3,0
2462.4,0
2462.5,0
2462.6,0
2462.7,0
2462.8,0
2462.9,0
2463,0
2463.1,0
2463.2,0
2463.3,0
2463.4,0
2463.5,0
2463.6,0
2463.7,0
2463.8,0
2463.9,0
2464,0
2464.1,0
2464.2,0
2464.3,0
2464.4,0
2464.5,0
2464.6,0
2464.7,0
2464.8,0
2464.9,0
2465,0
2465.1,0
2465.2,0
2465.3,0
2465.4,0
2465.5,0
2465.6,0
2465.7,0
2465.8,0
2465.9,0
2466,0
2466.1,0
2466.2,0
2466.3,0
2466.4,0
2466.5,0
2466.6,0
2466.7,0
2466.8,0
2466.9,0
2467,0
2467.1,0
2467.2,0
2467.3,0
2467.4,0
2467.5,0
2467.6,0
2467.7,0
2467.8,0
2467.9,0
2468,0
2468.1,0
2468.2,0
2468.3,0
2468.4,0
2468.5,0
2468.6,0
2468.7,0
2468.8,0
2468.9,0
2469,0
2469.1,0
2469.2,0
2469.3,0
2469.4,0
2469.5,0
2469.6,0
2469.7,0
2469.8,0
2469.9,0
2470,0
2470.1,0
2470.2,0
2470.3,0
2470.4,0
2470.5,0
2470.6,0
2470.7,0
2470.8,0
2470.9,0
2471,0
2471.1,0
2471.2,0
2471.3,0
2471.4,0
2471.5,0
2471.6,0
2471.7,0
2471.8,0
2471.9,0
2472,0
2472.1,0
2472.2,0
2472.3,0
2472.4,0
2472.5,0
2472.6,0
2472.7,0
2472.8,0
2472.9,0
2473,0
2473.1,0
2473.2,0
2473.3,0
2473.4,0
2473.5,0
2473.6,0
2473.7,0
2473.8,0
2473.9,0
2474,0
2474.1,0
2474.2,0
2474.3,0
2474.4,0
2474.5,0
2474.6,0
2474.7,0
2474.8,0
2474.9,0
2475,0
2475.1,0
2475.2,0
2475.3,0
2475.4,0
2475.5,0
2475.6,0
2475.7,0
2475.8,0
2475.9,0
2476,0
2476.1,0
2476.2,0
2476.3,0
2476.4,0
2476.5,0
2476.6,0
2476.7,0
2476.8,0
2476.9,0
2477,0
2477.1,0
2477.2,0
2477.3,0
2477.4,0
2477.5,0
2477.6,0
2477.7,0
2477.8,0
2477.9,0
2478,0
2478.1,0
2478.2,0
2478.3,0
2478.4,0
2478.5,0
2478.6,0
2478.7,0
2478.8,0
2478.9,0
2479,0
2479.1,0
2479.2,0
2479.3,0
2479.4,0
2479.5,0
2479.6,0
2479.7,0
2479.8,0
2479.9,0
2480,0
2480.1,0
2480.2,0
2480.3,0
2480.4,0
2480.5,0
2480.6,0
2480.7,0
2480.8,0
2480.9,0
2481,0
2481.1,0
2481.2,0
2481.3,0
2481.4,0
2481.5,0
2481.6,0
2481.7,0
2481.8,0
2481.9,0
2482,0
2482.1,0
2482.2,0
2482.3,0
2482.4,0
2482.5,0
2482.6,0
2482.7,0
2482.8,0
2482.9,0
2483,0
2483.1,0
2483.2,0
2483.3,0
2483.4,0
2483.5,0
2483.6,0
2483.7,0
2483.8,0
2483.9,0
2484,0
2484.1,0
2484.2,0
2484.3,0
2484.4,0
2484.5,0
2484.6,0
2484.7,0
2484.8,0
2484.9,0
2485,0
2485.1,0
2485.2,0
2485.3,0
2485.4,0
2485.5,0
2485.6,0
2485.7,0
2485.8,0
2485.9,0
2486,0
2486.1,0
2486.2,0
2486.3,0
2486.4,0
2486.5,0
2486.6,0
2486.7,0
2486.8,0
2486.9,0
2487,0
2487.1,0
2487.2,0
2487.3,0
2487.4,0
2487.5,0
2487.6,0
2487.7,0
2487.8,0
2487.9,0
2488,0
2488.1,0
2488.2,0
2488.3,0
2488.4,0
2488.5,0
2488.6,0
2488.7,0
2488.8,0
2488.9,0
2489,0
2489.1,0
2489.2,0
2489.3,0
2489.4,0
2489.5,0
2489.6,0
2489.7,0
2489.8,0
2489.9,0
2490,0
2490.1,0
2490.2,0
2490.3,0
2490.4,0
2490.5,0
2490.6,0
2490.7,0
2490.8,0
2490.9,0
2491,0
2491.1,0
2491.2,0
2491.3,0
2491.4,0
2491.5,0
2491.6,0
2491.7,0
2491.8,0
2491.9,0
2492,0
2492.1,0
2492.2,0
2492.3,0
2492.4,0
2492.5,0
2492.6,0
2492.7,0
2492.8,0
2492.9,0
2493,0
2493.1,0
2493.2,0
2493.3,0
2493.4,0
2493.5,0
2493.6,0
2493.7,0
2493.8,0
2493.9,0
2494,0
2494.1,0
2494.2,0
2494.3,0
2494.4,0
2494.5,0
2494.6,0
2494.7,0
2494.8,0
2494.9,0
2495,0
2495.1,0
2495.2,0
2495.3,0
2495.4,0
2495.5,0
2495.6,0
2495.7,0
2495.8,0
2495.9,0
2496,0
2496.1,0
2496.2,0
2496.3,0
2496.4,0
2496.5,0
2496.6,0
2496.7,0
2496.8,0
2496.9,0
2497,0
2497.1,0
2497.2,0
2497.3,0
2497.4,0
2497.5,0
2497.6,0
2497.7,0
2497.8,0
2497.9,0
2498,0
2498.1,0
2498.2,0
2498.3,0
2498.4,0
2498.5,0
2498.6,0
2498.7,0
2498.8,0
2498.9,0
2499,0
2499.1,0
2499.2,0
2499.3,0
2499.4,0
2499.5,0
2499.6,0
2499.7,0
2499.8,0
2499.9,0
2500,0
2500.1,0
2500.2,0
2500.3,0
2500.4,0
2500.5,0
2500.6,0
2500.7,0
2500.8,0
2500.9,0
2501,0
2501.1,0
2501.2,0
2501.3,0
2501.4,0
2501.5,0
2501.6,0
2501.7,0
2501.8,0
2501.9,0
2502,0
2502.1,0
2502.2,0
2502.3,0
2502.4,0
2502.5,0
2502.6,0
2502.7,0
2502.8,0
2502.9,0
2503,0
2503.1,0
2503.2,0
2503.3,0
2503.4,0
2503.5,0
2503.6,0
2503.7,0
2503.8,0
2503.9,0
2504,0
2504.1,0
2504.2,0
2504.3,0
2504.4,0
2504.5,0
2504.6,0
2504.7,0
2504.8,0
2504.9,0
2505,0
2505.1,0
2505.2,0
2505.3,0
2505.4,0
2505.5,0
2505.6,0
2505.7,0
2505.8,0
2505.9,0
2506,0
2506.1,0
2506.2,0
2506.3,0
2506.4,0
2506.5,0
2506.6,0
2506.7,0
2506.8,0
2506.9,0
2507,0
2507.1,0
2507.2,0
2507.3,0
2507.4,0
2507.5,0
2507.6,0
2507.7,0
2507.8,0
2507.9,0
2508,0
2508.1,0
2508.2,0
2508.3,0
2508.4,0
2508.5,0
2508.6,0
2508.7,0
2508.8,0
2508.9,0
2509,0
2509.1,0
2509.2,0
2509.3,0
2509.4,0
2509.5,0
2509.6,0
2509.7,0
2509.8,0
2509.9,0
2510,0
2510.1,0
2510.2,0
2510.3,0
2510.4,0
2510.5,0
2510.6,0
2510.7,0
2510.8,0
2510.9,0
2511,0
2511.1,0
2511.2,0
2511.3,0
2511.4,0
2511.5,0
2511.6,0
2511.7,0
2511.8,0
2511.9,0
2512,0
2512.1,0
2512.2,0
2512.3,0
2512.4,0
2512.5,0
2512.6,0
2512.7,0
2512.8,0
2512.9,0
2513,0
2513.1,0
2513.2,0
2513.3,0
2513.4,0
2513.5,0
2513.6,0
2513.7,0
2513.8,0
2513.9,0
2514,0
2514.1,0
2514.2,0
2514.3,0
2514.4,0
2514.5,0
2514.6,0
2514.7,0
2514.8,0
2514.9,0
2515,0
2515.1,0
2515.2,0
2515.3,0
2515.4,0
2515.5,0
2515.6,0
2515.7,0
2515.8,0
2515.9,0
2516,0
2516.1,0
2516.2,0
2516.3,0
2516.4,0
2516.5,0
2516.6,0
2516.7,0
2516.8,0
2516.9,0
2517,0
2517.1,0
2517.2,0
2517.3,0
2517.4,0
2517.5,0
2517.6,0
2517.7,0
2517.8,0
2517.9,0
2518,0
2518.1,0
2518.2,0
2518.3,0
2518.4,0
2518.5,0
2518.6,0
2518.7,0
2518.8,0
2518.9,0
2519,0
2519.1,0
2519.2,0
2519.3,0
2519.4,0
2519.5,0
2519.6,0
2519.7,0
2519.8,0
2519.9,0
2520,0
2520.1,0
2520.2,0
2520.3,0
2520.4,0
2520.5,0
2520.6,0
2520.7,0
2520.8,0
2520.9,0
2521,0
2521.1,0
2521.2,0
2521.3,0
2521.4,0
2521.5,0
2521.6,0
2521.7,0
2521.8,0
2521.9,0
2522,0
2522.1,0
2522.2,0
2522.3,0
2522.4,0
2522.5,0
2522.6,0
2522.7,0
2522.8,0
2522.9,0
2523,0
2523.1,0
2523.2,0
2523.3,0
2523.4,0
2523.5,0
2523.6,0
2523.7,0
2523.8,0
2523.9,0
2524,0
2524.1,0
2524.2,0
2524.3,0
2524.4,0
2524.5,0
2524.6,0
2524.7,0
2524.8,0
2524.9,0
2525,0
2525.1,0
2525.2,0
2525.3,0
2525.4,0
2525.5,0
2525.6,0
2525.7,0
2525.8,0
2525.9,0
2526,0
2526.1,0
2526.2,0
2526.3,0
2526.4,0
2526.5,0
2526.6,0
2526.7,0
2526.8,0
2526.9,0
2527,0
2527.1,0
2527.2,0
2527.3,0
2527.4,0
2527.5,0
2527.6,0
2527.7,0
2527.8,0
2527.9,0
2528,0
2528.1,0
2528.2,0
2528.3,0
2528.4,0
2528.5,0
2528.6,0
2528.7,0
2528.8,0
2528.9,0
2529,0
2529.1,0
2529.2,0
2529.3,0
2529.4,0
2529.5,0
2529.6,0
2529.7,0
2529.8,0
2529.9,0
2530,0
2530.1,0
2530.2,0
2530.3,0
2530.4,0
2530.5,0
2530.6,0
2530.7,0
2530.8,0
2530.9,0
2531,0
2531.1,0
2531.2,0
2531.3,0
2531.4,0
2531.5,0
2531.6,0
2531.7,0
2531.8,0
2531.9,0
2532,0
2532.1,0
2532.2,0
2532.3,0
2532.4,0
2532.5,0
2532.6,0
2532.7,0
2532.8,0
2532.9,0
2533,0
2533.1,0
2533.2,0
2533.3,0
2533.4,0
2533.5,0
2533.6,0
2533.7,0
2533.8,0
2533.9,0
2534,0
2534.1,0
2534.2,0
2534.3,0
2534.4,0
2534.5,0
2534.6,0
2534.7,0
2534.8,0
2534.9,0
2535,0
2535.1,0
2535.2,0
2535.3,0
2535.4,0
2535.5,0
2535.6,0
2535.7,0
2535.8,0
2535.9,0
2536,0
2536.1,0
2536.2,0
2536.3,0
2536.4,0
2536.5,0
2536.6,0
2536.7,0
2536.8,0
2536.9,0
2537,0
2537.1,0
2537.2,0
2537.3,0
2537.4,0
2537.5,0
2537.6,0
2537.7,0
2537.8,0
2537.9,0
2538,0
2538.1,0
2538.2,0
2538.3,0
2538.4,0
2538.5,0
2538.6,0
2538.7,0
2538.8,0
2538.9,0
2539,0
2539.1,0
2539.2,0
2539.3,0
2539.4,0
2539.5,0
2539.6,0
2539.7,0
2539.8,0
2539.9,0
2540,0
2540.1,0
2540.2,0
2540.3,0
2540.4,0
2540.5,0
2540.6,0
2540.7,0
2540.8,0
2540.9,0
2541,0
2541.1,0
2541.2,0
2541.3,0
2541.4,0
2541.5,0
2541.6,0
2541.7,0
2541.8,0
2541.9,0
2542,0
2542.1,0
2542.2,0
2542.3,0
2542.4,0
2542.5,0
2542.6,0
2542.7,0
2542.8,0
2542.9,0
2543,0
2543.1,0
2543.2,0
2543.3,0
2543.4,0
2543.5,0
2543.6,0
2543.7,0
2543.8,0
2543.9,0
2544,0
2544.1,0
2544.2,0
2544.3,0
2544.4,0
2544.5,0
2544.6,0
2544.7,0
2544.8,0
2544.9,0
2545,0
2545.1,0
2545.2,0
2545.3,0
2545.4,0
2545.5,0
2545.6,0
2545.7,0
2545.8,0
2545.9,0
2546,0
2546.1,0
2546.2,0
2546.3,0
2546.4,0
2546.5,0
2546.6,0
2546.7,0
2546.8,0
2546.9,0
2547,0
2547.1,0
2547.2,0
2547.3,0
2547.4,0
2547.5,0
2547.6,0
2547.7,0
2547.8,0
2547.9,0
2548,0
2548.1,0
2548.2,0
2548.3,0
2548.4,0
2548.5,0
2548.6,0
2548.7,0
2548.8,0
2548.9,0
2549,0
2549.1,0
2549.2,0
2549.3,0
2549.4,0
2549.5,0
2549.6,0
2549.7,0
2549.8,0
2549.9,0
2550,0
2550.1,0
2550.2,0
2550.3,0
2550.4,0
2550.5,0
2550.6,0
2550.7,0
2550.8,0
2550.9,0
2551,0
2551.1,0
2551.2,0
2551.3,0
2551.4,0
2551.5,0
2551.6,0
2551.7,0
2551.8,0
2551.9,0
2552,0
2552.1,0
2552.2,0
2552.3,0
2552.4,0
2552.5,0
2552.6,0
2552.7,0
2552.8,0
2552.9,0
2553,0
2553.1,0
2553.2,0
2553.3,0
2553.4,0
2553.5,0
2553.6,0
2553.7,0
2553.8,0
2553.9,0
2554,0
2554.1,0
2554.2,0
2554.3,0
2554.4,0
2554.5,0
2554.6,0
2554.7,0
2554.8,0
2554.9,0
2555,0
2555.1,0
2555.2,0
2555.3,0
2555.4,0
2555.5,0
2555.6,0
2555.7,0
2555.8,0
2555.9,0
2556,0
2556.1,0
2556.2,0
2556.3,0
2556.4,0
2556.5,0
2556.6,0
2556.7,0
2556.8,0
2556.9,0
2557,0
2557.1,0
2557.2,0
2557.3,0
2557.4,0
2557.5,0
2557.6,0
2557.7,0
2557.8,0
2557.9,0
2558,0
2558.1,0
2558.2,0
2558.3,0
2558.4,0
2558.5,0
2558.6,0
2558.7,0
2558.8,0
2558.9,0
2559,0
2559.1,0
2559.2,0
2559.3,0
2559.4,0
2559.5,0
2559.6,0
2559.7,0
2559.8,0
2559.9,0
2560,0
2560.1,0
2560.2,0
2560.3,0
2560.4,0
2560.5,0
2560.6,0
2560.7,0
2560.8,0
2560.9,0
2561,0
2561.1,0
2561.2,0
2561.3,0
2561.4,0
2561.5,0
2561.6,0
2561.7,0
2561.8,0
2561.9,0
2562,0
2562.1,0
2562.2,0
2562.3,0
2562.4,0
2562.5,0
2562.6,0
2562.7,0
2562.8,0
2562.9,0
2563,0
2563.1,0
2563.2,0
2563.3,0
2563.4,0
2563.5,0
2563.6,0
2563.7,0
2563.8,0
2563.9,0
2564,0
2564.1,0
2564.2,0
2564.3,0
2564.4,0
2564.5,0
2564.6,0
2564.7,0
2564.8,0
2564.9,0
2565,0
2565.1,0
2565.2,0
2565.3,0
2565.4,0
2565.5,0
2565.6,0
2565.7,0
2565.8,0
2565.9,0
2566,0
2566.1,0
2566.2,0
2566.3,0
2566.4,0
2566.5,0
2566.6,0
2566.7,0
2566.8,0
2566.9,0
2567,0
2567.1,0
2567.2,0
2567.3,0
2567.4,0
2567.5,0
2567.6,0
2567.7,0
2567.8,0
2567.9,0
2568,0
2568.1,0
2568.2,0
2568.3,0
2568.4,0
2568.5,0
2568.6,0
2568.7,0
2568.8,0
2568.9,0
2569,0
2569.1,0
2569.2,0
2569.3,0
2569.4,0
2569.5,0
2569.6,0
2569.7,0
2569.8,0
2569.9,0
2570,0
2570.1,0
2570.2,0
2570.3,0
2570.4,0
2570.5,0
2570.6,0
2570.7,0
2570.8,0
2570.9,0
2571,0
2571.1,0
2571.2,0
2571.3,0
2571.4,0
2571.5,0
2571.6,0
2571.7,0
2571.8,0
2571.9,0
2572,0
2572.1,0
2572.2,0
2572.3,0
2572.4,0
2572.5,0
2572.6,0
2572.7,0
2572.8,0
2572.9,0
2573,0
2573.1,0
2573.2,0
2573.3,0
2573.4,0
2573.5,0
2573.6,0
2573.7,0
2573.8,0
2573.9,0
2574,0
2574.1,0
2574.2,0
2574.3,0
2574.4,0
2574.5,0
2574.6,0
2574.7,0
2574.8,0
2574.9,0
2575,0
2575.1,0
2575.2,0
2575.3,0
2575.4,0
2575.5,0
2575.6,0
2575.7,0
2575.8,0
2575.9,0
2576,0
2576.1,0
2576.2,0
2576.3,0
2576.4,0
2576.5,0
2576.6,0
2576.7,0
2576.8,0
2576.9,0
2577,0
2577.1,0
2577.2,0
2577.3,0
2577.4,0
2577.5,0
2577.6,0
2577.7,0
2577.8,0
2577.9,0
2578,0
2578.1,0
2578.2,0
2578.3,0
2578.4,0
2578.5,0
2578.6,0
2578.7,0
2578.8,0
2578.9,0
2579,0
2579.1,0
2579.2,0
2579.3,0
2579.4,0
2579.5,0
2579.6,0
2579.7,0
2579.8,0
2579.9,0
2580,0
2580.1,0
2580.2,0
2580.3,0
2580.4,0
2580.5,0
2580.6,0
2580.7,0
2580.8,0
2580.9,0
2581,0
2581.1,0
2581.2,0
2581.3,0
2581.4,0
2581.5,0
2581.6,0
2581.7,0
2581.8,0
2581.9,0
2582,0
2582.1,0
2582.2,0
2582.3,0
2582.4,0
2582.5,0
2582.6,0
2582.7,0
2582.8,0
2582.9,0
2583,0
2583.1,0
2583.2,0
2583.3,0
2583.4,0
2583.5,0
2583.6,0
2583.7,0
2583.8,0
2583.9,0
2584,0
2584.1,0
2584.2,0
2584.3,0
2584.4,0
2584.5,0
2584.6,0
2584.7,0
2584.8,0
2584.9,0
2585,0
2585.1,0
2585.2,0
2585.3,0
2585.4,0
2585.5,0
2585.6,0
2585.7,0
2585.8,0
2585.9,0
2586,0
2586.1,0
2586.2,0
2586.3,0
2586.4,0
2586.5,0
2586.6,0
2586.7,0
2586.8,0
2586.9,0
2587,0
2587.1,0
2587.2,0
2587.3,0
2587.4,0
2587.5,0
2587.6,0
2587.7,0
2587.8,0
2587.9,0
2588,0
2588.1,0
2588.2,0
2588.3,0
2588.4,0
2588.5,0
2588.6,0
2588.7,0
2588.8,0
2588.9,0
2589,0
2589.1,0
2589.2,0
2589.3,0
2589.4,0
2589.5,0
2589.6,0
2589.7,0
2589.8,0
2589.9,0
2590,0
2590.1,0
2590.2,0
2590.3,0
2590.4,0
2590.5,0
2590.6,0
2590.7,0
2590.8,0
2590.9,0
2591,0
2591.1,0
2591.2,0
2591.3,0
2591.4,0
2591.5,0
2591.6,0
2591.7,0
2591.8,0
2591.9,0
2592,0
2592.1,0
2592.2,0
2592.3,0
2592.4,0
2592.5,0
2592.6,0
2592.7,0
2592.8,0
2592.9,0
2593,0
2593.1,0
2593.2,0
2593.3,0
2593.4,0
2593.5,0
2593.6,0
2593.7,0
2593.8,0
2593.9,0
2594,0
2594.1,0
2594.2,0
2594.3,0
2594.4,0
2594.5,0
2594.6,0
2594.7,0
2594.8,0
2594.9,0
2595,0
2595.1,0
2595.2,0
2595.3,0
2595.4,0
2595.5,0
2595.6,0
2595.7,0
2595.8,0
2595.9,0
2596,0
2596.1,0
2596.2,0
2596.3,0
2596.4,0
2596.5,0
2596.6,0
2596.7,0
2596.8,0
2596.9,0
2597,0
2597.1,0
2597.2,0
2597.3,0
2597.4,0
2597.5,0
2597.6,0
2597.7,0
2597.8,0
2597.9,0
2598,0
2598.1,0
2598.2,0
2598.3,0
2598.4,0
2598.5,0
2598.6,0
2598.7,0
2598.8,0
2598.9,0
2599,0
2599.1,0
2599.2,0
2599.3,0
2599.4,0
2599.5,0
2599.6,0
2599.7,0
2599.8,0
2599.9,0
2600,0
2600.1,0
2600.2,0
2600.3,0
2600.4,0
2600.5,0
2600.6,0
2600.7,0
2600.8,0
2600.9,0
2601,0
2601.1,0
2601.2,0
2601.3,0
2601.4,0
2601.5,0
2601.6,0
2601.7,0
2601.8,0
2601.9,0
2602,0
2602.1,0
2602.2,0
2602.3,0
2602.4,0
2602.5,0
2602.6,0
2602.7,0
2602.8,0
2602.9,0
2603,0
2603.1,0
2603.2,0
2603.3,0
2603.4,0
2603.5,0
2603.6,0
2603.7,0
2603.8,0
2603.9,0
2604,0
2604.1,0
2604.2,0
2604.3,0
2604.4,0
2604.5,0
2604.6,0
2604.7,0
2604.8,0
2604.9,0
2605,0
2605.1,0
2605.2,0
2605.3,0
2605.4,0
2605.5,0
2605.6,0
2605.7,0
2605.8,0
2605.9,0
2606,0
2606.1,0
2606.2,0
2606.3,0
2606.4,0
2606.5,0
2606.6,0
2606.7,0
2606.8,0
2606.9,0
2607,0
2607.1,0
2607.2,0
2607.3,0
2607.4,0
2607.5,0
2607.6,0
2607.7,0
2607.8,0
2607.9,0
2608,0
2608.1,0
2608.2,0
2608.3,0
2608.4,0
2608.5,0
2608.6,0
2608.7,0
2608.8,0
2608.9,0
2609,0
2609.1,0
2609.2,0
2609.3,0
2609.4,0
2609.5,0
2609.6,0
2609.7,0
2609.8,0
2609.9,0
2610,0
2610.1,0
2610.2,0
2610.3,0
2610.4,0
2610.5,0
2610.6,0
2610.7,0
2610.8,0
2610.9,0
2611,0
2611.1,0
2611.2,0
2611.3,0
2611.4,0
2611.5,0
2611.6,0
2611.7,0
2611.8,0
2611.9,0
2612,0
2612.1,0
2612.2,0
2612.3,0
2612.4,0
2612.5,0
2612.6,0
2612.7,0
2612.8,0
2612.9,0
2613,0
2613.1,0
2613.2,0
2613.3,0
2613.4,0
2613.5,0
2613.6,0
2613.7,0
2613.8,0
2613.9,0
2614,0
2614.1,0
2614.2,0
2614.3,0
2614.4,0
2614.5,0
2614.6,0
2614.7,0
2614.8,0
2614.9,0
2615,0
2615.1,0
2615.2,0
2615.3,0
2615.4,0
2615.5,0
2615.6,0
2615.7,0
2615.8,0
2615.9,0
2616,0
2616.1,0
2616.2,0
2616.3,0
2616.4,0
2616.5,0
2616.6,0
2616.7,0
2616.8,0
2616.9,0
2617,0
2617.1,0
2617.2,0
2617.3,0
2617.4,0
2617.5,0
2617.6,0
2617.7,0
2617.8,0
2617.9,0
2618,0
2618.1,0
2618.2,0
2618.3,0
2618.4,0
2618.5,0
2618.6,0
2618.7,0
2618.8,0
2618.9,0
2619,0
2619.1,0
2619.2,0
2619.3,0
2619.4,0
2619.5,0
2619.6,0
2619.7,0
2619.8,0
2619.9,0
2620,0
2620.1,0
2620.2,0
2620.3,0
2620.4,0
2620.5,0
2620.6,0
2620.7,0
2620.8,0
2620.9,0
2621,0
2621.1,0
2621.2,0
2621.3,0
2621.4,0
2621.5,0
2621.6,0
2621.7,0
2621.8,0
2621.9,0
2622,0
2622.1,0
2622.2,0
2622.3,0
2622.4,0
2622.5,0
2622.6,0
2622.7,0
2622.8,0
2622.9,0
2623,0
2623.1,0
2623.2,0
2623.3,0
2623.4,0
2623.5,0
2623.6,0
2623.7,0
2623.8,0
2623.9,0
2624,0
2624.1,0
2624.2,0
2624.3,0
2624.4,0
2624.5,0
2624.6,0
2624.7,0
2624.8,0
2624.9,0
2625,0
2625.1,0
2625.2,0
2625.3,0
2625.4,0
2625.5,0
2625.6,0
2625.7,0
2625.8,0
2625.9,0
2626,0
2626.1,0
2626.2,0
2626.3,0
2626.4,0
2626.5,0
2626.6,0
2626.7,0
2626.8,0
2626.9,0
2627,0
2627.1,0
2627.2,0
2627.3,0
2627.4,0
2627.5,0
2627.6,0
2627.7,0
2627.8,0
2627.9,0
2628,0
2628.1,0
2628.2,0
2628.3,0
2628.4,0
2628.5,0
2628.6,0
2628.7,0
2628.8,0
2628.9,0
2629,0
2629.1,0
2629.2,0
2629.3,0
2629.4,0
2629.5,0
2629.6,0
2629.7,0
2629.8,0
2629.9,0
2630,0
2630.1,0
2630.2,0
2630.3,0
2630.4,0
2630.5,0
2630.6,0
2630.7,0
2630.8,0
2630.9,0
2631,0
2631.1,0
2631.2,0
2631.3,0
2631.4,0
2631.5,0
2631.6,0
2631.7,0
2631.8,0
2631.9,0
2632,0
2632.1,0
2632.2,0
2632.3,0
2632.4,0
2632.5,0
2632.6,0
2632.7,0
2632.8,0
2632.9,0
2633,0
2633.1,0
2633.2,0
2633.3,0
2633.4,0
2633.5,0
2633.6,0
2633.7,0
2633.8,0
2633.9,0
2634,0
2634.1,0
2634.2,0
2634.3,0
2634.4,0
2634.5,0
2634.6,0
2634.7,0
2634.8,0
2634.9,0
2635,0
2635.1,0
2635.2,0
2635.3,0
2635.4,0
2635.5,0
2635.6,0
2635.7,0
2635.8,0
2635.9,0
2636,0
2636.1,0
2636.2,0
2636.3,0
2636.4,0
2636.5,0
2636.6,0
2636.7,0
2636.8,0
2636.9,0
2637,0
2637.1,0
2637.2,0
2637.3,0
2637.4,0
2637.5,0
2637.6,0
2637.7,0
2637.8,0
2637.9,0
2638,0
2638.1,0
2638.2,0
2638.3,0
2638.4,0
2638.5,0
2638.6,0
2638.7,0
2638.8,0
2638.9,0
2639,0
2639.1,0
2639.2,0
2639.3,0
2639.4,0
2639.5,0
2639.6,0
2639.7,0
2639.8,0
2639.9,0
2640,0
2640.1,0
2640.2,0
2640.3,0
2640.4,0
2640.5,0
2640.6,0
2640.7,0
2640.8,0
2640.9,0
2641,0
2641.1,0
2641.2,0
2641.3,0
2641.4,0
2641.5,0
2641.6,0
2641.7,0
2641.8,0
2641.9,0
2642,0
2642.1,0
2642.2,0
2642.3,0
2642.4,0
2642.5,0
2642.6,0
2642.7,0
2642.8,0
2642.9,0
2643,0
2643.1,0
2643.2,0
2643.3,0
2643.4,0
2643.5,0
2643.6,0
2643.7,0
2643.8,0
2643.9,0
2644,0
2644.1,0
2644.2,0
2644.3,0
2644.4,0
2644.5,0
2644.6,0
2644.7,0
2644.8,0
2644.9,0
2645,0
2645.1,0
2645.2,0
2645.3,0
2645.4,0
2645.5,0
2645.6,0
2645.7,0
2645.8,0
2645.9,0
2646,0
2646.1,0
2646.2,0
2646.3,0
2646.4,0
2646.5,0
2646.6,0
2646.7,0
2646.8,0
2646.9,0
2647,0
2647.1,0
2647.2,0
2647.3,0
2647.4,0
2647.5,0
2647.6,0
2647.7,0
2647.8,0
2647.9,0
2648,0
2648.1,0
2648.2,0
2648.3,0
2648.4,0
2648.5,0
2648.6,0
2648.7,0
2648.8,0
2648.9,0
2649,0
2649.1,0
2649.2,0
2649.3,0
2649.4,0
2649.5,0
2649.6,0
2649.7,0
2649.8,0
2649.9,0
2650,0
2650.1,0
2650.2,0
2650.3,0
2650.4,0
2650.5,0
2650.6,0
2650.7,0
2650.8,0
2650.9,0
2651,0
2651.1,0
2651.2,0
2651.3,0
2651.4,0
2651.5,0
2651.6,0
2651.7,0
2651.8,0
2651.9,0
2652,0
2652.1,0
2652.2,0
2652.3,0
2652.4,0
2652.5,0
2652.6,0
2652.7,0
2652.8,0
2652.9,0
2653,0
2653.1,0
2653.2,0
2653.3,0
2653.4,0
2653.5,0
2653.6,0
2653.7,0
2653.8,0
2653.9,0
2654,0
2654.1,0
2654.2,0
2654.3,0
2654.4,0
2654.5,0
2654.6,0
2654.7,0
2654.8,0
2654.9,0
2655,0
2655.1,0
2655.2,0
2655.3,0
2655.4,0
2655.5,0
2655.6,0
2655.7,0
2655.8,0
2655.9,0
2656,0
2656.1,0
2656.2,0
2656.3,0
2656.4,0
2656.5,0
2656.6,0
2656.7,0
2656.8,0
2656.9,0
2657,0
2657.1,0
2657.2,0
2657.3,0
2657.4,0
2657.5,0
2657.6,0
2657.7,0
2657.8,0
2657.9,0
2658,0
2658.1,0
2658.2,0
2658.3,0
2658.4,0
2658.5,0
2658.6,0
2658.7,0
2658.8,0
2658.9,0
2659,0
2659.1,0
2659.2,0
2659.3,0
2659.4,0
2659.5,0
2659.6,0
2659.7,0
2659.8,0
2659.9,0
2660,0
2660.1,0
2660.2,0
2660.3,0
2660.4,0
2660.5,0
2660.6,0
2660.7,0
2660.8,0
2660.9,0
2661,0
2661.1,0
2661.2,0
2661.3,0
2661.4,0
2661.5,0
2661.6,0
2661.7,0
2661.8,0
2661.9,0
2662,0
2662.1,0
2662.2,0
2662.3,0
2662.4,0
2662.5,0
2662.6,0
2662.7,0
2662.8,0
2662.9,0
2663,0
2663.1,0
2663.2,0
2663.3,0
2663.4,0
2663.5,0
2663.6,0
2663.7,0
2663.8,0
2663.9,0
2664,0
2664.1,0
2664.2,0
2664.3,0
2664.4,0
2664.5,0
2664.6,0
2664.7,0
2664.8,0
2664.9,0
2665,0
2665.1,0
2665.2,0
2665.3,0
2665.4,0
2665.5,0
2665.6,0
2665.7,0
2665.8,0
2665.9,0
2666,0
2666.1,0
2666.2,0
2666.3,0
2666.4,0
2666.5,0
2666.6,0
2666.7,0
2666.8,0
2666.9,0
2667,0
2667.1,0
2667.2,0
2667.3,0
2667.4,0
2667.5,0
2667.6,0
2667.7,0
2667.8,0
2667.9,0
2668,0
2668.1,0
2668.2,0
2668.3,0
2668.4,0
2668.5,0
2668.6,0
2668.7,0
2668.8,0
2668.9,0
2669,0
2669.1,0
2669.2,0
2669.3,0
2669.4,0
2669.5,0
2669.6,0
2669.7,0
2669.8,0
2669.9,0
2670,0
2670.1,0
2670.2,0
2670.3,0
2670.4,0
2670.5,0
2670.6,0
2670.7,0
2670.8,0
2670.9,0
2671,0
2671.1,0
2671.2,0
2671.3,0
2671.4,0
2671.5,0
2671.6,0
2671.7,0
2671.8,0
2671.9,0
2672,0
2672.1,0
2672.2,0
2672.3,0
2672.4,0
2672.5,0
2672.6,0
2672.7,0
2672.8,0
2672.9,0
2673,0
2673.1,0
2673.2,0
2673.3,0
2673.4,0
2673.5,0
2673.6,0
2673.7,0
2673.8,0
2673.9,0
2674,0
2674.1,0
2674.2,0
2674.3,0
2674.4,0
2674.5,0
2674.6,0
2674.7,0
2674.8,0
2674.9,0
2675,0
2675.1,0
2675.2,0
2675.3,0
2675.4,0
2675.5,0
2675.6,0
2675.7,0
2675.8,0
2675.9,0
2676,0
2676.1,0
2676.2,0
2676.3,0
2676.4,0
2676.5,0
2676.6,0
2676.7,0
2676.8,0
2676.9,0
2677,0
2677.1,0
2677.2,0
2677.3,0
2677.4,0
2677.5,0
2677.6,0
2677.7,0
2677.8,0
2677.9,0
2678,0
2678.1,0
2678.2,0
2678.3,0
2678.4,0
2678.5,0
2678.6,0
2678.7,0
2678.8,0
2678.9,0
2679,0
2679.1,0
2679.2,0
2679.3,0
2679.4,0
2679.5,0
2679.6,0
2679.7,0
2679.8,0
2679.9,0
2680,0
2680.1,0
2680.2,0
2680.3,0
2680.4,0
2680.5,0
2680.6,0
2680.7,0
2680.8,0
2680.9,0
2681,0
2681.1,0
2681.2,0
2681.3,0
2681.4,0
2681.5,0
2681.6,0
2681.7,0
2681.8,0
2681.9,0
2682,0
2682.1,0
2682.2,0
2682.3,0
2682.4,0
2682.5,0
2682.6,0
2682.7,0
2682.8,0
2682.9,0
2683,0
2683.1,0
2683.2,0
2683.3,0
2683.4,0
2683.5,0
2683.6,0
2683.7,0
2683.8,0
2683.9,0
2684,0
2684.1,0
2684.2,0
2684.3,0
2684.4,0
2684.5,0
2684.6,0
2684.7,0
2684.8,0
2684.9,0
2685,0
2685.1,0
2685.2,0
2685.3,0
2685.4,0
2685.5,0
2685.6,0
2685.7,0
2685.8,0
2685.9,0
2686,0
2686.1,0
2686.2,0
2686.3,0
2686.4,0
2686.5,0
2686.6,0
2686.7,0
2686.8,0
2686.9,0
2687,0
2687.1,0
2687.2,0
2687.3,0
2687.4,0
2687.5,0
2687.6,0
2687.7,0
2687.8,0
2687.9,0
2688,0
2688.1,0
2688.2,0
2688.3,0
2688.4,0
2688.5,0
2688.6,0
2688.7,0
2688.8,0
2688.9,0
2689,0
2689.1,0
2689.2,0
2689.3,0
2689.4,0
2689.5,0
2689.6,0
2689.7,0
2689.8,0
2689.9,0
2690,0
2690.1,0
2690.2,0
2690.3,0
2690.4,0
2690.5,0
2690.6,0
2690.7,0
2690.8,0
2690.9,0
2691,0
2691.1,0
2691.2,0
2691.3,0
2691.4,0
2691.5,0
2691.6,0
2691.7,0
2691.8,0
2691.9,0
2692,0
2692.1,0
2692.2,0
2692.3,0
2692.4,0
2692.5,0
2692.6,0
2692.7,0
2692.8,0
2692.9,0
2693,0
2693.1,0
2693.2,0
2693.3,0
2693.4,0
2693.5,0
2693.6,0
2693.7,0
2693.8,0
2693.9,0
2694,0
2694.1,0
2694.2,0
2694.3,0
2694.4,0
2694.5,0
2694.6,0
2694.7,0
2694.8,0
2694.9,0
2695,0
2695.1,0
2695.2,0
2695.3,0
2695.4,0
2695.5,0
2695.6,0
2695.7,0
2695.8,0
2695.9,0
2696,0
2696.1,0
2696.2,0
2696.3,0
2696.4,0
2696.5,0
2696.6,0
2696.7,0
2696.8,0
2696.9,0
2697,0
2697.1,0
2697.2,0
2697.3,0
2697.4,0
2697.5,0
2697.6,0
2697.7,0
2697.8,0
2697.9,0
2698,0
2698.1,0
2698.2,0
2698.3,0
2698.4,0
2698.5,0
2698.6,0
2698.7,0
2698.8,0
2698.9,0
2699,0
2699.1,0
2699.2,0
2699.3,0
2699.4,0
2699.5,0
2699.6,0
2699.7,0
2699.8,0
2699.9,0
2700,0
2700.1,0
2700.2,0
2700.3,0
2700.4,0
2700.5,0
2700.6,0
2700.7,0
2700.8,0
2700.9,0
2701,0
2701.1,0
2701.2,0
2701.3,0
2701.4,0
2701.5,0
2701.6,0
2701.7,0
2701.8,0
2701.9,0
2702,0
2702.1,0
2702.2,0
2702.3,0
2702.4,0
2702.5,0
2702.6,0
2702.7,0
2702.8,0
2702.9,0
2703,0
2703.1,0
2703.2,0
2703.3,0
2703.4,0
2703.5,0
2703.6,0
2703.7,0
2703.8,0
2703.9,0
2704,0
2704.1,0
2704.2,0
2704.3,0
2704.4,0
2704.5,0
2704.6,0
2704.7,0
2704.8,0
2704.9,0
2705,0
2705.1,0
2705.2,0
2705.3,0
2705.4,0
2705.5,0
2705.6,0
2705.7,0
2705.8,0
2705.9,0
2706,0
2706.1,0
2706.2,0
2706.3,0
2706.4,0
2706.5,0
2706.6,0
2706.7,0
2706.8,0
2706.9,0
2707,0
2707.1,0
2707.2,0
2707.3,0
2707.4,0
2707.5,0
2707.6,0
2707.7,0
2707.8,0
2707.9,0
2708,0
2708.1,0
2708.2,0
2708.3,0
2708.4,0
2708.5,0
2708.6,0
2708.7,0
2708.8,0
2708.9,0
2709,0
2709.1,0
2709.2,0
2709.3,0
2709.4,0
2709.5,0
2709.6,0
2709.7,0
2709.8,0
2709.9,0
2710,0
2710.1,0
2710.2,0
2710.3,0
2710.4,0
2710.5,0
2710.6,0
2710.7,0
2710.8,0
2710.9,0
2711,0
2711.1,0
2711.2,0
2711.3,0
2711.4,0
2711.5,0
2711.6,0
2711.7,0
2711.8,0
2711.9,0
2712,0
2712.1,0
2712.2,0
2712.3,0
2712.4,0
2712.5,0
2712.6,0
2712.7,0
2712.8,0
2712.9,0
2713,0
2713.1,0
2713.2,0
2713.3,0
2713.4,0
2713.5,0
2713.6,0
2713.7,0
2713.8,0
2713.9,0
2714,0
2714.1,0
2714.2,0
2714.3,0
2714.4,0
2714.5,0
2714.6,0
2714.7,0
2714.8,0
2714.9,0
2715,0
2715.1,0
2715.2,0
2715.3,0
2715.4,0
2715.5,0
2715.6,0
2715.7,0
2715.8,0
2715.9,0
2716,0
2716.1,0
2716.2,0
2716.3,0
2716.4,0
2716.5,0
2716.6,0
2716.7,0
2716.8,0
2716.9,0
2717,0
2717.1,0
2717.2,0
2717.3,0
2717.4,0
2717.5,0
2717.6,0
2717.7,0
2717.8,0
2717.9,0
2718,0
2718.1,0
2718.2,0
2718.3,0
2718.4,0
2718.5,0
2718.6,0
2718.7,0
2718.8,0
2718.9,0
2719,0
2719.1,0
2719.2,0
2719.3,0
2719.4,0
2719.5,0
2719.6,0
2719.7,0
2719.8,0
2719.9,0
2720,0
2720.1,0
2720.2,0
2720.3,0
2720.4,0
2720.5,0
2720.6,0
2720.7,0
2720.8,0
2720.9,0
2721,0
2721.1,0
2721.2,0
2721.3,0
2721.4,0
2721.5,0
2721.6,0
2721.7,0
2721.8,0
2721.9,0
2722,0
2722.1,0
2722.2,0
2722.3,0
2722.4,0
2722.5,0
2722.6,0
2722.7,0
2722.8,0
2722.9,0
2723,0
2723.1,0
2723.2,0
2723.3,0
2723.4,0
2723.5,0
2723.6,0
2723.7,0
2723.8,0
2723.9,0
2724,0
2724.1,0
2724.2,0
2724.3,0
2724.4,0
2724.5,0
2724.6,0
2724.7,0
2724.8,0
2724.9,0
2725,0
2725.1,0
2725.2,0
2725.3,0
2725.4,0
2725.5,0
2725.6,0
2725.7,0
2725.8,0
2725.9,0
2726,0
2726.1,0
2726.2,0
2726.3,0
2726.4,0
2726.5,0
2726.6,0
2726.7,0
2726.8,0
2726.9,0
2727,0
2727.1,0
2727.2,0
2727.3,0
2727.4,0
2727.5,0
2727.6,0
2727.7,0
2727.8,0
2727.9,0
2728,0
2728.1,0
2728.2,0
2728.3,0
2728.4,0
2728.5,0
2728.6,0
2728.7,0
2728.8,0
2728.9,0
2729,0
2729.1,0
2729.2,0
2729.3,0
2729.4,0
2729.5,0
2729.6,0
2729.7,0
2729.8,0
2729.9,0
2730,0
2730.1,0
2730.2,0
2730.3,0
2730.4,0
2730.5,0
2730.6,0
2730.7,0
2730.8,0
2730.9,0
2731,0
2731.1,0
2731.2,0
2731.3,0
2731.4,0
2731.5,0
2731.6,0
2731.7,0
2731.8,0
2731.9,0
2732,0
2732.1,0
2732.2,0
2732.3,0
2732.4,0
2732.5,0
2732.6,0
2732.7,0
2732.8,0
2732.9,0
2733,0
2733.1,0
2733.2,0
2733.3,0
2733.4,0
2733.5,0
2733.6,0
2733.7,0
2733.8,0
2733.9,0
2734,0
2734.1,0
2734.2,0
2734.3,0
2734.4,0
2734.5,0
2734.6,0
2734.7,0
2734.8,0
2734.9,0
2735,0
2735.1,0
2735.2,0
2735.3,0
2735.4,0
2735.5,0
2735.6,0
2735.7,0
2735.8,0
2735.9,0
2736,0
2736.1,0
2736.2,0
2736.3,0
2736.4,0
2736.5,0
2736.6,0
2736.7,0
2736.8,0
2736.9,0
2737,0
2737.1,0
2737.2,0
2737.3,0
2737.4,0
2737.5,0
2737.6,0
2737.7,0
2737.8,0
2737.9,0
2738,0
2738.1,0
2738.2,0
2738.3,0
2738.4,0
2738.5,0
2738.6,0
2738.7,0
2738.8,0
2738.9,0
2739,0
2739.1,0
2739.2,0
2739.3,0
2739.4,0
2739.5,0
2739.6,0
2739.7,0
2739.8,0
2739.9,0
2740,0
2740.1,0
2740.2,0
2740.3,0
2740.4,0
2740.5,0
2740.6,0
2740.7,0
2740.8,0
2740.9,0
2741,0
2741.1,0
2741.2,0
2741.3,0
2741.4,0
2741.5,0
2741.6,0
2741.7,0
2741.8,0
2741.9,0
2742,0
2742.1,0
2742.2,0
2742.3,0
2742.4,0
2742.5,0
2742.6,0
2742.7,0
2742.8,0
2742.9,0
2743,0
2743.1,0
2743.2,0
2743.3,0
2743.4,0
2743.5,0
2743.6,0
2743.7,0
2743.8,0
2743.9,0
2744,0
2744.1,0
2744.2,0
2744.3,0
2744.4,0
2744.5,0
2744.6,0
2744.7,0
2744.8,0
2744.9,0
2745,0
2745.1,0
2745.2,0
2745.3,0
2745.4,0
2745.5,0
2745.6,0
2745.7,0
2745.8,0
2745.9,0
2746,0
2746.1,0
2746.2,0
2746.3,0
2746.4,0
2746.5,0
2746.6,0
2746.7,0
2746.8,0
2746.9,0
2747,0
2747.1,0
2747.2,0
2747.3,0
2747.4,0
2747.5,0
2747.6,0
2747.7,0
2747.8,0
2747.9,0
2748,0
2748.1,0
2748.2,0
2748.3,0
2748.4,0
2748.5,0
2748.6,0
2748.7,0
2748.8,0
2748.9,0
2749,0
2749.1,0
2749.2,0
2749.3,0
2749.4,0
2749.5,0
2749.6,0
2749.7,0
2749.8,0
2749.9,0
2750,0
2750.1,0
2750.2,0
2750.3,0
2750.4,0
2750.5,0
2750.6,0
2750.7,0
2750.8,0
2750.9,0
2751,0
2751.1,0
2751.2,0
2751.3,0
2751.4,0
2751.5,0
2751.6,0
2751.7,0
2751.8,0
2751.9,0
2752,0
2752.1,0
2752.2,0
2752.3,0
2752.4,0
2752.5,0
2752.6,0
2752.7,0
2752.8,0
2752.9,0
2753,0
2753.1,0
2753.2,0
2753.3,0
2753.4,0
2753.5,0
2753.6,0
2753.7,0
2753.8,0
2753.9,0
2754,0
2754.1,0
2754.2,0
2754.3,0
2754.4,0
2754.5,0
2754.6,0
2754.7,0
2754.8,0
2754.9,0
2755,0
2755.1,0
2755.2,0
2755.3,0
2755.4,0
2755.5,0
2755.6,0
2755.7,0
2755.8,0
2755.9,0
2756,0
2756.1,0
2756.2,0
2756.3,0
2756.4,0
2756.5,0
2756.6,0
2756.7,0
2756.8,0
2756.9,0
2757,0
2757.1,0
2757.2,0
2757.3,0
2757.4,0
2757.5,0
2757.6,0
2757.7,0
2757.8,0
2757.9,0
2758,0
2758.1,0
2758.2,0
2758.3,0
2758.4,0
2758.5,0
2758.6,0
2758.7,0
2758.8,0
2758.9,0
2759,0
2759.1,0
2759.2,0
2759.3,0
2759.4,0
2759.5,0
2759.6,0
2759.7,0
2759.8,0
2759.9,0
2760,0
2760.1,0
2760.2,0
2760.3,0
2760.4,0
2760.5,0
2760.6,0
2760.7,0
2760.8,0
2760.9,0
2761,0
2761.1,0
2761.2,0
2761.3,0
2761.4,0
2761.5,0
2761.6,0
2761.7,0
2761.8,0
2761.9,0
2762,0
2762.1,0
2762.2,0
2762.3,0
2762.4,0
2762.5,0
2762.6,0
2762.7,0
2762.8,0
2762.9,0
2763,0
2763.1,0
2763.2,0
2763.3,0
2763.4,0
2763.5,0
2763.6,0
2763.7,0
2763.8,0
2763.9,0
2764,0
2764.1,0
2764.2,0
2764.3,0
2764.4,0
2764.5,0
2764.6,0
2764.7,0
2764.8,0
2764.9,0
2765,0
2765.1,0
2765.2,0
2765.3,0
2765.4,0
2765.5,0
2765.6,0
2765.7,0
2765.8,0
2765.9,0
2766,0
2766.1,0
2766.2,0
2766.3,0
2766.4,0
2766.5,0
2766.6,0
2766.7,0
2766.8,0
2766.9,0
2767,0
2767.1,0
2767.2,0
2767.3,0
2767.4,0
2767.5,0
2767.6,0
2767.7,0
2767.8,0
2767.9,0
2768,0
2768.1,0
2768.2,0
2768.3,0
2768.4,0
2768.5,0
2768.6,0
2768.7,0
2768.8,0
2768.9,0
2769,0
2769.1,0
2769.2,0
2769.3,0
2769.4,0
2769.5,0
2769.6,0
2769.7,0
2769.8,0
2769.9,0
2770,0
2770.1,0
2770.2,0
2770.3,0
2770.4,0
2770.5,0
2770.6,0
2770.7,0
2770.8,0
2770.9,0
2771,0
2771.1,0
2771.2,0
2771.3,0
2771.4,0
2771.5,0
2771.6,0
2771.7,0
2771.8,0
2771.9,0
2772,0
2772.1,0
2772.2,0
2772.3,0
2772.4,0
2772.5,0
2772.6,0
2772.7,0
2772.8,0
2772.9,0
2773,0
2773.1,0
2773.2,0
2773.3,0
2773.4,0
2773.5,0
2773.6,0
2773.7,0
2773.8,0
2773.9,0
2774,0
2774.1,0
2774.2,0
2774.3,0
2774.4,0
2774.5,0
2774.6,0
2774.7,0
2774.8,0
2774.9,0
2775,0
2775.1,0
2775.2,0
2775.3,0
2775.4,0
2775.5,0
2775.6,0
2775.7,0
2775.8,0
2775.9,0
2776,0
2776.1,0
2776.2,0
2776.3,0
2776.4,0
2776.5,0
2776.6,0
2776.7,0
2776.8,0
2776.9,0
2777,0
2777.1,0
2777.2,0
2777.3,0
2777.4,0
2777.5,0
2777.6,0
2777.7,0
2777.8,0
2777.9,0
2778,0
2778.1,0
2778.2,0
2778.3,0
2778.4,0
2778.5,0
2778.6,0
2778.7,0
2778.8,0
2778.9,0
2779,0
2779.1,0
2779.2,0
2779.3,0
2779.4,0
2779.5,0
2779.6,0
2779.7,0
2779.8,0
2779.9,0
2780,0
2780.1,0
2780.2,0
2780.3,0
2780.4,0
2780.5,0
2780.6,0
2780.7,0
2780.8,0
2780.9,0
2781,0
2781.1,0
2781.2,0
2781.3,0
2781.4,0
2781.5,0
2781.6,0
2781.7,0
2781.8,0
2781.9,0
2782,0
2782.1,0
2782.2,0
2782.3,0
2782.4,0
2782.5,0
2782.6,0
2782.7,0
2782.8,0
2782.9,0
2783,0
2783.1,0
2783.2,0
2783.3,0
2783.4,0
2783.5,0
2783.6,0
2783.7,0
2783.8,0
2783.9,0
2784,0
2784.1,0
2784.2,0
2784.3,0
2784.4,0
2784.5,0
2784.6,0
2784.7,0
2784.8,0
2784.9,0
2785,0
2785.1,0
2785.2,0
2785.3,0
2785.4,0
2785.5,0
2785.6,0
2785.7,0
2785.8,0
2785.9,0
2786,0
2786.1,0
2786.2,0
2786.3,0
2786.4,0
2786.5,0
2786.6,0
2786.7,0
2786.8,0
2786.9,0
2787,0
2787.1,0
2787.2,0
2787.3,0
2787.4,0
2787.5,0
2787.6,0
2787.7,0
2787.8,0
2787.9,0
2788,0
2788.1,0
2788.2,0
2788.3,0
2788.4,0
2788.5,0
2788.6,0
2788.7,0
2788.8,0
2788.9,0
2789,0
2789.1,0
2789.2,0
2789.3,0
2789.4,0
2789.5,0
2789.6,0
2789.7,0
2789.8,0
2789.9,0
2790,0
2790.1,0
2790.2,0
2790.3,0
2790.4,0
2790.5,0
2790.6,0
2790.7,0
2790.8,0
2790.9,0
2791,0
2791.1,0
2791.2,0
2791.3,0
2791.4,0
2791.5,0
2791.6,0
2791.7,0
2791.8,0
2791.9,0
2792,0
2792.1,0
2792.2,0
2792.3,0
2792.4,0
2792.5,0
2792.6,0
2792.7,0
2792.8,0
2792.9,0
2793,0
2793.1,0
2793.2,0
2793.3,0
2793.4,0
2793.5,0
2793.6,0
2793.7,0
2793.8,0
2793.9,0
2794,0
2794.1,0
2794.2,0
2794.3,0
2794.4,0
2794.5,0
2794.6,0
2794.7,0
2794.8,0
2794.9,0
2795,0
2795.1,0
2795.2,0
2795.3,0
2795.4,0
2795.5,0
2795.6,0
2795.7,0
2795.8,0
2795.9,0
2796,0
2796.1,0
2796.2,0
2796.3,0
2796.4,0
2796.5,0
2796.6,0
2796.7,0
2796.8,0
2796.9,0
2797,0
2797.1,0
2797.2,0
2797.3,0
2797.4,0
2797.5,0
2797.6,0
2797.7,0
2797.8,0
2797.9,0
2798,0
2798.1,0
2798.2,0
2798.3,0
2798.4,0
2798.5,0
2798.6,0
2798.7,0
2798.8,0
2798.9,0
2799,0
2799.1,0
2799.2,0
2799.3,0
2799.4,0
2799.5,0
2799.6,0
2799.7,0
2799.8,0
2799.9,0
2800,0
2800.1,0
2800.2,0
2800.3,0
2800.4,0
2800.5,0
2800.6,0
2800.7,0
2800.8,0
2800.9,0
2801,0
2801.1,0
2801.2,0
2801.3,0
2801.4,0
2801.5,0
2801.6,0
2801.7,0
2801.8,0
2801.9,0
2802,0
2802.1,0
2802.2,0
2802.3,0
2802.4,0
2802.5,0
2802.6,0
2802.7,0
2802.8,0
2802.9,0
2803,0
2803.1,0
2803.2,0
2803.3,0
2803.4,0
2803.5,0
2803.6,0
2803.7,0
2803.8,0
2803.9,0
2804,0
2804.1,0
2804.2,0
2804.3,0
2804.4,0
2804.5,0
2804.6,0
2804.7,0
2804.8,0
2804.9,0
2805,0
2805.1,0
2805.2,0
2805.3,0
2805.4,0
2805.5,0
2805.6,0
2805.7,0
2805.8,0
2805.9,0
2806,0
2806.1,0
2806.2,0
2806.3,0
2806.4,0
2806.5,0
2806.6,0
2806.7,0
2806.8,0
2806.9,0
2807,0
2807.1,0
2807.2,0
2807.3,0
2807.4,0
2807.5,0
2807.6,0
2807.7,0
2807.8,0
2807.9,0
2808,0
2808.1,0
2808.2,0
2808.3,0
2808.4,0
2808.5,0
2808.6,0
2808.7,0
2808.8,0
2808.9,0
2809,0
2809.1,0
2809.2,0
2809.3,0
2809.4,0
2809.5,0
2809.6,0
2809.7,0
2809.8,0
2809.9,0
2810,0
2810.1,0
2810.2,0
2810.3,0
2810.4,0
2810.5,0
2810.6,0
2810.7,0
2810.8,0
2810.9,0
2811,0
2811.1,0
2811.2,0
2811.3,0
2811.4,0
2811.5,0
2811.6,0
2811.7,0
2811.8,0
2811.9,0
2812,0
2812.1,0
2812.2,0
2812.3,0
2812.4,0
2812.5,0
2812.6,0
2812.7,0
2812.8,0
2812.9,0
2813,0
2813.1,0
2813.2,0
2813.3,0
2813.4,0
2813.5,0
2813.6,0
2813.7,0
2813.8,0
2813.9,0
2814,0
2814.1,0
2814.2,0
2814.3,0
2814.4,0
2814.5,0
2814.6,0
2814.7,0
2814.8,0
2814.9,0
2815,0
2815.1,0
2815.2,0
2815.3,0
2815.4,0
2815.5,0
2815.6,0
2815.7,0
2815.8,0
2815.9,0
2816,0
2816.1,0
2816.2,0
2816.3,0
2816.4,0
2816.5,0
2816.6,0
2816.7,0
2816.8,0
2816.9,0
2817,0
2817.1,0
2817.2,0
2817.3,0
2817.4,0
2817.5,0
2817.6,0
2817.7,0
2817.8,0
2817.9,0
2818,0
2818.1,0
2818.2,0
2818.3,0
2818.4,0
2818.5,0
2818.6,0
2818.7,0
2818.8,0
2818.9,0
2819,0
2819.1,0
2819.2,0
2819.3,0
2819.4,0
2819.5,0
2819.6,0
2819.7,0
2819.8,0
2819.9,0
2820,0
2820.1,0
2820.2,0
2820.3,0
2820.4,0
2820.5,0
2820.6,0
2820.7,0
2820.8,0
2820.9,0
2821,0
2821.1,0
2821.2,0
2821.3,0
2821.4,0
2821.5,0
2821.6,0
2821.7,0
2821.8,0
2821.9,0
2822,0
2822.1,0
2822.2,0
2822.3,0
2822.4,0
2822.5,0
2822.6,0
2822.7,0
2822.8,0
2822.9,0
2823,0
2823.1,0
2823.2,0
2823.3,0
2823.4,0
2823.5,0
2823.6,0
2823.7,0
2823.8,0
2823.9,0
2824,0
2824.1,0
2824.2,0
2824.3,0
2824.4,0
2824.5,0
2824.6,0
2824.7,0
2824.8,0
2824.9,0
2825,0
2825.1,0
2825.2,0
2825.3,0
2825.4,0
2825.5,0
2825.6,0
2825.7,0
2825.8,0
2825.9,0
2826,0
2826.1,0
2826.2,0
2826.3,0
2826.4,0
2826.5,0
2826.6,0
2826.7,0
2826.8,0
2826.9,0
2827,0
2827.1,0
2827.2,0
2827.3,0
2827.4,0
2827.5,0
2827.6,0
2827.7,0
2827.8,0
2827.9,0
2828,0
2828.1,0
2828.2,0
2828.3,0
2828.4,0
2828.5,0
2828.6,0
2828.7,0
2828.8,0
2828.9,0
2829,0
2829.1,0
2829.2,0
2829.3,0
2829.4,0
2829.5,0
2829.6,0
2829.7,0
2829.8,0
2829.9,0
2830,0
2830.1,0
2830.2,0
2830.3,0
2830.4,0
2830.5,0
2830.6,0
2830.7,0
2830.8,0
2830.9,0
2831,0
2831.1,0
2831.2,0
2831.3,0
2831.4,0
2831.5,0
2831.6,0
2831.7,0
2831.8,0
2831.9,0
2832,0
2832.1,0
2832.2,0
2832.3,0
2832.4,0
2832.5,0
2832.6,0
2832.7,0
2832.8,0
2832.9,0
2833,0
2833.1,0
2833.2,0
2833.3,0
2833.4,0
2833.5,0
2833.6,0
2833.7,0
2833.8,0
2833.9,0
2834,0
2834.1,0
2834.2,0
2834.3,0
2834.4,0
2834.5,0
2834.6,0
2834.7,0
2834.8,0
2834.9,0
2835,0
2835.1,0
2835.2,0
2835.3,0
2835.4,0
2835.5,0
2835.6,0
2835.7,0
2835.8,0
2835.9,0
2836,0
2836.1,0
2836.2,0
2836.3,0
2836.4,0
2836.5,0
2836.6,0
2836.7,0
2836.8,0
2836.9,0
2837,0
2837.1,0
2837.2,0
2837.3,0
2837.4,0
2837.5,0
2837.6,0
2837.7,0
2837.8,0
2837.9,0
2838,0
2838.1,0
2838.2,0
2838.3,0
2838.4,0
2838.5,0
2838.6,0
2838.7,0
2838.8,0
2838.9,0
2839,0
2839.1,0
2839.2,0
2839.3,0
2839.4,0
2839.5,0
2839.6,0
2839.7,0
2839.8,0
2839.9,0
2840,0
2840.1,0
2840.2,0
2840.3,0
2840.4,0
2840.5,0
2840.6,0
2840.7,0
2840.8,0
2840.9,0
2841,0
2841.1,0
2841.2,0
2841.3,0
2841.4,0
2841.5,0
2841.6,0
2841.7,0
2841.8,0
2841.9,0
2842,0
2842.1,0
2842.2,0
2842.3,0
2842.4,0
2842.5,0
2842.6,0
2842.7,0
2842.8,0
2842.9,0
2843,0
2843.1,0
2843.2,0
2843.3,0
2843.4,0
2843.5,0
2843.6,0
2843.7,0
2843.8,0
2843.9,0
2844,0
2844.1,0
2844.2,0
2844.3,0
2844.4,0
2844.5,0
2844.6,0
2844.7,0
2844.8,0
2844.9,0
2845,0
2845.1,0
2845.2,0
2845.3,0
2845.4,0
2845.5,0
2845.6,0
2845.7,0
2845.8,0
2845.9,0
2846,0
2846.1,0
2846.2,0
2846.3,0
2846.4,0
2846.5,0
2846.6,0
2846.7,0
2846.8,0
2846.9,0
2847,0
2847.1,0
2847.2,0
2847.3,0
2847.4,0
2847.5,0
2847.6,0
2847.7,0
2847.8,0
2847.9,0
2848,0
2848.1,0
2848.2,0
2848.3,0
2848.4,0
2848.5,0
2848.6,0
2848.7,0
2848.8,0
2848.9,0
2849,0
2849.1,0
2849.2,0
2849.3,0
2849.4,0
2849.5,0
2849.6,0
2849.7,0
2849.8,0
2849.9,0
2850,0
2850.1,0
2850.2,0
2850.3,0
2850.4,0
2850.5,0
2850.6,0
2850.7,0
2850.8,0
2850.9,0
2851,0
2851.1,0
2851.2,0
2851.3,0
2851.4,0
2851.5,0
2851.6,0
2851.7,0
2851.8,0
2851.9,0
2852,0
2852.1,0
2852.2,0
2852.3,0
2852.4,0
2852.5,0
2852.6,0
2852.7,0
2852.8,0
2852.9,0
2853,0
2853.1,0
2853.2,0
2853.3,0
2853.4,0
2853.5,0
2853.6,0
2853.7,0
2853.8,0
2853.9,0
2854,0
2854.1,0
2854.2,0
2854.3,0
2854.4,0
2854.5,0
2854.6,0
2854.7,0
2854.8,0
2854.9,0
2855,0
2855.1,0
2855.2,0
2855.3,0
2855.4,0
2855.5,0
2855.6,0
2855.7,0
2855.8,0
2855.9,0
2856,0
2856.1,0
2856.2,0
2856.3,0
2856.4,0
2856.5,0
2856.6,0
2856.7,0
2856.8,0
2856.9,0
2857,0
2857.1,0
2857.2,0
2857.3,0
2857.4,0
2857.5,0
2857.6,0
2857.7,0
2857.8,0
2857.9,0
2858,0
2858.1,0
2858.2,0
2858.3,0
2858.4,0
2858.5,0
2858.6,0
2858.7,0
2858.8,0
2858.9,0
2859,0
2859.1,0
2859.2,0
2859.3,0
2859.4,0
2859.5,0
2859.6,0
2859.7,0
2859.8,0
2859.9,0
2860,0
2860.1,0
2860.2,0
2860.3,0
2860.4,0
2860.5,0
2860.6,0
2860.7,0
2860.8,0
2860.9,0
2861,0
2861.1,0
2861.2,0
2861.3,0
2861.4,0
2861.5,0
2861.6,0
2861.7,0
2861.8,0
2861.9,0
2862,0
2862.1,0
2862.2,0
2862.3,0
2862.4,0
2862.5,0
2862.6,0
2862.7,0
2862.8,0
2862.9,0
2863,0
2863.1,0
2863.2,0
2863.3,0
2863.4,0
2863.5,0
2863.6,0
2863.7,0
2863.8,0
2863.9,0
2864,0
2864.1,0
2864.2,0
2864.3,0
2864.4,0
2864.5,0
2864.6,0
2864.7,0
2864.8,0
2864.9,0
2865,0
2865.1,0
2865.2,0
2865.3,0
2865.4,0
2865.5,0
2865.6,0
2865.7,0
2865.8,0
2865.9,0
2866,0
2866.1,0
2866.2,0
2866.3,0
2866.4,0
2866.5,0
2866.6,0
2866.7,0
2866.8,0
2866.9,0
2867,0
2867.1,0
2867.2,0
2867.3,0
2867.4,0
2867.5,0
2867.6,0
2867.7,0
2867.8,0
2867.9,0
2868,0
2868.1,0
2868.2,0
2868.3,0
2868.4,0
2868.5,0
2868.6,0
2868.7,0
2868.8,0
2868.9,0
2869,0
2869.1,0
2869.2,0
2869.3,0
2869.4,0
2869.5,0
2869.6,0
2869.7,0
2869.8,0
2869.9,0
2870,0
2870.1,0
2870.2,0
2870.3,0
2870.4,0
2870.5,0
2870.6,0
2870.7,0
2870.8,0
2870.9,0
2871,0
2871.1,0
2871.2,0
2871.3,0
2871.4,0
2871.5,0
2871.6,0
2871.7,0
2871.8,0
2871.9,0
2872,0
2872.1,0
2872.2,0
2872.3,0
2872.4,0
2872.5,0
2872.6,0
2872.7,0
2872.8,0
2872.9,0
2873,0
2873.1,0
2873.2,0
2873.3,0
2873.4,0
2873.5,0
2873.6,0
2873.7,0
2873.8,0
2873.9,0
2874,0
2874.1,0
2874.2,0
2874.3,0
2874.4,0
2874.5,0
2874.6,0
2874.7,0
2874.8,0
2874.9,0
2875,0
2875.1,0
2875.2,0
2875.3,0
2875.4,0
2875.5,0
2875.6,0
2875.7,0
2875.8,0
2875.9,0
2876,0
2876.1,0
2876.2,0
2876.3,0
2876.4,0
2876.5,0
2876.6,0
2876.7,0
2876.8,0
2876.9,0
2877,0
2877.1,0
2877.2,0
2877.3,0
2877.4,0
2877.5,0
2877.6,0
2877.7,0
2877.8,0
2877.9,0
2878,0
2878.1,0
2878.2,0
2878.3,0
2878.4,0
2878.5,0
2878.6,0
2878.7,0
2878.8,0
2878.9,0
2879,0
2879.1,0
2879.2,0
2879.3,0
2879.4,0
2879.5,0
2879.6,0
2879.7,0
2879.8,0
2879.9,0
2880,0
2880.1,0
2880.2,0
2880.3,0
2880.4,0
2880.5,0
2880.6,0
2880.7,0
2880.8,0
2880.9,0
2881,0
2881.1,0
2881.2,0
2881.3,0
2881.4,0
2881.5,0
2881.6,0
2881.7,0
2881.8,0
2881.9,0
2882,0
2882.1,0
2882.2,0
2882.3,0
2882.4,0
2882.5,0
2882.6,0
2882.7,0
2882.8,0
2882.9,0
2883,0
2883.1,0
2883.2,0
2883.3,0
2883.4,0
2883.5,0
2883.6,0
2883.7,0
2883.8,0
2883.9,0
2884,0
2884.1,0
2884.2,0
2884.3,0
2884.4,0
2884.5,0
2884.6,0
2884.7,0
2884.8,0
2884.9,0
2885,0
2885.1,0
2885.2,0
2885.3,0
2885.4,0
2885.5,0
2885.6,0
2885.7,0
2885.8,0
2885.9,0
2886,0
2886.1,0
2886.2,0
2886.3,0
2886.4,0
2886.5,0
2886.6,0
2886.7,0
2886.8,0
2886.9,0
2887,0
2887.1,0
2887.2,0
2887.3,0
2887.4,0
2887.5,0
2887.6,0
2887.7,0
2887.8,0
2887.9,0
2888,0
2888.1,0
2888.2,0
2888.3,0
2888.4,0
2888.5,0
2888.6,0
2888.7,0
2888.8,0
2888.9,0
2889,0
2889.1,0
2889.2,0
2889.3,0
2889.4,0
2889.5,0
2889.6,0
2889.7,0
2889.8,0
2889.9,0
2890,0
2890.1,0
2890.2,0
2890.3,0
2890.4,0
2890.5,0
2890.6,0
2890.7,0
2890.8,0
2890.9,0
2891,0
2891.1,0
2891.2,0
2891.3,0
2891.4,0
2891.5,0
2891.6,0
2891.7,0
2891.8,0
2891.9,0
2892,0
2892.1,0
2892.2,0
2892.3,0
2892.4,0
2892.5,0
2892.6,0
2892.7,0
2892.8,0
2892.9,0
2893,0
2893.1,0
2893.2,0
2893.3,0
2893.4,0
2893.5,0
2893.6,0
2893.7,0
2893.8,0
2893.9,0
2894,0
2894.1,0
2894.2,0
2894.3,0
2894.4,0
2894.5,0
2894.6,0
2894.7,0
2894.8,0
2894.9,0
2895,0
2895.1,0
2895.2,0
2895.3,0
2895.4,0
2895.5,0
2895.6,0
2895.7,0
2895.8,0
2895.9,0
2896,0
2896.1,0
2896.2,0
2896.3,0
2896.4,0
2896.5,0
2896.6,0
2896.7,0
2896.8,0
2896.9,0
2897,0
2897.1,0
2897.2,0
2897.3,0
2897.4,0
2897.5,0
2897.6,0
2897.7,0
2897.8,0
2897.9,0
2898,0
2898.1,0
2898.2,0
2898.3,0
2898.4,0
2898.5,0
2898.6,0
2898.7,0
2898.8,0
2898.9,0
2899,0
2899.1,0
2899.2,0
2899.3,0
2899.4,0
2899.5,0
2899.6,0
2899.7,0
2899.8,0
2899.9,0
2900,0
2900.1,0
2900.2,0
2900.3,0
2900.4,0
2900.5,0
2900.6,0
2900.7,0
2900.8,0
2900.9,0
2901,0
2901.1,0
2901.2,0
2901.3,0
2901.4,0
2901.5,0
2901.6,0
2901.7,0
2901.8,0
2901.9,0
2902,0
2902.1,0
2902.2,0
2902.3,0
2902.4,0
2902.5,0
2902.6,0
2902.7,0
2902.8,0
2902.9,0
2903,0
2903.1,0
2903.2,0
2903.3,0
2903.4,0
2903.5,0
2903.6,0
2903.7,0
2903.8,0
2903.9,0
2904,0
2904.1,0
2904.2,0
2904.3,0
2904.4,0
2904.5,0
2904.6,0
2904.7,0
2904.8,0
2904.9,0
2905,0
2905.1,0
2905.2,0
2905.3,0
2905.4,0
2905.5,0
2905.6,0
2905.7,0
2905.8,0
2905.9,0
2906,0
2906.1,0
2906.2,0
2906.3,0
2906.4,0
2906.5,0
2906.6,0
2906.7,0
2906.8,0
2906.9,0
2907,0
2907.1,0
2907.2,0
2907.3,0
2907.4,0
2907.5,0
2907.6,0
2907.7,0
2907.8,0
2907.9,0
2908,0
2908.1,0
2908.2,0
2908.3,0
2908.4,0
2908.5,0
2908.6,0
2908.7,0
2908.8,0
2908.9,0
2909,0
2909.1,0
2909.2,0
2909.3,0
2909.4,0
2909.5,0
2909.6,0
2909.7,0
2909.8,0
2909.9,0
2910,0
2910.1,0
2910.2,0
2910.3,0
2910.4,0
2910.5,0
2910.6,0
2910.7,0
2910.8,0
2910.9,0
2911,0
2911.1,0
2911.2,0
2911.3,0
2911.4,0
2911.5,0
2911.6,0
2911.7,0
2911.8,0
2911.9,0
2912,0
2912.1,0
2912.2,0
2912.3,0
2912.4,0
2912.5,0
2912.6,0
2912.7,0
2912.8,0
2912.9,0
2913,0
2913.1,0
2913.2,0
2913.3,0
2913.4,0
2913.5,0
2913.6,0
2913.7,0
2913.8,0
2913.9,0
2914,0
2914.1,0
2914.2,0
2914.3,0
2914.4,0
2914.5,0
2914.6,0
2914.7,0
2914.8,0
2914.9,0
2915,0
2915.1,0
2915.2,0
2915.3,0
2915.4,0
2915.5,0
2915.6,0
2915.7,0
2915.8,0
2915.9,0
2916,0
2916.1,0
2916.2,0
2916.3,0
2916.4,0
2916.5,0
2916.6,0
2916.7,0
2916.8,0
2916.9,0
2917,0
2917.1,0
2917.2,0
2917.3,0
2917.4,0
2917.5,0
2917.6,0
2917.7,0
2917.8,0
2917.9,0
2918,0
2918.1,0
2918.2,0
2918.3,0
2918.4,0
2918.5,0
2918.6,0
2918.7,0
2918.8,0
2918.9,0
2919,0
2919.1,0
2919.2,0
2919.3,0
2919.4,0
2919.5,0
2919.6,0
2919.7,0
2919.8,0
2919.9,0
2920,0
2920.1,0
2920.2,0
2920.3,0
2920.4,0
2920.5,0
2920.6,0
2920.7,0
2920.8,0
2920.9,0
2921,0
2921.1,0
2921.2,0
2921.3,0
2921.4,0
2921.5,0
2921.6,0
2921.7,0
2921.8,0
2921.9,0
2922,0
2922.1,0
2922.2,0
2922.3,0
2922.4,0
2922.5,0
2922.6,0
2922.7,0
2922.8,0
2922.9,0
2923,0
2923.1,0
2923.2,0
2923.3,0
2923.4,0
2923.5,0
2923.6,0
2923.7,0
2923.8,0
2923.9,0
2924,0
2924.1,0
2924.2,0
2924.3,0
2924.4,0
2924.5,0
2924.6,0
2924.7,0
2924.8,0
2924.9,0
2925,0
2925.1,0
2925.2,0
2925.3,0
2925.4,0
2925.5,0
2925.6,0
2925.7,0
2925.8,0
2925.9,0
2926,0
2926.1,0
2926.2,0
2926.3,0
2926.4,0
2926.5,0
2926.6,0
2926.7,0
2926.8,0
2926.9,0
2927,0
2927.1,0
2927.2,0
2927.3,0
2927.4,0
2927.5,0
2927.6,0
2927.7,0
2927.8,0
2927.9,0
2928,0
2928.1,0
2928.2,0
2928.3,0
2928.4,0
2928.5,0
2928.6,0
2928.7,0
2928.8,0
2928.9,0
2929,0
2929.1,0
2929.2,0
2929.3,0
2929.4,0
2929.5,0
2929.6,0
2929.7,0
2929.8,0
2929.9,0
2930,0
2930.1,0
2930.2,0
2930.3,0
2930.4,0
2930.5,0
2930.6,0
2930.7,0
2930.8,0
2930.9,0
2931,0
2931.1,0
2931.2,0
2931.3,0
2931.4,0
2931.5,0
2931.6,0
2931.7,0
2931.8,0
2931.9,0
2932,0
2932.1,0
2932.2,0
2932.3,0
2932.4,0
2932.5,0
2932.6,0
2932.7,0
2932.8,0
2932.9,0
2933,0
2933.1,0
2933.2,0
2933.3,0
2933.4,0
2933.5,0
2933.6,0
2933.7,0
2933.8,0
2933.9,0
2934,0
2934.1,0
2934.2,0
2934.3,0
2934.4,0
2934.5,0
2934.6,0
2934.7,0
2934.8,0
2934.9,0
2935,0
2935.1,0
2935.2,0
2935.3,0
2935.4,0
2935.5,0
2935.6,0
2935.7,0
2935.8,0
2935.9,0
2936,0
2936.1,0
2936.2,0
2936.3,0
2936.4,0
2936.5,0
2936.6,0
2936.7,0
2936.8,0
2936.9,0
2937,0
2937.1,0
2937.2,0
2937.3,0
2937.4,0
2937.5,0
2937.6,0
2937.7,0
2937.8,0
2937.9,0
2938,0
2938.1,0
2938.2,0
2938.3,0
2938.4,0
2938.5,0
2938.6,0
2938.7,0
2938.8,0
2938.9,0
2939,0
2939.1,0
2939.2,0
2939.3,0
2939.4,0
2939.5,0
2939.6,0
2939.7,0
2939.8,0
2939.9,0
2940,0
2940.1,0
2940.2,0
2940.3,0
2940.4,0
2940.5,0
2940.6,0
2940.7,0
2940.8,0
2940.9,0
2941,0
2941.1,0
2941.2,0
2941.3,0
2941.4,0
2941.5,0
2941.6,0
2941.7,0
2941.8,0
2941.9,0
2942,0
2942.1,0
2942.2,0
2942.3,0
2942.4,0
2942.5,0
2942.6,0
2942.7,0
2942.8,0
2942.9,0
2943,0
2943.1,0
2943.2,0
2943.3,0
2943.4,0
2943.5,0
2943.6,0
2943.7,0
2943.8,0
2943.9,0
2944,0
2944.1,0
2944.2,0
2944.3,0
2944.4,0
2944.5,0
2944.6,0
2944.7,0
2944.8,0
2944.9,0
2945,0
2945.1,0
2945.2,0
2945.3,0
2945.4,0
2945.5,0
2945.6,0
2945.7,0
2945.8,0
2945.9,0
2946,0
2946.1,0
2946.2,0
2946.3,0
2946.4,0
2946.5,0
2946.6,0
2946.7,0
2946.8,0
2946.9,0
2947,0
2947.1,0
2947.2,0
2947.3,0
2947.4,0
2947.5,0
2947.6,0
2947.7,0
2947.8,0
2947.9,0
2948,0
2948.1,0
2948.2,0
2948.3,0
2948.4,0
2948.5,0
2948.6,0
2948.7,0
2948.8,0
2948.9,0
2949,0
2949.1,0
2949.2,0
2949.3,0
2949.4,0
2949.5,0
2949.6,0
2949.7,0
2949.8,0
2949.9,0
2950,0
2950.1,0
2950.2,0
2950.3,0
2950.4,0
2950.5,0
2950.6,0
2950.7,0
2950.8,0
2950.9,0
2951,0
2951.1,0
2951.2,0
2951.3,0
2951.4,0
2951.5,0
2951.6,0
2951.7,0
2951.8,0
2951.9,0
2952,0
2952.1,0
2952.2,0
2952.3,0
2952.4,0
2952.5,0
2952.6,0
2952.7,0
2952.8,0
2952.9,0
2953,0
2953.1,0
2953.2,0
2953.3,0
2953.4,0
2953.5,0
2953.6,0
2953.7,0
2953.8,0
2953.9,0
2954,0
2954.1,0
2954.2,0
2954.3,0
2954.4,0
2954.5,0
2954.6,0
2954.7,0
2954.8,0
2954.9,0
2955,0
2955.1,0
2955.2,0
2955.3,0
2955.4,0
2955.5,0
2955.6,0
2955.7,0
2955.8,0
2955.9,0
2956,0
2956.1,0
2956.2,0
2956.3,0
2956.4,0
2956.5,0
2956.6,0
2956.7,0
2956.8,0
2956.9,0
2957,0
2957.1,0
2957.2,0
2957.3,0
2957.4,0
2957.5,0
2957.6,0
2957.7,0
2957.8,0
2957.9,0
2958,0
2958.1,0
2958.2,0
2958.3,0
2958.4,0
2958.5,0
2958.6,0
2958.7,0
2958.8,0
2958.9,0
2959,0
2959.1,0
2959.2,0
2959.3,0
2959.4,0
2959.5,0
2959.6,0
2959.7,0
2959.8,0
2959.9,0
2960,0
2960.1,0
2960.2,0
2960.3,0
2960.4,0
2960.5,0
2960.6,0
2960.7,0
2960.8,0
2960.9,0
2961,0
2961.1,0
2961.2,0
2961.3,0
2961.4,0
2961.5,0
2961.6,0
2961.7,0
2961.8,0
2961.9,0
2962,0
2962.1,0
2962.2,0
2962.3,0
2962.4,0
2962.5,0
2962.6,0
2962.7,0
2962.8,0
2962.9,0
2963,0
2963.1,0
2963.2,0
2963.3,0
2963.4,0
2963.5,0
2963.6,0
2963.7,0
2963.8,0
2963.9,0
2964,0
2964.1,0
2964.2,0
2964.3,0
2964.4,0
2964.5,0
2964.6,0
2964.7,0
2964.8,0
2964.9,0
2965,0
2965.1,0
2965.2,0
2965.3,0
2965.4,0
2965.5,0
2965.6,0
2965.7,0
2965.8,0
2965.9,0
2966,0
2966.1,0
2966.2,0
2966.3,0
2966.4,0
2966.5,0
2966.6,0
2966.7,0
2966.8,0
2966.9,0
2967,0
2967.1,0
2967.2,0
2967.3,0
2967.4,0
2967.5,0
2967.6,0
2967.7,0
2967.8,0
2967.9,0
2968,0
2968.1,0
2968.2,0
2968.3,0
2968.4,0
2968.5,0
2968.6,0
2968.7,0
2968.8,0
2968.9,0
2969,0
2969.1,0
2969.2,0
2969.3,0
2969.4,0
2969.5,0
2969.6,0
2969.7,0
2969.8,0
2969.9,0
2970,0
2970.1,0
2970.2,0
2970.3,0
2970.4,0
2970.5,0
2970.6,0
2970.7,0
2970.8,0
2970.9,0
2971,0
2971.1,0
2971.2,0
2971.3,0
2971.4,0
2971.5,0
2971.6,0
2971.7,0
2971.8,0
2971.9,0
2972,0
2972.1,0
2972.2,0
2972.3,0
2972.4,0
2972.5,0
2972.6,0
2972.7,0
2972.8,0
2972.9,0
2973,0
2973.1,0
2973.2,0
2973.3,0
2973.4,0
2973.5,0
2973.6,0
2973.7,0
2973.8,0
2973.9,0
2974,0
2974.1,0
2974.2,0
2974.3,0
2974.4,0
2974.5,0
2974.6,0
2974.7,0
2974.8,0
2974.9,0
2975,0
2975.1,0
2975.2,0
2975.3,0
2975.4,0
2975.5,0
2975.6,0
2975.7,0
2975.8,0
2975.9,0
2976,0
2976.1,0
2976.2,0
2976.3,0
2976.4,0
2976.5,0
2976.6,0
2976.7,0
2976.8,0
2976.9,0
2977,0
2977.1,0
2977.2,0
2977.3,0
2977.4,0
2977.5,0
2977.6,0
2977.7,0
2977.8,0
2977.9,0
2978,0
2978.1,0
2978.2,0
2978.3,0
2978.4,0
2978.5,0
2978.6,0
2978.7,0
2978.8,0
2978.9,0
2979,0
2979.1,0
2979.2,0
2979.3,0
2979.4,0
2979.5,0
2979.6,0
2979.7,0
2979.8,0
2979.9,0
2980,0
2980.1,0
2980.2,0
2980.3,0
2980.4,0
2980.5,0
2980.6,0
2980.7,0
2980.8,0
2980.9,0
2981,0
2981.1,0
2981.2,0
2981.3,0
2981.4,0
2981.5,0
2981.6,0
2981.7,0
2981.8,0
2981.9,0
2982,0
2982.1,0
2982.2,0
2982.3,0
2982.4,0
2982.5,0
2982.6,0
2982.7,0
2982.8,0
2982.9,0
2983,0
2983.1,0
2983.2,0
2983.3,0
2983.4,0
2983.5,0
2983.6,0
2983.7,0
2983.8,0
2983.9,0
2984,0
2984.1,0
2984.2,0
2984.3,0
2984.4,0
2984.5,0
2984.6,0
2984.7,0
2984.8,0
2984.9,0
2985,0
2985.1,0
2985.2,0
2985.3,0
2985.4,0
2985.5,0
2985.6,0
2985.7,0
2985.8,0
2985.9,0
2986,0
2986.1,0
2986.2,0
2986.3,0
2986.4,0
2986.5,0
2986.6,0
2986.7,0
2986.8,0
2986.9,0
2987,0
2987.1,0
2987.2,0
2987.3,0
2987.4,0
2987.5,0
2987.6,0
2987.7,0
2987.8,0
2987.9,0
2988,0
2988.1,0
2988.2,0
2988.3,0
2988.4,0
2988.5,0
2988.6,0
2988.7,0
2988.8,0
2988.9,0
2989,0
2989.1,0
2989.2,0
2989.3,0
2989.4,0
2989.5,0
2989.6,0
2989.7,0
2989.8,0
2989.9,0
2990,0
2990.1,0
2990.2,0
2990.3,0
2990.4,0
2990.5,0
2990.6,0
2990.7,0
2990.8,0
2990.9,0
2991,0
2991.1,0
2991.2,0
2991.3,0
2991.4,0
2991.5,0
2991.6,0
2991.7,0
2991.8,0
2991.9,0
2992,0
2992.1,0
2992.2,0
2992.3,0
2992.4,0
2992.5,0
2992.6,0
2992.7,0
2992.8,0
2992.9,0
2993,0
2993.1,0
2993.2,0
2993.3,0
2993.4,0
2993.5,0
2993.6,0
2993.7,0
2993.8,0
2993.9,0
2994,0
2994.1,0
2994.2,0
2994.3,0
2994.4,0
2994.5,0
2994.6,0
2994.7,0
2994.8,0
2994.9,0
2995,0
2995.1,0
2995.2,0
2995.3,0
2995.4,0
2995.5,0
2995.6,0
2995.7,0
2995.8,0
2995.9,0
2996,0
2996.1,0
2996.2,0
2996.3,0
2996.4,0
2996.5,0
2996.6,0
2996.7,0
2996.8,0
2996.9,0
2997,0
2997.1,0
2997.2,0
2997.3,0
2997.4,0
2997.5,0
2997.6,0
2997.7,0
2997.8,0
2997.9,0
2998,0
2998.1,0
2998.2,0
2998.3,0
2998.4,0
2998.5,0
2998.6,0
2998.7,0
2998.8,0
2998.9,0
2999,0
2999.1,0
2999.2,0
2999.3,0
2999.4,0
2999.5,0
2999.6,0
2999.7,0
2999.8,0
2999.9,0
3000,0
3000.1,0
3000.2,0
3000.3,0
3000.4,0
3000.5,0
3000.6,0
3000.7,0
3000.8,0
3000.9,0
3001,0
3001.1,0
3001.2,0
3001.3,0
3001.4,0
3001.5,0
3001.6,0
3001.7,0
3001.8,0
3001.9,0
3002,0
3002.1,0
3002.2,0
3002.3,0
3002.4,0
3002.5,0
3002.6,0
3002.7,0
3002.8,0
3002.9,0
3003,0
3003.1,0
3003.2,0
3003.3,0
3003.4,0
3003.5,0
3003.6,0
3003.7,0
3003.8,0
3003.9,0
3004,0
3004.1,0
3004.2,0
3004.3,0
3004.4,0
3004.5,0
3004.6,0
3004.7,0
3004.8,0
3004.9,0
3005,0
3005.1,0
3005.2,0
3005.3,0
3005.4,0
3005.5,0
3005.6,0
3005.7,0
3005.8,0
3005.9,0
3006,0
3006.1,0
3006.2,0
3006.3,0
3006.4,0
3006.5,0
3006.6,0
3006.7,0
3006.8,0
3006.9,0
3007,0
3007.1,0
3007.2,0
3007.3,0
3007.4,0
3007.5,0
3007.6,0
3007.7,0
3007.8,0
3007.9,0
3008,0
3008.1,0
3008.2,0
3008.3,0
3008.4,0
3008.5,0
3008.6,0
3008.7,0
3008.8,0
3008.9,0
3009,0
3009.1,0
3009.2,0
3009.3,0
3009.4,0
3009.5,0
3009.6,0
3009.7,0
3009.8,0
3009.9,0
3010,0
3010.1,0
3010.2,0
3010.3,0
3010.4,0
3010.5,0
3010.6,0
3010.7,0
3010.8,0
3010.9,0
3011,0
3011.1,0
3011.2,0
3011.3,0
3011.4,0
3011.5,0
3011.6,0
3011.7,0
3011.8,0
3011.9,0
3012,0
3012.1,0
3012.2,0
3012.3,0
3012.4,0
3012.5,0
3012.6,0
3012.7,0
3012.8,0
3012.9,0
3013,0
3013.1,0
3013.2,0
3013.3,0
3013.4,0
3013.5,0
3013.6,0
3013.7,0
3013.8,0
3013.9,0
3014,0
3014.1,0
3014.2,0
3014.3,0
3014.4,0
3014.5,0
3014.6,0
3014.7,0
3014.8,0
3014.9,0
3015,0
3015.1,0
3015.2,0
3015.3,0
3015.4,0
3015.5,0
3015.6,0
3015.7,0
3015.8,0
3015.9,0
3016,0
3016.1,0
3016.2,0
3016.3,0
3016.4,0
3016.5,0
3016.6,0
3016.7,0
3016.8,0
3016.9,0
3017,0
3017.1,0
3017.2,0
3017.3,0
3017.4,0
3017.5,0
3017.6,0
3017.7,0
3017.8,0
3017.9,0
3018,0
3018.1,0
3018.2,0
3018.3,0
3018.4,0
3018.5,0
3018.6,0
3018.7,0
3018.8,0
3018.9,0
3019,0
3019.1,0
3019.2,0
3019.3,0
3019.4,0
3019.5,0
3019.6,0
3019.7,0
3019.8,0
3019.9,0
3020,0
3020.1,0
3020.2,0
3020.3,0
3020.4,0
3020.5,0
3020.6,0
3020.7,0
3020.8,0
3020.9,0
3021,0
3021.1,0
3021.2,0
3021.3,0
3021.4,0
3021.5,0
3021.6,0
3021.7,0
3021.8,0
3021.9,0
3022,0
3022.1,0
3022.2,0
3022.3,0
3022.4,0
3022.5,0
3022.6,0
3022.7,0
3022.8,0
3022.9,0
3023,0
3023.1,0
3023.2,0
3023.3,0
3023.4,0
3023.5,0
3023.6,0
3023.7,0
3023.8,0
3023.9,0
3024,0
3024.1,0
3024.2,0
3024.3,0
3024.4,0
3024.5,0
3024.6,0
3024.7,0
3024.8,0
3024.9,0
3025,0
3025.1,0
3025.2,0
3025.3,0
3025.4,0
3025.5,0
3025.6,0
3025.7,0
3025.8,0
3025.9,0
3026,0
3026.1,0
3026.2,0
3026.3,0
3026.4,0
3026.5,0
3026.6,0
3026.7,0
3026.8,0
3026.9,0
3027,0
3027.1,0
3027.2,0
3027.3,0
3027.4,0
3027.5,0
3027.6,0
3027.7,0
3027.8,0
3027.9,0
3028,0
3028.1,0
3028.2,0
3028.3,0
3028.4,0
3028.5,0
3028.6,0
3028.7,0
3028.8,0
3028.9,0
3029,0
3029.1,0
3029.2,0
3029.3,0
3029.4,0
3029.5,0
3029.6,0
3029.7,0
3029.8,0
3029.9,0
3030,0
3030.1,0
3030.2,0
3030.3,0
3030.4,0
3030.5,0
3030.6,0
3030.7,0
3030.8,0
3030.9,0
3031,0
3031.1,0
3031.2,0
3031.3,0
3031.4,0
3031.5,0
3031.6,0
3031.7,0
3031.8,0
3031.9,0
3032,0
3032.1,0
3032.2,0
3032.3,0
3032.4,0
3032.5,0
3032.6,0
3032.7,0
3032.8,0
3032.9,0
3033,0
3033.1,0
3033.2,0
3033.3,0
3033.4,0
3033.5,0
3033.6,0
3033.7,0
3033.8,0
3033.9,0
3034,0
3034.1,0
3034.2,0
3034.3,0
3034.4,0
3034.5,0
3034.6,0
3034.7,0
3034.8,0
3034.9,0
3035,0
3035.1,0
3035.2,0
3035.3,0
3035.4,0
3035.5,0
3035.6,0
3035.7,0
3035.8,0
3035.9,0
3036,0
3036.1,0
3036.2,0
3036.3,0
3036.4,0
3036.5,0
3036.6,0
3036.7,0
3036.8,0
3036.9,0
3037,0
3037.1,0
3037.2,0
3037.3,0
3037.4,0
3037.5,0
3037.6,0
3037.7,0
3037.8,0
3037.9,0
3038,0
3038.1,0
3038.2,0
3038.3,0
3038.4,0
3038.5,0
3038.6,0
3038.7,0
3038.8,0
3038.9,0
3039,0
3039.1,0
3039.2,0
3039.3,0
3039.4,0
3039.5,0
3039.6,0
3039.7,0
3039.8,0
3039.9,0
3040,0
3040.1,0
3040.2,0
3040.3,0
3040.4,0
3040.5,0
3040.6,0
3040.7,0
3040.8,0
3040.9,0
3041,0
3041.1,0
3041.2,0
3041.3,0
3041.4,0
3041.5,0
3041.6,0
3041.7,0
3041.8,0
3041.9,0
3042,0
3042.1,0
3042.2,0
3042.3,0
3042.4,0
3042.5,0
3042.6,0
3042.7,0
3042.8,0
3042.9,0
3043,0
3043.1,0
3043.2,0
3043.3,0
3043.4,0
3043.5,0
3043.6,0
3043.7,0
3043.8,0
3043.9,0
3044,0
3044.1,0
3044.2,0
3044.3,0
3044.4,0
3044.5,0
3044.6,0
3044.7,0
3044.8,0
3044.9,0
3045,0
3045.1,0
3045.2,0
3045.3,0
3045.4,0
3045.5,0
3045.6,0
3045.7,0
3045.8,0
3045.9,0
3046,0
3046.1,0
3046.2,0
3046.3,0
3046.4,0
3046.5,0
3046.6,0
3046.7,0
3046.8,0
3046.9,0
3047,0
3047.1,0
3047.2,0
3047.3,0
3047.4,0
3047.5,0
3047.6,0
3047.7,0
3047.8,0
3047.9,0
3048,0
3048.1,0
3048.2,0
3048.3,0
3048.4,0
3048.5,0
3048.6,0
3048.7,0
3048.8,0
3048.9,0
3049,0
3049.1,0
3049.2,0
3049.3,0
3049.4,0
3049.5,0
3049.6,0
3049.7,0
3049.8,0
3049.9,0
3050,0
3050.1,0
3050.2,0
3050.3,0
3050.4,0
3050.5,0
3050.6,0
3050.7,0
3050.8,0
3050.9,0
3051,0
3051.1,0
3051.2,0
3051.3,0
3051.4,0
3051.5,0
3051.6,0
3051.7,0
3051.8,0
3051.9,0
3052,0
3052.1,0
3052.2,0
3052.3,0
3052.4,0
3052.5,0
3052.6,0
3052.7,0
3052.8,0
3052.9,0
3053,0
3053.1,0
3053.2,0
3053.3,0
3053.4,0
3053.5,0
3053.6,0
3053.7,0
3053.8,0
3053.9,0
3054,0
3054.1,0
3054.2,0
3054.3,0
3054.4,0
3054.5,0
3054.6,0
3054.7,0
3054.8,0
3054.9,0
3055,0
3055.1,0
3055.2,0
3055.3,0
3055.4,0
3055.5,0
3055.6,0
3055.7,0
3055.8,0
3055.9,0
3056,0
3056.1,0
3056.2,0
3056.3,0
3056.4,0
3056.5,0
3056.6,0
3056.7,0
3056.8,0
3056.9,0
3057,0
3057.1,0
3057.2,0
3057.3,0
3057.4,0
3057.5,0
3057.6,0
3057.7,0
3057.8,0
3057.9,0
3058,0
3058.1,0
3058.2,0
3058.3,0
3058.4,0
3058.5,0
3058.6,0
3058.7,0
3058.8,0
3058.9,0
3059,0
3059.1,0
3059.2,0
3059.3,0
3059.4,0
3059.5,0
3059.6,0
3059.7,0
3059.8,0
3059.9,0
3060,0
3060.1,0
3060.2,0
3060.3,0
3060.4,0
3060.5,0
3060.6,0
3060.7,0
3060.8,0
3060.9,0
3061,0
3061.1,0
3061.2,0
3061.3,0
3061.4,0
3061.5,0
3061.6,0
3061.7,0
3061.8,0
3061.9,0
3062,0
3062.1,0
3062.2,0
3062.3,0
3062.4,0
3062.5,0
3062.6,0
3062.7,0
3062.8,0
3062.9,0
3063,0
3063.1,0
3063.2,0
3063.3,0
3063.4,0
3063.5,0
3063.6,0
3063.7,0
3063.8,0
3063.9,0
3064,0
3064.1,0
3064.2,0
3064.3,0
3064.4,0
3064.5,0
3064.6,0
3064.7,0
3064.8,0
3064.9,0
3065,0
3065.1,0
3065.2,0
3065.3,0
3065.4,0
3065.5,0
3065.6,0
3065.7,0
3065.8,0
3065.9,0
3066,0
3066.1,0
3066.2,0
3066.3,0
3066.4,0
3066.5,0
3066.6,0
3066.7,0
3066.8,0
3066.9,0
3067,0
3067.1,0
3067.2,0
3067.3,0
3067.4,0
3067.5,0
3067.6,0
3067.7,0
3067.8,0
3067.9,0
3068,0
3068.1,0
3068.2,0
3068.3,0
3068.4,0
3068.5,0
3068.6,0
3068.7,0
3068.8,0
3068.9,0
3069,0
3069.1,0
3069.2,0
3069.3,0
3069.4,0
3069.5,0
3069.6,0
3069.7,0
3069.8,0
3069.9,0
3070,0
3070.1,0
3070.2,0
3070.3,0
3070.4,0
3070.5,0
3070.6,0
3070.7,0
3070.8,0
3070.9,0
3071,0
3071.1,0
3071.2,0
3071.3,0
3071.4,0
3071.5,0
3071.6,0
3071.7,0
3071.8,0
3071.9,0
3072,0
3072.1,0
3072.2,0
3072.3,0
3072.4,0
3072.5,0
3072.6,0
3072.7,0
3072.8,0
3072.9,0
3073,0
3073.1,0
3073.2,0
3073.3,0
3073.4,0
3073.5,0
3073.6,0
3073.7,0
3073.8,0
3073.9,0
3074,0
3074.1,0
3074.2,0
3074.3,0
3074.4,0
3074.5,0
3074.6,0
3074.7,0
3074.8,0
3074.9,0
3075,0
3075.1,0
3075.2,0
3075.3,0
3075.4,0
3075.5,0
3075.6,0
3075.7,0
3075.8,0
3075.9,0
3076,0
3076.1,0
3076.2,0
3076.3,0
3076.4,0
3076.5,0
3076.6,0
3076.7,0
3076.8,0
3076.9,0
3077,0
3077.1,0
3077.2,0
3077.3,0
3077.4,0
3077.5,0
3077.6,0
3077.7,0
3077.8,0
3077.9,0
3078,0
3078.1,0
3078.2,0
3078.3,0
3078.4,0
3078.5,0
3078.6,0
3078.7,0
3078.8,0
3078.9,0
3079,0
3079.1,0
3079.2,0
3079.3,0
3079.4,0
3079.5,0
3079.6,0
3079.7,0
3079.8,0
3079.9,0
3080,0
3080.1,0
3080.2,0
3080.3,0
3080.4,0
3080.5,0
3080.6,0
3080.7,0
3080.8,0
3080.9,0
3081,0
3081.1,0
3081.2,0
3081.3,0
3081.4,0
3081.5,0
3081.6,0
3081.7,0
3081.8,0
3081.9,0
3082,0
3082.1,0
3082.2,0
3082.3,0
3082.4,0
3082.5,0
3082.6,0
3082.7,0
3082.8,0
3082.9,0
3083,0
3083.1,0
3083.2,0
3083.3,0
3083.4,0
3083.5,0
3083.6,0
3083.7,0
3083.8,0
3083.9,0
3084,0
3084.1,0
3084.2,0
3084.3,0
3084.4,0
3084.5,0
3084.6,0
3084.7,0
3084.8,0
3084.9,0
3085,0
3085.1,0
3085.2,0
3085.3,0
3085.4,0
3085.5,0
3085.6,0
3085.7,0
3085.8,0
3085.9,0
3086,0
3086.1,0
3086.2,0
3086.3,0
3086.4,0
3086.5,0
3086.6,0
3086.7,0
3086.8,0
3086.9,0
3087,0
3087.1,0
3087.2,0
3087.3,0
3087.4,0
3087.5,0
3087.6,0
3087.7,0
3087.8,0
3087.9,0
3088,0
3088.1,0
3088.2,0
3088.3,0
3088.4,0
3088.5,0
3088.6,0
3088.7,0
3088.8,0
3088.9,0
3089,0
3089.1,0
3089.2,0
3089.3,0
3089.4,0
3089.5,0
3089.6,0
3089.7,0
3089.8,0
3089.9,0
3090,0
3090.1,0
3090.2,0
3090.3,0
3090.4,0
3090.5,0
3090.6,0
3090.7,0
3090.8,0
3090.9,0
3091,0
3091.1,0
3091.2,0
3091.3,0
3091.4,0
3091.5,0
3091.6,0
3091.7,0
3091.8,0
3091.9,0
3092,0
3092.1,0
3092.2,0
3092.3,0
3092.4,0
3092.5,0
3092.6,0
3092.7,0
3092.8,0
3092.9,0
3093,0
3093.1,0
3093.2,0
3093.3,0
3093.4,0
3093.5,0
3093.6,0
3093.7,0
3093.8,0
3093.9,0
3094,0
3094.1,0
3094.2,0
3094.3,0
3094.4,0
3094.5,0
3094.6,0
3094.7,0
3094.8,0
3094.9,0
3095,0
3095.1,0
3095.2,0
3095.3,0
3095.4,0
3095.5,0
3095.6,0
3095.7,0
3095.8,0
3095.9,0
3096,0
3096.1,0
3096.2,0
3096.3,0
3096.4,0
3096.5,0
3096.6,0
3096.7,0
3096.8,0
3096.9,0
3097,0
3097.1,0
3097.2,0
3097.3,0
3097.4,0
3097.5,0
3097.6,0
3097.7,0
3097.8,0
3097.9,0
3098,0
3098.1,0
3098.2,0
3098.3,0
3098.4,0
3098.5,0
3098.6,0
3098.7,0
3098.8,0
3098.9,0
3099,0
3099.1,0
3099.2,0
3099.3,0
3099.4,0
3099.5,0
3099.6,0
3099.7,0
3099.8,0
3099.9,0
3100,0
3100.1,0
3100.2,0
3100.3,0
3100.4,0
3100.5,0
3100.6,0
3100.7,0
3100.8,0
3100.9,0
3101,0
3101.1,0
3101.2,0
3101.3,0
3101.4,0
3101.5,0
3101.6,0
3101.7,0
3101.8,0
3101.9,0
3102,0
3102.1,0
3102.2,0
3102.3,0
3102.4,0
3102.5,0
3102.6,0
3102.7,0
3102.8,0
3102.9,0
3103,0
3103.1,0
3103.2,0
3103.3,0
3103.4,0
3103.5,0
3103.6,0
3103.7,0
3103.8,0
3103.9,0
3104,0
3104.1,0
3104.2,0
3104.3,0
3104.4,0
3104.5,0
3104.6,0
3104.7,0
3104.8,0
3104.9,0
3105,0
3105.1,0
3105.2,0
3105.3,0
3105.4,0
3105.5,0
3105.6,0
3105.7,0
3105.8,0
3105.9,0
3106,0
3106.1,0
3106.2,0
3106.3,0
3106.4,0
3106.5,0
3106.6,0
3106.7,0
3106.8,0
3106.9,0
3107,0
3107.1,0
3107.2,0
3107.3,0
3107.4,0
3107.5,0
3107.6,0
3107.7,0
3107.8,0
3107.9,0
3108,0
3108.1,0
3108.2,0
3108.3,0
3108.4,0
3108.5,0
3108.6,0
3108.7,0
3108.8,0
3108.9,0
3109,0
3109.1,0
3109.2,0
3109.3,0
3109.4,0
3109.5,0
3109.6,0
3109.7,0
3109.8,0
3109.9,0
3110,0
3110.1,0
3110.2,0
3110.3,0
3110.4,0
3110.5,0
3110.6,0
3110.7,0
3110.8,0
3110.9,0
3111,0
3111.1,0
3111.2,0
3111.3,0
3111.4,0
3111.5,0
3111.6,0
3111.7,0
3111.8,0
3111.9,0
3112,0
3112.1,0
3112.2,0
3112.3,0
3112.4,0
3112.5,0
3112.6,0
3112.7,0
3112.8,0
3112.9,0
3113,0
3113.1,0
3113.2,0
3113.3,0
3113.4,0
3113.5,0
3113.6,0
3113.7,0
3113.8,0
3113.9,0
3114,0
3114.1,0
3114.2,0
3114.3,0
3114.4,0
3114.5,0
3114.6,0
3114.7,0
3114.8,0
3114.9,0
3115,0
3115.1,0
3115.2,0
3115.3,0
3115.4,0
3115.5,0
3115.6,0
3115.7,0
3115.8,0
3115.9,0
3116,0
3116.1,0
3116.2,0
3116.3,0
3116.4,0
3116.5,0
3116.6,0
3116.7,0
3116.8,0
3116.9,0
3117,0
3117.1,0
3117.2,0
3117.3,0
3117.4,0
3117.5,0
3117.6,0
3117.7,0
3117.8,0
3117.9,0
3118,0
3118.1,0
3118.2,0
3118.3,0
3118.4,0
3118.5,0
3118.6,0
3118.7,0
3118.8,0
3118.9,0
3119,0
3119.1,0
3119.2,0
3119.3,0
3119.4,0
3119.5,0
3119.6,0
3119.7,0
3119.8,0
3119.9,0
3120,0
3120.1,0
3120.2,0
3120.3,0
3120.4,0
3120.5,0
3120.6,0
3120.7,0
3120.8,0
3120.9,0
3121,0
3121.1,0
3121.2,0
3121.3,0
3121.4,0
3121.5,0
3121.6,0
3121.7,0
3121.8,0
3121.9,0
3122,0
3122.1,0
3122.2,0
3122.3,0
3122.4,0
3122.5,0
3122.6,0
3122.7,0
3122.8,0
3122.9,0
3123,0
3123.1,0
3123.2,0
3123.3,0
3123.4,0
3123.5,0
3123.6,0
3123.7,0
3123.8,0
3123.9,0
3124,0
3124.1,0
3124.2,0
3124.3,0
3124.4,0
3124.5,0
3124.6,0
3124.7,0
3124.8,0
3124.9,0
3125,0
3125.1,0
3125.2,0
3125.3,0
3125.4,0
3125.5,0
3125.6,0
3125.7,0
3125.8,0
3125.9,0
3126,0
3126.1,0
3126.2,0
3126.3,0
3126.4,0
3126.5,0
3126.6,0
3126.7,0
3126.8,0
3126.9,0
3127,0
3127.1,0
3127.2,0
3127.3,0
3127.4,0
3127.5,0
3127.6,0
3127.7,0
3127.8,0
3127.9,0
3128,0
3128.1,0
3128.2,0
3128.3,0
3128.4,0
3128.5,0
3128.6,0
3128.7,0
3128.8,0
3128.9,0
3129,0
3129.1,0
3129.2,0
3129.3,0
3129.4,0
3129.5,0
3129.6,0
3129.7,0
3129.8,0
3129.9,0
3130,0
3130.1,0
3130.2,0
3130.3,0
3130.4,0
3130.5,0
3130.6,0
3130.7,0
3130.8,0
3130.9,0
3131,0
3131.1,0
3131.2,0
3131.3,0
3131.4,0
3131.5,0
3131.6,0
3131.7,0
3131.8,0
3131.9,0
3132,0
3132.1,0
3132.2,0
3132.3,0
3132.4,0
3132.5,0
3132.6,0
3132.7,0
3132.8,0
3132.9,0
3133,0
3133.1,0
3133.2,0
3133.3,0
3133.4,0
3133.5,0
3133.6,0
3133.7,0
3133.8,0
3133.9,0
3134,0
3134.1,0
3134.2,0
3134.3,0
3134.4,0
3134.5,0
3134.6,0
3134.7,0
3134.8,0
3134.9,0
3135,0
3135.1,0
3135.2,0
3135.3,0
3135.4,0
3135.5,0
3135.6,0
3135.7,0
3135.8,0
3135.9,0
3136,0
3136.1,0
3136.2,0
3136.3,0
3136.4,0
3136.5,0
3136.6,0
3136.7,0
3136.8,0
3136.9,0
3137,0
3137.1,0
3137.2,0
3137.3,0
3137.4,0
3137.5,0
3137.6,0
3137.7,0
3137.8,0
3137.9,0
3138,0
3138.1,0
3138.2,0
3138.3,0
3138.4,0
3138.5,0
3138.6,0
3138.7,0
3138.8,0
3138.9,0
3139,0
3139.1,0
3139.2,0
3139.3,0
3139.4,0
3139.5,0
3139.6,0
3139.7,0
3139.8,0
3139.9,0
3140,0
3140.1,0
3140.2,0
3140.3,0
3140.4,0
3140.5,0
3140.6,0
3140.7,0
3140.8,0
3140.9,0
3141,0
3141.1,0
3141.2,0
3141.3,0
3141.4,0
3141.5,0
3141.6,0
3141.7,0
3141.8,0
3141.9,0
3142,0
3142.1,0
3142.2,0
3142.3,0
3142.4,0
3142.5,0
3142.6,0
3142.7,0
3142.8,0
3142.9,0
3143,0
3143.1,0
3143.2,0
3143.3,0
3143.4,0
3143.5,0
3143.6,0
3143.7,0
3143.8,0
3143.9,0
3144,0
3144.1,0
3144.2,0
3144.3,0
3144.4,0
3144.5,0
3144.6,0
3144.7,0
3144.8,0
3144.9,0
3145,0
3145.1,0
3145.2,0
3145.3,0
3145.4,0
3145.5,0
3145.6,0
3145.7,0
3145.8,0
3145.9,0
3146,0
3146.1,0
3146.2,0
3146.3,0
3146.4,0
3146.5,0
3146.6,0
3146.7,0
3146.8,0
3146.9,0
3147,0
3147.1,0
3147.2,0
3147.3,0
3147.4,0
3147.5,0
3147.6,0
3147.7,0
3147.8,0
3147.9,0
3148,0
3148.1,0
3148.2,0
3148.3,0
3148.4,0
3148.5,0
3148.6,0
3148.7,0
3148.8,0
3148.9,0
3149,0
3149.1,0
3149.2,0
3149.3,0
3149.4,0
3149.5,0
3149.6,0
3149.7,0
3149.8,0
3149.9,0
3150,0
3150.1,0
3150.2,0
3150.3,0
3150.4,0
3150.5,0
3150.6,0
3150.7,0
3150.8,0
3150.9,0
3151,0
3151.1,0
3151.2,0
3151.3,0
3151.4,0
3151.5,0
3151.6,0
3151.7,0
3151.8,0
3151.9,0
3152,0
3152.1,0
3152.2,0
3152.3,0
3152.4,0
3152.5,0
3152.6,0
3152.7,0
3152.8,0
3152.9,0
3153,0
3153.1,0
3153.2,0
3153.3,0
3153.4,0
3153.5,0
3153.6,0
3153.7,0
3153.8,0
3153.9,0
3154,0
3154.1,0
3154.2,0
3154.3,0
3154.4,0
3154.5,0
3154.6,0
3154.7,0
3154.8,0
3154.9,0
3155,0
3155.1,0
3155.2,0
3155.3,0
3155.4,0
3155.5,0
3155.6,0
3155.7,0
3155.8,0
3155.9,0
3156,0
3156.1,0
3156.2,0
3156.3,0
3156.4,0
3156.5,0
3156.6,0
3156.7,0
3156.8,0
3156.9,0
3157,0
3157.1,0
3157.2,0
3157.3,0
3157.4,0
3157.5,0
3157.6,0
3157.7,0
3157.8,0
3157.9,0
3158,0
3158.1,0
3158.2,0
3158.3,0
3158.4,0
3158.5,0
3158.6,0
3158.7,0
3158.8,0
3158.9,0
3159,0
3159.1,0
3159.2,0
3159.3,0
3159.4,0
3159.5,0
3159.6,0
3159.7,0
3159.8,0
3159.9,0
3160,0
3160.1,0
3160.2,0
3160.3,0
3160.4,0
3160.5,0
3160.6,0
3160.7,0
3160.8,0
3160.9,0
3161,0
3161.1,0
3161.2,0
3161.3,0
3161.4,0
3161.5,0
3161.6,0
3161.7,0
3161.8,0
3161.9,0
3162,0
3162.1,0
3162.2,0
3162.3,0
3162.4,0
3162.5,0
3162.6,0
3162.7,0
3162.8,0
3162.9,0
3163,0
3163.1,0
3163.2,0
3163.3,0
3163.4,0
3163.5,0
3163.6,0
3163.7,0
3163.8,0
3163.9,0
3164,0
3164.1,0
3164.2,0
3164.3,0
3164.4,0
3164.5,0
3164.6,0
3164.7,0
3164.8,0
3164.9,0
3165,0
3165.1,0
3165.2,0
3165.3,0
3165.4,0
3165.5,0
3165.6,0
3165.7,0
3165.8,0
3165.9,0
3166,0
3166.1,0
3166.2,0
3166.3,0
3166.4,0
3166.5,0
3166.6,0
3166.7,0
3166.8,0
3166.9,0
3167,0
3167.1,0
3167.2,0
3167.3,0
3167.4,0
3167.5,0
3167.6,0
3167.7,0
3167.8,0
3167.9,0
3168,0
3168.1,0
3168.2,0
3168.3,0
3168.4,0
3168.5,0
3168.6,0
3168.7,0
3168.8,0
3168.9,0
3169,0
3169.1,0
3169.2,0
3169.3,0
3169.4,0
3169.5,0
3169.6,0
3169.7,0
3169.8,0
3169.9,0
3170,0
3170.1,0
3170.2,0
3170.3,0
3170.4,0
3170.5,0
3170.6,0
3170.7,0
3170.8,0
3170.9,0
3171,0
3171.1,0
3171.2,0
3171.3,0
3171.4,0
3171.5,0
3171.6,0
3171.7,0
3171.8,0
3171.9,0
3172,0
3172.1,0
3172.2,0
3172.3,0
3172.4,0
3172.5,0
3172.6,0
3172.7,0
3172.8,0
3172.9,0
3173,0
3173.1,0
3173.2,0
3173.3,0
3173.4,0
3173.5,0
3173.6,0
3173.7,0
3173.8,0
3173.9,0
3174,0
3174.1,0
3174.2,0
3174.3,0
3174.4,0
3174.5,0
3174.6,0
3174.7,0
3174.8,0
3174.9,0
3175,0
3175.1,0
3175.2,0
3175.3,0
3175.4,0
3175.5,0
3175.6,0
3175.7,0
3175.8,0
3175.9,0
3176,0
3176.1,0
3176.2,0
3176.3,0
3176.4,0
3176.5,0
3176.6,0
3176.7,0
3176.8,0
3176.9,0
3177,0
3177.1,0
3177.2,0
3177.3,0
3177.4,0
3177.5,0
3177.6,0
3177.7,0
3177.8,0
3177.9,0
3178,0
3178.1,0
3178.2,0
3178.3,0
3178.4,0
3178.5,0
3178.6,0
3178.7,0
3178.8,0
3178.9,0
3179,0
3179.1,0
3179.2,0
3179.3,0
3179.4,0
3179.5,0
3179.6,0
3179.7,0
3179.8,0
3179.9,0
3180,0
3180.1,0
3180.2,0
3180.3,0
3180.4,0
3180.5,0
3180.6,0
3180.7,0
3180.8,0
3180.9,0
3181,0
3181.1,0
3181.2,0
3181.3,0
3181.4,0
3181.5,0
3181.6,0
3181.7,0
3181.8,0
3181.9,0
3182,0
3182.1,0
3182.2,0
3182.3,0
3182.4,0
3182.5,0
3182.6,0
3182.7,0
3182.8,0
3182.9,0
3183,0
3183.1,0
3183.2,0
3183.3,0
3183.4,0
3183.5,0
3183.6,0
3183.7,0
3183.8,0
3183.9,0
3184,0
3184.1,0
3184.2,0
3184.3,0
3184.4,0
3184.5,0
3184.6,0
3184.7,0
3184.8,0
3184.9,0
3185,0
3185.1,0
3185.2,0
3185.3,0
3185.4,0
3185.5,0
3185.6,0
3185.7,0
3185.8,0
3185.9,0
3186,0
3186.1,0
3186.2,0
3186.3,0
3186.4,0
3186.5,0
3186.6,0
3186.7,0
3186.8,0
3186.9,0
3187,0
3187.1,0
3187.2,0
3187.3,0
3187.4,0
3187.5,0
3187.6,0
3187.7,0
3187.8,0
3187.9,0
3188,0
3188.1,0
3188.2,0
3188.3,0
3188.4,0
3188.5,0
3188.6,0
3188.7,0
3188.8,0
3188.9,0
3189,0
3189.1,0
3189.2,0
3189.3,0
3189.4,0
3189.5,0
3189.6,0
3189.7,0
3189.8,0
3189.9,0
3190,0
3190.1,0
3190.2,0
3190.3,0
3190.4,0
3190.5,0
3190.6,0
3190.7,0
3190.8,0
3190.9,0
3191,0
3191.1,0
3191.2,0
3191.3,0
3191.4,0
3191.5,0
3191.6,0
3191.7,0
3191.8,0
3191.9,0
3192,0
3192.1,0
3192.2,0
3192.3,0
3192.4,0
3192.5,0
3192.6,0
3192.7,0
3192.8,0
3192.9,0
3193,0
3193.1,0
3193.2,0
3193.3,0
3193.4,0
3193.5,0
3193.6,0
3193.7,0
3193.8,0
3193.9,0
3194,0
3194.1,0
3194.2,0
3194.3,0
3194.4,0
3194.5,0
3194.6,0
3194.7,0
3194.8,0
3194.9,0
3195,0
3195.1,0
3195.2,0
3195.3,0
3195.4,0
3195.5,0
3195.6,0
3195.7,0
3195.8,0
3195.9,0
3196,0
3196.1,0
3196.2,0
3196.3,0
3196.4,0
3196.5,0
3196.6,0
3196.7,0
3196.8,0
3196.9,0
3197,0
3197.1,0
3197.2,0
3197.3,0
3197.4,0
3197.5,0
3197.6,0
3197.7,0
3197.8,0
3197.9,0
3198,0
3198.1,0
3198.2,0
3198.3,0
3198.4,0
3198.5,0
3198.6,0
3198.7,0
3198.8,0
3198.9,0
3199,0
3199.1,0
3199.2,0
3199.3,0
3199.4,0
3199.5,0
3199.6,0
3199.7,0
3199.8,0
3199.9,0
3200,0
3200.1,0
3200.2,0
3200.3,0
3200.4,0
3200.5,0
3200.6,0
3200.7,0
3200.8,0
3200.9,0
3201,0
3201.1,0
3201.2,0
3201.3,0
3201.4,0
3201.5,0
3201.6,0
3201.7,0
3201.8,0
3201.9,0
3202,0
3202.1,0
3202.2,0
3202.3,0
3202.4,0
3202.5,0
3202.6,0
3202.7,0
3202.8,0
3202.9,0
3203,0
3203.1,0
3203.2,0
3203.3,0
3203.4,0
3203.5,0
3203.6,0
3203.7,0
3203.8,0
3203.9,0
3204,0
3204.1,0
3204.2,0
3204.3,0
3204.4,0
3204.5,0
3204.6,0
3204.7,0
3204.8,0
3204.9,0
3205,0
3205.1,0
3205.2,0
3205.3,0
3205.4,0
3205.5,0
3205.6,0
3205.7,0
3205.8,0
3205.9,0
3206,0
3206.1,0
3206.2,0
3206.3,0
3206.4,0
3206.5,0
3206.6,0
3206.7,0
3206.8,0
3206.9,0
3207,0
3207.1,0
3207.2,0
3207.3,0
3207.4,0
3207.5,0
3207.6,0
3207.7,0
3207.8,0
3207.9,0
3208,0
3208.1,0
3208.2,0
3208.3,0
3208.4,0
3208.5,0
3208.6,0
3208.7,0
3208.8,0
3208.9,0
3209,0
3209.1,0
3209.2,0
3209.3,0
3209.4,0
3209.5,0
3209.6,0
3209.7,0
3209.8,0
3209.9,0
3210,0
3210.1,0
3210.2,0
3210.3,0
3210.4,0
3210.5,0
3210.6,0
3210.7,0
3210.8,0
3210.9,0
3211,0
3211.1,0
3211.2,0
3211.3,0
3211.4,0
3211.5,0
3211.6,0
3211.7,0
3211.8,0
3211.9,0
3212,0
3212.1,0
3212.2,0
3212.3,0
3212.4,0
3212.5,0
3212.6,0
3212.7,0
3212.8,0
3212.9,0
3213,0
3213.1,0
3213.2,0
3213.3,0
3213.4,0
3213.5,0
3213.6,0
3213.7,0
3213.8,0
3213.9,0
3214,0
3214.1,0
3214.2,0
3214.3,0
3214.4,0
3214.5,0
3214.6,0
3214.7,0
3214.8,0
3214.9,0
3215,0
3215.1,0
3215.2,0
3215.3,0
3215.4,0
3215.5,0
3215.6,0
3215.7,0
3215.8,0
3215.9,0
3216,0
3216.1,0
3216.2,0
3216.3,0
3216.4,0
3216.5,0
3216.6,0
3216.7,0
3216.8,0
3216.9,0
3217,0
3217.1,0
3217.2,0
3217.3,0
3217.4,0
3217.5,0
3217.6,0
3217.7,0
3217.8,0
3217.9,0
3218,0
3218.1,0
3218.2,0
3218.3,0
3218.4,0
3218.5,0
3218.6,0
3218.7,0
3218.8,0
3218.9,0
3219,0
3219.1,0
3219.2,0
3219.3,0
3219.4,0
3219.5,0
3219.6,0
3219.7,0
3219.8,0
3219.9,0
3220,0
3220.1,0
3220.2,0
3220.3,0
3220.4,0
3220.5,0
3220.6,0
3220.7,0
3220.8,0
3220.9,0
3221,0
3221.1,0
3221.2,0
3221.3,0
3221.4,0
3221.5,0
3221.6,0
3221.7,0
3221.8,0
3221.9,0
3222,0
3222.1,0
3222.2,0
3222.3,0
3222.4,0
3222.5,0
3222.6,0
3222.7,0
3222.8,0
3222.9,0
3223,0
3223.1,0
3223.2,0
3223.3,0
3223.4,0
3223.5,0
3223.6,0
3223.7,0
3223.8,0
3223.9,0
3224,0
3224.1,0
3224.2,0
3224.3,0
3224.4,0
3224.5,0
3224.6,0
3224.7,0
3224.8,0
3224.9,0
3225,0
3225.1,0
3225.2,0
3225.3,0
3225.4,0
3225.5,0
3225.6,0
3225.7,0
3225.8,0
3225.9,0
3226,0
3226.1,0
3226.2,0
3226.3,0
3226.4,0
3226.5,0
3226.6,0
3226.7,0
3226.8,0
3226.9,0
3227,0
3227.1,0
3227.2,0
3227.3,0
3227.4,0
3227.5,0
3227.6,0
3227.7,0
3227.8,0
3227.9,0
3228,0
3228.1,0
3228.2,0
3228.3,0
3228.4,0
3228.5,0
3228.6,0
3228.7,0
3228.8,0
3228.9,0
3229,0
3229.1,0
3229.2,0
3229.3,0
3229.4,0
3229.5,0
3229.6,0
3229.7,0
3229.8,0
3229.9,0
3230,0
3230.1,0
3230.2,0
3230.3,0
3230.4,0
3230.5,0
3230.6,0
3230.7,0
3230.8,0
3230.9,0
3231,0
3231.1,0
3231.2,0
3231.3,0
3231.4,0
3231.5,0
3231.6,0
3231.7,0
3231.8,0
3231.9,0
3232,0
3232.1,0
3232.2,0
3232.3,0
3232.4,0
3232.5,0
3232.6,0
3232.7,0
3232.8,0
3232.9,0
3233,0
3233.1,0
3233.2,0
3233.3,0
3233.4,0
3233.5,0
3233.6,0
3233.7,0
3233.8,0
3233.9,0
3234,0
3234.1,0
3234.2,0
3234.3,0
3234.4,0
3234.5,0
3234.6,0
3234.7,0
3234.8,0
3234.9,0
3235,0
3235.1,0
3235.2,0
3235.3,0
3235.4,0
3235.5,0
3235.6,0
3235.7,0
3235.8,0
3235.9,0
3236,0
3236.1,0
3236.2,0
3236.3,0
3236.4,0
3236.5,0
3236.6,0
3236.7,0
3236.8,0
3236.9,0
3237,0
3237.1,0
3237.2,0
3237.3,0
3237.4,0
3237.5,0
3237.6,0
3237.7,0
3237.8,0
3237.9,0
3238,0
3238.1,0
3238.2,0
3238.3,0
3238.4,0
3238.5,0
3238.6,0
3238.7,0
3238.8,0
3238.9,0
3239,0
3239.1,0
3239.2,0
3239.3,0
3239.4,0
3239.5,0
3239.6,0
3239.7,0
3239.8,0
3239.9,0
3240,0
3240.1,0
3240.2,0
3240.3,0
3240.4,0
3240.5,0
3240.6,0
3240.7,0
3240.8,0
3240.9,0
3241,0
3241.1,0
3241.2,0
3241.3,0
3241.4,0
3241.5,0
3241.6,0
3241.7,0
3241.8,0
3241.9,0
3242,0
3242.1,0
3242.2,0
3242.3,0
3242.4,0
3242.5,0
3242.6,0
3242.7,0
3242.8,0
3242.9,0
3243,0
3243.1,0
3243.2,0
3243.3,0
3243.4,0
3243.5,0
3243.6,0
3243.7,0
3243.8,0
3243.9,0
3244,0
3244.1,0
3244.2,0
3244.3,0
3244.4,0
3244.5,0
3244.6,0
3244.7,0
3244.8,0
3244.9,0
3245,0
3245.1,0
3245.2,0
3245.3,0
3245.4,0
3245.5,0
3245.6,0
3245.7,0
3245.8,0
3245.9,0
3246,0
3246.1,0
3246.2,0
3246.3,0
3246.4,0
3246.5,0
3246.6,0
3246.7,0
3246.8,0
3246.9,0
3247,0
3247.1,0
3247.2,0
3247.3,0
3247.4,0
3247.5,0
3247.6,0
3247.7,0
3247.8,0
3247.9,0
3248,0
3248.1,0
3248.2,0
3248.3,0
3248.4,0
3248.5,0
3248.6,0
3248.7,0
3248.8,0
3248.9,0
3249,0
3249.1,0
3249.2,0
3249.3,0
3249.4,0
3249.5,0
3249.6,0
3249.7,0
3249.8,0
3249.9,0
3250,0
3250.1,0
3250.2,0
3250.3,0
3250.4,0
3250.5,0
3250.6,0
3250.7,0
3250.8,0
3250.9,0
3251,0
3251.1,0
3251.2,0
3251.3,0
3251.4,0
3251.5,0
3251.6,0
3251.7,0
3251.8,0
3251.9,0
3252,0
3252.1,0
3252.2,0
3252.3,0
3252.4,0
3252.5,0
3252.6,0
3252.7,0
3252.8,0
3252.9,0
3253,0
3253.1,0
3253.2,0
3253.3,0
3253.4,0
3253.5,0
3253.6,0
3253.7,0
3253.8,0
3253.9,0
3254,0
3254.1,0
3254.2,0
3254.3,0
3254.4,0
3254.5,0
3254.6,0
3254.7,0
3254.8,0
3254.9,0
3255,0
3255.1,0
3255.2,0
3255.3,0
3255.4,0
3255.5,0
3255.6,0
3255.7,0
3255.8,0
3255.9,0
3256,0
3256.1,0
3256.2,0
3256.3,0
3256.4,0
3256.5,0
3256.6,0
3256.7,0
3256.8,0
3256.9,0
3257,0
3257.1,0
3257.2,0
3257.3,0
3257.4,0
3257.5,0
3257.6,0
3257.7,0
3257.8,0
3257.9,0
3258,0
3258.1,0
3258.2,0
3258.3,0
3258.4,0
3258.5,0
3258.6,0
3258.7,0
3258.8,0
3258.9,0
3259,0
3259.1,0
3259.2,0
3259.3,0
3259.4,0
3259.5,0
3259.6,0
3259.7,0
3259.8,0
3259.9,0
3260,0
3260.1,0
3260.2,0
3260.3,0
3260.4,0
3260.5,0
3260.6,0
3260.7,0
3260.8,0
3260.9,0
3261,0
3261.1,0
3261.2,0
3261.3,0
3261.4,0
3261.5,0
3261.6,0
3261.7,0
3261.8,0
3261.9,0
3262,0
3262.1,0
3262.2,0
3262.3,0
3262.4,0
3262.5,0
3262.6,0
3262.7,0
3262.8,0
3262.9,0
3263,0
3263.1,0
3263.2,0
3263.3,0
3263.4,0
3263.5,0
3263.6,0
3263.7,0
3263.8,0
3263.9,0
3264,0
3264.1,0
3264.2,0
3264.3,0
3264.4,0
3264.5,0
3264.6,0
3264.7,0
3264.8,0
3264.9,0
3265,0
3265.1,0
3265.2,0
3265.3,0
3265.4,0
3265.5,0
3265.6,0
3265.7,0
3265.8,0
3265.9,0
3266,0
3266.1,0
3266.2,0
3266.3,0
3266.4,0
3266.5,0
3266.6,0
3266.7,0
3266.8,0
3266.9,0
3267,0
3267.1,0
3267.2,0
3267.3,0
3267.4,0
3267.5,0
3267.6,0
3267.7,0
3267.8,0
3267.9,0
3268,0
3268.1,0
3268.2,0
3268.3,0
3268.4,0
3268.5,0
3268.6,0
3268.7,0
3268.8,0
3268.9,0
3269,0
3269.1,0
3269.2,0
3269.3,0
3269.4,0
3269.5,0
3269.6,0
3269.7,0
3269.8,0
3269.9,0
3270,0
3270.1,0
3270.2,0
3270.3,0
3270.4,0
3270.5,0
3270.6,0
3270.7,0
3270.8,0
3270.9,0
3271,0
3271.1,0
3271.2,0
3271.3,0
3271.4,0
3271.5,0
3271.6,0
3271.7,0
3271.8,0
3271.9,0
3272,0
3272.1,0
3272.2,0
3272.3,0
3272.4,0
3272.5,0
3272.6,0
3272.7,0
3272.8,0
3272.9,0
3273,0
3273.1,0
3273.2,0
3273.3,0
3273.4,0
3273.5,0
3273.6,0
3273.7,0
3273.8,0
3273.9,0
3274,0
3274.1,0
3274.2,0
3274.3,0
3274.4,0
3274.5,0
3274.6,0
3274.7,0
3274.8,0
3274.9,0
3275,0
3275.1,0
3275.2,0
3275.3,0
3275.4,0
3275.5,0
3275.6,0
3275.7,0
3275.8,0
3275.9,0
3276,0
3276.1,0
3276.2,0
3276.3,0
3276.4,0
3276.5,0
3276.6,0
3276.7,0
3276.8,0
3276.9,0
3277,0
3277.1,0
3277.2,0
3277.3,0
3277.4,0
3277.5,0
3277.6,0
3277.7,0
3277.8,0
3277.9,0
3278,0
3278.1,0
3278.2,0
3278.3,0
3278.4,0
3278.5,0
3278.6,0
3278.7,0
3278.8,0
3278.9,0
3279,0
3279.1,0
3279.2,0
3279.3,0
3279.4,0
3279.5,0
3279.6,0
3279.7,0
3279.8,0
3279.9,0
3280,0
3280.1,0
3280.2,0
3280.3,0
3280.4,0
3280.5,0
3280.6,0
3280.7,0
3280.8,0
3280.9,0
3281,0
3281.1,0
3281.2,0
3281.3,0
3281.4,0
3281.5,0
3281.6,0
3281.7,0
3281.8,0
3281.9,0
3282,0
3282.1,0
3282.2,0
3282.3,0
3282.4,0
3282.5,0
3282.6,0
3282.7,0
3282.8,0
3282.9,0
3283,0
3283.1,0
3283.2,0
3283.3,0
3283.4,0
3283.5,0
3283.6,0
3283.7,0
3283.8,0
3283.9,0
3284,0
3284.1,0
3284.2,0
3284.3,0
3284.4,0
3284.5,0
3284.6,0
3284.7,0
3284.8,0
3284.9,0
3285,0
3285.1,0
3285.2,0
3285.3,0
3285.4,0
3285.5,0
3285.6,0
3285.7,0
3285.8,0
3285.9,0
3286,0
3286.1,0
3286.2,0
3286.3,0
3286.4,0
3286.5,0
3286.6,0
3286.7,0
3286.8,0
3286.9,0
3287,0
3287.1,0
3287.2,0
3287.3,0
3287.4,0
3287.5,0
3287.6,0
3287.7,0
3287.8,0
3287.9,0
3288,0
3288.1,0
3288.2,0
3288.3,0
3288.4,0
3288.5,0
3288.6,0
3288.7,0
3288.8,0
3288.9,0
3289,0
3289.1,0
3289.2,0
3289.3,0
3289.4,0
3289.5,0
3289.6,0
3289.7,0
3289.8,0
3289.9,0
3290,0
3290.1,0
3290.2,0
3290.3,0
3290.4,0
3290.5,0
3290.6,0
3290.7,0
3290.8,0
3290.9,0
3291,0
3291.1,0
3291.2,0
3291.3,0
3291.4,0
3291.5,0
3291.6,0
3291.7,0
3291.8,0
3291.9,0
3292,0
3292.1,0
3292.2,0
3292.3,0
3292.4,0
3292.5,0
3292.6,0
3292.7,0
3292.8,0
3292.9,0
3293,0
3293.1,0
3293.2,0
3293.3,0
3293.4,0
3293.5,0
3293.6,0
3293.7,0
3293.8,0
3293.9,0
3294,0
3294.1,0
3294.2,0
3294.3,0
3294.4,0
3294.5,0
3294.6,0
3294.7,0
3294.8,0
3294.9,0
3295,0
3295.1,0
3295.2,0
3295.3,0
3295.4,0
3295.5,0
3295.6,0
3295.7,0
3295.8,0
3295.9,0
3296,0
3296.1,0
3296.2,0
3296.3,0
3296.4,0
3296.5,0
3296.6,0
3296.7,0
3296.8,0
3296.9,0
3297,0
3297.1,0
3297.2,0
3297.3,0
3297.4,0
3297.5,0
3297.6,0
3297.7,0
3297.8,0
3297.9,0
3298,0
3298.1,0
3298.2,0
3298.3,0
3298.4,0
3298.5,0
3298.6,0
3298.7,0
3298.8,0
3298.9,0
3299,0
3299.1,0
3299.2,0
3299.3,0
3299.4,0
3299.5,0
3299.6,0
3299.7,0
3299.8,0
3299.9,0
3300,0
3300.1,0
3300.2,0
3300.3,0
3300.4,0
3300.5,0
3300.6,0
3300.7,0
3300.8,0
3300.9,0
3301,0
3301.1,0
3301.2,0
3301.3,0
3301.4,0
3301.5,0
3301.6,0
3301.7,0
3301.8,0
3301.9,0
3302,0
3302.1,0
3302.2,0
3302.3,0
3302.4,0
3302.5,0
3302.6,0
3302.7,0
3302.8,0
3302.9,0
3303,0
3303.1,0
3303.2,0
3303.3,0
3303.4,0
3303.5,0
3303.6,0
3303.7,0
3303.8,0
3303.9,0
3304,0
3304.1,0
3304.2,0
3304.3,0
3304.4,0
3304.5,0
3304.6,0
3304.7,0
3304.8,0
3304.9,0
3305,0
3305.1,0
3305.2,0
3305.3,0
3305.4,0
3305.5,0
3305.6,0
3305.7,0
3305.8,0
3305.9,0
3306,0
3306.1,0
3306.2,0
3306.3,0
3306.4,0
3306.5,0
3306.6,0
3306.7,0
3306.8,0
3306.9,0
3307,0
3307.1,0
3307.2,0
3307.3,0
3307.4,0
3307.5,0
3307.6,0
3307.7,0
3307.8,0
3307.9,0
3308,0
3308.1,0
3308.2,0
3308.3,0
3308.4,0
3308.5,0
3308.6,0
3308.7,0
3308.8,0
3308.9,0
3309,0
3309.1,0
3309.2,0
3309.3,0
3309.4,0
3309.5,0
3309.6,0
3309.7,0
3309.8,0
3309.9,0
3310,0
3310.1,0
3310.2,0
3310.3,0
3310.4,0
3310.5,0
3310.6,0
3310.7,0
3310.8,0
3310.9,0
3311,0
3311.1,0
3311.2,0
3311.3,0
3311.4,0
3311.5,0
3311.6,0
3311.7,0
3311.8,0
3311.9,0
3312,0
3312.1,0
3312.2,0
3312.3,0
3312.4,0
3312.5,0
3312.6,0
3312.7,0
3312.8,0
3312.9,0
3313,0
3313.1,0
3313.2,0
3313.3,0
3313.4,0
3313.5,0
3313.6,0
3313.7,0
3313.8,0
3313.9,0
3314,0
3314.1,0
3314.2,0
3314.3,0
3314.4,0
3314.5,0
3314.6,0
3314.7,0
3314.8,0
3314.9,0
3315,0
3315.1,0
3315.2,0
3315.3,0
3315.4,0
3315.5,0
3315.6,0
3315.7,0
3315.8,0
3315.9,0
3316,0
3316.1,0
3316.2,0
3316.3,0
3316.4,0
3316.5,0
3316.6,0
3316.7,0
3316.8,0
3316.9,0
3317,0
3317.1,0
3317.2,0
3317.3,0
3317.4,0
3317.5,0
3317.6,0
3317.7,0
3317.8,0
3317.9,0
3318,0
3318.1,0
3318.2,0
3318.3,0
3318.4,0
3318.5,0
3318.6,0
3318.7,0
3318.8,0
3318.9,0
3319,0
3319.1,0
3319.2,0
3319.3,0
3319.4,0
3319.5,0
3319.6,0
3319.7,0
3319.8,0
3319.9,0
3320,0
3320.1,0
3320.2,0
3320.3,0
3320.4,0
3320.5,0
3320.6,0
3320.7,0
3320.8,0
3320.9,0
3321,0
3321.1,0
3321.2,0
3321.3,0
3321.4,0
3321.5,0
3321.6,0
3321.7,0
3321.8,0
3321.9,0
3322,0
3322.1,0
3322.2,0
3322.3,0
3322.4,0
3322.5,0
3322.6,0
3322.7,0
3322.8,0
3322.9,0
3323,0
3323.1,0
3323.2,0
3323.3,0
3323.4,0
3323.5,0
3323.6,0
3323.7,0
3323.8,0
3323.9,0
3324,0
3324.1,0
3324.2,0
3324.3,0
3324.4,0
3324.5,0
3324.6,0
3324.7,0
3324.8,0
3324.9,0
3325,0
3325.1,0
3325.2,0
3325.3,0
3325.4,0
3325.5,0
3325.6,0
3325.7,0
3325.8,0
3325.9,0
3326,0
3326.1,0
3326.2,0
3326.3,0
3326.4,0
3326.5,0
3326.6,0
3326.7,0
3326.8,0
3326.9,0
3327,0
3327.1,0
3327.2,0
3327.3,0
3327.4,0
3327.5,0
3327.6,0
3327.7,0
3327.8,0
3327.9,0
3328,0
3328.1,0
3328.2,0
3328.3,0
3328.4,0
3328.5,0
3328.6,0
3328.7,0
3328.8,0
3328.9,0
3329,0
3329.1,0
3329.2,0
3329.3,0
3329.4,0
3329.5,0
3329.6,0
3329.7,0
3329.8,0
3329.9,0
3330,0
3330.1,0
3330.2,0
3330.3,0
3330.4,0
3330.5,0
3330.6,0
3330.7,0
3330.8,0
3330.9,0
3331,0
3331.1,0
3331.2,0
3331.3,0
3331.4,0
3331.5,0
3331.6,0
3331.7,0
3331.8,0
3331.9,0
3332,0
3332.1,0
3332.2,0
3332.3,0
3332.4,0
3332.5,0
3332.6,0
3332.7,0
3332.8,0
3332.9,0
3333,0
3333.1,0
3333.2,0
3333.3,0
3333.4,0
3333.5,0
3333.6,0
3333.7,0
3333.8,0
3333.9,0
3334,0
3334.1,0
3334.2,0
3334.3,0
3334.4,0
3334.5,0
3334.6,0
3334.7,0
3334.8,0
3334.9,0
3335,0
3335.1,0
3335.2,0
3335.3,0
3335.4,0
3335.5,0
3335.6,0
3335.7,0
3335.8,0
3335.9,0
3336,0
3336.1,0
3336.2,0
3336.3,0
3336.4,0
3336.5,0
3336.6,0
3336.7,0
3336.8,0
3336.9,0
3337,0
3337.1,0
3337.2,0
3337.3,0
3337.4,0
3337.5,0
3337.6,0
3337.7,0
3337.8,0
3337.9,0
3338,0
3338.1,0
3338.2,0
3338.3,0
3338.4,0
3338.5,0
3338.6,0
3338.7,0
3338.8,0
3338.9,0
3339,0
3339.1,0
3339.2,0
3339.3,0
3339.4,0
3339.5,0
3339.6,0
3339.7,0
3339.8,0
3339.9,0
3340,0
3340.1,0
3340.2,0
3340.3,0
3340.4,0
3340.5,0
3340.6,0
3340.7,0
3340.8,0
3340.9,0
3341,0
3341.1,0
3341.2,0
3341.3,0
3341.4,0
3341.5,0
3341.6,0
3341.7,0
3341.8,0
3341.9,0
3342,0
3342.1,0
3342.2,0
3342.3,0
3342.4,0
3342.5,0
3342.6,0
3342.7,0
3342.8,0
3342.9,0
3343,0
3343.1,0
3343.2,0
3343.3,0
3343.4,0
3343.5,0
3343.6,0
3343.7,0
3343.8,0
3343.9,0
3344,0
3344.1,0
3344.2,0
3344.3,0
3344.4,0
3344.5,0
3344.6,0
3344.7,0
3344.8,0
3344.9,0
3345,0
3345.1,0
3345.2,0
3345.3,0
3345.4,0
3345.5,0
3345.6,0
3345.7,0
3345.8,0
3345.9,0
3346,0
3346.1,0
3346.2,0
3346.3,0
3346.4,0
3346.5,0
3346.6,0
3346.7,0
3346.8,0
3346.9,0
3347,0
3347.1,0
3347.2,0
3347.3,0
3347.4,0
3347.5,0
3347.6,0
3347.7,0
3347.8,0
3347.9,0
3348,0
3348.1,0
3348.2,0
3348.3,0
3348.4,0
3348.5,0
3348.6,0
3348.7,0
3348.8,0
3348.9,0
3349,0
3349.1,0
3349.2,0
3349.3,0
3349.4,0
3349.5,0
3349.6,0
3349.7,0
3349.8,0
3349.9,0
3350,0
3350.1,0
3350.2,0
3350.3,0
3350.4,0
3350.5,0
3350.6,0
3350.7,0
3350.8,0
3350.9,0
3351,0
3351.1,0
3351.2,0
3351.3,0
3351.4,0
3351.5,0
3351.6,0
3351.7,0
3351.8,0
3351.9,0
3352,0
3352.1,0
3352.2,0
3352.3,0
3352.4,0
3352.5,0
3352.6,0
3352.7,0
3352.8,0
3352.9,0
3353,0
3353.1,0
3353.2,0
3353.3,0
3353.4,0
3353.5,0
3353.6,0
3353.7,0
3353.8,0
3353.9,0
3354,0
3354.1,0
3354.2,0
3354.3,0
3354.4,0
3354.5,0
3354.6,0
3354.7,0
3354.8,0
3354.9,0
3355,0
3355.1,0
3355.2,0
3355.3,0
3355.4,0
3355.5,0
3355.6,0
3355.7,0
3355.8,0
3355.9,0
3356,0
3356.1,0
3356.2,0
3356.3,0
3356.4,0
3356.5,0
3356.6,0
3356.7,0
3356.8,0
3356.9,0
3357,0
3357.1,0
3357.2,0
3357.3,0
3357.4,0
3357.5,0
3357.6,0
3357.7,0
3357.8,0
3357.9,0
3358,0
3358.1,0
3358.2,0
3358.3,0
3358.4,0
3358.5,0
3358.6,0
3358.7,0
3358.8,0
3358.9,0
3359,0
3359.1,0
3359.2,0
3359.3,0
3359.4,0
3359.5,0
3359.6,0
3359.7,0
3359.8,0
3359.9,0
3360,0
3360.1,0
3360.2,0
3360.3,0
3360.4,0
3360.5,0
3360.6,0
3360.7,0
3360.8,0
3360.9,0
3361,0
3361.1,0
3361.2,0
3361.3,0
3361.4,0
3361.5,0
3361.6,0
3361.7,0
3361.8,0
3361.9,0
3362,0
3362.1,0
3362.2,0
3362.3,0
3362.4,0
3362.5,0
3362.6,0
3362.7,0
3362.8,0
3362.9,0
3363,0
3363.1,0
3363.2,0
3363.3,0
3363.4,0
3363.5,0
3363.6,0
3363.7,0
3363.8,0
3363.9,0
3364,0
3364.1,0
3364.2,0
3364.3,0
3364.4,0
3364.5,0
3364.6,0
3364.7,0
3364.8,0
3364.9,0
3365,0
3365.1,0
3365.2,0
3365.3,0
3365.4,0
3365.5,0
3365.6,0
3365.7,0
3365.8,0
3365.9,0
3366,0
3366.1,0
3366.2,0
3366.3,0
3366.4,0
3366.5,0
3366.6,0
3366.7,0
3366.8,0
3366.9,0
3367,0
3367.1,0
3367.2,0
3367.3,0
3367.4,0
3367.5,0
3367.6,0
3367.7,0
3367.8,0
3367.9,0
3368,0
3368.1,0
3368.2,0
3368.3,0
3368.4,0
3368.5,0
3368.6,0
3368.7,0
3368.8,0
3368.9,0
3369,0
3369.1,0
3369.2,0
3369.3,0
3369.4,0
3369.5,0
3369.6,0
3369.7,0
3369.8,0
3369.9,0
3370,0
3370.1,0
3370.2,0
3370.3,0
3370.4,0
3370.5,0
3370.6,0
3370.7,0
3370.8,0
3370.9,0
3371,0
3371.1,0
3371.2,0
3371.3,0
3371.4,0
3371.5,0
3371.6,0
3371.7,0
3371.8,0
3371.9,0
3372,0
3372.1,0
3372.2,0
3372.3,0
3372.4,0
3372.5,0
3372.6,0
3372.7,0
3372.8,0
3372.9,0
3373,0
3373.1,0
3373.2,0
3373.3,0
3373.4,0
3373.5,0
3373.6,0
3373.7,0
3373.8,0
3373.9,0
3374,0
3374.1,0
3374.2,0
3374.3,0
3374.4,0
3374.5,0
3374.6,0
3374.7,0
3374.8,0
3374.9,0
3375,0
3375.1,0
3375.2,0
3375.3,0
3375.4,0
3375.5,0
3375.6,0
3375.7,0
3375.8,0
3375.9,0
3376,0
3376.1,0
3376.2,0
3376.3,0
3376.4,0
3376.5,0
3376.6,0
3376.7,0
3376.8,0
3376.9,0
3377,0
3377.1,0
3377.2,0
3377.3,0
3377.4,0
3377.5,0
3377.6,0
3377.7,0
3377.8,0
3377.9,0
3378,0
3378.1,0
3378.2,0
3378.3,0
3378.4,0
3378.5,0
3378.6,0
3378.7,0
3378.8,0
3378.9,0
3379,0
3379.1,0
3379.2,0
3379.3,0
3379.4,0
3379.5,0
3379.6,0
3379.7,0
3379.8,0
3379.9,0
3380,0
3380.1,0
3380.2,0
3380.3,0
3380.4,0
3380.5,0
3380.6,0
3380.7,0
3380.8,0
3380.9,0
3381,0
3381.1,0
3381.2,0
3381.3,0
3381.4,0
3381.5,0
3381.6,0
3381.7,0
3381.8,0
3381.9,0
3382,0
3382.1,0
3382.2,0
3382.3,0
3382.4,0
3382.5,0
3382.6,0
3382.7,0
3382.8,0
3382.9,0
3383,0
3383.1,0
3383.2,0
3383.3,0
3383.4,0
3383.5,0
3383.6,0
3383.7,0
3383.8,0
3383.9,0
3384,0
3384.1,0
3384.2,0
3384.3,0
3384.4,0
3384.5,0
3384.6,0
3384.7,0
3384.8,0
3384.9,0
3385,0
3385.1,0
3385.2,0
3385.3,0
3385.4,0
3385.5,0
3385.6,0
3385.7,0
3385.8,0
3385.9,0
3386,0
3386.1,0
3386.2,0
3386.3,0
3386.4,0
3386.5,0
3386.6,0
3386.7,0
3386.8,0
3386.9,0
3387,0
3387.1,0
3387.2,0
3387.3,0
3387.4,0
3387.5,0
3387.6,0
3387.7,0
3387.8,0
3387.9,0
3388,0
3388.1,0
3388.2,0
3388.3,0
3388.4,0
3388.5,0
3388.6,0
3388.7,0
3388.8,0
3388.9,0
3389,0
3389.1,0
3389.2,0
3389.3,0
3389.4,0
3389.5,0
3389.6,0
3389.7,0
3389.8,0
3389.9,0
3390,0
3390.1,0
3390.2,0
3390.3,0
3390.4,0
3390.5,0
3390.6,0
3390.7,0
3390.8,0
3390.9,0
3391,0
3391.1,0
3391.2,0
3391.3,0
3391.4,0
3391.5,0
3391.6,0
3391.7,0
3391.8,0
3391.9,0
3392,0
3392.1,0
3392.2,0
3392.3,0
3392.4,0
3392.5,0
3392.6,0
3392.7,0
3392.8,0
3392.9,0
3393,0
3393.1,0
3393.2,0
3393.3,0
3393.4,0
3393.5,0
3393.6,0
3393.7,0
3393.8,0
3393.9,0
3394,0
3394.1,0
3394.2,0
3394.3,0
3394.4,0
3394.5,0
3394.6,0
3394.7,0
3394.8,0
3394.9,0
3395,0
3395.1,0
3395.2,0
3395.3,0
3395.4,0
3395.5,0
3395.6,0
3395.7,0
3395.8,0
3395.9,0
3396,0
3396.1,0
3396.2,0
3396.3,0
3396.4,0
3396.5,0
3396.6,0
3396.7,0
3396.8,0
3396.9,0
3397,0
3397.1,0
3397.2,0
3397.3,0
3397.4,0
3397.5,0
3397.6,0
3397.7,0
3397.8,0
3397.9,0
3398,0
3398.1,0
3398.2,0
3398.3,0
3398.4,0
3398.5,0
3398.6,0
3398.7,0
3398.8,0
3398.9,0
3399,0
3399.1,0
3399.2,0
3399.3,0
3399.4,0
3399.5,0
3399.6,0
3399.7,0
3399.8,0
3399.9,0
3400,0
3400.1,0
3400.2,0
3400.3,0
3400.4,0
3400.5,0
3400.6,0
3400.7,0
3400.8,0
3400.9,0
3401,0
3401.1,0
3401.2,0
3401.3,0
3401.4,0
3401.5,0
3401.6,0
3401.7,0
3401.8,0
3401.9,0
3402,0
3402.1,0
3402.2,0
3402.3,0
3402.4,0
3402.5,0
3402.6,0
3402.7,0
3402.8,0
3402.9,0
3403,0
3403.1,0
3403.2,0
3403.3,0
3403.4,0
3403.5,0
3403.6,0
3403.7,0
3403.8,0
3403.9,0
3404,0
3404.1,0
3404.2,0
3404.3,0
3404.4,0
3404.5,0
3404.6,0
3404.7,0
3404.8,0
3404.9,0
3405,0
3405.1,0
3405.2,0
3405.3,0
3405.4,0
3405.5,0
3405.6,0
3405.7,0
3405.8,0
3405.9,0
3406,0
3406.1,0
3406.2,0
3406.3,0
3406.4,0
3406.5,0
3406.6,0
3406.7,0
3406.8,0
3406.9,0
3407,0
3407.1,0
3407.2,0
3407.3,0
3407.4,0
3407.5,0
3407.6,0
3407.7,0
3407.8,0
3407.9,0
3408,0
3408.1,0
3408.2,0
3408.3,0
3408.4,0
3408.5,0
3408.6,0
3408.7,0
3408.8,0
3408.9,0
3409,0
3409.1,0
3409.2,0
3409.3,0
3409.4,0
3409.5,0
3409.6,0
3409.7,0
3409.8,0
3409.9,0
3410,0
3410.1,0
3410.2,0
3410.3,0
3410.4,0
3410.5,0
3410.6,0
3410.7,0
3410.8,0
3410.9,0
3411,0
3411.1,0
3411.2,0
3411.3,0
3411.4,0
3411.5,0
3411.6,0
3411.7,0
3411.8,0
3411.9,0
3412,0
3412.1,0
3412.2,0
3412.3,0
3412.4,0
3412.5,0
3412.6,0
3412.7,0
3412.8,0
3412.9,0
3413,0
3413.1,0
3413.2,0
3413.3,0
3413.4,0
3413.5,0
3413.6,0
3413.7,0
3413.8,0
3413.9,0
3414,0
3414.1,0
3414.2,0
3414.3,0
3414.4,0
3414.5,0
3414.6,0
3414.7,0
3414.8,0
3414.9,0
3415,0
3415.1,0
3415.2,0
3415.3,0
3415.4,0
3415.5,0
3415.6,0
3415.7,0
3415.8,0
3415.9,0
3416,0
3416.1,0
3416.2,0
3416.3,0
3416.4,0
3416.5,0
3416.6,0
3416.7,0
3416.8,0
3416.9,0
3417,0
3417.1,0
3417.2,0
3417.3,0
3417.4,0
3417.5,0
3417.6,0
3417.7,0
3417.8,0
3417.9,0
3418,0
3418.1,0
3418.2,0
3418.3,0
3418.4,0
3418.5,0
3418.6,0
3418.7,0
3418.8,0
3418.9,0
3419,0
3419.1,0
3419.2,0
3419.3,0
3419.4,0
3419.5,0
3419.6,0
3419.7,0
3419.8,0
3419.9,0
3420,0
3420.1,0
3420.2,0
3420.3,0
3420.4,0
3420.5,0
3420.6,0
3420.7,0
3420.8,0
3420.9,0
3421,0
3421.1,0
3421.2,0
3421.3,0
3421.4,0
3421.5,0
3421.6,0
3421.7,0
3421.8,0
3421.9,0
3422,0
3422.1,0
3422.2,0
3422.3,0
3422.4,0
3422.5,0
3422.6,0
3422.7,0
3422.8,0
3422.9,0
3423,0
3423.1,0
3423.2,0
3423.3,0
3423.4,0
3423.5,0
3423.6,0
3423.7,0
3423.8,0
3423.9,0
3424,0
3424.1,0
3424.2,0
3424.3,0
3424.4,0
3424.5,0
3424.6,0
3424.7,0
3424.8,0
3424.9,0
3425,0
3425.1,0
3425.2,0
3425.3,0
3425.4,0
3425.5,0
3425.6,0
3425.7,0
3425.8,0
3425.9,0
3426,0
3426.1,0
3426.2,0
3426.3,0
3426.4,0
3426.5,0
3426.6,0
3426.7,0
3426.8,0
3426.9,0
3427,0
3427.1,0
3427.2,0
3427.3,0
3427.4,0
3427.5,0
3427.6,0
3427.7,0
3427.8,0
3427.9,0
3428,0
3428.1,0
3428.2,0
3428.3,0
3428.4,0
3428.5,0
3428.6,0
3428.7,0
3428.8,0
3428.9,0
3429,0
3429.1,0
3429.2,0
3429.3,0
3429.4,0
3429.5,0
3429.6,0
3429.7,0
3429.8,0
3429.9,0
3430,0
3430.1,0
3430.2,0
3430.3,0
3430.4,0
3430.5,0
3430.6,0
3430.7,0
3430.8,0
3430.9,0
3431,0
3431.1,0
3431.2,0
3431.3,0
3431.4,0
3431.5,0
3431.6,0
3431.7,0
3431.8,0
3431.9,0
3432,0
3432.1,0
3432.2,0
3432.3,0
3432.4,0
3432.5,0
3432.6,0
3432.7,0
3432.8,0
3432.9,0
3433,0
3433.1,0
3433.2,0
3433.3,0
3433.4,0
3433.5,0
3433.6,0
3433.7,0
3433.8,0
3433.9,0
3434,0
3434.1,0
3434.2,0
3434.3,0
3434.4,0
3434.5,0
3434.6,0
3434.7,0
3434.8,0
3434.9,0
3435,0
3435.1,0
3435.2,0
3435.3,0
3435.4,0
3435.5,0
3435.6,0
3435.7,0
3435.8,0
3435.9,0
3436,0
3436.1,0
3436.2,0
3436.3,0
3436.4,0
3436.5,0
3436.6,0
3436.7,0
3436.8,0
3436.9,0
3437,0
3437.1,0
3437.2,0
3437.3,0
3437.4,0
3437.5,0
3437.6,0
3437.7,0
3437.8,0
3437.9,0
3438,0
3438.1,0
3438.2,0
3438.3,0
3438.4,0
3438.5,0
3438.6,0
3438.7,0
3438.8,0
3438.9,0
3439,0
3439.1,0
3439.2,0
3439.3,0
3439.4,0
3439.5,0
3439.6,0
3439.7,0
3439.8,0
3439.9,0
3440,0
3440.1,0
3440.2,0
3440.3,0
3440.4,0
3440.5,0
3440.6,0
3440.7,0
3440.8,0
3440.9,0
3441,0
3441.1,0
3441.2,0
3441.3,0
3441.4,0
3441.5,0
3441.6,0
3441.7,0
3441.8,0
3441.9,0
3442,0
3442.1,0
3442.2,0
3442.3,0
3442.4,0
3442.5,0
3442.6,0
3442.7,0
3442.8,0
3442.9,0
3443,0
3443.1,0
3443.2,0
3443.3,0
3443.4,0
3443.5,0
3443.6,0
3443.7,0
3443.8,0
3443.9,0
3444,0
3444.1,0
3444.2,0
3444.3,0
3444.4,0
3444.5,0
3444.6,0
3444.7,0
3444.8,0
3444.9,0
3445,0
3445.1,0
3445.2,0
3445.3,0
3445.4,0
3445.5,0
3445.6,0
3445.7,0
3445.8,0
3445.9,0
3446,0
3446.1,0
3446.2,0
3446.3,0
3446.4,0
3446.5,0
3446.6,0
3446.7,0
3446.8,0
3446.9,0
3447,0
3447.1,0
3447.2,0
3447.3,0
3447.4,0
3447.5,0
3447.6,0
3447.7,0
3447.8,0
3447.9,0
3448,0
3448.1,0
3448.2,0
3448.3,0
3448.4,0
3448.5,0
3448.6,0
3448.7,0
3448.8,0
3448.9,0
3449,0
3449.1,0
3449.2,0
3449.3,0
3449.4,0
3449.5,0
3449.6,0
3449.7,0
3449.8,0
3449.9,0
3450,0
3450.1,0
3450.2,0
3450.3,0
3450.4,0
3450.5,0
3450.6,0
3450.7,0
3450.8,0
3450.9,0
3451,0
3451.1,0
3451.2,0
3451.3,0
3451.4,0
3451.5,0
3451.6,0
3451.7,0
3451.8,0
3451.9,0
3452,0
3452.1,0
3452.2,0
3452.3,0
3452.4,0
3452.5,0
3452.6,0
3452.7,0
3452.8,0
3452.9,0
3453,0
3453.1,0
3453.2,0
3453.3,0
3453.4,0
3453.5,0
3453.6,0
3453.7,0
3453.8,0
3453.9,0
3454,0
3454.1,0
3454.2,0
3454.3,0
3454.4,0
3454.5,0
3454.6,0
3454.7,0
3454.8,0
3454.9,0
3455,0
3455.1,0
3455.2,0
3455.3,0
3455.4,0
3455.5,0
3455.6,0
3455.7,0
3455.8,0
3455.9,0
3456,0
3456.1,0
3456.2,0
3456.3,0
3456.4,0
3456.5,0
3456.6,0
3456.7,0
3456.8,0
3456.9,0
3457,0
3457.1,0
3457.2,0
3457.3,0
3457.4,0
3457.5,0
3457.6,0
3457.7,0
3457.8,0
3457.9,0
3458,0
3458.1,0
3458.2,0
3458.3,0
3458.4,0
3458.5,0
3458.6,0
3458.7,0
3458.8,0
3458.9,0
3459,0
3459.1,0
3459.2,0
3459.3,0
3459.4,0
3459.5,0
3459.6,0
3459.7,0
3459.8,0
3459.9,0
3460,0
3460.1,0
3460.2,0
3460.3,0
3460.4,0
3460.5,0
3460.6,0
3460.7,0
3460.8,0
3460.9,0
3461,0
3461.1,0
3461.2,0
3461.3,0
3461.4,0
3461.5,0
3461.6,0
3461.7,0
3461.8,0
3461.9,0
3462,0
3462.1,0
3462.2,0
3462.3,0
3462.4,0
3462.5,0
3462.6,0
3462.7,0
3462.8,0
3462.9,0
3463,0
3463.1,0
3463.2,0
3463.3,0
3463.4,0
3463.5,0
3463.6,0
3463.7,0
3463.8,0
3463.9,0
3464,0
3464.1,0
3464.2,0
3464.3,0
3464.4,0
3464.5,0
3464.6,0
3464.7,0
3464.8,0
3464.9,0
3465,0
3465.1,0
3465.2,0
3465.3,0
3465.4,0
3465.5,0
3465.6,0
3465.7,0
3465.8,0
3465.9,0
3466,0
3466.1,0
3466.2,0
3466.3,0
3466.4,0
3466.5,0
3466.6,0
3466.7,0
3466.8,0
3466.9,0
3467,0
3467.1,0
3467.2,0
3467.3,0
3467.4,0
3467.5,0
3467.6,0
3467.7,0
3467.8,0
3467.9,0
3468,0
3468.1,0
3468.2,0
3468.3,0
3468.4,0
3468.5,0
3468.6,0
3468.7,0
3468.8,0
3468.9,0
3469,0
3469.1,0
3469.2,0
3469.3,0
3469.4,0
3469.5,0
3469.6,0
3469.7,0
3469.8,0
3469.9,0
3470,0
3470.1,0
3470.2,0
3470.3,0
3470.4,0
3470.5,0
3470.6,0
3470.7,0
3470.8,0
3470.9,0
3471,0
3471.1,0
3471.2,0
3471.3,0
3471.4,0
3471.5,0
3471.6,0
3471.7,0
3471.8,0
3471.9,0
3472,0
3472.1,0
3472.2,0
3472.3,0
3472.4,0
3472.5,0
3472.6,0
3472.7,0
3472.8,0
3472.9,0
3473,0
3473.1,0
3473.2,0
3473.3,0
3473.4,0
3473.5,0
3473.6,0
3473.7,0
3473.8,0
3473.9,0
3474,0
3474.1,0
3474.2,0
3474.3,0
3474.4,0
3474.5,0
3474.6,0
3474.7,0
3474.8,0
3474.9,0
3475,0
3475.1,0
3475.2,0
3475.3,0
3475.4,0
3475.5,0
3475.6,0
3475.7,0
3475.8,0
3475.9,0
3476,0
3476.1,0
3476.2,0
3476.3,0
3476.4,0
3476.5,0
3476.6,0
3476.7,0
3476.8,0
3476.9,0
3477,0
3477.1,0
3477.2,0
3477.3,0
3477.4,0
3477.5,0
3477.6,0
3477.7,0
3477.8,0
3477.9,0
3478,0
3478.1,0
3478.2,0
3478.3,0
3478.4,0
3478.5,0
3478.6,0
3478.7,0
3478.8,0
3478.9,0
3479,0
3479.1,0
3479.2,0
3479.3,0
3479.4,0
3479.5,0
3479.6,0
3479.7,0
3479.8,0
3479.9,0
3480,0
3480.1,0
3480.2,0
3480.3,0
3480.4,0
3480.5,0
3480.6,0
3480.7,0
3480.8,0
3480.9,0
3481,0
3481.1,0
3481.2,0
3481.3,0
3481.4,0
3481.5,0
3481.6,0
3481.7,0
3481.8,0
3481.9,0
3482,0
3482.1,0
3482.2,0
3482.3,0
3482.4,0
3482.5,0
3482.6,0
3482.7,0
3482.8,0
3482.9,0
3483,0
3483.1,0
3483.2,0
3483.3,0
3483.4,0
3483.5,0
3483.6,0
3483.7,0
3483.8,0
3483.9,0
3484,0
3484.1,0
3484.2,0
3484.3,0
3484.4,0
3484.5,0
3484.6,0
3484.7,0
3484.8,0
3484.9,0
3485,0
3485.1,0
3485.2,0
3485.3,0
3485.4,0
3485.5,0
3485.6,0
3485.7,0
3485.8,0
3485.9,0
3486,0
3486.1,0
3486.2,0
3486.3,0
3486.4,0
3486.5,0
3486.6,0
3486.7,0
3486.8,0
3486.9,0
3487,0
3487.1,0
3487.2,0
3487.3,0
3487.4,0
3487.5,0
3487.6,0
3487.7,0
3487.8,0
3487.9,0
3488,0
3488.1,0
3488.2,0
3488.3,0
3488.4,0
3488.5,0
3488.6,0
3488.7,0
3488.8,0
3488.9,0
3489,0
3489.1,0
3489.2,0
3489.3,0
3489.4,0
3489.5,0
3489.6,0
3489.7,0
3489.8,0
3489.9,0
3490,0
3490.1,0
3490.2,0
3490.3,0
3490.4,0
3490.5,0
3490.6,0
3490.7,0
3490.8,0
3490.9,0
3491,0
3491.1,0
3491.2,0
3491.3,0
3491.4,0
3491.5,0
3491.6,0
3491.7,0
3491.8,0
3491.9,0
3492,0
3492.1,0
3492.2,0
3492.3,0
3492.4,0
3492.5,0
3492.6,0
3492.7,0
3492.8,0
3492.9,0
3493,0
3493.1,0
3493.2,0
3493.3,0
3493.4,0
3493.5,0
3493.6,0
3493.7,0
3493.8,0
3493.9,0
3494,0
3494.1,0
3494.2,0
3494.3,0
3494.4,0
3494.5,0
3494.6,0
3494.7,0
3494.8,0
3494.9,0
3495,0
3495.1,0
3495.2,0
3495.3,0
3495.4,0
3495.5,0
3495.6,0
3495.7,0
3495.8,0
3495.9,0
3496,0
3496.1,0
3496.2,0
3496.3,0
3496.4,0
3496.5,0
3496.6,0
3496.7,0
3496.8,0
3496.9,0
3497,0
3497.1,0
3497.2,0
3497.3,0
3497.4,0
3497.5,0
3497.6,0
3497.7,0
3497.8,0
3497.9,0
3498,0
3498.1,0
3498.2,0
3498.3,0
3498.4,0
3498.5,0
3498.6,0
3498.7,0
3498.8,0
3498.9,0
3499,0
3499.1,0
3499.2,0
3499.3,0
3499.4,0
3499.5,0
3499.6,0
3499.7,0
3499.8,0
3499.9,0
3500,0
3500.1,0
3500.2,0
3500.3,0
3500.4,0
3500.5,0
3500.6,0
3500.7,0
3500.8,0
3500.9,0
3501,0
3501.1,0
3501.2,0
3501.3,0
3501.4,0
3501.5,0
3501.6,0
3501.7,0
3501.8,0
3501.9,0
3502,0
3502.1,0
3502.2,0
3502.3,0
3502.4,0
3502.5,0
3502.6,0
3502.7,0
3502.8,0
3502.9,0
3503,0
3503.1,0
3503.2,0
3503.3,0
3503.4,0
3503.5,0
3503.6,0
3503.7,0
3503.8,0
3503.9,0
3504,0
3504.1,0
3504.2,0
3504.3,0
3504.4,0
3504.5,0
3504.6,0
3504.7,0
3504.8,0
3504.9,0
3505,0
3505.1,0
3505.2,0
3505.3,0
3505.4,0
3505.5,0
3505.6,0
3505.7,0
3505.8,0
3505.9,0
3506,0
3506.1,0
3506.2,0
3506.3,0
3506.4,0
3506.5,0
3506.6,0
3506.7,0
3506.8,0
3506.9,0
3507,0
3507.1,0
3507.2,0
3507.3,0
3507.4,0
3507.5,0
3507.6,0
3507.7,0
3507.8,0
3507.9,0
3508,0
3508.1,0
3508.2,0
3508.3,0
3508.4,0
3508.5,0
3508.6,0
3508.7,0
3508.8,0
3508.9,0
3509,0
3509.1,0
3509.2,0
3509.3,0
3509.4,0
3509.5,0
3509.6,0
3509.7,0
3509.8,0
3509.9,0
3510,0
3510.1,0
3510.2,0
3510.3,0
3510.4,0
3510.5,0
3510.6,0
3510.7,0
3510.8,0
3510.9,0
3511,0
3511.1,0
3511.2,0
3511.3,0
3511.4,0
3511.5,0
3511.6,0
3511.7,0
3511.8,0
3511.9,0
3512,0
3512.1,0
3512.2,0
3512.3,0
3512.4,0
3512.5,0
3512.6,0
3512.7,0
3512.8,0
3512.9,0
3513,0
3513.1,0
3513.2,0
3513.3,0
3513.4,0
3513.5,0
3513.6,0
3513.7,0
3513.8,0
3513.9,0
3514,0
3514.1,0
3514.2,0
3514.3,0
3514.4,0
3514.5,0
3514.6,0
3514.7,0
3514.8,0
3514.9,0
3515,0
3515.1,0
3515.2,0
3515.3,0
3515.4,0
3515.5,0
3515.6,0
3515.7,0
3515.8,0
3515.9,0
3516,0
3516.1,0
3516.2,0
3516.3,0
3516.4,0
3516.5,0
3516.6,0
3516.7,0
3516.8,0
3516.9,0
3517,0
3517.1,0
3517.2,0
3517.3,0
3517.4,0
3517.5,0
3517.6,0
3517.7,0
3517.8,0
3517.9,0
3518,0
3518.1,0
3518.2,0
3518.3,0
3518.4,0
3518.5,0
3518.6,0
3518.7,0
3518.8,0
3518.9,0
3519,0
3519.1,0
3519.2,0
3519.3,0
3519.4,0
3519.5,0
3519.6,0
3519.7,0
3519.8,0
3519.9,0
3520,0
3520.1,0
3520.2,0
3520.3,0
3520.4,0
3520.5,0
3520.6,0
3520.7,0
3520.8,0
3520.9,0
3521,0
3521.1,0
3521.2,0
3521.3,0
3521.4,0
3521.5,0
3521.6,0
3521.7,0
3521.8,0
3521.9,0
3522,0
3522.1,0
3522.2,0
3522.3,0
3522.4,0
3522.5,0
3522.6,0
3522.7,0
3522.8,0
3522.9,0
3523,0
3523.1,0
3523.2,0
3523.3,0
3523.4,0
3523.5,0
3523.6,0
3523.7,0
3523.8,0
3523.9,0
3524,0
3524.1,0
3524.2,0
3524.3,0
3524.4,0
3524.5,0
3524.6,0
3524.7,0
3524.8,0
3524.9,0
3525,0
3525.1,0
3525.2,0
3525.3,0
3525.4,0
3525.5,0
3525.6,0
3525.7,0
3525.8,0
3525.9,0
3526,0
3526.1,0
3526.2,0
3526.3,0
3526.4,0
3526.5,0
3526.6,0
3526.7,0
3526.8,0
3526.9,0
3527,0
3527.1,0
3527.2,0
3527.3,0
3527.4,0
3527.5,0
3527.6,0
3527.7,0
3527.8,0
3527.9,0
3528,0
3528.1,0
3528.2,0
3528.3,0
3528.4,0
3528.5,0
3528.6,0
3528.7,0
3528.8,0
3528.9,0
3529,0
3529.1,0
3529.2,0
3529.3,0
3529.4,0
3529.5,0
3529.6,0
3529.7,0
3529.8,0
3529.9,0
3530,0
3530.1,0
3530.2,0
3530.3,0
3530.4,0
3530.5,0
3530.6,0
3530.7,0
3530.8,0
3530.9,0
3531,0
3531.1,0
3531.2,0
3531.3,0
3531.4,0
3531.5,0
3531.6,0
3531.7,0
3531.8,0
3531.9,0
3532,0
3532.1,0
3532.2,0
3532.3,0
3532.4,0
3532.5,0
3532.6,0
3532.7,0
3532.8,0
3532.9,0
3533,0
3533.1,0
3533.2,0
3533.3,0
3533.4,0
3533.5,0
3533.6,0
3533.7,0
3533.8,0
3533.9,0
3534,0
3534.1,0
3534.2,0
3534.3,0
3534.4,0
3534.5,0
3534.6,0
3534.7,0
3534.8,0
3534.9,0
3535,0
3535.1,0
3535.2,0
3535.3,0
3535.4,0
3535.5,0
3535.6,0
3535.7,0
3535.8,0
3535.9,0
3536,0
3536.1,0
3536.2,0
3536.3,0
3536.4,0
3536.5,0
3536.6,0
3536.7,0
3536.8,0
3536.9,0
3537,0
3537.1,0
3537.2,0
3537.3,0
3537.4,0
3537.5,0
3537.6,0
3537.7,0
3537.8,0
3537.9,0
3538,0
3538.1,0
3538.2,0
3538.3,0
3538.4,0
3538.5,0
3538.6,0
3538.7,0
3538.8,0
3538.9,0
3539,0
3539.1,0
3539.2,0
3539.3,0
3539.4,0
3539.5,0
3539.6,0
3539.7,0
3539.8,0
3539.9,0
3540,0
3540.1,0
3540.2,0
3540.3,0
3540.4,0
3540.5,0
3540.6,0
3540.7,0
3540.8,0
3540.9,0
3541,0
3541.1,0
3541.2,0
3541.3,0
3541.4,0
3541.5,0
3541.6,0
3541.7,0
3541.8,0
3541.9,0
3542,0
3542.1,0
3542.2,0
3542.3,0
3542.4,0
3542.5,0
3542.6,0
3542.7,0
3542.8,0
3542.9,0
3543,0
3543.1,0
3543.2,0
3543.3,0
3543.4,0
3543.5,0
3543.6,0
3543.7,0
3543.8,0
3543.9,0
3544,0
3544.1,0
3544.2,0
3544.3,0
3544.4,0
3544.5,0
3544.6,0
3544.7,0
3544.8,0
3544.9,0
3545,0
3545.1,0
3545.2,0
3545.3,0
3545.4,0
3545.5,0
3545.6,0
3545.7,0
3545.8,0
3545.9,0
3546,0
3546.1,0
3546.2,0
3546.3,0
3546.4,0
3546.5,0
3546.6,0
3546.7,0
3546.8,0
3546.9,0
3547,0
3547.1,0
3547.2,0
3547.3,0
3547.4,0
3547.5,0
3547.6,0
3547.7,0
3547.8,0
3547.9,0
3548,0
3548.1,0
3548.2,0
3548.3,0
3548.4,0
3548.5,0
3548.6,0
3548.7,0
3548.8,0
3548.9,0
3549,0
3549.1,0
3549.2,0
3549.3,0
3549.4,0
3549.5,0
3549.6,0
3549.7,0
3549.8,0
3549.9,0
3550,0
3550.1,0
3550.2,0
3550.3,0
3550.4,0
3550.5,0
3550.6,0
3550.7,0
3550.8,0
3550.9,0
3551,0
3551.1,0
3551.2,0
3551.3,0
3551.4,0
3551.5,0
3551.6,0
3551.7,0
3551.8,0
3551.9,0
3552,0
3552.1,0
3552.2,0
3552.3,0
3552.4,0
3552.5,0
3552.6,0
3552.7,0
3552.8,0
3552.9,0
3553,0
3553.1,0
3553.2,0
3553.3,0
3553.4,0
3553.5,0
3553.6,0
3553.7,0
3553.8,0
3553.9,0
3554,0
3554.1,0
3554.2,0
3554.3,0
3554.4,0
3554.5,0
3554.6,0
3554.7,0
3554.8,0
3554.9,0
3555,0
3555.1,0
3555.2,0
3555.3,0
3555.4,0
3555.5,0
3555.6,0
3555.7,0
3555.8,0
3555.9,0
3556,0
3556.1,0
3556.2,0
3556.3,0
3556.4,0
3556.5,0
3556.6,0
3556.7,0
3556.8,0
3556.9,0
3557,0
3557.1,0
3557.2,0
3557.3,0
3557.4,0
3557.5,0
3557.6,0
3557.7,0
3557.8,0
3557.9,0
3558,0
3558.1,0
3558.2,0
3558.3,0
3558.4,0
3558.5,0
3558.6,0
3558.7,0
3558.8,0
3558.9,0
3559,0
3559.1,0
3559.2,0
3559.3,0
3559.4,0
3559.5,0
3559.6,0
3559.7,0
3559.8,0
3559.9,0
3560,0
3560.1,0
3560.2,0
3560.3,0
3560.4,0
3560.5,0
3560.6,0
3560.7,0
3560.8,0
3560.9,0
3561,0
3561.1,0
3561.2,0
3561.3,0
3561.4,0
3561.5,0
3561.6,0
3561.7,0
3561.8,0
3561.9,0
3562,0
3562.1,0
3562.2,0
3562.3,0
3562.4,0
3562.5,0
3562.6,0
3562.7,0
3562.8,0
3562.9,0
3563,0
3563.1,0
3563.2,0
3563.3,0
3563.4,0
3563.5,0
3563.6,0
3563.7,0
3563.8,0
3563.9,0
3564,0
3564.1,0
3564.2,0
3564.3,0
3564.4,0
3564.5,0
3564.6,0
3564.7,0
3564.8,0
3564.9,0
3565,0
3565.1,0
3565.2,0
3565.3,0
3565.4,0
3565.5,0
3565.6,0
3565.7,0
3565.8,0
3565.9,0
3566,0
3566.1,0
3566.2,0
3566.3,0
3566.4,0
3566.5,0
3566.6,0
3566.7,0
3566.8,0
3566.9,0
3567,0
3567.1,0
3567.2,0
3567.3,0
3567.4,0
3567.5,0
3567.6,0
3567.7,0
3567.8,0
3567.9,0
3568,0
3568.1,0
3568.2,0
3568.3,0
3568.4,0
3568.5,0
3568.6,0
3568.7,0
3568.8,0
3568.9,0
3569,0
3569.1,0
3569.2,0
3569.3,0
3569.4,0
3569.5,0
3569.6,0
3569.7,0
3569.8,0
3569.9,0
3570,0
3570.1,0
3570.2,0
3570.3,0
3570.4,0
3570.5,0
3570.6,0
3570.7,0
3570.8,0
3570.9,0
3571,0
3571.1,0
3571.2,0
3571.3,0
3571.4,0
3571.5,0
3571.6,0
3571.7,0
3571.8,0
3571.9,0
3572,0
3572.1,0
3572.2,0
3572.3,0
3572.4,0
3572.5,0
3572.6,0
3572.7,0
3572.8,0
3572.9,0
3573,0
3573.1,0
3573.2,0
3573.3,0
3573.4,0
3573.5,0
3573.6,0
3573.7,0
3573.8,0
3573.9,0
3574,0
3574.1,0
3574.2,0
3574.3,0
3574.4,0
3574.5,0
3574.6,0
3574.7,0
3574.8,0
3574.9,0
3575,0
3575.1,0
3575.2,0
3575.3,0
3575.4,0
3575.5,0
3575.6,0
3575.7,0
3575.8,0
3575.9,0
3576,0
3576.1,0
3576.2,0
3576.3,0
3576.4,0
3576.5,0
3576.6,0
3576.7,0
3576.8,0
3576.9,0
3577,0
3577.1,0
3577.2,0
3577.3,0
3577.4,0
3577.5,0
3577.6,0
3577.7,0
3577.8,0
3577.9,0
3578,0
3578.1,0
3578.2,0
3578.3,0
3578.4,0
3578.5,0
3578.6,0
3578.7,0
3578.8,0
3578.9,0
3579,0
3579.1,0
3579.2,0
3579.3,0
3579.4,0
3579.5,0
3579.6,0
3579.7,0
3579.8,0
3579.9,0
3580,0
3580.1,0
3580.2,0
3580.3,0
3580.4,0
3580.5,0
3580.6,0
3580.7,0
3580.8,0
3580.9,0
3581,0
3581.1,0
3581.2,0
3581.3,0
3581.4,0
3581.5,0
3581.6,0
3581.7,0
3581.8,0
3581.9,0
3582,0
3582.1,0
3582.2,0
3582.3,0
3582.4,0
3582.5,0
3582.6,0
3582.7,0
3582.8,0
3582.9,0
3583,0
3583.1,0
3583.2,0
3583.3,0
3583.4,0
3583.5,0
3583.6,0
3583.7,0
3583.8,0
3583.9,0
3584,0
3584.1,0
3584.2,0
3584.3,0
3584.4,0
3584.5,0
3584.6,0
3584.7,0
3584.8,0
3584.9,0
3585,0
3585.1,0
3585.2,0
3585.3,0
3585.4,0
3585.5,0
3585.6,0
3585.7,0
3585.8,0
3585.9,0
3586,0
3586.1,0
3586.2,0
3586.3,0
3586.4,0
3586.5,0
3586.6,0
3586.7,0
3586.8,0
3586.9,0
3587,0
3587.1,0
3587.2,0
3587.3,0
3587.4,0
3587.5,0
3587.6,0
3587.7,0
3587.8,0
3587.9,0
3588,0
3588.1,0
3588.2,0
3588.3,0
3588.4,0
3588.5,0
3588.6,0
3588.7,0
3588.8,0
3588.9,0
3589,0
3589.1,0
3589.2,0
3589.3,0
3589.4,0
3589.5,0
3589.6,0
3589.7,0
3589.8,0
3589.9,0
3590,0
3590.1,0
3590.2,0
3590.3,0
3590.4,0
3590.5,0
3590.6,0
3590.7,0
3590.8,0
3590.9,0
3591,0
3591.1,0
3591.2,0
3591.3,0
3591.4,0
3591.5,0
3591.6,0
3591.7,0
3591.8,0
3591.9,0
3592,0
3592.1,0
3592.2,0
3592.3,0
3592.4,0
3592.5,0
3592.6,0
3592.7,0
3592.8,0
3592.9,0
3593,0
3593.1,0
3593.2,0
3593.3,0
3593.4,0
3593.5,0
3593.6,0
3593.7,0
3593.8,0
3593.9,0
3594,0
3594.1,0
3594.2,0
3594.3,0
3594.4,0
3594.5,0
3594.6,0
3594.7,0
3594.8,0
3594.9,0
3595,0
3595.1,0
3595.2,0
3595.3,0
3595.4,0
3595.5,0
3595.6,0
3595.7,0
3595.8,0
3595.9,0
3596,0
3596.1,0
3596.2,0
3596.3,0
3596.4,0
3596.5,0
3596.6,0
3596.7,0
3596.8,0
3596.9,0
3597,0
3597.1,0
3597.2,0
3597.3,0
3597.4,0
3597.5,0
3597.6,0
3597.7,0
3597.8,0
3597.9,0
3598,0
3598.1,0
3598.2,0
3598.3,0
3598.4,0
3598.5,0
3598.6,0
3598.7,0
3598.8,0
3598.9,0
3599,0
3599.1,0
3599.2,0
3599.3,0
3599.4,0
3599.5,0
3599.6,0
3599.7,0
3599.8,0
3599.9,0
3600,0
3600.1,0
3600.2,0
3600.3,0
3600.4,0
3600.5,0
3600.6,0
3600.7,0
3600.8,0
3600.9,0
3601,0
3601.1,0
3601.2,0
3601.3,0
3601.4,0
3601.5,0
3601.6,0
3601.7,0
3601.8,0
3601.9,0
3602,0
3602.1,0
3602.2,0
3602.3,0
3602.4,0
3602.5,0
3602.6,0
3602.7,0
3602.8,0
3602.9,0
3603,0
3603.1,0
3603.2,0
3603.3,0
3603.4,0
3603.5,0
3603.6,0
3603.7,0
3603.8,0
3603.9,0
3604,0
3604.1,0
3604.2,0
3604.3,0
3604.4,0
3604.5,0
3604.6,0
3604.7,0
3604.8,0
3604.9,0
3605,0
3605.1,0
3605.2,0
3605.3,0
3605.4,0
3605.5,0
3605.6,0
3605.7,0
3605.8,0
3605.9,0
3606,0
3606.1,0
3606.2,0
3606.3,0
3606.4,0
3606.5,0
3606.6,0
3606.7,0
3606.8,0
3606.9,0
3607,0
3607.1,0
3607.2,0
3607.3,0
3607.4,0
3607.5,0
3607.6,0
3607.7,0
3607.8,0
3607.9,0
3608,0
3608.1,0
3608.2,0
3608.3,0
3608.4,0
3608.5,0
3608.6,0
3608.7,0
3608.8,0
3608.9,0
3609,0
3609.1,0
3609.2,0
3609.3,0
3609.4,0
3609.5,0
3609.6,0
3609.7,0
3609.8,0
3609.9,0
3610,0
3610.1,0
3610.2,0
3610.3,0
3610.4,0
3610.5,0
3610.6,0
3610.7,0
3610.8,0
3610.9,0
3611,0
3611.1,0
3611.2,0
3611.3,0
3611.4,0
3611.5,0
3611.6,0
3611.7,0
3611.8,0
3611.9,0
3612,0
3612.1,0
3612.2,0
3612.3,0
3612.4,0
3612.5,0
3612.6,0
3612.7,0
3612.8,0
3612.9,0
3613,0
3613.1,0
3613.2,0
3613.3,0
3613.4,0
3613.5,0
3613.6,0
3613.7,0
3613.8,0
3613.9,0
3614,0
3614.1,0
3614.2,0
3614.3,0
3614.4,0
3614.5,0
3614.6,0
3614.7,0
3614.8,0
3614.9,0
3615,0
3615.1,0
3615.2,0
3615.3,0
3615.4,0
3615.5,0
3615.6,0
3615.7,0
3615.8,0
3615.9,0
3616,0
3616.1,0
3616.2,0
3616.3,0
3616.4,0
3616.5,0
3616.6,0
3616.7,0
3616.8,0
3616.9,0
3617,0
3617.1,0
3617.2,0
3617.3,0
3617.4,0
3617.5,0
3617.6,0
3617.7,0
3617.8,0
3617.9,0
3618,0
3618.1,0
3618.2,0
3618.3,0
3618.4,0
3618.5,0
3618.6,0
3618.7,0
3618.8,0
3618.9,0
3619,0
3619.1,0
3619.2,0
3619.3,0
3619.4,0
3619.5,0
3619.6,0
3619.7,0
3619.8,0
3619.9,0
3620,0
3620.1,0
3620.2,0
3620.3,0
3620.4,0
3620.5,0
3620.6,0
3620.7,0
3620.8,0
3620.9,0
3621,0
3621.1,0
3621.2,0
3621.3,0
3621.4,0
3621.5,0
3621.6,0
3621.7,0
3621.8,0
3621.9,0
3622,0
3622.1,0
3622.2,0
3622.3,0
3622.4,0
3622.5,0
3622.6,0
3622.7,0
3622.8,0
3622.9,0
3623,0
3623.1,0
3623.2,0
3623.3,0
3623.4,0
3623.5,0
3623.6,0
3623.7,0
3623.8,0
3623.9,0
3624,0
3624.1,0
3624.2,0
3624.3,0
3624.4,0
3624.5,0
3624.6,0
3624.7,0
3624.8,0
3624.9,0
3625,0
3625.1,0
3625.2,0
3625.3,0
3625.4,0
3625.5,0
3625.6,0
3625.7,0
3625.8,0
3625.9,0
3626,0
3626.1,0
3626.2,0
3626.3,0
3626.4,0
3626.5,0
3626.6,0
3626.7,0
3626.8,0
3626.9,0
3627,0
3627.1,0
3627.2,0
3627.3,0
3627.4,0
3627.5,0
3627.6,0
3627.7,0
3627.8,0
3627.9,0
3628,0
3628.1,0
3628.2,0
3628.3,0
3628.4,0
3628.5,0
3628.6,0
3628.7,0
3628.8,0
3628.9,0
3629,0
3629.1,0
3629.2,0
3629.3,0
3629.4,0
3629.5,0
3629.6,0
3629.7,0
3629.8,0
3629.9,0
3630,0
3630.1,0
3630.2,0
3630.3,0
3630.4,0
3630.5,0
3630.6,0
3630.7,0
3630.8,0
3630.9,0
3631,0
3631.1,0
3631.2,0
3631.3,0
3631.4,0
3631.5,0
3631.6,0
3631.7,0
3631.8,0
3631.9,0
3632,0
3632.1,0
3632.2,0
3632.3,0
3632.4,0
3632.5,0
3632.6,0
3632.7,0
3632.8,0
3632.9,0
3633,0
3633.1,0
3633.2,0
3633.3,0
3633.4,0
3633.5,0
3633.6,0
3633.7,0
3633.8,0
3633.9,0
3634,0
3634.1,0
3634.2,0
3634.3,0
3634.4,0
3634.5,0
3634.6,0
3634.7,0
3634.8,0
3634.9,0
3635,0
3635.1,0
3635.2,0
3635.3,0
3635.4,0
3635.5,0
3635.6,0
3635.7,0
3635.8,0
3635.9,0
3636,0
3636.1,0
3636.2,0
3636.3,0
3636.4,0
3636.5,0
3636.6,0
3636.7,0
3636.8,0
3636.9,0
3637,0
3637.1,0
3637.2,0
3637.3,0
3637.4,0
3637.5,0
3637.6,0
3637.7,0
3637.8,0
3637.9,0
3638,0
3638.1,0
3638.2,0
3638.3,0
3638.4,0
3638.5,0
3638.6,0
3638.7,0
3638.8,0
3638.9,0
3639,0
3639.1,0
3639.2,0
3639.3,0
3639.4,0
3639.5,0
3639.6,0
3639.7,0
3639.8,0
3639.9,0
3640,0
3640.1,0
3640.2,0
3640.3,0
3640.4,0
3640.5,0
3640.6,0
3640.7,0
3640.8,0
3640.9,0
3641,0
3641.1,0
3641.2,0
3641.3,0
3641.4,0
3641.5,0
3641.6,0
3641.7,0
3641.8,0
3641.9,0
3642,0
3642.1,0
3642.2,0
3642.3,0
3642.4,0
3642.5,0
3642.6,0
3642.7,0
3642.8,0
3642.9,0
3643,0
3643.1,0
3643.2,0
3643.3,0
3643.4,0
3643.5,0
3643.6,0
3643.7,0
3643.8,0
3643.9,0
3644,0
3644.1,0
3644.2,0
3644.3,0
3644.4,0
3644.5,0
3644.6,0
3644.7,0
3644.8,0
3644.9,0
3645,0
3645.1,0
3645.2,0
3645.3,0
3645.4,0
3645.5,0
3645.6,0
3645.7,0
3645.8,0
3645.9,0
3646,0
3646.1,0
3646.2,0
3646.3,0
3646.4,0
3646.5,0
3646.6,0
3646.7,0
3646.8,0
3646.9,0
3647,0
3647.1,0
3647.2,0
3647.3,0
3647.4,0
3647.5,0
3647.6,0
3647.7,0
3647.8,0
3647.9,0
3648,0
3648.1,0
3648.2,0
3648.3,0
3648.4,0
3648.5,0
3648.6,0
3648.7,0
3648.8,0
3648.9,0
3649,0
3649.1,0
3649.2,0
3649.3,0
3649.4,0
3649.5,0
3649.6,0
3649.7,0
3649.8,0
3649.9,0
3650,0
3650.1,0
3650.2,0
3650.3,0
3650.4,0
3650.5,0
3650.6,0
3650.7,0
3650.8,0
3650.9,0
3651,0
3651.1,0
3651.2,0
3651.3,0
3651.4,0
3651.5,0
3651.6,0
3651.7,0
3651.8,0
3651.9,0
3652,0
3652.1,0
3652.2,0
3652.3,0
3652.4,0
3652.5,0
3652.6,0
3652.7,0
3652.8,0
3652.9,0
3653,0
3653.1,0
3653.2,0
3653.3,0
3653.4,0
3653.5,0
3653.6,0
3653.7,0
3653.8,0
3653.9,0
3654,0
3654.1,0
3654.2,0
3654.3,0
3654.4,0
3654.5,0
3654.6,0
3654.7,0
3654.8,0
3654.9,0
3655,0
3655.1,0
3655.2,0
3655.3,0
3655.4,0
3655.5,0
3655.6,0
3655.7,0
3655.8,0
3655.9,0
3656,0
3656.1,0
3656.2,0
3656.3,0
3656.4,0
3656.5,0
3656.6,0
3656.7,0
3656.8,0
3656.9,0
3657,0
3657.1,0
3657.2,0
3657.3,0
3657.4,0
3657.5,0
3657.6,0
3657.7,0
3657.8,0
3657.9,0
3658,0
3658.1,0
3658.2,0
3658.3,0
3658.4,0
3658.5,0
3658.6,0
3658.7,0
3658.8,0
3658.9,0
3659,0
3659.1,0
3659.2,0
3659.3,0
3659.4,0
3659.5,0
3659.6,0
3659.7,0
3659.8,0
3659.9,0
3660,0
3660.1,0
3660.2,0
3660.3,0
3660.4,0
3660.5,0
3660.6,0
3660.7,0
3660.8,0
3660.9,0
3661,0
3661.1,0
3661.2,0
3661.3,0
3661.4,0
3661.5,0
3661.6,0
3661.7,0
3661.8,0
3661.9,0
3662,0
3662.1,0
3662.2,0
3662.3,0
3662.4,0
3662.5,0
3662.6,0
3662.7,0
3662.8,0
3662.9,0
3663,0
3663.1,0
3663.2,0
3663.3,0
3663.4,0
3663.5,0
3663.6,0
3663.7,0
3663.8,0
3663.9,0
3664,0
3664.1,0
3664.2,0
3664.3,0
3664.4,0
3664.5,0
3664.6,0
3664.7,0
3664.8,0
3664.9,0
3665,0
3665.1,0
3665.2,0
3665.3,0
3665.4,0
3665.5,0
3665.6,0
3665.7,0
3665.8,0
3665.9,0
3666,0
3666.1,0
3666.2,0
3666.3,0
3666.4,0
3666.5,0
3666.6,0
3666.7,0
3666.8,0
3666.9,0
3667,0
3667.1,0
3667.2,0
3667.3,0
3667.4,0
3667.5,0
3667.6,0
3667.7,0
3667.8,0
3667.9,0
3668,0
3668.1,0
3668.2,0
3668.3,0
3668.4,0
3668.5,0
3668.6,0
3668.7,0
3668.8,0
3668.9,0
3669,0
3669.1,0
3669.2,0
3669.3,0
3669.4,0
3669.5,0
3669.6,0
3669.7,0
3669.8,0
3669.9,0
3670,0
3670.1,0
3670.2,0
3670.3,0
3670.4,0
3670.5,0
3670.6,0
3670.7,0
3670.8,0
3670.9,0
3671,0
3671.1,0
3671.2,0
3671.3,0
3671.4,0
3671.5,0
3671.6,0
3671.7,0
3671.8,0
3671.9,0
3672,0
3672.1,0
3672.2,0
3672.3,0
3672.4,0
3672.5,0
3672.6,0
3672.7,0
3672.8,0
3672.9,0
3673,0
3673.1,0
3673.2,0
3673.3,0
3673.4,0
3673.5,0
3673.6,0
3673.7,0
3673.8,0
3673.9,0
3674,0
3674.1,0
3674.2,0
3674.3,0
3674.4,0
3674.5,0
3674.6,0
3674.7,0
3674.8,0
3674.9,0
3675,0
3675.1,0
3675.2,0
3675.3,0
3675.4,0
3675.5,0
3675.6,0
3675.7,0
3675.8,0
3675.9,0
3676,0
3676.1,0
3676.2,0
3676.3,0
3676.4,0
3676.5,0
3676.6,0
3676.7,0
3676.8,0
3676.9,0
3677,0
3677.1,0
3677.2,0
3677.3,0
3677.4,0
3677.5,0
3677.6,0
3677.7,0
3677.8,0
3677.9,0
3678,0
3678.1,0
3678.2,0
3678.3,0
3678.4,0
3678.5,0
3678.6,0
3678.7,0
3678.8,0
3678.9,0
3679,0
3679.1,0
3679.2,0
3679.3,0
3679.4,0
3679.5,0
3679.6,0
3679.7,0
3679.8,0
3679.9,0
3680,0
3680.1,0
3680.2,0
3680.3,0
3680.4,0
3680.5,0
3680.6,0
3680.7,0
3680.8,0
3680.9,0
3681,0
3681.1,0
3681.2,0
3681.3,0
3681.4,0
3681.5,0
3681.6,0
3681.7,0
3681.8,0
3681.9,0
3682,0
3682.1,0
3682.2,0
3682.3,0
3682.4,0
3682.5,0
3682.6,0
3682.7,0
3682.8,0
3682.9,0
3683,0
3683.1,0
3683.2,0
3683.3,0
3683.4,0
3683.5,0
3683.6,0
3683.7,0
3683.8,0
3683.9,0
3684,0
3684.1,0
3684.2,0
3684.3,0
3684.4,0
3684.5,0
3684.6,0
3684.7,0
3684.8,0
3684.9,0
3685,0
3685.1,0
3685.2,0
3685.3,0
3685.4,0
3685.5,0
3685.6,0
3685.7,0
3685.8,0
3685.9,0
3686,0
3686.1,0
3686.2,0
3686.3,0
3686.4,0
3686.5,0
3686.6,0
3686.7,0
3686.8,0
3686.9,0
3687,0
3687.1,0
3687.2,0
3687.3,0
3687.4,0
3687.5,0
3687.6,0
3687.7,0
3687.8,0
3687.9,0
3688,0
3688.1,0
3688.2,0
3688.3,0
3688.4,0
3688.5,0
3688.6,0
3688.7,0
3688.8,0
3688.9,0
3689,0
3689.1,0
3689.2,0
3689.3,0
3689.4,0
3689.5,0
3689.6,0
3689.7,0
3689.8,0
3689.9,0
3690,0
3690.1,0
3690.2,0
3690.3,0
3690.4,0
3690.5,0
3690.6,0
3690.7,0
3690.8,0
3690.9,0
3691,0
3691.1,0
3691.2,0
3691.3,0
3691.4,0
3691.5,0
3691.6,0
3691.7,0
3691.8,0
3691.9,0
3692,0
3692.1,0
3692.2,0
3692.3,0
3692.4,0
3692.5,0
3692.6,0
3692.7,0
3692.8,0
3692.9,0
3693,0
3693.1,0
3693.2,0
3693.3,0
3693.4,0
3693.5,0
3693.6,0
3693.7,0
3693.8,0
3693.9,0
3694,0
3694.1,0
3694.2,0
3694.3,0
3694.4,0
3694.5,0
3694.6,0
3694.7,0
3694.8,0
3694.9,0
3695,0
3695.1,0
3695.2,0
3695.3,0
3695.4,0
3695.5,0
3695.6,0
3695.7,0
3695.8,0
3695.9,0
3696,0
3696.1,0
3696.2,0
3696.3,0
3696.4,0
3696.5,0
3696.6,0
3696.7,0
3696.8,0
3696.9,0
3697,0
3697.1,0
3697.2,0
3697.3,0
3697.4,0
3697.5,0
3697.6,0
3697.7,0
3697.8,0
3697.9,0
3698,0
3698.1,0
3698.2,0
3698.3,0
3698.4,0
3698.5,0
3698.6,0
3698.7,0
3698.8,0
3698.9,0
3699,0
3699.1,0
3699.2,0
3699.3,0
3699.4,0
3699.5,0
3699.6,0
3699.7,0
3699.8,0
3699.9,0
3700,0
3700.1,0
3700.2,0
3700.3,0
3700.4,0
3700.5,0
3700.6,0
3700.7,0
3700.8,0
3700.9,0
3701,0
3701.1,0
3701.2,0
3701.3,0
3701.4,0
3701.5,0
3701.6,0
3701.7,0
3701.8,0
3701.9,0
3702,0
3702.1,0
3702.2,0
3702.3,0
3702.4,0
3702.5,0
3702.6,0
3702.7,0
3702.8,0
3702.9,0
3703,0
3703.1,0
3703.2,0
3703.3,0
3703.4,0
3703.5,0
3703.6,0
3703.7,0
3703.8,0
3703.9,0
3704,0
3704.1,0
3704.2,0
3704.3,0
3704.4,0
3704.5,0
3704.6,0
3704.7,0
3704.8,0
3704.9,0
3705,0
3705.1,0
3705.2,0
3705.3,0
3705.4,0
3705.5,0
3705.6,0
3705.7,0
3705.8,0
3705.9,0
3706,0
3706.1,0
3706.2,0
3706.3,0
3706.4,0
3706.5,0
3706.6,0
3706.7,0
3706.8,0
3706.9,0
3707,0
3707.1,0
3707.2,0
3707.3,0
3707.4,0
3707.5,0
3707.6,0
3707.7,0
3707.8,0
3707.9,0
3708,0
3708.1,0
3708.2,0
3708.3,0
3708.4,0
3708.5,0
3708.6,0
3708.7,0
3708.8,0
3708.9,0
3709,0
3709.1,0
3709.2,0
3709.3,0
3709.4,0
3709.5,0
3709.6,0
3709.7,0
3709.8,0
3709.9,0
3710,0
3710.1,0
3710.2,0
3710.3,0
3710.4,0
3710.5,0
3710.6,0
3710.7,0
3710.8,0
3710.9,0
3711,0
3711.1,0
3711.2,0
3711.3,0
3711.4,0
3711.5,0
3711.6,0
3711.7,0
3711.8,0
3711.9,0
3712,0
3712.1,0
3712.2,0
3712.3,0
3712.4,0
3712.5,0
3712.6,0
3712.7,0
3712.8,0
3712.9,0
3713,0
3713.1,0
3713.2,0
3713.3,0
3713.4,0
3713.5,0
3713.6,0
3713.7,0
3713.8,0
3713.9,0
3714,0
3714.1,0
3714.2,0
3714.3,0
3714.4,0
3714.5,0
3714.6,0
3714.7,0
3714.8,0
3714.9,0
3715,0
3715.1,0
3715.2,0
3715.3,0
3715.4,0
3715.5,0
3715.6,0
3715.7,0
3715.8,0
3715.9,0
3716,0
3716.1,0
3716.2,0
3716.3,0
3716.4,0
3716.5,0
3716.6,0
3716.7,0
3716.8,0
3716.9,0
3717,0
3717.1,0
3717.2,0
3717.3,0
3717.4,0
3717.5,0
3717.6,0
3717.7,0
3717.8,0
3717.9,0
3718,0
3718.1,0
3718.2,0
3718.3,0
3718.4,0
3718.5,0
3718.6,0
3718.7,0
3718.8,0
3718.9,0
3719,0
3719.1,0
3719.2,0
3719.3,0
3719.4,0
3719.5,0
3719.6,0
3719.7,0
3719.8,0
3719.9,0
3720,0
3720.1,0
3720.2,0
3720.3,0
3720.4,0
3720.5,0
3720.6,0
3720.7,0
3720.8,0
3720.9,0
3721,0
3721.1,0
3721.2,0
3721.3,0
3721.4,0
3721.5,0
3721.6,0
3721.7,0
3721.8,0
3721.9,0
3722,0
3722.1,0
3722.2,0
3722.3,0
3722.4,0
3722.5,0
3722.6,0
3722.7,0
3722.8,0
3722.9,0
3723,0
3723.1,0
3723.2,0
3723.3,0
3723.4,0
3723.5,0
3723.6,0
3723.7,0
3723.8,0
3723.9,0
3724,0
3724.1,0
3724.2,0
3724.3,0
3724.4,0
3724.5,0
3724.6,0
3724.7,0
3724.8,0
3724.9,0
3725,0
3725.1,0
3725.2,0
3725.3,0
3725.4,0
3725.5,0
3725.6,0
3725.7,0
3725.8,0
3725.9,0
3726,0
3726.1,0
3726.2,0
3726.3,0
3726.4,0
3726.5,0
3726.6,0
3726.7,0
3726.8,0
3726.9,0
3727,0
3727.1,0
3727.2,0
3727.3,0
3727.4,0
3727.5,0
3727.6,0
3727.7,0
3727.8,0
3727.9,0
3728,0
3728.1,0
3728.2,0
3728.3,0
3728.4,0
3728.5,0
3728.6,0
3728.7,0
3728.8,0
3728.9,0
3729,0
3729.1,0
3729.2,0
3729.3,0
3729.4,0
3729.5,0
3729.6,0
3729.7,0
3729.8,0
3729.9,0
3730,0
3730.1,0
3730.2,0
3730.3,0
3730.4,0
3730.5,0
3730.6,0
3730.7,0
3730.8,0
3730.9,0
3731,0
3731.1,0
3731.2,0
3731.3,0
3731.4,0
3731.5,0
3731.6,0
3731.7,0
3731.8,0
3731.9,0
3732,0
3732.1,0
3732.2,0
3732.3,0
3732.4,0
3732.5,0
3732.6,0
3732.7,0
3732.8,0
3732.9,0
3733,0
3733.1,0
3733.2,0
3733.3,0
3733.4,0
3733.5,0
3733.6,0
3733.7,0
3733.8,0
3733.9,0
3734,0
3734.1,0
3734.2,0
3734.3,0
3734.4,0
3734.5,0
3734.6,0
3734.7,0
3734.8,0
3734.9,0
3735,0
3735.1,0
3735.2,0
3735.3,0
3735.4,0
3735.5,0
3735.6,0
3735.7,0
3735.8,0
3735.9,0
3736,0
3736.1,0
3736.2,0
3736.3,0
3736.4,0
3736.5,0
3736.6,0
3736.7,0
3736.8,0
3736.9,0
3737,0
3737.1,0
3737.2,0
3737.3,0
3737.4,0
3737.5,0
3737.6,0
3737.7,0
3737.8,0
3737.9,0
3738,0
3738.1,0
3738.2,0
3738.3,0
3738.4,0
3738.5,0
3738.6,0
3738.7,0
3738.8,0
3738.9,0
3739,0
3739.1,0
3739.2,0
3739.3,0
3739.4,0
3739.5,0
3739.6,0
3739.7,0
3739.8,0
3739.9,0
3740,0
3740.1,0
3740.2,0
3740.3,0
3740.4,0
3740.5,0
3740.6,0
3740.7,0
3740.8,0
3740.9,0
3741,0
3741.1,0
3741.2,0
3741.3,0
3741.4,0
3741.5,0
3741.6,0
3741.7,0
3741.8,0
3741.9,0
3742,0
3742.1,0
3742.2,0
3742.3,0
3742.4,0
3742.5,0
3742.6,0
3742.7,0
3742.8,0
3742.9,0
3743,0
3743.1,0
3743.2,0
3743.3,0
3743.4,0
3743.5,0
3743.6,0
3743.7,0
3743.8,0
3743.9,0
3744,0
3744.1,0
3744.2,0
3744.3,0
3744.4,0
3744.5,0
3744.6,0
3744.7,0
3744.8,0
3744.9,0
3745,0
3745.1,0
3745.2,0
3745.3,0
3745.4,0
3745.5,0
3745.6,0
3745.7,0
3745.8,0
3745.9,0
3746,0
3746.1,0
3746.2,0
3746.3,0
3746.4,0
3746.5,0
3746.6,0
3746.7,0
3746.8,0
3746.9,0
3747,0
3747.1,0
3747.2,0
3747.3,0
3747.4,0
3747.5,0
3747.6,0
3747.7,0
3747.8,0
3747.9,0
3748,0
3748.1,0
3748.2,0
3748.3,0
3748.4,0
3748.5,0
3748.6,0
3748.7,0
3748.8,0
3748.9,0
3749,0
3749.1,0
3749.2,0
3749.3,0
3749.4,0
3749.5,0
3749.6,0
3749.7,0
3749.8,0
3749.9,0
3750,0
3750.1,0
3750.2,0
3750.3,0
3750.4,0
3750.5,0
3750.6,0
3750.7,0
3750.8,0
3750.9,0
3751,0
3751.1,0
3751.2,0
3751.3,0
3751.4,0
3751.5,0
3751.6,0
3751.7,0
3751.8,0
3751.9,0
3752,0
3752.1,0
3752.2,0
3752.3,0
3752.4,0
3752.5,0
3752.6,0
3752.7,0
3752.8,0
3752.9,0
3753,0
3753.1,0
3753.2,0
3753.3,0
3753.4,0
3753.5,0
3753.6,0
3753.7,0
3753.8,0
3753.9,0
3754,0
3754.1,0
3754.2,0
3754.3,0
3754.4,0
3754.5,0
3754.6,0
3754.7,0
3754.8,0
3754.9,0
3755,0
3755.1,0
3755.2,0
3755.3,0
3755.4,0
3755.5,0
3755.6,0
3755.7,0
3755.8,0
3755.9,0
3756,0
3756.1,0
3756.2,0
3756.3,0
3756.4,0
3756.5,0
3756.6,0
3756.7,0
3756.8,0
3756.9,0
3757,0
3757.1,0
3757.2,0
3757.3,0
3757.4,0
3757.5,0
3757.6,0
3757.7,0
3757.8,0
3757.9,0
3758,0
3758.1,0
3758.2,0
3758.3,0
3758.4,0
3758.5,0
3758.6,0
3758.7,0
3758.8,0
3758.9,0
3759,0
3759.1,0
3759.2,0
3759.3,0
3759.4,0
3759.5,0
3759.6,0
3759.7,0
3759.8,0
3759.9,0
3760,0
3760.1,0
3760.2,0
3760.3,0
3760.4,0
3760.5,0
3760.6,0
3760.7,0
3760.8,0
3760.9,0
3761,0
3761.1,0
3761.2,0
3761.3,0
3761.4,0
3761.5,0
3761.6,0
3761.7,0
3761.8,0
3761.9,0
3762,0
3762.1,0
3762.2,0
3762.3,0
3762.4,0
3762.5,0
3762.6,0
3762.7,0
3762.8,0
3762.9,0
3763,0
3763.1,0
3763.2,0
3763.3,0
3763.4,0
3763.5,0
3763.6,0
3763.7,0
3763.8,0
3763.9,0
3764,0
3764.1,0
3764.2,0
3764.3,0
3764.4,0
3764.5,0
3764.6,0
3764.7,0
3764.8,0
3764.9,0
3765,0
3765.1,0
3765.2,0
3765.3,0
3765.4,0
3765.5,0
3765.6,0
3765.7,0
3765.8,0
3765.9,0
3766,0
3766.1,0
3766.2,0
3766.3,0
3766.4,0
3766.5,0
3766.6,0
3766.7,0
3766.8,0
3766.9,0
3767,0
3767.1,0
3767.2,0
3767.3,0
3767.4,0
3767.5,0
3767.6,0
3767.7,0
3767.8,0
3767.9,0
3768,0
3768.1,0
3768.2,0
3768.3,0
3768.4,0
3768.5,0
3768.6,0
3768.7,0
3768.8,0
3768.9,0
3769,0
3769.1,0
3769.2,0
3769.3,0
3769.4,0
3769.5,0
3769.6,0
3769.7,0
3769.8,0
3769.9,0
3770,0
3770.1,0
3770.2,0
3770.3,0
3770.4,0
3770.5,0
3770.6,0
3770.7,0
3770.8,0
3770.9,0
3771,0
3771.1,0
3771.2,0
3771.3,0
3771.4,0
3771.5,0
3771.6,0
3771.7,0
3771.8,0
3771.9,0
3772,0
3772.1,0
3772.2,0
3772.3,0
3772.4,0
3772.5,0
3772.6,0
3772.7,0
3772.8,0
3772.9,0
3773,0
3773.1,0
3773.2,0
3773.3,0
3773.4,0
3773.5,0
3773.6,0
3773.7,0
3773.8,0
3773.9,0
3774,0
3774.1,0
3774.2,0
3774.3,0
3774.4,0
3774.5,0
3774.6,0
3774.7,0
3774.8,0
3774.9,0
3775,0
3775.1,0
3775.2,0
3775.3,0
3775.4,0
3775.5,0
3775.6,0
3775.7,0
3775.8,0
3775.9,0
3776,0
3776.1,0
3776.2,0
3776.3,0
3776.4,0
3776.5,0
3776.6,0
3776.7,0
3776.8,0
3776.9,0
3777,0
3777.1,0
3777.2,0
3777.3,0
3777.4,0
3777.5,0
3777.6,0
3777.7,0
3777.8,0
3777.9,0
3778,0
3778.1,0
3778.2,0
3778.3,0
3778.4,0
3778.5,0
3778.6,0
3778.7,0
3778.8,0
3778.9,0
3779,0
3779.1,0
3779.2,0
3779.3,0
3779.4,0
3779.5,0
3779.6,0
3779.7,0
3779.8,0
3779.9,0
3780,0
3780.1,0
3780.2,0
3780.3,0
3780.4,0
3780.5,0
3780.6,0
3780.7,0
3780.8,0
3780.9,0
3781,0
3781.1,0
3781.2,0
3781.3,0
3781.4,0
3781.5,0
3781.6,0
3781.7,0
3781.8,0
3781.9,0
3782,0
3782.1,0
3782.2,0
3782.3,0
3782.4,0
3782.5,0
3782.6,0
3782.7,0
3782.8,0
3782.9,0
3783,0
3783.1,0
3783.2,0
3783.3,0
3783.4,0
3783.5,0
3783.6,0
3783.7,0
3783.8,0
3783.9,0
3784,0
3784.1,0
3784.2,0
3784.3,0
3784.4,0
3784.5,0
3784.6,0
3784.7,0
3784.8,0
3784.9,0
3785,0
3785.1,0
3785.2,0
3785.3,0
3785.4,0
3785.5,0
3785.6,0
3785.7,0
3785.8,0
3785.9,0
3786,0
3786.1,0
3786.2,0
3786.3,0
3786.4,0
3786.5,0
3786.6,0
3786.7,0
3786.8,0
3786.9,0
3787,0
3787.1,0
3787.2,0
3787.3,0
3787.4,0
3787.5,0
3787.6,0
3787.7,0
3787.8,0
3787.9,0
3788,0
3788.1,0
3788.2,0
3788.3,0
3788.4,0
3788.5,0
3788.6,0
3788.7,0
3788.8,0
3788.9,0
3789,0
3789.1,0
3789.2,0
3789.3,0
3789.4,0
3789.5,0
3789.6,0
3789.7,0
3789.8,0
3789.9,0
3790,0
3790.1,0
3790.2,0
3790.3,0
3790.4,0
3790.5,0
3790.6,0
3790.7,0
3790.8,0
3790.9,0
3791,0
3791.1,0
3791.2,0
3791.3,0
3791.4,0
3791.5,0
3791.6,0
3791.7,0
3791.8,0
3791.9,0
3792,0
3792.1,0
3792.2,0
3792.3,0
3792.4,0
3792.5,0
3792.6,0
3792.7,0
3792.8,0
3792.9,0
3793,0
3793.1,0
3793.2,0
3793.3,0
3793.4,0
3793.5,0
3793.6,0
3793.7,0
3793.8,0
3793.9,0
3794,0
3794.1,0
3794.2,0
3794.3,0
3794.4,0
3794.5,0
3794.6,0
3794.7,0
3794.8,0
3794.9,0
3795,0
3795.1,0
3795.2,0
3795.3,0
3795.4,0
3795.5,0
3795.6,0
3795.7,0
3795.8,0
3795.9,0
3796,0
3796.1,0
3796.2,0
3796.3,0
3796.4,0
3796.5,0
3796.6,0
3796.7,0
3796.8,0
3796.9,0
3797,0
3797.1,0
3797.2,0
3797.3,0
3797.4,0
3797.5,0
3797.6,0
3797.7,0
3797.8,0
3797.9,0
3798,0
3798.1,0
3798.2,0
3798.3,0
3798.4,0
3798.5,0
3798.6,0
3798.7,0
3798.8,0
3798.9,0
3799,0
3799.1,0
3799.2,0
3799.3,0
3799.4,0
3799.5,0
3799.6,0
3799.7,0
3799.8,0
3799.9,0
3800,0
3800.1,0
3800.2,0
3800.3,0
3800.4,0
3800.5,0
3800.6,0
3800.7,0
3800.8,0
3800.9,0
3801,0
3801.1,0
3801.2,0
3801.3,0
3801.4,0
3801.5,0
3801.6,0
3801.7,0
3801.8,0
3801.9,0
3802,0
3802.1,0
3802.2,0
3802.3,0
3802.4,0
3802.5,0
3802.6,0
3802.7,0
3802.8,0
3802.9,0
3803,0
3803.1,0
3803.2,0
3803.3,0
3803.4,0
3803.5,0
3803.6,0
3803.7,0
3803.8,0
3803.9,0
3804,0
3804.1,0
3804.2,0
3804.3,0
3804.4,0
3804.5,0
3804.6,0
3804.7,0
3804.8,0
3804.9,0
3805,0
3805.1,0
3805.2,0
3805.3,0
3805.4,0
3805.5,0
3805.6,0
3805.7,0
3805.8,0
3805.9,0
3806,0
3806.1,0
3806.2,0
3806.3,0
3806.4,0
3806.5,0
3806.6,0
3806.7,0
3806.8,0
3806.9,0
3807,0
3807.1,0
3807.2,0
3807.3,0
3807.4,0
3807.5,0
3807.6,0
3807.7,0
3807.8,0
3807.9,0
3808,0
3808.1,0
3808.2,0
3808.3,0
3808.4,0
3808.5,0
3808.6,0
3808.7,0
3808.8,0
3808.9,0
3809,0
3809.1,0
3809.2,0
3809.3,0
3809.4,0
3809.5,0
3809.6,0
3809.7,0
3809.8,0
3809.9,0
3810,0
3810.1,0
3810.2,0
3810.3,0
3810.4,0
3810.5,0
3810.6,0
3810.7,0
3810.8,0
3810.9,0
3811,0
3811.1,0
3811.2,0
3811.3,0
3811.4,0
3811.5,0
3811.6,0
3811.7,0
3811.8,0
3811.9,0
3812,0
3812.1,0
3812.2,0
3812.3,0
3812.4,0
3812.5,0
3812.6,0
3812.7,0
3812.8,0
3812.9,0
3813,0
3813.1,0
3813.2,0
3813.3,0
3813.4,0
3813.5,0
3813.6,0
3813.7,0
3813.8,0
3813.9,0
3814,0
3814.1,0
3814.2,0
3814.3,0
3814.4,0
3814.5,0
3814.6,0
3814.7,0
3814.8,0
3814.9,0
3815,0
3815.1,0
3815.2,0
3815.3,0
3815.4,0
3815.5,0
3815.6,0
3815.7,0
3815.8,0
3815.9,0
3816,0
3816.1,0
3816.2,0
3816.3,0
3816.4,0
3816.5,0
3816.6,0
3816.7,0
3816.8,0
3816.9,0
3817,0
3817.1,0
3817.2,0
3817.3,0
3817.4,0
3817.5,0
3817.6,0
3817.7,0
3817.8,0
3817.9,0
3818,0
3818.1,0
3818.2,0
3818.3,0
3818.4,0
3818.5,0
3818.6,0
3818.7,0
3818.8,0
3818.9,0
3819,0
3819.1,0
3819.2,0
3819.3,0
3819.4,0
3819.5,0
3819.6,0
3819.7,0
3819.8,0
3819.9,0
3820,0
3820.1,0
3820.2,0
3820.3,0
3820.4,0
3820.5,0
3820.6,0
3820.7,0
3820.8,0
3820.9,0
3821,0
3821.1,0
3821.2,0
3821.3,0
3821.4,0
3821.5,0
3821.6,0
3821.7,0
3821.8,0
3821.9,0
3822,0
3822.1,0
3822.2,0
3822.3,0
3822.4,0
3822.5,0
3822.6,0
3822.7,0
3822.8,0
3822.9,0
3823,0
3823.1,0
3823.2,0
3823.3,0
3823.4,0
3823.5,0
3823.6,0
3823.7,0
3823.8,0
3823.9,0
3824,0
3824.1,0
3824.2,0
3824.3,0
3824.4,0
3824.5,0
3824.6,0
3824.7,0
3824.8,0
3824.9,0
3825,0
3825.1,0
3825.2,0
3825.3,0
3825.4,0
3825.5,0
3825.6,0
3825.7,0
3825.8,0
3825.9,0
3826,0
3826.1,0
3826.2,0
3826.3,0
3826.4,0
3826.5,0
3826.6,0
3826.7,0
3826.8,0
3826.9,0
3827,0
3827.1,0
3827.2,0
3827.3,0
3827.4,0
3827.5,0
3827.6,0
3827.7,0
3827.8,0
3827.9,0
3828,0
3828.1,0
3828.2,0
3828.3,0
3828.4,0
3828.5,0
3828.6,0
3828.7,0
3828.8,0
3828.9,0
3829,0
3829.1,0
3829.2,0
3829.3,0
3829.4,0
3829.5,0
3829.6,0
3829.7,0
3829.8,0
3829.9,0
3830,0
3830.1,0
3830.2,0
3830.3,0
3830.4,0
3830.5,0
3830.6,0
3830.7,0
3830.8,0
3830.9,0
3831,0
3831.1,0
3831.2,0
3831.3,0
3831.4,0
3831.5,0
3831.6,0
3831.7,0
3831.8,0
3831.9,0
3832,0
3832.1,0
3832.2,0
3832.3,0
3832.4,0
3832.5,0
3832.6,0
3832.7,0
3832.8,0
3832.9,0
3833,0
3833.1,0
3833.2,0
3833.3,0
3833.4,0
3833.5,0
3833.6,0
3833.7,0
3833.8,0
3833.9,0
3834,0
3834.1,0
3834.2,0
3834.3,0
3834.4,0
3834.5,0
3834.6,0
3834.7,0
3834.8,0
3834.9,0
3835,0
3835.1,0
3835.2,0
3835.3,0
3835.4,0
3835.5,0
3835.6,0
3835.7,0
3835.8,0
3835.9,0
3836,0
3836.1,0
3836.2,0
3836.3,0
3836.4,0
3836.5,0
3836.6,0
3836.7,0
3836.8,0
3836.9,0
3837,0
3837.1,0
3837.2,0
3837.3,0
3837.4,0
3837.5,0
3837.6,0
3837.7,0
3837.8,0
3837.9,0
3838,0
3838.1,0
3838.2,0
3838.3,0
3838.4,0
3838.5,0
3838.6,0
3838.7,0
3838.8,0
3838.9,0
3839,0
3839.1,0
3839.2,0
3839.3,0
3839.4,0
3839.5,0
3839.6,0
3839.7,0
3839.8,0
3839.9,0
3840,0
3840.1,0
3840.2,0
3840.3,0
3840.4,0
3840.5,0
3840.6,0
3840.7,0
3840.8,0
3840.9,0
3841,0
3841.1,0
3841.2,0
3841.3,0
3841.4,0
3841.5,0
3841.6,0
3841.7,0
3841.8,0
3841.9,0
3842,0
3842.1,0
3842.2,0
3842.3,0
3842.4,0
3842.5,0
3842.6,0
3842.7,0
3842.8,0
3842.9,0
3843,0
3843.1,0
3843.2,0
3843.3,0
3843.4,0
3843.5,0
3843.6,0
3843.7,0
3843.8,0
3843.9,0
3844,0
3844.1,0
3844.2,0
3844.3,0
3844.4,0
3844.5,0
3844.6,0
3844.7,0
3844.8,0
3844.9,0
3845,0
3845.1,0
3845.2,0
3845.3,0
3845.4,0
3845.5,0
3845.6,0
3845.7,0
3845.8,0
3845.9,0
3846,0
3846.1,0
3846.2,0
3846.3,0
3846.4,0
3846.5,0
3846.6,0
3846.7,0
3846.8,0
3846.9,0
3847,0
3847.1,0
3847.2,0
3847.3,0
3847.4,0
3847.5,0
3847.6,0
3847.7,0
3847.8,0
3847.9,0
3848,0
3848.1,0
3848.2,0
3848.3,0
3848.4,0
3848.5,0
3848.6,0
3848.7,0
3848.8,0
3848.9,0
3849,0
3849.1,0
3849.2,0
3849.3,0
3849.4,0
3849.5,0
3849.6,0
3849.7,0
3849.8,0
3849.9,0
3850,0
3850.1,0
3850.2,0
3850.3,0
3850.4,0
3850.5,0
3850.6,0
3850.7,0
3850.8,0
3850.9,0
3851,0
3851.1,0
3851.2,0
3851.3,0
3851.4,0
3851.5,0
3851.6,0
3851.7,0
3851.8,0
3851.9,0
3852,0
3852.1,0
3852.2,0
3852.3,0
3852.4,0
3852.5,0
3852.6,0
3852.7,0
3852.8,0
3852.9,0
3853,0
3853.1,0
3853.2,0
3853.3,0
3853.4,0
3853.5,0
3853.6,0
3853.7,0
3853.8,0
3853.9,0
3854,0
3854.1,0
3854.2,0
3854.3,0
3854.4,0
3854.5,0
3854.6,0
3854.7,0
3854.8,0
3854.9,0
3855,0
3855.1,0
3855.2,0
3855.3,0
3855.4,0
3855.5,0
3855.6,0
3855.7,0
3855.8,0
3855.9,0
3856,0
3856.1,0
3856.2,0
3856.3,0
3856.4,0
3856.5,0
3856.6,0
3856.7,0
3856.8,0
3856.9,0
3857,0
3857.1,0
3857.2,0
3857.3,0
3857.4,0
3857.5,0
3857.6,0
3857.7,0
3857.8,0
3857.9,0
3858,0
3858.1,0
3858.2,0
3858.3,0
3858.4,0
3858.5,0
3858.6,0
3858.7,0
3858.8,0
3858.9,0
3859,0
3859.1,0
3859.2,0
3859.3,0
3859.4,0
3859.5,0
3859.6,0
3859.7,0
3859.8,0
3859.9,0
3860,0
3860.1,0
3860.2,0
3860.3,0
3860.4,0
3860.5,0
3860.6,0
3860.7,0
3860.8,0
3860.9,0
3861,0
3861.1,0
3861.2,0
3861.3,0
3861.4,0
3861.5,0
3861.6,0
3861.7,0
3861.8,0
3861.9,0
3862,0
3862.1,0
3862.2,0
3862.3,0
3862.4,0
3862.5,0
3862.6,0
3862.7,0
3862.8,0
3862.9,0
3863,0
3863.1,0
3863.2,0
3863.3,0
3863.4,0
3863.5,0
3863.6,0
3863.7,0
3863.8,0
3863.9,0
3864,0
3864.1,0
3864.2,0
3864.3,0
3864.4,0
3864.5,0
3864.6,0
3864.7,0
3864.8,0
3864.9,0
3865,0
3865.1,0
3865.2,0
3865.3,0
3865.4,0
3865.5,0
3865.6,0
3865.7,0
3865.8,0
3865.9,0
3866,0
3866.1,0
3866.2,0
3866.3,0
3866.4,0
3866.5,0
3866.6,0
3866.7,0
3866.8,0
3866.9,0
3867,0
3867.1,0
3867.2,0
3867.3,0
3867.4,0
3867.5,0
3867.6,0
3867.7,0
3867.8,0
3867.9,0
3868,0
3868.1,0
3868.2,0
3868.3,0
3868.4,0
3868.5,0
3868.6,0
3868.7,0
3868.8,0
3868.9,0
3869,0
3869.1,0
3869.2,0
3869.3,0
3869.4,0
3869.5,0
3869.6,0
3869.7,0
3869.8,0
3869.9,0
3870,0
3870.1,0
3870.2,0
3870.3,0
3870.4,0
3870.5,0
3870.6,0
3870.7,0
3870.8,0
3870.9,0
3871,0
3871.1,0
3871.2,0
3871.3,0
3871.4,0
3871.5,0
3871.6,0
3871.7,0
3871.8,0
3871.9,0
3872,0
3872.1,0
3872.2,0
3872.3,0
3872.4,0
3872.5,0
3872.6,0
3872.7,0
3872.8,0
3872.9,0
3873,0
3873.1,0
3873.2,0
3873.3,0
3873.4,0
3873.5,0
3873.6,0
3873.7,0
3873.8,0
3873.9,0
3874,0
3874.1,0
3874.2,0
3874.3,0
3874.4,0
3874.5,0
3874.6,0
3874.7,0
3874.8,0
3874.9,0
3875,0
3875.1,0
3875.2,0
3875.3,0
3875.4,0
3875.5,0
3875.6,0
3875.7,0
3875.8,0
3875.9,0
3876,0
3876.1,0
3876.2,0
3876.3,0
3876.4,0
3876.5,0
3876.6,0
3876.7,0
3876.8,0
3876.9,0
3877,0
3877.1,0
3877.2,0
3877.3,0
3877.4,0
3877.5,0
3877.6,0
3877.7,0
3877.8,0
3877.9,0
3878,0
3878.1,0
3878.2,0
3878.3,0
3878.4,0
3878.5,0
3878.6,0
3878.7,0
3878.8,0
3878.9,0
3879,0
3879.1,0
3879.2,0
3879.3,0
3879.4,0
3879.5,0
3879.6,0
3879.7,0
3879.8,0
3879.9,0
3880,0
3880.1,0
3880.2,0
3880.3,0
3880.4,0
3880.5,0
3880.6,0
3880.7,0
3880.8,0
3880.9,0
3881,0
3881.1,0
3881.2,0
3881.3,0
3881.4,0
3881.5,0
3881.6,0
3881.7,0
3881.8,0
3881.9,0
3882,0
3882.1,0
3882.2,0
3882.3,0
3882.4,0
3882.5,0
3882.6,0
3882.7,0
3882.8,0
3882.9,0
3883,0
3883.1,0
3883.2,0
3883.3,0
3883.4,0
3883.5,0
3883.6,0
3883.7,0
3883.8,0
3883.9,0
3884,0
3884.1,0
3884.2,0
3884.3,0
3884.4,0
3884.5,0
3884.6,0
3884.7,0
3884.8,0
3884.9,0
3885,0
3885.1,0
3885.2,0
3885.3,0
3885.4,0
3885.5,0
3885.6,0
3885.7,0
3885.8,0
3885.9,0
3886,0
3886.1,0
3886.2,0
3886.3,0
3886.4,0
3886.5,0
3886.6,0
3886.7,0
3886.8,0
3886.9,0
3887,0
3887.1,0
3887.2,0
3887.3,0
3887.4,0
3887.5,0
3887.6,0
3887.7,0
3887.8,0
3887.9,0
3888,0
3888.1,0
3888.2,0
3888.3,0
3888.4,0
3888.5,0
3888.6,0
3888.7,0
3888.8,0
3888.9,0
3889,0
3889.1,0
3889.2,0
3889.3,0
3889.4,0
3889.5,0
3889.6,0
3889.7,0
3889.8,0
3889.9,0
3890,0
3890.1,0
3890.2,0
3890.3,0
3890.4,0
3890.5,0
3890.6,0
3890.7,0
3890.8,0
3890.9,0
3891,0
3891.1,0
3891.2,0
3891.3,0
3891.4,0
3891.5,0
3891.6,0
3891.7,0
3891.8,0
3891.9,0
3892,0
3892.1,0
3892.2,0
3892.3,0
3892.4,0
3892.5,0
3892.6,0
3892.7,0
3892.8,0
3892.9,0
3893,0
3893.1,0
3893.2,0
3893.3,0
3893.4,0
3893.5,0
3893.6,0
3893.7,0
3893.8,0
3893.9,0
3894,0
3894.1,0
3894.2,0
3894.3,0
3894.4,0
3894.5,0
3894.6,0
3894.7,0
3894.8,0
3894.9,0
3895,0
3895.1,0
3895.2,0
3895.3,0
3895.4,0
3895.5,0
3895.6,0
3895.7,0
3895.8,0
3895.9,0
3896,0
3896.1,0
3896.2,0
3896.3,0
3896.4,0
3896.5,0
3896.6,0
3896.7,0
3896.8,0
3896.9,0
3897,0
3897.1,0
3897.2,0
3897.3,0
3897.4,0
3897.5,0
3897.6,0
3897.7,0
3897.8,0
3897.9,0
3898,0
3898.1,0
3898.2,0
3898.3,0
3898.4,0
3898.5,0
3898.6,0
3898.7,0
3898.8,0
3898.9,0
3899,0
3899.1,0
3899.2,0
3899.3,0
3899.4,0
3899.5,0
3899.6,0
3899.7,0
3899.8,0
3899.9,0
3900,0
3900.1,0
3900.2,0
3900.3,0
3900.4,0
3900.5,0
3900.6,0
3900.7,0
3900.8,0
3900.9,0
3901,0
3901.1,0
3901.2,0
3901.3,0
3901.4,0
3901.5,0
3901.6,0
3901.7,0
3901.8,0
3901.9,0
3902,0
3902.1,0
3902.2,0
3902.3,0
3902.4,0
3902.5,0
3902.6,0
3902.7,0
3902.8,0
3902.9,0
3903,0
3903.1,0
3903.2,0
3903.3,0
3903.4,0
3903.5,0
3903.6,0
3903.7,0
3903.8,0
3903.9,0
3904,0
3904.1,0
3904.2,0
3904.3,0
3904.4,0
3904.5,0
3904.6,0
3904.7,0
3904.8,0
3904.9,0
3905,0
3905.1,0
3905.2,0
3905.3,0
3905.4,0
3905.5,0
3905.6,0
3905.7,0
3905.8,0
3905.9,0
3906,0
3906.1,0
3906.2,0
3906.3,0
3906.4,0
3906.5,0
3906.6,0
3906.7,0
3906.8,0
3906.9,0
3907,0
3907.1,0
3907.2,0
3907.3,0
3907.4,0
3907.5,0
3907.6,0
3907.7,0
3907.8,0
3907.9,0
3908,0
3908.1,0
3908.2,0
3908.3,0
3908.4,0
3908.5,0
3908.6,0
3908.7,0
3908.8,0
3908.9,0
3909,0
3909.1,0
3909.2,0
3909.3,0
3909.4,0
3909.5,0
3909.6,0
3909.7,0
3909.8,0
3909.9,0
3910,0
3910.1,0
3910.2,0
3910.3,0
3910.4,0
3910.5,0
3910.6,0
3910.7,0
3910.8,0
3910.9,0
3911,0
3911.1,0
3911.2,0
3911.3,0
3911.4,0
3911.5,0
3911.6,0
3911.7,0
3911.8,0
3911.9,0
3912,0
3912.1,0
3912.2,0
3912.3,0
3912.4,0
3912.5,0
3912.6,0
3912.7,0
3912.8,0
3912.9,0
3913,0
3913.1,0
3913.2,0
3913.3,0
3913.4,0
3913.5,0
3913.6,0
3913.7,0
3913.8,0
3913.9,0
3914,0
3914.1,0
3914.2,0
3914.3,0
3914.4,0
3914.5,0
3914.6,0
3914.7,0
3914.8,0
3914.9,0
3915,0
3915.1,0
3915.2,0
3915.3,0
3915.4,0
3915.5,0
3915.6,0
3915.7,0
3915.8,0
3915.9,0
3916,0
3916.1,0
3916.2,0
3916.3,0
3916.4,0
3916.5,0
3916.6,0
3916.7,0
3916.8,0
3916.9,0
3917,0
3917.1,0
3917.2,0
3917.3,0
3917.4,0
3917.5,0
3917.6,0
3917.7,0
3917.8,0
3917.9,0
3918,0
3918.1,0
3918.2,0
3918.3,0
3918.4,0
3918.5,0
3918.6,0
3918.7,0
3918.8,0
3918.9,0
3919,0
3919.1,0
3919.2,0
3919.3,0
3919.4,0
3919.5,0
3919.6,0
3919.7,0
3919.8,0
3919.9,0
3920,0
3920.1,0
3920.2,0
3920.3,0
3920.4,0
3920.5,0
3920.6,0
3920.7,0
3920.8,0
3920.9,0
3921,0
3921.1,0
3921.2,0
3921.3,0
3921.4,0
3921.5,0
3921.6,0
3921.7,0
3921.8,0
3921.9,0
3922,0
3922.1,0
3922.2,0
3922.3,0
3922.4,0
3922.5,0
3922.6,0
3922.7,0
3922.8,0
3922.9,0
3923,0
3923.1,0
3923.2,0
3923.3,0
3923.4,0
3923.5,0
3923.6,0
3923.7,0
3923.8,0
3923.9,0
3924,0
3924.1,0
3924.2,0
3924.3,0
3924.4,0
3924.5,0
3924.6,0
3924.7,0
3924.8,0
3924.9,0
3925,0
3925.1,0
3925.2,0
3925.3,0
3925.4,0
3925.5,0
3925.6,0
3925.7,0
3925.8,0
3925.9,0
3926,0
3926.1,0
3926.2,0
3926.3,0
3926.4,0
3926.5,0
3926.6,0
3926.7,0
3926.8,0
3926.9,0
3927,0
3927.1,0
3927.2,0
3927.3,0
3927.4,0
3927.5,0
3927.6,0
3927.7,0
3927.8,0
3927.9,0
3928,0
3928.1,0
3928.2,0
3928.3,0
3928.4,0
3928.5,0
3928.6,0
3928.7,0
3928.8,0
3928.9,0
3929,0
3929.1,0
3929.2,0
3929.3,0
3929.4,0
3929.5,0
3929.6,0
3929.7,0
3929.8,0
3929.9,0
3930,0
3930.1,0
3930.2,0
3930.3,0
3930.4,0
3930.5,0
3930.6,0
3930.7,0
3930.8,0
3930.9,0
3931,0
3931.1,0
3931.2,0
3931.3,0
3931.4,0
3931.5,0
3931.6,0
3931.7,0
3931.8,0
3931.9,0
3932,0
3932.1,0
3932.2,0
3932.3,0
3932.4,0
3932.5,0
3932.6,0
3932.7,0
3932.8,0
3932.9,0
3933,0
3933.1,0
3933.2,0
3933.3,0
3933.4,0
3933.5,0
3933.6,0
3933.7,0
3933.8,0
3933.9,0
3934,0
3934.1,0
3934.2,0
3934.3,0
3934.4,0
3934.5,0
3934.6,0
3934.7,0
3934.8,0
3934.9,0
3935,0
3935.1,0
3935.2,0
3935.3,0
3935.4,0
3935.5,0
3935.6,0
3935.7,0
3935.8,0
3935.9,0
3936,0
3936.1,0
3936.2,0
3936.3,0
3936.4,0
3936.5,0
3936.6,0
3936.7,0
3936.8,0
3936.9,0
3937,0
3937.1,0
3937.2,0
3937.3,0
3937.4,0
3937.5,0
3937.6,0
3937.7,0
3937.8,0
3937.9,0
3938,0
3938.1,0
3938.2,0
3938.3,0
3938.4,0
3938.5,0
3938.6,0
3938.7,0
3938.8,0
3938.9,0
3939,0
3939.1,0
3939.2,0
3939.3,0
3939.4,0
3939.5,0
3939.6,0
3939.7,0
3939.8,0
3939.9,0
3940,0
3940.1,0
3940.2,0
3940.3,0
3940.4,0
3940.5,0
3940.6,0
3940.7,0
3940.8,0
3940.9,0
3941,0
3941.1,0
3941.2,0
3941.3,0
3941.4,0
3941.5,0
3941.6,0
3941.7,0
3941.8,0
3941.9,0
3942,0
3942.1,0
3942.2,0
3942.3,0
3942.4,0
3942.5,0
3942.6,0
3942.7,0
3942.8,0
3942.9,0
3943,0
3943.1,0
3943.2,0
3943.3,0
3943.4,0
3943.5,0
3943.6,0
3943.7,0
3943.8,0
3943.9,0
3944,0
3944.1,0
3944.2,0
3944.3,0
3944.4,0
3944.5,0
3944.6,0
3944.7,0
3944.8,0
3944.9,0
3945,0
3945.1,0
3945.2,0
3945.3,0
3945.4,0
3945.5,0
3945.6,0
3945.7,0
3945.8,0
3945.9,0
3946,0
3946.1,0
3946.2,0
3946.3,0
3946.4,0
3946.5,0
3946.6,0
3946.7,0
3946.8,0
3946.9,0
3947,0
3947.1,0
3947.2,0
3947.3,0
3947.4,0
3947.5,0
3947.6,0
3947.7,0
3947.8,0
3947.9,0
3948,0
3948.1,0
3948.2,0
3948.3,0
3948.4,0
3948.5,0
3948.6,0
3948.7,0
3948.8,0
3948.9,0
3949,0
3949.1,0
3949.2,0
3949.3,0
3949.4,0
3949.5,0
3949.6,0
3949.7,0
3949.8,0
3949.9,0
3950,0
3950.1,0
3950.2,0
3950.3,0
3950.4,0
3950.5,0
3950.6,0
3950.7,0
3950.8,0
3950.9,0
3951,0
3951.1,0
3951.2,0
3951.3,0
3951.4,0
3951.5,0
3951.6,0
3951.7,0
3951.8,0
3951.9,0
3952,0
3952.1,0
3952.2,0
3952.3,0
3952.4,0
3952.5,0
3952.6,0
3952.7,0
3952.8,0
3952.9,0
3953,0
3953.1,0
3953.2,0
3953.3,0
3953.4,0
3953.5,0
3953.6,0
3953.7,0
3953.8,0
3953.9,0
3954,0
3954.1,0
3954.2,0
3954.3,0
3954.4,0
3954.5,0
3954.6,0
3954.7,0
3954.8,0
3954.9,0
3955,0
3955.1,0
3955.2,0
3955.3,0
3955.4,0
3955.5,0
3955.6,0
3955.7,0
3955.8,0
3955.9,0
3956,0
3956.1,0
3956.2,0
3956.3,0
3956.4,0
3956.5,0
3956.6,0
3956.7,0
3956.8,0
3956.9,0
3957,0
3957.1,0
3957.2,0
3957.3,0
3957.4,0
3957.5,0
3957.6,0
3957.7,0
3957.8,0
3957.9,0
3958,0
3958.1,0
3958.2,0
3958.3,0
3958.4,0
3958.5,0
3958.6,0
3958.7,0
3958.8,0
3958.9,0
3959,0
3959.1,0
3959.2,0
3959.3,0
3959.4,0
3959.5,0
3959.6,0
3959.7,0
3959.8,0
3959.9,0
3960,0
3960.1,0
3960.2,0
3960.3,0
3960.4,0
3960.5,0
3960.6,0
3960.7,0
3960.8,0
3960.9,0
3961,0
3961.1,0
3961.2,0
3961.3,0
3961.4,0
3961.5,0
3961.6,0
3961.7,0
3961.8,0
3961.9,0
3962,0
3962.1,0
3962.2,0
3962.3,0
3962.4,0
3962.5,0
3962.6,0
3962.7,0
3962.8,0
3962.9,0
3963,0
3963.1,0
3963.2,0
3963.3,0
3963.4,0
3963.5,0
3963.6,0
3963.7,0
3963.8,0
3963.9,0
3964,0
3964.1,0
3964.2,0
3964.3,0
3964.4,0
3964.5,0
3964.6,0
3964.7,0
3964.8,0
3964.9,0
3965,0
3965.1,0
3965.2,0
3965.3,0
3965.4,0
3965.5,0
3965.6,0
3965.7,0
3965.8,0
3965.9,0
3966,0
3966.1,0
3966.2,0
3966.3,0
3966.4,0
3966.5,0
3966.6,0
3966.7,0
3966.8,0
3966.9,0
3967,0
3967.1,0
3967.2,0
3967.3,0
3967.4,0
3967.5,0
3967.6,0
3967.7,0
3967.8,0
3967.9,0
3968,0
3968.1,0
3968.2,0
3968.3,0
3968.4,0
3968.5,0
3968.6,0
3968.7,0
3968.8,0
3968.9,0
3969,0
3969.1,0
3969.2,0
3969.3,0
3969.4,0
3969.5,0
3969.6,0
3969.7,0
3969.8,0
3969.9,0
3970,0
3970.1,0
3970.2,0
3970.3,0
3970.4,0
3970.5,0
3970.6,0
3970.7,0
3970.8,0
3970.9,0
3971,0
3971.1,0
3971.2,0
3971.3,0
3971.4,0
3971.5,0
3971.6,0
3971.7,0
3971.8,0
3971.9,0
3972,0
3972.1,0
3972.2,0
3972.3,0
3972.4,0
3972.5,0
3972.6,0
3972.7,0
3972.8,0
3972.9,0
3973,0
3973.1,0
3973.2,0
3973.3,0
3973.4,0
3973.5,0
3973.6,0
3973.7,0
3973.8,0
3973.9,0
3974,0
3974.1,0
3974.2,0
3974.3,0
3974.4,0
3974.5,0
3974.6,0
3974.7,0
3974.8,0
3974.9,0
3975,0
3975.1,0
3975.2,0
3975.3,0
3975.4,0
3975.5,0
3975.6,0
3975.7,0
3975.8,0
3975.9,0
3976,0
3976.1,0
3976.2,0
3976.3,0
3976.4,0
3976.5,0
3976.6,0
3976.7,0
3976.8,0
3976.9,0
3977,0
3977.1,0
3977.2,0
3977.3,0
3977.4,0
3977.5,0
3977.6,0
3977.7,0
3977.8,0
3977.9,0
3978,0
3978.1,0
3978.2,0
3978.3,0
3978.4,0
3978.5,0
3978.6,0
3978.7,0
3978.8,0
3978.9,0
3979,0
3979.1,0
3979.2,0
3979.3,0
3979.4,0
3979.5,0
3979.6,0
3979.7,0
3979.8,0
3979.9,0
3980,0
3980.1,0
3980.2,0
3980.3,0
3980.4,0
3980.5,0
3980.6,0
3980.7,0
3980.8,0
3980.9,0
3981,0
3981.1,0
3981.2,0
3981.3,0
3981.4,0
3981.5,0
3981.6,0
3981.7,0
3981.8,0
3981.9,0
3982,0
3982.1,0
3982.2,0
3982.3,0
3982.4,0
3982.5,0
3982.6,0
3982.7,0
3982.8,0
3982.9,0
3983,0
3983.1,0
3983.2,0
3983.3,0
3983.4,0
3983.5,0
3983.6,0
3983.7,0
3983.8,0
3983.9,0
3984,0
3984.1,0
3984.2,0
3984.3,0
3984.4,0
3984.5,0
3984.6,0
3984.7,0
3984.8,0
3984.9,0
3985,0
3985.1,0
3985.2,0
3985.3,0
3985.4,0
3985.5,0
3985.6,0
3985.7,0
3985.8,0
3985.9,0
3986,0
3986.1,0
3986.2,0
3986.3,0
3986.4,0
3986.5,0
3986.6,0
3986.7,0
3986.8,0
3986.9,0
3987,0
3987.1,0
3987.2,0
3987.3,0
3987.4,0
3987.5,0
3987.6,0
3987.7,0
3987.8,0
3987.9,0
3988,0
3988.1,0
3988.2,0
3988.3,0
3988.4,0
3988.5,0
3988.6,0
3988.7,0
3988.8,0
3988.9,0
3989,0
3989.1,0
3989.2,0
3989.3,0
3989.4,0
3989.5,0
3989.6,0
3989.7,0
3989.8,0
3989.9,0
3990,0
3990.1,0
3990.2,0
3990.3,0
3990.4,0
3990.5,0
3990.6,0
3990.7,0
3990.8,0
3990.9,0
3991,0
3991.1,0
3991.2,0
3991.3,0
3991.4,0
3991.5,0
3991.6,0
3991.7,0
3991.8,0
3991.9,0
3992,0
3992.1,0
3992.2,0
3992.3,0
3992.4,0
3992.5,0
3992.6,0
3992.7,0
3992.8,0
3992.9,0
3993,0
3993.1,0
3993.2,0
3993.3,0
3993.4,0
3993.5,0
3993.6,0
3993.7,0
3993.8,0
3993.9,0
3994,0
3994.1,0
3994.2,0
3994.3,0
3994.4,0
3994.5,0
3994.6,0
3994.7,0
3994.8,0
3994.9,0
3995,0
3995.1,0
3995.2,0
3995.3,0
3995.4,0
3995.5,0
3995.6,0
3995.7,0
3995.8,0
3995.9,0
3996,0
3996.1,0
3996.2,0
3996.3,0
3996.4,0
3996.5,0
3996.6,0
3996.7,0
3996.8,0
3996.9,0
3997,0
3997.1,0
3997.2,0
3997.3,0
3997.4,0
3997.5,0
3997.6,0
3997.7,0
3997.8,0
3997.9,0
3998,0
3998.1,0
3998.2,0
3998.3,0
3998.4,0
3998.5,0
3998.6,0
3998.7,0
3998.8,0
3998.9,0
3999,0
3999.1,0
3999.2,0
3999.3,0
3999.4,0
3999.5,0
3999.6,0
3999.7,0
3999.8,0
3999.9,0
4000,0
4000.1,0
4000.2,0
4000.3,0
4000.4,0
4000.5,0
4000.6,0
4000.7,0
4000.8,0
4000.9,0
4001,0
4001.1,0
4001.2,0
4001.3,0
4001.4,0
4001.5,0
4001.6,0
4001.7,0
4001.8,0
4001.9,0
4002,0
4002.1,0
4002.2,0
4002.3,0
4002.4,0
4002.5,0
4002.6,0
4002.7,0
4002.8,0
4002.9,0
4003,0
4003.1,0
4003.2,0
4003.3,0
4003.4,0
4003.5,0
4003.6,0
4003.7,0
4003.8,0
4003.9,0
4004,0
4004.1,0
4004.2,0
4004.3,0
4004.4,0
4004.5,0
4004.6,0
4004.7,0
4004.8,0
4004.9,0
4005,0
4005.1,0
4005.2,0
4005.3,0
4005.4,0
4005.5,0
4005.6,0
4005.7,0
4005.8,0
4005.9,0
4006,0
4006.1,0
4006.2,0
4006.3,0
4006.4,0
4006.5,0
4006.6,0
4006.7,0
4006.8,0
4006.9,0
4007,0
4007.1,0
4007.2,0
4007.3,0
4007.4,0
4007.5,0
4007.6,0
4007.7,0
4007.8,0
4007.9,0
4008,0
4008.1,0
4008.2,0
4008.3,0
4008.4,0
4008.5,0
4008.6,0
4008.7,0
4008.8,0
4008.9,0
4009,0
4009.1,0
4009.2,0
4009.3,0
4009.4,0
4009.5,0
4009.6,0
4009.7,0
4009.8,0
4009.9,0
4010,0
4010.1,0
4010.2,0
4010.3,0
4010.4,0
4010.5,0
4010.6,0
4010.7,0
4010.8,0
4010.9,0
4011,0
4011.1,0
4011.2,0
4011.3,0
4011.4,0
4011.5,0
4011.6,0
4011.7,0
4011.8,0
4011.9,0
4012,0
4012.1,0
4012.2,0
4012.3,0
4012.4,0
4012.5,0
4012.6,0
4012.7,0
4012.8,0
4012.9,0
4013,0
4013.1,0
4013.2,0
4013.3,0
4013.4,0
4013.5,0
4013.6,0
4013.7,0
4013.8,0
4013.9,0
4014,0
4014.1,0
4014.2,0
4014.3,0
4014.4,0
4014.5,0
4014.6,0
4014.7,0
4014.8,0
4014.9,0
4015,0
4015.1,0
4015.2,0
4015.3,0
4015.4,0
4015.5,0
4015.6,0
4015.7,0
4015.8,0
4015.9,0
4016,0
4016.1,0
4016.2,0
4016.3,0
4016.4,0
4016.5,0
4016.6,0
4016.7,0
4016.8,0
4016.9,0
4017,0
4017.1,0
4017.2,0
4017.3,0
4017.4,0
4017.5,0
4017.6,0
4017.7,0
4017.8,0
4017.9,0
4018,0
4018.1,0
4018.2,0
4018.3,0
4018.4,0
4018.5,0
4018.6,0
4018.7,0
4018.8,0
4018.9,0
4019,0
4019.1,0
4019.2,0
4019.3,0
4019.4,0
4019.5,0
4019.6,0
4019.7,0
4019.8,0
4019.9,0
4020,0
4020.1,0
4020.2,0
4020.3,0
4020.4,0
4020.5,0
4020.6,0
4020.7,0
4020.8,0
4020.9,0
4021,0
4021.1,0
4021.2,0
4021.3,0
4021.4,0
4021.5,0
4021.6,0
4021.7,0
4021.8,0
4021.9,0
4022,0
4022.1,0
4022.2,0
4022.3,0
4022.4,0
4022.5,0
4022.6,0
4022.7,0
4022.8,0
4022.9,0
4023,0
4023.1,0
4023.2,0
4023.3,0
4023.4,0
4023.5,0
4023.6,0
4023.7,0
4023.8,0
4023.9,0
4024,0
4024.1,0
4024.2,0
4024.3,0
4024.4,0
4024.5,0
4024.6,0
4024.7,0
4024.8,0
4024.9,0
4025,0
4025.1,0
4025.2,0
4025.3,0
4025.4,0
4025.5,0
4025.6,0
4025.7,0
4025.8,0
4025.9,0
4026,0
4026.1,0
4026.2,0
4026.3,0
4026.4,0
4026.5,0
4026.6,0
4026.7,0
4026.8,0
4026.9,0
4027,0
4027.1,0
4027.2,0
4027.3,0
4027.4,0
4027.5,0
4027.6,0
4027.7,0
4027.8,0
4027.9,0
4028,0
4028.1,0
4028.2,0
4028.3,0
4028.4,0
4028.5,0
4028.6,0
4028.7,0
4028.8,0
4028.9,0
4029,0
4029.1,0
4029.2,0
4029.3,0
4029.4,0
4029.5,0
4029.6,0
4029.7,0
4029.8,0
4029.9,0
4030,0
4030.1,0
4030.2,0
4030.3,0
4030.4,0
4030.5,0
4030.6,0
4030.7,0
4030.8,0
4030.9,0
4031,0
4031.1,0
4031.2,0
4031.3,0
4031.4,0
4031.5,0
4031.6,0
4031.7,0
4031.8,0
4031.9,0
4032,0
4032.1,0
4032.2,0
4032.3,0
4032.4,0
4032.5,0
4032.6,0
4032.7,0
4032.8,0
4032.9,0
4033,0
4033.1,0
4033.2,0
4033.3,0
4033.4,0
4033.5,0
4033.6,0
4033.7,0
4033.8,0
4033.9,0
4034,0
4034.1,0
4034.2,0
4034.3,0
4034.4,0
4034.5,0
4034.6,0
4034.7,0
4034.8,0
4034.9,0
4035,0
4035.1,0
4035.2,0
4035.3,0
4035.4,0
4035.5,0
4035.6,0
4035.7,0
4035.8,0
4035.9,0
4036,0
4036.1,0
4036.2,0
4036.3,0
4036.4,0
4036.5,0
4036.6,0
4036.7,0
4036.8,0
4036.9,0
4037,0
4037.1,0
4037.2,0
4037.3,0
4037.4,0
4037.5,0
4037.6,0
4037.7,0
4037.8,0
4037.9,0
4038,0
4038.1,0
4038.2,0
4038.3,0
4038.4,0
4038.5,0
4038.6,0
4038.7,0
4038.8,0
4038.9,0
4039,0
4039.1,0
4039.2,0
4039.3,0
4039.4,0
4039.5,0
4039.6,0
4039.7,0
4039.8,0
4039.9,0
4040,0
4040.1,0
4040.2,0
4040.3,0
4040.4,0
4040.5,0
4040.6,0
4040.7,0
4040.8,0
4040.9,0
4041,0
4041.1,0
4041.2,0
4041.3,0
4041.4,0
4041.5,0
4041.6,0
4041.7,0
4041.8,0
4041.9,0
4042,0
4042.1,0
4042.2,0
4042.3,0
4042.4,0
4042.5,0
4042.6,0
4042.7,0
4042.8,0
4042.9,0
4043,0
4043.1,0
4043.2,0
4043.3,0
4043.4,0
4043.5,0
4043.6,0
4043.7,0
4043.8,0
4043.9,0
4044,0
4044.1,0
4044.2,0
4044.3,0
4044.4,0
4044.5,0
4044.6,0
4044.7,0
4044.8,0
4044.9,0
4045,0
4045.1,0
4045.2,0
4045.3,0
4045.4,0
4045.5,0
4045.6,0
4045.7,0
4045.8,0
4045.9,0
4046,0
4046.1,0
4046.2,0
4046.3,0
4046.4,0
4046.5,0
4046.6,0
4046.7,0
4046.8,0
4046.9,0
4047,0
4047.1,0
4047.2,0
4047.3,0
4047.4,0
4047.5,0
4047.6,0
4047.7,0
4047.8,0
4047.9,0
4048,0
4048.1,0
4048.2,0
4048.3,0
4048.4,0
4048.5,0
4048.6,0
4048.7,0
4048.8,0
4048.9,0
4049,0
4049.1,0
4049.2,0
4049.3,0
4049.4,0
4049.5,0
4049.6,0
4049.7,0
4049.8,0
4049.9,0
4050,0
4050.1,0
4050.2,0
4050.3,0
4050.4,0
4050.5,0
4050.6,0
4050.7,0
4050.8,0
4050.9,0
4051,0
4051.1,0
4051.2,0
4051.3,0
4051.4,0
4051.5,0
4051.6,0
4051.7,0
4051.8,0
4051.9,0
4052,0
4052.1,0
4052.2,0
4052.3,0
4052.4,0
4052.5,0
4052.6,0
4052.7,0
4052.8,0
4052.9,0
4053,0
4053.1,0
4053.2,0
4053.3,0
4053.4,0
4053.5,0
4053.6,0
4053.7,0
4053.8,0
4053.9,0
4054,0
4054.1,0
4054.2,0
4054.3,0
4054.4,0
4054.5,0
4054.6,0
4054.7,0
4054.8,0
4054.9,0
4055,0
4055.1,0
4055.2,0
4055.3,0
4055.4,0
4055.5,0
4055.6,0
4055.7,0
4055.8,0
4055.9,0
4056,0
4056.1,0
4056.2,0
4056.3,0
4056.4,0
4056.5,0
4056.6,0
4056.7,0
4056.8,0
4056.9,0
4057,0
4057.1,0
4057.2,0
4057.3,0
4057.4,0
4057.5,0
4057.6,0
4057.7,0
4057.8,0
4057.9,0
4058,0
4058.1,0
4058.2,0
4058.3,0
4058.4,0
4058.5,0
4058.6,0
4058.7,0
4058.8,0
4058.9,0
4059,0
4059.1,0
4059.2,0
4059.3,0
4059.4,0
4059.5,0
4059.6,0
4059.7,0
4059.8,0
4059.9,0
4060,0
4060.1,0
4060.2,0
4060.3,0
4060.4,0
4060.5,0
4060.6,0
4060.7,0
4060.8,0
4060.9,0
4061,0
4061.1,0
4061.2,0
4061.3,0
4061.4,0
4061.5,0
4061.6,0
4061.7,0
4061.8,0
4061.9,0
4062,0
4062.1,0
4062.2,0
4062.3,0
4062.4,0
4062.5,0
4062.6,0
4062.7,0
4062.8,0
4062.9,0
4063,0
4063.1,0
4063.2,0
4063.3,0
4063.4,0
4063.5,0
4063.6,0
4063.7,0
4063.8,0
4063.9,0
4064,0
4064.1,0
4064.2,0
4064.3,0
4064.4,0
4064.5,0
4064.6,0
4064.7,0
4064.8,0
4064.9,0
4065,0
4065.1,0
4065.2,0
4065.3,0
4065.4,0
4065.5,0
4065.6,0
4065.7,0
4065.8,0
4065.9,0
4066,0
4066.1,0
4066.2,0
4066.3,0
4066.4,0
4066.5,0
4066.6,0
4066.7,0
4066.8,0
4066.9,0
4067,0
4067.1,0
4067.2,0
4067.3,0
4067.4,0
4067.5,0
4067.6,0
4067.7,0
4067.8,0
4067.9,0
4068,0
4068.1,0
4068.2,0
4068.3,0
4068.4,0
4068.5,0
4068.6,0
4068.7,0
4068.8,0
4068.9,0
4069,0
4069.1,0
4069.2,0
4069.3,0
4069.4,0
4069.5,0
4069.6,0
4069.7,0
4069.8,0
4069.9,0
4070,0
4070.1,0
4070.2,0
4070.3,0
4070.4,0
4070.5,0
4070.6,0
4070.7,0
4070.8,0
4070.9,0
4071,0
4071.1,0
4071.2,0
4071.3,0
4071.4,0
4071.5,0
4071.6,0
4071.7,0
4071.8,0
4071.9,0
4072,0
4072.1,0
4072.2,0
4072.3,0
4072.4,0
4072.5,0
4072.6,0
4072.7,0
4072.8,0
4072.9,0
4073,0
4073.1,0
4073.2,0
4073.3,0
4073.4,0
4073.5,0
4073.6,0
4073.7,0
4073.8,0
4073.9,0
4074,0
4074.1,0
4074.2,0
4074.3,0
4074.4,0
4074.5,0
4074.6,0
4074.7,0
4074.8,0
4074.9,0
4075,0
4075.1,0
4075.2,0
4075.3,0
4075.4,0
4075.5,0
4075.6,0
4075.7,0
4075.8,0
4075.9,0
4076,0
4076.1,0
4076.2,0
4076.3,0
4076.4,0
4076.5,0
4076.6,0
4076.7,0
4076.8,0
4076.9,0
4077,0
4077.1,0
4077.2,0
4077.3,0
4077.4,0
4077.5,0
4077.6,0
4077.7,0
4077.8,0
4077.9,0
4078,0
4078.1,0
4078.2,0
4078.3,0
4078.4,0
4078.5,0
4078.6,0
4078.7,0
4078.8,0
4078.9,0
4079,0
4079.1,0
4079.2,0
4079.3,0
4079.4,0
4079.5,0
4079.6,0
4079.7,0
4079.8,0
4079.9,0
4080,0
4080.1,0
4080.2,0
4080.3,0
4080.4,0
4080.5,0
4080.6,0
4080.7,0
4080.8,0
4080.9,0
4081,0
4081.1,0
4081.2,0
4081.3,0
4081.4,0
4081.5,0
4081.6,0
4081.7,0
4081.8,0
4081.9,0
4082,0
4082.1,0
4082.2,0
4082.3,0
4082.4,0
4082.5,0
4082.6,0
4082.7,0
4082.8,0
4082.9,0
4083,0
4083.1,0
4083.2,0
4083.3,0
4083.4,0
4083.5,0
4083.6,0
4083.7,0
4083.8,0
4083.9,0
4084,0
4084.1,0
4084.2,0
4084.3,0
4084.4,0
4084.5,0
4084.6,0
4084.7,0
4084.8,0
4084.9,0
4085,0
4085.1,0
4085.2,0
4085.3,0
4085.4,0
4085.5,0
4085.6,0
4085.7,0
4085.8,0
4085.9,0
4086,0
4086.1,0
4086.2,0
4086.3,0
4086.4,0
4086.5,0
4086.6,0
4086.7,0
4086.8,0
4086.9,0
4087,0
4087.1,0
4087.2,0
4087.3,0
4087.4,0
4087.5,0
4087.6,0
4087.7,0
4087.8,0
4087.9,0
4088,0
4088.1,0
4088.2,0
4088.3,0
4088.4,0
4088.5,0
4088.6,0
4088.7,0
4088.8,0
4088.9,0
4089,0
4089.1,0
4089.2,0
4089.3,0
4089.4,0
4089.5,0
4089.6,0
4089.7,0
4089.8,0
4089.9,0
4090,0
4090.1,0
4090.2,0
4090.3,0
4090.4,0
4090.5,0
4090.6,0
4090.7,0
4090.8,0
4090.9,0
4091,0
4091.1,0
4091.2,0
4091.3,0
4091.4,0
4091.5,0
4091.6,0
4091.7,0
4091.8,0
4091.9,0
4092,0
4092.1,0
4092.2,0
4092.3,0
4092.4,0
4092.5,0
4092.6,0
4092.7,0
4092.8,0
4092.9,0
4093,0
4093.1,0
4093.2,0
4093.3,0
4093.4,0
4093.5,0
4093.6,0
4093.7,0
4093.8,0
4093.9,0
4094,0
4094.1,0
4094.2,0
4094.3,0
4094.4,0
4094.5,0
4094.6,0
4094.7,0
4094.8,0
4094.9,0
4095,0
4095.1,0
4095.2,0
4095.3,0
4095.4,0
4095.5,0
4095.6,0
4095.7,0
4095.8,0
4095.9,0
4096,0
4096.1,0
4096.2,0
4096.3,0
4096.4,0
4096.5,0
4096.6,0
4096.7,0
4096.8,0
4096.9,0
4097,0
4097.1,0
4097.2,0
4097.3,0
4097.4,0
4097.5,0
4097.6,0
4097.7,0
4097.8,0
4097.9,0
4098,0
4098.1,0
4098.2,0
4098.3,0
4098.4,0
4098.5,0
4098.6,0
4098.7,0
4098.8,0
4098.9,0
4099,0
4099.1,0
4099.2,0
4099.3,0
4099.4,0
4099.5,0
4099.6,0
4099.7,0
4099.8,0
4099.9,0
4100,0
4100.1,0
4100.2,0
4100.3,0
4100.4,0
4100.5,0
4100.6,0
4100.7,0
4100.8,0
4100.9,0
4101,0
4101.1,0
4101.2,0
4101.3,0
4101.4,0
4101.5,0
4101.6,0
4101.7,0
4101.8,0
4101.9,0
4102,0
4102.1,0
4102.2,0
4102.3,0
4102.4,0
4102.5,0
4102.6,0
4102.7,0
4102.8,0
4102.9,0
4103,0
4103.1,0
4103.2,0
4103.3,0
4103.4,0
4103.5,0
4103.6,0
4103.7,0
4103.8,0
4103.9,0
4104,0
4104.1,0
4104.2,0
4104.3,0
4104.4,0
4104.5,0
4104.6,0
4104.7,0
4104.8,0
4104.9,0
4105,0
4105.1,0
4105.2,0
4105.3,0
4105.4,0
4105.5,0
4105.6,0
4105.7,0
4105.8,0
4105.9,0
4106,0
4106.1,0
4106.2,0
4106.3,0
4106.4,0
4106.5,0
4106.6,0
4106.7,0
4106.8,0
4106.9,0
4107,0
4107.1,0
4107.2,0
4107.3,0
4107.4,0
4107.5,0
4107.6,0
4107.7,0
4107.8,0
4107.9,0
4108,0
4108.1,0
4108.2,0
4108.3,0
4108.4,0
4108.5,0
4108.6,0
4108.7,0
4108.8,0
4108.9,0
4109,0
4109.1,0
4109.2,0
4109.3,0
4109.4,0
4109.5,0
4109.6,0
4109.7,0
4109.8,0
4109.9,0
4110,0
4110.1,0
4110.2,0
4110.3,0
4110.4,0
4110.5,0
4110.6,0
4110.7,0
4110.8,0
4110.9,0
4111,0
4111.1,0
4111.2,0
4111.3,0
4111.4,0
4111.5,0
4111.6,0
4111.7,0
4111.8,0
4111.9,0
4112,0
4112.1,0
4112.2,0
4112.3,0
4112.4,0
4112.5,0
4112.6,0
4112.7,0
4112.8,0
4112.9,0
4113,0
4113.1,0
4113.2,0
4113.3,0
4113.4,0
4113.5,0
4113.6,0
4113.7,0
4113.8,0
4113.9,0
4114,0
4114.1,0
4114.2,0
4114.3,0
4114.4,0
4114.5,0
4114.6,0
4114.7,0
4114.8,0
4114.9,0
4115,0
4115.1,0
4115.2,0
4115.3,0
4115.4,0
4115.5,0
4115.6,0
4115.7,0
4115.8,0
4115.9,0
4116,0
4116.1,0
4116.2,0
4116.3,0
4116.4,0
4116.5,0
4116.6,0
4116.7,0
4116.8,0
4116.9,0
4117,0
4117.1,0
4117.2,0
4117.3,0
4117.4,0
4117.5,0
4117.6,0
4117.7,0
4117.8,0
4117.9,0
4118,0
4118.1,0
4118.2,0
4118.3,0
4118.4,0
4118.5,0
4118.6,0
4118.7,0
4118.8,0
4118.9,0
4119,0
4119.1,0
4119.2,0
4119.3,0
4119.4,0
4119.5,0
4119.6,0
4119.7,0
4119.8,0
4119.9,0
4120,0
4120.1,0
4120.2,0
4120.3,0
4120.4,0
4120.5,0
4120.6,0
4120.7,0
4120.8,0
4120.9,0
4121,0
4121.1,0
4121.2,0
4121.3,0
4121.4,0
4121.5,0
4121.6,0
4121.7,0
4121.8,0
4121.9,0
4122,0
4122.1,0
4122.2,0
4122.3,0
4122.4,0
4122.5,0
4122.6,0
4122.7,0
4122.8,0
4122.9,0
4123,0
4123.1,0
4123.2,0
4123.3,0
4123.4,0
4123.5,0
4123.6,0
4123.7,0
4123.8,0
4123.9,0
4124,0
4124.1,0
4124.2,0
4124.3,0
4124.4,0
4124.5,0
4124.6,0
4124.7,0
4124.8,0
4124.9,0
4125,0
4125.1,0
4125.2,0
4125.3,0
4125.4,0
4125.5,0
4125.6,0
4125.7,0
4125.8,0
4125.9,0
4126,0
4126.1,0
4126.2,0
4126.3,0
4126.4,0
4126.5,0
4126.6,0
4126.7,0
4126.8,0
4126.9,0
4127,0
4127.1,0
4127.2,0
4127.3,0
4127.4,0
4127.5,0
4127.6,0
4127.7,0
4127.8,0
4127.9,0
4128,0
4128.1,0
4128.2,0
4128.3,0
4128.4,0
4128.5,0
4128.6,0
4128.7,0
4128.8,0
4128.9,0
4129,0
4129.1,0
4129.2,0
4129.3,0
4129.4,0
4129.5,0
4129.6,0
4129.7,0
4129.8,0
4129.9,0
4130,0
4130.1,0
4130.2,0
4130.3,0
4130.4,0
4130.5,0
4130.6,0
4130.7,0
4130.8,0
4130.9,0
4131,0
4131.1,0
4131.2,0
4131.3,0
4131.4,0
4131.5,0
4131.6,0
4131.7,0
4131.8,0
4131.9,0
4132,0
4132.1,0
4132.2,0
4132.3,0
4132.4,0
4132.5,0
4132.6,0
4132.7,0
4132.8,0
4132.9,0
4133,0
4133.1,0
4133.2,0
4133.3,0
4133.4,0
4133.5,0
4133.6,0
4133.7,0
4133.8,0
4133.9,0
4134,0
4134.1,0
4134.2,0
4134.3,0
4134.4,0
4134.5,0
4134.6,0
4134.7,0
4134.8,0
4134.9,0
4135,0
4135.1,0
4135.2,0
4135.3,0
4135.4,0
4135.5,0
4135.6,0
4135.7,0
4135.8,0
4135.9,0
4136,0
4136.1,0
4136.2,0
4136.3,0
4136.4,0
4136.5,0
4136.6,0
4136.7,0
4136.8,0
4136.9,0
4137,0
4137.1,0
4137.2,0
4137.3,0
4137.4,0
4137.5,0
4137.6,0
4137.7,0
4137.8,0
4137.9,0
4138,0
4138.1,0
4138.2,0
4138.3,0
4138.4,0
4138.5,0
4138.6,0
4138.7,0
4138.8,0
4138.9,0
4139,0
4139.1,0
4139.2,0
4139.3,0
4139.4,0
4139.5,0
4139.6,0
4139.7,0
4139.8,0
4139.9,0
4140,0
4140.1,0
4140.2,0
4140.3,0
4140.4,0
4140.5,0
4140.6,0
4140.7,0
4140.8,0
4140.9,0
4141,0
4141.1,0
4141.2,0
4141.3,0
4141.4,0
4141.5,0
4141.6,0
4141.7,0
4141.8,0
4141.9,0
4142,0
4142.1,0
4142.2,0
4142.3,0
4142.4,0
4142.5,0
4142.6,0
4142.7,0
4142.8,0
4142.9,0
4143,0
4143.1,0
4143.2,0
4143.3,0
4143.4,0
4143.5,0
4143.6,0
4143.7,0
4143.8,0
4143.9,0
4144,0
4144.1,0
4144.2,0
4144.3,0
4144.4,0
4144.5,0
4144.6,0
4144.7,0
4144.8,0
4144.9,0
4145,0
4145.1,0
4145.2,0
4145.3,0
4145.4,0
4145.5,0
4145.6,0
4145.7,0
4145.8,0
4145.9,0
4146,0
4146.1,0
4146.2,0
4146.3,0
4146.4,0
4146.5,0
4146.6,0
4146.7,0
4146.8,0
4146.9,0
4147,0
4147.1,0
4147.2,0
4147.3,0
4147.4,0
4147.5,0
4147.6,0
4147.7,0
4147.8,0
4147.9,0
4148,0
4148.1,0
4148.2,0
4148.3,0
4148.4,0
4148.5,0
4148.6,0
4148.7,0
4148.8,0
4148.9,0
4149,0
4149.1,0
4149.2,0
4149.3,0
4149.4,0
4149.5,0
4149.6,0
4149.7,0
4149.8,0
4149.9,0
4150,0
4150.1,0
4150.2,0
4150.3,0
4150.4,0
4150.5,0
4150.6,0
4150.7,0
4150.8,0
4150.9,0
4151,0
4151.1,0
4151.2,0
4151.3,0
4151.4,0
4151.5,0
4151.6,0
4151.7,0
4151.8,0
4151.9,0
4152,0
4152.1,0
4152.2,0
4152.3,0
4152.4,0
4152.5,0
4152.6,0
4152.7,0
4152.8,0
4152.9,0
4153,0
4153.1,0
4153.2,0
4153.3,0
4153.4,0
4153.5,0
4153.6,0
4153.7,0
4153.8,0
4153.9,0
4154,0
4154.1,0
4154.2,0
4154.3,0
4154.4,0
4154.5,0
4154.6,0
4154.7,0
4154.8,0
4154.9,0
4155,0
4155.1,0
4155.2,0
4155.3,0
4155.4,0
4155.5,0
4155.6,0
4155.7,0
4155.8,0
4155.9,0
4156,0
4156.1,0
4156.2,0
4156.3,0
4156.4,0
4156.5,0
4156.6,0
4156.7,0
4156.8,0
4156.9,0
4157,0
4157.1,0
4157.2,0
4157.3,0
4157.4,0
4157.5,0
4157.6,0
4157.7,0
4157.8,0
4157.9,0
4158,0
4158.1,0
4158.2,0
4158.3,0
4158.4,0
4158.5,0
4158.6,0
4158.7,0
4158.8,0
4158.9,0
4159,0
4159.1,0
4159.2,0
4159.3,0
4159.4,0
4159.5,0
4159.6,0
4159.7,0
4159.8,0
4159.9,0
4160,0
4160.1,0
4160.2,0
4160.3,0
4160.4,0
4160.5,0
4160.6,0
4160.7,0
4160.8,0
4160.9,0
4161,0
4161.1,0
4161.2,0
4161.3,0
4161.4,0
4161.5,0
4161.6,0
4161.7,0
4161.8,0
4161.9,0
4162,0
4162.1,0
4162.2,0
4162.3,0
4162.4,0
4162.5,0
4162.6,0
4162.7,0
4162.8,0
4162.9,0
4163,0
4163.1,0
4163.2,0
4163.3,0
4163.4,0
4163.5,0
4163.6,0
4163.7,0
4163.8,0
4163.9,0
4164,0
4164.1,0
4164.2,0
4164.3,0
4164.4,0
4164.5,0
4164.6,0
4164.7,0
4164.8,0
4164.9,0
4165,0
4165.1,0
4165.2,0
4165.3,0
4165.4,0
4165.5,0
4165.6,0
4165.7,0
4165.8,0
4165.9,0
4166,0
4166.1,0
4166.2,0
4166.3,0
4166.4,0
4166.5,0
4166.6,0
4166.7,0
4166.8,0
4166.9,0
4167,0
4167.1,0
4167.2,0
4167.3,0
4167.4,0
4167.5,0
4167.6,0
4167.7,0
4167.8,0
4167.9,0
4168,0
4168.1,0
4168.2,0
4168.3,0
4168.4,0
4168.5,0
4168.6,0
4168.7,0
4168.8,0
4168.9,0
4169,0
4169.1,0
4169.2,0
4169.3,0
4169.4,0
4169.5,0
4169.6,0
4169.7,0
4169.8,0
4169.9,0
4170,0
4170.1,0
4170.2,0
4170.3,0
4170.4,0
4170.5,0
4170.6,0
4170.7,0
4170.8,0
4170.9,0
4171,0
4171.1,0
4171.2,0
4171.3,0
4171.4,0
4171.5,0
4171.6,0
4171.7,0
4171.8,0
4171.9,0
4172,0
4172.1,0
4172.2,0
4172.3,0
4172.4,0
4172.5,0
4172.6,0
4172.7,0
4172.8,0
4172.9,0
4173,0
4173.1,0
4173.2,0
4173.3,0
4173.4,0
4173.5,0
4173.6,0
4173.7,0
4173.8,0
4173.9,0
4174,0
4174.1,0
4174.2,0
4174.3,0
4174.4,0
4174.5,0
4174.6,0
4174.7,0
4174.8,0
4174.9,0
4175,0
4175.1,0
4175.2,0
4175.3,0
4175.4,0
4175.5,0
4175.6,0
4175.7,0
4175.8,0
4175.9,0
4176,0
4176.1,0
4176.2,0
4176.3,0
4176.4,0
4176.5,0
4176.6,0
4176.7,0
4176.8,0
4176.9,0
4177,0
4177.1,0
4177.2,0
4177.3,0
4177.4,0
4177.5,0
4177.6,0
4177.7,0
4177.8,0
4177.9,0
4178,0
4178.1,0
4178.2,0
4178.3,0
4178.4,0
4178.5,0
4178.6,0
4178.7,0
4178.8,0
4178.9,0
4179,0
4179.1,0
4179.2,0
4179.3,0
4179.4,0
4179.5,0
4179.6,0
4179.7,0
4179.8,0
4179.9,0
4180,0
4180.1,0
4180.2,0
4180.3,0
4180.4,0
4180.5,0
4180.6,0
4180.7,0
4180.8,0
4180.9,0
4181,0
4181.1,0
4181.2,0
4181.3,0
4181.4,0
4181.5,0
4181.6,0
4181.7,0
4181.8,0
4181.9,0
4182,0
4182.1,0
4182.2,0
4182.3,0
4182.4,0
4182.5,0
4182.6,0
4182.7,0
4182.8,0
4182.9,0
4183,0
4183.1,0
4183.2,0
4183.3,0
4183.4,0
4183.5,0
4183.6,0
4183.7,0
4183.8,0
4183.9,0
4184,0
4184.1,0
4184.2,0
4184.3,0
4184.4,0
4184.5,0
4184.6,0
4184.7,0
4184.8,0
4184.9,0
4185,0
4185.1,0
4185.2,0
4185.3,0
4185.4,0
4185.5,0
4185.6,0
4185.7,0
4185.8,0
4185.9,0
4186,0
4186.1,0
4186.2,0
4186.3,0
4186.4,0
4186.5,0
4186.6,0
4186.7,0
4186.8,0
4186.9,0
4187,0
4187.1,0
4187.2,0
4187.3,0
4187.4,0
4187.5,0
4187.6,0
4187.7,0
4187.8,0
4187.9,0
4188,0
4188.1,0
4188.2,0
4188.3,0
4188.4,0
4188.5,0
4188.6,0
4188.7,0
4188.8,0
4188.9,0
4189,0
4189.1,0
4189.2,0
4189.3,0
4189.4,0
4189.5,0
4189.6,0
4189.7,0
4189.8,0
4189.9,0
4190,0
4190.1,0
4190.2,0
4190.3,0
4190.4,0
4190.5,0
4190.6,0
4190.7,0
4190.8,0
4190.9,0
4191,0
4191.1,0
4191.2,0
4191.3,0
4191.4,0
4191.5,0
4191.6,0
4191.7,0
4191.8,0
4191.9,0
4192,0
4192.1,0
4192.2,0
4192.3,0
4192.4,0
4192.5,0
4192.6,0
4192.7,0
4192.8,0
4192.9,0
4193,0
4193.1,0
4193.2,0
4193.3,0
4193.4,0
4193.5,0
4193.6,0
4193.7,0
4193.8,0
4193.9,0
4194,0
4194.1,0
4194.2,0
4194.3,0
4194.4,0
4194.5,0
4194.6,0
4194.7,0
4194.8,0
4194.9,0
4195,0
4195.1,0
4195.2,0
4195.3,0
4195.4,0
4195.5,0
4195.6,0
4195.7,0
4195.8,0
4195.9,0
4196,0
4196.1,0
4196.2,0
4196.3,0
4196.4,0
4196.5,0
4196.6,0
4196.7,0
4196.8,0
4196.9,0
4197,0
4197.1,0
4197.2,0
4197.3,0
4197.4,0
4197.5,0
4197.6,0
4197.7,0
4197.8,0
4197.9,0
4198,0
4198.1,0
4198.2,0
4198.3,0
4198.4,0
4198.5,0
4198.6,0
4198.7,0
4198.8,0
4198.9,0
4199,0
4199.1,0
4199.2,0
4199.3,0
4199.4,0
4199.5,0
4199.6,0
4199.7,0
4199.8,0
4199.9,0
4200,0
4200.1,0
4200.2,0
4200.3,0
4200.4,0
4200.5,0
4200.6,0
4200.7,0
4200.8,0
4200.9,0
4201,0
4201.1,0
4201.2,0
4201.3,0
4201.4,0
4201.5,0
4201.6,0
4201.7,0
4201.8,0
4201.9,0
4202,0
4202.1,0
4202.2,0
4202.3,0
4202.4,0
4202.5,0
4202.6,0
4202.7,0
4202.8,0
4202.9,0
4203,0
4203.1,0
4203.2,0
4203.3,0
4203.4,0
4203.5,0
4203.6,0
4203.7,0
4203.8,0
4203.9,0
4204,0
4204.1,0
4204.2,0
4204.3,0
4204.4,0
4204.5,0
4204.6,0
4204.7,0
4204.8,0
4204.9,0
4205,0
4205.1,0
4205.2,0
4205.3,0
4205.4,0
4205.5,0
4205.6,0
4205.7,0
4205.8,0
4205.9,0
4206,0
4206.1,0
4206.2,0
4206.3,0
4206.4,0
4206.5,0
4206.6,0
4206.7,0
4206.8,0
4206.9,0
4207,0
4207.1,0
4207.2,0
4207.3,0
4207.4,0
4207.5,0
4207.6,0
4207.7,0
4207.8,0
4207.9,0
4208,0
4208.1,0
4208.2,0
4208.3,0
4208.4,0
4208.5,0
4208.6,0
4208.7,0
4208.8,0
4208.9,0
4209,0
4209.1,0
4209.2,0
4209.3,0
4209.4,0
4209.5,0
4209.6,0
4209.7,0
4209.8,0
4209.9,0
4210,0
4210.1,0
4210.2,0
4210.3,0
4210.4,0
4210.5,0
4210.6,0
4210.7,0
4210.8,0
4210.9,0
4211,0
4211.1,0
4211.2,0
4211.3,0
4211.4,0
4211.5,0
4211.6,0
4211.7,0
4211.8,0
4211.9,0
4212,0
4212.1,0
4212.2,0
4212.3,0
4212.4,0
4212.5,0
4212.6,0
4212.7,0
4212.8,0
4212.9,0
4213,0
4213.1,0
4213.2,0
4213.3,0
4213.4,0
4213.5,0
4213.6,0
4213.7,0
4213.8,0
4213.9,0
4214,0
4214.1,0
4214.2,0
4214.3,0
4214.4,0
4214.5,0
4214.6,0
4214.7,0
4214.8,0
4214.9,0
4215,0
4215.1,0
4215.2,0
4215.3,0
4215.4,0
4215.5,0
4215.6,0
4215.7,0
4215.8,0
4215.9,0
4216,0
4216.1,0
4216.2,0
4216.3,0
4216.4,0
4216.5,0
4216.6,0
4216.7,0
4216.8,0
4216.9,0
4217,0
4217.1,0
4217.2,0
4217.3,0
4217.4,0
4217.5,0
4217.6,0
4217.7,0
4217.8,0
4217.9,0
4218,0
4218.1,0
4218.2,0
4218.3,0
4218.4,0
4218.5,0
4218.6,0
4218.7,0
4218.8,0
4218.9,0
4219,0
4219.1,0
4219.2,0
4219.3,0
4219.4,0
4219.5,0
4219.6,0
4219.7,0
4219.8,0
4219.9,0
4220,0
4220.1,0
4220.2,0
4220.3,0
4220.4,0
4220.5,0
4220.6,0
4220.7,0
4220.8,0
4220.9,0
4221,0
4221.1,0
4221.2,0
4221.3,0
4221.4,0
4221.5,0
4221.6,0
4221.7,0
4221.8,0
4221.9,0
4222,0
4222.1,0
4222.2,0
4222.3,0
4222.4,0
4222.5,0
4222.6,0
4222.7,0
4222.8,0
4222.9,0
4223,0
4223.1,0
4223.2,0
4223.3,0
4223.4,0
4223.5,0
4223.6,0
4223.7,0
4223.8,0
4223.9,0
4224,0
4224.1,0
4224.2,0
4224.3,0
4224.4,0
4224.5,0
4224.6,0
4224.7,0
4224.8,0
4224.9,0
4225,0
4225.1,0
4225.2,0
4225.3,0
4225.4,0
4225.5,0
4225.6,0
4225.7,0
4225.8,0
4225.9,0
4226,0
4226.1,0
4226.2,0
4226.3,0
4226.4,0
4226.5,0
4226.6,0
4226.7,0
4226.8,0
4226.9,0
4227,0
4227.1,0
4227.2,0
4227.3,0
4227.4,0
4227.5,0
4227.6,0
4227.7,0
4227.8,0
4227.9,0
4228,0
4228.1,0
4228.2,0
4228.3,0
4228.4,0
4228.5,0
4228.6,0
4228.7,0
4228.8,0
4228.9,0
4229,0
4229.1,0
4229.2,0
4229.3,0
4229.4,0
4229.5,0
4229.6,0
4229.7,0
4229.8,0
4229.9,0
4230,0
4230.1,0
4230.2,0
4230.3,0
4230.4,0
4230.5,0
4230.6,0
4230.7,0
4230.8,0
4230.9,0
4231,0
4231.1,0
4231.2,0
4231.3,0
4231.4,0
4231.5,0
4231.6,0
4231.7,0
4231.8,0
4231.9,0
4232,0
4232.1,0
4232.2,0
4232.3,0
4232.4,0
4232.5,0
4232.6,0
4232.7,0
4232.8,0
4232.9,0
4233,0
4233.1,0
4233.2,0
4233.3,0
4233.4,0
4233.5,0
4233.6,0
4233.7,0
4233.8,0
4233.9,0
4234,0
4234.1,0
4234.2,0
4234.3,0
4234.4,0
4234.5,0
4234.6,0
4234.7,0
4234.8,0
4234.9,0
4235,0
4235.1,0
4235.2,0
4235.3,0
4235.4,0
4235.5,0
4235.6,0
4235.7,0
4235.8,0
4235.9,0
4236,0
4236.1,0
4236.2,0
4236.3,0
4236.4,0
4236.5,0
4236.6,0
4236.7,0
4236.8,0
4236.9,0
4237,0
4237.1,0
4237.2,0
4237.3,0
4237.4,0
4237.5,0
4237.6,0
4237.7,0
4237.8,0
4237.9,0
4238,0
4238.1,0
4238.2,0
4238.3,0
4238.4,0
4238.5,0
4238.6,0
4238.7,0
4238.8,0
4238.9,0
4239,0
4239.1,0
4239.2,0
4239.3,0
4239.4,0
4239.5,0
4239.6,0
4239.7,0
4239.8,0
4239.9,0
4240,0
4240.1,0
4240.2,0
4240.3,0
4240.4,0
4240.5,0
4240.6,0
4240.7,0
4240.8,0
4240.9,0
4241,0
4241.1,0
4241.2,0
4241.3,0
4241.4,0
4241.5,0
4241.6,0
4241.7,0
4241.8,0
4241.9,0
4242,0
4242.1,0
4242.2,0
4242.3,0
4242.4,0
4242.5,0
4242.6,0
4242.7,0
4242.8,0
4242.9,0
4243,0
4243.1,0
4243.2,0
4243.3,0
4243.4,0
4243.5,0
4243.6,0
4243.7,0
4243.8,0
4243.9,0
4244,0
4244.1,0
4244.2,0
4244.3,0
4244.4,0
4244.5,0
4244.6,0
4244.7,0
4244.8,0
4244.9,0
4245,0
4245.1,0
4245.2,0
4245.3,0
4245.4,0
4245.5,0
4245.6,0
4245.7,0
4245.8,0
4245.9,0
4246,0
4246.1,0
4246.2,0
4246.3,0
4246.4,0
4246.5,0
4246.6,0
4246.7,0
4246.8,0
4246.9,0
4247,0
4247.1,0
4247.2,0
4247.3,0
4247.4,0
4247.5,0
4247.6,0
4247.7,0
4247.8,0
4247.9,0
4248,0
4248.1,0
4248.2,0
4248.3,0
4248.4,0
4248.5,0
4248.6,0
4248.7,0
4248.8,0
4248.9,0
4249,0
4249.1,0
4249.2,0
4249.3,0
4249.4,0
4249.5,0
4249.6,0
4249.7,0
4249.8,0
4249.9,0
4250,0
4250.1,0
4250.2,0
4250.3,0
4250.4,0
4250.5,0
4250.6,0
4250.7,0
4250.8,0
4250.9,0
4251,0
4251.1,0
4251.2,0
4251.3,0
4251.4,0
4251.5,0
4251.6,0
4251.7,0
4251.8,0
4251.9,0
4252,0
4252.1,0
4252.2,0
4252.3,0
4252.4,0
4252.5,0
4252.6,0
4252.7,0
4252.8,0
4252.9,0
4253,0
4253.1,0
4253.2,0
4253.3,0
4253.4,0
4253.5,0
4253.6,0
4253.7,0
4253.8,0
4253.9,0
4254,0
4254.1,0
4254.2,0
4254.3,0
4254.4,0
4254.5,0
4254.6,0
4254.7,0
4254.8,0
4254.9,0
4255,0
4255.1,0
4255.2,0
4255.3,0
4255.4,0
4255.5,0
4255.6,0
4255.7,0
4255.8,0
4255.9,0
4256,0
4256.1,0
4256.2,0
4256.3,0
4256.4,0
4256.5,0
4256.6,0
4256.7,0
4256.8,0
4256.9,0
4257,0
4257.1,0
4257.2,0
4257.3,0
4257.4,0
4257.5,0
4257.6,0
4257.7,0
4257.8,0
4257.9,0
4258,0
4258.1,0
4258.2,0
4258.3,0
4258.4,0
4258.5,0
4258.6,0
4258.7,0
4258.8,0
4258.9,0
4259,0
4259.1,0
4259.2,0
4259.3,0
4259.4,0
4259.5,0
4259.6,0
4259.7,0
4259.8,0
4259.9,0
4260,0
4260.1,0
4260.2,0
4260.3,0
4260.4,0
4260.5,0
4260.6,0
4260.7,0
4260.8,0
4260.9,0
4261,0
4261.1,0
4261.2,0
4261.3,0
4261.4,0
4261.5,0
4261.6,0
4261.7,0
4261.8,0
4261.9,0
4262,0
4262.1,0
4262.2,0
4262.3,0
4262.4,0
4262.5,0
4262.6,0
4262.7,0
4262.8,0
4262.9,0
4263,0
4263.1,0
4263.2,0
4263.3,0
4263.4,0
4263.5,0
4263.6,0
4263.7,0
4263.8,0
4263.9,0
4264,0
4264.1,0
4264.2,0
4264.3,0
4264.4,0
4264.5,0
4264.6,0
4264.7,0
4264.8,0
4264.9,0
4265,0
4265.1,0
4265.2,0
4265.3,0
4265.4,0
4265.5,0
4265.6,0
4265.7,0
4265.8,0
4265.9,0
4266,0
4266.1,0
4266.2,0
4266.3,0
4266.4,0
4266.5,0
4266.6,0
4266.7,0
4266.8,0
4266.9,0
4267,0
4267.1,0
4267.2,0
4267.3,0
4267.4,0
4267.5,0
4267.6,0
4267.7,0
4267.8,0
4267.9,0
4268,0
4268.1,0
4268.2,0
4268.3,0
4268.4,0
4268.5,0
4268.6,0
4268.7,0
4268.8,0
4268.9,0
4269,0
4269.1,0
4269.2,0
4269.3,0
4269.4,0
4269.5,0
4269.6,0
4269.7,0
4269.8,0
4269.9,0
4270,0
4270.1,0
4270.2,0
4270.3,0
4270.4,0
4270.5,0
4270.6,0
4270.7,0
4270.8,0
4270.9,0
4271,0
4271.1,0
4271.2,0
4271.3,0
4271.4,0
4271.5,0
4271.6,0
4271.7,0
4271.8,0
4271.9,0
4272,0
4272.1,0
4272.2,0
4272.3,0
4272.4,0
4272.5,0
4272.6,0
4272.7,0
4272.8,0
4272.9,0
4273,0
4273.1,0
4273.2,0
4273.3,0
4273.4,0
4273.5,0
4273.6,0
4273.7,0
4273.8,0
4273.9,0
4274,0
4274.1,0
4274.2,0
4274.3,0
4274.4,0
4274.5,0
4274.6,0
4274.7,0
4274.8,0
4274.9,0
4275,0
4275.1,0
4275.2,0
4275.3,0
4275.4,0
4275.5,0
4275.6,0
4275.7,0
4275.8,0
4275.9,0
4276,0
4276.1,0
4276.2,0
4276.3,0
4276.4,0
4276.5,0
4276.6,0
4276.7,0
4276.8,0
4276.9,0
4277,0
4277.1,0
4277.2,0
4277.3,0
4277.4,0
4277.5,0
4277.6,0
4277.7,0
4277.8,0
4277.9,0
4278,0
4278.1,0
4278.2,0
4278.3,0
4278.4,0
4278.5,0
4278.6,0
4278.7,0
4278.8,0
4278.9,0
4279,0
4279.1,0
4279.2,0
4279.3,0
4279.4,0
4279.5,0
4279.6,0
4279.7,0
4279.8,0
4279.9,0
4280,0
4280.1,0
4280.2,0
4280.3,0
4280.4,0
4280.5,0
4280.6,0
4280.7,0
4280.8,0
4280.9,0
4281,0
4281.1,0
4281.2,0
4281.3,0
4281.4,0
4281.5,0
4281.6,0
4281.7,0
4281.8,0
4281.9,0
4282,0
4282.1,0
4282.2,0
4282.3,0
4282.4,0
4282.5,0
4282.6,0
4282.7,0
4282.8,0
4282.9,0
4283,0
4283.1,0
4283.2,0
4283.3,0
4283.4,0
4283.5,0
4283.6,0
4283.7,0
4283.8,0
4283.9,0
4284,0
4284.1,0
4284.2,0
4284.3,0
4284.4,0
4284.5,0
4284.6,0
4284.7,0
4284.8,0
4284.9,0
4285,0
4285.1,0
4285.2,0
4285.3,0
4285.4,0
4285.5,0
4285.6,0
4285.7,0
4285.8,0
4285.9,0
4286,0
4286.1,0
4286.2,0
4286.3,0
4286.4,0
4286.5,0
4286.6,0
4286.7,0
4286.8,0
4286.9,0
4287,0
4287.1,0
4287.2,0
4287.3,0
4287.4,0
4287.5,0
4287.6,0
4287.7,0
4287.8,0
4287.9,0
4288,0
4288.1,0
4288.2,0
4288.3,0
4288.4,0
4288.5,0
4288.6,0
4288.7,0
4288.8,0
4288.9,0
4289,0
4289.1,0
4289.2,0
4289.3,0
4289.4,0
4289.5,0
4289.6,0
4289.7,0
4289.8,0
4289.9,0
4290,0
4290.1,0
4290.2,0
4290.3,0
4290.4,0
4290.5,0
4290.6,0
4290.7,0
4290.8,0
4290.9,0
4291,0
4291.1,0
4291.2,0
4291.3,0
4291.4,0
4291.5,0
4291.6,0
4291.7,0
4291.8,0
4291.9,0
4292,0
4292.1,0
4292.2,0
4292.3,0
4292.4,0
4292.5,0
4292.6,0
4292.7,0
4292.8,0
4292.9,0
4293,0
4293.1,0
4293.2,0
4293.3,0
4293.4,0
4293.5,0
4293.6,0
4293.7,0
4293.8,0
4293.9,0
4294,0
4294.1,0
4294.2,0
4294.3,0
4294.4,0
4294.5,0
4294.6,0
4294.7,0
4294.8,0
4294.9,0
4295,0
4295.1,0
4295.2,0
4295.3,0
4295.4,0
4295.5,0
4295.6,0
4295.7,0
4295.8,0
4295.9,0
4296,0
4296.1,0
4296.2,0
4296.3,0
4296.4,0
4296.5,0
4296.6,0
4296.7,0
4296.8,0
4296.9,0
4297,0
4297.1,0
4297.2,0
4297.3,0
4297.4,0
4297.5,0
4297.6,0
4297.7,0
4297.8,0
4297.9,0
4298,0
4298.1,0
4298.2,0
4298.3,0
4298.4,0
4298.5,0
4298.6,0
4298.7,0
4298.8,0
4298.9,0
4299,0
4299.1,0
4299.2,0
4299.3,0
4299.4,0
4299.5,0
4299.6,0
4299.7,0
4299.8,0
4299.9,0
4300,0
4300.1,0
4300.2,0
4300.3,0
4300.4,0
4300.5,0
4300.6,0
4300.7,0
4300.8,0
4300.9,0
4301,0
4301.1,0
4301.2,0
4301.3,0
4301.4,0
4301.5,0
4301.6,0
4301.7,0
4301.8,0
4301.9,0
4302,0
4302.1,0
4302.2,0
4302.3,0
4302.4,0
4302.5,0
4302.6,0
4302.7,0
4302.8,0
4302.9,0
4303,0
4303.1,0
4303.2,0
4303.3,0
4303.4,0
4303.5,0
4303.6,0
4303.7,0
4303.8,0
4303.9,0
4304,0
4304.1,0
4304.2,0
4304.3,0
4304.4,0
4304.5,0
4304.6,0
4304.7,0
4304.8,0
4304.9,0
4305,0
4305.1,0
4305.2,0
4305.3,0
4305.4,0
4305.5,0
4305.6,0
4305.7,0
4305.8,0
4305.9,0
4306,0
4306.1,0
4306.2,0
4306.3,0
4306.4,0
4306.5,0
4306.6,0
4306.7,0
4306.8,0
4306.9,0
4307,0
4307.1,0
4307.2,0
4307.3,0
4307.4,0
4307.5,0
4307.6,0
4307.7,0
4307.8,0
4307.9,0
4308,0
4308.1,0
4308.2,0
4308.3,0
4308.4,0
4308.5,0
4308.6,0
4308.7,0
4308.8,0
4308.9,0
4309,0
4309.1,0
4309.2,0
4309.3,0
4309.4,0
4309.5,0
4309.6,0
4309.7,0
4309.8,0
4309.9,0
4310,0
4310.1,0
4310.2,0
4310.3,0
4310.4,0
4310.5,0
4310.6,0
4310.7,0
4310.8,0
4310.9,0
4311,0
4311.1,0
4311.2,0
4311.3,0
4311.4,0
4311.5,0
4311.6,0
4311.7,0
4311.8,0
4311.9,0
4312,0
4312.1,0
4312.2,0
4312.3,0
4312.4,0
4312.5,0
4312.6,0
4312.7,0
4312.8,0
4312.9,0
4313,0
4313.1,0
4313.2,0
4313.3,0
4313.4,0
4313.5,0
4313.6,0
4313.7,0
4313.8,0
4313.9,0
4314,0
4314.1,0
4314.2,0
4314.3,0
4314.4,0
4314.5,0
4314.6,0
4314.7,0
4314.8,0
4314.9,0
4315,0
4315.1,0
4315.2,0
4315.3,0
4315.4,0
4315.5,0
4315.6,0
4315.7,0
4315.8,0
4315.9,0
4316,0
4316.1,0
4316.2,0
4316.3,0
4316.4,0
4316.5,0
4316.6,0
4316.7,0
4316.8,0
4316.9,0
4317,0
4317.1,0
4317.2,0
4317.3,0
4317.4,0
4317.5,0
4317.6,0
4317.7,0
4317.8,0
4317.9,0
4318,0
4318.1,0
4318.2,0
4318.3,0
4318.4,0
4318.5,0
4318.6,0
4318.7,0
4318.8,0
4318.9,0
4319,0
4319.1,0
4319.2,0
4319.3,0
4319.4,0
4319.5,0
4319.6,0
4319.7,0
4319.8,0
4319.9,0
4320,0
4320.1,0
4320.2,0
4320.3,0
4320.4,0
4320.5,0
4320.6,0
4320.7,0
4320.8,0
4320.9,0
4321,0
4321.1,0
4321.2,0
4321.3,0
4321.4,0
4321.5,0
4321.6,0
4321.7,0
4321.8,0
4321.9,0
4322,0
4322.1,0
4322.2,0
4322.3,0
4322.4,0
4322.5,0
4322.6,0
4322.7,0
4322.8,0
4322.9,0
4323,0
4323.1,0
4323.2,0
4323.3,0
4323.4,0
4323.5,0
4323.6,0
4323.7,0
4323.8,0
4323.9,0
4324,0
4324.1,0
4324.2,0
4324.3,0
4324.4,0
4324.5,0
4324.6,0
4324.7,0
4324.8,0
4324.9,0
4325,0
4325.1,0
4325.2,0
4325.3,0
4325.4,0
4325.5,0
4325.6,0
4325.7,0
4325.8,0
4325.9,0
4326,0
4326.1,0
4326.2,0
4326.3,0
4326.4,0
4326.5,0
4326.6,0
4326.7,0
4326.8,0
4326.9,0
4327,0
4327.1,0
4327.2,0
4327.3,0
4327.4,0
4327.5,0
4327.6,0
4327.7,0
4327.8,0
4327.9,0
4328,0
4328.1,0
4328.2,0
4328.3,0
4328.4,0
4328.5,0
4328.6,0
4328.7,0
4328.8,0
4328.9,0
4329,0
4329.1,0
4329.2,0
4329.3,0
4329.4,0
4329.5,0
4329.6,0
4329.7,0
4329.8,0
4329.9,0
4330,0
4330.1,0
4330.2,0
4330.3,0
4330.4,0
4330.5,0
4330.6,0
4330.7,0
4330.8,0
4330.9,0
4331,0
4331.1,0
4331.2,0
4331.3,0
4331.4,0
4331.5,0
4331.6,0
4331.7,0
4331.8,0
4331.9,0
4332,0
4332.1,0
4332.2,0
4332.3,0
4332.4,0
4332.5,0
4332.6,0
4332.7,0
4332.8,0
4332.9,0
4333,0
4333.1,0
4333.2,0
4333.3,0
4333.4,0
4333.5,0
4333.6,0
4333.7,0
4333.8,0
4333.9,0
4334,0
4334.1,0
4334.2,0
4334.3,0
4334.4,0
4334.5,0
4334.6,0
4334.7,0
4334.8,0
4334.9,0
4335,0
4335.1,0
4335.2,0
4335.3,0
4335.4,0
4335.5,0
4335.6,0
4335.7,0
4335.8,0
4335.9,0
4336,0
4336.1,0
4336.2,0
4336.3,0
4336.4,0
4336.5,0
4336.6,0
4336.7,0
4336.8,0
4336.9,0
4337,0
4337.1,0
4337.2,0
4337.3,0
4337.4,0
4337.5,0
4337.6,0
4337.7,0
4337.8,0
4337.9,0
4338,0
4338.1,0
4338.2,0
4338.3,0
4338.4,0
4338.5,0
4338.6,0
4338.7,0
4338.8,0
4338.9,0
4339,0
4339.1,0
4339.2,0
4339.3,0
4339.4,0
4339.5,0
4339.6,0
4339.7,0
4339.8,0
4339.9,0
4340,0
4340.1,0
4340.2,0
4340.3,0
4340.4,0
4340.5,0
4340.6,0
4340.7,0
4340.8,0
4340.9,0
4341,0
4341.1,0
4341.2,0
4341.3,0
4341.4,0
4341.5,0
4341.6,0
4341.7,0
4341.8,0
4341.9,0
4342,0
4342.1,0
4342.2,0
4342.3,0
4342.4,0
4342.5,0
4342.6,0
4342.7,0
4342.8,0
4342.9,0
4343,0
4343.1,0
4343.2,0
4343.3,0
4343.4,0
4343.5,0
4343.6,0
4343.7,0
4343.8,0
4343.9,0
4344,0
4344.1,0
4344.2,0
4344.3,0
4344.4,0
4344.5,0
4344.6,0
4344.7,0
4344.8,0
4344.9,0
4345,0
4345.1,0
4345.2,0
4345.3,0
4345.4,0
4345.5,0
4345.6,0
4345.7,0
4345.8,0
4345.9,0
4346,0
4346.1,0
4346.2,0
4346.3,0
4346.4,0
4346.5,0
4346.6,0
4346.7,0
4346.8,0
4346.9,0
4347,0
4347.1,0
4347.2,0
4347.3,0
4347.4,0
4347.5,0
4347.6,0
4347.7,0
4347.8,0
4347.9,0
4348,0
4348.1,0
4348.2,0
4348.3,0
4348.4,0
4348.5,0
4348.6,0
4348.7,0
4348.8,0
4348.9,0
4349,0
4349.1,0
4349.2,0
4349.3,0
4349.4,0
4349.5,0
4349.6,0
4349.7,0
4349.8,0
4349.9,0
4350,0
4350.1,0
4350.2,0
4350.3,0
4350.4,0
4350.5,0
4350.6,0
4350.7,0
4350.8,0
4350.9,0
4351,0
4351.1,0
4351.2,0
4351.3,0
4351.4,0
4351.5,0
4351.6,0
4351.7,0
4351.8,0
4351.9,0
4352,0
4352.1,0
4352.2,0
4352.3,0
4352.4,0
4352.5,0
4352.6,0
4352.7,0
4352.8,0
4352.9,0
4353,0
4353.1,0
4353.2,0
4353.3,0
4353.4,0
4353.5,0
4353.6,0
4353.7,0
4353.8,0
4353.9,0
4354,0
4354.1,0
4354.2,0
4354.3,0
4354.4,0
4354.5,0
4354.6,0
4354.7,0
4354.8,0
4354.9,0
4355,0
4355.1,0
4355.2,0
4355.3,0
4355.4,0
4355.5,0
4355.6,0
4355.7,0
4355.8,0
4355.9,0
4356,0
4356.1,0
4356.2,0
4356.3,0
4356.4,0
4356.5,0
4356.6,0
4356.7,0
4356.8,0
4356.9,0
4357,0
4357.1,0
4357.2,0
4357.3,0
4357.4,0
4357.5,0
4357.6,0
4357.7,0
4357.8,0
4357.9,0
4358,0
4358.1,0
4358.2,0
4358.3,0
4358.4,0
4358.5,0
4358.6,0
4358.7,0
4358.8,0
4358.9,0
4359,0
4359.1,0
4359.2,0
4359.3,0
4359.4,0
4359.5,0
4359.6,0
4359.7,0
4359.8,0
4359.9,0
4360,0
4360.1,0
4360.2,0
4360.3,0
4360.4,0
4360.5,0
4360.6,0
4360.7,0
4360.8,0
4360.9,0
4361,0
4361.1,0
4361.2,0
4361.3,0
4361.4,0
4361.5,0
4361.6,0
4361.7,0
4361.8,0
4361.9,0
4362,0
4362.1,0
4362.2,0
4362.3,0
4362.4,0
4362.5,0
4362.6,0
4362.7,0
4362.8,0
4362.9,0
4363,0
4363.1,0
4363.2,0
4363.3,0
4363.4,0
4363.5,0
4363.6,0
4363.7,0
4363.8,0
4363.9,0
4364,0
4364.1,0
4364.2,0
4364.3,0
4364.4,0
4364.5,0
4364.6,0
4364.7,0
4364.8,0
4364.9,0
4365,0
4365.1,0
4365.2,0
4365.3,0
4365.4,0
4365.5,0
4365.6,0
4365.7,0
4365.8,0
4365.9,0
4366,0
4366.1,0
4366.2,0
4366.3,0
4366.4,0
4366.5,0
4366.6,0
4366.7,0
4366.8,0
4366.9,0
4367,0
4367.1,0
4367.2,0
4367.3,0
4367.4,0
4367.5,0
4367.6,0
4367.7,0
4367.8,0
4367.9,0
4368,0
4368.1,0
4368.2,0
4368.3,0
4368.4,0
4368.5,0
4368.6,0
4368.7,0
4368.8,0
4368.9,0
4369,0
4369.1,0
4369.2,0
4369.3,0
4369.4,0
4369.5,0
4369.6,0
4369.7,0
4369.8,0
4369.9,0
4370,0
4370.1,0
4370.2,0
4370.3,0
4370.4,0
4370.5,0
4370.6,0
4370.7,0
4370.8,0
4370.9,0
4371,0
4371.1,0
4371.2,0
4371.3,0
4371.4,0
4371.5,0
4371.6,0
4371.7,0
4371.8,0
4371.9,0
4372,0
4372.1,0
4372.2,0
4372.3,0
4372.4,0
4372.5,0
4372.6,0
4372.7,0
4372.8,0
4372.9,0
4373,0
4373.1,0
4373.2,0
4373.3,0
4373.4,0
4373.5,0
4373.6,0
4373.7,0
4373.8,0
4373.9,0
4374,0
4374.1,0
4374.2,0
4374.3,0
4374.4,0
4374.5,0
4374.6,0
4374.7,0
4374.8,0
4374.9,0
4375,0
4375.1,0
4375.2,0
4375.3,0
4375.4,0
4375.5,0
4375.6,0
4375.7,0
4375.8,0
4375.9,0
4376,0
4376.1,0
4376.2,0
4376.3,0
4376.4,0
4376.5,0
4376.6,0
4376.7,0
4376.8,0
4376.9,0
4377,0
4377.1,0
4377.2,0
4377.3,0
4377.4,0
4377.5,0
4377.6,0
4377.7,0
4377.8,0
4377.9,0
4378,0
4378.1,0
4378.2,0
4378.3,0
4378.4,0
4378.5,0
4378.6,0
4378.7,0
4378.8,0
4378.9,0
4379,0
4379.1,0
4379.2,0
4379.3,0
4379.4,0
4379.5,0
4379.6,0
4379.7,0
4379.8,0
4379.9,0
4380,0
4380.1,0
4380.2,0
4380.3,0
4380.4,0
4380.5,0
4380.6,0
4380.7,0
4380.8,0
4380.9,0
4381,0
4381.1,0
4381.2,0
4381.3,0
4381.4,0
4381.5,0
4381.6,0
4381.7,0
4381.8,0
4381.9,0
4382,0
4382.1,0
4382.2,0
4382.3,0
4382.4,0
4382.5,0
4382.6,0
4382.7,0
4382.8,0
4382.9,0
4383,0
4383.1,0
4383.2,0
4383.3,0
4383.4,0
4383.5,0
4383.6,0
4383.7,0
4383.8,0
4383.9,0
4384,0
4384.1,0
4384.2,0
4384.3,0
4384.4,0
4384.5,0
4384.6,0
4384.7,0
4384.8,0
4384.9,0
4385,0
4385.1,0
4385.2,0
4385.3,0
4385.4,0
4385.5,0
4385.6,0
4385.7,0
4385.8,0
4385.9,0
4386,0
4386.1,0
4386.2,0
4386.3,0
4386.4,0
4386.5,0
4386.6,0
4386.7,0
4386.8,0
4386.9,0
4387,0
4387.1,0
4387.2,0
4387.3,0
4387.4,0
4387.5,0
4387.6,0
4387.7,0
4387.8,0
4387.9,0
4388,0
4388.1,0
4388.2,0
4388.3,0
4388.4,0
4388.5,0
4388.6,0
4388.7,0
4388.8,0
4388.9,0
4389,0
4389.1,0
4389.2,0
4389.3,0
4389.4,0
4389.5,0
4389.6,0
4389.7,0
4389.8,0
4389.9,0
4390,0
4390.1,0
4390.2,0
4390.3,0
4390.4,0
4390.5,0
4390.6,0
4390.7,0
4390.8,0
4390.9,0
4391,0
4391.1,0
4391.2,0
4391.3,0
4391.4,0
4391.5,0
4391.6,0
4391.7,0
4391.8,0
4391.9,0
4392,0
4392.1,0
4392.2,0
4392.3,0
4392.4,0
4392.5,0
4392.6,0
4392.7,0
4392.8,0
4392.9,0
4393,0
4393.1,0
4393.2,0
4393.3,0
4393.4,0
4393.5,0
4393.6,0
4393.7,0
4393.8,0
4393.9,0
4394,0
4394.1,0
4394.2,0
4394.3,0
4394.4,0
4394.5,0
4394.6,0
4394.7,0
4394.8,0
4394.9,0
4395,0
4395.1,0
4395.2,0
4395.3,0
4395.4,0
4395.5,0
4395.6,0
4395.7,0
4395.8,0
4395.9,0
4396,0
4396.1,0
4396.2,0
4396.3,0
4396.4,0
4396.5,0
4396.6,0
4396.7,0
4396.8,0
4396.9,0
4397,0
4397.1,0
4397.2,0
4397.3,0
4397.4,0
4397.5,0
4397.6,0
4397.7,0
4397.8,0
4397.9,0
4398,0
4398.1,0
4398.2,0
4398.3,0
4398.4,0
4398.5,0
4398.6,0
4398.7,0
4398.8,0
4398.9,0
4399,0
4399.1,0
4399.2,0
4399.3,0
4399.4,0
4399.5,0
4399.6,0
4399.7,0
4399.8,0
4399.9,0
4400,0
4400.1,0
4400.2,0
4400.3,0
4400.4,0
4400.5,0
4400.6,0
4400.7,0
4400.8,0
4400.9,0
4401,0
4401.1,0
4401.2,0
4401.3,0
4401.4,0
4401.5,0
4401.6,0
4401.7,0
4401.8,0
4401.9,0
4402,0
4402.1,0
4402.2,0
4402.3,0
4402.4,0
4402.5,0
4402.6,0
4402.7,0
4402.8,0
4402.9,0
4403,0
4403.1,0
4403.2,0
4403.3,0
4403.4,0
4403.5,0
4403.6,0
4403.7,0
4403.8,0
4403.9,0
4404,0
4404.1,0
4404.2,0
4404.3,0
4404.4,0
4404.5,0
4404.6,0
4404.7,0
4404.8,0
4404.9,0
4405,0
4405.1,0
4405.2,0
4405.3,0
4405.4,0
4405.5,0
4405.6,0
4405.7,0
4405.8,0
4405.9,0
4406,0
4406.1,0
4406.2,0
4406.3,0
4406.4,0
4406.5,0
4406.6,0
4406.7,0
4406.8,0
4406.9,0
4407,0
4407.1,0
4407.2,0
4407.3,0
4407.4,0
4407.5,0
4407.6,0
4407.7,0
4407.8,0
4407.9,0
4408,0
4408.1,0
4408.2,0
4408.3,0
4408.4,0
4408.5,0
4408.6,0
4408.7,0
4408.8,0
4408.9,0
4409,0
4409.1,0
4409.2,0
4409.3,0
4409.4,0
4409.5,0
4409.6,0
4409.7,0
4409.8,0
4409.9,0
4410,0
4410.1,0
4410.2,0
4410.3,0
4410.4,0
4410.5,0
4410.6,0
4410.7,0
4410.8,0
4410.9,0
4411,0
4411.1,0
4411.2,0
4411.3,0
4411.4,0
4411.5,0
4411.6,0
4411.7,0
4411.8,0
4411.9,0
4412,0
4412.1,0
4412.2,0
4412.3,0
4412.4,0
4412.5,0
4412.6,0
4412.7,0
4412.8,0
4412.9,0
4413,0
4413.1,0
4413.2,0
4413.3,0
4413.4,0
4413.5,0
4413.6,0
4413.7,0
4413.8,0
4413.9,0
4414,0
4414.1,0
4414.2,0
4414.3,0
4414.4,0
4414.5,0
4414.6,0
4414.7,0
4414.8,0
4414.9,0
4415,0
4415.1,0
4415.2,0
4415.3,0
4415.4,0
4415.5,0
4415.6,0
4415.7,0
4415.8,0
4415.9,0
4416,0
4416.1,0
4416.2,0
4416.3,0
4416.4,0
4416.5,0
4416.6,0
4416.7,0
4416.8,0
4416.9,0
4417,0
4417.1,0
4417.2,0
4417.3,0
4417.4,0
4417.5,0
4417.6,0
4417.7,0
4417.8,0
4417.9,0
4418,0
4418.1,0
4418.2,0
4418.3,0
4418.4,0
4418.5,0
4418.6,0
4418.7,0
4418.8,0
4418.9,0
4419,0
4419.1,0
4419.2,0
4419.3,0
4419.4,0
4419.5,0
4419.6,0
4419.7,0
4419.8,0
4419.9,0
4420,0
4420.1,0
4420.2,0
4420.3,0
4420.4,0
4420.5,0
4420.6,0
4420.7,0
4420.8,0
4420.9,0
4421,0
4421.1,0
4421.2,0
4421.3,0
4421.4,0
4421.5,0
4421.6,0
4421.7,0
4421.8,0
4421.9,0
4422,0
4422.1,0
4422.2,0
4422.3,0
4422.4,0
4422.5,0
4422.6,0
4422.7,0
4422.8,0
4422.9,0
4423,0
4423.1,0
4423.2,0
4423.3,0
4423.4,0
4423.5,0
4423.6,0
4423.7,0
4423.8,0
4423.9,0
4424,0
4424.1,0
4424.2,0
4424.3,0
4424.4,0
4424.5,0
4424.6,0
4424.7,0
4424.8,0
4424.9,0
4425,0
4425.1,0
4425.2,0
4425.3,0
4425.4,0
4425.5,0
4425.6,0
4425.7,0
4425.8,0
4425.9,0
4426,0
4426.1,0
4426.2,0
4426.3,0
4426.4,0
4426.5,0
4426.6,0
4426.7,0
4426.8,0
4426.9,0
4427,0
4427.1,0
4427.2,0
4427.3,0
4427.4,0
4427.5,0
4427.6,0
4427.7,0
4427.8,0
4427.9,0
4428,0
4428.1,0
4428.2,0
4428.3,0
4428.4,0
4428.5,0
4428.6,0
4428.7,0
4428.8,0
4428.9,0
4429,0
4429.1,0
4429.2,0
4429.3,0
4429.4,0
4429.5,0
4429.6,0
4429.7,0
4429.8,0
4429.9,0
4430,0
4430.1,0
4430.2,0
4430.3,0
4430.4,0
4430.5,0
4430.6,0
4430.7,0
4430.8,0
4430.9,0
4431,0
4431.1,0
4431.2,0
4431.3,0
4431.4,0
4431.5,0
4431.6,0
4431.7,0
4431.8,0
4431.9,0
4432,0
4432.1,0
4432.2,0
4432.3,0
4432.4,0
4432.5,0
4432.6,0
4432.7,0
4432.8,0
4432.9,0
4433,0
4433.1,0
4433.2,0
4433.3,0
4433.4,0
4433.5,0
4433.6,0
4433.7,0
4433.8,0
4433.9,0
4434,0
4434.1,0
4434.2,0
4434.3,0
4434.4,0
4434.5,0
4434.6,0
4434.7,0
4434.8,0
4434.9,0
4435,0
4435.1,0
4435.2,0
4435.3,0
4435.4,0
4435.5,0
4435.6,0
4435.7,0
4435.8,0
4435.9,0
4436,0
4436.1,0
4436.2,0
4436.3,0
4436.4,0
4436.5,0
4436.6,0
4436.7,0
4436.8,0
4436.9,0
4437,0
4437.1,0
4437.2,0
4437.3,0
4437.4,0
4437.5,0
4437.6,0
4437.7,0
4437.8,0
4437.9,0
4438,0
4438.1,0
4438.2,0
4438.3,0
4438.4,0
4438.5,0
4438.6,0
4438.7,0
4438.8,0
4438.9,0
4439,0
4439.1,0
4439.2,0
4439.3,0
4439.4,0
4439.5,0
4439.6,0
4439.7,0
4439.8,0
4439.9,0
4440,0
4440.1,0
4440.2,0
4440.3,0
4440.4,0
4440.5,0
4440.6,0
4440.7,0
4440.8,0
4440.9,0
4441,0
4441.1,0
4441.2,0
4441.3,0
4441.4,0
4441.5,0
4441.6,0
4441.7,0
4441.8,0
4441.9,0
4442,0
4442.1,0
4442.2,0
4442.3,0
4442.4,0
4442.5,0
4442.6,0
4442.7,0
4442.8,0
4442.9,0
4443,0
4443.1,0
4443.2,0
4443.3,0
4443.4,0
4443.5,0
4443.6,0
4443.7,0
4443.8,0
4443.9,0
4444,0
4444.1,0
4444.2,0
4444.3,0
4444.4,0
4444.5,0
4444.6,0
4444.7,0
4444.8,0
4444.9,0
4445,0
4445.1,0
4445.2,0
4445.3,0
4445.4,0
4445.5,0
4445.6,0
4445.7,0
4445.8,0
4445.9,0
4446,0
4446.1,0
4446.2,0
4446.3,0
4446.4,0
4446.5,0
4446.6,0
4446.7,0
4446.8,0
4446.9,0
4447,0
4447.1,0
4447.2,0
4447.3,0
4447.4,0
4447.5,0
4447.6,0
4447.7,0
4447.8,0
4447.9,0
4448,0
4448.1,0
4448.2,0
4448.3,0
4448.4,0
4448.5,0
4448.6,0
4448.7,0
4448.8,0
4448.9,0
4449,0
4449.1,0
4449.2,0
4449.3,0
4449.4,0
4449.5,0
4449.6,0
4449.7,0
4449.8,0
4449.9,0
4450,0
4450.1,0
4450.2,0
4450.3,0
4450.4,0
4450.5,0
4450.6,0
4450.7,0
4450.8,0
4450.9,0
4451,0
4451.1,0
4451.2,0
4451.3,0
4451.4,0
4451.5,0
4451.6,0
4451.7,0
4451.8,0
4451.9,0
4452,0
4452.1,0
4452.2,0
4452.3,0
4452.4,0
4452.5,0
4452.6,0
4452.7,0
4452.8,0
4452.9,0
4453,0
4453.1,0
4453.2,0
4453.3,0
4453.4,0
4453.5,0
4453.6,0
4453.7,0
4453.8,0
4453.9,0
4454,0
4454.1,0
4454.2,0
4454.3,0
4454.4,0
4454.5,0
4454.6,0
4454.7,0
4454.8,0
4454.9,0
4455,0
4455.1,0
4455.2,0
4455.3,0
4455.4,0
4455.5,0
4455.6,0
4455.7,0
4455.8,0
4455.9,0
4456,0
4456.1,0
4456.2,0
4456.3,0
4456.4,0
4456.5,0
4456.6,0
4456.7,0
4456.8,0
4456.9,0
4457,0
4457.1,0
4457.2,0
4457.3,0
4457.4,0
4457.5,0
4457.6,0
4457.7,0
4457.8,0
4457.9,0
4458,0
4458.1,0
4458.2,0
4458.3,0
4458.4,0
4458.5,0
4458.6,0
4458.7,0
4458.8,0
4458.9,0
4459,0
4459.1,0
4459.2,0
4459.3,0
4459.4,0
4459.5,0
4459.6,0
4459.7,0
4459.8,0
4459.9,0
4460,0
4460.1,0
4460.2,0
4460.3,0
4460.4,0
4460.5,0
4460.6,0
4460.7,0
4460.8,0
4460.9,0
4461,0
4461.1,0
4461.2,0
4461.3,0
4461.4,0
4461.5,0
4461.6,0
4461.7,0
4461.8,0
4461.9,0
4462,0
4462.1,0
4462.2,0
4462.3,0
4462.4,0
4462.5,0
4462.6,0
4462.7,0
4462.8,0
4462.9,0
4463,0
4463.1,0
4463.2,0
4463.3,0
4463.4,0
4463.5,0
4463.6,0
4463.7,0
4463.8,0
4463.9,0
4464,0
4464.1,0
4464.2,0
4464.3,0
4464.4,0
4464.5,0
4464.6,0
4464.7,0
4464.8,0
4464.9,0
4465,0
4465.1,0
4465.2,0
4465.3,0
4465.4,0
4465.5,0
4465.6,0
4465.7,0
4465.8,0
4465.9,0
4466,0
4466.1,0
4466.2,0
4466.3,0
4466.4,0
4466.5,0
4466.6,0
4466.7,0
4466.8,0
4466.9,0
4467,0
4467.1,0
4467.2,0
4467.3,0
4467.4,0
4467.5,0
4467.6,0
4467.7,0
4467.8,0
4467.9,0
4468,0
4468.1,0
4468.2,0
4468.3,0
4468.4,0
4468.5,0
4468.6,0
4468.7,0
4468.8,0
4468.9,0
4469,0
4469.1,0
4469.2,0
4469.3,0
4469.4,0
4469.5,0
4469.6,0
4469.7,0
4469.8,0
4469.9,0
4470,0
4470.1,0
4470.2,0
4470.3,0
4470.4,0
4470.5,0
4470.6,0
4470.7,0
4470.8,0
4470.9,0
4471,0
4471.1,0
4471.2,0
4471.3,0
4471.4,0
4471.5,0
4471.6,0
4471.7,0
4471.8,0
4471.9,0
4472,0
4472.1,0
4472.2,0
4472.3,0
4472.4,0
4472.5,0
4472.6,0
4472.7,0
4472.8,0
4472.9,0
4473,0
4473.1,0
4473.2,0
4473.3,0
4473.4,0
4473.5,0
4473.6,0
4473.7,0
4473.8,0
4473.9,0
4474,0
4474.1,0
4474.2,0
4474.3,0
4474.4,0
4474.5,0
4474.6,0
4474.7,0
4474.8,0
4474.9,0
4475,0
4475.1,0
4475.2,0
4475.3,0
4475.4,0
4475.5,0
4475.6,0
4475.7,0
4475.8,0
4475.9,0
4476,0
4476.1,0
4476.2,0
4476.3,0
4476.4,0
4476.5,0
4476.6,0
4476.7,0
4476.8,0
4476.9,0
4477,0
4477.1,0
4477.2,0
4477.3,0
4477.4,0
4477.5,0
4477.6,0
4477.7,0
4477.8,0
4477.9,0
4478,0
4478.1,0
4478.2,0
4478.3,0
4478.4,0
4478.5,0
4478.6,0
4478.7,0
4478.8,0
4478.9,0
4479,0
4479.1,0
4479.2,0
4479.3,0
4479.4,0
4479.5,0
4479.6,0
4479.7,0
4479.8,0
4479.9,0
4480,0
4480.1,0
4480.2,0
4480.3,0
4480.4,0
4480.5,0
4480.6,0
4480.7,0
4480.8,0
4480.9,0
4481,0
4481.1,0
4481.2,0
4481.3,0
4481.4,0
4481.5,0
4481.6,0
4481.7,0
4481.8,0
4481.9,0
4482,0
4482.1,0
4482.2,0
4482.3,0
4482.4,0
4482.5,0
4482.6,0
4482.7,0
4482.8,0
4482.9,0
4483,0
4483.1,0
4483.2,0
4483.3,0
4483.4,0
4483.5,0
4483.6,0
4483.7,0
4483.8,0
4483.9,0
4484,0
4484.1,0
4484.2,0
4484.3,0
4484.4,0
4484.5,0
4484.6,0
4484.7,0
4484.8,0
4484.9,0
4485,0
4485.1,0
4485.2,0
4485.3,0
4485.4,0
4485.5,0
4485.6,0
4485.7,0
4485.8,0
4485.9,0
4486,0
4486.1,0
4486.2,0
4486.3,0
4486.4,0
4486.5,0
4486.6,0
4486.7,0
4486.8,0
4486.9,0
4487,0
4487.1,0
4487.2,0
4487.3,0
4487.4,0
4487.5,0
4487.6,0
4487.7,0
4487.8,0
4487.9,0
4488,0
4488.1,0
4488.2,0
4488.3,0
4488.4,0
4488.5,0
4488.6,0
4488.7,0
4488.8,0
4488.9,0
4489,0
4489.1,0
4489.2,0
4489.3,0
4489.4,0
4489.5,0
4489.6,0
4489.7,0
4489.8,0
4489.9,0
4490,0
4490.1,0
4490.2,0
4490.3,0
4490.4,0
4490.5,0
4490.6,0
4490.7,0
4490.8,0
4490.9,0
4491,0
4491.1,0
4491.2,0
4491.3,0
4491.4,0
4491.5,0
4491.6,0
4491.7,0
4491.8,0
4491.9,0
4492,0
4492.1,0
4492.2,0
4492.3,0
4492.4,0
4492.5,0
4492.6,0
4492.7,0
4492.8,0
4492.9,0
4493,0
4493.1,0
4493.2,0
4493.3,0
4493.4,0
4493.5,0
4493.6,0
4493.7,0
4493.8,0
4493.9,0
4494,0
4494.1,0
4494.2,0
4494.3,0
4494.4,0
4494.5,0
4494.6,0
4494.7,0
4494.8,0
4494.9,0
4495,0
4495.1,0
4495.2,0
4495.3,0
4495.4,0
4495.5,0
4495.6,0
4495.7,0
4495.8,0
4495.9,0
4496,0
4496.1,0
4496.2,0
4496.3,0
4496.4,0
4496.5,0
4496.6,0
4496.7,0
4496.8,0
4496.9,0
4497,0
4497.1,0
4497.2,0
4497.3,0
4497.4,0
4497.5,0
4497.6,0
4497.7,0
4497.8,0
4497.9,0
4498,0
4498.1,0
4498.2,0
4498.3,0
4498.4,0
4498.5,0
4498.6,0
4498.7,0
4498.8,0
4498.9,0
4499,0
4499.1,0
4499.2,0
4499.3,0
4499.4,0
4499.5,0
4499.6,0
4499.7,0
4499.8,0
4499.9,0
4500,0
4500.1,0
4500.2,0
4500.3,0
4500.4,0
4500.5,0
4500.6,0
4500.7,0
4500.8,0
4500.9,0
4501,0
4501.1,0
4501.2,0
4501.3,0
4501.4,0
4501.5,0
4501.6,0
4501.7,0
4501.8,0
4501.9,0
4502,0
4502.1,0
4502.2,0
4502.3,0
4502.4,0
4502.5,0
4502.6,0
4502.7,0
4502.8,0
4502.9,0
4503,0
4503.1,0
4503.2,0
4503.3,0
4503.4,0
4503.5,0
4503.6,0
4503.7,0
4503.8,0
4503.9,0
4504,0
4504.1,0
4504.2,0
4504.3,0
4504.4,0
4504.5,0
4504.6,0
4504.7,0
4504.8,0
4504.9,0
4505,0
4505.1,0
4505.2,0
4505.3,0
4505.4,0
4505.5,0
4505.6,0
4505.7,0
4505.8,0
4505.9,0
4506,0
4506.1,0
4506.2,0
4506.3,0
4506.4,0
4506.5,0
4506.6,0
4506.7,0
4506.8,0
4506.9,0
4507,0
4507.1,0
4507.2,0
4507.3,0
4507.4,0
4507.5,0
4507.6,0
4507.7,0
4507.8,0
4507.9,0
4508,0
4508.1,0
4508.2,0
4508.3,0
4508.4,0
4508.5,0
4508.6,0
4508.7,0
4508.8,0
4508.9,0
4509,0
4509.1,0
4509.2,0
4509.3,0
4509.4,0
4509.5,0
4509.6,0
4509.7,0
4509.8,0
4509.9,0
4510,0
4510.1,0
4510.2,0
4510.3,0
4510.4,0
4510.5,0
4510.6,0
4510.7,0
4510.8,0
4510.9,0
4511,0
4511.1,0
4511.2,0
4511.3,0
4511.4,0
4511.5,0
4511.6,0
4511.7,0
4511.8,0
4511.9,0
4512,0
4512.1,0
4512.2,0
4512.3,0
4512.4,0
4512.5,0
4512.6,0
4512.7,0
4512.8,0
4512.9,0
4513,0
4513.1,0
4513.2,0
4513.3,0
4513.4,0
4513.5,0
4513.6,0
4513.7,0
4513.8,0
4513.9,0
4514,0
4514.1,0
4514.2,0
4514.3,0
4514.4,0
4514.5,0
4514.6,0
4514.7,0
4514.8,0
4514.9,0
4515,0
4515.1,0
4515.2,0
4515.3,0
4515.4,0
4515.5,0
4515.6,0
4515.7,0
4515.8,0
4515.9,0
4516,0
4516.1,0
4516.2,0
4516.3,0
4516.4,0
4516.5,0
4516.6,0
4516.7,0
4516.8,0
4516.9,0
4517,0
4517.1,0
4517.2,0
4517.3,0
4517.4,0
4517.5,0
4517.6,0
4517.7,0
4517.8,0
4517.9,0
4518,0
4518.1,0
4518.2,0
4518.3,0
4518.4,0
4518.5,0
4518.6,0
4518.7,0
4518.8,0
4518.9,0
4519,0
4519.1,0
4519.2,0
4519.3,0
4519.4,0
4519.5,0
4519.6,0
4519.7,0
4519.8,0
4519.9,0
4520,0
4520.1,0
4520.2,0
4520.3,0
4520.4,0
4520.5,0
4520.6,0
4520.7,0
4520.8,0
4520.9,0
4521,0
4521.1,0
4521.2,0
4521.3,0
4521.4,0
4521.5,0
4521.6,0
4521.7,0
4521.8,0
4521.9,0
4522,0
4522.1,0
4522.2,0
4522.3,0
4522.4,0
4522.5,0
4522.6,0
4522.7,0
4522.8,0
4522.9,0
4523,0
4523.1,0
4523.2,0
4523.3,0
4523.4,0
4523.5,0
4523.6,0
4523.7,0
4523.8,0
4523.9,0
4524,0
4524.1,0
4524.2,0
4524.3,0
4524.4,0
4524.5,0
4524.6,0
4524.7,0
4524.8,0
4524.9,0
4525,0
4525.1,0
4525.2,0
4525.3,0
4525.4,0
4525.5,0
4525.6,0
4525.7,0
4525.8,0
4525.9,0
4526,0
4526.1,0
4526.2,0
4526.3,0
4526.4,0
4526.5,0
4526.6,0
4526.7,0
4526.8,0
4526.9,0
4527,0
4527.1,0
4527.2,0
4527.3,0
4527.4,0
4527.5,0
4527.6,0
4527.7,0
4527.8,0
4527.9,0
4528,0
4528.1,0
4528.2,0
4528.3,0
4528.4,0
4528.5,0
4528.6,0
4528.7,0
4528.8,0
4528.9,0
4529,0
4529.1,0
4529.2,0
4529.3,0
4529.4,0
4529.5,0
4529.6,0
4529.7,0
4529.8,0
4529.9,0
4530,0
4530.1,0
4530.2,0
4530.3,0
4530.4,0
4530.5,0
4530.6,0
4530.7,0
4530.8,0
4530.9,0
4531,0
4531.1,0
4531.2,0
4531.3,0
4531.4,0
4531.5,0
4531.6,0
4531.7,0
4531.8,0
4531.9,0
4532,0
4532.1,0
4532.2,0
4532.3,0
4532.4,0
4532.5,0
4532.6,0
4532.7,0
4532.8,0
4532.9,0
4533,0
4533.1,0
4533.2,0
4533.3,0
4533.4,0
4533.5,0
4533.6,0
4533.7,0
4533.8,0
4533.9,0
4534,0
4534.1,0
4534.2,0
4534.3,0
4534.4,0
4534.5,0
4534.6,0
4534.7,0
4534.8,0
4534.9,0
4535,0
4535.1,0
4535.2,0
4535.3,0
4535.4,0
4535.5,0
4535.6,0
4535.7,0
4535.8,0
4535.9,0
4536,0
4536.1,0
4536.2,0
4536.3,0
4536.4,0
4536.5,0
4536.6,0
4536.7,0
4536.8,0
4536.9,0
4537,0
4537.1,0
4537.2,0
4537.3,0
4537.4,0
4537.5,0
4537.6,0
4537.7,0
4537.8,0
4537.9,0
4538,0
4538.1,0
4538.2,0
4538.3,0
4538.4,0
4538.5,0
4538.6,0
4538.7,0
4538.8,0
4538.9,0
4539,0
4539.1,0
4539.2,0
4539.3,0
4539.4,0
4539.5,0
4539.6,0
4539.7,0
4539.8,0
4539.9,0
4540,0
4540.1,0
4540.2,0
4540.3,0
4540.4,0
4540.5,0
4540.6,0
4540.7,0
4540.8,0
4540.9,0
4541,0
4541.1,0
4541.2,0
4541.3,0
4541.4,0
4541.5,0
4541.6,0
4541.7,0
4541.8,0
4541.9,0
4542,0
4542.1,0
4542.2,0
4542.3,0
4542.4,0
4542.5,0
4542.6,0
4542.7,0
4542.8,0
4542.9,0
4543,0
4543.1,0
4543.2,0
4543.3,0
4543.4,0
4543.5,0
4543.6,0
4543.7,0
4543.8,0
4543.9,0
4544,0
4544.1,0
4544.2,0
4544.3,0
4544.4,0
4544.5,0
4544.6,0
4544.7,0
4544.8,0
4544.9,0
4545,0
4545.1,0
4545.2,0
4545.3,0
4545.4,0
4545.5,0
4545.6,0
4545.7,0
4545.8,0
4545.9,0
4546,0
4546.1,0
4546.2,0
4546.3,0
4546.4,0
4546.5,0
4546.6,0
4546.7,0
4546.8,0
4546.9,0
4547,0
4547.1,0
4547.2,0
4547.3,0
4547.4,0
4547.5,0
4547.6,0
4547.7,0
4547.8,0
4547.9,0
4548,0
4548.1,0
4548.2,0
4548.3,0
4548.4,0
4548.5,0
4548.6,0
4548.7,0
4548.8,0
4548.9,0
4549,0
4549.1,0
4549.2,0
4549.3,0
4549.4,0
4549.5,0
4549.6,0
4549.7,0
4549.8,0
4549.9,0
4550,0
4550.1,0
4550.2,0
4550.3,0
4550.4,0
4550.5,0
4550.6,0
4550.7,0
4550.8,0
4550.9,0
4551,0
4551.1,0
4551.2,0
4551.3,0
4551.4,0
4551.5,0
4551.6,0
4551.7,0
4551.8,0
4551.9,0
4552,0
4552.1,0
4552.2,0
4552.3,0
4552.4,0
4552.5,0
4552.6,0
4552.7,0
4552.8,0
4552.9,0
4553,0
4553.1,0
4553.2,0
4553.3,0
4553.4,0
4553.5,0
4553.6,0
4553.7,0
4553.8,0
4553.9,0
4554,0
4554.1,0
4554.2,0
4554.3,0
4554.4,0
4554.5,0
4554.6,0
4554.7,0
4554.8,0
4554.9,0
4555,0
4555.1,0
4555.2,0
4555.3,0
4555.4,0
4555.5,0
4555.6,0
4555.7,0
4555.8,0
4555.9,0
4556,0
4556.1,0
4556.2,0
4556.3,0
4556.4,0
4556.5,0
4556.6,0
4556.7,0
4556.8,0
4556.9,0
4557,0
4557.1,0
4557.2,0
4557.3,0
4557.4,0
4557.5,0
4557.6,0
4557.7,0
4557.8,0
4557.9,0
4558,0
4558.1,0
4558.2,0
4558.3,0
4558.4,0
4558.5,0
4558.6,0
4558.7,0
4558.8,0
4558.9,0
4559,0
4559.1,0
4559.2,0
4559.3,0
4559.4,0
4559.5,0
4559.6,0
4559.7,0
4559.8,0
4559.9,0
4560,0
4560.1,0
4560.2,0
4560.3,0
4560.4,0
4560.5,0
4560.6,0
4560.7,0
4560.8,0
4560.9,0
4561,0
4561.1,0
4561.2,0
4561.3,0
4561.4,0
4561.5,0
4561.6,0
4561.7,0
4561.8,0
4561.9,0
4562,0
4562.1,0
4562.2,0
4562.3,0
4562.4,0
4562.5,0
4562.6,0
4562.7,0
4562.8,0
4562.9,0
4563,0
4563.1,0
4563.2,0
4563.3,0
4563.4,0
4563.5,0
4563.6,0
4563.7,0
4563.8,0
4563.9,0
4564,0
4564.1,0
4564.2,0
4564.3,0
4564.4,0
4564.5,0
4564.6,0
4564.7,0
4564.8,0
4564.9,0
4565,0
4565.1,0
4565.2,0
4565.3,0
4565.4,0
4565.5,0
4565.6,0
4565.7,0
4565.8,0
4565.9,0
4566,0
4566.1,0
4566.2,0
4566.3,0
4566.4,0
4566.5,0
4566.6,0
4566.7,0
4566.8,0
4566.9,0
4567,0
4567.1,0
4567.2,0
4567.3,0
4567.4,0
4567.5,0
4567.6,0
4567.7,0
4567.8,0
4567.9,0
4568,0
4568.1,0
4568.2,0
4568.3,0
4568.4,0
4568.5,0
4568.6,0
4568.7,0
4568.8,0
4568.9,0
4569,0
4569.1,0
4569.2,0
4569.3,0
4569.4,0
4569.5,0
4569.6,0
4569.7,0
4569.8,0
4569.9,0
4570,0
4570.1,0
4570.2,0
4570.3,0
4570.4,0
4570.5,0
4570.6,0
4570.7,0
4570.8,0
4570.9,0
4571,0
4571.1,0
4571.2,0
4571.3,0
4571.4,0
4571.5,0
4571.6,0
4571.7,0
4571.8,0
4571.9,0
4572,0
4572.1,0
4572.2,0
4572.3,0
4572.4,0
4572.5,0
4572.6,0
4572.7,0
4572.8,0
4572.9,0
4573,0
4573.1,0
4573.2,0
4573.3,0
4573.4,0
4573.5,0
4573.6,0
4573.7,0
4573.8,0
4573.9,0
4574,0
4574.1,0
4574.2,0
4574.3,0
4574.4,0
4574.5,0
4574.6,0
4574.7,0
4574.8,0
4574.9,0
4575,0
4575.1,0
4575.2,0
4575.3,0
4575.4,0
4575.5,0
4575.6,0
4575.7,0
4575.8,0
4575.9,0
4576,0
4576.1,0
4576.2,0
4576.3,0
4576.4,0
4576.5,0
4576.6,0
4576.7,0
4576.8,0
4576.9,0
4577,0
4577.1,0
4577.2,0
4577.3,0
4577.4,0
4577.5,0
4577.6,0
4577.7,0
4577.8,0
4577.9,0
4578,0
4578.1,0
4578.2,0
4578.3,0
4578.4,0
4578.5,0
4578.6,0
4578.7,0
4578.8,0
4578.9,0
4579,0
4579.1,0
4579.2,0
4579.3,0
4579.4,0
4579.5,0
4579.6,0
4579.7,0
4579.8,0
4579.9,0
4580,0
4580.1,0
4580.2,0
4580.3,0
4580.4,0
4580.5,0
4580.6,0
4580.7,0
4580.8,0
4580.9,0
4581,0
4581.1,0
4581.2,0
4581.3,0
4581.4,0
4581.5,0
4581.6,0
4581.7,0
4581.8,0
4581.9,0
4582,0
4582.1,0
4582.2,0
4582.3,0
4582.4,0
4582.5,0
4582.6,0
4582.7,0
4582.8,0
4582.9,0
4583,0
4583.1,0
4583.2,0
4583.3,0
4583.4,0
4583.5,0
4583.6,0
4583.7,0
4583.8,0
4583.9,0
4584,0
4584.1,0
4584.2,0
4584.3,0
4584.4,0
4584.5,0
4584.6,0
4584.7,0
4584.8,0
4584.9,0
4585,0
4585.1,0
4585.2,0
4585.3,0
4585.4,0
4585.5,0
4585.6,0
4585.7,0
4585.8,0
4585.9,0
4586,0
4586.1,0
4586.2,0
4586.3,0
4586.4,0
4586.5,0
4586.6,0
4586.7,0
4586.8,0
4586.9,0
4587,0
4587.1,0
4587.2,0
4587.3,0
4587.4,0
4587.5,0
4587.6,0
4587.7,0
4587.8,0
4587.9,0
4588,0
4588.1,0
4588.2,0
4588.3,0
4588.4,0
4588.5,0
4588.6,0
4588.7,0
4588.8,0
4588.9,0
4589,0
4589.1,0
4589.2,0
4589.3,0
4589.4,0
4589.5,0
4589.6,0
4589.7,0
4589.8,0
4589.9,0
4590,0
4590.1,0
4590.2,0
4590.3,0
4590.4,0
4590.5,0
4590.6,0
4590.7,0
4590.8,0
4590.9,0
4591,0
4591.1,0
4591.2,0
4591.3,0
4591.4,0
4591.5,0
4591.6,0
4591.7,0
4591.8,0
4591.9,0
4592,0
4592.1,0
4592.2,0
4592.3,0
4592.4,0
4592.5,0
4592.6,0
4592.7,0
4592.8,0
4592.9,0
4593,0
4593.1,0
4593.2,0
4593.3,0
4593.4,0
4593.5,0
4593.6,0
4593.7,0
4593.8,0
4593.9,0
4594,0
4594.1,0
4594.2,0
4594.3,0
4594.4,0
4594.5,0
4594.6,0
4594.7,0
4594.8,0
4594.9,0
4595,0
4595.1,0
4595.2,0
4595.3,0
4595.4,0
4595.5,0
4595.6,0
4595.7,0
4595.8,0
4595.9,0
4596,0
4596.1,0
4596.2,0
4596.3,0
4596.4,0
4596.5,0
4596.6,0
4596.7,0
4596.8,0
4596.9,0
4597,0
4597.1,0
4597.2,0
4597.3,0
4597.4,0
4597.5,0
4597.6,0
4597.7,0
4597.8,0
4597.9,0
4598,0
4598.1,0
4598.2,0
4598.3,0
4598.4,0
4598.5,0
4598.6,0
4598.7,0
4598.8,0
4598.9,0
4599,0
4599.1,0
4599.2,0
4599.3,0
4599.4,0
4599.5,0
4599.6,0
4599.7,0
4599.8,0
4599.9,0
4600,0
4600.1,0
4600.2,0
4600.3,0
4600.4,0
4600.5,0
4600.6,0
4600.7,0
4600.8,0
4600.9,0
4601,0
4601.1,0
4601.2,0
4601.3,0
4601.4,0
4601.5,0
4601.6,0
4601.7,0
4601.8,0
4601.9,0
4602,0
4602.1,0
4602.2,0
4602.3,0
4602.4,0
4602.5,0
4602.6,0
4602.7,0
4602.8,0
4602.9,0
4603,0
4603.1,0
4603.2,0
4603.3,0
4603.4,0
4603.5,0
4603.6,0
4603.7,0
4603.8,0
4603.9,0
4604,0
4604.1,0
4604.2,0
4604.3,0
4604.4,0
4604.5,0
4604.6,0
4604.7,0
4604.8,0
4604.9,0
4605,0
4605.1,0
4605.2,0
4605.3,0
4605.4,0
4605.5,0
4605.6,0
4605.7,0
4605.8,0
4605.9,0
4606,0
4606.1,0
4606.2,0
4606.3,0
4606.4,0
4606.5,0
4606.6,0
4606.7,0
4606.8,0
4606.9,0
4607,0
4607.1,0
4607.2,0
4607.3,0
4607.4,0
4607.5,0
4607.6,0
4607.7,0
4607.8,0
4607.9,0
4608,0
4608.1,0
4608.2,0
4608.3,0
4608.4,0
4608.5,0
4608.6,0
4608.7,0
4608.8,0
4608.9,0
4609,0
4609.1,0
4609.2,0
4609.3,0
4609.4,0
4609.5,0
4609.6,0
4609.7,0
4609.8,0
4609.9,0
4610,0
4610.1,0
4610.2,0
4610.3,0
4610.4,0
4610.5,0
4610.6,0
4610.7,0
4610.8,0
4610.9,0
4611,0
4611.1,0
4611.2,0
4611.3,0
4611.4,0
4611.5,0
4611.6,0
4611.7,0
4611.8,0
4611.9,0
4612,0
4612.1,0
4612.2,0
4612.3,0
4612.4,0
4612.5,0
4612.6,0
4612.7,0
4612.8,0
4612.9,0
4613,0
4613.1,0
4613.2,0
4613.3,0
4613.4,0
4613.5,0
4613.6,0
4613.7,0
4613.8,0
4613.9,0
4614,0
4614.1,0
4614.2,0
4614.3,0
4614.4,0
4614.5,0
4614.6,0
4614.7,0
4614.8,0
4614.9,0
4615,0
4615.1,0
4615.2,0
4615.3,0
4615.4,0
4615.5,0
4615.6,0
4615.7,0
4615.8,0
4615.9,0
4616,0
4616.1,0
4616.2,0
4616.3,0
4616.4,0
4616.5,0
4616.6,0
4616.7,0
4616.8,0
4616.9,0
4617,0
4617.1,0
4617.2,0
4617.3,0
4617.4,0
4617.5,0
4617.6,0
4617.7,0
4617.8,0
4617.9,0
4618,0
4618.1,0
4618.2,0
4618.3,0
4618.4,0
4618.5,0
4618.6,0
4618.7,0
4618.8,0
4618.9,0
4619,0
4619.1,0
4619.2,0
4619.3,0
4619.4,0
4619.5,0
4619.6,0
4619.7,0
4619.8,0
4619.9,0
4620,0
4620.1,0
4620.2,0
4620.3,0
4620.4,0
4620.5,0
4620.6,0
4620.7,0
4620.8,0
4620.9,0
4621,0
4621.1,0
4621.2,0
4621.3,0
4621.4,0
4621.5,0
4621.6,0
4621.7,0
4621.8,0
4621.9,0
4622,0
4622.1,0
4622.2,0
4622.3,0
4622.4,0
4622.5,0
4622.6,0
4622.7,0
4622.8,0
4622.9,0
4623,0
4623.1,0
4623.2,0
4623.3,0
4623.4,0
4623.5,0
4623.6,0
4623.7,0
4623.8,0
4623.9,0
4624,0
4624.1,0
4624.2,0
4624.3,0
4624.4,0
4624.5,0
4624.6,0
4624.7,0
4624.8,0
4624.9,0
4625,0
4625.1,0
4625.2,0
4625.3,0
4625.4,0
4625.5,0
4625.6,0
4625.7,0
4625.8,0
4625.9,0
4626,0
4626.1,0
4626.2,0
4626.3,0
4626.4,0
4626.5,0
4626.6,0
4626.7,0
4626.8,0
4626.9,0
4627,0
4627.1,0
4627.2,0
4627.3,0
4627.4,0
4627.5,0
4627.6,0
4627.7,0
4627.8,0
4627.9,0
4628,0
4628.1,0
4628.2,0
4628.3,0
4628.4,0
4628.5,0
4628.6,0
4628.7,0
4628.8,0
4628.9,0
4629,0
4629.1,0
4629.2,0
4629.3,0
4629.4,0
4629.5,0
4629.6,0
4629.7,0
4629.8,0
4629.9,0
4630,0
4630.1,0
4630.2,0
4630.3,0
4630.4,0
4630.5,0
4630.6,0
4630.7,0
4630.8,0
4630.9,0
4631,0
4631.1,0
4631.2,0
4631.3,0
4631.4,0
4631.5,0
4631.6,0
4631.7,0
4631.8,0
4631.9,0
4632,0
4632.1,0
4632.2,0
4632.3,0
4632.4,0
4632.5,0
4632.6,0
4632.7,0
4632.8,0
4632.9,0
4633,0
4633.1,0
4633.2,0
4633.3,0
4633.4,0
4633.5,0
4633.6,0
4633.7,0
4633.8,0
4633.9,0
4634,0
4634.1,0
4634.2,0
4634.3,0
4634.4,0
4634.5,0
4634.6,0
4634.7,0
4634.8,0
4634.9,0
4635,0
4635.1,0
4635.2,0
4635.3,0
4635.4,0
4635.5,0
4635.6,0
4635.7,0
4635.8,0
4635.9,0
4636,0
4636.1,0
4636.2,0
4636.3,0
4636.4,0
4636.5,0
4636.6,0
4636.7,0
4636.8,0
4636.9,0
4637,0
4637.1,0
4637.2,0
4637.3,0
4637.4,0
4637.5,0
4637.6,0
4637.7,0
4637.8,0
4637.9,0
4638,0
4638.1,0
4638.2,0
4638.3,0
4638.4,0
4638.5,0
4638.6,0
4638.7,0
4638.8,0
4638.9,0
4639,0
4639.1,0
4639.2,0
4639.3,0
4639.4,0
4639.5,0
4639.6,0
4639.7,0
4639.8,0
4639.9,0
4640,0
4640.1,0
4640.2,0
4640.3,0
4640.4,0
4640.5,0
4640.6,0
4640.7,0
4640.8,0
4640.9,0
4641,0
4641.1,0
4641.2,0
4641.3,0
4641.4,0
4641.5,0
4641.6,0
4641.7,0
4641.8,0
4641.9,0
4642,0
4642.1,0
4642.2,0
4642.3,0
4642.4,0
4642.5,0
4642.6,0
4642.7,0
4642.8,0
4642.9,0
4643,0
4643.1,0
4643.2,0
4643.3,0
4643.4,0
4643.5,0
4643.6,0
4643.7,0
4643.8,0
4643.9,0
4644,0
4644.1,0
4644.2,0
4644.3,0
4644.4,0
4644.5,0
4644.6,0
4644.7,0
4644.8,0
4644.9,0
4645,0
4645.1,0
4645.2,0
4645.3,0
4645.4,0
4645.5,0
4645.6,0
4645.7,0
4645.8,0
4645.9,0
4646,0
4646.1,0
4646.2,0
4646.3,0
4646.4,0
4646.5,0
4646.6,0
4646.7,0
4646.8,0
4646.9,0
4647,0
4647.1,0
4647.2,0
4647.3,0
4647.4,0
4647.5,0
4647.6,0
4647.7,0
4647.8,0
4647.9,0
4648,0
4648.1,0
4648.2,0
4648.3,0
4648.4,0
4648.5,0
4648.6,0
4648.7,0
4648.8,0
4648.9,0
4649,0
4649.1,0
4649.2,0
4649.3,0
4649.4,0
4649.5,0
4649.6,0
4649.7,0
4649.8,0
4649.9,0
4650,0
4650.1,0
4650.2,0
4650.3,0
4650.4,0
4650.5,0
4650.6,0
4650.7,0
4650.8,0
4650.9,0
4651,0
4651.1,0
4651.2,0
4651.3,0
4651.4,0
4651.5,0
4651.6,0
4651.7,0
4651.8,0
4651.9,0
4652,0
4652.1,0
4652.2,0
4652.3,0
4652.4,0
4652.5,0
4652.6,0
4652.7,0
4652.8,0
4652.9,0
4653,0
4653.1,0
4653.2,0
4653.3,0
4653.4,0
4653.5,0
4653.6,0
4653.7,0
4653.8,0
4653.9,0
4654,0
4654.1,0
4654.2,0
4654.3,0
4654.4,0
4654.5,0
4654.6,0
4654.7,0
4654.8,0
4654.9,0
4655,0
4655.1,0
4655.2,0
4655.3,0
4655.4,0
4655.5,0
4655.6,0
4655.7,0
4655.8,0
4655.9,0
4656,0
4656.1,0
4656.2,0
4656.3,0
4656.4,0
4656.5,0
4656.6,0
4656.7,0
4656.8,0
4656.9,0
4657,0
4657.1,0
4657.2,0
4657.3,0
4657.4,0
4657.5,0
4657.6,0
4657.7,0
4657.8,0
4657.9,0
4658,0
4658.1,0
4658.2,0
4658.3,0
4658.4,0
4658.5,0
4658.6,0
4658.7,0
4658.8,0
4658.9,0
4659,0
4659.1,0
4659.2,0
4659.3,0
4659.4,0
4659.5,0
4659.6,0
4659.7,0
4659.8,0
4659.9,0
4660,0
4660.1,0
4660.2,0
4660.3,0
4660.4,0
4660.5,0
4660.6,0
4660.7,0
4660.8,0
4660.9,0
4661,0
4661.1,0
4661.2,0
4661.3,0
4661.4,0
4661.5,0
4661.6,0
4661.7,0
4661.8,0
4661.9,0
4662,0
4662.1,0
4662.2,0
4662.3,0
4662.4,0
4662.5,0
4662.6,0
4662.7,0
4662.8,0
4662.9,0
4663,0
4663.1,0
4663.2,0
4663.3,0
4663.4,0
4663.5,0
4663.6,0
4663.7,0
4663.8,0
4663.9,0
4664,0
4664.1,0
4664.2,0
4664.3,0
4664.4,0
4664.5,0
4664.6,0
4664.7,0
4664.8,0
4664.9,0
4665,0
4665.1,0
4665.2,0
4665.3,0
4665.4,0
4665.5,0
4665.6,0
4665.7,0
4665.8,0
4665.9,0
4666,0
4666.1,0
4666.2,0
4666.3,0
4666.4,0
4666.5,0
4666.6,0
4666.7,0
4666.8,0
4666.9,0
4667,0
4667.1,0
4667.2,0
4667.3,0
4667.4,0
4667.5,0
4667.6,0
4667.7,0
4667.8,0
4667.9,0
4668,0
4668.1,0
4668.2,0
4668.3,0
4668.4,0
4668.5,0
4668.6,0
4668.7,0
4668.8,0
4668.9,0
4669,0
4669.1,0
4669.2,0
4669.3,0
4669.4,0
4669.5,0
4669.6,0
4669.7,0
4669.8,0
4669.9,0
4670,0
4670.1,0
4670.2,0
4670.3,0
4670.4,0
4670.5,0
4670.6,0
4670.7,0
4670.8,0
4670.9,0
4671,0
4671.1,0
4671.2,0
4671.3,0
4671.4,0
4671.5,0
4671.6,0
4671.7,0
4671.8,0
4671.9,0
4672,0
4672.1,0
4672.2,0
4672.3,0
4672.4,0
4672.5,0
4672.6,0
4672.7,0
4672.8,0
4672.9,0
4673,0
4673.1,0
4673.2,0
4673.3,0
4673.4,0
4673.5,0
4673.6,0
4673.7,0
4673.8,0
4673.9,0
4674,0
4674.1,0
4674.2,0
4674.3,0
4674.4,0
4674.5,0
4674.6,0
4674.7,0
4674.8,0
4674.9,0
4675,0
4675.1,0
4675.2,0
4675.3,0
4675.4,0
4675.5,0
4675.6,0
4675.7,0
4675.8,0
4675.9,0
4676,0
4676.1,0
4676.2,0
4676.3,0
4676.4,0
4676.5,0
4676.6,0
4676.7,0
4676.8,0
4676.9,0
4677,0
4677.1,0
4677.2,0
4677.3,0
4677.4,0
4677.5,0
4677.6,0
4677.7,0
4677.8,0
4677.9,0
4678,0
4678.1,0
4678.2,0
4678.3,0
4678.4,0
4678.5,0
4678.6,0
4678.7,0
4678.8,0
4678.9,0
4679,0
4679.1,0
4679.2,0
4679.3,0
4679.4,0
4679.5,0
4679.6,0
4679.7,0
4679.8,0
4679.9,0
4680,0
4680.1,0
4680.2,0
4680.3,0
4680.4,0
4680.5,0
4680.6,0
4680.7,0
4680.8,0
4680.9,0
4681,0
4681.1,0
4681.2,0
4681.3,0
4681.4,0
4681.5,0
4681.6,0
4681.7,0
4681.8,0
4681.9,0
4682,0
4682.1,0
4682.2,0
4682.3,0
4682.4,0
4682.5,0
4682.6,0
4682.7,0
4682.8,0
4682.9,0
4683,0
4683.1,0
4683.2,0
4683.3,0
4683.4,0
4683.5,0
4683.6,0
4683.7,0
4683.8,0
4683.9,0
4684,0
4684.1,0
4684.2,0
4684.3,0
4684.4,0
4684.5,0
4684.6,0
4684.7,0
4684.8,0
4684.9,0
4685,0
4685.1,0
4685.2,0
4685.3,0
4685.4,0
4685.5,0
4685.6,0
4685.7,0
4685.8,0
4685.9,0
4686,0
4686.1,0
4686.2,0
4686.3,0
4686.4,0
4686.5,0
4686.6,0
4686.7,0
4686.8,0
4686.9,0
4687,0
4687.1,0
4687.2,0
4687.3,0
4687.4,0
4687.5,0
4687.6,0
4687.7,0
4687.8,0
4687.9,0
4688,0
4688.1,0
4688.2,0
4688.3,0
4688.4,0
4688.5,0
4688.6,0
4688.7,0
4688.8,0
4688.9,0
4689,0
4689.1,0
4689.2,0
4689.3,0
4689.4,0
4689.5,0
4689.6,0
4689.7,0
4689.8,0
4689.9,0
4690,0
4690.1,0
4690.2,0
4690.3,0
4690.4,0
4690.5,0
4690.6,0
4690.7,0
4690.8,0
4690.9,0
4691,0
4691.1,0
4691.2,0
4691.3,0
4691.4,0
4691.5,0
4691.6,0
4691.7,0
4691.8,0
4691.9,0
4692,0
4692.1,0
4692.2,0
4692.3,0
4692.4,0
4692.5,0
4692.6,0
4692.7,0
4692.8,0
4692.9,0
4693,0
4693.1,0
4693.2,0
4693.3,0
4693.4,0
4693.5,0
4693.6,0
4693.7,0
4693.8,0
4693.9,0
4694,0
4694.1,0
4694.2,0
4694.3,0
4694.4,0
4694.5,0
4694.6,0
4694.7,0
4694.8,0
4694.9,0
4695,0
4695.1,0
4695.2,0
4695.3,0
4695.4,0
4695.5,0
4695.6,0
4695.7,0
4695.8,0
4695.9,0
4696,0
4696.1,0
4696.2,0
4696.3,0
4696.4,0
4696.5,0
4696.6,0
4696.7,0
4696.8,0
4696.9,0
4697,0
4697.1,0
4697.2,0
4697.3,0
4697.4,0
4697.5,0
4697.6,0
4697.7,0
4697.8,0
4697.9,0
4698,0
4698.1,0
4698.2,0
4698.3,0
4698.4,0
4698.5,0
4698.6,0
4698.7,0
4698.8,0
4698.9,0
4699,0
4699.1,0
4699.2,0
4699.3,0
4699.4,0
4699.5,0
4699.6,0
4699.7,0
4699.8,0
4699.9,0
4700,0
4700.1,0
4700.2,0
4700.3,0
4700.4,0
4700.5,0
4700.6,0
4700.7,0
4700.8,0
4700.9,0
4701,0
4701.1,0
4701.2,0
4701.3,0
4701.4,0
4701.5,0
4701.6,0
4701.7,0
4701.8,0
4701.9,0
4702,0
4702.1,0
4702.2,0
4702.3,0
4702.4,0
4702.5,0
4702.6,0
4702.7,0
4702.8,0
4702.9,0
4703,0
4703.1,0
4703.2,0
4703.3,0
4703.4,0
4703.5,0
4703.6,0
4703.7,0
4703.8,0
4703.9,0
4704,0
4704.1,0
4704.2,0
4704.3,0
4704.4,0
4704.5,0
4704.6,0
4704.7,0
4704.8,0
4704.9,0
4705,0
4705.1,0
4705.2,0
4705.3,0
4705.4,0
4705.5,0
4705.6,0
4705.7,0
4705.8,0
4705.9,0
4706,0
4706.1,0
4706.2,0
4706.3,0
4706.4,0
4706.5,0
4706.6,0
4706.7,0
4706.8,0
4706.9,0
4707,0
4707.1,0
4707.2,0
4707.3,0
4707.4,0
4707.5,0
4707.6,0
4707.7,0
4707.8,0
4707.9,0
4708,0
4708.1,0
4708.2,0
4708.3,0
4708.4,0
4708.5,0
4708.6,0
4708.7,0
4708.8,0
4708.9,0
4709,0
4709.1,0
4709.2,0
4709.3,0
4709.4,0
4709.5,0
4709.6,0
4709.7,0
4709.8,0
4709.9,0
4710,0
4710.1,0
4710.2,0
4710.3,0
4710.4,0
4710.5,0
4710.6,0
4710.7,0
4710.8,0
4710.9,0
4711,0
4711.1,0
4711.2,0
4711.3,0
4711.4,0
4711.5,0
4711.6,0
4711.7,0
4711.8,0
4711.9,0
4712,0
4712.1,0
4712.2,0
4712.3,0
4712.4,0
4712.5,0
4712.6,0
4712.7,0
4712.8,0
4712.9,0
4713,0
4713.1,0
4713.2,0
4713.3,0
4713.4,0
4713.5,0
4713.6,0
4713.7,0
4713.8,0
4713.9,0
4714,0
4714.1,0
4714.2,0
4714.3,0
4714.4,0
4714.5,0
4714.6,0
4714.7,0
4714.8,0
4714.9,0
4715,0
4715.1,0
4715.2,0
4715.3,0
4715.4,0
4715.5,0
4715.6,0
4715.7,0
4715.8,0
4715.9,0
4716,0
4716.1,0
4716.2,0
4716.3,0
4716.4,0
4716.5,0
4716.6,0
4716.7,0
4716.8,0
4716.9,0
4717,0
4717.1,0
4717.2,0
4717.3,0
4717.4,0
4717.5,0
4717.6,0
4717.7,0
4717.8,0
4717.9,0
4718,0
4718.1,0
4718.2,0
4718.3,0
4718.4,0
4718.5,0
4718.6,0
4718.7,0
4718.8,0
4718.9,0
4719,0
4719.1,0
4719.2,0
4719.3,0
4719.4,0
4719.5,0
4719.6,0
4719.7,0
4719.8,0
4719.9,0
4720,0
4720.1,0
4720.2,0
4720.3,0
4720.4,0
4720.5,0
4720.6,0
4720.7,0
4720.8,0
4720.9,0
4721,0
4721.1,0
4721.2,0
4721.3,0
4721.4,0
4721.5,0
4721.6,0
4721.7,0
4721.8,0
4721.9,0
4722,0
4722.1,0
4722.2,0
4722.3,0
4722.4,0
4722.5,0
4722.6,0
4722.7,0
4722.8,0
4722.9,0
4723,0
4723.1,0
4723.2,0
4723.3,0
4723.4,0
4723.5,0
4723.6,0
4723.7,0
4723.8,0
4723.9,0
4724,0
4724.1,0
4724.2,0
4724.3,0
4724.4,0
4724.5,0
4724.6,0
4724.7,0
4724.8,0
4724.9,0
4725,0
4725.1,0
4725.2,0
4725.3,0
4725.4,0
4725.5,0
4725.6,0
4725.7,0
4725.8,0
4725.9,0
4726,0
4726.1,0
4726.2,0
4726.3,0
4726.4,0
4726.5,0
4726.6,0
4726.7,0
4726.8,0
4726.9,0
4727,0
4727.1,0
4727.2,0
4727.3,0
4727.4,0
4727.5,0
4727.6,0
4727.7,0
4727.8,0
4727.9,0
4728,0
4728.1,0
4728.2,0
4728.3,0
4728.4,0
4728.5,0
4728.6,0
4728.7,0
4728.8,0
4728.9,0
4729,0
4729.1,0
4729.2,0
4729.3,0
4729.4,0
4729.5,0
4729.6,0
4729.7,0
4729.8,0
4729.9,0
4730,0
4730.1,0
4730.2,0
4730.3,0
4730.4,0
4730.5,0
4730.6,0
4730.7,0
4730.8,0
4730.9,0
4731,0
4731.1,0
4731.2,0
4731.3,0
4731.4,0
4731.5,0
4731.6,0
4731.7,0
4731.8,0
4731.9,0
4732,0
4732.1,0
4732.2,0
4732.3,0
4732.4,0
4732.5,0
4732.6,0
4732.7,0
4732.8,0
4732.9,0
4733,0
4733.1,0
4733.2,0
4733.3,0
4733.4,0
4733.5,0
4733.6,0
4733.7,0
4733.8,0
4733.9,0
4734,0
4734.1,0
4734.2,0
4734.3,0
4734.4,0
4734.5,0
4734.6,0
4734.7,0
4734.8,0
4734.9,0
4735,0
4735.1,0
4735.2,0
4735.3,0
4735.4,0
4735.5,0
4735.6,0
4735.7,0
4735.8,0
4735.9,0
4736,0
4736.1,0
4736.2,0
4736.3,0
4736.4,0
4736.5,0
4736.6,0
4736.7,0
4736.8,0
4736.9,0
4737,0
4737.1,0
4737.2,0
4737.3,0
4737.4,0
4737.5,0
4737.6,0
4737.7,0
4737.8,0
4737.9,0
4738,0
4738.1,0
4738.2,0
4738.3,0
4738.4,0
4738.5,0
4738.6,0
4738.7,0
4738.8,0
4738.9,0
4739,0
4739.1,0
4739.2,0
4739.3,0
4739.4,0
4739.5,0
4739.6,0
4739.7,0
4739.8,0
4739.9,0
4740,0
4740.1,0
4740.2,0
4740.3,0
4740.4,0
4740.5,0
4740.6,0
4740.7,0
4740.8,0
4740.9,0
4741,0
4741.1,0
4741.2,0
4741.3,0
4741.4,0
4741.5,0
4741.6,0
4741.7,0
4741.8,0
4741.9,0
4742,0
4742.1,0
4742.2,0
4742.3,0
4742.4,0
4742.5,0
4742.6,0
4742.7,0
4742.8,0
4742.9,0
4743,0
4743.1,0
4743.2,0
4743.3,0
4743.4,0
4743.5,0
4743.6,0
4743.7,0
4743.8,0
4743.9,0
4744,0
4744.1,0
4744.2,0
4744.3,0
4744.4,0
4744.5,0
4744.6,0
4744.7,0
4744.8,0
4744.9,0
4745,0
4745.1,0
4745.2,0
4745.3,0
4745.4,0
4745.5,0
4745.6,0
4745.7,0
4745.8,0
4745.9,0
4746,0
4746.1,0
4746.2,0
4746.3,0
4746.4,0
4746.5,0
4746.6,0
4746.7,0
4746.8,0
4746.9,0
4747,0
4747.1,0
4747.2,0
4747.3,0
4747.4,0
4747.5,0
4747.6,0
4747.7,0
4747.8,0
4747.9,0
4748,0
4748.1,0
4748.2,0
4748.3,0
4748.4,0
4748.5,0
4748.6,0
4748.7,0
4748.8,0
4748.9,0
4749,0
4749.1,0
4749.2,0
4749.3,0
4749.4,0
4749.5,0
4749.6,0
4749.7,0
4749.8,0
4749.9,0
4750,0
4750.1,0
4750.2,0
4750.3,0
4750.4,0
4750.5,0
4750.6,0
4750.7,0
4750.8,0
4750.9,0
4751,0
4751.1,0
4751.2,0
4751.3,0
4751.4,0
4751.5,0
4751.6,0
4751.7,0
4751.8,0
4751.9,0
4752,0
4752.1,0
4752.2,0
4752.3,0
4752.4,0
4752.5,0
4752.6,0
4752.7,0
4752.8,0
4752.9,0
4753,0
4753.1,0
4753.2,0
4753.3,0
4753.4,0
4753.5,0
4753.6,0
4753.7,0
4753.8,0
4753.9,0
4754,0
4754.1,0
4754.2,0
4754.3,0
4754.4,0
4754.5,0
4754.6,0
4754.7,0
4754.8,0
4754.9,0
4755,0
4755.1,0
4755.2,0
4755.3,0
4755.4,0
4755.5,0
4755.6,0
4755.7,0
4755.8,0
4755.9,0
4756,0
4756.1,0
4756.2,0
4756.3,0
4756.4,0
4756.5,0
4756.6,0
4756.7,0
4756.8,0
4756.9,0
4757,0
4757.1,0
4757.2,0
4757.3,0
4757.4,0
4757.5,0
4757.6,0
4757.7,0
4757.8,0
4757.9,0
4758,0
4758.1,0
4758.2,0
4758.3,0
4758.4,0
4758.5,0
4758.6,0
4758.7,0
4758.8,0
4758.9,0
4759,0
4759.1,0
4759.2,0
4759.3,0
4759.4,0
4759.5,0
4759.6,0
4759.7,0
4759.8,0
4759.9,0
4760,0
4760.1,0
4760.2,0
4760.3,0
4760.4,0
4760.5,0
4760.6,0
4760.7,0
4760.8,0
4760.9,0
4761,0
4761.1,0
4761.2,0
4761.3,0
4761.4,0
4761.5,0
4761.6,0
4761.7,0
4761.8,0
4761.9,0
4762,0
4762.1,0
4762.2,0
4762.3,0
4762.4,0
4762.5,0
4762.6,0
4762.7,0
4762.8,0
4762.9,0
4763,0
4763.1,0
4763.2,0
4763.3,0
4763.4,0
4763.5,0
4763.6,0
4763.7,0
4763.8,0
4763.9,0
4764,0
4764.1,0
4764.2,0
4764.3,0
4764.4,0
4764.5,0
4764.6,0
4764.7,0
4764.8,0
4764.9,0
4765,0
4765.1,0
4765.2,0
4765.3,0
4765.4,0
4765.5,0
4765.6,0
4765.7,0
4765.8,0
4765.9,0
4766,0
4766.1,0
4766.2,0
4766.3,0
4766.4,0
4766.5,0
4766.6,0
4766.7,0
4766.8,0
4766.9,0
4767,0
4767.1,0
4767.2,0
4767.3,0
4767.4,0
4767.5,0
4767.6,0
4767.7,0
4767.8,0
4767.9,0
4768,0
4768.1,0
4768.2,0
4768.3,0
4768.4,0
4768.5,0
4768.6,0
4768.7,0
4768.8,0
4768.9,0
4769,0
4769.1,0
4769.2,0
4769.3,0
4769.4,0
4769.5,0
4769.6,0
4769.7,0
4769.8,0
4769.9,0
4770,0
4770.1,0
4770.2,0
4770.3,0
4770.4,0
4770.5,0
4770.6,0
4770.7,0
4770.8,0
4770.9,0
4771,0
4771.1,0
4771.2,0
4771.3,0
4771.4,0
4771.5,0
4771.6,0
4771.7,0
4771.8,0
4771.9,0
4772,0
4772.1,0
4772.2,0
4772.3,0
4772.4,0
4772.5,0
4772.6,0
4772.7,0
4772.8,0
4772.9,0
4773,0
4773.1,0
4773.2,0
4773.3,0
4773.4,0
4773.5,0
4773.6,0
4773.7,0
4773.8,0
4773.9,0
4774,0
4774.1,0
4774.2,0
4774.3,0
4774.4,0
4774.5,0
4774.6,0
4774.7,0
4774.8,0
4774.9,0
4775,0
4775.1,0
4775.2,0
4775.3,0
4775.4,0
4775.5,0
4775.6,0
4775.7,0
4775.8,0
4775.9,0
4776,0
4776.1,0
4776.2,0
4776.3,0
4776.4,0
4776.5,0
4776.6,0
4776.7,0
4776.8,0
4776.9,0
4777,0
4777.1,0
4777.2,0
4777.3,0
4777.4,0
4777.5,0
4777.6,0
4777.7,0
4777.8,0
4777.9,0
4778,0
4778.1,0
4778.2,0
4778.3,0
4778.4,0
4778.5,0
4778.6,0
4778.7,0
4778.8,0
4778.9,0
4779,0
4779.1,0
4779.2,0
4779.3,0
4779.4,0
4779.5,0
4779.6,0
4779.7,0
4779.8,0
4779.9,0
4780,0
4780.1,0
4780.2,0
4780.3,0
4780.4,0
4780.5,0
4780.6,0
4780.7,0
4780.8,0
4780.9,0
4781,0
4781.1,0
4781.2,0
4781.3,0
4781.4,0
4781.5,0
4781.6,0
4781.7,0
4781.8,0
4781.9,0
4782,0
4782.1,0
4782.2,0
4782.3,0
4782.4,0
4782.5,0
4782.6,0
4782.7,0
4782.8,0
4782.9,0
4783,0
4783.1,0
4783.2,0
4783.3,0
4783.4,0
4783.5,0
4783.6,0
4783.7,0
4783.8,0
4783.9,0
4784,0
4784.1,0
4784.2,0
4784.3,0
4784.4,0
4784.5,0
4784.6,0
4784.7,0
4784.8,0
4784.9,0
4785,0
4785.1,0
4785.2,0
4785.3,0
4785.4,0
4785.5,0
4785.6,0
4785.7,0
4785.8,0
4785.9,0
4786,0
4786.1,0
4786.2,0
4786.3,0
4786.4,0
4786.5,0
4786.6,0
4786.7,0
4786.8,0
4786.9,0
4787,0
4787.1,0
4787.2,0
4787.3,0
4787.4,0
4787.5,0
4787.6,0
4787.7,0
4787.8,0
4787.9,0
4788,0
4788.1,0
4788.2,0
4788.3,0
4788.4,0
4788.5,0
4788.6,0
4788.7,0
4788.8,0
4788.9,0
4789,0
4789.1,0
4789.2,0
4789.3,0
4789.4,0
4789.5,0
4789.6,0
4789.7,0
4789.8,0
4789.9,0
4790,0
4790.1,0
4790.2,0
4790.3,0
4790.4,0
4790.5,0
4790.6,0
4790.7,0
4790.8,0
4790.9,0
4791,0
4791.1,0
4791.2,0
4791.3,0
4791.4,0
4791.5,0
4791.6,0
4791.7,0
4791.8,0
4791.9,0
4792,0
4792.1,0
4792.2,0
4792.3,0
4792.4,0
4792.5,0
4792.6,0
4792.7,0
4792.8,0
4792.9,0
4793,0
4793.1,0
4793.2,0
4793.3,0
4793.4,0
4793.5,0
4793.6,0
4793.7,0
4793.8,0
4793.9,0
4794,0
4794.1,0
4794.2,0
4794.3,0
4794.4,0
4794.5,0
4794.6,0
4794.7,0
4794.8,0
4794.9,0
4795,0
4795.1,0
4795.2,0
4795.3,0
4795.4,0
4795.5,0
4795.6,0
4795.7,0
4795.8,0
4795.9,0
4796,0
4796.1,0
4796.2,0
4796.3,0
4796.4,0
4796.5,0
4796.6,0
4796.7,0
4796.8,0
4796.9,0
4797,0
4797.1,0
4797.2,0
4797.3,0
4797.4,0
4797.5,0
4797.6,0
4797.7,0
4797.8,0
4797.9,0
4798,0
4798.1,0
4798.2,0
4798.3,0
4798.4,0
4798.5,0
4798.6,0
4798.7,0
4798.8,0
4798.9,0
4799,0
4799.1,0
4799.2,0
4799.3,0
4799.4,0
4799.5,0
4799.6,0
4799.7,0
4799.8,0
4799.9,0
4800,0
4800.1,0
4800.2,0
4800.3,0
4800.4,0
4800.5,0
4800.6,0
4800.7,0
4800.8,0
4800.9,0
4801,0
4801.1,0
4801.2,0
4801.3,0
4801.4,0
4801.5,0
4801.6,0
4801.7,0
4801.8,0
4801.9,0
4802,0
4802.1,0
4802.2,0
4802.3,0
4802.4,0
4802.5,0
4802.6,0
4802.7,0
4802.8,0
4802.9,0
4803,0
4803.1,0
4803.2,0
4803.3,0
4803.4,0
4803.5,0
4803.6,0
4803.7,0
4803.8,0
4803.9,0
4804,0
4804.1,0
4804.2,0
4804.3,0
4804.4,0
4804.5,0
4804.6,0
4804.7,0
4804.8,0
4804.9,0
4805,0
4805.1,0
4805.2,0
4805.3,0
4805.4,0
4805.5,0
4805.6,0
4805.7,0
4805.8,0
4805.9,0
4806,0
4806.1,0
4806.2,0
4806.3,0
4806.4,0
4806.5,0
4806.6,0
4806.7,0
4806.8,0
4806.9,0
4807,0
4807.1,0
4807.2,0
4807.3,0
4807.4,0
4807.5,0
4807.6,0
4807.7,0
4807.8,0
4807.9,0
4808,0
4808.1,0
4808.2,0
4808.3,0
4808.4,0
4808.5,0
4808.6,0
4808.7,0
4808.8,0
4808.9,0
4809,0
4809.1,0
4809.2,0
4809.3,0
4809.4,0
4809.5,0
4809.6,0
4809.7,0
4809.8,0
4809.9,0
4810,0
4810.1,0
4810.2,0
4810.3,0
4810.4,0
4810.5,0
4810.6,0
4810.7,0
4810.8,0
4810.9,0
4811,0
4811.1,0
4811.2,0
4811.3,0
4811.4,0
4811.5,0
4811.6,0
4811.7,0
4811.8,0
4811.9,0
4812,0
4812.1,0
4812.2,0
4812.3,0
4812.4,0
4812.5,0
4812.6,0
4812.7,0
4812.8,0
4812.9,0
4813,0
4813.1,0
4813.2,0
4813.3,0
4813.4,0
4813.5,0
4813.6,0
4813.7,0
4813.8,0
4813.9,0
4814,0
4814.1,0
4814.2,0
4814.3,0
4814.4,0
4814.5,0
4814.6,0
4814.7,0
4814.8,0
4814.9,0
4815,0
4815.1,0
4815.2,0
4815.3,0
4815.4,0
4815.5,0
4815.6,0
4815.7,0
4815.8,0
4815.9,0
4816,0
4816.1,0
4816.2,0
4816.3,0
4816.4,0
4816.5,0
4816.6,0
4816.7,0
4816.8,0
4816.9,0
4817,0
4817.1,0
4817.2,0
4817.3,0
4817.4,0
4817.5,0
4817.6,0
4817.7,0
4817.8,0
4817.9,0
4818,0
4818.1,0
4818.2,0
4818.3,0
4818.4,0
4818.5,0
4818.6,0
4818.7,0
4818.8,0
4818.9,0
4819,0
4819.1,0
4819.2,0
4819.3,0
4819.4,0
4819.5,0
4819.6,0
4819.7,0
4819.8,0
4819.9,0
4820,0
4820.1,0
4820.2,0
4820.3,0
4820.4,0
4820.5,0
4820.6,0
4820.7,0
4820.8,0
4820.9,0
4821,0
4821.1,0
4821.2,0
4821.3,0
4821.4,0
4821.5,0
4821.6,0
4821.7,0
4821.8,0
4821.9,0
4822,0
4822.1,0
4822.2,0
4822.3,0
4822.4,0
4822.5,0
4822.6,0
4822.7,0
4822.8,0
4822.9,0
4823,0
4823.1,0
4823.2,0
4823.3,0
4823.4,0
4823.5,0
4823.6,0
4823.7,0
4823.8,0
4823.9,0
4824,0
4824.1,0
4824.2,0
4824.3,0
4824.4,0
4824.5,0
4824.6,0
4824.7,0
4824.8,0
4824.9,0
4825,0
4825.1,0
4825.2,0
4825.3,0
4825.4,0
4825.5,0
4825.6,0
4825.7,0
4825.8,0
4825.9,0
4826,0
4826.1,0
4826.2,0
4826.3,0
4826.4,0
4826.5,0
4826.6,0
4826.7,0
4826.8,0
4826.9,0
4827,0
4827.1,0
4827.2,0
4827.3,0
4827.4,0
4827.5,0
4827.6,0
4827.7,0
4827.8,0
4827.9,0
4828,0
4828.1,0
4828.2,0
4828.3,0
4828.4,0
4828.5,0
4828.6,0
4828.7,0
4828.8,0
4828.9,0
4829,0
4829.1,0
4829.2,0
4829.3,0
4829.4,0
4829.5,0
4829.6,0
4829.7,0
4829.8,0
4829.9,0
4830,0
4830.1,0
4830.2,0
4830.3,0
4830.4,0
4830.5,0
4830.6,0
4830.7,0
4830.8,0
4830.9,0
4831,0
4831.1,0
4831.2,0
4831.3,0
4831.4,0
4831.5,0
4831.6,0
4831.7,0
4831.8,0
4831.9,0
4832,0
4832.1,0
4832.2,0
4832.3,0
4832.4,0
4832.5,0
4832.6,0
4832.7,0
4832.8,0
4832.9,0
4833,0
4833.1,0
4833.2,0
4833.3,0
4833.4,0
4833.5,0
4833.6,0
4833.7,0
4833.8,0
4833.9,0
4834,0
4834.1,0
4834.2,0
4834.3,0
4834.4,0
4834.5,0
4834.6,0
4834.7,0
4834.8,0
4834.9,0
4835,0
4835.1,0
4835.2,0
4835.3,0
4835.4,0
4835.5,0
4835.6,0
4835.7,0
4835.8,0
4835.9,0
4836,0
4836.1,0
4836.2,0
4836.3,0
4836.4,0
4836.5,0
4836.6,0
4836.7,0
4836.8,0
4836.9,0
4837,0
4837.1,0
4837.2,0
4837.3,0
4837.4,0
4837.5,0
4837.6,0
4837.7,0
4837.8,0
4837.9,0
4838,0
4838.1,0
4838.2,0
4838.3,0
4838.4,0
4838.5,0
4838.6,0
4838.7,0
4838.8,0
4838.9,0
4839,0
4839.1,0
4839.2,0
4839.3,0
4839.4,0
4839.5,0
4839.6,0
4839.7,0
4839.8,0
4839.9,0
4840,0
4840.1,0
4840.2,0
4840.3,0
4840.4,0
4840.5,0
4840.6,0
4840.7,0
4840.8,0
4840.9,0
4841,0
4841.1,0
4841.2,0
4841.3,0
4841.4,0
4841.5,0
4841.6,0
4841.7,0
4841.8,0
4841.9,0
4842,0
4842.1,0
4842.2,0
4842.3,0
4842.4,0
4842.5,0
4842.6,0
4842.7,0
4842.8,0
4842.9,0
4843,0
4843.1,0
4843.2,0
4843.3,0
4843.4,0
4843.5,0
4843.6,0
4843.7,0
4843.8,0
4843.9,0
4844,0
4844.1,0
4844.2,0
4844.3,0
4844.4,0
4844.5,0
4844.6,0
4844.7,0
4844.8,0
4844.9,0
4845,0
4845.1,0
4845.2,0
4845.3,0
4845.4,0
4845.5,0
4845.6,0
4845.7,0
4845.8,0
4845.9,0
4846,0
4846.1,0
4846.2,0
4846.3,0
4846.4,0
4846.5,0
4846.6,0
4846.7,0
4846.8,0
4846.9,0
4847,0
4847.1,0
4847.2,0
4847.3,0
4847.4,0
4847.5,0
4847.6,0
4847.7,0
4847.8,0
4847.9,0
4848,0
4848.1,0
4848.2,0
4848.3,0
4848.4,0
4848.5,0
4848.6,0
4848.7,0
4848.8,0
4848.9,0
4849,0
4849.1,0
4849.2,0
4849.3,0
4849.4,0
4849.5,0
4849.6,0
4849.7,0
4849.8,0
4849.9,0
4850,0
4850.1,0
4850.2,0
4850.3,0
4850.4,0
4850.5,0
4850.6,0
4850.7,0
4850.8,0
4850.9,0
4851,0
4851.1,0
4851.2,0
4851.3,0
4851.4,0
4851.5,0
4851.6,0
4851.7,0
4851.8,0
4851.9,0
4852,0
4852.1,0
4852.2,0
4852.3,0
4852.4,0
4852.5,0
4852.6,0
4852.7,0
4852.8,0
4852.9,0
4853,0
4853.1,0
4853.2,0
4853.3,0
4853.4,0
4853.5,0
4853.6,0
4853.7,0
4853.8,0
4853.9,0
4854,0
4854.1,0
4854.2,0
4854.3,0
4854.4,0
4854.5,0
4854.6,0
4854.7,0
4854.8,0
4854.9,0
4855,0
4855.1,0
4855.2,0
4855.3,0
4855.4,0
4855.5,0
4855.6,0
4855.7,0
4855.8,0
4855.9,0
4856,0
4856.1,0
4856.2,0
4856.3,0
4856.4,0
4856.5,0
4856.6,0
4856.7,0
4856.8,0
4856.9,0
4857,0
4857.1,0
4857.2,0
4857.3,0
4857.4,0
4857.5,0
4857.6,0
4857.7,0
4857.8,0
4857.9,0
4858,0
4858.1,0
4858.2,0
4858.3,0
4858.4,0
4858.5,0
4858.6,0
4858.7,0
4858.8,0
4858.9,0
4859,0
4859.1,0
4859.2,0
4859.3,0
4859.4,0
4859.5,0
4859.6,0
4859.7,0
4859.8,0
4859.9,0
4860,0
4860.1,0
4860.2,0
4860.3,0
4860.4,0
4860.5,0
4860.6,0
4860.7,0
4860.8,0
4860.9,0
4861,0
4861.1,0
4861.2,0
4861.3,0
4861.4,0
4861.5,0
4861.6,0
4861.7,0
4861.8,0
4861.9,0
4862,0
4862.1,0
4862.2,0
4862.3,0
4862.4,0
4862.5,0
4862.6,0
4862.7,0
4862.8,0
4862.9,0
4863,0
4863.1,0
4863.2,0
4863.3,0
4863.4,0
4863.5,0
4863.6,0
4863.7,0
4863.8,0
4863.9,0
4864,0
4864.1,0
4864.2,0
4864.3,0
4864.4,0
4864.5,0
4864.6,0
4864.7,0
4864.8,0
4864.9,0
4865,0
4865.1,0
4865.2,0
4865.3,0
4865.4,0
4865.5,0
4865.6,0
4865.7,0
4865.8,0
4865.9,0
4866,0
4866.1,0
4866.2,0
4866.3,0
4866.4,0
4866.5,0
4866.6,0
4866.7,0
4866.8,0
4866.9,0
4867,0
4867.1,0
4867.2,0
4867.3,0
4867.4,0
4867.5,0
4867.6,0
4867.7,0
4867.8,0
4867.9,0
4868,0
4868.1,0
4868.2,0
4868.3,0
4868.4,0
4868.5,0
4868.6,0
4868.7,0
4868.8,0
4868.9,0
4869,0
4869.1,0
4869.2,0
4869.3,0
4869.4,0
4869.5,0
4869.6,0
4869.7,0
4869.8,0
4869.9,0
4870,0
4870.1,0
4870.2,0
4870.3,0
4870.4,0
4870.5,0
4870.6,0
4870.7,0
4870.8,0
4870.9,0
4871,0
4871.1,0
4871.2,0
4871.3,0
4871.4,0
4871.5,0
4871.6,0
4871.7,0
4871.8,0
4871.9,0
4872,0
4872.1,0
4872.2,0
4872.3,0
4872.4,0
4872.5,0
4872.6,0
4872.7,0
4872.8,0
4872.9,0
4873,0
4873.1,0
4873.2,0
4873.3,0
4873.4,0
4873.5,0
4873.6,0
4873.7,0
4873.8,0
4873.9,0
4874,0
4874.1,0
4874.2,0
4874.3,0
4874.4,0
4874.5,0
4874.6,0
4874.7,0
4874.8,0
4874.9,0
4875,0
4875.1,0
4875.2,0
4875.3,0
4875.4,0
4875.5,0
4875.6,0
4875.7,0
4875.8,0
4875.9,0
4876,0
4876.1,0
4876.2,0
4876.3,0
4876.4,0
4876.5,0
4876.6,0
4876.7,0
4876.8,0
4876.9,0
4877,0
4877.1,0
4877.2,0
4877.3,0
4877.4,0
4877.5,0
4877.6,0
4877.7,0
4877.8,0
4877.9,0
4878,0
4878.1,0
4878.2,0
4878.3,0
4878.4,0
4878.5,0
4878.6,0
4878.7,0
4878.8,0
4878.9,0
4879,0
4879.1,0
4879.2,0
4879.3,0
4879.4,0
4879.5,0
4879.6,0
4879.7,0
4879.8,0
4879.9,0
4880,0
4880.1,0
4880.2,0
4880.3,0
4880.4,0
4880.5,0
4880.6,0
4880.7,0
4880.8,0
4880.9,0
4881,0
4881.1,0
4881.2,0
4881.3,0
4881.4,0
4881.5,0
4881.6,0
4881.7,0
4881.8,0
4881.9,0
4882,0
4882.1,0
4882.2,0
4882.3,0
4882.4,0
4882.5,0
4882.6,0
4882.7,0
4882.8,0
4882.9,0
4883,0
4883.1,0
4883.2,0
4883.3,0
4883.4,0
4883.5,0
4883.6,0
4883.7,0
4883.8,0
4883.9,0
4884,0
4884.1,0
4884.2,0
4884.3,0
4884.4,0
4884.5,0
4884.6,0
4884.7,0
4884.8,0
4884.9,0
4885,0
4885.1,0
4885.2,0
4885.3,0
4885.4,0
4885.5,0
4885.6,0
4885.7,0
4885.8,0
4885.9,0
4886,0
4886.1,0
4886.2,0
4886.3,0
4886.4,0
4886.5,0
4886.6,0
4886.7,0
4886.8,0
4886.9,0
4887,0
4887.1,0
4887.2,0
4887.3,0
4887.4,0
4887.5,0
4887.6,0
4887.7,0
4887.8,0
4887.9,0
4888,0
4888.1,0
4888.2,0
4888.3,0
4888.4,0
4888.5,0
4888.6,0
4888.7,0
4888.8,0
4888.9,0
4889,0
4889.1,0
4889.2,0
4889.3,0
4889.4,0
4889.5,0
4889.6,0
4889.7,0
4889.8,0
4889.9,0
4890,0
4890.1,0
4890.2,0
4890.3,0
4890.4,0
4890.5,0
4890.6,0
4890.7,0
4890.8,0
4890.9,0
4891,0
4891.1,0
4891.2,0
4891.3,0
4891.4,0
4891.5,0
4891.6,0
4891.7,0
4891.8,0
4891.9,0
4892,0
4892.1,0
4892.2,0
4892.3,0
4892.4,0
4892.5,0
4892.6,0
4892.7,0
4892.8,0
4892.9,0
4893,0
4893.1,0
4893.2,0
4893.3,0
4893.4,0
4893.5,0
4893.6,0
4893.7,0
4893.8,0
4893.9,0
4894,0
4894.1,0
4894.2,0
4894.3,0
4894.4,0
4894.5,0
4894.6,0
4894.7,0
4894.8,0
4894.9,0
4895,0
4895.1,0
4895.2,0
4895.3,0
4895.4,0
4895.5,0
4895.6,0
4895.7,0
4895.8,0
4895.9,0
4896,0
4896.1,0
4896.2,0
4896.3,0
4896.4,0
4896.5,0
4896.6,0
4896.7,0
4896.8,0
4896.9,0
4897,0
4897.1,0
4897.2,0
4897.3,0
4897.4,0
4897.5,0
4897.6,0
4897.7,0
4897.8,0
4897.9,0
4898,0
4898.1,0
4898.2,0
4898.3,0
4898.4,0
4898.5,0
4898.6,0
4898.7,0
4898.8,0
4898.9,0
4899,0
4899.1,0
4899.2,0
4899.3,0
4899.4,0
4899.5,0
4899.6,0
4899.7,0
4899.8,0
4899.9,0
4900,0
4900.1,0
4900.2,0
4900.3,0
4900.4,0
4900.5,0
4900.6,0
4900.7,0
4900.8,0
4900.9,0
4901,0
4901.1,0
4901.2,0
4901.3,0
4901.4,0
4901.5,0
4901.6,0
4901.7,0
4901.8,0
4901.9,0
4902,0
4902.1,0
4902.2,0
4902.3,0
4902.4,0
4902.5,0
4902.6,0
4902.7,0
4902.8,0
4902.9,0
4903,0
4903.1,0
4903.2,0
4903.3,0
4903.4,0
4903.5,0
4903.6,0
4903.7,0
4903.8,0
4903.9,0
4904,0
4904.1,0
4904.2,0
4904.3,0
4904.4,0
4904.5,0
4904.6,0
4904.7,0
4904.8,0
4904.9,0
4905,0
4905.1,0
4905.2,0
4905.3,0
4905.4,0
4905.5,0
4905.6,0
4905.7,0
4905.8,0
4905.9,0
4906,0
4906.1,0
4906.2,0
4906.3,0
4906.4,0
4906.5,0
4906.6,0
4906.7,0
4906.8,0
4906.9,0
4907,0
4907.1,0
4907.2,0
4907.3,0
4907.4,0
4907.5,0
4907.6,0
4907.7,0
4907.8,0
4907.9,0
4908,0
4908.1,0
4908.2,0
4908.3,0
4908.4,0
4908.5,0
4908.6,0
4908.7,0
4908.8,0
4908.9,0
4909,0
4909.1,0
4909.2,0
4909.3,0
4909.4,0
4909.5,0
4909.6,0
4909.7,0
4909.8,0
4909.9,0
4910,0
4910.1,0
4910.2,0
4910.3,0
4910.4,0
4910.5,0
4910.6,0
4910.7,0
4910.8,0
4910.9,0
4911,0
4911.1,0
4911.2,0
4911.3,0
4911.4,0
4911.5,0
4911.6,0
4911.7,0
4911.8,0
4911.9,0
4912,0
4912.1,0
4912.2,0
4912.3,0
4912.4,0
4912.5,0
4912.6,0
4912.7,0
4912.8,0
4912.9,0
4913,0
4913.1,0
4913.2,0
4913.3,0
4913.4,0
4913.5,0
4913.6,0
4913.7,0
4913.8,0
4913.9,0
4914,0
4914.1,0
4914.2,0
4914.3,0
4914.4,0
4914.5,0
4914.6,0
4914.7,0
4914.8,0
4914.9,0
4915,0
4915.1,0
4915.2,0
4915.3,0
4915.4,0
4915.5,0
4915.6,0
4915.7,0
4915.8,0
4915.9,0
4916,0
4916.1,0
4916.2,0
4916.3,0
4916.4,0
4916.5,0
4916.6,0
4916.7,0
4916.8,0
4916.9,0
4917,0
4917.1,0
4917.2,0
4917.3,0
4917.4,0
4917.5,0
4917.6,0
4917.7,0
4917.8,0
4917.9,0
4918,0
4918.1,0
4918.2,0
4918.3,0
4918.4,0
4918.5,0
4918.6,0
4918.7,0
4918.8,0
4918.9,0
4919,0
4919.1,0
4919.2,0
4919.3,0
4919.4,0
4919.5,0
4919.6,0
4919.7,0
4919.8,0
4919.9,0
4920,0
4920.1,0
4920.2,0
4920.3,0
4920.4,0
4920.5,0
4920.6,0
4920.7,0
4920.8,0
4920.9,0
4921,0
4921.1,0
4921.2,0
4921.3,0
4921.4,0
4921.5,0
4921.6,0
4921.7,0
4921.8,0
4921.9,0
4922,0
4922.1,0
4922.2,0
4922.3,0
4922.4,0
4922.5,0
4922.6,0
4922.7,0
4922.8,0
4922.9,0
4923,0
4923.1,0
4923.2,0
4923.3,0
4923.4,0
4923.5,0
4923.6,0
4923.7,0
4923.8,0
4923.9,0
4924,0
4924.1,0
4924.2,0
4924.3,0
4924.4,0
4924.5,0
4924.6,0
4924.7,0
4924.8,0
4924.9,0
4925,0
4925.1,0
4925.2,0
4925.3,0
4925.4,0
4925.5,0
4925.6,0
4925.7,0
4925.8,0
4925.9,0
4926,0
4926.1,0
4926.2,0
4926.3,0
4926.4,0
4926.5,0
4926.6,0
4926.7,0
4926.8,0
4926.9,0
4927,0
4927.1,0
4927.2,0
4927.3,0
4927.4,0
4927.5,0
4927.6,0
4927.7,0
4927.8,0
4927.9,0
4928,0
4928.1,0
4928.2,0
4928.3,0
4928.4,0
4928.5,0
4928.6,0
4928.7,0
4928.8,0
4928.9,0
4929,0
4929.1,0
4929.2,0
4929.3,0
4929.4,0
4929.5,0
4929.6,0
4929.7,0
4929.8,0
4929.9,0
4930,0
4930.1,0
4930.2,0
4930.3,0
4930.4,0
4930.5,0
4930.6,0
4930.7,0
4930.8,0
4930.9,0
4931,0
4931.1,0
4931.2,0
4931.3,0
4931.4,0
4931.5,0
4931.6,0
4931.7,0
4931.8,0
4931.9,0
4932,0
4932.1,0
4932.2,0
4932.3,0
4932.4,0
4932.5,0
4932.6,0
4932.7,0
4932.8,0
4932.9,0
4933,0
4933.1,0
4933.2,0
4933.3,0
4933.4,0
4933.5,0
4933.6,0
4933.7,0
4933.8,0
4933.9,0
4934,0
4934.1,0
4934.2,0
4934.3,0
4934.4,0
4934.5,0
4934.6,0
4934.7,0
4934.8,0
4934.9,0
4935,0
4935.1,0
4935.2,0
4935.3,0
4935.4,0
4935.5,0
4935.6,0
4935.7,0
4935.8,0
4935.9,0
4936,0
4936.1,0
4936.2,0
4936.3,0
4936.4,0
4936.5,0
4936.6,0
4936.7,0
4936.8,0
4936.9,0
4937,0
4937.1,0
4937.2,0
4937.3,0
4937.4,0
4937.5,0
4937.6,0
4937.7,0
4937.8,0
4937.9,0
4938,0
4938.1,0
4938.2,0
4938.3,0
4938.4,0
4938.5,0
4938.6,0
4938.7,0
4938.8,0
4938.9,0
4939,0
4939.1,0
4939.2,0
4939.3,0
4939.4,0
4939.5,0
4939.6,0
4939.7,0
4939.8,0
4939.9,0
4940,0
4940.1,0
4940.2,0
4940.3,0
4940.4,0
4940.5,0
4940.6,0
4940.7,0
4940.8,0
4940.9,0
4941,0
4941.1,0
4941.2,0
4941.3,0
4941.4,0
4941.5,0
4941.6,0
4941.7,0
4941.8,0
4941.9,0
4942,0
4942.1,0
4942.2,0
4942.3,0
4942.4,0
4942.5,0
4942.6,0
4942.7,0
4942.8,0
4942.9,0
4943,0
4943.1,0
4943.2,0
4943.3,0
4943.4,0
4943.5,0
4943.6,0
4943.7,0
4943.8,0
4943.9,0
4944,0
4944.1,0
4944.2,0
4944.3,0
4944.4,0
4944.5,0
4944.6,0
4944.7,0
4944.8,0
4944.9,0
4945,0
4945.1,0
4945.2,0
4945.3,0
4945.4,0
4945.5,0
4945.6,0
4945.7,0
4945.8,0
4945.9,0
4946,0
4946.1,0
4946.2,0
4946.3,0
4946.4,0
4946.5,0
4946.6,0
4946.7,0
4946.8,0
4946.9,0
4947,0
4947.1,0
4947.2,0
4947.3,0
4947.4,0
4947.5,0
4947.6,0
4947.7,0
4947.8,0
4947.9,0
4948,0
4948.1,0
4948.2,0
4948.3,0
4948.4,0
4948.5,0
4948.6,0
4948.7,0
4948.8,0
4948.9,0
4949,0
4949.1,0
4949.2,0
4949.3,0
4949.4,0
4949.5,0
4949.6,0
4949.7,0
4949.8,0
4949.9,0
4950,0
4950.1,0
4950.2,0
4950.3,0
4950.4,0
4950.5,0
4950.6,0
4950.7,0
4950.8,0
4950.9,0
4951,0
4951.1,0
4951.2,0
4951.3,0
4951.4,0
4951.5,0
4951.6,0
4951.7,0
4951.8,0
4951.9,0
4952,0
4952.1,0
4952.2,0
4952.3,0
4952.4,0
4952.5,0
4952.6,0
4952.7,0
4952.8,0
4952.9,0
4953,0
4953.1,0
4953.2,0
4953.3,0
4953.4,0
4953.5,0
4953.6,0
4953.7,0
4953.8,0
4953.9,0
4954,0
4954.1,0
4954.2,0
4954.3,0
4954.4,0
4954.5,0
4954.6,0
4954.7,0
4954.8,0
4954.9,0
4955,0
4955.1,0
4955.2,0
4955.3,0
4955.4,0
4955.5,0
4955.6,0
4955.7,0
4955.8,0
4955.9,0
4956,0
4956.1,0
4956.2,0
4956.3,0
4956.4,0
4956.5,0
4956.6,0
4956.7,0
4956.8,0
4956.9,0
4957,0
4957.1,0
4957.2,0
4957.3,0
4957.4,0
4957.5,0
4957.6,0
4957.7,0
4957.8,0
4957.9,0
4958,0
4958.1,0
4958.2,0
4958.3,0
4958.4,0
4958.5,0
4958.6,0
4958.7,0
4958.8,0
4958.9,0
4959,0
4959.1,0
4959.2,0
4959.3,0
4959.4,0
4959.5,0
4959.6,0
4959.7,0
4959.8,0
4959.9,0
4960,0
4960.1,0
4960.2,0
4960.3,0
4960.4,0
4960.5,0
4960.6,0
4960.7,0
4960.8,0
4960.9,0
4961,0
4961.1,0
4961.2,0
4961.3,0
4961.4,0
4961.5,0
4961.6,0
4961.7,0
4961.8,0
4961.9,0
4962,0
4962.1,0
4962.2,0
4962.3,0
4962.4,0
4962.5,0
4962.6,0
4962.7,0
4962.8,0
4962.9,0
4963,0
4963.1,0
4963.2,0
4963.3,0
4963.4,0
4963.5,0
4963.6,0
4963.7,0
4963.8,0
4963.9,0
4964,0
4964.1,0
4964.2,0
4964.3,0
4964.4,0
4964.5,0
4964.6,0
4964.7,0
4964.8,0
4964.9,0
4965,0
4965.1,0
4965.2,0
4965.3,0
4965.4,0
4965.5,0
4965.6,0
4965.7,0
4965.8,0
4965.9,0
4966,0
4966.1,0
4966.2,0
4966.3,0
4966.4,0
4966.5,0
4966.6,0
4966.7,0
4966.8,0
4966.9,0
4967,0
4967.1,0
4967.2,0
4967.3,0
4967.4,0
4967.5,0
4967.6,0
4967.7,0
4967.8,0
4967.9,0
4968,0
4968.1,0
4968.2,0
4968.3,0
4968.4,0
4968.5,0
4968.6,0
4968.7,0
4968.8,0
4968.9,0
4969,0
4969.1,0
4969.2,0
4969.3,0
4969.4,0
4969.5,0
4969.6,0
4969.7,0
4969.8,0
4969.9,0
4970,0
4970.1,0
4970.2,0
4970.3,0
4970.4,0
4970.5,0
4970.6,0
4970.7,0
4970.8,0
4970.9,0
4971,0
4971.1,0
4971.2,0
4971.3,0
4971.4,0
4971.5,0
4971.6,0
4971.7,0
4971.8,0
4971.9,0
4972,0
4972.1,0
4972.2,0
4972.3,0
4972.4,0
4972.5,0
4972.6,0
4972.7,0
4972.8,0
4972.9,0
4973,0
4973.1,0
4973.2,0
4973.3,0
4973.4,0
4973.5,0
4973.6,0
4973.7,0
4973.8,0
4973.9,0
4974,0
4974.1,0
4974.2,0
4974.3,0
4974.4,0
4974.5,0
4974.6,0
4974.7,0
4974.8,0
4974.9,0
4975,0
4975.1,0
4975.2,0
4975.3,0
4975.4,0
4975.5,0
4975.6,0
4975.7,0
4975.8,0
4975.9,0
4976,0
4976.1,0
4976.2,0
4976.3,0
4976.4,0
4976.5,0
4976.6,0
4976.7,0
4976.8,0
4976.9,0
4977,0
4977.1,0
4977.2,0
4977.3,0
4977.4,0
4977.5,0
4977.6,0
4977.7,0
4977.8,0
4977.9,0
4978,0
4978.1,0
4978.2,0
4978.3,0
4978.4,0
4978.5,0
4978.6,0
4978.7,0
4978.8,0
4978.9,0
4979,0
4979.1,0
4979.2,0
4979.3,0
4979.4,0
4979.5,0
4979.6,0
4979.7,0
4979.8,0
4979.9,0
4980,0
4980.1,0
4980.2,0
4980.3,0
4980.4,0
4980.5,0
4980.6,0
4980.7,0
4980.8,0
4980.9,0
4981,0
4981.1,0
4981.2,0
4981.3,0
4981.4,0
4981.5,0
4981.6,0
4981.7,0
4981.8,0
4981.9,0
4982,0
4982.1,0
4982.2,0
4982.3,0
4982.4,0
4982.5,0
4982.6,0
4982.7,0
4982.8,0
4982.9,0
4983,0
4983.1,0
4983.2,0
4983.3,0
4983.4,0
4983.5,0
4983.6,0
4983.7,0
4983.8,0
4983.9,0
4984,0
4984.1,0
4984.2,0
4984.3,0
4984.4,0
4984.5,0
4984.6,0
4984.7,0
4984.8,0
4984.9,0
4985,0
4985.1,0
4985.2,0
4985.3,0
4985.4,0
4985.5,0
4985.6,0
4985.7,0
4985.8,0
4985.9,0
4986,0
4986.1,0
4986.2,0
4986.3,0
4986.4,0
4986.5,0
4986.6,0
4986.7,0
4986.8,0
4986.9,0
4987,0
4987.1,0
4987.2,0
4987.3,0
4987.4,0
4987.5,0
4987.6,0
4987.7,0
4987.8,0
4987.9,0
4988,0
4988.1,0
4988.2,0
4988.3,0
4988.4,0
4988.5,0
4988.6,0
4988.7,0
4988.8,0
4988.9,0
4989,0
4989.1,0
4989.2,0
4989.3,0
4989.4,0
4989.5,0
4989.6,0
4989.7,0
4989.8,0
4989.9,0
4990,0
4990.1,0
4990.2,0
4990.3,0
4990.4,0
4990.5,0
4990.6,0
4990.7,0
4990.8,0
4990.9,0
4991,0
4991.1,0
4991.2,0
4991.3,0
4991.4,0
4991.5,0
4991.6,0
4991.7,0
4991.8,0
4991.9,0
4992,0
4992.1,0
4992.2,0
4992.3,0
4992.4,0
4992.5,0
4992.6,0
4992.7,0
4992.8,0
4992.9,0
4993,0
4993.1,0
4993.2,0
4993.3,0
4993.4,0
4993.5,0
4993.6,0
4993.7,0
4993.8,0
4993.9,0
4994,0
4994.1,0
4994.2,0
4994.3,0
4994.4,0
4994.5,0
4994.6,0
4994.7,0
4994.8,0
4994.9,0
4995,0
4995.1,0
4995.2,0
4995.3,0
4995.4,0
4995.5,0
4995.6,0
4995.7,0
4995.8,0
4995.9,0
4996,0
4996.1,0
4996.2,0
4996.3,0
4996.4,0
4996.5,0
4996.6,0
4996.7,0
4996.8,0
4996.9,0
4997,0
4997.1,0
4997.2,0
4997.3,0
4997.4,0
4997.5,0
4997.6,0
4997.7,0
4997.8,0
4997.9,0
4998,0
4998.1,0
4998.2,0
4998.3,0
4998.4,0
4998.5,0
4998.6,0
4998.7,0
4998.8,0
4998.9,0
4999,0
4999.1,0
4999.2,0
4999.3,0
4999.4,0
4999.5,0
4999.6,0
4999.7,0
4999.8,0
4999.9,0
