0,-6.371e+06
0.1,-6.371e+06
0.2,-6.371e+06
0.3,-6.371e+06
0.4,-6.371e+06
0.5,-6.371e+06
0.6,-6.371e+06
0.7,-6.371e+06
0.8,-6.371e+06
0.9,-6.371e+06
1,-6.371e+06
1.1,-6.371e+06
1.2,-6.371e+06
1.3,-6.371e+06
1.4,-6.371e+06
1.5,-6.371e+06
1.6,-6.371e+06
1.7,-6.371e+06
1.8,-6.371e+06
1.9,-6.371e+06
2,-6.371e+06
2.1,-6.371e+06
2.2,-6.371e+06
2.3,-6.371e+06
2.4,-6.371e+06
2.5,-6.371e+06
2.6,-6.371e+06
2.7,-6.371e+06
2.8,-6.371e+06
2.9,-6.371e+06
3,-6.371e+06
3.1,-6.371e+06
3.2,-6.371e+06
3.3,-6.371e+06
3.4,-6.371e+06
3.5,-6.371e+06
3.6,-6.371e+06
3.7,-6.371e+06
3.8,-6.371e+06
3.9,-6.371e+06
4,-6.371e+06
4.1,-6.371e+06
4.2,-6.371e+06
4.3,-6.371e+06
4.4,-6.371e+06
4.5,-6.371e+06
4.6,-6.371e+06
4.7,-6.371e+06
4.8,-6.371e+06
4.9,-6.371e+06
5,-6.371e+06
5.1,-6.371e+06
5.2,-6.371e+06
5.3,-6.371e+06
5.4,-6.371e+06
5.5,-6.371e+06
5.6,-6.371e+06
5.7,-6.371e+06
5.8,-6.371e+06
5.9,-6.371e+06
6,-6.371e+06
6.1,-6.371e+06
6.2,-6.371e+06
6.3,-6.371e+06
6.4,-6.371e+06
6.5,-6.371e+06
6.6,-6.371e+06
6.7,-6.371e+06
6.8,-6.371e+06
6.9,-6.371e+06
7,-6.371e+06
7.1,-6.371e+06
7.2,-6.371e+06
7.3,-6.371e+06
7.4,-6.371e+06
7.5,-6.371e+06
7.6,-6.371e+06
7.7,-6.371e+06
7.8,-6.371e+06
7.9,-6.371e+06
8,-6.371e+06
8.1,-6.371e+06
8.2,-6.371e+06
8.3,-6.371e+06
8.4,-6.371e+06
8.5,-6.371e+06
8.6,-6.371e+06
8.7,-6.371e+06
8.8,-6.371e+06
8.9,-6.371e+06
9,-6.371e+06
9.1,-6.371e+06
9.2,-6.371e+06
9.3,-6.371e+06
9.4,-6.371e+06
9.5,-6.371e+06
9.6,-6.371e+06
9.7,-6.371e+06
9.8,-6.371e+06
9.9,-6.371e+06
10,-6.371e+06
10.1,-6.371e+06
10.2,-6.371e+06
10.3,-6.371e+06
10.4,-6.371e+06
10.5,-6.371e+06
10.6,-6.371e+06
10.7,-6.371e+06
10.8,-6.371e+06
10.9,-6.371e+06
11,-6.371e+06
11.1,-6.371e+06
11.2,-6.371e+06
11.3,-6.371e+06
11.4,-6.371e+06
11.5,-6.371e+06
11.6,-6.371e+06
11.7,-6.371e+06
11.8,-6.371e+06
11.9,-6.371e+06
12,-6.371e+06
12.1,-6.371e+06
12.2,-6.371e+06
12.3,-6.371e+06
12.4,-6.371e+06
12.5,-6.371e+06
12.6,-6.371e+06
12.7,-6.371e+06
12.8,-6.371e+06
12.9,-6.371e+06
13,-6.371e+06
13.1,-6.371e+06
13.2,-6.371e+06
13.3,-6.371e+06
13.4,-6.371e+06
13.5,-6.371e+06
13.6,-6.371e+06
13.7,-6.371e+06
13.8,-6.371e+06
13.9,-6.371e+06
14,-6.371e+06
14.1,-6.371e+06
14.2,-6.371e+06
14.3,-6.371e+06
14.4,-6.371e+06
14.5,-6.371e+06
14.6,-6.371e+06
14.7,-6.371e+06
14.8,-6.371e+06
14.9,-6.371e+06
15,-6.371e+06
15.1,-6.371e+06
15.2,-6.371e+06
15.3,-6.371e+06
15.4,-6.371e+06
15.5,-6.371e+06
15.6,-6.371e+06
15.7,-6.371e+06
15.8,-6.371e+06
15.9,-6.371e+06
16,-6.371e+06
16.1,-6.371e+06
16.2,-6.371e+06
16.3,-6.371e+06
16.4,-6.371e+06
16.5,-6.371e+06
16.6,-6.371e+06
16.7,-6.371e+06
16.8,-6.371e+06
16.9,-6.371e+06
17,-6.371e+06
17.1,-6.371e+06
17.2,-6.371e+06
17.3,-6.371e+06
17.4,-6.371e+06
17.5,-6.371e+06
17.6,-6.371e+06
17.7,-6.371e+06
17.8,-6.371e+06
17.9,-6.371e+06
18,-6.371e+06
18.1,-6.371e+06
18.2,-6.371e+06
18.3,-6.371e+06
18.4,-6.371e+06
18.5,-6.371e+06
18.6,-6.371e+06
18.7,-6.371e+06
18.8,-6.371e+06
18.9,-6.371e+06
19,-6.371e+06
19.1,-6.37099e+06
19.2,-6.37099e+06
19.3,-6.37099e+06
19.4,-6.37099e+06
19.5,-6.37099e+06
19.6,-6.37099e+06
19.7,-6.37099e+06
19.8,-6.37099e+06
19.9,-6.37099e+06
20,-6.37098e+06
20.1,-6.37098e+06
20.2,-6.37098e+06
20.3,-6.37098e+06
20.4,-6.37098e+06
20.5,-6.37098e+06
20.6,-6.37097e+06
20.7,-6.37097e+06
20.8,-6.37097e+06
20.9,-6.37097e+06
21,-6.37096e+06
21.1,-6.37096e+06
21.2,-6.37096e+06
21.3,-6.37096e+06
21.4,-6.37095e+06
21.5,-6.37095e+06
21.6,-6.37095e+06
21.7,-6.37095e+06
21.8,-6.37094e+06
21.9,-6.37094e+06
22,-6.37094e+06
22.1,-6.37093e+06
22.2,-6.37093e+06
22.3,-6.37093e+06
22.4,-6.37092e+06
22.5,-6.37092e+06
22.6,-6.37092e+06
22.7,-6.37091e+06
22.8,-6.37091e+06
22.9,-6.37091e+06
23,-6.3709e+06
23.1,-6.3709e+06
23.2,-6.3709e+06
23.3,-6.37089e+06
23.4,-6.37089e+06
23.5,-6.37088e+06
23.6,-6.37088e+06
23.7,-6.37087e+06
23.8,-6.37087e+06
23.9,-6.37087e+06
24,-6.37086e+06
24.1,-6.37086e+06
24.2,-6.37085e+06
24.3,-6.37085e+06
24.4,-6.37084e+06
24.5,-6.37084e+06
24.6,-6.37083e+06
24.7,-6.37083e+06
24.8,-6.37082e+06
24.9,-6.37082e+06
25,-6.37081e+06
25.1,-6.3708e+06
25.2,-6.3708e+06
25.3,-6.37079e+06
25.4,-6.37079e+06
25.5,-6.37078e+06
25.6,-6.37078e+06
25.7,-6.37077e+06
25.8,-6.37076e+06
25.9,-6.37076e+06
26,-6.37075e+06
26.1,-6.37075e+06
26.2,-6.37074e+06
26.3,-6.37073e+06
26.4,-6.37073e+06
26.5,-6.37072e+06
26.6,-6.37071e+06
26.7,-6.37071e+06
26.8,-6.3707e+06
26.9,-6.37069e+06
27,-6.37069e+06
27.1,-6.37068e+06
27.2,-6.37067e+06
27.3,-6.37066e+06
27.4,-6.37066e+06
27.5,-6.37065e+06
27.6,-6.37064e+06
27.7,-6.37063e+06
27.8,-6.37063e+06
27.9,-6.37062e+06
28,-6.37061e+06
28.1,-6.3706e+06
28.2,-6.3706e+06
28.3,-6.37059e+06
28.4,-6.37058e+06
28.5,-6.37057e+06
28.6,-6.37056e+06
28.7,-6.37055e+06
28.8,-6.37055e+06
28.9,-6.37054e+06
29,-6.37053e+06
29.1,-6.37052e+06
29.2,-6.37051e+06
29.3,-6.3705e+06
29.4,-6.37049e+06
29.5,-6.37048e+06
29.6,-6.37047e+06
29.7,-6.37047e+06
29.8,-6.37046e+06
29.9,-6.37045e+06
30,-6.37044e+06
30.1,-6.37043e+06
30.2,-6.37042e+06
30.3,-6.37041e+06
30.4,-6.3704e+06
30.5,-6.37039e+06
30.6,-6.37038e+06
30.7,-6.37037e+06
30.8,-6.37036e+06
30.9,-6.37035e+06
31,-6.37034e+06
31.1,-6.37033e+06
31.2,-6.37032e+06
31.3,-6.37031e+06
31.4,-6.37029e+06
31.5,-6.37028e+06
31.6,-6.37027e+06
31.7,-6.37026e+06
31.8,-6.37025e+06
31.9,-6.37024e+06
32,-6.37023e+06
32.1,-6.37022e+06
32.2,-6.37021e+06
32.3,-6.37019e+06
32.4,-6.37018e+06
32.5,-6.37017e+06
32.6,-6.37016e+06
32.7,-6.37015e+06
32.8,-6.37014e+06
32.9,-6.37012e+06
33,-6.37011e+06
33.1,-6.3701e+06
33.2,-6.37009e+06
33.3,-6.37007e+06
33.4,-6.37006e+06
33.5,-6.37005e+06
33.6,-6.37004e+06
33.7,-6.37002e+06
33.8,-6.37001e+06
33.9,-6.37e+06
34,-6.36998e+06
34.1,-6.36997e+06
34.2,-6.36996e+06
34.3,-6.36994e+06
34.4,-6.36993e+06
34.5,-6.36992e+06
34.6,-6.3699e+06
34.7,-6.36989e+06
34.8,-6.36988e+06
34.9,-6.36986e+06
35,-6.36985e+06
35.1,-6.36984e+06
35.2,-6.36982e+06
35.3,-6.36981e+06
35.4,-6.36979e+06
35.5,-6.36978e+06
35.6,-6.36976e+06
35.7,-6.36975e+06
35.8,-6.36973e+06
35.9,-6.36972e+06
36,-6.3697e+06
36.1,-6.36969e+06
36.2,-6.36967e+06
36.3,-6.36966e+06
36.4,-6.36964e+06
36.5,-6.36963e+06
36.6,-6.36961e+06
36.7,-6.3696e+06
36.8,-6.36958e+06
36.9,-6.36957e+06
37,-6.36955e+06
37.1,-6.36953e+06
37.2,-6.36952e+06
37.3,-6.3695e+06
37.4,-6.36949e+06
37.5,-6.36947e+06
37.6,-6.36945e+06
37.7,-6.36944e+06
37.8,-6.36942e+06
37.9,-6.3694e+06
38,-6.36939e+06
38.1,-6.36937e+06
38.2,-6.36935e+06
38.3,-6.36934e+06
38.4,-6.36932e+06
38.5,-6.3693e+06
38.6,-6.36929e+06
38.7,-6.36927e+06
38.8,-6.36925e+06
38.9,-6.36923e+06
39,-6.36921e+06
39.1,-6.3692e+06
39.2,-6.36918e+06
39.3,-6.36916e+06
39.4,-6.36914e+06
39.5,-6.36912e+06
39.6,-6.36911e+06
39.7,-6.36909e+06
39.8,-6.36907e+06
39.9,-6.36905e+06
40,-6.36903e+06
40.1,-6.36901e+06
40.2,-6.36899e+06
40.3,-6.36898e+06
40.4,-6.36896e+06
40.5,-6.36894e+06
40.6,-6.36892e+06
40.7,-6.3689e+06
40.8,-6.36888e+06
40.9,-6.36886e+06
41,-6.36884e+06
41.1,-6.36882e+06
41.2,-6.3688e+06
41.3,-6.36878e+06
41.4,-6.36876e+06
41.5,-6.36874e+06
41.6,-6.36872e+06
41.7,-6.3687e+06
41.8,-6.36868e+06
41.9,-6.36866e+06
42,-6.36864e+06
42.1,-6.36862e+06
42.2,-6.3686e+06
42.3,-6.36857e+06
42.4,-6.36855e+06
42.5,-6.36853e+06
42.6,-6.36851e+06
42.7,-6.36849e+06
42.8,-6.36847e+06
42.9,-6.36845e+06
43,-6.36843e+06
43.1,-6.3684e+06
43.2,-6.36838e+06
43.3,-6.36836e+06
43.4,-6.36834e+06
43.5,-6.36832e+06
43.6,-6.36829e+06
43.7,-6.36827e+06
43.8,-6.36825e+06
43.9,-6.36823e+06
44,-6.3682e+06
44.1,-6.36818e+06
44.2,-6.36816e+06
44.3,-6.36813e+06
44.4,-6.36811e+06
44.5,-6.36809e+06
44.6,-6.36806e+06
44.7,-6.36804e+06
44.8,-6.36802e+06
44.9,-6.36799e+06
45,-6.36797e+06
45.1,-6.36795e+06
45.2,-6.36792e+06
45.3,-6.3679e+06
45.4,-6.36787e+06
45.5,-6.36785e+06
45.6,-6.36782e+06
45.7,-6.3678e+06
45.8,-6.36778e+06
45.9,-6.36775e+06
46,-6.36773e+06
46.1,-6.3677e+06
46.2,-6.36768e+06
46.3,-6.36765e+06
46.4,-6.36763e+06
46.5,-6.3676e+06
46.6,-6.36757e+06
46.7,-6.36755e+06
46.8,-6.36752e+06
46.9,-6.3675e+06
47,-6.36747e+06
47.1,-6.36745e+06
47.2,-6.36742e+06
47.3,-6.36739e+06
47.4,-6.36737e+06
47.5,-6.36734e+06
47.6,-6.36731e+06
47.7,-6.36729e+06
47.8,-6.36726e+06
47.9,-6.36723e+06
48,-6.36721e+06
48.1,-6.36718e+06
48.2,-6.36715e+06
48.3,-6.36712e+06
48.4,-6.3671e+06
48.5,-6.36707e+06
48.6,-6.36704e+06
48.7,-6.36701e+06
48.8,-6.36699e+06
48.9,-6.36696e+06
49,-6.36693e+06
49.1,-6.3669e+06
49.2,-6.36687e+06
49.3,-6.36684e+06
49.4,-6.36682e+06
49.5,-6.36679e+06
49.6,-6.36676e+06
49.7,-6.36673e+06
49.8,-6.3667e+06
49.9,-6.36667e+06
50,-6.36664e+06
50.1,-6.36661e+06
50.2,-6.36658e+06
50.3,-6.36655e+06
50.4,-6.36652e+06
50.5,-6.36649e+06
50.6,-6.36646e+06
50.7,-6.36643e+06
50.8,-6.3664e+06
50.9,-6.36637e+06
51,-6.36634e+06
51.1,-6.36631e+06
51.2,-6.36628e+06
51.3,-6.36625e+06
51.4,-6.36622e+06
51.5,-6.36619e+06
51.6,-6.36616e+06
51.7,-6.36613e+06
51.8,-6.3661e+06
51.9,-6.36606e+06
52,-6.36603e+06
52.1,-6.366e+06
52.2,-6.36597e+06
52.3,-6.36594e+06
52.4,-6.36591e+06
52.5,-6.36587e+06
52.6,-6.36584e+06
52.7,-6.36581e+06
52.8,-6.36578e+06
52.9,-6.36574e+06
53,-6.36571e+06
53.1,-6.36568e+06
53.2,-6.36565e+06
53.3,-6.36561e+06
53.4,-6.36558e+06
53.5,-6.36555e+06
53.6,-6.36551e+06
53.7,-6.36548e+06
53.8,-6.36544e+06
53.9,-6.36541e+06
54,-6.36538e+06
54.1,-6.36534e+06
54.2,-6.36531e+06
54.3,-6.36527e+06
54.4,-6.36524e+06
54.5,-6.36521e+06
54.6,-6.36517e+06
54.7,-6.36514e+06
54.8,-6.3651e+06
54.9,-6.36507e+06
55,-6.36503e+06
55.1,-6.365e+06
55.2,-6.36496e+06
55.3,-6.36492e+06
55.4,-6.36489e+06
55.5,-6.36485e+06
55.6,-6.36482e+06
55.7,-6.36478e+06
55.8,-6.36475e+06
55.9,-6.36471e+06
56,-6.36467e+06
56.1,-6.36464e+06
56.2,-6.3646e+06
56.3,-6.36456e+06
56.4,-6.36453e+06
56.5,-6.36449e+06
56.6,-6.36445e+06
56.7,-6.36441e+06
56.8,-6.36438e+06
56.9,-6.36434e+06
57,-6.3643e+06
57.1,-6.36426e+06
57.2,-6.36423e+06
57.3,-6.36419e+06
57.4,-6.36415e+06
57.5,-6.36411e+06
57.6,-6.36407e+06
57.7,-6.36404e+06
57.8,-6.364e+06
57.9,-6.36396e+06
58,-6.36392e+06
58.1,-6.36388e+06
58.2,-6.36384e+06
58.3,-6.3638e+06
58.4,-6.36376e+06
58.5,-6.36372e+06
58.6,-6.36368e+06
58.7,-6.36363e+06
58.8,-6.36357e+06
58.9,-6.36351e+06
59,-6.36345e+06
59.1,-6.3634e+06
59.2,-6.36334e+06
59.3,-6.36328e+06
59.4,-6.36322e+06
59.5,-6.36316e+06
59.6,-6.3631e+06
59.7,-6.36304e+06
59.8,-6.36298e+06
59.9,-6.36292e+06
60,-6.36286e+06
60.1,-6.3628e+06
60.2,-6.36274e+06
60.3,-6.36267e+06
60.4,-6.36261e+06
60.5,-6.36255e+06
60.6,-6.36249e+06
60.7,-6.36242e+06
60.8,-6.36236e+06
60.9,-6.36229e+06
61,-6.36223e+06
61.1,-6.36217e+06
61.2,-6.3621e+06
61.3,-6.36203e+06
61.4,-6.36197e+06
61.5,-6.3619e+06
61.6,-6.36184e+06
61.7,-6.36177e+06
61.8,-6.3617e+06
61.9,-6.36163e+06
62,-6.36157e+06
62.1,-6.3615e+06
62.2,-6.36143e+06
62.3,-6.36136e+06
62.4,-6.36129e+06
62.5,-6.36122e+06
62.6,-6.36115e+06
62.7,-6.36108e+06
62.8,-6.36101e+06
62.9,-6.36094e+06
63,-6.36087e+06
63.1,-6.36079e+06
63.2,-6.36072e+06
63.3,-6.36065e+06
63.4,-6.36058e+06
63.5,-6.3605e+06
63.6,-6.36043e+06
63.7,-6.36035e+06
63.8,-6.36028e+06
63.9,-6.36021e+06
64,-6.36013e+06
64.1,-6.36005e+06
64.2,-6.35998e+06
64.3,-6.3599e+06
64.4,-6.35982e+06
64.5,-6.35975e+06
64.6,-6.35967e+06
64.7,-6.35959e+06
64.8,-6.35951e+06
64.9,-6.35943e+06
65,-6.35935e+06
65.1,-6.35927e+06
65.2,-6.35919e+06
65.3,-6.35911e+06
65.4,-6.35903e+06
65.5,-6.35895e+06
65.6,-6.35887e+06
65.7,-6.35879e+06
65.8,-6.35871e+06
65.9,-6.35862e+06
66,-6.35854e+06
66.1,-6.35846e+06
66.2,-6.35837e+06
66.3,-6.35829e+06
66.4,-6.3582e+06
66.5,-6.35812e+06
66.6,-6.35803e+06
66.7,-6.35794e+06
66.8,-6.35786e+06
66.9,-6.35777e+06
67,-6.35768e+06
67.1,-6.3576e+06
67.2,-6.35751e+06
67.3,-6.35742e+06
67.4,-6.35733e+06
67.5,-6.35724e+06
67.6,-6.35715e+06
67.7,-6.35706e+06
67.8,-6.35697e+06
67.9,-6.35688e+06
68,-6.35679e+06
68.1,-6.35669e+06
68.2,-6.3566e+06
68.3,-6.35651e+06
68.4,-6.35641e+06
68.5,-6.35632e+06
68.6,-6.35623e+06
68.7,-6.35613e+06
68.8,-6.35604e+06
68.9,-6.35594e+06
69,-6.35584e+06
69.1,-6.35575e+06
69.2,-6.35565e+06
69.3,-6.35555e+06
69.4,-6.35546e+06
69.5,-6.35536e+06
69.6,-6.35526e+06
69.7,-6.35516e+06
69.8,-6.35506e+06
69.9,-6.35496e+06
70,-6.35486e+06
70.1,-6.35476e+06
70.2,-6.35466e+06
70.3,-6.35455e+06
70.4,-6.35445e+06
70.5,-6.35435e+06
70.6,-6.35424e+06
70.7,-6.35414e+06
70.8,-6.35404e+06
70.9,-6.35393e+06
71,-6.35383e+06
71.1,-6.35372e+06
71.2,-6.35361e+06
71.3,-6.35351e+06
71.4,-6.3534e+06
71.5,-6.35329e+06
71.6,-6.35319e+06
71.7,-6.35308e+06
71.8,-6.35297e+06
71.9,-6.35286e+06
72,-6.35275e+06
72.1,-6.35264e+06
72.2,-6.35253e+06
72.3,-6.35242e+06
72.4,-6.3523e+06
72.5,-6.35219e+06
72.6,-6.35208e+06
72.7,-6.35196e+06
72.8,-6.35185e+06
72.9,-6.35174e+06
73,-6.35162e+06
73.1,-6.35151e+06
73.2,-6.35139e+06
73.3,-6.35127e+06
73.4,-6.35116e+06
73.5,-6.35104e+06
73.6,-6.35092e+06
73.7,-6.3508e+06
73.8,-6.35068e+06
73.9,-6.35056e+06
74,-6.35044e+06
74.1,-6.35032e+06
74.2,-6.3502e+06
74.3,-6.35008e+06
74.4,-6.34996e+06
74.5,-6.34984e+06
74.6,-6.34971e+06
74.7,-6.34959e+06
74.8,-6.34947e+06
74.9,-6.34934e+06
75,-6.34922e+06
75.1,-6.34909e+06
75.2,-6.34897e+06
75.3,-6.34884e+06
75.4,-6.34871e+06
75.5,-6.34858e+06
75.6,-6.34846e+06
75.7,-6.34833e+06
75.8,-6.3482e+06
75.9,-6.34807e+06
76,-6.34794e+06
76.1,-6.34781e+06
76.2,-6.34768e+06
76.3,-6.34754e+06
76.4,-6.34741e+06
76.5,-6.34728e+06
76.6,-6.34714e+06
76.7,-6.34701e+06
76.8,-6.34688e+06
76.9,-6.34674e+06
77,-6.3466e+06
77.1,-6.34647e+06
77.2,-6.34633e+06
77.3,-6.34619e+06
77.4,-6.34606e+06
77.5,-6.34592e+06
77.6,-6.34578e+06
77.7,-6.34564e+06
77.8,-6.3455e+06
77.9,-6.34536e+06
78,-6.34522e+06
78.1,-6.34507e+06
78.2,-6.34493e+06
78.3,-6.34479e+06
78.4,-6.34465e+06
78.5,-6.3445e+06
78.6,-6.34436e+06
78.7,-6.34421e+06
78.8,-6.34407e+06
78.9,-6.34392e+06
79,-6.34377e+06
79.1,-6.34362e+06
79.2,-6.34348e+06
79.3,-6.34333e+06
79.4,-6.34318e+06
79.5,-6.34303e+06
79.6,-6.34288e+06
79.7,-6.34273e+06
79.8,-6.34257e+06
79.9,-6.34242e+06
80,-6.34227e+06
80.1,-6.34212e+06
80.2,-6.34196e+06
80.3,-6.34181e+06
80.4,-6.34165e+06
80.5,-6.3415e+06
80.6,-6.34134e+06
80.7,-6.34118e+06
80.8,-6.34103e+06
80.9,-6.34087e+06
81,-6.34071e+06
81.1,-6.34055e+06
81.2,-6.34039e+06
81.3,-6.34023e+06
81.4,-6.34007e+06
81.5,-6.3399e+06
81.6,-6.33974e+06
81.7,-6.33958e+06
81.8,-6.33942e+06
81.9,-6.33925e+06
82,-6.33909e+06
82.1,-6.33892e+06
82.2,-6.33875e+06
82.3,-6.33859e+06
82.4,-6.33842e+06
82.5,-6.33825e+06
82.6,-6.33808e+06
82.7,-6.33791e+06
82.8,-6.33774e+06
82.9,-6.33757e+06
83,-6.3374e+06
83.1,-6.33723e+06
83.2,-6.33706e+06
83.3,-6.33688e+06
83.4,-6.33671e+06
83.5,-6.33654e+06
83.6,-6.33636e+06
83.7,-6.33618e+06
83.8,-6.33601e+06
83.9,-6.33583e+06
84,-6.33565e+06
84.1,-6.33548e+06
84.2,-6.3353e+06
84.3,-6.33512e+06
84.4,-6.33494e+06
84.5,-6.33476e+06
84.6,-6.33457e+06
84.7,-6.33439e+06
84.8,-6.33421e+06
84.9,-6.33403e+06
85,-6.33384e+06
85.1,-6.33366e+06
85.2,-6.33347e+06
85.3,-6.33328e+06
85.4,-6.3331e+06
85.5,-6.33291e+06
85.6,-6.33272e+06
85.7,-6.33253e+06
85.8,-6.33234e+06
85.9,-6.33215e+06
86,-6.33196e+06
86.1,-6.33177e+06
86.2,-6.33158e+06
86.3,-6.33138e+06
86.4,-6.33119e+06
86.5,-6.331e+06
86.6,-6.3308e+06
86.7,-6.3306e+06
86.8,-6.33041e+06
86.9,-6.33021e+06
87,-6.33001e+06
87.1,-6.32981e+06
87.2,-6.32962e+06
87.3,-6.32942e+06
87.4,-6.32921e+06
87.5,-6.32901e+06
87.6,-6.32881e+06
87.7,-6.32861e+06
87.8,-6.3284e+06
87.9,-6.3282e+06
88,-6.328e+06
88.1,-6.32779e+06
88.2,-6.32758e+06
88.3,-6.32738e+06
88.4,-6.32717e+06
88.5,-6.32696e+06
88.6,-6.32675e+06
88.7,-6.32654e+06
88.8,-6.32633e+06
88.9,-6.32612e+06
89,-6.32591e+06
89.1,-6.32569e+06
89.2,-6.32548e+06
89.3,-6.32527e+06
89.4,-6.32505e+06
89.5,-6.32483e+06
89.6,-6.32462e+06
89.7,-6.3244e+06
89.8,-6.32418e+06
89.9,-6.32396e+06
90,-6.32374e+06
90.1,-6.32352e+06
90.2,-6.3233e+06
90.3,-6.32308e+06
90.4,-6.32286e+06
90.5,-6.32263e+06
90.6,-6.32241e+06
90.7,-6.32219e+06
90.8,-6.32196e+06
90.9,-6.32173e+06
91,-6.32151e+06
91.1,-6.32128e+06
91.2,-6.32105e+06
91.3,-6.32082e+06
91.4,-6.32059e+06
91.5,-6.32036e+06
91.6,-6.32013e+06
91.7,-6.31989e+06
91.8,-6.31966e+06
91.9,-6.31943e+06
92,-6.31919e+06
92.1,-6.31896e+06
92.2,-6.31872e+06
92.3,-6.31848e+06
92.4,-6.31825e+06
92.5,-6.31801e+06
92.6,-6.31777e+06
92.7,-6.31753e+06
92.8,-6.31729e+06
92.9,-6.31704e+06
93,-6.3168e+06
93.1,-6.31656e+06
93.2,-6.31631e+06
93.3,-6.31607e+06
93.4,-6.31582e+06
93.5,-6.31557e+06
93.6,-6.31533e+06
93.7,-6.31508e+06
93.8,-6.31483e+06
93.9,-6.31458e+06
94,-6.31433e+06
94.1,-6.31408e+06
94.2,-6.31382e+06
94.3,-6.31357e+06
94.4,-6.31332e+06
94.5,-6.31306e+06
94.6,-6.31281e+06
94.7,-6.31255e+06
94.8,-6.31229e+06
94.9,-6.31203e+06
95,-6.31177e+06
95.1,-6.31151e+06
95.2,-6.31125e+06
95.3,-6.31099e+06
95.4,-6.31073e+06
95.5,-6.31047e+06
95.6,-6.3102e+06
95.7,-6.30994e+06
95.8,-6.30967e+06
95.9,-6.3094e+06
96,-6.30914e+06
96.1,-6.30887e+06
96.2,-6.3086e+06
96.3,-6.30833e+06
96.4,-6.30806e+06
96.5,-6.30778e+06
96.6,-6.30751e+06
96.7,-6.30724e+06
96.8,-6.30696e+06
96.9,-6.30669e+06
97,-6.30641e+06
97.1,-6.30613e+06
97.2,-6.30586e+06
97.3,-6.30558e+06
97.4,-6.3053e+06
97.5,-6.30502e+06
97.6,-6.30474e+06
97.7,-6.30445e+06
97.8,-6.30417e+06
97.9,-6.30388e+06
98,-6.3036e+06
98.1,-6.30331e+06
98.2,-6.30303e+06
98.3,-6.30274e+06
98.4,-6.30245e+06
98.5,-6.30216e+06
98.6,-6.30187e+06
98.7,-6.30158e+06
98.8,-6.30129e+06
98.9,-6.30099e+06
99,-6.3007e+06
99.1,-6.3004e+06
99.2,-6.30011e+06
99.3,-6.29981e+06
99.4,-6.29951e+06
99.5,-6.29921e+06
99.6,-6.29891e+06
99.7,-6.29861e+06
99.8,-6.29831e+06
99.9,-6.29801e+06
100,-6.2977e+06
100.1,-6.2974e+06
100.2,-6.2971e+06
100.3,-6.29679e+06
100.4,-6.29648e+06
100.5,-6.29617e+06
100.6,-6.29586e+06
100.7,-6.29555e+06
100.8,-6.29524e+06
100.9,-6.29493e+06
101,-6.29462e+06
101.1,-6.2943e+06
101.2,-6.29399e+06
101.3,-6.29367e+06
101.4,-6.29336e+06
101.5,-6.29304e+06
101.6,-6.29272e+06
101.7,-6.2924e+06
101.8,-6.29208e+06
101.9,-6.29176e+06
102,-6.29143e+06
102.1,-6.29111e+06
102.2,-6.29079e+06
102.3,-6.29046e+06
102.4,-6.29013e+06
102.5,-6.28981e+06
102.6,-6.28948e+06
102.7,-6.28915e+06
102.8,-6.28882e+06
102.9,-6.28849e+06
103,-6.28815e+06
103.1,-6.28782e+06
103.2,-6.28748e+06
103.3,-6.28715e+06
103.4,-6.28681e+06
103.5,-6.28647e+06
103.6,-6.28614e+06
103.7,-6.2858e+06
103.8,-6.28545e+06
103.9,-6.28511e+06
104,-6.28477e+06
104.1,-6.28443e+06
104.2,-6.28408e+06
104.3,-6.28374e+06
104.4,-6.28339e+06
104.5,-6.28304e+06
104.6,-6.28269e+06
104.7,-6.28234e+06
104.8,-6.28199e+06
104.9,-6.28164e+06
105,-6.28129e+06
105.1,-6.28093e+06
105.2,-6.28058e+06
105.3,-6.28022e+06
105.4,-6.27986e+06
105.5,-6.2795e+06
105.6,-6.27914e+06
105.7,-6.27878e+06
105.8,-6.27842e+06
105.9,-6.27806e+06
106,-6.27769e+06
106.1,-6.27733e+06
106.2,-6.27696e+06
106.3,-6.2766e+06
106.4,-6.27623e+06
106.5,-6.27586e+06
106.6,-6.27549e+06
106.7,-6.27512e+06
106.8,-6.27474e+06
106.9,-6.27437e+06
107,-6.274e+06
107.1,-6.27362e+06
107.2,-6.27324e+06
107.3,-6.27287e+06
107.4,-6.27249e+06
107.5,-6.27211e+06
107.6,-6.27172e+06
107.7,-6.27134e+06
107.8,-6.27096e+06
107.9,-6.27057e+06
108,-6.27019e+06
108.1,-6.2698e+06
108.2,-6.26941e+06
108.3,-6.26902e+06
108.4,-6.26863e+06
108.5,-6.26824e+06
108.6,-6.26785e+06
108.7,-6.26745e+06
108.8,-6.26706e+06
108.9,-6.26666e+06
109,-6.26627e+06
109.1,-6.26587e+06
109.2,-6.26547e+06
109.3,-6.26507e+06
109.4,-6.26467e+06
109.5,-6.26426e+06
109.6,-6.26386e+06
109.7,-6.26345e+06
109.8,-6.26305e+06
109.9,-6.26264e+06
110,-6.26223e+06
110.1,-6.26182e+06
110.2,-6.26141e+06
110.3,-6.261e+06
110.4,-6.26058e+06
110.5,-6.26017e+06
110.6,-6.25975e+06
110.7,-6.25933e+06
110.8,-6.25892e+06
110.9,-6.2585e+06
111,-6.25807e+06
111.1,-6.25765e+06
111.2,-6.25723e+06
111.3,-6.2568e+06
111.4,-6.25638e+06
111.5,-6.25595e+06
111.6,-6.25552e+06
111.7,-6.25509e+06
111.8,-6.25466e+06
111.9,-6.25423e+06
112,-6.2538e+06
112.1,-6.25336e+06
112.2,-6.25293e+06
112.3,-6.25249e+06
112.4,-6.25205e+06
112.5,-6.25161e+06
112.6,-6.25117e+06
112.7,-6.25073e+06
112.8,-6.25029e+06
112.9,-6.24984e+06
113,-6.2494e+06
113.1,-6.24895e+06
113.2,-6.2485e+06
113.3,-6.24805e+06
113.4,-6.2476e+06
113.5,-6.24715e+06
113.6,-6.2467e+06
113.7,-6.24624e+06
113.8,-6.24579e+06
113.9,-6.24533e+06
114,-6.24487e+06
114.1,-6.24441e+06
114.2,-6.24395e+06
114.3,-6.24349e+06
114.4,-6.24302e+06
114.5,-6.24256e+06
114.6,-6.24209e+06
114.7,-6.24162e+06
114.8,-6.24116e+06
114.9,-6.24069e+06
115,-6.24021e+06
115.1,-6.23974e+06
115.2,-6.23927e+06
115.3,-6.23879e+06
115.4,-6.23831e+06
115.5,-6.23784e+06
115.6,-6.23736e+06
115.7,-6.23687e+06
115.8,-6.23639e+06
115.9,-6.23591e+06
116,-6.23542e+06
116.1,-6.23494e+06
116.2,-6.23445e+06
116.3,-6.23396e+06
116.4,-6.23347e+06
116.5,-6.23298e+06
116.6,-6.23248e+06
116.7,-6.23199e+06
116.8,-6.23149e+06
116.9,-6.231e+06
117,-6.2305e+06
117.1,-6.23e+06
117.2,-6.22949e+06
117.3,-6.22899e+06
117.4,-6.22849e+06
117.5,-6.22798e+06
117.6,-6.22747e+06
117.7,-6.22696e+06
117.8,-6.22645e+06
117.9,-6.22594e+06
118,-6.22543e+06
118.1,-6.22492e+06
118.2,-6.2244e+06
118.3,-6.22388e+06
118.4,-6.22336e+06
118.5,-6.22284e+06
118.6,-6.22232e+06
118.7,-6.2218e+06
118.8,-6.22127e+06
118.9,-6.22075e+06
119,-6.22022e+06
119.1,-6.21969e+06
119.2,-6.21916e+06
119.3,-6.21863e+06
119.4,-6.21809e+06
119.5,-6.21756e+06
119.6,-6.21702e+06
119.7,-6.21649e+06
119.8,-6.21595e+06
119.9,-6.21541e+06
120,-6.21486e+06
120.1,-6.21432e+06
120.2,-6.21377e+06
120.3,-6.21323e+06
120.4,-6.21268e+06
120.5,-6.21213e+06
120.6,-6.21158e+06
120.7,-6.21102e+06
120.8,-6.21047e+06
120.9,-6.20991e+06
121,-6.20936e+06
121.1,-6.2088e+06
121.2,-6.20824e+06
121.3,-6.20767e+06
121.4,-6.20711e+06
121.5,-6.20654e+06
121.6,-6.20598e+06
121.7,-6.20541e+06
121.8,-6.20484e+06
121.9,-6.20427e+06
122,-6.20369e+06
122.1,-6.20312e+06
122.2,-6.20254e+06
122.3,-6.20197e+06
122.4,-6.20139e+06
122.5,-6.2008e+06
122.6,-6.20022e+06
122.7,-6.19964e+06
122.8,-6.19905e+06
122.9,-6.19846e+06
123,-6.19787e+06
123.1,-6.19728e+06
123.2,-6.19669e+06
123.3,-6.1961e+06
123.4,-6.1955e+06
123.5,-6.1949e+06
123.6,-6.19431e+06
123.7,-6.1937e+06
123.8,-6.1931e+06
123.9,-6.1925e+06
124,-6.19189e+06
124.1,-6.19129e+06
124.2,-6.19068e+06
124.3,-6.19007e+06
124.4,-6.18945e+06
124.5,-6.18884e+06
124.6,-6.18822e+06
124.7,-6.18761e+06
124.8,-6.18699e+06
124.9,-6.18637e+06
125,-6.18574e+06
125.1,-6.18512e+06
125.2,-6.18449e+06
125.3,-6.18387e+06
125.4,-6.18324e+06
125.5,-6.18261e+06
125.6,-6.18197e+06
125.7,-6.18134e+06
125.8,-6.1807e+06
125.9,-6.18006e+06
126,-6.17943e+06
126.1,-6.17878e+06
126.2,-6.17814e+06
126.3,-6.1775e+06
126.4,-6.17685e+06
126.5,-6.1762e+06
126.6,-6.17555e+06
126.7,-6.1749e+06
126.8,-6.17424e+06
126.9,-6.17359e+06
127,-6.17293e+06
127.1,-6.17227e+06
127.2,-6.17161e+06
127.3,-6.17095e+06
127.4,-6.17028e+06
127.5,-6.16962e+06
127.6,-6.16895e+06
127.7,-6.16828e+06
127.8,-6.16761e+06
127.9,-6.16693e+06
128,-6.16626e+06
128.1,-6.16558e+06
128.2,-6.1649e+06
128.3,-6.16422e+06
128.4,-6.16354e+06
128.5,-6.16285e+06
128.6,-6.16216e+06
128.7,-6.16147e+06
128.8,-6.16078e+06
128.9,-6.16009e+06
129,-6.1594e+06
129.1,-6.1587e+06
129.2,-6.158e+06
129.3,-6.1573e+06
129.4,-6.1566e+06
129.5,-6.1559e+06
129.6,-6.15519e+06
129.7,-6.15448e+06
129.8,-6.15377e+06
129.9,-6.15306e+06
130,-6.15235e+06
130.1,-6.15163e+06
130.2,-6.15092e+06
130.3,-6.1502e+06
130.4,-6.14947e+06
130.5,-6.14875e+06
130.6,-6.14803e+06
130.7,-6.1473e+06
130.8,-6.14657e+06
130.9,-6.14584e+06
131,-6.1451e+06
131.1,-6.14437e+06
131.2,-6.14363e+06
131.3,-6.14289e+06
131.4,-6.14215e+06
131.5,-6.14141e+06
131.6,-6.14066e+06
131.7,-6.13992e+06
131.8,-6.13917e+06
131.9,-6.13841e+06
132,-6.13766e+06
132.1,-6.13691e+06
132.2,-6.13615e+06
132.3,-6.13539e+06
132.4,-6.13463e+06
132.5,-6.13386e+06
132.6,-6.1331e+06
132.7,-6.13233e+06
132.8,-6.13156e+06
132.9,-6.13079e+06
133,-6.13001e+06
133.1,-6.12924e+06
133.2,-6.12846e+06
133.3,-6.12768e+06
133.4,-6.12689e+06
133.5,-6.12611e+06
133.6,-6.12532e+06
133.7,-6.12453e+06
133.8,-6.12374e+06
133.9,-6.12295e+06
134,-6.12215e+06
134.1,-6.12135e+06
134.2,-6.12055e+06
134.3,-6.11975e+06
134.4,-6.11895e+06
134.5,-6.11814e+06
134.6,-6.11733e+06
134.7,-6.11652e+06
134.8,-6.11571e+06
134.9,-6.11489e+06
135,-6.11407e+06
135.1,-6.11325e+06
135.2,-6.11243e+06
135.3,-6.11161e+06
135.4,-6.11078e+06
135.5,-6.10995e+06
135.6,-6.10912e+06
135.7,-6.10829e+06
135.8,-6.10745e+06
135.9,-6.10661e+06
136,-6.10577e+06
136.1,-6.10493e+06
136.2,-6.10408e+06
136.3,-6.10324e+06
136.4,-6.10239e+06
136.5,-6.10154e+06
136.6,-6.10068e+06
136.7,-6.09982e+06
136.8,-6.09897e+06
136.9,-6.0981e+06
137,-6.09724e+06
137.1,-6.09637e+06
137.2,-6.09551e+06
137.3,-6.09464e+06
137.4,-6.09376e+06
137.5,-6.09289e+06
137.6,-6.09201e+06
137.7,-6.09113e+06
137.8,-6.09025e+06
137.9,-6.08936e+06
138,-6.08847e+06
138.1,-6.08758e+06
138.2,-6.08669e+06
138.3,-6.0858e+06
138.4,-6.0849e+06
138.5,-6.084e+06
138.6,-6.0831e+06
138.7,-6.08219e+06
138.8,-6.08128e+06
138.9,-6.08037e+06
139,-6.07946e+06
139.1,-6.07855e+06
139.2,-6.07763e+06
139.3,-6.07671e+06
139.4,-6.07579e+06
139.5,-6.07486e+06
139.6,-6.07394e+06
139.7,-6.07301e+06
139.8,-6.07207e+06
139.9,-6.07114e+06
140,-6.0702e+06
140.1,-6.06926e+06
140.2,-6.06832e+06
140.3,-6.06737e+06
140.4,-6.06642e+06
140.5,-6.06547e+06
140.6,-6.06452e+06
140.7,-6.06356e+06
140.8,-6.06261e+06
140.9,-6.06164e+06
141,-6.06068e+06
141.1,-6.05971e+06
141.2,-6.05874e+06
141.3,-6.05777e+06
141.4,-6.0568e+06
141.5,-6.05582e+06
141.6,-6.05484e+06
141.7,-6.05386e+06
141.8,-6.05287e+06
141.9,-6.05189e+06
142,-6.05089e+06
142.1,-6.0499e+06
142.2,-6.04891e+06
142.3,-6.04791e+06
142.4,-6.0469e+06
142.5,-6.0459e+06
142.6,-6.04489e+06
142.7,-6.04388e+06
142.8,-6.04287e+06
142.9,-6.04185e+06
143,-6.04084e+06
143.1,-6.03981e+06
143.2,-6.03879e+06
143.3,-6.03776e+06
143.4,-6.03673e+06
143.5,-6.0357e+06
143.6,-6.03467e+06
143.7,-6.03363e+06
143.8,-6.03259e+06
143.9,-6.03154e+06
144,-6.03049e+06
144.1,-6.02944e+06
144.2,-6.02839e+06
144.3,-6.02734e+06
144.4,-6.02628e+06
144.5,-6.02521e+06
144.6,-6.02415e+06
144.7,-6.02308e+06
144.8,-6.02201e+06
144.9,-6.02094e+06
145,-6.01986e+06
145.1,-6.01878e+06
145.2,-6.0177e+06
145.3,-6.01661e+06
145.4,-6.01553e+06
145.5,-6.01443e+06
145.6,-6.01334e+06
145.7,-6.01224e+06
145.8,-6.01114e+06
145.9,-6.01004e+06
146,-6.00893e+06
146.1,-6.00782e+06
146.2,-6.00671e+06
146.3,-6.00559e+06
146.4,-6.00447e+06
146.5,-6.00335e+06
146.6,-6.00222e+06
146.7,-6.00109e+06
146.8,-5.99996e+06
146.9,-5.99883e+06
147,-5.99769e+06
147.1,-5.99655e+06
147.2,-5.9954e+06
147.3,-5.99425e+06
147.4,-5.9931e+06
147.5,-5.99195e+06
147.6,-5.99079e+06
147.7,-5.98963e+06
147.8,-5.98846e+06
147.9,-5.9873e+06
148,-5.98613e+06
148.1,-5.98495e+06
148.2,-5.98377e+06
148.3,-5.98259e+06
148.4,-5.98141e+06
148.5,-5.98022e+06
148.6,-5.97903e+06
148.7,-5.97784e+06
148.8,-5.97664e+06
148.9,-5.97544e+06
149,-5.97423e+06
149.1,-5.97303e+06
149.2,-5.97182e+06
149.3,-5.9706e+06
149.4,-5.96938e+06
149.5,-5.96816e+06
149.6,-5.96694e+06
149.7,-5.96571e+06
149.8,-5.96448e+06
149.9,-5.96324e+06
150,-5.962e+06
150.1,-5.96076e+06
150.2,-5.95951e+06
150.3,-5.95826e+06
150.4,-5.95701e+06
150.5,-5.95576e+06
150.6,-5.9545e+06
150.7,-5.95323e+06
150.8,-5.95196e+06
150.9,-5.95069e+06
151,-5.94942e+06
151.1,-5.94814e+06
151.2,-5.94686e+06
151.3,-5.94557e+06
151.4,-5.94428e+06
151.5,-5.94299e+06
151.6,-5.94169e+06
151.7,-5.94039e+06
151.8,-5.93909e+06
151.9,-5.93778e+06
152,-5.93647e+06
152.1,-5.93516e+06
152.2,-5.93384e+06
152.3,-5.93251e+06
152.4,-5.93119e+06
152.5,-5.92986e+06
152.6,-5.92852e+06
152.7,-5.92718e+06
152.8,-5.92584e+06
152.9,-5.9245e+06
153,-5.92315e+06
153.1,-5.92179e+06
153.2,-5.92044e+06
153.3,-5.91908e+06
153.4,-5.91771e+06
153.5,-5.91634e+06
153.6,-5.91497e+06
153.7,-5.91359e+06
153.8,-5.91221e+06
153.9,-5.91082e+06
154,-5.90943e+06
154.1,-5.90804e+06
154.2,-5.90664e+06
154.3,-5.90524e+06
154.4,-5.90384e+06
154.5,-5.90243e+06
154.6,-5.90102e+06
154.7,-5.8996e+06
154.8,-5.89818e+06
154.9,-5.89675e+06
155,-5.89532e+06
155.1,-5.89389e+06
155.2,-5.89245e+06
155.3,-5.89101e+06
155.4,-5.88956e+06
155.5,-5.88811e+06
155.6,-5.88665e+06
155.7,-5.88519e+06
155.8,-5.88373e+06
155.9,-5.88226e+06
156,-5.88079e+06
156.1,-5.87931e+06
156.2,-5.87783e+06
156.3,-5.87635e+06
156.4,-5.87486e+06
156.5,-5.87336e+06
156.6,-5.87186e+06
156.7,-5.87036e+06
156.8,-5.86885e+06
156.9,-5.86734e+06
157,-5.86583e+06
157.1,-5.8643e+06
157.2,-5.86278e+06
157.3,-5.86125e+06
157.4,-5.85972e+06
157.5,-5.85818e+06
157.6,-5.85663e+06
157.7,-5.85509e+06
157.8,-5.85353e+06
157.9,-5.85198e+06
158,-5.85042e+06
158.1,-5.84885e+06
158.2,-5.84728e+06
158.3,-5.8457e+06
158.4,-5.84412e+06
158.5,-5.84254e+06
158.6,-5.84095e+06
158.7,-5.83935e+06
158.8,-5.83776e+06
158.9,-5.83615e+06
159,-5.83454e+06
159.1,-5.83293e+06
159.2,-5.83131e+06
159.3,-5.82969e+06
159.4,-5.82806e+06
159.5,-5.82643e+06
159.6,-5.82479e+06
159.7,-5.82315e+06
159.8,-5.8215e+06
159.9,-5.81985e+06
160,-5.81819e+06
160.1,-5.81653e+06
160.2,-5.81486e+06
160.3,-5.81319e+06
160.4,-5.81151e+06
160.5,-5.80983e+06
160.6,-5.80814e+06
160.7,-5.80645e+06
160.8,-5.80475e+06
160.9,-5.80305e+06
161,-5.80134e+06
161.1,-5.79962e+06
161.2,-5.79791e+06
161.3,-5.79618e+06
161.4,-5.79445e+06
161.5,-5.79272e+06
161.6,-5.79098e+06
161.7,-5.78924e+06
161.8,-5.78748e+06
161.9,-5.78573e+06
162,-5.78397e+06
162.1,-5.7822e+06
162.2,-5.78043e+06
162.3,-5.77865e+06
162.4,-5.77687e+06
162.5,-5.77508e+06
162.6,-5.77329e+06
162.7,-5.77149e+06
162.8,-5.76969e+06
162.9,-5.76788e+06
163,-5.76606e+06
163.1,-5.76424e+06
163.2,-5.76242e+06
163.3,-5.76058e+06
163.4,-5.75875e+06
163.5,-5.7569e+06
163.6,-5.75505e+06
163.7,-5.7532e+06
163.8,-5.75134e+06
163.9,-5.74947e+06
164,-5.7476e+06
164.1,-5.74572e+06
164.2,-5.74384e+06
164.3,-5.74195e+06
164.4,-5.74005e+06
164.5,-5.73815e+06
164.6,-5.73624e+06
164.7,-5.73433e+06
164.8,-5.73241e+06
164.9,-5.73049e+06
165,-5.72856e+06
165.1,-5.72662e+06
165.2,-5.72468e+06
165.3,-5.72273e+06
165.4,-5.72077e+06
165.5,-5.71881e+06
165.6,-5.71684e+06
165.7,-5.71487e+06
165.8,-5.71289e+06
165.9,-5.7109e+06
166,-5.70891e+06
166.1,-5.70691e+06
166.2,-5.7049e+06
166.3,-5.70289e+06
166.4,-5.70087e+06
166.5,-5.69885e+06
166.6,-5.69682e+06
166.7,-5.69478e+06
166.8,-5.69274e+06
166.9,-5.69069e+06
167,-5.68863e+06
167.1,-5.68657e+06
167.2,-5.6845e+06
167.3,-5.68242e+06
167.4,-5.68034e+06
167.5,-5.67825e+06
167.6,-5.67616e+06
167.7,-5.67405e+06
167.8,-5.67194e+06
167.9,-5.66983e+06
168,-5.6677e+06
168.1,-5.66557e+06
168.2,-5.66344e+06
168.3,-5.66129e+06
168.4,-5.65914e+06
168.5,-5.65699e+06
168.6,-5.65482e+06
168.7,-5.65265e+06
168.8,-5.65047e+06
168.9,-5.64829e+06
169,-5.6461e+06
169.1,-5.6439e+06
169.2,-5.64169e+06
169.3,-5.63947e+06
169.4,-5.63725e+06
169.5,-5.63503e+06
169.6,-5.63279e+06
169.7,-5.63055e+06
169.8,-5.6283e+06
169.9,-5.62604e+06
170,-5.62378e+06
170.1,-5.6215e+06
170.2,-5.61922e+06
170.3,-5.61694e+06
170.4,-5.61464e+06
170.5,-5.61234e+06
170.6,-5.61003e+06
170.7,-5.60771e+06
170.8,-5.60539e+06
170.9,-5.60306e+06
171,-5.60071e+06
171.1,-5.59837e+06
171.2,-5.59601e+06
171.3,-5.59365e+06
171.4,-5.59128e+06
171.5,-5.5889e+06
171.6,-5.58651e+06
171.7,-5.58412e+06
171.8,-5.58171e+06
171.9,-5.5793e+06
172,-5.57688e+06
172.1,-5.57446e+06
172.2,-5.57202e+06
172.3,-5.56958e+06
172.4,-5.56712e+06
172.5,-5.56467e+06
172.6,-5.5622e+06
172.7,-5.55972e+06
172.8,-5.55724e+06
172.9,-5.55474e+06
173,-5.55224e+06
173.1,-5.54973e+06
173.2,-5.54721e+06
173.3,-5.54469e+06
173.4,-5.54215e+06
173.5,-5.53961e+06
173.6,-5.53706e+06
173.7,-5.53449e+06
173.8,-5.53192e+06
173.9,-5.52935e+06
174,-5.52676e+06
174.1,-5.52416e+06
174.2,-5.52156e+06
174.3,-5.51894e+06
174.4,-5.51632e+06
174.5,-5.51369e+06
174.6,-5.51105e+06
174.7,-5.5084e+06
174.8,-5.50574e+06
174.9,-5.50307e+06
175,-5.50039e+06
175.1,-5.49771e+06
175.2,-5.49501e+06
175.3,-5.4923e+06
175.4,-5.48959e+06
175.5,-5.48687e+06
175.6,-5.48413e+06
175.7,-5.48139e+06
175.8,-5.47864e+06
175.9,-5.47588e+06
176,-5.4731e+06
176.1,-5.47032e+06
176.2,-5.46753e+06
176.3,-5.46473e+06
176.4,-5.46192e+06
176.5,-5.4591e+06
176.6,-5.45627e+06
176.7,-5.45343e+06
176.8,-5.45058e+06
176.9,-5.44772e+06
177,-5.44485e+06
177.1,-5.44197e+06
177.2,-5.43908e+06
177.3,-5.43618e+06
177.4,-5.43326e+06
177.5,-5.43034e+06
177.6,-5.42741e+06
177.7,-5.42447e+06
177.8,-5.42151e+06
177.9,-5.41855e+06
178,-5.41558e+06
178.1,-5.41259e+06
178.2,-5.4096e+06
178.3,-5.40659e+06
178.4,-5.40357e+06
178.5,-5.40055e+06
178.6,-5.39751e+06
178.7,-5.39446e+06
178.8,-5.3914e+06
178.9,-5.38833e+06
179,-5.38524e+06
179.1,-5.38215e+06
179.2,-5.37905e+06
179.3,-5.37593e+06
179.4,-5.3728e+06
179.5,-5.36966e+06
179.6,-5.36651e+06
179.7,-5.36335e+06
179.8,-5.36018e+06
179.9,-5.35699e+06
180,-5.3538e+06
180.1,-5.35059e+06
180.2,-5.34737e+06
180.3,-5.34413e+06
180.4,-5.34089e+06
180.5,-5.33763e+06
180.6,-5.33437e+06
180.7,-5.33109e+06
180.8,-5.32779e+06
180.9,-5.32449e+06
181,-5.32117e+06
181.1,-5.31784e+06
181.2,-5.3145e+06
181.3,-5.31115e+06
181.4,-5.30778e+06
181.5,-5.3044e+06
181.6,-5.30101e+06
181.7,-5.29761e+06
181.8,-5.29419e+06
181.9,-5.29076e+06
182,-5.28732e+06
182.1,-5.28386e+06
182.2,-5.28039e+06
182.3,-5.27691e+06
182.4,-5.27342e+06
182.5,-5.26991e+06
182.6,-5.26639e+06
182.7,-5.26285e+06
182.8,-5.2593e+06
182.9,-5.25574e+06
183,-5.25216e+06
183.1,-5.24857e+06
183.2,-5.24497e+06
183.3,-5.24135e+06
183.4,-5.23772e+06
183.5,-5.23408e+06
183.6,-5.23042e+06
183.7,-5.22675e+06
183.8,-5.22306e+06
183.9,-5.21936e+06
184,-5.21564e+06
184.1,-5.21191e+06
184.2,-5.20817e+06
184.3,-5.20441e+06
184.4,-5.20063e+06
184.5,-5.19685e+06
184.6,-5.19304e+06
184.7,-5.18922e+06
184.8,-5.18539e+06
184.9,-5.18154e+06
185,-5.17768e+06
185.1,-5.1738e+06
185.2,-5.16991e+06
185.3,-5.166e+06
185.4,-5.16207e+06
185.5,-5.15813e+06
185.6,-5.15417e+06
185.7,-5.1502e+06
185.8,-5.14621e+06
185.9,-5.14221e+06
186,-5.13819e+06
186.1,-5.13416e+06
186.2,-5.1301e+06
186.3,-5.12604e+06
186.4,-5.12195e+06
186.5,-5.11785e+06
186.6,-5.11373e+06
186.7,-5.1096e+06
186.8,-5.10545e+06
186.9,-5.10128e+06
187,-5.0971e+06
187.1,-5.09289e+06
187.2,-5.08868e+06
187.3,-5.08444e+06
187.4,-5.08019e+06
187.5,-5.07592e+06
187.6,-5.07163e+06
187.7,-5.06732e+06
187.8,-5.063e+06
187.9,-5.05866e+06
188,-5.0543e+06
188.1,-5.04992e+06
188.2,-5.04552e+06
188.3,-5.04111e+06
188.4,-5.03668e+06
188.5,-5.03223e+06
188.6,-5.02776e+06
188.7,-5.02327e+06
188.8,-5.01877e+06
188.9,-5.01424e+06
189,-5.0097e+06
189.1,-5.00513e+06
189.2,-5.00055e+06
189.3,-4.99595e+06
189.4,-4.99133e+06
189.5,-4.98669e+06
189.6,-4.98203e+06
189.7,-4.97735e+06
189.8,-4.97265e+06
189.9,-4.96792e+06
190,-4.96318e+06
190.1,-4.95842e+06
190.2,-4.95364e+06
190.3,-4.94884e+06
190.4,-4.94402e+06
190.5,-4.93917e+06
190.6,-4.93431e+06
190.7,-4.92943e+06
190.8,-4.92452e+06
190.9,-4.91959e+06
191,-4.91464e+06
191.1,-4.90967e+06
191.2,-4.90468e+06
191.3,-4.89967e+06
191.4,-4.89463e+06
191.5,-4.88957e+06
191.6,-4.88449e+06
191.7,-4.87939e+06
191.8,-4.87426e+06
191.9,-4.86912e+06
192,-4.86395e+06
192.1,-4.85875e+06
192.2,-4.85353e+06
192.3,-4.84829e+06
192.4,-4.84303e+06
192.5,-4.83774e+06
192.6,-4.83243e+06
192.7,-4.8271e+06
192.8,-4.82174e+06
192.9,-4.81636e+06
193,-4.81095e+06
193.1,-4.80552e+06
193.2,-4.80006e+06
193.3,-4.79458e+06
193.4,-4.78908e+06
193.5,-4.78355e+06
193.6,-4.77799e+06
193.7,-4.77241e+06
193.8,-4.7668e+06
193.9,-4.76117e+06
194,-4.75551e+06
194.1,-4.74983e+06
194.2,-4.74411e+06
194.3,-4.73838e+06
194.4,-4.73261e+06
194.5,-4.72682e+06
194.6,-4.721e+06
194.7,-4.71516e+06
194.8,-4.70929e+06
194.9,-4.70339e+06
195,-4.69746e+06
195.1,-4.6915e+06
195.2,-4.68552e+06
195.3,-4.67951e+06
195.4,-4.67347e+06
195.5,-4.6674e+06
195.6,-4.6613e+06
195.7,-4.65517e+06
195.8,-4.64901e+06
195.9,-4.64283e+06
196,-4.63661e+06
196.1,-4.63037e+06
196.2,-4.62409e+06
196.3,-4.61779e+06
196.4,-4.61145e+06
196.5,-4.60508e+06
196.6,-4.59868e+06
196.7,-4.59226e+06
196.8,-4.58579e+06
196.9,-4.5793e+06
197,-4.57278e+06
197.1,-4.56622e+06
197.2,-4.55963e+06
197.3,-4.55301e+06
197.4,-4.54636e+06
197.5,-4.53967e+06
197.6,-4.53295e+06
197.7,-4.5262e+06
197.8,-4.51941e+06
197.9,-4.51259e+06
198,-4.50574e+06
198.1,-4.49885e+06
198.2,-4.49192e+06
198.3,-4.48497e+06
198.4,-4.47797e+06
198.5,-4.47094e+06
198.6,-4.46388e+06
198.7,-4.45678e+06
198.8,-4.44964e+06
198.9,-4.44246e+06
199,-4.43525e+06
199.1,-4.42801e+06
199.2,-4.42072e+06
199.3,-4.4134e+06
199.4,-4.40604e+06
199.5,-4.39864e+06
199.6,-4.3912e+06
199.7,-4.38373e+06
199.8,-4.37621e+06
199.9,-4.36866e+06
200,-4.36106e+06
200.1,-4.35343e+06
200.2,-4.34575e+06
200.3,-4.33804e+06
200.4,-4.33028e+06
200.5,-4.32249e+06
200.6,-4.31465e+06
200.7,-4.30677e+06
200.8,-4.29885e+06
200.9,-4.29088e+06
201,-4.28287e+06
201.1,-4.27482e+06
201.2,-4.26673e+06
201.3,-4.25859e+06
201.4,-4.25041e+06
201.5,-4.24218e+06
201.6,-4.23391e+06
201.7,-4.22559e+06
201.8,-4.21723e+06
201.9,-4.20882e+06
202,-4.20036e+06
202.1,-4.19186e+06
202.2,-4.18331e+06
202.3,-4.17472e+06
202.4,-4.16607e+06
202.5,-4.15738e+06
202.6,-4.14864e+06
202.7,-4.13985e+06
202.8,-4.13101e+06
202.9,-4.12212e+06
203,-4.11318e+06
203.1,-4.10419e+06
203.2,-4.09515e+06
203.3,-4.08605e+06
203.4,-4.07691e+06
203.5,-4.06771e+06
203.6,-4.05846e+06
203.7,-4.04916e+06
203.8,-4.0398e+06
203.9,-4.03039e+06
204,-4.02092e+06
204.1,-4.0114e+06
204.2,-4.00182e+06
204.3,-3.99219e+06
204.4,-3.98249e+06
204.5,-3.97275e+06
204.6,-3.96294e+06
204.7,-3.95308e+06
204.8,-3.94316e+06
204.9,-3.93318e+06
205,-3.92314e+06
205.1,-3.91303e+06
205.2,-3.90287e+06
205.3,-3.89265e+06
205.4,-3.88237e+06
205.5,-3.87202e+06
205.6,-3.86161e+06
205.7,-3.85114e+06
205.8,-3.8406e+06
205.9,-3.83e+06
206,-3.81933e+06
206.1,-3.8086e+06
206.2,-3.7978e+06
206.3,-3.78693e+06
206.4,-3.776e+06
206.5,-3.765e+06
206.6,-3.75393e+06
206.7,-3.74278e+06
206.8,-3.73158e+06
206.9,-3.72029e+06
207,-3.70894e+06
207.1,-3.69752e+06
207.2,-3.68602e+06
207.3,-3.67445e+06
207.4,-3.6628e+06
207.5,-3.65108e+06
207.6,-3.63928e+06
207.7,-3.62741e+06
207.8,-3.61546e+06
207.9,-3.60344e+06
208,-3.59133e+06
208.1,-3.57914e+06
208.2,-3.56688e+06
208.3,-3.55453e+06
208.4,-3.54211e+06
208.5,-3.5296e+06
208.6,-3.517e+06
208.7,-3.50433e+06
208.8,-3.49156e+06
208.9,-3.47871e+06
209,-3.46578e+06
209.1,-3.45276e+06
209.2,-3.43965e+06
209.3,-3.42645e+06
209.4,-3.41316e+06
209.5,-3.39978e+06
209.6,-3.3863e+06
209.7,-3.37274e+06
209.8,-3.35908e+06
209.9,-3.34532e+06
210,-3.33147e+06
210.1,-3.31753e+06
210.2,-3.30348e+06
210.3,-3.28934e+06
210.4,-3.27509e+06
210.5,-3.26075e+06
210.6,-3.2463e+06
210.7,-3.23175e+06
210.8,-3.2171e+06
210.9,-3.20233e+06
211,-3.18747e+06
211.1,-3.1725e+06
211.2,-3.15741e+06
211.3,-3.14222e+06
211.4,-3.12692e+06
211.5,-3.1115e+06
211.6,-3.09597e+06
211.7,-3.08033e+06
211.8,-3.06457e+06
211.9,-3.04869e+06
212,-3.03269e+06
212.1,-3.01658e+06
212.2,-3.00034e+06
212.3,-2.98398e+06
212.4,-2.9675e+06
212.5,-2.95089e+06
212.6,-2.93415e+06
212.7,-2.91729e+06
212.8,-2.9003e+06
212.9,-2.88317e+06
213,-2.86591e+06
213.1,-2.84852e+06
213.2,-2.83099e+06
213.3,-2.81333e+06
213.4,-2.79552e+06
213.5,-2.77758e+06
213.6,-2.75949e+06
213.7,-2.74126e+06
213.8,-2.72288e+06
213.9,-2.70436e+06
214,-2.68569e+06
214.1,-2.66686e+06
214.2,-2.64789e+06
214.3,-2.62876e+06
214.4,-2.60947e+06
214.5,-2.59003e+06
214.6,-2.57042e+06
214.7,-2.55065e+06
214.8,-2.53072e+06
214.9,-2.51063e+06
215,-2.49036e+06
215.1,-2.46992e+06
215.2,-2.44932e+06
215.3,-2.42853e+06
215.4,-2.40757e+06
215.5,-2.38643e+06
215.6,-2.36512e+06
215.7,-2.34362e+06
215.8,-2.32193e+06
215.9,-2.30005e+06
216,-2.27799e+06
216.1,-2.25573e+06
216.2,-2.23327e+06
216.3,-2.21062e+06
216.4,-2.18777e+06
216.5,-2.16472e+06
216.6,-2.14146e+06
216.7,-2.11799e+06
216.8,-2.09431e+06
216.9,-2.07042e+06
217,-2.04631e+06
217.1,-2.02199e+06
217.2,-1.99744e+06
217.3,-1.97267e+06
217.4,-1.94767e+06
217.5,-1.92244e+06
217.6,-1.89698e+06
217.7,-1.87127e+06
217.8,-1.84534e+06
217.9,-1.81915e+06
218,-1.79273e+06
218.1,-1.76605e+06
218.2,-1.73912e+06
218.3,-1.71195e+06
218.4,-1.68451e+06
218.5,-1.6568e+06
218.6,-1.62884e+06
218.7,-1.60061e+06
218.8,-1.5721e+06
218.9,-1.54333e+06
219,-1.51427e+06
219.1,-1.48494e+06
219.2,-1.45532e+06
219.3,-1.42542e+06
219.4,-1.39522e+06
219.5,-1.36474e+06
219.6,-1.33396e+06
219.7,-1.30288e+06
219.8,-1.2715e+06
219.9,-1.23983e+06
220,-1.20784e+06
220.1,-1.17555e+06
220.2,-1.14296e+06
220.3,-1.11006e+06
220.4,-1.07685e+06
220.5,-1.04334e+06
220.6,-1.00952e+06
220.7,-975395
220.8,-940964
220.9,-906244
221,-871240
221.1,-835951
221.2,-800394
221.3,-764571
221.4,-728518
221.5,-692251
221.6,-655775
221.7,-619168
221.8,-582426
221.9,-545626
222,-508837
222.1,-472126
222.2,-435600
222.3,-399382
222.4,-363628
222.5,-328506
222.6,-294273
222.7,-261148
222.8,-229407
222.9,-199400
223,-171397
223.1,-145665
223.2,-122366
223.3,-101572
223.4,-83295.2
223.5,-67374.1
223.6,-53572.7
223.7,-41676.6
223.8,-31446.2
223.9,-22608.7
224,-14952.9
224.1,-14965.8
224.2,-14958.9
224.3,-14958.6
224.4,-14964.5
224.5,-14961.6
224.6,-14965.9
224.7,-14970.1
224.8,-14967.2
224.9,-14951.2
225,-14952.9
225.1,-14968.3
225.2,-14965.4
225.3,-14965.1
225.4,-14953.6
225.5,-14970.9
225.6,-14968
225.7,-14965.1
225.8,-14956.1
225.9,-14964.7
226,-14977.5
226.1,-14970.1
226.2,-14971.7
226.3,-14960.1
226.4,-14959.7
226.5,-14956.8
226.6,-14976.6
226.7,-14950.9
226.8,-14973.2
226.9,-14954.5
227,-14974.3
227.1,-14955.6
227.2,-14971.6
227.3,-14963.3
227.4,-14967.4
227.5,-14955.7
227.6,-14966.4
227.7,-14963.4
227.8,-14967.4
227.9,-14964.4
228,-14966.4
228.1,-14958.9
228.2,-14962.9
228.3,-14959.8
228.4,-14952.6
228.5,-14970.3
228.6,-14962.7
228.7,-14964.1
228.8,-14968.1
228.9,-14967.5
229,-14962.8
229.1,-14970.9
229.2,-14967.8
229.3,-14975
229.4,-14974.4
229.5,-14954.8
229.6,-14965.7
229.7,-14973.8
229.8,-14973.2
229.9,-14954.3
230,-14953.7
230.1,-14960.1
230.2,-14975.1
230.3,-14967.4
230.4,-14962.6
230.5,-14977.7
230.6,-14972.5
230.7,-14964.8
230.8,-14973.1
230.9,-14963.4
231,-14962.7
231.1,-14957.8
231.2,-14972.8
231.3,-14962.5
231.4,-14961.8
231.5,-14963.6
231.6,-14967.4
231.7,-14948.4
231.8,-14963.4
231.9,-14962.6
232,-14968.9
232.1,-14972.6
232.2,-14951.6
232.3,-14966.6
232.4,-14965.8
232.5,-14960.8
232.6,-14975.7
232.7,-14970.4
232.8,-14958.4
232.9,-14953.1
233,-14963.4
233.1,-14953.9
233.2,-14953.1
233.3,-14956.8
233.4,-14960.1
233.5,-14966.2
233.6,-14965.4
233.7,-14971.5
233.8,-14974
233.9,-14961.6
234,-14963.2
234.1,-14966.8
234.2,-14969.6
234.3,-14948.5
234.4,-14963.3
234.5,-14964.9
234.6,-14975.5
234.7,-14974.5
234.8,-14976.1
234.9,-14968.1
235,-14967.2
235.1,-14968.8
235.2,-14970.3
235.3,-14965.2
235.4,-14964.2
235.5,-14947.2
235.6,-14968.9
235.7,-14959.2
235.8,-14958.2
235.9,-14975.4
236,-14973.2
236.1,-14968.9
236.2,-14963.3
236.3,-14949.1
236.4,-14970.8
236.5,-14972.3
236.6,-14971.2
236.7,-14961.1
236.8,-14962.6
236.9,-14952.8
237,-14954.3
237.1,-14973.4
237.2,-14970.3
237.3,-14953.5
237.4,-14966.5
237.5,-14965.3
237.6,-14970.9
237.7,-14972.3
237.8,-14955.5
237.9,-14972.9
238,-14951.2
238.1,-14968.2
238.2,-14967.1
238.3,-14957.2
238.4,-14958.6
238.5,-14968.6
238.6,-14970.7
238.7,-14968.7
238.8,-14966.4
238.9,-14962.4
239,-14963.7
239.1,-14962.4
239.2,-14967.1
239.3,-14958
239.4,-14974.1
239.5,-14956.4
239.6,-14973.3
239.7,-14967.6
239.8,-14976.7
239.9,-14970.1
240,-14960.1
240.1,-14972.6
240.2,-14971.3
240.3,-14972.5
240.4,-14958
240.5,-14961.7
240.6,-14964.6
240.7,-14978.1
240.8,-14971.5
240.9,-14961.1
241,-14969.3
241.1,-14970.5
241.2,-14955.9
241.3,-14972.8
241.4,-14969.4
241.5,-14966.1
241.6,-14963.1
241.7,-14952.6
241.8,-14969.5
241.9,-14966.1
242,-14956
242.1,-14970.8
242.2,-14972.7
242.3,-14969.3
242.4,-14960
242.5,-14972.6
242.6,-14964.7
242.7,-14966.6
242.8,-14962.3
242.9,-14968.7
243,-14972.2
243.1,-14960.9
243.2,-14953.3
243.3,-14958.8
243.4,-14971
243.5,-14967.5
243.6,-14975.5
243.7,-14960.8
243.8,-14973
243.9,-14969.5
244,-14966
244.1,-14974
244.2,-14970.4
244.3,-14966.9
244.4,-14968.6
244.5,-14968.8
244.6,-14960.7
244.7,-14964.1
244.8,-14965.1
244.9,-14962.3
245,-14974.7
245.1,-14958.8
245.2,-14966.7
245.3,-14970.1
245.4,-14971
245.5,-14975.2
245.6,-14970.8
245.7,-14971.6
245.8,-14963.8
245.9,-14971.3
246,-14967.7
246.1,-14971
246.2,-14960.7
246.3,-14959.5
246.4,-14955.8
246.5,-14974.8
246.6,-14968.6
246.7,-14967.4
246.8,-14982.3
246.9,-14967
247,-14975.6
247.1,-14967.4
247.2,-14970.7
247.3,-14966.1
247.4,-14976.4
247.5,-14974.6
247.6,-14973.4
247.7,-14960.9
247.8,-14972.8
247.9,-14971.9
248,-14972.3
248.1,-14975.5
248.2,-14971.7
248.3,-14963.7
248.4,-14966.1
248.5,-14958.6
248.6,-14977.4
248.7,-14962.4
248.8,-14961.1
248.9,-14966.8
249,-14978.6
249.1,-14963.5
249.2,-14970.8
249.3,-14969.5
249.4,-14972.6
249.5,-14967.1
249.6,-14974.4
249.7,-14965.9
249.8,-14969
249.9,-14968
250,-14971.1
250.1,-14978.3
250.2,-14958.7
250.3,-14961.8
250.4,-14961.5
250.5,-14974.9
250.6,-14966.4
250.7,-14962.4
250.8,-14965.5
250.9,-14971
251,-14969.5
251.1,-14965.5
251.2,-14966
251.3,-14975.7
251.4,-14974.2
251.5,-14961.5
251.6,-14963.7
251.7,-14970
251.8,-14961.4
251.9,-14982.6
252,-14974.4
252.1,-14967.5
252.2,-14977.9
252.3,-14965.2
252.4,-14968.1
252.5,-14967.7
252.6,-14968.6
252.7,-14972.3
252.8,-14970.7
252.9,-14963.3
253,-14965
253.1,-14970.4
253.2,-14965.4
253.3,-14976.1
253.4,-14985.7
253.5,-14968.3
253.6,-14963.3
253.7,-14968.7
253.8,-14974.9
253.9,-14966.2
254,-14963.7
254.1,-14966.5
254.2,-14967.3
254.3,-14965.6
254.4,-14976.2
254.5,-14967.5
254.6,-14968.3
254.7,-14965.7
254.8,-14971.8
254.9,-14963
255,-14965.8
255.1,-14963.2
255.2,-14976.3
255.3,-14967.5
255.4,-14962.4
255.5,-14968.5
255.6,-14969.2
255.7,-14966.5
255.8,-14969.2
255.9,-14962.9
256,-14968.9
256.1,-14974.1
256.2,-14971.5
256.3,-14969.6
256.4,-14971.1
256.5,-14961.4
256.6,-14974.4
256.7,-14975.1
256.8,-14965.3
256.9,-14963.4
257,-14969.4
257.1,-14972
257.2,-14972.6
257.3,-14965.4
257.4,-14975.8
257.5,-14973.9
257.6,-14964.1
257.7,-14972.5
257.8,-14977.6
257.9,-14959.1
258,-14972.9
258.1,-14966.4
258.2,-14971.4
258.3,-14976.5
258.4,-14961.3
258.5,-14975
258.6,-14976.3
258.7,-14973.5
258.8,-14974.8
258.9,-14951.8
259,-14972.5
259.1,-14970.4
259.2,-14971.7
259.3,-14959.8
259.4,-14979.7
259.5,-14962.7
259.6,-14968.5
259.7,-14969
259.8,-14973.9
259.9,-14974.3
260,-14955.7
260.1,-14964.8
260.2,-14965.2
260.3,-14970.1
260.4,-14959.3
260.5,-14970.8
260.6,-14964.2
260.7,-14976.9
260.8,-14971.4
260.9,-14967.3
261,-14974.6
261.1,-14967.9
261.2,-14965.8
261.3,-14969.4
261.4,-14976.8
261.5,-14977.1
261.6,-14967.9
261.7,-14964.8
261.8,-14972.9
261.9,-14973.2
262,-14965.6
262.1,-14974.9
262.2,-14978.5
262.3,-14963.9
262.4,-14964.2
262.5,-14975.9
262.6,-14976.2
262.7,-14964.9
262.8,-14977.4
262.9,-14969.8
263,-14970
263.1,-14977.2
263.2,-14965.9
263.3,-14963.6
263.4,-14978.6
263.5,-14974.3
263.6,-14974.4
263.7,-14979.1
263.8,-14964.4
263.9,-14967.9
264,-14972.5
264.1,-14972.6
264.2,-14978.9
264.3,-14975.4
264.4,-14975.5
264.5,-14972.3
264.6,-14972.3
264.7,-14974.9
264.8,-14975.9
264.9,-14975.1
265,-14972.7
265.1,-14975.2
265.2,-14970.8
265.3,-14971.6
265.4,-14970.8
265.5,-14974.2
265.6,-14969.7
265.7,-14976.8
265.8,-14974.3
265.9,-14974.3
266,-14969.8
266.1,-14980.9
266.2,-14972.2
266.3,-14973.4
266.4,-14972.2
266.5,-14974.7
266.6,-14971.3
266.7,-14978.2
266.8,-14969.2
266.9,-14962.1
267,-14976.9
267.1,-14968.9
267.2,-14979.2
267.3,-14973.8
267.4,-14962.1
267.5,-14974.4
267.6,-14988
267.7,-14983.3
267.8,-14974.5
267.9,-14981.4
268,-14966.4
268.1,-14973.2
268.2,-14971.1
268.3,-14970.9
268.4,-14989.3
268.5,-14973.1
268.6,-14983.2
268.7,-14975.2
268.8,-14966.3
268.9,-14984.3
269,-14972.6
269.1,-14974.9
269.2,-14974.6
269.3,-14976.9
269.4,-14972.2
269.5,-14975.2
269.6,-14975
269.7,-14972.7
269.8,-14968
269.9,-14966.8
270,-14976.1
270.1,-14975.8
270.2,-14978
270.3,-14973.2
270.4,-14975.3
270.5,-14966.3
270.6,-14977.2
270.7,-14979.4
270.8,-14974.5
270.9,-14965.5
271,-14978.8
271.1,-14958.3
271.2,-14980.6
271.3,-14975.7
271.4,-14977.8
271.5,-14975.4
271.6,-14970.5
271.7,-14970.1
271.8,-14971.1
271.9,-14973.2
272,-14971.9
272.1,-14969.4
272.2,-14980.5
272.3,-14974.4
272.4,-14981
272.5,-14975.2
272.6,-14968.5
272.7,-14979.2
272.8,-14989.1
272.9,-14983.2
273,-14978.2
273.1,-14960
273.2,-14977.7
273.3,-14980.6
273.4,-14974.7
273.5,-14972.1
273.6,-14981.1
273.7,-14962.9
273.8,-14978
273.9,-14975.4
274,-14980.7
274.1,-14978.1
274.2,-14963.5
274.3,-14978.6
274.4,-14976
274.5,-14973.4
274.6,-14986.8
274.7,-14973
274.8,-14979.1
274.9,-14976.4
275,-14978.3
275.1,-14984.7
275.2,-14984.5
275.3,-14982.7
275.4,-14976.7
275.5,-14971.5
275.6,-14968.8
275.7,-14981
275.8,-14981.9
275.9,-14972.2
276,-14962.8
276.1,-14975.8
276.2,-14984.6
276.3,-14973.1
276.4,-14972.4
276.5,-14980.8
276.6,-14978.1
276.7,-14986.8
276.8,-14972.9
276.9,-14985.8
277,-14967.3
277.1,-14984.7
277.2,-14986.4
277.3,-14970.4
277.4,-14976.3
277.5,-14973.5
277.6,-14975.1
277.7,-14975.7
277.8,-14972
277.9,-14980.6
278,-14977.8
278.1,-14979.4
278.2,-14976.5
278.3,-14980.6
278.4,-14969.1
278.5,-14963.7
278.6,-14976.5
278.7,-14980.6
278.8,-14982.2
278.9,-14979.2
279,-14971.8
279.1,-14968.9
279.2,-14977.4
279.3,-14974.5
279.4,-14974
279.5,-14978.1
279.6,-14975.1
279.7,-14983.6
279.8,-14984
279.9,-14973.1
280,-14979.6
280.1,-14981.1
280.2,-14978.1
280.3,-14975.1
280.4,-14974.5
280.5,-14983
280.6,-14968.8
280.7,-14972.4
280.8,-14977.2
280.9,-14977.8
281,-14981.7
281.1,-14982
281.2,-14978.9
281.3,-14974.9
281.4,-14978.8
281.5,-14986.1
281.6,-14970.6
281.7,-14977.8
281.8,-14979.2
281.9,-14975.2
282,-14979.1
282.1,-14971.4
282.2,-14975.2
282.3,-14976.6
282.4,-14980.4
282.5,-14979.7
282.6,-14983.5
282.7,-14980.3
282.8,-14973.5
282.9,-14979.8
283,-14968.7
283.1,-14979.5
283.2,-14978.7
283.3,-14978.8
283.4,-14974.7
283.5,-14981.8
283.6,-14979.7
283.7,-14981.4
283.8,-14985.2
283.9,-14981.9
284,-14962.9
284.1,-14984.8
284.2,-14968.3
284.3,-14980.7
284.4,-14984.4
284.5,-14983.5
284.6,-14982.7
284.7,-14963.6
284.8,-14983
284.9,-14978.5
285,-14977.6
285.1,-14973.4
285.2,-14984.9
285.3,-14986.4
285.4,-14985.6
285.5,-14975.2
285.6,-14961.9
285.7,-14977
285.8,-14971.5
285.9,-14976
286,-14974.2
286.1,-14970.7
286.2,-14981.3
286.3,-14983.7
286.4,-14987.2
286.5,-14971.4
286.6,-14978.2
286.7,-14972.7
286.8,-14976.2
286.9,-14986.7
287,-14973.4
287.1,-14980.2
287.2,-14979.2
287.3,-14985.1
287.4,-14980.7
287.5,-14987.5
287.6,-14971.6
287.7,-14985.4
287.8,-14981
287.9,-14975.4
288,-14982.1
288.1,-14974.1
288.2,-14984.5
288.3,-14983.3
288.4,-14977.7
288.5,-14982.7
288.6,-14986.1
288.7,-14981.3
288.8,-14975.7
288.9,-14973.6
289,-14979.5
289.1,-14975.8
289.2,-14989.5
289.3,-14980.5
289.4,-14986.2
289.5,-14973.9
289.6,-14983.8
289.7,-14978.1
289.8,-14983.9
289.9,-14987.2
290,-14981.4
290.1,-14983.5
290.2,-14974.4
290.3,-14988
290.4,-14978.9
290.5,-14981
290.6,-14981.3
290.7,-14992.4
290.8,-14976.3
290.9,-14970.5
291,-14976.1
291.1,-14966.1
291.2,-14971.8
291.3,-14979.2
291.4,-14973.3
291.5,-14986
291.6,-14973.4
291.7,-14978.7
291.8,-14977.4
291.9,-14986.3
292,-14984.1
292.1,-14993
292.2,-14990.8
292.3,-14973.4
292.4,-14976.5
292.5,-14989
292.6,-14983.1
292.7,-14979.9
292.8,-14989.7
292.9,-14981.3
293,-14966.6
293.1,-14983.3
293.2,-14988.8
293.3,-14971.7
293.4,-14965.7
293.5,-14979.9
293.6,-14987.8
293.7,-14970.6
293.8,-14974.1
293.9,-14975
294,-14969
294.1,-14972
294.2,-14977.4
294.3,-14973.9
294.4,-14979.3
294.5,-14973.2
294.6,-14978.6
294.7,-14971.7
294.8,-14980.4
294.9,-14978.8
295,-14972.7
295.1,-14989.3
295.2,-14970
295.3,-14982.3
295.4,-14980.7
295.5,-14985.7
295.6,-14979.6
295.7,-14987.4
295.8,-14965.5
295.9,-14984.8
296,-14978.6
296.1,-14988.1
296.2,-14977.7
296.3,-14990
296.4,-14986.3
296.5,-14980.1
296.6,-14973.8
296.7,-14974.6
296.8,-14975.3
296.9,-14983.1
297,-14976.8
297.1,-14993.2
297.2,-14966.8
297.3,-14990.1
297.4,-14986.3
297.5,-14987.3
297.6,-14981
297.7,-14977.2
297.8,-14975.4
297.9,-14983.1
298,-14975.9
298.1,-14984.4
298.2,-14980.5
298.3,-14981.1
298.4,-14981.8
298.5,-14974.5
298.6,-14971.5
298.7,-14987.8
298.8,-14977.2
298.9,-14991.5
299,-14976.3
299.1,-14976.1
299.2,-14980
299.3,-14978.1
299.4,-14981.1
299.5,-14981.6
299.6,-14981.3
299.7,-14986.3
299.8,-14978.7
299.9,-14981.7
300,-14974.4
300.1,-14981.8
300.2,-14983.2
300.3,-14979.2
300.4,-14995.3
300.5,-14987.1
300.6,-14978.6
300.7,-14973.6
300.8,-14975
300.9,-14982.4
301,-14982.8
301.1,-14977.9
301.2,-14978.3
301.3,-14981.2
301.4,-14981.6
301.5,-14982
301.6,-14980.3
301.7,-14985.2
301.8,-14974.1
301.9,-14984.8
302,-14980.6
302.1,-14976.5
302.2,-14987.4
302.3,-14978.8
302.4,-14977.9
302.5,-14978.2
302.6,-14977.7
302.7,-14978
302.8,-14983.2
302.9,-14986.9
303,-14979.3
303.1,-14979.6
303.2,-14982.3
303.3,-14985.1
303.4,-14988.6
303.5,-14981.1
303.6,-14987.1
303.7,-14982.8
303.8,-14982.2
303.9,-14990.2
304,-14976.9
304.1,-14972.6
304.2,-14988.5
304.3,-14982.5
304.4,-14977.3
304.5,-14977.4
304.6,-14976.4
304.7,-14979.1
304.8,-14978.3
304.9,-14984.3
305,-14979.9
305.1,-14998.2
305.2,-14982.6
305.3,-14980.7
305.4,-14978.8
305.5,-14994.6
305.6,-14990.2
305.7,-14974.6
305.8,-14988.3
305.9,-14975.1
306,-14989.1
306.1,-14982.2
306.2,-14980.2
306.3,-14982.7
306.4,-14985.2
306.5,-14979.9
306.6,-14978.7
306.7,-14974.2
306.8,-14992.4
306.9,-15001.8
307,-14984.1
307.1,-14990.7
307.2,-14981.7
307.3,-14988.6
307.4,-14995.6
307.5,-14966.3
307.6,-14980.2
307.7,-14986.8
307.8,-14993.7
307.9,-14991.6
308,-14989.5
308.1,-14976.1
308.2,-14978.5
308.3,-14992
308.4,-14987.4
308.5,-14985.2
308.6,-14978.9
308.7,-14978.7
308.8,-14985.2
308.9,-14983
309,-14989.9
309.1,-14976.5
309.2,-14988.2
309.3,-14992.2
309.4,-14990
309.5,-14983.5
309.6,-14981.3
309.7,-14983.5
309.8,-14981.2
309.9,-14976.5
310,-14989.9
310.1,-14990.1
310.2,-14992.3
310.3,-14990
310.4,-14981
310.5,-14987.4
310.6,-14985.1
310.7,-14978.5
310.8,-14987.7
310.9,-14989.6
311,-14984.7
311.1,-14973.6
311.2,-14975.8
311.3,-14987.3
311.4,-14986.7
311.5,-14984.3
311.6,-14988.9
311.7,-14986.5
311.8,-14975.3
311.9,-14986.1
312,-14979.2
312.1,-14985.8
312.2,-14978.8
312.3,-14987.8
312.4,-14992.4
312.5,-14994.4
312.6,-14995.3
312.7,-14984.9
312.8,-14989.4
312.9,-14998.4
313,-14984.4
313.1,-14989.7
313.2,-14991.7
313.3,-14981.3
313.4,-14997.2
313.5,-14983.2
313.6,-14988.5
313.7,-14978.1
313.8,-14980
313.9,-14992.3
314,-14984.3
314.1,-14986.2
314.2,-14983.6
314.3,-14983.5
314.4,-14980.9
314.5,-14992.2
314.6,-14989.5
314.7,-14995.9
314.8,-14984.3
314.9,-14988.6
315,-14997.4
315.1,-14992.3
315.2,-14985.1
315.3,-14985.7
315.4,-14982.2
315.5,-14990.9
315.6,-14986.2
315.7,-14991.3
315.8,-14985.3
315.9,-14989.5
316,-14989.2
316.1,-14988.9
316.2,-14982.6
316.3,-14991.3
316.4,-14985.2
316.5,-14988.2
316.6,-14984.5
316.7,-14989.6
316.8,-14978.9
316.9,-15006.6
317,-14983.6
317.1,-14987.8
317.2,-14984.1
317.3,-14991.5
317.4,-14984.2
317.5,-14983.8
317.6,-14992.4
317.7,-14993.2
317.8,-14993.6
317.9,-14981.7
318,-14990.3
318.1,-14994.4
318.2,-14986.1
318.3,-14979.6
318.4,-14983.6
318.5,-14979.8
318.6,-14980.2
318.7,-14986.7
318.8,-14978.3
318.9,-14983.2
319,-14998.4
319.1,-14975.2
319.2,-14997.4
319.3,-14982.3
319.4,-14987.2
319.5,-14982.1
319.6,-15001.8
319.7,-15001.2
319.8,-14989.4
319.9,-14984.4
320,-14988.3
320.1,-14987.7
320.2,-14991.6
320.3,-14991
320.4,-14985.9
320.5,-15000.9
320.6,-14989.1
320.7,-14997.5
320.8,-14985.4
320.9,-14983.8
321,-14984.1
321.1,-14987.9
321.2,-14987.2
321.3,-14979.6
321.4,-14992.8
321.5,-14988.7
321.6,-14988
321.7,-14990.7
321.8,-14998.7
321.9,-14978.9
322,-14985.1
322.1,-14977.4
322.2,-14983.6
322.3,-14983.7
322.4,-14991.1
322.5,-14988.3
322.6,-14992.9
322.7,-14987.6
322.8,-14991.3
322.9,-14975.7
323,-14985.1
323.1,-14991.3
323.2,-14987.1
323.3,-14986.3
323.4,-14985.4
323.5,-14999.4
323.6,-14990.6
323.7,-14994.3
323.8,-14988.9
323.9,-14988
324,-14987.1
324.1,-14982
324.2,-14992.3
324.3,-14979.9
324.4,-14986.8
324.5,-14992.8
324.6,-14993
324.7,-14994.5
324.8,-14989.1
324.9,-14988.1
325,-14998.6
325.1,-14993.1
325.2,-14999.1
325.3,-14993.6
325.4,-14997.1
325.5,-14991.6
325.6,-14986
325.7,-15003.4
325.8,-14990.9
325.9,-14993.2
326,-14992.2
326.1,-14985.7
326.2,-14992.5
326.3,-14990.5
326.4,-14985
326.5,-14983.9
326.6,-14989.7
326.7,-14995.6
326.8,-14990
326.9,-14984.3
327,-14998
327.1,-14996.9
327.2,-14998.2
327.3,-14980.2
327.4,-14986.9
327.5,-14985.7
327.6,-14984.5
327.7,-14990.3
327.8,-14984.6
327.9,-14985
328,-14988.3
328.1,-14997.3
328.2,-14987.1
328.3,-14985
328.4,-14986.2
328.5,-14988.3
328.6,-14998.2
328.7,-14997
328.8,-14987
328.9,-14988.1
329,-14996.2
329.1,-14990.4
329.2,-14989.1
329.3,-14994.8
329.4,-14983.6
329.5,-14984.7
329.6,-14995.7
329.7,-14989
329.8,-14991
329.9,-14994.5
330,-14985.3
330.1,-14994.2
330.2,-14992.9
330.3,-14987
330.4,-14988
330.5,-14993.6
330.6,-14993.7
330.7,-14995.6
330.8,-14977.4
330.9,-14990.7
331,-14996.2
331.1,-14991.8
331.2,-14993.7
331.3,-14987.8
331.4,-14988.7
331.5,-14990.9
331.6,-14982.8
331.7,-14984.7
331.8,-14985.6
331.9,-14991
332,-14985
332.1,-14985
332.2,-14985.9
332.3,-14994.7
332.4,-14984.1
332.5,-14992
332.6,-14985.9
332.7,-14985.9
332.8,-14988.8
332.9,-14993
333,-14989.3
333.1,-14994.7
333.2,-14987.7
333.3,-14991.8
333.4,-14985.7
333.5,-15002.2
333.6,-14980.4
333.7,-14983.6
333.8,-14991.3
333.9,-14992.1
334,-14997.1
334.1,-14986.7
334.2,-14983
334.3,-14990.6
334.4,-14984.4
334.5,-15000.9
334.6,-14974.4
334.7,-15002.3
334.8,-15005.4
334.9,-14982.6
335,-14986.6
335.1,-15003
335.2,-14983.5
335.3,-14984.2
335.4,-14995.4
335.5,-14981
335.6,-14988.5
335.7,-14989.2
335.8,-14994.3
335.9,-14990.4
336,-14982
336.1,-14998.3
336.2,-14987.7
336.3,-15006.5
336.4,-14998
336.5,-14985.3
336.6,-14979
336.7,-15006.7
336.8,-15002.7
336.9,-15005.7
337,-14989.6
337.1,-14991
337.2,-14995.8
337.3,-14983.1
337.4,-14999.3
337.5,-14985.6
337.6,-14989.4
337.7,-14985.4
337.8,-14985.9
337.9,-14988.8
338,-14993.7
338.1,-14991.2
338.2,-14992.5
338.3,-14988.5
338.4,-14988.9
338.5,-14991.7
338.6,-14994.6
338.7,-15006.2
338.8,-14990.9
338.9,-14982.2
339,-14993.8
339.1,-14996.6
339.2,-14988.2
339.3,-14995.5
339.4,-14991.3
339.5,-14998.3
339.6,-14989.9
339.7,-14989.3
339.8,-14988.5
339.9,-14991.2
340,-15007.2
340.1,-14994.2
340.2,-14985.5
340.3,-15003.9
340.4,-14992.7
340.5,-14999.9
340.6,-15002.6
340.7,-14998.3
340.8,-15001
340.9,-14981
341,-14999.4
341.1,-14986.3
341.2,-14993.2
341.3,-14984.6
341.4,-14996
341.5,-14987.4
341.6,-15005.7
341.7,-14981.2
341.8,-14988.3
341.9,-14997.8
342,-14982
342.1,-14991.5
342.2,-15007.3
342.3,-14986.3
342.4,-14994.6
342.5,-14987.8
342.6,-14994.6
342.7,-14985.9
342.8,-14980.5
342.9,-14990
343,-15002.1
343.1,-15004.6
343.2,-15000.1
343.3,-14993.9
343.4,-14991.8
343.5,-14994.3
343.6,-14989.8
343.7,-15003.4
343.8,-14994.4
343.9,-14988
344,-14990.4
344.1,-14997.3
344.2,-14988.3
344.3,-15006.4
344.4,-14986.1
344.5,-14995.4
344.6,-14995.7
344.7,-14998.1
344.8,-14993.5
344.9,-14992.5
345,-14993.6
345.1,-14998.4
345.2,-14989.3
345.3,-15004.8
345.4,-14991.4
345.5,-14989.2
345.6,-14993.9
345.7,-14989.3
345.8,-15004.8
345.9,-14993.8
346,-15002.7
346.1,-14984.8
346.2,-14991.5
346.3,-14985.9
346.4,-14995.9
346.5,-14993.6
346.6,-14995.8
346.7,-14997.1
346.8,-14991.2
346.9,-15000.3
347,-14991.1
347.1,-14997.7
347.2,-14983
347.3,-14994.5
347.4,-14992.2
347.5,-14995.2
347.6,-14989.5
347.7,-14994
347.8,-15003
347.9,-14993.7
348,-14995.8
348.1,-14996.7
348.2,-14993.4
348.3,-14995.4
348.4,-14997.5
348.5,-14983.6
348.6,-14995.9
348.7,-14993.4
348.8,-15002.4
348.9,-14996.5
349,-14994
349.1,-14987
349.2,-14989
349.3,-14997.9
349.4,-14995.4
349.5,-14995.3
349.6,-15005.1
349.7,-14994.7
349.8,-15000
349.9,-14992
350,-15004.2
350.1,-14993.8
350.2,-14988.7
350.3,-14993.1
350.4,-14997.4
350.5,-14979.1
350.6,-14996.6
350.7,-14996.4
350.8,-15001.6
350.9,-14991.1
351,-14995.4
351.1,-14997.3
351.2,-15002.4
351.3,-14995.2
351.4,-14991.6
351.5,-15004.9
351.6,-14984.4
351.7,-14997.4
351.8,-14987.7
351.9,-14996.4
352,-14996.1
352.1,-14995.8
352.2,-14993
352.3,-14990.3
352.4,-14992
352.5,-14996.1
352.6,-14991.3
352.7,-15002.3
352.8,-14997.1
352.9,-14994.3
353,-15001.7
353.1,-14998
353.2,-14986.4
353.3,-14999.2
353.4,-14987.6
353.5,-15000.4
353.6,-14984.3
353.7,-14992.9
353.8,-14994.2
353.9,-14998.3
354,-14990.9
354.1,-14999.4
354.2,-15005.8
354.3,-14998.4
354.4,-14990.9
354.5,-14992.5
354.6,-15003.4
354.7,-14987.2
354.8,-15006.8
354.9,-15003.9
355,-14985.2
355.1,-15000.3
355.2,-14999.7
355.3,-14996.7
355.4,-15003.1
355.5,-15000
355.6,-14994.9
355.7,-15002.1
355.8,-15002.7
355.9,-14990.9
356,-14999
356.1,-14998.3
356.2,-15002.2
356.3,-15006
356.4,-14998.4
356.5,-15001.1
356.6,-14998
356.7,-15001.8
356.8,-14997.7
356.9,-14990.1
357,-15003.2
357.1,-15000
357.2,-15003.8
357.3,-14996.1
357.4,-14997.8
357.5,-15006
357.6,-14998.3
357.7,-15000.9
357.8,-14997.7
357.9,-14999.3
358,-15000.6
358.1,-14983.2
358.2,-15005.9
358.3,-14990.3
358.4,-14997.3
358.5,-15004.5
358.6,-14999.2
358.7,-14993.8
358.8,-14986
358.9,-14989.6
359,-14993.2
359.1,-14992.3
359.2,-14998.3
359.3,-14981.7
359.4,-14998.6
359.5,-15000.1
359.6,-14999.1
359.7,-14989.4
359.8,-14986.1
359.9,-14996.3
360,-15002.2
360.1,-14989.8
360.2,-15000.3
360.3,-14999.3
360.4,-14999.2
360.5,-14990.3
360.6,-15008.6
360.7,-15007.6
360.8,-14994.2
360.9,-15001
361,-14992.1
361.1,-14991
361.2,-14994.4
361.3,-14995.8
361.4,-14994.7
361.5,-14998.1
361.6,-14997
361.7,-14991.4
361.8,-15005
361.9,-14996.1
362,-14994.9
362.1,-14997.1
362.2,-14996
362.3,-14989.4
362.4,-14999.6
362.5,-14991.5
362.6,-15000.6
362.7,-14992.5
362.8,-14990.4
362.9,-15000.6
363,-15008.7
363.1,-15003.9
363.2,-14994.8
363.3,-14993.6
363.4,-14999.2
363.5,-15000.4
363.6,-14996.7
363.7,-14997.9
363.8,-14996.6
363.9,-15002.2
364,-15003.3
364.1,-14995.1
364.2,-15001.6
364.3,-15002.7
364.4,-14996.9
364.5,-14997.9
364.6,-14995.7
364.7,-14998.8
364.8,-15000.8
364.9,-15001.8
365,-14999.5
365.1,-15005
365.2,-15000.1
365.3,-14994.1
365.4,-15003.9
365.5,-14993.7
365.6,-14995.9
365.7,-15000.2
365.8,-14994.2
365.9,-14997.3
366,-14998.2
366.1,-14991.3
366.2,-14992.2
366.3,-14998.6
366.4,-14989.3
366.5,-14995.6
366.6,-14988.6
366.7,-15004.3
366.8,-15001.8
366.9,-15000.3
367,-14994.2
367.1,-14995.1
367.2,-14995.9
367.3,-15001.3
367.4,-15005.5
367.5,-15003.9
367.6,-14997.8
367.7,-14990.7
367.8,-15000.5
367.9,-14997.7
368,-15003
368.1,-14992.4
368.2,-14994.3
368.3,-15002.9
368.4,-15006.1
368.5,-14999.9
368.6,-15013.9
368.7,-14995.6
368.8,-15004.1
368.9,-14997
369,-14990.8
369.1,-15003.8
369.2,-15001.9
369.3,-15009.4
369.4,-14992
369.5,-14999.6
369.6,-14997.8
369.7,-14990.6
369.8,-14999.1
369.9,-15004.2
370,-15003.9
370.1,-15005.4
370.2,-14999.1
370.3,-14995.2
370.4,-15000.3
370.5,-15003.2
370.6,-14996.9
370.7,-15004.4
370.8,-14998
370.9,-14988.3
371,-14999.1
371.1,-15006.5
371.2,-15000.1
371.3,-14992.8
371.4,-14994.2
371.5,-15012.8
371.6,-15002.1
371.7,-15009.4
371.8,-15007.5
371.9,-14995.6
372,-15003.9
372.1,-15011.2
372.2,-15003.8
372.3,-15000.7
372.4,-15001.1
372.5,-14986.7
372.6,-15001.9
372.7,-14998.9
372.8,-15008.6
372.9,-15002.1
373,-15002.4
373.1,-15002.8
373.2,-15003.1
373.3,-15005.9
373.4,-15001.7
373.5,-14999.6
373.6,-14997.8
373.7,-14998.1
373.8,-14998.4
373.9,-14994.2
374,-14999
374.1,-14999.3
374.2,-15009.8
374.3,-15003.1
374.4,-14982.2
374.5,-15001.5
374.6,-15001.7
374.7,-15001
374.8,-15009.1
374.9,-15001.4
375,-14990.2
375.1,-14998.2
375.2,-14993.9
375.3,-15001
375.4,-14995.7
375.5,-14998.2
375.6,-14999.3
375.7,-15006.4
375.8,-14999.6
375.9,-15002.1
376,-14996.8
376.1,-14996.9
376.2,-15001.5
376.3,-15000.4
376.4,-14996
376.5,-15009.8
376.6,-15002.1
376.7,-15002.1
376.8,-15005.5
376.9,-14997.7
377,-15000.1
377.1,-15011.5
377.2,-15002.5
377.3,-15005.9
377.4,-15001.4
377.5,-15005.9
377.6,-15002.8
377.7,-15000.6
377.8,-15000.6
377.9,-15000.6
378,-15008.3
378.1,-14998.3
378.2,-15000.7
378.3,-15007.5
378.4,-14996
378.5,-15002.8
378.6,-15001.5
378.7,-15003.8
378.8,-15002.7
378.9,-15009.5
379,-15000.3
379.1,-14995.7
379.2,-15002.4
379.3,-14989
379.4,-15000
379.5,-15002.2
379.6,-15005.3
379.7,-14997.3
379.8,-15006.4
379.9,-15008.6
380,-15003.8
380.1,-15010.5
380.2,-14997
380.3,-14987.7
380.4,-15012.4
380.5,-15007.7
380.6,-15000.5
380.7,-14986.9
380.8,-14989
380.9,-14991.1
381,-15008.9
381.1,-14986
381.2,-15003.7
381.3,-14996.8
381.4,-15003.3
381.5,-14996.6
381.6,-14996.2
381.7,-14991.4
381.8,-15004.6
381.9,-14995.4
382,-15001.9
382.1,-15008.2
382.2,-15005.7
382.3,-15005.2
382.4,-14991.5
382.5,-15004.7
382.6,-15009
382.7,-15004
382.8,-14999.1
382.9,-15005.5
383,-15002.9
383.1,-15004.8
383.2,-14999.8
383.3,-15009.6
383.4,-15006.9
383.5,-14996.5
383.6,-15006.2
383.7,-15000.2
383.8,-15002
383.9,-14997
384,-15001.2
384.1,-14996.1
384.2,-14989.2
384.3,-15003.1
384.4,-15000.4
384.5,-14995.3
384.6,-14997.1
384.7,-15002.4
384.8,-15006.5
384.9,-15004.7
385,-15006.5
385.1,-15008.2
385.2,-15012.3
385.3,-14994.8
385.4,-14999.9
385.5,-15006.1
385.6,-14993
385.7,-15005
385.8,-14998.8
385.9,-15003.8
386,-15002.1
386.1,-15002.6
386.2,-14999.7
386.3,-15001.4
386.4,-14997.6
386.5,-15003.7
386.6,-15001.7
386.7,-15005.7
386.8,-15000.4
386.9,-15008.9
387,-14998.1
387.1,-15009.9
387.2,-15011.5
387.3,-15000.7
387.4,-15002.2
387.5,-15003.8
387.6,-15004.1
387.7,-15002.3
387.8,-15003.8
387.9,-14996.3
388,-15008
388.1,-15008.5
388.2,-15010
388.3,-14995.8
388.4,-15008.4
388.5,-15005.4
388.6,-15004.9
388.7,-15010.6
388.8,-15007.6
388.9,-15000
389,-15008.3
389.1,-15016.5
389.2,-15002.2
389.3,-14999.1
389.4,-14996
389.5,-14992.8
389.6,-15001.1
389.7,-15004.8
389.8,-15017.3
389.9,-15009.7
390,-15011
390.1,-15003.3
390.2,-14991.3
390.3,-15015.2
390.4,-15005
390.5,-15013.2
390.6,-15012.4
390.7,-15009.1
390.8,-14997.1
390.9,-14998.3
391,-15006.2
391.1,-14998.4
391.2,-15006.5
391.3,-15005.6
391.4,-14998
391.5,-15010.4
391.6,-15007.1
391.7,-15003.8
391.8,-14991.6
391.9,-15006.4
392,-14998.5
392.1,-15014.4
392.2,-15003.1
392.3,-15006.7
392.4,-15010.2
392.5,-14993.5
392.6,-15010.2
392.7,-14998
392.8,-15005.8
392.9,-15009.2
393,-15001.3
393.1,-14997.8
393.2,-15005.8
393.3,-14997.8
393.4,-15004.6
393.5,-15000.1
393.6,-14999.2
393.7,-15006.9
393.8,-15005.8
393.9,-15010.1
394,-15005.6
394.1,-15009
394.2,-15005.4
394.3,-15005.2
394.4,-15008.5
394.5,-15001.6
394.6,-15003.8
394.7,-15013
394.8,-15005.9
394.9,-15009.1
395,-15012.4
395.1,-15000.9
395.2,-15006.6
395.3,-15010.8
395.4,-15006.2
395.5,-15005.9
395.6,-15004.6
395.7,-15007.8
395.8,-14998.7
395.9,-15006.4
396,-15001.5
396.1,-15004.7
396.2,-15006.9
396.3,-15010
396.4,-14994.9
396.5,-15001.4
396.6,-15000
396.7,-15018.9
396.8,-15013.2
396.9,-15003.9
397,-15008
397.1,-15006.6
397.2,-15001.8
397.3,-15008.2
397.4,-15006.8
397.5,-15005.3
397.6,-15008.4
397.7,-14997.7
397.8,-14998.6
397.9,-14997.1
398,-14999.1
398.1,-14995.3
398.2,-14997.1
398.3,-15015.8
398.4,-15005.4
398.5,-15008.4
398.6,-14996.6
398.7,-15018.6
398.8,-15012.6
398.9,-14999.8
399,-15002.7
399.1,-15003.5
399.2,-15017.6
399.3,-15020.5
399.4,-14996.3
399.5,-15006.1
399.6,-14992.1
399.7,-15014
399.8,-15010
399.9,-14997.2
400,-15013.6
400.1,-15007.4
400.2,-14994.5
400.3,-15008.5
400.4,-15015.8
400.5,-15009.6
400.6,-15014.8
400.7,-15008.6
400.8,-15004.4
400.9,-15002.7
401,-15004.3
401.1,-15001.6
401.2,-15004.3
401.3,-14998.2
401.4,-15007.6
401.5,-15002.3
401.6,-15004
401.7,-15009.1
401.8,-14996.1
401.9,-15009.9
402,-15009.1
402.1,-15007.2
402.2,-15008.9
402.3,-15021.8
402.4,-14998.7
402.5,-15005.7
402.6,-15003.8
402.7,-15006.4
402.8,-15004.5
402.9,-15011.8
403,-15015.3
403.1,-15010.1
403.2,-15007
403.3,-15016.4
403.4,-15002.1
403.5,-15011.5
403.6,-15009.5
403.7,-15015.4
403.8,-15005.5
403.9,-15005.9
404,-15015.3
404.1,-15009.7
404.2,-15010.1
404.3,-15001.2
404.4,-15010.5
404.5,-15012
404.6,-15012.3
404.7,-15013.5
404.8,-15003.6
404.9,-15001.5
405,-15006.3
405.1,-15002.1
405.2,-15011.3
405.3,-15017.1
405.4,-15011.6
405.5,-15004.9
405.6,-15016.5
405.7,-15009.9
405.8,-15003.4
405.9,-15015.7
406,-15009
406.1,-15005.9
406.2,-15008.2
406.3,-15019.7
406.4,-14997.3
406.5,-15006.3
406.6,-15010.9
406.7,-15015.5
406.8,-15000
406.9,-15008.9
407,-15013.5
407.1,-15011.2
407.2,-15015.8
407.3,-15009
407.4,-15015.9
407.5,-15009.1
407.6,-15018.1
407.7,-15006.8
407.8,-15011.3
407.9,-15011.4
408,-15009
408.1,-15006.6
408.2,-15014.5
408.3,-15014.4
408.4,-15011.1
408.5,-15022.4
408.6,-15011
408.7,-15011.9
408.8,-15011.9
408.9,-15008.4
409,-15012.9
409.1,-15005.9
409.2,-15006.8
409.3,-15011.2
409.4,-15003.2
409.5,-15012.1
409.6,-15007.5
409.7,-15007.3
409.8,-15011.7
409.9,-15009.2
410,-15009
410.1,-15015.7
410.2,-15016.5
410.3,-15013.9
410.4,-14999
410.5,-15010.2
410.6,-15009.9
410.7,-15009.7
410.8,-15007.1
410.9,-15014.7
411,-15002.1
411.1,-15014.2
411.2,-15010.6
411.3,-15007.9
411.4,-15011
411.5,-15003.8
411.6,-15014.9
411.7,-15014.5
411.8,-15001.9
411.9,-15002.5
412,-15009
412.1,-15017.5
412.2,-15010.5
412.3,-15005.6
412.4,-15004.2
412.5,-15011.7
412.6,-15011.3
412.7,-15010.9
412.8,-15006
412.9,-15016.9
413,-15009.6
413.1,-15009.2
413.2,-15004.2
413.3,-15008.3
413.4,-15007.8
413.5,-15006.3
413.6,-15010.4
413.7,-15013.2
413.8,-14998
413.9,-15008.8
414,-15012.8
414.1,-15003.3
414.2,-15010.6
414.3,-15010.1
414.4,-15001.6
414.5,-15005.6
414.6,-14996.2
414.7,-15004.4
414.8,-15014
414.9,-15014.6
415,-15011.9
415.1,-15011.2
415.2,-15003.7
415.3,-15011
415.4,-15014.8
415.5,-15009.7
415.6,-15008
415.7,-15014.2
415.8,-15006.7
415.9,-15008.3
416,-15011
416.1,-15010.3
416.2,-15016.4
416.3,-15020.2
416.4,-15003.6
416.5,-15018.5
416.6,-15024.7
416.7,-15000.4
416.8,-15009.8
416.9,-15009
417,-15019.4
417.1,-15002.9
417.2,-15006.6
417.3,-15003.7
417.4,-15016.6
417.5,-15008.9
417.6,-15014.9
417.7,-14999.4
417.8,-15000.9
417.9,-15021.6
418,-15006
418.1,-15012.9
418.2,-15014.4
418.3,-15009
418.4,-15003.6
418.5,-15008.6
418.6,-15016.6
418.7,-15006.7
418.8,-15015.9
418.9,-15015
419,-15017.6
419.1,-15007.6
419.2,-15025.6
419.3,-15020.1
419.4,-15010.3
419.5,-15020.7
419.6,-15010.6
419.7,-15004.1
419.8,-15010.9
419.9,-15009.9
420,-15018.1
420.1,-15012.5
420.2,-15006.9
420.3,-15001.3
420.4,-15027.3
420.5,-15001.5
420.6,-15007.3
420.7,-15008.5
420.8,-15023.1
420.9,-15013.1
421,-15023.1
421.1,-15024.4
421.2,-15007.5
421.3,-15012.2
421.4,-15009.9
421.5,-15004.2
421.6,-15021
421.7,-15011
421.8,-15008.8
421.9,-15010.9
422,-15007.6
422.1,-15006.3
422.2,-15011.9
422.3,-15013
422.4,-15021
422.5,-15008.3
422.6,-15009.4
422.7,-15008.1
422.8,-15003.7
422.9,-15005.7
423,-15011.2
423.1,-15021.1
423.2,-15010.9
423.3,-15005.1
423.4,-15012.9
423.5,-15013.9
423.6,-15019.4
423.7,-15009
423.8,-15018.8
423.9,-15004.1
424,-15008.6
424.1,-15015
424.2,-15024.7
424.3,-15021.2
424.4,-15022.1
424.5,-15011.8
424.6,-15000.3
424.7,-15024.8
424.8,-15003.1
424.9,-15019.6
425,-15009.3
425.1,-15005.6
425.2,-15005.5
425.3,-15014.2
425.4,-15001.3
425.5,-15002.1
425.6,-15020.9
425.7,-15010.5
425.8,-15022.5
425.9,-15000.7
426,-15001.5
426.1,-15018
426.2,-15018.7
426.3,-15003.8
426.4,-15004.5
426.5,-15005.2
426.6,-15021.6
426.7,-15022.3
426.8,-15007.3
426.9,-15003.5
427,-15019.9
427.1,-15023.9
427.2,-15021.2
427.3,-15015
427.4,-15002.3
427.5,-15018.6
427.6,-15012.4
427.7,-15019.8
427.8,-15009.1
427.9,-15012
428,-15019.5
428.1,-15020.1
428.2,-15013.8
428.3,-15014.3
428.4,-15010.4
428.5,-15024.6
428.6,-15013.8
428.7,-15012
428.8,-15014.8
428.9,-15015.3
429,-15007
429.1,-15023.2
429.2,-15003.5
429.3,-15015.1
429.4,-15011.1
429.5,-15016
429.6,-15014.5
429.7,-15014.7
429.8,-15016.2
429.9,-15008.7
430,-15009.1
430.1,-14993.8
430.2,-15003.4
430.3,-15019.5
430.4,-15013
430.5,-14997.7
430.6,-15011.6
430.7,-15018.8
430.8,-15005.8
430.9,-15021.8
431,-15026.6
431.1,-15017.9
431.2,-15018.2
431.3,-15012
431.4,-15009.9
431.5,-15016.9
431.6,-15017.1
431.7,-15019.7
431.8,-14999.8
431.9,-15006.9
432,-15018.3
432.1,-15018.5
432.2,-15021.1
432.3,-15021.3
432.4,-15012.6
432.5,-15017.1
432.6,-15019.6
432.7,-15008.4
432.8,-15022.3
432.9,-15013.4
433,-15020.4
433.1,-15009.2
433.2,-15024
433.3,-15016.3
433.4,-15018.7
433.5,-15009.8
433.6,-15007.9
433.7,-15023.6
433.8,-15014.7
433.9,-15018.1
434,-15020.5
434.1,-15003.8
434.2,-15019.6
434.3,-15018.4
434.4,-15016.3
434.5,-15015.3
434.6,-15015.3
434.7,-15001.9
434.8,-15017.5
434.9,-15013
435,-15023.2
435.1,-15017.6
435.2,-15019.9
435.3,-15015.3
435.4,-15018.6
435.5,-15014
435.6,-15020.7
435.7,-15018.4
435.8,-15012.8
435.9,-15008.2
436,-15008.1
436.1,-15014.8
436.2,-15012.4
436.3,-15012.3
436.4,-15016.8
436.5,-15016.6
436.6,-15022.1
436.7,-15017.4
436.8,-15016.2
436.9,-15009.5
437,-15020.4
437.1,-15019
437.2,-15021.1
437.3,-15013
437.4,-15022
437.5,-15019.5
437.6,-15015.7
437.7,-15013.3
437.8,-15019.8
437.9,-15011.7
438,-15011.5
438.1,-15020.4
438.2,-15018.9
438.3,-15017.6
438.4,-15012.7
438.5,-15014.7
438.6,-15019
438.7,-15018.6
438.8,-15013.7
438.9,-15019
439,-15013.1
439.1,-15018.4
439.2,-15012.4
439.3,-15018.8
439.4,-15016.2
439.5,-15018.1
439.6,-15008.6
439.7,-15015
439.8,-15010
439.9,-15014.2
440,-15017.1
440.1,-15011
440.2,-15020.7
440.3,-15024.9
440.4,-15015.3
440.5,-15010.3
440.6,-15012.1
440.7,-15010.5
440.8,-15017.9
440.9,-15018.7
441,-15010.1
441.1,-15016.4
441.2,-15010.2
441.3,-15018.8
441.4,-15016
441.5,-15010.9
441.6,-15027.3
441.7,-15017.6
441.8,-15010.3
441.9,-15016.4
442,-15020.4
442.1,-15015.2
442.2,-15012.4
442.3,-15014
442.4,-15015.6
442.5,-15016.2
442.6,-14997.6
442.7,-15018.3
442.8,-15016.5
442.9,-15013.6
443,-15022
443.1,-15025.9
443.2,-15023.9
443.3,-15025.5
443.4,-15007.8
443.5,-15020.7
443.6,-15018.7
443.7,-15021.5
443.8,-15011.7
443.9,-15020
444,-15026
444.1,-15018.4
444.2,-15022.2
444.3,-15028.2
444.4,-15009.4
444.5,-15022
444.6,-15025.8
444.7,-15022.7
444.8,-15015.2
444.9,-15009.8
445,-15022.3
445.1,-15019.2
445.2,-15016.1
445.3,-15024.3
445.4,-15013.4
445.5,-15013.6
445.6,-15010.4
445.7,-15011.7
445.8,-15013
445.9,-15027.9
446,-15004.5
446.1,-15021.4
446.2,-15022.7
446.3,-15019.5
446.4,-15027.6
446.5,-15004.1
446.6,-15016.5
446.7,-15029.1
446.8,-15019
446.9,-15022.5
447,-15030.5
447.1,-15006
447.2,-15012.7
447.3,-15027.4
447.4,-15019.6
447.5,-15007.4
447.6,-15013
447.7,-15014.1
447.8,-15013.1
447.9,-15025.4
448,-15017.5
448.1,-15009.7
448.2,-15007.5
448.3,-15018.7
448.4,-15031
448.5,-15027.5
448.6,-15015.2
448.7,-15014.1
448.8,-15017.5
448.9,-15007.2
449,-15010.5
449.1,-15011.5
449.2,-15010.3
449.3,-15020.5
449.4,-15014.6
449.5,-15006.6
449.6,-15007.5
449.7,-15010.8
449.8,-15014.1
449.9,-15017.4
450,-15013.8
450.1,-15010.2
450.2,-15024.6
450.3,-15021
450.4,-15008.5
450.5,-15008.4
450.6,-15014.9
450.7,-15011.3
450.8,-15014.5
450.9,-15009.8
451,-15017.4
451.1,-15010.3
451.2,-15013.4
451.3,-15009.7
451.4,-15024.2
451.5,-15011.4
451.6,-15010
451.7,-15013.1
451.8,-15029.6
451.9,-15017
452,-15008.7
452.1,-15027.4
452.2,-15021.6
452.3,-15017.8
452.4,-15025.4
452.5,-15023.9
452.6,-15022.4
452.7,-15010.7
452.8,-15026.1
452.9,-15010.9
453,-15025
453.1,-15030.3
453.2,-15010.8
453.3,-15025
453.4,-15016.6
453.5,-15023.9
453.6,-15011.1
453.7,-15029.7
453.8,-15013.6
453.9,-15018.8
454,-15018.2
454.1,-15009.8
454.2,-15012.6
454.3,-15007.6
454.4,-15020.6
454.5,-15012.1
454.6,-15023.8
454.7,-15010.9
454.8,-15024.9
454.9,-15030.1
455,-15010.3
455.1,-15013.1
455.2,-15009
455.3,-15023
455.4,-15012.4
455.5,-15015.1
455.6,-15024.7
455.7,-15012.7
455.8,-15016.4
455.9,-15014.6
456,-15009.5
456.1,-15019
456.2,-15005.8
456.3,-15011.9
456.4,-15010
456.5,-15017.2
456.6,-15011.9
456.7,-15005.6
456.8,-15016
456.9,-15007.3
457,-15008.9
457.1,-15019.3
457.2,-15009.6
457.3,-15026.8
457.4,-15018
457.5,-15020.6
457.6,-15021
457.7,-15011.1
457.8,-15013.7
457.9,-15012.7
458,-15015.2
458.1,-15028.9
458.2,-15026.9
458.3,-15013.7
458.4,-15018.4
458.5,-15020.9
458.6,-15030
458.7,-15010
458.8,-15030.4
458.9,-15009.3
459,-15021.9
459.1,-15031
459.2,-15022
459.3,-15026.7
459.4,-15017.9
459.5,-15018.1
459.6,-15024.8
459.7,-15022.7
459.8,-15020.5
459.9,-15007.1
460,-15011.8
460.1,-15016.4
460.2,-15023.1
460.3,-15014
460.4,-15020.8
460.5,-15005.2
460.6,-15025.5
460.7,-15018.9
460.8,-15032.3
460.9,-15023.2
461,-15016.4
461.1,-15025.5
461.2,-15014.3
461.3,-15015.5
461.4,-15025.4
461.5,-15009.7
461.6,-15011.9
461.7,-15025.2
461.8,-15025.3
461.9,-15011.6
462,-15009.3
462.1,-15018.2
462.2,-15015.8
462.3,-15024.8
462.4,-15014.5
462.5,-15019.9
462.6,-15005.1
462.7,-15021.9
462.8,-15007.1
462.9,-15014.8
463,-15011.3
463.1,-15021.2
463.2,-15015.4
463.3,-15010.7
463.4,-15016
463.5,-15024.8
463.6,-15017.8
463.7,-15019.8
463.8,-15009.4
463.9,-15017
464,-15014.5
464.1,-15010.9
464.2,-15011.6
464.3,-15009
464.4,-15008.8
464.5,-15010.7
464.6,-15011.5
464.7,-15014.6
464.8,-15027.6
464.9,-15011.6
465,-15015.8
465.1,-15017.6
465.2,-15021.8
465.3,-15014.6
465.4,-15023.1
465.5,-15024.9
465.6,-15013.3
465.7,-15006.1
465.8,-15009.1
465.9,-15014.2
466,-15016
466.1,-15019.9
466.2,-15026.3
466.3,-15023.5
466.4,-15004
466.5,-15015.9
466.6,-15028.8
466.7,-15023.8
466.8,-15012.1
466.9,-15009.3
467,-15024.6
467.1,-15017.2
467.2,-15009.8
467.3,-15013.8
467.4,-15009.9
467.5,-15018.3
467.6,-15010.9
467.7,-15011.4
467.8,-15031
467.9,-15019.2
468,-15025.4
468.1,-15024.7
468.2,-15033
468.3,-15014.3
468.4,-15027
468.5,-15033.2
468.6,-15016.8
468.7,-15020.6
468.8,-15024.4
468.9,-15016.9
469,-15016.2
469.1,-15020
469.2,-15011.4
469.3,-15016.2
469.4,-15024.4
469.5,-15016.9
469.6,-15016.1
469.7,-15019.8
469.8,-15030.3
469.9,-15022.7
470,-15026.3
470.1,-15025.5
470.2,-15013.5
470.3,-15017.1
470.4,-15015.2
470.5,-15015.4
470.6,-15027.9
470.7,-15027
470.8,-15011.6
470.9,-15025.4
471,-15012.1
471.1,-15019.1
471.2,-15015.8
471.3,-15004.8
471.4,-15015.1
471.5,-15009.7
471.6,-15021.1
471.7,-15017.8
471.8,-15016.8
471.9,-15018.1
472,-15026
472.1,-15020.6
472.2,-15017.3
472.3,-15011.8
472.4,-15026.4
472.5,-15021
472.6,-15019.9
472.7,-15015.5
472.8,-15017.8
472.9,-15016.7
473,-15020.1
473.1,-15023.5
473.2,-15019.1
473.3,-15020.2
473.4,-15020.1
473.5,-15011.2
473.6,-15021.3
473.7,-15015.7
473.8,-15021.3
473.9,-15021.1
474,-15020
474.1,-15015.4
474.2,-15010.7
474.3,-15011.8
474.4,-15014.1
474.5,-15012.8
474.6,-15017.1
474.7,-15015.9
474.8,-15010.1
474.9,-15015.6
475,-15017.8
475.1,-15014.2
475.2,-15016.2
475.3,-15014.9
475.4,-15020.4
475.5,-15022.6
475.6,-15018.9
475.7,-15020.9
475.8,-15012.7
475.9,-15022.7
476,-15008.9
476.1,-15014.4
476.2,-15016.3
476.3,-15023.8
476.4,-15033.7
476.5,-15016.6
476.6,-15010.6
476.7,-15022.8
476.8,-15016.8
476.9,-15013.1
477,-15016.1
477.1,-15016.9
477.2,-15015.4
477.3,-15015.2
477.4,-15026
477.5,-15009.8
477.6,-15023
477.7,-15016.9
477.8,-15025.6
477.9,-15017.3
478,-15012.2
478.1,-15017.5
478.2,-15011.4
478.3,-15032.3
478.4,-15013.9
478.5,-15015.6
478.6,-15014
478.7,-15007.9
478.8,-15017.5
478.9,-15022.7
479,-15016.5
479.1,-15014.8
479.2,-15028.9
479.3,-15018.3
479.4,-15016.6
479.5,-15009.3
479.6,-15014.4
479.7,-15009.2
479.8,-15018.8
479.9,-15023.8
480,-15022.1
480.1,-15014.7
480.2,-15020.8
480.3,-15019
480.4,-15008.2
480.5,-15013.2
480.6,-15029.4
480.7,-15023.2
480.8,-15016.8
480.9,-15010.5
481,-15031.1
481.1,-15024.8
481.2,-15029.7
481.3,-15018.9
481.4,-15017
481.5,-15026.3
481.6,-15008.7
481.7,-15024.8
481.8,-15025.3
481.9,-15018.8
482,-15012.4
482.1,-15017.2
482.2,-15022
482.3,-15020
482.4,-15023.8
482.5,-15027.5
482.6,-15022.1
482.7,-15015.6
482.8,-15023.7
482.9,-15024
483,-15016.4
483.1,-15014.3
483.2,-15026.9
483.3,-15020.3
483.4,-15020.5
483.5,-15017.4
483.6,-15017.6
483.7,-15022.3
483.8,-15023.5
483.9,-15016.9
484,-15021.5
484.1,-15021.7
484.2,-15029.8
484.3,-15011.8
484.4,-15016.4
484.5,-15019.9
484.6,-15024.5
484.7,-15025.7
484.8,-15012.4
484.9,-15021.4
485,-15025.9
485.1,-15023.7
485.2,-15019.2
485.3,-15019.2
485.4,-15024.8
485.5,-15021.5
485.6,-15021.5
485.7,-15017
485.8,-15024.8
485.9,-15024.8
486,-15022.4
486.1,-15015.6
486.2,-15035.7
486.3,-15015.5
486.4,-15019.9
486.5,-15018.7
486.6,-15024.2
486.7,-15017.3
486.8,-15039.7
486.9,-15017.1
487,-15023.7
487.1,-15004.5
487.2,-15013.3
487.3,-15015.4
487.4,-15020.8
487.5,-15025.1
487.6,-15023.9
487.7,-15023.7
487.8,-15029
487.9,-15021
488,-15033.1
488.1,-15016
488.2,-15028.1
488.3,-15023.3
488.4,-15020.7
488.5,-15025
488.6,-15020.2
488.7,-15019.9
488.8,-15021.9
488.9,-15019.3
489,-15011.1
489.1,-15034.3
489.2,-15033.9
489.3,-15040.4
489.4,-15023.3
489.5,-15020.6
489.6,-15021.3
489.7,-15023.2
489.8,-15022.8
489.9,-15033.6
490,-15029.9
490.1,-15026
490.2,-15017.7
490.3,-15027.4
490.4,-15023.6
490.5,-15018.6
490.6,-15021.5
490.7,-15018.7
490.8,-15018.2
490.9,-15024.5
491,-15024
491.1,-15025.7
491.2,-15025.2
491.3,-15017.8
491.4,-15037.5
491.5,-15032.4
491.6,-15034.1
491.7,-15029
491.8,-15021.7
491.9,-15014.3
492,-15031.7
492.1,-15033.4
492.2,-15017
492.3,-15015.3
492.4,-15020.2
492.5,-15015.1
492.6,-15016.7
492.7,-15036.2
492.8,-15019.8
492.9,-15029.3
493,-15020.7
493.1,-15019.9
493.2,-15026
493.3,-15021.9
493.4,-15028
493.5,-15015.9
493.6,-15023
493.7,-15022.2
493.8,-15015.8
493.9,-15015
494,-15016.5
494.1,-15023.5
494.2,-15015.9
494.3,-15037.6
494.4,-15023.3
494.5,-15022.5
494.6,-15022.8
494.7,-15018.5
494.8,-15031
494.9,-15016.7
495,-15027
495.1,-15017.2
495.2,-15029.8
495.3,-15021
495.4,-15016.6
495.5,-15022.5
495.6,-15019.3
495.7,-15022.8
495.8,-15032.1
495.9,-15022.1
496,-15024.4
496.1,-15027.9
496.2,-15021.3
496.3,-15024.8
496.4,-15014.7
496.5,-15021.5
496.6,-15027.3
496.7,-15013.8
496.8,-15024.1
496.9,-15025.2
497,-15012.8
497.1,-15026.4
497.2,-15024.2
497.3,-15026.4
497.4,-15019.7
497.5,-15028.7
497.6,-15020.7
497.7,-15018.5
497.8,-15020.7
497.9,-15017.3
498,-15016.1
498.1,-15028.4
498.2,-15027.2
498.3,-15028.3
498.4,-15018
498.5,-15016.8
498.6,-15021.3
498.7,-15026.8
498.8,-15024.3
498.9,-15018.6
499,-15017.3
499.1,-15029.5
499.2,-15022.7
499.3,-15023.6
499.4,-15024.6
499.5,-15023.2
499.6,-15028.6
499.7,-15034.1
499.8,-15030.5
499.9,-15030.2
500,-15031
500.1,-15017.3
500.2,-15020.4
500.3,-15016.7
500.4,-15028.9
500.5,-15029.7
500.6,-15028.3
500.7,-15032.4
500.8,-15026.5
500.9,-15027.3
501,-15024.7
501.1,-15025.5
501.2,-15022.8
501.3,-15016.8
501.4,-15017.6
501.5,-15022.8
501.6,-15027
501.7,-15024.3
501.8,-15040.7
501.9,-15034.6
502,-15019.6
502.1,-15024.8
502.2,-15024.4
502.3,-15021.6
502.4,-15031.2
502.5,-15031.8
502.6,-15021.3
502.7,-15016.3
502.8,-15036.1
502.9,-15015.3
503,-15023.7
503.1,-15021
503.2,-15021.5
503.3,-15024.4
503.4,-15026
503.5,-15024.3
503.6,-15018
503.7,-15017.5
503.8,-15025.8
503.9,-15026.3
504,-15031.4
504.1,-15029.6
504.2,-15041.2
504.3,-15021.5
504.4,-15026.5
504.5,-15030.4
504.6,-15031.9
504.7,-15021
504.8,-15013.6
504.9,-15020.8
505,-15025.7
505.1,-15029.4
505.2,-15025.3
505.3,-15018.9
505.4,-15019.2
505.5,-15024.1
505.6,-15018.8
505.7,-15021.5
505.8,-15029.6
505.9,-15016.4
506,-15021.2
506.1,-15019.2
506.2,-15024
506.3,-15026.6
506.4,-15026.8
506.5,-15024.8
506.6,-15016
506.7,-15038.8
506.8,-15030.1
506.9,-15023.5
507,-15023.7
507.1,-15012.6
507.2,-15035.3
507.3,-15028.7
507.4,-15024.4
507.5,-15040.3
507.6,-15029.1
507.7,-15031.5
507.8,-15031.7
507.9,-15031.8
508,-15027.5
508.1,-15032
508.2,-15032.1
508.3,-15027.6
508.4,-15032.2
508.5,-15023.3
508.6,-15023.4
508.7,-15034.6
508.8,-15030.1
508.9,-15030.1
509,-15034.7
509.1,-15021.2
509.2,-15023.5
509.3,-15021.2
509.4,-15021.2
509.5,-15021.1
509.6,-15032.3
509.7,-15018.8
509.8,-15017.6
509.9,-15029.9
510,-15023
510.1,-15020.7
510.2,-15024
510.3,-15019.4
510.4,-15026
510.5,-15021.4
510.6,-15024.6
510.7,-15024.4
510.8,-15023.2
510.9,-15029.8
511,-15021.7
511.1,-15021.5
511.2,-15032.4
511.3,-15016.5
511.4,-15038.8
511.5,-15040.8
511.6,-15020.3
511.7,-15031.3
511.8,-15026.5
511.9,-15015
512,-15025.9
512.1,-15034.7
512.2,-15023.1
512.3,-15022.8
512.4,-15022.4
512.5,-15032.2
512.6,-15019.5
512.7,-15032.7
512.8,-15021.1
512.9,-15027.5
513,-15022.6
513.1,-15032.3
513.2,-15031.9
513.3,-15030.4
513.4,-15030
513.5,-15020.5
513.6,-15022.4
513.7,-15029.7
513.8,-15031.6
513.9,-15034.5
514,-15025
514.1,-15027.9
514.2,-15026.3
514.3,-15021.3
514.4,-15027.5
514.5,-15029.2
514.6,-15024.2
514.7,-15025.9
514.8,-15029.8
514.9,-15020.4
515,-15033.2
515.1,-15034.9
515.2,-15029.8
515.3,-15024.7
515.4,-15035.3
515.5,-15021.3
515.6,-15022.9
515.7,-15017.7
515.8,-15032.8
515.9,-15032.1
516,-15033.7
516.1,-15035.2
516.2,-15021.1
516.3,-15036.1
516.4,-15019.7
516.5,-15036.9
516.6,-15031.7
516.7,-15033.2
516.8,-15023.5
516.9,-15038.4
517,-15033.1
517.1,-15030.1
517.2,-15036.1
517.3,-15015.1
517.4,-15027.8
517.5,-15022.5
517.6,-15032.8
517.7,-15034.2
517.8,-15017.7
517.9,-15030.3
518,-15027.2
518.1,-15021.8
518.2,-15020.9
518.3,-15026.8
518.4,-15039.3
518.5,-15020.5
518.6,-15037.5
518.7,-15016.3
518.8,-15022.1
518.9,-15027.8
519,-15035.9
519.1,-15037.2
519.2,-15022.8
519.3,-15039.7
519.4,-15034.2
519.5,-15024.1
519.6,-15025.4
519.7,-15037.9
519.8,-15023.4
519.9,-15024.6
520,-15030.2
520.1,-15026.8
520.2,-15032.5
520.3,-15033.7
520.4,-15041.6
520.5,-15036
520.6,-15032.6
520.7,-15018
520.8,-15032.5
520.9,-15020.2
521,-15016.8
521.1,-15022.4
521.2,-15039.1
521.3,-15033.4
521.4,-15021
521.5,-15033.2
521.6,-15027.5
521.7,-15033
521.8,-15031.8
521.9,-15028.3
522,-15032.6
522.1,-15025.7
522.2,-15026.7
522.3,-15027.6
522.4,-15017.3
522.5,-15030.6
522.6,-15026
522.7,-15022.4
522.8,-15028.9
522.9,-15025.2
523,-15026.1
523.1,-15042.7
523.2,-15027.9
523.3,-15035.5
523.4,-15029.6
523.5,-15030.3
523.6,-15015.5
523.7,-15043.2
523.8,-15023.9
523.9,-15023.6
524,-15025.4
524.1,-15037.4
524.2,-15033.7
524.3,-15027.7
524.4,-15039.7
524.5,-15042.7
524.6,-15032.1
524.7,-15032.9
524.8,-15038.1
524.9,-15034.3
525,-15037.2
525.1,-15044.6
525.2,-15038.5
525.3,-15039.2
525.4,-15035.3
525.5,-15031.5
525.6,-15038.9
525.7,-15023.8
525.8,-15040.1
525.9,-15029.4
526,-15030
526.1,-15032.8
526.2,-15024.5
526.3,-15025
526.4,-15025.6
526.5,-15037.3
526.6,-15033.3
526.7,-15024.9
526.8,-15029.9
526.9,-15024.8
527,-15021.9
527.1,-15033.6
527.2,-15025.1
527.3,-15025.6
527.4,-15032.8
527.5,-15031
527.6,-15040.3
527.7,-15040.7
527.8,-15025.5
527.9,-15043.8
528,-15030.7
528.1,-15030
528.2,-15019.1
528.3,-15024
528.4,-15034.5
528.5,-15025.8
528.6,-15020.5
528.7,-15032.1
528.8,-15032.4
528.9,-15023.7
529,-15031.8
529.1,-15031
529.2,-15033.5
529.3,-15027
529.4,-15022.8
529.5,-15026.4
529.6,-15033.3
529.7,-15029.1
529.8,-15032.7
529.9,-15023.9
530,-15043.1
530.1,-15038.8
530.2,-15023.2
530.3,-15030.1
530.4,-15024.7
530.5,-15021.4
530.6,-15032.7
530.7,-15017.2
530.8,-15039.7
530.9,-15042.1
531,-15028.7
531.1,-15040
531.2,-15040
531.3,-15033.3
531.4,-15031.1
531.5,-15033.4
531.6,-15035.7
531.7,-15035.7
531.8,-15029
531.9,-15039.1
532,-15033.5
532.1,-15028.9
532.2,-15031.2
532.3,-15031.1
532.4,-15041.2
532.5,-15036.6
532.6,-15019.7
532.7,-15030.8
532.8,-15033
532.9,-15032.9
533,-15023.8
533.1,-15021.4
533.2,-15021.3
533.3,-15027.9
533.4,-15030
533.5,-15032.1
533.6,-15035.2
533.7,-15030.5
533.8,-15022.5
533.9,-15020
534,-15028.8
534.1,-15032
534.2,-15031.7
534.3,-15027
534.4,-15029
534.5,-15026.5
534.6,-15032.9
534.7,-15028.1
534.8,-15022.3
534.9,-15045.5
535,-15027.2
535.1,-15024.6
535.2,-15031.1
535.3,-15030.7
535.4,-15021.4
535.5,-15038.9
535.6,-15040.8
535.7,-15042.7
535.8,-15025.5
535.9,-15019.4
536,-15041.5
536.1,-15032
536.2,-15038.3
536.3,-15029
536.4,-15048.7
536.5,-15032.5
536.6,-15034.2
536.7,-15040.5
536.8,-15035.5
536.9,-15039.5
537,-15036.7
537.1,-15031.7
537.2,-15037.9
537.3,-15032.9
537.4,-15030.1
537.5,-15027.2
537.6,-15035.7
537.7,-15030.6
537.8,-15030
537.9,-15039.5
538,-15032.1
538.1,-15030.4
538.2,-15034.2
538.3,-15033.6
538.4,-15039.7
538.5,-15030
538.6,-15031.6
538.7,-15033.1
538.8,-15025.7
538.9,-15040.7
539,-15042.3
539.1,-15032.5
539.2,-15029.5
539.3,-15040
539.4,-15032.6
539.5,-15038.5
539.6,-15028.8
539.7,-15041.4
539.8,-15042.9
539.9,-15033.1
540,-15022.2
540.1,-15031.5
540.2,-15028.4
540.3,-15043.2
540.4,-15021.1
540.5,-15032.6
540.6,-15026.1
540.7,-15035.3
540.8,-15022
540.9,-15027.9
541,-15032.5
541.1,-15028.3
541.2,-15029.6
541.3,-15030.9
541.4,-15036.7
541.5,-15022.2
541.6,-15030.2
541.7,-15031.4
541.8,-15023.7
541.9,-15038.4
542,-15035.2
542.1,-15025.1
542.2,-15033.1
542.3,-15034.3
542.4,-15042.2
542.5,-15043.4
542.6,-15028.8
542.7,-15029.9
542.8,-15031.1
542.9,-15036.7
543,-15026.6
543.1,-15032.2
543.2,-15037.8
543.3,-15034.4
543.4,-15040
543.5,-15032
543.6,-15035.4
543.7,-15025.2
543.8,-15042
543.9,-15031.7
544,-15039.5
544.1,-15038.3
544.2,-15030.3
544.3,-15040.2
544.4,-15041.2
544.5,-15037.7
544.6,-15018.5
544.7,-15035.1
544.8,-15022.6
544.9,-15023.5
545,-15035.6
545.1,-15032
545.2,-15028.4
545.3,-15036.1
545.4,-15024.7
545.5,-15019.9
545.6,-15031.9
545.7,-15032.8
545.8,-15033.6
545.9,-15025.5
546,-15026.3
546.1,-15038.3
546.2,-15041.3
546.3,-15042.1
546.4,-15038.4
546.5,-15026.9
546.6,-15033.2
546.7,-15031.7
546.8,-15028
546.9,-15024.2
547,-15028.3
547.1,-15024.5
547.2,-15027.5
547.3,-15028.1
547.4,-15035.6
547.5,-15029.5
547.6,-15032.4
547.7,-15030.8
547.8,-15038.1
547.9,-15032
548,-15039.4
548.1,-15031
548.2,-15027.1
548.3,-15038.9
548.4,-15041.7
548.5,-15026.6
548.6,-15038.3
548.7,-15034.4
548.8,-15037.1
548.9,-15024.2
549,-15016.9
549.1,-15027.5
549.2,-15016.7
549.3,-15035.1
549.4,-15035.6
549.5,-15027.1
549.6,-15025.3
549.7,-15032.4
549.8,-15032.9
549.9,-15033.3
550,-15035.9
550.1,-15038.6
550.2,-15041.2
550.3,-15037.1
550.4,-15032.9
550.5,-15037.8
550.6,-15024.7
550.7,-15027.2
550.8,-15029.8
550.9,-15036.9
551,-15032.7
551.1,-15037.5
551.2,-15019.8
551.3,-15042.5
551.4,-15029.3
551.5,-15025.1
551.6,-15017.5
551.7,-15021.1
551.8,-15039.2
551.9,-15023.7
552,-15025.1
552.1,-15025.3
552.2,-15028.8
552.3,-15031.2
552.4,-15026.9
552.5,-15021.4
552.6,-15028.3
552.7,-15026.2
552.8,-15015.1
552.9,-15025.3
553,-15024.3
553.1,-15031.1
553.2,-15033.4
553.3,-15032.3
553.4,-15027.9
553.5,-15034.7
553.6,-15022.4
553.7,-15032.5
553.8,-15030.3
553.9,-15025.8
554,-15024.7
554.1,-15028
554.2,-15041.4
554.3,-15027.9
554.4,-15022.3
554.5,-15025.6
554.6,-15027.7
554.7,-15018.7
554.8,-15029.8
554.9,-15031.9
555,-15025.1
555.1,-15020.5
555.2,-15031.6
555.3,-15033.7
555.4,-15035.8
555.5,-15037.8
555.6,-15024.2
555.7,-15028.6
555.8,-15030.6
555.9,-15032.6
556,-15034.6
556.1,-15025.5
556.2,-15027.5
556.3,-15018.3
556.4,-15035.9
556.5,-15031.2
556.6,-15033.1
556.7,-15028.4
556.8,-15021.4
556.9,-15036.8
557,-15038.7
557.1,-15029.4
557.2,-15035.8
557.3,-15022
557.4,-15019.4
557.5,-15030.2
557.6,-15032.1
557.7,-15033.9
557.8,-15043.6
557.9,-15033.1
558,-15030.4
558.1,-15030
558.2,-15025.1
558.3,-15030.2
558.4,-15024.2
558.5,-15033.8
558.6,-15027.7
558.7,-15029.5
558.8,-15026.7
558.9,-15031.8
559,-15033.5
559.1,-15050.9
559.2,-15029.1
559.3,-15035.3
559.4,-15032.5
559.5,-15025.1
559.6,-15031.3
559.7,-15037.4
559.8,-15034.6
559.9,-15038.4
560,-15033.3
560.1,-15034.9
560.2,-15036.5
560.3,-15042.6
560.4,-15024
560.5,-15048
560.6,-15038.3
560.7,-15039.9
560.8,-15025.7
560.9,-15038.4
561,-15019.8
561.1,-15043.7
561.2,-15022.8
561.3,-15028.8
561.4,-15036.9
561.5,-15033.9
561.6,-15035.3
561.7,-15027.8
561.8,-15033.7
561.9,-15030.6
562,-15027.5
562.1,-15028.9
562.2,-15037.1
562.3,-15029.5
562.4,-15024.1
562.5,-15025.5
562.6,-15038
562.7,-15034.9
562.8,-15020.5
562.9,-15029.7
563,-15029.9
563.1,-15035.6
563.2,-15036.9
563.3,-15029.2
563.4,-15030.5
563.5,-15027.3
563.6,-15028.5
563.7,-15036.4
563.8,-15037.7
563.9,-15027.7
564,-15024.4
564.1,-15023.3
564.2,-15040.2
564.3,-15034.6
564.4,-15035.8
564.5,-15027.9
564.6,-15031.3
564.7,-15034.7
564.8,-15033.6
564.9,-15034.7
565,-15031.3
565.1,-15023.4
565.2,-15020
565.3,-15027.8
565.4,-15028.8
565.5,-15037.7
565.6,-15034.3
565.7,-15046.5
565.8,-15031.8
565.9,-15031.7
566,-15032.7
566.1,-15022.5
566.2,-15038
566.3,-15023.3
566.4,-15046.6
566.5,-15038.6
566.6,-15030.5
566.7,-15031.5
566.8,-15032.4
566.9,-15021
567,-15031.9
567.1,-15035
567.2,-15038.1
567.3,-15024.4
567.4,-15035.3
567.5,-15036.2
567.6,-15039.2
567.7,-15031.1
567.8,-15030.8
567.9,-15034.9
568,-15035.7
568.1,-15028.6
568.2,-15039.5
568.3,-15027.9
568.4,-15030.9
568.5,-15031.6
568.6,-15032.3
568.7,-15030.8
568.8,-15031.5
568.9,-15032.2
569,-15014.9
569.1,-15035.8
569.2,-15038.7
569.3,-15030.3
569.4,-15031
569.5,-15033.8
569.6,-15045.7
569.7,-15037.3
569.8,-15036.7
569.9,-15029.5
570,-15033.4
570.1,-15032.9
570.2,-15035.7
570.3,-15027.2
570.4,-15031.1
570.5,-15031.6
570.6,-15034.4
570.7,-15033.8
570.8,-15036.5
570.9,-15033.6
571,-15045.3
571.1,-15017.7
571.2,-15024.9
571.3,-15035.4
571.4,-15030.2
571.5,-15034
571.6,-15023.2
571.7,-15034.9
571.8,-15041.9
571.9,-15028.9
572,-15023.6
572.1,-15026.2
572.2,-15026.6
572.3,-15032.5
572.4,-15032.8
572.5,-15035.3
572.6,-15030
572.7,-15037.1
572.8,-15036.2
572.9,-15024.1
573,-15030
573.1,-15032.5
573.2,-15031.6
573.3,-15038.5
573.4,-15029.8
573.5,-15033.4
573.6,-15029.1
573.7,-15034.9
573.8,-15035.1
573.9,-15039.7
574,-15024.1
574.1,-15026.5
574.2,-15026.7
574.3,-15029
574.4,-15034.7
574.5,-15029.2
574.6,-15032.6
574.7,-15039.5
574.8,-15027.2
574.9,-15032.8
575,-15030.6
575.1,-15032.9
575.2,-15028.4
575.3,-15030.7
575.4,-15035.2
575.5,-15033
575.6,-15035.2
575.7,-15030.7
575.8,-15032.9
575.9,-15020.5
576,-15030.5
576.1,-15037.2
576.2,-15043.8
576.3,-15022.4
576.4,-15031.3
576.5,-15034.6
576.6,-15047.9
576.7,-15050
576.8,-15026.3
576.9,-15030.6
577,-15028.2
577.1,-15030.2
577.2,-15025.6
577.3,-15033.3
577.4,-15030.8
577.5,-15029.5
577.6,-15033.7
577.7,-15029
577.8,-15024.3
577.9,-15033
578,-15037.2
578.1,-15036.9
578.2,-15038.8
578.3,-15040.8
578.4,-15036
578.5,-15031.2
578.6,-15028.6
578.7,-15030.5
578.8,-15039.1
578.9,-15029.8
579,-15037.3
579.1,-15029
579.2,-15032
579.3,-15040.5
579.4,-15034.5
579.5,-15037.4
579.6,-15031.4
579.7,-15029.8
579.8,-15031.6
579.9,-15025.5
580,-15034
580.1,-15033.5
580.2,-15031.9
580.3,-15029.1
580.4,-15030.9
580.5,-15032.6
580.6,-15038.8
580.7,-15030.3
580.8,-15033.1
580.9,-15030.3
581,-15031.9
581.1,-15033.6
581.2,-15022.9
581.3,-15031.2
581.4,-15029.5
581.5,-15031.1
581.6,-15032.7
581.7,-15038.7
581.8,-15028
581.9,-15036.2
582,-15026.6
582.1,-15040.5
582.2,-15034.2
582.3,-15031.2
582.4,-15030.4
582.5,-15036.4
582.6,-15033.4
582.7,-15032.7
582.8,-15033
582.9,-15022.1
583,-15035.9
583.1,-15031.7
583.2,-15034.2
583.3,-15046.8
583.4,-15028
583.5,-15045.1
583.6,-15042
583.7,-15026.6
583.8,-15034.6
583.9,-15032.6
584,-15034
584.1,-15030.8
584.2,-15031
584.3,-15036.8
584.4,-15035.8
584.5,-15032.6
584.6,-15031.7
584.7,-15028.4
584.8,-15036.4
584.9,-15028.6
585,-15036.6
585.1,-15022.1
585.2,-15034.5
585.3,-15035.7
585.4,-15036.9
585.5,-15029.1
585.6,-15037
585.7,-15038.1
585.8,-15028.1
585.9,-15035.9
586,-15040.4
586.1,-15033.7
586.2,-15037
586.3,-15026.9
586.4,-15039.2
586.5,-15024.6
586.6,-15035.7
586.7,-15024.4
586.8,-15036.7
586.9,-15033.2
587,-15030.9
587.1,-15043.1
587.2,-15023.9
587.3,-15047.3
587.4,-15026.9
587.5,-15039.1
587.6,-15036.7
587.7,-15039.9
587.8,-15034.1
587.9,-15037.2
588,-15037
588.1,-15035.6
588.2,-15033.2
588.3,-15034.1
588.4,-15035
588.5,-15030.2
588.6,-15028.7
588.7,-15044.1
588.8,-15049.5
588.9,-15030.1
589,-15030.9
589.1,-15038.4
589.2,-15033.6
589.3,-15029.9
589.4,-15038.5
589.5,-15034.8
589.6,-15035.5
589.7,-15031.8
589.8,-15050.4
589.9,-15037.6
590,-15049.5
590.1,-15043.5
590.2,-15041.9
590.3,-15038.1
590.4,-15038.8
590.5,-15041.6
590.6,-15020.9
590.7,-15032.8
590.8,-15041.2
590.9,-15028.4
591,-15046.9
591.1,-15036.3
591.2,-15031.2
591.3,-15035.1
591.4,-15031.2
591.5,-15049.6
591.6,-15030
591.7,-15037.2
591.8,-15035.5
591.9,-15036
592,-15043.2
592.1,-15030.2
592.2,-15044.1
592.3,-15023.3
592.4,-15033.8
592.5,-15052.1
592.6,-15025.7
592.7,-15044
592.8,-15028.7
592.9,-15042.5
593,-15033.9
593.1,-15028.7
593.2,-15032.4
593.3,-15032.7
593.4,-15035.3
593.5,-15042.3
593.6,-15040.4
593.7,-15038.4
593.8,-15030.9
593.9,-15031.2
594,-15030.3
594.1,-15032.8
594.2,-15031.9
594.3,-15034.4
594.4,-15034.6
594.5,-15025.9
594.6,-15023.8
594.7,-15047.5
594.8,-15040.9
594.9,-15040
595,-15036.8
595.1,-15034.7
595.2,-15030.4
595.3,-15041.7
595.4,-15032.9
595.5,-15041.9
595.6,-15037.5
595.7,-15033.1
595.8,-15044.4
595.9,-15046.7
596,-15037.8
596.1,-15040.1
596.2,-15030
596.3,-15025.5
596.4,-15028.9
596.5,-15035.7
596.6,-15033.4
596.7,-15031.1
596.8,-15037.8
596.9,-15039.9
597,-15051.1
597.1,-15037.6
597.2,-15048.7
597.3,-15030.7
597.4,-15037.3
597.5,-15032.7
597.6,-15024.8
597.7,-15030.2
597.8,-15027.8
597.9,-15034.4
598,-15028.6
598.1,-15038.5
598.2,-15045.1
598.3,-15035.9
598.4,-15037.9
598.5,-15039.9
598.6,-15041.9
598.7,-15024.9
598.8,-15023.5
598.9,-15041.2
599,-15036.5
599.1,-15038.4
599.2,-15035.9
599.3,-15033.3
599.4,-15039.7
599.5,-15041.6
599.6,-15043.5
599.7,-15049.9
599.8,-15036.1
599.9,-15033.4
600,-15048.8
600.1,-15039.4
600.2,-15041.3
600.3,-15031.9
600.4,-15044.9
600.5,-15042.2
600.6,-15035
600.7,-15034.6
600.8,-15036.4
600.9,-15033.6
601,-15027.5
601.1,-15032.6
601.2,-15041
601.3,-15040.5
601.4,-15042.2
601.5,-15032.8
601.6,-15028.8
601.7,-15038.3
601.8,-15032.1
601.9,-15033.8
602,-15036.6
602.1,-15025.8
602.2,-15035.3
602.3,-15036.9
602.4,-15037.4
602.5,-15035.6
602.6,-15030.5
602.7,-15043.3
602.8,-15044.8
602.9,-15026.2
603,-15035.5
603.1,-15028.1
603.2,-15029.6
603.3,-15032.2
603.4,-15033.7
603.5,-15034.1
603.6,-15031
603.7,-15034.7
603.8,-15024.9
603.9,-15034.2
604,-15032.3
604.1,-15033.7
604.2,-15035.1
604.3,-15038.7
604.4,-15028.9
604.5,-15038.1
604.6,-15037.3
604.7,-15034.2
604.8,-15042.2
604.9,-15026.7
605,-15040.4
605.1,-15035
605.2,-15047.5
605.3,-15039.8
605.4,-15041.1
605.5,-15033.3
605.6,-15033.4
605.7,-15034.7
605.8,-15037.1
605.9,-15029.3
606,-15046.2
606.1,-15038.4
606.2,-15038.4
606.3,-15036.3
606.4,-15048.6
606.5,-15049.8
606.6,-15046.5
606.7,-15036.4
606.8,-15039.7
606.9,-15029.7
607,-15046.5
607.1,-15031.9
607.2,-15033
607.3,-15040.7
607.4,-15032.8
607.5,-15028.2
607.6,-15041.6
607.7,-15038.1
607.8,-15034.6
607.9,-15031.1
608,-15027.7
608.1,-15034.2
608.2,-15036.3
608.3,-15037.3
608.4,-15030.4
608.5,-15030.2
608.6,-15037.8
608.7,-15037.6
608.8,-15039.7
608.9,-15036.1
609,-15048.2
609.1,-15028.9
609.2,-15031.9
609.3,-15032.8
609.4,-15032.5
609.5,-15033.3
609.6,-15029.7
609.7,-15049.5
609.8,-15041.3
609.9,-15042.1
610,-15037.2
610.1,-15033.5
610.2,-15029.8
610.3,-15033.9
610.4,-15041.3
610.5,-15042.1
610.6,-15041.6
610.7,-15037.9
610.8,-15034.1
610.9,-15034.8
611,-15030.9
611.1,-15038.3
611.2,-15041.1
611.3,-15041.8
611.4,-15031.3
611.5,-15027.4
611.6,-15042.5
611.7,-15034.1
611.8,-15041.4
611.9,-15044.2
612,-15033.6
612.1,-15040.8
612.2,-15033.6
612.3,-15032.9
612.4,-15027.8
612.5,-15042.9
612.6,-15032.2
612.7,-15032.7
612.8,-15046.6
612.9,-15031.4
613,-15043
613.1,-15036.6
613.2,-15037.1
613.3,-15030.9
613.4,-15044.7
613.5,-15045.1
613.6,-15043.2
613.7,-15034.6
613.8,-15027.1
613.9,-15037.5
614,-15033.4
614.1,-15044.9
614.2,-15031.7
614.3,-15047.8
614.4,-15037.9
614.5,-15030.4
614.6,-15046.4
614.7,-15028.7
614.8,-15044.6
614.9,-15035.9
615,-15042.8
615.1,-15027.4
615.2,-15038.8
615.3,-15045.7
615.4,-15041.5
615.5,-15048.3
615.6,-15035
615.7,-15032.9
615.8,-15033
615.9,-15048.9
616,-15040
616.1,-15046.9
616.2,-15049.2
616.3,-15035.8
616.4,-15047.1
616.5,-15047.2
616.6,-15031.6
616.7,-15045
616.8,-15031.6
616.9,-15033.8
617,-15032.7
617.1,-15049.6
617.2,-15031.6
617.3,-15042.8
617.4,-15045
617.5,-15036
617.6,-15038.1
617.7,-15038.1
617.8,-15049.3
617.9,-15031.2
618,-15037.8
618.1,-15032.1
618.2,-15038.6
618.3,-15030.7
618.4,-15037.3
618.5,-15050.5
618.6,-15030.2
618.7,-15036.8
618.8,-15038.8
618.9,-15036.3
619,-15038.3
619.1,-15033.6
619.2,-15033.5
619.3,-15035.4
619.4,-15037.4
619.5,-15041.5
619.6,-15036.8
619.7,-15052.2
619.8,-15031.8
619.9,-15033.7
620,-15046.8
620.1,-15044.2
620.2,-15028.2
620.3,-15043.6
620.4,-15045.5
620.5,-15047.3
620.6,-15044.6
620.7,-15041.9
620.8,-15032.6
620.9,-15054.6
621,-15045.2
621.1,-15026.8
621.2,-15048.7
621.3,-15046
621.4,-15028.7
621.5,-15036.1
621.6,-15049
621.7,-15023.9
621.8,-15045.8
621.9,-15043
622,-15040.1
622.1,-15030.7
622.2,-15041.3
622.3,-15039.7
622.4,-15044.6
622.5,-15039.6
622.6,-15036.7
622.7,-15033.8
622.8,-15044.4
622.9,-15041.5
623,-15036.4
623.1,-15049.1
623.2,-15046.2
623.3,-15043.2
623.4,-15042.6
623.5,-15033
623.6,-15045.6
623.7,-15045
623.8,-15042
623.9,-15039
624,-15047.1
624.1,-15044
624.2,-15027.6
624.3,-15040.3
624.4,-15041.7
624.5,-15038.6
624.6,-15051.2
624.7,-15025.7
624.8,-15040.6
624.9,-15048.7
625,-15038.8
625.1,-15046.9
625.2,-15043.7
625.3,-15042.9
625.4,-15033
625.5,-15038.8
625.6,-15040.1
625.7,-15041.4
625.8,-15049.4
625.9,-15050.6
626,-15047.4
626.1,-15042
626.2,-15038.7
626.3,-15039.9
626.4,-15052.3
626.5,-15034.5
626.6,-15039
626.7,-15049.2
626.8,-15039.2
626.9,-15040.4
627,-15037
627.1,-15033.6
627.2,-15039.3
627.3,-15043.7
627.4,-15041.5
627.5,-15035.9
627.6,-15048.2
627.7,-15040.2
627.8,-15030.1
627.9,-15042.3
628,-15043.4
628.1,-15044.4
628.2,-15045.4
628.3,-15041.9
628.4,-15042.9
628.5,-15051.8
628.6,-15040.4
628.7,-15034.7
628.8,-15043.5
628.9,-15044.4
629,-15039.7
629.1,-15040.6
629.2,-15041.5
629.3,-15050.3
629.4,-15034.3
629.5,-15043
629.6,-15043.9
629.7,-15048.1
629.8,-15042.2
629.9,-15035.3
630,-15058.4
630.1,-15043.6
630.2,-15036.5
630.3,-15044
630.4,-15035.7
630.5,-15036.5
630.6,-15045.1
630.7,-15029
630.8,-15042.1
630.9,-15039.5
631,-15037.9
631.1,-15038.6
631.2,-15040.5
631.3,-15041.1
631.4,-15029.5
631.5,-15041.3
631.6,-15044.1
631.7,-15033.6
631.8,-15042.1
631.9,-15036
632,-15035.5
632.1,-15043.9
632.2,-15035.5
632.3,-15034.9
632.4,-15030.9
632.5,-15036
632.6,-15041
632.7,-15044.9
632.8,-15040.9
632.9,-15035.8
633,-15040.8
633.1,-15030.1
633.2,-15049.6
633.3,-15029.9
633.4,-15052.7
633.5,-15039.6
633.6,-15038.9
633.7,-15032.6
633.8,-15052.1
633.9,-15032.3
634,-15039.3
634.1,-15039.7
634.2,-15046.8
634.3,-15042.6
634.4,-15047.5
634.5,-15050
634.6,-15045.8
634.7,-15035
634.8,-15041.9
634.9,-15039.9
635,-15035.7
635.1,-15035.9
635.2,-15029.6
635.3,-15032
635.4,-15035.5
635.5,-15045.7
635.6,-15034.8
635.7,-15052.9
635.8,-15050.9
635.9,-15037.6
636,-15033.2
636.1,-15038.9
636.2,-15042.4
636.3,-15038
636.4,-15053.8
636.5,-15034.9
636.6,-15045.1
636.7,-15042.8
636.8,-15041.7
636.9,-15043
637,-15043.1
637.1,-15040.8
637.2,-15036.3
637.3,-15043
637.4,-15030.7
637.5,-15038.6
637.6,-15038.6
637.7,-15049.7
637.8,-15051.9
637.9,-15047.4
638,-15038.3
638.1,-15044.9
638.2,-15037
638.3,-15040.3
638.4,-15031.2
638.5,-15037.7
638.6,-15044.3
638.7,-15044.2
638.8,-15050.7
638.9,-15046.1
639,-15030.3
639.1,-15032.3
639.2,-15038.8
639.3,-15030.7
639.4,-15040.6
639.5,-15040.4
639.6,-15037.8
639.7,-15053.3
639.8,-15029.5
639.9,-15031.4
640,-15033.3
640.1,-15038.5
640.2,-15042.8
640.3,-15033.5
640.4,-15053.4
640.5,-15050.7
640.6,-15036.9
640.7,-15038.7
640.8,-15038.3
640.9,-15033.5
641,-15036.4
641.1,-15034.9
641.2,-15036.7
641.3,-15038.4
641.4,-15042.5
641.5,-15037.6
641.6,-15048.4
641.7,-15050.1
641.8,-15029.5
641.9,-15046.9
642,-15025
642.1,-15035.7
642.2,-15038.5
642.3,-15049.2
642.4,-15035.2
642.5,-15052.5
642.6,-15042.9
642.7,-15042.4
642.8,-15037.3
642.9,-15054.6
643,-15033.8
643.1,-15039.9
643.2,-15034.8
643.3,-15035.1
643.4,-15053.5
643.5,-15039.4
643.6,-15038.7
643.7,-15033.6
643.8,-15031.7
643.9,-15043.2
644,-15042.5
644.1,-15032.8
644.2,-15032.1
644.3,-15038
644.4,-15050.7
644.5,-15031.9
644.6,-15053.5
644.7,-15059.3
644.8,-15049.6
644.9,-15033.1
645,-15050.2
645.1,-15031.3
645.2,-15037.1
645.3,-15038.5
645.4,-15053.3
645.5,-15052.5
645.6,-15049.3
645.7,-15050.5
645.8,-15036.1
645.9,-15041.9
646,-15036.5
646.1,-15053.4
646.2,-15043.5
646.3,-15044.7
646.4,-15045.9
646.5,-15051.6
646.6,-15034.9
646.7,-15047.3
646.8,-15041.8
646.9,-15043
647,-15044.1
647.1,-15034
647.2,-15039.7
647.3,-15051.9
647.4,-15053
647.5,-15047.5
647.6,-15053.1
647.7,-15031.8
647.8,-15035
647.9,-15029.4
648,-15034.9
648.1,-15040.5
648.2,-15041.5
648.3,-15031.3
648.4,-15054.6
648.5,-15051.1
648.6,-15049.9
648.7,-15039.7
648.8,-15045.1
648.9,-15034.9
649,-15047
649.1,-15043.4
649.2,-15048.8
649.3,-15043
649.4,-15037.3
649.5,-15042.7
649.6,-15046.9
649.7,-15039.8
649.8,-15046.2
649.9,-15044.8
650,-15043.5
650.1,-15036.5
650.2,-15045.1
650.3,-15048
650.4,-15040.9
650.5,-15047.4
650.6,-15041.5
650.7,-15042.3
650.8,-15058.7
650.9,-15043.7
651,-15044.4
651.1,-15051.7
651.2,-15037.9
651.3,-15046.4
651.4,-15040.5
651.5,-15041.1
651.6,-15048.4
651.7,-15050.2
651.8,-15048.4
651.9,-15041.2
652,-15050.8
652.1,-15046.9
652.2,-15044.1
652.3,-15049.2
652.4,-15045.2
652.5,-15041.3
652.6,-15038.5
652.7,-15043.5
652.8,-15036.2
652.9,-15041.2
653,-15048.3
653.1,-15048.8
653.2,-15040.2
653.3,-15053
653.4,-15043.5
653.5,-15034.9
653.6,-15042
653.7,-15042.4
653.8,-15042.8
653.9,-15043.2
654,-15044.8
654.1,-15043.9
654.2,-15044.3
654.3,-15040.1
654.4,-15044.9
654.5,-15045.3
654.6,-15045.6
654.7,-15041.4
654.8,-15041.7
654.9,-15041.9
655,-15046.7
655.1,-15047
655.2,-15050.6
655.3,-15046.3
655.4,-15039.9
655.5,-15057.9
655.6,-15046.9
655.7,-15045.9
655.8,-15039.5
655.9,-15030.6
656,-15054.3
656.1,-15054.5
656.2,-15045.5
656.3,-15037.8
656.4,-15039.2
656.5,-15039.3
656.6,-15055
656.7,-15050.6
656.8,-15039.5
656.9,-15041.7
657,-15045
657.1,-15037.3
657.2,-15046.3
657.3,-15053
657.4,-15037.3
657.5,-15044
657.6,-15034.9
657.7,-15046
657.8,-15039.4
657.9,-15036
658,-15043.8
658.1,-15057
658.2,-15041.3
658.3,-15047.8
658.4,-15056.7
658.5,-15047.6
658.6,-15033
658.7,-15040.7
658.8,-15038.2
658.9,-15044.6
659,-15036.6
659.1,-15044.3
659.2,-15046.5
659.3,-15033.9
659.4,-15043.7
659.5,-15045.6
659.6,-15033
659.7,-15041.8
659.8,-15049.4
659.9,-15040.1
660,-15039.8
660.1,-15039.5
660.2,-15054.9
660.3,-15044.3
660.4,-15040.7
660.5,-15051.6
660.6,-15051.3
660.7,-15041.8
660.8,-15041.5
660.9,-15047.7
661,-15045
661.1,-15037.9
661.2,-15044.2
661.3,-15048.2
661.4,-15044.5
661.5,-15044
661.6,-15041.2
661.7,-15037.5
661.8,-15035.8
661.9,-15043.1
662,-15039.3
662.1,-15040.9
662.2,-15035.9
662.3,-15037.5
662.4,-15049.3
662.5,-15044.3
662.6,-15035.9
662.7,-15037.4
662.8,-15044.7
662.9,-15042.9
663,-15039
663.1,-15042.9
663.2,-15044.4
663.3,-15059.4
663.4,-15038.6
663.5,-15040
663.6,-15041.5
663.7,-15045.3
663.8,-15060.3
663.9,-15039.4
664,-15045.3
664.1,-15032.3
664.2,-15041.5
664.3,-15047.4
664.4,-15038.8
664.5,-15038
664.6,-15037.3
664.7,-15036.5
664.8,-15042.3
664.9,-15043.6
665,-15038.3
665.1,-15040.8
665.2,-15051.1
665.3,-15050.3
665.4,-15056
665.5,-15042.8
665.6,-15044
665.7,-15041.9
665.8,-15052.2
665.9,-15046.8
666,-15057
666.1,-15037
666.2,-15044.8
666.3,-15047.2
666.4,-15041.7
666.5,-15058.5
666.6,-15041.9
666.7,-15039.6
666.8,-15046.5
666.9,-15050.8
667,-15045.3
667.1,-15041
667.2,-15039.9
667.3,-15037.6
667.4,-15043.2
667.5,-15044.2
667.6,-15049.7
667.7,-15037.5
667.8,-15047.5
667.9,-15056.3
668,-15046.1
668.1,-15037.1
668.2,-15042.6
668.3,-15041.4
668.4,-15046.8
668.5,-15041.1
668.6,-15035.4
668.7,-15039.7
668.8,-15041.7
668.9,-15042.6
669,-15050.3
669.1,-15040
669.2,-15046.6
669.3,-15042.9
669.4,-15033.8
669.5,-15039.1
669.6,-15039.8
669.7,-15045.2
669.8,-15039.3
669.9,-15052.5
670,-15038.7
670.1,-15044
670.2,-15033.5
670.3,-15043.3
670.4,-15041.9
670.5,-15039.3
670.6,-15044.5
670.7,-15049.7
670.8,-15038
670.9,-15051
671,-15045
671.1,-15039.1
671.2,-15053.3
671.3,-15058.4
671.4,-15054.5
671.5,-15043.9
671.6,-15041.1
671.7,-15042.9
671.8,-15052.5
671.9,-15041.9
672,-15037.9
672.1,-15042.9
672.2,-15043.4
672.3,-15057.5
672.4,-15040.2
672.5,-15034.1
672.6,-15039
672.7,-15050.7
672.8,-15055.6
672.9,-15044.9
673,-15043.2
673.1,-15033.6
673.2,-15037.4
673.3,-15046.8
673.4,-15051.7
673.5,-15043
673.6,-15040
673.7,-15042.8
673.8,-15039.8
673.9,-15040.1
674,-15040.5
674.1,-15038.6
674.2,-15037.7
674.3,-15043.7
674.4,-15041.9
674.5,-15037.6
674.6,-15051.5
674.7,-15056.2
674.8,-15037.4
674.9,-15047.6
675,-15056.8
675.1,-15034.7
675.2,-15048.5
675.3,-15044.2
675.4,-15053.3
675.5,-15049
675.6,-15049.1
675.7,-15031.4
675.8,-15051.7
675.9,-15047.3
676,-15040.7
676.1,-15052
676.2,-15052.1
676.3,-15041
676.4,-15056.7
676.5,-15059.1
676.6,-15059.2
676.7,-15039
676.8,-15039
676.9,-15039
677,-15052.5
677.1,-15041.3
677.2,-15041.3
677.3,-15041.2
677.4,-15050.3
677.5,-15056.8
677.6,-15033.2
677.7,-15038.8
677.8,-15043.2
677.9,-15047.7
678,-15031.9
678.1,-15051.9
678.2,-15042.7
678.3,-15039.2
678.4,-15044.7
678.5,-15041.2
678.6,-15044.4
678.7,-15039.7
678.8,-15044
678.9,-15040.4
679,-15038
679.1,-15041.1
679.2,-15038.8
679.3,-15043
679.4,-15042.7
679.5,-15034.6
679.6,-15040.9
679.7,-15041.8
679.8,-15030.4
679.9,-15050.2
680,-15038.7
680.1,-15042.9
680.2,-15044.6
680.3,-15031.9
680.4,-15037.2
680.5,-15047.9
680.6,-15052.1
680.7,-15040.5
680.8,-15035.5
680.9,-15046.2
681,-15047.8
681.1,-15037.4
681.2,-15042.7
681.3,-15046.7
681.4,-15037.2
681.5,-15059
681.6,-15042.8
681.7,-15035.6
681.8,-15039.6
681.9,-15035.7
682,-15038.5
682.1,-15037.9
682.2,-15053
682.3,-15043.3
682.4,-15060.8
682.5,-15036.6
682.6,-15057.4
682.7,-15052.3
682.8,-15058.2
682.9,-15057.6
683,-15044.5
683.1,-15037.2
683.2,-15048.8
683.3,-15043.6
683.4,-15038.4
683.5,-15042.2
683.6,-15048
683.7,-15045.2
683.8,-15036.6
683.9,-15037
684,-15042.8
684.1,-15053.2
684.2,-15041.2
684.3,-15043.7
684.4,-15039.6
684.5,-15043.2
684.6,-15046.9
684.7,-15041.5
684.8,-15045.2
684.9,-15043
685,-15042.1
685.1,-15036.7
685.2,-15033.7
685.3,-15037.3
685.4,-15048.7
685.5,-15046.5
685.6,-15041
685.7,-15040.1
685.8,-15043.6
685.9,-15042.6
686,-15046.1
686.1,-15045.1
686.2,-15039.5
686.3,-15045.1
686.4,-15051.9
686.5,-15040.9
686.6,-15044.3
686.7,-15046.6
686.8,-15047.6
686.9,-15042
687,-15037.5
687.1,-15048.7
687.2,-15052.1
687.3,-15038.6
687.4,-15040.8
687.5,-15050.8
687.6,-15038.4
687.7,-15031.5
687.8,-15043.8
687.9,-15041.4
688,-15033.6
688.1,-15050.1
688.2,-15037.7
688.3,-15043
688.4,-15042.9
688.5,-15045
688.6,-15054.9
688.7,-15055.7
688.8,-15052.3
688.9,-15057.6
689,-15040.5
689.1,-15041.3
689.2,-15044.4
689.3,-15038.5
689.4,-15052.9
689.5,-15051.5
689.6,-15038.9
689.7,-15055.2
689.8,-15053.8
689.9,-15052.4
690,-15048.9
690.1,-15054
690.2,-15052.5
690.3,-15046.5
690.4,-15051.7
690.5,-15050.2
690.6,-15053.1
690.7,-15047.1
690.8,-15045.6
690.9,-15050.6
691,-15051.2
691.1,-15049.6
691.2,-15048
691.3,-15050.9
691.4,-15049.3
691.5,-15047.7
691.6,-15048.2
691.7,-15042.1
691.8,-15051.5
691.9,-15049.9
692,-15057.2
692.1,-15046.5
692.2,-15040.3
692.3,-15045.2
692.4,-15050.1
692.5,-15043.8
692.6,-15040
692.7,-15051.5
692.8,-15045.3
692.9,-15048
693,-15048.3
693.1,-15051
693.2,-15053.7
693.3,-15054
693.4,-15041.1
693.5,-15045.9
693.6,-15044
693.7,-15044.3
693.8,-15046.9
693.9,-15051.6
694,-15043.1
694.1,-15051.2
694.2,-15049.3
694.3,-15039.5
694.4,-15048.7
694.5,-15048.8
694.6,-15046.9
694.7,-15052.8
694.8,-15046.3
694.9,-15044.3
695,-15041.1
695.1,-15045.6
695.2,-15050.2
695.3,-15037.1
695.4,-15041.6
695.5,-15047.4
695.6,-15037.5
695.7,-15037.5
695.8,-15035.5
695.9,-15046.6
696,-15049
696.1,-15046.8
696.2,-15044.7
696.3,-15033.6
696.4,-15042.5
696.5,-15042.4
696.6,-15038.2
696.7,-15038.1
696.8,-15043.7
696.9,-15041.5
697,-15057.1
697.1,-15057
697.2,-15050.1
697.3,-15033.4
697.4,-15045.6
697.5,-15047.9
697.6,-15047.7
697.7,-15052
697.8,-15056.3
697.9,-15042.8
698,-15045
698.1,-15055.9
698.2,-15053.6
698.3,-15046.7
698.4,-15051
698.5,-15048.6
698.6,-15048.2
698.7,-15057
698.8,-15050
698.9,-15043.1
699,-15042.8
699.1,-15044.8
699.2,-15053.5
699.3,-15037.4
699.4,-15046.1
699.5,-15039.1
699.6,-15043.2
699.7,-15040.7
699.8,-15049.2
699.9,-15057.8
700,-15041.7
700.1,-15050.3
700.2,-15047.7
700.3,-15045.1
700.4,-15044.6
700.5,-15041.9
700.6,-15045.9
700.7,-15037.5
700.8,-15053.9
700.9,-15057.9
701,-15055.2
701.1,-15040.1
701.2,-15037.4
701.3,-15047.9
701.4,-15040.7
701.5,-15057
701.6,-15043.1
701.7,-15051.5
701.8,-15044.2
701.9,-15043.6
702,-15035
702.1,-15051.2
702.2,-15048.4
702.3,-15045.6
702.4,-15049.4
702.5,-15048.7
702.6,-15044.6
702.7,-15048.3
702.8,-15038.9
702.9,-15047.1
703,-15047.6
703.1,-15046.8
703.2,-15040.5
703.3,-15039.7
703.4,-15038.9
703.5,-15040.4
703.6,-15047.4
703.7,-15055.6
703.8,-15043.6
703.9,-15039.3
704,-15042.9
704.1,-15046.5
704.2,-15046.9
704.3,-15039.3
704.4,-15058.6
704.5,-15046.4
704.6,-15046.6
704.7,-15048.1
704.8,-15044.7
704.9,-15053.9
705,-15046.3
705.1,-15054.4
705.2,-15038.8
705.3,-15037.8
705.4,-15041.2
705.5,-15042.2
705.6,-15037
705.7,-15043.8
705.8,-15051.7
705.9,-15051.7
706,-15035
706.1,-15033.8
706.2,-15043.8
706.3,-15040.5
706.4,-15048.4
706.5,-15040.6
706.6,-15039.4
706.7,-15038.2
706.8,-15037
706.9,-15046.1
707,-15053.9
707.1,-15046
707.2,-15044.7
707.3,-15052.6
707.4,-15051.3
707.5,-15056.6
707.6,-15053.2
707.7,-15054.3
707.8,-15035.2
707.9,-15049.6
708,-15048.2
708.1,-15051.4
708.2,-15050
708.3,-15046.5
708.4,-15054.2
708.5,-15046.2
708.6,-15049.3
708.7,-15052.3
708.8,-15050.9
708.9,-15060.5
709,-15057
709.1,-15053.5
709.2,-15056.5
709.3,-15048.4
709.4,-15046.9
709.5,-15054.4
709.6,-15063.9
709.7,-15055.8
709.8,-15052.2
709.9,-15050.7
710,-15049.1
710.1,-15056.5
710.2,-15054.9
710.3,-15053.3
710.4,-15051.7
710.5,-15045.9
710.6,-15044.3
710.7,-15047.2
710.8,-15050
710.9,-15048.3
711,-15057.7
711.1,-15049.5
711.2,-15052.3
711.3,-15044
711.4,-15042.2
711.5,-15045
711.6,-15047.8
711.7,-15052.6
711.8,-15044.2
711.9,-15051.5
712,-15049.7
712.1,-15045.8
712.2,-15048.5
712.3,-15046.7
712.4,-15040.2
712.5,-15052
712.6,-15050.1
712.7,-15050.7
712.8,-15055.4
712.9,-15053.5
713,-15056.1
713.1,-15043
713.2,-15061.3
713.3,-15057.2
713.4,-15055.3
713.5,-15053.3
713.6,-15051.4
713.7,-15058.4
713.8,-15047.3
713.9,-15038.7
714,-15056.9
714.1,-15043.8
714.2,-15057.3
714.3,-15055.3
714.4,-15046.5
714.5,-15051
714.6,-15042.4
714.7,-15056
714.8,-15047.3
714.9,-15049.7
715,-15047.5
715.1,-15037.5
715.2,-15045.3
715.3,-15052.2
715.4,-15043.5
715.5,-15056.9
715.6,-15048.1
715.7,-15039.2
715.8,-15035.7
715.9,-15047.9
716,-15039.1
716.1,-15041.4
716.2,-15048.1
716.3,-15050.4
716.4,-15040.2
716.5,-15052.4
716.6,-15042.2
716.7,-15039.9
716.8,-15040
716.9,-15042.2
717,-15044.3
717.1,-15048.5
717.2,-15046.2
717.3,-15050.4
717.4,-15045.9
717.5,-15048
717.6,-15054.6
717.7,-15047.7
717.8,-15040.7
717.9,-15042.8
718,-15046.9
718.1,-15048.9
718.2,-15048.9
718.3,-15046.4
718.4,-15039.4
718.5,-15036.9
718.6,-15045.4
718.7,-15054
718.8,-15049.4
718.9,-15040.1
719,-15048.7
719.1,-15048.2
719.2,-15048.1
719.3,-15052
719.4,-15040.3
719.5,-15040.1
719.6,-15042
719.7,-15050.5
719.8,-15052.4
719.9,-15034
720,-15042.4
720.1,-15047.4
720.2,-15038.2
720.3,-15038.8
720.4,-15056.3
720.5,-15053.5
720.6,-15035.1
720.7,-15040.1
720.8,-15037.3
720.9,-15042.3
721,-15055.2
721.1,-15052.4
721.2,-15042.9
721.3,-15040.1
721.4,-15043.9
721.5,-15039.7
721.6,-15049.2
721.7,-15035.3
721.8,-15057.1
721.9,-15054.2
722,-15043.3
722.1,-15047
722.2,-15044.1
722.3,-15041.1
722.4,-15038.2
722.5,-15044.2
722.6,-15045.8
722.7,-15042.8
722.8,-15046.4
722.9,-15054.4
723,-15044.9
723.1,-15041.8
723.2,-15043.3
723.3,-15051.3
723.4,-15048.3
723.5,-15056.3
723.6,-15037.5
723.7,-15050.1
723.8,-15035.8
723.9,-15048.4
724,-15045.3
724.1,-15053.2
724.2,-15052.1
724.3,-15053.4
724.4,-15054.8
724.5,-15040.4
724.6,-15057.4
724.7,-15054.2
724.8,-15039.8
724.9,-15043.1
725,-15038.6
725.1,-15039.9
725.2,-15036.6
725.3,-15041.2
725.4,-15039.1
725.5,-15037.9
725.6,-15039.1
725.7,-15042.3
725.8,-15043.5
725.9,-15044.7
726,-15041.3
726.1,-15045.8
726.2,-15042.4
726.3,-15042.3
726.4,-15040.9
726.5,-15031
726.6,-15035.4
726.7,-15041
726.8,-15044.1
726.9,-15040.7
727,-15044.9
727.1,-15048
727.2,-15044.5
727.3,-15039
727.4,-15031
727.5,-15027.5
727.6,-15039.5
727.7,-15042.6
727.8,-15045.6
727.9,-15035.4
728,-15040.9
728.1,-15043.9
728.2,-15040.3
728.3,-15044.5
728.4,-15033.1
728.5,-15047.1
728.6,-15041.4
728.7,-15033.2
728.8,-15041.9
728.9,-15046
729,-15037.8
729.1,-15045.2
729.2,-15048
729.3,-15044.3
729.4,-15040.6
729.5,-15036.8
729.6,-15033.1
729.7,-15029.3
729.8,-15047.7
729.9,-15043.9
730,-15051.2
730.1,-15040.8
730.2,-15049.4
730.3,-15041
730.4,-15041.7
730.5,-15036.6
730.6,-15039.3
730.7,-15039.9
730.8,-15039.4
730.9,-15042
731,-15031.6
731.1,-15058.9
731.2,-15045.9
731.3,-15041.9
731.4,-15047
731.5,-15049.7
731.6,-15034.6
731.7,-15041.7
731.8,-15036.4
731.9,-15032.4
732,-15032.9
732.1,-15041.2
732.2,-15048.4
732.3,-15044.3
732.4,-15057.9
732.5,-15042.6
732.6,-15048.3
732.7,-15039.7
732.8,-15052.6
732.9,-15037.4
733,-15044.4
733.1,-15055.8
733.2,-15051.6
733.3,-15042.8
733.4,-15045.2
733.5,-15041.8
733.6,-15043.4
733.7,-15037.2
733.8,-15035
733.9,-15046.3
734,-15048.8
734.1,-15042
734.2,-15034.4
734.3,-15041.2
734.4,-15041.4
734.5,-15042.9
734.6,-15049.8
734.7,-15054.1
734.8,-15038.6
734.9,-15039.5
735,-15039.6
735.1,-15039.8
735.2,-15046.5
735.3,-15045.4
735.4,-15039.8
735.5,-15035.4
735.6,-15042
735.7,-15037.6
735.8,-15033.2
735.9,-15043.1
736,-15037.4
736.1,-15032.9
736.2,-15039.5
736.3,-15039.5
736.4,-15035
736.5,-15054
736.6,-15045
736.7,-15051.5
736.8,-15037.8
736.9,-15043
737,-15043
737.1,-15046.2
737.2,-15037.1
737.3,-15048.2
737.4,-15048.1
737.5,-15040.9
737.6,-15037.4
737.7,-15045.9
737.8,-15044.6
737.9,-15053.6
738,-15050.9
738.1,-15050.7
738.2,-15034.9
738.3,-15063.4
738.4,-15035.2
738.5,-15044.8
738.6,-15046.6
738.7,-15035.4
738.8,-15046.1
738.9,-15052.6
739,-15058.8
739.1,-15040.4
739.2,-15042.1
739.3,-15048.3
739.4,-15043.5
739.5,-15039.8
739.6,-15035
739.7,-15040
739.8,-15037.2
739.9,-15038.8
740,-15042.9
740.1,-15041.2
740.2,-15031.8
740.3,-15044.5
740.4,-15039.5
740.5,-15034.6
740.6,-15047.2
740.7,-15042.2
740.8,-15037.2
740.9,-15032.2
741,-15048.2
741.1,-15030.8
741.2,-15036.8
741.3,-15042.8
741.4,-15042.3
741.5,-15037.2
741.6,-15036.6
741.7,-15033.6
741.8,-15035
741.9,-15047.5
742,-15044.3
742.1,-15041.8
742.2,-15036.6
742.3,-15031.5
742.4,-15047.2
742.5,-15034.2
742.6,-15046.6
742.7,-15048
742.8,-15049.3
742.9,-15040.9
743,-15040.2
743.1,-15057.1
743.2,-15051.9
743.3,-15034.1
743.4,-15035.4
743.5,-15047.7
743.6,-15042.4
743.7,-15050.2
743.8,-15049.4
743.9,-15044
744,-15038.7
744.1,-15046.4
744.2,-15047.6
744.3,-15048.8
744.4,-15043.4
744.5,-15051.1
744.6,-15045.7
744.7,-15040.3
744.8,-15043.8
744.9,-15051.5
745,-15046
745.1,-15040.6
745.2,-15052.7
745.3,-15036
745.4,-15052.7
745.5,-15053.8
745.6,-15048.2
745.7,-15042.7
745.8,-15043.7
745.9,-15044.7
746,-15048.1
746.1,-15055.6
746.2,-15042.9
746.3,-15041.9
746.4,-15051.9
746.5,-15046.3
746.6,-15040.7
746.7,-15050.6
746.8,-15042.5
746.9,-15049.9
747,-15036.2
747.1,-15035.9
747.2,-15050.4
747.3,-15044.7
747.4,-15039
747.5,-15041.8
747.6,-15036.1
747.7,-15047.9
747.8,-15039.5
747.9,-15038.3
748,-15048.2
748.1,-15042.4
748.2,-15049.7
748.3,-15043.8
748.4,-15051.1
748.5,-15040.6
748.6,-15045.8
748.7,-15035.4
748.8,-15045.2
748.9,-15050.4
749,-15042
749.1,-15036.1
749.2,-15047.8
749.3,-15046.4
749.4,-15053.5
749.5,-15047.5
749.6,-15041.6
749.7,-15048.7
749.8,-15042.7
749.9,-15043.2
750,-15041.7
750.1,-15042.2
750.2,-15036.2
750.3,-15043.2
750.4,-15048.2
750.5,-15048.7
750.6,-15042.6
750.7,-15049.6
750.8,-15048
750.9,-15044
751,-15044.4
751.1,-15038.2
751.2,-15045.2
751.3,-15050.1
751.4,-15045.9
751.5,-15044.3
751.6,-15038.1
751.7,-15038.4
751.8,-15043.3
751.9,-15034.4
752,-15050.4
752.1,-15044
752.2,-15044.4
752.3,-15038.2
752.4,-15036.4
752.5,-15041.2
752.6,-15036.9
752.7,-15043.7
752.8,-15054.9
752.9,-15044.1
753,-15033.3
753.1,-15042.4
753.2,-15047.1
753.3,-15036.2
753.4,-15042.9
753.5,-15043.1
753.6,-15043.2
753.7,-15049.8
753.8,-15052.4
753.9,-15041.5
754,-15035
754.1,-15041.6
754.2,-15037.2
754.3,-15037.2
754.4,-15052.8
754.5,-15046.3
754.6,-15039.8
754.7,-15039.8
754.8,-15039.8
754.9,-15039.8
755,-15039.7
755.1,-15037.7
755.2,-15048.7
755.3,-15033.1
755.4,-15039.5
755.5,-15032.9
755.6,-15047.2
755.7,-15037.2
755.8,-15041.6
755.9,-15044.8
756,-15033.6
756.1,-15055.7
756.2,-15039.8
756.3,-15044.2
756.4,-15034.1
756.5,-15040.4
756.6,-15041.5
756.7,-15048
756.8,-15056.8
756.9,-15036.3
757,-15039.3
757.1,-15048
757.2,-15043.2
757.3,-15039.8
757.4,-15055.2
757.5,-15048.3
757.6,-15048
757.7,-15033.2
757.8,-15039.3
757.9,-15045.5
758,-15037.5
758.1,-15035.1
758.2,-15054.9
758.3,-15038.8
758.4,-15042.9
758.5,-15053.6
758.6,-15039.5
758.7,-15042.3
758.8,-15043.1
758.9,-15036.2
759,-15044.7
759.1,-15036.4
759.2,-15037.9
759.3,-15045.2
759.4,-15036.8
759.5,-15047.3
759.6,-15040.3
759.7,-15037.7
759.8,-15040.5
759.9,-15039.9
760,-15045.8
760.1,-15037.4
760.2,-15036.8
760.3,-15040.7
760.4,-15040
760.5,-15036.2
760.6,-15051.2
760.7,-15055.1
760.8,-15037.4
760.9,-15036.7
761,-15040.5
761.1,-15032.1
761.2,-15030.1
761.3,-15052.9
761.4,-15036.4
761.5,-15035.7
761.6,-15045.9
761.7,-15041.8
761.8,-15049
761.9,-15039.1
762,-15038.2
762.1,-15038.6
762.2,-15041.1
762.3,-15036.9
762.4,-15034
762.5,-15043
762.6,-15035.6
762.7,-15037.9
762.8,-15040.4
762.9,-15039.4
763,-15030.7
763.1,-15034.3
763.2,-15028.8
763.3,-15035.7
763.4,-15034.7
763.5,-15033.7
763.6,-15031.4
763.7,-15046
763.8,-15033.9
763.9,-15045.2
764,-15048.9
764.1,-15043.3
764.2,-15053.3
764.3,-15041
764.4,-15032.1
764.5,-15042
764.6,-15044.3
764.7,-15043.2
764.8,-15046.7
764.9,-15050.1
765,-15053.4
765.1,-15038.6
765.2,-15040.6
765.3,-15041.5
765.4,-15041.6
765.5,-15044.9
765.6,-15035.8
765.7,-15039.1
765.8,-15037.9
765.9,-15043.1
766,-15048.4
766.1,-15040.6
766.2,-15039.3
766.3,-15042.5
766.4,-15034.7
766.5,-15043.3
766.6,-15037.4
766.7,-15030.3
766.8,-15041.3
766.9,-15036.6
767,-15039.7
767.1,-15035.2
767.2,-15049.5
767.3,-15048.1
767.4,-15048.7
767.5,-15042.6
767.6,-15034.6
767.7,-15036.3
767.8,-15036.9
767.9,-15036.7
768,-15057.5
768.1,-15033.8
768.2,-15035.4
768.3,-15044.9
768.4,-15035.7
768.5,-15040.7
768.6,-15045.7
768.7,-15037.6
768.8,-15042.6
768.9,-15035.6
769,-15040.5
769.1,-15040.3
769.2,-15040.7
769.3,-15043.7
769.4,-15029.6
769.5,-15038.9
769.6,-15037.3
769.7,-15035.6
769.8,-15041.8
769.9,-15040.1
770,-15038.4
770.1,-15033.3
770.2,-15033.6
770.3,-15038.4
770.4,-15036.6
770.5,-15042.7
770.6,-15050.1
770.7,-15048.3
770.8,-15046.5
770.9,-15051.2
771,-15032.4
771.1,-15060.6
771.2,-15036.6
771.3,-15041.2
771.4,-15048.6
771.5,-15046.7
771.6,-15044.8
771.7,-15049.4
771.8,-15038.3
771.9,-15042.9
772,-15034.5
772.1,-15041.7
772.2,-15046.3
772.3,-15053.3
772.4,-15042.4
772.5,-15051.4
772.6,-15040.2
772.7,-15033.7
772.8,-15047.4
772.9,-15043.3
773,-15052.3
773.1,-15050.3
773.2,-15048.2
773.3,-15048.1
773.4,-15032.4
773.5,-15057
773.6,-15052.9
773.7,-15039.6
773.8,-15048.6
773.9,-15053
774,-15052.8
774.1,-15052.7
774.2,-15053
774.3,-15046.2
774.4,-15034.1
774.5,-15046.4
774.6,-15044.2
774.7,-15048.5
774.8,-15052.8
774.9,-15041.3
775,-15033.7
775.1,-15041.3
775.2,-15050.2
775.3,-15047.9
775.4,-15047.6
775.5,-15043.3
775.6,-15031.8
775.7,-15044.9
775.8,-15053.8
775.9,-15046.9
776,-15051
776.1,-15042.1
776.2,-15050.8
776.3,-15043.7
776.4,-15033.4
776.5,-15038.8
776.6,-15058.6
776.7,-15040.4
776.8,-15038
776.9,-15042
777,-15036.2
777.1,-15038.2
777.2,-15039
777.3,-15036.5
777.4,-15040.5
777.5,-15041.1
777.6,-15032
777.7,-15036
777.8,-15047.8
777.9,-15028.3
778,-15038.1
778.1,-15032.1
778.2,-15029.5
778.3,-15033.4
778.4,-15045.1
778.5,-15042.4
778.6,-15039.8
778.7,-15043.6
778.8,-15050.1
778.9,-15053.9
779,-15042
779.1,-15031.5
779.2,-15036.6
779.3,-15032.5
779.4,-15044.1
779.5,-15046
779.6,-15054.2
779.7,-15035.8
779.8,-15037.5
779.9,-15033.3
780,-15040.3
780.1,-15044
780.2,-15050.4
780.3,-15047.5
780.4,-15049.1
780.5,-15046.3
780.6,-15034.2
780.7,-15049
780.8,-15043.4
780.9,-15051.5
781,-15037.5
781.1,-15035.8
781.2,-15040.6
781.3,-15039.7
781.4,-15038.7
781.5,-15038.9
781.6,-15037.9
781.7,-15037.4
781.8,-15045.4
781.9,-15039.2
782,-15042.6
782.1,-15046.1
782.2,-15041.7
782.3,-15045.1
782.4,-15037.3
782.5,-15038.7
782.6,-15046.8
782.7,-15039.2
782.8,-15036
782.9,-15048.4
783,-15036.1
783.1,-15039.4
783.2,-15034.9
783.3,-15048.7
783.4,-15052
783.5,-15042.3
783.6,-15050.1
783.7,-15048.9
783.8,-15036.4
783.9,-15031.8
784,-15035.1
784.1,-15033.1
784.2,-15036.3
784.3,-15048.7
784.4,-15036.2
784.5,-15032.9
784.6,-15036.1
784.7,-15031.4
784.8,-15042.4
784.9,-15048.2
785,-15051.3
785.1,-15047.9
785.2,-15028.8
785.3,-15038.4
785.4,-15033.6
785.5,-15038.1
785.6,-15041.1
785.7,-15028.6
785.8,-15029.7
785.9,-15041.7
786,-15036.9
786.1,-15035.4
786.2,-15044.4
786.3,-15047.4
786.4,-15039.1
786.5,-15051.3
786.6,-15041
786.7,-15035
786.8,-15053.6
786.9,-15036.3
787,-15054.9
787.1,-15049.3
787.2,-15028.6
787.3,-15040.5
787.4,-15044.7
787.5,-15036.5
787.6,-15034.8
787.7,-15038.8
787.8,-15043
787.9,-15042.4
788,-15034.2
788.1,-15040.3
788.2,-15038.6
788.3,-15037.4
788.4,-15038.7
788.5,-15035
788.6,-15037.7
788.7,-15041.7
788.8,-15038.6
788.9,-15028.3
789,-15035.5
789.1,-15042.6
789.2,-15034.3
789.3,-15034.9
789.4,-15040.9
789.5,-15035.7
789.6,-15046.1
789.7,-15038.9
789.8,-15030.4
789.9,-15033
790,-15038.1
790.1,-15033
790.2,-15040
790.3,-15039.2
790.4,-15037.2
790.5,-15039.7
790.6,-15042.2
790.7,-15042.7
790.8,-15038.7
790.9,-15041.1
791,-15039.1
791.1,-15035
791.2,-15043.9
791.3,-15044.4
791.4,-15051.3
791.5,-15042.7
791.6,-15038.5
791.7,-15042.3
791.8,-15036.8
791.9,-15039.1
792,-15050.5
792.1,-15037.1
792.2,-15050.6
792.3,-15046.4
792.4,-15037.7
792.5,-15040
792.6,-15046.7
792.7,-15053.5
792.8,-15032.2
792.9,-15034.4
793,-15042.7
793.1,-15049.4
793.2,-15038.6
793.3,-15045.3
793.4,-15043
793.5,-15034
793.6,-15030.3
793.7,-15040.3
793.8,-15035.9
793.9,-15029.6
794,-15047.4
794.1,-15049.5
794.2,-15040.4
794.3,-15037.9
794.4,-15038.6
794.5,-15038.7
794.6,-15040.7
794.7,-15029.8
794.8,-15031.8
794.9,-15037.2
795,-15026.8
795.1,-15037.8
795.2,-15030.8
795.3,-15043.3
795.4,-15049.8
795.5,-15049.7
795.6,-15036.1
795.7,-15038.1
795.8,-15040
795.9,-15041.9
796,-15043.7
796.1,-15043.6
796.2,-15043.5
796.3,-15040.9
796.4,-15038.2
796.5,-15036.9
796.6,-15041.8
796.7,-15039.1
796.8,-15045.4
796.9,-15038.8
797,-15036
797.1,-15045.6
797.2,-15036.4
797.3,-15033.6
797.4,-15043
797.5,-15044.7
797.6,-15038
797.7,-15047.7
797.8,-15038.4
797.9,-15040.1
798,-15046.2
798.1,-15052.4
798.2,-15038.3
798.3,-15038.6
798.4,-15057.2
798.5,-15036.9
798.6,-15043
798.7,-15044.6
798.8,-15041.6
798.9,-15043.2
799,-15033.5
799.1,-15050.8
799.2,-15039.3
799.3,-15040.8
799.4,-15045.7
799.5,-15040.7
799.6,-15042.2
799.7,-15040.3
799.8,-15048.2
799.9,-15043.2
800,-15042.7
800.1,-15040.9
800.2,-15047.1
800.3,-15037.3
800.4,-15035.3
800.5,-15043.2
800.6,-15051
800.7,-15041.4
800.8,-15040.8
800.9,-15042.1
801,-15030.5
801.1,-15040.8
801.2,-15044.1
801.3,-15040.8
801.4,-15048.6
801.5,-15049.9
801.6,-15049.2
801.7,-15048.4
801.8,-15049.7
801.9,-15050.9
802,-15052.1
802.1,-15037.6
802.2,-15038.8
802.3,-15040
802.4,-15032.7
802.5,-15038.3
802.6,-15050.7
802.7,-15051.8
802.8,-15052.9
802.9,-15030.5
803,-15036.1
803.1,-15038.5
803.2,-15033.1
803.3,-15049.9
803.4,-15050.9
803.5,-15036.3
803.6,-15029.5
803.7,-15037
803.8,-15031.5
803.9,-15049.4
804,-15032.9
804.1,-15049.6
804.2,-15039.3
804.3,-15040.3
804.4,-15033.4
804.5,-15034.3
804.6,-15035.2
804.7,-15031
804.8,-15036.4
804.9,-15048.5
805,-15049.4
805.1,-15050.2
805.2,-15032.1
805.3,-15037.4
805.4,-15038.2
805.5,-15051.6
805.6,-15045.9
805.7,-15042.2
805.8,-15031.8
805.9,-15037.1
806,-15045.5
806.1,-15030.8
806.2,-15039.4
806.3,-15040.1
806.4,-15040.8
806.5,-15035
806.6,-15035.7
806.7,-15035
806.8,-15040.2
806.9,-15036.4
807,-15037
807.1,-15040.2
807.2,-15029.8
807.3,-15025.9
807.4,-15031.1
807.5,-15036.2
807.6,-15036.7
807.7,-15037.3
807.8,-15045.7
807.9,-15028.8
808,-15049.5
808.1,-15034.4
808.2,-15036.1
808.3,-15043
808.4,-15035.9
808.5,-15036.4
808.6,-15046.1
808.7,-15040
808.8,-15045
808.9,-15026.4
809,-15045.9
809.1,-15037.1
809.2,-15037.5
809.3,-15037.8
809.4,-15036.3
809.5,-15052.3
809.6,-15041.5
809.7,-15046.6
809.8,-15037.7
809.9,-15038
810,-15038.3
810.1,-15030.8
810.2,-15038.9
810.3,-15037.2
810.4,-15048.7
810.5,-15048.9
810.6,-15055.6
810.7,-15031.8
810.8,-15047.7
810.9,-15047.9
811,-15048.1
811.1,-15043.8
811.2,-15048.4
811.3,-15053.1
811.4,-15028.6
811.5,-15048.9
811.6,-15033.4
811.7,-15038
811.8,-15053.8
811.9,-15047.4
812,-15054
812.1,-15049.6
812.2,-15033.9
812.3,-15054.2
812.4,-15038.5
812.5,-15047.8
812.6,-15041.3
812.7,-15041.3
812.8,-15041.3
812.9,-15041.3
813,-15047.8
813.1,-15034.6
813.2,-15033.2
813.3,-15050.2
813.4,-15045.6
813.5,-15050
813.6,-15049.9
813.7,-15034.2
813.8,-15034
813.9,-15038.4
814,-15049.5
814.1,-15047.4
814.2,-15040.7
814.3,-15045.1
814.4,-15044.9
814.5,-15051.2
814.6,-15044.5
814.7,-15044.3
814.8,-15028.4
814.9,-15052.8
815,-15048.1
815.1,-15047.8
815.2,-15052.1
815.3,-15036.1
815.4,-15035.8
815.5,-15035.5
815.6,-15044.4
815.7,-15037.6
815.8,-15037.3
815.9,-15041.4
816,-15052
816.1,-15036
816.2,-15051.3
816.3,-15046.4
816.4,-15039.5
816.5,-15043.6
816.6,-15047.7
816.7,-15051.8
816.8,-15046.8
816.9,-15041.9
817,-15041.4
817.1,-15040.9
817.2,-15044.9
817.3,-15048.9
817.4,-15048.4
817.5,-15036.7
817.6,-15036.1
817.7,-15042.1
817.8,-15031.7
817.9,-15037.6
818,-15030.5
818.1,-15042.3
818.2,-15038.3
818.3,-15037.7
818.4,-15043.6
818.5,-15036.5
818.6,-15035.8
818.7,-15043
818.8,-15032.5
818.9,-15029.9
819,-15029.2
819.1,-15038.3
819.2,-15036.2
819.3,-15036.8
819.4,-15047.1
819.5,-15033.4
819.6,-15033.8
819.7,-15047.5
819.8,-15046.8
819.9,-15046
820,-15051.6
820.1,-15050.8
820.2,-15038.8
820.3,-15051.7
820.4,-15046.3
820.5,-15041
820.6,-15040.1
820.7,-15039.2
820.8,-15053.8
820.9,-15052.9
821,-15045.5
821.1,-15044.6
821.2,-15043.6
821.3,-15042.7
821.4,-15046.2
821.5,-15040.7
821.6,-15035
821.7,-15040.5
821.8,-15046.7
821.9,-15045.7
822,-15044.7
822.1,-15043.6
822.2,-15042.6
822.3,-15041.5
822.4,-15035.7
822.5,-15031.3
822.6,-15047.3
822.7,-15046.2
822.8,-15045.1
822.9,-15043.9
823,-15042.8
823.1,-15052.6
823.2,-15038.8
823.3,-15037.7
823.4,-15049.1
823.5,-15036.9
823.6,-15040.2
823.7,-15043.5
823.8,-15053.2
823.9,-15034.9
824,-15038.1
824.1,-15044.7
824.2,-15052.7
824.3,-15044.9
824.4,-15032.4
824.5,-15031.1
824.6,-15040.8
824.7,-15038.1
824.8,-15043.2
824.9,-15035.4
825,-15043
825.1,-15038.5
825.2,-15037.1
825.3,-15038.8
825.4,-15041.9
825.5,-15040.5
825.6,-15040.8
825.7,-15044.1
825.8,-15036.2
825.9,-15039.2
826,-15037.7
826.1,-15045.2
826.2,-15041.2
826.3,-15046.1
826.4,-15038.2
826.5,-15038
826.6,-15036.5
826.7,-15036.1
826.8,-15042.4
826.9,-15040.8
827,-15045.6
827.1,-15042.6
827.2,-15028.1
827.3,-15038.9
827.4,-15052.9
827.5,-15055.8
827.6,-15038.4
827.7,-15052.4
827.8,-15027.2
827.9,-15038.4
828,-15047.4
828.1,-15045.7
828.2,-15048.4
828.3,-15051.2
828.4,-15049.5
828.5,-15047.7
828.6,-15038.7
828.7,-15057.1
828.8,-15042.4
828.9,-15040.6
829,-15047.8
829.1,-15050.4
829.2,-15044.1
829.3,-15042.3
829.4,-15046.8
829.5,-15045
829.6,-15045.7
829.7,-15043.8
829.8,-15046.4
829.9,-15039.9
830,-15038
830.1,-15042.5
830.2,-15056.1
830.3,-15030.6
830.4,-15045.7
830.5,-15041.7
830.6,-15035.2
830.7,-15044.2
830.8,-15046.7
830.9,-15042.1
831,-15040.1
831.1,-15047
831.2,-15045
831.3,-15045.5
831.4,-15043.4
831.5,-15044.6
831.6,-15036.6
831.7,-15039
831.8,-15041.4
831.9,-15039.3
832,-15046.1
832.1,-15047.3
832.2,-15040.6
832.3,-15054.1
832.4,-15040.8
832.5,-15041.7
832.6,-15039.4
832.7,-15048.2
832.8,-15044
832.9,-15035.3
833,-15033
833.1,-15037.2
833.2,-15045.9
833.3,-15043.6
833.4,-15045.8
833.5,-15043.5
833.6,-15034.7
833.7,-15040.2
833.8,-15039
833.9,-15050.9
834,-15040.7
834.1,-15038.3
834.2,-15045
834.3,-15042.6
834.4,-15040.1
834.5,-15037.7
834.6,-15043.1
834.7,-15039.3
834.8,-15034.9
834.9,-15036.9
835,-15043.4
835.1,-15042.9
835.2,-15041.8
835.3,-15035.9
835.4,-15041.2
835.5,-15041.8
835.6,-15039.2
835.7,-15034.7
835.8,-15046.5
835.9,-15039.4
836,-15047.7
836.1,-15038.7
836.2,-15042.5
836.3,-15039.9
836.4,-15041.7
836.5,-15035.7
836.6,-15033.1
836.7,-15045.9
836.8,-15040.1
836.9,-15037.4
837,-15037.8
837.1,-15041
837.2,-15042.7
837.3,-15040
837.4,-15037.3
837.5,-15040.9
837.6,-15038.2
837.7,-15041.8
837.8,-15040.2
837.9,-15041.9
838,-15036
838.1,-15048.8
838.2,-15052.4
838.3,-15033.9
838.4,-15040
838.5,-15037.2
838.6,-15059
838.7,-15033.9
838.8,-15053.2
838.9,-15050.3
839,-15051.8
839.1,-15044.4
839.2,-15038.6
839.3,-15044.7
839.4,-15041.7
839.5,-15054.4
839.6,-15045
839.7,-15042
839.8,-15045.4
839.9,-15042.4
840,-15045.5
840.1,-15034.6
840.2,-15040.6
840.3,-15038.9
840.4,-15057.9
840.5,-15050.3
840.6,-15036
840.7,-15036
840.8,-15043.8
840.9,-15040.7
841,-15038.9
841.1,-15035.8
841.2,-15048.3
841.3,-15056.1
841.4,-15033.8
841.5,-15037.1
841.6,-15049.3
841.7,-15046.1
841.8,-15036.4
841.9,-15045.5
842,-15038.9
842.1,-15042
842.2,-15038.7
842.3,-15052.8
842.4,-15054
842.5,-15044.3
842.6,-15034.5
842.7,-15039
842.8,-15035.6
842.9,-15038.7
843,-15042.9
843.1,-15050.5
843.2,-15047.1
843.3,-15032.8
843.4,-15033.8
843.5,-15042.8
843.6,-15031.5
843.7,-15039
843.8,-15046.4
843.9,-15043
844,-15039.5
844.1,-15036
844.2,-15040.3
844.3,-15045.8
844.4,-15042.3
844.5,-15030.9
844.6,-15044.7
844.7,-15045.6
844.8,-15042.1
844.9,-15036.5
845,-15040.8
845.1,-15041.7
845.2,-15044.5
845.3,-15037.5
845.4,-15038.4
845.5,-15039.2
845.6,-15031.1
845.7,-15055.4
845.8,-15036.1
845.9,-15052.6
846,-15037.7
846.1,-15043.5
846.2,-15039.7
846.3,-15037.4
846.4,-15040.1
846.5,-15033
846.6,-15041.5
846.7,-15037.8
846.8,-15039
846.9,-15033.2
847,-15037.3
847.1,-15060.1
847.2,-15040.5
847.3,-15036.7
847.4,-15048.5
847.5,-15033.4
847.6,-15039.1
847.7,-15037.8
847.8,-15041.7
847.9,-15037.8
848,-15040.3
848.1,-15028.5
848.2,-15029
848.3,-15036
848.4,-15034.6
848.5,-15035.1
848.6,-15039
848.7,-15034.9
848.8,-15041.9
848.9,-15036.4
849,-15036.9
849.1,-15037.3
849.2,-15041.1
849.3,-15052.7
849.4,-15032.9
849.5,-15030
849.6,-15040.2
849.7,-15034.6
849.8,-15030.5
849.9,-15043.2
850,-15048.1
850.1,-15037.5
850.2,-15055.4
850.3,-15051.2
850.4,-15031.3
850.5,-15044.5
850.6,-15044.8
850.7,-15041.7
850.8,-15048.1
850.9,-15050.3
851,-15046
851.1,-15048.2
851.2,-15052.9
851.3,-15031.5
851.4,-15038.1
851.5,-15039.7
851.6,-15044.7
851.7,-15040.3
851.8,-15051.4
851.9,-15053.5
852,-15033.4
852.1,-15041.9
852.2,-15038.6
852.3,-15038.7
852.4,-15040.2
852.5,-15051.5
852.6,-15053.4
852.7,-15049
852.8,-15039.8
852.9,-15039.8
853,-15042.9
853.1,-15055.5
853.2,-15051
853.3,-15046.5
853.4,-15041.9
853.5,-15052.8
853.6,-15035.7
853.7,-15035.6
853.8,-15037.5
853.9,-15034.3
854,-15049.9
854.1,-15049.8
854.2,-15051.6
854.3,-15046.9
854.4,-15046.8
854.5,-15046.7
854.6,-15041.7
854.7,-15035.6
854.8,-15038.8
854.9,-15049.8
855,-15045.1
855.1,-15040.1
855.2,-15033.4
855.3,-15031.8
855.4,-15041.3
855.5,-15036.5
855.6,-15031.7
855.7,-15051.7
855.8,-15037.6
855.9,-15041.8
856,-15030.5
856.1,-15036.6
856.2,-15042.7
856.3,-15030
856.4,-15033
856.5,-15035.7
856.6,-15037.2
856.7,-15036.8
856.8,-15037.9
856.9,-15040.5
857,-15035.6
857.1,-15037.1
857.2,-15038.5
857.3,-15038.1
857.4,-15039
857.5,-15043
857.6,-15042.5
857.7,-15048.7
857.8,-15050.1
857.9,-15035.8
858,-15038.4
858.1,-15039.7
858.2,-15037.2
858.3,-15040
858.4,-15036.1
858.5,-15031
858.6,-15038.7
858.7,-15038.1
858.8,-15034.6
858.9,-15038.7
859,-15036.2
859.1,-15035.5
859.2,-15041.3
859.3,-15042.5
859.4,-15037.3
859.5,-15038.5
859.6,-15048.7
859.7,-15037.1
859.8,-15034.4
859.9,-15038.1
860,-15032.9
860.1,-15034
860.2,-15035.2
860.3,-15040.8
860.4,-15046.4
860.5,-15050.1
860.6,-15044.7
860.7,-15048.4
860.8,-15038.6
860.9,-15037.7
861,-15045.1
861.1,-15048.8
861.2,-15043.4
861.3,-15042.5
861.4,-15041.5
861.5,-15045.1
861.6,-15044.2
861.7,-15040.6
861.8,-15041.6
861.9,-15040.6
862,-15039.6
862.1,-15029.4
862.2,-15048.5
862.3,-15047.5
862.4,-15048.4
862.5,-15042.9
862.6,-15041.8
862.7,-15040.8
862.8,-15039.7
862.9,-15045
863,-15034.6
863.1,-15033.5
863.2,-15038.8
863.3,-15047
863.4,-15030.1
863.5,-15044.7
863.6,-15039
863.7,-15039.5
863.8,-15026
863.9,-15035.7
864,-15044.2
864.1,-15047.8
864.2,-15042.1
864.3,-15047.2
864.4,-15046
864.5,-15025.7
864.6,-15032.7
864.7,-15034.8
864.8,-15049.2
864.9,-15041.5
865,-15046.6
865.1,-15045.2
865.2,-15043.9
865.3,-15049
865.4,-15038.3
865.5,-15035.5
865.6,-15029.6
865.7,-15034.2
865.8,-15043.9
865.9,-15038
866,-15038.2
866.1,-15033.5
866.2,-15049.3
866.3,-15038.9
866.4,-15032.9
866.5,-15054.9
866.6,-15047
866.7,-15036.3
866.8,-15039.2
866.9,-15031.8
867,-15041.2
867.1,-15035.1
867.2,-15052.6
867.3,-15055.5
867.4,-15038.2
867.5,-15052.3
867.6,-15029.1
867.7,-15038.4
867.8,-15032.2
867.9,-15035.1
868,-15038.7
868.1,-15046.3
868.2,-15040.2
868.3,-15055.8
868.4,-15030.6
868.5,-15028.9
868.6,-15046.2
868.7,-15039.9
868.8,-15051
868.9,-15049.3
869,-15052
869.1,-15034.6
869.2,-15048.5
869.3,-15046.7
869.4,-15040.4
869.5,-15038.5
869.6,-15043.1
869.7,-15032
869.8,-15045.8
869.9,-15034.7
870,-15032.8
870.1,-15035.4
870.2,-15040
870.3,-15049.2
870.4,-15042.8
870.5,-15033.5
870.6,-15051.8
870.7,-15034.1
870.8,-15052.4
870.9,-15044
871,-15043.9
871.1,-15037.4
871.2,-15048.2
871.3,-15030.5
871.4,-15031.6
871.5,-15026.5
871.6,-15044.6
871.7,-15047
871.8,-15040.5
871.9,-15035.5
872,-15044.6
872.1,-15039.6
872.2,-15033
872.3,-15051.1
872.4,-15053.4
872.5,-15040.1
872.6,-15044.6
872.7,-15042.4
872.8,-15048.6
872.9,-15050.9
873,-15033
873.1,-15035.3
873.2,-15048.7
873.3,-15046.5
873.4,-15044.3
873.5,-15043.9
873.6,-15036.8
873.7,-15034.6
873.8,-15032.3
873.9,-15034.9
874,-15040.5
874.1,-15034.8
874.2,-15032.5
874.3,-15036.5
874.4,-15037.5
874.5,-15052.7
874.6,-15039.1
874.7,-15033.4
874.8,-15037.4
874.9,-15035
875,-15039
875.1,-15038
875.2,-15046.7
875.3,-15039.5
875.4,-15033.7
875.5,-15026.7
875.6,-15041.5
875.7,-15034.5
875.8,-15033.9
875.9,-15035.9
876,-15030.3
876.1,-15049.8
876.2,-15038
876.3,-15027.5
876.4,-15042.3
876.5,-15039.7
876.6,-15032.6
876.7,-15049
876.8,-15050.9
876.9,-15043.7
877,-15045.6
877.1,-15030.3
877.2,-15040.4
877.3,-15031.4
877.4,-15032
877.5,-15045
877.6,-15042.3
877.7,-15041.4
877.8,-15049.6
877.9,-15026.7
878,-15028.4
878.1,-15036.6
878.2,-15038.6
878.3,-15031.3
878.4,-15034.9
878.5,-15039.9
878.6,-15035.6
878.7,-15043.7
878.8,-15034.2
878.9,-15044.4
879,-15041.5
879.1,-15034.1
879.2,-15035.8
879.3,-15039.3
879.4,-15047.2
879.5,-15044.3
879.6,-15045.9
879.7,-15038.4
879.8,-15043.8
879.9,-15038.9
880,-15037.8
880.1,-15034.8
880.2,-15039.7
880.3,-15033.3
880.4,-15034.8
880.5,-15031.8
880.6,-15030.6
880.7,-15034
880.8,-15026.4
880.9,-15034.2
881,-15043.5
881.1,-15037
881.2,-15033.9
881.3,-15045
881.4,-15029.6
881.5,-15039.2
881.6,-15042.5
881.7,-15039.3
881.8,-15029.7
881.9,-15034.4
882,-15042.1
882.1,-15041.9
882.2,-15038.7
882.3,-15048.3
882.4,-15045
882.5,-15037.3
882.6,-15032.1
882.7,-15039.7
882.8,-15040.9
882.9,-15042.1
883,-15047.1
883.1,-15043.8
883.2,-15040.5
883.3,-15041.6
883.4,-15038.3
883.5,-15034.9
883.6,-15037.9
883.7,-15045.4
883.8,-15048.4
883.9,-15043.1
884,-15041.6
884.1,-15040.1
884.2,-15041.1
884.3,-15042.2
884.4,-15043.2
884.5,-15034.9
884.6,-15042.6
884.7,-15043.6
884.8,-15042
884.9,-15043
885,-15041.1
885.1,-15048.7
885.2,-15034
885.3,-15050.6
885.4,-15042.5
885.5,-15038.9
885.6,-15039.8
885.7,-15042.6
885.8,-15040.9
885.9,-15038.9
886,-15049
886.1,-15043.5
886.2,-15044.3
886.3,-15042.5
886.4,-15040.7
886.5,-15041.5
886.6,-15033
886.7,-15032.4
886.8,-15032
886.9,-15048.4
887,-15040.2
887.1,-15036.4
887.2,-15032.6
887.3,-15046.1
887.4,-15053.2
887.5,-15029.2
887.6,-15036.3
887.7,-15030.6
887.8,-15042.5
887.9,-15049.5
888,-15045.6
888.1,-15043.6
888.2,-15050.7
888.3,-15051.3
888.4,-15036.2
888.5,-15026.3
888.6,-15045.9
888.7,-15048.4
888.8,-15044.4
888.9,-15040.4
889,-15041
889.1,-15037
889.2,-15043.9
889.3,-15030.6
889.4,-15031.1
889.5,-15031.5
889.6,-15038.4
889.7,-15045.5
889.8,-15046
889.9,-15048.3
890,-15044.2
890.1,-15036.5
890.2,-15034.3
890.3,-15036.5
890.4,-15033.9
890.5,-15045.4
890.6,-15025.6
890.7,-15036.8
890.8,-15039
890.9,-15031.5
891,-15044.6
891.1,-15035.9
891.2,-15036.2
891.3,-15035.3
891.4,-15046.7
891.5,-15042.5
891.6,-15039.8
891.7,-15032.2
891.8,-15032.4
891.9,-15034.5
892,-15031.7
892.1,-15038.5
892.2,-15038.7
892.3,-15051.7
892.4,-15028.3
892.5,-15041.2
892.6,-15032.3
892.7,-15032.4
892.8,-15028.1
892.9,-15023.6
893,-15049.2
893.1,-15035.4
893.2,-15035.5
893.3,-15031
893.4,-15035.6
893.5,-15034.2
893.6,-15031.6
893.7,-15038
893.8,-15035.4
893.9,-15035.3
894,-15035.3
894.1,-15035.3
894.2,-15035.2
894.3,-15035.2
894.4,-15038.9
894.5,-15038.8
894.6,-15045.1
894.7,-15029.6
894.8,-15037.4
894.9,-15032.7
895,-15032.6
895.1,-15035.5
895.2,-15037.2
895.3,-15038.9
895.4,-15036.1
895.5,-15031
895.6,-15032.7
895.7,-15037
895.8,-15043.2
895.9,-15035.1
896,-15032.2
896.1,-15038.4
896.2,-15033.6
896.3,-15035.2
896.4,-15028.5
896.5,-15025.6
896.6,-15039.5
896.7,-15031.4
896.8,-15041.9
896.9,-15037.1
897,-15043.1
897.1,-15033.8
897.2,-15039.8
897.3,-15045.8
897.4,-15045.4
897.5,-15045
897.6,-15040
897.7,-15035.1
897.8,-15036.5
897.9,-15038
898,-15037.5
898.1,-15043.4
898.2,-15038.4
898.3,-15027.1
898.4,-15037.4
898.5,-15026
898.6,-15031.9
898.7,-15033.2
898.8,-15034.6
898.9,-15040.4
899,-15039.8
899.1,-15039.2
899.2,-15038.6
899.3,-15036.9
899.4,-15031.7
899.5,-15026.6
899.6,-15030.9
899.7,-15030.2
899.8,-15029.6
899.9,-15036.8
900,-15031.6
900.1,-15035.4
900.2,-15036.5
900.3,-15034.4
900.4,-15035.5
900.5,-15030.3
900.6,-15029.5
900.7,-15035.2
900.8,-15038.9
900.9,-15046.4
901,-15041.1
901.1,-15037.6
901.2,-15036.8
901.3,-15036
901.4,-15035.2
901.5,-15034.3
901.6,-15039.8
901.7,-15029.7
901.8,-15027.3
901.9,-15034.3
902,-15040
902.1,-15039.1
902.2,-15033.7
902.3,-15039.1
902.4,-15044.6
902.5,-15032.4
902.6,-15027
902.7,-15037.2
902.8,-15042.6
902.9,-15032.5
903,-15042.4
903.1,-15047.8
903.2,-15032.9
903.3,-15025.5
903.4,-15040.1
903.5,-15045.4
903.6,-15044.4
903.7,-15034.3
903.8,-15039.5
903.9,-15044.8
904,-15043.7
904.1,-15042.6
904.2,-15045.9
904.3,-15040.3
904.4,-15041
904.5,-15035.3
904.6,-15045
904.7,-15039.3
904.8,-15038.1
904.9,-15032.3
905,-15035.6
905.1,-15036.2
905.2,-15035
905.3,-15040.1
905.4,-15040.7
905.5,-15039.4
905.6,-15038.1
905.7,-15036.8
905.8,-15041.9
905.9,-15024.8
906,-15045.6
906.1,-15041.6
906.2,-15035.7
906.3,-15038.8
906.4,-15037.5
906.5,-15027.1
906.6,-15032
906.7,-15037
906.8,-15030.7
906.9,-15040.5
907,-15027.8
907.1,-15043.9
907.2,-15042.5
907.3,-15032
907.4,-15045.9
907.5,-15027.2
907.6,-15033.5
907.7,-15038.7
907.8,-15032.6
907.9,-15026.6
908,-15037.8
908.1,-15045.2
908.2,-15045.5
908.3,-15037.5
908.4,-15031.4
908.5,-15025
908.6,-15045.4
908.7,-15048.3
908.8,-15037.6
908.9,-15033
909,-15047
909.1,-15039
909.2,-15041.8
909.3,-15046.5
909.4,-15040.2
909.5,-15040.4
909.6,-15040.5
909.7,-15038.8
909.8,-15041.5
909.9,-15035.2
910,-15033.5
910.1,-15036.2
910.2,-15036.2
910.3,-15025.1
910.4,-15039
910.5,-15026.3
910.6,-15026.3
910.7,-15024.4
910.8,-15037.9
910.9,-15036
911,-15040.5
911.1,-15045
911.2,-15034.1
911.3,-15032.2
911.4,-15030.2
911.5,-15030.1
911.6,-15028.2
911.7,-15032.6
911.8,-15041.5
911.9,-15039.5
912,-15037.5
912.1,-15035.5
912.2,-15035.3
912.3,-15028.8
912.4,-15033.1
912.5,-15021.7
912.6,-15028.7
912.7,-15042.3
912.8,-15046.6
912.9,-15035.5
913,-15033.4
913.1,-15042.1
913.2,-15041.8
913.3,-15039.7
913.4,-15037.5
913.5,-15035.4
913.6,-15042.2
913.7,-15030.7
913.8,-15041.5
913.9,-15045.7
914,-15037.1
914.1,-15034.9
914.2,-15032.6
914.3,-15043.1
914.4,-15040.9
914.5,-15022.9
914.6,-15042.7
914.7,-15031.1
914.8,-15038.1
914.9,-15035.8
915,-15039.8
915.1,-15037.5
915.2,-15025.8
915.3,-15030.9
915.4,-15043.1
915.5,-15040.7
915.6,-15033.8
915.7,-15031.4
915.8,-15029
915.9,-15037.4
916,-15041.4
916.1,-15038.9
916.2,-15036.5
916.3,-15034
916.4,-15036
916.5,-15035.4
916.6,-15039.2
916.7,-15036.7
916.8,-15034.2
916.9,-15040.7
917,-15038.1
917.1,-15035.6
917.2,-15034.8
917.3,-15034.1
917.4,-15037.9
917.5,-15039.8
917.6,-15030.8
917.7,-15032.7
917.8,-15036.4
917.9,-15033.8
918,-15037.5
918.1,-15041.2
918.2,-15034
918.3,-15034.6
918.4,-15024.1
918.5,-15025.9
918.6,-15034
918.7,-15035.8
918.8,-15039.4
918.9,-15036.7
919,-15023
919.1,-15031.1
919.2,-15023.8
919.3,-15031.9
919.4,-15029.1
919.5,-15034.5
919.6,-15034.3
919.7,-15026.9
919.8,-15028.6
919.9,-15033.6
920,-15048.2
920.1,-15036
920.2,-15031.7
920.3,-15026.9
920.4,-15031.8
920.5,-15035.2
920.6,-15025.9
920.7,-15045
920.8,-15042.1
920.9,-15029.8
921,-15042.5
921.1,-15039.5
921.2,-15041
921.3,-15042.5
921.4,-15030.1
921.5,-15028.2
921.6,-15030.4
921.7,-15033.7
921.8,-15046.3
921.9,-15027.5
922,-15033.4
922.1,-15030.3
922.2,-15025.7
922.3,-15036.8
922.4,-15032.2
922.5,-15029
922.6,-15038.2
922.7,-15030.5
922.8,-15043
922.9,-15035
923,-15034.8
923.1,-15042.5
923.2,-15028.4
923.3,-15039.3
923.4,-15023.8
923.5,-15025
923.6,-15028.1
923.7,-15040.2
923.8,-15043.2
923.9,-15033.6
924,-15034.8
924.1,-15037.8
924.2,-15034.5
924.3,-15033
924.4,-15029.6
924.5,-15039
924.6,-15033.7
924.7,-15041.2
924.8,-15046.8
924.9,-15034.4
925,-15031
925.1,-15033.9
925.2,-15036.8
925.3,-15033.3
925.4,-15029.9
925.5,-15026.4
925.6,-15027.4
925.7,-15041.1
925.8,-15037.6
925.9,-15024.8
926,-15036.9
926.1,-15039.7
926.2,-15036.2
926.3,-15032.6
926.4,-15038
926.5,-15040.8
926.6,-15027.9
926.7,-15040
926.8,-15036.3
926.9,-15032.7
927,-15033.6
927.1,-15031.8
927.2,-15043.5
927.3,-15039.8
927.4,-15020.4
927.5,-15032.1
927.6,-15028.4
927.7,-15040.3
927.8,-15043
927.9,-15023.5
928,-15027.3
928.1,-15031.4
928.2,-15041.5
928.3,-15023.8
928.4,-15035.4
928.5,-15031.6
928.6,-15019.9
928.7,-15027
928.8,-15026.5
928.9,-15038
929,-15026.3
929.1,-15031.4
929.2,-15033.9
929.3,-15036.3
929.4,-15027.9
929.5,-15028.5
929.6,-15032.4
929.7,-15028.5
929.8,-15025.7
929.9,-15028.1
930,-15030.5
930.1,-15041.9
930.2,-15031.5
930.3,-15027.5
930.4,-15029.9
930.5,-15033.7
930.6,-15028.2
930.7,-15024.1
930.8,-15035.4
930.9,-15040.4
931,-15036.3
931.1,-15032.2
931.2,-15034.4
931.3,-15030.3
931.4,-15037.1
931.5,-15039.3
931.6,-15039.6
931.7,-15035.5
931.8,-15031.3
931.9,-15036.2
932,-15042.8
932.1,-15040.5
932.2,-15036.3
932.3,-15032
932.4,-15036.8
932.5,-15037.1
932.6,-15034.7
932.7,-15039.4
932.8,-15041.5
932.9,-15027.9
933,-15032.6
933.1,-15037.6
933.2,-15039.6
933.3,-15035.3
933.4,-15035.5
933.5,-15026.3
933.6,-15029.4
933.7,-15032.9
933.8,-15039.7
933.9,-15024.1
934,-15041.8
934.1,-15021.7
934.2,-15032.6
934.3,-15026.6
934.4,-15039
934.5,-15026.7
934.6,-15026.8
934.7,-15026.8
934.8,-15025.6
934.9,-15038.3
935,-15026
935.1,-15021.5
935.2,-15025.9
935.3,-15030.4
935.4,-15032.2
935.5,-15032.1
935.6,-15029.4
935.7,-15040.1
935.8,-15035.5
935.9,-15030.9
936,-15026.3
936.1,-15032.5
936.2,-15032.4
936.3,-15027.4
936.4,-15025.4
936.5,-15031.9
936.6,-15027.2
936.7,-15022.5
936.8,-15028.6
936.9,-15039.3
937,-15034.5
937.1,-15029.8
937.2,-15029.5
937.3,-15029.3
937.4,-15027.2
937.5,-15028.7
937.6,-15030.3
937.7,-15031.8
937.8,-15037.5
937.9,-15032.7
938,-15029
938.1,-15024.1
938.2,-15034.6
938.3,-15029.8
938.4,-15031.2
938.5,-15027.8
938.6,-15024.1
938.7,-15027
938.8,-15026.6
938.9,-15026.1
939,-15035
939.1,-15039.1
939.2,-15025.1
939.3,-15026.1
939.4,-15038.7
939.5,-15042.7
939.6,-15028.3
939.7,-15032.3
939.8,-15019.4
939.9,-15023.4
940,-15026.2
940.1,-15030.1
940.2,-15031.4
940.3,-15042
940.4,-15025.7
940.5,-15031.4
940.6,-15026.3
940.7,-15023.8
940.8,-15027.7
940.9,-15022.5
941,-15030
941.1,-15045
941.2,-15028.7
941.3,-15032.5
941.4,-15043
941.5,-15037.7
941.6,-15032.5
941.7,-15042.6
941.8,-15022.8
941.9,-15030.2
942,-15026.5
942.1,-15030.2
942.2,-15040.6
942.3,-15044.3
942.4,-15015.4
942.5,-15033.3
942.6,-15034.3
942.7,-15030.1
942.8,-15028.1
942.9,-15027.2
943,-15030.8
943.1,-15025.4
943.2,-15026.4
943.3,-15028.5
943.4,-15035.4
943.5,-15020.3
943.6,-15031.7
943.7,-15021.7
943.8,-15027.1
943.9,-15021.6
944,-15023.6
944.1,-15027.1
944.2,-15029.4
944.3,-15028.4
944.4,-15027.4
944.5,-15029.3
944.6,-15023.8
944.7,-15035.4
944.8,-15019
944.9,-15030.2
945,-15024.6
945.1,-15034.4
945.2,-15029.9
945.3,-15024.3
945.4,-15034
945.5,-15028.3
945.6,-15031.6
945.7,-15026
945.8,-15026.6
945.9,-15037.8
946,-15024.2
946.1,-15033.8
946.2,-15028.1
946.3,-15035.9
946.4,-15034.6
946.5,-15024.4
946.6,-15029.4
946.7,-15039
946.8,-15026.8
946.9,-15030
947,-15024.2
947.1,-15027.4
947.2,-15026.1
947.3,-15024.7
947.4,-15031.5
947.5,-15023.8
947.6,-15030.3
947.7,-15028.9
947.8,-15027.5
947.9,-15030.6
948,-15031
948.1,-15026.2
948.2,-15024.8
948.3,-15031.2
948.4,-15034.2
948.5,-15024.9
948.6,-15014.4
948.7,-15023.7
948.8,-15028.5
948.9,-15031.5
949,-15023.7
949.1,-15026.6
949.2,-15020.6
949.3,-15014.5
949.4,-15023.8
949.5,-15033
949.6,-15020.6
949.7,-15023.5
949.8,-15029.7
949.9,-15020.2
950,-15029.4
950.1,-15032.3
950.2,-15032.4
950.3,-15026.3
950.4,-15018.3
950.5,-15030.7
950.6,-15025.7
950.7,-15031.8
950.8,-15022.3
950.9,-15033.2
951,-15025.1
951.1,-15020.3
951.2,-15026.1
951.3,-15027.6
951.4,-15032.2
951.5,-15030.4
951.6,-15027
951.7,-15023.4
951.8,-15026.1
951.9,-15027.6
952,-15022.4
952.1,-15023.8
952.2,-15031.3
952.3,-15033.9
952.4,-15027.5
952.5,-15025.6
952.6,-15023.6
952.7,-15026.2
952.8,-15028.8
952.9,-15028.6
953,-15034.5
953.1,-15026.2
953.2,-15039.9
953.3,-15028.6
953.4,-15016.9
953.5,-15029
953.6,-15030
953.7,-15021.6
953.8,-15019.6
953.9,-15029.9
954,-15017
954.1,-15036.9
954.2,-15041.1
954.3,-15023.3
954.4,-15041.4
954.5,-15028.1
954.6,-15039.8
954.7,-15039.5
954.8,-15037.3
954.9,-15035.2
955,-15028.1
955.1,-15041.6
955.2,-15033.1
955.3,-15030.9
955.4,-15039.5
955.5,-15041.8
955.6,-15026.8
955.7,-15020.1
955.8,-15030.1
955.9,-15027.9
956,-15036.7
956.1,-15027.8
956.2,-15025.5
956.3,-15018.6
956.4,-15019.3
956.5,-15025.9
956.6,-15031.4
956.7,-15033.6
956.8,-15020.4
956.9,-15019.8
957,-15028.2
957.1,-15022.5
957.2,-15024.6
957.3,-15026.6
957.4,-15032
957.5,-15026.3
957.6,-15023.8
957.7,-15032.1
957.8,-15031.5
957.9,-15024.5
958,-15020.2
958.1,-15028.5
958.2,-15030.4
958.3,-15032.4
958.4,-15040.7
958.5,-15027.3
958.6,-15029.2
958.7,-15022.2
958.8,-15024.1
958.9,-15021.5
959,-15025.2
959.1,-15027
959.2,-15028.9
959.3,-15024.5
959.4,-15026.3
959.5,-15027
959.6,-15030.6
959.7,-15020.1
959.8,-15021.9
959.9,-15023.7
960,-15028.8
960.1,-15026.1
960.2,-15027.8
960.3,-15026.2
960.4,-15023.5
960.5,-15027
960.6,-15024.2
960.7,-15033.8
960.8,-15020.1
960.9,-15024.8
961,-15031
961.1,-15023.6
961.2,-15031.6
961.3,-15022.4
961.4,-15027.4
961.5,-15021.2
961.6,-15029.1
961.7,-15026.2
961.8,-15029.6
961.9,-15031.2
962,-15032.8
962.1,-15038.8
962.2,-15035.9
962.3,-15037.4
962.4,-15029.9
962.5,-15037.7
962.6,-15032.9
962.7,-15025.4
962.8,-15026.9
962.9,-15022
963,-15029.8
963.1,-15031.3
963.2,-15032.7
963.3,-15029.6
963.4,-15026.5
963.5,-15026.8
963.6,-15018.5
963.7,-15026.2
963.8,-15023.1
963.9,-15030.7
964,-15021.3
964.1,-15027.1
964.2,-15028.4
964.3,-15025.3
964.4,-15029.9
964.5,-15023.4
964.6,-15031
964.7,-15025.9
964.8,-15027.2
964.9,-15023.9
965,-15025.2
965.1,-15021.9
965.2,-15024.9
965.3,-15037
965.4,-15033.7
965.5,-15024
965.6,-15025.2
965.7,-15026.4
965.8,-15038.3
965.9,-15023.8
966,-15036.1
966.1,-15030.9
966.2,-15016.7
966.3,-15024.1
966.4,-15025.2
966.5,-15028.1
966.6,-15029.2
966.7,-15023.9
966.8,-15020.5
966.9,-15026
967,-15031.6
967.1,-15023.6
967.2,-15020.1
967.3,-15022.9
967.4,-15023.9
967.5,-15024.8
967.6,-15019.5
967.7,-15028.3
967.8,-15021.4
967.9,-15028.6
968,-15029.5
968.1,-15030.4
968.2,-15031.3
968.3,-15024.7
968.4,-15025.6
968.5,-15025
968.6,-15025.8
968.7,-15026.7
968.8,-15027.5
968.9,-15028.3
969,-15021.6
969.1,-15033.3
969.2,-15026.2
969.3,-15027
969.4,-15023.3
969.5,-15025.5
969.6,-15020
969.7,-15021.9
969.8,-15022.6
969.9,-15020.6
970,-15016.8
970.1,-15045.5
970.2,-15039.9
970.3,-15036.1
970.4,-15032.2
970.5,-15032.9
970.6,-15033.5
970.7,-15021.4
970.8,-15020.3
970.9,-15039.9
971,-15036
971.1,-15036.6
971.2,-15037.1
971.3,-15022
971.4,-15024.4
971.5,-15038.8
971.6,-15034.8
971.7,-15039.9
971.8,-15040.4
971.9,-15025.2
972,-15021.2
972.1,-15023.4
972.2,-15033.3
972.3,-15033.7
972.4,-15038.7
972.5,-15039.1
972.6,-15019.4
972.7,-15024.3
972.8,-15035.9
972.9,-15020.6
973,-15025.5
973.1,-15030.7
973.2,-15031.1
973.3,-15037.7
973.4,-15031.4
973.5,-15025.4
973.6,-15041.4
973.7,-15041.7
973.8,-15021.8
973.9,-15042.3
974,-15026.9
974.1,-15024.4
974.2,-15034.1
974.3,-15034.3
974.4,-15034.5
974.5,-15037.5
974.6,-15022
974.7,-15028.5
974.8,-15027.1
974.9,-15028.9
975,-15022.7
975.1,-15022.9
975.2,-15038.7
975.3,-15018.6
975.4,-15029.6
975.5,-15028.1
975.6,-15026.4
975.7,-15024.7
975.8,-15020.3
975.9,-15022.2
976,-15022.2
976.1,-15026.8
976.2,-15025
976.3,-15025.1
976.4,-15032.9
976.5,-15032.9
976.6,-15025.1
976.7,-15025.1
976.8,-15031.3
976.9,-15023.8
977,-15023.8
977.1,-15021.9
977.2,-15026.4
977.3,-15022.9
977.4,-15024.6
977.5,-15024.5
977.6,-15024.4
977.7,-15022.5
977.8,-15026.9
977.9,-15030.1
978,-15025.4
978.1,-15017.4
978.2,-15023.5
978.3,-15032.3
978.4,-15010.1
978.5,-15034.6
978.6,-15029.9
978.7,-15034.2
978.8,-15033.9
978.9,-15033.7
979,-15027.1
979.1,-15030.2
979.2,-15034.4
979.3,-15026.3
979.4,-15030.5
979.5,-15019
979.6,-15034.3
979.7,-15027.7
979.8,-15035.2
979.9,-15027
980,-15026.6
980.1,-15026.2
980.2,-15032.1
980.3,-15034.4
980.4,-15027.7
980.5,-15031.8
980.6,-15026.9
980.7,-15029.8
980.8,-15032.3
980.9,-15038.1
981,-15025
981.1,-15029
981.2,-15033
981.3,-15032.5
981.4,-15032
981.5,-15024.8
981.6,-15039.9
981.7,-15028.6
981.8,-15032.5
981.9,-15021.1
982,-15025.1
982.1,-15024.5
982.2,-15030.2
982.3,-15023.2
982.4,-15031.6
982.5,-15031
982.6,-15024
982.7,-15023.4
982.8,-15022.7
982.9,-15028.3
983,-15033.7
983.1,-15023.3
983.2,-15022.6
983.3,-15021.9
983.4,-15025.7
983.5,-15035.7
983.6,-15028.7
983.7,-15029.4
983.8,-15014.5
983.9,-15021.6
984,-15020.8
984.1,-15029
984.2,-15028.2
984.3,-15028.5
984.4,-15029.2
984.5,-15032.8
984.6,-15013.3
984.7,-15026.6
984.8,-15026.9
984.9,-15021.5
985,-15028.4
985.1,-15041.4
985.2,-15024.8
985.3,-15025
985.4,-15024.1
985.5,-15032.1
985.6,-15026.6
985.7,-15030.2
985.8,-15030.7
985.9,-15021.9
986,-15020.8
986.1,-15019.8
986.2,-15029.6
986.3,-15020.5
986.4,-15028.4
986.5,-15027.3
986.6,-15020
986.7,-15026.7
986.8,-15025.6
986.9,-15023
987,-15020.1
987.1,-15025
987.2,-15039.5
987.3,-15036.6
987.4,-15030.5
987.5,-15030.5
987.6,-15024.8
987.7,-15025.2
987.8,-15017.7
987.9,-15021
988,-15019.7
988.1,-15027.5
988.2,-15026.3
988.3,-15028
988.4,-15024.9
988.5,-15028.1
988.6,-15025
988.7,-15023.7
988.8,-15022.4
988.9,-15021.1
989,-15025.8
989.1,-15029
989.2,-15021.3
989.3,-15020
989.4,-15027.6
989.5,-15026.2
989.6,-15032.3
989.7,-15018.3
989.8,-15024.7
989.9,-15023.3
990,-15042
990.1,-15029.4
990.2,-15024.6
990.3,-15027.6
990.4,-15019.8
990.5,-15027.3
990.6,-15029.2
990.7,-15018
990.8,-15024.4
990.9,-15029.1
991,-15021.3
991.1,-15022.4
991.2,-15034.8
991.3,-15037.7
991.4,-15020.4
991.5,-15027.8
991.6,-15024.6
991.7,-15024.6
991.8,-15025.7
991.9,-15024.4
992,-15027.3
992.1,-15030.1
992.2,-15032.9
992.3,-15020
992.4,-15027.4
992.5,-15019.4
992.6,-15012.5
992.7,-15023.1
992.8,-15018.1
992.9,-15016.3
993,-15038.1
993.1,-15034.5
993.2,-15031
993.3,-15029.2
993.4,-15017.3
993.5,-15027.9
993.6,-15018.2
993.7,-15024.2
993.8,-15031.8
993.9,-15032.6
994,-15019.6
994.1,-15022.2
994.2,-15036
994.3,-15027.4
994.4,-15028.2
994.5,-15020
994.6,-15022.6
994.7,-15025.1
994.8,-15038.9
994.9,-15017.9
995,-15022
995.1,-15029.4
995.2,-15031.9
995.3,-15023.6
995.4,-15030.6
995.5,-15037.6
995.6,-15016.5
995.7,-15016
995.8,-15023.4
995.9,-15030.3
996,-15021.9
996.1,-15028.8
996.2,-15026.7
996.3,-15035.4
996.4,-15031.5
996.5,-15027.6
996.6,-15018.8
996.7,-15030.5
996.8,-15023.4
996.9,-15026.2
997,-15033
997.1,-15022.7
997.2,-15025
997.3,-15031.8
997.4,-15029.6
997.5,-15030.1
997.6,-15043.1
997.7,-15043.6
997.8,-15026
997.9,-15021.9
998,-15017.9
998.1,-15027.9
998.2,-15022.2
998.3,-15019.5
998.4,-15026.6
998.5,-15027
998.6,-15022.8
998.7,-15034
998.8,-15020.4
998.9,-15033.7
999,-15029.5
999.1,-15020.8
999.2,-15022.9
999.3,-15025
999.4,-15020.8
999.5,-15022.8
999.6,-15029.3
999.7,-15029.6
999.8,-15027.1
999.9,-15027.3
1000,-15018.6
1000.1,-15020.5
1000.2,-15022.5
1000.3,-15029
1000.4,-15030.9
1000.5,-15020.3
1000.6,-15026.8
1000.7,-15024.2
1000.8,-15030.6
1000.9,-15021.3
1001,-15021.8
1001.1,-15042.7
1001.2,-15027.1
1001.3,-15024.5
1001.4,-15024.6
1001.5,-15029.3
1001.6,-15029.4
1001.7,-15026.7
1001.8,-15028.3
1001.9,-15022.2
1002,-15024
1002.1,-15015
1002.2,-15021.3
1002.3,-15018.5
1002.4,-15026.3
1002.5,-15024.7
1002.6,-15015.7
1002.7,-15021.9
1002.8,-15021.8
1002.9,-15019
1003,-15022.2
1003.1,-15023.9
1003.2,-15039.5
1003.3,-15030.3
1003.4,-15020.8
1003.5,-15026.9
1003.6,-15039.3
1003.7,-15016
1003.8,-15029.9
1003.9,-15020.7
1004,-15020.5
1004.1,-15026.6
1004.2,-15023.6
1004.3,-15020.7
1004.4,-15036.1
1004.5,-15031.4
1004.6,-15021.7
1004.7,-15041.6
1004.8,-15043.1
1004.9,-15021
1005,-15035.2
1005.1,-15034.9
1005.2,-15018.9
1005.3,-15031.5
1005.4,-15037.4
1005.5,-15034.4
1005.6,-15040.3
1005.7,-15017.9
1005.8,-15023.8
1005.9,-15032.8
1006,-15034.2
1006.1,-15019.8
1006.2,-15017.8
1006.3,-15031.5
1006.4,-15022
1006.5,-15032.8
1006.6,-15027.4
1006.7,-15022.4
1006.8,-15034.4
1006.9,-15021.6
1007,-15028.9
1007.1,-15023.9
1007.2,-15025.1
1007.3,-15035.7
1007.4,-15025.8
1007.5,-15027
1007.6,-15028.1
1007.7,-15016.8
1007.8,-15031.4
1007.9,-15023
1008,-15025.7
1008.1,-15019
1008.2,-15024.6
1008.3,-15021.2
1008.4,-15025.1
1008.5,-15027.7
1008.6,-15040
1008.7,-15023.6
1008.8,-15021.3
1008.9,-15033.2
1009,-15026.2
1009.1,-15025.4
1009.2,-15023.5
1009.3,-15029
1009.4,-15026.7
1009.5,-15032.2
1009.6,-15028.6
1009.7,-15029.4
1009.8,-15034.9
1009.9,-15021.7
1010,-15025.4
1010.1,-15030.8
1010.2,-15031.7
1010.3,-15034.2
1010.4,-15033.3
1010.5,-15027.9
1010.6,-15023.7
1010.7,-15027.9
1010.8,-15025.4
1010.9,-15030.7
1011,-15029.8
1011.1,-15028.8
1011.2,-15027.9
1011.3,-15017.9
1011.4,-15023.2
1011.5,-15028.5
1011.6,-15033.7
1011.7,-15025.3
1011.8,-15030.5
1011.9,-15025
1012,-15028.5
1012.1,-15027.6
1012.2,-15031
1012.3,-15030
1012.4,-15028.9
1012.5,-15032.9
1012.6,-15025.5
1012.7,-15022.8
1012.8,-15035.8
1012.9,-15024.1
1013,-15016.7
1013.1,-15029.6
1013.2,-15029.6
1013.3,-15030.2
1013.4,-15024.5
1013.5,-15029.6
1013.6,-15023.9
1013.7,-15027.1
1013.8,-15025.9
1013.9,-15015.7
1014,-15025.2
1014.1,-15025.7
1014.2,-15035.2
1014.3,-15016.4
1014.4,-15030.8
1014.5,-15020.5
1014.6,-15033.3
1014.7,-15019.6
1014.8,-15030.8
1014.9,-15020.1
1015,-15023.6
1015.1,-15017.7
1015.2,-15027.1
1015.3,-15025.7
1015.4,-15039.6
1015.5,-15024.3
1015.6,-15027.8
1015.7,-15026.3
1015.8,-15024.9
1015.9,-15029.7
1016,-15023.7
1016.1,-15028.5
1016.2,-15022.6
1016.3,-15031.8
1016.4,-15012.9
1016.5,-15033.3
1016.6,-15027.3
1016.7,-15027.5
1016.8,-15032.2
1016.9,-15024.4
1017,-15030.7
1017.1,-15020.1
1017.2,-15034.2
1017.3,-15015.3
1017.4,-15024.5
1017.5,-15033.6
1017.6,-15025.7
1017.7,-15024.1
1017.8,-15030.3
1017.9,-15022.5
1018,-15031.6
1018.1,-15029.9
1018.2,-15025.5
1018.3,-15023.8
1018.4,-15022.1
1018.5,-15024.9
1018.6,-15033.9
1018.7,-15027.6
1018.8,-15021
1018.9,-15019.6
1019,-15022.3
1019.1,-15031.3
1019.2,-15014.3
1019.3,-15018.7
1019.4,-15027.7
1019.5,-15027.6
1019.6,-15012.8
1019.7,-15026.6
1019.8,-15024.8
1019.9,-15029.2
1020,-15027.3
1020.1,-15027.2
1020.2,-15028.6
1020.3,-15012.6
1020.4,-15024.8
1020.5,-15022.8
1020.6,-15020.9
1020.7,-15026.3
1020.8,-15030.6
1020.9,-15022.4
1021,-15020.4
1021.1,-15026.3
1021.2,-15022.7
1021.3,-15026.9
1021.4,-15015.9
1021.5,-15026.2
1021.6,-15022.4
1021.7,-15024.8
1021.8,-15024.5
1021.9,-15022.4
1022,-15018.8
1022.1,-15016.6
1022.2,-15022.4
1022.3,-15024.8
1022.4,-15022.6
1022.5,-15016
1022.6,-15029.5
1022.7,-15019.1
1022.8,-15023.2
1022.9,-15021
1023,-15018.8
1023.1,-15021.1
1023.2,-15026.7
1023.3,-15027.4
1023.4,-15022.4
1023.5,-15013.9
1023.6,-15019.5
1023.7,-15037.4
1023.8,-15019.5
1023.9,-15013.8
1024,-15022.3
1024.1,-15026.2
1024.2,-15022.2
1024.3,-15019.8
1024.4,-15017.5
1024.5,-15021.4
1024.6,-15019
1024.7,-15022.9
1024.8,-15022.1
1024.9,-15016.4
1025,-15026.3
1025.1,-15023.9
1025.2,-15027.7
1025.3,-15017.5
1025.4,-15030.3
1025.5,-15027.8
1025.6,-15019.1
1025.7,-15024.5
1025.8,-15022
1025.9,-15025.7
1026,-15024.4
1026.1,-15021.9
1026.2,-15013.1
1026.3,-15029.1
1026.4,-15024.8
1026.5,-15020.7
1026.6,-15026
1026.7,-15021.8
1026.8,-15022.5
1026.9,-15018.2
1027,-15024.6
1027.1,-15017.4
1027.2,-15016.6
1027.3,-15021.3
1027.4,-15018.7
1027.5,-15025
1027.6,-15023.9
1027.7,-15027.5
1027.8,-15031.1
1027.9,-15022.1
1028,-15025.6
1028.1,-15017.8
1028.2,-15015.1
1028.3,-15020.2
1028.4,-15020.3
1028.5,-15022.1
1028.6,-15028.3
1028.7,-15022.7
1028.8,-15021.5
1028.9,-15040.7
1029,-15014.3
1029.1,-15016
1029.2,-15017.6
1029.3,-15021
1029.4,-15027.2
1029.5,-15018.1
1029.6,-15015.2
1029.7,-15025.8
1029.8,-15018.4
1029.9,-15021.7
1030,-15018.8
1030.1,-15020.4
1030.2,-15021.9
1030.3,-15019
1030.4,-15016
1030.5,-15027.1
1030.6,-15027
1030.7,-15026.8
1030.8,-15022
1030.9,-15023.5
1031,-15016
1031.1,-15012.9
1031.2,-15020.6
1031.3,-15010.9
1031.4,-15023.5
1031.5,-15028.3
1031.6,-15015.6
1031.7,-15027.8
1031.8,-15024.6
1031.9,-15016.6
1032,-15027.4
1032.1,-15032.1
1032.2,-15022.7
1032.3,-15026.9
1032.4,-15023.8
1032.5,-15020.6
1032.6,-15023.6
1032.7,-15026.5
1032.8,-15027.8
1032.9,-15019.5
1033,-15016.2
1033.1,-15023.7
1033.2,-15031.2
1033.3,-15021.7
1033.4,-15027.4
1033.5,-15025.8
1033.6,-15022.5
1033.7,-15019.1
1033.8,-15031.1
1033.9,-15024.4
1034,-15025.6
1034.1,-15030.1
1034.2,-15021.6
1034.3,-15018.2
1034.4,-15021.1
1034.5,-15011
1034.6,-15017.1
1034.7,-15015.2
1034.8,-15014.7
1034.9,-15017.4
1035,-15029.2
1035.1,-15017.9
1035.2,-15023.4
1035.3,-15020
1035.4,-15016.5
1035.5,-15015.7
1035.6,-15018.5
1035.7,-15022.8
1035.8,-15015.9
1035.9,-15034.2
1036,-15033.4
1036.1,-15020.4
1036.2,-15026.3
1036.3,-15028.9
1036.4,-15012.4
1036.5,-15016.2
1036.6,-15021.6
1036.7,-15019.6
1036.8,-15031.6
1036.9,-15012.3
1037,-15033.3
1037.1,-15029.2
1037.2,-15035
1037.3,-15009.4
1037.4,-15030.4
1037.5,-15015.5
1037.6,-15012.9
1037.7,-15021.6
1037.8,-15019.6
1037.9,-15029.8
1038,-15019.8
1038.1,-15025
1038.2,-15030.2
1038.3,-15026.4
1038.4,-15037.9
1038.5,-15016.8
1038.6,-15023.6
1038.7,-15020.9
1038.8,-15018.7
1038.9,-15021.1
1039,-15026.2
1039.1,-15014.5
1039.2,-15021.2
1039.3,-15017.3
1039.4,-15022.4
1039.5,-15012.3
1039.6,-15019.1
1039.7,-15016.3
1039.8,-15016.9
1039.9,-15020.8
1040,-15018
1040.1,-15015.6
1040.2,-15026.9
1040.3,-15019.5
1040.4,-15027.9
1040.5,-15016
1040.6,-15022.6
1040.7,-15027.6
1040.8,-15024.7
1040.9,-15028.5
1041,-15025.6
1041.1,-15021.5
1041.2,-15021.9
1041.3,-15026.8
1041.4,-15011.9
1041.5,-15020.2
1041.6,-15020.5
1041.7,-15023.8
1041.8,-15022.4
1041.9,-15016.5
1042,-15016.8
1042.1,-15021.7
1042.2,-15017
1042.3,-15006.6
1042.4,-15009.8
1042.5,-15011.7
1042.6,-15016.9
1042.7,-15023.4
1042.8,-15021.9
1042.9,-15032.9
1043,-15012.9
1043.1,-15013.1
1043.2,-15022.8
1043.3,-15021.2
1043.4,-15010.2
1043.5,-15021.6
1043.6,-15012.3
1043.7,-15034.4
1043.8,-15032.8
1043.9,-15026.7
1044,-15009.4
1044.1,-15015.8
1044.2,-15009.6
1044.3,-15015.9
1044.4,-15014.3
1044.5,-15012.6
1044.6,-15023.9
1044.7,-15012.7
1044.8,-15028.5
1044.9,-15017.3
1045,-15015.6
1045.1,-15020.6
1045.2,-15026.8
1045.3,-15025.1
1045.4,-15025
1045.5,-15013.8
1045.6,-15015.5
1045.7,-15024.9
1045.8,-15023.1
1045.9,-15016.8
1046,-15027.5
1046.1,-15005.4
1046.2,-15016.1
1046.3,-15020.9
1046.4,-15019.1
1046.5,-15017.2
1046.6,-15021.5
1046.7,-15021.4
1046.8,-15021.2
1046.9,-15021
1047,-15020.9
1047.1,-15023.4
1047.2,-15017
1047.3,-15012.3
1047.4,-15016.5
1047.5,-15016.3
1047.6,-15025.1
1047.7,-15016.8
1047.8,-15024.4
1047.9,-15024.1
1048,-15009.8
1048.1,-15024.7
1048.2,-15013.2
1048.3,-15026.8
1048.4,-15022
1048.5,-15027.8
1048.6,-15024.1
1048.7,-15012.5
1048.8,-15012.2
1048.9,-15021.2
1049,-15020.8
1049.1,-15014.2
1049.2,-15021.1
1049.3,-15022.4
1049.4,-15015.7
1049.5,-15026
1049.6,-15027.2
1049.7,-15017.1
1049.8,-15021.1
1049.9,-15025.2
1050,-15022.9
1050.1,-15017.9
1050.2,-15021.9
1050.3,-15019.7
1050.4,-15017.4
1050.5,-15016.8
1050.6,-15028.6
1050.7,-15014
1050.8,-15024.1
1050.9,-15017.3
1051,-15015
1051.1,-15014.4
1051.2,-15022.8
1051.3,-15020.4
1051.4,-15026
1051.5,-15027
1051.6,-15020.1
1051.7,-15009.8
1051.8,-15015.3
1051.9,-15022
1052,-15021.3
1052.1,-15020.5
1052.2,-15022.6
1052.3,-15020.1
1052.4,-15022.2
1052.5,-15016.9
1052.6,-15020.6
1052.7,-15026.1
1052.8,-15023.6
1052.9,-15021.1
1053,-15018.5
1053.1,-15019.3
1053.2,-15015.2
1053.3,-15014.3
1053.4,-15017.5
1053.5,-15005.9
1053.6,-15019
1053.7,-15022.7
1053.8,-15021.8
1053.9,-15023.6
1054,-15017.8
1054.1,-15015.1
1054.2,-15023.7
1054.3,-15021
1054.4,-15008.9
1054.5,-15016.9
1054.6,-15005.2
1054.7,-15030.7
1054.8,-15012.2
1054.9,-15025.2
1055,-15022.5
1055.1,-15016.5
1055.2,-15024.9
1055.3,-15032.9
1055.4,-15025.6
1055.5,-15007.1
1055.6,-15021.7
1055.7,-15018.9
1055.8,-15022.3
1055.9,-15025.7
1056,-15022.9
1056.1,-15020
1056.2,-15017.2
1056.3,-15016
1056.4,-15023.9
1056.5,-15021
1056.6,-15024.3
1056.7,-15027.6
1056.8,-15021.8
1056.9,-15017.3
1057,-15014.3
1057.1,-15006.4
1057.2,-15025.4
1057.3,-15025.8
1057.4,-15010.4
1057.5,-15018.2
1057.6,-15023
1057.7,-15026.2
1057.8,-15010.9
1057.9,-15020.3
1058,-15025.1
1058.1,-15014.2
1058.2,-15015.6
1058.3,-15012.5
1058.4,-15017.4
1058.5,-15020.5
1058.6,-15017.4
1058.7,-15012.6
1058.8,-15009.5
1058.9,-15017.1
1059,-15011.1
1059.1,-15012.5
1059.2,-15026.3
1059.3,-15026.4
1059.4,-15023.3
1059.5,-15020.1
1059.6,-15015.2
1059.7,-15016.5
1059.8,-15029.1
1059.9,-15015.1
1060,-15032.1
1060.1,-15028.8
1060.2,-15020.6
1060.3,-15015.7
1060.4,-15020.2
1060.5,-15032.6
1060.6,-15029.3
1060.7,-15030.5
1060.8,-15027.2
1060.9,-15009.9
1061,-15012.7
1061.1,-15015.6
1061.2,-15036.9
1061.3,-15027.3
1061.4,-15008.2
1061.5,-15033
1061.6,-15013.9
1061.7,-15032.4
1061.8,-15022.7
1061.9,-15019.3
1062,-15015.8
1062.1,-15018.6
1062.2,-15021.3
1062.3,-15022.4
1062.4,-15029.6
1062.5,-15010.4
1062.6,-15027.1
1062.7,-15009.6
1062.8,-15026.3
1062.9,-15017.8
1063,-15020.4
1063.1,-15026.3
1063.2,-15027.3
1063.3,-15019.2
1063.4,-15030.8
1063.5,-15022.7
1063.6,-15029.8
1063.7,-15016.7
1063.8,-15017.6
1063.9,-15014
1064,-15005.8
1064.1,-15012.9
1064.2,-15024.9
1064.3,-15011.7
1064.4,-15017
1064.5,-15013.3
1064.6,-15025.3
1064.7,-15021.6
1064.8,-15012.9
1064.9,-15019.9
1065,-15014.4
1065.1,-15010.6
1065.2,-15028.7
1065.3,-15025
1065.4,-15025.7
1065.5,-15016.9
1065.6,-15019.3
1065.7,-15031.2
1065.8,-15011.6
1065.9,-15017.3
1066,-15024.1
1066.1,-15024.8
1066.2,-15006.9
1066.3,-15023.2
1066.4,-15019.3
1066.5,-15024.4
1066.6,-15025
1066.7,-15022.8
1066.8,-15027.9
1066.9,-15030.1
1067,-15026.2
1067.1,-15015.5
1067.2,-15027.2
1067.3,-15029.5
1067.4,-15025.5
1067.5,-15013.1
1067.6,-15021.5
1067.7,-15026.9
1067.8,-15022.9
1067.9,-15018.8
1068,-15025.5
1068.1,-15013.1
1068.2,-15018.6
1068.3,-15024
1068.4,-15019.9
1068.5,-15024.8
1068.6,-15015.7
1068.7,-15014.4
1068.8,-15022.6
1068.9,-15018.5
1069,-15018.8
1069.1,-15019.1
1069.2,-15019.5
1069.3,-15013.6
1069.4,-15020.2
1069.5,-15017.6
1069.6,-15011.6
1069.7,-15018.1
1069.8,-15013.9
1069.9,-15009.6
1070,-15012.8
1070.1,-15016.3
1070.2,-15022.8
1070.3,-15032.4
1070.4,-15012.4
1070.5,-15014.4
1070.6,-15011.2
1070.7,-15013.1
1070.8,-15017.7
1070.9,-15015
1071,-15024.6
1071.1,-15007.4
1071.2,-15018.3
1071.3,-15018.4
1071.4,-15026.4
1071.5,-15020.3
1071.6,-15009.6
1071.7,-15015.9
1071.8,-15009.3
1071.9,-15022.2
1072,-15022.3
1072.1,-15017.8
1072.2,-15016.1
1072.3,-15016.1
1072.4,-15022.3
1072.5,-15017.8
1072.6,-15013.3
1072.7,-15017.8
1072.8,-15017.7
1072.9,-15006.9
1073,-15016.4
1073.1,-15016.4
1073.2,-15003.9
1073.3,-15022.4
1073.4,-15012.7
1073.5,-15014.3
1073.6,-15015.9
1073.7,-15014.1
1073.8,-15013.9
1073.9,-15002.6
1074,-15018.1
1074.1,-15015.1
1074.2,-15013.3
1074.3,-15014.7
1074.4,-15017.4
1074.5,-15018.9
1074.6,-15009.6
1074.7,-15031.2
1074.8,-15013.6
1074.9,-15017.8
1075,-15024.2
1075.1,-15024
1075.2,-15014.2
1075.3,-15029.6
1075.4,-15011.9
1075.5,-15022.3
1075.6,-15011.3
1075.7,-15017.1
1075.8,-15010.6
1075.9,-15010.2
1076,-15014.4
1076.1,-15015.7
1076.2,-15013.6
1076.3,-15024.4
1076.4,-15019
1076.5,-15017
1076.6,-15010.3
1076.7,-15017.7
1076.8,-15017.3
1076.9,-15002.8
1077,-15013
1077.1,-15018.7
1077.2,-15017.1
1077.3,-15019.4
1077.4,-15018.9
1077.5,-15018.4
1077.6,-15024
1077.7,-15012.8
1077.8,-15012.3
1077.9,-15027.4
1078,-15009.4
1078.1,-15013.3
1078.2,-15028.4
1078.3,-15029.6
1078.4,-15024
1078.5,-15015.4
1078.6,-15019.3
1078.7,-15014.2
1078.8,-15009
1078.9,-15012.9
1079,-15016.7
1079.1,-15016
1079.2,-15026.5
1079.3,-15024.1
1079.4,-15007.7
1079.5,-15007
1079.6,-15013.6
1079.7,-15016.2
1079.8,-15031.2
1079.9,-15024.2
1080,-15012.3
1080.1,-15011.5
1080.2,-15009
1080.3,-15012.7
1080.4,-15019.8
1080.5,-15012.8
1080.6,-15016.4
1080.7,-15012.2
1080.8,-15011.4
1080.9,-15012.2
1081,-15017.5
1081.1,-15014.9
1081.2,-15018.5
1081.3,-15033.3
1081.4,-15004.4
1081.5,-15008
1081.6,-15013.2
1081.7,-15018.4
1081.8,-15011.3
1081.9,-15010.3
1082,-15013.9
1082.1,-15019.1
1082.2,-15014.7
1082.3,-15017.1
1082.4,-15003.7
1082.5,-15018.3
1082.6,-15026.3
1082.7,-15009.6
1082.8,-15019.2
1082.9,-15016.5
1083,-15024.9
1083.1,-15022.1
1083.2,-15009.8
1083.3,-15014.9
1083.4,-15013.8
1083.5,-15018.9
1083.6,-15016.1
1083.7,-15014.9
1083.8,-15016.6
1083.9,-15026.6
1084,-15006.4
1084.1,-15005.2
1084.2,-15016.4
1084.3,-15013.5
1084.4,-15012.3
1084.5,-15015.5
1084.6,-15014.3
1084.7,-15019.3
1084.8,-15030.3
1084.9,-15007.1
1085,-15026.1
1085.1,-15024.8
1085.2,-15012.3
1085.3,-15015.5
1085.4,-15017.1
1085.5,-15003.3
1085.6,-15030
1085.7,-15011.3
1085.8,-15014.5
1085.9,-15015.9
1086,-15022.4
1086.1,-15014.8
1086.2,-15011.7
1086.3,-15030.5
1086.4,-15011.7
1086.5,-15016.5
1086.6,-15015.1
1086.7,-15011.9
1086.8,-15024.5
1086.9,-15021.3
1087,-15024.3
1087.1,-15022.9
1087.2,-15021.4
1087.3,-15008.7
1087.4,-15021.2
1087.5,-15006.7
1087.6,-15020.9
1087.7,-15023.9
1087.8,-15026.8
1087.9,-15012.4
1088,-15017
1088.1,-15009.2
1088.2,-15017.1
1088.3,-15024.5
1088.4,-15027.4
1088.5,-15019.1
1088.6,-15022.4
1088.7,-15020.8
1088.8,-15015.8
1088.9,-15014.1
1089,-15021.4
1089.1,-15019.7
1089.2,-15018
1089.3,-15025.3
1089.4,-15019.1
1089.5,-15014
1089.6,-15016.8
1089.7,-15015
1089.8,-15017.8
1089.9,-15016
1090,-15023.2
1090.1,-15018.1
1090.2,-15016.3
1090.3,-15019
1090.4,-15021.7
1090.5,-15024.4
1090.6,-15025.3
1090.7,-15021.8
1090.8,-15019.9
1090.9,-15022.6
1091,-15009.5
1091.1,-15016.6
1091.2,-14997.8
1091.3,-15020.6
1091.4,-15018.7
1091.5,-15021.3
1091.6,-15012.7
1091.7,-15015.2
1091.8,-15016.6
1091.9,-15019.1
1092,-15023.3
1092.1,-15011.8
1092.2,-15014.3
1092.3,-15016.8
1092.4,-15019.3
1092.5,-15021.7
1092.6,-15011.8
1092.7,-15018.8
1092.8,-15016.7
1092.9,-15019.2
1093,-15016.6
1093.1,-15017.8
1093.2,-15009
1093.3,-15020.9
1093.4,-15012.6
1093.5,-15021.2
1093.6,-15012.4
1093.7,-15013
1093.8,-15024.9
1093.9,-15021
1094,-15018.9
1094.1,-15019.5
1094.2,-15006.1
1094.3,-15008.4
1094.4,-15026.4
1094.5,-15016.3
1094.6,-15018.5
1094.7,-15020.8
1094.8,-15016.4
1094.9,-15010.8
1095,-15010.1
1095.1,-15010.7
1095.2,-15028.6
1095.3,-15005.5
1095.4,-15001.5
1095.5,-15009.9
1095.6,-15013.7
1095.7,-15008
1095.8,-15010.1
1095.9,-15006.1
1096,-15008.2
1096.1,-15013.2
1096.2,-15010.8
1096.3,-15017.4
1096.4,-15022.7
1096.5,-15024.8
1096.6,-15005
1096.7,-15022.8
1096.8,-15019.8
1096.9,-15025.2
1097,-15021
1097.1,-15016.8
1097.2,-15023.3
1097.3,-15025.3
1097.4,-15020.6
1097.5,-15027.6
1097.6,-15007.7
1097.7,-15017.5
1097.8,-15019.4
1097.9,-15014.7
1098,-15008.8
1098.1,-15012.3
1098.2,-15028.2
1098.3,-15017.8
1098.4,-15024.2
1098.5,-15019.8
1098.6,-15006
1098.7,-15014.1
1098.8,-15023.7
1098.9,-15008.2
1099,-15025.7
1099.1,-15021.3
1099.2,-15012
1099.3,-15004.2
1099.4,-15010.5
1099.5,-15009.5
1099.6,-15014.5
1099.7,-15020.8
1099.8,-15005.2
1099.9,-15017.6
1100,-15018.1
1100.1,-15013.7
1100.2,-15013.7
1100.3,-15015.4
1100.4,-15019.9
1100.5,-15010.4
1100.6,-15021.6
1100.7,-15023.2
1100.8,-15023.2
1100.9,-15007.4
1101,-15007.4
1101.1,-15024.7
1101.2,-15010.6
1101.3,-15004.4
1101.4,-15005.9
1101.5,-15010.3
1101.6,-15016.9
1101.7,-15023
1101.8,-15007.1
1101.9,-15022.7
1102,-15018
1102.1,-15013.4
1102.2,-15022.7
1102.3,-15014.7
1102.4,-15019
1102.5,-15031.2
1102.6,-15022
1102.7,-15017.2
1102.8,-15018.7
1102.9,-15024.6
1103,-15016.5
1103.1,-15017.4
1103.2,-15006.5
1103.3,-15001.7
1103.4,-15017.1
1103.5,-15021.3
1103.6,-15021
1103.7,-15012.8
1103.8,-15028.2
1103.9,-15017.1
1104,-15023
1104.1,-15022.6
1104.2,-15022.2
1104.3,-15017.4
1104.4,-15017
1104.5,-15016.6
1104.6,-15016.2
1104.7,-15011.2
1104.8,-15010.8
1104.9,-15012
1105,-15017.8
1105.1,-15011.1
1105.2,-15018.5
1105.3,-15013.5
1105.4,-15019.2
1105.5,-15014.2
1105.6,-15016.6
1105.7,-15014.4
1105.8,-15009.3
1105.9,-15008.8
1106,-15016.1
1106.1,-15012.2
1106.2,-15013.3
1106.3,-15020.6
1106.4,-15020
1106.5,-15019.4
1106.6,-15004.7
1106.7,-15014.8
1106.8,-15009.7
1106.9,-15010.7
1107,-15010.1
1107.1,-15021.8
1107.2,-15017.8
1107.3,-15012.6
1107.4,-15015.2
1107.5,-15012.9
1107.6,-15020
1107.7,-15009.8
1107.8,-15012.4
1107.9,-15017.8
1108,-15015.4
1108.1,-15022.5
1108.2,-15015.6
1108.3,-15019.3
1108.4,-15007.8
1108.5,-15013.2
1108.6,-15015.3
1108.7,-15016.1
1108.8,-15018.1
1108.9,-15017.3
1109,-15011.9
1109.1,-15015.6
1109.2,-15016.4
1109.3,-15002.7
1109.4,-15003.5
1109.5,-15012.1
1109.6,-15011.2
1109.7,-15010.3
1109.8,-15024.5
1109.9,-15009.6
1110,-15013.7
1110.1,-15012.7
1110.2,-15020.7
1110.3,-15013.6
1110.4,-15014.3
1110.5,-15013.3
1110.6,-15018.5
1110.7,-15011.3
1110.8,-15013.1
1110.9,-15010.9
1111,-15030.1
1111.1,-15030.7
1111.2,-15010.6
1111.3,-15015.7
1111.4,-15017.4
1111.5,-15010.2
1111.6,-15004.6
1111.7,-15014.2
1111.8,-15013
1111.9,-15027.1
1112,-15015.3
1112.1,-15014.1
1112.2,-15006.8
1112.3,-15010.1
1112.4,-15003.9
1112.5,-15013.9
1112.6,-15018.9
1112.7,-15013.2
1112.8,-15002.5
1112.9,-15016.4
1113,-15010.7
1113.1,-15009.4
1113.2,-15016
1113.3,-15013.1
1113.4,-15016.3
1113.5,-15015
1113.6,-15007.6
1113.7,-15012.4
1113.8,-15017.3
1113.9,-15020.5
1114,-15003.4
1114.1,-15025.6
1114.2,-15008.6
1114.3,-15010.1
1114.4,-15019.4
1114.5,-15011.8
1114.6,-15016.6
1114.7,-15015.2
1114.8,-15005.9
1114.9,-15016.8
1115,-15012.1
1115.1,-15010.6
1115.2,-15017
1115.3,-15009.4
1115.4,-15006.2
1115.5,-15005.9
1115.6,-15006.1
1115.7,-15017
1115.8,-15012.1
1115.9,-15015.1
1116,-15011.9
1116.1,-15005.8
1116.2,-15012.1
1116.3,-15013.4
1116.4,-15005.7
1116.5,-15013.1
1116.6,-15019.3
1116.7,-15003.7
1116.8,-15016.1
1116.9,-15011.2
1117,-15015.7
1117.1,-15010.7
1117.2,-15016.9
1117.3,-15007.4
1117.4,-15010.3
1117.5,-15013.1
1117.6,-15014.2
1117.7,-15006.4
1117.8,-15009.2
1117.9,-15012
1118,-15010.2
1118.1,-15017.5
1118.2,-15011.3
1118.3,-15015.7
1118.4,-15006.1
1118.5,-15013.3
1118.6,-15016
1118.7,-15014.2
1118.8,-15018.6
1118.9,-15015.1
1119,-15011.6
1119.1,-15008.1
1119.2,-15020.3
1119.3,-15022.9
1119.4,-15014.9
1119.5,-15009.7
1119.6,-15020.2
1119.7,-15008.7
1119.8,-15005.2
1119.9,-15007.8
1120,-15016.5
1120.1,-15012.9
1120.2,-15015.5
1120.3,-15019.7
1120.4,-15016.1
1120.5,-15006.3
1120.6,-15013.3
1120.7,-15022
1120.8,-15018.3
1120.9,-15010.1
1121,-15012.6
1121.1,-15015.1
1121.2,-15012.5
1121.3,-15010.5
1121.4,-15017.9
1121.5,-15008
1121.6,-15015
1121.7,-15001.7
1121.8,-15015.3
1121.9,-15017.7
1122,-15009.4
1122.1,-15016.3
1122.2,-15012.5
1122.3,-15016.5
1122.4,-15006.5
1122.5,-15012.2
1122.6,-15014.5
1122.7,-15007.3
1122.8,-15008
1122.9,-15018.1
1123,-15015.9
1123.1,-15008.7
1123.2,-15017.1
1123.3,-15017.7
1123.4,-15009.3
1123.5,-15011.5
1123.6,-15013.7
1123.7,-15014.3
1123.8,-15007
1123.9,-15018.7
1124,-15010.2
1124.1,-15006.3
1124.2,-15019.1
1124.3,-15025.8
1124.4,-15001.6
1124.5,-15017.7
1124.6,-15015.4
1124.7,-15011.3
1124.8,-15017.9
1124.9,-15015.5
1125,-15017.6
1125.1,-15013.5
1125.2,-15013.9
1125.3,-15009.8
1125.4,-15005.7
1125.5,-15013.9
1125.6,-15005.3
1125.7,-15018
1125.8,-15013.9
1125.9,-15018.7
1126,-15010
1126.1,-15016.5
1126.2,-14998.3
1126.3,-15020.5
1126.4,-15020.8
1126.5,-15000.9
1126.6,-15018.5
1126.7,-15004.7
1126.8,-15005
1126.9,-15003.5
1127,-15002.6
1127.1,-14998.3
1127.2,-15004.7
1127.3,-15004.9
1127.4,-15011.3
1127.5,-15000.8
1127.6,-15004.3
1127.7,-15009.5
1127.8,-15015.8
1127.9,-15016
1128,-15017.8
1128.1,-15019.6
1128.2,-15011.8
1128.3,-15017
1128.4,-15017.1
1128.5,-15018.8
1128.6,-15009.9
1128.7,-15011.6
1128.8,-15006.7
1128.9,-15006.7
1129,-15006.8
1129.1,-14997.8
1129.2,-15015.2
1129.3,-15015.2
1129.4,-15011.8
1129.5,-14997.8
1129.6,-15023
1129.7,-15018.5
1129.8,-15002.8
1129.9,-15024.6
1130,-15010.5
1130.1,-14999.8
1130.2,-15015.4
1130.3,-15017
1130.4,-15001.2
1130.5,-15021.3
1130.6,-15018.3
1130.7,-15018.2
1130.8,-15013.6
1130.9,-15008.9
1131,-15013.3
1131.1,-15014.8
1131.2,-15010.1
1131.3,-15011.6
1131.4,-15011.4
1131.5,-15017.4
1131.6,-15012.7
1131.7,-15014.1
1131.8,-15013.9
1131.9,-14998
1132,-15008.9
1132.1,-15013.2
1132.2,-15008.4
1132.3,-15009.8
1132.4,-15000
1132.5,-15004.2
1132.6,-15019.6
1132.7,-15014.7
1132.8,-15009.9
1132.9,-15009.6
1133,-15015.4
1133.1,-15005.5
1133.2,-15005.2
1133.3,-15009.8
1133.4,-15009.5
1133.5,-15015.2
1133.6,-15019.3
1133.7,-15009.9
1133.8,-15001.6
1133.9,-15016.9
1134,-15014.8
1134.1,-15020.5
1134.2,-15015.6
1134.3,-15016.7
1134.4,-15006.7
1134.5,-15000.1
1134.6,-15021.4
1134.7,-15016.4
1134.8,-15011.4
1134.9,-15010.9
1135,-15007
1135.1,-15020.5
1135.2,-15015.4
1135.3,-15010.4
1135.4,-15019.3
1135.5,-15010.9
1135.6,-15020.9
1135.7,-15014.2
1135.8,-15013.6
1135.9,-15013
1136,-15007.8
1136.1,-15011.7
1136.2,-15012.2
1136.3,-15016.5
1136.4,-15017.6
1136.5,-15012.4
1136.6,-15003.9
1136.7,-15013.8
1136.8,-15014.8
1136.9,-15009.6
1137,-15013.3
1137.1,-15012.6
1137.2,-15010.2
1137.3,-15011.1
1137.4,-15010.3
1137.5,-15011.2
1137.6,-15010.4
1137.7,-15014.2
1137.8,-15016.7
1137.9,-15001.9
1138,-15007.2
1138.1,-15017
1138.2,-15016.2
1138.3,-15012.6
1138.4,-15007.2
1138.5,-15022
1138.6,-15011.6
1138.7,-15007.4
1138.8,-15011
1138.9,-15005.6
1139,-15006.3
1139.1,-15009.9
1139.2,-15001.1
1139.3,-15010.9
1139.4,-15017.7
1139.5,-15010.6
1139.6,-15005.2
1139.7,-15008.7
1139.8,-15012.2
1139.9,-14998.8
1140,-15004
1140.1,-15003
1140.2,-15006.4
1140.3,-15009.9
1140.4,-15002.7
1140.5,-15003.3
1140.6,-15008.4
1140.7,-15001.1
1140.8,-15009.1
1140.9,-15003.5
1141,-15002.3
1141.1,-15005.7
1141.2,-15010.8
1141.3,-15003.5
1141.4,-15010.2
1141.5,-15024.7
1141.6,-15007.9
1141.7,-15009.5
1141.8,-15020.7
1141.9,-15017.8
1142,-15006
1142.1,-15009.8
1142.2,-15003.5
1142.3,-15011.3
1142.4,-15008.4
1142.5,-15001
1142.6,-15001.4
1142.7,-15000.1
1142.8,-15023.6
1142.9,-15004.9
1143,-15005.3
1143.1,-15010.1
1143.2,-15007.2
1143.3,-15010.3
1143.4,-15005.7
1143.5,-15012.2
1143.6,-14998.4
1143.7,-15001.6
1143.8,-15006.4
1143.9,-15007.8
1144,-15009.8
1144.1,-15002.2
1144.2,-15011.5
1144.3,-15010
1144.4,-14999.1
1144.5,-15005.5
1144.6,-15004.1
1144.7,-15001
1144.8,-15019.7
1144.9,-15008.7
1145,-15005.5
1145.1,-15013.6
1145.2,-15012.1
1145.3,-15010.6
1145.4,-14997.8
1145.5,-15011.5
1145.6,-15019.5
1145.7,-15017.9
1145.8,-15014.7
1145.9,-15017.6
1146,-15020.5
1146.1,-15003.3
1146.2,-15028
1146.3,-15020.2
1146.4,-15023.1
1146.5,-15008.7
1146.6,-15007
1146.7,-15011.5
1146.8,-15014.4
1146.9,-15011
1147,-14999.9
1147.1,-15006
1147.2,-15004.3
1147.3,-15007.1
1147.4,-15002.1
1147.5,-15017.2
1147.6,-15009.3
1147.7,-14996.9
1147.8,-14999.7
1147.9,-15008.5
1148,-15011.3
1148.1,-15007.8
1148.2,-15020.1
1148.3,-15002.6
1148.4,-15010.3
1148.5,-15003.5
1148.6,-15006.1
1148.7,-15009.3
1148.8,-15010.4
1148.9,-15002.4
1149,-15009.5
1149.1,-15016.6
1149.2,-14999
1149.3,-15012.8
1149.4,-15015.4
1149.5,-15018
1149.6,-15003.3
1149.7,-15017
1149.8,-15003.9
1149.9,-15006.4
1150,-15009
1150.1,-14997.5
1150.2,-15007.9
1150.3,-15010.4
1150.4,-15006.7
1150.5,-15007.5
1150.6,-15016.2
1150.7,-15008
1150.8,-15010.5
1150.9,-15008.4
1151,-15009.2
1151.1,-15010
1151.2,-15001.8
1151.3,-15005.9
1151.4,-15002.1
1151.5,-15014.1
1151.6,-15011.4
1151.7,-15009.3
1151.8,-15001
1151.9,-15012.9
1152,-15009.1
1152.1,-15016
1152.2,-15007.1
1152.3,-15004.9
1152.4,-15010.6
1152.5,-15017.4
1152.6,-15013.6
1152.7,-15000.2
1152.8,-15018.2
1152.9,-15004.7
1153,-15007
1153.1,-15007.6
1153.2,-15003.7
1153.3,-15021.6
1153.4,-15023.8
1153.5,-15010.3
1153.6,-15003
1153.7,-15005.2
1153.8,-14995.1
1153.9,-15005.1
1154,-15007.3
1154.1,-15001.6
1154.2,-15008.2
1154.3,-15007.6
1154.4,-15019.2
1154.5,-15005.7
1154.6,-15010.6
1154.7,-14998.7
1154.8,-15002.4
1154.9,-15006.2
1155,-15002.1
1155.1,-15002.6
1155.2,-14998.5
1155.3,-15006.6
1155.4,-15008.7
1155.5,-15020.2
1155.6,-15016.1
1155.7,-15000.8
1155.8,-15007.3
1155.9,-15014.3
1156,-15020.8
1156.1,-14994.8
1156.2,-15010.8
1156.3,-15001.5
1156.4,-14997.3
1156.5,-14999.2
1156.6,-14999.5
1156.7,-15001.4
1156.8,-15007.8
1156.9,-15003.5
1157,-15015
1157.1,-15005.7
1157.2,-14998
1157.3,-15004.4
1157.4,-15001.7
1157.5,-15009.7
1157.6,-15015
1157.7,-15011.7
1157.8,-15011.9
1157.9,-15001.3
1158,-15009.3
1158.1,-15005
1158.2,-15005.1
1158.3,-15011.3
1158.4,-14994.6
1158.5,-15004.2
1158.6,-15004.3
1158.7,-14996.5
1158.8,-15004.4
1158.9,-15011.2
1159,-15001.7
1159.1,-14997.2
1159.2,-15012.9
1159.3,-14992.8
1159.4,-15010.1
1159.5,-15016.2
1159.6,-15011.7
1159.7,-15011.7
1159.8,-15007.2
1159.9,-15011.7
1160,-15007.1
1160.1,-15002.6
1160.2,-15008.6
1160.3,-15014.7
1160.4,-15009.6
1160.5,-15014.5
1160.6,-15009.9
1160.7,-15005.3
1160.8,-14995.6
1160.9,-15006.1
1161,-14999.8
1161.1,-15017.1
1161.2,-15012.4
1161.3,-15016.7
1161.4,-15022.7
1161.5,-14997.8
1161.6,-14999.3
1161.7,-15014.7
1161.8,-14998.8
1161.9,-15003.1
1162,-15004.5
1162.1,-14999.8
1162.2,-15005.7
1162.3,-15005.4
1162.4,-15014.7
1162.5,-15009.9
1162.6,-15009.6
1162.7,-15011
1162.8,-15005.6
1162.9,-14994.7
1163,-15005.5
1163.1,-15008.5
1163.2,-15000.4
1163.3,-15006.1
1163.4,-15010.3
1163.5,-15009.9
1163.6,-15011.2
1163.7,-15006.4
1163.8,-15010.5
1163.9,-15016.2
1164,-15007.9
1164.1,-14999.6
1164.2,-15013.2
1164.3,-15008.2
1164.4,-15013.9
1164.5,-15000.6
1164.6,-15001.8
1164.7,-15002.9
1164.8,-14996.3
1164.9,-14995.8
1165,-15015.5
1165.1,-15016.6
1165.2,-15002
1165.3,-15006
1165.4,-15005.4
1165.5,-14998.8
1165.6,-15009.4
1165.7,-14999.2
1165.8,-15014.3
1165.9,-15008.7
1166,-15002
1166.1,-15001.4
1166.2,-15005.8
1166.3,-15011.3
1166.4,-15016.8
1166.5,-15004.9
1166.6,-15009.3
1166.7,-15008.7
1166.8,-15001.9
1166.9,-15007.3
1167,-15011.1
1167.1,-15005.3
1167.2,-14998.5
1167.3,-15009
1167.4,-15012.7
1167.5,-15005.9
1167.6,-14995.6
1167.7,-15000.9
1167.8,-15014.2
1167.9,-15013.4
1168,-15017.1
1168.1,-15016.3
1168.2,-15015.5
1168.3,-14999
1168.4,-15004.3
1168.5,-14997.4
1168.6,-15001
1168.7,-15000.2
1168.8,-15015
1168.9,-15004.6
1169,-15002.1
1169.1,-15005.7
1169.2,-15016
1169.3,-15019.5
1169.4,-15004.6
1169.5,-15008.1
1169.6,-15003.8
1169.7,-15004.6
1169.8,-14999.2
1169.9,-14998.2
1170,-15017.4
1170.1,-15000.7
1170.2,-15005.9
1170.3,-14998.7
1170.4,-15013.4
1170.5,-15010.8
1170.6,-14998.6
1170.7,-15013.2
1170.8,-14998.1
1170.9,-15011.1
1171,-15010
1171.1,-15013.4
1171.2,-15016.9
1171.3,-15004.6
1171.4,-15003.5
1171.5,-14996.2
1171.6,-15015.3
1171.7,-14996.9
1171.8,-14995.7
1171.9,-15000.7
1172,-14999.5
1172.1,-15001.2
1172.2,-15014.1
1172.3,-14997.2
1172.4,-15011.7
1172.5,-15010.5
1172.6,-14993.6
1172.7,-15011
1172.8,-15003.6
1172.9,-15002.4
1173,-15005.6
1173.1,-15008.8
1173.2,-15000.9
1173.3,-14995.1
1173.4,-15009.5
1173.5,-15002.1
1173.6,-15005.3
1173.7,-15008.5
1173.8,-15007.1
1173.9,-15010.3
1174,-15008.9
1174.1,-15012.1
1174.2,-14999.5
1174.3,-15007.7
1174.4,-15006.3
1174.5,-15004.9
1174.6,-15001.9
1174.7,-15005
1174.8,-15006.5
1174.9,-15015.7
1175,-14998.5
1175.1,-15017.3
1175.2,-15014.2
1175.3,-15015.6
1175.4,-15009.6
1175.5,-15006.5
1175.6,-15015.7
1175.7,-15003
1175.8,-14999.8
1175.9,-14996.7
1176,-15010.9
1176.1,-15007.7
1176.2,-14995
1176.3,-15002.4
1176.4,-15016.5
1176.5,-15013.3
1176.6,-15005.6
1176.7,-15013
1176.8,-15004.7
1176.9,-15003.1
1177,-15011.1
1177.1,-15007.8
1177.2,-15010.7
1177.3,-15007.4
1177.4,-15010.2
1177.5,-15004.1
1177.6,-15005.3
1177.7,-15009.8
1177.8,-15006.5
1177.9,-14996.9
1178,-15007.6
1178.1,-15004.2
1178.2,-15013.1
1178.3,-15001.9
1178.4,-15001.9
1178.5,-15004.6
1178.6,-14996.7
1178.7,-14991.6
1178.8,-15004.9
1178.9,-15006
1179,-15005.9
1179.1,-15008.6
1179.2,-15001.8
1179.3,-15004.5
1179.4,-14997.6
1179.5,-15009.8
1179.6,-15006.3
1179.7,-15010.7
1179.8,-15005.4
1179.9,-15017
1180,-14999.4
1180.1,-15001
1180.2,-15002
1180.3,-15004.5
1180.4,-15011.6
1180.5,-15009.6
1180.6,-15012.2
1180.7,-15002.5
1180.8,-15011.3
1180.9,-15005.9
1181,-15008.4
1181.1,-15010.9
1181.2,-14991.6
1181.3,-15003.7
1181.4,-15010.6
1181.5,-15004.2
1181.6,-14998.8
1181.7,-15003
1181.8,-15002.1
1181.9,-15009
1182,-15002.5
1182.1,-15000.4
1182.2,-15011.8
1182.3,-15003.6
1182.4,-15010.5
1182.5,-15000.6
1182.6,-15018.7
1182.7,-15008.8
1182.8,-15017.2
1182.9,-15018
1183,-15003
1183.1,-15003.6
1183.2,-14999.8
1183.3,-15008.3
1183.4,-14996.6
1183.5,-15007.9
1183.6,-15005.7
1183.7,-15012.4
1183.8,-15008.6
1183.9,-15009.2
1184,-15009.8
1184.1,-14996.3
1184.2,-15014.2
1184.3,-15020.9
1184.4,-15010.9
1184.5,-14995.8
1184.6,-15007.5
1184.7,-15009.7
1184.8,-15016.4
1184.9,-15002.8
1185,-15001.7
1185.1,-15008.9
1185.2,-15015.6
1185.3,-14991.4
1185.4,-15007.5
1185.5,-15009.1
1185.6,-15014.6
1185.7,-14994.9
1185.8,-15006.5
1185.9,-15007
1186,-14997.8
1186.1,-14999.9
1186.2,-15011.5
1186.3,-15001.3
1186.4,-15007.8
1186.5,-15008.2
1186.6,-15010.2
1186.7,-15006
1186.8,-15001.9
1186.9,-15002.2
1187,-15002.6
1187.1,-15007.4
1187.2,-15009.4
1187.3,-15011.3
1187.4,-15005.5
1187.5,-14999.7
1187.6,-15010.6
1187.7,-15006.4
1187.8,-15008.2
1187.9,-14992.8
1188,-14993.1
1188.1,-14997.8
1188.2,-15003.1
1188.3,-15005
1188.4,-15005.2
1188.5,-14995.8
1188.6,-15010.1
1188.7,-15005.8
1188.8,-15001.5
1188.9,-14997.1
1189,-15015.7
1189.1,-15008.1
1189.2,-14998.6
1189.3,-15003.8
1189.4,-15010.1
1189.5,-15004.1
1189.6,-15014.8
1189.7,-15005.9
1189.8,-15007.6
1189.9,-15006.1
1190,-15012.2
1190.1,-15006.2
1190.2,-15001.7
1190.3,-15014
1190.4,-14993.8
1190.5,-14998.4
1190.6,-15008
1190.7,-15003.5
1190.8,-15003.5
1190.9,-15005.1
1191,-14995.5
1191.1,-14993.8
1191.2,-15005
1191.3,-15004.9
1191.4,-15006.5
1191.5,-15010.9
1191.6,-15006.4
1191.7,-15010.8
1191.8,-15004.6
1191.9,-15004.5
1192,-14999.9
1192.1,-14994.7
1192.2,-15005.1
1192.3,-14998.9
1192.4,-14998.8
1192.5,-15003.7
1192.6,-14992.3
1192.7,-14998.3
1192.8,-14998.1
1192.9,-14997.9
1193,-15013.4
1193.1,-14995.9
1193.2,-14995.7
1193.3,-15001.5
1193.4,-15001.3
1193.5,-15012.2
1193.6,-15005.9
1193.7,-14994.4
1193.8,-15005.3
1193.9,-14993.9
1194,-15009.3
1194.1,-15002.9
1194.2,-14991.4
1194.3,-15000.6
1194.4,-15001.9
1194.5,-15001.6
1194.6,-15011.8
1194.7,-14994.2
1194.8,-15006.7
1194.9,-15006.4
1195,-14992
1195.1,-14991.6
1195.2,-15006.4
1195.3,-14995.3
1195.4,-14992.2
1195.5,-15011.9
1195.6,-14995.8
1195.7,-15006
1195.8,-15010
1195.9,-15007.8
1196,-14998.5
1196.1,-15007
1196.2,-15004.8
1196.3,-15007.2
1196.4,-15008.2
1196.5,-14998.1
1196.6,-15001.1
1196.7,-15005.1
1196.8,-14991.7
1196.9,-14992.8
1197,-14992.2
1197.1,-15017.9
1197.2,-15000.1
1197.3,-15004
1197.4,-15008.5
1197.5,-14996.7
1197.6,-14996
1197.7,-15006
1197.8,-14995.9
1197.9,-14997
1198,-14996.4
1198.1,-15000.2
1198.2,-14999.6
1198.3,-15001.6
1198.4,-14996.6
1198.5,-14995.9
1198.6,-14993.6
1198.7,-14999
1198.8,-14996.6
1198.9,-14998.7
1199,-14999.7
1199.1,-14998.9
1199.2,-14992
1199.3,-14994.2
1199.4,-14999.5
1199.5,-14994.2
1199.6,-15013.6
1199.7,-15011.2
1199.8,-14999.2
1199.9,-15007.9
1200,-14991.4
1200.1,-15006.3
1200.2,-14988.1
1200.3,-15007.5
1200.4,-14993.8
1200.5,-14992.9
1200.6,-14992
1200.7,-14995.6
1200.8,-14997.6
1200.9,-15001.2
1201,-15009.9
1201.1,-14991.7
1201.2,-15006.4
1201.3,-14998.8
1201.4,-14996.2
1201.5,-14995.2
1201.6,-15003.9
1201.7,-15001.3
1201.8,-15009.3
1201.9,-15003.2
1202,-14990
1202.1,-15004.6
1202.2,-15002
1202.3,-15003.9
1202.4,-14991.6
1202.5,-14990.6
1202.6,-14999.1
1202.7,-15004.3
1202.8,-14998.2
1202.9,-15007.8
1203,-15005.1
1203.1,-15003.9
1203.2,-15004.6
1203.3,-15001.8
1203.4,-14995.8
1203.5,-15002.4
1203.6,-15001.3
1203.7,-14992.3
1203.8,-15000.1
1203.9,-15009.7
1204,-15002.4
1204.1,-15001.2
1204.2,-15004.5
1204.3,-14999.9
1204.4,-15007.7
1204.5,-14997.6
1204.6,-15016.5
1204.7,-14998
1204.8,-15001.2
1204.9,-15001.1
1205,-15008.8
1205.1,-15001.4
1205.2,-15006.4
1205.3,-15003.5
1205.4,-15006.6
1205.5,-15006.5
1205.6,-14993.9
1205.7,-15002.2
1205.8,-14999.2
1205.9,-14995.7
1206,-15008.4
1206.1,-15007
1206.2,-15014.6
1206.3,-15011.6
1206.4,-14986.8
1206.5,-14994.4
1206.6,-15008.7
1206.7,-14996.1
1206.8,-14993
1206.9,-14994.5
1207,-14995.9
1207.1,-15010.1
1207.2,-15007.1
1207.3,-15004
1207.4,-14989.5
1207.5,-14998.8
1207.6,-14991.2
1207.7,-15008.2
1207.8,-15000.6
1207.9,-14992.4
1208,-14999.8
1208.1,-14986.1
1208.2,-15004.7
1208.3,-15001.5
1208.4,-14993.2
1208.5,-14994.5
1208.6,-14997.4
1208.7,-15005.4
1208.8,-14996.1
1208.9,-15003.5
1209,-15000.2
1209.1,-15003.1
1209.2,-14999.8
1209.3,-14996.6
1209.4,-15005.6
1209.5,-14999
1209.6,-15000.2
1209.7,-14992.4
1209.8,-14999.7
1209.9,-14996.4
1210,-15002.1
1210.1,-15003.3
1210.2,-15007.8
1210.3,-15002.7
1210.4,-15005.4
1210.5,-14995.9
1210.6,-15009.4
1210.7,-14999.9
1210.8,-15002.6
1210.9,-14999.2
1211,-15003.1
1211.1,-14982.4
1211.2,-14994.6
1211.3,-14992.8
1211.4,-15001.7
1211.5,-14994.9
1211.6,-15002
1211.7,-15000.3
1211.8,-15012.5
1211.9,-15007.4
1212,-14998.8
1212.1,-14991.9
1212.2,-15002.3
1212.3,-15003.3
1212.4,-14989.2
1212.5,-15005.8
1212.6,-14995.6
1212.7,-15003.2
1212.8,-14994.5
1212.9,-15000.6
1213,-15007.6
1213.1,-15006.9
1213.2,-14998.8
1213.3,-15005.7
1213.4,-15006.6
1213.5,-15003
1213.6,-15003.8
1213.7,-15000.2
1213.8,-15004.4
1213.9,-15005.2
1214,-15010.4
1214.1,-14995.5
1214.2,-15010.4
1214.3,-15006.7
1214.4,-15007.5
1214.5,-14988.1
1214.6,-15010.6
1214.7,-15001.8
1214.8,-14984.1
1214.9,-14992.7
1215,-15009.1
1215.1,-14990.8
1215.2,-15002.1
1215.3,-14998.3
1215.4,-15000.8
1215.5,-14996.9
1215.6,-15008.2
1215.7,-15001
1215.8,-15005
1215.9,-15003.9
1216,-14998.5
1216.1,-14993
1216.2,-14998.2
1216.3,-15000.4
1216.4,-15001
1216.5,-15003.2
1216.6,-14997.7
1216.7,-14996.7
1216.8,-14998.8
1216.9,-14996.7
1217,-14995.5
1217.1,-15000.5
1217.2,-14989.9
1217.3,-15003.3
1217.4,-15003.9
1217.5,-15010.5
1217.6,-14998.6
1217.7,-15003.6
1217.8,-14999.6
1217.9,-14995.7
1218,-14988.4
1218.1,-14998.3
1218.2,-14995.4
1218.3,-15009.7
1218.4,-15004.1
1218.5,-15004.5
1218.6,-15014.5
1218.7,-14985.3
1218.8,-15000.8
1218.9,-15002.8
1219,-14997.1
1219.1,-14999.2
1219.2,-14996.2
1219.3,-15001.1
1219.4,-15001.4
1219.5,-14986.1
1219.6,-14996
1219.7,-14996.3
1219.8,-15005.6
1219.9,-15001.4
1220,-14995.6
1220.1,-14986.3
1220.2,-15006.8
1220.3,-15001
1220.4,-15001.2
1220.5,-14995.4
1220.6,-15006.2
1220.7,-15000.4
1220.8,-14989.4
1220.9,-14999.2
1221,-14994.9
1221.1,-15007.5
1221.2,-14999.8
1221.3,-14993.3
1221.4,-14998.6
1221.5,-14992.6
1221.6,-15000.6
1221.7,-14999.2
1221.8,-14996
1221.9,-14997.7
1222,-14996.2
1222.1,-14990.3
1222.2,-14998.2
1222.3,-15001.2
1222.4,-15007.4
1222.5,-15002.9
1222.6,-14993.6
1222.7,-14999.9
1222.8,-15004.4
1222.9,-14993.9
1223,-15009.6
1223.1,-14993.9
1223.2,-14987.9
1223.3,-14996.9
1223.4,-14995.3
1223.5,-14993.7
1223.6,-14989.2
1223.7,-14999.7
1223.8,-15002.6
1223.9,-15005.5
1224,-15000.9
1224.1,-15015
1224.2,-14999.2
1224.3,-14995.8
1224.4,-14988
1224.5,-14989.7
1224.6,-15011.3
1224.7,-14998.4
1224.8,-14998.3
1224.9,-14999.3
1225,-15000.9
1225.1,-14994.7
1225.2,-14999
1225.3,-14991.2
1225.4,-14995.5
1225.5,-14987.5
1225.6,-14999.6
1225.7,-15003
1225.8,-14990
1225.9,-14994.3
1226,-15000.1
1226.1,-15014
1226.2,-15003.1
1226.3,-15001.3
1226.4,-15004
1226.5,-15008.2
1226.6,-15007.9
1226.7,-15001.5
1226.8,-14999.6
1226.9,-15002.2
1227,-14991.3
1227.1,-15003.4
1227.2,-15007.5
1227.3,-15008.3
1227.4,-14995.8
1227.5,-14997.2
1227.6,-14995.3
1227.7,-14999.4
1227.8,-15013.1
1227.9,-14999.7
1228,-14995
1228.1,-15004.2
1228.2,-15006.7
1228.3,-15000.2
1228.4,-15008.8
1228.5,-15001.6
1228.6,-15007.2
1228.7,-14999.1
1228.8,-14997
1228.9,-15001.1
1229,-15003.5
1229.1,-14995.1
1229.2,-14999.1
1229.3,-14997
1229.4,-14999.4
1229.5,-14997.3
1229.6,-15001.2
1229.7,-15000.7
1229.8,-14987.3
1229.9,-15000.9
1230,-14987.5
1230.1,-14996.6
1230.2,-15002
1230.3,-15004.3
1230.4,-14997
1230.5,-14994.8
1230.6,-15008.3
1230.7,-14990.4
1230.8,-15005.4
1230.9,-14998.1
1231,-14994.1
1231.1,-14993.6
1231.2,-14986.8
1231.3,-14990.6
1231.4,-14997.3
1231.5,-14993.3
1231.6,-14986.5
1231.7,-14996.5
1231.8,-14994.2
1231.9,-14991.9
1232,-14992.3
1232.1,-14993.3
1232.2,-14997
1232.3,-14994.6
1232.4,-14996.8
1232.5,-14998.9
1232.6,-15007.7
1232.7,-14995.7
1232.8,-14999.3
1232.9,-14993.6
1233,-14992.9
1233.1,-14997.7
1233.2,-14990.8
1233.3,-15002.3
1233.4,-14998
1233.5,-14994
1233.6,-15000.5
1233.7,-14993.6
1233.8,-14995.6
1233.9,-14988
1234,-14991.5
1234.1,-14998
1234.2,-14984.9
1234.3,-14998.1
1234.4,-15006.1
1234.5,-15003.6
1234.6,-15000.4
1234.7,-14987.2
1234.8,-15004.9
1234.9,-14986.6
1235,-14993
1235.1,-14993.1
1235.2,-14999.9
1235.3,-14995.7
1235.4,-14988.6
1235.5,-14995
1235.6,-15002.9
1235.7,-14995.7
1235.8,-14991.3
1235.9,-14994.9
1236,-14988.9
1236.1,-14992.5
1236.2,-15000.3
1236.3,-14995.9
1236.4,-14993.1
1236.5,-14988.9
1236.6,-14990.6
1236.7,-14995.7
1236.8,-14985.1
1236.9,-14982.4
1237,-14996.3
1237.1,-14990.3
1237.2,-14983.1
1237.3,-14984.8
1237.4,-14994.3
1237.5,-15002.1
1237.6,-14995.9
1237.7,-14987
1237.8,-14987.5
1237.9,-15004.9
1238,-14990.8
1238.1,-14992.5
1238.2,-14996.8
1238.3,-14987.9
1238.4,-14997.3
1238.5,-14999
1238.6,-14986.6
1238.7,-14994.3
1238.8,-14986.2
1238.9,-14992.9
1239,-15000.8
1239.1,-14990
1239.2,-14996
1239.3,-14999.1
1239.4,-14991
1239.5,-15002.2
1239.6,-14997.6
1239.7,-14988
1239.8,-14994.6
1239.9,-14997.6
1240,-14987.9
1240.1,-15005.1
1240.2,-14984.8
1240.3,-14986.2
1240.4,-15003.4
1240.5,-15000.3
1240.6,-14992.1
1240.7,-14991.9
1240.8,-15003
1240.9,-14978.1
1241,-14985.6
1241.1,-14986.9
1241.2,-14991
1241.3,-14989.7
1241.4,-15000.7
1241.5,-15002
1241.6,-15003.4
1241.7,-14993.5
1241.8,-14985.8
1241.9,-15002.8
1242,-14976.3
1242.1,-14997.8
1242.2,-14987.9
1242.3,-15000.4
1242.4,-14985.9
1242.5,-14987.2
1242.6,-14977.9
1242.7,-14988.1
1242.8,-14996.1
1242.9,-14991.2
1243,-15003
1243.1,-14978
1243.2,-14993.3
1243.3,-14997.4
1243.4,-15000.2
1243.5,-14985.7
1243.6,-14979
1243.7,-15002.1
1243.8,-14992.1
1243.9,-14987.1
1244,-14983.8
1244.1,-14983.3
1244.2,-14995
1244.3,-14986.7
1244.4,-14989.6
1244.5,-14990.7
1244.6,-14991.8
1244.7,-14989.5
1244.8,-14979.4
1244.9,-14985.6
1245,-14988.4
1245.1,-14987.9
1245.2,-14995
1245.3,-14992.6
1245.4,-14993.6
1245.5,-14988.6
1245.6,-14983.5
1245.7,-14983
1245.8,-14992.9
1245.9,-14991.2
1246,-14990.4
1246.1,-14979.2
1246.2,-14992.5
1246.3,-14991.9
1246.4,-14991
1246.5,-14993.7
1246.6,-14986.8
1246.7,-14986.1
1246.8,-14985.4
1246.9,-14980.3
1247,-14981.1
1247.1,-14986.5
1247.2,-14987.4
1247.3,-14991.2
1247.4,-14989.3
1247.5,-15005.8
1247.6,-14989.4
1247.7,-14982.4
1247.8,-14987.7
1247.9,-14990.2
1248,-15005.2
1248.1,-14979.7
1248.2,-14985
1248.3,-14986.9
1248.4,-14992.2
1248.5,-14986.8
1248.6,-14993.9
1248.7,-14988.5
1248.8,-14987.7
1248.9,-14989.6
1249,-14985.8
1249.1,-14991
1249.2,-14991.9
1249.3,-14991
1249.4,-14977.2
1249.5,-14987.4
1249.6,-14994.2
1249.7,-14993.2
1249.8,-14992.3
1249.9,-14995.9
1250,-14986
1250.1,-14991.1
1250.2,-14996.2
1250.3,-14995.2
1250.4,-14994.2
1250.5,-14993.3
1250.6,-14992.3
1250.7,-14977.1
1250.8,-14992.7
1250.9,-14985.7
1251,-14980.1
1251.1,-14990.3
1251.2,-14995.3
1251.3,-14994.3
1251.4,-14982
1251.5,-14976.5
1251.6,-14991.1
1251.7,-14991.6
1251.8,-14995
1251.9,-14984.2
1252,-14984.7
1252.1,-14993.2
1252.2,-14992.1
1252.3,-14990.9
1252.4,-14995.9
1252.5,-15000.8
1252.6,-14995.1
1252.7,-14987.9
1252.8,-14986.7
1252.9,-14985.5
1253,-14998.2
1253.1,-14995.2
1253.2,-14989.5
1253.3,-14992.8
1253.4,-14981
1253.5,-14990.4
1253.6,-14989.1
1253.7,-14993.9
1253.8,-14998.7
1253.9,-14975.7
1254,-14994.6
1254.1,-14993.3
1254.2,-14976.4
1254.3,-14975.1
1254.4,-14990.4
1254.5,-14987.5
1254.6,-15001.9
1254.7,-14984.8
1254.8,-14979
1254.9,-14988.2
1255,-14989.5
1255.1,-14990
1255.2,-14984.1
1255.3,-14992.3
1255.4,-14985.8
1255.5,-14991.6
1255.6,-14985.7
1255.7,-14992.1
1255.8,-14990.7
1255.9,-14979.9
1256,-14982.9
1256.1,-14990.9
1256.2,-14987.6
1256.3,-14980.1
1256.4,-14991
1256.5,-14986.1
1256.6,-14980.1
1256.7,-14984.7
1256.8,-14987.7
1256.9,-14990.6
1257,-14983.1
1257.1,-14981.5
1257.2,-14987.8
1257.3,-14978.4
1257.4,-14987.4
1257.5,-14990.3
1257.6,-14986.1
1257.7,-14984.5
1257.8,-14987.4
1257.9,-14982.4
1258,-14991.4
1258.1,-14993.1
1258.2,-14985.4
1258.3,-14988.3
1258.4,-14978.8
1258.5,-14986.1
1258.6,-14974.8
1258.7,-14987.3
1258.8,-14985.6
1258.9,-14982.4
1259,-14986.7
1259.1,-14973.8
1259.2,-14978.2
1259.3,-14990.6
1259.4,-14993.4
1259.5,-14990.1
1259.6,-14977.1
1259.7,-14985.9
1259.8,-14984.2
1259.9,-14980.8
1260,-14979.1
1260.1,-14986.3
1260.2,-14984.5
1260.3,-14974.8
1260.4,-14983.6
1260.5,-14988
1260.6,-14982.9
1260.7,-14981
1260.8,-14987
1260.9,-14981.8
1261,-14989
1261.1,-14969.8
1261.2,-14983.6
1261.3,-14981.8
1261.4,-14986.2
1261.5,-14987
1261.6,-14979.9
1261.7,-14987.6
1261.8,-14979.6
1261.9,-14976.1
1262,-14978.7
1262.1,-14987.3
1262.2,-14989.8
1262.3,-14981.8
1262.4,-14982.8
1262.5,-14965.1
1262.6,-14967.6
1262.7,-14985.8
1262.8,-14974.1
1262.9,-14986.2
1263,-14984.2
1263.1,-14969.4
1263.2,-14977
1263.3,-14965.3
1263.4,-14987.9
1263.5,-14968.6
1263.6,-14971
1263.7,-14978.6
1263.8,-14981
1263.9,-14978.9
1264,-14991.8
1264.1,-14983.6
1264.2,-14973.3
1264.3,-14971.1
1264.4,-14989.2
1264.5,-14991.5
1264.6,-14982.7
1264.7,-14978.9
1264.8,-14975.2
1264.9,-14977.5
1265,-14972
1265.1,-14974.3
1265.2,-14985.6
1265.3,-14977.3
1265.4,-14979.6
1265.5,-14971.3
1265.6,-14978
1265.7,-14969.1
1265.8,-14971.3
1265.9,-14983.2
1266,-14985.4
1266.1,-14981.6
1266.2,-14988.3
1266.3,-14970.3
1266.4,-14966.4
1266.5,-14982.7
1266.6,-14972.8
1266.7,-14979.5
1266.8,-14977.1
1266.9,-14983.8
1267,-14983.2
1267.1,-14969.9
1267.2,-14976.5
1267.3,-14968.1
1267.4,-14978
1267.5,-14978.3
1267.6,-14972.8
1267.7,-14981.2
1267.8,-14972.7
1267.9,-14994.9
1268,-14986.5
1268.1,-14977.3
1268.2,-14977.8
1268.3,-14985
1268.4,-14985.4
1268.5,-14976.9
1268.6,-14983.4
1268.7,-14989.9
1268.8,-14981.3
1268.9,-14979.1
1269,-14975
1269.1,-14981.5
1269.2,-14984.6
1269.3,-14985
1269.4,-14976.4
1269.5,-14984.6
1269.6,-14980.5
1269.7,-14979
1269.8,-14979.4
1269.9,-14981.3
1270,-14985
1270.1,-14979.3
1270.2,-14985.6
1270.3,-14982.6
1270.4,-14980
1270.5,-14980.3
1270.6,-14976
1270.7,-14982.6
1270.8,-14975.1
1270.9,-14980.2
1271,-14978.7
1271.1,-14980.5
1271.2,-14982.5
1271.3,-14987.3
1271.4,-14983
1271.5,-14974.2
1271.6,-14980.5
1271.7,-14972.8
1271.8,-14986.9
1271.9,-14981
1272,-14992.4
1272.1,-14976.9
1272.2,-14969.2
1272.3,-14985.9
1272.4,-14978.9
1272.5,-14994.7
1272.6,-14970.1
1272.7,-14974.8
1272.8,-14985.4
1272.9,-14981
1273,-14976.6
1273.1,-14986.4
1273.2,-14970.8
1273.3,-14992.6
1273.4,-14988.1
1273.5,-14974
1273.6,-14988.2
1273.7,-14983.8
1273.8,-14983.8
1273.9,-14979.3
1274,-14985.4
1274.1,-14980.9
1274.2,-14980.9
1274.3,-14979.3
1274.4,-14985.3
1274.5,-14974.8
1274.6,-14980.8
1274.7,-14969.5
1274.8,-14974
1274.9,-14967.9
1275,-14973.9
1275.1,-14985
1275.2,-14990.9
1275.3,-14975.1
1275.4,-14984
1275.5,-14984.6
1275.6,-14984.5
1275.7,-14994.9
1275.8,-14973
1275.9,-14978.9
1276,-14988.4
1276.1,-14968.1
1276.2,-14972.4
1276.3,-14976.7
1276.4,-14981
1276.5,-14988.4
1276.6,-14976.1
1276.7,-14975.9
1276.8,-14971.2
1276.9,-14980
1277,-14981.3
1277.1,-14968.7
1277.2,-14974.8
1277.3,-14974.5
1277.4,-14978.8
1277.5,-14978.5
1277.6,-14993.9
1277.7,-14976.1
1277.8,-14977.6
1277.9,-14974
1278,-14981.5
1278.1,-14992.3
1278.2,-14980.8
1278.3,-14986.5
1278.4,-14978.6
1278.5,-14973.8
1278.6,-14989.1
1278.7,-14973
1278.8,-14977.1
1278.9,-14987.3
1279,-14976.3
1279.1,-14969.9
1279.2,-14985.2
1279.3,-14973.6
1279.4,-14973.1
1279.5,-14981.4
1279.6,-14972.3
1279.7,-14992
1279.8,-14981
1279.9,-14989.5
1280,-14971.5
1280.1,-14977.1
1280.2,-14975.1
1280.3,-14976.4
1280.4,-14984.9
1280.5,-14970.5
1280.6,-14988.3
1280.7,-14979.9
1280.8,-14979.4
1280.9,-14983.3
1281,-14959.5
1281.1,-14985.2
1281.2,-14980.1
1281.3,-14968.3
1281.4,-14977.4
1281.5,-14970.1
1281.6,-14985.2
1281.7,-14983
1281.8,-14968.2
1281.9,-14976.6
1282,-14974.4
1282.1,-14973.8
1282.2,-14993.3
1282.3,-14970.9
1282.4,-14980.8
1282.5,-14976.8
1282.6,-14974.5
1282.7,-14977.2
1282.8,-14975
1282.9,-14978.7
1283,-14974.7
1283.1,-14975.7
1283.2,-14969
1283.3,-14982.4
1283.4,-14986.1
1283.5,-14968.2
1283.6,-14973.4
1283.7,-14982.3
1283.8,-14984.5
1283.9,-14982.1
1284,-14985.8
1284.1,-14980.5
1284.2,-14984.2
1284.3,-14975.8
1284.4,-14968.9
1284.5,-14977.1
1284.6,-14979.6
1284.7,-14972.7
1284.8,-14968.5
1284.9,-14973.9
1285,-14982
1285.1,-14978.1
1285.2,-14977.2
1285.3,-14968.4
1285.4,-14976.5
1285.5,-14986.4
1285.6,-14983.9
1285.7,-14969.1
1285.8,-14980.5
1285.9,-14973.5
1286,-14973.7
1286.1,-14975.7
1286.2,-14976.5
1286.3,-14975.5
1286.4,-14969.7
1286.5,-14981
1286.6,-14975.1
1286.7,-14974.1
1286.8,-14973.4
1286.9,-14976.8
1287,-14978.7
1287.1,-14978.8
1287.2,-14973.3
1287.3,-14983
1287.4,-14975.9
1287.5,-14977.8
1287.6,-14973.3
1287.7,-14970.7
1287.8,-14977.4
1287.9,-14979.3
1288,-14976.6
1288.1,-14978.5
1288.2,-14981.8
1288.3,-14974.6
1288.4,-14978
1288.5,-14967.4
1288.6,-14981.6
1288.7,-14974.4
1288.8,-14987.3
1288.9,-14974.9
1289,-14974.9
1289.1,-14972.1
1289.2,-14966.7
1289.3,-14970
1289.4,-14987.4
1289.5,-14964.4
1289.6,-14978.2
1289.7,-14969.4
1289.8,-14982.3
1289.9,-14979.4
1290,-14987.2
1290.1,-14974.7
1290.2,-14968.5
1290.3,-14978
1290.4,-14964.6
1290.5,-14972.3
1290.6,-14969.4
1290.7,-14973.7
1290.8,-14970.8
1290.9,-14977.3
1291,-14972.9
1291.1,-14974.5
1291.2,-14974.3
1291.3,-14979.2
1291.4,-14974.4
1291.5,-14976
1291.6,-14977.5
1291.7,-14983.6
1291.8,-14976.1
1291.9,-14973.2
1292,-14980.7
1292.1,-14962
1292.2,-14968
1292.3,-14980.7
1292.4,-14979.2
1292.5,-14965
1292.6,-14972.5
1292.7,-14972.5
1292.8,-14980.6
1292.9,-14982.1
1293,-14979
1293.1,-14970.8
1293.2,-14970.4
1293.3,-14967.3
1293.4,-14970.5
1293.5,-14993.6
1293.6,-14968.8
1293.7,-14976.2
1293.8,-14979.1
1293.9,-14970
1294,-14971.3
1294.1,-14968.2
1294.2,-14966.2
1294.3,-14969
1294.4,-14967.7
1294.5,-14974.2
1294.6,-14959.8
1294.7,-14961.1
1294.8,-14984.1
1294.9,-14974.9
1295,-14982.2
1295.1,-14977.4
1295.2,-14978.7
1295.3,-14984.5
1295.4,-14981.2
1295.5,-14977.9
1295.6,-14983.7
1295.7,-14972.9
1295.8,-14958.4
1295.9,-14976.8
1296,-14972
1296.1,-14963.5
1296.2,-14958.7
1296.3,-14974
1296.4,-14975.2
1296.5,-14977.9
1296.6,-14979
1296.7,-14969
1296.8,-14964.1
1296.9,-14974.9
1297,-14971.5
1297.1,-14972.7
1297.2,-14984.3
1297.3,-14963.7
1297.4,-14980.4
1297.5,-14971
1297.6,-14979.9
1297.7,-14971.6
1297.8,-14963
1297.9,-14968.6
1298,-14980.8
1298.1,-14975.8
1298.2,-14970.8
1298.3,-14976.3
1298.4,-14972.9
1298.5,-14979.9
1298.6,-14970.3
1298.7,-14983.7
1298.8,-14975.3
1298.9,-14965.7
1299,-14972.7
1299.1,-14973.7
1299.2,-14976.4
1299.3,-14981.9
1299.4,-14970.5
1299.5,-14977.7
1299.6,-14984.7
1299.7,-14971.7
1299.8,-14977.1
1299.9,-14967.5
1300,-14976.2
1300.1,-14971.1
1300.2,-14970.1
1300.3,-14975.4
1300.4,-14978.1
1300.5,-14968.4
1300.6,-14969.3
1300.7,-14974.6
1300.8,-14979.9
1300.9,-14977.4
1301,-14972.2
1301.1,-14980.8
1301.2,-14967.7
1301.3,-14980.9
1301.4,-14976.8
1301.5,-14963.4
1301.6,-14986.1
1301.7,-14980.9
1301.8,-14973.8
1301.9,-14983.5
1302,-14968.5
1302.1,-14964.7
1302.2,-14979.6
1302.3,-14963.1
1302.4,-14968.3
1302.5,-14963
1302.6,-14985.4
1302.7,-14970.3
1302.8,-14969.5
1302.9,-14968.6
1303,-14989.5
1303.1,-14963.9
1303.2,-14961.2
1303.3,-14966.3
1303.4,-14971.4
1303.5,-14967.8
1303.6,-14968.4
1303.7,-14969
1303.8,-14970.7
1303.9,-14977.6
1304,-14972.2
1304.1,-14982.4
1304.2,-14977
1304.3,-14970.8
1304.4,-14968
1304.5,-14981.5
1304.6,-14976
1304.7,-14975
1304.8,-14974
1304.9,-14979
1305,-14990
1305.1,-14974
1305.2,-14980.8
1305.3,-14975.2
1305.4,-14970.8
1305.5,-14971.3
1305.6,-14971.7
1305.7,-14978.5
1305.8,-14971.4
1305.9,-14971.8
1306,-14975.2
1306.1,-14972.2
1306.2,-14971.1
1306.3,-14971.5
1306.4,-14972.2
1306.5,-14972.2
1306.6,-14966.5
1306.7,-14980.7
1306.8,-14971.7
1306.9,-14982.9
1307,-14973.9
1307.1,-14970
1307.2,-14967
1307.3,-14967.3
1307.4,-14976.6
1307.5,-14958.1
1307.6,-14975.9
1307.7,-14972.9
1307.8,-14975
1307.9,-14974.9
1308,-14963.9
1308.1,-14973.8
1308.2,-14966.6
1308.3,-14965.3
1308.4,-14970
1308.5,-14979.2
1308.6,-14977.9
1308.7,-14972.1
1308.8,-14978.6
1308.9,-14973.9
1309,-14972.6
1309.1,-14972.7
1309.2,-14971.4
1309.3,-14977.8
1309.4,-14976.5
1309.5,-14971.7
1309.6,-14984.2
1309.7,-14978.3
1309.8,-14975.1
1309.9,-14972.1
1310,-14976.7
1310.1,-14969.3
1310.2,-14971.2
1310.3,-14972.4
1310.4,-14972.5
1310.5,-14974
1310.6,-14968
1310.7,-14974.4
1310.8,-14972.9
1310.9,-14965.1
1311,-14974.1
1311.1,-14977.1
1311.2,-14974.1
1311.3,-14972.6
1311.4,-14977
1311.5,-14980
1311.6,-14965.4
1311.7,-14965.7
1311.8,-14979.8
1311.9,-14962.6
1312,-14965.5
1312.1,-14966.6
1312.2,-14966.8
1312.3,-14965.2
1312.4,-14973.3
1312.5,-14976.2
1312.6,-14967.9
1312.7,-14967.8
1312.8,-14975.8
1312.9,-14978.7
1313,-14955.3
1313.1,-14978.3
1313.2,-14967
1313.3,-14965.3
1313.4,-14979.3
1313.5,-14976.1
1313.6,-14963.2
1313.7,-14971.2
1313.8,-14975.5
1313.9,-14973.8
1314,-14975
1314.1,-14967.3
1314.2,-14971.5
1314.3,-14977.6
1314.4,-14972.5
1314.5,-14975.2
1314.6,-14956.3
1314.7,-14965.7
1314.8,-14962.4
1314.9,-14965.1
1315,-14969.3
1315.1,-14971.9
1315.2,-14976.5
1315.3,-14968.6
1315.4,-14966.8
1315.5,-14989.6
1315.6,-14970.2
1315.7,-14968.4
1315.8,-14982.5
1315.9,-14980.6
1316,-14978.7
1316.1,-14970.2
1316.2,-14969.4
1316.3,-14973.5
1316.4,-14973.4
1316.5,-14970
1316.6,-14969.2
1316.7,-14965.8
1316.8,-14971.7
1316.9,-14972.4
1317,-14968.9
1317.1,-14979.3
1317.2,-14972.5
1317.3,-14970.5
1317.4,-14967
1317.5,-14959.8
1317.6,-14971.9
1317.7,-14968.4
1317.8,-14976.9
1317.9,-14974.9
1318,-14955.6
1318.1,-14964.1
1318.2,-14980.7
1318.3,-14972.6
1318.4,-14979.6
1318.5,-14977.5
1318.6,-14973.9
1318.7,-14967.8
1318.8,-14963
1318.9,-14975.1
1319,-14977.4
1319.1,-14984.3
1319.2,-14971
1319.3,-14962.8
1319.4,-14974.9
1319.5,-14971.2
1319.6,-14978
1319.7,-14958.7
1319.8,-14967
1319.9,-14976.3
1320,-14972.6
1320.1,-14968.9
1320.2,-14973.9
1320.3,-14973.5
1320.4,-14975.8
1320.5,-14964.2
1320.6,-14966.8
1320.7,-14969
1320.8,-14980.3
1320.9,-14970.2
1321,-14966.4
1321.1,-14974.9
1321.2,-14969.3
1321.3,-14970
1321.4,-14974
1321.5,-14976.2
1321.6,-14970.6
1321.7,-14973.1
1321.8,-14979.7
1321.9,-14963.5
1322,-14967.5
1322.1,-14978.7
1322.2,-14973
1322.3,-14973.6
1322.4,-14969.7
1322.5,-14965.8
1322.6,-14975.8
1322.7,-14968.5
1322.8,-14959.4
1322.9,-14971.2
1323,-14973.2
1323.1,-14963.3
1323.2,-14969.9
1323.3,-14976.4
1323.4,-14956.8
1323.5,-14974.5
1323.6,-14964.5
1323.7,-14965
1323.8,-14976
1323.9,-14973.5
1324,-14975.5
1324.1,-14976
1324.2,-14970.5
1324.3,-14966.5
1324.4,-14972.9
1324.5,-14974.9
1324.6,-14970.8
1324.7,-14971.3
1324.8,-14971.7
1324.9,-14967.6
1325,-14965
1325.1,-14965.4
1325.2,-14962.1
1325.3,-14956.5
1325.4,-14976
1325.5,-14976.3
1325.6,-14978.2
1325.7,-14970.7
1325.8,-14961.4
1325.9,-14966.2
1326,-14973.3
1326.1,-14957.9
1326.2,-14973.9
1326.3,-14964.5
1326.4,-14963.4
1326.5,-14974.9
1326.6,-14970.6
1326.7,-14970.9
1326.8,-14961.5
1326.9,-14966.3
1327,-14977.8
1327.1,-14972
1327.2,-14972.3
1327.3,-14962.8
1327.4,-14967.5
1327.5,-14958.8
1327.6,-14979.2
1327.7,-14974.9
1327.8,-14969.1
1327.9,-14958.1
1328,-14975.5
1328.1,-14981.7
1328.2,-14971.3
1328.3,-14970
1328.4,-14974.7
1328.5,-14965.8
1328.6,-14971.9
1328.7,-14972.1
1328.8,-14976.7
1328.9,-14970.8
1329,-14966.5
1329.1,-14974.4
1329.2,-14972.6
1329.3,-14972.7
1329.4,-14972.8
1329.5,-14966.9
1329.6,-14962.5
1329.7,-14961
1329.8,-14980.9
1329.9,-14973.1
1330,-14961.2
1330.1,-14964.5
1330.2,-14964.6
1330.3,-14970.6
1330.4,-14969.1
1330.5,-14967.2
1330.6,-14956.7
1330.7,-14970.5
1330.8,-14969
1330.9,-14969
1331,-14965.6
1331.1,-14971.5
1331.2,-14965.5
1331.3,-14965.4
1331.4,-14965.4
1331.5,-14968.3
1331.6,-14969.7
1331.7,-14964.4
1331.8,-14974
1331.9,-14972.4
1332,-14961.1
1332.1,-14972.2
1332.2,-14960.8
1332.3,-14962.2
1332.4,-14976.2
1332.5,-14964.9
1332.6,-14958.8
1332.7,-14964.6
1332.8,-14968.9
1332.9,-14978.4
1333,-14976.7
1333.1,-14954.9
1333.2,-14974.8
1333.3,-14964.9
1333.4,-14964.7
1333.5,-14957
1333.6,-14972.4
1333.7,-14966.2
1333.8,-14965.9
1333.9,-14970.2
1334,-14974.4
1334.1,-14968.2
1334.2,-14961.9
1334.3,-14966.1
1334.4,-14965.8
1334.5,-14970
1334.6,-14965.2
1334.7,-14966.7
1334.8,-14961.5
1334.9,-14969.1
1335,-14965.4
1335.1,-14966.9
1335.2,-14966.5
1335.3,-14964.7
1335.4,-14958.3
1335.5,-14966.9
1335.6,-14963.2
1335.7,-14970.6
1335.8,-14962.4
1335.9,-14968.3
1336,-14958.6
1336.1,-14967.1
1336.2,-14968.6
1336.3,-14964.8
1336.4,-14974.8
1336.5,-14966.9
1336.6,-14975.4
1336.7,-14969
1336.8,-14962.5
1336.9,-14974.4
1337,-14976.5
1337.1,-14968.5
1337.2,-14972.5
1337.3,-14966
1337.4,-14970
1337.5,-14974
1337.6,-14962.2
1337.7,-14975.9
1337.8,-14975.3
1337.9,-14957.6
1338,-14977.2
1338.1,-14963.9
1338.2,-14963.4
1338.3,-14967.3
1338.4,-14959.2
1338.5,-14963.1
1338.6,-14961
1338.7,-14964.9
1338.8,-14970.2
1338.9,-14968.1
1339,-14965.9
1339.1,-14956
1339.2,-14967.6
1339.3,-14961
1339.4,-14958.8
1339.5,-14972.4
1339.6,-14974.7
1339.7,-14968
1339.8,-14967.3
1339.9,-14975.6
1340,-14967.4
1340.1,-14965.2
1340.2,-14958.4
1340.3,-14970
1340.4,-14973.8
1340.5,-14969.7
1340.6,-14973.8
1340.7,-14968.2
1340.8,-14961.4
1340.9,-14971.5
1341,-14961.4
1341.1,-14971
1341.2,-14951.6
1341.3,-14965
1341.4,-14962.7
1341.5,-14966.3
1341.6,-14964
1341.7,-14976.6
1341.8,-14968.3
1341.9,-14961.5
1342,-14959.1
1342.1,-14967.2
1342.2,-14958.2
1342.3,-14973
1342.4,-14970.6
1342.5,-14968.2
1342.6,-14970.3
1342.7,-14956.7
1342.8,-14971.4
1342.9,-14959.3
1343,-14971.1
1343.1,-14968.7
1343.2,-14955
1343.3,-14962.3
1343.4,-14965.8
1343.5,-14958.1
1343.6,-14965.4
1343.7,-14967.4
1343.8,-14970.9
1343.9,-14968.4
1344,-14965.9
1344.1,-14973.8
1344.2,-14969.8
1344.3,-14973.3
1344.4,-14964.8
1344.5,-14968.2
1344.6,-14970.1
1344.7,-14968.4
1344.8,-14949.3
1344.9,-14962.4
1345,-14964.4
1345.1,-14967.8
1345.2,-14960
1345.3,-14954.4
1345.4,-14973.5
1345.5,-14969.4
1345.6,-14966.7
1345.7,-14968.6
1345.8,-14960.8
1345.9,-14967.8
1346,-14969.7
1346.1,-14971.5
1346.2,-14968.8
1346.3,-14953.5
1346.4,-14956.8
1346.5,-14954.1
1346.6,-14965.6
1346.7,-14961.4
1346.8,-14962.5
1346.9,-14971
1347,-14968.2
1347.1,-14964
1347.2,-14970.3
1347.3,-14972
1347.4,-14963.3
1347.5,-14966.5
1347.6,-14972.7
1347.7,-14964
1347.8,-14954.5
1347.9,-14967.4
1348,-14964.6
1348.1,-14966.3
1348.2,-14973.9
1348.3,-14968.2
1348.4,-14965.3
1348.5,-14962.5
1348.6,-14964.1
1348.7,-14965.8
1348.8,-14956.2
1348.9,-14963.1
1349,-14966.6
1349.1,-14961.8
1349.2,-14963.4
1349.3,-14969.5
1349.4,-14966.6
1349.5,-14962.2
1349.6,-14967.2
1349.7,-14959.4
1349.8,-14961
1349.9,-14973
1350,-14980.5
1350.1,-14976.1
1350.2,-14967.2
1350.3,-14967.2
1350.4,-14957.5
1350.5,-14959.1
1350.6,-14971.7
1350.7,-14951.6
1350.8,-14967.3
1350.9,-14973.3
1351,-14968.8
1351.1,-14960.5
1351.2,-14961.2
1351.3,-14967.2
1351.4,-14967.2
1351.5,-14958.1
1351.6,-14970
1351.7,-14951.2
1351.8,-14960.9
1351.9,-14971.3
1352,-14965.6
1352.1,-14963.6
1352.2,-14965
1352.3,-14970.9
1352.4,-14970.8
1352.5,-14961.7
1352.6,-14964.9
1352.7,-14970.8
1352.8,-14964.3
1352.9,-14970.1
1353,-14960.9
1353.1,-14956.3
1353.2,-14956.1
1353.3,-14957.4
1353.4,-14963.2
1353.5,-14964.5
1353.6,-14957.2
1353.7,-14963
1353.8,-14958.3
1353.9,-14960.7
1354,-14959.3
1354.1,-14962
1354.2,-14961.8
1354.3,-14961.6
1354.4,-14967.3
1354.5,-14967
1354.6,-14968.2
1354.7,-14961.6
1354.8,-14969.2
1354.9,-14968.9
1355,-14965.2
1355.1,-14966.4
1355.2,-14967.6
1355.3,-14953
1355.4,-14972.9
1355.5,-14950.9
1355.6,-14963.2
1355.7,-14962.9
1355.8,-14948.3
1355.9,-14964.4
1356,-14964.1
1356.1,-14974.9
1356.2,-14968.5
1356.3,-14969.6
1356.4,-14951.6
1356.5,-14953.1
1356.6,-14969.9
1356.7,-14963.5
1356.8,-14958.6
1356.9,-14970.1
1357,-14958.4
1357.1,-14953.5
1357.2,-14970.6
1357.3,-14957.8
1357.4,-14963.3
1357.5,-14953.1
1357.6,-14958.6
1357.7,-14963.3
1357.8,-14964.7
1357.9,-14959.7
1358,-14955.8
1358.1,-14970.6
1358.2,-14957.7
1358.3,-14965
1358.4,-14958.5
1358.5,-14958
1358.6,-14964.6
1358.7,-14967.4
1358.8,-14964.9
1358.9,-14958.4
1359,-14957.8
1359.1,-14967.7
1359.2,-14967.1
1359.3,-14962
1359.4,-14951.6
1359.5,-14966.7
1359.6,-14969.1
1359.7,-14964
1359.8,-14964.8
1359.9,-14968.6
1360,-14958.3
1360.1,-14956.1
1360.2,-14966.6
1360.3,-14950.3
1360.4,-14969.8
1360.5,-14948.9
1360.6,-14955.3
1360.7,-14958
1360.8,-14967
1360.9,-14972.2
1361,-14960.3
1361.1,-14964.1
1361.2,-14962.9
1361.3,-14959.5
1361.4,-14958.8
1361.5,-14962.5
1361.6,-14958.4
1361.7,-14965.4
1361.8,-14954.2
1361.9,-14953.4
1362,-14957.1
1362.1,-14954.8
1362.2,-14971.2
1362.3,-14970.3
1362.4,-14947.8
1362.5,-14967.2
1362.6,-14960.4
1362.7,-14959.5
1362.8,-14972.5
1362.9,-14963.8
1363,-14961.4
1363.1,-14965.1
1363.2,-14958.2
1363.3,-14957.3
1363.4,-14966.9
1363.5,-14970.5
1363.6,-14963.6
1363.7,-14971.7
1363.8,-14966.2
1363.9,-14965.3
1364,-14962.9
1364.1,-14956.7
1364.2,-14960.2
1364.3,-14969
1364.4,-14966.5
1364.5,-14949.9
1364.6,-14959.3
1364.7,-14955
1364.8,-14955.9
1364.9,-14964.6
1365,-14952.4
1365.1,-14967
1365.2,-14965.3
1365.3,-14953.8
1365.4,-14957.2
1365.5,-14965.9
1365.6,-14969.3
1365.7,-14949.2
1365.8,-14960.5
1365.9,-14965.4
1366,-14952.4
1366.1,-14955.8
1366.2,-14963.7
1366.3,-14952.1
1366.4,-14961.4
1366.5,-14966.3
1366.6,-14963.7
1366.7,-14957.7
1366.8,-14958.4
1366.9,-14952.8
1367,-14956.1
1367.1,-14958
1367.2,-14955.3
1367.3,-14969.8
1367.4,-14958.2
1367.5,-14961.5
1367.6,-14970.7
1367.7,-14952.4
1367.8,-14969.9
1367.9,-14962.7
1368,-14970.5
1368.1,-14969.2
1368.2,-14961.3
1368.3,-14952.6
1368.4,-14971.5
1368.5,-14964.3
1368.6,-14967.5
1368.7,-14953.6
1368.8,-14962.7
1368.9,-14969.7
1369,-14951.2
1369.1,-14959.7
1369.2,-14967.3
1369.3,-14954.8
1369.4,-14953.5
1369.5,-14950.7
1369.6,-14947.9
1369.7,-14965.2
1369.8,-14957.2
1369.9,-14955.8
1370,-14954.4
1370.1,-14951.6
1370.2,-14953.2
1370.3,-14956.3
1370.4,-14969.1
1370.5,-14950.6
1370.6,-14955.1
1370.7,-14950.8
1370.8,-14958.3
1370.9,-14962.1
1371,-14948
1371.1,-14972.7
1371.2,-14960
1371.3,-14961.6
1371.4,-14948.2
1371.5,-14951.2
1371.6,-14969.9
1371.7,-14966.9
1371.8,-14968.5
1371.9,-14970
1372,-14946.8
1372.1,-14964
1372.2,-14961
1372.3,-14952.8
1372.4,-14954.3
1372.5,-14951.3
1372.6,-14958
1372.7,-14960.9
1372.8,-14968.3
1372.9,-14958.6
1373,-14951
1373.1,-14962.2
1373.2,-14959.1
1373.3,-14962
1373.4,-14952.3
1373.5,-14961.1
1373.6,-14963.2
1373.7,-14964.6
1373.8,-14966
1373.9,-14947.2
1374,-14959.8
1374.1,-14952.8
1374.2,-14948.2
1374.3,-14959.3
1374.4,-14945
1374.5,-14957.5
1374.6,-14960.3
1374.7,-14963.1
1374.8,-14964.4
1374.9,-14964.3
1375,-14962.5
1375.1,-14959.3
1375.2,-14960.6
1375.3,-14947.7
1375.4,-14964.6
1375.5,-14955.4
1375.6,-14964.5
1375.7,-14953.4
1375.8,-14960.7
1375.9,-14952.2
1376,-14967.6
1376.1,-14964.4
1376.2,-14961.1
1376.3,-14946.6
1376.4,-14953.8
1376.5,-14965.4
1376.6,-14948.3
1376.7,-14952.8
1376.8,-14954
1376.9,-14961.1
1377,-14953
1377.1,-14951.5
1377.2,-14974.3
1377.3,-14953.8
1377.4,-14955
1377.5,-14948.2
1377.6,-14957.2
1377.7,-14953.8
1377.8,-14970.6
1377.9,-14950.1
1378,-14955.7
1378.1,-14947.7
1378.2,-14954.8
1378.3,-14949.9
1378.4,-14965.2
1378.5,-14966.3
1378.6,-14947.1
1378.7,-14963.8
1378.8,-14955.1
1378.9,-14965.9
1379,-14961
1379.1,-14962
1379.2,-14964.4
1379.3,-14959.5
1379.4,-14966.4
1379.5,-14955.5
1379.6,-14956.5
1379.7,-14960.8
1379.8,-14966.3
1379.9,-14959.4
1380,-14960.3
1380.1,-14970.3
1380.2,-14960.8
1380.3,-14961.7
1380.4,-14946.9
1380.5,-14952.3
1380.6,-14963.7
1380.7,-14948.2
1380.8,-14949.1
1380.9,-14965.7
1381,-14955.4
1381.1,-14948.4
1381.2,-14959.7
1381.3,-14954.6
1381.4,-14957.3
1381.5,-14948.9
1381.6,-14960.2
1381.7,-14956.5
1381.8,-14959.2
1381.9,-14948.1
1382,-14949
1382.1,-14958.8
1382.2,-14949.1
1382.3,-14952.5
1382.4,-14949.2
1382.5,-14954.5
1382.6,-14955.3
1382.7,-14950.1
1382.8,-14966.5
1382.9,-14951.6
1383,-14966.5
1383.1,-14961.3
1383.2,-14946.4
1383.3,-14956.8
1383.4,-14962
1383.5,-14962.7
1383.6,-14944.8
1383.7,-14956.7
1383.8,-14951.4
1383.9,-14965.9
1384,-14957.3
1384.1,-14968.4
1384.2,-14946
1384.3,-14960.9
1384.4,-14961.5
1384.5,-14956.2
1384.6,-14965.8
1384.7,-14955.2
1384.8,-14945.4
1384.9,-14944.6
1385,-14959.4
1385.1,-14964.5
1385.2,-14958.4
1385.3,-14946.6
1385.4,-14949.1
1385.5,-14948.2
1385.6,-14973.4
1385.7,-14952.3
1385.8,-14945
1385.9,-14957.9
1386,-14946.5
1386.1,-14956.1
1386.2,-14947.3
1386.3,-14955.6
1386.4,-14954.7
1386.5,-14959.7
1386.6,-14952.8
1386.7,-14951.8
1386.8,-14941.8
1386.9,-14962.5
1387,-14951.8
1387.1,-14960.5
1387.2,-14949.8
1387.3,-14958.5
1387.4,-14954.4
1387.5,-14963.8
1387.6,-14942.6
1387.7,-14955.8
1387.8,-14964.1
1387.9,-14963
1388,-14957.5
1388.1,-14962.3
1388.2,-14959.4
1388.3,-14956.8
1388.4,-14955.8
1388.5,-14962.5
1388.6,-14953.6
1388.7,-14952.4
1388.8,-14967.7
1388.9,-14956.2
1389,-14959.5
1389.1,-14961.7
1389.2,-14957.3
1389.3,-14940.4
1389.4,-14945.2
1389.5,-14955.2
1389.6,-14958.6
1389.7,-14957.4
1389.8,-14951
1389.9,-14945.3
1390,-14950
1390.1,-14963.1
1390.2,-14941.6
1390.3,-14949.4
1390.4,-14949.6
1390.5,-14958.2
1390.6,-14947.2
1390.7,-14967.6
1390.8,-14949.2
1390.9,-14943.4
1391,-14942.1
1391.1,-14961.1
1391.2,-14959.8
1391.3,-14963
1391.4,-14951.3
1391.5,-14950
1391.6,-14959.1
1391.7,-14957.8
1391.8,-14950.5
1391.9,-14952.2
1392,-14952.3
1392.1,-14955.5
1392.2,-14954.2
1392.3,-14947.6
1392.4,-14954.5
1392.5,-14953.1
1392.6,-14956.3
1392.7,-14950.4
1392.8,-14953.5
1392.9,-14951.3
1393,-14959.7
1393.1,-14966.1
1393.2,-14956.8
1393.3,-14959.9
1393.4,-14947.3
1393.5,-14961.5
1393.6,-14958.7
1393.7,-14951.3
1393.8,-14968.1
1393.9,-14957.3
1394,-14935.7
1394.1,-14960.3
1394.2,-14958.8
1394.3,-14955.9
1394.4,-14957.5
1394.5,-14957.4
1394.6,-14960.4
1394.7,-14964.8
1394.8,-14961.8
1394.9,-14943.1
1395,-14957.3
1395.1,-14949.8
1395.2,-14958.7
1395.3,-14947.4
1395.4,-14960
1395.5,-14952.5
1395.6,-14958.8
1395.7,-14947.9
1395.8,-14941.1
1395.9,-14953.7
1396,-14955.2
1396.1,-14947.6
1396.2,-14946
1396.3,-14953.3
1396.4,-14946.5
1396.5,-14941.9
1396.6,-14956
1396.7,-14960.7
1396.8,-14959
1396.9,-14954
1397,-14945.7
1397.1,-14947.8
1397.2,-14944.6
1397.3,-14955.3
1397.4,-14950.2
1397.5,-14941.8
1397.6,-14955.8
1397.7,-14956
1397.8,-14952.8
1397.9,-14954.1
1398,-14955
1398.1,-14951.8
1398.2,-14950
1398.3,-14954.6
1398.4,-14957.4
1398.5,-14958.7
1398.6,-14950.9
1398.7,-14949.1
1398.8,-14949.9
1398.9,-14954.5
1399,-14946.5
1399.1,-14952.5
1399.2,-14950.6
1399.3,-14953.3
1399.4,-14956
1399.5,-14961.7
1399.6,-14950.5
1399.7,-14947.2
1399.8,-14949.9
1399.9,-14952.5
1400,-14959.6
1400.1,-14960.8
1400.2,-14952.9
1400.3,-14960
1400.4,-14956.7
1400.5,-14959.2
1400.6,-14944.7
1400.7,-14957
1400.8,-14943.2
1400.9,-14950.2
1401,-14946.9
1401.1,-14944.1
1401.2,-14960.9
1401.3,-14947.1
1401.4,-14961.9
1401.5,-14944.7
1401.6,-14951.7
1401.7,-14954.2
1401.8,-14958.6
1401.9,-14955.2
1402,-14948.4
1402.1,-14949.4
1402.2,-14955.2
1402.3,-14954.3
1402.4,-14940.4
1402.5,-14955.2
1402.6,-14946.9
1402.7,-14952.7
1402.8,-14949.2
1402.9,-14951.6
1403,-14952.6
1403.1,-14958
1403.2,-14951.1
1403.3,-14947.6
1403.4,-14944
1403.5,-14950.9
1403.6,-14951.9
1403.7,-14952.8
1403.8,-14949.2
1403.9,-14959.4
1404,-14955.8
1404.1,-14943.6
1404.2,-14964.7
1404.3,-14950.6
1404.4,-14951.5
1404.5,-14953.8
1404.6,-14959.2
1404.7,-14950.3
1404.8,-14940.7
1404.9,-14958.7
1405,-14953.6
1405.1,-14938.7
1405.2,-14951.4
1405.3,-14957.5
1405.4,-14952.3
1405.5,-14953.2
1405.6,-14954
1405.7,-14939
1405.8,-14957
1405.9,-14947.3
1406,-14955.9
1406.1,-14956.7
1406.2,-14954.1
1406.3,-14950.3
1406.4,-14954.4
1406.5,-14950.7
1406.6,-14951.4
1406.7,-14955.2
1406.8,-14948.1
1406.9,-14958
1407,-14950.9
1407.1,-14945.7
1407.2,-14950.9
1407.3,-14945.6
1407.4,-14952.2
1407.5,-14948.4
1407.6,-14939.3
1407.7,-14954.2
1407.8,-14939.2
1407.9,-14957.4
1408,-14956.1
1408.1,-14950.8
1408.2,-14941.7
1408.3,-14946.8
1408.4,-14937
1408.5,-14947.3
1408.6,-14947.9
1408.7,-14938.8
1408.8,-14943.9
1408.9,-14960.1
1409,-14939.1
1409.1,-14950.8
1409.2,-14961.8
1409.3,-14951.2
1409.4,-14947.2
1409.5,-14941.8
1409.6,-14942.3
1409.7,-14952.6
1409.8,-14946.4
1409.9,-14948.4
1410,-14958.6
1410.1,-14948.7
1410.2,-14947.8
1410.3,-14958.7
1410.4,-14948
1410.5,-14948.4
1410.6,-14952.7
1410.7,-14942
1410.8,-14962.6
1410.9,-14957.1
1411,-14941.9
1411.1,-14942.3
1411.2,-14936.8
1411.3,-14951.5
1411.4,-14940.7
1411.5,-14939.7
1411.6,-14940.1
1411.7,-14946.4
1411.8,-14956.5
1411.9,-14939.8
1412,-14954.4
1412.1,-14950.3
1412.2,-14955.1
1412.3,-14942.3
1412.4,-14943.2
1412.5,-14953.3
1412.6,-14937.9
1412.7,-14953.9
1412.8,-14958.7
1412.9,-14940
1413,-14957.9
1413.1,-14952.3
1413.2,-14951.1
1413.3,-14940.2
1413.4,-14946.4
1413.5,-14946.7
1413.6,-14956.7
1413.7,-14949.6
1413.8,-14954.4
1413.9,-14953.2
1414,-14948.1
1414.1,-14936.5
1414.2,-14955.5
1414.3,-14949.8
1414.4,-14954.5
1414.5,-14942.1
1414.6,-14946.8
1414.7,-14941
1414.8,-14935.3
1414.9,-14960.2
1415,-14943.2
1415.1,-14947.9
1415.2,-14957.8
1415.3,-14956.5
1415.4,-14955.2
1415.5,-14958.4
1415.6,-14958.5
1415.7,-14952.7
1415.8,-14957.3
1415.9,-14940.3
1416,-14943.5
1416.1,-14953.4
1416.2,-14952
1416.3,-14952.1
1416.4,-14941
1416.5,-14944.1
1416.6,-14952.5
1416.7,-14946.7
1416.8,-14951.2
1416.9,-14949.8
1417,-14938.7
1417.1,-14948.4
1417.2,-14947
1417.3,-14941.1
1417.4,-14945.6
1417.5,-14959.1
1417.6,-14942
1417.7,-14956.3
1417.8,-14950.3
1417.9,-14953.4
1418,-14951.9
1418.1,-14945.2
1418.2,-14949.6
1418.3,-14943.7
1418.4,-14946.7
1418.5,-14949.7
1418.6,-14948.2
1418.7,-14942.2
1418.8,-14940.7
1418.9,-14953.4
1419,-14936.2
1419.1,-14945.1
1419.2,-14943.6
1419.3,-14937.5
1419.4,-14956.2
1419.5,-14938.9
1419.6,-14946.4
1419.7,-14950
1419.8,-14938.7
1419.9,-14958.7
1420,-14940
1420.1,-14948.2
1420.2,-14942.1
1420.3,-14952.8
1420.4,-14938.9
1420.5,-14958.1
1420.6,-14944.6
1420.7,-14943
1420.8,-14949.2
1420.9,-14947.5
1421,-14938
1421.1,-14951.3
1421.2,-14943.7
1421.3,-14949.9
1421.4,-14952.7
1421.5,-14943.2
1421.6,-14946
1421.7,-14959.2
1421.8,-14951.6
1421.9,-14943.9
1422,-14956
1422.1,-14945
1422.2,-14947.7
1422.3,-14957.8
1422.4,-14954.7
1422.5,-14947
1422.6,-14949.7
1422.7,-14936.8
1422.8,-14940.9
1422.9,-14939.1
1423,-14957.5
1423.1,-14954.3
1423.2,-14941.3
1423.3,-14955.2
1423.4,-14957.9
1423.5,-14950.2
1423.6,-14946.9
1423.7,-14949.6
1423.8,-14943.2
1423.9,-14953.8
1424,-14954.5
1424.1,-14951.2
1424.2,-14947.9
1424.3,-14952.5
1424.4,-14950.6
1424.5,-14953.2
1424.6,-14953.9
1424.7,-14944.6
1424.8,-14945.8
1424.9,-14948.4
1425,-14946.5
1425.1,-14956.9
1425.2,-14935.9
1425.3,-14948.3
1425.4,-14950.8
1425.5,-14950.8
1425.6,-14945.5
1425.7,-14952.6
1425.8,-14939.4
1425.9,-14951.7
1426,-14943.8
1426.1,-14946.3
1426.2,-14942.9
1426.3,-14955.8
1426.4,-14942.6
1426.5,-14944.4
1426.6,-14946.9
1426.7,-14949.4
1426.8,-14950.4
1426.9,-14938.6
1427,-14935.1
1427.1,-14947.4
1427.2,-14949.8
1427.3,-14946.3
1427.4,-14937.6
1427.5,-14960.2
1427.6,-14952.2
1427.7,-14953.2
1427.8,-14949.6
1427.9,-14956.5
1428,-14948.5
1428.1,-14961.3
1428.2,-14951.8
1428.3,-14932.6
1428.4,-14938
1428.5,-14951.6
1428.6,-14953.9
1428.7,-14956.3
1428.8,-14935.6
1428.9,-14952.2
1429,-14948.6
1429.1,-14940.5
1429.2,-14948.7
1429.3,-14955.5
1429.4,-14934.8
1429.5,-14942.3
1429.6,-14952.5
1429.7,-14947.4
1429.8,-14952.3
1429.9,-14943.3
1430,-14950.9
1430.1,-14955
1430.2,-14951.4
1430.3,-14952.2
1430.4,-14951.1
1430.5,-14948.8
1430.6,-14947
1430.7,-14947.8
1430.8,-14950
1430.9,-14943
1431,-14949.7
1431.1,-14934.7
1431.2,-14946.7
1431.3,-14947.4
1431.4,-14943.7
1431.5,-14948.9
1431.6,-14951.1
1431.7,-14959.1
1431.8,-14949.5
1431.9,-14954.7
1432,-14944.2
1432.1,-14941.8
1432.2,-14938
1432.3,-14948.5
1432.4,-14949.2
1432.5,-14934.2
1432.6,-14946
1432.7,-14932.4
1432.8,-14948.8
1432.9,-14927.8
1433,-14944.2
1433.1,-14940.3
1433.2,-14940.9
1433.3,-14937.1
1433.4,-14943.6
1433.5,-14948.7
1433.6,-14942.2
1433.7,-14948.8
1433.8,-14938.9
1433.9,-14939.5
1434,-14948.6
1434.1,-14943.3
1434.2,-14945.8
1434.3,-14941.8
1434.4,-14945
1434.5,-14945.5
1434.6,-14940.8
1434.7,-14942.1
1434.8,-14942.6
1434.9,-14949.6
1435,-14942.3
1435.1,-14933
1435.2,-14939.4
1435.3,-14929.5
1435.4,-14953.5
1435.5,-14950.7
1435.6,-14949.7
1435.7,-14935.9
1435.8,-14936.4
1435.9,-14948.1
1436,-14947.1
1436.1,-14947.6
1436.2,-14927.8
1436.3,-14954.3
1436.4,-14948.9
1436.5,-14943.4
1436.6,-14943.8
1436.7,-14952
1436.8,-14947.9
1436.9,-14950.9
1437,-14935
1437.1,-14941.8
1437.2,-14946.7
1437.3,-14947.1
1437.4,-14953.3
1437.5,-14939.9
1437.6,-14948.1
1437.7,-14951.6
1437.8,-14944.1
1437.9,-14946.3
1438,-14942.2
1438.1,-14939.1
1438.2,-14944
1438.3,-14938.3
1438.4,-14940.6
1438.5,-14938.9
1438.6,-14945.7
1438.7,-14948.5
1438.8,-14942.9
1438.9,-14932.7
1439,-14945.4
1439.1,-14945.6
1439.2,-14947
1439.3,-14942.8
1439.4,-14944.9
1439.5,-14935.9
1439.6,-14944
1439.7,-14934.9
1439.8,-14948.9
1439.9,-14936.8
1440,-14943.4
1440.1,-14937.7
1440.2,-14946.9
1440.3,-14943.7
1440.4,-14943.9
1440.5,-14928.4
1440.6,-14948.7
1440.7,-14947.5
1440.8,-14930.5
1440.9,-14930.7
1441,-14935.3
1441.1,-14949.7
1441.2,-14938
1441.3,-14942.6
1441.4,-14936.8
1441.5,-14936.9
1441.6,-14952
1441.7,-14946.7
1441.8,-14937.5
1441.9,-14945.4
1442,-14939.6
1442.1,-14939.7
1442.2,-14940.9
1442.3,-14947.4
1442.4,-14941.5
1442.5,-14940.1
1442.6,-14934.3
1442.7,-14949.2
1442.8,-14940
1442.9,-14941.9
1443,-14957.6
1443.1,-14950.3
1443.2,-14950.3
1443.3,-14943.6
1443.4,-14952.6
1443.5,-14946.7
1443.6,-14940.7
1443.7,-14943.8
1443.8,-14942.3
1443.9,-14938.9
1444,-14943.4
1444.1,-14945.3
1444.2,-14937.9
1444.3,-14939
1444.4,-14942
1444.5,-14941.9
1444.6,-14941.8
1444.7,-14944.8
1444.8,-14943.3
1444.9,-14946.3
1445,-14940.3
1445.1,-14940.1
1445.2,-14949
1445.3,-14947.5
1445.4,-14940
1445.5,-14944.4
1445.6,-14938.3
1445.7,-14931.4
1445.8,-14945.6
1445.9,-14956.3
1446,-14939.8
1446.1,-14938.2
1446.2,-14939.2
1446.3,-14940.9
1446.4,-14930.1
1446.5,-14937.5
1446.6,-14941.8
1446.7,-14940.1
1446.8,-14934
1446.9,-14942.8
1447,-14939.7
1447.1,-14938
1447.2,-14944.2
1447.3,-14942.6
1447.4,-14937.5
1447.5,-14930.6
1447.6,-14942
1447.7,-14944.8
1447.8,-14943.1
1447.9,-14938.1
1448,-14942.3
1448.1,-14951
1448.2,-14938.8
1448.3,-14939
1448.4,-14934
1448.5,-14950.5
1448.6,-14948.7
1448.7,-14947
1448.8,-14945.2
1448.9,-14929.7
1449,-14936.9
1449.1,-14945.6
1449.2,-14937.9
1449.3,-14952.4
1449.4,-14933.5
1449.5,-14941.5
1449.6,-14944.2
1449.7,-14926.6
1449.8,-14935.2
1449.9,-14947.7
1450,-14944.5
1450.1,-14947.1
1450.2,-14945.3
1450.3,-14943.4
1450.4,-14952
1450.5,-14942.8
1450.6,-14939.5
1450.7,-14937.6
1450.8,-14943.6
1450.9,-14944.3
1451,-14941
1451.1,-14927.9
1451.2,-14940.2
1451.3,-14941.7
1451.4,-14938.3
1451.5,-14940.9
1451.6,-14925.8
1451.7,-14941.5
1451.8,-14944.1
1451.9,-14936.2
1452,-14943.3
1452.1,-14941.3
1452.2,-14940.5
1452.3,-14937.1
1452.4,-14939.6
1452.5,-14931.7
1452.6,-14938.8
1452.7,-14925.6
1452.8,-14933.9
1452.9,-14935.8
1453,-14946.1
1453.1,-14947.2
1453.2,-14930.7
1453.3,-14950.2
1453.4,-14932.5
1453.5,-14944.7
1453.6,-14941.2
1453.7,-14942.3
1453.8,-14944.7
1453.9,-14932.8
1454,-14945
1454.1,-14952
1454.2,-14932.8
1454.3,-14946.4
1454.4,-14942.8
1454.5,-14925
1454.6,-14947.6
1454.7,-14938.2
1454.8,-14948.4
1454.9,-14937
1455,-14942.7
1455.1,-14941.7
1455.2,-14936.8
1455.3,-14939.1
1455.4,-14935.5
1455.5,-14945.7
1455.6,-14938.8
1455.7,-14947
1455.8,-14942
1455.9,-14933.9
1456,-14930.3
1456.1,-14940.4
1456.2,-14933.4
1456.3,-14940.2
1456.4,-14941.1
1456.5,-14946.7
1456.6,-14937.2
1456.7,-14936.1
1456.8,-14942.8
1456.9,-14939.1
1457,-14938.8
1457.1,-14941
1457.2,-14946.4
1457.3,-14940.7
1457.4,-14944.9
1457.5,-14939.2
1457.6,-14937.5
1457.7,-14944.2
1457.8,-14937.1
1457.9,-14943.8
1458,-14940.1
1458.1,-14946.7
1458.2,-14943
1458.3,-14943.7
1458.4,-14944.5
1458.5,-14951.1
1458.6,-14948.7
1458.7,-14943.6
1458.8,-14938.4
1458.9,-14939.1
1459,-14943.2
1459.1,-14937.4
1459.2,-14944
1459.3,-14938.8
1459.4,-14939.5
1459.5,-14948
1459.6,-14936.4
1459.7,-14940.4
1459.8,-14939.1
1459.9,-14933.9
1460,-14937.9
1460.1,-14934
1460.2,-14934.6
1460.3,-14935.3
1460.4,-14933.9
1460.5,-14939.1
1460.6,-14937.1
1460.7,-14937.7
1460.8,-14931.9
1460.9,-14937
1461,-14942.1
1461.1,-14938.2
1461.2,-14942.1
1461.3,-14939.3
1461.4,-14941.8
1461.5,-14940.4
1461.6,-14926.7
1461.7,-14937
1461.8,-14931.7
1461.9,-14932.2
1462,-14943.1
1462.1,-14945
1462.2,-14929.9
1462.3,-14940.2
1462.4,-14940.7
1462.5,-14935.3
1462.6,-14937.2
1462.7,-14926.5
1462.8,-14928.3
1462.9,-14944.5
1463,-14927.9
1463.1,-14939.5
1463.2,-14929.6
1463.3,-14940.4
1463.4,-14940.9
1463.5,-14947.8
1463.6,-14934.5
1463.7,-14934.9
1463.8,-14941.2
1463.9,-14925.9
1464,-14936.1
1464.1,-14939.6
1464.2,-14935.5
1464.3,-14940.4
1464.4,-14930.4
1464.5,-14941.2
1464.6,-14940.2
1464.7,-14942.5
1464.8,-14935
1464.9,-14943.2
1465,-14935.7
1465.1,-14945
1465.2,-14940.9
1465.3,-14937.3
1465.4,-14943.5
1465.5,-14930
1465.6,-14934.9
1465.7,-14936.5
1465.8,-14943.3
1465.9,-14931.8
1466,-14932.1
1466.1,-14936.9
1466.2,-14938.3
1466.3,-14940
1466.4,-14938.8
1466.5,-14941
1466.6,-14939.9
1466.7,-14936.8
1466.8,-14942.9
1466.9,-14943.2
1467,-14936.1
1467.1,-14940.8
1467.2,-14924
1467.3,-14924.2
1467.4,-14945.9
1467.5,-14934.9
1467.6,-14929.2
1467.7,-14943.7
1467.8,-14938
1467.9,-14938.2
1468,-14942.8
1468.1,-14941.6
1468.2,-14940.4
1468.3,-14942.5
1468.4,-14934.8
1468.5,-14934.9
1468.6,-14939.5
1468.7,-14942.8
1468.8,-14940.1
1468.9,-14937.7
1469,-14934.4
1469.1,-14933.2
1469.2,-14927.9
1469.3,-14936.4
1469.4,-14935.1
1469.5,-14929.3
1469.6,-14939.8
1469.7,-14938.5
1469.8,-14931.8
1469.9,-14941.7
1470,-14935.8
1470.1,-14939
1470.2,-14939
1470.3,-14942.1
1470.4,-14932.4
1470.5,-14930.4
1470.6,-14934.9
1470.7,-14941.4
1470.8,-14942.5
1470.9,-14936.6
1471,-14947
1471.1,-14939.7
1471.2,-14938.3
1471.3,-14936.9
1471.4,-14945.8
1471.5,-14924.2
1471.6,-14928.6
1471.7,-14927.2
1471.8,-14941.4
1471.9,-14933.3
1472,-14927.3
1472.1,-14931.7
1472.2,-14928.9
1472.3,-14927.4
1472.4,-14925.9
1472.5,-14940.1
1472.6,-14944.5
1472.7,-14927.3
1472.8,-14935.6
1472.9,-14933.3
1473,-14932.6
1473.1,-14931
1473.2,-14939.9
1473.3,-14922.6
1473.4,-14925.6
1473.5,-14935.2
1473.6,-14935.6
1473.7,-14934.1
1473.8,-14930.5
1473.9,-14939.4
1474,-14940.9
1474.1,-14934.8
1474.2,-14941.1
1474.3,-14944
1474.4,-14939
1474.5,-14926.2
1474.6,-14935.8
1474.7,-14936.1
1474.8,-14937
1474.9,-14934
1475,-14927.1
1475.1,-14941.1
1475.2,-14934.9
1475.3,-14937.8
1475.4,-14940.6
1475.5,-14927.8
1475.6,-14926.1
1475.7,-14925.8
1475.8,-14922.7
1475.9,-14919.6
1476,-14922.4
1476.1,-14926.6
1476.2,-14940.6
1476.3,-14923.2
1476.4,-14941.6
1476.5,-14922.8
1476.6,-14930.1
1476.7,-14934.2
1476.8,-14926.6
1476.9,-14919
1477,-14926.2
1477.1,-14923.1
1477.2,-14921.3
1477.3,-14939.7
1477.4,-14928.1
1477.5,-14924.9
1477.6,-14926.3
1477.7,-14924.5
1477.8,-14927.2
1477.9,-14919.5
1478,-14928
1478.1,-14924.8
1478.2,-14932.8
1478.3,-14935.5
1478.4,-14933.6
1478.5,-14919.2
1478.6,-14927.7
1478.7,-14935.7
1478.8,-14938.3
1478.9,-14938.4
1479,-14933.2
1479.1,-14935.8
1479.2,-14927.2
1479.3,-14923.9
1479.4,-14931.8
1479.5,-14934.4
1479.6,-14935.6
1479.7,-14928.4
1479.8,-14931
1479.9,-14923.2
1480,-14924.4
1480.1,-14926.9
1480.2,-14928.1
1480.3,-14932
1480.4,-14934.6
1480.5,-14931.2
1480.6,-14927.9
1480.7,-14929
1480.8,-14927
1480.9,-14925
1481,-14927.5
1481.1,-14924.1
1481.2,-14929.8
1481.3,-14927.7
1481.4,-14941.4
1481.5,-14926.8
1481.6,-14939.1
1481.7,-14920
1481.8,-14925.6
1481.9,-14917.6
1482,-14920.1
1482.1,-14922.5
1482.2,-14923.6
1482.3,-14924.6
1482.4,-14927
1482.5,-14939.3
1482.6,-14935.8
1482.7,-14932.9
1482.8,-14933.9
1482.9,-14940.2
1483,-14936.8
1483.1,-14934.6
1483.2,-14941.5
1483.3,-14926.8
1483.4,-14923.3
1483.5,-14938.8
1483.6,-14939.8
1483.7,-14928.4
1483.8,-14935.2
1483.9,-14937.6
1484,-14934
1484.1,-14932.4
1484.2,-14939.2
1484.3,-14932.3
1484.4,-14923.4
1484.5,-14919.9
1484.6,-14932
1484.7,-14928.4
1484.8,-14933.8
1484.9,-14924.9
1485,-14942.8
1485.1,-14929.4
1485.2,-14940.1
1485.3,-14936.5
1485.4,-14920.3
1485.5,-14923.9
1485.6,-14940.4
1485.7,-14931.5
1485.8,-14932.3
1485.9,-14933.2
1486,-14939.3
1486.1,-14941.5
1486.2,-14926.6
1486.3,-14921.6
1486.4,-14923.8
1486.5,-14929.1
1486.6,-14925.4
1486.7,-14926.2
1486.8,-14928.3
1486.9,-14927.7
1487,-14922.6
1487.1,-14923.4
1487.2,-14919.7
1487.3,-14942
1487.4,-14927.1
1487.5,-14932.3
1487.6,-14916.8
1487.7,-14933.2
1487.8,-14939.8
1487.9,-14940.5
1488,-14925.6
1488.1,-14942
1488.2,-14938.2
1488.3,-14933
1488.4,-14933.7
1488.5,-14938.9
1488.6,-14925.3
1488.7,-14937.1
1488.8,-14931.9
1488.9,-14937.1
1489,-14911.7
1489.1,-14927.2
1489.2,-14923.4
1489.3,-14939.7
1489.4,-14934.5
1489.5,-14919.4
1489.6,-14924.5
1489.7,-14931
1489.8,-14927.1
1489.9,-14921.9
1490,-14927
1490.1,-14926.2
1490.2,-14924.8
1490.3,-14933.2
1490.4,-14921.5
1490.5,-14934.4
1490.6,-14921.2
1490.7,-14929.7
1490.8,-14930.2
1490.9,-14922.9
1491,-14929.9
1491.1,-14924.6
1491.2,-14919.3
1491.3,-14931
1491.4,-14936
1491.5,-14920.8
1491.6,-14925.8
1491.7,-14940.7
1491.8,-14935.3
1491.9,-14935.8
1492,-14936.3
1492.1,-14925.6
1492.2,-14924.7
1492.3,-14919.3
1492.4,-14930.9
1492.5,-14930
1492.6,-14919.3
1492.7,-14924.2
1492.8,-14934.5
1492.9,-14929
1493,-14937.3
1493.1,-14928.5
1493.2,-14923.6
1493.3,-14939.7
1493.4,-14928.4
1493.5,-14933.3
1493.6,-14927.8
1493.7,-14932.7
1493.8,-14921.9
1493.9,-14926.8
1494,-14931.1
1494.1,-14931.4
1494.2,-14934.9
1494.3,-14939.8
1494.4,-14929
1494.5,-14924.8
1494.6,-14928.3
1494.7,-14922.7
1494.8,-14926.2
1494.9,-14914.2
1495,-14926.8
1495.1,-14923.8
1495.2,-14926.1
1495.3,-14921.6
1495.4,-14921.9
1495.5,-14934.6
1495.6,-14929
1495.7,-14917.5
1495.8,-14920.9
1495.9,-14915.3
1496,-14931.3
1496.1,-14930.1
1496.2,-14919.2
1496.3,-14933.8
1496.4,-14937.1
1496.5,-14920.3
1496.6,-14930.3
1496.7,-14935.1
1496.8,-14924.1
1496.9,-14921.5
1497,-14914.5
1497.1,-14930.4
1497.2,-14929.2
1497.3,-14933.9
1497.4,-14921.5
1497.5,-14936
1497.6,-14924.4
1497.7,-14929.1
1497.8,-14933.8
1497.9,-14937
1498,-14932.7
1498.1,-14933.4
1498.2,-14928.8
1498.3,-14923.1
1498.4,-14932.2
1498.5,-14919.8
1498.6,-14940.1
1498.7,-14912.7
1498.8,-14931.7
1498.9,-14930.4
1499,-14917.9
1499.1,-14938.2
1499.2,-14927.1
1499.3,-14919.9
1499.4,-14938.8
1499.5,-14926.3
1499.6,-14920.5
1499.7,-14925
1499.8,-14934.1
1499.9,-14921
1500,-14930
1500.1,-14934
1500.2,-14922.8
1500.3,-14927.3
1500.4,-14920.1
1500.5,-14916
1500.6,-14925.8
1500.7,-14924.5
1500.8,-14923.1
1500.9,-14916.4
1501,-14930.7
1501.1,-14932.4
1501.2,-14920.6
1501.3,-14923.7
1501.4,-14936
1501.5,-14931.2
1501.6,-14928.5
1501.7,-14921.2
1501.8,-14919.7
1501.9,-14922.8
1502,-14935
1502.1,-14930.2
1502.2,-14922.9
1502.3,-14915.6
1502.4,-14926.4
1502.5,-14925
1502.6,-14924.6
1502.7,-14923.1
1502.8,-14929.5
1502.9,-14937.8
1503,-14925.1
1503.1,-14928.1
1503.2,-14923.2
1503.3,-14934.1
1503.4,-14932.5
1503.5,-14929.6
1503.6,-14918.9
1503.7,-14926.3
1503.8,-14924.8
1503.9,-14929.1
1504,-14926.2
1504.1,-14923.2
1504.2,-14930.7
1504.3,-14918.7
1504.4,-14935.3
1504.5,-14920.6
1504.6,-14922.9
1504.7,-14930.4
1504.8,-14930.7
1504.9,-14925.8
1505,-14924.1
1505.1,-14917.2
1505.2,-14934.4
1505.3,-14915.7
1505.4,-14934.3
1505.5,-14926.7
1505.6,-14918.4
1505.7,-14921.2
1505.8,-14932.5
1505.9,-14930.9
1506,-14923.3
1506.1,-14926.2
1506.2,-14933.5
1506.3,-14934.9
1506.4,-14927.4
1506.5,-14919.8
1506.6,-14921.2
1506.7,-14924
1506.8,-14932.6
1506.9,-14929.6
1507,-14929.8
1507.1,-14931.2
1507.2,-14923.6
1507.3,-14927.5
1507.4,-14930.3
1507.5,-14927.1
1507.6,-14924
1507.7,-14920.9
1507.8,-14930.1
1507.9,-14935.3
1508,-14932.2
1508.1,-14924.5
1508.2,-14925.9
1508.3,-14927.2
1508.4,-14934.4
1508.5,-14932.6
1508.6,-14913.7
1508.7,-14932.1
1508.8,-14927.5
1508.9,-14913.1
1509,-14927
1509.1,-14923.8
1509.2,-14910.7
1509.3,-14917.9
1509.4,-14929
1509.5,-14931.6
1509.6,-14923.9
1509.7,-14931
1509.8,-14933.6
1509.9,-14929
1510,-14919
1510.1,-14917.1
1510.2,-14912.5
1510.3,-14915.1
1510.4,-14910.4
1510.5,-14933.2
1510.6,-14924.1
1510.7,-14928.6
1510.8,-14927.8
1510.9,-14934.9
1511,-14925.7
1511.1,-14922.4
1511.2,-14925.5
1511.3,-14928.1
1511.4,-14921.4
1511.5,-14928.4
1511.6,-14927.1
1511.7,-14923.7
1511.8,-14920.3
1511.9,-14937.2
1512,-14922.6
1512.1,-14926.3
1512.2,-14924.9
1512.3,-14920.1
1512.4,-14927.1
1512.5,-14922.3
1512.6,-14929.3
1512.7,-14923.9
1512.8,-14921.1
1512.9,-14917.7
1513,-14918.8
1513.1,-14924.3
1513.2,-14926.8
1513.3,-14927.8
1513.4,-14924.4
1513.5,-14924.1
1513.6,-14925.1
1513.7,-14921.7
1513.8,-14933.9
1513.9,-14925.1
1514,-14926.1
1514.1,-14921.3
1514.2,-14920.9
1514.3,-14927.8
1514.4,-14928.8
1514.5,-14923.3
1514.6,-14918.4
1514.7,-14918
1514.8,-14926.9
1514.9,-14915.5
1515,-14922.3
1515.1,-14933.6
1515.2,-14933.2
1515.3,-14931.7
1515.4,-14928.1
1515.5,-14915.3
1515.6,-14926.6
1515.7,-14926.2
1515.8,-14924.6
1515.9,-14921
1516,-14936.3
1516.1,-14921.5
1516.2,-14922.4
1516.3,-14926.5
1516.4,-14917
1516.5,-14938.1
1516.6,-14934.4
1516.7,-14920.8
1516.8,-14921.7
1516.9,-14924.5
1517,-14930.7
1517.1,-14920.4
1517.2,-14919.9
1517.3,-14912.8
1517.4,-14921.5
1517.5,-14916.5
1517.6,-14937.5
1517.7,-14928
1517.8,-14922.1
1517.9,-14918.4
1518,-14934.9
1518.1,-14924
1518.2,-14929.3
1518.3,-14928.7
1518.4,-14918.3
1518.5,-14919.1
1518.6,-14919.9
1518.7,-14935
1518.8,-14918.7
1518.9,-14918.1
1519,-14918.8
1519.1,-14939.8
1519.2,-14924.8
1519.3,-14919.7
1519.4,-14919.1
1519.5,-14940
1519.6,-14914.6
1519.7,-14919.9
1519.8,-14925.1
1519.9,-14924.4
1520,-14914.7
1520.1,-14914.1
1520.2,-14919.3
1520.3,-14919.9
1520.4,-14925.1
1520.5,-14928.9
1520.6,-14915.9
1520.7,-14918.5
1520.8,-14923.7
1520.9,-14925.5
1521,-14932.6
1521.1,-14921.6
1521.2,-14920.8
1521.3,-14920.1
1521.4,-14925.2
1521.5,-14930.3
1521.6,-14919.2
1521.7,-14914
1521.8,-14913.2
1521.9,-14934
1522,-14917.6
1522.1,-14922.6
1522.2,-14933.1
1522.3,-14921.9
1522.4,-14925.6
1522.5,-14924.8
1522.6,-14918.7
1522.7,-14917.9
1522.8,-14928.3
1522.9,-14921.6
1523,-14920.8
1523.1,-14919.1
1523.2,-14925
1523.3,-14930
1523.4,-14923.3
1523.5,-14928.3
1523.6,-14930.6
1523.7,-14925.3
1523.8,-14925.7
1523.9,-14915
1524,-14928.5
1524.1,-14927.6
1524.2,-14934.6
1524.3,-14929.2
1524.4,-14920.5
1524.5,-14929.9
1524.6,-14929
1524.7,-14926.7
1524.8,-14925.8
1524.9,-14930.8
1525,-14929.8
1525.1,-14919
1525.2,-14916.8
1525.3,-14915.8
1525.4,-14924.7
1525.5,-14913.9
1525.6,-14917.5
1525.7,-14913.1
1525.8,-14931.2
1525.9,-14930.2
1526,-14929.3
1526.1,-14917.1
1526.2,-14916.1
1526.3,-14924.9
1526.4,-14931.8
1526.5,-14930.8
1526.6,-14928.4
1526.7,-14919.5
1526.8,-14933.4
1526.9,-14926.5
1527,-14919.6
1527.1,-14930.9
1527.2,-14924
1527.3,-14925.5
1527.4,-14924.4
1527.5,-14917.5
1527.6,-14922.9
1527.7,-14926.4
1527.8,-14929.8
1527.9,-14918.4
1528,-14915.3
1528.1,-14931
1528.2,-14924.1
1528.3,-14921.6
1528.4,-14921.7
1528.5,-14914.7
1528.6,-14924
1528.7,-14924.8
1528.8,-14928.2
1528.9,-14922.4
1529,-14929.1
1529.1,-14920.1
1529.2,-14923.4
1529.3,-14916.4
1529.4,-14926.3
1529.5,-14929.6
1529.6,-14922.6
1529.7,-14925.9
1529.8,-14907
1529.9,-14918.8
1530,-14925.5
1530.1,-14918.4
1530.2,-14927.6
1530.3,-14925
1530.4,-14920.5
1530.5,-14928.3
1530.6,-14921.2
1530.7,-14918.6
1530.8,-14921.9
1530.9,-14925.1
1531,-14917.2
1531.1,-14925.8
1531.2,-14929
1531.3,-14926.4
1531.4,-14934.2
1531.5,-14921.7
1531.6,-14920.4
1531.7,-14911.9
1531.8,-14930.8
1531.9,-14912.5
1532,-14931.4
1532.1,-14918.9
1532.2,-14921.6
1532.3,-14929.3
1532.4,-14916.3
1532.5,-14922.6
1532.6,-14925.8
1532.7,-14928.9
1532.8,-14921.7
1532.9,-14917.7
1533,-14919.5
1533.1,-14922.7
1533.2,-14925.8
1533.3,-14913.2
1533.4,-14920.4
1533.5,-14930
1533.6,-14923.9
1533.7,-14924.5
1533.8,-14919.8
1533.9,-14922.9
1534,-14924.6
1534.1,-14920.5
1534.2,-14927
1534.3,-14924.2
1534.4,-14927.3
1534.5,-14916.6
1534.6,-14926.2
1534.7,-14914.2
1534.8,-14919.3
1534.9,-14916.5
1535,-14925.4
1535.1,-14919.2
1535.2,-14928.8
1535.3,-14916.8
1535.4,-14917.3
1535.5,-14924.8
1535.6,-14914.1
1535.7,-14926.1
1535.8,-14918.8
1535.9,-14917.9
1536,-14919.6
1536.1,-14922.6
1536.2,-14928.7
1536.3,-14912.6
1536.4,-14915.1
1536.5,-14916.7
1536.6,-14918.3
1536.7,-14927.8
1536.8,-14931.9
1536.9,-14929
1537,-14910.4
1537.1,-14921.8
1537.2,-14923.4
1537.3,-14915.1
1537.4,-14933.8
1537.5,-14915.1
1537.6,-14927.9
1537.7,-14907.9
1537.8,-14914
1537.9,-14911
1538,-14929.6
1538.1,-14919.4
1538.2,-14921
1538.3,-14916.6
1538.4,-14928.5
1538.5,-14925.5
1538.6,-14917.2
1538.7,-14924
1538.8,-14918.4
1538.9,-14904.2
1539,-14921.4
1539.1,-14918.3
1539.2,-14925.7
1539.3,-14921.3
1539.4,-14929.3
1539.5,-14908
1539.6,-14917.3
1539.7,-14916.8
1539.8,-14918.2
1539.9,-14918.3
1540,-14918.4
1540.1,-14919.9
1540.2,-14929.2
1540.3,-14922.7
1540.4,-14908.5
1540.5,-14908.5
1540.6,-14921.1
1540.7,-14924.5
1540.8,-14925.9
1540.9,-14919.5
1541,-14920
1541.1,-14920.9
1541.2,-14911.9
1541.3,-14917.8
1541.4,-14919.2
1541.5,-14925
1541.6,-14912
1541.7,-14921.9
1541.8,-14918.7
1541.9,-14926.6
1542,-14920.1
1542.1,-14914.7
1542.2,-14917.4
1542.3,-14907
1542.4,-14928.5
1542.5,-14924
1542.6,-14914.1
1542.7,-14915.4
1542.8,-14916.7
1542.9,-14916.7
1543,-14912.1
1543.1,-14912
1543.2,-14913.3
1543.3,-14914.6
1543.4,-14915.8
1543.5,-14907.9
1543.6,-14921.5
1543.7,-14922.3
1543.8,-14907.8
1543.9,-14909.1
1544,-14908.9
1544.1,-14924.5
1544.2,-14908.7
1544.3,-14909.9
1544.4,-14925.5
1544.5,-14911
1544.6,-14905
1544.7,-14915.2
1544.8,-14915.9
1544.9,-14917.1
1545,-14912.5
1545.1,-14912.8
1545.2,-14911.3
1545.3,-14917.8
1545.4,-14921
1545.5,-14912.9
1545.6,-14914.1
1545.7,-14919.7
1545.8,-14918.2
1545.9,-14918
1546,-14927
1546.1,-14918.9
1546.2,-14914.2
1546.3,-14908.6
1546.4,-14919.6
1546.5,-14914.8
1546.6,-14921.1
1546.7,-14926.7
1546.8,-14923.1
1546.9,-14919.7
1547,-14919.4
1547.1,-14916.7
1547.2,-14926.8
1547.3,-14926.5
1547.4,-14913.8
1547.5,-14919.4
1547.6,-14916.6
1547.7,-14908.5
1547.8,-14920.5
1547.9,-14912.4
1548,-14917.9
1548.1,-14918.9
1548.2,-14912.8
1548.3,-14924.8
1548.4,-14916.6
1548.5,-14922.1
1548.6,-14915.9
1548.7,-14916.9
1548.8,-14921.1
1548.9,-14919.4
1549,-14922.4
1549.1,-14922
1549.2,-14927.5
1549.3,-14919.2
1549.4,-14907.7
1549.5,-14907.3
1549.6,-14922.6
1549.7,-14922.2
1549.8,-14906.1
1549.9,-14916
1550,-14920.1
1550.1,-14909.4
1550.2,-14908.9
1550.3,-14928.7
1550.4,-14918.4
1550.5,-14916.7
1550.6,-14926.1
1550.7,-14915.3
1550.8,-14925.2
1550.9,-14924.7
1551,-14908.6
1551.1,-14905.4
1551.2,-14920.6
1551.3,-14914.3
1551.4,-14924.2
1551.5,-14923.7
1551.6,-14916.5
1551.7,-14910.2
1551.8,-14919.5
1551.9,-14919
1552,-14923
1552.1,-14927
1552.2,-14910.8
1552.3,-14920.1
1552.4,-14921.6
1552.5,-14917.7
1552.6,-14921.7
1552.7,-14921.1
1552.8,-14920.6
1552.9,-14922
1553,-14920.1
1553.1,-14924.1
1553.2,-14920.2
1553.3,-14918.2
1553.4,-14923.5
1553.5,-14917.1
1553.6,-14919.7
1553.7,-14917.7
1553.8,-14920.5
1553.9,-14916.5
1554,-14915.9
1554.1,-14918.4
1554.2,-14922.3
1554.3,-14915.9
1554.4,-14921.7
1554.5,-14919.1
1554.6,-14922.9
1554.7,-14905.3
1554.8,-14923.5
1554.9,-14917
1555,-14920.8
1555.1,-14924.7
1555.2,-14912.8
1555.3,-14910.8
1555.4,-14920
1555.5,-14923.8
1555.6,-14906.1
1555.7,-14909.9
1555.8,-14905.8
1555.9,-14911.6
1556,-14909.6
1556.1,-14924.5
1556.2,-14906.8
1556.3,-14915.1
1556.4,-14911
1556.5,-14913.4
1556.6,-14914.7
1556.7,-14912.6
1556.8,-14907.2
1556.9,-14899.7
1557,-14908.8
1557.1,-14906.7
1557.2,-14912.5
1557.3,-14902.5
1557.4,-14910.8
1557.5,-14904.1
1557.6,-14909.9
1557.7,-14923.4
1557.8,-14910.1
1557.9,-14908
1558,-14921.5
1558.1,-14910.8
1558.2,-14923
1558.3,-14920.9
1558.4,-14907.5
1558.5,-14905.3
1558.6,-14913.5
1558.7,-14917.2
1558.8,-14924.8
1558.9,-14921.3
1559,-14923.6
1559.1,-14922.8
1559.2,-14920.6
1559.3,-14902.7
1559.4,-14920.6
1559.5,-14922.9
1559.6,-14910.4
1559.7,-14918.5
1559.8,-14911.7
1559.9,-14914
1560,-14922.1
1560.1,-14918.5
1560.2,-14916.3
1560.3,-14914
1560.4,-14906.4
1560.5,-14908.6
1560.6,-14905
1560.7,-14902.7
1560.8,-14916.2
1560.9,-14913.9
1561,-14921.9
1561.1,-14912.9
1561.2,-14920.5
1561.3,-14918.2
1561.4,-14915.9
1561.5,-14918.1
1561.6,-14920.2
1561.7,-14904.7
1561.8,-14904.4
1561.9,-14916.4
1562,-14902.9
1562.1,-14910.9
1562.2,-14917.5
1562.3,-14908.6
1562.4,-14894.6
1562.5,-14909.1
1562.6,-14911.2
1562.7,-14913.4
1562.8,-14911
1562.9,-14906.6
1563,-14910.7
1563.1,-14912.8
1563.2,-14911.6
1563.3,-14913.7
1563.4,-14909.9
1563.5,-14913.3
1563.6,-14915.4
1563.7,-14916.2
1563.8,-14918.3
1563.9,-14894.3
1564,-14917.9
1564.1,-14914.1
1564.2,-14910.3
1564.3,-14911.1
1564.4,-14908.6
1564.5,-14906.1
1564.6,-14908.2
1564.7,-14908.9
1564.8,-14905.1
1564.9,-14904.6
1565,-14906.6
1565.1,-14924.3
1565.2,-14910.6
1565.3,-14917.1
1565.4,-14907.5
1565.5,-14903.6
1565.6,-14905.6
1565.7,-14907.6
1565.8,-14919.9
1565.9,-14914.7
1566,-14901.8
1566.1,-14924
1566.2,-14899.9
1566.3,-14906.4
1566.4,-14905
1566.5,-14920.1
1566.6,-14916.3
1566.7,-14916.9
1566.8,-14908.5
1566.9,-14914.9
1567,-14915.9
1567.1,-14906.2
1567.2,-14913.5
1567.3,-14915.4
1567.4,-14900.2
1567.5,-14906.6
1567.6,-14908.5
1567.7,-14920.3
1567.8,-14900.6
1567.9,-14916.9
1568,-14923.2
1568.1,-14909.4
1568.2,-14905.4
1568.3,-14901.5
1568.4,-14913.2
1568.5,-14898
1568.6,-14903
1568.7,-14900.3
1568.8,-14912.5
1568.9,-14902.7
1569,-14918.9
1569.1,-14908.2
1569.2,-14905.5
1569.3,-14911.8
1569.4,-14912.3
1569.5,-14908.2
1569.6,-14913.2
1569.7,-14904.6
1569.8,-14900.6
1569.9,-14906.9
1570,-14913.1
1570.1,-14907.8
1570.2,-14914
1570.3,-14910
1570.4,-14910.4
1570.5,-14898.5
1570.6,-14915
1570.7,-14909.6
1570.8,-14905.5
1570.9,-14901.4
1571,-14920
1571.1,-14912.5
1571.2,-14903.1
1571.3,-14908.8
1571.4,-14912.5
1571.5,-14912.9
1571.6,-14913.3
1571.7,-14895.9
1571.8,-14905.3
1571.9,-14906.5
1572,-14919.2
1572.1,-14907.2
1572.2,-14906.2
1572.3,-14902.5
1572.4,-14912.7
1572.5,-14902.7
1572.6,-14910.9
1572.7,-14915.7
1572.8,-14908.2
1572.9,-14909.8
1573,-14904.3
1573.1,-14922.3
1573.2,-14922.6
1573.3,-14905.9
1573.4,-14902.8
1573.5,-14918.1
1573.6,-14906.7
1573.7,-14907
1573.8,-14905.9
1573.9,-14916.5
1574,-14906.4
1574.1,-14904.7
1574.2,-14902.4
1574.3,-14911.7
1574.4,-14911.9
1574.5,-14907.6
1574.6,-14906.6
1574.7,-14902.3
1574.8,-14902.5
1574.9,-14905.9
1575,-14904.8
1575.1,-14910.8
1575.2,-14906.5
1575.3,-14911.2
1575.4,-14910.1
1575.5,-14908.9
1575.6,-14909.1
1575.7,-14909.3
1575.8,-14904.9
1575.9,-14901.8
1576,-14913
1576.1,-14902.8
1576.2,-14902.9
1576.3,-14907.6
1576.4,-14907.7
1576.5,-14909
1576.6,-14913.7
1576.7,-14910
1576.8,-14910.1
1576.9,-14902.4
1577,-14909
1577.1,-14911.6
1577.2,-14910.4
1577.3,-14912.5
1577.4,-14912.6
1577.5,-14913.8
1577.6,-14912.6
1577.7,-14892.5
1577.8,-14902.4
1577.9,-14904.5
1578,-14913.6
1578.1,-14910.3
1578.2,-14903.7
1578.3,-14903.7
1578.4,-14913.7
1578.5,-14896.7
1578.6,-14916.9
1578.7,-14899.9
1578.8,-14900
1578.9,-14904.5
1579,-14903.2
1579.1,-14901.9
1579.2,-14910.9
1579.3,-14905.1
1579.4,-14905.1
1579.5,-14909.6
1579.6,-14908.2
1579.7,-14906.9
1579.8,-14902.2
1579.9,-14896.4
1580,-14910
1580.1,-14899.5
1580.2,-14906
1580.3,-14904.6
1580.4,-14898.8
1580.5,-14903.2
1580.6,-14907.6
1580.7,-14905
1580.8,-14903.6
1580.9,-14902.2
1581,-14912
1581.1,-14916.4
1581.2,-14909.6
1581.3,-14902.4
1581.4,-14899.7
1581.5,-14915.3
1581.6,-14913.8
1581.7,-14896.7
1581.8,-14905.6
1581.9,-14908.7
1582,-14912.6
1582.1,-14911.2
1582.2,-14909.7
1582.3,-14902.9
1582.4,-14905.9
1582.5,-14909.8
1582.6,-14903.9
1582.7,-14910.2
1582.8,-14905.4
1582.9,-14909.7
1583,-14889.2
1583.1,-14894.3
1583.2,-14911.8
1583.3,-14904.5
1583.4,-14910
1583.5,-14908.4
1583.6,-14901.6
1583.7,-14911.2
1583.8,-14908.4
1583.9,-14906.9
1584,-14888.3
1584.1,-14908.3
1584.2,-14892.4
1584.3,-14905.2
1584.4,-14908.1
1584.5,-14900.8
1584.6,-14908.2
1584.7,-14891
1584.8,-14916.7
1584.9,-14908
1585,-14910.9
1585.1,-14892.3
1585.2,-14912.3
1585.3,-14910.7
1585.4,-14893.4
1585.5,-14906.1
1585.6,-14909
1585.7,-14901.6
1585.8,-14904.5
1585.9,-14908.7
1586,-14907.1
1586.1,-14894.2
1586.2,-14895.8
1586.3,-14888.3
1586.4,-14912.7
1586.5,-14895.3
1586.6,-14902.7
1586.7,-14899.7
1586.8,-14898.1
1586.9,-14896.4
1587,-14893.4
1587.1,-14911.9
1587.2,-14904.9
1587.3,-14913.1
1587.4,-14894.4
1587.5,-14892.7
1587.6,-14889.6
1587.7,-14897
1587.8,-14897.7
1587.9,-14890.2
1588,-14895
1588.1,-14913.5
1588.2,-14894.7
1588.3,-14907.8
1588.4,-14898.2
1588.5,-14895.2
1588.6,-14895.5
1588.7,-14898.2
1588.8,-14902.1
1588.9,-14895.8
1589,-14907.7
1589.1,-14903.3
1589.2,-14900.3
1589.3,-14907.5
1589.4,-14896.5
1589.5,-14905.1
1589.6,-14891.6
1589.7,-14900.9
1589.8,-14897.8
1589.9,-14897.1
1590,-14903.2
1590.1,-14900
1590.2,-14896.9
1590.3,-14893.8
1590.4,-14895.1
1590.5,-14887.5
1590.6,-14890.1
1590.7,-14908.5
1590.8,-14909.8
1590.9,-14906.7
1591,-14886.5
1591.1,-14904.8
1591.2,-14907.5
1591.3,-14888.6
1591.4,-14905.6
1591.5,-14906.9
1591.6,-14907.1
1591.7,-14896
1591.8,-14903.1
1591.9,-14905.7
1592,-14901.2
1592.1,-14902.5
1592.2,-14907.1
1592.3,-14903.9
1592.4,-14897.3
1592.5,-14899.9
1592.6,-14905.6
1592.7,-14892.1
1592.8,-14899.1
1592.9,-14903.7
1593,-14910.8
1593.1,-14904.2
1593.2,-14908.8
1593.3,-14899.7
1593.4,-14896.4
1593.5,-14903.4
1593.6,-14896.8
1593.7,-14908.3
1593.8,-14907.1
1593.9,-14903.8
1594,-14894.7
1594.1,-14893.8
1594.2,-14909.8
1594.3,-14902
1594.4,-14906.5
1594.5,-14901.9
1594.6,-14903.1
1594.7,-14896.4
1594.8,-14905.4
1594.9,-14903.3
1595,-14904.5
1595.1,-14899.8
1595.2,-14905.5
1595.3,-14906.6
1595.4,-14901.2
1595.5,-14902.3
1595.6,-14901
1595.7,-14900.8
1595.8,-14899.9
1595.9,-14903
1596,-14905.5
1596.1,-14900
1596.2,-14903.1
1596.3,-14902.9
1596.4,-14899.5
1596.5,-14896.1
1596.6,-14903
1596.7,-14902.8
1596.8,-14903.8
1596.9,-14901.6
1597,-14900.2
1597.1,-14901.2
1597.2,-14894.4
1597.3,-14901.3
1597.4,-14901
1597.5,-14904.1
1597.6,-14900.6
1597.7,-14901.6
1597.8,-14902.7
1597.9,-14884.6
1598,-14905.9
1598.1,-14901.1
1598.2,-14905.4
1598.3,-14903.1
1598.4,-14908.6
1598.5,-14899.7
1598.6,-14910.6
1598.7,-14905.7
1598.8,-14900.9
1598.9,-14896.5
1599,-14911.9
1599.1,-14892.6
1599.2,-14893.6
1599.3,-14904.4
1599.4,-14899.6
1599.5,-14910.8
1599.6,-14894.8
1599.7,-14893.7
1599.8,-14896.7
1599.9,-14896.3
1600,-14891.4
1600.1,-14889
1600.2,-14897.8
1600.3,-14890.8
1600.4,-14890.4
1600.5,-14899.2
1600.6,-14903.3
1600.7,-14899.7
1600.8,-14900.5
1600.9,-14898.1
1601,-14901
1601.1,-14900.6
1601.2,-14902.6
1601.3,-14911.3
1601.4,-14894
1601.5,-14887.8
1601.6,-14901
1601.7,-14892.7
1601.8,-14895.6
1601.9,-14888.6
1602,-14895.9
1602.1,-14895.5
1602.2,-14895
1602.3,-14901.2
1602.4,-14900.7
1602.5,-14890.3
1602.6,-14906.9
1602.7,-14900.6
1602.8,-14904.6
1602.9,-14899.5
1603,-14908.2
1603.1,-14884.1
1603.2,-14889.4
1603.3,-14887.6
1603.4,-14893.7
1603.5,-14893.2
1603.6,-14900.5
1603.7,-14901.3
1603.8,-14903.2
1603.9,-14901.3
1604,-14896.3
1604.1,-14899.1
1604.2,-14903
1604.3,-14894.6
1604.4,-14904.3
1604.5,-14907.1
1604.6,-14900.7
1604.7,-14900.1
1604.8,-14899.5
1604.9,-14904.7
1605,-14899.6
1605.1,-14893.2
1605.2,-14892.6
1605.3,-14892
1605.4,-14897.2
1605.5,-14893.2
1605.6,-14898.4
1605.7,-14889.5
1605.8,-14893.4
1605.9,-14892.7
1606,-14901.1
1606.1,-14897.3
1606.2,-14894.6
1606.3,-14916.1
1606.4,-14909.7
1606.5,-14892
1606.6,-14891.4
1606.7,-14896.5
1606.8,-14893.8
1606.9,-14893.8
1607,-14897.6
1607.1,-14901.4
1607.2,-14911.9
1607.3,-14901.3
1607.4,-14905.1
1607.5,-14898.6
1607.6,-14896.6
1607.7,-14907.1
1607.8,-14890.7
1607.9,-14894.4
1608,-14899.5
1608.1,-14891.7
1608.2,-14887.6
1608.3,-14910.4
1608.4,-14903.8
1608.5,-14897.7
1608.6,-14901.4
1608.7,-14900.7
1608.8,-14894.1
1608.9,-14907.7
1609,-14891.3
1609.1,-14900.8
1609.2,-14890.9
1609.3,-14913.6
1609.4,-14886.8
1609.5,-14906.2
1609.6,-14894.2
1609.7,-14897.9
1609.8,-14898.3
1609.9,-14899.5
1610,-14908.6
1610.1,-14892.1
1610.2,-14889.9
1610.3,-14896.1
1610.4,-14898.6
1610.5,-14891.9
1610.6,-14894.3
1610.7,-14893.4
1610.8,-14897.1
1610.9,-14891.6
1611,-14890.7
1611.1,-14902.2
1611.2,-14900
1611.3,-14897.9
1611.4,-14900.2
1611.5,-14892.7
1611.6,-14904.2
1611.7,-14902
1611.8,-14892
1611.9,-14902.1
1612,-14895.4
1612.1,-14894.5
1612.2,-14896
1612.3,-14889.3
1612.4,-14891.6
1612.5,-14893.9
1612.6,-14892.9
1612.7,-14896.5
1612.8,-14900.1
1612.9,-14892
1613,-14904.6
1613.1,-14892
1613.2,-14904.7
1613.3,-14894.6
1613.4,-14902.7
1613.5,-14900.4
1613.6,-14902.6
1613.7,-14900.3
1613.8,-14899.3
1613.9,-14901.6
1614,-14889.4
1614.1,-14891.6
1614.2,-14884.8
1614.3,-14882.5
1614.4,-14890.5
1614.5,-14888.2
1614.6,-14888.3
1614.7,-14889.3
1614.8,-14896.9
1614.9,-14900.4
1615,-14888.1
1615.1,-14890.3
1615.2,-14898.3
1615.3,-14895.9
1615.4,-14893.6
1615.5,-14889.9
1615.6,-14887.5
1615.7,-14895.5
1615.8,-14891.1
1615.9,-14892
1616,-14894.2
1616.1,-14890.5
1616.2,-14886.1
1616.3,-14877
1616.4,-14880.4
1616.5,-14898.2
1616.6,-14895.8
1616.7,-14897.9
1616.8,-14900
1616.9,-14881.9
1617,-14885.2
1617.1,-14882.8
1617.2,-14894.8
1617.3,-14885.7
1617.4,-14898.9
1617.5,-14886.6
1617.6,-14879.6
1617.7,-14897.4
1617.8,-14877.9
1617.9,-14890.3
1618,-14882
1618.1,-14889.9
1618.2,-14889.8
1618.3,-14881.6
1618.4,-14888.1
1618.5,-14888.9
1618.6,-14891
1618.7,-14885.1
1618.8,-14884.7
1618.9,-14885.4
1619,-14889.8
1619.1,-14889.4
1619.2,-14886.9
1619.3,-14893.4
1619.4,-14885
1619.5,-14891.5
1619.6,-14887.7
1619.7,-14900.9
1619.8,-14902.8
1619.9,-14889.1
1620,-14889.8
1620.1,-14897.1
1620.2,-14884.2
1620.3,-14886.2
1620.4,-14893.9
1620.5,-14884.7
1620.6,-14901
1620.7,-14891.3
1620.8,-14888.7
1620.9,-14892.7
1621,-14892.6
1621.1,-14899
1621.2,-14895.1
1621.3,-14886.7
1621.4,-14888.6
1621.5,-14891.3
1621.6,-14885.3
1621.7,-14886.3
1621.8,-14883.3
1621.9,-14897.5
1622,-14889.1
1622.1,-14895.4
1622.2,-14892.7
1622.3,-14890
1622.4,-14881.6
1622.5,-14895.8
1622.6,-14886
1622.7,-14889
1622.8,-14888.4
1622.9,-14896
1623,-14886.3
1623.1,-14898
1623.2,-14888.6
1623.3,-14889.2
1623.4,-14886.5
1623.5,-14888.3
1623.6,-14883
1623.7,-14905
1623.8,-14884
1623.9,-14895.7
1624,-14898.8
1624.1,-14899.3
1624.2,-14879.5
1624.3,-14895.7
1624.4,-14900.7
1624.5,-14881
1624.6,-14898.4
1624.7,-14889
1624.8,-14905.2
1624.9,-14879.6
1625,-14891.3
1625.1,-14891.7
1625.2,-14899.2
1625.3,-14884
1625.4,-14898.8
1625.5,-14898.1
1625.6,-14886.2
1625.7,-14887.9
1625.8,-14888.3
1625.9,-14894.5
1626,-14893.6
1626.1,-14897.4
1626.2,-14885.4
1626.3,-14893.7
1626.4,-14899.9
1626.5,-14882.5
1626.6,-14896.2
1626.7,-14890.7
1626.8,-14892.4
1626.9,-14892.8
1627,-14885.3
1627.1,-14896
1627.2,-14898.4
1627.3,-14883.9
1627.4,-14894.6
1627.5,-14889.2
1627.6,-14899.8
1627.7,-14901.4
1627.8,-14896
1627.9,-14886
1628,-14890.8
1628.1,-14891.2
1628.2,-14893.9
1628.3,-14889.7
1628.4,-14884.3
1628.5,-14892.4
1628.6,-14886.9
1628.7,-14897.5
1628.8,-14897.8
1628.9,-14891.5
1629,-14893.9
1629.1,-14888.4
1629.2,-14887.4
1629.3,-14883.2
1629.4,-14889.2
1629.5,-14889.5
1629.6,-14883.9
1629.7,-14884.2
1629.8,-14893.5
1629.9,-14883.4
1630,-14889.5
1630.1,-14894.2
1630.2,-14888.7
1630.3,-14887.6
1630.4,-14883.3
1630.5,-14883.5
1630.6,-14899.5
1630.7,-14884
1630.8,-14882.9
1630.9,-14907.8
1631,-14902.2
1631.1,-14897.9
1631.2,-14902.6
1631.3,-14891.6
1631.4,-14890.5
1631.5,-14880.4
1631.6,-14896.3
1631.7,-14890.7
1631.8,-14885.4
1631.9,-14890.1
1632,-14900.2
1632.1,-14894.6
1632.2,-14894.7
1632.3,-14894.9
1632.4,-14904
1632.5,-14887.2
1632.6,-14898.5
1632.7,-14887.1
1632.8,-14891.7
1632.9,-14890.5
1633,-14885.2
1633.1,-14895.3
1633.2,-14895.4
1633.3,-14896.3
1633.4,-14900.9
1633.5,-14897.6
1633.6,-14896.4
1633.7,-14896.5
1633.8,-14895.3
1633.9,-14897.5
1634,-14892.9
1634.1,-14897.5
1634.2,-14891.8
1634.3,-14891.9
1634.4,-14896.4
1634.5,-14892.8
1634.6,-14901.8
1634.7,-14897.3
1634.8,-14887
1634.9,-14897.3
1635,-14896.1
1635.1,-14902.7
1635.2,-14892.3
1635.3,-14886.5
1635.4,-14891.1
1635.5,-14891.1
1635.6,-14894.3
1635.7,-14887.3
1635.8,-14895.1
1635.9,-14889.3
1636,-14893.8
1636.1,-14884.7
1636.2,-14891.2
1636.3,-14894.5
1636.4,-14893.2
1636.5,-14893.1
1636.6,-14891.8
1636.7,-14888.4
1636.8,-14885.8
1636.9,-14892.4
1637,-14886.5
1637.1,-14885.2
1637.2,-14888.4
1637.3,-14888.3
1637.4,-14888.1
1637.5,-14884.3
1637.6,-14888.8
1637.7,-14903.1
1637.8,-14896.4
1637.9,-14899.5
1638,-14893.6
1638.1,-14902.2
1638.2,-14900.8
1638.3,-14883.7
1638.4,-14891.3
1638.5,-14892.4
1638.6,-14888.6
1638.7,-14888.4
1638.8,-14901.5
1638.9,-14904.6
1639,-14884.1
1639.1,-14891.8
1639.2,-14904.8
1639.3,-14883.2
1639.4,-14896.2
1639.5,-14893.9
1639.6,-14892.4
1639.7,-14891
1639.8,-14888.3
1639.9,-14891.3
1640,-14910.1
1640.1,-14891.7
1640.2,-14896
1640.3,-14894.5
1640.4,-14893.1
1640.5,-14890.3
1640.6,-14893.4
1640.7,-14887.4
1640.8,-14895.8
1640.9,-14888.9
1641,-14891.9
1641.1,-14900.3
1641.2,-14890.9
1641.3,-14884.9
1641.4,-14887.9
1641.5,-14892.1
1641.6,-14889.4
1641.7,-14886.6
1641.8,-14900.7
1641.9,-14903.7
1642,-14896.4
1642.1,-14889.5
1642.2,-14886.6
1642.3,-14882.5
1642.4,-14896.7
1642.5,-14884
1642.6,-14882.4
1642.7,-14889.9
1642.8,-14887
1642.9,-14901.1
1643,-14893.8
1643.1,-14896.7
1643.2,-14904.2
1643.3,-14891.4
1643.4,-14888.5
1643.5,-14896.8
1643.6,-14894
1643.7,-14881.2
1643.8,-14882.8
1643.9,-14891.5
1644,-14888.6
1644.1,-14891.1
1644.2,-14894
1644.3,-14896.9
1644.4,-14904.3
1644.5,-14888.1
1644.6,-14898.5
1644.7,-14879.8
1644.8,-14892.6
1644.9,-14884.3
1645,-14891.6
1645.1,-14890
1645.2,-14887.1
1645.3,-14878.3
1645.4,-14896.9
1645.5,-14898.4
1645.6,-14901.3
1645.7,-14899.6
1645.8,-14896.6
1645.9,-14892.4
1646,-14889.4
1646.1,-14901.2
1646.2,-14893.8
1646.3,-14880.9
1646.4,-14893.6
1646.5,-14895.1
1646.6,-14890.8
1646.7,-14889.1
1646.8,-14894
1646.9,-14894.7
1647,-14896.2
1647.1,-14886.1
1647.2,-14901.2
1647.3,-14898.2
1647.4,-14901
1647.5,-14895.9
1647.6,-14899.4
1647.7,-14887.3
1647.8,-14893.3
1647.9,-14894.8
1648,-14891.7
1648.1,-14886.6
1648.2,-14890.2
1648.3,-14888.3
1648.4,-14893
1648.5,-14890
1648.6,-14892.7
1648.7,-14890.8
1648.8,-14881.9
1648.9,-14891.2
1649,-14888.1
1649.1,-14889.5
1649.2,-14890.9
1649.3,-14885.8
1649.4,-14885.9
1649.5,-14884.9
1649.6,-14892
1649.7,-14898.8
1649.8,-14882.5
1649.9,-14888.3
1650,-14887.3
1650.1,-14888.7
1650.2,-14885.5
1650.3,-14902.6
1650.4,-14888.3
1650.5,-14899.9
1650.6,-14891
1650.7,-14886.6
1650.8,-14882.1
1650.9,-14893.8
1651,-14887.3
1651.1,-14891.9
1651.2,-14887.5
1651.3,-14894.2
1651.4,-14884.4
1651.5,-14890.2
1651.6,-14908.5
1651.7,-14883.8
1651.8,-14895
1651.9,-14890.6
1652,-14891.9
1652.1,-14898.9
1652.2,-14889
1652.3,-14901.5
1652.4,-14891.3
1652.5,-14892.5
1652.6,-14892.5
1652.7,-14889.3
1652.8,-14898.4
1652.9,-14891.8
1653,-14895.2
1653.1,-14900.9
1653.2,-14887.3
1653.3,-14891.9
1653.4,-14893.1
1653.5,-14886.5
1653.6,-14894.4
1653.7,-14889.8
1653.8,-14885.3
1653.9,-14897.7
1654,-14887.7
1654.1,-14888.9
1654.2,-14888.9
1654.3,-14904.5
1654.4,-14899.9
1654.5,-14901.2
1654.6,-14902.3
1654.7,-14886.6
1654.8,-14886.5
1654.9,-14898.9
1655,-14906.6
1655.1,-14894.2
1655.2,-14895.4
1655.3,-14905.6
1655.4,-14900.9
1655.5,-14895.1
1655.6,-14899.6
1655.7,-14899.5
1655.8,-14897.3
1655.9,-14897.1
1656,-14900.4
1656.1,-14895.7
1656.2,-14906.8
1656.3,-14891
1656.4,-14901.1
1656.5,-14898.9
1656.6,-14888.4
1656.7,-14891.6
1656.8,-14907.2
1656.9,-14891.3
1657,-14896.9
1657.1,-14890.2
1657.2,-14899.1
1657.3,-14893.2
1657.4,-14885.2
1657.5,-14898.6
1657.6,-14900.8
1657.7,-14890.4
1657.8,-14886
1657.9,-14891.2
1658,-14896.8
1658.1,-14885.4
1658.2,-14896.4
1658.3,-14897.4
1658.4,-14897.2
1658.5,-14881.3
1658.6,-14885.6
1658.7,-14889.9
1658.8,-14890.9
1658.9,-14886.2
1659,-14883.8
1659.1,-14891.4
1659.2,-14889.9
1659.3,-14889.7
1659.4,-14890.7
1659.5,-14882.6
1659.6,-14900.4
1659.7,-14894.4
1659.8,-14898.6
1659.9,-14886
1660,-14891.5
1660.1,-14891.2
1660.2,-14895.4
1660.3,-14899.6
1660.4,-14889.1
1660.5,-14902.4
1660.6,-14894.2
1660.7,-14878.2
1660.8,-14882.4
1660.9,-14893.3
1661,-14893
1661.1,-14886.9
1661.2,-14894.4
1661.3,-14896.5
1661.4,-14886.3
1661.5,-14900.4
1661.6,-14889.7
1661.7,-14889.4
1661.8,-14893.5
1661.9,-14882
1662,-14903.1
1662.1,-14892.5
1662.2,-14890.9
1662.3,-14886
1662.4,-14894.6
1662.5,-14883
1662.6,-14878.2
1662.7,-14893.5
1662.8,-14891.8
1662.9,-14895.9
1663,-14878.6
1663.1,-14879.4
1663.2,-14879
1663.3,-14888.6
1663.4,-14892.7
1663.5,-14891
1663.6,-14879.4
1663.7,-14879
1663.8,-14900
1663.9,-14876.8
1664,-14890.8
1664.1,-14885
1664.2,-14894.5
1664.3,-14894
1664.4,-14883.6
1664.5,-14891.8
1664.6,-14874.4
1664.7,-14898.7
1664.8,-14893.7
1664.9,-14892
1665,-14897.3
1665.1,-14878.6
1665.2,-14876.8
1665.3,-14892.1
1665.4,-14891.6
1665.5,-14895.6
1665.6,-14895.1
1665.7,-14893.3
1665.8,-14890.3
1665.9,-14894.3
1666,-14888
1666.1,-14887.5
1666.2,-14901.8
1666.3,-14872.7
1666.4,-14886.7
1666.5,-14886.1
1666.6,-14884.3
1666.7,-14883.8
1666.8,-14892.3
1666.9,-14895
1667,-14893.2
1667.1,-14882.3
1667.2,-14888.4
1667.3,-14889
1667.4,-14897.4
1667.5,-14891.1
1667.6,-14884.7
1667.7,-14885
1667.8,-14888.9
1667.9,-14889.5
1668,-14897.9
1668.1,-14893.6
1668.2,-14886
1668.3,-14882.1
1668.4,-14884.7
1668.5,-14887.4
1668.6,-14886.7
1668.7,-14892.7
1668.8,-14886.3
1668.9,-14883.2
1669,-14891.6
1669.1,-14881.8
1669.2,-14893.6
1669.3,-14885.9
1669.4,-14882.7
1669.5,-14902.3
1669.6,-14889.2
1669.7,-14887.3
1669.8,-14886.6
1669.9,-14894.7
1670,-14897.2
1670.1,-14889.5
1670.2,-14902.4
1670.3,-14884.8
1670.4,-14888.6
1670.5,-14901.1
1670.6,-14883.4
1670.7,-14900.4
1670.8,-14894
1670.9,-14892
1671,-14890.1
1671.1,-14892.6
1671.2,-14897.2
1671.3,-14896.4
1671.4,-14889.9
1671.5,-14888
1671.6,-14890.5
1671.7,-14882.7
1671.8,-14889.7
1671.9,-14891.1
1672,-14889.1
1672.1,-14890.3
1672.2,-14894.1
1672.3,-14883
1672.4,-14887.6
1672.5,-14890.1
1672.6,-14903.7
1672.7,-14886
1672.8,-14893
1672.9,-14887.6
1673,-14893.4
1673.1,-14890.1
1673.2,-14888.1
1673.3,-14890.6
1673.4,-14890.9
1673.5,-14892.1
1673.6,-14887.6
1673.7,-14882.2
1673.8,-14886.8
1673.9,-14889.2
1674,-14888.3
1674.1,-14887.5
1674.2,-14888.6
1674.3,-14888.6
1674.4,-14891.1
1674.5,-14885.6
1674.6,-14897.1
1674.7,-14895
1674.8,-14891.6
1674.9,-14889.5
1675,-14890.6
1675.1,-14893
1675.2,-14895.4
1675.3,-14888.8
1675.4,-14889.9
1675.5,-14886.5
1675.6,-14901.3
1675.7,-14900.3
1675.8,-14892.4
1675.9,-14900.5
1676,-14891.3
1676.1,-14892.4
1676.2,-14894.8
1676.3,-14886.9
1676.4,-14889.2
1676.5,-14875.9
1676.6,-14892.6
1676.7,-14889.2
1676.8,-14890.3
1676.9,-14892.6
1677,-14890.4
1677.1,-14897.2
1677.2,-14893.8
1677.3,-14889.1
1677.4,-14891.4
1677.5,-14895.8
1677.6,-14885.7
1677.7,-14876.8
1677.8,-14893.6
1677.9,-14894.6
1678,-14891.1
1678.1,-14887.6
1678.2,-14889.9
1678.3,-14881
1678.4,-14892
1678.5,-14884
1678.6,-14892.8
1678.7,-14881.5
1678.8,-14883.7
1678.9,-14889.2
1679,-14890.2
1679.1,-14894.5
1679.2,-14886.5
1679.3,-14887.5
1679.4,-14898.7
1679.5,-14893.1
1679.6,-14883.8
1679.7,-14882.4
1679.8,-14904.8
1679.9,-14900
1680,-14906.7
1680.1,-14892
1680.2,-14888.4
1680.3,-14894.8
1680.4,-14901.5
1680.5,-14881
1680.6,-14881.9
1680.7,-14888.6
1680.8,-14883.8
1680.9,-14880.2
1681,-14895.5
1681.1,-14886.5
1681.2,-14891.9
1681.3,-14881.7
1681.4,-14879
1681.5,-14879.9
1681.6,-14876.3
1681.7,-14881.7
1681.8,-14887.1
1681.9,-14888
1682,-14894.3
1682.1,-14879.5
1682.2,-14894.8
1682.3,-14901.4
1682.4,-14897.8
1682.5,-14898.6
1682.6,-14893.7
1682.7,-14884.3
1682.8,-14894.2
1682.9,-14889.3
1683,-14891.4
1683.1,-14896.7
1683.2,-14883.1
1683.3,-14898.4
1683.4,-14908.3
1683.5,-14872.9
1683.6,-14879.5
1683.7,-14896
1683.8,-14885.6
1683.9,-14880.7
1684,-14886
1684.1,-14886.8
1684.2,-14881.8
1684.3,-14888.4
1684.4,-14881.3
1684.5,-14880.9
1684.6,-14881.7
1684.7,-14884.5
1684.8,-14885.3
1684.9,-14882.8
1685,-14889.3
1685.1,-14888.8
1685.2,-14883.8
1685.3,-14891.2
1685.4,-14878.3
1685.5,-14889.4
1685.6,-14890.1
1685.7,-14885.1
1685.8,-14880.1
1685.9,-14885.3
1686,-14888.2
1686.1,-14885.6
1686.2,-14885.4
1686.3,-14885.8
1686.4,-14886.5
1686.5,-14886
1686.6,-14880.9
1686.7,-14890.7
1686.8,-14891.4
1686.9,-14876
1687,-14889.1
1687.1,-14888.6
1687.2,-14885.9
1687.3,-14885.4
1687.4,-14890.5
1687.5,-14885.5
1687.6,-14888.2
1687.7,-14887.7
1687.8,-14889.5
1687.9,-14890.2
1688,-14890.8
1688.1,-14892.4
1688.2,-14886
1688.3,-14891.2
1688.4,-14890.6
1688.5,-14877.6
1688.6,-14884
1688.7,-14891.3
1688.8,-14883.6
1688.9,-14888.8
1689,-14883.7
1689.1,-14884.3
1689.2,-14905.1
1689.3,-14898.7
1689.4,-14892.3
1689.5,-14876
1689.6,-14891.1
1689.7,-14896.2
1689.8,-14885.6
1689.9,-14894.9
1690,-14888.5
1690.1,-14882.4
1690.2,-14892.9
1690.3,-14881
1690.4,-14886.1
1690.5,-14895.4
1690.6,-14893.5
1690.7,-14888.3
1690.8,-14893.4
1690.9,-14888.2
1691,-14887.5
1691.1,-14890
1691.2,-14889.4
1691.3,-14882.9
1691.4,-14890
1691.5,-14895.1
1691.6,-14891
1691.7,-14884.9
1691.8,-14895.4
1691.9,-14888.9
1692,-14888.2
1692.1,-14891.9
1692.2,-14901.5
1692.3,-14881.7
1692.4,-14894.2
1692.5,-14893.5
1692.6,-14892.8
1692.7,-14879.6
1692.8,-14884.6
1692.9,-14879.3
1693,-14893
1693.1,-14887.7
1693.2,-14875.8
1693.3,-14879.5
1693.4,-14887.7
1693.5,-14892.7
1693.6,-14886.2
1693.7,-14879.6
1693.8,-14899.1
1693.9,-14887.1
1694,-14876
1694.1,-14886.7
1694.2,-14894.6
1694.3,-14888.1
1694.4,-14896.3
1694.5,-14884.3
1694.6,-14877.7
1694.7,-14882.6
1694.8,-14880.6
1694.9,-14895.4
1695,-14897.9
1695.1,-14886.8
1695.2,-14890.4
1695.3,-14878.4
1695.4,-14871.8
1695.5,-14891.2
1695.6,-14893.6
1695.7,-14892.7
1695.8,-14891.9
1695.9,-14874
1696,-14887.6
1696.1,-14885.5
1696.2,-14878
1696.3,-14892.8
1696.4,-14891.9
1696.5,-14889.8
1696.6,-14892.2
1696.7,-14890
1696.8,-14883.4
1696.9,-14894.8
1697,-14886.1
1697.1,-14888.4
1697.2,-14898.6
1697.3,-14888.6
1697.4,-14889.8
1697.5,-14887.7
1697.6,-14891.2
1697.7,-14891.5
1697.8,-14883.6
1697.9,-14887.1
1698,-14882.5
1698.1,-14901.8
1698.2,-14883.9
1698.3,-14897.7
1698.4,-14887.7
1698.5,-14893.3
1698.6,-14891.1
1698.7,-14876.6
1698.8,-14886.7
1698.9,-14886.9
1699,-14886
1699.1,-14891.6
1699.2,-14889.4
1699.3,-14887.1
1699.4,-14895.2
1699.5,-14878.4
1699.6,-14893.1
1699.7,-14885.1
1699.8,-14882.9
1699.9,-14893
1700,-14887.4
1700.1,-14895.4
1700.2,-14878.7
1700.3,-14870.7
1700.4,-14872.9
1700.5,-14890.9
1700.6,-14883.2
1700.7,-14896.6
1700.8,-14889.8
1700.9,-14876.3
1701,-14872.8
1701.1,-14870.5
1701.2,-14883
1701.3,-14880.7
1701.4,-14884.2
1701.5,-14880.6
1701.6,-14888.3
1701.7,-14874.8
1701.8,-14882.7
1701.9,-14896.1
1702,-14878.1
1702.1,-14890.2
1702.2,-14892.4
1702.3,-14883.4
1702.4,-14892.2
1702.5,-14894.4
1702.6,-14876.4
1702.7,-14877.3
1702.8,-14895.2
1702.9,-14887.1
1703,-14884.7
1703.1,-14882.3
1703.2,-14890.2
1703.3,-14886.6
1703.4,-14871.8
1703.5,-14885.2
1703.6,-14881.6
1703.7,-14892.8
1703.8,-14887.1
1703.9,-14887.9
1704,-14879.8
1704.1,-14885.3
1704.2,-14882.9
1704.3,-14889.5
1704.4,-14883.7
1704.5,-14890.4
1704.6,-14882.2
1704.7,-14874
1704.8,-14888.5
1704.9,-14878.2
1705,-14884.8
1705.1,-14897.2
1705.2,-14889
1705.3,-14887.4
1705.4,-14889.5
1705.5,-14888.2
1705.6,-14874.6
1705.7,-14882.4
1705.8,-14884.2
1705.9,-14880.5
1706,-14887
1706.1,-14889.1
1706.2,-14875.4
1706.3,-14877.5
1706.4,-14894
1706.5,-14885.7
1706.6,-14892.3
1706.7,-14872.9
1706.8,-14874.9
1706.9,-14876.9
1707,-14888.9
1707.1,-14879.4
1707.2,-14885.9
1707.3,-14876.7
1707.4,-14888.7
1707.5,-14890.7
1707.6,-14886.9
1707.7,-14887.7
1707.8,-14888.5
1707.9,-14879.3
1708,-14891.2
1708.1,-14877.5
1708.2,-14893.9
1708.3,-14890.1
1708.4,-14879.7
1708.5,-14887.1
1708.6,-14883.3
1708.7,-14891
1708.8,-14886
1708.9,-14886.7
1709,-14891.9
1709.1,-14888.1
1709.2,-14884.3
1709.3,-14886.3
1709.4,-14887
1709.5,-14887.7
1709.6,-14896.2
1709.7,-14887.9
1709.8,-14884.1
1709.9,-14887.1
1710,-14889.1
1710.1,-14888.5
1710.2,-14884.7
1710.3,-14880.8
1710.4,-14887.2
1710.5,-14892.4
1710.6,-14878.6
1710.7,-14884.7
1710.8,-14880.8
1710.9,-14881.5
1711,-14887.9
1711.1,-14893
1711.2,-14878
1711.3,-14874.1
1711.4,-14880.2
1711.5,-14886.6
1711.6,-14887.2
1711.7,-14887.8
1711.8,-14887.5
1711.9,-14873.3
1712,-14889.6
1712.1,-14873.3
1712.2,-14885.1
1712.3,-14872.4
1712.4,-14876.4
1712.5,-14886.9
1712.6,-14887.5
1712.7,-14888.1
1712.8,-14871.7
1712.9,-14870.2
1713,-14866.3
1713.1,-14879.2
1713.2,-14884
1713.3,-14884.6
1713.4,-14885.1
1713.5,-14875.8
1713.6,-14892
1713.7,-14882.3
1713.8,-14881.6
1713.9,-14882.2
1714,-14881.5
1714.1,-14887.8
1714.2,-14872.6
1714.3,-14883.1
1714.4,-14882.4
1714.5,-14877.2
1714.6,-14871
1714.7,-14882.7
1714.8,-14883.3
1714.9,-14885.9
1715,-14881.8
1715.1,-14882.3
1715.2,-14878.3
1715.3,-14885.4
1715.4,-14873.6
1715.5,-14883.1
1715.6,-14883.6
1715.7,-14877.1
1715.8,-14877.6
1715.9,-14882.6
1716,-14883.1
1716.1,-14883.5
1716.2,-14882.8
1716.3,-14882
1716.4,-14890.3
1716.5,-14877.2
1716.6,-14877.7
1716.7,-14888.4
1716.8,-14881.8
1716.9,-14886.8
1717,-14877
1717.1,-14889.8
1717.2,-14881.2
1717.3,-14874.9
1717.4,-14869.6
1717.5,-14884.5
1717.6,-14879.2
1717.7,-14884.1
1717.8,-14872.1
1717.9,-14877
1718,-14893.1
1718.1,-14882.1
1718.2,-14887
1718.3,-14881.6
1718.4,-14870.9
1718.5,-14874.5
1718.6,-14889.4
1718.7,-14884
1718.8,-14883.2
1718.9,-14882.3
1719,-14891.7
1719.1,-14881.9
1719.2,-14875.3
1719.3,-14883.5
1719.4,-14881.4
1719.5,-14868.2
1719.6,-14877.5
1719.7,-14872.2
1719.8,-14882.8
1719.9,-14886.4
1720,-14885.5
1720.1,-14878.9
1720.2,-14882.5
1720.3,-14882.8
1720.4,-14887.7
1720.5,-14886.8
1720.6,-14868.9
1720.7,-14868
1720.8,-14888.6
1720.9,-14867.4
1721,-14866.5
1721.1,-14885.8
1721.2,-14889.4
1721.3,-14877.3
1721.4,-14887.5
1721.5,-14892.3
1721.6,-14875.7
1721.7,-14879.3
1721.8,-14872.6
1721.9,-14882.8
1722,-14886.4
1722.1,-14880.9
1722.2,-14864.3
1722.3,-14872.3
1722.4,-14887.1
1722.5,-14886.1
1722.6,-14879.4
1722.7,-14878.4
1722.8,-14872
1722.9,-14885.5
1723,-14872.1
1723.1,-14882.3
1723.2,-14881.3
1723.3,-14884.8
1723.4,-14872.6
1723.5,-14870.4
1723.6,-14880.6
1723.7,-14879.6
1723.8,-14885.2
1723.9,-14884.2
1724,-14885.6
1724.1,-14877.6
1724.2,-14883.2
1724.3,-14877.6
1724.4,-14875.4
1724.5,-14884.6
1724.6,-14884.7
1724.7,-14868
1724.8,-14876.9
1724.9,-14874.6
1725,-14873.6
1725.1,-14877.1
1725.2,-14869.3
1725.3,-14884
1725.4,-14877.2
1725.5,-14887.2
1725.6,-14878.3
1725.7,-14866.1
1725.8,-14874
1725.9,-14872.9
1726,-14881.8
1726.1,-14884
1726.2,-14882.9
1726.3,-14869.4
1726.4,-14884
1726.5,-14882.9
1726.6,-14880.6
1726.7,-14878.3
1726.8,-14875.9
1726.9,-14883.8
1727,-14877
1727.1,-14880.4
1727.2,-14873.5
1727.3,-14875.7
1727.4,-14873.3
1727.5,-14881.2
1727.6,-14874.4
1727.7,-14883.5
1727.8,-14875.4
1727.9,-14877.5
1728,-14879.7
1728.1,-14880.6
1728.2,-14871.6
1728.3,-14875
1728.4,-14877.1
1728.5,-14876.8
1728.6,-14871.1
1728.7,-14864.2
1728.8,-14879.9
1728.9,-14877.5
1729,-14878.7
1729.1,-14875.1
1729.2,-14877.2
1729.3,-14888.4
1729.4,-14878.1
1729.5,-14875.7
1729.6,-14883.5
1729.7,-14864.1
1729.8,-14883.2
1729.9,-14870.5
1730,-14886.1
1730.1,-14875.9
1730.2,-14868
1730.3,-14870
1730.4,-14878.8
1730.5,-14880.8
1730.6,-14878.4
1730.7,-14875.9
1730.8,-14872.5
1730.9,-14880
1731,-14873
1731.1,-14877.2
1731.2,-14877.1
1731.3,-14874.6
1731.4,-14865.5
1731.5,-14876.3
1731.6,-14873.8
1731.7,-14875.8
1731.8,-14877.9
1731.9,-14872
1732,-14879.8
1732.1,-14870.3
1732.2,-14875.7
1732.3,-14877.7
1732.4,-14879.7
1732.5,-14877.2
1732.6,-14877
1732.7,-14882.4
1732.8,-14878.6
1732.9,-14876.1
1733,-14878.1
1733.1,-14876.7
1733.2,-14874.2
1733.3,-14876.1
1733.4,-14873.6
1733.5,-14877.7
1733.6,-14884.2
1733.7,-14878.3
1733.8,-14874.5
1733.9,-14883.4
1734,-14879.6
1734.1,-14880.3
1734.2,-14860.8
1734.3,-14874
1734.4,-14875.9
1734.5,-14883.6
1734.6,-14869.5
1734.7,-14876
1734.8,-14876.7
1734.9,-14874.1
1735,-14876
1735.1,-14877.9
1735.2,-14874.1
1735.3,-14876
1735.4,-14881.2
1735.5,-14878.6
1735.6,-14870.2
1735.7,-14876.7
1735.8,-14878.5
1735.9,-14878
1736,-14869.6
1736.1,-14867
1736.2,-14868.9
1736.3,-14875.3
1736.4,-14866
1736.5,-14866.6
1736.6,-14873.9
1736.7,-14875.8
1736.8,-14871.9
1736.9,-14862.6
1737,-14870.2
1737.1,-14876.3
1737.2,-14872.4
1737.3,-14882.1
1737.4,-14870.3
1737.5,-14876.7
1737.6,-14873.1
1737.7,-14879.1
1737.8,-14883.1
1737.9,-14871.3
1738,-14877.7
1738.1,-14884
1738.2,-14868.9
1738.3,-14880.7
1738.4,-14876.8
1738.5,-14877.4
1738.6,-14873.4
1738.7,-14879.7
1738.8,-14875.8
1738.9,-14871.9
1739,-14875.8
1739.1,-14870.6
1739.2,-14876.9
1739.3,-14879.9
1739.4,-14881.7
1739.5,-14875.3
1739.6,-14870.1
1739.7,-14876.4
1739.8,-14877
1739.9,-14877.5
1740,-14865.7
1740.1,-14873.2
1740.2,-14872.5
1740.3,-14873
1740.4,-14873.5
1740.5,-14869.6
1740.6,-14871.3
1740.7,-14871.8
1740.8,-14872.3
1740.9,-14872.9
1741,-14872.1
1741.1,-14868.1
1741.2,-14877.7
1741.3,-14876.1
1741.4,-14870.9
1741.5,-14870.1
1741.6,-14883
1741.7,-14884.7
1741.8,-14872.8
1741.9,-14873.3
1742,-14873.8
1742.1,-14873.1
1742.2,-14876.9
1742.3,-14867.1
1742.4,-14873.3
1742.5,-14870.4
1742.6,-14883.2
1742.7,-14878
1742.8,-14868.2
1742.9,-14874.4
1743,-14874.8
1743.1,-14861.7
1743.2,-14870
1743.3,-14869.2
1743.4,-14874.1
1743.5,-14880
1743.6,-14875
1743.7,-14875.4
1743.8,-14868
1743.9,-14870.6
1744,-14871
1744.1,-14881.4
1744.2,-14881.8
1744.3,-14871
1744.4,-14873.8
1744.5,-14876.3
1744.6,-14871
1744.7,-14881.4
1744.8,-14887.5
1744.9,-14868.8
1745,-14873.7
1745.1,-14876.2
1745.2,-14870.9
1745.3,-14885.8
1745.4,-14870.4
1745.5,-14872
1745.6,-14880.2
1745.7,-14886
1745.8,-14880.7
1745.9,-14879.8
1746,-14863.3
1746.1,-14870.5
1746.2,-14874.2
1746.3,-14884.5
1746.4,-14873.4
1746.5,-14872.5
1746.6,-14866.2
1746.7,-14871
1746.8,-14865.7
1746.9,-14863.9
1747,-14885.3
1747.1,-14869.9
1747.2,-14873.5
1747.3,-14889.6
1747.4,-14879.6
1747.5,-14862.1
1747.6,-14863.4
1747.7,-14866.9
1747.8,-14863.9
1747.9,-14872.1
1748,-14871.1
1748.1,-14871.4
1748.2,-14864.8
1748.3,-14874.1
1748.4,-14869.8
1748.5,-14872.2
1748.6,-14858.9
1748.7,-14869.5
1748.8,-14875.1
1748.9,-14874.2
1749,-14884.4
1749.1,-14863.3
1749.2,-14878
1749.3,-14867.1
1749.4,-14876.1
1749.5,-14863.9
1749.6,-14878.7
1749.7,-14873.2
1749.8,-14872.2
1749.9,-14882.7
1750,-14870.5
1750.1,-14874.1
1750.2,-14862.8
1750.3,-14867.6
1750.4,-14882.3
1750.5,-14868
1750.6,-14867
1750.7,-14873.8
1750.8,-14878.3
1750.9,-14877.3
1751,-14860.6
1751.1,-14869.8
1751.2,-14873.3
1751.3,-14888
1751.4,-14866.8
1751.5,-14880.2
1751.6,-14879.2
1751.7,-14872.7
1751.8,-14876.2
1751.9,-14864.9
1752,-14863.9
1752.1,-14877.3
1752.2,-14870.8
1752.3,-14884.2
1752.4,-14877.7
1752.5,-14871
1752.6,-14885.6
1752.7,-14878.8
1752.8,-14876.5
1752.9,-14870
1753,-14864.4
1753.1,-14873.6
1753.2,-14866.8
1753.3,-14860
1753.4,-14867.9
1753.5,-14875.9
1753.6,-14865.8
1753.7,-14867.1
1753.8,-14860.3
1753.9,-14865.8
1754,-14873.7
1754.1,-14881.6
1754.2,-14868.2
1754.3,-14872.8
1754.4,-14877.1
1754.5,-14862.4
1754.6,-14865.8
1754.7,-14864.7
1754.8,-14876
1754.9,-14871.5
1755,-14864.6
1755.1,-14862.3
1755.2,-14872.3
1755.3,-14871.2
1755.4,-14862.2
1755.5,-14865.6
1755.6,-14871.1
1755.7,-14873.2
1755.8,-14876.6
1755.9,-14869.7
1756,-14867.3
1756.1,-14876.4
1756.2,-14871.9
1756.3,-14869.5
1756.4,-14875
1756.5,-14873.8
1756.6,-14865.7
1756.7,-14869
1756.8,-14874.8
1756.9,-14876.9
1757,-14870
1757.1,-14870.9
1757.2,-14866.4
1757.3,-14868.5
1757.4,-14856.1
1757.5,-14868.2
1757.6,-14867
1757.7,-14864.5
1757.8,-14862.1
1757.9,-14869.9
1758,-14877.7
1758.1,-14860.6
1758.2,-14871.7
1758.3,-14863.6
1758.4,-14865.6
1758.5,-14873.4
1758.6,-14868.8
1758.7,-14868.5
1758.8,-14861.6
1758.9,-14863.6
1759,-14876.9
1759.1,-14868.9
1759.2,-14868.9
1759.3,-14872.1
1759.4,-14871.8
1759.5,-14869.3
1759.6,-14866.8
1759.7,-14861
1759.8,-14873.3
1759.9,-14850.6
1760,-14865.9
1760.1,-14864.6
1760.2,-14862.1
1760.3,-14869.9
1760.4,-14867.4
1760.5,-14870.6
1760.6,-14880.5
1760.7,-14872.2
1760.8,-14868.5
1760.9,-14868.4
1761,-14860.2
1761.1,-14871.2
1761.2,-14868.7
1761.3,-14865
1761.4,-14867
1761.5,-14865.6
1761.6,-14875.4
1761.7,-14878.6
1761.8,-14864.6
1761.9,-14871.1
1762,-14867.4
1762.1,-14864.8
1762.2,-14857.8
1762.3,-14865.5
1762.4,-14873.1
1762.5,-14869.4
1762.6,-14870.1
1762.7,-14867.5
1762.8,-14865
1762.9,-14866.9
1763,-14868.9
1763.1,-14865.1
1763.2,-14867
1763.3,-14884.7
1763.4,-14860.7
1763.5,-14872.8
1763.6,-14864.5
1763.7,-14865.2
1763.8,-14858.1
1763.9,-14855.5
1764,-14871
1764.1,-14867.2
1764.2,-14861.2
1764.3,-14869.7
1764.4,-14877.1
1764.5,-14863.3
1764.6,-14859.5
1764.7,-14861.4
1764.8,-14867.8
1764.9,-14861.8
1765,-14858
1765.1,-14857.5
1765.2,-14863.9
1765.3,-14865.8
1765.4,-14864.3
1765.5,-14850.5
1765.6,-14862.3
1765.7,-14858.5
1765.8,-14864.8
1765.9,-14861
1766,-14867.3
1766.1,-14864.7
1766.2,-14868.7
1766.3,-14859.1
1766.4,-14875.4
1766.5,-14867.3
1766.6,-14867.9
1766.7,-14869.7
1766.8,-14865.8
1766.9,-14877.7
1767,-14873.8
1767.1,-14858.7
1767.2,-14865
1767.3,-14861.1
1767.4,-14873.2
1767.5,-14863.5
1767.6,-14865.3
1767.7,-14862.6
1767.8,-14863.2
1767.9,-14859.3
1768,-14866.8
1768.1,-14875.2
1768.2,-14870.1
1768.3,-14862.8
1768.4,-14872.5
1768.5,-14874.3
1768.6,-14862.5
1768.7,-14863
1768.8,-14865.7
1768.9,-14858.5
1769,-14872.6
1769.1,-14856.3
1769.2,-14870.4
1769.3,-14865.2
1769.4,-14865.8
1769.5,-14858.5
1769.6,-14866.9
1769.7,-14862.9
1769.8,-14869.2
1769.9,-14869.7
1770,-14869.1
1770.1,-14863.9
1770.2,-14865.6
1770.3,-14866.1
1770.4,-14864.5
1770.5,-14865
1770.6,-14865.6
1770.7,-14860.4
1770.8,-14868.7
1770.9,-14864.7
1771,-14863.1
1771.1,-14862.4
1771.2,-14867.4
1771.3,-14857.7
1771.4,-14867.2
1771.5,-14854.2
1771.6,-14868.2
1771.7,-14865.4
1771.8,-14860.1
1771.9,-14868.5
1772,-14863.2
1772.1,-14863.7
1772.2,-14864.2
1772.3,-14867
1772.4,-14863.9
1772.5,-14859.9
1772.6,-14870.3
1772.7,-14859.6
1772.8,-14860.1
1772.9,-14857.2
1773,-14866.7
1773.1,-14861.4
1773.2,-14877.6
1773.3,-14856.6
1773.4,-14861.6
1773.5,-14858.7
1773.6,-14854.6
1773.7,-14861.7
1773.8,-14856.4
1773.9,-14861.3
1774,-14876.2
1774.1,-14858.8
1774.2,-14861.4
1774.3,-14866.3
1774.4,-14861
1774.5,-14865.9
1774.6,-14860.6
1774.7,-14865.5
1774.8,-14861.4
1774.9,-14876.3
1775,-14865.3
1775.1,-14870.2
1775.2,-14875.1
1775.3,-14869.8
1775.4,-14870.2
1775.5,-14875.1
1775.6,-14874.2
1775.7,-14857.7
1775.8,-14872.6
1775.9,-14868.5
1776,-14868.8
1776.1,-14862.5
1776.2,-14857.2
1776.3,-14876.5
1776.4,-14875.7
1776.5,-14854.6
1776.6,-14875.2
1776.7,-14864.3
1776.8,-14859
1776.9,-14852.4
1777,-14862.7
1777.1,-14867.6
1777.2,-14856.7
1777.3,-14851.4
1777.4,-14866.2
1777.5,-14869.8
1777.6,-14872.3
1777.7,-14863.6
1777.8,-14876.2
1777.9,-14863
1778,-14856.6
1778.1,-14876
1778.2,-14870.6
1778.3,-14863.9
1778.4,-14868.8
1778.5,-14867.9
1778.6,-14862.7
1778.7,-14870.6
1778.8,-14853.9
1778.9,-14864.2
1779,-14867.8
1779.1,-14868.1
1779.2,-14866.2
1779.3,-14860.8
1779.4,-14877.7
1779.5,-14866.6
1779.6,-14871.3
1779.7,-14862.6
1779.8,-14871.8
1779.9,-14865.4
1780,-14864.3
1780.1,-14863.3
1780.2,-14872.6
1780.3,-14871.6
1780.4,-14859.5
1780.5,-14859.7
1780.6,-14873.3
1780.7,-14872.3
1780.8,-14865.7
1780.9,-14859.2
1781,-14857
1781.1,-14861.8
1781.2,-14855.1
1781.3,-14858.6
1781.4,-14867.6
1781.5,-14855.5
1781.6,-14875.9
1781.7,-14854.7
1781.8,-14868.2
1781.9,-14861.5
1782,-14865
1782.1,-14851.6
1782.2,-14867.5
1782.3,-14866.5
1782.4,-14875.8
1782.5,-14869
1782.6,-14866.8
1782.7,-14870.3
1782.8,-14863.6
1782.9,-14868.3
1783,-14851.6
1783.1,-14875.3
1783.2,-14847.1
1783.3,-14855.1
1783.4,-14854.1
1783.5,-14857.5
1783.6,-14856.5
1783.7,-14870
1783.8,-14852
1783.9,-14855.5
1784,-14859
1784.1,-14872.4
1784.2,-14855.7
1784.3,-14857.9
1784.4,-14855.6
1784.5,-14870.3
1784.6,-14863.5
1784.7,-14867
1784.8,-14870.4
1784.9,-14863.9
1785,-14860.4
1785.1,-14869.3
1785.2,-14868.2
1785.3,-14865.9
1785.4,-14875.1
1785.5,-14857.1
1785.6,-14856
1785.7,-14857
1785.8,-14850.2
1785.9,-14858.1
1786,-14857
1786.1,-14859.2
1786.2,-14867.1
1786.3,-14859.1
1786.4,-14878.2
1786.5,-14854.5
1786.6,-14857.9
1786.7,-14865.8
1786.8,-14864.4
1786.9,-14862.1
1787,-14873.4
1787.1,-14867.7
1787.2,-14865.4
1787.3,-14857.5
1787.4,-14860.9
1787.5,-14874.3
1787.6,-14866.2
1787.7,-14863.9
1787.8,-14851.5
1787.9,-14858.2
1788,-14861.6
1788.1,-14864.7
1788.2,-14866.8
1788.3,-14864.5
1788.4,-14862.1
1788.5,-14868.8
1788.6,-14856.4
1788.7,-14869.8
1788.8,-14861.7
1788.9,-14863.8
1789,-14865.9
1789.1,-14852.4
1789.2,-14855.7
1789.3,-14874.7
1789.4,-14850.9
1789.5,-14851.8
1789.6,-14859.7
1789.7,-14857.3
1789.8,-14871.8
1789.9,-14858.2
1790,-14876
1790.1,-14852.2
1790.2,-14858.8
1790.3,-14866.4
1790.4,-14863.9
1790.5,-14851.5
1790.6,-14873.8
1790.7,-14870.2
1790.8,-14872.3
1790.9,-14858.7
1791,-14867.5
1791.1,-14869.5
1791.2,-14850.2
1791.3,-14846.6
1791.4,-14868.8
1791.5,-14870.9
1791.6,-14868.5
1791.7,-14854.8
1791.8,-14856.9
1791.9,-14858.9
1792,-14866.5
1792.1,-14864
1792.2,-14866.1
1792.3,-14857.9
1792.4,-14854.5
1792.5,-14866.5
1792.6,-14862.8
1792.7,-14854.7
1792.8,-14862.4
1792.9,-14864.4
1793,-14855.3
1793.1,-14851.6
1793.2,-14853.4
1793.3,-14867.8
1793.4,-14857.4
1793.5,-14861.6
1793.6,-14860.3
1793.7,-14856.8
1793.8,-14858.6
1793.9,-14860.6
1794,-14862.6
1794.1,-14858.9
1794.2,-14849.7
1794.3,-14856.2
1794.4,-14852.5
1794.5,-14864.5
1794.6,-14860.7
1794.7,-14862.7
1794.8,-14869.2
1794.9,-14855.5
1795,-14861.8
1795.1,-14859.2
1795.2,-14854.3
1795.3,-14860.8
1795.4,-14845.9
1795.5,-14864.7
1795.6,-14866.7
1795.7,-14857.2
1795.8,-14863.7
1795.9,-14860
1796,-14849.5
1796.1,-14862.7
1796.2,-14869.1
1796.3,-14860.9
1796.4,-14855.9
1796.5,-14866.9
1796.6,-14851.9
1796.7,-14865
1796.8,-14867
1796.9,-14846.3
1797,-14862.7
1797.1,-14847.7
1797.2,-14853
1797.3,-14854.9
1797.4,-14851.1
1797.5,-14857.3
1797.6,-14858
1797.7,-14863.3
1797.8,-14860.7
1797.9,-14851.2
1798,-14857.6
1798.1,-14864
1798.2,-14859
1798.3,-14859.7
1798.4,-14860.4
1798.5,-14852
1798.6,-14857.2
1798.7,-14864.8
1798.8,-14864.3
1798.9,-14859.3
1799,-14855.5
1799.1,-14856.2
1799.2,-14860.2
1799.3,-14866.6
1799.4,-14858.2
1799.5,-14871.2
1799.6,-14861.7
1799.7,-14863.5
1799.8,-14850.6
1799.9,-14857
1800,-14857.7
1800.1,-14857.1
1800.2,-14857.8
1800.3,-14853.9
1800.4,-14862.4
1800.5,-14859.7
1800.6,-14844.6
1800.7,-14849.8
1800.8,-14866.1
1800.9,-14856.6
1801,-14861.7
1801.1,-14862.3
1801.2,-14851.8
1801.3,-14857.9
1801.4,-14860.6
1801.5,-14848.9
1801.6,-14861.9
1801.7,-14867
1801.8,-14864.3
1801.9,-14850.4
1802,-14855.3
1802.1,-14863.7
1802.2,-14855.3
1802.3,-14866.1
1802.4,-14845.3
1802.5,-14861.6
1802.6,-14862.2
1802.7,-14857.1
1802.8,-14856.5
1802.9,-14861.6
1803,-14862.2
1803.1,-14841.3
1803.2,-14856.4
1803.3,-14851.3
1803.4,-14864.2
1803.5,-14861.5
1803.6,-14860.8
1803.7,-14845.7
1803.8,-14850.8
1803.9,-14862.5
1804,-14845
1804.1,-14865.8
1804.2,-14860.6
1804.3,-14851.2
1804.4,-14861.7
1804.5,-14861.1
1804.6,-14855.9
1804.7,-14865.5
1804.8,-14860.3
1804.9,-14860.8
1805,-14865.9
1805.1,-14860.7
1805.2,-14854.4
1805.3,-14853.7
1805.4,-14862.1
1805.5,-14853.5
1805.6,-14854.1
1805.7,-14859.1
1805.8,-14862.9
1805.9,-14862.2
1806,-14857
1806.1,-14856.4
1806.2,-14856.9
1806.3,-14866.4
1806.4,-14850
1806.5,-14863.8
1806.6,-14858.6
1806.7,-14863.6
1806.8,-14862.9
1806.9,-14852.2
1807,-14845.8
1807.1,-14849.6
1807.2,-14860.1
1807.3,-14849.4
1807.4,-14858.6
1807.5,-14852.4
1807.6,-14857.4
1807.7,-14846.5
1807.8,-14845.8
1807.9,-14845
1808,-14850
1808.1,-14853.8
1808.2,-14850.9
1808.3,-14847.8
1808.4,-14862.7
1808.5,-14862
1808.6,-14855.6
1808.7,-14849.3
1808.8,-14858.8
1808.9,-14863.5
1809,-14857.1
1809.1,-14856.3
1809.2,-14860.1
1809.3,-14863.8
1809.4,-14851.9
1809.5,-14862.3
1809.6,-14857
1809.7,-14855
1809.8,-14854.3
1809.9,-14848
1810,-14856.2
1810.1,-14853.3
1810.2,-14854.7
1810.3,-14859.4
1810.4,-14863.1
1810.5,-14845.4
1810.6,-14854.8
1810.7,-14846.2
1810.8,-14852.1
1810.9,-14845.6
1811,-14865
1811.1,-14847.3
1811.2,-14846.5
1811.3,-14841.1
1811.4,-14850.5
1811.5,-14848.5
1811.6,-14852.2
1811.7,-14850.2
1811.8,-14849.4
1811.9,-14844.1
1812,-14868
1812.1,-14861.4
1812.2,-14849.4
1812.3,-14867.6
1812.4,-14856.6
1812.5,-14860.2
1812.6,-14865.1
1812.7,-14841.7
1812.8,-14859.8
1812.9,-14868
1813,-14841.2
1813.1,-14860.6
1813.2,-14838.3
1813.3,-14867.9
1813.4,-14845.7
1813.5,-14848.1
1813.6,-14847.2
1813.7,-14845.2
1813.8,-14843.1
1813.9,-14848
1814,-14866.1
1814.1,-14847.2
1814.2,-14862
1814.3,-14839.7
1814.4,-14863.5
1814.5,-14851.5
1814.6,-14853.9
1814.7,-14850.6
1814.8,-14849.7
1814.9,-14857.6
1815,-14861.3
1815.1,-14853.7
1815.2,-14853.9
1815.3,-14855.2
1815.4,-14848.6
1815.5,-14846.5
1815.6,-14860.1
1815.7,-14852.5
1815.8,-14848.2
1815.9,-14848.3
1816,-14857.4
1816.1,-14855.3
1816.2,-14842
1816.3,-14844.4
1816.4,-14852.4
1816.5,-14845.8
1816.6,-14859.4
1816.7,-14851.6
1816.8,-14855.1
1816.9,-14856.3
1817,-14844.2
1817.1,-14847.8
1817.2,-14855.6
1817.3,-14853.5
1817.4,-14855.9
1817.5,-14842.5
1817.6,-14849.4
1817.7,-14848.4
1817.8,-14856.3
1817.9,-14854.1
1818,-14856.5
1818.1,-14858.8
1818.2,-14851.2
1818.3,-14849
1818.4,-14839
1818.5,-14849.2
1818.6,-14867.3
1818.7,-14848.2
1818.8,-14855
1818.9,-14852.9
1819,-14854.2
1819.1,-14846.4
1819.2,-14847.5
1819.3,-14844.1
1819.4,-14851
1819.5,-14845.4
1819.6,-14843.2
1819.7,-14847.7
1819.8,-14850
1819.9,-14838.8
1820,-14860.1
1820.1,-14862.5
1820.2,-14844.5
1820.3,-14852.5
1820.4,-14849.2
1820.5,-14856
1820.6,-14848
1820.7,-14845.8
1820.8,-14848.1
1820.9,-14850.4
1821,-14844.8
1821.1,-14848.1
1821.2,-14861.6
1821.3,-14863.8
1821.4,-14866.1
1821.5,-14847
1821.6,-14849.3
1821.7,-14850.4
1821.8,-14858.1
1821.9,-14844.7
1822,-14862.7
1822.1,-14843.5
1822.2,-14848.1
1822.3,-14852.5
1822.4,-14849.1
1822.5,-14851.3
1822.6,-14853.6
1822.7,-14842.3
1822.8,-14854.7
1822.9,-14853.5
1823,-14854.5
1823.1,-14851
1823.2,-14848.8
1823.3,-14849.8
1823.4,-14848.7
1823.5,-14849.8
1823.6,-14841.8
1823.7,-14840.5
1823.8,-14841.5
1823.9,-14853.9
1824,-14842.6
1824.1,-14852.7
1824.2,-14849.2
1824.3,-14845.7
1824.4,-14842.2
1824.5,-14858.9
1824.6,-14849.9
1824.7,-14847.6
1824.8,-14843
1824.9,-14855.2
1825,-14851.7
1825.1,-14847.2
1825.2,-14843.7
1825.3,-14840.2
1825.4,-14859.2
1825.5,-14854.5
1825.6,-14855.5
1825.7,-14856.5
1825.8,-14841.8
1825.9,-14859.7
1826,-14845
1826.1,-14857.2
1826.2,-14832.2
1826.3,-14859.1
1826.4,-14844.4
1826.5,-14862.3
1826.6,-14858.7
1826.7,-14854
1826.8,-14850.5
1826.9,-14855.9
1827,-14851.2
1827.1,-14857.9
1827.2,-14860
1827.3,-14840.8
1827.4,-14856.2
1827.5,-14841.5
1827.6,-14847
1827.7,-14859.1
1827.8,-14861.2
1827.9,-14846.5
1828,-14841.7
1828.1,-14847.2
1828.2,-14846.9
1828.3,-14843.4
1828.4,-14839.8
1828.5,-14840.7
1828.6,-14851.9
1828.7,-14844.9
1828.8,-14844.7
1828.9,-14845.6
1829,-14846.5
1829.1,-14841.7
1829.2,-14854
1829.3,-14848.1
1829.4,-14846.6
1829.5,-14843
1829.6,-14844
1829.7,-14850.6
1829.8,-14842.4
1829.9,-14843.3
1830,-14846.4
1830.1,-14858.5
1830.2,-14853.7
1830.3,-14843.4
1830.4,-14844.3
1830.5,-14841.8
1830.6,-14844.9
1830.7,-14841.2
1830.8,-14840.9
1830.9,-14857.5
1831,-14847.2
1831.1,-14848.1
1831.2,-14853.3
1831.3,-14854.1
1831.4,-14855
1831.5,-14828.8
1831.6,-14838.7
1831.7,-14841.9
1831.8,-14850.4
1831.9,-14850.1
1832,-14854.3
1832.1,-14853.9
1832.2,-14850.3
1832.3,-14856.8
1832.4,-14836.3
1832.5,-14847.1
1832.6,-14842.3
1832.7,-14852.1
1832.8,-14851.8
1832.9,-14857.1
1833,-14858
1833.1,-14847.4
1833.2,-14847.1
1833.3,-14847.9
1833.4,-14841.8
1833.5,-14851.7
1833.6,-14846.8
1833.7,-14853.3
1833.8,-14847.3
1833.9,-14851.4
1834,-14852.2
1834.1,-14840.7
1834.2,-14841.5
1834.3,-14836.6
1834.4,-14851.9
1834.5,-14835.8
1834.6,-14855.6
1834.7,-14855.3
1834.8,-14844.9
1834.9,-14861.4
1835,-14851
1835.1,-14844.9
1835.2,-14849
1835.3,-14840.7
1835.4,-14848.2
1835.5,-14847.8
1835.6,-14846.4
1835.7,-14840.3
1835.8,-14844.4
1835.9,-14841.6
1836,-14836.7
1836.1,-14840.8
1836.2,-14839.4
1836.3,-14840
1836.4,-14844.1
1836.5,-14854.8
1836.6,-14834.2
1836.7,-14849.5
1836.8,-14849.1
1836.9,-14843.1
1837,-14857.2
1837.1,-14852.3
1837.2,-14856.3
1837.3,-14851.4
1837.4,-14850.9
1837.5,-14845
1837.6,-14838.9
1837.7,-14848.4
1837.8,-14848
1837.9,-14847.5
1838,-14851.6
1838.1,-14851.1
1838.2,-14839.5
1838.3,-14850.2
1838.4,-14854.2
1838.5,-14848.1
1838.6,-14852.1
1838.7,-14836
1838.8,-14850.2
1838.9,-14839.5
1839,-14849.1
1839.1,-14847.4
1839.2,-14846.9
1839.3,-14835.2
1839.4,-14837.1
1839.5,-14854.5
1839.6,-14848.3
1839.7,-14846.6
1839.8,-14846.1
1839.9,-14850.2
1840,-14843
1840.1,-14858.2
1840.2,-14846.3
1840.3,-14845.8
1840.4,-14849.8
1840.5,-14848.1
1840.6,-14856.6
1840.7,-14856.1
1840.8,-14854.4
1840.9,-14848.2
1841,-14846.5
1841.1,-14850.5
1841.2,-14853.3
1841.3,-14852.8
1841.4,-14836.6
1841.5,-14850.5
1841.6,-14854.5
1841.7,-14852.8
1841.8,-14845.6
1841.9,-14845.1
1842,-14843.3
1842.1,-14852.8
1842.2,-14851.1
1842.3,-14832.5
1842.4,-14841
1842.5,-14840.4
1842.6,-14844.4
1842.7,-14840.5
1842.8,-14840.9
1842.9,-14835.8
1843,-14839.8
1843.1,-14838
1843.2,-14845.3
1843.3,-14845.9
1843.4,-14838.5
1843.5,-14841.2
1843.6,-14844
1843.7,-14845.6
1843.8,-14845
1843.9,-14839.9
1844,-14846
1844.1,-14840.9
1844.2,-14843.6
1844.3,-14845.2
1844.4,-14843.4
1844.5,-14833.8
1844.6,-14842.3
1844.7,-14845
1844.8,-14837.5
1844.9,-14844.8
1845,-14839.7
1845.1,-14837.9
1845.2,-14836.1
1845.3,-14851.2
1845.4,-14839.2
1845.5,-14853.1
1845.6,-14835.6
1845.7,-14839.5
1845.8,-14842.2
1845.9,-14842.8
1846,-14835.3
1846.1,-14857
1846.2,-14833.8
1846.3,-14842.2
1846.4,-14854.9
1846.5,-14847.6
1846.6,-14840.1
1846.7,-14833.8
1846.8,-14846.5
1846.9,-14850.4
1847,-14836.2
1847.1,-14844.6
1847.2,-14842.7
1847.3,-14830.7
1847.4,-14833.4
1847.5,-14836.1
1847.6,-14854.4
1847.7,-14841.4
1847.8,-14845.3
1847.9,-14847.8
1848,-14850.4
1848.1,-14842.9
1848.2,-14850.1
1848.3,-14852.7
1848.4,-14850.9
1848.5,-14837.8
1848.6,-14851.7
1848.7,-14848.7
1848.8,-14840.1
1848.9,-14837.1
1849,-14850.9
1849.1,-14843.6
1849.2,-14830.3
1849.3,-14848.7
1849.4,-14845.6
1849.5,-14837.1
1849.6,-14839.7
1849.7,-14837.8
1849.8,-14846
1849.9,-14847.4
1850,-14844.4
1850.1,-14831.3
1850.2,-14843.9
1850.3,-14846.5
1850.4,-14834.6
1850.5,-14851.8
1850.6,-14853.2
1850.7,-14850.1
1850.8,-14842.6
1850.9,-14834
1851,-14836.6
1851.1,-14827.8
1851.2,-14840.5
1851.3,-14847.6
1851.4,-14840
1851.5,-14842.6
1851.6,-14849.7
1851.7,-14836.6
1851.8,-14848
1851.9,-14849.4
1852,-14841.8
1852.1,-14844.4
1852.2,-14845.8
1852.3,-14832.7
1852.4,-14845.3
1852.5,-14845.5
1852.6,-14845.7
1852.7,-14845
1852.8,-14841.9
1852.9,-14843.2
1853,-14850.3
1853.1,-14836
1853.2,-14844.1
1853.3,-14841
1853.4,-14843.5
1853.5,-14849.4
1853.6,-14836.3
1853.7,-14836.5
1853.8,-14828.8
1853.9,-14845.9
1854,-14842.8
1854.1,-14844.1
1854.2,-14840
1854.3,-14839.2
1854.4,-14833.7
1854.5,-14850.8
1854.6,-14847.6
1854.7,-14853.5
1854.8,-14840.3
1854.9,-14838.3
1855,-14843
1855.1,-14838.7
1855.2,-14835.5
1855.3,-14852.6
1855.4,-14842.7
1855.5,-14841.9
1855.6,-14838.7
1855.7,-14842.3
1855.8,-14831.2
1855.9,-14840.4
1856,-14841.8
1856.1,-14834.1
1856.2,-14841.1
1856.3,-14840.1
1856.4,-14842.6
1856.5,-14842.7
1856.6,-14844
1856.7,-14836.3
1856.8,-14843.3
1856.9,-14842.3
1857,-14830.1
1857.1,-14833.6
1857.2,-14839.4
1857.3,-14832.8
1857.4,-14834.1
1857.5,-14841.1
1857.6,-14836.7
1857.7,-14836.9
1857.8,-14840.3
1857.9,-14844
1858,-14835.1
1858.1,-14840.9
1858.2,-14836.5
1858.3,-14840
1858.4,-14841.2
1858.5,-14838
1858.6,-14832.4
1858.7,-14836.1
1858.8,-14837.3
1858.9,-14845.3
1859,-14837.5
1859.1,-14843.3
1859.2,-14842.3
1859.3,-14835.7
1859.4,-14841.5
1859.5,-14837
1859.6,-14839.3
1859.7,-14837.2
1859.8,-14838.5
1859.9,-14836.2
1860,-14835.3
1860.1,-14825.4
1860.2,-14835.5
1860.3,-14835.5
1860.4,-14841.3
1860.5,-14832.4
1860.6,-14838.1
1860.7,-14828.2
1860.8,-14838.3
1860.9,-14838.3
1861,-14833.9
1861.1,-14829.4
1861.2,-14835.2
1861.3,-14840.9
1861.4,-14841
1861.5,-14825.3
1861.6,-14841.1
1861.7,-14836.6
1861.8,-14836.7
1861.9,-14837.9
1862,-14827.9
1862.1,-14842.5
1862.2,-14843.7
1862.3,-14838.1
1862.4,-14835.8
1862.5,-14846
1862.6,-14822.5
1862.7,-14838.4
1862.8,-14843.9
1862.9,-14839.4
1863,-14839.4
1863.1,-14823.8
1863.2,-14844
1863.3,-14834
1863.4,-14839.5
1863.5,-14823.9
1863.6,-14839.6
1863.7,-14839.6
1863.8,-14828.4
1863.9,-14828.4
1864,-14834.1
1864.1,-14828.4
1864.2,-14828.4
1864.3,-14828.4
1864.4,-14828.4
1864.5,-14825.1
1864.6,-14828.4
1864.7,-14828.4
1864.8,-14838.4
1864.9,-14842.9
1865,-14826
1865.1,-14822.7
1865.2,-14823.8
1865.3,-14825
1865.4,-14831.7
1865.5,-14831.6
1865.6,-14835
1865.7,-14821.4
1865.8,-14829.2
1865.9,-14830.4
1866,-14829.2
1866.1,-14823.5
1866.2,-14827.9
1866.3,-14829.1
1866.4,-14832.4
1866.5,-14824.5
1866.6,-14830.1
1866.7,-14836.8
1866.8,-14835.5
1866.9,-14831
1867,-14826.4
1867.1,-14826.4
1867.2,-14832
1867.3,-14825.1
1867.4,-14831.7
1867.5,-14830.5
1867.6,-14830.4
1867.7,-14827
1867.8,-14834.8
1867.9,-14832.6
1868,-14825.7
1868.1,-14834.6
1868.2,-14828.9
1868.3,-14831
1868.4,-14827.6
1868.5,-14833.2
1868.6,-14838.6
1868.7,-14829.5
1868.8,-14823.7
1868.9,-14825.8
1869,-14826.9
1869.1,-14826.8
1869.2,-14831.2
1869.3,-14834.5
1869.4,-14828.7
1869.5,-14830.8
1869.6,-14821.7
1869.7,-14833.9
1869.8,-14835
1869.9,-14823.5
1870,-14827.9
1870.1,-14834.5
1870.2,-14820.9
1870.3,-14824.1
1870.4,-14828.5
1870.5,-14837.4
1870.6,-14827.1
1870.7,-14828
1870.8,-14832.4
1870.9,-14823.3
1871,-14832.1
1871.1,-14830.9
1871.2,-14837.4
1871.3,-14831.6
1871.4,-14821.3
1871.5,-14823.3
1871.6,-14824.4
1871.7,-14833.2
1871.8,-14827.4
1871.9,-14826.1
1872,-14819.1
1872.1,-14825.7
1872.2,-14839.1
1872.3,-14829.9
1872.4,-14834.3
1872.5,-14829.4
1872.6,-14823.6
1872.7,-14826.8
1872.8,-14819.8
1872.9,-14820.8
1873,-14833
1873.1,-14837.3
1873.2,-14830.3
1873.3,-14827.8
1873.4,-14826.5
1873.5,-14826.3
1873.6,-14814.8
1873.7,-14819.1
1873.8,-14830.2
1873.9,-14823.1
1874,-14826.3
1874.1,-14839.5
1874.2,-14838.1
1874.3,-14821.1
1874.4,-14841.1
1874.5,-14834.1
1874.6,-14841.8
1874.7,-14829.2
1874.8,-14839
1874.9,-14816.3
1875,-14830.6
1875.1,-14828.3
1875.2,-14826.9
1875.3,-14828.9
1875.4,-14843.2
1875.5,-14831.6
1875.6,-14840.5
1875.7,-14822.2
1875.8,-14825.3
1875.9,-14827.3
1876,-14831.4
1876.1,-14834.6
1876.2,-14833.2
1876.3,-14836.3
1876.4,-14823.7
1876.5,-14821.2
1876.6,-14840
1876.7,-14817.2
1876.8,-14836
1876.9,-14834.6
1877,-14822
1877.1,-14824
1877.2,-14832.6
1877.3,-14825.5
1877.4,-14828.6
1877.5,-14826.1
1877.6,-14833.7
1877.7,-14826.7
1877.8,-14814
1877.9,-14832.8
1878,-14825.7
1878.1,-14833.3
1878.2,-14826.2
1878.3,-14839.4
1878.4,-14839
1878.5,-14824.1
1878.6,-14835
1878.7,-14832.4
1878.8,-14826.5
1878.9,-14823.9
1879,-14821.4
1879.1,-14828.9
1879.2,-14826.3
1879.3,-14829.3
1879.4,-14831.2
1879.5,-14834.3
1879.6,-14826.2
1879.7,-14817.9
1879.8,-14831
1879.9,-14827.2
1880,-14830.2
1880.1,-14837.8
1880.2,-14819.5
1880.3,-14822.5
1880.4,-14814.2
1880.5,-14831.8
1880.6,-14833.7
1880.7,-14835.6
1880.8,-14827.4
1880.9,-14830.5
1881,-14833.3
1881.1,-14835.2
1881.2,-14826.9
1881.3,-14833.3
1881.4,-14825.1
1881.5,-14822.5
1881.6,-14817.7
1881.7,-14837.4
1881.8,-14834.7
1881.9,-14815.2
1882,-14817.1
1882.1,-14820.1
1882.2,-14827.6
1882.3,-14825
1882.4,-14819
1882.5,-14833.2
1882.6,-14821.5
1882.7,-14822.2
1882.8,-14824
1882.9,-14831.5
1883,-14823.2
1883.1,-14819.4
1883.2,-14817.8
1883.3,-14823
1883.4,-14824.9
1883.5,-14826.7
1883.6,-14821.8
1883.7,-14828.2
1883.8,-14824.3
1883.9,-14821.6
1884,-14831.3
1884.1,-14828.6
1884.2,-14834.9
1884.3,-14823.2
1884.4,-14819.4
1884.5,-14829
1884.6,-14825.2
1884.7,-14828.2
1884.8,-14830
1884.9,-14828.4
1885,-14832.4
1885.1,-14834.2
1885.2,-14818
1885.3,-14822
1885.4,-14826.1
1885.5,-14823.4
1885.6,-14831.9
1885.7,-14823.5
1885.8,-14819.6
1885.9,-14831.4
1886,-14817.5
1886.1,-14829.5
1886.2,-14823.4
1886.3,-14827.4
1886.4,-14834.7
1886.5,-14835.3
1886.6,-14837.1
1886.7,-14838.8
1886.8,-14829.4
1886.9,-14819.8
1887,-14831.6
1887.1,-14835.6
1887.2,-14823.8
1887.3,-14830.1
1887.4,-14820.7
1887.5,-14816.8
1887.6,-14818.5
1887.7,-14824.6
1887.8,-14825.2
1887.9,-14831.5
1888,-14827.6
1888.1,-14822.6
1888.2,-14824.4
1888.3,-14826.1
1888.4,-14822.2
1888.5,-14822.8
1888.6,-14827.9
1888.7,-14828.5
1888.8,-14822.4
1888.9,-14820.6
1889,-14832.4
1889.1,-14837.5
1889.2,-14823.5
1889.3,-14820.7
1889.4,-14830.3
1889.5,-14818.5
1889.6,-14828.1
1889.7,-14815.1
1889.8,-14828
1889.9,-14826.4
1890,-14816.8
1890.1,-14818.5
1890.2,-14813.4
1890.3,-14821.8
1890.4,-14826.9
1890.5,-14819.6
1890.6,-14829.1
1890.7,-14811.6
1890.8,-14825.7
1890.9,-14820.6
1891,-14821.1
1891.1,-14826.2
1891.2,-14814.3
1891.3,-14828.4
1891.4,-14828.9
1891.5,-14823.8
1891.6,-14824.3
1891.7,-14818
1891.8,-14825.2
1891.9,-14825.8
1892,-14832
1892.1,-14822.4
1892.2,-14821.8
1892.3,-14826.8
1892.4,-14827.2
1892.5,-14828.9
1892.6,-14829.4
1892.7,-14829.9
1892.8,-14824.9
1892.9,-14824.2
1893,-14830.3
1893.1,-14820.6
1893.2,-14831.3
1893.3,-14821.6
1893.4,-14832.3
1893.5,-14831.6
1893.6,-14827.6
1893.7,-14825.8
1893.8,-14817.3
1893.9,-14823.4
1894,-14828.4
1894.1,-14828.9
1894.2,-14832.8
1894.3,-14827.6
1894.4,-14828.1
1894.5,-14822.9
1894.6,-14827.9
1894.7,-14812.7
1894.8,-14810.8
1894.9,-14827
1895,-14827.5
1895.1,-14816.6
1895.2,-14821.6
1895.3,-14822.1
1895.4,-14826
1895.5,-14826.3
1895.6,-14826.8
1895.7,-14826.1
1895.8,-14825.4
1895.9,-14825.9
1896,-14815.1
1896.1,-14820.1
1896.2,-14809.2
1896.3,-14824.2
1896.4,-14824.7
1896.5,-14834.1
1896.6,-14813.2
1896.7,-14823.8
1896.8,-14818.5
1896.9,-14817.8
1897,-14817
1897.1,-14822
1897.2,-14825.8
1897.3,-14810.5
1897.4,-14836.8
1897.5,-14829.3
1897.6,-14820.7
1897.7,-14827.8
1897.8,-14829.4
1897.9,-14823
1898,-14823.4
1898.1,-14822.7
1898.2,-14829.8
1898.3,-14829.1
1898.4,-14814.8
1898.5,-14827.6
1898.6,-14826.9
1898.7,-14819.4
1898.8,-14820.9
1898.9,-14820.1
1899,-14823.9
1899.1,-14819.8
1899.2,-14822.4
1899.3,-14827.3
1899.4,-14824.3
1899.5,-14823.6
1899.6,-14829.5
1899.7,-14825.4
1899.8,-14820.1
1899.9,-14819.4
1900,-14828.8
1900.1,-14822.4
1900.2,-14821.6
1900.3,-14829.8
1900.4,-14824.6
1900.5,-14827.1
1900.6,-14829.7
1900.7,-14826.7
1900.8,-14826
1900.9,-14812.8
1901,-14823.2
1901.1,-14822.5
1901.2,-14829.5
1901.3,-14825.4
1901.4,-14814.6
1901.5,-14817.1
1901.6,-14826.4
1901.7,-14826.8
1901.8,-14828.2
1901.9,-14829.7
1902,-14827.7
1902.1,-14810.1
1902.2,-14825
1902.3,-14819.7
1902.4,-14823.4
1902.5,-14816.9
1902.6,-14825.1
1902.7,-14824.3
1902.8,-14817.8
1902.9,-14817
1903,-14824.1
1903.1,-14827.7
1903.2,-14817.9
1903.3,-14826.1
1903.4,-14833.2
1903.5,-14816.5
1903.6,-14835.9
1903.7,-14823.9
1903.8,-14827.6
1903.9,-14817.7
1904,-14825.9
1904.1,-14814.9
1904.2,-14825.3
1904.3,-14824.4
1904.4,-14814.6
1904.5,-14822.8
1904.6,-14831
1904.7,-14830.1
1904.8,-14823.6
1904.9,-14816
1905,-14815.1
1905.1,-14823.3
1905.2,-14825.8
1905.3,-14814.9
1905.4,-14822.9
1905.5,-14828.8
1905.6,-14818.9
1905.7,-14822.6
1905.8,-14809.4
1905.9,-14824.2
1906,-14823.4
1906.1,-14820.2
1906.2,-14818.2
1906.3,-14828.5
1906.4,-14818.6
1906.5,-14822.3
1906.6,-14821.4
1906.7,-14825
1906.8,-14827.5
1906.9,-14819.8
1907,-14806.6
1907.1,-14821.4
1907.2,-14819.4
1907.3,-14823
1907.4,-14821
1907.5,-14823.5
1907.6,-14820.3
1907.7,-14828.4
1907.8,-14826.3
1907.9,-14830
1908,-14823.4
1908.1,-14804.5
1908.2,-14807
1908.3,-14825.1
1908.4,-14827.6
1908.5,-14805.3
1908.6,-14819.1
1908.7,-14821.4
1908.8,-14823.9
1908.9,-14825.2
1909,-14818.6
1909.1,-14816.5
1909.2,-14819
1909.3,-14832.7
1909.4,-14819.4
1909.5,-14810.6
1909.6,-14824.2
1909.7,-14822.2
1909.8,-14814.4
1909.9,-14822.5
1910,-14825
1910.1,-14827.4
1910.2,-14824.1
1910.3,-14817.6
1910.4,-14827.8
1910.5,-14822.4
1910.6,-14809.1
1910.7,-14826.1
1910.8,-14821.7
1910.9,-14819.6
1911,-14816.4
1911.1,-14824.4
1911.2,-14821.2
1911.3,-14821.4
1911.4,-14822.7
1911.5,-14814.9
1911.6,-14817.3
1911.7,-14809.6
1911.8,-14816.5
1911.9,-14818.9
1912,-14821.3
1912.1,-14823.7
1912.2,-14820.4
1912.3,-14817.1
1912.4,-14819.5
1912.5,-14806.2
1912.6,-14813.1
1912.7,-14821.1
1912.8,-14812.1
1912.9,-14814.5
1913,-14821.4
1913.1,-14823.8
1913.2,-14826.2
1913.3,-14828.6
1913.4,-14819.6
1913.5,-14817.5
1913.6,-14813
1913.7,-14815.4
1913.8,-14806.6
1913.9,-14819
1914,-14827.1
1914.1,-14823.8
1914.2,-14820.5
1914.3,-14821.7
1914.4,-14822.9
1914.5,-14826.4
1914.6,-14818.6
1914.7,-14809.6
1914.8,-14824.4
1914.9,-14825.6
1915,-14814.4
1915.1,-14820.1
1915.2,-14822.5
1915.3,-14824.8
1915.4,-14821.5
1915.5,-14830.6
1915.6,-14823.9
1915.7,-14825.1
1915.8,-14817.3
1915.9,-14812.9
1916,-14815.3
1916.1,-14827.7
1916.2,-14817.5
1916.3,-14808.7
1916.4,-14805.3
1916.5,-14823.4
1916.6,-14819
1916.7,-14825.7
1916.8,-14826.9
1916.9,-14828.1
1917,-14819.1
1917.1,-14825.9
1917.2,-14822.6
1917.3,-14803.6
1917.4,-14820.4
1917.5,-14821.6
1917.6,-14817.1
1917.7,-14819.4
1917.8,-14810.4
1917.9,-14821.7
1918,-14829.7
1918.1,-14808.4
1918.2,-14825.2
1918.3,-14820.7
1918.4,-14817.4
1918.5,-14808.5
1918.6,-14809.6
1918.7,-14831
1918.8,-14810.8
1918.9,-14817.5
1919,-14818.6
1919.1,-14815.2
1919.2,-14816.4
1919.3,-14816.5
1919.4,-14812
1919.5,-14823.2
1919.6,-14815.3
1919.7,-14816.4
1919.8,-14822.1
1919.9,-14807.5
1920,-14818.8
1920.1,-14808.6
1920.2,-14820.9
1920.3,-14822
1920.4,-14823.2
1920.5,-14823.1
1920.6,-14813.1
1920.7,-14807.5
1920.8,-14816.3
1920.9,-14822
1921,-14817.4
1921.1,-14807.3
1921.2,-14814.1
1921.3,-14818.6
1921.4,-14814
1921.5,-14826.3
1921.6,-14820.6
1921.7,-14821.7
1921.8,-14822.9
1921.9,-14821.8
1922,-14806
1922.1,-14801.5
1922.2,-14825
1922.3,-14824.9
1922.4,-14809.2
1922.5,-14812.6
1922.6,-14815.8
1922.7,-14816.9
1922.8,-14810.2
1922.9,-14812.3
1923,-14813.4
1923.1,-14805.5
1923.2,-14806.6
1923.3,-14806.5
1923.4,-14815.4
1923.5,-14831.1
1923.6,-14809.6
1923.7,-14809.6
1923.8,-14810.6
1923.9,-14811.7
1924,-14812.8
1924.1,-14807.1
1924.2,-14802.5
1924.3,-14822.6
1924.4,-14822.5
1924.5,-14807.9
1924.6,-14813.5
1924.7,-14819
1924.8,-14813.3
1924.9,-14813.2
1925,-14813.1
1925.1,-14805.2
1925.2,-14814.1
1925.3,-14811.8
1925.4,-14818.4
1925.5,-14812.6
1925.6,-14804.7
1925.7,-14813.6
1925.8,-14809
1925.9,-14813.4
1926,-14806.6
1926.1,-14813.2
1926.2,-14809.7
1926.3,-14813
1926.4,-14808.3
1926.5,-14802.6
1926.6,-14813.8
1926.7,-14810.3
1926.8,-14818.1
1926.9,-14813.4
1927,-14807.7
1927.1,-14823.2
1927.2,-14823.1
1927.3,-14823
1927.4,-14812.8
1927.5,-14817.2
1927.6,-14803.6
1927.7,-14825.9
1927.8,-14810
1927.9,-14802
1928,-14815.4
1928.1,-14814.1
1928.2,-14800.5
1928.3,-14809.4
1928.4,-14823.8
1928.5,-14812.4
1928.6,-14812.3
1928.7,-14808.8
1928.8,-14812
1928.9,-14810.7
1929,-14826.3
1929.1,-14804.8
1929.2,-14809.1
1929.3,-14807.8
1929.4,-14805.5
1929.5,-14803
1929.6,-14797.2
1929.7,-14811.7
1929.8,-14805.9
1929.9,-14810.3
1930,-14811.3
1930.1,-14808.8
1930.2,-14803
1930.3,-14817.4
1930.4,-14816.1
1930.5,-14826.1
1930.6,-14809
1930.7,-14808.9
1930.8,-14807.6
1930.9,-14812.9
1931,-14821.8
1931.1,-14804.7
1931.2,-14800.1
1931.3,-14803.2
1931.4,-14807.6
1931.5,-14817.4
1931.6,-14800.4
1931.7,-14820.4
1931.8,-14813.6
1931.9,-14823.4
1932,-14823.2
1932.1,-14823.1
1932.2,-14804.9
1932.3,-14809.2
1932.4,-14807.8
1932.5,-14798.6
1932.6,-14805.2
1932.7,-14810.6
1932.8,-14803.6
1932.9,-14802.3
1933,-14821.1
1933.1,-14809.7
1933.2,-14808.4
1933.3,-14818.2
1933.4,-14806.8
1933.5,-14804.3
1933.6,-14808.6
1933.7,-14807.3
1933.8,-14800.3
1933.9,-14820.3
1934,-14803.2
1934.1,-14807.5
1934.2,-14810.6
1934.3,-14795.8
1934.4,-14807.9
1934.5,-14817.7
1934.6,-14820.9
1934.7,-14820.6
1934.8,-14800.2
1934.9,-14811.2
1935,-14800.8
1935.1,-14795
1935.2,-14801.4
1935.3,-14815.9
1935.4,-14806.6
1935.5,-14812
1935.6,-14807.2
1935.7,-14808.1
1935.8,-14806.7
1935.9,-14805.3
1936,-14803.9
1936.1,-14804.8
1936.2,-14810.1
1936.3,-14803.1
1936.4,-14801.7
1936.5,-14804.8
1936.6,-14807.9
1936.7,-14812.2
1936.8,-14812
1936.9,-14808.2
1937,-14806.8
1937.1,-14815.5
1937.2,-14802.9
1937.3,-14821.7
1937.4,-14809.1
1937.5,-14810
1937.6,-14802.9
1937.7,-14809.4
1937.8,-14806.8
1937.9,-14797.6
1938,-14799.5
1938.1,-14797.1
1938.2,-14805.7
1938.3,-14804.3
1938.4,-14805.1
1938.5,-14807
1938.6,-14805.6
1938.7,-14813.2
1938.8,-14803.9
1938.9,-14809.2
1939,-14802.1
1939.1,-14805.2
1939.2,-14808.3
1939.3,-14805.7
1939.4,-14804.2
1939.5,-14807.3
1939.6,-14820.4
1939.7,-14817.9
1939.8,-14799.6
1939.9,-14802.6
1940,-14802.4
1940.1,-14808.8
1940.2,-14811.9
1940.3,-14809.3
1940.4,-14803.3
1940.5,-14804.1
1940.6,-14798.1
1940.7,-14809.1
1940.8,-14807.6
1940.9,-14801.7
1941,-14802.4
1941.1,-14804.3
1941.2,-14806.2
1941.3,-14804.8
1941.4,-14807.8
1941.5,-14810.9
1941.6,-14818.3
1941.7,-14800
1941.8,-14801.9
1941.9,-14803.8
1942,-14801.2
1942.1,-14808.7
1942.2,-14803.9
1942.3,-14803.5
1942.4,-14806.6
1942.5,-14813
1942.6,-14804.7
1942.7,-14795.4
1942.8,-14806.2
1942.9,-14810.4
1943,-14806.7
1943.1,-14804
1943.2,-14813.8
1943.3,-14806.6
1943.4,-14804
1943.5,-14803.7
1943.6,-14805.6
1943.7,-14801.8
1943.8,-14796.9
1943.9,-14820.1
1944,-14807.3
1944.1,-14799.1
1944.2,-14801
1944.3,-14807.4
1944.4,-14801.4
1944.5,-14800.9
1944.6,-14814
1944.7,-14810.2
1944.8,-14813.2
1944.9,-14801.7
1945,-14810.2
1945.1,-14803.1
1945.2,-14815
1945.3,-14812.3
1945.4,-14824.4
1945.5,-14806
1945.6,-14804.5
1945.7,-14799.6
1945.8,-14817.1
1945.9,-14813.3
1946,-14799.4
1946.1,-14796.8
1946.2,-14795.3
1946.3,-14807.3
1946.4,-14806.8
1946.5,-14798.5
1946.6,-14800.3
1946.7,-14794.3
1946.8,-14808.5
1946.9,-14807
1947,-14804.4
1947.1,-14802.7
1947.2,-14798.9
1947.3,-14816.4
1947.4,-14802.6
1947.5,-14801.1
1947.6,-14804
1947.7,-14802.4
1947.8,-14819.9
1947.9,-14810.5
1948,-14812.3
1948.1,-14802.9
1948.2,-14795.7
1948.3,-14811.1
1948.4,-14799.4
1948.5,-14803.4
1948.6,-14815.3
1948.7,-14800.2
1948.8,-14798.7
1948.9,-14800.5
1949,-14797.8
1949.1,-14799.6
1949.2,-14802.5
1949.3,-14808.8
1949.4,-14809.5
1949.5,-14803.4
1949.6,-14805.2
1949.7,-14814.9
1949.8,-14805.4
1949.9,-14806
1950,-14812.3
1950.1,-14805.1
1950.2,-14801.3
1950.3,-14803.1
1950.4,-14811.6
1950.5,-14807.7
1950.6,-14802.7
1950.7,-14801.2
1950.8,-14797.3
1950.9,-14803.6
1951,-14809.9
1951.1,-14804.9
1951.2,-14801
1951.3,-14806.2
1951.4,-14805.6
1951.5,-14806.3
1951.6,-14812.6
1951.7,-14802
1951.8,-14804.8
1951.9,-14796.4
1952,-14800.4
1952.1,-14802.2
1952.2,-14798.3
1952.3,-14798.9
1952.4,-14801.9
1952.5,-14800.2
1952.6,-14797.5
1952.7,-14801.4
1952.8,-14817.8
1952.9,-14808.3
1953,-14801.1
1953.1,-14807.4
1953.2,-14801.2
1953.3,-14797.3
1953.4,-14797.9
1953.5,-14801.9
1953.6,-14798
1953.7,-14813.3
1953.8,-14794.7
1953.9,-14798.7
1954,-14799.3
1954.1,-14805.4
1954.2,-14806
1954.3,-14805.6
1954.4,-14798.4
1954.5,-14801.2
1954.6,-14801.8
1954.7,-14818.1
1954.8,-14797.3
1954.9,-14813.6
1955,-14803
1955.1,-14790.1
1955.2,-14798.6
1955.3,-14793.5
1955.4,-14814.3
1955.5,-14789
1955.6,-14815.5
1955.7,-14800.4
1955.8,-14795.3
1955.9,-14811.6
1956,-14806.5
1956.1,-14790.3
1956.2,-14811.1
1956.3,-14811.6
1956.4,-14796.5
1956.5,-14801.6
1956.6,-14802.2
1956.7,-14807.2
1956.8,-14817.9
1956.9,-14797.1
1957,-14801
1957.1,-14802.8
1957.2,-14794.3
1957.3,-14802.8
1957.4,-14797.7
1957.5,-14797.1
1957.6,-14801
1957.7,-14798.3
1957.8,-14798.8
1957.9,-14801.6
1958,-14796.5
1958.1,-14790.3
1958.2,-14799.8
1958.3,-14804.9
1958.4,-14792
1958.5,-14810.5
1958.6,-14799.8
1958.7,-14799.2
1958.8,-14798.6
1958.9,-14808.2
1959,-14818.8
1959.1,-14793.5
1959.2,-14798.5
1959.3,-14797.9
1959.4,-14801.8
1959.5,-14795.6
1959.6,-14792.8
1959.7,-14795.5
1959.8,-14794.9
1959.9,-14805.6
1960,-14799.4
1960.1,-14798.8
1960.2,-14794.8
1960.3,-14802.1
1960.4,-14798.1
1960.5,-14802
1960.6,-14807
1960.7,-14798.6
1960.8,-14796.8
1960.9,-14791.7
1961,-14798.9
1961.1,-14798.3
1961.2,-14798.8
1961.3,-14800.5
1961.4,-14798.8
1961.5,-14802.7
1961.6,-14805.4
1961.7,-14804.8
1961.8,-14790.6
1961.9,-14800.2
1962,-14804.1
1962.1,-14792.1
1962.2,-14797.2
1962.3,-14792
1962.4,-14814.9
1962.5,-14797.5
1962.6,-14807
1962.7,-14792.9
1962.8,-14810.1
1962.9,-14805
1963,-14793.2
1963.1,-14792.5
1963.2,-14796.4
1963.3,-14805.9
1963.4,-14796.3
1963.5,-14797.8
1963.6,-14791.5
1963.7,-14812.3
1963.8,-14794.8
1963.9,-14804.3
1964,-14800.3
1964.1,-14801.8
1964.2,-14789.9
1964.3,-14810.6
1964.4,-14793.1
1964.5,-14792.4
1964.6,-14800.8
1964.7,-14795.6
1964.8,-14799.5
1964.9,-14808.9
1965,-14786.9
1965.1,-14806.4
1965.2,-14788.9
1965.3,-14807.4
1965.4,-14796.6
1965.5,-14800.5
1965.6,-14809.9
1965.7,-14792.4
1965.8,-14796.2
1965.9,-14796.7
1966,-14803.9
1966.1,-14803.2
1966.2,-14793.5
1966.3,-14799.6
1966.4,-14797.8
1966.5,-14792.6
1966.6,-14802.1
1966.7,-14795.8
1966.8,-14801.8
1966.9,-14800
1967,-14798.2
1967.1,-14794.1
1967.2,-14796.8
1967.3,-14795
1967.4,-14794.3
1967.5,-14792.5
1967.6,-14790.7
1967.7,-14796.7
1967.8,-14799.4
1967.9,-14793
1968,-14806.9
1968.1,-14800.7
1968.2,-14798.8
1968.3,-14807.1
1968.4,-14805.2
1968.5,-14812.4
1968.6,-14790.4
1968.7,-14814.4
1968.8,-14792.3
1968.9,-14790.5
1969,-14787.5
1969.1,-14794.7
1969.2,-14804
1969.3,-14803.3
1969.4,-14807.1
1969.5,-14795.2
1969.6,-14796.7
1969.7,-14789.3
1969.8,-14796.4
1969.9,-14794.6
1970,-14814.1
1970.1,-14796.5
1970.2,-14800.3
1970.3,-14801.8
1970.4,-14800
1970.5,-14808.2
1970.6,-14796.2
1970.7,-14794.4
1970.8,-14797
1970.9,-14802
1971,-14799
1971.1,-14794.8
1971.2,-14797.5
1971.3,-14811.3
1971.4,-14813.9
1971.5,-14796.4
1971.6,-14799
1971.7,-14793.8
1971.8,-14804.3
1971.9,-14802.4
1972,-14805.1
1972.1,-14788.5
1972.2,-14792.3
1972.3,-14805.1
1972.4,-14797.6
1972.5,-14797.9
1972.6,-14796
1972.7,-14803.2
1972.8,-14787.8
1972.9,-14800.6
1973,-14786.4
1973.1,-14802.4
1973.2,-14794.8
1973.3,-14797.5
1973.4,-14792.2
1973.5,-14799.4
1973.6,-14806.5
1973.7,-14794.4
1973.8,-14791.4
1973.9,-14811.9
1974,-14808.9
1974.1,-14792.5
1974.2,-14795.1
1974.3,-14793.2
1974.4,-14798
1974.5,-14796.1
1974.6,-14791.9
1974.7,-14794.5
1974.8,-14797.2
1974.9,-14785.1
1975,-14793.4
1975.1,-14793.7
1975.2,-14795.1
1975.3,-14807.8
1975.4,-14809.3
1975.5,-14800.7
1975.6,-14790.9
1975.7,-14789
1975.8,-14792.7
1975.9,-14800.8
1976,-14802.3
1976.1,-14809.4
1976.2,-14795.1
1976.3,-14793.2
1976.4,-14787.9
1976.5,-14807.3
1976.6,-14804.2
1976.7,-14790
1976.8,-14789.2
1976.9,-14792.9
1977,-14791
1977.1,-14793.5
1977.2,-14784.8
1977.3,-14796.4
1977.4,-14803.4
1977.5,-14799.3
1977.6,-14796.3
1977.7,-14791
1977.8,-14793.6
1977.9,-14789.3
1978,-14793
1978.1,-14796.7
1978.2,-14793.7
1978.3,-14798.4
1978.4,-14795.4
1978.5,-14794.6
1978.6,-14785.9
1978.7,-14797.4
1978.8,-14788.7
1978.9,-14795.8
1979,-14787.1
1979.1,-14794.1
1979.2,-14796.7
1979.3,-14792.5
1979.4,-14792.8
1979.5,-14799.8
1979.6,-14798.9
1979.7,-14806
1979.8,-14793.9
1979.9,-14785.3
1980,-14786.7
1980.1,-14793.7
1980.2,-14795.1
1980.3,-14790.9
1980.4,-14797.9
1980.5,-14799.3
1980.6,-14790.7
1980.7,-14786.4
1980.8,-14782.2
1980.9,-14799.3
1981,-14795.1
1981.1,-14802.1
1981.2,-14780
1981.3,-14788.1
1981.4,-14789.5
1981.5,-14801
1981.6,-14792.2
1981.7,-14793.6
1981.8,-14795
1981.9,-14790.9
1982,-14795.6
1982.1,-14796.9
1982.2,-14792.7
1982.3,-14794.1
1982.4,-14795.5
1982.5,-14785.7
1982.6,-14791.6
1982.7,-14782.8
1982.8,-14788.6
1982.9,-14788.9
1983,-14795.9
1983.1,-14796.2
1983.2,-14792
1983.3,-14798.9
1983.4,-14794.7
1983.5,-14788.1
1983.6,-14794
1983.7,-14792
1983.8,-14792.3
1983.9,-14798.2
1984,-14789.4
1984.1,-14789.6
1984.2,-14793.2
1984.3,-14794.6
1984.4,-14794.8
1984.5,-14787.2
1984.6,-14796.4
1984.7,-14792.2
1984.8,-14787.9
1984.9,-14788.1
1985,-14804.1
1985.1,-14788.6
1985.2,-14793.3
1985.3,-14800.3
1985.4,-14783.7
1985.5,-14791.8
1985.6,-14786.4
1985.7,-14802.3
1985.8,-14792.5
1985.9,-14808.4
1986,-14783.9
1986.1,-14794.3
1986.2,-14800
1986.3,-14800.3
1986.4,-14789.3
1986.5,-14789.5
1986.6,-14785.2
1986.7,-14786.6
1986.8,-14796.9
1986.9,-14787
1987,-14801.8
1987.1,-14790.8
1987.2,-14802.2
1987.3,-14803.6
1987.4,-14788.1
1987.5,-14788.3
1987.6,-14804.2
1987.7,-14788.7
1987.8,-14787.8
1987.9,-14788
1988,-14783.7
1988.1,-14789.5
1988.2,-14794.2
1988.3,-14784.3
1988.4,-14781.1
1988.5,-14781.3
1988.6,-14789.4
1988.7,-14785.1
1988.8,-14785.3
1988.9,-14790
1989,-14791.3
1989.1,-14793.7
1989.2,-14788.3
1989.3,-14809.8
1989.4,-14780.8
1989.5,-14785.5
1989.6,-14786.8
1989.7,-14790.4
1989.8,-14786.1
1989.9,-14780.6
1990,-14779.7
1990.1,-14788.9
1990.2,-14785.7
1990.3,-14796
1990.4,-14795.1
1990.5,-14789.6
1990.6,-14784.2
1990.7,-14783.2
1990.8,-14789
1990.9,-14788.1
1991,-14792.8
1991.1,-14787.3
1991.2,-14787.5
1991.3,-14794.4
1991.4,-14794.5
1991.5,-14785.7
1991.6,-14780.3
1991.7,-14789.5
1991.8,-14794.1
1991.9,-14788.6
1992,-14788.8
1992.1,-14792.4
1992.2,-14792.5
1992.3,-14801.7
1992.4,-14786.2
1992.5,-14790.7
1992.6,-14790.9
1992.7,-14795.6
1992.8,-14794.6
1992.9,-14777.9
1993,-14787.1
1993.1,-14779.4
1993.2,-14780.6
1993.3,-14779.7
1993.4,-14784.3
1993.5,-14783.3
1993.6,-14786.9
1993.7,-14784.8
1993.8,-14787.2
1993.9,-14781.7
1994,-14779.6
1994.1,-14784.2
1994.2,-14783.2
1994.3,-14786.8
1994.4,-14783.6
1994.5,-14783.7
1994.6,-14777.1
1994.7,-14786.2
1994.8,-14779.6
1994.9,-14783.1
1995,-14791.1
1995.1,-14782.3
1995.2,-14776.8
1995.3,-14785.9
1995.4,-14791.6
1995.5,-14782.8
1995.6,-14791.9
1995.7,-14790.9
1995.8,-14774.2
1995.9,-14778.9
1996,-14772.2
1996.1,-14770.1
1996.2,-14779.3
1996.3,-14794
1996.4,-14772.7
1996.5,-14791.9
1996.6,-14780.9
1996.7,-14795.6
1996.8,-14782.2
1996.9,-14775.6
1997,-14780.2
1997.1,-14789.3
1997.2,-14782.7
1997.3,-14773.8
1997.4,-14771.7
1997.5,-14779.7
1997.6,-14782
1997.7,-14775.4
1997.8,-14795.7
1997.9,-14777.8
1998,-14779.1
1998.1,-14777
1998.2,-14785
1998.3,-14786.1
1998.4,-14777.3
1998.5,-14776.3
1998.6,-14775.2
1998.7,-14788.9
1998.8,-14786.7
1998.9,-14785.7
1999,-14779
1999.1,-14778
1999.2,-14783.7
1999.3,-14784.9
1999.4,-14777.2
1999.5,-14775
1999.6,-14784.1
1999.7,-14777.4
1999.8,-14780.9
1999.9,-14778.7
2000,-14787.8
2000.1,-14780.1
2000.2,-14789.1
2000.3,-14782.4
2000.4,-14780.3
2000.5,-14778.1
2000.6,-14787.2
2000.7,-14769.3
2000.8,-14781.8
2000.9,-14775.1
2001,-14784.2
2001.1,-14787.6
2001.2,-14785.4
2001.3,-14787.8
2001.4,-14769.9
2001.5,-14794.7
2001.6,-14786.9
2001.7,-14770.1
2001.8,-14778
2001.9,-14781.4
2002,-14773.7
2002.1,-14763.7
2002.2,-14779.5
2002.3,-14788.5
2002.4,-14786.3
2002.5,-14784.1
2002.6,-14780.8
2002.7,-14788.8
2002.8,-14787.7
2002.9,-14774.3
2003,-14783.3
2003.1,-14775.5
2003.2,-14777.8
2003.3,-14781.2
2003.4,-14788.1
2003.5,-14775.8
2003.6,-14769.1
2003.7,-14766.9
2003.8,-14784.9
2003.9,-14782.7
2004,-14768.2
2004.1,-14787.3
2004.2,-14780.6
2004.3,-14768.3
2004.4,-14785.2
2004.5,-14783
2004.6,-14789.8
2004.7,-14771.9
2004.8,-14785.4
2004.9,-14767.5
2005,-14765.3
2005.1,-14772.1
2005.2,-14779.9
2005.3,-14787.9
2005.4,-14785.7
2005.5,-14783.4
2005.6,-14775.6
2005.7,-14788
2005.8,-14780.2
2005.9,-14782.5
2006,-14789.3
2006.1,-14781.4
2006.2,-14779.2
2006.3,-14777
2006.4,-14779.3
2006.5,-14781.5
2006.6,-14782.7
2006.7,-14779.3
2006.8,-14777.1
2006.9,-14787.3
2007,-14777.2
2007.1,-14784
2007.2,-14780.6
2007.3,-14781.8
2007.4,-14775
2007.5,-14777.3
2007.6,-14787.4
2007.7,-14786.4
2007.8,-14784.1
2007.9,-14779.6
2008,-14780.8
2008.1,-14772.9
2008.2,-14770.7
2008.3,-14777.5
2008.4,-14781.9
2008.5,-14776.4
2008.6,-14777.5
2008.7,-14775.3
2008.8,-14771.9
2008.9,-14771.9
2009,-14778.6
2009.1,-14771.9
2009.2,-14779.8
2009.3,-14781
2009.4,-14771.9
2009.5,-14771.9
2009.6,-14778.7
2009.7,-14777.6
2009.8,-14782.1
2009.9,-14776.5
2010,-14773.1
2010.1,-14771.9
2010.2,-14768.6
2010.3,-14780.9
2010.4,-14783.1
2010.5,-14778.7
2010.6,-14772
2010.7,-14769.7
2010.8,-14789.9
2010.9,-14791
2011,-14767.4
2011.1,-14794.4
2011.2,-14779.8
2011.3,-14773.1
2011.4,-14775.3
2011.5,-14779.8
2011.6,-14776.4
2011.7,-14769.6
2011.8,-14770.7
2011.9,-14785.3
2012,-14778.6
2012.1,-14776.3
2012.2,-14771.8
2012.3,-14772.9
2012.4,-14781.9
2012.5,-14775.1
2012.6,-14781.9
2012.7,-14767.3
2012.8,-14780.7
2012.9,-14781.8
2013,-14777.3
2013.1,-14778.4
2013.2,-14768.3
2013.3,-14780.6
2013.4,-14781.7
2013.5,-14768.2
2013.6,-14779.4
2013.7,-14780.5
2013.8,-14770.4
2013.9,-14771.5
2014,-14788.3
2014.1,-14769.2
2014.2,-14781.5
2014.3,-14781.5
2014.4,-14782.5
2014.5,-14783.6
2014.6,-14763.4
2014.7,-14781.3
2014.8,-14761.1
2014.9,-14779
2015,-14779
2015.1,-14784.5
2015.2,-14769.9
2015.3,-14781.1
2015.4,-14777.7
2015.5,-14778.8
2015.6,-14779.8
2015.7,-14785.4
2015.8,-14785.4
2015.9,-14785.3
2016,-14776.3
2016.1,-14777.4
2016.2,-14778.4
2016.3,-14789.7
2016.4,-14779.5
2016.5,-14759.2
2016.6,-14776
2016.7,-14771.4
2016.8,-14777
2016.9,-14778.1
2017,-14779.2
2017.1,-14773.5
2017.2,-14779.1
2017.3,-14774.5
2017.4,-14783.4
2017.5,-14775.5
2017.6,-14772.1
2017.7,-14782.2
2017.8,-14772
2017.9,-14773
2018,-14776.3
2018.1,-14776.2
2018.2,-14771.7
2018.3,-14769.4
2018.4,-14770.5
2018.5,-14782.8
2018.6,-14778.2
2018.7,-14769.1
2018.8,-14769
2018.9,-14784.7
2019,-14768.9
2019.1,-14775.6
2019.2,-14772.2
2019.3,-14780
2019.4,-14770.9
2019.5,-14786.5
2019.6,-14786.4
2019.7,-14776.3
2019.8,-14778.5
2019.9,-14773.9
2020,-14772.7
2020.1,-14788.3
2020.2,-14783.7
2020.3,-14764.6
2020.4,-14772.4
2020.5,-14772.3
2020.6,-14765.5
2020.7,-14767.6
2020.8,-14777.7
2020.9,-14783.2
2021,-14767.4
2021.1,-14777.4
2021.2,-14777.4
2021.3,-14775.1
2021.4,-14772.7
2021.5,-14764.7
2021.6,-14772.5
2021.7,-14776.9
2021.8,-14763.4
2021.9,-14768.9
2022,-14769.9
2022.1,-14769.8
2022.2,-14766.3
2022.3,-14786.5
2022.4,-14770.7
2022.5,-14767.2
2022.6,-14768.3
2022.7,-14768.2
2022.8,-14774.8
2022.9,-14784.8
2023,-14769
2023.1,-14789.1
2023.2,-14789
2023.3,-14788.9
2023.4,-14765.2
2023.5,-14783.1
2023.6,-14767.2
2023.7,-14781.7
2023.8,-14770.4
2023.9,-14764.7
2024,-14785.9
2024.1,-14780.2
2024.2,-14784.6
2024.3,-14783.4
2024.4,-14777.6
2024.5,-14786.5
2024.6,-14786.4
2024.7,-14786.3
2024.8,-14770.5
2024.9,-14770.4
2025,-14768
2025.1,-14767.9
2025.2,-14783.5
2025.3,-14782.3
2025.4,-14766.4
2025.5,-14782
2025.6,-14775.2
2025.7,-14785.2
2025.8,-14788.4
2025.9,-14767
2026,-14778.1
2026.1,-14771.3
2026.2,-14781.2
2026.3,-14774.4
2026.4,-14768.6
2026.5,-14771.9
2026.6,-14777.3
2026.7,-14766
2026.8,-14780.5
2026.9,-14769.2
2027,-14765.7
2027.1,-14776.8
2027.2,-14786.7
2027.3,-14781
2027.4,-14779.7
2027.5,-14778.5
2027.6,-14778.3
2027.7,-14771.5
2027.8,-14764.6
2027.9,-14763.4
2028,-14773.3
2028.1,-14772.1
2028.2,-14780.9
2028.3,-14764
2028.4,-14768.3
2028.5,-14766
2028.6,-14780.4
2028.7,-14774.6
2028.8,-14773.4
2028.9,-14772.1
2029,-14781
2029.1,-14785.3
2029.2,-14768.4
2029.3,-14767.1
2029.4,-14781.5
2029.5,-14774.6
2029.6,-14783.5
2029.7,-14766.5
2029.8,-14775.4
2029.9,-14761.8
2030,-14768.4
2030.1,-14761.5
2030.2,-14775.9
2030.3,-14783.6
2030.4,-14766.7
2030.5,-14762
2030.6,-14766.4
2030.7,-14771.8
2030.8,-14786.3
2030.9,-14769.3
2031,-14762.4
2031.1,-14775.7
2031.2,-14774.5
2031.3,-14765.3
2031.4,-14766.3
2031.5,-14769.5
2031.6,-14762.6
2031.7,-14770.3
2031.8,-14766.8
2031.9,-14764.4
2032,-14768.7
2032.1,-14769.7
2032.2,-14783
2032.3,-14769.4
2032.4,-14768.1
2032.5,-14771.3
2032.6,-14770
2032.7,-14773.2
2032.8,-14758.5
2032.9,-14779.6
2033,-14766
2033.1,-14769.2
2033.2,-14767.9
2033.3,-14771.1
2033.4,-14769.8
2033.5,-14765.2
2033.6,-14770.6
2033.7,-14773.8
2033.8,-14768.1
2033.9,-14761.1
2034,-14767.7
2034.1,-14763.1
2034.2,-14771.9
2034.3,-14768.3
2034.4,-14771.6
2034.5,-14769.1
2034.6,-14766.7
2034.7,-14769.9
2034.8,-14773.1
2034.9,-14760.6
2035,-14773.9
2035.1,-14770.3
2035.2,-14769
2035.3,-14766.6
2035.4,-14764.2
2035.5,-14767.4
2035.6,-14760.5
2035.7,-14772.6
2035.8,-14774.7
2035.9,-14775.6
2036,-14768.7
2036.1,-14773
2036.2,-14770.6
2036.3,-14753.6
2036.4,-14765.7
2036.5,-14767.8
2036.6,-14760.9
2036.7,-14762.9
2036.8,-14774
2036.9,-14776
2037,-14771.4
2037.1,-14757.7
2037.2,-14771
2037.3,-14764
2037.4,-14761.6
2037.5,-14759.2
2037.6,-14771.4
2037.7,-14773.4
2037.8,-14765.4
2037.9,-14758.4
2038,-14778.4
2038.1,-14763.6
2038.2,-14765.7
2038.3,-14773.4
2038.4,-14775.4
2038.5,-14761.8
2038.6,-14759.3
2038.7,-14771.5
2038.8,-14769
2038.9,-14771.1
2039,-14773.1
2039.1,-14780.8
2039.2,-14782.8
2039.3,-14765.7
2039.4,-14762.2
2039.5,-14764.2
2039.6,-14766.3
2039.7,-14768.3
2039.8,-14774.9
2039.9,-14772.4
2040,-14770
2040.1,-14766.4
2040.2,-14762.8
2040.3,-14760.3
2040.4,-14770.2
2040.5,-14773.4
2040.6,-14771
2040.7,-14758.4
2040.8,-14770.5
2040.9,-14767
2041,-14769
2041.1,-14759.8
2041.2,-14777.6
2041.3,-14763.9
2041.4,-14766
2041.5,-14757.9
2041.6,-14764.4
2041.7,-14756.3
2041.8,-14757.2
2041.9,-14775
2042,-14756.8
2042.1,-14758.8
2042.2,-14776.6
2042.3,-14773
2042.4,-14773.9
2042.5,-14774.8
2042.6,-14756.6
2042.7,-14758.6
2042.8,-14776.4
2042.9,-14757.1
2043,-14773.7
2043.1,-14770.1
2043.2,-14771
2043.3,-14773
2043.4,-14759.3
2043.5,-14765.9
2043.6,-14772.3
2043.7,-14773.2
2043.8,-14753.9
2043.9,-14750.3
2044,-14768
2044.1,-14774.6
2044.2,-14766.5
2044.3,-14757.3
2044.4,-14773.9
2044.5,-14759.1
2044.6,-14771.2
2044.7,-14767.6
2044.8,-14765.1
2044.9,-14766
2045,-14756.8
2045.1,-14773.4
2045.2,-14774.3
2045.3,-14765
2045.4,-14767
2045.5,-14767.9
2045.6,-14770
2045.7,-14755.1
2045.8,-14770.6
2045.9,-14777.1
2046,-14767.9
2046.1,-14769.9
2046.2,-14765.2
2046.3,-14771.7
2046.4,-14762.5
2046.5,-14762.2
2046.6,-14769.8
2046.7,-14766.2
2046.8,-14769.3
2046.9,-14762.3
2047,-14763.2
2047.1,-14769.7
2047.2,-14760.5
2047.3,-14771.5
2047.4,-14762.2
2047.5,-14763.1
2047.6,-14771.9
2047.7,-14770.5
2047.8,-14771.4
2047.9,-14753.2
2048,-14767.5
2048.1,-14763.9
2048.2,-14759.1
2048.3,-14770.1
2048.4,-14771
2048.5,-14766.3
2048.6,-14761.6
2048.7,-14756.8
2048.8,-14763.3
2048.9,-14768.6
2049,-14769.5
2049.1,-14764.7
2049.2,-14755.5
2049.3,-14776.6
2049.4,-14767.4
2049.5,-14762.6
2049.6,-14765.7
2049.7,-14771.1
2049.8,-14764.1
2049.9,-14753.7
2050,-14764.7
2050.1,-14766.7
2050.2,-14766.4
2050.3,-14769.5
2050.4,-14761.4
2050.5,-14766.8
2050.6,-14772.1
2050.7,-14762.9
2050.8,-14769.4
2050.9,-14764.6
2051,-14764.3
2051.1,-14759.6
2051.2,-14759.3
2051.3,-14769.2
2051.4,-14770
2051.5,-14770.9
2051.6,-14766.1
2051.7,-14760.2
2051.8,-14760
2051.9,-14765.3
2052,-14760.6
2052.1,-14761.4
2052.2,-14762.3
2052.3,-14763.1
2052.4,-14765.1
2052.5,-14762.6
2052.6,-14762.3
2052.7,-14757.5
2052.8,-14767.4
2052.9,-14763.7
2053,-14763.5
2053.1,-14763.2
2053.2,-14762.9
2053.3,-14767.2
2053.4,-14757.9
2053.5,-14757.6
2053.6,-14762.9
2053.7,-14768.3
2053.8,-14763.5
2053.9,-14757.6
2054,-14766.3
2054.1,-14761.6
2054.2,-14762.4
2054.3,-14762.1
2054.4,-14761.8
2054.5,-14761.6
2054.6,-14761.3
2054.7,-14770
2054.8,-14759.6
2054.9,-14764.9
2055,-14772.5
2055.1,-14764.4
2055.2,-14774.2
2055.3,-14768.3
2055.4,-14763.5
2055.5,-14763.2
2055.6,-14767.5
2055.7,-14762.7
2055.8,-14757.9
2055.9,-14752
2056,-14770.8
2056.1,-14766
2056.2,-14755.6
2056.3,-14755.3
2056.4,-14759.5
2056.5,-14759.2
2056.6,-14753.4
2056.7,-14762.1
2056.8,-14761.8
2056.9,-14764.8
2057,-14769
2057.1,-14767.6
2057.2,-14759.5
2057.3,-14759.2
2057.4,-14753.3
2057.5,-14767.6
2057.6,-14761.7
2057.7,-14761.4
2057.8,-14765.6
2057.9,-14765.3
2058,-14774
2058.1,-14758
2058.2,-14767.8
2058.3,-14765.2
2058.4,-14761.6
2058.5,-14755.6
2058.6,-14764.3
2058.7,-14764
2058.8,-14763.7
2058.9,-14753.3
2059,-14775.4
2059.1,-14758.3
2059.2,-14769.2
2059.3,-14762.2
2059.4,-14765.3
2059.5,-14760.5
2059.6,-14762.4
2059.7,-14761
2059.8,-14762.9
2059.9,-14761.5
2060,-14760.1
2060.1,-14756.4
2060.2,-14764
2060.3,-14760.3
2060.4,-14753.3
2060.5,-14765.3
2060.6,-14754.9
2060.7,-14763.6
2060.8,-14767.8
2060.9,-14763
2061,-14761.5
2061.1,-14760.1
2061.2,-14766.5
2061.3,-14757.2
2061.4,-14755.8
2061.5,-14754.4
2061.6,-14763.1
2061.7,-14762.8
2061.8,-14762.4
2061.9,-14767.7
2062,-14758.4
2062.1,-14764.9
2062.2,-14763.4
2062.3,-14762
2062.4,-14758.3
2062.5,-14762.5
2062.6,-14759.9
2062.7,-14758.5
2062.8,-14761.6
2062.9,-14768
2063,-14749.7
2063.1,-14761.7
2063.2,-14756.9
2063.3,-14760
2063.4,-14752.9
2063.5,-14760.5
2063.6,-14762.4
2063.7,-14756.4
2063.8,-14770.7
2063.9,-14768.2
2064,-14764.5
2064.1,-14757.4
2064.2,-14759.4
2064.3,-14763.5
2064.4,-14756.5
2064.5,-14755
2064.6,-14759.2
2064.7,-14762.2
2064.8,-14759.7
2064.9,-14752.6
2065,-14765.8
2065.1,-14762
2065.2,-14765.1
2065.3,-14755.8
2065.4,-14753.3
2065.5,-14761.9
2065.6,-14762.7
2065.7,-14747.7
2065.8,-14754.1
2065.9,-14772.9
2066,-14760.2
2066.1,-14755.4
2066.2,-14758.5
2066.3,-14761.5
2066.4,-14749.9
2066.5,-14756.3
2066.6,-14753.7
2066.7,-14756.8
2066.8,-14759.8
2066.9,-14759.5
2067,-14757
2067.1,-14773.4
2067.2,-14756.3
2067.3,-14758.2
2067.4,-14756.7
2067.5,-14764.3
2067.6,-14759.5
2067.7,-14760.2
2067.8,-14757.6
2067.9,-14750.5
2068,-14768.2
2068.1,-14760
2068.2,-14767.6
2068.3,-14752.6
2068.4,-14769.1
2068.5,-14751.9
2068.6,-14753.8
2068.7,-14768.1
2068.8,-14754.3
2068.9,-14761.8
2069,-14755.9
2069.1,-14758.9
2069.2,-14756.3
2069.3,-14749.2
2069.4,-14759
2069.5,-14756.4
2069.6,-14746
2069.7,-14753.5
2069.8,-14756.5
2069.9,-14764.1
2070,-14755.8
2070.1,-14757.8
2070.2,-14755.2
2070.3,-14758.2
2070.4,-14751.1
2070.5,-14766.5
2070.6,-14756
2070.7,-14753.4
2070.8,-14755.3
2070.9,-14757.2
2071,-14759.2
2071.1,-14752
2071.2,-14755.1
2071.3,-14752.5
2071.4,-14762.2
2071.5,-14769.7
2071.6,-14751.4
2071.7,-14762.3
2071.8,-14755.2
2071.9,-14757.1
2072,-14764.6
2072.1,-14755.3
2072.2,-14759.4
2072.3,-14761.3
2072.4,-14749.8
2072.5,-14742.7
2072.6,-14758
2072.7,-14759.9
2072.8,-14754
2072.9,-14755.9
2073,-14752.2
2073.1,-14754.1
2073.2,-14759.3
2073.3,-14756.7
2073.4,-14758.6
2073.5,-14752.6
2073.6,-14756.8
2073.7,-14753
2073.8,-14756.1
2073.9,-14761.3
2074,-14758.7
2074.1,-14760.6
2074.2,-14758
2074.3,-14756.5
2074.4,-14760.7
2074.5,-14753.6
2074.6,-14751
2074.7,-14752.9
2074.8,-14759.3
2074.9,-14764.5
2075,-14758.5
2075.1,-14759.3
2075.2,-14755.6
2075.3,-14759.7
2075.4,-14753.7
2075.5,-14753.4
2075.6,-14756.4
2075.7,-14758.3
2075.8,-14744.5
2075.9,-14762.1
2076,-14758.3
2076.1,-14750.1
2076.2,-14754.2
2076.3,-14760.6
2076.4,-14754.6
2076.5,-14756.5
2076.6,-14752.8
2076.7,-14758
2076.8,-14757.6
2076.9,-14759.5
2077,-14760.3
2077.1,-14762.2
2077.2,-14760.7
2077.3,-14758.1
2077.4,-14758.8
2077.5,-14757.3
2077.6,-14755.9
2077.7,-14752.1
2077.8,-14763
2077.9,-14759.3
2078,-14756.6
2078.1,-14757.4
2078.2,-14753.6
2078.3,-14748.8
2078.4,-14755.2
2078.5,-14755.9
2078.6,-14762.3
2078.7,-14759.7
2078.8,-14755.9
2078.9,-14751.1
2079,-14770.9
2079.1,-14751.4
2079.2,-14756.7
2079.3,-14759.7
2079.4,-14756
2079.5,-14757.8
2079.6,-14756.3
2079.7,-14752.6
2079.8,-14757.8
2079.9,-14750.7
2080,-14751.5
2080.1,-14753.3
2080.2,-14754.1
2080.3,-14754.8
2080.4,-14754.5
2080.5,-14750.7
2080.6,-14751.5
2080.7,-14752.2
2080.8,-14748.5
2080.9,-14749.2
2081,-14755.6
2081.1,-14755.2
2081.2,-14756
2081.3,-14760.1
2081.4,-14762
2081.5,-14752.6
2081.6,-14759
2081.7,-14755.2
2081.8,-14755.9
2081.9,-14755.6
2082,-14760.8
2082.1,-14766.1
2082.2,-14761.2
2082.3,-14761.9
2082.4,-14748.1
2082.5,-14760
2082.6,-14759.7
2082.7,-14759.3
2082.8,-14748.8
2082.9,-14749.6
2083,-14750.3
2083.1,-14747.7
2083.2,-14748.4
2083.3,-14743.6
2083.4,-14748.8
2083.5,-14747.3
2083.6,-14753.6
2083.7,-14758.8
2083.8,-14764.1
2083.9,-14753.6
2084,-14740.9
2084.1,-14752.9
2084.2,-14759.2
2084.3,-14755.4
2084.4,-14755
2084.5,-14755.8
2084.6,-14756.5
2084.7,-14746
2084.8,-14745.6
2084.9,-14761
2085,-14750.5
2085.1,-14756.8
2085.2,-14756.4
2085.3,-14752.7
2085.4,-14762.4
2085.5,-14757.5
2085.6,-14757.1
2085.7,-14747.7
2085.8,-14751.8
2085.9,-14747
2086,-14752.2
2086.1,-14757.4
2086.2,-14757
2086.3,-14752.1
2086.4,-14747.2
2086.5,-14746.9
2086.6,-14746.5
2086.7,-14746.1
2086.8,-14751.3
2086.9,-14756.5
2087,-14751.7
2087.1,-14754.6
2087.2,-14764.3
2087.3,-14759.4
2087.4,-14753.4
2087.5,-14745.2
2087.6,-14754.9
2087.7,-14755.6
2087.8,-14749.6
2087.9,-14749.2
2088,-14756.7
2088.1,-14748.5
2088.2,-14748.1
2088.3,-14747.7
2088.4,-14752.9
2088.5,-14746.9
2088.6,-14746.5
2088.7,-14746.1
2088.8,-14747.9
2088.9,-14747.5
2089,-14753.9
2089.1,-14754.6
2089.2,-14754.2
2089.3,-14748.2
2089.4,-14755.7
2089.5,-14754.2
2089.6,-14750.4
2089.7,-14750
2089.8,-14749.6
2089.9,-14744.7
2090,-14752.1
2090.1,-14746.1
2090.2,-14750.2
2090.3,-14748.7
2090.4,-14749.5
2090.5,-14749.1
2090.6,-14744.2
2090.7,-14749.4
2090.8,-14751.2
2090.9,-14755.3
2091,-14749.3
2091.1,-14745.5
2091.2,-14745.1
2091.3,-14749.2
2091.4,-14753.3
2091.5,-14747.3
2091.6,-14744.6
2091.7,-14745.4
2091.8,-14743.9
2091.9,-14751.3
2092,-14746.4
2092.1,-14755
2092.2,-14751.2
2092.3,-14749.7
2092.4,-14743.7
2092.5,-14747.8
2092.6,-14749.6
2092.7,-14749.2
2092.8,-14753.3
2092.9,-14745
2093,-14748
2093.1,-14742
2093.2,-14749.5
2093.3,-14747.9
2093.4,-14749.8
2093.5,-14749.3
2093.6,-14741.1
2093.7,-14745.2
2093.8,-14748.1
2093.9,-14746.6
2094,-14745.1
2094.1,-14743.6
2094.2,-14747.6
2094.3,-14746.1
2094.4,-14745.7
2094.5,-14748.7
2094.6,-14747.1
2094.7,-14753.5
2094.8,-14741.8
2094.9,-14750.4
2095,-14744.4
2095.1,-14749.6
2095.2,-14753.7
2095.3,-14756.7
2095.4,-14745
2095.5,-14752.4
2095.6,-14740.8
2095.7,-14741.5
2095.8,-14750.1
2095.9,-14753.1
2096,-14756.1
2096.1,-14744.4
2096.2,-14760.8
2096.3,-14741.3
2096.4,-14743.1
2096.5,-14743.9
2096.6,-14751.3
2096.7,-14755.4
2096.8,-14752.8
2096.9,-14751.2
2097,-14749.7
2097.1,-14743.6
2097.2,-14746.6
2097.3,-14749.6
2097.4,-14758.2
2097.5,-14746.5
2097.6,-14743.8
2097.7,-14746.8
2097.8,-14749.8
2097.9,-14748.2
2098,-14741.1
2098.1,-14749.7
2098.2,-14758.2
2098.3,-14746.6
2098.4,-14751.8
2098.5,-14746.9
2098.6,-14744.2
2098.7,-14747.2
2098.8,-14755.8
2098.9,-14748.6
2099,-14752.7
2099.1,-14741
2099.2,-14748.5
2099.3,-14746.9
2099.4,-14748.8
2099.5,-14756.2
2099.6,-14754.7
2099.7,-14753.1
2099.8,-14750.5
2099.9,-14743.3
2100,-14740.7
2100.1,-14743.6
2100.2,-14751.1
2100.3,-14749.5
2100.4,-14746.9
2100.5,-14750.9
2100.6,-14748.3
2100.7,-14745.6
2100.8,-14748.6
2100.9,-14745.9
2101,-14748.8
2101.1,-14746.2
2101.2,-14750.2
2101.3,-14752.1
2101.4,-14743.8
2101.5,-14741.1
2101.6,-14744.1
2101.7,-14749.3
2101.8,-14747.7
2101.9,-14742.8
2102,-14745.8
2102.1,-14747.6
2102.2,-14739.3
2102.3,-14751.3
2102.4,-14745.2
2102.5,-14742.5
2102.6,-14753.3
2102.7,-14742.8
2102.8,-14748
2102.9,-14751
2103,-14743.8
2103.1,-14741.2
2103.2,-14752
2103.3,-14749.3
2103.4,-14744.4
2103.5,-14747.3
2103.6,-14739
2103.7,-14740.9
2103.8,-14751.7
2103.9,-14749
2104,-14743
2104.1,-14744.8
2104.2,-14743.2
2104.3,-14755.2
2104.4,-14752.5
2104.5,-14747.6
2104.6,-14749.4
2104.7,-14742.2
2104.8,-14736.2
2104.9,-14748.2
2105,-14750
2105.1,-14751.8
2105.2,-14744.6
2105.3,-14749.8
2105.4,-14767.3
2105.5,-14764.7
2105.6,-14746.3
2105.7,-14744.8
2105.8,-14751.1
2105.9,-14748.4
2106,-14749.1
2106.1,-14746.4
2106.2,-14748.2
2106.3,-14750
2106.4,-14739.5
2106.5,-14741.3
2106.6,-14747.7
2106.7,-14741.6
2106.8,-14754.6
2106.9,-14756.4
2107,-14747
2107.1,-14748.9
2107.2,-14756.3
2107.3,-14759.2
2107.4,-14745.3
2107.5,-14747.1
2107.6,-14749
2107.7,-14755.3
2107.8,-14751.5
2107.9,-14753.3
2108,-14750.6
2108.1,-14747.9
2108.2,-14744.1
2108.3,-14753.8
2108.4,-14746.7
2108.5,-14753
2108.6,-14749.2
2108.7,-14756.6
2108.8,-14753.9
2108.9,-14753.5
2109,-14759.8
2109.1,-14761.6
2109.2,-14762.3
2109.3,-14742.8
2109.4,-14742.4
2109.5,-14748.7
2109.6,-14751.6
2109.7,-14745.5
2109.8,-14756.3
2109.9,-14762.7
2110,-14758.9
2110.1,-14743.9
2110.2,-14745.7
2110.3,-14743
2110.4,-14752.7
2110.5,-14744.4
2110.6,-14746.2
2110.7,-14752.5
2110.8,-14743.1
2110.9,-14755
2111,-14755.7
2111.1,-14757.5
2111.2,-14758.2
2111.3,-14743.2
2111.4,-14743.9
2111.5,-14745.7
2111.6,-14741.9
2111.7,-14763.9
2111.8,-14760.1
2111.9,-14746.2
2112,-14757
2112.1,-14757.7
2112.2,-14743.9
2112.3,-14743.4
2112.4,-14760.9
2112.5,-14762.7
2112.6,-14753.3
2112.7,-14764.1
2112.8,-14743.5
2112.9,-14754.3
2113,-14755
2113.1,-14755.7
2113.2,-14757.5
2113.3,-14759.3
2113.4,-14744.3
2113.5,-14745
2113.6,-14742.3
2113.7,-14756.4
2113.8,-14757.1
2113.9,-14752.2
2114,-14747.3
2114.1,-14749.1
2114.2,-14736.3
2114.3,-14744.9
2114.4,-14745.6
2114.5,-14737.3
2114.6,-14737.9
2114.7,-14743.1
2114.8,-14748.3
2114.9,-14741.2
2115,-14744.1
2115.1,-14760.5
2115.2,-14751.1
2115.3,-14747.3
2115.4,-14757
2115.5,-14747.6
2115.6,-14748.2
2115.7,-14745.6
2115.8,-14745.2
2115.9,-14754.8
2116,-14749.9
2116.1,-14744.9
2116.2,-14751.2
2116.3,-14750.8
2116.4,-14745.9
2116.5,-14756.7
2116.6,-14741.7
2116.7,-14752.4
2116.8,-14753.1
2116.9,-14752.7
2117,-14747.8
2117.1,-14753
2117.2,-14753.6
2117.3,-14753.2
2117.4,-14753.9
2117.5,-14759.1
2117.6,-14747.5
2117.7,-14738
2117.8,-14758.9
2117.9,-14752.9
2118,-14739
2118.1,-14734
2118.2,-14749.3
2118.3,-14743.3
2118.4,-14748.5
2118.5,-14740.2
2118.6,-14746.5
2118.7,-14737.1
2118.8,-14744.5
2118.9,-14755.3
2119,-14749.2
2119.1,-14758.9
2119.2,-14742.8
2119.3,-14734.5
2119.4,-14740.8
2119.5,-14749.3
2119.6,-14736.5
2119.7,-14754
2119.8,-14753.6
2119.9,-14757.7
2120,-14757.2
2120.1,-14752.3
2120.2,-14739.5
2120.3,-14734.6
2120.4,-14742
2120.5,-14741.6
2120.6,-14752.4
2120.7,-14756.4
2120.8,-14751.5
2120.9,-14755.6
2121,-14750.6
2121.1,-14742.4
2121.2,-14739.7
2121.3,-14759.4
2121.4,-14743.3
2121.5,-14744
2121.6,-14759.2
2121.7,-14753.2
2121.8,-14742.7
2121.9,-14756.8
2122,-14755.3
2122.1,-14754.8
2122.2,-14754.4
2122.3,-14744.9
2122.4,-14750.1
2122.5,-14755.3
2122.6,-14754.9
2122.7,-14747.7
2122.8,-14751.8
2122.9,-14759.2
2123,-14754.3
2123.1,-14755
2123.2,-14754.5
2123.3,-14754.1
2123.4,-14748
2123.5,-14738.6
2123.6,-14742.7
2123.7,-14743.4
2123.8,-14738.5
2123.9,-14753.7
2124,-14753.3
2124.1,-14737.1
2124.2,-14745.7
2124.3,-14744.1
2124.4,-14739.2
2124.5,-14743.3
2124.6,-14741.7
2124.7,-14741.3
2124.8,-14740.8
2124.9,-14744.9
2125,-14743.3
2125.1,-14748.5
2125.2,-14752.5
2125.3,-14756.6
2125.4,-14744.9
2125.5,-14741.2
2125.6,-14745.2
2125.7,-14744.8
2125.8,-14740.9
2125.9,-14760.7
2126,-14744.5
2126.1,-14753.1
2126.2,-14752.6
2126.3,-14745.5
2126.4,-14746.2
2126.5,-14741.3
2126.6,-14741.9
2126.7,-14757.2
2126.8,-14745.5
2126.9,-14749.6
2127,-14753.6
2127.1,-14751
2127.2,-14747.2
2127.3,-14745.7
2127.4,-14744.1
2127.5,-14744.8
2127.6,-14739.8
2127.7,-14737.2
2127.8,-14737.9
2127.9,-14741.9
2128,-14746
2128.1,-14738.8
2128.2,-14742.9
2128.3,-14736.8
2128.4,-14735.2
2128.5,-14738.2
2128.6,-14736.6
2128.7,-14740.7
2128.8,-14744.7
2128.9,-14737.5
2129,-14741.6
2129.1,-14734.4
2129.2,-14738.5
2129.3,-14741.4
2129.4,-14745.5
2129.5,-14739.4
2129.6,-14736.7
2129.7,-14735.2
2129.8,-14746
2129.9,-14739.9
2130,-14744
2130.1,-14737.9
2130.2,-14731.8
2130.3,-14735.9
2130.4,-14737.7
2130.5,-14731.7
2130.6,-14736.8
2130.7,-14736.4
2130.8,-14743.9
2130.9,-14742.3
2131,-14740.8
2131.1,-14744.8
2131.2,-14743.2
2131.3,-14740.6
2131.4,-14743.5
2131.5,-14745.3
2131.6,-14743.8
2131.7,-14742.2
2131.8,-14740.6
2131.9,-14744.7
2132,-14742
2132.1,-14739.3
2132.2,-14747.9
2132.3,-14750.8
2132.4,-14749.3
2132.5,-14742.1
2132.6,-14749.5
2132.7,-14742.3
2132.8,-14739.7
2132.9,-14742.6
2133,-14735.4
2133.1,-14744
2133.2,-14736.8
2133.3,-14739.7
2133.4,-14747.1
2133.5,-14740
2133.6,-14741.8
2133.7,-14742.5
2133.8,-14751
2133.9,-14749.4
2134,-14733.3
2134.1,-14741.8
2134.2,-14749.3
2134.3,-14741
2134.4,-14733.8
2134.5,-14739
2134.6,-14736.3
2134.7,-14754.9
2134.8,-14734.3
2134.9,-14736.1
2135,-14744.7
2135.1,-14735.3
2135.2,-14749.4
2135.3,-14736.6
2135.4,-14741.8
2135.5,-14736.9
2135.6,-14734.2
2135.7,-14741.6
2135.8,-14749.1
2135.9,-14752
2136,-14733.6
2136.1,-14746.6
2136.2,-14739.4
2136.3,-14741.3
2136.4,-14743.1
2136.5,-14744.9
2136.6,-14737.7
2136.7,-14739.5
2136.8,-14736.9
2136.9,-14734.2
2137,-14732.6
2137.1,-14740
2137.2,-14741.9
2137.3,-14734.7
2137.4,-14744.3
2137.5,-14751.7
2137.6,-14743.4
2137.7,-14729.6
2137.8,-14742.6
2137.9,-14739.9
2138,-14738.4
2138.1,-14742.4
2138.2,-14738.6
2138.3,-14733.7
2138.4,-14755.7
2138.5,-14741.8
2138.6,-14740.3
2138.7,-14737.6
2138.8,-14740.5
2138.9,-14743.4
2139,-14735.1
2139.1,-14739.2
2139.2,-14733.2
2139.3,-14735
2139.4,-14735.7
2139.5,-14738.6
2139.6,-14735.9
2139.7,-14733.2
2139.8,-14742.9
2139.9,-14736.9
2140,-14738.7
2140.1,-14740.5
2140.2,-14731.1
2140.3,-14732.9
2140.4,-14731.3
2140.5,-14735.4
2140.6,-14752.9
2140.7,-14749.1
2140.8,-14735.2
2140.9,-14733.7
2141,-14733.2
2141.1,-14731.7
2141.2,-14733.5
2141.3,-14743.1
2141.4,-14749.5
2141.5,-14745.7
2141.6,-14752
2141.7,-14743.7
2141.8,-14751.1
2141.9,-14735
2142,-14735.7
2142.1,-14739.7
2142.2,-14751.6
2142.3,-14747.8
2142.4,-14744
2142.5,-14745.8
2142.6,-14747.6
2142.7,-14733.8
2142.8,-14733.3
2142.9,-14738.5
2143,-14734.7
2143.1,-14725.3
2143.2,-14750.7
2143.3,-14746.9
2143.4,-14743.1
2143.5,-14729.2
2143.6,-14732.2
2143.7,-14738.5
2143.8,-14729.1
2143.9,-14735.4
2144,-14745
2144.1,-14735.6
2144.2,-14737.4
2144.3,-14735.9
2144.4,-14742.2
2144.5,-14741.8
2144.6,-14743.6
2144.7,-14740.9
2144.8,-14741.6
2144.9,-14737.8
2145,-14734
2145.1,-14734.7
2145.2,-14735.4
2145.3,-14731.6
2145.4,-14739
2145.5,-14733
2145.6,-14734.8
2145.7,-14731
2145.8,-14736.2
2145.9,-14738
2146,-14737.6
2146.1,-14736
2146.2,-14736.7
2146.3,-14729.6
2146.4,-14733.6
2146.5,-14738.8
2146.6,-14732.8
2146.7,-14743.6
2146.8,-14734.2
2146.9,-14724.8
2147,-14737.8
2147.1,-14738.5
2147.2,-14739.2
2147.3,-14732.1
2147.4,-14738.4
2147.5,-14740.2
2147.6,-14735.2
2147.7,-14738.2
2147.8,-14744.5
2147.9,-14728.4
2148,-14739.2
2148.1,-14730.9
2148.2,-14737.2
2148.3,-14739
2148.4,-14734.1
2148.5,-14734.8
2148.6,-14735.5
2148.7,-14735.1
2148.8,-14734.7
2148.9,-14729.8
2149,-14736.1
2149.1,-14737.9
2149.2,-14732.9
2149.3,-14728
2149.4,-14738.8
2149.5,-14744
2149.6,-14727.9
2149.7,-14744.3
2149.8,-14739.4
2149.9,-14740.1
2150,-14740.8
2150.1,-14740.4
2150.2,-14735.5
2150.3,-14740.7
2150.4,-14741.3
2150.5,-14746.5
2150.6,-14727
2150.7,-14726.6
2150.8,-14732.9
2150.9,-14732.5
2151,-14743.3
2151.1,-14742.9
2151.2,-14742.5
2151.3,-14744.3
2151.4,-14725.9
2151.5,-14727.7
2151.6,-14743
2151.7,-14738.1
2151.8,-14737.7
2151.9,-14732.8
2152,-14732.3
2152.1,-14743.1
2152.2,-14738.2
2152.3,-14726.6
2152.4,-14743
2152.5,-14742.6
2152.6,-14732.1
2152.7,-14722.6
2152.8,-14727.8
2152.9,-14733
2153,-14732.6
2153.1,-14732.2
2153.2,-14736.3
2153.3,-14730.3
2153.4,-14730.9
2153.5,-14730.5
2153.6,-14725.6
2153.7,-14730.8
2153.8,-14740.5
2153.9,-14740.1
2154,-14727.4
2154.1,-14739.2
2154.2,-14738.8
2154.3,-14733.9
2154.4,-14731.2
2154.5,-14736.4
2154.6,-14732.6
2154.7,-14731.1
2154.8,-14725.1
2154.9,-14732.5
2155,-14733.2
2155.1,-14732.8
2155.2,-14725.6
2155.3,-14729.7
2155.4,-14733.8
2155.5,-14732.3
2155.6,-14726.2
2155.7,-14725.8
2155.8,-14728.7
2155.9,-14728.3
2156,-14733.5
2156.1,-14735.4
2156.2,-14739.4
2156.3,-14727.8
2156.4,-14735.2
2156.5,-14723.6
2156.6,-14727.7
2156.7,-14743
2156.8,-14731.3
2156.9,-14728.7
2157,-14738.4
2157.1,-14737.9
2157.2,-14730.8
2157.3,-14730.4
2157.4,-14733.4
2157.5,-14728.4
2157.6,-14726.9
2157.7,-14732.1
2157.8,-14737.3
2157.9,-14731.2
2158,-14729.7
2158.1,-14733.8
2158.2,-14726.7
2158.3,-14730.8
2158.4,-14734.8
2158.5,-14734.4
2158.6,-14734
2158.7,-14733.6
2158.8,-14732
2158.9,-14726
2159,-14734.6
2159.1,-14737.6
2159.2,-14736
2159.3,-14735.6
2159.4,-14730.7
2159.5,-14733.7
2159.6,-14727.6
2159.7,-14736.2
2159.8,-14740.3
2159.9,-14728.7
2160,-14726
2160.1,-14725.6
2160.2,-14725.2
2160.3,-14729.2
2160.4,-14737.8
2160.5,-14730.7
2160.6,-14734.8
2160.7,-14723.1
2160.8,-14727.2
2160.9,-14726.8
2161,-14736.5
2161.1,-14739.4
2161.2,-14732.3
2161.3,-14736.4
2161.4,-14733.7
2161.5,-14726.6
2161.6,-14726.2
2161.7,-14726.9
2161.8,-14726.5
2161.9,-14731.7
2162,-14724.6
2162.1,-14723
2162.2,-14737.2
2162.3,-14735.7
2162.4,-14728.6
2162.5,-14719.2
2162.6,-14723.2
2162.7,-14731.8
2162.8,-14720.2
2162.9,-14725.4
2163,-14728.4
2163.1,-14722.3
2163.2,-14723.1
2163.3,-14726
2163.4,-14724.5
2163.5,-14728.6
2163.6,-14731.5
2163.7,-14724.4
2163.8,-14722.9
2163.9,-14728.1
2164,-14732.2
2164.1,-14721.7
2164.2,-14730.3
2164.3,-14733.2
2164.4,-14731.7
2164.5,-14720
2164.6,-14736.5
2164.7,-14721.5
2164.8,-14726.7
2164.9,-14731.9
2165,-14734.9
2165.1,-14733.4
2165.2,-14726.2
2165.3,-14719.1
2165.4,-14723.1
2165.5,-14726.1
2165.6,-14729.1
2165.7,-14726.4
2165.8,-14728.3
2165.9,-14716.7
2166,-14729.7
2166.1,-14722.6
2166.2,-14726.7
2166.3,-14729.6
2166.4,-14721.4
2166.5,-14724.4
2166.6,-14724
2166.7,-14729.2
2166.8,-14737.8
2166.9,-14730.6
2167,-14728
2167.1,-14730.9
2167.2,-14718.2
2167.3,-14723.4
2167.4,-14720.8
2167.5,-14726
2167.6,-14734.6
2167.7,-14731.9
2167.8,-14729.3
2167.9,-14732.3
2168,-14719.5
2168.1,-14722.5
2168.2,-14717.6
2168.3,-14722.8
2168.4,-14730.3
2168.5,-14733.2
2168.6,-14730.6
2168.7,-14727.9
2168.8,-14734.3
2168.9,-14722.7
2169,-14712.2
2169.1,-14709.5
2169.2,-14722.6
2169.3,-14716.6
2169.4,-14714
2169.5,-14731.5
2169.6,-14730
2169.7,-14733
2169.8,-14714.6
2169.9,-14716.5
2170,-14723.9
2170.1,-14723.6
2170.2,-14719.8
2170.3,-14719.4
2170.4,-14722.4
2170.5,-14725.3
2170.6,-14714.8
2170.7,-14721.2
2170.8,-14718.6
2170.9,-14724.9
2171,-14722.3
2171.1,-14719.7
2171.2,-14724.9
2171.3,-14722.2
2171.4,-14719.6
2171.5,-14725.9
2171.6,-14715.4
2171.7,-14721.8
2171.8,-14719.2
2171.9,-14716.5
2172,-14721.7
2172.1,-14715.7
2172.2,-14725.4
2172.3,-14713.8
2172.4,-14723.6
2172.5,-14716.5
2172.6,-14713.8
2172.7,-14711.2
2172.8,-14714.1
2172.9,-14721.6
2173,-14723.5
2173.1,-14718.6
2173.2,-14720.5
2173.3,-14726.8
2173.4,-14723.1
2173.5,-14720.4
2173.6,-14723.4
2173.7,-14725.3
2173.8,-14711.4
2173.9,-14727.9
2174,-14724.1
2174.1,-14726
2174.2,-14722.2
2174.3,-14714
2174.4,-14721.4
2174.5,-14718.8
2174.6,-14725.2
2174.7,-14715.8
2174.8,-14732.3
2174.9,-14718.4
2175,-14724.8
2175.1,-14721
2175.2,-14722.9
2175.3,-14719.1
2175.4,-14726.6
2175.5,-14711.7
2175.6,-14709
2175.7,-14725.5
2175.8,-14721.7
2175.9,-14722.5
2176,-14718.7
2176.1,-14725.1
2176.2,-14722.4
2176.3,-14733.3
2176.4,-14723.9
2176.5,-14725.8
2176.6,-14722
2176.7,-14722.8
2176.8,-14723.6
2176.9,-14719.8
2177,-14721.7
2177.1,-14717.9
2177.2,-14714.2
2177.3,-14720.5
2177.4,-14721.3
2177.5,-14727.6
2177.6,-14712.7
2177.7,-14729.1
2177.8,-14714.2
2177.9,-14721.6
2178,-14722.4
2178.1,-14723.1
2178.2,-14719.4
2178.3,-14730.3
2178.4,-14713.1
2178.5,-14713.8
2178.6,-14713.4
2178.7,-14724.3
2178.8,-14720.5
2178.9,-14721.3
2179,-14716.4
2179.1,-14727.3
2179.2,-14717.9
2179.3,-14716.4
2179.4,-14714.9
2179.5,-14721.3
2179.6,-14716.4
2179.7,-14722.8
2179.8,-14717.9
2179.9,-14723.2
2180,-14718.3
2180.1,-14710.1
2180.2,-14711.9
2180.3,-14728.4
2180.4,-14719
2180.5,-14719.8
2180.6,-14719.4
2180.7,-14724.7
2180.8,-14714.2
2180.9,-14712.7
2181,-14716.8
2181.1,-14709.7
2181.2,-14712.7
2181.3,-14707.9
2181.4,-14718.7
2181.5,-14718.4
2181.6,-14713.5
2181.7,-14712
2181.8,-14702.7
2181.9,-14709
2182,-14712
2182.1,-14711.7
2182.2,-14722.5
2182.3,-14716.6
2182.4,-14717.3
2182.5,-14710.2
2182.6,-14718.8
2182.7,-14717.3
2182.8,-14706.9
2182.9,-14707.6
2183,-14711.8
2183.1,-14726
2183.2,-14725.6
2183.3,-14705.1
2183.4,-14708.1
2183.5,-14708.8
2183.6,-14716.3
2183.7,-14709.2
2183.8,-14708.9
2183.9,-14716.4
2184,-14727.2
2184.1,-14706.6
2184.2,-14716.4
2184.3,-14709.3
2184.4,-14704.4
2184.5,-14708.6
2184.6,-14711.6
2184.7,-14706.7
2184.8,-14705.2
2184.9,-14712.7
2185,-14704.5
2185.1,-14709.8
2185.2,-14711.7
2185.3,-14703.5
2185.4,-14727.8
2185.5,-14727.4
2185.6,-14712.5
2185.7,-14714.4
2185.8,-14714
2185.9,-14719.3
2186,-14714.4
2186.1,-14717.4
2186.2,-14728.3
2186.3,-14712.2
2186.4,-14711.8
2186.5,-14713.7
2186.6,-14714.5
2186.7,-14718.6
2186.8,-14718.3
2186.9,-14713.4
2187,-14707.5
2187.1,-14710.5
2187.2,-14710.1
2187.3,-14707.5
2187.4,-14711.7
2187.5,-14711.3
2187.6,-14722.2
2187.7,-14716.2
2187.8,-14710.2
2187.9,-14705.4
2188,-14717.4
2188.1,-14709.2
2188.2,-14713.3
2188.3,-14707.4
2188.4,-14704.8
2188.5,-14717.9
2188.6,-14711.9
2188.7,-14711.6
2188.8,-14719.1
2188.9,-14709.7
2189,-14718.4
2189.1,-14712.5
2189.2,-14707.6
2189.3,-14702.7
2189.4,-14718.1
2189.5,-14706.5
2189.6,-14710.7
2189.7,-14709.2
2189.8,-14719
2189.9,-14707.4
2190,-14718.3
2190.1,-14717.9
2190.2,-14711.9
2190.3,-14710.5
2190.4,-14710.1
2190.5,-14707.6
2190.6,-14711.7
2190.7,-14715.9
2190.8,-14711
2190.9,-14716.3
2191,-14710.3
2191.1,-14714.4
2191.2,-14713
2191.3,-14711.5
2191.4,-14715.7
2191.5,-14715.3
2191.6,-14719.5
2191.7,-14703.4
2191.8,-14717.7
2191.9,-14711.7
2192,-14720.3
2192.1,-14724.5
2192.2,-14717.4
2192.3,-14717.1
2192.4,-14710
2192.5,-14705.2
2192.6,-14713.8
2192.7,-14718
2192.8,-14722.1
2192.9,-14710.5
2193,-14719.2
2193.1,-14718.8
2193.2,-14716.3
2193.3,-14715.9
2193.4,-14715.5
2193.5,-14708.5
2193.6,-14717.1
2193.7,-14715.7
2193.8,-14715.3
2193.9,-14713.9
2194,-14705.7
2194.1,-14710.9
2194.2,-14714
2194.3,-14712.5
2194.4,-14715.6
2194.5,-14709.6
2194.6,-14713.8
2194.7,-14717.9
2194.8,-14715.4
2194.9,-14719.5
2195,-14723.7
2195.1,-14716.6
2195.2,-14709.5
2195.3,-14713.7
2195.4,-14712.2
2195.5,-14710.8
2195.6,-14703.7
2195.7,-14717.9
2195.8,-14716.5
2195.9,-14713.9
2196,-14712.5
2196.1,-14711
2196.2,-14703.9
2196.3,-14708.1
2196.4,-14716.7
2196.5,-14701.8
2196.6,-14699.3
2196.7,-14704.6
2196.8,-14714.3
2196.9,-14717.4
2197,-14710.3
2197.1,-14713.3
2197.2,-14716.4
2197.3,-14706
2197.4,-14710.1
2197.5,-14703.1
2197.6,-14719.6
2197.7,-14712.5
2197.8,-14705.4
2197.9,-14718.6
2198,-14700.3
2198.1,-14701.1
2198.2,-14704.2
2198.3,-14708.3
2198.4,-14709.1
2198.5,-14706.5
2198.6,-14699.5
2198.7,-14707
2198.8,-14704.5
2198.9,-14705.3
2199,-14703.8
2199.1,-14702.3
2199.2,-14700.9
2199.3,-14706.2
2199.4,-14698
2199.5,-14705.6
2199.6,-14700.8
2199.7,-14702.7
2199.8,-14702.3
2199.9,-14699.8
2200,-14702.8
2200.1,-14703.6
2200.2,-14715.7
2200.3,-14718.7
2200.4,-14700.4
2200.5,-14700.1
2200.6,-14705.4
2200.7,-14709.6
2200.8,-14722.7
2200.9,-14699.9
2201,-14717.6
2201.1,-14713.9
2201.2,-14711.4
2201.3,-14714.4
2201.4,-14707.4
2201.5,-14705.9
2201.6,-14713.4
2201.7,-14706.4
2201.8,-14708.3
2201.9,-14710.3
2202,-14712.2
2202.1,-14714.2
2202.2,-14707.1
2202.3,-14700
2202.4,-14708.7
2202.5,-14700.5
2202.6,-14708.1
2202.7,-14710
2202.8,-14711.9
2202.9,-14708.3
2203,-14715.8
2203.1,-14708.8
2203.2,-14706.2
2203.3,-14703.6
2203.4,-14705.6
2203.5,-14707.5
2203.6,-14709.5
2203.7,-14706.9
2203.8,-14708.9
2203.9,-14706.3
2204,-14703.7
2204.1,-14701.2
2204.2,-14703.1
2204.3,-14709.6
2204.4,-14707
2204.5,-14709
2204.6,-14710.9
2204.7,-14708.3
2204.8,-14705.8
2204.9,-14707.7
2205,-14709.7
2205.1,-14716.1
2205.2,-14707.9
2205.3,-14715.5
2205.4,-14701.7
2205.5,-14719.4
2205.6,-14695.5
2205.7,-14717.7
2205.8,-14709.5
2205.9,-14711.4
2206,-14708.9
2206.1,-14710.8
2206.2,-14712.8
2206.3,-14714.7
2206.4,-14716.7
2206.5,-14702.9
2206.6,-14697
2206.7,-14711.3
2206.8,-14713.2
2206.9,-14715.2
2207,-14701.4
2207.1,-14703.3
2207.2,-14697.4
2207.3,-14707.2
2207.4,-14705.8
2207.5,-14699.9
2207.6,-14701.9
2207.7,-14713.9
2207.8,-14695.7
2207.9,-14693.1
2208,-14700.7
2208.1,-14701.5
2208.2,-14703.5
2208.3,-14694.2
2208.4,-14698.4
2208.5,-14710.4
2208.6,-14705.7
2208.7,-14703.1
2208.8,-14701.7
2208.9,-14703.7
2209,-14700
2209.1,-14696.3
2209.2,-14700.5
2209.3,-14696.9
2209.4,-14702.2
2209.5,-14698.6
2209.6,-14700.5
2209.7,-14699.1
2209.8,-14701
2209.9,-14703
2210,-14706.1
2210.1,-14696.8
2210.2,-14699.9
2210.3,-14698.5
2210.4,-14700.4
2210.5,-14699
2210.6,-14701
2210.7,-14707.4
2210.8,-14698.2
2210.9,-14693.4
2211,-14694.2
2211.1,-14698.4
2211.2,-14709.4
2211.3,-14700.1
2211.4,-14697.6
2211.5,-14696.1
2211.6,-14698.1
2211.7,-14697.8
2211.8,-14693.1
2211.9,-14699.5
2212,-14694.8
2212.1,-14700.1
2212.2,-14696.4
2212.3,-14699.5
2212.4,-14701.4
2212.5,-14695.6
2212.6,-14703.2
2212.7,-14699.5
2212.8,-14700.4
2212.9,-14706.8
2213,-14697.5
2213.1,-14709.6
2213.2,-14704.8
2213.3,-14697.8
2213.4,-14705.4
2213.5,-14700.7
2213.6,-14711.6
2213.7,-14706.8
2213.8,-14708.8
2213.9,-14709.6
2214,-14710.5
2214.1,-14697.9
2214.2,-14697.6
2214.3,-14692.9
2214.4,-14712.7
2214.5,-14713.6
2214.6,-14704.3
2214.7,-14699.6
2214.8,-14706
2214.9,-14693.4
2215,-14693.1
2215.1,-14698.5
2215.2,-14707.2
2215.3,-14703.5
2215.4,-14703.3
2215.5,-14699.6
2215.6,-14704.9
2215.7,-14694.6
2215.8,-14697.7
2215.9,-14697.4
2216,-14701.6
2216.1,-14707
2216.2,-14702.2
2216.3,-14713.2
2216.4,-14712.9
2216.5,-14694.7
2216.6,-14700
2216.7,-14699.8
2216.8,-14696.1
2216.9,-14709.3
2217,-14704.6
2217.1,-14704.3
2217.2,-14704
2217.3,-14699.3
2217.4,-14695.7
2217.5,-14698.8
2217.6,-14710.8
2217.7,-14710.6
2217.8,-14701.3
2217.9,-14701
2218,-14700.8
2218.1,-14710.7
2218.2,-14699.2
2218.3,-14695.5
2218.4,-14711
2218.5,-14707.3
2218.6,-14707.1
2218.7,-14706.8
2218.8,-14700.9
2218.9,-14710.8
2219,-14699.4
2219.1,-14694.6
2219.2,-14705.5
2219.3,-14700.8
2219.4,-14706.1
2219.5,-14711.5
2219.6,-14710.1
2219.7,-14709.9
2219.8,-14702.9
2219.9,-14693.6
2220,-14699
2220.1,-14709.9
2220.2,-14705.2
2220.3,-14693.7
2220.4,-14698
2220.5,-14696.6
2220.6,-14706.5
2220.7,-14696.1
2220.8,-14696.9
2220.9,-14696.7
2221,-14706.5
2221.1,-14706.3
2221.2,-14704.9
2221.3,-14695.7
2221.4,-14697.7
2221.5,-14693
2221.6,-14708.4
2221.7,-14713.8
2221.8,-14707.9
2221.9,-14707.6
2222,-14700.7
2222.1,-14692.6
2222.2,-14692.3
2222.3,-14699.9
2222.4,-14699.7
2222.5,-14699.4
2222.6,-14693.6
2222.7,-14692.2
2222.8,-14696.5
2222.9,-14697.4
2223,-14697.1
2223.1,-14699.1
2223.2,-14708.9
2223.3,-14693
2223.4,-14708.4
2223.5,-14706
2223.6,-14690
2223.7,-14690.9
2223.8,-14695.2
2223.9,-14698.3
2224,-14686.8
2224.1,-14706.8
2224.2,-14695.3
2224.3,-14695.1
2224.4,-14684.7
2224.5,-14693.5
2224.6,-14697.8
2224.7,-14693
2224.8,-14687.1
2224.9,-14698.1
2225,-14690
2225.1,-14695.4
2225.2,-14691.8
2225.3,-14695
2225.4,-14694.7
2225.5,-14688.9
2225.6,-14701
2225.7,-14705.2
2225.8,-14693.8
2225.9,-14698
2226,-14687.7
2226.1,-14692
2226.2,-14705.2
2226.3,-14703.8
2226.4,-14708.1
2226.5,-14702.2
2226.6,-14705.3
2226.7,-14698.4
2226.8,-14707.1
2226.9,-14705.8
2227,-14699.9
2227.1,-14699.7
2227.2,-14698.3
2227.3,-14697
2227.4,-14705.7
2227.5,-14703.3
2227.6,-14691.8
2227.7,-14700.6
2227.8,-14694.7
2227.9,-14693.4
2228,-14697.6
2228.1,-14701.9
2228.2,-14694.9
2228.3,-14702.6
2228.4,-14701.2
2228.5,-14698.8
2228.6,-14687.3
2228.7,-14703.9
2228.8,-14708.1
2228.9,-14701.2
2229,-14702.1
2229.1,-14695.1
2229.2,-14702.8
2229.3,-14706
2229.4,-14694.5
2229.5,-14696.5
2229.6,-14699.6
2229.7,-14698.3
2229.8,-14693.6
2229.9,-14706.9
2230,-14704.4
2230.1,-14707.6
2230.2,-14696.1
2230.3,-14699.2
2230.4,-14687.8
2230.5,-14685.3
2230.6,-14694.1
2230.7,-14697.2
2230.8,-14693.7
2230.9,-14702.5
2231,-14706.7
2231.1,-14698.6
2231.2,-14692.8
2231.3,-14690.3
2231.4,-14692.4
2231.5,-14705.7
2231.6,-14704.3
2231.7,-14691.8
2231.8,-14700.5
2231.9,-14703.7
2232,-14696.7
2232.1,-14699.8
2232.2,-14697.4
2232.3,-14705.1
2232.4,-14692.5
2232.5,-14686.6
2232.6,-14705.5
2232.7,-14698.5
2232.8,-14696.1
2232.9,-14693.6
2233,-14695.7
2233.1,-14693.3
2233.2,-14702
2233.3,-14699.6
2233.4,-14698.2
2233.5,-14696.9
2233.6,-14694.4
2233.7,-14696.5
2233.8,-14698.5
2233.9,-14696.1
2234,-14698.1
2234.1,-14696.8
2234.2,-14699.9
2234.3,-14697.5
2234.4,-14700.6
2234.5,-14692.6
2234.6,-14694.6
2234.7,-14696.7
2234.8,-14694.2
2234.9,-14697.4
2235,35176.4
2235.1,85710.3
2235.2,136940
2235.3,188827
2235.4,241410
2235.5,294702
2235.6,348621
2235.7,403159
2235.8,458058
2235.9,512681
2236,560583
2236.1,560541
2236.2,560591
2236.3,560458
2236.4,560599
2236.5,560472
2236.6,560389
2236.7,560325
2236.8,560662
2236.9,560620
2237,560579
2237.1,560515
2237.2,560564
2237.3,560418
2237.4,560445
2237.5,560381
2237.6,560473
2237.7,560700
2237.8,560658
2237.9,560502
2238,560447
2238.1,560496
2238.2,560546
2238.3,560596
2238.4,560328
2238.5,560419
2238.6,560645
2238.7,560788
2238.8,560342
2238.9,560575
2239,560534
2239.1,560470
2239.2,560406
2239.3,560498
2239.4,560725
2239.5,560373
2239.6,560513
2239.7,560561
2239.8,560386
2239.9,560345
2240,560394
2240.1,560755
2240.2,560690
2240.3,560563
2240.4,560366
2240.5,560415
2240.6,560465
2240.7,560423
2240.8,560382
2240.9,560473
2241,560481
2241.1,560304
2241.2,560444
2241.3,560494
2241.4,560452
2241.5,560502
2241.6,560460
2241.7,560439
2241.8,560467
2241.9,560608
2242,560523
2242.1,560573
2242.2,560418
2242.3,560397
2242.4,560356
2242.5,560405
2242.6,560546
2242.7,560462
2242.8,560418
2242.9,560335
2243,560384
2243.1,560745
2243.2,560703
2243.3,560753
2243.4,560533
2243.5,560315
2243.6,560406
2243.7,560323
2243.8,560505
2243.9,560640
2244,560576
2244.1,560359
2244.2,560366
2244.3,560506
2244.4,560576
2244.5,560690
2244.6,560762
2244.7,560606
2244.8,560542
2244.9,560684
2245,560465
2245.1,560401
2245.2,560451
2245.3,560655
2245.4,560613
2245.5,560571
2245.6,560621
2245.7,560557
2245.8,560453
2245.9,560502
2246,560439
2246.1,560643
2246.2,560601
2246.3,560651
2246.4,560701
2246.5,560523
2246.6,560665
2246.7,560715
2246.8,560496
2246.9,560631
2247,560567
2247.1,560617
2247.2,560575
2247.3,560717
2247.4,560653
2247.5,560588
2247.6,560753
2247.7,560505
2247.8,560575
2247.9,560533
2248,560492
2248.1,560499
2248.2,560549
2248.3,560372
2248.4,560331
2248.5,560513
2248.6,560429
2248.7,560408
2248.8,560529
2248.9,560579
2249,560515
2249.1,560564
2249.2,560409
2249.3,560501
2249.4,560418
2249.5,560601
2249.6,560517
2249.7,560567
2249.8,560617
2249.9,560667
2250,560398
2250.1,560447
2250.2,560497
2250.3,560455
2250.4,560483
2250.5,560533
2250.6,560582
2250.7,560541
2250.8,560477
2250.9,560527
2251,560576
2251.1,560331
2251.2,560471
2251.3,560727
2251.4,560685
2251.5,560643
2251.6,560312
2251.7,560515
2251.8,560565
2251.9,560615
2252,560665
2252.1,560487
2252.2,560559
2252.3,560517
2252.4,560567
2252.5,560503
2252.6,560553
2252.7,560376
2252.8,560425
2252.9,560475
2253,560434
2253.1,560597
2253.2,560739
2253.3,560675
2253.4,560541
2253.5,560477
2253.6,560547
2253.7,560463
2253.8,560464
2253.9,560472
2254,560521
2254.1,560480
2254.2,560416
2254.3,560395
2254.4,560713
2254.5,560403
2254.6,560522
2254.7,560551
2254.8,560601
2254.9,560559
2255,560518
2255.1,560568
2255.2,560391
2255.3,560440
2255.4,560510
2255.5,560540
2255.6,560589
2255.7,560640
2255.8,560506
2255.9,560648
2256,560698
2256.1,560520
2256.2,560547
2256.3,560597
2256.4,560493
2256.5,560451
2256.6,560678
2256.7,560460
2256.8,560509
2256.9,560600
2257,560650
2257.1,560472
2257.2,560636
2257.3,560440
2257.4,560666
2257.5,560717
2257.6,560589
2257.7,560370
2257.8,560553
2257.9,560644
2258,560602
2258.1,560560
2258.2,560519
2258.3,560477
2258.4,560442
2258.5,560761
2258.6,560697
2258.7,560632
2258.8,560364
2258.9,560549
2259,560507
2259.1,560649
2259.2,560431
2259.3,560480
2259.4,560488
2259.5,560354
2259.6,560671
2259.7,560424
2259.8,560496
2259.9,560370
2260,560287
2260.1,560427
2260.2,560476
2260.3,560435
2260.4,560659
2260.5,560526
2260.6,560462
2260.7,560718
2260.8,560366
2260.9,560415
2261,560465
2261.1,560401
2261.2,560648
2261.3,560515
2261.4,560564
2261.5,560479
2261.6,560466
2261.7,560382
2261.8,560587
2261.9,560432
2262,560545
2262.1,560687
2262.2,560645
2262.3,560518
2262.4,560609
2262.5,560618
2262.6,560576
2262.7,560421
2262.8,560625
2262.9,560583
2263,560406
2263.1,560570
2263.2,560506
2263.3,560670
2263.4,560742
2263.5,560678
2263.6,560728
2263.7,560572
2263.8,560622
2263.9,560672
2264,560700
2264.1,560453
2264.2,560349
2264.3,560689
2264.4,560717
2264.5,560561
2264.6,560519
2264.7,560569
2264.8,560352
2264.9,560402
2265,560628
2265.1,560501
2265.2,560551
2265.3,560509
2265.4,560622
2265.5,560558
2265.6,560608
2265.7,560658
2265.8,560709
2265.9,560644
2266,560695
2266.1,560745
2266.2,560497
2266.3,560547
2266.4,560597
2266.5,560647
2266.6,560429
2266.7,560479
2266.8,560569
2266.9,560619
2267,560486
2267.1,560536
2267.2,560586
2267.3,560481
2267.4,560285
2267.5,560425
2267.6,560517
2267.7,560608
2267.8,560475
2267.9,560525
2268,560575
2268.1,560625
2268.2,560407
2268.3,560457
2268.4,560776
2268.5,560414
2268.6,560464
2268.7,560648
2268.8,560450
2268.9,560500
2269,560664
2269.1,560714
2269.2,560765
2269.3,560403
2269.4,560587
2269.5,560390
2269.6,560327
2269.7,560672
2269.8,560454
2269.9,560435
2270,560371
2270.1,560597
2270.2,560442
2270.3,560379
2270.4,560406
2270.5,560456
2270.6,560712
2270.7,560692
2270.8,560743
2270.9,560495
2271,560431
2271.1,560572
2271.2,560600
2271.3,560536
2271.4,560701
2271.5,560504
2271.6,560463
2271.7,560598
2271.8,560648
2271.9,560562
2272,560704
2272.1,560526
2272.2,560598
2272.3,560670
2272.4,560721
2272.5,560411
2272.6,560729
2272.7,560602
2272.8,560424
2272.9,560651
2273,560701
2273.1,560659
2273.2,560308
2273.3,560358
2273.4,560407
2273.5,560457
2273.6,560507
2273.7,560443
2273.8,560783
2273.9,560741
2274,560388
2274.1,560438
2274.2,560510
2274.3,560446
2274.4,560496
2274.5,560546
2274.6,560772
2274.7,560419
2274.8,560468
2274.9,560427
2275,560386
2275.1,560435
2275.2,560485
2275.3,560444
2275.4,560359
2275.5,560408
2275.6,560458
2275.7,560416
2275.8,560375
2275.9,560425
2276,560475
2276.1,560433
2276.2,560483
2276.3,560533
2276.4,560583
2276.5,560541
2276.6,560478
2276.7,560479
2276.8,560395
2276.9,560445
2277,560472
2277.1,560614
2277.2,560572
2277.3,560645
2277.4,560489
2277.5,560582
2277.6,560498
2277.7,560547
2277.8,560484
2277.9,560420
2278,560584
2278.1,560542
2278.2,560388
2278.3,560480
2278.4,560529
2278.5,560537
2278.6,560587
2278.7,560410
2278.8,560687
2278.9,560440
2279,560399
2279.1,560336
2279.2,560477
2279.3,560413
2279.4,560463
2279.5,560400
2279.6,560563
2279.7,560543
2279.8,560502
2279.9,560552
2280,560580
2280.1,560516
2280.2,560566
2280.3,560411
2280.4,560483
2280.5,560442
2280.6,560583
2280.7,560541
2280.8,560683
2280.9,560734
2281,560555
2281.1,560423
2281.2,560472
2281.3,560636
2281.4,560532
2281.5,560582
2281.6,560407
2281.7,560477
2281.8,560413
2281.9,560640
2282,560462
2282.1,560626
2282.2,560521
2282.3,560571
2282.4,560306
2282.5,560488
2282.6,560425
2282.7,560629
2282.8,560679
2282.9,560502
2283,560511
2283.1,560379
2283.2,560428
2283.3,560478
2283.4,560705
2283.5,560733
2283.6,560401
2283.7,560451
2283.8,560501
2283.9,560522
2284,560686
2284.1,560644
2284.2,560518
2284.3,560454
2284.4,560659
2284.5,560441
2284.6,560490
2284.7,560718
2284.8,560562
2284.9,560634
2285,560777
2285.1,560444
2285.2,560648
2285.3,560544
2285.4,560502
2285.5,560615
2285.6,560482
2285.7,560602
2285.8,560652
2285.9,560434
2286,560371
2286.1,560513
2286.2,560268
2286.3,560564
2286.4,560501
2286.5,560614
2286.6,560756
2286.7,560424
2286.8,560587
2286.9,560586
2287,560659
2287.1,560441
2287.2,560490
2287.3,560427
2287.4,560477
2287.5,560567
2287.6,560618
2287.7,560576
2287.8,560534
2287.9,560318
2288,560480
2288.1,560593
2288.2,560736
2288.3,560694
2288.4,560425
2288.5,560474
2288.6,560524
2288.7,560420
2288.8,560470
2288.9,560697
2289,560366
2289.1,560684
2289.2,560528
2289.3,560556
2289.4,560606
2289.5,560501
2289.6,560460
2289.7,560510
2289.8,560645
2289.9,560696
2290,560540
2290.1,560568
2290.2,560504
2290.3,560783
2290.4,560381
2290.5,560699
2290.6,560566
2290.7,560616
2290.8,560552
2290.9,560580
2291,560630
2291.1,560589
2291.2,560371
2291.3,560620
2291.4,560464
2291.5,560339
2291.6,560388
2291.7,560529
2291.8,560579
2291.9,560404
2292,560588
2292.1,560496
2292.2,560660
2292.3,560533
2292.4,560427
2292.5,560611
2292.6,560436
2292.7,560395
2292.8,560444
2292.9,560714
2293,560382
2293.1,560432
2293.2,560866
2293.3,560418
2293.4,560490
2293.5,560316
2293.6,560499
2293.7,560549
2293.8,560485
2293.9,560621
2294,560494
2294.1,560453
2294.2,560543
2294.3,560616
2294.4,560603
2294.5,560519
2294.6,560407
2294.7,560611
2294.8,560547
2294.9,560597
2295,560533
2295.1,560698
2295.2,560593
2295.3,560509
2295.4,560602
2295.5,560334
2295.6,560559
2295.7,560292
2295.8,560524
2295.9,560803
2296,560583
2296.1,560408
2296.2,560367
2296.3,560550
2296.4,560458
2296.5,560508
2296.6,560332
2296.7,560382
2296.8,560545
2296.9,560709
2297,560667
2297.1,560512
2297.2,560380
2297.3,560407
2297.4,560435
2297.5,560485
2297.6,560535
2297.7,560494
2297.8,560566
2297.9,560524
2298,560461
2298.1,560307
2298.2,560490
2298.3,560497
2298.4,560343
2298.5,560393
2298.6,560465
2298.7,560515
2298.8,560473
2298.9,560430
2299,560347
2299.1,560397
2299.2,560447
2299.3,560448
2299.4,560455
2299.5,560597
2299.6,560555
2299.7,560514
2299.8,560450
2299.9,560614
2300,560573
2300.1,560531
2300.2,560468
2300.3,560405
2300.4,560454
2300.5,560413
2300.6,560505
2300.7,560422
2300.8,560494
2300.9,560636
2301,560572
2301.1,560622
2301.2,560489
2301.3,560446
2301.4,560581
2301.5,560631
2301.6,560393
2301.7,560534
2301.8,560493
2301.9,560430
2302,560479
2302.1,560727
2302.2,560480
2302.3,560354
2302.4,560497
2302.5,560639
2302.6,560597
2302.7,560647
2302.8,560584
2302.9,560338
2303,560521
2303.1,560458
2303.2,560487
2303.3,560537
2303.4,560588
2303.5,560753
2303.6,560505
2303.7,560555
2303.8,560491
2303.9,560541
2304,560592
2304.1,560528
2304.2,560692
2304.3,560651
2304.4,560495
2304.5,560546
2304.6,560596
2304.7,560554
2304.8,560513
2304.9,560541
2305,560386
2305.1,560550
2305.2,560600
2305.3,560536
2305.4,560495
2305.5,560454
2305.6,560526
2305.7,560462
2305.8,560421
2305.9,560562
2306,560613
2306.1,560663
2306.2,560508
2306.3,560672
2306.4,560539
2306.5,560589
2306.6,560639
2306.7,560512
2306.8,560603
2306.9,560448
2307,560498
2307.1,560571
2307.2,560529
2307.3,560488
2307.4,560630
2307.5,560680
2307.6,560462
2307.7,560553
2307.8,560398
2307.9,560470
2308,560634
2308.1,560799
2308.2,560466
2308.3,560516
2308.4,560453
2308.5,560680
2308.6,560411
2308.7,560461
2308.8,560739
2308.9,560387
2309,560479
2309.1,560396
2309.2,560579
2309.3,560693
2309.4,560537
2309.5,560587
2309.6,560546
2309.7,560596
2309.8,560555
2309.9,560697
2310,560564
2310.1,560614
2310.2,560437
2310.3,560487
2310.4,560651
2310.5,560701
2310.6,560454
2310.7,560413
2310.8,560372
2310.9,560513
2311,560563
2311.1,560614
2311.2,560572
2311.3,560622
2311.4,560489
2311.5,560356
2311.6,560476
2311.7,560526
2311.8,560463
2311.9,560627
2312,560792
2312.1,560544
2312.2,560503
2312.3,560439
2312.4,560581
2312.5,560404
2312.6,560454
2312.7,560618
2312.8,560690
2312.9,560649
2313,560699
2313.1,560658
2313.2,560480
2313.3,560530
2313.4,560396
2313.5,560426
2313.6,560589
2313.7,560640
2313.8,560422
2313.9,560649
2314,560607
2314.1,560544
2314.2,560480
2314.3,560530
2314.4,560580
2314.5,560363
2314.6,560413
2314.7,560732
2314.8,560598
2314.9,560535
2315,560380
2315.1,560521
2315.2,560572
2315.3,560622
2315.4,560672
2315.5,560631
2315.6,560589
2315.7,560548
2315.8,560281
2315.9,560535
2316,560677
2316.1,560635
2316.2,560572
2316.3,560530
2316.4,560489
2316.5,560448
2316.6,560540
2316.7,560548
2316.8,560598
2316.9,560649
2317,560607
2317.1,560452
2317.2,560700
2317.3,560658
2317.4,560307
2317.5,560583
2317.6,560634
2317.7,560592
2317.8,560551
2317.9,560397
2318,560424
2318.1,560495
2318.2,560433
2318.3,560505
2318.4,560555
2318.5,560720
2318.6,560564
2318.7,560615
2318.8,560551
2318.9,560397
2319,560560
2319.1,560406
2319.2,560477
2319.3,560528
2319.4,560578
2319.5,560628
2319.6,560679
2319.7,560432
2319.8,560482
2319.9,560532
2320,560688
2320.1,560541
2320.2,560706
2320.3,560550
2320.4,560692
2320.5,560537
2320.6,560518
2320.7,560568
2320.8,560504
2320.9,560463
2321,560605
2321.1,560655
2321.2,560500
2321.3,560550
2321.4,560623
2321.5,560581
2321.6,560724
2321.7,560590
2321.8,560527
2321.9,560463
2322,560514
2322.1,560472
2322.2,560522
2322.3,560306
2322.4,560469
2322.5,560406
2322.6,560632
2322.7,560591
2322.8,560436
2322.9,560464
2323,560514
2323.1,560586
2323.2,560369
2323.3,560532
2323.4,560554
2323.5,560309
2323.6,560449
2323.7,560365
2323.8,560528
2323.9,560692
2324,560559
2324.1,560609
2324.2,560568
2324.3,560526
2324.4,560554
2324.5,560605
2324.6,560770
2324.7,560459
2324.8,560550
2324.9,560531
2325,560673
2325.1,560609
2325.2,560568
2325.3,560464
2325.4,560628
2325.5,560431
2325.6,560319
2325.7,560369
2325.8,560665
2325.9,560738
2326,560582
2326.1,560655
2326.2,560437
2326.3,560396
2326.4,560537
2326.5,560453
2326.6,560679
2326.7,560545
2326.8,560596
2326.9,560554
2327,560719
2327.1,560706
2327.2,560622
2327.3,560445
2327.4,560495
2327.5,560496
2327.6,560587
2327.7,560455
2327.8,560733
2327.9,560606
2328,560431
2328.1,560481
2328.2,560551
2328.3,560306
2328.4,560623
2328.5,560674
2328.6,560725
2328.7,560506
2328.8,560422
2328.9,560472
2329,560431
2329.1,560524
2329.2,560440
2329.3,560490
2329.4,560541
2329.5,560591
2329.6,560527
2329.7,560486
2329.8,560445
2329.9,560587
2330,560752
2330.1,560710
2330.2,560492
2330.3,560627
2330.4,560586
2330.5,560409
2330.6,560459
2330.7,560601
2330.8,560651
2330.9,560343
2331,560414
2331.1,560641
2331.2,560486
2331.3,560536
2331.4,560473
2331.5,560410
2331.6,560573
2331.7,560738
2331.8,560428
2331.9,560655
2332,560706
2332.1,560664
2332.2,560693
2332.3,560629
2332.4,560679
2332.5,560638
2332.6,560597
2332.7,560647
2332.8,560698
2332.9,560479
2333,560615
2333.1,560438
2333.2,560488
2333.3,560652
2333.4,560497
2333.5,560754
2333.6,560712
2333.7,560670
2333.8,560515
2333.9,560702
2334,560753
2334.1,560533
2334.2,560450
2334.3,560407
2334.4,560726
2334.5,560684
2334.6,560643
2334.7,560510
2334.8,560455
2334.9,560619
2335,560555
2335.1,560606
2335.2,560542
2335.3,560544
2335.4,560452
2335.5,560616
2335.6,560511
2335.7,560428
2335.8,560478
2335.9,560528
2336,560579
2336.1,560354
2336.2,560494
2336.3,560453
2336.4,560504
2336.5,560731
2336.6,560421
2336.7,560472
2336.8,560522
2336.9,560572
2337,560488
2337.1,560539
2337.2,560497
2337.3,560456
2337.4,560458
2337.5,560508
2337.6,560424
2337.7,560474
2337.8,560616
2337.9,560575
2338,560534
2338.1,560493
2338.2,560494
2338.3,560585
2338.4,560481
2338.5,560418
2338.6,560448
2338.7,560611
2338.8,560570
2338.9,560529
2339,560579
2339.1,560222
2339.2,560587
2339.3,560586
2339.4,560504
2339.5,560421
2339.6,560289
2339.7,560339
2339.8,560389
2339.9,560439
2340,560687
2340.1,560623
2340.2,560582
2340.3,560747
2340.4,560642
2340.5,560558
2340.6,560516
2340.7,560362
2340.8,560701
2340.9,560682
2341,560733
2341.1,560514
2341.2,560318
2341.3,560368
2341.4,560440
2341.5,560286
2341.6,560288
2341.7,560604
2341.8,560770
2341.9,560459
2342,560467
2342.1,560446
2342.2,560673
2342.3,560724
2342.4,560477
2342.5,560641
2342.6,560692
2342.7,560558
2342.8,560342
2342.9,560659
2343,560413
2343.1,560441
2343.2,560583
2343.3,560542
2343.4,560706
2343.5,560665
2343.6,560510
2343.7,560560
2343.8,560610
2343.9,560661
2344,560534
2344.1,560493
2344.2,560721
2344.3,560772
2344.4,560546
2344.5,560689
2344.6,560470
2344.7,560408
2344.8,560415
2344.9,560487
2345,560672
2345.1,560694
2345.2,560476
2345.3,560435
2345.4,560485
2345.5,560513
2345.6,560543
2345.7,560502
2345.8,560503
2345.9,560420
2346,560267
2346.1,560449
2346.2,560769
2346.3,560550
2346.4,560488
2346.5,560561
2346.6,560611
2346.7,560662
2346.8,560598
2346.9,560444
2347,560423
2347.1,560495
2347.2,560321
2347.3,560462
2347.4,560626
2347.5,560677
2347.6,560635
2347.7,560480
2347.8,560573
2347.9,560532
2348,560491
2348.1,560541
2348.2,560458
2348.3,560508
2348.4,560558
2348.5,560426
2348.6,560559
2348.7,560547
2348.8,560506
2348.9,560465
2349,560402
2349.1,560720
2349.2,560587
2349.3,560638
2349.4,560688
2349.5,560584
2349.6,560451
2349.7,560501
2349.8,560523
2349.9,560573
2350,560510
2350.1,560447
2350.2,560703
2350.3,560374
2350.4,560557
2350.5,560425
2350.6,560652
2350.7,560610
2350.8,560639
2350.9,560575
2351,560718
2351.1,560585
2351.2,560635
2351.3,560502
2351.4,560553
2351.5,560512
2351.6,560562
2351.7,560521
2351.8,560571
2351.9,560622
2352,560489
2352.1,560631
2352.2,560682
2352.3,560640
2352.4,560577
2352.5,560558
2352.6,560608
2352.7,560567
2352.8,560710
2352.9,560576
2353,560491
2353.1,560450
2353.2,560543
2353.3,560481
2353.4,560462
2353.5,560513
2353.6,560655
2353.7,560500
2353.8,560437
2353.9,560621
2354,560488
2354.1,560357
2354.2,560499
2354.3,560550
2354.4,560600
2354.5,560468
2354.6,560405
2354.7,560475
2354.8,560547
2354.9,560373
2355,560443
2355.1,560516
2355.2,560475
2355.3,560434
2355.4,560393
2355.5,560597
2355.6,560429
2355.7,560501
2355.8,560347
2355.9,560439
2356,560667
2356.1,560533
2356.2,560584
2356.3,560325
2356.4,560579
2356.5,560560
2356.6,560497
2356.7,560570
2356.8,560549
2356.9,560663
2357,560485
2357.1,560764
2357.2,560321
2357.3,560484
2357.4,560534
2357.5,560402
2357.6,560452
2357.7,560432
2357.8,560545
2357.9,560710
2358,560554
2358.1,560719
2358.2,560677
2358.3,560459
2358.4,560510
2358.5,560378
2358.6,560428
2358.7,560387
2358.8,560614
2358.9,560572
2359,560623
2359.1,560674
2359.2,560632
2359.3,560569
2359.4,560734
2359.5,560600
2359.6,560559
2359.7,560610
2359.8,560753
2359.9,560505
2360,560534
2360.1,560721
2360.2,560587
2360.3,560575
2360.4,560513
2360.5,560359
2360.6,560543
2360.7,560389
2360.8,560593
2360.9,560574
2361,560625
2361.1,560456
2361.2,560437
2361.3,560487
2361.4,560244
2361.5,560511
2361.6,560561
2361.7,560344
2361.8,560485
2361.9,560536
2362,560764
2362.1,560454
2362.2,560413
2362.3,560548
2362.4,560599
2362.5,560495
2362.6,560524
2362.7,560461
2362.8,560421
2362.9,560513
2363,560430
2363.1,560500
2363.2,560369
2363.3,560419
2363.4,560449
2363.5,560499
2363.6,560592
2363.7,560305
2363.8,560579
2363.9,560425
2364,560455
2364.1,560414
2364.2,560506
2364.3,560734
2364.4,560382
2364.5,560320
2364.6,560370
2364.7,560442
2364.8,560492
2364.9,560451
2365,560452
2365.1,560412
2365.2,560553
2365.3,560582
2365.4,560449
2365.5,560366
2365.6,560438
2365.7,560531
2365.8,560581
2365.9,560407
2366,560477
2366.1,560436
2366.2,560600
2366.3,560651
2366.4,560567
2366.5,560618
2366.6,560576
2366.7,560535
2366.8,560472
2366.9,560474
2367,560455
2367.1,560463
2367.2,560605
2367.3,560564
2367.4,560614
2367.5,560573
2367.6,560510
2367.7,560491
2367.8,560450
2367.9,560500
2368,560573
2368.1,560510
2368.2,560560
2368.3,560519
2368.4,560365
2368.5,560529
2368.6,560488
2368.7,560447
2368.8,560497
2368.9,560547
2369,560415
2369.1,560599
2369.2,560445
2369.3,560495
2369.4,560525
2369.5,560618
2369.6,560486
2369.7,560806
2369.8,560473
2369.9,560678
2370,560440
2370.1,560490
2370.2,560472
2370.3,560522
2370.4,560390
2370.5,560460
2370.6,560511
2370.7,560448
2370.8,560365
2370.9,560528
2371,560396
2371.1,560694
2371.2,560428
2371.3,560498
2371.4,560435
2371.5,560508
2371.6,560629
2371.7,560497
2371.8,560547
2371.9,560506
2372,560648
2372.1,560493
2372.2,560453
2372.3,560412
2372.4,560618
2372.5,560577
2372.6,560493
2372.7,560636
2372.8,560594
2372.9,560531
2373,560512
2373.1,560471
2373.2,560636
2373.3,560687
2373.4,560440
2373.5,560582
2373.6,560541
2373.7,560478
2373.8,560550
2373.9,560509
2374,560560
2374.1,560610
2374.2,560569
2374.3,560528
2374.4,560508
2374.5,560580
2374.6,560497
2374.7,560661
2374.8,560712
2374.9,560763
2375,560516
2375.1,560384
2375.2,560321
2375.3,560576
2375.4,560535
2375.5,560409
2375.6,560481
2375.7,560532
2375.8,560554
2375.9,560604
2376,560541
2376.1,560522
2376.2,560573
2376.3,560623
2376.4,560582
2376.5,560541
2376.6,560592
2376.7,560642
2376.8,560601
2376.9,560560
2377,560611
2377.1,560500
2377.2,560347
2377.3,560601
2377.4,560630
2377.5,560384
2377.6,560434
2377.7,560416
2377.8,560466
2377.9,560425
2378,560475
2378.1,560435
2378.2,560463
2378.3,560535
2378.4,560586
2378.5,560454
2378.6,560595
2378.7,560554
2378.8,560605
2378.9,560564
2379,560543
2379.1,560502
2379.2,560575
2379.3,560492
2379.4,560542
2379.5,560593
2379.6,560572
2379.7,560531
2379.8,560512
2379.9,560338
2380,560479
2380.1,560530
2380.2,560580
2380.3,560631
2380.4,560498
2380.5,560345
2380.6,560550
2380.7,560558
2380.8,560517
2380.9,560568
2381,560527
2381.1,560486
2381.2,560827
2381.3,560587
2381.4,560546
2381.5,560505
2381.6,560556
2381.7,560649
2381.8,560516
2381.9,560475
2382,560391
2382.1,560330
2382.2,560513
2382.3,560452
2382.4,560545
2382.5,560504
2382.6,560554
2382.7,560400
2382.8,560564
2382.9,560481
2383,560531
2383.1,560399
2383.2,560449
2383.3,560409
2383.4,560550
2383.5,560418
2383.6,560468
2383.7,560519
2383.8,560387
2383.9,560571
2384,560488
2384.1,560538
2384.2,560517
2384.3,560456
2384.4,560549
2384.5,560417
2384.6,560581
2384.7,560475
2384.8,560435
2384.9,560485
2385,560733
2385.1,560291
2385.2,560496
2385.3,560413
2385.4,560372
2385.5,560556
2385.6,560382
2385.7,560721
2385.8,560617
2385.9,560484
2386,560514
2386.1,560565
2386.2,560502
2386.3,560370
2386.4,560371
2386.5,560484
2386.6,560741
2386.7,560522
2386.8,560573
2386.9,560532
2387,560583
2387.1,560450
2387.2,560564
2387.3,560460
2387.4,560510
2387.5,560427
2387.6,560477
2387.7,560346
2387.8,560799
2387.9,560552
2388,560315
2388.1,560478
2388.2,560550
2388.3,560509
2388.4,560666
2388.5,560448
2388.6,560768
2388.7,560436
2388.8,560600
2388.9,560516
2389,560475
2389.1,560548
2389.2,560436
2389.3,560756
2389.4,560291
2389.5,560454
2389.6,560618
2389.7,560669
2389.8,560536
2389.9,560404
2390,560454
2390.1,560505
2390.2,560484
2390.3,560423
2390.4,560474
2390.5,560433
2390.6,560575
2390.7,560625
2390.8,560584
2390.9,560430
2391,560502
2391.1,560462
2391.2,560330
2391.3,560471
2391.4,560522
2391.5,560572
2391.6,560531
2391.7,560582
2391.8,560450
2391.9,560634
2392,560459
2392.1,560419
2392.2,560469
2392.3,560520
2392.4,560479
2392.5,560438
2392.6,560488
2392.7,560539
2392.8,560435
2392.9,560755
2393,560621
2393.1,560376
2393.2,560830
2393.3,560477
2393.4,560641
2393.5,560692
2393.6,560474
2393.7,560496
2393.8,560455
2393.9,560548
2394,560374
2394.1,560580
2394.2,560496
2394.3,560547
2394.4,560415
2394.5,560465
2394.6,560516
2394.7,560566
2394.8,560732
2394.9,560598
2395,560649
2395.1,560516
2395.2,560567
2395.3,560618
2395.4,560555
2395.5,560627
2395.6,560678
2395.7,560637
2395.8,560505
2395.9,560506
2396,560557
2396.1,560473
2396.2,560524
2396.3,560483
2396.4,560442
2396.5,560515
2396.6,560566
2396.7,560708
2396.8,560462
2396.9,560647
2397,560514
2397.1,560544
2397.2,560595
2397.3,560646
2397.4,560582
2397.5,560450
2397.6,560501
2397.7,560369
2397.8,560350
2397.9,560534
2398,560607
2398.1,560615
2398.2,560370
2398.3,560420
2398.4,560719
2398.5,560585
2398.6,560502
2398.7,560575
2398.8,560512
2398.9,560471
2399,560521
2399.1,560481
2399.2,560440
2399.3,560490
2399.4,560655
2399.5,560592
2399.6,560573
2399.7,560552
2399.8,560511
2399.9,560542
2400,560707
2400.1,560488
2400.2,560809
2400.3,560498
2400.4,560726
2400.5,560479
2400.6,560417
2400.7,560581
2400.8,560562
2400.9,560613
2401,560572
2401.1,560509
2401.2,560468
2401.3,560518
2401.4,560500
2401.5,560550
2401.6,560509
2401.7,560378
2401.8,560337
2401.9,560478
2402,560529
2402.1,560672
2402.2,560385
2402.3,560435
2402.4,560416
2402.5,560644
2402.6,560602
2402.7,560448
2402.8,560477
2402.9,560756
2403,560355
2403.1,560673
2403.2,560724
2403.3,560683
2403.4,560642
2403.5,560579
2403.6,560652
2403.7,560611
2403.8,560478
2403.9,560353
2404,560786
2404.1,560363
2404.2,560413
2404.3,560485
2404.4,560713
2404.5,560694
2404.6,560385
2404.7,560303
2404.8,560486
2404.9,560714
2405,560383
2405.1,560455
2405.2,560415
2405.3,560332
2405.4,560516
2405.5,560497
2405.6,560611
2405.7,560303
2405.8,560620
2405.9,560383
2406,560433
2406.1,560484
2406.2,560352
2406.3,560536
2406.4,560404
2406.5,560609
2406.6,560682
2406.7,560556
2406.8,560629
2406.9,560454
2407,560702
2407.1,560661
2407.2,560598
2407.3,560516
2407.4,560475
2407.5,560796
2407.6,560662
2407.7,560713
2407.8,560580
2407.9,560631
2408,560682
2408.1,560464
2408.2,560445
2408.3,560426
2408.4,560631
2408.5,560590
2408.6,560619
2408.7,560578
2408.8,560537
2408.9,560702
2409,560484
2409.1,560353
2409.2,560671
2409.3,560538
2409.4,560476
2409.5,560548
2409.6,560621
2409.7,560580
2409.8,560723
2409.9,560505
2410,560556
2410.1,560692
2410.2,560743
2410.3,560343
2410.4,560591
2410.5,560374
2410.6,560425
2410.7,560475
2410.8,560497
2410.9,560548
2411,560599
2411.1,560764
2411.2,560745
2411.3,560682
2411.4,560733
2411.5,560600
2411.6,560671
2411.7,560518
2411.8,560414
2411.9,560734
2412,560515
2412.1,560384
2412.2,560703
2412.3,560456
2412.4,560437
2412.5,560644
2412.6,560652
2412.7,560457
2412.8,560571
2412.9,560621
2413,560509
2413.1,560560
2413.2,560590
2413.3,560572
2413.4,560622
2413.5,560582
2413.6,560541
2413.7,560478
2413.8,560663
2413.9,560488
2414,560560
2414.1,560611
2414.2,560479
2414.3,560348
2414.4,560531
2414.5,560674
2414.6,560499
2414.7,560663
2414.8,560830
2414.9,560696
2415,560563
2415.1,560500
2415.2,560550
2415.3,560439
2415.4,560469
2415.5,560450
2415.6,560501
2415.7,560552
2415.8,560602
2415.9,560653
2416,560499
2416.1,560571
2416.2,560531
2416.3,560399
2416.4,560492
2416.5,560542
2416.6,560459
2416.7,560510
2416.8,560469
2416.9,560676
2417,560592
2417.1,560666
2417.2,560511
2417.3,560470
2417.4,560317
2417.5,560389
2417.6,560461
2417.7,560604
2417.8,560563
2417.9,560614
2418,560573
2418.1,560532
2418.2,560534
2418.3,560450
2418.4,560523
2418.5,560460
2418.6,560625
2418.7,560584
2418.8,560452
2418.9,560523
2419,560573
2419.1,560626
2419.2,560585
2419.3,560636
2419.4,560503
2419.5,560463
2419.6,560626
2419.7,560564
2419.8,560637
2419.9,560688
2420,560647
2420.1,560606
2420.2,560474
2420.3,560524
2420.4,560596
2420.5,560421
2420.6,560585
2420.7,560544
2420.8,560413
2420.9,560372
2421,560422
2421.1,560402
2421.2,560837
2421.3,560547
2421.4,560416
2421.5,560375
2421.6,560517
2421.7,560567
2421.8,560413
2421.9,560577
2422,560516
2422.1,560518
2422.2,560654
2422.3,560705
2422.4,560572
2422.5,560623
2422.6,560519
2422.7,560388
2422.8,560438
2422.9,560488
2423,560448
2423.1,560407
2423.2,560634
2423.3,560593
2423.4,560461
2423.5,560512
2423.6,560677
2423.7,560459
2423.8,560595
2423.9,560646
2424,560400
2424.1,560515
2424.2,560432
2424.3,560596
2424.4,560464
2424.5,560515
2424.6,560565
2424.7,560433
2424.8,560526
2424.9,560557
2425,560516
2425.1,560567
2425.2,560435
2425.3,560436
2425.4,560374
2425.5,560652
2425.6,560568
2425.7,560619
2425.8,560600
2425.9,560651
2426,560519
2426.1,560407
2426.2,560458
2426.3,560397
2426.4,560490
2426.5,560654
2426.6,560388
2426.7,560843
2426.8,560489
2426.9,560336
2427,560542
2427.1,560459
2427.2,560328
2427.3,560533
2427.4,560401
2427.5,560452
2427.6,560480
2427.7,560553
2427.8,560492
2427.9,560585
2428,560411
2428.1,560504
2428.2,560463
2428.3,560691
2428.4,560650
2428.5,560455
2428.6,560527
2428.7,560578
2428.8,560537
2428.9,560363
2429,560703
2429.1,560662
2429.2,560735
2429.3,560602
2429.4,560561
2429.5,560612
2429.6,560305
2429.7,560622
2429.8,560405
2429.9,560274
2430,560706
2430.1,560488
2430.2,560560
2430.3,560520
2430.4,560748
2430.5,560593
2430.6,560666
2430.7,560406
2430.8,560570
2430.9,560438
2431,560602
2431.1,560357
2431.2,560450
2431.3,560410
2431.4,560573
2431.5,560604
2431.6,560655
2431.7,560522
2431.8,560573
2431.9,560441
2432,560512
2432.1,560563
2432.2,560636
2432.3,560595
2432.4,560463
2432.5,560627
2432.6,560431
2432.7,560481
2432.8,560554
2432.9,560605
2433,560564
2433.1,560432
2433.2,560547
2433.3,560485
2433.4,560444
2433.5,560672
2433.6,560568
2433.7,560415
2433.8,560508
2433.9,560516
2434,560476
2434.1,560456
2434.2,560395
2434.3,560445
2434.4,560518
2434.5,560726
2434.6,560571
2434.7,560530
2434.8,560489
2434.9,560520
2435,560479
2435.1,560348
2435.2,560603
2435.3,560499
2435.4,560727
2435.5,560572
2435.6,560418
2435.7,560625
2435.8,560606
2435.9,560523
2436,560574
2436.1,560533
2436.2,560626
2436.3,560381
2436.4,560454
2436.5,560371
2436.6,560443
2436.7,560494
2436.8,560453
2436.9,560546
2437,560506
2437.1,560487
2437.2,560538
2437.3,560477
2437.4,560415
2437.5,560487
2437.6,560489
2437.7,560336
2437.8,560499
2437.9,560529
2438,560580
2438.1,560448
2438.2,560408
2438.3,560501
2438.4,560551
2438.5,560468
2438.6,560655
2438.7,560614
2438.8,560780
2438.9,560267
2439,560401
2439.1,560452
2439.2,560502
2439.3,560553
2439.4,560534
2439.5,560585
2439.6,560587
2439.7,560504
2439.8,560555
2439.9,560423
2440,560587
2440.1,560546
2440.2,560506
2440.3,560507
2440.4,560538
2440.5,560384
2440.6,560435
2440.7,560507
2440.8,560601
2440.9,560582
2441,560590
2441.1,560458
2441.2,560509
2441.3,560468
2441.4,560428
2441.5,560635
2441.6,560573
2441.7,560624
2441.8,560584
2441.9,560339
2442,560523
2442.1,560462
2442.2,560331
2442.3,560494
2442.4,560545
2442.5,560596
2442.6,560669
2442.7,560514
2442.8,560496
2442.9,560660
2443,560827
2443.1,560763
2443.2,560433
2443.3,560796
2443.4,560662
2443.5,560417
2443.6,560672
2443.7,560632
2443.8,560591
2443.9,560550
2444,560601
2444.1,560469
2444.2,560520
2444.3,560593
2444.4,560758
2444.5,560717
2444.6,560408
2444.7,560368
2444.8,560503
2444.9,560688
2445,560513
2445.1,560678
2445.2,560637
2445.3,560442
2445.4,560464
2445.5,560515
2445.6,560474
2445.7,560639
2445.8,560598
2445.9,560403
2446,560539
2446.1,560498
2446.2,560458
2446.3,560508
2446.4,560581
2446.5,560541
2446.6,560522
2446.7,560573
2446.8,560532
2446.9,560675
2447,560634
2447.1,560708
2447.2,560575
2447.3,560648
2447.4,560431
2447.5,560595
2447.6,560554
2447.7,560401
2447.8,560628
2447.9,560609
2448,560568
2448.1,560528
2448.2,560579
2448.3,560362
2448.4,560589
2448.5,560548
2448.6,560550
2448.7,560581
2448.8,560632
2448.9,560705
2449,560396
2449.1,560623
2449.2,560378
2449.3,560450
2449.4,560501
2449.5,560574
2449.6,560647
2449.7,560606
2449.8,560586
2449.9,560342
2450,560485
2450.1,560535
2450.2,560608
2450.3,560568
2450.4,560619
2450.5,560507
2450.6,560333
2450.7,560497
2450.8,560570
2450.9,560621
2451,560580
2451.1,560539
2451.2,560408
2451.3,560367
2451.4,560531
2451.5,560604
2451.6,560655
2451.7,560523
2451.8,560504
2451.9,560555
2452,560492
2452.1,560657
2452.2,560462
2452.3,560598
2452.4,560671
2452.5,560722
2452.6,560504
2452.7,560464
2452.8,560578
2452.9,560559
2453,560724
2453.1,560325
2453.2,560643
2453.3,560602
2453.4,560561
2453.5,560633
2453.6,560480
2453.7,560440
2453.8,560604
2453.9,560563
2454,560614
2454.1,560665
2454.2,560553
2454.3,560626
2454.4,560383
2454.5,560567
2454.6,560484
2454.7,560444
2454.8,560537
2454.9,560673
2455,560365
2455.1,560437
2455.2,560602
2455.3,560518
2455.4,560612
2455.5,560347
2455.6,560708
2455.7,560357
2455.8,560655
2455.9,560594
2456,560553
2456.1,560512
2456.2,560606
2456.3,560628
2456.4,560525
2456.5,560555
2456.6,560628
2456.7,560383
2456.8,560455
2456.9,560726
2457,560663
2457.1,560425
2457.2,560385
2457.3,560663
2457.4,560530
2457.5,560510
2457.6,560561
2457.7,560727
2457.8,560460
2457.9,560510
2458,560698
2458.1,560565
2458.2,560524
2458.3,560575
2458.4,560555
2458.5,560608
2458.6,560567
2458.7,560526
2458.8,560395
2458.9,560559
2459,560610
2459.1,560569
2459.2,560529
2459.3,560716
2459.4,560675
2459.5,560458
2459.6,560488
2459.7,560759
2459.8,560718
2459.9,560450
2460,560431
2460.1,560596
2460.2,560289
2460.3,560628
2460.4,560679
2460.5,560547
2460.6,560598
2460.7,560466
2460.8,560425
2460.9,560323
2461,560641
2461.1,560600
2461.2,560673
2461.3,560428
2461.4,560635
2461.5,560551
2461.6,560624
2461.7,560470
2461.8,560586
2461.9,560637
2462,560659
2462.1,560464
2462.2,560494
2462.3,560588
2462.4,560414
2462.5,560620
2462.6,560735
2462.7,560694
2462.8,560477
2462.9,560416
2463,560623
2463.1,560448
2463.2,560541
2463.3,560678
2463.4,560523
2463.5,560596
2463.6,560360
2463.7,560566
2463.8,560392
2463.9,560394
2464,560507
2464.1,560672
2464.2,560631
2464.3,560528
2464.4,560487
2464.5,560378
2464.6,560519
2464.7,560634
2464.8,560685
2464.9,560398
2465,560358
2465.1,560544
2465.2,560566
2465.3,560617
2465.4,560514
2465.5,560382
2465.6,560609
2465.7,560683
2465.8,560550
2465.9,560601
2466,560385
2466.1,560520
2466.2,560571
2466.3,560552
2466.4,560534
2466.5,560677
2466.6,560481
2466.7,560532
2466.8,560492
2466.9,560720
2467,560320
2467.1,560371
2467.2,560401
2467.3,560494
2467.4,560567
2467.5,560413
2467.6,560373
2467.7,560644
2467.8,560632
2467.9,560458
2468,560417
2468.1,560624
2468.2,560470
2468.3,560452
2468.4,560482
2468.5,560442
2468.6,560514
2468.7,560565
2468.8,560434
2468.9,560415
2469,560444
2469.1,560723
2469.2,560527
2469.3,560486
2469.4,560715
2469.5,560582
2469.6,560541
2469.7,560501
2469.8,560398
2469.9,560470
2470,560543
2470.1,560887
2470.2,560371
2470.3,560690
2470.4,560857
2470.5,560546
2470.6,560619
2470.7,560444
2470.8,560426
2470.9,560477
2471,560549
2471.1,560529
2471.2,560581
2471.3,560654
2471.4,560388
2471.5,560461
2471.6,560330
2471.7,560605
2471.8,560564
2471.9,560587
2472,560753
2472.1,560465
2472.2,560312
2472.3,560745
2472.4,560548
2472.5,560283
2472.6,560509
2472.7,560490
2472.8,560387
2472.9,560438
2473,560758
2473.1,560739
2473.2,560493
2473.3,560361
2473.4,560659
2473.5,560598
2473.6,560649
2473.7,560517
2473.8,560611
2473.9,560457
2474,560707
2474.1,560356
2474.2,560520
2474.3,560500
2474.4,560687
2474.5,560308
2474.6,560514
2474.7,560720
2474.8,560411
2474.9,560484
2475,560443
2475.1,560516
2475.2,560745
2475.3,560323
2475.4,560486
2475.5,560622
2475.6,560519
2475.7,560255
2475.8,560438
2475.9,560688
2476,560267
2476.1,560584
2476.2,560390
2476.3,560372
2476.4,560691
2476.5,560580
2476.6,560517
2476.7,560477
2476.8,560528
2476.9,560601
2477,560675
2477.1,560542
2477.2,560593
2477.3,560377
2477.4,560604
2477.5,560563
2477.6,560523
2477.7,560526
2477.8,560577
2477.9,560537
2478,560496
2478.1,560547
2478.2,560436
2478.3,560397
2478.4,560491
2478.5,560317
2478.6,560481
2478.7,560574
2478.8,560534
2478.9,560670
2479,560362
2479.1,560280
2479.2,560465
2479.3,560650
2479.4,560475
2479.5,560435
2479.6,560706
2479.7,560488
2479.8,560561
2479.9,560500
2480,560460
2480.1,560419
2480.2,560421
2480.3,560649
2480.4,560432
2480.5,560371
2480.6,560444
2480.7,560537
2480.8,560406
2480.9,560541
2481,560479
2481.1,560376
2481.2,560427
2481.3,560522
2481.4,560750
2481.5,560617
2481.6,560401
2481.7,560514
2481.8,560411
2481.9,560484
2482,560465
2482.1,560601
2482.2,560476
2482.3,560797
2482.4,560550
2482.5,560715
2482.6,560696
2482.7,560656
2482.8,560729
2482.9,560688
2483,560380
2483.1,560585
2483.2,560566
2483.3,560640
2483.4,560599
2483.5,560765
2483.6,560364
2483.7,560569
2483.8,560529
2483.9,560510
2484,560470
2484.1,560635
2484.2,560503
2484.3,560667
2484.4,560627
2484.5,560721
2484.6,560588
2484.7,560457
2484.8,560487
2484.9,560695
2485,560519
2485.1,560500
2485.2,560459
2485.3,560328
2485.4,560401
2485.5,560431
2485.6,560524
2485.7,560351
2485.8,560712
2485.9,560466
2486,560631
2486.1,560436
2486.2,560263
2486.3,560560
2486.4,560428
2486.5,560656
2486.6,560502
2486.7,560421
2486.8,560763
2486.9,560340
2487,560300
2487.1,560548
2487.2,560642
2487.3,560488
2487.4,560632
2487.5,560706
2487.6,560551
2487.7,560420
2487.8,560289
2487.9,560452
2488,560432
2488.1,560372
2488.2,560556
2488.3,560538
2488.4,560406
2488.5,560457
2488.6,560622
2488.7,560469
2488.8,560520
2488.9,560636
2489,560617
2489.1,560555
2489.2,560586
2489.3,560454
2489.4,560505
2489.5,560600
2489.6,560651
2489.7,560633
2489.8,560684
2489.9,560621
2490,560336
2490.1,560408
2490.2,560636
2490.3,560617
2490.4,560513
2490.5,560473
2490.6,560701
2490.7,560393
2490.8,560734
2490.9,560602
2491,560407
2491.1,560480
2491.2,560397
2491.3,560378
2491.4,560604
2491.5,560608
2491.6,560392
2491.7,560556
2491.8,560495
2491.9,560497
2492,560457
2492.1,560571
2492.2,560376
2492.3,560746
2492.4,560571
2492.5,560644
2492.6,560512
2492.7,560606
2492.8,560361
2492.9,560547
2493,560373
2493.1,560537
2493.2,560610
2493.3,560478
2493.4,560480
2493.5,560531
2493.6,560449
2493.7,560430
2493.8,560503
2493.9,560372
2494,560332
2494.1,560495
2494.2,560433
2494.3,560415
2494.4,560579
2494.5,560448
2494.6,560429
2494.7,560594
2494.8,560645
2494.9,560533
2495,560473
2495.1,560545
2495.2,560505
2495.3,560670
2495.4,560362
2495.5,560589
2495.6,560549
2495.7,560622
2495.8,560603
2495.9,560698
2496,560614
2496.1,560574
2496.2,560555
2496.3,560515
2496.4,560588
2496.5,560456
2496.6,560621
2496.7,560694
2496.8,560540
2496.9,560500
2497,560368
2497.1,560350
2497.2,560534
2497.3,560565
2497.4,560638
2497.5,560598
2497.6,560578
2497.7,560715
2497.8,560519
2497.9,560437
2498,560601
2498.1,560582
2498.2,560542
2498.3,560544
2498.4,560681
2498.5,560464
2498.6,560403
2498.7,560476
2498.8,560569
2498.9,560438
2499,560574
2499.1,560511
2499.2,560584
2499.3,560390
2499.4,560350
2499.5,560691
2499.6,560558
2499.7,560610
2499.8,560683
2499.9,560488
2500,560448
2500.1,560317
2500.2,560657
2500.3,560440
2500.4,560668
2500.5,560382
2500.6,560454
2500.7,560527
2500.8,560600
2500.9,560652
2501,560477
2501.1,560458
2501.2,560644
2501.3,560379
2501.4,560494
2501.5,560567
2501.6,560796
2501.7,560486
2501.8,560715
2501.9,560273
2502,560255
2502.1,560440
2502.2,560533
2502.3,560451
2502.4,560658
2502.5,560526
2502.6,560485
2502.7,560467
2502.8,560518
2502.9,560345
2503,560551
2503.1,560511
2503.2,560379
2503.3,560452
2503.4,560483
2503.5,560442
2503.6,560536
2503.7,560496
2503.8,560364
2503.9,560591
2504,560601
2504.1,560470
2504.2,560521
2504.3,560594
2504.4,560442
2504.5,560535
2504.6,560586
2504.7,560546
2504.8,560506
2504.9,560650
2505,560518
2505.1,560387
2505.2,560480
2505.3,560708
2505.4,560667
2505.5,560452
2505.6,560412
2505.7,560372
2505.8,560664
2505.9,560538
2506,560294
2506.1,560366
2506.2,560439
2506.3,560421
2506.4,560648
2506.5,560432
2506.6,560504
2506.7,560373
2506.8,560651
2506.9,560386
2507,560388
2507.1,560418
2507.2,560511
2507.3,560449
2507.4,560411
2507.5,560371
2507.6,560599
2507.7,560650
2507.8,560567
2507.9,560436
2508,560529
2508.1,560717
2508.2,560450
2508.3,560566
2508.4,560617
2508.5,560556
2508.6,560650
2508.7,560496
2508.8,560345
2508.9,560459
2509,560490
2509.1,560450
2509.2,560523
2509.3,560370
2509.4,560485
2509.5,560466
2509.6,560497
2509.7,560570
2509.8,560530
2509.9,560581
2510,560583
2510.1,560606
2510.2,560411
2510.3,560464
2510.4,560515
2510.5,560517
2510.6,560344
2510.7,560346
2510.8,560397
2510.9,560469
2511,560409
2511.1,560482
2511.2,560351
2511.3,560444
2511.4,560404
2511.5,560454
2511.6,560485
2511.7,560487
2511.8,560336
2511.9,560812
2512,560480
2512.1,560553
2512.2,560584
2512.3,560657
2512.4,560547
2512.5,560527
2512.6,560600
2512.7,560674
2512.8,560520
2512.9,560459
2513,560441
2513.1,560514
2513.2,560383
2513.3,560455
2513.4,560528
2513.5,560466
2513.6,560448
2513.7,560541
2513.8,560523
2513.9,560554
2514,560513
2514.1,560382
2514.2,560681
2514.3,560528
2514.4,560530
2514.5,560561
2514.6,560458
2514.7,560594
2514.8,560553
2514.9,560513
2515,560515
2515.1,560546
2515.2,560711
2515.3,560516
2515.4,560539
2515.5,560498
2515.6,560501
2515.7,560531
2515.8,560697
2515.9,560678
2516,560752
2516.1,560443
2516.2,560671
2516.3,560581
2516.4,560498
2516.5,560571
2516.6,560645
2516.7,560513
2516.8,560586
2516.9,560588
2517,560619
2517.1,560312
2517.2,560560
2517.3,560726
2517.4,560593
2517.5,560462
2517.6,560647
2517.7,560608
2517.8,560659
2517.9,560641
2518,560446
2518.1,560582
2518.2,560542
2518.3,560480
2518.4,560667
2518.5,560648
2518.6,560608
2518.7,560589
2518.8,560486
2518.9,560446
2519,560560
2519.1,560633
2519.2,560439
2519.3,560597
2519.4,560471
2519.5,560722
2519.6,560681
2519.7,560527
2519.8,560715
2519.9,560428
2520,560479
2520.1,560552
2520.2,560512
2520.3,560626
2520.4,560608
2520.5,560774
2520.6,560373
2520.7,560537
2520.8,560568
2520.9,560457
2521,560530
2521.1,560553
2521.2,560534
2521.3,560341
2521.4,560567
2521.5,560464
2521.6,560807
2521.7,560560
2521.8,560542
2521.9,560615
2522,560421
2522.1,560493
2522.2,560608
2522.3,560681
2522.4,560592
2522.5,560622
2522.6,560696
2522.7,560501
2522.8,560370
2522.9,560597
2523,560465
2523.1,560516
2523.2,560704
2523.3,560663
2523.4,560468
2523.5,560541
2523.6,560678
2523.7,560637
2523.8,560483
2523.9,560557
2524,560567
2524.1,560704
2524.2,560685
2524.3,560377
2524.4,560337
2524.5,560542
2524.6,560730
2524.7,560421
2524.8,560312
2524.9,560454
2525,560590
2525.1,560641
2525.2,560468
2525.3,560541
2525.4,560501
2525.5,560688
2525.6,560648
2525.7,560607
2525.8,560567
2525.9,560415
2526,560714
2526.1,560357
2526.2,560543
2526.3,560637
2526.4,560483
2526.5,560712
2526.6,560425
2526.7,560520
2526.8,560480
2526.9,560440
2527,560604
2527.1,560472
2527.2,560587
2527.3,560324
2527.4,560664
2527.5,560356
2527.6,560429
2527.7,560657
2527.8,560616
2527.9,560484
2528,560672
2528.1,560631
2528.2,560415
2528.3,560779
2528.4,560624
2528.5,560626
2528.6,560586
2528.7,560525
2528.8,560598
2528.9,560580
2529,560631
2529.1,560634
2529.2,560480
2529.3,560419
2529.4,560339
2529.5,560565
2529.6,560547
2529.7,560621
2529.8,560580
2529.9,560518
2530,560500
2530.1,560573
2530.2,560647
2530.3,560515
2530.4,560588
2530.5,560548
2530.6,560507
2530.7,560314
2530.8,560387
2530.9,560636
2531,560419
2531.1,560379
2531.2,560340
2531.3,560566
2531.4,560548
2531.5,560644
2531.6,560810
2531.7,560862
2531.8,560729
2531.9,560688
2532,560380
2532.1,560341
2532.2,560456
2532.3,560529
2532.4,560758
2532.5,560540
2532.6,560319
2532.7,560773
2532.8,560640
2532.9,560651
2533,560519
2533.1,560748
2533.2,560439
2533.3,560575
2533.4,560443
2533.5,560722
2533.6,560526
2533.7,560755
2533.8,560468
2533.9,560491
2534,560360
2534.1,560524
2534.2,560804
2534.3,560671
2534.4,560476
2534.5,560499
2534.6,560480
2534.7,560461
2534.8,560513
2534.9,560587
2535,560660
2535.1,560528
2535.2,560622
2535.3,560582
2535.4,560521
2535.5,560503
2535.6,560690
2535.7,560650
2535.8,560518
2535.9,560478
2536,560529
2536.1,560511
2536.2,560584
2536.3,560566
2536.4,560547
2536.5,560599
2536.6,560650
2536.7,560518
2536.8,560592
2536.9,560573
2537,560533
2537.1,560699
2537.2,560566
2537.3,560526
2537.4,560620
2537.5,560673
2537.6,560450
2537.7,560614
2537.8,560780
2537.9,560648
2538,560607
2538.1,560588
2538.2,560478
2538.3,560509
2538.4,560582
2538.5,560633
2538.6,560615
2538.7,560617
2538.8,560465
2538.9,560630
2539,560527
2539.1,560395
2539.2,560468
2539.3,560697
2539.4,560451
2539.5,560461
2539.6,560492
2539.7,560494
2539.8,560476
2539.9,560549
2540,560509
2540.1,560554
2540.2,560627
2540.3,560679
2540.4,560661
2540.5,560735
2540.6,560809
2540.7,560379
2540.8,560564
2540.9,560503
2541,560577
2541.1,560558
2541.2,560518
2541.3,560521
2541.4,560481
2541.5,560646
2541.6,560493
2541.7,560566
2541.8,560591
2541.9,560417
2542,560377
2542.1,560337
2542.2,560657
2542.3,560505
2542.4,560621
2542.5,560447
2542.6,560407
2542.7,560500
2542.8,560460
2542.9,560555
2543,560424
2543.1,560273
2543.2,560570
2543.3,560530
2543.4,560357
2543.5,560359
2543.6,560608
2543.7,560323
2543.8,560756
2543.9,560538
2544,560477
2544.1,560656
2544.2,560730
2544.3,560506
2544.4,560494
2544.5,560682
2544.6,560507
2544.7,560376
2544.8,560646
2544.9,560360
2545,560433
2545.1,560351
2545.2,560424
2545.3,560497
2545.4,560499
2545.5,560636
2545.6,560419
2545.7,560492
2545.8,560565
2545.9,560639
2546,560799
2546.1,560552
2546.2,560603
2546.3,560409
2546.4,560369
2546.5,560442
2546.6,560424
2546.7,560560
2546.8,560520
2546.9,560439
2547,560379
2547.1,560472
2547.2,560454
2547.3,560590
2547.4,560374
2547.5,560334
2547.6,560387
2547.7,560347
2547.8,560575
2547.9,560444
2548,560271
2548.1,560477
2548.2,560798
2548.3,560510
2548.4,560583
2548.5,560628
2548.6,560525
2548.7,560352
2548.8,560558
2548.9,560405
2549,560591
2549.1,560729
2549.2,560803
2549.3,560606
2549.4,560566
2549.5,560526
2549.6,560508
2549.7,560490
2549.8,560407
2549.9,560389
2550,560688
2550.1,560556
2550.2,560516
2550.3,560498
2550.4,560663
2550.5,560488
2550.6,560562
2550.7,560544
2550.8,560503
2550.9,560506
2551,560579
2551.1,560518
2551.2,560478
2551.3,560552
2551.4,560420
2551.5,560290
2551.6,560567
2551.7,560373
2551.8,560559
2551.9,560788
2552,560655
2552.1,560615
2552.2,560483
2552.3,560494
2552.4,560567
2552.5,560527
2552.6,560509
2552.7,560645
2552.8,560429
2552.9,560771
2553,560731
2553.1,560402
2553.2,560630
2553.3,560590
2553.4,560550
2553.5,560510
2553.6,560832
2553.7,560657
2553.8,560525
2553.9,560507
2554,560558
2554.1,560632
2554.2,560478
2554.3,560418
2554.4,560647
2554.5,560382
2554.6,560364
2554.7,560437
2554.8,560622
2554.9,560759
2555,560563
2555.1,560454
2555.2,560436
2555.3,560264
2555.4,560560
2555.5,560520
2555.6,560543
2555.7,560639
2555.8,560621
2555.9,560602
2556,560499
2556.1,560368
2556.2,560687
2556.3,560577
2556.4,560651
2556.5,560633
2556.6,560438
2556.7,560511
2556.8,560740
2556.9,560403
2557,560632
2557.1,560663
2557.2,560645
2557.3,560604
2557.4,560678
2557.5,560546
2557.6,560415
2557.7,560579
2557.8,560561
2557.9,560521
2558,560595
2558.1,560485
2558.2,560849
2558.3,560602
2558.4,560499
2558.5,560481
2558.6,560330
2558.7,560423
2558.8,560673
2558.9,560632
2559,560821
2559.1,560624
2559.2,560493
2559.3,560475
2559.4,560611
2559.5,560304
2559.6,560531
2559.7,560718
2559.8,560432
2559.9,560414
2560,560550
2560.1,560510
2560.2,560675
2560.3,560543
2560.4,560412
2560.5,560598
2560.6,560489
2560.7,560540
2560.8,560409
2560.9,560369
2561,560690
2561.1,560537
2561.2,560406
2561.3,560479
2561.4,560552
2561.5,560399
2561.6,560515
2561.7,560496
2561.8,560570
2561.9,560418
2562,560583
2562.1,560542
2562.2,560454
2562.3,560414
2562.4,560572
2562.5,560582
2562.6,560408
2562.7,560615
2562.8,560753
2562.9,560620
2563,560602
2563.1,560521
2563.2,560348
2563.3,560554
2563.4,560423
2563.5,560673
2563.6,560541
2563.7,560501
2563.8,560420
2563.9,560380
2564,560744
2564.1,560611
2564.2,560480
2564.3,560440
2564.4,560513
2564.5,560609
2564.6,560568
2564.7,560642
2564.8,560645
2564.9,560379
2565,560452
2565.1,560525
2565.2,560507
2565.3,560489
2565.4,560471
2565.5,560543
2565.6,560525
2565.7,560465
2565.8,560558
2565.9,560654
2566,560544
2566.1,560618
2566.2,560444
2566.3,560693
2566.4,560406
2566.5,560388
2566.6,560461
2566.7,560401
2566.8,560271
2566.9,560723
2567,560550
2567.1,560440
2567.2,560691
2567.3,560474
2567.4,560456
2567.5,560684
2567.6,560644
2567.7,560534
2567.8,560629
2567.9,560322
2568,560663
2568.1,560468
2568.2,560491
2568.3,560473
2568.4,560455
2568.5,560528
2568.6,560601
2568.7,560561
2568.8,560430
2568.9,560412
2569,560577
2569.1,560650
2569.2,560724
2569.3,560821
2569.4,560688
2569.5,560647
2569.6,560494
2569.7,560681
2569.8,560486
2569.9,560673
2570,560499
2570.1,560501
2570.2,560370
2570.3,560331
2570.4,560516
2570.5,560477
2570.6,560438
2570.7,560532
2570.8,560492
2570.9,560319
2571,560505
2571.1,560486
2571.2,560560
2571.3,560562
2571.4,560593
2571.5,560667
2571.6,560513
2571.7,560495
2571.8,560590
2571.9,560572
2572,560738
2572.1,560606
2572.2,560657
2572.3,560526
2572.4,560621
2572.5,560624
2572.6,560297
2572.7,560460
2572.8,560420
2572.9,560556
2573,560272
2573.1,560634
2573.2,560417
2573.3,560604
2573.4,560564
2573.5,560433
2573.6,560569
2573.7,560551
2573.8,560561
2573.9,560521
2574,560594
2574.1,560330
2574.2,560714
2574.3,560581
2574.4,560387
2574.5,560460
2574.6,560378
2574.7,560494
2574.8,560745
2574.9,560612
2575,560418
2575.1,560358
2575.2,560656
2575.3,560638
2575.4,560373
2575.5,560488
2575.6,560603
2575.7,560522
2575.8,560370
2575.9,560534
2576,560403
2576.1,560519
2576.2,560479
2576.3,560708
2576.4,560512
2576.5,560474
2576.6,560434
2576.7,560458
2576.8,560510
2576.9,560470
2577,560452
2577.1,560547
2577.2,560416
2577.3,560398
2577.4,560562
2577.5,560480
2577.6,560751
2577.7,560556
2577.8,560559
2577.9,560697
2578,560459
2578.1,560419
2578.2,560513
2578.3,560608
2578.4,560456
2578.5,560326
2578.6,560512
2578.7,560585
2578.8,560588
2578.9,560414
2579,560487
2579.1,560378
2579.2,560585
2579.3,560524
2579.4,560618
2579.5,560466
2579.6,560738
2579.7,560451
2579.8,560482
2579.9,560598
2580,560558
2580.1,560540
2580.2,560500
2580.3,560751
2580.4,560443
2580.5,560425
2580.6,560725
2580.7,560592
2580.8,560638
2580.9,560597
2581,560516
2581.1,560365
2581.2,560572
2581.3,560308
2581.4,560514
2581.5,560559
2581.6,560519
2581.7,560684
2581.8,560398
2581.9,560584
2582,560362
2582.1,560632
2582.2,560458
2582.3,560645
2582.4,560513
2582.5,560701
2582.6,560569
2582.7,560551
2582.8,560511
2582.9,560719
2583,560453
2583.1,560435
2583.2,560530
2583.3,560696
2583.4,560542
2583.5,560615
2583.6,560330
2583.7,560671
2583.8,560653
2583.9,560458
2584,560398
2584.1,560491
2584.2,560835
2584.3,560547
2584.4,560529
2584.5,560489
2584.6,560542
2584.7,560636
2584.8,560504
2584.9,560733
2585,560560
2585.1,560499
2585.2,560573
2585.3,560533
2585.4,560402
2585.5,560517
2585.6,560499
2585.7,560530
2585.8,560718
2585.9,560677
2586,560545
2586.1,560527
2586.2,560417
2586.3,560604
2586.4,560543
2586.5,560349
2586.6,560690
2586.7,560672
2586.8,560583
2586.9,560635
2587,560482
2587.1,560556
2587.2,560744
2587.3,560611
2587.4,560389
2587.5,560574
2587.6,560513
2587.7,560701
2587.8,560569
2587.9,560665
2588,560667
2588.1,560584
2588.2,560566
2588.3,560548
2588.4,560600
2588.5,560490
2588.6,560606
2588.7,560566
2588.8,560732
2588.9,560488
2589,560675
2589.1,560657
2589.2,560525
2589.3,560691
2589.4,560559
2589.5,560519
2589.6,560614
2589.7,560596
2589.8,560487
2589.9,560538
2590,560654
2590.1,560480
2590.2,560483
2590.3,560670
2590.4,560447
2590.5,560634
2590.6,560594
2590.7,560668
2590.8,560691
2590.9,560518
2591,560409
2591.1,560482
2591.2,560555
2591.3,560537
2591.4,560497
2591.5,560634
2591.6,560440
2591.7,560513
2591.8,560474
2591.9,560568
2592,560528
2592.1,560307
2592.2,560492
2592.3,560658
2592.4,560639
2592.5,560465
2592.6,560448
2592.7,560430
2592.8,560523
2592.9,560463
2593,560650
2593.1,560518
2593.2,560592
2593.3,560370
2593.4,560330
2593.5,560403
2593.6,560610
2593.7,560549
2593.8,560531
2593.9,560534
2594,560403
2594.1,560343
2594.2,560507
2594.3,560603
2594.4,560585
2594.5,560362
2594.6,560527
2594.7,560529
2594.8,560581
2594.9,560542
2595,560411
2595.1,560640
2595.2,560580
2595.3,560540
2595.4,560409
2595.5,560616
2595.6,560464
2595.7,560559
2595.8,560541
2595.9,560501
2596,560371
2596.1,560444
2596.2,560335
2596.3,560655
2596.4,560481
2596.5,560554
2596.6,560628
2596.7,560384
2596.8,560727
2596.9,560392
2597,560556
2597.1,560516
2597.2,560590
2597.3,560572
2597.4,560574
2597.5,560465
2597.6,560652
2597.7,560478
2597.8,560686
2597.9,560533
2598,560536
2598.1,560587
2598.2,560436
2598.3,560418
2598.4,560625
2598.5,560494
2598.6,560476
2598.7,560436
2598.8,560601
2598.9,560654
2599,560544
2599.1,560618
2599.2,560395
2599.3,560560
2599.4,560449
2599.5,560593
2599.6,560575
2599.7,560466
2599.8,560582
2599.9,560500
2600,560502
2600.1,560647
2600.2,560537
2600.3,560725
2600.4,560501
2600.5,560553
2600.6,560472
2600.7,560586
2600.8,560682
2600.9,560664
2601,560441
2601.1,560606
2601.2,560588
2601.3,560457
2601.4,560644
2601.5,560626
2601.6,560608
2601.7,560413
2601.8,560396
2601.9,560623
2602,560492
2602.1,560679
2602.2,560683
2602.3,560643
2602.4,560448
2602.5,560677
2602.6,560545
2602.7,560456
2602.8,560552
2602.9,560491
2603,560565
2603.1,560638
2603.2,560416
2603.3,560894
2603.4,560401
2603.5,560474
2603.6,560661
2603.7,560508
2603.8,560491
2603.9,560380
2604,560453
2604.1,560527
2604.2,560376
2604.3,560562
2604.4,560564
2604.5,560546
2604.6,560507
2604.7,560446
2604.8,560633
2604.9,560615
2605,560484
2605.1,560692
2605.2,560517
2605.3,560387
2605.4,560573
2605.5,560669
2605.6,560537
2605.7,560428
2605.8,560593
2605.9,560440
2606,560626
2606.1,560517
2606.2,560324
2606.3,560572
2606.4,560554
2606.5,560515
2606.6,560588
2606.7,560570
2606.8,560439
2606.9,560443
2607,560608
2607.1,560568
2607.2,560437
2607.3,560532
2607.4,560514
2607.5,560496
2607.6,560683
2607.7,560643
2607.8,560625
2607.9,560628
2608,560476
2608.1,560706
2608.2,560553
2608.3,560605
2608.4,560474
2608.5,560590
2608.6,560635
2608.7,560646
2608.8,560585
2608.9,560659
2609,560527
2609.1,560530
2609.2,560308
2609.3,560452
2609.4,560547
2609.5,560713
2609.6,560694
2609.7,560563
2609.8,560679
2609.9,560434
2610,560487
2610.1,560674
2610.2,560542
2610.3,560616
2610.4,560507
2610.5,560445
2610.6,560540
2610.7,560522
2610.8,560504
2610.9,560486
2611,560447
2611.1,560563
2611.2,560389
2611.3,560576
2611.4,560558
2611.5,560427
2611.6,560543
2611.7,560482
2611.8,560352
2611.9,560538
2612,560520
2612.1,560636
2612.2,560506
2612.3,560692
2612.4,560560
2612.5,560429
2612.6,560369
2612.7,560373
2612.8,560758
2612.9,560562
2613,560636
2613.1,560774
2613.2,560486
2613.3,560378
2613.4,560542
2613.5,560482
2613.6,560464
2613.7,560558
2613.8,560427
2613.9,560431
2614,560504
2614.1,560444
2614.2,560404
2614.3,560520
2614.4,560480
2614.5,560484
2614.6,560537
2614.7,560610
2614.8,560684
2614.9,560553
2615,560422
2615.1,560807
2615.2,560477
2615.3,560550
2615.4,560533
2615.5,560515
2615.6,560497
2615.7,560613
2615.8,560461
2615.9,560626
2616,560608
2616.1,560704
2616.2,560481
2616.3,560575
2616.4,560557
2616.5,560631
2616.6,560613
2616.7,560687
2616.8,560577
2616.9,560355
2617,560428
2617.1,560459
2617.2,560554
2617.3,560536
2617.4,560518
2617.5,560592
2617.6,560461
2617.7,560534
2617.8,560608
2617.9,560498
2618,560594
2618.1,560554
2618.2,560514
2618.3,560588
2618.4,560590
2618.5,560686
2618.6,560555
2618.7,560516
2618.8,560568
2618.9,560437
2619,560553
2619.1,560535
2619.2,560426
2619.3,560478
2619.4,560644
2619.5,560512
2619.6,560720
2619.7,560859
2619.8,560388
2619.9,560574
2620,560535
2620.1,560404
2620.2,560590
2620.3,560459
2620.4,560618
2620.5,560424
2620.6,560610
2620.7,560479
2620.8,560552
2620.9,560712
2621,560558
2621.1,560568
2621.2,560417
2621.3,560532
2621.4,560515
2621.5,560560
2621.6,560726
2621.7,560531
2621.8,560379
2621.9,560566
2622,560568
2622.1,560459
2622.2,560420
2622.3,560762
2622.4,560475
2622.5,560548
2622.6,560418
2622.7,560422
2622.8,560495
2622.9,560724
2623,560529
2623.1,560511
2623.2,560606
2623.3,560652
2623.4,560818
2623.5,560686
2623.6,560288
2623.7,560650
2623.8,560632
2623.9,560522
2624,560596
2624.1,560556
2624.2,560630
2624.3,560612
2624.4,560502
2624.5,560598
2624.6,560467
2624.7,560364
2624.8,560635
2624.9,560617
2625,560507
2625.1,560695
2625.2,560520
2625.3,560481
2625.4,560597
2625.5,560445
2625.6,560427
2625.7,560614
2625.8,560688
2625.9,560556
2626,560538
2626.1,560408
2626.2,560523
2626.3,560597
2626.4,560558
2626.5,560518
2626.6,560592
2626.7,560503
2626.8,560486
2626.9,560447
2627,560655
2627.1,560594
2627.2,560576
2627.3,560355
2627.4,560739
2627.5,560430
2627.6,560504
2627.7,560508
2627.8,560581
2627.9,560472
2628,560524
2628.1,560484
2628.2,560579
2628.3,560541
2628.4,560543
2628.5,560639
2628.6,560599
2628.7,560539
2628.8,560386
2628.9,560524
2629,560597
2629.1,560579
2629.2,560562
2629.3,560501
2629.4,560391
2629.5,560600
2629.6,560448
2629.7,560430
2629.8,560391
2629.9,560577
2630,560672
2630.1,560717
2630.2,560431
2630.3,560681
2630.4,560508
2630.5,560560
2630.6,560542
2630.7,560411
2630.8,560394
2630.9,560398
2631,560740
2631.1,560453
2631.2,560526
2631.3,560572
2631.4,560532
2631.5,560720
2631.6,560702
2631.7,560684
2631.8,560467
2631.9,560562
2632,560608
2632.1,560568
2632.2,560487
2632.3,560674
2632.4,560452
2632.5,560702
2632.6,560479
2632.7,560489
2632.8,560429
2632.9,560411
2633,560485
2633.1,560376
2633.2,560491
2633.3,560743
2633.4,560414
2633.5,560621
2633.6,560625
2633.7,560585
2633.8,560631
2633.9,560499
2634,560623
2634.1,560471
2634.2,560454
2634.3,560569
2634.4,560574
2634.5,560711
2634.6,560403
2634.7,560498
2634.8,560749
2634.9,560463
2635,560536
2635.1,560610
2635.2,560366
2635.3,560574
2635.4,560422
2635.5,560538
2635.6,560478
2635.7,560460
2635.8,560554
2635.9,560628
2636,560519
2636.1,560480
2636.2,560688
2636.3,560423
2636.4,560496
2636.5,560883
2636.6,560503
2636.7,560599
2636.8,560538
2636.9,560520
2637,560594
2637.1,560505
2637.2,560757
2637.3,560646
2637.4,560543
2637.5,560617
2637.6,560599
2637.7,560468
2637.8,560627
2637.9,560637
2638,560485
2638.1,560559
2638.2,560450
2638.3,560544
2638.4,560435
2638.5,560600
2638.6,560696
2638.7,560635
2638.8,560525
2638.9,560395
2639,560510
2639.1,560471
2639.2,560566
2639.3,560506
2639.4,560602
2639.5,560584
2639.6,560362
2639.7,560569
2639.8,560438
2639.9,560625
2640,560607
2640.1,560385
2640.2,560367
2640.3,560440
2640.4,560513
2640.5,560517
2640.6,560769
2640.7,560482
2640.8,560310
2640.9,560516
2641,560767
2641.1,560368
2641.2,560462
2641.3,560621
2641.4,560427
2641.5,560592
2641.6,560461
2641.7,560331
2641.8,560693
2641.9,560317
2642,560594
2642.1,560443
2642.2,560558
2642.3,560428
2642.4,560523
2642.5,560414
2642.6,560579
2642.7,560540
2642.8,560501
2642.9,560525
2643,560662
2643.1,560666
2643.2,560563
2643.3,560412
2643.4,560641
2643.5,560510
2643.6,560669
2643.7,560474
2643.8,560527
2643.9,560736
2644,560492
2644.1,560700
2644.2,560477
2644.3,560437
2644.4,560624
2644.5,560564
2644.6,560454
2644.7,560550
2644.8,560461
2644.9,560422
2645,560475
2645.1,560662
2645.2,560439
2645.3,560534
2645.4,560651
2645.5,560407
2645.6,560480
2645.7,560575
2645.8,560557
2645.9,560540
2646,560431
2646.1,560504
2646.2,560641
2646.3,560560
2646.4,560542
2646.5,560413
2646.6,560577
2646.7,560446
2646.8,560429
2646.9,560523
2647,560527
2647.1,560531
2647.2,560491
2647.3,560431
2647.4,560525
2647.5,560507
2647.6,560603
2647.7,560403
2647.8,560567
2647.9,560549
2648,560623
2648.1,560514
2648.2,560651
2648.3,560633
2648.4,560707
2648.5,560331
2648.6,560404
2648.7,560653
2648.8,560431
2648.9,560710
2649,560424
2649.1,560610
2649.2,560863
2649.3,560525
2649.4,560507
2649.5,560539
2649.6,560613
2649.7,560595
2649.8,560443
2649.9,560559
2650,560697
2650.1,560565
2650.2,560576
2650.3,560446
2650.4,560519
2650.5,560544
2650.6,560590
2650.7,560487
2650.8,560469
2650.9,560564
2651,560547
2651.1,560395
2651.2,560420
2651.3,560381
2651.4,560363
2651.5,560727
2651.6,560440
2651.7,560535
2651.8,560496
2651.9,560725
2652,560439
2652.1,560534
2652.2,560516
2652.3,560675
2652.4,560481
2652.5,560463
2652.6,560424
2652.7,560497
2652.8,560656
2652.9,560660
2653,560734
2653.1,560448
2653.2,560318
2653.3,560658
2653.4,560755
2653.5,560531
2653.6,560360
2653.7,560320
2653.8,560683
2653.9,560551
2654,560556
2654.1,560453
2654.2,560526
2654.3,560488
2654.4,560470
2654.5,560473
2654.6,560724
2654.7,560438
2654.8,560400
2654.9,560607
2655,560476
2655.1,560571
2655.2,560709
2655.3,560536
2655.4,560476
2655.5,560458
2655.6,560553
2655.7,560465
2655.8,560602
2655.9,560408
2656,560370
2656.1,560485
2656.2,560467
2656.3,560718
2656.4,560586
2656.5,560569
2656.6,560665
2656.7,560470
2656.8,560474
2656.9,560344
2657,560800
2657.1,560759
2657.2,560742
2657.3,560455
2657.4,560820
2657.5,560329
2657.6,560670
2657.7,560744
2657.8,560612
2657.9,560708
2658,560598
2658.1,560603
2658.2,560769
2658.3,560369
2658.4,560597
2658.5,560693
2658.6,560697
2658.7,560701
2658.8,560570
2658.9,560644
2659,560604
2659.1,560494
2659.2,560590
2659.3,560664
2659.4,560379
2659.5,560361
2659.6,560611
2659.7,560571
2659.8,560575
2659.9,560671
2660,560476
2660.1,560550
2660.2,560532
2660.3,560578
2660.4,560447
2660.5,560542
2660.6,560524
2660.7,560444
2660.8,560694
2660.9,560471
2661,560630
2661.1,560436
2661.2,560623
2661.3,560605
2661.4,560587
2661.5,560365
2661.6,560552
2661.7,560534
2661.8,560544
2661.9,560819
2662,560418
2662.1,560576
2662.2,560271
2662.3,560610
2662.4,560707
2662.5,560689
2662.6,560579
2662.7,560561
2662.8,560635
2662.9,560504
2663,560806
2663.1,560427
2663.2,560792
2663.3,560568
2663.4,560528
2663.5,560624
2663.6,560493
2663.7,560589
2663.8,560571
2663.9,560645
2664,560513
2664.1,560587
2664.2,560478
2664.3,560460
2664.4,560670
2664.5,560744
2664.6,560457
2664.7,560686
2664.8,560576
2664.9,560672
2665,560677
2665.1,560369
2665.2,560556
2665.3,560808
2665.4,560317
2665.5,560566
2665.6,560661
2665.7,560644
2665.8,560626
2665.9,560700
2666,560682
2666.1,560459
2666.2,560533
2666.3,560452
2666.4,560302
2666.5,560530
2666.6,560421
2666.7,560671
2666.8,560631
2666.9,560347
2667,560441
2667.1,560515
2667.2,560560
2667.3,560451
2667.4,560525
2667.5,560621
2667.6,560448
2667.7,560431
2667.8,560681
2667.9,560458
2668,560532
2668.1,560628
2668.2,560702
2668.3,560706
2668.4,560688
2668.5,560493
2668.6,560476
2668.7,560346
2668.8,560709
2668.9,560332
2669,560695
2669.1,560500
2669.2,560461
2669.3,560712
2669.4,560694
2669.5,560790
2669.6,560680
2669.7,560599
2669.8,560468
2669.9,560450
2670,560587
2670.1,560683
2670.2,560573
2670.3,560762
2670.4,560744
2670.5,560634
2670.6,560657
2670.7,560869
2670.8,560580
2670.9,560387
2671,560369
2671.1,560711
2671.2,560488
2671.3,560492
2671.4,560679
2671.5,560776
2671.6,560244
2671.7,560471
2671.8,560722
2671.9,560477
2672,560664
2672.1,560401
2672.2,560743
2672.3,560633
2672.4,560615
2672.5,560661
2672.6,560488
2672.7,560562
2672.8,560658
2672.9,560640
2673,560622
2673.1,560491
2673.2,560742
2673.3,560547
2673.4,560551
2673.5,560533
2673.6,560785
2673.7,560498
2673.8,560635
2673.9,560824
2674,560650
2674.1,560428
2674.2,560586
2674.3,560660
2674.4,560642
2674.5,560561
2674.6,560929
2674.7,560456
2674.8,560508
2674.9,560604
2675,560834
2675.1,560724
2675.2,560706
2675.3,560710
2675.4,560515
2675.5,560589
2675.6,560571
2675.7,560441
2675.8,560445
2675.9,560695
2676,560614
2676.1,560596
2676.2,560465
2676.3,560716
2676.4,560813
2676.5,560456
2676.6,560621
2676.7,560336
2676.8,560586
2676.9,560745
2677,560522
2677.1,560532
2677.2,560515
2677.3,560434
2677.4,560593
2677.5,560575
2677.6,560713
2677.7,560540
2677.8,560728
2677.9,560441
2678,560333
2678.1,560406
2678.2,560564
2678.3,560817
2678.4,560621
2678.5,560717
2678.6,560699
2678.7,560385
2678.8,560792
2678.9,560709
2679,560536
2679.1,560519
2679.2,560410
2679.3,560660
2679.4,560734
2679.5,560603
2679.6,560813
2679.7,560526
2679.8,560530
2679.9,560399
2680,560586
2680.1,560568
2680.2,560798
2680.3,560803
2680.4,560785
2680.5,560583
2680.6,560480
2680.7,560462
2680.8,560713
2680.9,560540
2681,560700
2681.1,560774
2681.2,560579
2681.3,560561
2681.4,560452
2681.5,560547
2681.6,560439
2681.7,560626
2681.8,560341
2681.9,560682
2682,560550
2682.1,560555
2682.2,560807
2682.3,560519
2682.4,560502
2682.5,560484
2682.6,560466
2682.7,560717
2682.8,560722
2682.9,560640
2683,560531
2683.1,560605
2683.2,560587
2683.3,560541
2683.4,560707
2683.5,560421
2683.6,560516
2683.7,560498
2683.8,560865
2683.9,560640
2684,560600
2684.1,560811
2684.2,560793
2684.3,560506
2684.4,560397
2684.5,560668
2684.6,560629
2684.7,560704
2684.8,560440
2684.9,560627
2685,560580
2685.1,560654
2685.2,560844
2685.3,560597
2685.4,560425
2685.5,560429
2685.6,560412
2685.7,560754
2685.8,560467
2685.9,560604
2686,560701
2686.1,560528
2686.2,560595
2686.3,560669
2686.4,560744
2686.5,560612
2686.6,560616
2686.7,560712
2686.8,560602
2686.9,560699
2687,560567
2687.1,560684
2687.2,560666
2687.3,560648
2687.4,560745
2687.5,560416
2687.6,560511
2687.7,560648
2687.8,560426
2687.9,560430
2688,560617
2688.1,560691
2688.2,560519
2688.3,560770
2688.4,560546
2688.5,560778
2688.6,560533
2688.7,560452
2688.8,560435
2688.9,560593
2689,560576
2689.1,560558
2689.2,560839
2689.3,560706
2689.4,560442
2689.5,560693
2689.6,560583
2689.7,560678
2689.8,560485
2689.9,560467
2690,560449
2690.1,560700
2690.2,560725
2690.3,560707
2690.4,560761
2690.5,560588
2690.6,560840
2690.7,560730
2690.8,560443
2690.9,560404
2691,560654
2691.1,560391
2691.2,560577
2691.3,560737
2691.4,560451
2691.5,560524
2691.6,560776
2691.7,560489
2691.8,560493
2691.9,560745
2692,560571
2692.1,560709
2692.2,560514
2692.3,560518
2692.4,560523
2692.5,560527
2692.6,560601
2692.7,560583
2692.8,560565
2692.9,560703
2693,560593
2693.1,560626
2693.2,560608
2693.3,560682
2693.4,560573
2693.5,560711
2693.6,560446
2693.7,560542
2693.8,560616
2693.9,560598
2694,560580
2694.1,560740
2694.2,560744
2694.3,560663
2694.4,560469
2694.5,560627
2694.6,560632
2694.7,560770
2694.8,560483
2694.9,560670
2695,560653
2695.1,560657
2695.2,560617
2695.3,560777
2695.4,560760
2695.5,560678
2695.6,560393
2695.7,560397
2695.8,560647
2695.9,560537
2696,560767
2696.1,560349
2696.2,560535
2696.3,560517
2696.4,560676
2696.5,560659
2696.6,560464
2696.7,560601
2696.8,560542
2696.9,560433
2697,560798
2697.1,560511
2697.2,560741
2697.3,560454
2697.4,560550
2697.5,560554
2697.6,560445
2697.7,560428
2697.8,560501
2697.9,560484
2698,560579
2698.1,560470
2698.2,560474
2698.3,560548
2698.4,560530
2698.5,560513
2698.6,560558
2698.7,560563
2698.8,560751
2698.9,560464
2699,560560
2699.1,560429
2699.2,560321
2699.3,560416
2699.4,560511
2699.5,560585
2699.6,560455
2699.7,560664
2699.8,560709
2699.9,560622
2700,560541
2700.1,560523
2700.2,560619
2700.3,560601
2700.4,560647
2700.5,560721
2700.6,560548
2700.7,560644
2700.8,560401
2700.9,560517
2701,560563
2701.1,560370
2701.2,560578
2701.3,560560
2701.4,560656
2701.5,560638
2701.6,560416
2701.7,560781
2701.8,560403
2701.9,560365
2702,560460
2702.1,560576
2702.2,560559
2702.3,560498
2702.4,560410
2702.5,560463
2702.6,560468
2702.7,560584
2702.8,560680
2702.9,560415
2703,560418
2703.1,560493
2703.2,560518
2703.3,560522
2703.4,560710
2703.5,560444
2703.6,560560
2703.7,560452
2703.8,560661
2703.9,560509
2704,560491
2704.1,560474
2704.2,560682
2704.3,560572
2704.4,560463
2704.5,560559
2704.6,560612
2704.7,560595
2704.8,560373
2704.9,560665
2705,560402
2705.1,560475
2705.2,560663
2705.3,560533
2705.4,560649
2705.5,560695
2705.6,560614
2705.7,560576
2705.8,560558
2705.9,560654
2706,560523
2706.1,560436
2706.2,560530
2706.3,560583
2706.4,560679
2706.5,560662
2706.6,560552
2706.7,560486
2706.8,560715
2706.9,560656
2707,560638
2707.1,560734
2707.2,560625
2707.3,560607
2707.4,560547
2707.5,560643
2707.6,560625
2707.7,560629
2707.8,560520
2707.9,560594
2708,560711
2708.1,560537
2708.2,560563
2708.3,560545
2708.4,560570
2708.5,560510
2708.6,560493
2708.7,560518
2708.8,560500
2708.9,560371
2709,560444
2709.1,560631
2709.2,560614
2709.3,560617
2709.4,560735
2709.5,560491
2709.6,560411
2709.7,560393
2709.8,560644
2709.9,560626
2710,560651
2710.1,560655
2710.2,560595
2710.3,560599
2710.4,560581
2710.5,560585
2710.6,560630
2710.7,560529
2710.8,560511
2710.9,560607
2711,560589
2711.1,560480
2711.2,560505
2711.3,560693
2711.4,560747
2711.5,560369
2711.6,560619
2711.7,560715
2711.8,560289
2711.9,560588
2712,560684
2712.1,560689
2712.2,560763
2712.3,560653
2712.4,560635
2712.5,560596
2712.6,560692
2712.7,560428
2712.8,560411
2712.9,560683
2713,560665
2713.1,560626
2713.2,560453
2713.3,560458
2713.4,560823
2713.5,560621
2713.6,560225
2713.7,560678
2713.8,560774
2713.9,560664
2714,560668
2714.1,560474
2714.2,560725
2714.3,560439
2714.4,560309
2714.5,560787
2714.6,560408
2714.7,560504
2714.8,560486
2714.9,560447
2715,560606
2715.1,560702
2715.2,560614
2715.3,560442
2715.4,560516
2715.5,560386
2715.6,560544
2715.7,560662
2715.8,560467
2715.9,560563
2716,560524
2716.1,560528
2716.2,560687
2716.3,560465
2716.4,560384
2716.5,560749
2716.6,560846
2716.7,560621
2716.8,560603
2716.9,560494
2717,560590
2717.1,560397
2717.2,560761
2717.3,560651
2717.4,560542
2717.5,560751
2717.6,560712
2717.7,560539
2717.8,560543
2717.9,560413
2718,560417
2718.1,560668
2718.2,560473
2718.3,560344
2718.4,560573
2718.5,560577
2718.6,560830
2718.7,560429
2718.8,560794
2718.9,560684
2719,560781
2719.1,560671
2719.2,560745
2719.3,560728
2719.4,560710
2719.5,560446
2719.6,560428
2719.7,560815
2719.8,560528
2719.9,560758
2720,560380
2720.1,560475
2720.2,560593
2720.3,560371
2720.4,560558
2720.5,560540
2720.6,560523
2720.7,560568
2720.8,560573
2720.9,560605
2721,560496
2721.1,560479
2721.2,560461
2721.3,560598
2721.4,560511
2721.5,560430
2721.6,560413
2721.7,560508
2721.8,560760
2721.9,560445
2722,560654
2722.1,560751
2722.2,560733
2722.3,560447
2722.4,560606
2722.5,560610
2722.6,560684
2722.7,560512
2722.8,560474
2722.9,560590
2723,560481
2723.1,560640
2723.2,560622
2723.3,560338
2723.4,560546
2723.5,560528
2723.6,560420
2723.7,560578
2723.8,560581
2723.9,560657
2724,560753
2724.1,560643
2724.2,560534
2724.3,560722
2724.4,560591
2724.5,560801
2724.6,560536
2724.7,560788
2724.8,560678
2724.9,560660
2725,560643
2725.1,560625
2725.2,560629
2725.3,560726
2725.4,560440
2725.5,560783
2725.6,560496
2725.7,560541
2725.8,560752
2725.9,560756
2726,560469
2726.1,560452
2726.2,560434
2726.3,560685
2726.4,560421
2726.5,560335
2726.6,560791
2726.7,560503
2726.8,560755
2726.9,560532
2727,560649
2727.1,560568
2727.2,560417
2727.3,560604
2727.4,560629
2727.5,560612
2727.6,560412
2727.7,560662
2727.8,560581
2727.9,560677
2728,560434
2728.1,560728
2728.2,560618
2728.3,560446
2728.4,560633
2728.5,560524
2728.6,560506
2728.7,560665
2728.8,560762
2728.9,560475
2729,560571
2729.1,560442
2729.2,560558
2729.3,560449
2729.4,560545
2729.5,560775
2729.6,560601
2729.7,560606
2729.8,560496
2729.9,560656
2730,560371
2730.1,560621
2730.2,560717
2730.3,560814
2730.4,560612
2730.5,560686
2730.6,560783
2730.7,560651
2730.8,560500
2730.9,560483
2731,560756
2731.1,560469
2731.2,560721
2731.3,560435
2731.4,560530
2731.5,560712
2731.6,560630
2731.7,560613
2731.8,560595
2731.9,560353
2732,560356
2732.1,560742
2732.2,560569
2732.3,560418
2732.4,560625
2732.5,560516
2732.6,560408
2732.7,560680
2732.8,560870
2732.9,560581
2733,560472
2733.1,560631
2733.2,560728
2733.3,560555
2733.4,560537
2733.5,560499
2733.6,560595
2733.7,560486
2733.8,560398
2733.9,560607
2734,560703
2734.1,560551
2734.2,560442
2734.3,560538
2734.4,560563
2734.5,560701
2734.6,560641
2734.7,560624
2734.8,560628
2734.9,560788
2735,560501
2735.1,560575
2735.2,560537
2735.3,560562
2735.4,560658
2735.5,560571
2735.6,560553
2735.7,560423
2735.8,560589
2735.9,560593
2736,560619
2736.1,560509
2736.2,560605
2736.3,560588
2736.4,560726
2736.5,560461
2736.6,560466
2736.7,560717
2736.8,560522
2736.9,560414
2737,560778
2737.1,560400
2737.2,560673
2737.3,560769
2737.4,560752
2737.5,560734
2737.6,560511
2737.7,560629
2737.8,560818
2737.9,560530
2738,560626
2738.1,560404
2738.2,560387
2738.3,560773
2738.4,560508
2738.5,560582
2738.6,560678
2738.7,560569
2738.8,560551
2738.9,560847
2739,560694
2739.1,560698
2739.2,560795
2739.3,560777
2739.4,560575
2739.5,560649
2739.6,560477
2739.7,560728
2739.8,560464
2739.9,560715
2740,560605
2740.1,560588
2740.2,560438
2740.3,560420
2740.4,560403
2740.5,560675
2740.6,560566
2740.7,560548
2740.8,560644
2740.9,560381
2741,560476
2741.1,560750
2741.2,560618
2741.3,560334
2741.4,560583
2741.5,560587
2741.6,560592
2741.7,560483
2741.8,560557
2741.9,560539
2742,560522
2742.1,560548
2742.2,560530
2742.3,560604
2742.4,560701
2742.5,560591
2742.6,560574
2742.7,560578
2742.8,560582
2742.9,560771
2743,560393
2743.1,560758
2743.2,560669
2743.3,560539
2743.4,560635
2743.5,560372
2743.6,560354
2743.7,560449
2743.8,560586
2743.9,560611
2744,560573
2744.1,560669
2744.2,560497
2744.3,560748
2744.4,560547
2744.5,560572
2744.6,560646
2744.7,560630
2744.8,560704
2744.9,560595
2745,560620
2745.1,560602
2745.2,560564
2745.3,560392
2745.4,560488
2745.5,560647
2745.6,560447
2745.7,560520
2745.8,560823
2745.9,560444
2746,560540
2746.1,560453
2746.2,560612
2746.3,560594
2746.4,560555
2746.5,560559
2746.6,560677
2746.7,560660
2746.8,560756
2746.9,560739
2747,560607
2747.1,560818
2747.2,560708
2747.3,560712
2747.4,560603
2747.5,560585
2747.6,560660
2747.7,560572
2747.8,560668
2747.9,560673
2748,560563
2748.1,560638
2748.2,560642
2748.3,560533
2748.4,560537
2748.5,560725
2748.6,560348
2748.7,560712
2748.8,560602
2748.9,560381
2749,560632
2749.1,560572
2749.2,560668
2749.3,560559
2749.4,560541
2749.5,560475
2749.6,560528
2749.7,560624
2749.8,560607
2749.9,560611
2750,560389
2750.1,560527
2750.2,560467
2750.3,560677
2750.4,560567
2750.5,560571
2750.6,560554
2750.7,560579
2750.8,560790
2750.9,560370
2751,560374
2751.1,560532
2751.2,560536
2751.3,560611
2751.4,560522
2751.5,560484
2751.6,560580
2751.7,560584
2751.8,560610
2751.9,560592
2752,560461
2752.1,560423
2752.2,560561
2752.3,560474
2752.4,560754
2752.5,560602
2752.6,560493
2752.7,560589
2752.8,560593
2752.9,560618
2753,560509
2753.1,560562
2753.2,560432
2753.3,560684
2753.4,560554
2753.5,560693
2753.6,560449
2753.7,560637
2753.8,560548
2753.9,560510
2754,560536
2754.1,560519
2754.2,560438
2754.3,560421
2754.4,560694
2754.5,560471
2754.6,560609
2754.7,560571
2754.8,560554
2754.9,560650
2755,560541
2755.1,560474
2755.2,560527
2755.3,560716
2755.4,560720
2755.5,560817
2755.6,560636
2755.7,560597
2755.8,560694
2755.9,560698
2756,560773
2756.1,560777
2756.2,560575
2756.3,560467
2756.4,560562
2756.5,560503
2756.6,560663
2756.7,560490
2756.8,560536
2756.9,560632
2757,560615
2757.1,560443
2757.2,560447
2757.3,560430
2757.4,560497
2757.5,560571
2757.6,560710
2757.7,560558
2757.8,560562
2757.9,560659
2758,560641
2758.1,560356
2758.2,560628
2758.3,560724
2758.4,560348
2758.5,560641
2758.6,560716
2758.7,560698
2758.8,560681
2758.9,560685
2759,560711
2759.1,560716
2759.2,560521
2759.3,560413
2759.4,560395
2759.5,560688
2759.6,560558
2759.7,560654
2759.8,560460
2759.9,560619
2760,560624
2760.1,560515
2760.2,560611
2760.3,560707
2760.4,560804
2760.5,560580
2760.6,560563
2760.7,560405
2760.8,560706
2760.9,560668
2761,560383
2761.1,560654
2761.2,560637
2761.3,560528
2761.4,560738
2761.5,560835
2761.6,560725
2761.7,560461
2761.8,560712
2761.9,560645
2762,560606
2762.1,560548
2762.2,560530
2762.3,560534
2762.4,560426
2762.5,560677
2762.6,560659
2762.7,560664
2762.8,560400
2762.9,560650
2763,560655
2763.1,560637
2763.2,560415
2763.3,560624
2763.4,560629
2763.5,560520
2763.6,560616
2763.7,560598
2763.8,560673
2763.9,560409
2764,560589
2764.1,560800
2764.2,560513
2764.3,560765
2764.4,560747
2764.5,560867
2764.6,560487
2764.7,560668
2764.8,560765
2764.9,560592
2765,560461
2765.1,560620
2765.2,560533
2765.3,560607
2765.4,560457
2765.5,560440
2765.6,560599
2765.7,560602
2765.8,560494
2765.9,560590
2766,560686
2766.1,560669
2766.2,560559
2766.3,560585
2766.4,560660
2766.5,560643
2766.6,560470
2766.7,560475
2766.8,560634
2766.9,560454
2767,560621
2767.1,560717
2767.2,560722
2767.3,560436
2767.4,560617
2767.5,560642
2767.6,560604
2767.7,560700
2767.8,560704
2767.9,560709
2768,560599
2768.1,560469
2768.2,560699
2768.3,560393
2768.4,560397
2768.5,560670
2768.6,560469
2768.7,560677
2768.8,560568
2768.9,560530
2769,560761
2769.1,560673
2769.2,560521
2769.3,560617
2769.4,560621
2769.5,560491
2769.6,560495
2769.7,560748
2769.8,560730
2769.9,560578
2770,560469
2770.1,560679
2770.2,560478
2770.3,560666
2770.4,560493
2770.5,560385
2770.6,560635
2770.7,560754
2770.8,560489
2770.9,560585
2771,560589
2771.1,560572
2771.2,560555
2771.3,560509
2771.4,560627
2771.5,560455
2771.6,560459
2771.7,560351
2771.8,560601
2771.9,560401
2772,560680
2772.1,560684
2772.2,560512
2772.3,560671
2772.4,560676
2772.5,560475
2772.6,560571
2772.7,560667
2772.8,560764
2772.9,560499
2773,560658
2773.1,560527
2773.2,560469
2773.3,560564
2773.4,560569
2773.5,560460
2773.6,560733
2773.7,560447
2773.8,560698
2773.9,560434
2774,560707
2774.1,560712
2774.2,560602
2774.3,560493
2774.4,560610
2774.5,560480
2774.6,560576
2774.7,560467
2774.8,560472
2774.9,560454
2775,560571
2775.1,560442
2775.2,560446
2775.3,560450
2775.4,560680
2775.5,560529
2775.6,560420
2775.7,560672
2775.8,560429
2775.9,560524
2776,560620
2776.1,560603
2776.2,560494
2776.3,560499
2776.4,560659
2776.5,560713
2776.6,560695
2776.7,560586
2776.8,560477
2776.9,560616
2777,560577
2777.1,560560
2777.2,560564
2777.3,560796
2777.4,560686
2777.5,560485
2777.6,560539
2777.7,560635
2777.8,560774
2777.9,560530
2778,560555
2778.1,560715
2778.2,560656
2778.3,560660
2778.4,560530
2778.5,560647
2778.6,560560
2778.7,560698
2778.8,560639
2778.9,560487
2779,560626
2779.1,560609
2779.2,560430
2779.3,560504
2779.4,560487
2779.5,560492
2779.6,560723
2779.7,560727
2779.8,560617
2779.9,560692
2780,560583
2780.1,560679
2780.2,560591
2780.3,560504
2780.4,560558
2780.5,560561
2780.6,560453
2780.7,560840
2780.8,560461
2780.9,560557
2781,560519
2781.1,560636
2781.2,560527
2781.3,560440
2781.4,560713
2781.5,560540
2781.6,560728
2781.7,560619
2781.8,560779
2781.9,560514
2782,560519
2782.1,560502
2782.2,560619
2782.3,560510
2782.4,560784
2782.5,560406
2782.6,560502
2782.7,560598
2782.8,560560
2782.9,560699
2783,560589
2783.1,560657
2783.2,560754
2783.3,560581
2783.4,560472
2783.5,560476
2783.6,560636
2783.7,560618
2783.8,560829
2783.9,560655
2784,560455
2784.1,560728
2784.2,560619
2784.3,560601
2784.4,560812
2784.5,560434
2784.6,560529
2784.7,560597
2784.8,560694
2784.9,560676
2785,560504
2785.1,560508
2785.2,560512
2785.3,560404
2785.4,560769
2785.5,560596
2785.6,560487
2785.7,560604
2785.8,560609
2785.9,560791
2786,560392
2786.1,560487
2786.2,560697
2786.3,560609
2786.4,560500
2786.5,560576
2786.6,560558
2786.7,560450
2786.8,560722
2786.9,560748
2787,560660
2787.1,560488
2787.2,560471
2787.3,560837
2787.4,560634
2787.5,560639
2787.6,560467
2787.7,560449
2787.8,560659
2787.9,560437
2788,560709
2788.1,560714
2788.2,560718
2788.3,560546
2788.4,560642
2788.5,560710
2788.6,560600
2788.7,560542
2788.8,560524
2788.9,560642
2789,560491
2789.1,560629
2789.2,560697
2789.3,560616
2789.4,560487
2789.5,560491
2789.6,560630
2789.7,560500
2789.8,560483
2789.9,560599
2790,560561
2790.1,560566
2790.2,560457
2790.3,560595
2790.4,560487
2790.5,560583
2790.6,560544
2790.7,560570
2790.8,560688
2790.9,560487
2791,560470
2791.1,560566
2791.2,560570
2791.3,560575
2791.4,560735
2791.5,560428
2791.6,560320
2791.7,560549
2791.8,560645
2791.9,560558
2792,560471
2792.1,560658
2792.2,560663
2792.3,560532
2792.4,560516
2792.5,560471
2792.6,560525
2792.7,560621
2792.8,560738
2792.9,560650
2793,560811
2793.1,560433
2793.2,560508
2793.3,560512
2793.4,560516
2793.5,560520
2793.6,560680
2793.7,560507
2793.8,560378
2793.9,560608
2794,560704
2794.1,560503
2794.2,560395
2794.3,560491
2794.4,560608
2794.5,560705
2794.6,560595
2794.7,560487
2794.8,560554
2794.9,560559
2795,560500
2795.1,560867
2795.2,560509
2795.3,560401
2795.4,560651
2795.5,560479
2795.6,560575
2795.7,560488
2795.8,560492
2795.9,560560
2796,560656
2796.1,560775
2796.2,560580
2796.3,560606
2796.4,560610
2796.5,560593
2796.6,560484
2796.7,560736
2796.8,560740
2796.9,560745
2797,560502
2797.1,560754
2797.2,560644
2797.3,560627
2797.4,560745
2797.5,560636
2797.6,560640
2797.7,560560
2797.8,560564
2797.9,560610
2798,560460
2798.1,560733
2798.2,560624
2798.3,560835
2798.4,560456
2798.5,560615
2798.6,560620
2798.7,560448
2798.8,560543
2798.9,560548
2799,560552
2799.1,560444
2799.2,560717
2799.3,560658
2799.4,560506
2799.5,560759
2799.6,560557
2799.7,560603
2799.8,560566
2799.9,560571
2800,560667
2800.1,560537
2800.2,560562
2800.3,560722
2800.4,560705
2800.5,560554
2800.6,560446
2800.7,560541
2800.8,560454
2800.9,560522
2801,560505
2801.1,560807
2801.2,560542
2801.3,560816
2801.4,560614
2801.5,560711
2801.6,560488
2801.7,560698
2801.8,560702
2801.9,560439
2802,560619
2802.1,560602
2802.2,560585
2802.3,560703
2802.4,560708
2802.5,560712
2802.6,560448
2802.7,560792
2802.8,560796
2802.9,560440
2803,560920
2803.1,560832
2803.2,560544
2803.3,560549
2803.4,560709
2803.5,560691
2803.6,560696
2803.7,560793
2803.8,560683
2803.9,560688
2804,560424
2804.1,560583
2804.2,560587
2804.3,560684
2804.4,560688
2804.5,560785
2804.6,560675
2804.7,560475
2804.8,560571
2804.9,560512
2805,560495
2805.1,560499
2805.2,560659
2805.3,560842
2805.4,560400
2805.5,560517
2805.6,560500
2805.7,560504
2805.8,560686
2805.9,560732
2806,560581
2806.1,560677
2806.2,560414
2806.3,560418
2806.4,560963
2806.5,560673
2806.6,560501
2806.7,560527
2806.8,560510
2806.9,560784
2807,560491
2807.1,560587
2807.2,560569
2807.3,560688
2807.4,560692
2807.5,560491
2807.6,560587
2807.7,560662
2807.8,560553
2807.9,560579
2808,560854
2808.1,560744
2808.2,560571
2808.3,560575
2808.4,560735
2808.5,560740
2808.6,560745
2808.7,560572
2808.8,560668
2808.9,560736
2809,560627
2809.1,560631
2809.2,560750
2809.3,560847
2809.4,560852
2809.5,560834
2809.6,560632
2809.7,560636
2809.8,560577
2809.9,560674
2810,560678
2810.1,560569
2810.2,560574
2810.3,560756
2810.4,560583
2810.5,560587
2810.6,560416
2810.7,560574
2810.8,560849
2810.9,560562
2811,560658
2811.1,560662
2811.2,560689
2811.3,560467
2811.4,560740
2811.5,560722
2811.6,560663
2811.7,560463
2811.8,560580
2811.9,560472
2812,560539
2812.1,560771
2812.2,560640
2812.3,560737
2812.4,560382
2812.5,560654
2812.6,560636
2812.7,560641
2812.8,560645
2812.9,560742
2813,560654
2813.1,560659
2813.2,560550
2813.3,560646
2813.4,560651
2813.5,560655
2813.6,560703
2813.7,560664
2813.8,560647
2813.9,560880
2814,560656
2814.1,560775
2814.2,560573
2814.3,560691
2814.4,560674
2814.5,560657
2814.6,560683
2814.7,560688
2814.8,560785
2814.9,560633
2815,560616
2815.1,560776
2815.2,560575
2815.3,560693
2815.4,560698
2815.5,560795
2815.6,560685
2815.7,560689
2815.8,560623
2815.9,560585
2816,560795
2816.1,560418
2816.2,560805
2816.3,560830
2816.4,560720
2816.5,560704
2816.6,560801
2816.7,560805
2816.8,560603
2816.9,560743
2817,560683
2817.1,560802
2817.2,560784
2817.3,560811
2817.4,560815
2817.5,560500
2817.6,560731
2817.7,560334
2817.8,560812
2817.9,560546
2818,560728
2818.1,560825
2818.2,560538
2818.3,560656
2818.4,560661
2818.5,560552
2818.6,560465
2818.7,560561
2818.8,560657
2818.9,560548
2819,560461
2819.1,560466
2819.2,560653
2819.3,560658
2819.4,560641
2819.5,560801
2819.6,560558
2819.7,560833
2819.8,560567
2819.9,560550
2820,560554
2820.1,560714
2820.2,560472
2820.3,560745
2820.4,560572
2820.5,560464
2820.6,560737
2820.7,560649
2820.8,560746
2820.9,560482
2821,560755
2821.1,560582
2821.2,560474
2821.3,560676
2821.4,560659
2821.5,560756
2821.6,560513
2821.7,560765
2821.8,560501
2821.9,560568
2822,560779
2822.1,560606
2822.2,560610
2822.3,560615
2822.4,560683
2822.5,560688
2822.6,560807
2822.7,560633
2822.8,560546
2822.9,560642
2823,560442
2823.1,560808
2823.2,560542
2823.3,560525
2823.4,560551
2823.5,560826
2823.6,560357
2823.7,560720
2823.8,560703
2823.9,560708
2824,560557
2824.1,560739
2824.2,560453
2824.3,560436
2824.4,560616
2824.5,560558
2824.6,560562
2824.7,560652
2824.8,560842
2824.9,560731
2825,560757
2825.1,560741
2825.2,560653
2825.3,560481
2825.4,560963
2825.5,560581
2825.6,560741
2825.7,560768
2825.8,560503
2825.9,560599
2826,560604
2826.1,560587
2826.2,560655
2826.3,560774
2826.4,560622
2826.5,560450
2826.6,560723
2826.7,560614
2826.8,560618
2826.9,560531
2827,560473
2827.1,560839
2827.2,560573
2827.3,560848
2827.4,560646
2827.5,560743
2827.6,560840
2827.7,560688
2827.8,560466
2827.9,560379
2828,560560
2828.1,560634
2828.2,560484
2828.3,560601
2828.4,560493
2828.5,560406
2828.6,560657
2828.7,560754
2828.8,560758
2828.9,560585
2829,560498
2829.1,560887
2829.2,560507
2829.3,560490
2829.4,560608
2829.5,560613
2829.6,560525
2829.7,560707
2829.8,560690
2829.9,560694
2830,560522
2830.1,560548
2830.2,560823
2830.3,560444
2830.4,560449
2830.5,560700
2830.6,560549
2830.7,560462
2830.8,560758
2830.9,560471
2831,560567
2831.1,560368
2831.2,560640
2831.3,560553
2831.4,560494
2831.5,560477
2831.6,560751
2831.7,560755
2831.8,560554
2831.9,560580
2832,560677
2832.1,560774
2832.2,560572
2832.3,560847
2832.4,560737
2832.5,560586
2832.6,560568
2832.7,560687
2832.8,560848
2832.9,560760
2833,560650
2833.1,560769
2833.2,560774
2833.3,560509
2833.4,560513
2833.5,560581
2833.6,560678
2833.7,560890
2833.8,560623
2833.9,560628
2834,560541
2834.1,560609
2834.2,560705
2834.3,560533
2834.4,560651
2834.5,560655
2834.6,560568
2834.7,560843
2834.8,560555
2834.9,560766
2835,560410
2835.1,560797
2835.2,560866
2835.3,560600
2835.4,560491
2835.5,560701
2835.6,560614
2835.7,560618
2835.8,560559
2835.9,560451
2836,560547
2836.1,560707
2836.2,560465
2836.3,560646
2836.4,560743
2836.5,560366
2836.6,560638
2836.7,560529
2836.8,560710
2836.9,560651
2837,560748
2837.1,560753
2837.2,560643
2837.3,560804
2837.4,560738
2837.5,560679
2837.6,560776
2837.7,560574
2837.8,560849
2837.9,560470
2838,560680
2838.1,560621
2838.2,560421
2838.3,560538
2838.4,560698
2838.5,560498
2838.6,560615
2838.7,560444
2838.8,560717
2838.9,560453
2839,560634
2839.1,560349
2839.2,560466
2839.3,560584
2839.4,560681
2839.5,560685
2839.6,560869
2839.7,560758
2839.8,560607
2839.9,560569
2840,560573
2840.1,560487
2840.2,560739
2840.3,560722
2840.4,560705
2840.5,560617
2840.6,560601
2840.7,560514
2840.8,560745
2840.9,560522
2841,560618
2841.1,560645
2841.2,560649
2841.3,560654
2841.4,560637
2841.5,560507
2841.6,560441
2841.7,560516
2841.8,560563
2841.9,560682
2842,560779
2842.1,560669
2842.2,560560
2842.3,560586
2842.4,560499
2842.5,560595
2842.6,560600
2842.7,560605
2842.8,560673
2842.9,560431
2843,560527
2843.1,560531
2843.2,560742
2843.3,560632
2843.4,560432
2843.5,560727
2843.6,560463
2843.7,560559
2843.8,560472
2843.9,560568
2844,560390
2844.1,560599
2844.2,560603
2844.3,560565
2844.4,560727
2844.5,560617
2844.6,560439
2844.7,560535
2844.8,560653
2844.9,560523
2845,560528
2845.1,560667
2845.2,560424
2845.3,560449
2845.4,560433
2845.5,560685
2845.6,560690
2845.7,560602
2845.8,560381
2845.9,560477
2846,560503
2846.1,560777
2846.2,560803
2846.3,560516
2846.4,560884
2846.5,560681
2846.6,560778
2846.7,560535
2846.8,560625
2846.9,560453
2847,560612
2847.1,560617
2847.2,560264
2847.3,560648
2847.4,560589
2847.5,560480
2847.6,560485
2847.7,560644
2847.8,560671
2847.9,560675
2848,560525
2848.1,560777
2848.2,560689
2848.3,560602
2848.4,560720
2848.5,560548
2848.6,560552
2848.7,560557
2848.8,560561
2848.9,560475
2849,560656
2849.1,560597
2849.2,560601
2849.3,560563
2849.4,560497
2849.5,560587
2849.6,560776
2849.7,560511
2849.8,560516
2849.9,560790
2850,560702
2850.1,560615
2850.2,560597
2850.3,560447
2850.4,560607
2850.5,560633
2850.6,560816
2850.7,560529
2850.8,560896
2850.9,560362
2851,560748
2851.1,560661
2851.2,560844
2851.3,560465
2851.4,560448
2851.5,560679
2851.6,560684
2851.7,560505
2851.8,560693
2851.9,560584
2852,560859
2852.1,560615
2852.2,560506
2852.3,560533
2852.4,560629
2852.5,560633
2852.6,560794
2852.7,560551
2852.8,560826
2852.9,560294
2853,560771
2853.1,560661
2853.2,560730
2853.3,560579
2853.4,560513
2853.5,560610
2853.6,560347
2853.7,560619
2853.8,560510
2853.9,560650
2854,560747
2854.1,560574
2854.2,560487
2854.3,560492
2854.4,560765
2854.5,560741
2854.6,560569
2854.7,560779
2854.8,560692
2854.9,560696
2855,560765
2855.1,560747
2855.2,560596
2855.3,560334
2855.4,560812
2855.5,560724
2855.6,560700
2855.7,560797
2855.8,560624
2855.9,560537
2856,560655
2856.1,560455
2856.2,560821
2856.3,560711
2856.4,560560
2856.5,560678
2856.6,560591
2856.7,560773
2856.8,560487
2856.9,560854
2857,560609
2857.1,560501
2857.2,560797
2857.3,560801
2857.4,560899
2857.5,560519
2857.6,560545
2857.7,560550
2857.8,560576
2857.9,560673
2858,560834
2858.1,560839
2858.2,560595
2858.3,560621
2858.4,560811
2858.5,560545
2858.6,560550
2858.7,560618
2858.8,560468
2858.9,560649
2859,560746
2859.1,560595
2859.2,560599
2859.3,560668
2859.4,560694
2859.5,560635
2859.6,560732
2859.7,560644
2859.8,560515
2859.9,560562
2860,560722
2860.1,560727
2860.2,560576
2860.3,560580
2860.4,560856
2860.5,560767
2860.6,560636
2860.7,560486
2860.8,560490
2860.9,560608
2861,560521
2861.1,560589
2861.2,560594
2861.3,560535
2861.4,560540
2861.5,560453
2861.6,560726
2861.7,560824
2861.8,560714
2861.9,560563
2862,560476
2862.1,560594
2862.2,560507
2862.3,560667
2862.4,560671
2862.5,560521
2862.6,560795
2862.7,560439
2862.8,560556
2862.9,560539
2863,560814
2863.1,560662
2863.2,560575
2863.3,560601
2863.4,560698
2863.5,560589
2863.6,560593
2863.7,560620
2863.8,560624
2863.9,560608
2864,560705
2864.1,560596
2864.2,560509
2864.3,560513
2864.4,560788
2864.5,560658
2864.6,560395
2864.7,560759
2864.8,560558
2864.9,560761
2865,560567
2865.1,560686
2865.2,560422
2865.3,560695
2865.4,560629
2865.5,560541
2865.6,560617
2865.7,560530
2865.8,560535
2865.9,560539
2866,560586
2866.1,560478
2866.2,560553
2866.3,560692
2866.4,560562
2866.5,560610
2866.6,560614
2866.7,560890
2866.8,560645
2866.9,560607
2867,560655
2867.1,560525
2867.2,560664
2867.3,560555
2867.4,560651
2867.5,560543
2867.6,560457
2867.7,560617
2867.8,560508
2867.9,560697
2868,560723
2868.1,560728
2868.2,560640
2868.3,560602
2868.4,560721
2868.5,560520
2868.6,560525
2868.7,560551
2868.8,560577
2868.9,560674
2869,560771
2869.1,560704
2869.2,560802
2869.3,560715
2869.4,560564
2869.5,560546
2869.6,560460
2869.7,560733
2869.8,560760
2869.9,560609
2870,560479
2870.1,560575
2870.2,560488
2870.3,560536
2870.4,560696
2870.5,560545
2870.6,560641
2870.7,560420
2870.8,560559
2870.9,560450
2871,560631
2871.1,560636
2871.2,560599
2871.3,560604
2871.4,560764
2871.5,560791
2871.6,560681
2871.7,560686
2871.8,560535
2871.9,560540
2872,560545
2872.1,560727
2872.2,560731
2872.3,560467
2872.4,560493
2872.5,560386
2872.6,560503
2872.7,560777
2872.8,560760
2872.9,560517
2873,560543
2873.1,560548
2873.2,560461
2873.3,560444
2873.4,560832
2873.5,560475
2873.6,560389
2873.7,560775
2873.8,560602
2873.9,560607
2874,560611
2874.1,560524
2874.2,560642
2874.3,560464
2874.4,560674
2874.5,560565
2874.6,560569
2874.7,560688
2874.8,560466
2874.9,560676
2875,560589
2875.1,560614
2875.2,560733
2875.3,560603
2875.4,560672
2875.5,560479
2875.6,560660
2875.7,560757
2875.8,560556
2875.9,560603
2876,560679
2876.1,560684
2876.2,560689
2876.3,560693
2876.4,560606
2876.5,560561
2876.6,560658
2876.7,560777
2876.8,560646
2876.9,560559
2877,560493
2877.1,560681
2877.2,560665
2877.3,560670
2877.4,560583
2877.5,560609
2877.6,560656
2877.7,560526
2877.8,560666
2877.9,560670
2878,560675
2878.1,560702
2878.2,560684
2878.3,560484
2878.4,560559
2878.5,560586
2878.6,560499
2878.7,560546
2878.8,560642
2878.9,560647
2879,560631
2879.1,560793
2879.2,560705
2879.3,560667
2879.4,560558
2879.5,560471
2879.6,560589
2879.7,560615
2879.8,560777
2879.9,560625
2880,560629
2880.1,560769
2880.2,560796
2880.3,560687
2880.4,560424
2880.5,560519
2880.6,560433
2880.7,560706
2880.8,560464
2880.9,560377
2881,560586
2881.1,560591
2881.2,560504
2881.3,560664
2881.4,560577
2881.5,560787
2881.6,560431
2881.7,560549
2881.8,560554
2881.9,560622
2882,560422
2882.1,560539
2882.2,560750
2882.3,560507
2882.4,560781
2882.5,560622
2882.6,560605
2882.7,560795
2882.8,560708
2882.9,560620
2883,560533
2883.1,560672
2883.2,560563
2883.3,560682
2883.4,560552
2883.5,560692
2883.6,560605
2883.7,560630
2883.8,560592
2883.9,560711
2884,560623
2884.1,560628
2884.2,560563
2884.3,560659
2884.4,560593
2884.5,560712
2884.6,560716
2884.7,560608
2884.8,560613
2884.9,560710
2885,560509
2885.1,560627
2885.2,560653
2885.3,560701
2885.4,560571
2885.5,560576
2885.6,560489
2885.7,560742
2885.8,560633
2885.9,560752
2886,560466
2886.1,560739
2886.2,560652
2886.3,560678
2886.4,560705
2886.5,560646
2886.6,560715
2886.7,560719
2886.8,560632
2886.9,560658
2887,560599
2887.1,560583
2887.2,560588
2887.3,560501
2887.4,560548
2887.5,560751
2887.6,560621
2887.7,560562
2887.8,560497
2887.9,560657
2888,560570
2888.1,560709
2888.2,560785
2888.3,560790
2888.4,560434
2888.5,560729
2888.6,560528
2888.7,560511
2888.8,560537
2888.9,560564
2889,560682
2889.1,560730
2889.2,560735
2889.3,560717
2889.4,560722
2889.5,560728
2889.6,560640
2889.7,560596
2889.8,560558
2889.9,560450
2890,560610
2890.1,560502
2890.2,560641
2890.3,560511
2890.4,560650
2890.5,560655
2890.6,560568
2890.7,560552
2890.8,560713
2890.9,560626
2891,560630
2891.1,560501
2891.2,560506
2891.3,560688
2891.4,560650
2891.5,560655
2891.6,560660
2891.7,560572
2891.8,560734
2891.9,560554
2892,560630
2892.1,560749
2892.2,560682
2892.3,560687
2892.4,560579
2892.5,560697
2892.6,560795
2892.7,560438
2892.8,560619
2892.9,560532
2893,560559
2893.1,560677
2893.2,560682
2893.3,560440
2893.4,560445
2893.5,560534
2893.6,560517
2893.7,560635
2893.8,560372
2893.9,560490
2894,560692
2894.1,560627
2894.2,560631
2894.3,560502
2894.4,560755
2894.5,560667
2894.6,560580
2894.7,560472
2894.8,560476
2894.9,560708
2895,560621
2895.1,560400
2895.2,560560
2895.3,560721
2895.4,560818
2895.5,560574
2895.6,560601
2895.7,560514
2895.8,560519
2895.9,560523
2896,560528
2896.1,560825
2896.2,560829
2896.3,560763
2896.4,560499
2896.5,560391
2896.6,560663
2896.7,560690
2896.8,560716
2896.9,560453
2897,560634
2897.1,560484
2897.2,560643
2897.3,560670
2897.4,560696
2897.5,560701
2897.6,560728
2897.7,560732
2897.8,560758
2897.9,560672
2898,560769
2898.1,560795
2898.2,560530
2898.3,560712
2898.4,560717
2898.5,560566
2898.6,560685
2898.7,560555
2898.8,560468
2898.9,560629
2899,560429
2899.1,560752
2899.2,560644
2899.3,560648
2899.4,560810
2899.5,560680
2899.6,560705
2899.7,560596
2899.8,560715
2899.9,560699
2900,560611
2900.1,560773
2900.2,560529
2900.3,560576
2900.4,560447
2900.5,560721
2900.6,560634
2900.7,560731
2900.8,560488
2900.9,560741
2901,560745
2901.1,560432
2901.2,560592
2901.3,560463
2901.4,560602
2901.5,560515
2901.6,560520
2901.7,560546
2901.8,560757
2901.9,560535
2902,560631
2902.1,560565
2902.2,560591
2902.3,560732
2902.4,560737
2902.5,560606
2902.6,560654
2902.7,560454
2902.8,560480
2902.9,560690
2903,560674
2903.1,560586
2903.2,560726
2903.3,560639
2903.4,560622
2903.5,560649
2903.6,560654
2903.7,560773
2903.8,560706
2903.9,560733
2904,560602
2904.1,560721
2904.2,560841
2904.3,560753
2904.4,560665
2904.5,560465
2904.6,560316
2904.7,560794
2904.8,560820
2904.9,560847
2905,560645
2905.1,560742
2905.2,560884
2905.3,560617
2905.4,560601
2905.5,560557
2905.6,560675
2905.7,560566
2905.8,560635
2905.9,560868
2906,560511
2906.1,560807
2906.2,560905
2906.3,560525
2906.4,560799
2906.5,560556
2906.6,560853
2906.7,560765
2906.8,560677
2906.9,560682
2907,560595
2907.1,560600
2907.2,560740
2907.3,560745
2907.4,560636
2907.5,560755
2907.6,560553
2907.7,560580
2907.8,560606
2907.9,560611
2908,560616
2908.1,560735
2908.2,560555
2908.3,560603
2908.4,560586
2908.5,560798
2908.6,560596
2908.7,560509
2908.8,560648
2908.9,560583
2909,560680
2909.1,560685
2909.2,560690
2909.3,560603
2909.4,560536
2909.5,560769
2909.6,560639
2909.7,560397
2909.8,560670
2909.9,560583
2910,560538
2910.1,560522
2910.2,560641
2910.3,560645
2910.4,560672
2910.5,560585
2910.6,560610
2910.7,560708
2910.8,560827
2910.9,560471
2911,560766
2911.1,560587
2911.2,560570
2911.3,560596
2911.4,560446
2911.5,560472
2911.6,560386
2911.7,560659
2911.8,560663
2911.9,560626
2912,560561
2912.1,560566
2912.2,560501
2912.3,560775
2912.4,560398
2912.5,560670
2912.6,560697
2912.7,560518
2912.8,560750
2912.9,560641
2913,560646
2913.1,560650
2913.2,560677
2913.3,560632
2913.4,560616
2913.5,560529
2913.6,560668
2913.7,560468
2913.8,560608
2913.9,560479
2914,560731
2914.1,560644
2914.2,560649
2914.3,560562
2914.4,560766
2914.5,560501
2914.6,560619
2914.7,560532
2914.8,560714
2914.9,560627
2915,560477
2915.1,560595
2915.2,560600
2915.3,560626
2915.4,560539
2915.5,560516
2915.6,560634
2915.7,560484
2915.8,560602
2915.9,560424
2916,560605
2916.1,560701
2916.2,560821
2916.3,560577
2916.4,560490
2916.5,560786
2916.6,560409
2916.7,560526
2916.8,560644
2916.9,560557
2917,560676
2917.1,560766
2917.2,560615
2917.3,560620
2917.4,560533
2917.5,560765
2917.6,560565
2917.7,560662
2917.8,560666
2917.9,560466
2918,560584
2918.1,560724
2918.2,560659
2918.3,560756
2918.4,560668
2918.5,560468
2918.6,560700
2918.7,560634
2918.8,560575
2918.9,560851
2919,560494
2919.1,560768
2919.2,560680
2919.3,560750
2919.4,560352
2919.5,560738
2919.6,560743
2919.7,560655
2919.8,560589
2919.9,560573
2920,560806
2920.1,560541
2920.2,560723
2920.3,560636
2920.4,560683
2920.5,560667
2920.6,560425
2920.7,560813
2920.8,560611
2920.9,560659
2921,560572
2921.1,560647
2921.2,560497
2921.3,560587
2921.4,560705
2921.5,560547
2921.6,560665
2921.7,560649
2921.8,560562
2921.9,560681
2922,560502
2922.1,560598
2922.2,560717
2922.3,560630
2922.4,560748
2922.5,560683
2922.6,560504
2922.7,560509
2922.8,560740
2922.9,560632
2923,560658
2923.1,560685
2923.2,560690
2923.3,560694
2923.4,560607
2923.5,560634
2923.6,560393
2923.7,560573
2923.8,560692
2923.9,560697
2924,560496
2924.1,560728
2924.2,560662
2924.3,560512
2924.4,560517
2924.5,560521
2924.6,560611
2924.7,560730
2924.8,560779
2924.9,560514
2925,560632
2925.1,560545
2925.2,560613
2925.3,560662
2925.4,560603
2925.5,560722
2925.6,560727
2925.7,560618
2925.8,560730
2925.9,560642
2926,560761
2926.1,560406
2926.2,560523
2926.3,560820
2926.4,560732
2926.5,560622
2926.6,560741
2926.7,560499
2926.8,560680
2926.9,560707
2927,560663
2927.1,560667
2927.2,560651
2927.3,560770
2927.4,560683
2927.5,560638
2927.6,560735
2927.7,560648
2927.8,560767
2927.9,560658
2928,560685
2928.1,560640
2928.2,560532
2928.3,560558
2928.4,560563
2928.5,560703
2928.6,560524
2928.7,560621
2928.8,560647
2928.9,560538
2929,560565
2929.1,560500
2929.2,560526
2929.3,560531
2929.4,560445
2929.5,560449
2929.6,560859
2929.7,560793
2929.8,560528
2929.9,560512
2930,560651
2930.1,560451
2930.2,560862
2930.3,560710
2930.4,560714
2930.5,560698
2930.6,560746
2930.7,560658
2930.8,560593
2930.9,560577
2931,560696
2931.1,560743
2931.2,560613
2931.3,560661
2931.4,560666
2931.5,560403
2931.6,560429
2931.7,560817
2931.8,560729
2931.9,560685
2932,560761
2932.1,560631
2932.2,560636
2932.3,560458
2932.4,560372
2932.5,560758
2932.6,560381
2932.7,560499
2932.8,560525
2932.9,560551
2933,560734
2933.1,560470
2933.2,560651
2933.3,560564
2933.4,560704
2933.5,560824
2933.6,560714
2933.7,560833
2933.8,560746
2933.9,560772
2934,560685
2934.1,560597
2934.2,560716
2934.3,560629
2934.4,560676
2934.5,560568
2934.6,560595
2934.7,560806
2934.8,560718
2934.9,560723
2935,560636
2935.1,560458
2935.2,560597
2935.3,560716
2935.4,560628
2935.5,560768
2935.6,560433
2935.7,560573
2935.8,560691
2935.9,560696
2936,560609
2936.1,560635
2936.2,560549
2936.3,560484
2936.4,560736
2936.5,560720
2936.6,560747
2936.7,560660
2936.8,560459
2936.9,560577
2937,560540
2937.1,560815
2937.2,560572
2937.3,560662
2937.4,560575
2937.5,560693
2937.6,560813
2937.7,560839
2937.8,560391
2937.9,560572
2938,560577
2938.1,560540
2938.2,560658
2938.3,560593
2938.4,560506
2938.5,560803
2938.6,560807
2938.7,560451
2938.8,560682
2938.9,560504
2939,560530
2939.1,560805
2939.2,560540
2939.3,560433
2939.4,560593
2939.5,560598
2939.6,560646
2939.7,560559
2939.8,560564
2939.9,560654
2940,560773
2940.1,560439
2940.2,560556
2940.3,560561
2940.4,560475
2940.5,560748
2940.6,560775
2940.7,560709
2940.8,560714
2940.9,560741
2941,560654
2941.1,560701
2941.2,560728
2941.3,560598
2941.4,560624
2941.5,560743
2941.6,560656
2941.7,560703
2941.8,560638
2941.9,560665
2942,560784
2942.1,560540
2942.2,560609
2942.3,560792
2942.4,560506
2942.5,560532
2942.6,560651
2942.7,560564
2942.8,560725
2942.9,560702
2943,560460
2943.1,560691
2943.2,560470
2943.3,560630
2943.4,560813
2943.5,560704
2943.6,560575
2943.7,560601
2943.8,560720
2943.9,560926
2944,560546
2944.1,560551
2944.2,560648
2944.3,560675
2944.4,560744
2944.5,560657
2944.6,560776
2944.7,560666
2944.8,560693
2944.9,560720
2945,560769
2945.1,560638
2945.2,560643
2945.3,560648
2945.4,560789
2945.5,560816
2945.6,560636
2945.7,560486
2945.8,560760
2945.9,560672
2946,560430
2946.1,560840
2946.2,560483
2946.3,560808
2946.4,560606
2946.5,560541
2946.6,560701
2946.7,560636
2946.8,560394
2946.9,560603
2947,560901
2947.1,560452
2947.2,560611
2947.3,560574
2947.4,560601
2947.5,560606
2947.6,560519
2947.7,560723
2947.8,560771
2947.9,560548
2948,560781
2948.1,560425
2948.2,560606
2948.3,560633
2948.4,560659
2948.5,560643
2948.6,560784
2948.7,560810
2948.8,560723
2948.9,560544
2949,560683
2949.1,560667
2949.2,560693
2949.3,560515
2949.4,560541
2949.5,560546
2949.6,560664
2949.7,560577
2949.8,560718
2949.9,560630
2950,560452
2950.1,560570
2950.2,560617
2950.3,560601
2950.4,560536
2950.5,560697
2950.6,560774
2950.7,560686
2950.8,560734
2950.9,560625
2951,560560
2951.1,560722
2951.2,560705
2951.3,560710
2951.4,560644
2951.5,560650
2951.6,560584
2951.7,560611
2951.8,560730
2951.9,560621
2952,560647
2952.1,560674
2952.2,560608
2952.3,560635
2952.4,560754
2952.5,560667
2952.6,560580
2952.7,560628
2952.8,560840
2952.9,560483
2953,560778
2953.1,560898
2953.2,560718
2953.3,560744
2953.4,560771
2953.5,560528
2953.6,560646
2953.7,560852
2953.8,560650
2953.9,560654
2954,560413
2954.1,560439
2954.2,560557
2954.3,560761
2954.4,560717
2954.5,560608
2954.6,560500
2954.7,560661
2954.8,560688
2954.9,560622
2955,560514
2955.1,560632
2955.2,560545
2955.3,560685
2955.4,560598
2955.5,560420
2955.6,560538
2955.7,560812
2955.8,560478
2955.9,560504
2956,560800
2956.1,560805
2956.2,560449
2956.3,560630
2956.4,560502
2956.5,560528
2956.6,560646
2956.7,560559
2956.8,560586
2956.9,560861
2957,560795
2957.1,560822
2957.2,560671
2957.3,560584
2957.4,560588
2957.5,560523
2957.6,560727
2957.7,560534
2957.8,560787
2957.9,560700
2958,560727
2958.1,560817
2958.2,560574
2958.3,560558
2958.4,560584
2958.5,560611
2958.6,560659
2958.7,560842
2958.8,560690
2958.9,560788
2959,560701
2959.1,560727
2959.2,560754
2959.3,560504
2959.4,560829
2959.5,560720
2959.6,560478
2959.7,560660
2959.8,560686
2959.9,560599
2960,560832
2960.1,560745
2960.2,560707
2960.3,561007
2960.4,560351
2960.5,560737
2960.6,560742
2960.7,560769
2960.8,560413
2960.9,560730
2961,560466
2961.1,560648
2961.2,560652
2961.3,560793
2961.4,560820
2961.5,560661
2961.6,560553
2961.7,560558
2961.8,560563
2961.9,560746
2962,560773
2962.1,560643
2962.2,560578
2962.3,560582
2962.4,560630
2962.5,560771
2962.6,560591
2962.7,560710
2962.8,560829
2962.9,560515
2963,560562
2963.1,560497
2963.2,560708
2963.3,560734
2963.4,560761
2963.5,560674
2963.6,560857
2963.7,560635
2963.8,560640
2963.9,560532
2964,560579
2964.1,560514
2964.2,560696
2964.3,560816
2964.4,560572
2964.5,560691
2964.6,560718
2964.7,560808
2964.8,560721
2964.9,560570
2965,560596
2965.1,560623
2965.2,560558
2965.3,560648
2965.4,560767
2965.5,560616
2965.6,560643
2965.7,560669
2965.8,560582
2965.9,560787
2966,560907
2966.1,560662
2966.2,560689
2966.3,560377
2966.4,560650
2966.5,560655
2966.6,560660
2966.7,560594
2966.8,560600
2966.9,560762
2967,560582
2967.1,560701
2967.2,560614
2967.3,560506
2967.4,560554
2967.5,560716
2967.6,560721
2967.7,560840
2967.8,560660
2967.9,560573
2968,560599
2968.1,560534
2968.2,560561
2968.3,560474
2968.4,560748
2968.5,560661
2968.6,560709
2968.7,560736
2968.8,560585
2968.9,560499
2969,560680
2969.1,560502
2969.2,560620
2969.3,560583
2969.4,560609
2969.5,560792
2969.6,560819
2969.7,560660
2969.8,560666
2969.9,560785
2970,560905
2970.1,560547
2970.2,560545
2970.3,560756
2970.4,560783
2970.5,560695
2970.6,560545
2970.7,560749
2970.8,560683
2970.9,560688
2971,560923
2971.1,560473
2971.2,560704
2971.3,560795
2971.4,560439
2971.5,560713
2971.6,560947
2971.7,560610
2971.8,560637
2971.9,560459
2972,560463
2972.1,560759
2972.2,560516
2972.3,560543
2972.4,560747
2972.5,560596
2972.6,560715
2972.7,560627
2972.8,560654
2972.9,560681
2973,560615
2973.1,560734
2973.2,560555
2973.3,560673
2973.4,560474
2973.5,560635
2973.6,560733
2973.7,560645
2973.8,560764
2973.9,560606
2974,560747
2974.1,560660
2974.2,560687
2974.3,560806
2974.4,560604
2974.5,560631
2974.6,560680
2974.7,560529
2974.8,560647
2974.9,560469
2975,560587
2975.1,560409
2975.2,560499
2975.3,560639
2975.4,560850
2975.5,560402
2975.6,560697
2975.7,560767
2975.8,560523
2975.9,560663
2976,560309
2976.1,560603
2976.2,560629
2976.3,560585
2976.4,560704
2976.5,560616
2976.6,560622
2976.7,560535
2976.8,560718
2976.9,560518
2977,560636
2977.1,560755
2977.2,560689
2977.3,560624
2977.4,560537
2977.5,560677
2977.6,560569
2977.7,560595
2977.8,560643
2977.9,560670
2978,560583
2978.1,560610
2978.2,560615
2978.3,560549
2978.4,560576
2978.5,560511
2978.6,560629
2978.7,560748
2978.8,560456
2978.9,560596
2979,560915
2979.1,560671
2979.2,560675
2979.3,560680
2979.4,560502
2979.5,560642
2979.6,560962
2979.7,560603
2979.8,560722
2979.9,560635
2980,560478
2980.1,560774
2980.2,560737
2980.3,560515
2980.4,560883
2980.5,560477
2980.6,560794
2980.7,560572
2980.8,560691
2980.9,560717
2981,560609
2981.1,560565
2981.2,560748
2981.3,560710
2981.4,560852
2981.5,560629
2981.6,560791
2981.7,560590
2981.8,560546
2981.9,560551
2982,560486
2982.1,560604
2982.2,560652
2982.3,560474
2982.4,560748
2982.5,560753
2982.6,560510
2982.7,560446
2982.8,560472
2982.9,560498
2983,560888
2983.1,560800
2983.2,560826
2983.3,560583
2983.4,560518
2983.5,560636
2983.6,560819
2983.7,560639
2983.8,560666
2983.9,560807
2984,560812
2984.1,560682
2984.2,560482
2984.3,560664
2984.4,560557
2984.5,560583
2984.6,560702
2984.7,560615
2984.8,560642
2984.9,560732
2985,560759
2985.1,560516
2985.2,560500
2985.3,560661
2985.4,560574
2985.5,560488
2985.6,560806
2985.7,560562
2985.8,560589
2985.9,560615
2986,560529
2986.1,560619
2986.2,560582
2986.3,560679
2986.4,560842
2986.5,560776
2986.6,560688
2986.7,560779
2986.8,560628
2986.9,560769
2987,560660
2987.1,560573
2987.2,560643
2987.3,560669
2987.4,560653
2987.5,560525
2987.6,560729
2987.7,560641
2987.8,560668
2987.9,560581
2988,560722
2988.1,560841
2988.2,560775
2988.3,560441
2988.4,560559
2988.5,560564
2988.6,560654
2988.7,560795
2988.8,560707
2988.9,560550
2989,560669
2989.1,560674
2989.2,560629
2989.3,560656
2989.4,560570
2989.5,560688
2989.6,560693
2989.7,560720
2989.8,560541
2989.9,560610
2990,560545
2990.1,560529
2990.2,560556
2990.3,560603
2990.4,560901
2990.5,560835
2990.6,560591
2990.7,560710
2990.8,560737
2990.9,560650
2991,560948
2991.1,560789
2991.2,560638
2991.3,560530
2991.4,560691
2991.5,560512
2991.6,560716
2991.7,560565
2991.8,560706
2991.9,560825
2992,560624
2992.1,560672
2992.2,560557
2992.3,560520
2992.4,560660
2992.5,560573
2992.6,560621
2992.7,560535
2992.8,560540
2992.9,560566
2993,560572
2993.1,560507
2993.2,560576
2993.3,560602
2993.4,560516
2993.5,560656
2993.6,560683
2993.7,560483
2993.8,560915
2993.9,560671
2994,560562
2994.1,560702
2994.2,560844
2994.3,560529
2994.4,560620
2994.5,560625
2994.6,560630
2994.7,560678
2994.8,560705
2994.9,560619
2995,560645
2995.1,560650
2995.2,560563
2995.3,560725
2995.4,560659
2995.5,560708
2995.6,560621
2995.7,560534
2995.8,560561
2995.9,560651
2996,560699
2996.1,560912
2996.2,560667
2996.3,560758
2996.4,560515
2996.5,560740
2996.6,560746
2996.7,560773
2996.8,560685
2996.9,560712
2997,560647
2997.1,560602
2997.2,560743
2997.3,560727
2997.4,560640
2997.5,560709
2997.6,560601
2997.7,560557
2997.8,560790
2997.9,560724
2998,560616
2998.1,560529
2998.2,560507
2998.3,560512
2998.4,560405
2998.5,560793
2998.6,560570
2998.7,560640
2998.8,560419
2998.9,560558
2999,560698
2999.1,560704
2999.2,560638
2999.3,560708
2999.4,560827
2999.5,560626
2999.6,560766
2999.7,560701
2999.8,560750
2999.9,560712
3000,560738
3000.1,560651
3000.2,560792
3000.3,560571
3000.4,560775
3000.5,560780
3000.6,560537
3000.7,560719
3000.8,560499
3000.9,560703
3001,560665
3001.1,560785
3001.2,560697
3001.3,560518
3001.4,560658
3001.5,560593
3001.6,560734
3001.7,560854
3001.8,560745
3001.9,560700
3002,560409
3002.1,560754
3002.2,560781
3002.3,560807
3002.4,560628
3002.5,560654
3002.6,560745
3002.7,560772
3002.8,560735
3002.9,560626
3003,560582
3003.1,560517
3003.2,560792
3003.3,560640
3003.4,560781
3003.5,560716
3003.6,560650
3003.7,560741
3003.8,560746
3003.9,560888
3004,560643
3004.1,560849
3004.2,560605
3004.3,560788
3004.4,560815
3004.5,560571
3004.6,560598
3004.7,560625
3004.8,560468
3004.9,560857
3005,560676
3005.1,560639
3005.2,560574
3005.3,560622
3005.4,560627
3005.5,560541
3005.6,560659
3005.7,560708
3005.8,560734
3005.9,560577
3006,560604
3006.1,560609
3006.2,560907
3006.3,560684
3006.4,560618
3006.5,560602
3006.6,560764
3006.7,560791
3006.8,560704
3006.9,560752
3007,560687
3007.1,560579
3007.2,560605
3007.3,560632
3007.4,560588
3007.5,560843
3007.6,560734
3007.7,560492
3007.8,560788
3007.9,560545
3008,560635
3008.1,560705
3008.2,560710
3008.3,560673
3008.4,560586
3008.5,560791
3008.6,560725
3008.7,560525
3008.8,560872
3008.9,560536
3009,560541
3009.1,560498
3009.2,560815
3009.3,560727
3009.4,560619
3009.5,560760
3009.6,560694
3009.7,560516
3009.8,560677
3009.9,560456
3010,560688
3010.1,560714
3010.2,560649
3010.3,560626
3010.4,560631
3010.5,560658
3010.6,560550
3010.7,560485
3010.8,560668
3010.9,560652
3011,560474
3011.1,560521
3011.2,560661
3011.3,560688
3011.4,560622
3011.5,560557
3011.6,560541
3011.7,560589
3011.8,560751
3011.9,560572
3012,560578
3012.1,560718
3012.2,560518
3012.3,560679
3012.4,560480
3012.5,560662
3012.6,560689
3012.7,560716
3012.8,560742
3012.9,560563
3013,560612
3013.1,560596
3013.2,560829
3013.3,560763
3013.4,560697
3013.5,560631
3013.6,560588
3013.7,560572
3013.8,560712
3013.9,560534
3014,560674
3014.1,560629
3014.2,560635
3014.3,560754
3014.4,560512
3014.5,560715
3014.6,560764
3014.7,560585
3014.8,560725
3014.9,560866
3015,560800
3015.1,560578
3015.2,560513
3015.3,560540
3015.4,560679
3015.5,560593
3015.6,560662
3015.7,560803
3015.8,560532
3015.9,560650
3016,560563
3016.1,560499
3016.2,560638
3016.3,560482
3016.4,560600
3016.5,560898
3016.6,560810
3016.7,560952
3016.8,560502
3016.9,560727
3017,560847
3017.1,560759
3017.2,560693
3017.3,560720
3017.4,560769
3017.5,560526
3017.6,560645
3017.7,560579
3017.8,560556
3017.9,560450
3018,560653
3018.1,560772
3018.2,560438
3018.3,560733
3018.4,560781
3018.5,560603
3018.6,560836
3018.7,560479
3018.8,560619
3018.9,560441
3019,560736
3019.1,560714
3019.2,560812
3019.3,560477
3019.4,560504
3019.5,560800
3019.6,560663
3019.7,560761
3019.8,560632
3019.9,560567
3020,560593
3020.1,560528
3020.2,560619
3020.3,560759
3020.4,560630
3020.5,560657
3020.6,560592
3020.7,560796
3020.8,560801
3020.9,560622
3021,560877
3021.1,560541
3021.2,560724
3021.3,560909
3021.4,560593
3021.5,560507
3021.6,560533
3021.7,560581
3021.8,560651
3021.9,560677
3022,560682
3022.1,560617
3022.2,560758
3022.3,560692
3022.4,560627
3022.5,560654
3022.6,560681
3022.7,560594
3022.8,560820
3022.9,560754
3023,560603
3023.1,560630
3023.2,560929
3023.3,560479
3023.4,560796
3023.5,560462
3023.6,560602
3023.7,560628
3023.8,560719
3023.9,560746
3024,560588
3024.1,560821
3024.2,560465
3024.3,560605
3024.4,560903
3024.5,560630
3024.6,560678
3024.7,560820
3024.8,560847
3024.9,560490
3025,560808
3025.1,560806
3025.2,560769
3025.3,560639
3025.4,560553
3025.5,560488
3025.6,560784
3025.7,560897
3025.8,560498
3025.9,560524
3026,560664
3026.1,560663
3026.2,560804
3026.3,560603
3026.4,560587
3026.5,560728
3026.6,560662
3026.7,560597
3026.8,560596
3026.9,560714
3027,560741
3027.1,560521
3027.2,560611
3027.3,560546
3027.4,560664
3027.5,560691
3027.6,560718
3027.7,560831
3027.8,560701
3027.9,560792
3028,560934
3028.1,560753
3028.2,560780
3028.3,560714
3028.4,560763
3028.5,560612
3028.6,560547
3028.7,560461
3028.8,560777
3028.9,560733
3029,560832
3029.1,560588
3029.2,560886
3029.3,560550
3029.4,560732
3029.5,560781
3029.6,560652
3029.7,560565
3029.8,560884
3029.9,560435
3030,560731
3030.1,560872
3030.2,560742
3030.3,560769
3030.4,560526
3030.5,560616
3030.6,560821
3030.7,560692
3030.8,560450
3030.9,560653
3031,560794
3031.1,560728
3031.2,560620
3031.3,560875
3031.4,560631
3031.5,560566
3031.6,560614
3031.7,560436
3031.8,560732
3031.9,560489
3032,560629
3032.1,560564
3032.2,560705
3032.3,560483
3032.4,560644
3032.5,560466
3032.6,560698
3032.7,560654
3032.8,560589
3032.9,560616
3033,560642
3033.1,560443
3033.2,560604
3033.3,560539
3033.4,560565
3033.5,560684
3033.6,560711
3033.7,560802
3033.8,560580
3033.9,560785
3034,560634
3034.1,560569
3034.2,560595
3034.3,560622
3034.4,560734
3034.5,560697
3034.6,560632
3034.7,560751
3034.8,560685
3034.9,560776
3035,560825
3035.1,560695
3035.2,560722
3035.3,560635
3035.4,560570
3035.5,560597
3035.6,560737
3035.7,560629
3035.8,560564
3035.9,560499
3036,560660
3036.1,560595
3036.2,560622
3036.3,560627
3036.4,560654
3036.5,560703
3036.6,560524
3036.7,560642
3036.8,560783
3036.9,560449
3037,560497
3037.1,560524
3037.2,560636
3037.3,560755
3037.4,560803
3037.5,560674
3037.6,560587
3037.7,560431
3037.8,560934
3037.9,560575
3038,560716
3038.1,560629
3038.2,560564
3038.3,560748
3038.4,560753
3038.5,560440
3038.6,560600
3038.7,560649
3038.8,560583
3038.9,560540
3039,560454
3039.1,560572
3039.2,560662
3039.3,560711
3039.4,560759
3039.5,560630
3039.6,560813
3039.7,560840
3039.8,560660
3039.9,560709
3040,560894
3040.1,560785
3040.2,560719
3040.3,560653
3040.4,560701
3040.5,560750
3040.6,560550
3040.7,560783
3040.8,560810
3040.9,560538
3041,560608
3041.1,560564
3041.2,560683
3041.3,560731
3041.4,560758
3041.5,560579
3041.6,560784
3041.7,560654
3041.8,560660
3041.9,560730
3042,560622
3042.1,560691
3042.2,560534
3042.3,560674
3042.4,560680
3042.5,560615
3042.6,560777
3042.7,560597
3042.8,560624
3042.9,560673
3043,560678
3043.1,560613
3043.2,560662
3043.3,560617
3043.4,560644
3043.5,560650
3043.6,560698
3043.7,560633
3043.8,560682
3043.9,560844
3044,560621
3044.1,560577
3044.2,560583
3044.3,560674
3044.4,560609
3044.5,560636
3044.6,560662
3044.7,560753
3044.8,560532
3044.9,560559
3045,560699
3045.1,560521
3045.2,560661
3045.3,560574
3045.4,560530
3045.5,560849
3045.6,560605
3045.7,560632
3045.8,560454
3045.9,560657
3046,560978
3046.1,560847
3046.2,560604
3046.3,560809
3046.4,560743
3046.5,560564
3046.6,560883
3046.7,560575
3046.8,560780
3046.9,560829
3047,560649
3047.1,560740
3047.2,560703
3047.3,560751
3047.4,560509
3047.5,560557
3047.6,560669
3047.7,560875
3047.8,560631
3047.9,560502
3048,560913
3048.1,560641
3048.2,560689
3048.3,560716
3048.4,560836
3048.5,560614
3048.6,560934
3048.7,560597
3048.8,560419
3048.9,560829
3049,560920
3049.1,560790
3049.2,560724
3049.3,560659
3049.4,560594
3049.5,560892
3049.6,560647
3049.7,560674
3049.8,560630
3049.9,560679
3050,560863
3050.1,560797
3050.2,560709
3050.3,560873
3050.4,560807
3050.5,560834
3050.6,560590
3050.7,560795
3050.8,560729
3050.9,560871
3051,560713
3051.1,560740
3051.2,560674
3051.3,560701
3051.4,560771
3051.5,560820
3051.6,560711
3051.7,560853
3051.8,560787
3051.9,560814
3052,560769
3052.1,560725
3052.2,560731
3052.3,560758
3052.4,560807
3052.5,560877
3052.6,560697
3052.7,560838
3052.8,560729
3052.9,560778
3053,560535
3053.1,560761
3053.2,560717
3053.3,560723
3053.4,560750
3053.5,560914
3053.6,560555
3053.7,560782
3053.8,560694
3053.9,560565
3054,560706
3054.1,560640
3054.2,560961
3054.3,560802
3054.4,560714
3054.5,560741
3054.6,560790
3054.7,560839
3054.8,560659
3054.9,560800
3055,560557
3055.1,560740
3055.2,560788
3055.3,560837
3055.4,560908
3055.5,560842
3055.6,560733
3055.7,560646
3055.8,560694
3055.9,560651
3056,560770
3056.1,560704
3056.2,560731
3056.3,560666
3056.4,560850
3056.5,560692
3056.6,560790
3056.7,560725
3056.8,560659
3056.9,560821
3057,560778
3057.1,560669
3057.2,560696
3057.3,560723
3057.4,560865
3057.5,560842
3057.6,560891
3057.7,560897
3057.8,560448
3057.9,560587
3058,560792
3058.1,560726
3058.2,560484
3058.3,560802
3058.4,560559
3058.5,560607
3058.6,560542
3058.7,560747
3058.8,560888
3058.9,560758
3059,560693
3059.1,560627
3059.2,560740
3059.3,560589
3059.4,560794
3059.5,560642
3059.6,560599
3059.7,560647
3059.8,560853
3059.9,560765
3060,560700
3060.1,560819
3060.2,560890
3060.3,560824
3060.4,560581
3060.5,560878
3060.6,560698
3060.7,560839
3060.8,560526
3060.9,560730
3061,560488
3061.1,560784
3061.2,560811
3061.3,560767
3061.4,560816
3061.5,560573
3061.6,560691
3061.7,560804
3061.8,560831
3061.9,560496
3062,560566
3062.1,560685
3062.2,560619
3062.3,560646
3062.4,560851
3062.5,560808
3062.6,560656
3062.7,560436
3062.8,560732
3062.9,560666
3063,560601
3063.1,560764
3063.2,560521
3063.3,560569
3063.4,560774
3063.5,560440
3063.6,560643
3063.7,560670
3063.8,560654
3063.9,560796
3064,560730
3064.1,560665
3064.2,560486
3064.3,560422
3064.4,560924
3064.5,560701
3064.6,560636
3064.7,560571
3064.8,560683
3064.9,560867
3065,560737
3065.1,560786
3065.2,560720
3065.3,560949
3065.4,560682
3065.5,560887
3065.6,560665
3065.7,560692
3065.8,560762
3065.9,560969
3066,560903
3066.1,560815
3066.2,560864
3066.3,561007
3066.4,560847
3066.5,560603
3066.6,560630
3066.7,560565
3066.8,560884
3066.9,560662
3067,560505
3067.1,560917
3067.2,560558
3067.3,560763
3067.4,560812
3067.5,560861
3067.6,560638
3067.7,560665
3067.8,560600
3067.9,560627
3068,560470
3068.1,560903
3068.2,560680
3068.3,560800
3068.4,560734
3068.5,560464
3068.6,560512
3068.7,560652
3068.8,560637
3068.9,560572
3069,560776
3069.1,560597
3069.2,560938
3069.3,560672
3069.4,560721
3069.5,560656
3069.6,560704
3069.7,560703
3069.8,560822
3069.9,560692
3070,560627
3070.1,560562
3070.2,560611
3070.3,560723
3070.4,560750
3070.5,560621
3070.6,560848
3070.7,560875
3070.8,560809
3070.9,560836
3071,560770
3071.1,560641
3071.2,560846
3071.3,560532
3071.4,560851
3071.5,560764
3071.6,560698
3071.7,560839
3071.8,560681
3071.9,560938
3072,560965
3072.1,560784
3072.2,560833
3072.3,560882
3072.4,560816
3072.5,560865
3072.6,560621
3072.7,560648
3072.8,560583
3072.9,560653
3073,560588
3073.1,560821
3073.2,560486
3073.3,560897
3073.4,560625
3073.5,560830
3073.6,560879
3073.7,560635
3073.8,560683
3073.9,560825
3074,560916
3074.1,560757
3074.2,560993
3074.3,560655
3074.4,560796
3074.5,560730
3074.6,560573
3074.7,560685
3074.8,560827
3074.9,560583
3075,560632
3075.1,560567
3075.2,560615
3075.3,560798
3075.4,560669
3075.5,560540
3075.6,560652
3075.7,560587
3075.8,560791
3075.9,560548
3076,560803
3076.1,560469
3076.2,560517
3076.3,560721
3076.4,560472
3076.5,560861
3076.6,560639
3076.7,560780
3076.8,560736
3076.9,560849
3077,560605
3077.1,560997
3077.2,560773
3077.3,560615
3077.4,560664
3077.5,560621
3077.6,560919
3077.7,560582
3077.8,560880
3077.9,560721
3078,560770
3078.1,560797
3078.2,560668
3078.3,560758
3078.4,560693
3078.5,560742
3078.6,560698
3078.7,560725
3078.8,560660
3078.9,560708
3079,560778
3079.1,560713
3079.2,560718
3079.3,560767
3079.4,560794
3079.5,560864
3079.6,560706
3079.7,560641
3079.8,560761
3079.9,560695
3080,560744
3080.1,560814
3080.2,560905
3080.3,560683
3080.4,560688
3080.5,560737
3080.6,560807
3080.7,560742
3080.8,560584
3080.9,560817
3081,560731
3081.1,560872
3081.2,560828
3081.3,560784
3081.4,560675
3081.5,560724
3081.6,560866
3081.7,560822
3081.8,560964
3081.9,560712
3082,560717
3082.1,560610
3082.2,560930
3082.3,560980
3082.4,560798
3082.5,560669
3082.6,560604
3082.7,560809
3082.8,560565
3082.9,560728
3083,560841
3083.1,560597
3083.2,560895
3083.3,560966
3083.4,560878
3083.5,560741
3083.6,560861
3083.7,561004
3083.8,560938
3083.9,560488
3084,560649
3084.1,560493
3084.2,560904
3084.3,560931
3084.4,560772
3084.5,560799
3084.6,560486
3084.7,560718
3084.8,560767
3084.9,560701
3085,560843
3085.1,560841
3085.2,560528
3085.3,560668
3085.4,560902
3085.5,560836
3085.6,560410
3085.7,560613
3085.8,560683
3085.9,560710
3086,560490
3086.1,560516
3086.2,560742
3086.3,560472
3086.4,560768
3086.5,560638
3086.6,560687
3086.7,560622
3086.8,560557
3086.9,560826
3087,560810
3087.1,560744
3087.2,560524
3087.3,560842
3087.4,560820
3087.5,560847
3087.6,560738
3087.7,560609
3087.8,560565
3087.9,560770
3088,560726
3088.1,560753
3088.2,560801
3088.3,560715
3088.4,560671
3088.5,560720
3088.6,560747
3088.7,560681
3088.8,560751
3088.9,560779
3089,560713
3089.1,560670
3089.2,560718
3089.3,560745
3089.4,560908
3089.5,560864
3089.6,560777
3089.7,560443
3089.8,560947
3089.9,560787
3090,560814
3090.1,560886
3090.2,560935
3090.3,560690
3090.4,560625
3090.5,560673
3090.6,560516
3090.7,560950
3090.8,560683
3090.9,560618
3091,560759
3091.1,560694
3091.2,560922
3091.3,560877
3091.4,560790
3091.5,560839
3091.6,560866
3091.7,560915
3091.8,560892
3091.9,560804
3092,560925
3092.1,560589
3092.2,560637
3092.3,560864
3092.4,560684
3092.5,560619
3092.6,560853
3092.7,560924
3092.8,560701
3092.9,560907
3093,560748
3093.1,560569
3093.2,560824
3093.3,560967
3093.4,560922
3093.5,560764
3093.6,560791
3093.7,560933
3093.8,560867
3093.9,560759
3094,560693
3094.1,560713
3094.2,560855
3094.3,560767
3094.4,560660
3094.5,560730
3094.6,560665
3094.7,560806
3094.8,560740
3094.9,560767
3095,560881
3095.1,560930
3095.2,560771
3095.3,560820
3095.4,560962
3095.5,560781
3095.6,560851
3095.7,560808
3095.8,560907
3095.9,560684
3096,560619
3096.1,560824
3096.2,560873
3096.3,560714
3096.4,560856
3096.5,560905
3096.6,560569
3096.7,560795
3096.8,560730
3096.9,560757
3097,560649
3097.1,560676
3097.2,560725
3097.3,560838
3097.4,560908
3097.5,560821
3097.6,560691
3097.7,560740
3097.8,560675
3097.9,560787
3098,560544
3098.1,560707
3098.2,560578
3098.3,560897
3098.4,560561
3098.5,560787
3098.6,560814
3098.7,560635
3098.8,560798
3098.9,560847
3099,560511
3099.1,560737
3099.2,560764
3099.3,560494
3099.4,560542
3099.5,560861
3099.6,560910
3099.7,560687
3099.8,560714
3099.9,560920
3100,560584
3100.1,560654
3100.2,560766
3100.3,560908
3100.4,560936
3100.5,560870
3100.6,560826
3100.7,560782
3100.8,560745
3100.9,560679
3101,560614
3101.1,560819
3101.2,560775
3101.3,560846
3101.4,560603
3101.5,561016
3101.6,560678
3101.7,560884
3101.8,560747
3101.9,560618
3102,560874
3102.1,560538
3102.2,560742
3102.3,560791
3102.4,560789
3102.5,560932
3102.6,560709
3102.7,560757
3102.8,560578
3102.9,560805
3103,560832
3103.1,560702
3103.2,560751
3103.3,560707
3103.4,560642
3103.5,560847
3103.6,560782
3103.7,560766
3103.8,561089
3103.9,560750
3104,560863
3104.1,560612
3104.2,560774
3104.3,560895
3104.4,560673
3104.5,560878
3104.6,560742
3104.7,560769
3104.8,560703
3104.9,560960
3105,560531
3105.1,560579
3105.2,560942
3105.3,560833
3105.4,560767
3105.5,560724
3105.6,560865
3105.7,560551
3105.8,560692
3105.9,560898
3106,560561
3106.1,560766
3106.2,560722
3106.3,560814
3106.4,560550
3106.5,560485
3106.6,560781
3106.7,560624
3106.8,560672
3106.9,560857
3107,560863
3107.1,560797
3107.2,560639
3107.3,560709
3107.4,560779
3107.5,560921
3107.6,560720
3107.7,560861
3107.8,560703
3107.9,560680
3108,560915
3108.1,560828
3108.2,560762
3108.3,560926
3108.4,560767
3108.5,560496
3108.6,560886
3108.7,560799
3108.8,560848
3108.9,560513
3109,560832
3109.1,560809
3109.2,560815
3109.3,560886
3109.4,560550
3109.5,560869
3109.6,560711
3109.7,560852
3109.8,560808
3109.9,560857
3110,560770
3110.1,560704
3110.2,560703
3110.3,560845
3110.4,560779
3110.5,560579
3110.6,560670
3110.7,560719
3110.8,560746
3110.9,560888
3111,560822
3111.1,560643
3111.2,560827
3111.3,560783
3111.4,560718
3111.5,560652
3111.6,560587
3111.7,560636
3111.8,560798
3111.9,560848
3112,560739
3112.1,560695
3112.2,560743
3112.3,560721
3112.4,560656
3112.5,560819
3112.6,560711
3112.7,560759
3112.8,560623
3112.9,560786
3113,560791
3113.1,560570
3113.2,560505
3113.3,560824
3113.4,560873
3113.5,560850
3113.6,560649
3113.7,560905
3113.8,560839
3113.9,560773
3114,560773
3114.1,560594
3114.2,560849
3114.3,560670
3114.4,560739
3114.5,560788
3114.6,560744
3114.7,560771
3114.8,560685
3114.9,560620
3115,560804
3115.1,560625
3115.2,560694
3115.3,561016
3115.4,560792
3115.5,560726
3115.6,560797
3115.7,560597
3115.8,560780
3115.9,560693
3116,560721
3116.1,560770
3116.2,560862
3116.3,560703
3116.4,560617
3116.5,560779
3116.6,560807
3116.7,560856
3116.8,560949
3116.9,560569
3117,560888
3117.1,560916
3117.2,560893
3117.3,560849
3117.4,561014
3117.5,560811
3117.6,560860
3117.7,560794
3117.8,560750
3117.9,560685
3118,560641
3118.1,560668
3118.2,560717
3118.3,560787
3118.4,560743
3118.5,560700
3118.6,560727
3118.7,560754
3118.8,560689
3118.9,560759
3119,560715
3119.1,560943
3119.2,560813
3119.3,560862
3119.4,560911
3119.5,560752
3119.6,560687
3119.7,560715
3119.8,560649
3119.9,560542
3120,560955
3120.1,560796
3120.2,560888
3120.3,560707
3120.4,560756
3120.5,560805
3120.6,560740
3120.7,560696
3120.8,560837
3120.9,560865
3121,560685
3121.1,560734
3121.2,560783
3121.3,560760
3121.4,560695
3121.5,560836
3121.6,560792
3121.7,560841
3121.8,560662
3121.9,560754
3122,560688
3122.1,560510
3122.2,560764
3122.3,560720
3122.4,560677
3122.5,560726
3122.6,560753
3122.7,560687
3122.8,560758
3122.9,560692
3123,560763
3123.1,560697
3123.2,560746
3123.3,560773
3123.4,560637
3123.5,560800
3123.6,560943
3123.7,560648
3123.8,560789
3123.9,560632
3124,560701
3124.1,560772
3124.2,560799
3124.3,560755
3124.4,560804
3124.5,560604
3124.6,560581
3124.7,560836
3124.8,560636
3124.9,560684
3125,560754
3125.1,560825
3125.2,560667
3125.3,560808
3125.4,560721
3125.5,560770
3125.6,560956
3125.7,560704
3125.8,560795
3125.9,560802
3126,560736
3126.1,560785
3126.2,560741
3126.3,560790
3126.4,560611
3126.5,560866
3126.6,560687
3126.7,560736
3126.8,560921
3126.9,560784
3127,560675
3127.1,560745
3127.2,560702
3127.3,560865
3127.4,560707
3127.5,560848
3127.6,560647
3127.7,560717
3127.8,560766
3127.9,560722
3128,560679
3128.1,560820
3128.2,560662
3128.3,560961
3128.4,560759
3128.5,560602
3128.6,560857
3128.7,560863
3128.8,560726
3128.9,560775
3129,560824
3129.1,560553
3129.2,560808
3129.3,560742
3129.4,560677
3129.5,560655
3129.6,560818
3129.7,560796
3129.8,560802
3129.9,560851
3130,560671
3130.1,560719
3130.2,560876
3130.3,560746
3130.4,561003
3130.5,560708
3130.6,560778
3130.7,560734
3130.8,560847
3130.9,560625
3131,560674
3131.1,560723
3131.2,560771
3131.3,560792
3131.4,560819
3131.5,560689
3131.6,560717
3131.7,560652
3131.8,560858
3131.9,560856
3132,560727
3132.1,560683
3132.2,560711
3132.3,560781
3132.4,560737
3132.5,560786
3132.6,560928
3132.7,560634
3132.8,560797
3132.9,560846
3133,560688
3133.1,560736
3133.2,560878
3133.3,560741
3133.4,560905
3133.5,560818
3133.6,560817
3133.7,560844
3133.8,560778
3133.9,560735
3134,560669
3134.1,560740
3134.2,560653
3134.3,560794
3134.4,560772
3134.5,560821
3134.6,560777
3134.7,560619
3134.8,560647
3134.9,560809
3135,560651
3135.1,560700
3135.2,560771
3135.3,560913
3135.4,560826
3135.5,560875
3135.6,560809
3135.7,560765
3135.8,560857
3135.9,560770
3136,560641
3136.1,560598
3136.2,560803
3136.3,560759
3136.4,560622
3136.5,560785
3136.6,560791
3136.7,560633
3136.8,560704
3136.9,560774
3137,560708
3137.1,560622
3137.2,560806
3137.3,560834
3137.4,560718
3137.5,560653
3137.6,560702
3137.7,560751
3137.8,560800
3137.9,560713
3138,560712
3138.1,560718
3138.2,560653
3138.3,560837
3138.4,560865
3138.5,560707
3138.6,560798
3138.7,560941
3138.8,560782
3138.9,560695
3139,560859
3139.1,560858
3139.2,560657
3139.3,560956
3139.4,560890
3139.5,560710
3139.6,560781
3139.7,560737
3139.8,560743
3139.9,560792
3140,560726
3140.1,560704
3140.2,560660
3140.3,560823
3140.4,560665
3140.5,560714
3140.6,560649
3140.7,560876
3140.8,560768
3140.9,560817
3141,560959
3141.1,560800
3141.2,560713
3141.3,560783
3141.4,560762
3141.5,560767
3141.6,560816
3141.7,560794
3141.8,560843
3141.9,560799
3142,560663
3142.1,560804
3142.2,560718
3142.3,560902
3142.4,560723
3142.5,560700
3142.6,560635
3142.7,560663
3142.8,560711
3142.9,560896
3143,560759
3143.1,560873
3143.2,560900
3143.3,560792
3143.4,560748
3143.5,560682
3143.6,561026
3143.7,560780
3143.8,560715
3143.9,560785
3144,560699
3144.1,560790
3144.2,560747
3144.3,560681
3144.4,560616
3144.5,560872
3144.6,560828
3144.7,560899
3144.8,560740
3144.9,560583
3145,560632
3145.1,560567
3145.2,560615
3145.3,560957
3145.4,560734
3145.5,560669
3145.6,560604
3145.7,560924
3145.8,560631
3145.9,560743
3146,561001
3146.1,560841
3146.2,560711
3146.3,560710
3146.4,560781
3146.5,560673
3146.6,560994
3146.7,560770
3146.8,560613
3146.9,560818
3147,560889
3147.1,560667
3147.2,560715
3147.3,560672
3147.4,560878
3147.5,560834
3147.6,560790
3147.7,560569
3147.8,560731
3147.9,560687
3148,560893
3148.1,560893
3148.2,560578
3148.3,560833
3148.4,560725
3148.5,560953
3148.6,560794
3148.7,560636
3148.8,560820
3148.9,560734
3149,560897
3149.1,560739
3149.2,560788
3149.3,560744
3149.4,560907
3149.5,560935
3149.6,560891
3149.7,560940
3149.8,560689
3149.9,560830
3150,560672
3150.1,560929
3150.2,560885
3150.3,560571
3150.4,560704
3150.5,560846
3150.6,560780
3150.7,560851
3150.8,560651
3150.9,560878
3151,561021
3151.1,560862
3151.2,560911
3151.3,560845
3151.4,560801
3151.5,560872
3151.6,560806
3151.7,560585
3151.8,560697
3151.9,560746
3152,560702
3152.1,560866
3152.2,561009
3152.3,560579
3152.4,560898
3152.5,560783
3152.6,560947
3152.7,560882
3152.8,560816
3152.9,560865
3153,560914
3153.1,560891
3153.2,560712
3153.3,560718
3153.4,561040
3153.5,560610
3153.6,560658
3153.7,560771
3153.8,560820
3153.9,560776
3154,560918
3154.1,560874
3154.2,560447
3154.3,560672
3154.4,560721
3154.5,560770
3154.6,560570
3154.7,560797
3154.8,560867
3154.9,560666
3155,560715
3155.1,560764
3155.2,560656
3155.3,560884
3155.4,560840
3155.5,560889
3155.6,560823
3155.7,560779
3155.8,560558
3155.9,560628
3156,560855
3156.1,560633
3156.2,560746
3156.3,560773
3156.4,560865
3156.5,560707
3156.6,560849
3156.7,560783
3156.8,560740
3156.9,560810
3157,560631
3157.1,560837
3157.2,560886
3157.3,561029
3157.4,560641
3157.5,560825
3157.6,560782
3157.7,560809
3157.8,560680
3157.9,560908
3158,560749
3158.1,560684
3158.2,560754
3158.3,560803
3158.4,560695
3158.5,560630
3158.6,560857
3158.7,560699
3158.8,560770
3158.9,560934
3159,560711
3159.1,560760
3159.2,560895
3159.3,560737
3159.4,560764
3159.5,560656
3159.6,560705
3159.7,560933
3159.8,560618
3159.9,560823
3160,560872
3160.1,560558
3160.2,560515
3160.3,560769
3160.4,560633
3160.5,560746
3160.6,560795
3160.7,560959
3160.8,560644
3160.9,560600
3161,560827
3161.1,560970
3161.2,560696
3161.3,560703
3161.4,560751
3161.5,560616
3161.6,560958
3161.7,560713
3161.8,560826
3161.9,560491
3162,560561
3162.1,560902
3162.2,560680
3162.3,560729
3162.4,560756
3162.5,560598
3162.6,560668
3162.7,560896
3162.8,560674
3162.9,560630
3163,560679
3163.1,560614
3163.2,560841
3163.3,560641
3163.4,560597
3163.5,560738
3163.6,560967
3163.7,560538
3163.8,560608
3163.9,560863
3164,560819
3164.1,560868
3164.2,560824
3164.3,560666
3164.4,560779
3164.5,560764
3164.6,560813
3164.7,560769
3164.8,560726
3164.9,560954
3165,560838
3165.1,560844
3165.2,560736
3165.3,560692
3165.4,560649
3165.5,560669
3165.6,560811
3165.7,560975
3165.8,560752
3165.9,560708
3166,560936
3166.1,560892
3166.2,560826
3166.3,560718
3166.4,560767
3166.5,560838
3166.6,560680
3166.7,560729
3166.8,560572
3166.9,560891
3167,560669
3167.1,560739
3167.2,560604
3167.3,560630
3167.4,560858
3167.5,561001
3167.6,560592
3167.7,561028
3167.8,560890
3167.9,560824
3168,560873
3168.1,560808
3168.2,560994
3168.3,560950
3168.4,560727
3168.5,560776
3168.6,560618
3168.7,560575
3168.8,560737
3168.9,560872
3169,560764
3169.1,560564
3169.2,560748
3169.3,560704
3169.4,560817
3169.5,560526
3169.6,560574
3169.7,560714
3169.8,560828
3169.9,560899
3170,560783
3170.1,560904
3170.2,560476
3170.3,560638
3170.4,560595
3170.5,560914
3170.6,560685
3170.7,560920
3170.8,560697
3170.9,560925
3171,560724
3171.1,560744
3171.2,560771
3171.3,560664
3171.4,560827
3171.5,560783
3171.6,560740
3171.7,560946
3171.8,560723
3171.9,560679
3172,561001
3172.1,560799
3172.2,560755
3172.3,560869
3172.4,560646
3172.5,560759
3172.6,560923
3172.7,560722
3172.8,560587
3172.9,560727
3173,560662
3173.1,560597
3173.2,560781
3173.3,561010
3173.4,561082
3173.5,560743
3173.6,560699
3173.7,560841
3173.8,560797
3173.9,560868
3174,560731
3174.1,560759
3174.2,560623
3174.3,560671
3174.4,560784
3174.5,560855
3174.6,560633
3174.7,560796
3174.8,560752
3174.9,560801
3175,560915
3175.1,560871
3175.2,560763
3175.3,560719
3175.4,560861
3175.5,560724
3175.6,560837
3175.7,560524
3175.8,560686
3175.9,560735
3176,560806
3176.1,560648
3176.2,560875
3176.3,561040
3176.4,560816
3176.5,560751
3176.6,560843
3176.7,560685
3176.8,560642
3176.9,560847
3177,560739
3177.1,560561
3177.2,560766
3177.3,560609
3177.4,560836
3177.5,560770
3177.6,560934
3177.7,560641
3177.8,560597
3177.9,560554
3178,560967
3178.1,560901
3178.2,560972
3178.3,560770
3178.4,560727
3178.5,560683
3178.6,560732
3178.7,560938
3178.8,560894
3178.9,560850
3179,560807
3179.1,560856
3179.2,560634
3179.3,560682
3179.4,560795
3179.5,560866
3179.6,560937
3179.7,560871
3179.8,560671
3179.9,560992
3180,560833
3180.1,560697
3180.2,560767
3180.3,561025
3180.4,560865
3180.5,560821
3180.6,560870
3180.7,560849
3180.8,560719
3180.9,560675
3181,560838
3181.1,560680
3181.2,560908
3181.3,560750
3181.4,560914
3181.5,560691
3181.6,561012
3181.7,560604
3181.8,560716
3181.9,560923
3182,560836
3182.1,560614
3182.2,560957
3182.3,560798
3182.4,560754
3182.5,560803
3182.6,560874
3182.7,560652
3182.8,560700
3182.9,561044
3183,560791
3183.1,560841
3183.2,560733
3183.3,560689
3183.4,560738
3183.5,560809
3183.6,560851
3183.7,560607
3183.8,560834
3183.9,560884
3184,560478
3184.1,560911
3184.2,560688
3184.3,560645
3184.4,560850
3184.5,560650
3184.6,560515
3184.7,560949
3184.8,560520
3184.9,560568
3185,560617
3185.1,560687
3185.2,560915
3185.3,560893
3185.4,560671
3185.5,560898
3185.6,560562
3185.7,560810
3185.8,560745
3185.9,560909
3186,560865
3186.1,561008
3186.2,560848
3186.3,560848
3186.4,560804
3186.5,560832
3186.6,560881
3186.7,560567
3186.8,560793
3186.9,560885
3187,560614
3187.1,560869
3187.2,560825
3187.3,560782
3187.4,560738
3187.5,560716
3187.6,560858
3187.7,560814
3187.8,560593
3187.9,560549
3188,560890
3188.1,560732
3188.2,560802
3188.3,560830
3188.4,560808
3188.5,560764
3188.6,560742
3188.7,560698
3188.8,560655
3188.9,560818
3189,560982
3189.1,560845
3189.2,560779
3189.3,560736
3189.4,560785
3189.5,560720
3189.6,560812
3189.7,560839
3189.8,560703
3189.9,560888
3190,560801
3190.1,560757
3190.2,560828
3190.3,560899
3190.4,560762
3190.5,560790
3190.6,560746
3190.7,560838
3190.8,560773
3190.9,560750
3191,560778
3191.1,560735
3191.2,560827
3191.3,560761
3191.4,560832
3191.5,560674
3191.6,560838
3191.7,560887
3191.8,560821
3191.9,560706
3192,560777
3192.1,560755
3192.2,560875
3192.3,560739
3192.4,560674
3192.5,560765
3192.6,560994
3192.7,560544
3192.8,560706
3192.9,560891
3193,560711
3193.1,560918
3193.2,560939
3193.3,560830
3193.4,560995
3193.5,560835
3193.6,560792
3193.7,560656
3193.8,560883
3193.9,560775
3194,560731
3194.1,560895
3194.2,560758
3194.3,560987
3194.4,560764
3194.5,560698
3194.6,560862
3194.7,560933
3194.8,560682
3194.9,560910
3195,560687
3195.1,560915
3195.2,560692
3195.3,560763
3195.4,560741
3195.5,560584
3195.6,560903
3195.7,560745
3195.8,560637
3195.9,560616
3196,560958
3196.1,561008
3196.2,560691
3196.3,560897
3196.4,560904
3196.5,560767
3196.6,560631
3196.7,560887
3196.8,560843
3196.9,560957
3197,560798
3197.1,560869
3197.2,560577
3197.3,560739
3197.4,560788
3197.5,560809
3197.6,560858
3197.7,560721
3197.8,560820
3197.9,560777
3198,560711
3198.1,561056
3198.2,560803
3198.3,560717
3198.4,560651
3198.5,560814
3198.6,560749
3198.7,560842
3198.8,560862
3198.9,560840
3199,560867
3199.1,560667
3199.2,560716
3199.3,560851
3199.4,560714
3199.5,560856
3199.6,560748
3199.7,560704
3199.8,560661
3199.9,561004
3200,560867
3200.1,560801
3200.2,560693
3200.3,560857
3200.4,560720
3200.5,560677
3200.6,560811
3200.7,560860
3200.8,560931
3200.9,560866
3201,560574
3201.1,560800
3201.2,560849
3201.3,560898
3201.4,560740
3201.5,560811
3201.6,560882
3201.7,560745
3201.8,560887
3201.9,560843
3202,560892
3202.1,560756
3202.2,560826
3202.3,561035
3202.4,560854
3202.5,560695
3202.6,560744
3202.7,560815
3202.8,560793
3202.9,560778
3203,560734
3203.1,560783
3203.2,560626
3203.3,560853
3203.4,560967
3203.5,560902
3203.6,560679
3203.7,560728
3203.8,560593
3203.9,560705
3204,560891
3204.1,560940
3204.2,561011
3204.3,561061
3204.4,560538
3204.5,560764
3204.6,560565
3204.7,560727
3204.8,560891
3204.9,560711
3205,560668
3205.1,560824
3205.2,560602
3205.3,560673
3205.4,560721
3205.5,560635
3205.6,560748
3205.7,560884
3205.8,560933
3205.9,560618
3206,560781
3206.1,560852
3206.2,560601
3206.3,560850
3206.4,560785
3206.5,560791
3206.6,560748
3206.7,561092
3206.8,560682
3206.9,560731
3207,560666
3207.1,560800
3207.2,560965
3207.3,560828
3207.4,560899
3207.5,560676
3207.6,560633
3207.7,560953
3207.8,560752
3207.9,560887
3208,560959
3208.1,560915
3208.2,560692
3208.3,560712
3208.4,560783
3208.5,560854
3208.6,560746
3208.7,560702
3208.8,560751
3208.9,560980
3209,560843
3209.1,560799
3209.2,560963
3209.3,560648
3209.4,560875
3209.5,560561
3209.6,560787
3209.7,560787
3209.8,560815
3209.9,560864
3210,560935
3210.1,560798
3210.2,560775
3210.3,560711
3210.4,560696
3210.5,560924
3210.6,560609
3210.7,560951
3210.8,560699
3210.9,560884
3211,560819
3211.1,560890
3211.2,560846
3211.3,560802
3211.4,560802
3211.5,560851
3211.6,560879
3211.7,560678
3211.8,560906
3211.9,560747
3212,560704
3212.1,560753
3212.2,560759
3212.3,560624
3212.4,560851
3212.5,560829
3212.6,560878
3212.7,560812
3212.8,560883
3212.9,560569
3213,560911
3213.1,560774
3213.2,560462
3213.3,560779
3213.4,560871
3213.5,560806
3213.6,560784
3213.7,560877
3213.8,560926
3213.9,560882
3214,560931
3214.1,560909
3214.2,560772
3214.3,560800
3214.4,560756
3214.5,560827
3214.6,560898
3214.7,560739
3214.8,560832
3214.9,560881
3215,560930
3215.1,560793
3215.2,560615
3215.3,560706
3215.4,560684
3215.5,560755
3215.6,560669
3215.7,560739
3215.8,560717
3215.9,560581
3216,560744
3216.1,560908
3216.2,560664
3216.3,560799
3216.4,560755
3216.5,560732
3216.6,560689
3216.7,560625
3216.8,560880
3216.9,560880
3217,560743
3217.1,560721
3217.2,560656
3217.3,560479
3217.4,560797
3217.5,560754
3217.6,560710
3217.7,560666
3217.8,560715
3217.9,560693
3218,560857
3218.1,560720
3218.2,560677
3218.3,560748
3218.4,560682
3218.5,560731
3218.6,560802
3218.7,560666
3218.8,560644
3218.9,560693
3219,560741
3219.1,560762
3219.2,560676
3219.3,560633
3219.4,560882
3219.5,560568
3219.6,560887
3219.7,560843
3219.8,560915
3219.9,560622
3220,560670
3220.1,560719
3220.2,560790
3220.3,560632
3220.4,560767
3220.5,560859
3220.6,560729
3220.7,560686
3220.8,560757
3220.9,560599
3221,560941
3221.1,560919
3221.2,560853
3221.3,560653
3221.4,560610
3221.5,560952
3221.6,560908
3221.7,560907
3221.8,560957
3221.9,560734
3222,560690
3222.1,560761
3222.2,560825
3222.3,560738
3222.4,560902
3222.5,560701
3222.6,560929
3222.7,561001
3222.8,560656
3222.9,560797
3223,560868
3223.1,560668
3223.2,560896
3223.3,560759
3223.4,560758
3223.5,560786
3223.6,560835
3223.7,560635
3223.8,560884
3223.9,560956
3224,560527
3224.1,560575
3224.2,560802
3224.3,560873
3224.4,560673
3224.5,560807
3224.6,560856
3224.7,560813
3224.8,560884
3224.9,560840
3225,560640
3225.1,560774
3225.2,560938
3225.3,560623
3225.4,560736
3225.5,560537
3225.6,560628
3225.7,560878
3225.8,560655
3225.9,560883
3226,560839
3226.1,560703
3226.2,560795
3226.3,560552
3226.4,560601
3226.5,560671
3226.6,560899
3226.7,560855
3226.8,560740
3226.9,560725
3227,560860
3227.1,561025
3227.2,560981
3227.3,560844
3227.4,560915
3227.5,560714
3227.6,560763
3227.7,560627
3227.8,560697
3227.9,560832
3228,560925
3228.1,560860
3228.2,560816
3228.3,560616
3228.4,560573
3228.5,560842
3228.6,560755
3228.7,560826
3228.8,560718
3228.9,560969
3229,560653
3229.1,560788
3229.2,560837
3229.3,560793
3229.4,560864
3229.5,560935
3229.6,560798
3229.7,560662
3229.8,560847
3229.9,560689
3230,560967
3230.1,560809
3230.2,560808
3230.3,560951
3230.4,560501
3230.5,560841
3230.6,560528
3230.7,560712
3230.8,560576
3230.9,560803
3231,560695
3231.1,560652
3231.2,560808
3231.3,560743
3231.4,560950
3231.5,560770
3231.6,560571
3231.7,560797
3231.8,560889
3231.9,560618
3232,560939
3232.1,560759
3232.2,560923
3232.3,560764
3232.4,560742
3232.5,560856
3232.6,561021
3232.7,560570
3232.8,560732
3232.9,560867
3233,560823
3233.1,560780
3233.2,560851
3233.3,560807
3233.4,560607
3233.5,560564
3233.6,560949
3233.7,560697
3233.8,560954
3233.9,560526
3234,560688
3234.1,561032
3234.2,560822
3234.3,560778
3234.4,560849
3234.5,560899
3234.6,560855
3234.7,560811
3234.8,560790
3234.9,560839
3235,560888
3235.1,560595
3235.2,560937
3235.3,560893
3235.4,560757
3235.5,560827
3235.6,560762
3235.7,560676
3235.8,560926
3235.9,560975
3236,560860
3236.1,560638
3236.2,560865
3236.3,560707
3236.4,560800
3236.5,560871
3236.6,560734
3236.7,560783
3236.8,560647
3236.9,560696
3237,560902
3237.1,560788
3237.2,560815
3237.3,561001
3237.4,560821
3237.5,560820
3237.6,560870
3237.7,560869
3237.8,560897
3237.9,560853
3238,560924
3238.1,560924
3238.2,560765
3238.3,560743
3238.4,560679
3238.5,560572
3238.6,560798
3238.7,560776
3238.8,560869
3238.9,560732
3239,560667
3239.1,560738
3239.2,560694
3239.3,560651
3239.4,560857
3239.5,560792
3239.6,560863
3239.7,560663
3239.8,561006
3239.9,560754
3240,560846
3240.1,560781
3240.2,560852
3240.3,560808
3240.4,560879
3240.5,560857
3240.6,560857
3240.7,560906
3240.8,560726
3240.9,560890
3241,560868
3241.1,560731
3241.2,560802
3241.3,560894
3241.4,560715
3241.5,560693
3241.6,560857
3241.7,560856
3241.8,560677
3241.9,560861
3242,560817
3242.1,560774
3242.2,560845
3242.3,560823
3242.4,561009
3242.5,560829
3242.6,560785
3242.7,560856
3242.8,560741
3242.9,560948
3243,560861
3243.1,560817
3243.2,560888
3243.3,560752
3243.4,560959
3243.5,560801
3243.6,560779
3243.7,560965
3243.8,560670
3243.9,560784
3244,560740
3244.1,560882
3244.2,560682
3244.3,560660
3244.4,560866
3244.5,560844
3244.6,560843
3244.7,560892
3244.8,560827
3244.9,560784
3245,560855
3245.1,560811
3245.2,560718
3245.3,560745
3245.4,560660
3245.5,560794
3245.6,560959
3245.7,560707
3245.8,560821
3245.9,560892
3246,560827
3246.1,560627
3246.2,560969
3246.3,560969
3246.4,560925
3246.5,560974
3246.6,560794
3246.7,560865
3246.8,560843
3246.9,560842
3247,560870
3247.1,560963
3247.2,560897
3247.3,560969
3247.4,560831
3247.5,560809
3247.6,560497
3247.7,560930
3247.8,560771
3247.9,560885
3248,560957
3248.1,560727
3248.2,560798
3248.3,560825
3248.4,560803
3248.5,560646
3248.6,560852
3248.7,560737
3248.8,560786
3248.9,560857
3249,560721
3249.1,560792
3249.2,560770
3249.3,560798
3249.4,560869
3249.5,560825
3249.6,560781
3249.7,560780
3249.8,560645
3249.9,560923
3250,560743
3250.1,560721
3250.2,560677
3250.3,560884
3250.4,560862
3250.5,560818
3250.6,560846
3250.7,560824
3250.8,560780
3250.9,560780
3251,560915
3251.1,560807
3251.2,560878
3251.3,560949
3251.4,560812
3251.5,560676
3251.6,560633
3251.7,560796
3251.8,560753
3251.9,560845
3252,560823
3252.1,560779
3252.2,560736
3252.3,560785
3252.4,560856
3252.5,560812
3252.6,560790
3252.7,560883
3252.8,560746
3252.9,560795
3253,560981
3253.1,560801
3253.2,560687
3253.3,560779
3253.4,560849
3253.5,560806
3253.6,560877
3253.7,560948
3253.8,560833
3253.9,560861
3254,560910
3254.1,560981
3254.2,560865
3254.3,560708
3254.4,560915
3254.5,560735
3254.6,560899
3254.7,560762
3254.8,560854
3254.9,560904
3255,560789
3255.1,560746
3255.2,560909
3255.3,560865
3255.4,560729
3255.5,560821
3255.6,560707
3255.7,560734
3255.8,560599
3255.9,560876
3256,560875
3256.1,560832
3256.2,560874
3256.3,560788
3256.4,560744
3256.5,560815
3256.6,560771
3256.7,560636
3256.8,560913
3256.9,560848
3257,560919
3257.1,560991
3257.2,560647
3257.3,560604
3257.4,560695
3257.5,560630
3257.6,560952
3257.7,560679
3257.8,560636
3257.9,560864
3258,560663
3258.1,560848
3258.2,560804
3258.3,560782
3258.4,560853
3258.5,560874
3258.6,560809
3258.7,560880
3258.8,560722
3258.9,560793
3259,560885
3259.1,560656
3259.2,560819
3259.3,560570
3259.4,560754
3259.5,560618
3259.6,561076
3259.7,560759
3259.8,560694
3259.9,560786
3260,560857
3260.1,560700
3260.2,560721
3260.3,560748
3260.4,560819
3260.5,560776
3260.6,560868
3260.7,560710
3260.8,560781
3260.9,560967
3261,560923
3261.1,560786
3261.2,560650
3261.3,560721
3261.4,560835
3261.5,560770
3261.6,560841
3261.7,560912
3261.8,560661
3261.9,560867
3262,561025
3262.1,560709
3262.2,560872
3262.3,560715
3262.4,560807
3262.5,560943
3262.6,560856
3262.7,560927
3262.8,560862
3262.9,560725
3263,560796
3263.1,560796
3263.2,560730
3263.3,560687
3263.4,560758
3263.5,560965
3263.6,560807
3263.7,560806
3263.8,560649
3263.9,560698
3264,560768
3264.1,560747
3264.2,560839
3264.3,560724
3264.4,560773
3264.5,560730
3264.6,560822
3264.7,560643
3264.8,560757
3264.9,560892
3265,560691
3265.1,560804
3265.2,560513
3265.3,561085
3265.4,560947
3265.5,560838
3265.6,560588
3265.7,560930
3265.8,560843
3265.9,560707
3266,560800
3266.1,560756
3266.2,560805
3266.3,560740
3266.4,561012
3266.5,560718
3266.6,560810
3266.7,560767
3266.8,560723
3266.9,560794
3267,560750
3267.1,560750
3267.2,560821
3267.3,560777
3267.4,560713
3267.5,560669
3267.6,560668
3267.7,560896
3267.8,560625
3267.9,560695
3268,560859
3268.1,560744
3268.2,560701
3268.3,560951
3268.4,560750
3268.5,560799
3268.6,560777
3268.7,560712
3268.8,560711
3268.9,560690
3269,561011
3269.1,560674
3269.2,560744
3269.3,560723
3269.4,560930
3269.5,560793
3269.6,560635
3269.7,560684
3269.8,560891
3269.9,560733
3270,560847
3270.1,560825
3270.2,560667
3270.3,561011
3270.4,560716
3270.5,560787
3270.6,560765
3270.7,560629
3270.8,560857
3270.9,560813
3271,560727
3271.1,560705
3271.2,560683
3271.3,560754
3271.4,560710
3271.5,560667
3271.6,560737
3271.7,560830
3271.8,560808
3271.9,560721
3272,560835
3272.1,560749
3272.2,560863
3272.3,560934
3272.4,560819
3272.5,560775
3272.6,560846
3272.7,560802
3272.8,560532
3272.9,560759
3273,560945
3273.1,560764
3273.2,560951
3273.3,560907
3273.4,560999
3273.5,560769
3273.6,560769
3273.7,560890
3273.8,560961
3273.9,560939
3274,560688
3274.1,560780
3274.2,560780
3274.3,560715
3274.4,560922
3274.5,560857
3274.6,560835
3274.7,560834
3274.8,560747
3274.9,560977
3275,560796
3275.1,560867
3275.2,560731
3275.3,560752
3275.4,560801
3275.5,560580
3275.6,560765
3275.7,561110
3275.8,560607
3275.9,560742
3276,560698
3276.1,560655
3276.2,560840
3276.3,560911
3276.4,560889
3276.5,561004
3276.6,560730
3276.7,560916
3276.8,560966
3276.9,560580
3277,560807
3277.1,560692
3277.2,560856
3277.3,560812
3277.4,560811
3277.5,560768
3277.6,560746
3277.7,560746
3277.8,560817
3277.9,560638
3278,560637
3278.1,560822
3278.2,560708
3278.3,560850
3278.4,560806
3278.5,560877
3278.6,560741
3278.7,560740
3278.8,560718
3278.9,560746
3279,560932
3279.1,560773
3279.2,560887
3279.3,560865
3279.4,560751
3279.5,560871
3279.6,560735
3279.7,560805
3279.8,560784
3279.9,560898
3280,560761
3280.1,560832
3280.2,560767
3280.3,560838
3280.4,560816
3280.5,560701
3280.6,560588
3280.7,560750
3280.8,560685
3280.9,560799
3281,560642
3281.1,560755
3281.2,560891
3281.3,560847
3281.4,561128
3281.5,560717
3281.6,560695
3281.7,560674
3281.8,560901
3281.9,560587
3282,560864
3282.1,560842
3282.2,560820
3282.3,560798
3282.4,560755
3282.5,560733
3282.6,560576
3282.7,560646
3282.8,560738
3282.9,560717
3283,560673
3283.1,560744
3283.2,560972
3283.3,560950
3283.4,560928
3283.5,560906
3283.6,560705
3283.7,560869
3283.8,560640
3283.9,560825
3284,560597
3284.1,560846
3284.2,560760
3284.3,560809
3284.4,560787
3284.5,560922
3284.6,560900
3284.7,560878
3284.8,560678
3284.9,560656
3285,560884
3285.1,560683
3285.2,560840
3285.3,560662
3285.4,560732
3285.5,560803
3285.6,560781
3285.7,560645
3285.8,560873
3285.9,560966
3286,560650
3286.1,560928
3286.2,560813
3286.3,560770
3286.4,560927
3286.5,560819
3286.6,560754
3286.7,560732
3286.8,560803
3286.9,560917
3287,560688
3287.1,560851
3287.2,560923
3287.3,560765
3287.4,560835
3287.5,560857
3287.6,560720
3287.7,560791
3287.8,560726
3287.9,560705
3288,560890
3288.1,560868
3288.2,560867
3288.3,560939
3288.4,560645
3288.5,560830
3288.6,560715
3288.7,561038
3288.8,560922
3288.9,560763
3289,560742
3289.1,560791
3289.2,560862
3289.3,560840
3289.4,560769
3289.5,560818
3289.6,560753
3289.7,560752
3289.8,560845
3289.9,560823
3290,560894
3290.1,560922
3290.2,560785
3290.3,560900
3290.4,560834
3290.5,560928
3290.6,560906
3290.7,560797
3290.8,560661
3290.9,560911
3291,560910
3291.1,560752
3291.2,560938
3291.3,560737
3291.4,560966
3291.5,560786
3291.6,560922
3291.7,560900
3291.8,560993
3291.9,560677
3292,560748
3292.1,560819
3292.2,560591
3292.3,561070
3292.4,560731
3292.5,560824
3292.6,560802
3292.7,560758
3292.8,560737
3292.9,560779
3293,560850
3293.1,560558
3293.2,560899
3293.3,560877
3293.4,560741
3293.5,560855
3293.6,560811
3293.7,560861
3293.8,560839
3293.9,560910
3294,560795
3294.1,560887
3294.2,560822
3294.3,560779
3294.4,560893
3294.5,560849
3294.6,560964
3294.7,560992
3294.8,560876
3294.9,560811
3295,560947
3295.1,560882
3295.2,560746
3295.3,560660
3295.4,560888
3295.5,560751
3295.6,560865
3295.7,560936
3295.8,560800
3295.9,560964
3296,560649
3296.1,560627
3296.2,560783
3296.3,560740
3296.4,560718
3296.5,560811
3296.6,560767
3296.7,560568
3296.8,560816
3296.9,560815
3297,560908
3297.1,560843
3297.2,560914
3297.3,560914
3297.4,560892
3297.5,560870
3297.6,560848
3297.7,560919
3297.8,560897
3297.9,560739
3298,560718
3298.1,560924
3298.2,560582
3298.3,560766
3298.4,560701
3298.5,560908
3298.6,560793
3298.7,560929
3298.8,561000
3298.9,560798
3299,560776
3299.1,560826
3299.2,560897
3299.3,560804
3299.4,560760
3299.5,560716
3299.6,560902
3299.7,560859
3299.8,560837
3299.9,560858
3300,560679
3300.1,560749
3300.2,560820
3300.3,561007
3300.4,560985
3300.5,560777
3300.6,560826
3300.7,560782
3300.8,560896
3300.9,560561
3301,560831
3301.1,560717
3301.2,561111
3301.3,560836
3301.4,560793
3301.5,560793
3301.6,560615
3301.7,560864
3301.8,560935
3301.9,560798
3302,560984
3302.1,560868
3302.2,560825
3302.3,560803
3302.4,560717
3302.5,560852
3302.6,560831
3302.7,560694
3302.8,560880
3302.9,560901
3303,560951
3303.1,560929
3303.2,560885
3303.3,560863
3303.4,560770
3303.5,560748
3303.6,560934
3303.7,560869
3303.8,560847
3303.9,560803
3304,560824
3304.1,560780
3304.2,560830
3304.3,560808
3304.4,560786
3304.5,560743
3304.6,560857
3304.7,560813
3304.8,561022
3304.9,560956
3305,561028
3305.1,560912
3305.2,561027
3305.3,560846
3305.4,560710
3305.5,560781
3305.6,561104
3305.7,560945
3305.8,560851
3305.9,560901
3306,560994
3306.1,560835
3306.2,560813
3306.3,560928
3306.4,560884
3306.5,560570
3306.6,560818
3306.7,560911
3306.8,561004
3306.9,560846
3307,560731
3307.1,561032
3307.2,560758
3307.3,560715
3307.4,560922
3307.5,560900
3307.6,561015
3307.7,560586
3307.8,560928
3307.9,560884
3308,560790
3308.1,560747
3308.2,560840
3308.3,560704
3308.4,560889
3308.5,560889
3308.6,560731
3308.7,560802
3308.8,560938
3308.9,560758
3309,560829
3309.1,560714
3309.2,560785
3309.3,560899
3309.4,560692
3309.5,560855
3309.6,560698
3309.7,560790
3309.8,560790
3309.9,560768
3310,560746
3310.1,560839
3310.2,560910
3310.3,560982
3310.4,560617
3310.5,560730
3310.6,560800
3310.7,560779
3310.8,560965
3310.9,560921
3311,560921
3311.1,560899
3311.2,560855
3311.3,560768
3311.4,560654
3311.5,561092
3311.6,560839
3311.7,560817
3311.8,560866
3311.9,560844
3312,560916
3312.1,560801
3312.2,560894
3312.3,560872
3312.4,560828
3312.5,560806
3312.6,560855
3312.7,560855
3312.8,560833
3312.9,560811
3313,560904
3313.1,560860
3313.2,560932
3313.3,560910
3313.4,561003
3313.5,560888
3313.6,560959
3313.7,560915
3313.8,560893
3313.9,560893
3314,560735
3314.1,560943
3314.2,561014
3314.3,560877
3314.4,560855
3314.5,560811
3314.6,560811
3314.7,560904
3314.8,560703
3314.9,560796
3315,560931
3315.1,560794
3315.2,560773
3315.3,560909
3315.4,560937
3315.5,560643
3315.6,560622
3315.7,560871
3315.8,560849
3315.9,560755
3316,560826
3316.1,560761
3316.2,560876
3316.3,560832
3316.4,560947
3316.5,560696
3316.6,560903
3316.7,560631
3316.8,560952
3316.9,560837
3317,560815
3317.1,560793
3317.2,560929
3317.3,561023
3317.4,560821
3317.5,560799
3317.6,560571
3317.7,560819
3317.8,560912
3317.9,561078
3318,560804
3318.1,560668
3318.2,560646
3318.3,560717
3318.4,560695
3318.5,560923
3318.6,560744
3318.7,560722
3318.8,560815
3318.9,560750
3319,560957
3319.1,560820
3319.2,560684
3319.3,560934
3319.4,560662
3319.5,560690
3319.6,560804
3319.7,560875
3319.8,560853
3319.9,560738
3320,560716
3320.1,560902
3320.2,560837
3320.3,560701
3320.4,560814
3320.5,560793
3320.6,560885
3320.7,560728
3320.8,560935
3320.9,560913
3321,560891
3321.1,560754
3321.2,560754
3321.3,560825
3321.4,560875
3321.5,560946
3321.6,560717
3321.7,560695
3321.8,560873
3321.9,560744
3322,560836
3322.1,560908
3322.2,560929
3322.3,560657
3322.4,560770
3322.5,560863
3322.6,560913
3322.7,560598
3322.8,560869
3322.9,560847
3323,560868
3323.1,560710
3323.2,561011
3323.3,560946
3323.4,560831
3323.5,560716
3323.6,560694
3323.7,560808
3323.8,560857
3323.9,560951
3324,560835
3324.1,560770
3324.2,560792
3324.3,560727
3324.4,560841
3324.5,560934
3324.6,560869
3324.7,560890
3324.8,560732
3324.9,560710
3325,560917
3325.1,560688
3325.2,560873
3325.3,560873
3325.4,560852
3325.5,560923
3325.6,560901
3325.7,560857
3325.8,560721
3325.9,560814
3326,560835
3326.1,560770
3326.2,560841
3326.3,560705
3326.4,560818
3326.5,560912
3326.6,560704
3326.7,560846
3326.8,560732
3326.9,560939
3327,560917
3327.1,561054
3327.2,561054
3327.3,560758
3327.4,560829
3327.5,560922
3327.6,560786
3327.7,560671
3327.8,561037
3327.9,560742
3328,560720
3328.1,560813
3328.2,561064
3328.3,560833
3328.4,560697
3328.5,560883
3328.6,560976
3328.7,560682
3328.8,560660
3328.9,560910
3329,560866
3329.1,560981
3329.2,561031
3329.3,560915
3329.4,560893
3329.5,561008
3329.6,560828
3329.7,560742
3329.8,560992
3329.9,560812
3330,560698
3330.1,560676
3330.2,560926
3330.3,560725
3330.4,560954
3330.5,560682
3330.6,560752
3330.7,561025
3330.8,560823
3330.9,560894
3331,560758
3331.1,560850
3331.2,560828
3331.3,560807
3331.4,560922
3331.5,560878
3331.6,560949
3331.7,560812
3331.8,560905
3331.9,560905
3332,560861
3332.1,560818
3332.2,560889
3332.3,560888
3332.4,560774
3332.5,560752
3332.6,560801
3332.7,560872
3332.8,560851
3332.9,560829
3333,560943
3333.1,560807
3333.2,560993
3333.3,560699
3333.4,560656
3333.5,560634
3333.6,560790
3333.7,560676
3333.8,561048
3333.9,560753
3334,560753
3334.1,560731
3334.2,560982
3334.3,560845
3334.4,560916
3334.5,560894
3334.6,560715
3334.7,560786
3334.8,560828
3334.9,560828
3335,560785
3335.1,560699
3335.2,560791
3335.3,560769
3335.4,560862
3335.5,560634
3335.6,560883
3335.7,560569
3335.8,560661
3335.9,560731
3336,560731
3336.1,560617
3336.2,560780
3336.3,560938
3336.4,560851
3336.5,560694
3336.6,560807
3336.7,560807
3336.8,560878
3336.9,560834
3337,560813
3337.1,560813
3337.2,560791
3337.3,560884
3337.4,560862
3337.5,560704
3337.6,561027
3337.7,560889
3337.8,560774
3337.9,560867
3338,560710
3338.1,560916
3338.2,560988
3338.3,560758
3338.4,560851
3338.5,560851
3338.6,560807
3338.7,560879
3338.8,560857
3338.9,560856
3339,560834
3339.1,560741
3339.2,560905
3339.3,560862
3339.4,560840
3339.5,561049
3339.6,560682
3339.7,560703
3339.8,560753
3339.9,561076
3340,560917
3340.1,560895
3340.2,560916
3340.3,560779
3340.4,560872
3340.5,560829
3340.6,560900
3340.7,560994
3340.8,560856
3340.9,560742
3341,560856
3341.1,560906
3341.2,560999
3341.3,560884
3341.4,560955
3341.5,560840
3341.6,561048
3341.7,560817
3341.8,560752
3341.9,560982
3342,560938
3342.1,560960
3342.2,560801
3342.3,560779
3342.4,560850
3342.5,560965
3342.6,561037
3342.7,560829
3342.8,560721
3342.9,560971
3343,560971
3343.1,560677
3343.2,560634
3343.3,560790
3343.4,560977
3343.5,560955
3343.6,560817
3343.7,560817
3343.8,560796
3343.9,560910
3344,561003
3344.1,560845
3344.2,560916
3344.3,560822
3344.4,560779
3344.5,560779
3344.6,560965
3344.7,560764
3344.8,560742
3344.9,560993
3345,560899
3345.1,560899
3345.2,560791
3345.3,560769
3345.4,560840
3345.5,560818
3345.6,561070
3345.7,560632
3345.8,560661
3345.9,560639
3346,560982
3346.1,560982
3346.2,560960
3346.3,560866
3346.4,560916
3346.5,561009
3346.6,560829
3346.7,560807
3346.8,560785
3346.9,560735
3347,560806
3347.1,560720
3347.2,560720
3347.3,560906
3347.4,560677
3347.5,560655
3347.6,560633
3347.7,560768
3347.8,560861
3347.9,561048
3348,560660
3348.1,560910
3348.2,560823
3348.3,560866
3348.4,560780
3348.5,560780
3348.6,560758
3348.7,560644
3348.8,560714
3348.9,560693
3349,560671
3349.1,560763
3349.2,561014
3349.3,560741
3349.4,560812
3349.5,560790
3349.6,560769
3349.7,560747
3349.8,560998
3349.9,560725
3350,560796
3350.1,560889
3350.2,560752
3350.3,561025
3350.4,560938
3350.5,560617
3350.6,560666
3350.7,560894
3350.8,560966
3350.9,560850
3351,560828
3351.1,560806
3351.2,560763
3351.3,560950
3351.4,560928
3351.5,560906
3351.6,560927
3351.7,560698
3351.8,560883
3351.9,560933
3352,560911
3352.1,560889
3352.2,560774
3352.3,560888
3352.4,560845
3352.5,560938
3352.6,561010
3352.7,560830
3352.8,560602
3352.9,560758
3353,560850
3353.1,560922
3353.2,560742
3353.3,560721
3353.4,560721
3353.5,560791
3353.6,561043
3353.7,560905
3353.8,560726
3353.9,560819
3354,561005
3354.1,560683
3354.2,560753
3354.3,560846
3354.4,560867
3354.5,560688
3354.6,560780
3354.7,560666
3354.8,560851
3354.9,560829
3355,560808
3355.1,560786
3355.2,560879
3355.3,560857
3355.4,560857
3355.5,561044
3355.6,561022
3355.7,560884
3355.8,560769
3355.9,560862
3356,560862
3356.1,560840
3356.2,560911
3356.3,560682
3356.4,561048
3356.5,560932
3356.6,560932
3356.7,560910
3356.8,560824
3356.9,560688
3357,561054
3357.1,560938
3357.2,560938
3357.3,560644
3357.4,560736
3357.5,560715
3357.6,560693
3357.7,560871
3357.8,560871
3357.9,560828
3358,561015
3358.1,560720
3358.2,560606
3358.3,560877
3358.4,560784
3358.5,560833
3358.6,560655
3358.7,560998
3358.8,560883
3358.9,560861
3359,560882
3359.1,560882
3359.2,560660
3359.3,561026
3359.4,560910
3359.5,560773
3359.6,560909
3359.7,560981
3359.8,560937
3359.9,560937
3360,560644
3360.1,561009
3360.2,560822
3360.3,560893
3360.4,560986
3360.5,560921
3360.6,561014
3360.7,560921
3360.8,560691
3360.9,561014
3361,560876
3361.1,560854
3361.2,560811
3361.3,560811
3361.4,560832
3361.5,560767
3361.6,560997
3361.7,560860
3361.8,560975
3361.9,560816
3362,560953
3362.1,560910
3362.2,560981
3362.3,560751
3362.4,560750
3362.5,560958
3362.6,560822
3362.7,560800
3362.8,560871
3362.9,560849
3363,560870
3363.1,560756
3363.2,560756
3363.3,560805
3363.4,560876
3363.5,560606
3363.6,560855
3363.7,560761
3363.8,561012
3363.9,560925
3364,560767
3364.1,560997
3364.2,560881
3364.3,560745
3364.4,560745
3364.5,560837
3364.6,560887
3364.7,560865
3364.8,560687
3364.9,560959
3365,560865
3365.1,560936
3365.2,560893
3365.3,560986
3365.4,560871
3365.5,560756
3365.6,561080
3365.7,560920
3365.8,560783
3365.9,560992
3366,560970
3366.1,560697
3366.2,560854
3366.3,560632
3366.4,560611
3366.5,561091
3366.6,560910
3366.7,560795
3366.8,560681
3366.9,560681
3367,560866
3367.1,560638
3367.2,560822
3367.3,560980
3367.4,560980
3367.5,560865
3367.6,560936
3367.7,560757
3367.8,560914
3367.9,560892
3368,560892
3368.1,560777
3368.2,561101
3368.3,560848
3368.4,560920
3368.5,560941
3368.6,560941
3368.7,560941
3368.8,560919
3368.9,560991
3369,560832
3369.1,560853
3369.2,560969
3369.3,560832
3369.4,560903
3369.5,560788
3369.6,560859
3369.7,560859
3369.8,560745
3369.9,560881
3370,560931
3370.1,560909
3370.2,560887
3370.3,561024
3370.4,560865
3370.5,560679
3370.6,560979
3370.7,561030
3370.8,560914
3370.9,560892
3371,561007
3371.1,560798
3371.2,560777
3371.3,560848
3371.4,560919
3371.5,560897
3371.6,560919
3371.7,560919
3371.8,560897
3371.9,560854
3372,560947
3372.1,560925
3372.2,560925
3372.3,560810
3372.4,560881
3372.5,560859
3372.6,560680
3372.7,560773
3372.8,560773
3372.9,560930
3373,560637
3373.1,560707
3373.2,560958
3373.3,560893
3373.4,560778
3373.5,560778
3373.6,560849
3373.7,560827
3373.8,560805
3373.9,560691
3374,560691
3374.1,560876
3374.2,560941
3374.3,560919
3374.4,561107
3374.5,560991
3374.6,560811
3374.7,560718
3374.8,560696
3374.9,560789
3375,561040
3375.1,560745
3375.2,560631
3375.3,560723
3375.4,560745
3375.5,560931
3375.6,560816
3375.7,560794
3375.8,560658
3375.9,561024
3376,561024
3376.1,560843
3376.2,560821
3376.3,560821
3376.4,560800
3376.5,560957
3376.6,560842
3376.7,560664
3376.8,560756
3376.9,560849
3377,560985
3377.1,560985
3377.2,560869
3377.3,560962
3377.4,560669
3377.5,560647
3377.6,560740
3377.7,560897
3377.8,560875
3377.9,560853
3378,560946
3378.1,560767
3378.2,560767
3378.3,560767
3378.4,560902
3378.5,560996
3378.6,561068
3378.7,560794
3378.8,560772
3378.9,560772
3379,560865
3379.1,560843
3379.2,560821
3379.3,560593
3379.4,560914
3379.5,560892
3379.6,560892
3379.7,560964
3379.8,561058
3379.9,560783
3380,560690
3380.1,560783
3380.2,560898
3380.3,560783
3380.4,560876
3380.5,560947
3380.6,560832
3380.7,560875
3380.8,560875
3380.9,560875
3381,560788
3381.1,560766
3381.2,560924
3381.3,560902
3381.4,561018
3381.5,560809
3381.6,561018
3381.7,560815
3381.8,560701
3381.9,560794
3382,560973
3382.1,560836
3382.2,560929
3382.3,560750
3382.4,560728
3382.5,561001
3382.6,560885
3382.7,560885
3382.8,560935
3382.9,560777
3383,560755
3383.1,560848
3383.2,560891
3383.3,561028
3383.4,560984
3383.5,560576
3383.6,560668
3383.7,560668
3383.8,560761
3383.9,560803
3384,560896
3384.1,560810
3384.2,560767
3384.3,560996
3384.4,560767
3384.5,560881
3384.6,560859
3384.7,560837
3384.8,560815
3384.9,561024
3385,560772
3385.1,560772
3385.2,560908
3385.3,560771
3385.4,560864
3385.5,560842
3385.6,560842
3385.7,560958
3385.8,560842
3385.9,560820
3386,560914
3386.1,560777
3386.2,560777
3386.3,560777
3386.4,560777
3386.5,560963
3386.6,560941
3386.7,561006
3386.8,560868
3386.9,560962
3387,560984
3387.1,560690
3387.2,560760
3387.3,560760
3387.4,560646
3387.5,560781
3387.6,560896
3387.7,560874
3387.8,560788
3387.9,560788
3388,560830
3388.1,560923
3388.2,560808
3388.3,560837
3388.4,560837
3388.5,560815
3388.6,560815
3388.7,560793
3388.8,561044
3388.9,560929
3389,560842
3389.1,560957
3389.2,560799
3389.3,560820
3389.4,560913
3389.5,560863
3389.6,560798
3389.7,560755
3389.8,560985
3389.9,560712
3390,560755
3390.1,560912
3390.2,560890
3390.3,560804
3390.4,560804
3390.5,560897
3390.6,560782
3390.7,560782
3390.8,561033
3390.9,560896
3391,560896
3391.1,560624
3391.2,560624
3391.3,560511
3391.4,560852
3391.5,561082
3391.6,560673
3391.7,560880
3391.8,560765
3391.9,560765
3392,560836
3392.1,560722
3392.2,561089
3392.3,561183
3392.4,560793
3392.5,560908
3392.6,560864
3392.7,560864
3392.8,560864
3392.9,560635
3393,560727
3393.1,560842
3393.2,560820
3393.3,560870
3393.4,560870
3393.5,560985
3393.6,560869
3393.7,560754
3393.8,560869
3393.9,560711
3394,560919
3394.1,560918
3394.2,560803
3394.3,560689
3394.4,560803
3394.5,560782
3394.6,560875
3394.7,560875
3394.8,560760
3394.9,560738
3395,560780
3395.1,560716
3395.2,560924
3395.3,560695
3395.4,560787
3395.5,560673
3395.6,560945
3395.7,560651
3395.8,560858
3395.9,560951
3396,561045
3396.1,560836
3396.2,560722
3396.3,560792
3396.4,560792
3396.5,560864
3396.6,561095
3396.7,560957
3396.8,560863
3396.9,560913
3397,560684
3397.1,560891
3397.2,560620
3397.3,560891
3397.4,560985
3397.5,560777
3397.6,560869
3397.7,560869
3397.8,560962
3397.9,560919
3398,560826
3398.1,560940
3398.2,560940
3398.3,561034
3398.4,560803
3398.5,561012
3398.6,561012
3398.7,561012
3398.8,560990
3398.9,560717
3399,560852
3399.1,560830
3399.2,560830
3399.3,560830
3399.4,561039
3399.5,560880
3399.6,560995
3399.7,560880
3399.8,560765
3399.9,560765
3400,560858
3400.1,560951
3400.2,560929
3400.3,560814
3400.4,560792
3400.5,560814
3400.6,560721
3400.7,560907
3400.8,561001
3400.9,560885
3401,560863
3401.1,561044
3401.2,560770
3401.3,560863
3401.4,560956
3401.5,560798
3401.6,560934
3401.7,560819
3401.8,560705
3401.9,560912
3402,561006
3402.1,560754
3402.2,560984
3402.3,560869
3402.4,560869
3402.5,560847
3402.6,560711
3402.7,561150
3402.8,560782
3402.9,561034
3403,560918
3403.1,560803
3403.2,560874
3403.3,560738
3403.4,561061
3403.5,560831
3403.6,560967
3403.7,560759
3403.8,560945
3403.9,560808
3404,560923
3404.1,561017
3404.2,560808
3404.3,560716
3404.4,560786
3404.5,560786
3404.6,560651
3404.7,560857
3404.8,561038
3404.9,560922
3405,561016
3405.1,560721
3405.2,560814
3405.3,560856
3405.4,560856
3405.5,560856
3405.6,560885
3405.7,560656
3405.8,560928
3405.9,561021
3406,560812
3406.1,560812
3406.2,560841
3406.3,560934
3406.4,560934
3406.5,560705
3406.6,560797
3406.7,560797
3406.8,560797
3406.9,560797
3407,560890
3407.1,560890
3407.2,560754
3407.3,560933
3407.4,561070
3407.5,561027
3407.6,560846
3407.7,560754
3407.8,560940
3407.9,560889
3408,560867
3408.1,560867
3408.2,560803
3408.3,560896
3408.4,560781
3408.5,560781
3408.6,560938
3408.7,561032
3408.8,560852
3408.9,560852
3409,560945
3409.1,560945
3409.2,560737
3409.3,560808
3409.4,560694
3409.5,560901
3409.6,560901
3409.7,560743
3409.8,560879
3409.9,560672
3410,560922
3410.1,560922
3410.2,560743
3410.3,560835
3410.4,560950
3410.5,560743
3410.6,560993
3410.7,560878
3410.8,560949
3410.9,560949
3411,560585
3411.1,560763
3411.2,560949
3411.3,560542
3411.4,560905
3411.5,560927
3411.6,560905
3411.7,560812
3411.8,560790
3411.9,560977
3412,560977
3412.1,560955
3412.2,560747
3412.3,560883
3412.4,560976
3412.5,560661
3412.6,560639
3412.7,560732
3412.8,560889
3412.9,560889
3413,560818
3413.1,560889
3413.2,561098
3413.3,560982
3413.4,560596
3413.5,560752
3413.6,561004
3413.7,560960
3413.8,560938
3413.9,561054
3414,560666
3414.1,560823
3414.2,560709
3414.3,560916
3414.4,560851
3414.5,560830
3414.6,560830
3414.7,560737
3414.8,560988
3414.9,560601
3415,560901
3415.1,560879
3415.2,560765
3415.3,560879
3415.4,560786
3415.5,560786
3415.6,560650
3415.7,560857
3415.8,560742
3415.9,560857
3416,560742
3416.1,560922
3416.2,561015
3416.3,560878
3416.4,560813
3416.5,560699
3416.6,560813
3416.7,560699
3416.8,560699
3416.9,560884
3417,560927
3417.1,560862
3417.2,560884
3417.3,561043
3417.4,560956
3417.5,560840
3417.6,560726
3417.7,561093
3417.8,560704
3417.9,560818
3418,560840
3418.1,560818
3418.2,560912
3418.3,560797
3418.4,560839
3418.5,560682
3418.6,560976
3418.7,560682
3418.8,561048
3418.9,560753
3419,561026
3419.1,560932
3419.2,561048
3419.3,560526
3419.4,561098
3419.5,560824
3419.6,560982
3419.7,560709
3419.8,560888
3419.9,560688
3420,560960
3420.1,560780
3420.2,561148
3420.3,560666
3420.4,561075
3420.5,560751
3420.6,560959
3420.7,560916
3420.8,560894
3420.9,561031
3421,560937
3421.1,560822
3421.2,560800
3421.3,560893
3421.4,561009
3421.5,560850
3421.6,560893
3421.7,560800
3421.8,560871
3421.9,560849
3422,560849
3422.1,560849
3422.2,560849
3422.3,560849
3422.4,560943
3422.5,560921
3422.6,561014
3422.7,560877
3422.8,560877
3422.9,560993
3423,560921
3423.1,560877
3423.2,560784
3423.3,560763
3423.4,560763
3423.5,560971
3423.6,560971
3423.7,560855
3423.8,560677
3423.9,560719
3424,560927
3424.1,560834
3424.2,560949
3424.3,560769
3424.4,561020
3424.5,560747
3424.6,560998
3424.7,560905
3424.8,560905
3424.9,560840
3425,560933
3425.1,560818
3425.2,560911
3425.3,560796
3425.4,560911
3425.5,560818
3425.6,560818
3425.7,561005
3425.8,561005
3425.9,560775
3426,561048
3426.1,561165
3426.2,560889
3426.3,560732
3426.4,560824
3426.5,560867
3426.6,560753
3426.7,561026
3426.8,560961
3426.9,560824
3427,560917
3427.1,560802
3427.2,560939
3427.3,560939
3427.4,561004
3427.5,560824
3427.6,561033
3427.7,560895
3427.8,560895
3427.9,560917
3428,560824
3428.1,560895
3428.2,560895
3428.3,561010
3428.4,561010
3428.5,561010
3428.6,560802
3428.7,560873
3428.8,560873
3428.9,560966
3429,560873
3429.1,560873
3429.2,560873
3429.3,560966
3429.4,560923
3429.5,560944
3429.6,560923
3429.7,560901
3429.8,560808
3429.9,560923
3430,561155
3430.1,560786
3430.2,560922
3430.3,561016
3430.4,560901
3430.5,560693
3430.6,560879
3430.7,560879
3430.8,560994
3430.9,560857
3431,560972
3431.1,560879
3431.2,560700
3431.3,560792
3431.4,560885
3431.5,560835
3431.6,560928
3431.7,560950
3431.8,560857
3431.9,560835
3432,561044
3432.1,560928
3432.2,560721
3432.3,560856
3432.4,560972
3432.5,560813
3432.6,561022
3432.7,560749
3432.8,560791
3432.9,560813
3433,560834
3433.1,560791
3433.2,560635
3433.3,561000
3433.4,561000
3433.5,560884
3433.6,560884
3433.7,560862
3433.8,560798
3433.9,560798
3434,560798
3434.1,560798
3434.2,560798
3434.3,560956
3434.4,560956
3434.5,561072
3434.6,560776
3434.7,560776
3434.8,561050
3434.9,560934
3435,560934
3435.1,560912
3435.2,561122
3435.3,560847
3435.4,560754
3435.5,560934
3435.6,560847
3435.7,560732
3435.8,561099
3435.9,560711
3436,560732
3436.1,560940
3436.2,561005
3436.3,560732
3436.4,560803
3436.5,560711
3436.6,560803
3436.7,560711
3436.8,561005
3436.9,560803
3437,560803
3437.1,560803
3437.2,560896
3437.3,561077
3437.4,560803
3437.5,561012
3437.6,560990
3437.7,560990
3437.8,560874
3437.9,560667
3438,560874
3438.1,560803
3438.2,560990
3438.3,560990
3438.4,560604
3438.5,560990
3438.6,560760
3438.7,560874
3438.8,560874
3438.9,561084
3439,560968
3439.1,560696
3439.2,560852
3439.3,560760
3439.4,560852
3439.5,560968
3439.6,560674
3439.7,560788
3439.8,561040
3439.9,560674
3440,560946
3440.1,560946
3440.2,560674
3440.3,561040
3440.4,560674
3440.5,560946
3440.6,560831
3440.7,560716
3440.8,560652
3440.9,560859
3441,561134
3441.1,560766
3441.2,560946
3441.3,561017
3441.4,560902
3441.5,561017
3441.6,560744
3441.7,560859
3441.8,560859
3441.9,560924
3442,560630
3442.1,560837
3442.2,560837
3442.3,560744
3442.4,560859
3442.5,560652
3442.6,560496
3442.7,561112
3442.8,560995
3442.9,560701
3443,560952
3443.1,560723
3443.2,560794
3443.3,560794
3443.4,560815
3443.5,560815
3443.6,560794
3443.7,560701
3443.8,560723
3443.9,560909
3444,560909
3444.1,560794
3444.2,560815
3444.3,560701
3444.4,560952
3444.5,560909
3444.6,560909
3444.7,561097
3444.8,560887
3444.9,560772
3445,560909
3445.1,561003
3445.2,560822
3445.3,560822
3445.4,560822
3445.5,560822
3445.6,560887
3445.7,560772
3445.8,560708
3445.9,560801
3446,560573
3446.1,560981
3446.2,560865
3446.3,560865
3446.4,560865
3446.5,560958
3446.6,560865
3446.7,560958
3446.8,560958
3446.9,560865
3447,560958
3447.1,560936
3447.2,560779
3447.3,560779
3447.4,560779
3447.5,560843
3447.6,560843
3447.7,560729
3447.8,560821
3447.9,560821
3448,560821
3448.1,560821
3448.2,560958
3448.3,560729
3448.4,560707
3448.5,560936
3448.6,560843
3448.7,560958
3448.8,560958
3448.9,560864
3449,560843
3449.1,560707
3449.2,560728
3449.3,560728
3449.4,560636
3449.5,561117
3449.6,560750
3449.7,560843
3449.8,560728
3449.9,561001
3450,560728
3450.1,560907
3450.2,560728
3450.3,560728
3450.4,560821
3450.5,560728
3450.6,560863
3450.7,560885
3450.8,560728
3450.9,561001
3451,561001
3451.1,560728
3451.2,560885
3451.3,560885
3451.4,560792
3451.5,561001
3451.6,560821
3451.7,560885
3451.8,561001
3451.9,560885
3452,560678
3452.1,560885
3452.2,561095
3452.3,560799
3452.4,560914
3452.5,560979
3452.6,560885
3452.7,561044
3452.8,560770
3452.9,560979
3453,560706
3453.1,560821
3453.2,560728
3453.3,560885
3453.4,560979
3453.5,560706
3453.6,560821
3453.7,560685
3453.8,560685
3453.9,560821
3454,561001
3454.1,560614
3454.2,560843
3454.3,560843
3454.4,560936
3454.5,560821
3454.6,560750
3454.7,561117
3454.8,560728
3454.9,560936
3455,561052
3455.1,560821
3455.2,560821
3455.3,560821
3455.4,560799
3455.5,560799
3455.6,560778
3455.7,560821
3455.8,560958
3455.9,560958
3456,560821
3456.1,560914
3456.2,560936
3456.3,561095
3456.4,560843
3456.5,560843
3456.6,560843
3456.7,560707
3456.8,560843
3456.9,560843
3457,560885
3457.1,560907
3457.2,560728
3457.3,560799
3457.4,560707
3457.5,560685
3457.6,560821
3457.7,561001
3457.8,561117
3457.9,560843
3458,560821
3458.1,560799
3458.2,560728
3458.3,560843
3458.4,561001
3458.5,560593
3458.6,560799
3458.7,560799
3458.8,560685
3458.9,560936
3459,560707
3459.1,560728
3459.2,560728
3459.3,560707
3459.4,560958
3459.5,560707
3459.6,560843
3459.7,560636
3459.8,560728
3459.9,560821
3460,560799
3460.1,560821
3460.2,560707
3460.3,560821
3460.4,560750
3460.5,560843
3460.6,560843
3460.7,560958
3460.8,560729
3460.9,560750
3461,560772
3461.1,560772
3461.2,561139
3461.3,560729
3461.4,560958
3461.5,560750
3461.6,560865
3461.7,560865
3461.8,560843
3461.9,560843
3462,560729
3462.1,560843
3462.2,560886
3462.3,560658
3462.4,560865
3462.5,560865
3462.6,560886
3462.7,560772
3462.8,560886
3462.9,560886
3463,560865
3463.1,561002
3463.2,560865
3463.3,560886
3463.4,560772
3463.5,560793
3463.6,560815
3463.7,560908
3463.8,561002
3463.9,560908
3464,560793
3464.1,560973
3464.2,560880
3464.3,560815
3464.4,560908
3464.5,560680
3464.6,560701
3464.7,560973
3464.8,560973
3464.9,560815
3465,560772
3465.1,560887
3465.2,560887
3465.3,560680
3465.4,560815
3465.5,560995
3465.6,560680
3465.7,560794
3465.8,560794
3465.9,560909
3466,560909
3466.1,560952
3466.2,560701
3466.3,560909
3466.4,560909
3466.5,561025
3466.6,561025
3466.7,560659
3466.8,560723
3466.9,560859
3467,560816
3467.1,560723
3467.2,560723
3467.3,560838
3467.4,560881
3467.5,560723
3467.6,560723
3467.7,560952
3467.8,560952
3467.9,560859
3468,560838
3468.1,560788
3468.2,560766
3468.3,560838
3468.4,560859
3468.5,560788
3468.6,560788
3468.7,560788
3468.8,560653
3468.9,560653
3469,560788
3469.1,560766
3469.2,560653
3469.3,560653
3469.4,560990
3469.5,560810
3469.6,560903
3469.7,560674
3469.8,560696
3469.9,560717
3470,560717
3470.1,560832
3470.2,560832
3470.3,560696
3470.4,560717
3470.5,560990
3470.6,560739
3470.7,560947
3470.8,560810
3470.9,560904
3471,560810
3471.1,560810
3471.2,560854
3471.3,560918
3471.4,560854
3471.5,560718
3471.6,560626
3471.7,560718
3471.8,560626
3471.9,560761
3472,561034
3472.1,560626
3472.2,560718
3472.3,560832
3472.4,560740
3472.5,560740
3472.6,560940
3472.7,561034
3472.8,560761
3472.9,560876
3473,560991
3473.1,560690
3473.2,560783
3473.3,560783
3473.4,561151
3473.5,560898
3473.6,560991
3473.7,560804
3473.8,560669
3473.9,560712
3474,560804
3474.1,560804
3474.2,560920
3474.3,560691
3474.4,560805
3474.5,560848
3474.6,560942
3474.7,560712
3474.8,560691
3474.9,560805
3475,560827
3475.1,560827
3475.2,560777
3475.3,560827
3475.4,560827
3475.5,560620
3475.6,561123
3475.7,560870
3475.8,560756
3475.9,560756
3476,560756
3476.1,560849
3476.2,560642
3476.3,561051
3476.4,560892
3476.5,560799
3476.6,560799
3476.7,560799
3476.8,560799
3476.9,560799
3477,560979
3477.1,560614
3477.2,560821
3477.3,560800
3477.4,560936
3477.5,560936
3477.6,560843
3477.7,560907
3477.8,560750
3477.9,561023
3478,560865
3478.1,560729
3478.2,560980
3478.3,560772
3478.4,560951
3478.5,560887
3478.6,560751
3478.7,560865
3478.8,560865
3478.9,560772
3479,560701
3479.1,560974
3479.2,560974
3479.3,560816
3479.4,560816
3479.5,560816
3479.6,560723
3479.7,560902
3479.8,560996
3479.9,560996
3480,561112
3480.1,560837
3480.2,560745
3480.3,561018
3480.4,560946
3480.5,560924
3480.6,560924
3480.7,560924
3480.8,561040
3480.9,560696
3481,560968
3481.1,561062
3481.2,560968
3481.3,560853
3481.4,560968
3481.5,560718
3481.6,560718
3481.7,561012
3481.8,561012
3481.9,560897
3482,560897
3482.1,561012
3482.2,561034
3482.3,560941
3482.4,560669
3482.5,561034
3482.6,560761
3482.7,560761
3482.8,560825
3482.9,560847
3483,560869
3483.1,560869
3483.2,560963
3483.3,560598
3483.4,560869
3483.5,560869
3483.6,561050
3483.7,560891
3483.8,560985
3483.9,561007
3484,561101
3484.1,560891
3484.2,560798
3484.3,560820
3484.4,560820
3484.5,561029
3484.6,560756
3484.7,560935
3484.8,560842
3484.9,561022
3485,560685
3485.1,560799
3485.2,560664
3485.3,561073
3485.4,560707
3485.5,560615
3485.6,560886
3485.7,560771
3485.8,560707
3485.9,561001
3486,561001
3486.1,560545
3486.2,560815
3486.3,560908
3486.4,561183
3486.5,561023
3486.6,560772
3486.7,560952
3486.8,560952
3486.9,560858
3487,561133
3487.1,561017
3487.2,560766
3487.3,560974
3487.4,560787
3487.5,560902
3487.6,560996
3487.7,560723
3487.8,560816
3487.9,560996
3488,561018
3488.1,560653
3488.2,560946
3488.3,560674
3488.4,561040
3488.5,560860
3488.6,560831
3488.7,560674
3488.8,560696
3488.9,560653
3489,560904
3489.1,560696
3489.2,560875
3489.3,560875
3489.4,560718
3489.5,561107
3489.6,560832
3489.7,560697
3489.8,560832
3489.9,560832
3490,561107
3490.1,561035
3490.2,560761
3490.3,560761
3490.4,560876
3490.5,560833
3490.6,560740
3490.7,560876
3490.8,560762
3490.9,560855
3491,560877
3491.1,560899
3491.2,560899
3491.3,560827
3491.4,561007
3491.5,561007
3491.6,560849
3491.7,560849
3491.8,560827
3491.9,560871
3492,560778
3492.1,560685
3492.2,560957
3492.3,560980
3492.4,560893
3492.5,560572
3492.6,560980
3492.7,560821
3492.8,560729
3492.9,560886
3493,560729
3493.1,561024
3493.2,560751
3493.3,560680
3493.4,560952
3493.5,560952
3493.6,560952
3493.7,560930
3493.8,560952
3493.9,560794
3494,560974
3494.1,560788
3494.2,560788
3494.3,561061
3494.4,560695
3494.5,560809
3494.6,560809
3494.7,560925
3494.8,560925
3494.9,560653
3495,560925
3495.1,560739
3495.2,560853
3495.3,560940
3495.4,560782
3495.5,560782
3495.6,560969
3495.7,560875
3495.8,560782
3495.9,560897
3496,560919
3496.1,560556
3496.2,560941
3496.3,560941
3496.4,560941
3496.5,560941
3496.6,560755
3496.7,560870
3496.8,560870
3496.9,560985
3497,560713
3497.1,560892
3497.2,560799
3497.3,560863
3497.4,560885
3497.5,561001
3497.6,560842
3497.7,560842
3497.8,560842
3497.9,560842
3498,560929
3498.1,561045
3498.2,560886
3498.3,560886
3498.4,560729
3498.5,561002
3498.6,561002
3498.7,560815
3498.8,560815
3498.9,560815
3499,560930
3499.1,560930
3499.2,560859
3499.3,560859
3499.4,560859
3499.5,560744
3499.6,560680
3499.7,560974
3499.8,560816
3499.9,560903
3500,560810
3500.1,560903
3500.2,560903
3500.3,561019
3500.4,560767
3500.5,560767
3500.6,560789
3500.7,560969
3500.8,560854
3500.9,560969
3501,560761
3501.1,560991
3501.2,560804
3501.3,560804
3501.4,560804
3501.5,560804
3501.6,560804
3501.7,560804
3501.8,561035
3501.9,560848
3502,560848
3502.1,560870
3502.2,560892
3502.3,560777
3502.4,560777
3502.5,560892
3502.6,560706
3502.7,560735
3502.8,560849
3502.9,560757
3503,560936
3503.1,560936
3503.2,560843
3503.3,560750
3503.4,560865
3503.5,560980
3503.6,560980
3503.7,560980
3503.8,560794
3503.9,560951
3504,560880
3504.1,560995
3504.2,560745
3504.3,561112
3504.4,560745
3504.5,560837
3504.6,560924
3504.7,560652
3504.8,560881
3504.9,560881
3505,560997
3505.1,560810
3505.2,560782
3505.3,561034
3505.4,560782
3505.5,561106
3505.6,560739
3505.7,560854
3505.8,560918
3505.9,560940
3506,560940
3506.1,560984
3506.2,560783
3506.3,560783
3506.4,560805
3506.5,560827
3506.6,560891
3506.7,561101
3506.8,560985
3506.9,560913
3507,561029
3507.1,561051
3507.2,560685
3507.3,561095
3507.4,560685
3507.5,560685
3507.6,560957
3507.7,561073
3507.8,561001
3507.9,560815
3508,560815
3508.1,560930
3508.2,560930
3508.3,560951
3508.4,560930
3508.5,560952
3508.6,560858
3508.7,560974
3508.8,560974
3508.9,560974
3509,560787
3509.1,560809
3509.2,560831
3509.3,560860
3509.4,560860
3509.5,560860
3509.6,561040
3509.7,560674
3509.8,560946
3509.9,561012
3510,560990
3510.1,560897
3510.2,561012
3510.3,560739
3510.4,561012
3510.5,560919
3510.6,560848
3510.7,560963
3510.8,561079
3510.9,561079
3511,560891
3511.1,561028
3511.2,561028
3511.3,561007
3511.4,560849
3511.5,560964
3511.6,560964
3511.7,561080
3511.8,560893
3511.9,560979
3512,560864
3512.1,560979
3512.2,560915
3512.3,560937
3512.4,560937
3512.5,560751
3512.6,560930
3512.7,561024
3512.8,560772
3512.9,561068
3513,560610
3513.1,560723
3513.2,561112
3513.3,561112
3513.4,560838
3513.5,560723
3513.6,560745
3513.7,560767
3513.8,561040
3513.9,560969
3514,560789
3514.1,561062
3514.2,560696
3514.3,560811
3514.4,560811
3514.5,561013
3514.6,561129
3514.7,560669
3514.8,560669
3514.9,560941
3515,561057
3515.1,560713
3515.2,560827
3515.3,560827
3515.4,560827
3515.5,560827
3515.6,561101
3515.7,560914
3515.8,560778
3515.9,560958
3516,560958
3516.1,560800
3516.2,560800
3516.3,561190
3516.4,561096
3516.5,561002
3516.6,560930
3516.7,561046
3516.8,560773
3516.9,561163
3517,560773
3517.1,560859
3517.2,560996
3517.3,560702
3517.4,560816
3517.5,560931
3517.6,560745
3517.7,561018
3517.8,560947
3517.9,561084
3518,560675
3518.1,560789
3518.2,560904
3518.3,560811
3518.4,560833
3518.5,560833
3518.6,560941
3518.7,561173
3518.8,560985
3518.9,561079
3519,560806
3519.1,560806
3519.2,560985
3519.3,560621
3519.4,560621
3519.5,561124
3519.6,560664
3519.7,560778
3519.8,560778
3519.9,561074
3520,560800
3520.1,560800
3520.2,560800
3520.3,560822
3520.4,560844
3520.5,560866
3520.6,560953
3520.7,561069
3520.8,560681
3520.9,561069
3521,560702
3521.1,560817
3521.2,560838
3521.3,560838
3521.4,560746
3521.5,561019
3521.6,561062
3521.7,561063
3521.8,560882
3521.9,560697
3522,560811
3522.1,560926
3522.2,560926
3522.3,560926
3522.4,561013
3522.5,560920
3522.6,560870
3522.7,560784
3522.8,560899
3522.9,560784
3523,560713
3523.1,560713
3523.2,560735
3523.3,560821
3523.4,560664
3523.5,560980
3523.6,560958
3523.7,561002
3523.8,560908
3523.9,561024
3524,561002
3524.1,561025
3524.2,560866
3524.3,560773
3524.4,561047
3524.5,560996
3524.6,560810
3524.7,561041
3524.8,561091
3524.9,560839
3525,560861
3525.1,561041
3525.2,560947
3525.3,560897
3525.4,560876
3525.5,560898
3525.6,561035
3525.7,561036
3525.8,560762
3525.9,560985
3526,560985
3526.1,560985
3526.2,560964
3526.3,561080
3526.4,561008
3526.5,561008
3526.6,561074
3526.7,561052
3526.8,560915
3526.9,561052
3527,561075
3527.1,560801
3527.2,560708
3527.3,560909
3527.4,561163
3527.5,561163
3527.6,560953
3527.7,560838
3527.8,560681
3527.9,561019
3528,560925
3528.1,560832
3528.2,560832
3528.3,560854
3528.4,560969
3528.5,560854
3528.6,561013
3528.7,560876
3528.8,560876
3528.9,560992
3529,560898
3529.1,560848
3529.2,560964
3529.3,560777
3529.4,560892
3529.5,561008
3529.6,560871
3529.7,560914
3529.8,560821
3529.9,560750
3530,560772
3530.1,560887
3530.2,560909
3530.3,560909
3530.4,560909
3530.5,560723
3530.6,560723
3530.7,560953
3530.8,560953
3530.9,560975
3531,560881
3531.1,560903
3531.2,560810
3531.3,560897
3531.4,560718
3531.5,560947
3531.6,560947
3531.7,560969
3531.8,560992
3531.9,560783
3532,561123
3532.1,561123
3532.2,560827
3532.3,560942
3532.4,560849
3532.5,560871
3532.6,560871
3532.7,561117
3532.8,560957
3532.9,561001
3533,560843
3533.1,560843
3533.2,560865
3533.3,560887
3533.4,560887
3533.5,560887
3533.6,560887
3533.7,560909
3533.8,560931
3533.9,560745
3534,560561
3534.1,560767
3534.2,560882
3534.3,560675
3534.4,560789
3534.5,560926
3534.6,560833
3534.7,560854
3534.8,561035
3534.9,561057
3535,560876
3535.1,561057
3535.2,560805
3535.3,560920
3535.4,560734
3535.5,560849
3535.6,560871
3535.7,560778
3535.8,560958
3535.9,560980
3536,560908
3536.1,560729
3536.2,560844
3536.3,560959
3536.4,560866
3536.5,561046
3536.6,560996
3536.7,560881
3536.8,560903
3536.9,560838
3537,560860
3537.1,560838
3537.2,560767
3537.3,561084
3537.4,560697
3537.5,560991
3537.6,560833
3537.7,561129
3537.8,560855
3537.9,560855
3538,560941
3538.1,560985
3538.2,560713
3538.3,560827
3538.4,560943
3538.5,561124
3538.6,560936
3538.7,560979
3538.8,560793
3538.9,561118
3539,561002
3539.1,560844
3539.2,560751
3539.3,560773
3539.4,560996
3539.5,561112
3539.6,560809
3539.7,560975
3539.8,560997
3539.9,560746
3540,560746
3540.1,560947
3540.2,560947
3540.3,560991
3540.4,560876
3540.5,561107
3540.6,560762
3540.7,560762
3540.8,560964
3540.9,560692
3541,560692
3541.1,560692
3541.2,560713
3541.3,560643
3541.4,560779
3541.5,560958
3541.6,560801
3541.7,560894
3541.8,560958
3541.9,560822
3542,560844
3542.1,560866
3542.2,560795
3542.3,560975
3542.4,560997
3542.5,560997
3542.6,560997
3542.7,560925
3542.8,561085
3542.9,560676
3543,560905
3543.1,560812
3543.2,560719
3543.3,561035
3543.4,561036
3543.5,561058
3543.6,560899
3543.7,561015
3543.8,561015
3543.9,560943
3544,560943
3544.1,560757
3544.2,560959
3544.3,560801
3544.4,560916
3544.5,561032
3544.6,560894
3544.7,560845
3544.8,560845
3544.9,561047
3545,560795
3545.1,560932
3545.2,560746
3545.3,560746
3545.4,560861
3545.5,561042
3545.6,561085
3545.7,560790
3545.8,560719
3545.9,560741
3546,560763
3546.1,561058
3546.2,560964
3546.3,560964
3546.4,560964
3546.5,560807
3546.6,560736
3546.7,560850
3546.8,560937
3546.9,561003
3547,560866
3547.1,560981
3547.2,560823
3547.3,560845
3547.4,560867
3547.5,560889
3547.6,560796
3547.7,560911
3547.8,560818
3547.9,560998
3548,560747
3548.1,560769
3548.2,560883
3548.3,560812
3548.4,560905
3548.5,560927
3548.6,560927
3548.7,560741
3548.8,560943
3548.9,560785
3549,561081
3549.1,560829
3549.2,560829
3549.3,560944
3549.4,561031
3549.5,560873
3549.6,560802
3549.7,561003
3549.8,561120
3549.9,560753
3550,560660
3550.1,561048
3550.2,561091
3550.3,560976
3550.4,561092
3550.5,560747
3550.6,560747
3550.7,560948
3550.8,560948
3550.9,560898
3551,561014
3551.1,560835
3551.2,560835
3551.3,560878
3551.4,560878
3551.5,560965
3551.6,561125
3551.7,560915
3551.8,561009
3551.9,560851
3552,560873
3552.1,560780
3552.2,560802
3552.3,561098
3552.4,561047
3552.5,560838
3552.6,561070
3552.7,561048
3552.8,560682
3552.9,560704
3553,560998
3553.1,560948
3553.2,560948
3553.3,561043
3553.4,560992
3553.5,560971
3553.6,560993
3553.7,560742
3553.8,560943
3553.9,560943
3554,561081
3554.1,561009
3554.2,560894
3554.3,561032
3554.4,560938
3554.5,560981
3554.6,560981
3554.7,560888
3554.8,560910
3554.9,561026
3555,560933
3555.1,560861
3555.2,560977
3555.3,560977
3555.4,560704
3555.5,560977
3555.6,561021
3555.7,560927
3555.8,560971
3555.9,560791
3556,560699
3556.1,560835
3556.2,560922
3556.3,561059
3556.4,560944
3556.5,560966
3556.6,560602
3556.7,560988
3556.8,560894
3556.9,561010
3557,560960
3557.1,561004
3557.2,561005
3557.3,560640
3557.4,560846
3557.5,560868
3557.6,560775
3557.7,561093
3557.8,560905
3557.9,560949
3558,560971
3558.1,560678
3558.2,560792
3558.3,560699
3558.4,561088
3558.5,561037
3558.6,560850
3558.7,560850
3558.8,560894
3558.9,560894
3559,561032
3559.1,560938
3559.2,561054
3559.3,560867
3559.4,560889
3559.5,560983
3559.6,561026
3559.7,560955
3559.8,560861
3559.9,560883
3560,560812
3560.1,560927
3560.2,560927
3560.3,561022
3560.4,560950
3560.5,561110
3560.6,560829
3560.7,560915
3560.8,560915
3560.9,560915
3561,560873
3561.1,561010
3561.2,560916
3561.3,560845
3561.4,560960
3561.5,560774
3561.6,560954
3561.7,560682
3561.8,560818
3561.9,560933
3562,560862
3562.1,561093
3562.2,561093
3562.3,560999
3562.4,560813
3562.5,560950
3562.6,560856
3562.7,560878
3562.8,560994
3562.9,560857
3563,560901
3563.1,561038
3563.2,560851
3563.3,560895
3563.4,560917
3563.5,561033
3563.6,561033
3563.7,560939
3563.8,560939
3563.9,560867
3564,561005
3564.1,560840
3564.2,560934
3564.3,560934
3564.4,560956
3564.5,560978
3564.6,561116
3564.7,560928
3564.8,560742
3564.9,560972
3565,560857
3565.1,560879
3565.2,561061
3565.3,561061
3565.4,561061
3565.5,560873
3565.6,561105
3565.7,560967
3565.8,560917
3565.9,560961
3566,561077
3566.1,561005
3566.2,560819
3566.3,561050
3566.4,560912
3566.5,561145
3566.6,560956
3566.7,560956
3566.8,560813
3566.9,560950
3567,560764
3567.1,560995
3567.2,560973
3567.3,561089
3567.4,560744
3567.5,561178
3567.6,560989
3567.7,560896
3567.8,561171
3567.9,560940
3568,560962
3568.1,560984
3568.2,561006
3568.3,561028
3568.4,561028
3568.5,560841
3568.6,560841
3568.7,561043
3568.8,561109
3568.9,561016
3569,560743
3569.1,560879
3569.2,560879
3569.3,560786
3569.4,560716
3569.5,560645
3569.6,560939
3569.7,560911
3569.8,561098
3569.9,560983
3570,561005
3570.1,560818
3570.2,561049
3570.3,560705
3570.4,561043
3570.5,561043
3570.6,560971
3570.7,560971
3570.8,560785
3570.9,560900
3571,560944
3571.1,560758
3571.2,560988
3571.3,560801
3571.4,560823
3571.5,560845
3571.6,561164
3571.7,560932
3571.8,560976
3571.9,560933
3572,560955
3572.1,560977
3572.2,560906
3572.3,560720
3572.4,560742
3572.5,560764
3572.6,560878
3572.7,560785
3572.8,560922
3572.9,560829
3573,560966
3573.1,560780
3573.2,560688
3573.3,560917
3573.4,561011
3573.5,560917
3573.6,560824
3573.7,560983
3573.8,560911
3573.9,560911
3574,560840
3574.1,560955
3574.2,561050
3574.3,560978
3574.4,561094
3574.5,560907
3574.6,561044
3574.7,560950
3574.8,561088
3574.9,560815
3575,560837
3575.1,560766
3575.2,560695
3575.3,560809
3575.4,560809
3575.5,560809
3575.6,560947
3575.7,560853
3575.8,560897
3575.9,560826
3576,560941
3576.1,560848
3576.2,560870
3576.3,560985
3576.4,560892
3576.5,560842
3576.6,561117
3576.7,561023
3576.8,560793
3576.9,560793
3577,560815
3577.1,560930
3577.2,560859
3577.3,560881
3577.4,560788
3577.5,560925
3577.6,560832
3577.7,560761
3577.8,560876
3577.9,561056
3578,560826
3578.1,560848
3578.2,560964
3578.3,561080
3578.4,560892
3578.5,560707
3578.6,560979
3578.7,560750
3578.8,560980
3578.9,560959
3579,561003
3579.1,560730
3579.2,560931
3579.3,561091
3579.4,560903
3579.5,560997
3579.6,561041
3579.7,560747
3579.8,560768
3579.9,560790
3580,560719
3580.1,560921
3580.2,561058
3580.3,561080
3580.4,560965
3580.5,560807
3580.6,560714
3580.7,560850
3580.8,560937
3580.9,560959
3581,560981
3581.1,561097
3581.2,561025
3581.3,560660
3581.4,561070
3581.5,561019
3581.6,560998
3581.7,560840
3581.8,560884
3581.9,560999
3582,560928
3582.1,560972
3582.2,560878
3582.3,560715
3582.4,560715
3582.5,560715
3582.6,560944
3582.7,560873
3582.8,560917
3582.9,560961
3583,560867
3583.1,560889
3583.2,561005
3583.3,560818
3583.4,560818
3583.5,560862
3583.6,560791
3583.7,560720
3583.8,560857
3583.9,560857
3584,560764
3584.1,560786
3584.2,560808
3584.3,560829
3584.4,560938
3584.5,560938
3584.6,560982
3584.7,560982
3584.8,561048
3584.9,560933
3585,560955
3585.1,561020
3585.2,561115
3585.3,560927
3585.4,561064
3585.5,561015
3585.6,560921
3585.7,560735
3585.8,560872
3585.9,561009
3586,560872
3586.1,561010
3586.2,561054
3586.3,560866
3586.4,560953
3586.5,560997
3586.6,560954
3586.7,561049
3586.8,560705
3586.9,561093
3587,560906
3587.1,560856
3587.2,560785
3587.3,560900
3587.4,560922
3587.5,561059
3587.6,561038
3587.7,561104
3587.8,560988
3587.9,560845
3588,560845
3588.1,560982
3588.2,560818
3588.3,560933
3588.4,561071
3588.5,560977
3588.6,561021
3588.7,561021
3588.8,560949
3588.9,561065
3589,561110
3589.1,561016
3589.2,561038
3589.3,560966
3589.4,560966
3589.5,561199
3589.6,561010
3589.7,561011
3589.8,561077
3589.9,561005
3590,560911
3590.1,560890
3590.2,561005
3590.3,560955
3590.4,560955
3590.5,560906
3590.6,561044
3590.7,560972
3590.8,560900
3590.9,561016
3591,561016
3591.1,561038
3591.2,560737
3591.3,560873
3591.4,560917
3591.5,561033
3591.6,561077
3591.7,561077
3591.8,560846
3591.9,561005
3592,560934
3592.1,561166
3592.2,561072
3592.3,561072
3592.4,561000
3592.5,560929
3592.6,561045
3592.7,561111
3592.8,560879
3592.9,560930
3593,560859
3593.1,560974
3593.2,560903
3593.3,560831
3593.4,561034
3593.5,560962
3593.6,560733
3593.7,560848
3593.8,560963
3593.9,560870
3594,560892
3594.1,561095
3594.2,561044
3594.3,561089
3594.4,560794
3594.5,561024
3594.6,560953
3594.7,560975
3594.8,560997
3594.9,560810
3595,560940
3595.1,560847
3595.2,560940
3595.3,560805
3595.4,560942
3595.5,560756
3595.6,560892
3595.7,560979
3595.8,561023
3595.9,560929
3596,560973
3596.1,560974
3596.2,560723
3596.3,560745
3596.4,561062
3596.5,560696
3596.6,560968
3596.7,561128
3596.8,561056
3596.9,560941
3597,561101
3597.1,560892
3597.2,561007
3597.3,561146
3597.4,560958
3597.5,561001
3597.6,561045
3597.7,560974
3597.8,560996
3597.9,560902
3598,561134
3598.1,560903
3598.2,561041
3598.3,560990
3598.4,560991
3598.5,560963
3598.6,560941
3598.7,561057
3598.8,561079
3598.9,561123
3599,560892
3599.1,561168
3599.2,560979
3599.3,560930
3599.4,561068
3599.5,561068
3599.6,561090
3599.7,561018
3599.8,560925
3599.9,560969
3600,561013
3600.1,561035
3600.2,560920
3600.3,561101
3600.4,561007
3600.5,561030
3600.6,560843
3600.7,560864
3600.8,561002
3600.9,560930
3601,561025
3601.1,561091
3601.2,560882
3601.3,561041
3601.4,560947
3601.5,561085
3601.6,560991
3601.7,561013
3601.8,561152
3601.9,560986
3602,561030
3602.1,560936
3602.2,561052
3602.3,560937
3602.4,561075
3602.5,561003
3602.6,560931
3602.7,560975
3602.8,560925
3602.9,560925
3603,561020
3603.1,560861
3603.2,560790
3603.3,560834
3603.4,560741
3603.5,560943
3603.6,561102
3603.7,561030
3603.8,561009
3603.9,560873
3604,561010
3604.1,561032
3604.2,560867
3604.3,560682
3604.4,560796
3604.5,561020
3604.6,561042
3604.7,561042
3604.8,560884
3604.9,560928
3605,560857
3605.1,560878
3605.2,560807
3605.3,560715
3605.4,560937
3605.5,561075
3605.6,561076
3605.7,561004
3605.8,560753
3605.9,560890
3606,560797
3606.1,560840
3606.2,561159
3606.3,560834
3606.4,560878
3606.5,560993
3606.6,560835
3606.7,560879
3606.8,560786
3606.9,560923
3607,561054
3607.1,561098
3607.2,561076
3607.3,560824
3607.4,560824
3607.5,560868
3607.6,560890
3607.7,560819
3607.8,560905
3607.9,561043
3608,560907
3608.1,561022
3608.2,561045
3608.3,560857
3608.4,560901
3608.5,560923
3608.6,561032
3608.7,560990
3608.8,560803
3608.9,560940
3609,561078
3609.1,560984
3609.2,560798
3609.3,560977
3609.4,561022
3609.5,560885
3609.6,560814
3609.7,560836
3609.8,560973
3609.9,560880
3610,560809
3610.1,560831
3610.2,561011
3610.3,560782
3610.4,560918
3610.5,560963
3610.6,560869
3610.7,560913
3610.8,560913
3610.9,560935
3611,560957
3611.1,560771
3611.2,560815
3611.3,560858
3611.4,560996
3611.5,560974
3611.6,560724
3611.7,560903
3611.8,561041
3611.9,560990
3612,561035
3612.1,560848
3612.2,560892
3612.3,561029
3612.4,561051
3612.5,561030
3612.6,560980
3612.7,561024
3612.8,560952
3612.9,560881
3613,560903
3613.1,560925
3613.2,561157
3613.3,560832
3613.4,561107
3613.5,561035
3613.6,560734
3613.7,561102
3613.8,560914
3613.9,561146
3614,561052
3614.1,561074
3614.2,561002
3614.3,560909
3614.4,561141
3614.5,560681
3614.6,560817
3614.7,561114
3614.8,560926
3614.9,561085
3615,560898
3615.1,560942
3615.2,560943
3615.3,560807
3615.4,560829
3615.5,561031
3615.6,560959
3615.7,561119
3615.8,560909
3615.9,560932
3616,560889
3616.1,560933
3616.2,560747
3616.3,560791
3616.4,561130
3616.5,560921
3616.6,561058
3616.7,561037
3616.8,560807
3616.9,560851
3617,560873
3617.1,560917
3617.2,560753
3617.3,560868
3617.4,560868
3617.5,561005
3617.6,561027
3617.7,560956
3617.8,561000
3617.9,560928
3618,560857
3618.1,561088
3618.2,560901
3618.3,561133
3618.4,560945
3618.5,560989
3618.6,560917
3618.7,560846
3618.8,561078
3618.9,561006
3619,561028
3619.1,560934
3619.2,560978
3619.3,560907
3619.4,560835
3619.5,560835
3619.6,560879
3619.7,560923
3619.8,560923
3619.9,560852
3620,560989
3620.1,560918
3620.2,561056
3620.3,561056
3620.4,560984
3620.5,560913
3620.6,560999
3620.7,561138
3620.8,561001
3620.9,560836
3621,560858
3621.1,560973
3621.2,560902
3621.3,560989
3621.4,561054
3621.5,560983
3621.6,561027
3621.7,560847
3621.8,560985
3621.9,560891
3622,560935
3622.1,561022
3622.2,560972
3622.3,560786
3622.4,561132
3622.5,560744
3622.6,560880
3622.7,560924
3622.8,560946
3622.9,560875
3623,561005
3623.1,560819
3623.2,561050
3623.3,560956
3623.4,560820
3623.5,560842
3623.6,560886
3623.7,560815
3623.8,560945
3623.9,560967
3624,560989
3624.1,560990
3624.2,560896
3624.3,561034
3624.4,561078
3624.5,561144
3624.6,561072
3624.7,560885
3624.8,560979
3624.9,561117
3625,560750
3625.1,561089
3625.2,560996
3625.3,560745
3625.4,561156
3625.5,560968
3625.6,560925
3625.7,560969
3625.8,560783
3625.9,560920
3626,561007
3626.1,560871
3626.2,560800
3626.3,560729
3626.4,560772
3626.5,561003
3626.6,560931
3626.7,560860
3626.8,560975
3626.9,560789
3627,560718
3627.1,560855
3627.2,560963
3627.3,560827
3627.4,560849
3627.5,560987
3627.6,560893
3627.7,561031
3627.8,560937
3627.9,560981
3628,561069
3628.1,560839
3628.2,560882
3628.3,560998
3628.4,560926
3628.5,561159
3628.6,560971
3628.7,560899
3628.8,561007
3628.9,560864
3629,561075
3629.1,560823
3629.2,560960
3629.3,560888
3629.4,560910
3629.5,560997
3629.6,560854
3629.7,560991
3629.8,560992
3629.9,560949
3630,560878
3630.1,560807
3630.2,560944
3630.3,561031
3630.4,560887
3630.5,560931
3630.6,560910
3630.7,561142
3630.8,560796
3630.9,560840
3631,560769
3631.1,560970
3631.2,560920
3631.3,561014
3631.4,560785
3631.5,560785
3631.6,560829
3631.7,560873
3631.8,560917
3631.9,560917
3632,560846
3632.1,560775
3632.2,560818
3632.3,560818
3632.4,561137
3632.5,560791
3632.6,560720
3632.7,560764
3632.8,560786
3632.9,561082
3633,561126
3633.1,560938
3633.2,560982
3633.3,560932
3633.4,561026
3633.5,561071
3633.6,560977
3633.7,561021
3633.8,561065
3633.9,560813
3634,560743
3634.1,561081
3634.2,561104
3634.3,560830
3634.4,560917
3634.5,560961
3634.6,561005
3634.7,560661
3634.8,560955
3634.9,560819
3635,560841
3635.1,560863
3635.2,561066
3635.3,560994
3635.4,561038
3635.5,560809
3635.6,561040
3635.7,561062
3635.8,561084
3635.9,561012
3636,560940
3636.1,561027
3636.2,561072
3636.3,561022
3636.4,560886
3636.5,561118
3636.6,561046
3636.7,561068
3636.8,560880
3636.9,560989
3637,560824
3637.1,560983
3637.2,561078
3637.3,560848
3637.4,560963
3637.5,561007
3637.6,560820
3637.7,561044
3637.8,560857
3637.9,560901
3638,560995
3638.1,560766
3638.2,560996
3638.3,560925
3638.4,560854
3638.5,561100
3638.6,561006
3638.7,560934
3638.8,561072
3638.9,561073
3639,560843
3639.1,560980
3639.2,560974
3639.3,560996
3639.4,561156
3639.5,561062
3639.6,561084
3639.7,560832
3639.8,560876
3639.9,560920
3640,560849
3640.1,560871
3640.2,560957
3640.3,560980
3640.4,561024
3640.5,560773
3640.6,560974
3640.7,561113
3640.8,560767
3640.9,560904
3641,560811
3641.1,561013
3641.2,560870
3641.3,561123
3641.4,561030
3641.5,560979
3641.6,561024
3641.7,561024
3641.8,561068
3641.9,561113
3642,561063
3642.1,561085
3642.2,561013
3642.3,561057
3642.4,561057
3642.5,561102
3642.6,561030
3642.7,560958
3642.8,561002
3642.9,561046
3643,561047
3643.1,560953
3643.2,560975
3643.3,561135
3643.4,561180
3643.5,561014
3643.6,560849
3643.7,560893
3643.8,561008
3643.9,561030
3644,561031
3644.1,560981
3644.2,560909
3644.3,560953
3644.4,561063
3644.5,560926
3644.6,561158
3644.7,561064
3644.8,560698
3644.9,561109
3645,560965
3645.1,560778
3645.2,561002
3645.3,560959
3645.4,561003
3645.5,561098
3645.6,561026
3645.7,560954
3645.8,561137
3645.9,560855
3646,560762
3646.1,560899
3646.2,561015
3646.3,560879
3646.4,560808
3646.5,560945
3646.6,560938
3646.7,561026
3646.8,560839
3646.9,560839
3647,560976
3647.1,560977
3647.2,560748
3647.3,561066
3647.4,561037
3647.5,561060
3647.6,560872
3647.7,560801
3647.8,560823
3647.9,561076
3648,561005
3648.1,561049
3648.2,560999
3648.3,560906
3648.4,560950
3648.5,560763
3648.6,560807
3648.7,560851
3648.8,560988
3648.9,560917
3649,561055
3649.1,560983
3649.2,560912
3649.3,561115
3649.4,560927
3649.5,560971
3649.6,560993
3649.7,560944
3649.8,561060
3649.9,561104
3650,561032
3650.1,561098
3650.2,561026
3650.3,560954
3650.4,560998
3650.5,560905
3650.6,560905
3650.7,560950
3650.8,561132
3650.9,560966
3651,560988
3651.1,561032
3651.2,560960
3651.3,560889
3651.4,561027
3651.5,561049
3651.6,560883
3651.7,560834
3651.8,560856
3651.9,561059
3652,560922
3652.1,560829
3652.2,560966
3652.3,561010
3652.4,560961
3652.5,560682
3652.6,560726
3652.7,561020
3652.8,560884
3652.9,560906
3653,560950
3653.1,560764
3653.2,560715
3653.3,561032
3653.4,561076
3653.5,560710
3653.6,560846
3653.7,560890
3653.8,561028
3653.9,560956
3654,560792
3654.1,560835
3654.2,561154
3654.3,560786
3654.4,560923
3654.5,560967
3654.6,560896
3654.7,560825
3654.8,561144
3654.9,560905
3655,560727
3655.1,560863
3655.2,560771
3655.3,560814
3655.4,560858
3655.5,560902
3655.6,561105
3655.7,560983
3655.8,560983
3655.9,560983
3656,560847
3656.1,560891
3656.2,560935
3656.3,560979
3656.4,560930
3656.5,560744
3656.6,560881
3656.7,560788
3656.8,560925
3656.9,561012
3657,560782
3657.1,560826
3657.2,560957
3657.3,561001
3657.4,560728
3657.5,560658
3657.6,561045
3657.7,560995
3657.8,561134
3657.9,560990
3658,561129
3658.1,560876
3658.2,560805
3658.3,560827
3658.4,561123
3658.5,560979
3658.6,561023
3658.7,560973
3658.8,560881
3658.9,561062
3659,561040
3659.1,560969
3659.2,561034
3659.3,560963
3659.4,560891
3659.5,561051
3659.6,561052
3659.7,560980
3659.8,561118
3659.9,560773
3660,560702
3660.1,561040
3660.2,560853
3660.3,561013
3660.4,561013
3660.5,560964
3660.6,560921
3660.7,560850
3660.8,560894
3660.9,560981
3661,561025
3661.1,560975
3661.2,560975
3661.3,560926
3661.4,560790
3661.5,560927
3661.6,560856
3661.7,560965
3661.8,560987
3661.9,561052
3662,561097
3662.1,561141
3662.2,560774
3662.3,560818
3662.4,560840
3662.5,560677
3662.6,560993
3662.7,561130
3662.8,561058
3662.9,560800
3663,560937
3663.1,560981
3663.2,561120
3663.3,561026
3663.4,560839
3663.5,561114
3663.6,560833
3663.7,560877
3663.8,560806
3663.9,560850
3664,560894
3664.1,561032
3664.2,561054
3664.3,560982
3664.4,561091
3664.5,560768
3664.6,560698
3664.7,560856
3664.8,561087
3664.9,560994
3665,561016
3665.1,560944
3665.2,560916
3665.3,560938
3665.4,560867
3665.5,560796
3665.6,560797
3665.7,560956
3665.8,561094
3665.9,560928
3666,560973
3666.1,560922
3666.2,561060
3666.3,560989
3666.4,561127
3666.5,560760
3666.6,560690
3666.7,561006
3666.8,561050
3666.9,561000
3667,561044
3667.1,561023
3667.2,560951
3667.3,560995
3667.4,561040
3667.5,561084
3667.6,561056
3667.7,561078
3667.8,561006
3667.9,561007
3668,560935
3668.1,561073
3668.2,560843
3668.3,560794
3668.4,561018
3668.5,560946
3668.6,561062
3668.7,560811
3668.8,560854
3668.9,560876
3669,561196
3669.1,560871
3669.2,561096
3669.3,561024
3669.4,560866
3669.5,560910
3669.6,560954
3669.7,560976
3669.8,560811
3669.9,560855
3670,561080
3670.1,560850
3670.2,560757
3670.3,560801
3670.4,560916
3670.5,560752
3670.6,560795
3670.7,561019
3670.8,560876
3670.9,560876
3671,561108
3671.1,560878
3671.2,560692
3671.3,560736
3671.4,560780
3671.5,561003
3671.6,560975
3671.7,561092
3671.8,560840
3671.9,560862
3672,560906
3672.1,560993
3672.2,560785
3672.3,560987
3672.4,561032
3672.5,561054
3672.6,560802
3672.7,560846
3672.8,560890
3672.9,560819
3673,560770
3673.1,560993
3673.2,560835
3673.3,560973
3673.4,560995
3673.5,560923
3673.6,560967
3673.7,561011
3673.8,560911
3673.9,561071
3674,560819
3674.1,560956
3674.2,560885
3674.3,561023
3674.4,561067
3674.5,560902
3674.6,560946
3674.7,560803
3674.8,561034
3674.9,561079
3675,561079
3675.1,561123
3675.2,561073
3675.3,561001
3675.4,560837
3675.5,560880
3675.6,561018
3675.7,561157
3675.8,560947
3675.9,560876
3676,560941
3676.1,561102
3676.2,560728
3676.3,560772
3676.4,561002
3676.5,561046
3676.6,560953
3676.7,560997
3676.8,560947
3676.9,560991
3677,561007
3677.1,560849
3677.2,560986
3677.3,561030
3677.4,561075
3677.5,561119
3677.6,560931
3677.7,560882
3677.8,560926
3677.9,561158
3678,561086
3678.1,561014
3678.2,561015
3678.3,560965
3678.4,561031
3678.5,560959
3678.6,561003
3678.7,561026
3678.8,561070
3678.9,560955
3679,560999
3679.1,561043
3679.2,560993
3679.3,560965
3679.4,560894
3679.5,561032
3679.6,561032
3679.7,561077
3679.8,561005
3679.9,561049
3680,561021
3680.1,560971
3680.2,561016
3680.3,560922
3680.4,560966
3680.5,560967
3680.6,561149
3680.7,561099
3680.8,561049
3680.9,560956
3681,561072
3681.1,561000
3681.2,560929
3681.3,560973
3681.4,560901
3681.5,561083
3681.6,561033
3681.7,561172
3681.8,560962
3681.9,561078
3682,561123
3682.1,560892
3682.2,560843
3682.3,561045
3682.4,561017
3682.5,561061
3682.6,561062
3682.7,561107
3682.8,561012
3682.9,561057
3683,561240
3683.1,561095
3683.2,560907
3683.3,560952
3683.4,560859
3683.5,560903
3683.6,561041
3683.7,560969
3683.8,560941
3683.9,560985
3684,560913
3684.1,560842
3684.2,560886
3684.3,561024
3684.4,561068
3684.5,561019
3684.6,560832
3684.7,560876
3684.8,560826
3684.9,560964
3685,561102
3685.1,561103
3685.2,561147
3685.3,561075
3685.4,560953
3685.5,560882
3685.6,560926
3685.7,560854
3685.8,561086
3685.9,561130
3686,561037
3686.1,560987
3686.2,560959
3686.3,560888
3686.4,560838
3686.5,560976
3686.6,561020
3686.7,560833
3686.8,560993
3686.9,560921
3687,560965
3687.1,561009
3687.2,560730
3687.3,560866
3687.4,560910
3687.5,560954
3687.6,560999
3687.7,561043
3687.8,560993
3687.9,560829
3688,560944
3688.1,560988
3688.2,560989
3688.3,561033
3688.4,561005
3688.5,561049
3688.6,560999
3688.7,561044
3688.8,561066
3688.9,560994
3689,561111
3689.1,561039
3689.2,561011
3689.3,561055
3689.4,560912
3689.5,560956
3689.6,561094
3689.7,561000
3689.8,561044
3689.9,560973
3690,561017
3690.1,560759
3690.2,560710
3690.3,560962
3690.4,560984
3690.5,561123
3690.6,560935
3690.7,561001
3690.8,561045
3690.9,560880
3691,560924
3691.1,560968
3691.2,561201
3691.3,561107
3691.4,561057
3691.5,561101
3691.6,561051
3691.7,560886
3691.8,560815
3691.9,560859
3692,560996
3692.1,561135
3692.2,561180
3692.3,560897
3692.4,560848
3692.5,560914
3692.6,560936
3692.7,561169
3692.8,561075
3692.9,560845
3693,561047
3693.1,561019
3693.2,560970
3693.3,560920
3693.4,561058
3693.5,561197
3693.6,560965
3693.7,561009
3693.8,560960
3693.9,561048
3694,560976
3694.1,560948
3694.2,561087
3694.3,560971
3694.4,561037
3694.5,561081
3694.6,561126
3694.7,561076
3694.8,560910
3694.9,560926
3695,560883
3695.1,560927
3695.2,560971
3695.3,560900
3695.4,560829
3695.5,560780
3695.6,561141
3695.7,561237
3695.8,561005
3695.9,561049
3696,560977
3696.1,561022
3696.2,560950
3696.3,560901
3696.4,560851
3696.5,560873
3696.6,561011
3696.7,561055
3696.8,561100
3696.9,561028
3697,560978
3697.1,560814
3697.2,560857
3697.3,560879
3697.4,561017
3697.5,560924
3697.6,560968
3697.7,561012
3697.8,561100
3697.9,560935
3698,560863
3698.1,560907
3698.2,561140
3698.3,561067
3698.4,560881
3698.5,561041
3698.6,561129
3698.7,560848
3698.8,560799
3698.9,560799
3699,560842
3699.1,560886
3699.2,560930
3699.3,560996
3699.4,560832
3699.5,560876
3699.6,560920
3699.7,560826
3699.8,560964
3699.9,561008
3700,560958
3700.1,560909
3700.2,560953
3700.3,560997
3700.4,560926
3700.5,560854
3700.6,560898
3700.7,560942
3700.8,560871
3700.9,560937
3701,560888
3701.1,560932
3701.2,560976
3701.3,560905
3701.4,560833
3701.5,561036
3701.6,560964
3701.7,560958
3701.8,560865
3701.9,561003
3702,560867
3702.1,560911
3702.2,560955
3702.3,560769
3702.4,561130
3702.5,560964
3702.6,560987
3702.7,561031
3702.8,560802
3702.9,560939
3703,560983
3703.1,560796
3703.2,561159
3703.3,560970
3703.4,560993
3703.5,560879
3703.6,560923
3703.7,561061
3703.8,561011
3703.9,560824
3704,561143
3704.1,561071
3704.2,560999
3704.3,560885
3704.4,561045
3704.5,561089
3704.6,561134
3704.7,560968
3704.8,560803
3704.9,560847
3705,560934
3705.1,561094
3705.2,560979
3705.3,561023
3705.4,561068
3705.5,561112
3705.6,561040
3705.7,560969
3705.8,560897
3705.9,561006
3706,560870
3706.1,561030
3706.2,560980
3706.3,560931
3706.4,560953
3706.5,560903
3706.6,560832
3706.7,561034
3706.8,561079
3706.9,560849
3707,560893
3707.1,560937
3707.2,560981
3707.3,561025
3707.4,561069
3707.5,560697
3707.6,560833
3707.7,560877
3707.8,560828
3707.9,560965
3708,561009
3708.1,560960
3708.2,561004
3708.3,560954
3708.4,561136
3708.5,560812
3708.6,560920
3708.7,560807
3708.8,560850
3708.9,560894
3709,560938
3709.1,561048
3709.2,561114
3709.3,561064
3709.4,561064
3709.5,560928
3709.6,560879
3709.7,561038
3709.8,560873
3709.9,561193
3710,561120
3710.1,560998
3710.2,560999
3710.3,561043
3710.4,560907
3710.5,560857
3710.6,560808
3710.7,561032
3710.8,561121
3710.9,560983
3711,561027
3711.1,560798
3711.2,560842
3711.3,560793
3711.4,560744
3711.5,561105
3711.6,561055
3711.7,561033
3711.8,560919
3711.9,560963
3712,560799
3712.1,561001
3712.2,561067
3712.3,561061
3712.4,561040
3712.5,560810
3712.6,561128
3712.7,560898
3712.8,560827
3712.9,560935
3713,561023
3713.1,560880
3713.2,561018
3713.3,561018
3713.4,561063
3713.5,561107
3713.6,560877
3713.7,561102
3713.8,561073
3713.9,560908
3714,560909
3714.1,560953
3714.2,560997
3714.3,560768
3714.4,561086
3714.5,561036
3714.6,560986
3714.7,561169
3714.8,561097
3714.9,560888
3715,560932
3715.1,561113
3715.2,561064
3715.3,561014
3715.4,561058
3715.5,561103
3715.6,561009
3715.7,561053
3715.8,561003
3715.9,561048
3716,561092
3716.1,560949
3716.2,560993
3716.3,561037
3716.4,561081
3716.5,560894
3716.6,560938
3716.7,560867
3716.8,560933
3716.9,561187
3717,560884
3717.1,561088
3717.2,560972
3717.3,561016
3717.4,560988
3717.5,560917
3717.6,561026
3717.7,561005
3717.8,560862
3717.9,560906
3718,560950
3718.1,560994
3718.2,560923
3718.3,561126
3718.4,561054
3718.5,560940
3718.6,560984
3718.7,560841
3718.8,560885
3718.9,561023
3719,560973
3719.1,561060
3719.2,561105
3719.3,561149
3719.4,560825
3719.5,560776
3719.6,560935
3719.7,560864
3719.8,560908
3719.9,560952
3720,560766
3720.1,560810
3720.2,560853
3720.3,560826
3720.4,560986
3720.5,560914
3720.6,560958
3720.7,560887
3720.8,560931
3720.9,560860
3721,560904
3721.1,560876
3721.2,560920
3721.3,560964
3721.4,561009
3721.5,561147
3721.6,561075
3721.7,560910
3721.8,560954
3721.9,560811
3722,560855
3722.1,561131
3722.2,560922
3722.3,561177
3722.4,560988
3722.5,561076
3722.6,561121
3722.7,560977
3722.8,560834
3722.9,561065
3723,560814
3723.1,560858
3723.2,560902
3723.3,561011
3723.4,560983
3723.5,561049
3723.6,560884
3723.7,560928
3723.8,560857
3723.9,560901
3724,560945
3724.1,560989
3724.2,560847
3724.3,561166
3724.4,561021
3724.5,560979
3724.6,560907
3724.7,560836
3724.8,560787
3724.9,561011
3725,561194
3725.1,561100
3725.2,560776
3725.3,560913
3725.4,560957
3725.5,561002
3725.6,560722
3725.7,560945
3725.8,561033
3725.9,561056
3726,560848
3726.1,560986
3726.2,560914
3726.3,560865
3726.4,560794
3726.5,561039
3726.6,560946
3726.7,560918
3726.8,560941
3726.9,560920
3727,560871
3727.1,560915
3727.2,561118
3727.3,560996
3727.4,560925
3727.5,560853
3727.6,561013
3727.7,561036
3727.8,561080
3727.9,561125
3728,561119
3728.1,561047
3728.2,560975
3728.3,560904
3728.4,561064
3728.5,560970
3728.6,561131
3728.7,560872
3728.8,561053
3728.9,560960
3729,561142
3729.1,560954
3729.2,560811
3729.3,560971
3729.4,561037
3729.5,560987
3729.6,561032
3729.7,560939
3729.8,561004
3729.9,560933
3730,560883
3730.1,560834
3730.2,560900
3730.3,561038
3730.4,561061
3730.5,561105
3730.6,561033
3730.7,561005
3730.8,560956
3730.9,560813
3731,561015
3731.1,560901
3731.2,561039
3731.3,561083
3731.4,561034
3731.5,561078
3731.6,560705
3731.7,561044
3731.8,560907
3731.9,560836
3732,560995
3732.1,560903
3732.2,561201
3732.3,561034
3732.4,560869
3732.5,560820
3732.6,560958
3732.7,561002
3732.8,560909
3732.9,560953
3733,561135
3733.1,560991
3733.2,560942
3733.3,560986
3733.4,560936
3733.5,560981
3733.6,561025
3733.7,561069
3733.8,561114
3733.9,560970
3734,561014
3734.1,561059
3734.2,561125
3734.3,561126
3734.4,560802
3734.5,560911
3734.6,561092
3734.7,560949
3734.8,560993
3734.9,560900
3735,561177
3735.1,560946
3735.2,560896
3735.3,560940
3735.4,561050
3735.5,561116
3735.6,561044
3735.7,560994
3735.8,561061
3735.9,560967
3736,561012
3736.1,560962
3736.2,561100
3736.3,561145
3736.4,560863
3736.5,560951
3736.6,560995
3736.7,561061
3736.8,561084
3736.9,561035
3737,561079
3737.1,561007
3737.2,560936
3737.3,561023
3737.4,560858
3737.5,560831
3737.6,560991
3737.7,560898
3737.8,560942
3737.9,560871
3738,560915
3738.1,560887
3738.2,560953
3738.3,560810
3738.4,560947
3738.5,561203
3738.6,561109
3738.7,560763
3738.8,560987
3738.9,561075
3739,560932
3739.1,560882
3739.2,561020
3739.3,560927
3739.4,560971
3739.5,560857
3739.6,560966
3739.7,561054
3739.8,561026
3739.9,560933
3740,561071
3740.1,560727
3740.2,561001
3740.3,560836
3740.4,560996
3740.5,561105
3740.6,560990
3740.7,560941
3740.8,560985
3740.9,561029
3741,561074
3741.1,560908
3741.2,560859
3741.3,560810
3741.4,561034
3741.5,560805
3741.6,560871
3741.7,561008
3741.8,560937
3741.9,560680
3742,561134
3742.1,561041
3742.2,561085
3742.3,560942
3742.4,561102
3742.5,560872
3742.6,561031
3742.7,560931
3742.8,561069
3742.9,560997
3743,561085
3743.1,560834
3743.2,561175
3743.3,561125
3743.4,561192
3743.5,561026
3743.6,560954
3743.7,560998
3743.8,560948
3743.9,561131
3744,560944
3744.1,560916
3744.2,560960
3744.3,561005
3744.4,561049
3744.5,560977
3744.6,561160
3744.7,561015
3744.8,561060
3744.9,560917
3745,561055
3745.1,561077
3745.2,560847
3745.3,560956
3745.4,561000
3745.5,561045
3745.6,561039
3745.7,561083
3745.8,561033
3745.9,561034
3746,561101
3746.1,561029
3746.2,560979
3746.3,560930
3746.4,561018
3746.5,561062
3746.6,560919
3746.7,560963
3746.8,560986
3746.9,561030
3747,560958
3747.1,561185
3747.2,561091
3747.3,561136
3747.4,561224
3747.5,560920
3747.6,561175
3747.7,561125
3747.8,561075
3747.9,560845
3748,560889
3748.1,560955
3748.2,561000
3748.3,560742
3748.4,561059
3748.5,561125
3748.6,561098
3748.7,561004
3748.8,560890
3748.9,561050
3749,560907
3749.1,561016
3749.2,560967
3749.3,561032
3749.4,560961
3749.5,560711
3749.6,560985
3749.7,560935
3749.8,560886
3749.9,561017
3750,561061
3750.1,560832
3750.2,561128
3750.3,560805
3750.4,560964
3750.5,561124
3750.6,561097
3750.7,560953
3750.8,560997
3750.9,560926
3751,560855
3751.1,561014
3751.2,561059
3751.3,561009
3751.4,561076
3751.5,560932
3751.6,560883
3751.7,561021
3751.8,561065
3751.9,560878
3752,560850
3752.1,560894
3752.2,561025
3752.3,560911
3752.4,560955
3752.5,560999
3752.6,561044
3752.7,560764
3752.8,560945
3752.9,560895
3753,560940
3753.1,561049
3753.2,560934
3753.3,561160
3753.4,560929
3753.5,560765
3753.6,560831
3753.7,560875
3753.8,561012
3753.9,560869
3754,560913
3754.1,561044
3754.2,560994
3754.3,560901
3754.4,561222
3754.5,560761
3754.6,560805
3754.7,560848
3754.8,560892
3754.9,561045
3755,560787
3755.1,560831
3755.2,561106
3755.3,561013
3755.4,561057
3755.5,560914
3755.6,561096
3755.7,560952
3755.8,560968
3755.9,560990
3756,560969
3756.1,561035
3756.2,560942
3756.3,561009
3756.4,560959
3756.5,561047
3756.6,560882
3756.7,561107
3756.8,560970
3756.9,560921
3757,560965
3757.1,561031
3757.2,560982
3757.3,561026
3757.4,560954
3757.5,561086
3757.6,560856
3757.7,560900
3757.8,560944
3757.9,560917
3758,560983
3758.1,560911
3758.2,560862
3758.3,560971
3758.4,560950
3758.5,561016
3758.6,560967
3758.7,560803
3758.8,561005
3758.9,561049
3759,560999
3759.1,560950
3759.2,561154
3759.3,561083
3759.4,561033
3759.5,561077
3759.6,561006
3759.7,561071
3759.8,560978
3759.9,560972
3760,560945
3760.1,560968
3760.2,560739
3760.3,560783
3760.4,560827
3760.5,560871
3760.6,561001
3760.7,561046
3760.8,560903
3760.9,561179
3761,560948
3761.1,560992
3761.2,561037
3761.3,560987
3761.4,560938
3761.5,560888
3761.6,561114
3761.7,560812
3761.8,560949
3761.9,561110
3762,561060
3762.1,561104
3762.2,560939
3762.3,561005
3762.4,560956
3762.5,560906
3762.6,560972
3762.7,561111
3762.8,561083
3762.9,561128
3763,560869
3763.1,561028
3763.2,560935
3763.3,561023
3763.4,560974
3763.5,561018
3763.6,561062
3763.7,560919
3763.8,560963
3763.9,560806
3764,560872
3764.1,561191
3764.2,561047
3764.3,561041
3764.4,561085
3764.5,560992
3764.6,561037
3764.7,560922
3764.8,560988
3764.9,560939
3765,560890
3765.1,561115
3765.2,560884
3765.3,560928
3765.4,561132
3765.5,561017
3765.6,560989
3765.7,561150
3765.8,561100
3765.9,560957
3766,560908
3766.1,560952
3766.2,560766
3766.3,560717
3766.4,560897
3766.5,560963
3766.6,561030
3766.7,561074
3766.8,561024
3766.9,561069
3767,560789
3767.1,560948
3767.2,561014
3767.3,560964
3767.4,561009
3767.5,560959
3767.6,561026
3767.7,560768
3767.8,560812
3767.9,560971
3768,560921
3768.1,561082
3768.2,560916
3768.3,561076
3768.4,561121
3768.5,560977
3768.6,561109
3768.7,560786
3768.8,561038
3768.9,561083
3769,561150
3769.1,560984
3769.2,560912
3769.3,560885
3769.4,560900
3769.5,560902
3769.6,561039
3769.7,560946
3769.8,561013
3769.9,560985
3770,560935
3770.1,560793
3770.2,560837
3770.3,560881
3770.4,561157
3770.5,561064
3770.6,561014
3770.7,560964
3770.8,561052
3770.9,560909
3771,561018
3771.1,561063
3771.2,560948
3771.3,560992
3771.4,560965
3771.5,561009
3771.6,560982
3771.7,560795
3771.8,561070
3771.9,560927
3772,560971
3772.1,560829
3772.2,560873
3772.3,560845
3772.4,560889
3772.5,560818
3772.6,561000
3772.7,560950
3772.8,560995
3772.9,561032
3773,560983
3773.1,560754
3773.2,560913
3773.3,560841
3773.4,561117
3773.5,560974
3773.6,561040
3773.7,560897
3773.8,560848
3773.9,560963
3774,560914
3774.1,560865
3774.2,560931
3774.3,560997
3774.4,560947
3774.5,561014
3774.6,561058
3774.7,560800
3774.8,560937
3774.9,560888
3775,560839
3775.1,561020
3775.2,561065
3775.3,561131
3775.4,561082
3775.5,561126
3775.6,561076
3775.7,560911
3775.8,560955
3775.9,560999
3776,561278
3776.1,561133
3776.2,561039
3776.3,561033
3776.4,561077
3776.5,560934
3776.6,560978
3776.7,561023
3776.8,561045
3776.9,561017
3777,561084
3777.1,560941
3777.2,561007
3777.3,560842
3777.4,561096
3777.5,561140
3777.6,561185
3777.7,561135
3777.8,560991
3777.9,560848
3778,561073
3778.1,561075
3778.2,561119
3778.3,560660
3778.4,560818
3778.5,561043
3778.6,561037
3778.7,560872
3778.8,560916
3778.9,561098
3779,560911
3779.1,561071
3779.2,560957
3779.3,561088
3779.4,561082
3779.5,561010
3779.6,560939
3779.7,561122
3779.8,561072
3779.9,560928
3780,560973
3780.1,561061
3780.2,561106
3780.3,561034
3780.4,561078
3780.5,560935
3780.6,560908
3780.7,561039
3780.8,560717
3780.9,560969
3781,561129
3781.1,561079
3781.2,560914
3781.3,560980
3781.4,560745
3781.5,560968
3781.6,561107
3781.7,560876
3781.8,560827
3781.9,560871
3782,561096
3782.1,561069
3782.2,561041
3782.3,561086
3782.4,561130
3782.5,561080
3782.6,561031
3782.7,561003
3782.8,560932
3782.9,561209
3783,560884
3783.1,560950
3783.2,560901
3783.3,560759
3783.4,561171
3783.5,561048
3783.6,560999
3783.7,560770
3783.8,561023
3783.9,561090
3784,561040
3784.1,560804
3784.2,560848
3784.3,561167
3784.4,560936
3784.5,560793
3784.6,560837
3784.7,560997
3784.8,560969
3784.9,560827
3785,560958
3785.1,561190
3785.2,560959
3785.3,561025
3785.4,560976
3785.5,561137
3785.6,560763
3785.7,561008
3785.8,560894
3785.9,561025
3786,560889
3786.1,560955
3786.2,560999
3786.3,560972
3786.4,560923
3786.5,561126
3786.6,561098
3786.7,560868
3786.8,560819
3786.9,561001
3787,560951
3787.1,560995
3787.2,560946
3787.3,560897
3787.4,560825
3787.5,561072
3787.6,560929
3787.7,561089
3787.8,561200
3787.9,560832
3788,560876
3788.1,560920
3788.2,560778
3788.3,561096
3788.4,561207
3788.5,561062
3788.6,561085
3788.7,560855
3788.8,560899
3788.9,560850
3789,560801
3789.1,560867
3789.2,561114
3789.3,561159
3789.4,561109
3789.5,561153
3789.6,561198
3789.7,560780
3789.8,561055
3789.9,560912
3790,561072
3790.1,561139
3790.2,561089
3790.3,560946
3790.4,560874
3790.5,560983
3790.6,560891
3790.7,561051
3790.8,561213
3790.9,560931
3791,560975
3791.1,560969
3791.2,560827
3791.3,561145
3791.4,560914
3791.5,560959
3791.6,561142
3791.7,561092
3791.8,560948
3791.9,561015
3792,560665
3792.1,560981
3792.2,560867
3792.3,561026
3792.4,561071
3792.5,560927
3792.6,560878
3792.7,561103
3792.8,560960
3792.9,560961
3793,561005
3793.1,561072
3793.2,561022
3793.3,560951
3793.4,560808
3793.5,560968
3793.6,561034
3793.7,560985
3793.8,561168
3793.9,560980
3794,561162
3794.1,561135
3794.2,561063
3794.3,561107
3794.4,560964
3794.5,561124
3794.6,561097
3794.7,561069
3794.8,561231
3794.9,561137
3795,561182
3795.1,560764
3795.2,561082
3795.3,561076
3795.4,561120
3795.5,561093
3795.6,561065
3795.7,561066
3795.8,561017
3795.9,561061
3796,560875
3796.1,560919
3796.2,561050
3796.3,561095
3796.4,560951
3796.5,561134
3796.6,561084
3796.7,561013
3796.8,560985
3796.9,560871
3797,560844
3797.1,560888
3797.2,560839
3797.3,561064
3797.4,561058
3797.5,561102
3797.6,561075
3797.7,561098
3797.8,560867
3797.9,560818
3798,560884
3798.1,561015
3798.2,560987
3798.3,561025
3798.4,560795
3798.5,561071
3798.6,560977
3798.7,561138
3798.8,561111
3798.9,560988
3799,560846
3799.1,561005
3799.2,560956
3799.3,561022
3799.4,560951
3799.5,561134
3799.6,560990
3799.7,560940
3799.8,560891
3799.9,560957
3800,560930
3800.1,560974
3800.2,560832
3800.3,560876
3800.4,561144
3800.5,561051
3800.6,560821
3800.7,560909
3800.8,560860
3800.9,560718
3801,561174
3801.1,561168
3801.2,561096
3801.3,561024
3801.4,561091
3801.5,561020
3801.6,561109
3801.7,561103
3801.8,560959
3801.9,561025
3802,561164
3802.1,560905
3802.2,561065
3802.3,561131
3802.4,560988
3802.5,560938
3802.6,561099
3802.7,561166
3802.8,561072
3802.9,561044
3803,561016
3803.1,561061
3803.2,561222
3803.3,561034
3803.4,561122
3803.5,561073
3803.6,561139
3803.7,560996
3803.8,561135
3803.9,560904
3804,560970
3804.1,560921
3804.2,560965
3804.3,560981
3804.4,561069
3804.5,560947
3804.6,560970
3804.7,561066
3804.8,561016
3804.9,561060
3805,560917
3805.1,560775
3805.2,561232
3805.3,561043
3805.4,560994
3805.5,560995
3805.6,560946
3805.7,560897
3805.8,560869
3805.9,561094
3806,560980
3806.1,560930
3806.2,560997
3806.3,560947
3806.4,560898
3806.5,560964
3806.6,560822
3806.7,560866
3806.8,561025
3806.9,561187
3807,561042
3807.1,561109
3807.2,560872
3807.3,561192
3807.4,560845
3807.5,560911
3807.6,560977
3807.7,561138
3807.8,561110
3807.9,561061
3808,560824
3808.1,560868
3808.2,561093
3808.3,561160
3808.4,560951
3808.5,560902
3808.6,560990
3808.7,561035
3808.8,560985
3808.9,560936
3809,561067
3809.1,560924
3809.2,560925
3809.3,561057
3809.4,561240
3809.5,560958
3809.6,560844
3809.7,560975
3809.8,561063
3809.9,561129
3810,561102
3810.1,561125
3810.2,561170
3810.3,561120
3810.4,561091
3810.5,561064
3810.6,561087
3810.7,561060
3810.8,561010
3810.9,560918
3811,560962
3811.1,560820
3811.2,561138
3811.3,560994
3811.4,561105
3811.5,560853
3811.6,560897
3811.7,560755
3811.8,561001
3811.9,561045
3812,561090
3812.1,561106
3812.2,560855
3812.3,560921
3812.4,560965
3812.5,560937
3812.6,560888
3812.7,560926
3812.8,561013
3812.9,561131
3813,560829
3813.1,560988
3813.2,560939
3813.3,561005
3813.4,560748
3813.5,561131
3813.6,561081
3813.7,561032
3813.8,560781
3813.9,560940
3814,561189
3814.1,561044
3814.2,561133
3814.3,561083
3814.4,561055
3814.5,561217
3814.6,560935
3814.7,560821
3814.8,561162
3814.9,561156
3815,560969
3815.1,561013
3815.2,560986
3815.3,561052
3815.4,561025
3815.5,561113
3815.6,561136
3815.7,560791
3815.8,560856
3815.9,561081
3816,561148
3816.1,560732
3816.2,561209
3816.3,561065
3816.4,561182
3816.5,560858
3816.6,561177
3816.7,560875
3816.8,560848
3816.9,560820
3817,560864
3817.1,560930
3817.2,560881
3817.3,560990
3817.4,561195
3817.5,561123
3817.6,560886
3817.7,560773
3817.8,560932
3817.9,560790
3818,561108
3818.1,561102
3818.2,561074
3818.3,561047
3818.4,561070
3818.5,560840
3818.6,560906
3818.7,561132
3818.8,561126
3818.9,560982
3819,560955
3819.1,561021
3819.2,561088
3819.3,561132
3819.4,561155
3819.5,561055
3819.6,561005
3819.7,561072
3819.8,561095
3819.9,561068
3820,561134
3820.1,561179
3820.2,561035
3820.3,560892
3820.4,561074
3820.5,560938
3820.6,560888
3820.7,560955
3820.8,560927
3820.9,560785
3821,560916
3821.1,561170
3821.2,561004
3821.3,560890
3821.4,560956
3821.5,560907
3821.6,560995
3821.7,561171
3821.8,560983
3821.9,561028
3822,560913
3822.1,560980
3822.2,560930
3822.3,560903
3822.4,561034
3822.5,560920
3822.6,561051
3822.7,561096
3822.8,561112
3822.9,561157
3823,561224
3823.1,561196
3823.2,561052
3823.3,561096
3823.4,561047
3823.5,561114
3823.6,561086
3823.7,561059
3823.8,561082
3823.9,561032
3824,561099
3824.1,561143
3824.2,561137
3824.3,560950
3824.4,560966
3824.5,560989
3824.6,561056
3824.7,560941
3824.8,561167
3824.9,561117
3825,561068
3825.1,561157
3825.2,560926
3825.3,560899
3825.4,560757
3825.5,561191
3825.6,561185
3825.7,561230
3825.8,561202
3825.9,561225
3826,560807
3826.1,560966
3826.2,560939
3826.3,560797
3826.4,561065
3826.5,561037
3826.6,561060
3826.7,560946
3826.8,561194
3826.9,560963
3827,560820
3827.1,561205
3827.2,561039
3827.3,561084
3827.4,561195
3827.5,560827
3827.6,560893
3827.7,561118
3827.8,560817
3827.9,561041
3828,560927
3828.1,560877
3828.2,560966
3828.3,560823
3828.4,560983
3828.5,560840
3828.6,561181
3828.7,560857
3828.8,560901
3828.9,561083
3829,561034
3829.1,561006
3829.2,560950
3829.3,561249
3829.4,561155
3829.5,561149
3829.6,560782
3829.7,561145
3829.8,561139
3829.9,561162
3830,561112
3830.1,561179
3830.2,561057
3830.3,560806
3830.4,560894
3830.5,560844
3830.6,560911
3830.7,561071
3830.8,560927
3830.9,561248
3831,560829
3831.1,561120
3831.2,561187
3831.3,561210
3831.4,560885
3831.5,560951
3831.6,560995
3831.7,560853
3831.8,561100
3831.9,561211
3832,560929
3832.1,561089
3832.2,560946
3832.3,560832
3832.4,561195
3832.5,561145
3832.6,561118
3832.7,560953
3832.8,561157
3832.9,561086
3833,561080
3833.1,561030
3833.2,560981
3833.3,561141
3833.4,561114
3833.5,560862
3833.6,560928
3833.7,560966
3833.8,561054
3833.9,560818
3834,560862
3834.1,561138
3834.2,561088
3834.3,561155
3834.4,561084
3834.5,561034
3834.6,561028
3834.7,560885
3834.8,561045
3834.9,561018
3835,560969
3835.1,561151
3835.2,561124
3835.3,560980
3835.4,561024
3835.5,560997
3835.6,561180
3835.7,560993
3835.8,561103
3835.9,561076
3836,560982
3836.1,561165
3836.2,560884
3836.3,561160
3836.4,561016
3836.5,560989
3836.6,560962
3836.7,561050
3836.8,561000
3836.9,561161
3837,560723
3837.1,561179
3837.2,560762
3837.3,561240
3837.4,560686
3837.5,560752
3837.6,561113
3837.7,561085
3837.8,561108
3837.9,561103
3838,561075
3838.1,561237
3838.2,561048
3838.3,561115
3838.4,561109
3838.5,561082
3838.6,561054
3838.7,561027
3838.8,560777
3838.9,561095
3839,561206
3839.1,561112
3839.2,561012
3839.3,561195
3839.4,561051
3839.5,561212
3839.6,561185
3839.7,560997
3839.8,560948
3839.9,560942
3840,561030
3840.1,561075
3840.2,561026
3840.3,560976
3840.4,560949
3840.5,560943
3840.6,560894
3840.7,561054
3840.8,561216
3840.9,560869
3841,561094
3841.1,561067
3841.2,561177
3841.3,561033
3841.4,561078
3841.5,561167
3841.6,560800
3841.7,561046
3841.8,561207
3841.9,560790
3842,561036
3842.1,561030
3842.2,560958
3842.3,561141
3842.4,561020
3842.5,561181
3842.6,561131
3842.7,561103
3842.8,561170
3842.9,560889
3843,561188
3843.1,561160
3843.2,561132
3843.3,560989
3843.4,561055
3843.5,561006
3843.6,561050
3843.7,561001
3843.8,561184
3843.9,560860
3844,561129
3844.1,561152
3844.2,561008
3844.3,560981
3844.4,561163
3844.5,560998
3844.6,560971
3844.7,561131
3844.8,560830
3844.9,561148
3845,560846
3845.1,561115
3845.2,561182
3845.3,561177
3845.4,560809
3845.5,560969
3845.6,560941
3845.7,560986
3845.8,560843
3845.9,560974
3846,561062
3846.1,561129
3846.2,561196
3846.3,561052
3846.4,561097
3846.5,561069
3846.6,561020
3846.7,560742
3846.8,560900
3846.9,560873
3847,561098
3847.1,561165
3847.2,561138
3847.3,561015
3847.4,561060
3847.5,561105
3847.6,560897
3847.7,561057
3847.8,560914
3847.9,561162
3848,561018
3848.1,561084
3848.2,561057
3848.3,560849
3848.4,561009
3848.5,560982
3848.6,561114
3848.7,561108
3848.8,561014
3848.9,561103
3849,560895
3849.1,560868
3849.2,560934
3849.3,560907
3849.4,560951
3849.5,560995
3849.6,560853
3849.7,561129
3849.8,560964
3849.9,561074
3850,560837
3850.1,561179
3850.2,561224
3850.3,561079
3850.4,561081
3850.5,560916
3850.6,561026
3850.7,560999
3850.8,561043
3850.9,561016
3851,561148
3851.1,561098
3851.2,560890
3851.3,560863
3851.4,561022
3851.5,561089
3851.6,561156
3851.7,560897
3851.8,561144
3851.9,561117
3852,561089
3852.1,560975
3852.2,561041
3852.3,560992
3852.4,561036
3852.5,561009
3852.6,561098
3852.7,560976
3852.8,561021
3852.9,561087
3853,561060
3853.1,560917
3853.2,561237
3853.3,561115
3853.4,561094
3853.5,561067
3853.6,561090
3853.7,560969
3853.8,561056
3853.9,560913
3854,561111
3854.1,560975
3854.2,561135
3854.3,561298
3854.4,561015
3854.5,560987
3854.6,560981
3854.7,560954
3854.8,560812
3854.9,561248
3855,560944
3855.1,561010
3855.2,561077
3855.3,560934
3855.4,560884
3855.5,560929
3855.6,561017
3855.7,561084
3855.8,561056
3855.9,561189
3856,560886
3856.1,561206
3856.2,560903
3856.3,561063
3856.4,561036
3856.5,561009
3856.6,560981
3856.7,561230
3856.8,561020
3856.9,561247
3857,560829
3857.1,561265
3857.2,561237
3857.3,560934
3857.4,561094
3857.5,560951
3857.6,560901
3857.7,561149
3857.8,560847
3857.9,561189
3858,560886
3858.1,561046
3858.2,561019
3858.3,561063
3858.4,560920
3858.5,561009
3858.6,560981
3858.7,561230
3858.8,561086
3858.9,561087
3859,561038
3859.1,560988
3859.2,561120
3859.3,561092
3859.4,560791
3859.5,560951
3859.6,560923
3859.7,560896
3859.8,561166
3859.9,560978
3860,561067
3860.1,561134
3860.2,561019
3860.3,561085
3860.4,561036
3860.5,560980
3860.6,561090
3860.7,560839
3860.8,560927
3860.9,560878
3861,560944
3861.1,561010
3861.2,561077
3861.3,560840
3861.4,561065
3861.5,561132
3861.6,561317
3861.7,561289
3861.8,560869
3861.9,560842
3862,561161
3862.1,561111
3862.2,561019
3862.3,560992
3862.4,560964
3862.5,561031
3862.6,561069
3862.7,560954
3862.8,560812
3862.9,561087
3863,561060
3863.1,560989
3863.2,560983
3863.3,560978
3863.4,561022
3863.5,560879
3863.6,560738
3863.7,561289
3863.8,561261
3863.9,560958
3864,560981
3864.1,560953
3864.2,561135
3864.3,561086
3864.4,561058
3864.5,560937
3864.6,560910
3864.7,560883
3864.8,560927
3864.9,561110
3865,561060
3865.1,561033
3865.2,561099
3865.3,561094
3865.4,560908
3865.5,561112
3865.6,561084
3865.7,560941
3865.8,560799
3865.9,560864
3866,560931
3866.1,561208
3866.2,560926
3866.3,560993
3866.4,560893
3866.5,561119
3866.6,561113
3866.7,560905
3866.8,560971
3866.9,561038
3867,560988
3867.1,560961
3867.2,560819
3867.3,561095
3867.4,561067
3867.5,560996
3867.6,561107
3867.7,560870
3867.8,560936
3867.9,560794
3868,561229
3868.1,560904
3868.2,560992
3868.3,561059
3868.4,561031
3868.5,561164
3868.6,560926
3868.7,561086
3868.8,560785
3868.9,561060
3869,560917
3869.1,561006
3869.2,561138
3869.3,561183
3869.4,561038
3869.5,560853
3869.6,560941
3869.7,561262
3869.8,560958
3869.9,560931
3870,560882
3870.1,561224
3870.2,560921
3870.3,560987
3870.4,560982
3870.5,560955
3870.6,561116
3870.7,561066
3870.8,561133
3870.9,560989
3871,561056
3871.1,561028
3871.2,561095
3871.3,561068
3871.4,561040
3871.5,560991
3871.6,560870
3871.7,561030
3871.8,561003
3871.9,561142
3872,560998
3872.1,561160
3872.2,561154
3872.3,560988
3872.4,561099
3872.5,561071
3872.6,561044
3872.7,561205
3872.8,561040
3872.9,561201
3873,561195
3873.1,561051
3873.2,561140
3873.3,560975
3873.4,561041
3873.5,561036
3873.6,561008
3873.7,560959
3873.8,560932
3873.9,560998
3874,560927
3874.1,561132
3874.2,561199
3874.3,561054
3874.4,561027
3874.5,561087
3874.6,560973
3874.7,561039
3874.8,561106
3874.9,560941
3875,561051
3875.1,561024
3875.2,560974
3875.3,561041
3875.4,560992
3875.5,561103
3875.6,561032
3875.7,561048
3875.8,560998
3875.9,560949
3876,561110
3876.1,561082
3876.2,561033
3876.3,561028
3876.4,561000
3876.5,560973
3876.6,560924
3876.7,560990
3876.8,561057
3876.9,560986
3877,560959
3877.1,561069
3877.2,561230
3877.3,561086
3877.4,561059
3877.5,561031
3877.6,561004
3877.7,560977
3877.8,561160
3877.9,561016
3878,560967
3878.1,560939
3878.2,561122
3878.3,561095
3878.4,561090
3878.5,561134
3878.6,561107
3878.7,561130
3878.8,561124
3878.9,560887
3879,560975
3879.1,561136
3879.2,561203
3879.3,561153
3879.4,561126
3879.5,561098
3879.6,560955
3879.7,561044
3879.8,561016
3879.9,561178
3880,561150
3880.1,561217
3880.2,561073
3880.3,560930
3880.4,561083
3880.5,560991
3880.6,561058
3880.7,561030
3880.8,561003
3880.9,560860
3881,561085
3881.1,560899
3881.2,561082
3881.3,561032
3881.4,560984
3881.5,560978
3881.6,560950
3881.7,561199
3881.8,561149
3881.9,561216
3882,560913
3882.1,560886
3882.2,560859
3882.3,561106
3882.4,561057
3882.5,561262
3882.6,561191
3882.7,560888
3882.8,560976
3882.9,561320
3883,560807
3883.1,560873
3883.2,561237
3883.3,561005
3883.4,561160
3883.5,560951
3883.6,560831
3883.7,560897
3883.8,560848
3883.9,561189
3884,560887
3884.1,561069
3884.2,560948
3884.3,561079
3884.4,560965
3884.5,561119
3884.6,561186
3884.7,560884
3884.8,561131
3884.9,561221
3885,561011
3885.1,560984
3885.2,560935
3885.3,560907
3885.4,561133
3885.5,561011
3885.6,561100
3885.7,561051
3885.8,560959
3885.9,561090
3886,561063
3886.1,561013
3886.2,561008
3886.3,561075
3886.4,560867
3886.5,560840
3886.6,561182
3886.7,561154
3886.8,561148
3886.9,561027
3887,561166
3887.1,561139
3887.2,560995
3887.3,561084
3887.4,561172
3887.5,560935
3887.6,561118
3887.7,560981
3887.8,560839
3887.9,560927
3888,561058
3888.1,561031
3888.2,561025
3888.3,561071
3888.4,561138
3888.5,561227
3888.6,560924
3888.7,560897
3888.8,561028
3888.9,560979
3889,560951
3889.1,560953
3889.2,561202
3889.3,561174
3889.4,561147
3889.5,560909
3889.6,561113
3889.7,561063
3889.8,561153
3889.9,561081
3890,561054
3890.1,561071
3890.2,561000
3890.3,561066
3890.4,561060
3890.5,561106
3890.6,561217
3890.7,561189
3890.8,561046
3890.9,560903
3891,560991
3891.1,560963
3891.2,560800
3891.3,561119
3891.4,560954
3891.5,561021
3891.6,560993
3891.7,561060
3891.8,561148
3891.9,561143
3892,560978
3892.1,561045
3892.2,560837
3892.3,560903
3892.4,560876
3892.5,561124
3892.6,561118
3892.7,561090
3892.8,561157
3892.9,561086
3893,561059
3893.1,561148
3893.2,561004
3893.3,560998
3893.4,561182
3893.5,561110
3893.6,561178
3893.7,560782
3893.8,561123
3893.9,561095
3894,560995
3894.1,561062
3894.2,561107
3894.3,561080
3894.4,561053
3894.5,561003
3894.6,561019
3894.7,561086
3894.8,561132
3894.9,560923
3895,561266
3895.1,561144
3895.2,561255
3895.3,560879
3895.4,561039
3895.5,561012
3895.6,561101
3895.7,560893
3895.8,561236
3895.9,561113
3896,561180
3896.1,561131
3896.2,560944
3896.3,560917
3896.4,560890
3896.5,561072
3896.6,561110
3896.7,561177
3896.8,561150
3896.9,561006
3897,561190
3897.1,561068
3897.2,560767
3897.3,561107
3897.4,561174
3897.5,561124
3897.6,560981
3897.7,560976
3897.8,561065
3897.9,561175
3898,561104
3898.1,560961
3898.2,561165
3898.3,561138
3898.4,561227
3898.5,561083
3898.6,561128
3898.7,560985
3898.8,561051
3898.9,561024
3899,561135
3899.1,561107
3899.2,561102
3899.3,561053
3899.4,561004
3899.5,561092
3899.6,560927
3899.7,560922
3899.8,560917
3899.9,561077
3900,561050
3900.1,561095
3900.2,561206
3900.3,561084
3900.4,560941
3900.5,560986
3900.6,561052
3900.7,560752
3900.8,561092
3900.9,561203
3901,560943
3901.1,560938
3901.2,560983
3901.3,561166
3901.4,561139
3901.5,560837
3901.6,561084
3901.7,561195
3901.8,561123
3901.9,560864
3902,561185
3902.1,560746
3902.2,560992
3902.3,561081
3902.4,561192
3902.5,561048
3902.6,561114
3902.7,561087
3902.8,561154
3902.9,561032
3903,561005
3903.1,561189
3903.2,561045
3903.3,560995
3903.4,561084
3903.5,560963
3903.6,560936
3903.7,561302
3903.8,560882
3903.9,561319
3904,561174
3904.1,561169
3904.2,561141
3904.3,561231
3904.4,560906
3904.5,560994
3904.6,561126
3904.7,560825
3904.8,560891
3904.9,560979
3905,560952
3905.1,561018
3905.2,560991
3905.3,561058
3905.4,560915
3905.5,560910
3905.6,560883
3905.7,560971
3905.8,561038
3905.9,560988
3906,561077
3906.1,560841
3906.2,561022
3906.3,561112
3906.4,561062
3906.5,561013
3906.6,561101
3906.7,561191
3906.8,560953
3906.9,561042
3907,561109
3907.1,560944
3907.2,561171
3907.3,561143
3907.4,561116
3907.5,560972
3907.6,561155
3907.7,560990
3907.8,561195
3907.9,561030
3908,561046
3908.1,561113
3908.2,561085
3908.3,561036
3908.4,561125
3908.5,561054
3908.6,561027
3908.7,561043
3908.8,560922
3908.9,560988
3909,561055
3909.1,561028
3909.2,561001
3909.3,561090
3909.4,560946
3909.5,560919
3909.6,561079
3909.7,560958
3909.8,561025
3909.9,560998
3910,560877
3910.1,560872
3910.2,561032
3910.3,561164
3910.4,561137
3910.5,561226
3910.6,560923
3910.7,561012
3910.8,561239
3910.9,560935
3911,560793
3911.1,561156
3911.2,560970
3911.3,560942
3911.4,561191
3911.5,560982
3911.6,560932
3911.7,561021
3911.8,560785
3911.9,560967
3912,561238
3912.1,560912
3912.2,561095
3912.3,561068
3912.4,561040
3912.5,561173
3912.6,561168
3912.7,561075
3912.8,560932
3912.9,561114
3913,561087
3913.1,561060
3913.2,560824
3913.3,560797
3913.4,560978
3913.5,561161
3913.6,561040
3913.7,561106
3913.8,560985
3913.9,561023
3914,560816
3914.1,560997
3914.2,561086
3914.3,561176
3914.4,561032
3914.5,560889
3914.6,560862
3914.7,561044
3914.8,561017
3914.9,561062
3915,561195
3915.1,561007
3915.2,560815
3915.3,560881
3915.4,561042
3915.5,561153
3915.6,561104
3915.7,561120
3915.8,560977
3915.9,561160
3916,561110
3916.1,561105
3916.2,561151
3916.3,560849
3916.4,561002
3916.5,561163
3916.6,561253
3916.7,561086
3916.8,560964
3916.9,561192
3917,561026
3917.1,561254
3917.2,561109
3917.3,561294
3917.4,561149
3917.5,560912
3917.6,561094
3917.7,560973
3917.8,561112
3917.9,560991
3918,560942
3918.1,560915
3918.2,561024
3918.3,561019
3918.4,560992
3918.5,561059
3918.6,561032
3918.7,561004
3918.8,560977
3918.9,561226
3919,561221
3919.1,561012
3919.2,561078
3919.3,561051
3919.4,561183
3919.5,561062
3919.6,561034
3919.7,561123
3919.8,560915
3919.9,561098
3920,561070
3920.1,560834
3920.2,560807
3920.3,561097
3920.4,560962
3920.5,560934
3920.6,561023
3920.7,561155
3920.8,561034
3920.9,561050
3921,561001
3921.1,561046
3921.2,561019
3921.3,560833
3921.4,561080
3921.5,561214
3921.6,561026
3921.7,561136
3921.8,561065
3921.9,561155
3922,561127
3922.1,561006
3922.2,561095
3922.3,561089
3922.4,561018
3922.5,561202
3922.6,560806
3922.7,561052
3922.8,561186
3922.9,561114
3923,561203
3923.1,561037
3923.2,561010
3923.3,561005
3923.4,561000
3923.5,561161
3923.6,560859
3923.7,561106
3923.8,561195
3923.9,560778
3924,561280
3924.1,561252
3924.2,561086
3924.3,561197
3924.4,561032
3924.5,561026
3924.6,561115
3924.7,561205
3924.8,561039
3924.9,561150
3925,560985
3925.1,561190
3925.2,560952
3925.3,561040
3925.4,561086
3925.5,561153
3925.6,561148
3925.7,561098
3925.8,561188
3925.9,561087
3926,561177
3926.1,560939
3926.2,560984
3926.3,560957
3926.4,561140
3926.5,560946
3926.6,561195
3926.7,560985
3926.8,561147
3926.9,561003
3927,561092
3927.1,561204
3927.2,560988
3927.3,561032
3927.4,561121
3927.5,561167
3927.6,560980
3927.7,561018
3927.8,560991
3927.9,561101
3928,561074
3928.1,561119
3928.2,561092
3928.3,561087
3928.4,561198
3928.5,561076
3928.6,561005
3928.7,561116
3928.8,560951
3928.9,561040
3929,561106
3929.1,561101
3929.2,560893
3929.3,560960
3929.4,561208
3929.5,560906
3929.6,561176
3929.7,560874
3929.8,561282
3929.9,560842
3930,560793
3930.1,561039
3930.2,561128
3930.3,561101
3930.4,561096
3930.5,561069
3930.6,561136
3930.7,561225
3930.8,561219
3930.9,560960
3931,561049
3931.1,561210
3931.2,560907
3931.3,561273
3931.4,560969
3931.5,561006
3931.6,561139
3931.7,561003
3931.8,560976
3931.9,561159
3932,561132
3932.1,560895
3932.2,561026
3932.3,560863
3932.4,560929
3932.5,561018
3932.6,561201
3932.7,560963
3932.8,560936
3932.9,561090
3933,560998
3933.1,561064
3933.2,561059
3933.3,560989
3933.4,561005
3933.5,560978
3933.6,560835
3933.7,561017
3933.8,560969
3933.9,561291
3934,561030
3934.1,561141
3934.2,560904
3934.3,560877
3934.4,561059
3934.5,560938
3934.6,561121
3934.7,560978
3934.8,560972
3934.9,560945
3935,561012
3935.1,561007
3935.2,561052
3935.3,561163
3935.4,561041
3935.5,561131
3935.6,561081
3935.7,561054
3935.8,561005
3935.9,561116
3936,560973
3936.1,561200
3936.2,561173
3936.3,561145
3936.4,561096
3936.5,560838
3936.6,561063
3936.7,561058
3936.8,560987
3936.9,561076
3937,561071
3937.1,561043
3937.2,561016
3937.3,561011
3937.4,561195
3937.5,561167
3937.6,561235
3937.7,560996
3937.8,561085
3937.9,561058
3938,561031
3938.1,560917
3938.2,561166
3938.3,560928
3938.4,561132
3938.5,561011
3938.6,561100
3938.7,561051
3938.8,561024
3938.9,561252
3939,561224
3939.1,561080
3939.2,560959
3939.3,561142
3939.4,561115
3939.5,561066
3939.6,560923
3939.7,561055
3939.8,561028
3939.9,561095
3940,561067
3940.1,561019
3940.2,561129
3940.3,560964
3940.4,561191
3940.5,560976
3940.6,561042
3940.7,561109
3940.8,560967
3940.9,561077
3941,561050
3941.1,560929
3941.2,561017
3941.3,561150
3941.4,560941
3941.5,561030
3941.6,561025
3941.7,561179
3941.8,561247
3941.9,560943
3942,561192
3942.1,560889
3942.2,561137
3942.3,560857
3942.4,560924
3942.5,560990
3942.6,561079
3942.7,560936
3942.8,561207
3942.9,561020
3943,561174
3943.1,560872
3943.2,560845
3943.3,561092
3943.4,561042
3943.5,561176
3943.6,561033
3943.7,561005
3943.8,561072
3943.9,561162
3944,560924
3944.1,561012
3944.2,561123
3944.3,560958
3944.4,561142
3944.5,561158
3944.6,561087
3944.7,560987
3944.8,560960
3944.9,561049
3945,560885
3945.1,561067
3945.2,561178
3945.3,561012
3945.4,561029
3945.5,561118
3945.6,561208
3945.7,561042
3945.8,561131
3945.9,560830
3946,560961
3946.1,560999
3946.2,560929
3946.3,561134
3946.4,560925
3946.5,561291
3946.6,561052
3946.7,561185
3946.8,561158
3946.9,561203
3947,560901
3947.1,560989
3947.2,560962
3947.3,561022
3947.4,561089
3947.5,561156
3947.6,560969
3947.7,560964
3947.8,561031
3947.9,560932
3948,560812
3948.1,561088
3948.2,560945
3948.3,561034
3948.4,561006
3948.5,561183
3948.6,560881
3948.7,561063
3948.8,561101
3948.9,561009
3949,560888
3949.1,561253
3949.2,561343
3949.3,561038
3949.4,561128
3949.5,561078
3949.6,560957
3949.7,560930
3949.8,561201
3949.9,561108
3950,560943
3950.1,561170
3950.2,561026
3950.3,560999
3950.4,561088
3950.5,560873
3950.6,560962
3950.7,561051
3950.8,561023
3950.9,560996
3951,561128
3951.1,561123
3951.2,560937
3951.3,561120
3951.4,561093
3951.5,561065
3951.6,561198
3951.7,560982
3951.8,560890
3951.9,560979
3952,561068
3952.1,560947
3952.2,560920
3952.3,560957
3952.4,561279
3952.5,561326
3952.6,560905
3952.7,560900
3952.8,560989
3952.9,560962
3953,561137
3953.1,560879
3953.2,561061
3953.3,560783
3953.4,560871
3953.5,561140
3953.6,561040
3953.7,561107
3953.8,561153
3953.9,560966
3954,560846
3954.1,561210
3954.2,560972
3954.3,561199
3954.4,561034
3954.5,561218
3954.6,561308
3954.7,560910
3954.8,560905
3954.9,561248
3955,560944
3955.1,560802
3955.2,560890
3955.3,561001
3955.4,561273
3955.5,561063
3955.6,561013
3955.7,561102
3955.8,560959
3955.9,560954
3956,560949
3956.1,561038
3956.2,560967
3956.3,560984
3956.4,560957
3956.5,560836
3956.6,561295
3956.7,561013
3956.8,561008
3956.9,561075
3957,560954
3957.1,561137
3957.2,560900
3957.3,561265
3957.4,561078
3957.5,561050
3957.6,561023
3957.7,560903
3957.8,560876
3957.9,561029
3958,561053
3958.1,561026
3958.2,560999
3958.3,561088
3958.4,561177
3958.5,561215
3958.6,561006
3958.7,561095
3958.8,561068
3958.9,561157
3959,561036
3959.1,561008
3959.2,561069
3959.3,561136
3959.4,561225
3959.5,560922
3959.6,560917
3959.7,561006
3959.8,561160
3959.9,561111
3960,561083
3960.1,560898
3960.2,561146
3960.3,560866
3960.4,561136
3960.5,561225
3960.6,561197
3960.7,561148
3960.8,560846
3960.9,560957
3961,561205
3961.1,561018
3961.2,560991
3961.3,560849
3961.4,561053
3961.5,561048
3961.6,561021
3961.7,561110
3961.8,560945
3961.9,561150
3962,561123
3962.1,561118
3962.2,561090
3962.3,560991
3962.4,560943
3962.5,561148
3962.6,561120
3962.7,561093
3962.8,561088
3962.9,561083
3963,561056
3963.1,561029
3963.2,561001
3963.3,560974
3963.4,561129
3963.5,561124
3963.6,561031
3963.7,561026
3963.8,561072
3963.9,560972
3964,560945
3964.1,560983
3964.2,560891
3964.3,560979
3964.4,560931
3964.5,561158
3964.6,561036
3964.7,561191
3964.8,561141
3964.9,561049
3965,561000
3965.1,561089
3965.2,561128
3965.3,560984
3965.4,561278
3965.5,561046
3965.6,561136
3965.7,561014
3965.8,561103
3965.9,561098
3966,561136
3966.1,561321
3966.2,561039
3966.3,561106
3966.4,561101
3966.5,560980
3966.6,561069
3966.7,560926
3966.8,561014
3966.9,561104
3967,561193
3967.1,560956
3967.2,561066
3967.3,561039
3967.4,561106
3967.5,561079
3967.6,560937
3967.7,561163
3967.8,561064
3967.9,561087
3968,561104
3968.1,561076
3968.2,561049
3968.3,561044
3968.4,561134
3968.5,561179
3968.6,561291
3968.7,561125
3968.8,561003
3968.9,561114
3969,561109
3969.1,561104
3969.2,561194
3969.3,561006
3969.4,561022
3969.5,561112
3969.6,560990
3969.7,560870
3969.8,560958
3969.9,560931
3970,561020
3970.1,560899
3970.2,561242
3970.3,560868
3970.4,561050
3970.5,561045
3970.6,561018
3970.7,561107
3970.8,560986
3970.9,561235
3971,560932
3971.1,561137
3971.2,561088
3971.3,561061
3971.4,561077
3971.5,560956
3971.6,560929
3971.7,561112
3971.8,561063
3971.9,561059
3972,561287
3972.1,561048
3972.2,560884
3972.3,561087
3972.4,561083
3972.5,561034
3972.6,561007
3972.7,561140
3972.8,561135
3972.9,561108
3973,560964
3973.1,561053
3973.2,561048
3973.3,561021
3973.4,561016
3973.5,560989
3973.6,561238
3973.7,561233
3973.8,560930
3973.9,561201
3974,560805
3974.1,560893
3974.2,560960
3974.3,561208
3974.4,560834
3974.5,561198
3974.6,560918
3974.7,560891
3974.8,561233
3974.9,560930
3975,560810
3975.1,560921
3975.2,561169
3975.3,560982
3975.4,561071
3975.5,561044
3975.6,561017
3975.7,561266
3975.8,561284
3975.9,561074
3976,560816
3976.1,561042
3976.2,561131
3976.3,560987
3976.4,560983
3976.5,560978
3976.6,561067
3976.7,561039
3976.8,561012
3976.9,561007
3977,561257
3977.1,561040
3977.2,561130
3977.3,561197
3977.4,560916
3977.5,560889
3977.6,561299
3977.7,561059
3977.8,561149
3977.9,561100
3978,560914
3978.1,560909
3978.2,560789
3978.3,561058
3978.4,561052
3978.5,560939
3978.6,560934
3978.7,560907
3978.8,561178
3978.9,561150
3979,561123
3979.1,561096
3979.2,561185
3979.3,560905
3979.4,561270
3979.5,560873
3979.6,560962
3979.7,560935
3979.8,560908
3979.9,560996
3980,560991
3980.1,561146
3980.2,560959
3980.3,561026
3980.4,560999
3980.5,560878
3980.6,560967
3980.7,561121
3980.8,560935
3980.9,561024
3981,561091
3981.1,560970
3981.2,561059
3981.3,561170
3981.4,561049
3981.5,561022
3981.6,561228
3981.7,561201
3981.8,561079
3981.9,560958
3982,561163
3982.1,560998
3982.2,561131
3982.3,561104
3982.4,561193
3982.5,560956
3982.6,560951
3982.7,561040
3982.8,561035
3982.9,561102
3983,561097
3983.1,560976
3983.2,560971
3983.3,561037
3983.4,561033
3983.5,561122
3983.6,561095
3983.7,561184
3983.8,561245
3983.9,560826
3984,561030
3984.1,561120
3984.2,561092
3984.3,560971
3984.4,561125
3984.5,561033
3984.6,561028
3984.7,561117
3984.8,561207
3984.9,561180
3985,561080
3985.1,561148
3985.2,561026
3985.3,561072
3985.4,561067
3985.5,561156
3985.6,560941
3985.7,561145
3985.8,561235
3985.9,561208
3986,561203
3986.1,561037
3986.2,561149
3986.3,561166
3986.4,561044
3986.5,561017
3986.6,560990
3986.7,561079
3986.8,561074
3986.9,560953
3987,561224
3987.1,561037
3987.2,561010
3987.3,561259
3987.4,561254
3987.5,561132
3987.6,561340
3987.7,561195
3987.8,560892
3987.9,560887
3988,561157
3988.1,561247
3988.2,560966
3988.3,560939
3988.4,560934
3988.5,560792
3988.6,561155
3988.7,561150
3988.8,561080
3988.9,561053
3989,561048
3989.1,561021
3989.2,560994
3989.3,561148
3989.4,560962
3989.5,561051
3989.6,561046
3989.7,561019
3989.8,561014
3989.9,560778
3990,561141
3990.1,560955
3990.2,561044
3990.3,561017
3990.4,560896
3990.5,560891
3990.6,560864
3990.7,561069
3990.8,561020
3990.9,561248
3991,561032
3991.1,561005
3991.2,560978
3991.3,560951
3991.4,561018
3991.5,561108
3991.6,561103
3991.7,560981
3991.8,561165
3991.9,561138
3992,561016
3992.1,561105
3992.2,561101
3992.3,561234
3992.4,561091
3992.5,561085
3992.6,561080
3992.7,561053
3992.8,561142
3992.9,560927
3993,561016
3993.1,561105
3993.2,561078
3993.3,560957
3993.4,561046
3993.5,560904
3993.6,561036
3993.7,561126
3993.8,561077
3993.9,560977
3994,561066
3994.1,561061
3994.2,560963
3994.3,561146
3994.4,561097
3994.5,561114
3994.6,561087
3994.7,560850
3994.8,561077
3994.9,561261
3995,561001
3995.1,561229
3995.2,561107
3995.3,561262
3995.4,561140
3995.5,560954
3995.6,561159
3995.7,561132
3995.8,561222
3995.9,561006
3996,561160
3996.1,561068
3996.2,560926
3996.3,561109
3996.4,561104
3996.5,561237
3996.6,561115
3996.7,561088
3996.8,561178
3996.9,561035
3997,561124
3997.1,561258
3997.2,560998
3997.3,561108
3997.4,561176
3997.5,561033
3997.6,560963
3997.7,561117
3997.8,561112
3997.9,561085
3998,561058
3998.1,561169
3998.2,561026
3998.3,561021
3998.4,561154
3998.5,561105
3998.6,561173
3998.7,561051
3998.8,560773
3998.9,560861
3999,561131
3999.1,561220
3999.2,561011
3999.3,561100
3999.4,561161
3999.5,561251
3999.6,560761
3999.7,561059
3999.8,561031
3999.9,561004
4000,561093
4000.1,560857
4000.2,561149
4000.3,560754
4000.4,560958
4000.5,561025
4000.6,560997
4000.7,561174
4000.8,561147
4000.9,560932
4001,561137
4001.1,561227
4001.2,560831
4001.3,561078
4001.4,561094
4001.5,561112
4001.6,561063
4001.7,561153
4001.8,561126
4001.9,561121
4002,560999
4002.1,561016
4002.2,561105
4002.3,561057
4002.4,561052
4002.5,561163
4002.6,561158
4002.7,561153
4002.8,560915
4002.9,561215
4003,561210
4003.1,561089
4003.2,561178
4003.3,560963
4003.4,561029
4003.5,561141
4003.6,561231
4003.7,561182
4003.8,560967
4003.9,561216
4004,561189
4004.1,561045
4004.2,561134
4004.3,561108
4004.4,561030
4004.5,560982
4004.6,561071
4004.7,561182
4004.8,561060
4004.9,561128
4005,561145
4005.1,561140
4005.2,561230
4005.3,560970
4005.4,561081
4005.5,560960
4005.6,561049
4005.7,561066
4005.8,561156
4005.9,561012
4006,561101
4006.1,560980
4006.2,561186
4006.3,561087
4006.4,561176
4006.5,561011
4006.6,561006
4006.7,561117
4006.8,560996
4006.9,560991
4007,560942
4007.1,561148
4007.2,561238
4007.3,561116
4007.4,561132
4007.5,561011
4007.6,561078
4007.7,561146
4007.8,561141
4007.9,561020
4008,561015
4008.1,561126
4008.2,561077
4008.3,561072
4008.4,561257
4008.5,561092
4008.6,561247
4008.7,561125
4008.8,561003
4008.9,561028
4009,561117
4009.1,560996
4009.2,561173
4009.3,561263
4009.4,560844
4009.5,561208
4009.6,560927
4009.7,561016
4009.8,561288
4009.9,561071
4010,561073
4010.1,560952
4010.2,561201
4010.3,560921
4010.4,560916
4010.5,561186
4010.6,561159
4010.7,561249
4010.8,561222
4010.9,561151
4011,561030
4011.1,561025
4011.2,561114
4011.3,561204
4011.4,561177
4011.5,560961
4011.6,561050
4011.7,561162
4011.8,561135
4011.9,561225
4012,561103
4012.1,560938
4012.2,561071
4012.3,561066
4012.4,561039
4012.5,560990
4012.6,561079
4012.7,561096
4012.8,561069
4012.9,561181
4013,561271
4013.1,560946
4013.2,561035
4013.3,560821
4013.4,561324
4013.5,561085
4013.6,561102
4013.7,561192
4013.8,561049
4013.9,561138
4014,561250
4014.1,561127
4014.2,561094
4014.3,561118
4014.4,560975
4014.5,561086
4014.6,561198
4014.7,561076
4014.8,560955
4014.9,561322
4015,561039
4015.1,561129
4015.2,561124
4015.3,561025
4015.4,561063
4015.5,560877
4015.6,560966
4015.7,560961
4015.8,561050
4015.9,560951
4016,561223
4016.1,561195
4016.2,561212
4016.3,561163
4016.4,561158
4016.5,560878
4016.6,561149
4016.7,561121
4016.8,561000
4016.9,561346
4017,561201
4017.1,561080
4017.2,561119
4017.3,561070
4017.4,561254
4017.5,561132
4017.6,561127
4017.7,561006
4017.8,561024
4017.9,561134
4018,561203
4018.1,561219
4018.2,561054
4018.3,561093
4018.4,560994
4018.5,561083
4018.6,560919
4018.7,561145
4018.8,561002
4018.9,561019
4019,561131
4019.1,561126
4019.2,561216
4019.3,561094
4019.4,561067
4019.5,561062
4019.6,560963
4019.7,561052
4019.8,561142
4019.9,561137
4020,561110
4020.1,560989
4020.2,561165
4020.3,560979
4020.4,560974
4020.5,561063
4020.6,560942
4020.7,561309
4020.8,561092
4020.9,561022
4021,560995
4021.1,561012
4021.2,560892
4021.3,561162
4021.4,561157
4021.5,561013
4021.6,561220
4021.7,561215
4021.8,561424
4021.9,560929
4022,560989
4022.1,560690
4022.2,561190
4022.3,561141
4022.4,561136
4022.5,561131
4022.6,561265
4022.7,561143
4022.8,561116
4022.9,561067
4023,561179
4023.1,561174
4023.2,561075
4023.3,561048
4023.4,561181
4023.5,561016
4023.6,561011
4023.7,561006
4023.8,561140
4023.9,561091
4024,561225
4024.1,561197
4024.2,561076
4024.3,561071
4024.4,561271
4024.5,561061
4024.6,561056
4024.7,561029
4024.8,561302
4024.9,561136
4025,560921
4025.1,561010
4025.2,561099
4025.3,561094
4025.4,560858
4025.5,561222
4025.6,560848
4025.7,561235
4025.8,560932
4025.9,561021
4026,561176
4026.1,561076
4026.2,561093
4026.3,561161
4026.4,561156
4026.5,561246
4026.6,561030
4026.7,561141
4026.8,561042
4026.9,560994
4027,561083
4027.1,561078
4027.2,561073
4027.3,561207
4027.4,560991
4027.5,561058
4027.6,560916
4027.7,561165
4027.8,560906
4027.9,561039
4028,561216
4028.1,561284
4028.2,561002
4028.3,561208
4028.4,560856
4028.5,561060
4028.6,560983
4028.7,561072
4028.8,560951
4028.9,561040
4029,561152
4029.1,561147
4029.2,561230
4029.3,561021
4029.4,560900
4029.5,561148
4029.6,560984
4029.7,561256
4029.8,560881
4029.9,560855
4030,560965
4030.1,560938
4030.2,561327
4030.3,561110
4030.4,560924
4030.5,561129
4030.6,561008
4030.7,561163
4030.8,560976
4030.9,560878
4031,561177
4031.1,561173
4031.2,561124
4031.3,561024
4031.4,561113
4031.5,561269
4031.6,561081
4031.7,561171
4031.8,561189
4031.9,561279
4032,561157
4032.1,561035
4032.2,561125
4032.3,561193
4032.4,561071
4032.5,561278
4032.6,560881
4032.7,560941
4032.8,561030
4032.9,561119
4033,560933
4033.1,561204
4033.2,561199
4033.3,561239
4033.4,561073
4033.5,561046
4033.6,561135
4033.7,560856
4033.8,560851
4033.9,561259
4034,561116
4034.1,561205
4034.2,560903
4034.3,560898
4034.4,561169
4034.5,561164
4034.6,561042
4034.7,561132
4034.8,561105
4034.9,561312
4035,560821
4035.1,561207
4035.2,561180
4035.3,560785
4035.4,560873
4035.5,560891
4035.6,561256
4035.7,561156
4035.8,561086
4035.9,561153
4036,561032
4036.1,561187
4036.2,561182
4036.3,561199
4036.4,561013
4036.5,561102
4036.6,560981
4036.7,560976
4036.8,561225
4036.9,561126
4037,560940
4037.1,560935
4037.2,561118
4037.3,561179
4037.4,561174
4037.5,561075
4037.6,561005
4037.7,560978
4037.8,560973
4037.9,561062
4038,561240
4038.1,561001
4038.2,560839
4038.3,561203
4038.4,561038
4038.5,560918
4038.6,560913
4038.7,561205
4038.8,561274
4038.9,560992
4039,561198
4039.1,560961
4039.2,560956
4039.3,561227
4039.4,560924
4039.5,561035
4039.6,561030
4039.7,560932
4039.8,561298
4039.9,561081
4040,561054
4040.1,561144
4040.2,560864
4040.3,561134
4040.4,561152
4040.5,561030
4040.6,561120
4040.7,561231
4040.8,561088
4040.9,561200
4041,561078
4041.1,561096
4041.2,561186
4041.3,561085
4041.4,561081
4041.5,561170
4041.6,560934
4041.7,560972
4041.8,561061
4041.9,561151
4042,561124
4042.1,561025
4042.2,561231
4042.3,561132
4042.4,561127
4042.5,561217
4042.6,561074
4042.7,560996
4042.8,561086
4042.9,561103
4043,561193
4043.1,561166
4043.2,561067
4043.3,560946
4043.4,561100
4043.5,561117
4043.6,561207
4043.7,561298
4043.8,560922
4043.9,560802
4044,561093
4044.1,560886
4044.2,560974
4044.3,561086
4044.4,561081
4044.5,561076
4044.6,561232
4044.7,561204
4044.8,560924
4044.9,560876
4045,561081
4045.1,561003
4045.2,560999
4045.3,561271
4045.4,561083
4045.5,561035
4045.6,561146
4045.7,561025
4045.8,561158
4045.9,560900
4046,561126
4046.1,561100
4046.2,561095
4046.3,561185
4046.4,561224
4046.5,561059
4046.6,561170
4046.7,561165
4046.8,561160
4046.9,561134
4047,560919
4047.1,561241
4047.2,561097
4047.3,561114
4047.4,561226
4047.5,561222
4047.6,561217
4047.7,561168
4047.8,561141
4047.9,561042
4048,561153
4048.1,561170
4048.2,561166
4048.3,561000
4048.4,560996
4048.5,561085
4048.6,561102
4048.7,561003
4048.8,561093
4048.9,561088
4049,561178
4049.1,561173
4049.2,561190
4049.3,560952
4049.4,561086
4049.5,561059
4049.6,560917
4049.7,561122
4049.8,561139
4049.9,560924
4050,561035
4050.1,561030
4050.2,561237
4050.3,561232
4050.4,560973
4050.5,561011
4050.6,560985
4050.7,561096
4050.8,560954
4050.9,561181
4051,561082
4051.1,561355
4051.2,560956
4051.3,561205
4051.4,561041
4051.5,561152
4051.6,561031
4051.7,560933
4051.8,561181
4051.9,560786
4052,560990
4052.1,561196
4052.2,560959
4052.3,561092
4052.4,561065
4052.5,561060
4052.6,561033
4052.7,561145
4052.8,561140
4052.9,561135
4053,560993
4053.1,561221
4053.2,561099
4053.3,561094
4053.4,561089
4053.5,561201
4053.6,561153
4053.7,561287
4053.8,561165
4053.9,561137
4054,561155
4054.1,561150
4054.2,561240
4054.3,561236
4054.4,561114
4054.5,560993
4054.6,561221
4054.7,561078
4054.8,561168
4054.9,561069
4055,561042
4055.1,561037
4055.2,560960
4055.3,561071
4055.4,561161
4055.5,561112
4055.6,561107
4055.7,561241
4055.8,561142
4055.9,560999
4056,561088
4056.1,561201
4056.2,561196
4056.3,561191
4056.4,561069
4056.5,560992
4056.6,561060
4056.7,561150
4056.8,560986
4056.9,561140
4057,561274
4057.1,560964
4057.2,561053
4057.3,561121
4057.4,561000
4057.5,561039
4057.6,561034
4057.7,560936
4057.8,561184
4057.9,561020
4058,561226
4058.1,561127
4058.2,561006
4058.3,561001
4058.4,561068
4058.5,560947
4058.6,561058
4058.7,561171
4058.8,560955
4058.9,561023
4059,561134
4059.1,561013
4059.2,561124
4059.3,561120
4059.4,561232
4059.5,560973
4059.6,561200
4059.7,561057
4059.8,561074
4059.9,560975
4060,560970
4060.1,561059
4060.2,561011
4060.3,561006
4060.4,561045
4060.5,561019
4060.6,561152
4060.7,561104
4060.8,561216
4060.9,561233
4061,560973
4061.1,560990
4061.2,561008
4061.3,561076
4061.4,561048
4061.5,561204
4061.6,561295
4061.7,561172
4061.8,561073
4061.9,561185
4062,561042
4062.1,561132
4062.2,561033
4062.3,561028
4062.4,561045
4062.5,561135
4062.6,561036
4062.7,561242
4062.8,561143
4062.9,561138
4063,560923
4063.1,561129
4063.2,560986
4063.3,560981
4063.4,561232
4063.5,561016
4063.6,561199
4063.7,561078
4063.8,561052
4063.9,561141
4064,561159
4064.1,561293
4064.2,561149
4064.3,561239
4064.4,561118
4064.5,560954
4064.6,561225
4064.7,561221
4064.8,561216
4064.9,560913
4065,561184
4065.1,561179
4065.2,561015
4065.3,561192
4065.4,561006
4065.5,561373
4065.6,561368
4065.7,561034
4065.8,561146
4065.9,561141
4066,561071
4066.1,560950
4066.2,561040
4066.3,561100
4066.4,561212
4066.5,561113
4066.6,561203
4066.7,560922
4066.8,561288
4066.9,561189
4067,561067
4067.1,561106
4067.2,561174
4067.3,561170
4067.4,561165
4067.5,560950
4067.6,560966
4067.7,561078
4067.8,561190
4067.9,561047
4068,561136
4068.1,561059
4068.2,561054
4068.3,561232
4068.4,560951
4068.5,561040
4068.6,561035
4068.7,561031
4068.8,560932
4068.9,561181
4069,561017
4069.1,561106
4069.2,561124
4069.3,561119
4069.4,561180
4069.5,561087
4069.6,560966
4069.7,561172
4069.8,561052
4069.9,561068
4070,561064
4070.1,560965
4070.2,561054
4070.3,561144
4070.4,561024
4070.5,561252
4070.6,561152
4070.7,561147
4070.8,561026
4070.9,560999
4071,560901
4071.1,561012
4071.2,561284
4071.3,561214
4071.4,560998
4071.5,560971
4071.6,560989
4071.7,561006
4071.8,561278
4071.9,560975
4072,560970
4072.1,561059
4072.2,561120
4072.3,561350
4072.4,561155
4072.5,561245
4072.6,560964
4072.7,560937
4072.8,561253
4072.9,561015
4073,560946
4073.1,560941
4073.2,561147
4073.3,561025
4073.4,561180
4073.5,561102
4073.6,561171
4073.7,561101
4073.8,561096
4073.9,561208
4074,560993
4074.1,561053
4074.2,560983
4074.3,561189
4074.4,561046
4074.5,560926
4074.6,561058
4074.7,561141
4074.8,560840
4074.9,561067
4075,561156
4075.1,561152
4075.2,561053
4075.3,560932
4075.4,560927
4075.5,560923
4075.6,561034
4075.7,561123
4075.8,561141
4075.9,560926
4076,561015
4076.1,561170
4076.2,561100
4076.3,561001
4076.4,560903
4076.5,561079
4076.6,561169
4076.7,561164
4076.8,561373
4076.9,560996
4077,561056
4077.1,561080
4077.2,560959
4077.3,561349
4077.4,561226
4077.5,561339
4077.6,561122
4077.7,561052
4077.8,561047
4077.9,561416
4078,561198
4078.1,561033
4078.2,561051
4078.3,561141
4078.4,561136
4078.5,561226
4078.6,561010
4078.7,561070
4078.8,561066
4078.9,561018
4079,560991
4079.1,561198
4079.2,560982
4079.3,560884
4079.4,561154
4079.5,560990
4079.6,560986
4079.7,561075
4079.8,561187
4079.9,561248
4080,561170
4080.1,560963
4080.2,560958
4080.3,561135
4080.4,560971
4080.5,561125
4080.6,561070
4080.7,561116
4080.8,561228
4080.9,560854
4081,561241
4081.1,561119
4081.2,561115
4081.3,560994
4081.4,561200
4081.5,561195
4081.6,560937
4081.7,561091
4081.8,561087
4081.9,561198
4082,561172
4082.1,560892
4082.2,561185
4082.3,561086
4082.4,561175
4082.5,561171
4082.6,561144
4082.7,561161
4082.8,561062
4082.9,561058
4083,561191
4083.1,561143
4083.2,561021
4083.3,561272
4083.4,561151
4083.5,561190
4083.6,561142
4083.7,561371
4083.8,561016
4083.9,561149
4084,561050
4084.1,561068
4084.2,561157
4084.3,561153
4084.4,561031
4084.5,560933
4084.6,561044
4084.7,561157
4084.8,560992
4084.9,561103
4085,561120
4085.1,561021
4085.2,560901
4085.3,561106
4085.4,561058
4085.5,560959
4085.6,561092
4085.7,560993
4085.8,561170
4085.9,560984
4086,561190
4086.1,561047
4086.2,560949
4086.3,561060
4086.4,561355
4086.5,561051
4086.6,561046
4086.7,561298
4086.8,561154
4086.9,560939
4087,561094
4087.1,560951
4087.2,561041
4087.3,561036
4087.4,561192
4087.5,561187
4087.6,561066
4087.7,561061
4087.8,561057
4087.9,561169
4088,561143
4088.1,561044
4088.2,561177
4088.3,561267
4088.4,561029
4088.5,560909
4088.6,561158
4088.7,561271
4088.8,561149
4088.9,561144
4089,561096
4089.1,561114
4089.2,561015
4089.3,561010
4089.4,561006
4089.5,561095
4089.6,561090
4089.7,560970
4089.8,561242
4089.9,561005
4090,561094
4090.1,561090
4090.2,561085
4090.3,561102
4090.4,561119
4090.5,561137
4090.6,560995
4090.7,561201
4090.8,561079
4090.9,561213
4091,560904
4091.1,561204
4091.2,561061
4091.3,561173
4091.4,561168
4091.5,561208
4091.6,561086
4091.7,561060
4091.8,561055
4091.9,560986
4092,561046
4092.1,561158
4092.2,561080
4092.3,561170
4092.4,561027
4092.5,561139
4092.6,561135
4092.7,561247
4092.8,560938
4092.9,561165
4093,561022
4093.1,561017
4093.2,561268
4093.3,561125
4093.4,561164
4093.5,561159
4093.6,561154
4093.7,561150
4093.8,561051
4093.9,561163
4094,561224
4094.1,560943
4094.2,561214
4094.3,561050
4094.4,561045
4094.5,561063
4094.6,561058
4094.7,561148
4094.8,560933
4094.9,561022
4095,561157
4095.1,561152
4095.2,561126
4095.3,561005
4095.4,561255
4095.5,561133
4095.6,561151
4095.7,561147
4095.8,561142
4095.9,561093
4096,561089
4096.1,561128
4096.2,561241
4096.3,560910
4096.4,560999
4096.5,561110
4096.6,561106
4096.7,561145
4096.8,561024
4096.9,561041
4097,561037
4097.1,561105
4097.2,561028
4097.3,561139
4097.4,560925
4097.5,561014
4097.6,561220
4097.7,561077
4097.8,561095
4097.9,561134
4098,561035
4098.1,561008
4098.2,560982
4098.3,561233
4098.4,561228
4098.5,561012
4098.6,561284
4098.7,561003
4098.8,560998
4098.9,561205
4099,561223
4099.1,561218
4099.2,561119
4099.3,561114
4099.4,560877
4099.5,561011
4099.6,561006
4099.7,561118
4099.8,561296
4099.9,560992
4100,560894
4100.1,560890
4100.2,560907
4100.3,560903
4100.4,561014
4100.5,561168
4100.6,560982
4100.7,561094
4100.8,561089
4100.9,561013
4101,560965
4101.1,561215
4101.2,561188
4101.3,561367
4101.4,560990
4101.5,561008
4101.6,561097
4101.7,561071
4101.8,561205
4101.9,561083
4102,561101
4102.1,561002
4102.2,561114
4102.3,561110
4102.4,561105
4102.5,561100
4102.6,561256
4102.7,561179
4102.8,560899
4102.9,561104
4103,561006
4103.1,561001
4103.2,561156
4103.3,561108
4103.4,561103
4103.5,561216
4103.6,561211
4103.7,560996
4103.8,561290
4103.9,561263
4104,561098
4104.1,561094
4104.2,561206
4104.3,560990
4104.4,560892
4104.5,561258
4104.6,561093
4104.7,561088
4104.8,560990
4104.9,561101
4105,560909
4105.1,560976
4105.2,561110
4105.3,561105
4105.4,561123
4105.5,561279
4105.6,561020
4105.7,561175
4105.8,561170
4105.9,561283
4106,561183
4106.1,561201
4106.2,561015
4106.3,561287
4106.4,561005
4106.5,560907
4106.6,561230
4106.7,561130
4106.8,561126
4106.9,561121
4107,561277
4107.1,561060
4107.2,561290
4107.3,561096
4107.4,561026
4107.5,560906
4107.6,560901
4107.7,561172
4107.8,561190
4107.9,560997
4108,561203
4108.1,561316
4108.2,561194
4108.3,561189
4108.4,561229
4108.5,561085
4108.6,561293
4108.7,560918
4108.8,561189
4108.9,561184
4109,561012
4109.1,561219
4109.2,561193
4109.3,561188
4109.4,561183
4109.5,561084
4109.6,561123
4109.7,561192
4109.8,561305
4109.9,561023
4110,561201
4110.1,561036
4110.2,561003
4110.3,561231
4110.4,561182
4110.5,561200
4110.6,561218
4110.7,561096
4110.8,561135
4110.9,561037
4111,561243
4111.1,561100
4111.2,561235
4111.3,561136
4111.4,561131
4111.5,561104
4111.6,561100
4111.7,561117
4111.8,561113
4111.9,561014
4112,561147
4112.1,561099
4112.2,561000
4112.3,560902
4112.4,561152
4112.5,561031
4112.6,561027
4112.7,561116
4112.8,561039
4112.9,561130
4113,561125
4113.1,561049
4113.2,561182
4113.3,561134
4113.4,561290
4113.5,561074
4113.6,561092
4113.7,561299
4113.8,561039
4113.9,561034
4114,561052
4114.1,561281
4114.2,560949
4114.3,561155
4114.4,560876
4114.5,561263
4114.6,561164
4114.7,561180
4114.8,561081
4114.9,561194
4115,561051
4115.1,561163
4115.2,561042
4115.3,561198
4115.4,561099
4115.5,561211
4115.6,561206
4115.7,560970
4115.8,561103
4115.9,561004
4116,561093
4116.1,561206
4116.2,561180
4116.3,561081
4116.4,561193
4116.5,561233
4116.6,560973
4116.7,560969
4116.8,561175
4116.9,561193
4117,561094
4117.1,560995
4117.2,561084
4117.3,561218
4117.4,561192
4117.5,561093
4117.6,561205
4117.7,561245
4117.8,561102
4117.9,561003
4118,561231
4118.1,560994
4118.2,561150
4118.3,561218
4118.4,561097
4118.5,561209
4118.6,561226
4118.7,561244
4118.8,561262
4118.9,561119
4119,560933
4119.1,561204
4119.2,561105
4119.3,561123
4119.4,561140
4119.5,561253
4119.6,560950
4119.7,561062
4119.8,561122
4119.9,561140
4120,561041
4120.1,561153
4120.2,561084
4120.3,561144
4120.4,561140
4120.5,561041
4120.6,561102
4120.7,561054
4120.8,561166
4120.9,561184
4121,561179
4121.1,561102
4121.2,561192
4121.3,561049
4121.4,561161
4121.5,561062
4121.6,561080
4121.7,561003
4121.8,561092
4121.9,561110
4122,561179
4122.1,561218
4122.2,560981
4122.3,561020
4122.4,561110
4122.5,561127
4122.6,561101
4122.7,561097
4122.8,561254
4122.9,561060
4123,561149
4123.1,561145
4123.2,561163
4123.3,561064
4123.4,561059
4123.5,561172
4123.6,561050
4123.7,561046
4123.8,561041
4123.9,561038
4124,561077
4124.1,561051
4124.2,561162
4124.3,561042
4124.4,561060
4124.5,561216
4124.6,561000
4124.7,561207
4124.8,561202
4124.9,561197
4125,561098
4125.1,561000
4125.2,561134
4125.3,561129
4125.4,561125
4125.5,561026
4125.6,561299
4125.7,561317
4125.8,561035
4125.9,561242
4126,561142
4126.1,561255
4126.2,561039
4126.3,561100
4126.4,561212
4126.5,561048
4126.6,561160
4126.7,561061
4126.8,561056
4126.9,561396
4127,561230
4127.1,561343
4127.2,561338
4127.3,561261
4127.4,561139
4127.5,561347
4127.6,561182
4127.7,561083
4127.8,561195
4127.9,561190
4128,560997
4128.1,561087
4128.2,561082
4128.3,561078
4128.4,560958
4128.5,560954
4128.6,561015
4128.7,561104
4128.8,561006
4128.9,561212
4129,561136
4129.1,561131
4129.2,560939
4129.3,561028
4129.4,561023
4129.5,561253
4129.6,561153
4129.7,561054
4129.8,561028
4129.9,561118
4130,561019
4130.1,561058
4130.2,560917
4130.3,561166
4130.4,561279
4130.5,561136
4130.6,561131
4130.7,561170
4130.8,561071
4130.9,561206
4131,561063
4131.1,561059
4131.2,561054
4131.3,561306
4131.4,561089
4131.5,561172
4131.6,561102
4131.7,561120
4131.8,561116
4131.9,561017
4132,561194
4132.1,561124
4132.2,561237
4132.3,561233
4132.4,561133
4132.5,561035
4132.6,560936
4132.7,561142
4132.8,561160
4132.9,561134
4133,561129
4133.1,561074
4133.2,561230
4133.3,561343
4133.4,561083
4133.5,561173
4133.6,561191
4133.7,560998
4133.8,560900
4133.9,561171
4134,561261
4134.1,561002
4134.2,561114
4134.3,561292
4134.4,561011
4134.5,561006
4134.6,561024
4134.7,561042
4134.8,561154
4134.9,561055
4135,561051
4135.1,561141
4135.2,561020
4135.3,561037
4135.4,561172
4135.5,561351
4135.6,561251
4135.7,561246
4135.8,561242
4135.9,561260
4136,561160
4136.1,560997
4136.2,561086
4136.3,561199
4136.4,560983
4136.5,561117
4136.6,561019
4136.7,561225
4136.8,561126
4136.9,561122
4137,561234
4137.1,561018
4137.2,561036
4137.3,561054
4137.4,561261
4137.5,560908
4137.6,561157
4137.7,560849
4137.8,561076
4137.9,561072
4138,561184
4138.1,561085
4138.2,561263
4138.3,560889
4138.4,561116
4138.5,561206
4138.6,561086
4138.7,561081
4138.8,561333
4138.9,561022
4139,561112
4139.1,561130
4139.2,561242
4139.3,561122
4139.4,561161
4139.5,561062
4139.6,561058
4139.7,561053
4139.8,561144
4139.9,561045
4140,561201
4140.1,560942
4140.2,561170
4140.3,561144
4140.4,561162
4140.5,560998
4140.6,561198
4140.7,561193
4140.8,561189
4140.9,561184
4141,561179
4141.1,561197
4141.2,561121
4141.3,561211
4141.4,561112
4141.5,561107
4141.6,561220
4141.7,561238
4141.8,561044
4141.9,561157
4142,561152
4142.1,561286
4142.2,561070
4142.3,561205
4142.4,561062
4142.5,561174
4142.6,561170
4142.7,561071
4142.8,561110
4142.9,561128
4143,561218
4143.1,561192
4143.2,561210
4143.3,561089
4143.4,561034
4143.5,561146
4143.6,561120
4143.7,561138
4143.8,561133
4143.9,561173
4144,561074
4144.1,560932
4144.2,561138
4144.3,561133
4144.4,561151
4144.5,561169
4144.6,561092
4144.7,561182
4144.8,561061
4144.9,561174
4145,561075
4145.1,561231
4145.2,561132
4145.3,561011
4145.4,561102
4145.5,560845
4145.6,561115
4145.7,561177
4145.8,560940
4145.9,561073
4146,560953
4146.1,561064
4146.2,560945
4146.3,561100
4146.4,561096
4146.5,561186
4146.6,561087
4146.7,561105
4146.8,561100
4146.9,561024
4147,561019
4147.1,561131
4147.2,561010
4147.3,561240
4147.4,561258
4147.5,561158
4147.6,561176
4147.7,561172
4147.8,561073
4147.9,561228
4148,560970
4148.1,561082
4148.2,561194
4148.3,561095
4148.4,561068
4148.5,561364
4148.6,561287
4148.7,561122
4148.8,561118
4148.9,561019
4149,561015
4149.1,561192
4149.2,561210
4149.3,561346
4149.4,561158
4149.5,561059
4149.6,561172
4149.7,561255
4149.8,561133
4149.9,560970
4150,561176
4150.1,561194
4150.2,560979
4150.3,560881
4150.4,561246
4150.5,560988
4150.6,561217
4150.7,561117
4150.8,560925
4150.9,560828
4151,561309
4151.1,561028
4151.2,561046
4151.3,561158
4151.4,561176
4151.5,561142
4151.6,560979
4151.7,561250
4151.8,561151
4151.9,560894
4152,561070
4152.1,561160
4152.2,560903
4152.3,561174
4152.4,561287
4152.5,561093
4152.6,561205
4152.7,561223
4152.8,561102
4152.9,561097
4153,560841
4153.1,561133
4153.2,561057
4153.3,561146
4153.4,561164
4153.5,561160
4153.6,561061
4153.7,560921
4153.8,561032
4153.9,561122
4154,561023
4154.1,560925
4154.2,561101
4154.3,561119
4154.4,560956
4154.5,560952
4154.6,560947
4154.7,561337
4154.8,561142
4154.9,561160
4155,561273
4155.1,561268
4155.2,561287
4155.3,561187
4155.4,561088
4155.5,560925
4155.6,561131
4155.7,561011
4155.8,561144
4155.9,561068
4156,561341
4156.1,560943
4156.2,561171
4156.3,561072
4156.4,561090
4156.5,560992
4156.6,561010
4156.7,560890
4156.8,560907
4156.9,561019
4157,561131
4157.1,561032
4157.2,561028
4157.3,560930
4157.4,561253
4157.5,561271
4157.6,561056
4157.7,561189
4157.8,561163
4157.9,561180
4158,561081
4158.1,561312
4158.2,561117
4158.3,561135
4158.4,561131
4158.5,561126
4158.6,561282
4158.7,561046
4158.8,561064
4158.9,561038
4159,561128
4159.1,561146
4159.2,561068
4159.3,561181
4159.4,561199
4159.5,561173
4159.6,561009
4159.7,561186
4159.8,561065
4159.9,561104
4160,561145
4160.1,561002
4160.2,561114
4160.3,561154
4160.4,561149
4160.5,560957
4160.6,561091
4160.7,561086
4160.8,560851
4160.9,561100
4161,561278
4161.1,561179
4161.2,561015
4161.3,561244
4161.4,561101
4161.5,561140
4161.6,561064
4161.7,560966
4161.8,561215
4161.9,560957
4162,561069
4162.1,561087
4162.2,560988
4162.3,561188
4162.4,561161
4162.5,561179
4162.6,560922
4162.7,561215
4162.8,561116
4162.9,561112
4163,561107
4163.1,560944
4163.2,560962
4163.3,560980
4163.4,561179
4163.5,561270
4163.6,561053
4163.7,561007
4163.8,561302
4163.9,560926
4164,561060
4164.1,561238
4164.2,560842
4164.3,561134
4164.4,561130
4164.5,561148
4164.6,560891
4164.7,561002
4164.8,560998
4164.9,561058
4165,561288
4165.1,561094
4165.2,561207
4165.3,560949
4165.4,561220
4165.5,561121
4165.6,561234
4165.7,561157
4165.8,560878
4165.9,560896
4166,561189
4166.1,561090
4166.2,561151
4166.3,561104
4166.4,561099
4166.5,560936
4166.6,561230
4166.7,561131
4166.8,561192
4166.9,561144
4167,561257
4167.1,560883
4167.2,561153
4167.3,561355
4167.4,561160
4167.5,561273
4167.6,561387
4167.7,561104
4167.8,561240
4167.9,561419
4168,560926
4168.1,561154
4168.2,560990
4168.3,561262
4168.4,560910
4168.5,561204
4168.6,561105
4168.7,561356
4168.8,560937
4168.9,561049
4169,561132
4169.1,560939
4169.2,561329
4169.3,561324
4169.4,561065
4169.5,561243
4169.6,561261
4169.7,561374
4169.8,561092
4169.9,561365
4170,561105
4170.1,561241
4170.2,561141
4170.3,561159
4170.4,560880
4170.5,561150
4170.6,560958
4170.7,561466
4170.8,561270
4170.9,561106
4171,561380
4171.1,561003
4171.2,561180
4171.3,561104
4171.4,561151
4171.5,561052
4171.6,561048
4171.7,561226
4171.8,561339
4171.9,561050
4172,561097
4172.1,561394
4172.2,561017
4172.3,561012
4172.4,561329
4172.5,561231
4172.6,561226
4172.7,561084
4172.8,561080
4172.9,561258
4173,561064
4173.1,561272
4173.2,561267
4173.3,561404
4173.4,561143
4173.5,561204
4173.6,561222
4173.7,561218
4173.8,560960
4173.9,561349
4174,561090
4174.1,561173
4174.2,561212
4174.3,561070
4174.4,561300
4174.5,561041
4174.6,561059
4174.7,561236
4174.8,561072
4174.9,561250
4175,561128
4175.1,561264
4175.2,561187
4175.3,561088
4175.4,561178
4175.5,561196
4175.6,561236
4175.7,561349
4175.8,561272
4175.9,561246
4176,561242
4176.1,561237
4176.2,561138
4176.3,561156
4176.4,561197
4176.5,561287
4176.6,561123
4176.7,560931
4176.8,561319
4176.9,561220
4177,561238
4177.1,561096
4177.2,561092
4177.3,561365
4177.4,561288
4177.5,561189
4177.6,561398
4177.7,561115
4177.8,561250
4177.9,561430
4178,561329
4178.1,561230
4178.2,561343
4178.3,561084
4178.4,561196
4178.5,561214
4178.6,561275
4178.7,561199
4178.8,561035
4178.9,561147
4179,560890
4179.1,561344
4179.2,561149
4179.3,560986
4179.4,561075
4179.5,561188
4179.6,561206
4179.7,561013
4179.8,561031
4179.9,561304
4180,561204
4180.1,561317
4180.2,561336
4180.3,561354
4180.4,561159
4180.5,561155
4180.6,561056
4180.7,561286
4180.8,561027
4180.9,561323
4181,561041
4181.1,561314
4181.2,560938
4181.3,561073
4181.4,561369
4181.5,561174
4181.6,561127
4181.7,561122
4181.8,561118
4181.9,561179
4182,561219
4182.1,561238
4182.2,561351
4182.3,560975
4182.4,561365
4182.5,561053
4182.6,561328
4182.7,561184
4182.8,561179
4182.9,561315
4183,561216
4183.1,561138
4183.2,561135
4183.3,561153
4183.4,561266
4183.5,561380
4183.6,561280
4183.7,561180
4183.8,561198
4183.9,561129
4184,561360
4184.1,560890
4184.2,561161
4184.3,561362
4184.4,560964
4184.5,561192
4184.6,561093
4184.7,561112
4184.8,561130
4184.9,561213
4185,561230
4185.1,561322
4185.2,561063
4185.3,561359
4185.4,561259
4185.5,561160
4185.6,561090
4185.7,561108
4185.8,561126
4185.9,561144
4186,561068
4186.1,561041
4186.2,561153
4186.3,561012
4186.4,561190
4186.5,561326
4186.6,561131
4186.7,561244
4186.8,561145
4186.9,561024
4187,561319
4187.1,560966
4187.2,561078
4187.3,561191
4187.4,561186
4187.5,560993
4187.6,561128
4187.7,561029
4187.8,561259
4187.9,561160
4188,561273
4188.1,561057
4188.2,561097
4188.3,561115
4188.4,560837
4188.5,561224
4188.6,561125
4188.7,561143
4188.8,561066
4188.9,561274
4189,561015
4189.1,561033
4189.2,561425
4189.3,561112
4189.4,561409
4189.5,561243
4189.6,561261
4189.7,561162
4189.8,560998
4189.9,561359
4190,561077
4190.1,561030
4190.2,561025
4190.3,561440
4190.4,561062
4190.5,561145
4190.6,561140
4190.7,560999
4190.8,561111
4190.9,561129
4191,561031
4191.1,561231
4191.2,560951
4191.3,561085
4191.4,560943
4191.5,561121
4191.6,561234
4191.7,561018
4191.8,561131
4191.9,561010
4192,561028
4192.1,561162
4192.2,561086
4192.3,561082
4192.4,561077
4192.5,560979
4192.6,561114
4192.7,561037
4192.8,560939
4192.9,561051
4193,561069
4193.1,561225
4193.2,561361
4193.3,561123
4193.4,560981
4193.5,561093
4193.6,560995
4193.7,561034
4193.8,560958
4193.9,561187
4194,561205
4194.1,561063
4194.2,561219
4194.3,561120
4194.4,561022
4194.5,561156
4194.6,561247
4194.7,561126
4194.8,561028
4194.9,561184
4195,561363
4195.1,561220
4195.2,561195
4195.3,561190
4195.4,561114
4195.5,561015
4195.6,561171
4195.7,561190
4195.8,561047
4195.9,561182
4196,561083
4196.1,561028
4196.2,561235
4196.3,561210
4196.4,560859
4196.5,560877
4196.6,561169
4196.7,561188
4196.8,561183
4196.9,561062
4197,561103
4197.1,561215
4197.2,561139
4197.3,561063
4197.4,561292
4197.5,561192
4197.6,561328
4197.7,561251
4197.8,561014
4197.9,561010
4198,561122
4198.1,561161
4198.2,561158
4198.3,561176
4198.4,561334
4198.5,561096
4198.6,561091
4198.7,561248
4198.8,561128
4198.9,561307
4199,561099
4199.1,561277
4199.2,561018
4199.3,561291
4199.4,561236
4199.5,561254
4199.6,561228
4199.7,561246
4199.8,561360
4199.9,561048
4200,561205
4200.1,561128
4200.2,561197
4200.3,561121
4200.4,561234
4200.5,561135
4200.6,561080
4200.7,561310
4200.8,560892
4200.9,561120
4201,561203
4201.1,561199
4201.2,561049
4201.3,561140
4201.4,561372
4201.5,560995
4201.6,561013
4201.7,561096
4201.8,561092
4201.9,561087
4202,561318
4202.1,561059
4202.2,561236
4202.3,561160
4202.4,561273
4202.5,561151
4202.6,561169
4202.7,561305
4202.8,561228
4202.9,561129
4203,561125
4203.1,561165
4203.2,561161
4203.3,560998
4203.4,561198
4203.5,561193
4203.6,561307
4203.7,561207
4203.8,561344
4203.9,560874
4204,561008
4204.1,561120
4204.2,561116
4204.3,561199
4204.4,561100
4204.5,561236
4204.6,561042
4204.7,561155
4204.8,561173
4204.9,561213
4205,561114
4205.1,561132
4205.2,561012
4205.3,561263
4205.4,561142
4205.5,561277
4205.6,561083
4205.7,561219
4205.8,561193
4205.9,561000
4206,561112
4206.1,561014
4206.2,561075
4206.3,561306
4206.4,561162
4206.5,560905
4206.6,561199
4206.7,561100
4206.8,561257
4206.9,561136
4207,561089
4207.1,561202
4207.2,561286
4207.3,561027
4207.4,561110
4207.5,561149
4207.6,561124
4207.7,561142
4207.8,561160
4207.9,561222
4208,561313
4208.1,561075
4208.2,561232
4208.3,561112
4208.4,561036
4208.5,561054
4208.6,561187
4208.7,561183
4208.8,561086
4208.9,561104
4209,561122
4209.1,561235
4209.2,561136
4209.3,561131
4209.4,561267
4209.5,561190
4209.6,561114
4209.7,561322
4209.8,560947
4209.9,560849
4210,561119
4210.1,561204
4210.2,561084
4210.3,561079
4210.4,561097
4210.5,561254
4210.6,561155
4210.7,561173
4210.8,561192
4210.9,561071
4211,561279
4211.1,561085
4211.2,561031
4211.3,561049
4211.4,561046
4211.5,561297
4211.6,561059
4211.7,561099
4211.8,561023
4211.9,561091
4212,561227
4212.1,561128
4212.2,561263
4212.3,561164
4212.4,561109
4212.5,561083
4212.6,561037
4212.7,561332
4212.8,561073
4212.9,561251
4213,561314
4213.1,561214
4213.2,561115
4213.3,561112
4213.4,561225
4213.5,561287
4213.6,561144
4213.7,560929
4213.8,561064
4213.9,561082
4214,560984
4214.1,561002
4214.2,561158
4214.3,561153
4214.4,561150
4214.5,561074
4214.6,561231
4214.7,561205
4214.8,561201
4214.9,561240
4215,561237
4215.1,561161
4215.2,561179
4215.3,561175
4215.4,561311
4215.5,561211
4215.6,561251
4215.7,561057
4215.8,561193
4215.9,561167
4216,561068
4216.1,561013
4216.2,561032
4216.3,561050
4216.4,561068
4216.5,561180
4216.6,561060
4216.7,561100
4216.8,561278
4216.9,561202
4217,561154
4217.1,561173
4217.2,561168
4217.3,561092
4217.4,561270
4217.5,561012
4217.6,561103
4217.7,561260
4217.8,561023
4217.9,561179
4218,560986
4218.1,561215
4218.2,561095
4218.3,561208
4218.4,561226
4218.5,561171
4218.6,561167
4218.7,561068
4218.8,561203
4218.9,561178
4219,561101
4219.1,561141
4219.2,561115
4219.3,561155
4219.4,561035
4219.5,561053
4219.6,561115
4219.7,561133
4219.8,561035
4219.9,561030
4220,561165
4220.1,561046
4220.2,561107
4220.3,560966
4220.4,560984
4220.5,561117
4220.6,561020
4220.7,561176
4220.8,561194
4220.9,561074
4221,560976
4221.1,561109
4221.2,561012
4221.3,561286
4221.4,561048
4221.5,560979
4221.6,561274
4221.7,561175
4221.8,561120
4221.9,561000
4222,561230
4222.1,561248
4222.2,561149
4222.3,561189
4222.4,561112
4222.5,561131
4222.6,561011
4222.7,561123
4222.8,561047
4222.9,561204
4223,560895
4223.1,561123
4223.2,561236
4223.3,561373
4223.4,561134
4223.5,561079
4223.6,561003
4223.7,561115
4223.8,561112
4223.9,561131
4224,561149
4224.1,560978
4224.2,561184
4224.3,561181
4224.4,561294
4224.5,560942
4224.6,561119
4224.7,561159
4224.8,561038
4224.9,561195
4225,561075
4225.1,561093
4225.2,561017
4225.3,561173
4225.4,561075
4225.5,560976
4225.6,560973
4225.7,561342
4225.8,561147
4225.9,561028
4226,561161
4226.1,561063
4226.2,561081
4226.3,561122
4226.4,561140
4226.5,560927
4226.6,561060
4226.7,560962
4226.8,561096
4226.9,561137
4227,561250
4227.1,561151
4227.2,561264
4227.3,561165
4227.4,561045
4227.5,561013
4227.6,561104
4227.7,561122
4227.8,561118
4227.9,561042
4228,561359
4228.1,561194
4228.2,561191
4228.3,561209
4228.4,561110
4228.5,561267
4228.6,560957
4228.7,561092
4228.8,561205
4228.9,561179
4229,560986
4229.1,561048
4229.2,560950
4229.3,561084
4229.4,561197
4229.5,561121
4229.6,561139
4229.7,561223
4229.8,560943
4229.9,561077
4230,561212
4230.1,561208
4230.2,561249
4230.3,561056
4230.4,561329
4230.5,561186
4230.6,561205
4230.7,561107
4230.8,561147
4230.9,561260
4231,561256
4231.1,561062
4231.2,561197
4231.3,561077
4231.4,561023
4231.5,561135
4231.6,561153
4231.7,561149
4231.8,561073
4231.9,560997
4232,561132
4232.1,561222
4232.2,561123
4232.3,561142
4232.4,561066
4232.5,560990
4232.6,561102
4232.7,560983
4232.8,561095
4232.9,561040
4233,561058
4233.1,561099
4233.2,561117
4233.3,561092
4233.4,561037
4233.5,561055
4233.6,561190
4233.7,561209
4233.8,561183
4233.9,561201
4234,561008
4234.1,561165
4234.2,560972
4234.3,560990
4234.4,561102
4234.5,561238
4234.6,561139
4234.7,560947
4234.8,561218
4234.9,561171
4235,561095
4235.1,561113
4235.2,561037
4235.3,561215
4235.4,561211
4235.5,561252
4235.6,561088
4235.7,561106
4235.8,560821
4235.9,561303
4236,561322
4236.1,561157
4236.2,561198
4236.3,561005
4236.4,561300
4236.5,561135
4236.6,561314
4236.7,561172
4236.8,560958
4236.9,561114
4237,561038
4237.1,560940
4237.2,561212
4237.3,561187
4237.4,561111
4237.5,561129
4237.6,561104
4237.7,561166
4237.8,561162
4237.9,561180
4238,561104
4238.1,561028
4238.2,561046
4238.3,561159
4238.4,561060
4238.5,561143
4238.6,561279
4238.7,561298
4238.8,561133
4238.9,561151
4239,561235
4239.1,561231
4239.2,561272
4239.3,561013
4239.4,561243
4239.5,561050
4239.6,560974
4239.7,561151
4239.8,560988
4239.9,561217
4240,561003
4240.1,561043
4240.2,561338
4240.3,561262
4240.4,561097
4240.5,561094
4240.6,561113
4240.7,561014
4240.8,561099
4240.9,561189
4241,561090
4241.1,561203
4241.2,560989
4241.3,561007
4241.4,561069
4241.5,560971
4241.6,561083
4241.7,561218
4241.8,561119
4241.9,561160
4242,560968
4242.1,561080
4242.2,560888
4242.3,561117
4242.4,561135
4242.5,560965
4242.6,561077
4242.7,560979
4242.8,561251
4242.9,561015
4243,561150
4243.1,561234
4243.2,560976
4243.3,561366
4243.4,561267
4243.5,561308
4243.6,560955
4243.7,561067
4243.8,561180
4243.9,561198
4244,561005
4244.1,561140
4244.2,561181
4244.3,561295
4244.4,561057
4244.5,561075
4244.6,561115
4244.7,561316
4244.8,561057
4244.9,561170
4245,561050
4245.1,561206
4245.2,561014
4245.3,561214
4245.4,561050
4245.5,561185
4245.6,561204
4245.7,561199
4245.8,561402
4245.9,561302
4246,561255
4246.1,561134
4246.2,561152
4246.3,560960
4246.4,561299
4246.5,561134
4246.6,561015
4246.7,561150
4246.8,561051
4246.9,561208
4247,561154
4247.1,561150
4247.2,561286
4247.3,561186
4247.4,561183
4247.5,561151
4247.6,561009
4247.7,561121
4247.8,561140
4247.9,560905
4248,561199
4248.1,561262
4248.2,561024
4248.3,561043
4248.4,561082
4248.5,561079
4248.6,561141
4248.7,561116
4248.8,561134
4248.9,561269
4249,561148
4249.1,561233
4249.2,561040
4249.3,561270
4249.4,561171
4249.5,561189
4249.6,561091
4249.7,561015
4249.8,561128
4249.9,561263
4250,561143
4250.1,561161
4250.2,561062
4250.3,561147
4250.4,561260
4250.5,561235
4250.6,561253
4250.7,561177
4250.8,561005
4250.9,561213
4251,561327
4251.1,561068
4251.2,561269
4251.3,561192
4251.4,561232
4251.5,561324
4251.6,561065
4251.7,561200
4251.8,561219
4251.9,561026
4252,561226
4252.1,561222
4252.2,560871
4252.3,561282
4252.4,561300
4252.5,561129
4252.6,561125
4252.7,561238
4252.8,561256
4252.9,561180
4253,561104
4253.1,561166
4253.2,561162
4253.3,561180
4253.4,561177
4253.5,561101
4253.6,561119
4253.7,561232
4253.8,561251
4253.9,561079
4254,561193
4254.1,561211
4254.2,561135
4254.3,561036
4254.4,561266
4254.5,561211
4254.6,561348
4254.7,561132
4254.8,560991
4254.9,561382
4255,561282
4255.1,561183
4255.2,561319
4255.3,561243
4255.4,561101
4255.5,561119
4255.6,561138
4255.7,561221
4255.8,561122
4255.9,561354
4256,561094
4256.1,561112
4256.2,561037
4256.3,561332
4256.4,561138
4256.5,560975
4256.6,560993
4256.7,561128
4256.8,560936
4256.9,560954
4257,561249
4257.1,561085
4257.2,561103
4257.3,561027
4257.4,561162
4257.5,560970
4257.6,561242
4257.7,561379
4257.8,561119
4257.9,561254
4258,561458
4258.1,561262
4258.2,561163
4258.3,561022
4258.4,561040
4258.5,561175
4258.6,561282
4258.7,561001
4258.8,561113
4258.9,561249
4259,561173
4259.1,561097
4259.2,561115
4259.3,561133
4259.4,561152
4259.5,561331
4259.6,561094
4259.7,561178
4259.8,561131
4259.9,561149
4260,561145
4260.1,561229
4260.2,560993
4260.3,561193
4260.4,561052
4260.5,560954
4260.6,560972
4260.7,561289
4260.8,561074
4260.9,561027
4261,561323
4261.1,560948
4261.2,560966
4261.3,561166
4261.4,561207
4261.5,561043
4261.6,560967
4261.7,561358
4261.8,560888
4261.9,561087
4262,561040
4262.1,561153
4262.2,561194
4262.3,561095
4262.4,561114
4262.5,561220
4262.6,561334
4262.7,561191
4262.8,560978
4262.9,561228
4263,561152
4263.1,561265
4263.2,560956
4263.3,560974
4263.4,561109
4263.5,561127
4263.6,561051
4263.7,561229
4263.8,561130
4263.9,561266
4264,561285
4264.1,561326
4264.2,561161
4264.3,561063
4264.4,560965
4264.5,561282
4264.6,561024
4264.7,561064
4264.8,561338
4264.9,561079
4265,561257
4265.1,561021
4265.2,561222
4265.3,560964
4265.4,560982
4265.5,561277
4265.6,561178
4265.7,561219
4265.8,561143
4265.9,561374
4266,561114
4266.1,561016
4266.2,561217
4266.3,560959
4266.4,561000
4266.5,561135
4266.6,561036
4266.7,561237
4266.8,561138
4266.9,561274
4267,561132
4267.1,561150
4267.2,561169
4267.3,561187
4267.4,560995
4267.5,561078
4267.6,561331
4267.7,560956
4267.8,561090
4267.9,560899
4268,561192
4268.1,561094
4268.2,561229
4268.3,560972
4268.4,560990
4268.5,561190
4268.6,561114
4268.7,561248
4268.8,561245
4268.9,561169
4269,560912
4269.1,561229
4269.2,561013
4269.3,561126
4269.4,561262
4269.5,561399
4269.6,561321
4269.7,561266
4269.8,561146
4269.9,561164
4270,561278
4270.1,561042
4270.2,561148
4270.3,560984
4270.4,561003
4270.5,561180
4270.6,561133
4270.7,561174
4270.8,561377
4270.9,561117
4271,561019
4271.1,561433
4271.2,561078
4271.3,561397
4271.4,561232
4271.5,561250
4271.6,561269
4271.7,561170
4271.8,561254
4271.9,561018
4272,561036
4272.1,561149
4272.2,561073
4272.3,561069
4272.4,561175
4272.5,561011
4272.6,561241
4272.7,561260
4272.8,561045
4272.9,561107
4273,561191
4273.1,561050
4273.2,561185
4273.3,561204
4273.4,560967
4273.5,561029
4273.6,561302
4273.7,561160
4273.8,561041
4273.9,561176
4274,561121
4274.1,561162
4274.2,561158
4274.3,561038
4274.4,561291
4274.5,561310
4274.6,561277
4274.7,561178
4274.8,561197
4274.9,561333
4275,561139
4275.1,561275
4275.2,561060
4275.3,561079
4275.4,560981
4275.5,561233
4275.6,561156
4275.7,561175
4275.8,561216
4275.9,561212
4276,561113
4276.1,561175
4276.2,561217
4276.3,561140
4276.4,561372
4276.5,561133
4276.6,561035
4276.7,561097
4276.8,561138
4276.9,561040
4277,561081
4277.1,561194
4277.2,561095
4277.3,561019
4277.4,561060
4277.5,561078
4277.6,561097
4277.7,561210
4277.8,561134
4277.9,561058
4278,561354
4278.1,561095
4278.2,561230
4278.3,561016
4278.4,561172
4278.5,561045
4278.6,561115
4278.7,560995
4278.8,561130
4278.9,561170
4279,561094
4279.1,561296
4279.2,561154
4279.3,561172
4279.4,561169
4279.5,561188
4279.6,561039
4279.7,561151
4279.8,561032
4279.9,561167
4280,561208
4280.1,561109
4280.2,561194
4280.3,561168
4280.4,561092
4280.5,561227
4280.6,561269
4280.7,561148
4280.8,561050
4280.9,561068
4281,561108
4281.1,561032
4281.2,561167
4281.3,560997
4281.4,561110
4281.5,561128
4281.6,561147
4281.7,561071
4281.8,561367
4281.9,561130
4282,561126
4282.1,561145
4282.2,560952
4282.3,561087
4282.4,561011
4282.5,561264
4282.6,561165
4282.7,561183
4282.8,561085
4282.9,561032
4283,560913
4283.1,561142
4283.2,561160
4283.3,561105
4283.4,561124
4283.5,561165
4283.6,561162
4283.7,561180
4283.8,561199
4283.9,561262
4284,561068
4284.1,561299
4284.2,561019
4284.3,561037
4284.4,561452
4284.5,560865
4284.6,560970
4284.7,561103
4284.8,561195
4284.9,561119
4285,561160
4285.1,561200
4285.2,561080
4285.3,561193
4285.4,561374
4285.5,561252
4285.6,561176
4285.7,561100
4285.8,561235
4285.9,560904
4286,561039
4286.1,561313
4286.2,561098
4286.3,561116
4286.4,561251
4286.5,561037
4286.6,561172
4286.7,561096
4286.8,561020
4286.9,561250
4287,561151
4287.1,561053
4287.2,561211
4287.3,561252
4287.4,561271
4287.5,561107
4287.6,561285
4287.7,561209
4287.8,561228
4287.9,561269
4288,561011
4288.1,561029
4288.2,561325
4288.3,561131
4288.4,561290
4288.5,561213
4288.6,561327
4288.7,561250
4288.8,561387
4288.9,561192
4289,561234
4289.1,561467
4289.2,561205
4289.3,561013
4289.4,561031
4289.5,561232
4289.6,561294
4289.7,561174
4289.8,561310
4289.9,560935
4290,561158
4290.1,560965
4290.2,561216
4290.3,561096
4290.4,561137
4290.5,561155
4290.6,561174
4290.7,561142
4290.8,561138
4290.9,561062
4291,561059
4291.1,561239
4291.2,561162
4291.3,561064
4291.4,561082
4291.5,561101
4291.6,561237
4291.7,561160
4291.8,560991
4291.9,561009
4292,560911
4292.1,561046
4292.2,561181
4292.3,561105
4292.4,561029
4292.5,561142
4292.6,560950
4292.7,561085
4292.8,561009
4292.9,561050
4293,561163
4293.1,561087
4293.2,561105
4293.3,561030
4293.4,561348
4293.5,561183
4293.6,561086
4293.7,561339
4293.8,561050
4293.9,561186
4294,561132
4294.1,561245
4294.2,561264
4294.3,561050
4294.4,560995
4294.5,561291
4294.6,561032
4294.7,561167
4294.8,561186
4294.9,561110
4295,561194
4295.1,561117
4295.2,561253
4295.3,560995
4295.4,561291
4295.5,561214
4295.6,561138
4295.7,561178
4295.8,560900
4295.9,561312
4296,561053
4296.1,561254
4296.2,561317
4296.3,561196
4296.4,561215
4296.5,561233
4296.6,561275
4296.7,561338
4296.8,561100
4296.9,561257
4297,561254
4297.1,561295
4297.2,561219
4297.3,561120
4297.4,561278
4297.5,561201
4297.6,561198
4297.7,561240
4297.8,561164
4297.9,561182
4298,561084
4298.1,561102
4298.2,561238
4298.3,561003
4298.4,561321
4298.5,561340
4298.6,561145
4298.7,561164
4298.8,561300
4298.9,561342
4299,561361
4299.1,561101
4299.2,561120
4299.3,560928
4299.4,561127
4299.5,561308
4299.6,561187
4299.7,561419
4299.8,561224
4299.9,561148
4300,561093
4300.1,561229
4300.2,561109
4300.3,561128
4300.4,561052
4300.5,561327
4300.6,561133
4300.7,561013
4300.8,561148
4300.9,561190
4301,561208
4301.1,561153
4301.2,561356
4301.3,561191
4301.4,561188
4301.5,561112
4301.6,561174
4301.7,561004
4301.8,561000
4301.9,561135
4302,561177
4302.1,561057
4302.2,561025
4302.3,561138
4302.4,561156
4302.5,561153
4302.6,561078
4302.7,561353
4302.8,561064
4302.9,561083
4303,561101
4303.1,561237
4303.2,561023
4303.3,561202
4303.4,561082
4303.5,561239
4303.6,561003
4303.7,561182
4303.8,561085
4303.9,561126
4304,561239
4304.1,561279
4304.2,561064
4304.3,561200
4304.4,561285
4304.5,561006
4304.6,561002
4304.7,561043
4304.8,561221
4304.9,561284
4305,561113
4305.1,561205
4305.2,561129
4305.3,561147
4305.4,561092
4305.5,561389
4305.6,561108
4305.7,561171
4305.8,561263
4305.9,561187
4306,561132
4306.1,561056
4306.2,561192
4306.3,561210
4306.4,561090
4306.5,561270
4306.6,560983
4306.7,561255
4306.8,561114
4306.9,561368
4307,561291
4307.1,561215
4307.2,561418
4307.3,561318
4307.4,561176
4307.5,561056
4307.6,561141
4307.7,561066
4307.8,561178
4307.9,561080
4308,561077
4308.1,561257
4308.2,561043
4308.3,561127
4308.4,561123
4308.5,561025
4308.6,561045
4308.7,561202
4308.8,561148
4308.9,561262
4309,561142
4309.1,561299
4309.2,561084
4309.3,561126
4309.4,560956
4309.5,561325
4309.6,561087
4309.7,561011
4309.8,561052
4309.9,561093
4310,561047
4310.1,561343
4310.2,561084
4310.3,561073
4310.4,561230
4310.5,561133
4310.6,561151
4310.7,561193
4310.8,561211
4310.9,561156
4311,560964
4311.1,561172
4311.2,561330
4311.3,561115
4311.4,561272
4311.5,561102
4311.6,561399
4311.7,561139
4311.8,561180
4311.9,560966
4312,561123
4312.1,561047
4312.2,561225
4312.3,561084
4312.4,561220
4312.5,561006
4312.6,561068
4312.7,561269
4312.8,561288
4312.9,561425
4313,560933
4313.1,561206
4313.2,561130
4313.3,561032
4313.4,561446
4313.5,561208
4313.6,561227
4313.7,561174
4313.8,561098
4313.9,561211
4314,561018
4314.1,561153
4314.2,561195
4314.3,561119
4314.4,561000
4314.5,561156
4314.6,561058
4314.7,561077
4314.8,561119
4314.9,561181
4315,561200
4315.1,561336
4315.2,561142
4315.3,561184
4315.4,561320
4315.5,561317
4315.6,561218
4315.7,561237
4315.8,561066
4315.9,561012
4316,561170
4316.1,561050
4316.2,561207
4316.3,561087
4316.4,561150
4316.5,561139
4316.6,561093
4316.7,561229
4316.8,561152
4316.9,561171
4317,561095
4317.1,561084
4317.2,561315
4317.3,561079
4317.4,561004
4317.5,561299
4317.6,561128
4317.7,561124
4317.8,560984
4317.9,561302
4318,560949
4318.1,561084
4318.2,561351
4318.3,561187
4318.4,561228
4318.5,561087
4318.6,561288
4318.7,561117
4318.8,561230
4318.9,561132
4319,561291
4319.1,561032
4319.2,560957
4319.3,561275
4319.4,561198
4319.5,561100
4319.6,561236
4319.7,561000
4319.8,561106
4319.9,561338
4320,561143
4320.1,561162
4320.2,561299
4320.3,561127
4320.4,561169
4320.5,561187
4320.6,560930
4320.7,561225
4320.8,561171
4320.9,560937
4321,561049
4321.1,561185
4321.2,561109
4321.3,561193
4321.4,561117
4321.5,561158
4321.6,561176
4321.7,561313
4321.8,561237
4321.9,561321
4322,561266
4322.1,561081
4322.2,561400
4322.3,561046
4322.4,561065
4322.5,561266
4322.6,561329
4322.7,561252
4322.8,561250
4322.9,561269
4323,561215
4323.1,561278
4323.2,561274
4323.3,561176
4323.4,561100
4323.5,561236
4323.6,561299
4323.7,561414
4323.8,561219
4323.9,561216
4324,561353
4324.1,561395
4324.2,561106
4324.3,561263
4324.4,561238
4324.5,561279
4324.6,561321
4324.7,561363
4324.8,561358
4324.9,561377
4325,561301
4325.1,561438
4325.2,561361
4325.3,561124
4325.4,561143
4325.5,561067
4325.6,561364
4325.7,561287
4325.8,561329
4325.9,561187
4326,561419
4326.1,561224
4326.2,561148
4326.3,561167
4326.4,561231
4326.5,561067
4326.6,561387
4326.7,561010
4326.8,561211
4326.9,561158
4327,561111
4327.1,560992
4327.2,561148
4327.3,561073
4327.4,561114
4327.5,561198
4327.6,561057
4327.7,561193
4327.8,561117
4327.9,561041
4328,561242
4328.1,561143
4328.2,561003
4328.3,561021
4328.4,561222
4328.5,561359
4328.6,561187
4328.7,561183
4328.8,561225
4328.9,560967
4329,561285
4329.1,561209
4329.2,561227
4329.3,561129
4329.4,561011
4329.5,561029
4329.6,561253
4329.7,561272
4329.8,561078
4329.9,561191
4330,560957
4330.1,560998
4330.2,561198
4330.3,561335
4330.4,561236
4330.5,561254
4330.6,561019
4330.7,561338
4330.8,561166
4330.9,561026
4331,561322
4331.1,561105
4331.2,561264
4331.3,561211
4331.4,561047
4331.5,561183
4331.6,561084
4331.7,561286
4331.8,561327
4331.9,561369
4332,561015
4332.1,561034
4332.2,561330
4332.3,561159
4332.4,561200
4332.5,561154
4332.6,561034
4332.7,561170
4332.8,561138
4332.9,561156
4333,561103
4333.1,561217
4333.2,561119
4333.3,561182
4333.4,561179
4333.5,561031
4333.6,561327
4333.7,561280
4333.8,561203
4333.9,561127
4334,561052
4334.1,560883
4334.2,561060
4334.3,561036
4334.4,561055
4334.5,561096
4334.6,560811
4334.7,561198
4334.8,561217
4334.9,560982
4335,561117
4335.1,561319
4335.2,561148
4335.3,561446
4335.4,561068
4335.5,561484
4335.6,561151
4335.7,561353
4335.8,561094
4335.9,561112
4336,561314
4336.1,561172
4336.2,561398
4336.3,561044
4336.4,561062
4336.5,561198
4336.6,560889
4336.7,561046
4336.8,561366
4336.9,561385
4337,561242
4337.1,561049
4337.2,561133
4337.3,561292
4337.4,561216
4337.5,561352
4337.6,561093
4337.7,561390
4337.8,561314
4337.9,561260
4338,561397
4338.1,561416
4338.2,561179
4338.3,561080
4338.4,561282
4338.5,561228
4338.6,561484
4338.7,561223
4338.8,561147
4338.9,561349
4339,561273
4339.1,561037
4339.2,561333
4339.3,561097
4339.4,561116
4339.5,561063
4339.6,561059
4339.7,561312
4339.8,560960
4339.9,561095
4340,561019
4340.1,561243
4340.2,561144
4340.3,561258
4340.4,561299
4340.5,561223
4340.6,561264
4340.7,561283
4340.8,561302
4340.9,561203
4341,561245
4341.1,561286
4341.2,561210
4341.3,561347
4341.4,561366
4341.5,560961
4341.6,561213
4341.7,561416
4341.8,561273
4341.9,561292
4342,561311
4342.1,561396
4342.2,561181
4342.3,561106
4342.4,561242
4342.5,560984
4342.6,561184
4342.7,561364
4342.8,561310
4342.9,561263
4343,561401
4343.1,561206
4343.2,561225
4343.3,561055
4343.4,561096
4343.5,560956
4343.6,561251
4343.7,561292
4343.8,561216
4343.9,561419
4344,561276
4344.1,561295
4344.2,561059
4344.3,561078
4344.4,561003
4344.5,561109
4344.6,561245
4344.7,561382
4344.8,561145
4344.9,560953
4345,561271
4345.1,561385
4345.2,561031
4345.3,561284
4345.4,561070
4345.5,561038
4345.6,561079
4345.7,561353
4345.8,561117
4345.9,561114
4346,561082
4346.1,561218
4346.2,561142
4346.3,561044
4346.4,561202
4346.5,561200
4346.6,561030
4346.7,561071
4346.8,561184
4346.9,561130
4347,561054
4347.1,561212
4347.2,561415
4347.3,561155
4347.4,561292
4347.5,561098
4347.6,561300
4347.7,561342
4347.8,561265
4347.9,561124
4348,561048
4348.1,561345
4348.2,561151
4348.3,561215
4348.4,561234
4348.5,561187
4348.6,561017
4348.7,561195
4348.8,561119
4348.9,561344
4349,561043
4349.1,560968
4349.2,561263
4349.3,561069
4349.4,561389
4349.5,561431
4349.6,561288
4349.7,561190
4349.8,561114
4349.9,561220
4350,561144
4350.1,561121
4350.2,561323
4350.3,561181
4350.4,561105
4350.5,561307
4350.6,561326
4350.7,561464
4350.8,561108
4350.9,561267
4351,561191
4351.1,561210
4351.2,561294
4351.3,561153
4351.4,560919
4351.5,560960
4351.6,561160
4351.7,561178
4351.8,561197
4351.9,560963
4352,561004
4352.1,560929
4352.2,561341
4352.3,561082
4352.4,561101
4352.5,561142
4352.6,561067
4352.7,561014
4352.8,561244
4352.9,561168
4353,561370
4353.1,561228
4353.2,561175
4353.3,561312
4353.4,561074
4353.5,561210
4353.6,561273
4353.7,561080
4353.8,561304
4353.9,561163
4354,561181
4354.1,561223
4354.2,561030
4354.3,561231
4354.4,561090
4354.5,561109
4354.6,561245
4354.7,561287
4354.8,561093
4354.9,561295
4355,561337
4355.1,561078
4355.2,561119
4355.3,561321
4355.4,561245
4355.5,561263
4355.6,561305
4355.7,561164
4355.8,561088
4355.9,561289
4356,561119
4356.1,561393
4356.2,561156
4356.3,561316
4356.4,561335
4356.5,561281
4356.6,561182
4356.7,561201
4356.8,561338
4356.9,561166
4357,560932
4357.1,561155
4357.2,561268
4357.3,561170
4357.4,561329
4357.5,561253
4357.6,561200
4357.7,561218
4357.8,561355
4357.9,561161
4358,561203
4358.1,561244
4358.2,561074
4358.3,561305
4358.4,561324
4358.5,561313
4358.6,561194
4358.7,561236
4358.8,561255
4358.9,560997
4359,561132
4359.1,561239
4359.2,561281
4359.3,561110
4359.4,561342
4359.5,560989
4359.6,561095
4359.7,561231
4359.8,561177
4359.9,561410
4360,561056
4360.1,561097
4360.2,561299
4360.3,561317
4360.4,561455
4360.5,561313
4360.6,561354
4360.7,561278
4360.8,561202
4360.9,561309
4361,561328
4361.1,561069
4361.2,561205
4361.3,561108
4361.4,561354
4361.5,561072
4361.6,561392
4361.7,561250
4361.8,561174
4361.9,561216
4362,561323
4362.1,561064
4362.2,561361
4362.3,561284
4362.4,561049
4362.5,560880
4362.6,561109
4362.7,561128
4362.8,561307
4362.9,561093
4363,561112
4363.1,561337
4363.2,561101
4363.3,561097
4363.4,561298
4363.5,561245
4363.6,561382
4363.7,561123
4363.8,561164
4363.9,561183
4364,561267
4364.1,560938
4364.2,561255
4364.3,561393
4364.4,561039
4364.5,561240
4364.6,561047
4364.7,561206
4364.8,561065
4364.9,561083
4365,561102
4365.1,561049
4365.2,561251
4365.3,561292
4365.4,561151
4365.5,561192
4365.6,561372
4365.7,561296
4365.8,561125
4365.9,561101
4366,561120
4366.1,561023
4366.2,561203
4366.3,561011
4366.4,561234
4366.5,561188
4366.6,561112
4366.7,561153
4366.8,561195
4366.9,561119
4367,560927
4367.1,561179
4367.2,561316
4367.3,561358
4367.4,561070
4367.5,561389
4367.6,561130
4367.7,561171
4367.8,561074
4367.9,561116
4368,561178
4368.1,561197
4368.2,561078
4368.3,561140
4368.4,561182
4368.5,561012
4368.6,561010
4368.7,561380
4368.8,561185
4368.9,561110
4369,561151
4369.1,561472
4369.2,561096
4369.3,560998
4369.4,561060
4369.5,561261
4369.6,561303
4369.7,561162
4369.8,561159
4369.9,561178
4370,561241
4370.1,561230
4370.2,561272
4370.3,561131
4370.4,561055
4370.5,561097
4370.6,561116
4370.7,561222
4370.8,561081
4370.9,561217
4371,561236
4371.1,561160
4371.2,561107
4371.3,561191
4371.4,561051
4371.5,561209
4371.6,561228
4371.7,561270
4371.8,561259
4371.9,561374
4372,561137
4372.1,561040
4372.2,561176
4372.3,561101
4372.4,561251
4372.5,561366
4372.6,561224
4372.7,561171
4372.8,561307
4372.9,561042
4373,561155
4373.1,561358
4373.2,561216
4373.3,561257
4373.4,561043
4373.5,561128
4373.6,561147
4373.7,561327
4373.8,561326
4373.9,561017
4374,561196
4374.1,561077
4374.2,561095
4374.3,561020
4374.4,561318
4374.5,561241
4374.6,561188
4374.7,561186
4374.8,561110
4374.9,561150
4375,561170
4375.1,561117
4375.2,561254
4375.3,561273
4375.4,561197
4375.5,561260
4375.6,561184
4375.7,561131
4375.8,561055
4375.9,561053
4376,561071
4376.1,561157
4376.2,561241
4376.3,561100
4376.4,561141
4376.5,561278
4376.6,560991
4376.7,561286
4376.8,560935
4376.9,561069
4377,561205
4377.1,561247
4377.2,561237
4377.3,561278
4377.4,561180
4377.5,561062
4377.6,560986
4377.7,561028
4377.8,561324
4377.9,561065
4378,561267
4378.1,561125
4378.2,561167
4378.3,561091
4378.4,561039
4378.5,561057
4378.6,561236
4378.7,561023
4378.8,561065
4378.9,560990
4379,561404
4379.1,561423
4379.2,561228
4379.3,560993
4379.4,561312
4379.5,561258
4379.6,561000
4379.7,561296
4379.8,560944
4379.9,561380
4380,561049
4380.1,561162
4380.2,561204
4380.3,561407
4380.4,561030
4380.5,561094
4380.6,561414
4380.7,561060
4380.8,561196
4380.9,561120
4381,561322
4381.1,561269
4381.2,561128
4381.3,561125
4381.4,561050
4381.5,561113
4381.6,561314
4381.7,561196
4381.8,561120
4381.9,561023
4382,561203
4382.1,561127
4382.2,561330
4382.3,561188
4382.4,561186
4382.5,561227
4382.6,561151
4382.7,561120
4382.8,561440
4382.9,561180
4383,561222
4383.1,561125
4383.2,561305
4383.3,561135
4383.4,561248
4383.5,561172
4383.6,561214
4383.7,561000
4383.8,561085
4383.9,561317
4384,561079
4384.1,561142
4384.2,561184
4384.3,561225
4384.4,561172
4384.5,561191
4384.6,561210
4384.7,561017
4384.8,561059
4384.9,561006
4385,561004
4385.1,561023
4385.2,561179
4385.3,561104
4385.4,561051
4385.5,561093
4385.6,561229
4385.7,561153
4385.8,561172
4385.9,560980
4386,561226
4386.1,561179
4386.2,561060
4386.3,561123
4386.4,561047
4386.5,561089
4386.6,561313
4386.7,561332
4386.8,561191
4386.9,561021
4387,561156
4387.1,561146
4387.2,561122
4387.3,561259
4387.4,561301
4387.5,561107
4387.6,561055
4387.7,561138
4387.8,561115
4387.9,561156
4388,561198
4388.1,561217
4388.2,561324
4388.3,561066
4388.4,561107
4388.5,561244
4388.6,561052
4388.7,561115
4388.8,561062
4388.9,561359
4389,561100
4389.1,561259
4389.2,561045
4389.3,561130
4389.4,561149
4389.5,561073
4389.6,561209
4389.7,561112
4389.8,561154
4389.9,561240
4390,561164
4390.1,561066
4390.2,561086
4390.3,561128
4390.4,561213
4390.5,561232
4390.6,561112
4390.7,561037
4390.8,561240
4390.9,561143
4391,561279
4391.1,561115
4391.2,561436
4391.3,561146
4391.4,561209
4391.5,561113
4391.6,561249
4391.7,561173
4391.8,561097
4391.9,561160
4392,561202
4392.1,561082
4392.2,561219
4392.3,560984
4392.4,561184
4392.5,561366
4392.6,561474
4392.7,561119
4392.8,561116
4392.9,561158
4393,561221
4393.1,561145
4393.2,560953
4393.3,561206
4393.4,561204
4393.5,561151
4393.6,561075
4393.7,561138
4393.8,561340
4393.9,561060
4394,561102
4394.1,561282
4394.2,561089
4394.3,561130
4394.4,561149
4394.5,561286
4394.6,561233
4394.7,561063
4394.8,561104
4394.9,561123
4395,561048
4395.1,561183
4395.2,561131
4395.3,561172
4395.4,561053
4395.5,561116
4395.6,561040
4395.7,561082
4395.8,561123
4395.9,561070
4396,561068
4396.1,561014
4396.2,561333
4396.3,561257
4396.4,561138
4396.5,561019
4396.6,561155
4396.7,561123
4396.8,561165
4396.9,561207
4397,561154
4397.1,561078
4397.2,561214
4397.3,561139
4397.4,561341
4397.5,561105
4397.6,561264
4397.7,561283
4397.8,561069
4397.9,561154
4398,561079
4398.1,561215
4398.2,561331
4398.3,560978
4398.4,561178
4398.5,561264
4398.6,561188
4398.7,561186
4398.8,561046
4398.9,561087
4399,561194
4399.1,561213
4399.2,561350
4399.3,561274
4399.4,561016
4399.5,561057
4399.6,561282
4399.7,561228
4399.8,561036
4399.9,561055
4400,561096
4400.1,561138
4400.2,561319
4400.3,561221
4400.4,561123
4400.5,561142
4400.6,561089
4400.7,561269
4400.8,561055
4400.9,560980
4401,561233
4401.1,561084
4401.2,561125
4401.3,561167
4401.4,561304
4401.5,561089
4401.6,561247
4401.7,561171
4401.8,561118
4401.9,561160
4402,561202
4402.1,561126
4402.2,561262
4402.3,561347
4402.4,561017
4402.5,561153
4402.6,561056
4402.7,561119
4402.8,561321
4402.9,561245
4403,561309
4403.1,561233
4403.2,561093
4403.3,561134
4403.4,561336
4403.5,561165
4403.6,561302
4403.7,561161
4403.8,561203
4403.9,561244
4404,561074
4404.1,561158
4404.2,561200
4404.3,561059
4404.4,561007
4404.5,561326
4404.6,561250
4404.7,561174
4404.8,561311
4404.9,561192
4405,561116
4405.1,561341
4405.2,561083
4405.3,561102
4405.4,561261
4405.5,561185
4405.6,561227
4405.7,561057
4405.8,561193
4405.9,561117
4406,561021
4406.1,561062
4406.2,561104
4406.3,561380
4406.4,561259
4406.5,561183
4406.6,561343
4406.7,561172
4406.8,561214
4406.9,561256
4407,561180
4407.1,561243
4407.2,561264
4407.3,561188
4407.4,561164
4407.5,561089
4407.6,561108
4407.7,561429
4407.8,561139
4407.9,561203
4408,561341
4408.1,561264
4408.2,561402
4408.3,561230
4408.4,561294
4408.5,561079
4408.6,561238
4408.7,561257
4408.8,561182
4408.9,561223
4409,561074
4409.1,561233
4409.2,561136
4409.3,561295
4409.4,561218
4409.5,561445
4409.6,560974
4409.7,561226
4409.8,561268
4409.9,561171
4410,561234
4410.1,561342
4410.2,561361
4410.3,561403
4410.4,561072
4410.5,561274
4410.6,561316
4410.7,561335
4410.8,561259
4410.9,561118
4411,561182
4411.1,561013
4411.2,561243
4411.3,561050
4411.4,561466
4411.5,561228
4411.6,561037
4411.7,561100
4411.8,561141
4411.9,561160
4412,560991
4412.1,561105
4412.2,561191
4412.3,561094
4412.4,561208
4412.5,561271
4412.6,561101
4412.7,561355
4412.8,561207
4412.9,561226
4413,561129
4413.1,561171
4413.2,561211
4413.3,561137
4413.4,561274
4413.5,561293
4413.6,561057
4413.7,561259
4413.8,561088
4413.9,561292
4414,561290
4414.1,561427
4414.2,560979
4414.3,561298
4414.4,561148
4414.5,561081
4414.6,561028
4414.7,561164
4414.8,561089
4414.9,561014
4415,561143
4415.1,561097
4415.2,561044
4415.3,561180
4415.4,561127
4415.5,561052
4415.6,561372
4415.7,561391
4415.8,561037
4415.9,561572
4416,561120
4416.1,561250
4416.2,561246
4416.3,561171
4416.4,561213
4416.5,561160
4416.6,561107
4416.7,561221
4416.8,561262
4416.9,561326
4417,561229
4417.1,561176
4417.2,561144
4417.3,561025
4417.4,561300
4417.5,561224
4417.6,561171
4417.7,561213
4417.8,561137
4417.9,561179
4418,561198
4418.1,561122
4418.2,561252
4418.3,561068
4418.4,561248
4418.5,561151
4418.6,561214
4418.7,561138
4418.8,561086
4418.9,561105
4419,561146
4419.1,561144
4419.2,561113
4419.3,561338
4419.4,561173
4419.5,561194
4419.6,561118
4419.7,561160
4419.8,561223
4419.9,561354
4420,561212
4420.1,561210
4420.2,561273
4420.3,561315
4420.4,561145
4420.5,561164
4420.6,561067
4420.7,561226
4420.8,561268
4420.9,561332
4421,561161
4421.1,561180
4421.2,561340
4421.3,561242
4421.4,561166
4421.5,561252
4421.6,561133
4421.7,561409
4421.8,561216
4421.9,561258
4422,561300
4422.1,561130
4422.2,561149
4422.3,561073
4422.4,560956
4422.5,561275
4422.6,561340
4422.7,560964
4422.8,561283
4422.9,561207
4423,561249
4423.1,561036
4423.2,561356
4423.3,561120
4423.4,561044
4423.5,561246
4423.6,561076
4423.7,561117
4423.8,561254
4423.9,561273
4424,561315
4424.1,561144
4424.2,561090
4424.3,561205
4424.4,561247
4424.5,561106
4424.6,560938
4424.7,561277
4424.8,561106
4424.9,561010
4425,561263
4425.1,561188
4425.2,561112
4425.3,561198
4425.4,560962
4425.5,561215
4425.6,561139
4425.7,561181
4425.8,561341
4425.9,561214
4426,561328
4426.1,561252
4426.2,561061
4426.3,561103
4426.4,560934
4426.5,561163
4426.6,561088
4426.7,561269
4426.8,561289
4426.9,561213
4427,561087
4427.1,561085
4427.2,561243
4427.3,561146
4427.4,561327
4427.5,561274
4427.6,561198
4427.7,561079
4427.8,561142
4427.9,561162
4428,561110
4428.1,561290
4428.2,561214
4428.3,561212
4428.4,561063
4428.5,561223
4428.6,561170
4428.7,561168
4428.8,561209
4428.9,561134
4429,561036
4429.1,561239
4429.2,561186
4429.3,561184
4429.4,561014
4429.5,561289
4429.6,561119
4429.7,561139
4429.8,561181
4429.9,561200
4430,561242
4430.1,561189
4430.2,560997
4430.3,561317
4430.4,561103
4430.5,561145
4430.6,561005
4430.7,561111
4430.8,561079
4430.9,561195
4431,560960
4431.1,561002
4431.2,561043
4431.3,561150
4431.4,561169
4431.5,561188
4431.6,561070
4431.7,561272
4431.8,561314
4431.9,561261
4432,561163
4432.1,560993
4432.2,561129
4432.3,561171
4432.4,561236
4432.5,561160
4432.6,561179
4432.7,561104
4432.8,561263
4432.9,561305
4433,561156
4433.1,561293
4433.2,561217
4433.3,561141
4433.4,561206
4433.5,561153
4433.6,561128
4433.7,561170
4433.8,561233
4433.9,561157
4434,561199
4434.1,561052
4434.2,561306
4434.3,561092
4434.4,561155
4434.5,560963
4434.6,561027
4434.7,561163
4434.8,561300
4434.9,561203
4435,561266
4435.1,561374
4435.2,561321
4435.3,561085
4435.4,561244
4435.5,561264
4435.6,561371
4435.7,561295
4435.8,561177
4435.9,561314
4436,561099
4436.1,561185
4436.2,561110
4436.3,561335
4436.4,561377
4436.5,561118
4436.6,561065
4436.7,561107
4436.8,561332
4436.9,560980
4437,561233
4437.1,561157
4437.2,561083
4437.3,561146
4437.4,561253
4437.5,561273
4437.6,561038
4437.7,561196
4437.8,561144
4437.9,561251
4438,561110
4438.1,560919
4438.2,561077
4438.3,561118
4438.4,561183
4438.5,561064
4438.6,561339
4438.7,561146
4438.8,561306
4438.9,561326
4439,561200
4439.1,561315
4439.2,561217
4439.3,561399
4439.4,561110
4439.5,561174
4439.6,561055
4439.7,561214
4439.8,561233
4439.9,561202
4440,561405
4440.1,561351
4440.2,561328
4440.3,561252
4440.4,561176
4440.5,561124
4440.6,561231
4440.7,561068
4440.8,561088
4440.9,561151
4441,561098
4441.1,561396
4441.2,561247
4441.3,561385
4441.4,561149
4441.5,561073
4441.6,561298
4441.7,561127
4441.8,561147
4441.9,561007
4442,561165
4442.1,561207
4442.2,561315
4442.3,561144
4442.4,561163
4442.5,561228
4442.6,561087
4442.7,561312
4442.8,561236
4442.9,561161
4443,561298
4443.1,561340
4443.2,561010
4443.3,561329
4443.4,561064
4443.5,561361
4443.6,561008
4443.7,561167
4443.8,561114
4443.9,561156
4444,561081
4444.1,561217
4444.2,561420
4444.3,561183
4444.4,561248
4444.5,561290
4444.6,561127
4444.7,561168
4444.8,561158
4444.9,561041
4445,561265
4445.1,561030
4445.2,561049
4445.3,561488
4445.4,561316
4445.5,561080
4445.6,561216
4445.7,561259
4445.8,560951
4445.9,561130
4446,561055
4446.1,561119
4446.2,561256
4446.3,561159
4446.4,561222
4446.5,561265
4446.6,561094
4446.7,561349
4446.8,561252
4446.9,561294
4447,561336
4447.1,561260
4447.2,561134
4447.3,561015
4447.4,561313
4447.5,561216
4447.6,561140
4447.7,561226
4447.8,561129
4447.9,561170
4448,561426
4448.1,561115
4448.2,561201
4448.3,561031
4448.4,561167
4448.5,561092
4448.6,561134
4448.7,561081
4448.8,561306
4448.9,561048
4449,561184
4449.1,561387
4449.2,561151
4449.3,561098
4449.4,561323
4449.5,561088
4449.6,561385
4449.7,561309
4449.8,560886
4449.9,561203
4450,561063
4450.1,561383
4450.2,561029
4450.3,561253
4450.4,561178
4450.5,561125
4450.6,561262
4450.7,561209
4450.8,561228
4450.9,561059
4451,561123
4451.1,561260
4451.2,561025
4451.3,561067
4451.4,561453
4451.5,561281
4451.6,561235
4451.7,561000
4451.8,561319
4451.9,561083
4452,561404
4452.1,561115
4452.2,561275
4452.3,561412
4452.4,561176
4452.5,561402
4452.6,561071
4452.7,561368
4452.8,561131
4452.9,561268
4453,561077
4453.1,561163
4453.2,561087
4453.3,561224
4453.4,561171
4453.5,561169
4453.6,561117
4453.7,561064
4453.8,561222
4453.9,561241
4454,561167
4454.1,561327
4454.2,561274
4454.3,561104
4454.4,561262
4454.5,561165
4454.6,561325
4454.7,560973
4454.8,561314
4454.9,561334
4455,561098
4455.1,561023
4455.2,561129
4455.3,561171
4455.4,561257
4455.5,561161
4455.6,561085
4455.7,561148
4455.8,561190
4455.9,561138
4456,561136
4456.1,561273
4456.2,561359
4456.3,561283
4456.4,560996
4456.5,561060
4456.6,561102
4456.7,561239
4456.8,561281
4456.9,561389
4457,561218
4457.1,561077
4457.2,561119
4457.3,561140
4457.4,561203
4457.5,561150
4457.6,561258
4457.7,561396
4457.8,561065
4457.9,561201
4458,561148
4458.1,561256
4458.2,561180
4458.3,561063
4458.4,561082
4458.5,561241
4458.6,561071
4458.7,561368
4458.8,561132
4458.9,561174
4459,561078
4459.1,561163
4459.2,561205
4459.3,561036
4459.4,561055
4459.5,561214
4459.6,561118
4459.7,561203
4459.8,561107
4459.9,561126
4460,561307
4460.1,561115
4460.2,561157
4460.3,561199
4460.4,561381
4460.5,561166
4460.6,561348
4460.7,561250
4460.8,561337
4460.9,561240
4461,561377
4461.1,561141
4461.2,561248
4461.3,561290
4461.4,561238
4461.5,561120
4461.6,561045
4461.7,561086
4461.8,561288
4461.9,561354
4462,561212
4462.1,561255
4462.2,561297
4462.3,561221
4462.4,561448
4462.5,561276
4462.6,561414
4462.7,561083
4462.8,561124
4462.9,561327
4463,561274
4463.1,561198
4463.2,561336
4463.3,561100
4463.4,560931
4463.5,560973
4463.6,561196
4463.7,561142
4463.8,561376
4463.9,561205
4464,561247
4464.1,561215
4464.2,561353
4464.3,561277
4464.4,561298
4464.5,561340
4464.6,561287
4464.7,561161
4464.8,561275
4464.9,561199
4465,561126
4465.1,561212
4465.2,561159
4465.3,561296
4465.4,561220
4465.5,561124
4465.6,561305
4465.7,561252
4465.8,561199
4465.9,561124
4466,561261
4466.1,561091
4466.2,561250
4466.3,561103
4466.4,561122
4466.5,561259
4466.6,561206
4466.7,561131
4466.8,561078
4466.9,561193
4467,561118
4467.1,561160
4467.2,561085
4467.3,561171
4467.4,561074
4467.5,561234
4467.6,560977
4467.7,561318
4467.8,561148
4467.9,561211
4468,561327
4468.1,561092
4468.2,561133
4468.3,561081
4468.4,561402
4468.5,561370
4468.6,561368
4468.7,561132
4468.8,561292
4468.9,561121
4469,561347
4469.1,561366
4469.2,561409
4469.3,561172
4469.4,561494
4469.5,561161
4469.6,561269
4469.7,561288
4469.8,561118
4469.9,561373
4470,561320
4470.1,561149
4470.2,561009
4470.3,561329
4470.4,561253
4470.5,561200
4470.6,560966
4470.7,561190
4470.8,561209
4470.9,561156
4471,561081
4471.1,561123
4471.2,561188
4471.3,561251
4471.4,561155
4471.5,561174
4471.6,561005
4471.7,561302
4471.8,561155
4471.9,561153
4472,561195
4472.1,561120
4472.2,561088
4472.3,561036
4472.4,561151
4472.5,561193
4472.6,561257
4472.7,561299
4472.8,561034
4472.9,561099
4473,561236
4473.1,561234
4473.2,561181
4473.3,561150
4473.4,561074
4473.5,561116
4473.6,561276
4473.7,561179
4473.8,561104
4473.9,561190
4474,561298
4474.1,561179
4474.2,561222
4474.3,561264
4474.4,561094
4474.5,561438
4474.6,561178
4474.7,561081
4474.8,561241
4474.9,561328
4475,561275
4475.1,561176
4475.2,561218
4475.3,561239
4475.4,561282
4475.5,561229
4475.6,561176
4475.7,561195
4475.8,561238
4475.9,561301
4476,561204
4476.1,561175
4476.2,561194
4476.3,561331
4476.4,561161
4476.5,561085
4476.6,561266
4476.7,560981
4476.8,561234
4476.9,561159
4477,561222
4477.1,561330
4477.2,561212
4477.3,561115
4477.4,561252
4477.5,561316
4477.6,561263
4477.7,561467
4477.8,561135
4477.9,561177
4478,561081
4478.1,561261
4478.2,561209
4478.3,561133
4478.4,561270
4478.5,561174
4478.6,561216
4478.7,561163
4478.8,561226
4478.9,561334
4479,561121
4479.1,561120
4479.2,561206
4479.3,561248
4479.4,561356
4479.5,561280
4479.6,561257
4479.7,561299
4479.8,561108
4479.9,561289
4480,561024
4480.1,561043
4480.2,561202
4480.3,561106
4480.4,561192
4480.5,561140
4480.6,561159
4480.7,561084
4480.8,561362
4480.9,561169
4481,561138
4481.1,561180
4481.2,561222
4481.3,561147
4481.4,561307
4481.5,561254
4481.6,561201
4481.7,561244
4481.8,561263
4481.9,561306
4482,561231
4482.1,561062
4482.2,561126
4482.3,561285
4482.4,561188
4482.5,561135
4482.6,561359
4482.7,561146
4482.8,561188
4482.9,561092
4483,561250
4483.1,561103
4483.2,561305
4483.3,561370
4483.4,561413
4483.5,561176
4483.6,560985
4483.7,561208
4483.8,561316
4483.9,561293
4484,560964
4484.1,561100
4484.2,561207
4484.3,561433
4484.4,561174
4484.5,561056
4484.6,561377
4484.7,561046
4484.8,561343
4484.9,561078
4485,561375
4485.1,561162
4485.2,561204
4485.3,561365
4485.4,561194
4485.5,561331
4485.6,561138
4485.7,561298
4485.8,561245
4485.9,561406
4486,561235
4486.1,561277
4486.2,561296
4486.3,561244
4486.4,561009
4486.5,560864
4486.6,561276
4486.7,561041
4486.8,561457
4486.9,561008
4487,561072
4487.1,561297
4487.2,561435
4487.3,560987
4487.4,561402
4487.5,561349
4487.6,561136
4487.7,561155
4487.8,561315
4487.9,561239
4488,561070
4488.1,561134
4488.2,561082
4488.3,561080
4488.4,561122
4488.5,561047
4488.6,561133
4488.7,561293
4488.8,561102
4488.9,561238
4489,561281
4489.1,561228
4489.2,561153
4489.3,561400
4489.4,561026
4489.5,561185
4489.6,561271
4489.7,561057
4489.8,561026
4489.9,561162
4490,561204
4490.1,561270
4490.2,561194
4490.3,561025
4490.4,561249
4490.5,561269
4490.6,561151
4490.7,561098
4490.8,561140
4490.9,560994
4491,561290
4491.1,561333
4491.2,561375
4491.3,561139
4491.4,561365
4491.5,561194
4491.6,561236
4491.7,561161
4491.8,561044
4491.9,561387
4492,561216
4492.1,561353
4492.2,561182
4492.3,561225
4492.4,561267
4492.5,561333
4492.6,561162
4492.7,560929
4492.8,561129
4492.9,561171
4493,561236
4493.1,561463
4493.2,561321
4493.3,561245
4493.4,561288
4493.5,561396
4493.6,561277
4493.7,561248
4493.8,561290
4493.9,560939
4494,561257
4494.1,561087
4494.2,561152
4494.3,561312
4494.4,561054
4494.5,561002
4494.6,561321
4494.7,561150
4494.8,561406
4494.9,561170
4495,561074
4495.1,561254
4495.2,561202
4495.3,560939
4495.4,561234
4495.5,561211
4495.6,561158
4495.7,561361
4495.8,560937
4495.9,561167
4496,561275
4496.1,561318
4496.2,561479
4496.3,561030
4496.4,561072
4496.5,561114
4496.6,561316
4496.7,561264
4496.8,561329
4496.9,561372
4497,561113
4497.1,561315
4497.2,561240
4497.3,561122
4497.4,561467
4497.5,561295
4497.6,561337
4497.7,560892
4497.8,561209
4497.9,561251
4498,560923
4498.1,561059
4498.2,561101
4498.3,561143
4498.4,561346
4498.5,561316
4498.6,561145
4498.7,561028
4498.8,561164
4498.9,560995
4499,561315
4499.1,561262
4499.2,561239
4499.3,561163
4499.4,561229
4499.5,561337
4499.6,561261
4499.7,561049
4499.8,561208
4499.9,561250
4500,561175
4500.1,561123
4500.2,561325
4500.3,561207
4500.4,561111
4500.5,561153
4500.6,561101
4500.7,561187
4500.8,561017
4500.9,561133
4501,561175
4501.1,561122
4501.2,561282
4501.3,561112
4501.4,561270
4501.5,561218
4501.6,561356
4501.7,561164
4501.8,561250
4501.9,561197
4502,561122
4502.1,561444
4502.2,561089
4502.3,561154
4502.4,560985
4502.5,561144
4502.6,561163
4502.7,561088
4502.8,561153
4502.9,561101
4503,561049
4503.1,561251
4503.2,561412
4503.3,561336
4503.4,561100
4503.5,561444
4503.6,560996
4503.7,561132
4503.8,561057
4503.9,561282
4504,561443
4504.1,561295
4504.2,561060
4504.3,561261
4504.4,561209
4504.5,561412
4504.6,561479
4504.7,561241
4504.8,561379
4504.9,561049
4505,561369
4505.1,561198
4505.2,561263
4505.3,561306
4505.4,561070
4505.5,561018
4505.6,561338
4505.7,561050
4505.8,561328
4505.9,561092
4506,561134
4506.1,561082
4506.2,560914
4506.3,561137
4506.4,561297
4506.5,561062
4506.6,561104
4506.7,561052
4506.8,561277
4506.9,561296
4507,561126
4507.1,561103
4507.2,561051
4507.3,561371
4507.4,561384
4507.5,561148
4507.6,561351
4507.7,561115
4507.8,561245
4507.9,561407
4508,561330
4508.1,561469
4508.2,561297
4508.3,561245
4508.4,561406
4508.5,561449
4508.6,561372
4508.7,561415
4508.8,561244
4508.9,561191
4509,561352
4509.1,561211
4509.2,561158
4509.3,560989
4509.4,561309
4509.5,561256
4509.6,561394
4509.7,561275
4509.8,561318
4509.9,561242
4510,561255
4510.1,561137
4510.2,561298
4510.3,561222
4510.4,561264
4510.5,561492
4510.6,561320
4510.7,561085
4510.8,560945
4510.9,561382
4511,561425
4511.1,561277
4511.2,561385
4511.3,561244
4511.4,561405
4511.5,561074
4511.6,561116
4511.7,561129
4511.8,561083
4511.9,561243
4512,561285
4512.1,561094
4512.2,561275
4512.3,561128
4512.4,561053
4512.5,560979
4512.6,561137
4512.7,561202
4512.8,561127
4512.9,561075
4513,561094
4513.1,561137
4513.2,561363
4513.3,561405
4513.4,561352
4513.5,561000
4513.6,561319
4513.7,561149
4513.8,561214
4513.9,561256
4514,561418
4514.1,561342
4514.2,561200
4514.3,561190
4514.4,561256
4514.5,561226
4514.6,561460
4514.7,561011
4514.8,561053
4514.9,561160
4515,561506
4515.1,561363
4515.2,561245
4515.3,561075
4515.4,561277
4515.5,561225
4515.6,561172
4515.7,561333
4515.8,561097
4515.9,561419
4516,560971
4516.1,561077
4516.2,561332
4516.3,561003
4516.4,561139
4516.5,561087
4516.6,561035
4516.7,561142
4516.8,561119
4516.9,561184
4517,561227
4517.1,561269
4517.2,561122
4517.3,561420
4517.4,561302
4517.5,561110
4517.6,561152
4517.7,561100
4517.8,561092
4517.9,561111
4518,561037
4518.1,561101
4518.2,561144
4518.3,561091
4518.4,561228
4518.5,561176
4518.6,561379
4518.7,561143
4518.8,561208
4518.9,560945
4519,561478
4519.1,561306
4519.2,561326
4519.3,561019
4519.4,561061
4519.5,561103
4519.6,561123
4519.7,561348
4519.8,561178
4519.9,561338
4520,561190
4520.1,561168
4520.2,561275
4520.3,561318
4520.4,561148
4520.5,561095
4520.6,560979
4520.7,561021
4520.8,561063
4520.9,561105
4521,561212
4521.1,561160
4521.2,561321
4521.3,561085
4521.4,561033
4521.5,561235
4521.6,561182
4521.7,561343
4521.8,561108
4521.9,561150
4522,561310
4522.1,561046
4522.2,561432
4522.3,561036
4522.4,561172
4522.5,561120
4522.6,561185
4522.7,561110
4522.8,561152
4522.9,560961
4523,561025
4523.1,561345
4523.2,561411
4523.3,561145
4523.4,561187
4523.5,561272
4523.6,561272
4523.7,561102
4523.8,561168
4523.9,561187
4524,561230
4524.1,561060
4524.2,561102
4524.3,561447
4524.4,561115
4524.5,561040
4524.6,561200
4524.7,561308
4524.8,561072
4524.9,560927
4525,561459
4525.1,561105
4525.2,561053
4525.3,561350
4525.4,561320
4525.5,561268
4525.6,561525
4525.7,561075
4525.8,561277
4525.9,561225
4526,561290
4526.1,561452
4526.2,561376
4526.3,561140
4526.4,561088
4526.5,561290
4526.6,561260
4526.7,561399
4526.8,561185
4526.9,561110
4527,561058
4527.1,561304
4527.2,561445
4527.3,561303
4527.4,561250
4527.5,561293
4527.6,561306
4527.7,561253
4527.8,561414
4527.9,561273
4528,561339
4528.1,561286
4528.2,561394
4528.3,561534
4528.4,561083
4528.5,561125
4528.6,561191
4528.7,561417
4528.8,561246
4528.9,561289
4529,561213
4529.1,561374
4529.2,561321
4529.3,561269
4529.4,561311
4529.5,561331
4529.6,561278
4529.7,561344
4529.8,561268
4529.9,561334
4530,561281
4530.1,561441
4530.2,561249
4530.3,561196
4530.4,561144
4530.5,561281
4530.6,561347
4530.7,561271
4530.8,561240
4530.9,561401
4531,561371
4531.1,561274
4531.2,561199
4531.3,561242
4531.4,561072
4531.5,561394
4531.6,561437
4531.7,561340
4531.8,561383
4531.9,561212
4532,561160
4532.1,561225
4532.2,561267
4532.3,561310
4532.4,561258
4532.5,561205
4532.6,561269
4532.7,561195
4532.8,561452
4532.9,561120
4533,561163
4533.1,561111
4533.2,561358
4533.3,561261
4533.4,561208
4533.5,561251
4533.6,561316
4533.7,561146
4533.8,561071
4533.9,561347
4534,561251
4534.1,561457
4534.2,561404
4534.3,561117
4534.4,561136
4534.5,561599
4534.6,561265
4534.7,561331
4534.8,561160
4534.9,561182
4535,561341
4535.1,561288
4535.2,561236
4535.3,561278
4535.4,561529
4535.5,561173
4535.6,561216
4535.7,561539
4535.8,561111
4535.9,561271
4536,561314
4536.1,561239
4536.2,561281
4536.3,561229
4536.4,561176
4536.5,561265
4536.6,561168
4536.7,561232
4536.8,561370
4536.9,561317
4537,561265
4537.1,561191
4537.2,561373
4537.3,561276
4537.4,561340
4537.5,561288
4537.6,561396
4537.7,561183
4537.8,561225
4537.9,561129
4538,561216
4538.1,561163
4538.2,561367
4538.3,561248
4538.4,561291
4538.5,561334
4538.6,561069
4538.7,561294
4538.8,561314
4538.9,561380
4539,561050
4539.1,561393
4539.2,561222
4539.3,561265
4539.4,561189
4539.5,561072
4539.6,561137
4539.7,561245
4539.8,561193
4539.9,561330
4540,561395
4540.1,561321
4540.2,561363
4540.3,561334
4540.4,561377
4540.5,561118
4540.6,561344
4540.7,561387
4540.8,561079
4540.9,561304
4541,561069
4541.1,561486
4541.2,561314
4541.3,561167
4541.4,561446
4541.5,561489
4541.6,561252
4541.7,561456
4541.8,561403
4541.9,561190
4542,561138
4542.1,561298
4542.2,561223
4542.3,561170
4542.4,561118
4542.5,561226
4542.6,561364
4542.7,561128
4542.8,561193
4542.9,561141
4543,561344
4543.1,561292
4543.2,561239
4543.3,561497
4543.4,561443
4543.5,561391
4543.6,561220
4543.7,561262
4543.8,561305
4543.9,561348
4544,561295
4544.1,561338
4544.2,561330
4544.3,561115
4544.4,561276
4544.5,561341
4544.6,561012
4544.7,561236
4544.8,561396
4544.9,561181
4545,561342
4545.1,561408
4545.2,561077
4545.3,561302
4545.4,561345
4545.5,561269
4545.6,561335
4545.7,561401
4545.8,561349
4545.9,561113
4546,561250
4546.1,561359
4546.2,561029
4546.3,561188
4546.4,561319
4546.5,561178
4546.6,561221
4546.7,561169
4546.8,561277
4546.9,561342
4547,561107
4547.1,561149
4547.2,561192
4547.3,561300
4547.4,561387
4547.5,561453
4547.6,561356
4547.7,561399
4547.8,561323
4547.9,561294
4548,561124
4548.1,561379
4548.2,561027
4548.3,561466
4548.4,561134
4548.5,561360
4548.6,561210
4548.7,561350
4548.8,561393
4548.9,561436
4549,561105
4549.1,561118
4549.2,561160
4549.3,561043
4549.4,561298
4549.5,561246
4549.6,561193
4549.7,561420
4549.8,561344
4549.9,561109
4550,561550
4550.1,561122
4550.2,561070
4550.3,561089
4550.4,561411
4550.5,561059
4550.6,561358
4550.7,561424
4550.8,561557
4550.9,561157
4551,561243
4551.1,561168
4551.2,561116
4551.3,561276
4551.4,561201
4551.5,561149
4551.6,561191
4551.7,561234
4551.8,561461
4551.9,561313
4552,561290
4552.1,561120
4552.2,561561
4552.3,561389
4552.4,561336
4552.5,561595
4552.6,561217
4552.7,561165
4552.8,561251
4552.9,561456
4553,561403
4553.1,561189
4553.2,561188
4553.3,561275
4553.4,561105
4553.5,561426
4553.6,561308
4553.7,561255
4553.8,561254
4553.9,561202
4554,561267
4554.1,561516
4554.2,561279
4554.3,561300
4554.4,561366
4554.5,561314
4554.6,561282
4554.7,561421
4554.8,561345
4554.9,561248
4555,561314
4555.1,561167
4555.2,561115
4555.3,561392
4555.4,561316
4555.5,561242
4555.6,561425
4555.7,561233
4555.8,561275
4555.9,561340
4556,561264
4556.1,561330
4556.2,561277
4556.3,561204
4556.4,561129
4556.5,561171
4556.6,561097
4556.7,561162
4556.8,561271
4556.9,561219
4557,561262
4557.1,561305
4557.2,561135
4557.3,561200
4557.4,561148
4557.5,561285
4557.6,561307
4557.7,561371
4557.8,561384
4557.9,561171
4558,561237
4558.1,561279
4558.2,561322
4558.3,561270
4558.4,561594
4558.5,561283
4558.6,561422
4558.7,561229
4558.8,561272
4558.9,561455
4559,561189
4559.1,561416
4559.2,561179
4559.3,561245
4559.4,561288
4559.5,561235
4559.6,561343
4559.7,561386
4559.8,561430
4559.9,561593
4560,561259
4560.1,561112
4560.2,561219
4560.3,561358
4560.4,561240
4560.5,561348
4560.6,561414
4560.7,561243
4560.8,561009
4560.9,561329
4561,561116
4561.1,561159
4561.2,561107
4561.3,561356
4561.4,561375
4561.5,561300
4561.6,561088
4561.7,561153
4561.8,561379
4561.9,561143
4562,561186
4562.1,561111
4562.2,561177
4562.3,561242
4562.4,561470
4562.5,561233
4562.6,561275
4562.7,561480
4562.8,561331
4562.9,561279
4563,561161
4563.1,561299
4563.2,561527
4563.3,561171
4563.4,561302
4563.5,561155
4563.6,561412
4563.7,561336
4563.8,561402
4563.9,561231
4564,561200
4564.1,561221
4564.2,561264
4564.3,561030
4564.4,561255
4564.5,561320
4564.6,561289
4564.7,561193
4564.8,561450
4564.9,561024
4565,561344
4565.1,561313
4565.2,561356
4565.3,561259
4565.4,561444
4565.5,561487
4565.6,561316
4565.7,561382
4565.8,561306
4565.9,561188
4566,561231
4566.1,561578
4566.2,561150
4566.3,561569
4566.4,561212
4566.5,561278
4566.6,561182
4566.7,561247
4566.8,561121
4566.9,561377
4567,561302
4567.1,561345
4567.2,561197
4567.3,561263
4567.4,561401
4567.5,561349
4567.6,561369
4567.7,561103
4567.8,561125
4567.9,561117
4568,561233
4568.1,561416
4568.2,561106
4568.3,561287
4568.4,561140
4568.5,561206
4568.6,561367
4568.7,561196
4568.8,561239
4568.9,561347
4569,561318
4569.1,561295
4569.2,561338
4569.3,561147
4569.4,561072
4569.5,561438
4569.6,561408
4569.7,561151
4569.8,561333
4569.9,561141
4570,561323
4570.1,561059
4570.2,561175
4570.3,561240
4570.4,561283
4570.5,561326
4570.6,561318
4570.7,561546
4570.8,561374
4570.9,561351
4571,561299
4571.1,561365
4571.2,561194
4571.3,561332
4571.4,561257
4571.5,561228
4571.6,561270
4571.7,561336
4571.8,561284
4571.9,561209
4572,561436
4572.1,561599
4572.2,561265
4572.3,561213
4572.4,561256
4572.5,561180
4572.6,561128
4572.7,561194
4572.8,561237
4572.9,561207
4573,561111
4573.1,561175
4573.2,561336
4573.3,561284
4573.4,561231
4573.5,561253
4573.6,561436
4573.7,561243
4573.8,561426
4573.9,561234
4574,561321
4574.1,561343
4574.2,561290
4574.3,561333
4574.4,561377
4574.5,561250
4574.6,561388
4574.7,561315
4574.8,561080
4574.9,561401
4575,561135
4575.1,561317
4575.2,561339
4575.3,561286
4575.4,561448
4575.5,561395
4575.6,561130
4575.7,561267
4575.8,561429
4575.9,561193
4576,561141
4576.1,561089
4576.2,561455
4576.3,561144
4576.4,561122
4576.5,561564
4576.6,561253
4576.7,561084
4576.8,561214
4576.9,561493
4577,561023
4577.1,561182
4577.2,561529
4577.3,561261
4577.4,561400
4577.5,561046
4577.6,561271
4577.7,561314
4577.8,561285
4577.9,561372
4578,561276
4578.1,561319
4578.2,561287
4578.3,561214
4578.4,561301
4578.5,561205
4578.6,561248
4578.7,561431
4578.8,561259
4578.9,561325
4579,561392
4579.1,561435
4579.2,561382
4579.3,561306
4579.4,561159
4579.5,561320
4579.6,561224
4579.7,561385
4579.8,561214
4579.9,561280
4580,560994
4580.1,561197
4580.2,561477
4580.3,561380
4580.4,561327
4580.5,561392
4580.6,561244
4580.7,561266
4580.8,561031
4580.9,561191
4581,561139
4581.1,561087
4581.2,561195
4581.3,561377
4581.4,561185
4581.5,561228
4581.6,561294
4581.7,561337
4581.8,561402
4581.9,561187
4582,561252
4582.1,561318
4582.2,561266
4582.3,561332
4582.4,561139
4582.5,561321
4582.6,561343
4582.7,561290
4582.8,561238
4582.9,561304
4583,561134
4583.1,561316
4583.2,561242
4583.3,561308
4583.4,561277
4583.5,561181
4583.6,561224
4583.7,561406
4583.8,561333
4583.9,561185
4584,561251
4584.1,561294
4584.2,561337
4584.3,561306
4584.4,561254
4584.5,561201
4584.6,561223
4584.7,561266
4584.8,561449
4584.9,561278
4585,561108
4585.1,561357
4585.2,561239
4585.3,561378
4585.4,561230
4585.5,561273
4585.6,561286
4585.7,561264
4585.8,561330
4585.9,561373
4586,561416
4586.1,561150
4586.2,561377
4586.3,561164
4586.4,561207
4586.5,561368
4586.6,561271
4586.7,561424
4586.8,561188
4586.9,561231
4587,561371
4587.1,561319
4587.2,561266
4587.3,561258
4587.4,561278
4587.5,561440
4587.6,561366
4587.7,561433
4587.8,561380
4587.9,561304
4588,561070
4588.1,561412
4588.2,561338
4588.3,561009
4588.4,561352
4588.5,561276
4588.6,561320
4588.7,561407
4588.8,561355
4588.9,561281
4589,561368
4589.1,561272
4589.2,561315
4589.3,561189
4589.4,561350
4589.5,561416
4589.6,561224
4589.7,561362
4589.8,561310
4589.9,561140
4590,561345
4590.1,561271
4590.2,561219
4590.3,561262
4590.4,561210
4590.5,561274
4590.6,561459
4590.7,561362
4590.8,561405
4590.9,561472
4591,561300
4591.1,561248
4591.2,561335
4591.3,561283
4591.4,561187
4591.5,561230
4591.6,561436
4591.7,561265
4591.8,561308
4591.9,561329
4592,561373
4592.1,561439
4592.2,561312
4592.3,561121
4592.4,561164
4592.5,561207
4592.6,561272
4592.7,561315
4592.8,561403
4592.9,561306
4593,561231
4593.1,561297
4593.2,561085
4593.3,561311
4593.4,561377
4593.5,561397
4593.6,561226
4593.7,561227
4593.8,561175
4593.9,561146
4594,561372
4594.1,561416
4594.2,561340
4594.3,561170
4594.4,561354
4594.5,561302
4594.6,561345
4594.7,561388
4594.8,561476
4594.9,561186
4595,561231
4595.1,561223
4595.2,561361
4595.3,561383
4595.4,561213
4595.5,561300
4595.6,561153
4595.7,561269
4595.8,561217
4595.9,561260
4596,561303
4596.1,561177
4596.2,561243
4596.3,561265
4596.4,561213
4596.5,561256
4596.6,561343
4596.7,561173
4596.8,561312
4596.9,561475
4597,561422
4597.1,561186
4597.2,561413
4597.3,561265
4597.4,561285
4597.5,561447
4597.6,561299
4597.7,561342
4597.8,561290
4597.9,561237
4598,561257
4598.1,561046
4598.2,561367
4598.3,561219
4598.4,561381
4598.5,561424
4598.6,561393
4598.7,561319
4598.8,561267
4598.9,561055
4599,561281
4599.1,561464
4599.2,561293
4599.3,561314
4599.4,561262
4599.5,561469
4599.6,561372
4599.7,561201
4599.8,561362
4599.9,561525
4600,561098
4600.1,561443
4600.2,561390
4600.3,561530
4600.4,561358
4600.5,561232
4600.6,561393
4600.7,561296
4600.8,561459
4600.9,561010
4601,561354
4601.1,561322
4601.2,561131
4601.3,561292
4601.4,561058
4601.5,561283
4601.6,561490
4601.7,561318
4601.8,561222
4601.9,561105
4602,561148
4602.1,561119
4602.2,561322
4602.3,561174
4602.4,561312
4602.5,561379
4602.6,561143
4602.7,561393
4602.8,561436
4602.9,561170
4603,561331
4603.1,561494
4603.2,561162
4603.3,561228
4603.4,561336
4603.5,561284
4603.6,561304
4603.7,561489
4603.8,561437
4603.9,561384
4604,561332
4604.1,561280
4604.2,561300
4604.3,561247
4604.4,561218
4604.5,561380
4604.6,561423
4604.7,561252
4604.8,561295
4604.9,561362
4605,561428
4605.1,561280
4605.2,561205
4605.3,561366
4605.4,561291
4605.5,561357
4605.6,561424
4605.7,561491
4605.8,561231
4605.9,561458
4606,561127
4606.1,561472
4606.2,561258
4606.3,561302
4606.4,561368
4606.5,561292
4606.6,561240
4606.7,561468
4606.8,561320
4606.9,561085
4607,561245
4607.1,561473
4607.2,561302
4607.3,561249
4607.4,561292
4607.5,561175
4607.6,561123
4607.7,561189
4607.8,561393
4607.9,561150
4608,561128
4608.1,561194
4608.2,561237
4608.3,561185
4608.4,561412
4608.5,561455
4608.6,561219
4608.7,561285
4608.8,561233
4608.9,561299
4609,561312
4609.1,561290
4609.2,561376
4609.3,561163
4609.4,561111
4609.5,561360
4609.6,561500
4609.7,561424
4609.8,561371
4609.9,561534
4610,561505
4610.1,561333
4610.2,561216
4610.3,561141
4610.4,561367
4610.5,561250
4610.6,561103
4610.7,561448
4610.8,561492
4610.9,561160
4611,561386
4611.1,561430
4611.2,561401
4611.3,561661
4611.4,561208
4611.5,561156
4611.6,561478
4611.7,561170
4611.8,561236
4611.9,561002
4612,561441
4612.1,561110
4612.2,561218
4612.3,561326
4612.4,561209
4612.5,561252
4612.6,561318
4612.7,560989
4612.8,561214
4612.9,561322
4613,561205
4613.1,561088
4613.2,561314
4613.3,561357
4613.4,561210
4613.5,561223
4613.6,561601
4613.7,561149
4613.8,561310
4613.9,561442
4614,561294
4614.1,561314
4614.2,561220
4614.3,561263
4614.4,561211
4614.5,561277
4614.6,561505
4614.7,561429
4614.8,561377
4614.9,561047
4615,561391
4615.1,561338
4615.2,561501
4615.3,561052
4615.4,561373
4615.5,561536
4615.6,561108
4615.7,561454
4615.8,561378
4615.9,561421
4616,561369
4616.1,561435
4616.2,561406
4616.3,561170
4616.4,561096
4616.5,561233
4616.6,561181
4616.7,561366
4616.8,561124
4616.9,561261
4617,561305
4617.1,561252
4617.2,561200
4617.3,561309
4617.4,561375
4617.5,561046
4617.6,561206
4617.7,561154
4617.8,561380
4617.9,561349
4618,561253
4618.1,561438
4618.2,561084
4618.3,561429
4618.4,561258
4618.5,561133
4618.6,561293
4618.7,561038
4618.8,560987
4618.9,561306
4619,561254
4619.1,561202
4619.2,561460
4619.3,561407
4619.4,561194
4619.5,561260
4619.6,561369
4619.7,561294
4619.8,561200
4619.9,561266
4620,561214
4620.1,561257
4620.2,561389
4620.3,561432
4620.4,561476
4620.5,561423
4620.6,561394
4620.7,561223
4620.8,561385
4620.9,561428
4621,561257
4621.1,561419
4621.2,561271
4621.3,561338
4621.4,561286
4621.5,561211
4621.6,561254
4621.7,561225
4621.8,561291
4621.9,561334
4622,561217
4622.1,561165
4622.2,561273
4622.3,561062
4622.4,561287
4622.5,561288
4622.6,561331
4622.7,561279
4622.8,561388
4622.9,561217
4623,561307
4623.1,561446
4623.2,561393
4623.3,561063
4623.4,561289
4623.5,561377
4623.6,561420
4623.7,561346
4623.8,561294
4623.9,561337
4624,561211
4624.1,561277
4624.2,561321
4624.3,561343
4624.4,561409
4624.5,561239
4624.6,561187
4624.7,561230
4624.8,561296
4624.9,561179
4625,561127
4625.1,561076
4625.2,561420
4625.3,561345
4625.4,561292
4625.5,561359
4625.6,561189
4625.7,561350
4625.8,561298
4625.9,561223
4626,561266
4626.1,561332
4626.2,561003
4626.3,561251
4626.4,561111
4626.5,561433
4626.6,561262
4626.7,561329
4626.8,561395
4626.9,561507
4627,561291
4627.1,561453
4627.2,561401
4627.3,561253
4627.4,561319
4627.5,561085
4627.6,561245
4627.7,561288
4627.8,561397
4627.9,561227
4628,561293
4628.1,561081
4628.2,561522
4628.3,561350
4628.4,561298
4628.5,561386
4628.6,561289
4628.7,561172
4628.8,561519
4628.9,561281
4629,561390
4629.1,561125
4629.2,561405
4629.3,561169
4629.4,561235
4629.5,561160
4629.6,561291
4629.7,561379
4629.8,561306
4629.9,561468
4630,561350
4630.1,561483
4630.2,561034
4630.3,561474
4630.4,561398
4630.5,561561
4630.6,561508
4630.7,561360
4630.8,561308
4630.9,561351
4631,561276
4631.1,561182
4631.2,561313
4631.3,561261
4631.4,561327
4631.5,561252
4631.6,561296
4631.7,561267
4631.8,561429
4631.9,561421
4632,561324
4632.1,561272
4632.2,561411
4632.3,561263
4632.4,561449
4632.5,561396
4632.6,561161
4632.7,561387
4632.8,561431
4632.9,561400
4633,561231
4633.1,561393
4633.2,561437
4633.3,561266
4633.4,561309
4633.5,561162
4633.6,561228
4633.7,561294
4633.8,561433
4633.9,561381
4634,561233
4634.1,561277
4634.2,561387
4634.3,561291
4634.4,561239
4634.5,561187
4634.6,561136
4634.7,561222
4634.8,561245
4634.9,561288
4635,561473
4635.1,561302
4635.2,561250
4635.3,561361
4635.4,561147
4635.5,561308
4635.6,561351
4635.7,561322
4635.8,561058
4635.9,561334
4636,561378
4636.1,561421
4636.2,561467
4636.3,561319
4636.4,561267
4636.5,561310
4636.6,561140
4636.7,561301
4636.8,561368
4636.9,561316
4637,561169
4637.1,561330
4637.2,561299
4637.3,561321
4637.4,561269
4637.5,561500
4637.6,561402
4637.7,561050
4637.8,561210
4637.9,561318
4638,561385
4638.1,561377
4638.2,561281
4638.3,561229
4638.4,561272
4638.5,561360
4638.6,561307
4638.7,561353
4638.8,561396
4638.9,561440
4639,561269
4639.1,561335
4639.2,561306
4639.3,561350
4639.4,561393
4639.5,561181
4639.6,561224
4639.7,561451
4639.8,561303
4639.9,561092
4640,561252
4640.1,561480
4640.2,561244
4640.3,561162
4640.4,561300
4640.5,561367
4640.6,561132
4640.7,561198
4640.8,561521
4640.9,561373
4641,561320
4641.1,561483
4641.2,561152
4641.3,561100
4641.4,561445
4641.5,561179
4641.6,561222
4641.7,561384
4641.8,561451
4641.9,561422
4642,561370
4642.1,561390
4642.2,561338
4642.3,561286
4642.4,561051
4642.5,561300
4642.6,561367
4642.7,561410
4642.8,561335
4642.9,561304
4643,561231
4643.1,561202
4643.2,561460
4643.3,561503
4643.4,561237
4643.5,561280
4643.6,561346
4643.7,561317
4643.8,561361
4643.9,561126
4644,561074
4644.1,561300
4644.2,560995
4644.3,561338
4644.4,561381
4644.5,561544
4644.6,561094
4644.7,561320
4644.8,561173
4644.9,561431
4645,561474
4645.1,561445
4645.2,561489
4645.3,561317
4645.4,561310
4645.5,561332
4645.6,561399
4645.7,561323
4645.8,561111
4645.9,561242
4646,561212
4646.1,561352
4646.2,561396
4646.3,561344
4646.4,561292
4646.5,561263
4646.6,561446
4646.7,561136
4646.8,561438
4646.9,561246
4647,561356
4647.1,561165
4647.2,561229
4647.3,561272
4647.4,561339
4647.5,561287
4647.6,561354
4647.7,561257
4647.8,561301
4647.9,561131
4648,561315
4648.1,561263
4648.2,561351
4648.3,561278
4648.4,561203
4648.5,561386
4648.6,561217
4648.7,561283
4648.8,561350
4648.9,561298
4649,561341
4649.1,561385
4649.2,561120
4649.3,561325
4649.4,561229
4649.5,561295
4649.6,561339
4649.7,561287
4649.8,561374
4649.9,561227
4650,561345
4650.1,561293
4650.2,561241
4650.3,561328
4650.4,561276
4650.5,561343
4650.6,561270
4650.7,561218
4650.8,561284
4650.9,561209
4651,561202
4651.1,561406
4651.2,561267
4651.3,561310
4651.4,561259
4651.5,561346
4651.6,561383
4651.7,561523
4651.8,561286
4651.9,561118
4652,561419
4652.1,561271
4652.2,561500
4652.3,561328
4652.4,561116
4652.5,561065
4652.6,561506
4652.7,561079
4652.8,561217
4652.9,561165
4653,561512
4653.1,561180
4653.2,561246
4653.3,561194
4653.4,561261
4653.5,561186
4653.6,561134
4653.7,561480
4653.8,561172
4653.9,561310
4654,561353
4654.1,561301
4654.2,561411
4654.3,561478
4654.4,561329
4654.5,561212
4654.6,561256
4654.7,561299
4654.8,561431
4654.9,561218
4655,561566
4655.1,561094
4655.2,561276
4655.3,561343
4655.4,561452
4655.5,561304
4655.6,561348
4655.7,561113
4655.8,561297
4655.9,561222
4656,561288
4656.1,561397
4656.2,561185
4656.3,561346
4656.4,561294
4656.5,561031
4656.6,561256
4656.7,561204
4656.8,561366
4656.9,561249
4657,561197
4657.1,561051
4657.2,561117
4657.3,561320
4657.4,561321
4657.5,561269
4657.6,561336
4657.7,561284
4657.8,561232
4657.9,561180
4658,561504
4658.1,561267
4658.2,561238
4658.3,561586
4658.4,561437
4658.5,561362
4658.6,561310
4658.7,561098
4658.8,561443
4658.9,561207
4659,561250
4659.1,561199
4659.2,561147
4659.3,561213
4659.4,561162
4659.5,561412
4659.6,561390
4659.7,561242
4659.8,561168
4659.9,561395
4660,561182
4660.1,561433
4660.2,560986
4660.3,561521
4660.4,561094
4660.5,561202
4660.6,561408
4660.7,561335
4660.8,561498
4660.9,561542
4661,561274
4661.1,561223
4661.2,561289
4661.3,560961
4661.4,561121
4661.5,561187
4661.6,561391
4661.7,561362
4661.8,561287
4661.9,561330
4662,561213
4662.1,561441
4662.2,561508
4662.3,561360
4662.4,561190
4662.5,561073
4662.6,561514
4662.7,561462
4662.8,561037
4662.9,561262
4663,561306
4663.1,561189
4663.2,561255
4663.3,561387
4663.4,561551
4663.5,561595
4663.6,561422
4663.7,561370
4663.8,561135
4663.9,561107
4664,561333
4664.1,561098
4664.2,561420
4664.3,561368
4664.4,561435
4664.5,561287
4664.6,561354
4664.7,561302
4664.8,561345
4664.9,561530
4665,561242
4665.1,561308
4665.2,561471
4665.3,561234
4665.4,561183
4665.5,561410
4665.6,561477
4665.7,561169
4665.8,561307
4665.9,561255
4666,561299
4666.1,561247
4666.2,561379
4666.3,561446
4666.4,561115
4666.5,561159
4666.6,561225
4666.7,561357
4666.8,561187
4666.9,561348
4667,561231
4667.1,561253
4667.2,561341
4667.3,561289
4667.4,561422
4667.5,561304
4667.6,561252
4667.7,561414
4667.8,561341
4667.9,561194
4668,561443
4668.1,561207
4668.2,561369
4668.3,561221
4668.4,561288
4668.5,561141
4668.6,561441
4668.7,561485
4668.8,561271
4668.9,561338
4669,561053
4669.1,561418
4669.2,561183
4669.3,561506
4669.4,561153
4669.5,561359
4669.6,561426
4669.7,561278
4669.8,561183
4669.9,561365
4670,561101
4670.1,561167
4670.2,561513
4670.3,561372
4670.4,561181
4670.5,561268
4670.6,561216
4670.7,561283
4670.8,561350
4670.9,561253
4671,561202
4671.1,561245
4671.2,561333
4671.3,561165
4671.4,561137
4671.5,561415
4671.6,561128
4671.7,561311
4671.8,561259
4671.9,561113
4672,561369
4672.1,561296
4672.2,561244
4672.3,561332
4672.4,561375
4672.5,561228
4672.6,561390
4672.7,561317
4672.8,561242
4672.9,561353
4673,561301
4673.1,561250
4673.2,561412
4673.3,561220
4673.4,561287
4673.5,561353
4673.6,561323
4673.7,561227
4673.8,561175
4673.9,561381
4674,561308
4674.1,561138
4674.2,561205
4674.3,561388
4674.4,561312
4674.5,561240
4674.6,561094
4674.7,561418
4674.8,561365
4674.9,561409
4675,561239
4675.1,561401
4675.2,561232
4675.3,561299
4675.4,561247
4675.5,561291
4675.6,561475
4675.7,561282
4675.8,561370
4675.9,561202
4676,561341
4676.1,561408
4676.2,561237
4676.3,561186
4676.4,561392
4676.5,561363
4676.6,561267
4676.7,561571
4676.8,561259
4676.9,561207
4677,561178
4677.1,561340
4677.2,561384
4677.3,561451
4677.4,561399
4677.5,561347
4677.6,561221
4677.7,561338
4677.8,561010
4677.9,561449
4678,561397
4678.1,561389
4678.2,561219
4678.3,561360
4678.4,561308
4678.5,561471
4678.6,561419
4678.7,561176
4678.8,561455
4678.9,561478
4679,561146
4679.1,561493
4679.2,561184
4679.3,561133
4679.4,561336
4679.5,561380
4679.6,561168
4679.7,561211
4679.8,561183
4679.9,561410
4680,561358
4680.1,561306
4680.2,561373
4680.3,561417
4680.4,561204
4680.5,561336
4680.6,561380
4680.7,561328
4680.8,561491
4680.9,561182
4681,561154
4681.1,561197
4681.2,561240
4681.3,561468
4681.4,561416
4681.5,561484
4681.6,561312
4681.7,561475
4681.8,561144
4681.9,561467
4682,561319
4682.1,561386
4682.2,561357
4682.3,561028
4682.4,561283
4682.5,561232
4682.6,561341
4682.7,561312
4682.8,561195
4682.9,561357
4683,561210
4683.1,561159
4683.2,561107
4683.3,561238
4683.4,561497
4683.5,561165
4683.6,561209
4683.7,561275
4683.8,561129
4683.9,561260
4684,561327
4684.1,561092
4684.2,561253
4684.3,561202
4684.4,561334
4684.5,561377
4684.6,561260
4684.7,561327
4684.8,561394
4684.9,561342
4685,561195
4685.1,561238
4685.2,561443
4685.3,561444
4685.4,561297
4685.5,561364
4685.6,561497
4685.7,561260
4685.8,561091
4685.9,561157
4686,561318
4686.1,561290
4686.2,561429
4686.3,561377
4686.4,561048
4686.5,561250
4686.6,561340
4686.7,561473
4686.8,561237
4686.9,561399
4687,561229
4687.1,561553
4687.2,561339
4687.3,561495
4687.4,561259
4687.5,560931
4687.6,561531
4687.7,561383
4687.8,561265
4687.9,561421
4688,561185
4688.1,561069
4688.2,561295
4688.3,561149
4688.4,561257
4688.5,561141
4688.6,561184
4688.7,561156
4688.8,561199
4688.9,561148
4689,561279
4689.1,561163
4689.2,561324
4689.3,561272
4689.4,561339
4689.5,561472
4689.6,561206
4689.7,561368
4689.8,561251
4689.9,561199
4690,561385
4690.1,561398
4690.2,561163
4690.3,561486
4690.4,561368
4690.5,560945
4690.6,561170
4690.7,561236
4690.8,561280
4690.9,561228
4691,561112
4691.1,561338
4691.2,561215
4691.3,561163
4691.4,561207
4691.5,561531
4691.6,561039
4691.7,561105
4691.8,561355
4691.9,561120
4692,561163
4692.1,561207
4692.2,561061
4692.3,561287
4692.4,561354
4692.5,561237
4692.6,561185
4692.7,561229
4692.8,561177
4692.9,561032
4693,561215
4693.1,561164
4693.2,561326
4693.3,561156
4693.4,561222
4693.5,561054
4693.6,561303
4693.7,561068
4693.8,561134
4693.9,561083
4694,561310
4694.1,561539
4694.2,561325
4694.3,561185
4694.4,561251
4694.5,561105
4694.6,561148
4694.7,561280
4694.8,560952
4694.9,561230
4695,561178
4695.1,561245
4695.2,561193
4695.3,561142
4695.4,561465
4695.5,561040
4695.6,561200
4695.7,561055
4695.8,561281
4695.9,561047
4696,561368
4696.1,561156
4696.2,561222
4696.3,561033
4696.4,561143
4696.5,561069
4696.6,561229
4696.7,561296
4696.8,561106
4696.9,561172
4697,561378
4697.1,561326
4697.2,561230
4697.3,561200
4697.4,561267
4697.5,561120
4697.6,561210
4697.7,561135
4697.8,561179
4697.9,561245
4698,561099
4698.1,561165
4698.2,561327
4698.3,561137
4698.4,561438
4698.5,561267
4698.6,561400
4698.7,561070
4698.8,561092
4698.9,561253
4699,561202
4699.1,561151
4699.2,561422
4699.3,561394
4699.4,561158
4699.5,561225
4699.6,561268
4699.7,561122
4699.8,561048
4699.9,560977
4700,561137
4700.1,561203
4700.2,561152
4700.3,561123
4700.4,561093
4700.5,561136
4700.6,561159
4700.7,561225
4700.8,561313
4700.9,561240
4701,561233
4701.1,561158
4701.2,561439
4701.3,561247
4701.4,561314
4701.5,561168
4701.6,561160
4701.7,561065
4701.8,561129
4701.9,561175
4702,561167
4702.1,561234
4702.2,561233
4702.3,561065
4702.4,561152
4702.5,561174
4702.6,561285
4702.7,561138
4702.8,561161
4702.9,561344
4703,561292
4703.1,561359
4703.2,561286
4703.3,561397
4703.4,561301
4703.5,561389
4703.6,561314
4703.7,561168
4703.8,561140
4703.9,561206
4704,561249
4704.1,561316
4704.2,561265
4704.3,561096
4704.4,561162
4704.5,561228
4704.6,561391
4704.7,561339
4704.8,561287
4704.9,561236
4705,561345
4705.1,561251
4705.2,561199
4705.3,561148
4705.4,561097
4705.5,561323
4705.6,561177
4705.7,561178
4705.8,561222
4705.9,561149
4706,561237
4706.1,561465
4706.2,561111
4706.3,561178
4706.4,561244
4706.5,561407
4706.6,561121
4706.7,561326
4706.8,561370
4706.9,561200
4707,561267
4707.1,561334
4707.2,561282
4707.3,561136
4707.4,561274
4707.5,561222
4707.6,561289
4707.7,561122
4707.8,561165
4707.9,561276
4708,561320
4708.1,561150
4708.2,561282
4708.3,561165
4708.4,561137
4708.5,561180
4708.6,561224
4708.7,561173
4708.8,561121
4708.9,561306
4709,561160
4709.1,561321
4709.2,561247
4709.3,561195
4709.4,561262
4709.5,561329
4709.6,561161
4709.7,561110
4709.8,561292
4709.9,561220
4710,561403
4710.1,561256
4710.2,561110
4710.3,561132
4710.4,561176
4710.5,561263
4710.6,561235
4710.7,561367
4710.8,561089
4710.9,561250
4711,561317
4711.1,561265
4711.2,561119
4711.3,561206
4711.4,561250
4711.5,561317
4711.6,561244
4711.7,561193
4711.8,561280
4711.9,561134
4712,561178
4712.1,561339
4712.2,561288
4712.3,561215
4712.4,561070
4712.5,561157
4712.6,561223
4712.7,561034
4712.8,561239
4712.9,561401
4713,561233
4713.1,561202
4713.2,561107
4713.3,561409
4713.4,561217
4713.5,561424
4713.6,561138
4713.7,561320
4713.8,561269
4713.9,561312
4714,561240
4714.1,561351
4714.2,561278
4714.3,561227
4714.4,561111
4714.5,561314
4714.6,561307
4714.7,561160
4714.8,561227
4714.9,561294
4715,561104
4715.1,561147
4715.2,561235
4715.3,561206
4715.4,561229
4715.5,561272
4715.6,561339
4715.7,561193
4715.8,561162
4715.9,561111
4716,561252
4716.1,561436
4716.2,561149
4716.3,561192
4716.4,561185
4716.5,561317
4716.6,561083
4716.7,561244
4716.8,561311
4716.9,561121
4717,560976
4717.1,561062
4717.2,561342
4717.3,561174
4717.4,561357
4717.5,561425
4717.6,561138
4717.7,561182
4717.8,561151
4717.9,561174
4718,561241
4718.1,561307
4718.2,561300
4718.3,561110
4718.4,561292
4718.5,561220
4718.6,561382
4718.7,561235
4718.8,561302
4718.9,561346
4719,561294
4719.1,561125
4719.2,561191
4719.3,561398
4719.4,561251
4719.5,561273
4719.6,561362
4719.7,561192
4719.8,561258
4719.9,561092
4720,561253
4720.1,561415
4720.2,561245
4720.3,561194
4720.4,561281
4720.5,561114
4720.6,561158
4720.7,561107
4720.8,561387
4720.9,561261
4721,561305
4721.1,561158
4721.2,561320
4721.3,561130
4721.4,561196
4721.5,561145
4721.6,561211
4721.7,561322
4721.8,561250
4721.9,561294
4722,561337
4722.1,561191
4722.2,561279
4722.3,561322
4722.4,561250
4722.5,561039
4722.6,561384
4722.7,561332
4722.8,561163
4722.9,561346
4723,561090
4723.1,561180
4723.2,561223
4723.3,561195
4723.4,561304
4723.5,561371
4723.6,561296
4723.7,561085
4723.8,561034
4723.9,561379
4724,561232
4724.1,561299
4724.2,561343
4724.3,561014
4724.4,561198
4724.5,561146
4724.6,561183
4724.7,561462
4724.8,561410
4724.9,561359
4725,561330
4725.1,561140
4725.2,561301
4725.3,561465
4725.4,560923
4725.5,561242
4725.6,561214
4725.7,561281
4725.8,561229
4725.9,561488
4726,561157
4726.1,561289
4726.2,561119
4726.3,561230
4726.4,561274
4726.5,561296
4726.6,561150
4726.7,561333
4726.8,561281
4726.9,561158
4727,561086
4727.1,561343
4727.2,561196
4727.3,561284
4727.4,561513
4727.5,561395
4727.6,561418
4727.7,561390
4727.8,561338
4727.9,561286
4728,561140
4728.1,561184
4728.2,561346
4728.3,561390
4728.4,561201
4728.5,561150
4728.6,561163
4728.7,561325
4728.8,561209
4728.9,561157
4729,561129
4729.1,561291
4729.2,561328
4729.3,561349
4729.4,561416
4729.5,561086
4729.6,561336
4729.7,561403
4729.8,561074
4729.9,561300
4730,561225
4730.1,561132
4730.2,561264
4730.3,561450
4730.4,561398
4730.5,561163
4730.6,561207
4730.7,561316
4730.8,561287
4730.9,561355
4731,561143
4731.1,561186
4731.2,561319
4731.3,561084
4731.4,561430
4731.5,561006
4731.6,561284
4731.7,561328
4731.8,561182
4731.9,561409
4732,561262
4732.1,561211
4732.2,561213
4732.3,561161
4732.4,561205
4732.5,561337
4732.6,561168
4732.7,561045
4732.8,561420
4732.9,561090
4733,561157
4733.1,561012
4733.2,561119
4733.3,561302
4733.4,561047
4733.5,561297
4733.6,561245
4733.7,561408
4733.8,561166
4733.9,561305
4734,561253
4734.1,561160
4734.2,561109
4734.3,561455
4734.4,561189
4734.5,561373
4734.6,561182
4734.7,561248
4734.8,561315
4734.9,561264
4735,561118
4735.1,561324
4735.2,561368
4735.3,561177
4735.4,561384
4735.5,561311
4735.6,561355
4735.7,561026
4735.8,561252
4735.9,561317
4736,561193
4736.1,561260
4736.2,561283
4736.3,561348
4736.4,561275
4736.5,561224
4736.6,561335
4736.7,561168
4736.8,561212
4736.9,561255
4737,561204
4737.1,561153
4737.2,561125
4737.3,561191
4737.4,561354
4737.5,561142
4737.6,561369
4737.7,561040
4737.8,561266
4737.9,561259
4738,561282
4738.1,561349
4738.2,561298
4738.3,561246
4738.4,561218
4738.5,561262
4738.6,561146
4738.7,561307
4738.8,561256
4738.9,561323
4739,561337
4739.1,561286
4739.2,561169
4739.3,561236
4739.4,561047
4739.5,561252
4739.6,561106
4739.7,561428
4739.8,561216
4739.9,561144
4740,561093
4740.1,561278
4740.2,561247
4740.3,561196
4740.4,561240
4740.5,561094
4740.6,561160
4740.7,561227
4740.8,561576
4740.9,561404
4741,561169
4741.1,561235
4741.2,561207
4741.3,561179
4741.4,561430
4741.5,561290
4741.6,561238
4741.7,561187
4741.8,561136
4741.9,561506
4742,561175
4742.1,561218
4742.2,561167
4742.3,561395
4742.4,561183
4742.5,561250
4742.6,561199
4742.7,561361
4742.8,561170
4742.9,561163
4743,561391
4743.1,561458
4743.2,561245
4743.3,561150
4743.4,561099
4743.5,561305
4743.6,561042
4743.7,561226
4743.8,561269
4743.9,561218
4744,561404
4744.1,561257
4744.2,561301
4744.3,561434
4744.4,561104
4744.5,561126
4744.6,561237
4744.7,561186
4744.8,561135
4744.9,561178
4745,561460
4745.1,561268
4745.2,561240
4745.3,561307
4745.4,561300
4745.5,561225
4745.6,561151
4745.7,561336
4745.8,561264
4745.9,561213
4746,561324
4746.1,561368
4746.2,561198
4746.3,561244
4746.4,561288
4746.5,561260
4746.6,561327
4746.7,561415
4746.8,561224
4746.9,561194
4747,561122
4747.1,561328
4747.2,561277
4747.3,561204
4747.4,561271
4747.5,561360
4747.6,561169
4747.7,561280
4747.8,560996
4747.9,561275
4748,561244
4748.1,561288
4748.2,561142
4748.3,561114
4748.4,561137
4748.5,561299
4748.6,561130
4748.7,561336
4748.8,561166
4748.9,561256
4749,561279
4749.1,561346
4749.2,561112
4749.3,561362
4749.4,561427
4749.5,561280
4749.6,561229
4749.7,561252
4749.8,561438
4749.9,561386
4750,561475
4750.1,561188
4750.2,561255
4750.3,561322
4750.4,561088
4750.5,561338
4750.6,561287
4750.7,561235
4750.8,561324
4750.9,561347
4751,561318
4751.1,561267
4751.2,561216
4751.3,561283
4751.4,561348
4751.5,560999
4751.6,561182
4751.7,561345
4751.8,561198
4751.9,561242
4752,561191
4752.1,561419
4752.2,561089
4752.3,561155
4752.4,561406
4752.5,561171
4752.6,561120
4752.7,561187
4752.8,561136
4752.9,561298
4753,561270
4753.1,561080
4753.2,561241
4753.3,561190
4753.4,561183
4753.5,561250
4753.6,561222
4753.7,561222
4753.8,561289
4753.9,561237
4754,561326
4754.1,561062
4754.2,561151
4754.3,561475
4754.4,561144
4754.5,561188
4754.6,561160
4754.7,561408
4754.8,561240
4754.9,561125
4755,561074
4755.1,561140
4755.2,561272
4755.3,561339
4755.4,561170
4755.5,561332
4755.6,561400
4755.7,561164
4755.8,561019
4755.9,561150
4756,561194
4756.1,561078
4756.2,561145
4756.3,561094
4756.4,561279
4756.5,561412
4756.6,561360
4756.7,561285
4756.8,561169
4756.9,561024
4757,560997
4757.1,561222
4757.2,561289
4757.3,561333
4757.4,561401
4757.5,561166
4757.6,561043
4757.7,561388
4757.8,561218
4757.9,561285
4758,561232
4758.1,561278
4758.2,561250
4758.3,561243
4758.4,561148
4758.5,561354
4758.6,561046
4758.7,561136
4758.8,561342
4758.9,561246
4759,561195
4759.1,561358
4759.2,561306
4759.3,561299
4759.4,561109
4759.5,561271
4759.6,561338
4759.7,561382
4759.8,561354
4759.9,561420
4760,561157
4760.1,561041
4760.2,561202
4760.3,561431
4760.4,561101
4760.5,561327
4760.6,561181
4760.7,561248
4760.8,561411
4760.9,561359
4761,561331
4761.1,561162
4761.2,561250
4761.3,561113
4761.4,561085
4761.5,561246
4761.6,561195
4761.7,561328
4761.8,561440
4761.9,561320
4762,561109
4762.1,561456
4762.2,561031
4762.3,561280
4762.4,561134
4762.5,561178
4762.6,561243
4762.7,561076
4762.8,561282
4762.9,561136
4763,561254
4763.1,561342
4763.2,561291
4763.3,561218
4763.4,561167
4763.5,561374
4763.6,561442
4763.7,561346
4763.8,561294
4763.9,561125
4764,561236
4764.1,561164
4764.2,561208
4764.3,561370
4764.4,561340
4764.5,561173
4764.6,561284
4764.7,561233
4764.8,561256
4764.9,561140
4765,561272
4765.1,561241
4765.2,561190
4765.3,561281
4765.4,561325
4765.5,561348
4765.6,561201
4765.7,561150
4765.8,561238
4765.9,561210
4766,561277
4766.1,561300
4766.2,561249
4766.3,561198
4766.4,561309
4766.5,561323
4766.6,561207
4766.7,561135
4766.8,561341
4766.9,561172
4767,561239
4767.1,561093
4767.2,561160
4767.3,561088
4767.4,561155
4767.5,561243
4767.6,561192
4767.7,561236
4767.8,561185
4767.9,561207
4768,561275
4768.1,561268
4768.2,561216
4768.3,561165
4768.4,561209
4768.5,561158
4768.6,561344
4768.7,561292
4768.8,561052
4768.9,561308
4769,561257
4769.1,561089
4769.2,561273
4769.3,561341
4769.4,561194
4769.5,561122
4769.6,561187
4769.7,561254
4769.8,561085
4769.9,561431
4770,561030
4770.1,561286
4770.2,561235
4770.3,561184
4770.4,561412
4770.5,561200
4770.6,561452
4770.7,561121
4770.8,561283
4770.9,561232
4771,561086
4771.1,561313
4771.2,561285
4771.3,561075
4771.4,561236
4771.5,561185
4771.6,561317
4771.7,561266
4771.8,561238
4771.9,561122
4772,561284
4772.1,561256
4772.2,561088
4772.3,561338
4772.4,561263
4772.5,561147
4772.6,561119
4772.7,561142
4772.8,561230
4772.9,561085
4773,561034
4773.1,561237
4773.2,561144
4773.3,561211
4773.4,561160
4773.5,561015
4773.6,561153
4773.7,561102
4773.8,561169
4773.9,561141
4774,561303
4774.1,561437
4774.2,561201
4774.3,561268
4774.4,561099
4774.5,561166
4774.6,561021
4774.7,561366
4774.8,561249
4774.9,561198
4775,561147
4775.1,561214
4775.2,561281
4775.3,561159
4775.4,561202
4775.5,561129
4775.6,561195
4775.7,561145
4775.8,561492
4775.9,561249
4776,561251
4776.1,561200
4776.2,561149
4776.3,561376
4776.4,560954
4776.5,561416
4776.6,561181
4776.7,561153
4776.8,561197
4776.9,561329
4777,561278
4777.1,561345
4777.2,561317
4777.3,561201
4777.4,561150
4777.5,561100
4777.6,561231
4777.7,561415
4777.8,561343
4777.9,561410
4778,561175
4778.1,561427
4778.2,561396
4778.3,561205
4778.4,561368
4778.5,561157
4778.6,561129
4778.7,561291
4778.8,561145
4778.9,561372
4779,561044
4779.1,561087
4779.2,561154
4779.3,561009
4779.4,561193
4779.5,561398
4779.6,561069
4779.7,561253
4779.8,561297
4779.9,561269
4780,561241
4780.1,561285
4780.2,561234
4780.3,561278
4780.4,561250
4780.5,561318
4780.6,561172
4780.7,561334
4780.8,561283
4780.9,561114
4781,561086
4781.1,561153
4781.2,561102
4781.3,561169
4781.4,561118
4781.5,561162
4781.6,561176
4781.7,561362
4781.8,561056
4781.9,561217
4782,561167
4782.1,561210
4782.2,561065
4782.3,561197
4782.4,561264
4782.5,561148
4782.6,561215
4782.7,561282
4782.8,561113
4782.9,561364
4783,561336
4783.1,561102
4783.2,561263
4783.3,561331
4783.4,561185
4783.5,561017
4783.6,561266
4783.7,561333
4783.8,561005
4783.9,561350
4784,561298
4784.1,561366
4784.2,561315
4784.3,561081
4784.4,561030
4784.5,561310
4784.6,561164
4784.7,561296
4784.8,561062
4784.9,561384
4785,561291
4785.1,561145
4785.2,561212
4785.3,561161
4785.4,561324
4785.5,561272
4785.6,561104
4785.7,561170
4785.8,561261
4785.9,561115
4786,561254
4786.1,561159
4786.2,561152
4786.3,561196
4786.4,561168
4786.5,561140
4786.6,561302
4786.7,561251
4786.8,561083
4786.9,561310
4787,561377
4787.1,561189
4787.2,561351
4787.3,561161
4787.4,561249
4787.5,561198
4787.6,561212
4787.7,560909
4787.8,561187
4787.9,561230
4788,561180
4788.1,561247
4788.2,561261
4788.3,561448
4788.4,561212
4788.5,561279
4788.6,561090
4788.7,561296
4788.8,561150
4788.9,561005
4789,561261
4789.1,561328
4789.2,561182
4789.3,561345
4789.4,561198
4789.5,561331
4789.6,561097
4789.7,561164
4789.8,561113
4789.9,561180
4790,561035
4790.1,561101
4790.2,561329
4790.3,561095
4790.4,561280
4790.5,561134
4790.6,561083
4790.7,561238
4790.8,561099
4790.9,560839
4791,561394
4791.1,560971
4791.2,561338
4791.3,561287
4791.4,561236
4791.5,561420
4791.6,561250
4791.7,561341
4791.8,561408
4791.9,561167
4792,561167
4792.1,561255
4792.2,561204
4792.3,561250
4792.4,561243
4792.5,561266
4792.6,561355
4792.7,561165
4792.8,561327
4792.9,561202
4793,561174
4793.1,561197
4793.2,561360
4793.3,561308
4793.4,561257
4793.5,561251
4793.6,561318
4793.7,561365
4793.8,561130
4793.9,561197
4794,561522
4794.1,561190
4794.2,561323
4794.3,561112
4794.4,561274
4794.5,561223
4794.6,561290
4794.7,561144
4794.8,561277
4794.9,561043
4795,561087
4795.1,561154
4795.2,561221
4795.3,561076
4795.4,561326
4795.5,561370
4795.6,561254
4795.7,561203
4795.8,561270
4795.9,561242
4796,561191
4796.1,561354
4796.2,561303
4796.3,561347
4796.4,561180
4796.5,561291
4796.6,561240
4796.7,561284
4796.8,561233
4796.9,561183
4797,561250
4797.1,561199
4797.2,561171
4797.3,561121
4797.4,561283
4797.5,561114
4797.6,561299
4797.7,561367
4797.8,561339
4797.9,561149
4798,561332
4798.1,561142
4798.2,561230
4798.3,561202
4798.4,561036
4798.5,561456
4798.6,561286
4798.7,561449
4798.8,561279
4798.9,561508
4799,561106
4799.1,561386
4799.2,561217
4799.3,561284
4799.4,561233
4799.5,561366
4799.6,561155
4799.7,561222
4799.8,561150
4799.9,561333
4800,561305
4800.1,561254
4800.2,561086
4800.3,561153
4800.4,561338
4800.5,561243
4800.6,561355
4800.7,561304
4800.8,561318
4800.9,561362
4801,561430
4801.1,561124
4801.2,561286
4801.3,561140
4801.4,560995
4801.5,561221
4801.6,561384
4801.7,561452
4801.8,561240
4801.9,561094
4802,561067
4802.1,561270
4802.2,561338
4802.3,561406
4802.4,561194
4802.5,561327
4802.6,561180
4802.7,561343
4802.8,561292
4802.9,561123
4803,561285
4803.1,561397
4803.2,561135
4803.3,561179
4803.4,561223
4803.5,561290
4803.6,561402
4803.7,561212
4803.8,561442
4803.9,561347
4804,561295
4804.1,561384
4804.2,561333
4804.3,561401
4804.4,561277
4804.5,561182
4804.6,561227
4804.7,561434
4804.8,561287
4804.9,561236
4805,561209
4805.1,561158
4805.2,561225
4805.3,561174
4805.4,561241
4805.5,561470
4805.6,561163
4805.7,561230
4805.8,561041
4805.9,561247
4806,561314
4806.1,561051
4806.2,561396
4806.3,561185
4806.4,561252
4806.5,561201
4806.6,561150
4806.7,561283
4806.8,561327
4806.9,561395
4807,561183
4807.1,561227
4807.2,561200
4807.3,561055
4807.4,561098
4807.5,561142
4807.6,561305
4807.7,561138
4807.8,561205
4807.9,561177
4808,561266
4808.1,561171
4808.2,561141
4808.3,561326
4808.4,561136
4808.5,561227
4808.6,561088
4808.7,561315
4808.8,561264
4808.9,561213
4809,561163
4809.1,561253
4809.2,561137
4809.3,561087
4809.4,561131
4809.5,560986
4809.6,561233
4809.7,561205
4809.8,561229
4809.9,561019
4810,560969
4810.1,561408
4810.2,561283
4810.3,561211
4810.4,561001
4810.5,561068
4810.6,561206
4810.7,561274
4810.8,561407
4810.9,561260
4811,561145
4811.1,561212
4811.2,561375
4811.3,561184
4811.4,561273
4811.5,561127
4811.6,561450
4811.7,561238
4811.8,561187
4811.9,561255
4812,561322
4812.1,561271
4812.2,561501
4812.3,561170
4812.4,561098
4812.5,561165
4812.6,561254
4812.7,561321
4812.8,561366
4812.9,561081
4813,561382
4813.1,561192
4813.2,561164
4813.3,561371
4813.4,561181
4813.5,561107
4813.6,561409
4813.7,561337
4813.8,561330
4813.9,561258
4814,561421
4814.1,561370
4814.2,561459
4814.3,561387
4814.4,561455
4814.5,561331
4814.6,561352
4814.7,561141
4814.8,561489
4814.9,561158
4815,561225
4815.1,561197
4815.2,561242
4815.3,561191
4815.4,561258
4815.5,561303
4815.6,561039
4815.7,561129
4815.8,561173
4815.9,561241
4816,561285
4816.1,561095
4816.2,561089
4816.3,561316
4816.4,561318
4816.5,561267
4816.6,561216
4816.7,561028
4816.8,561138
4816.9,561366
4817,561345
4817.1,561413
4817.2,560946
4817.3,561409
4817.4,561283
4817.5,561232
4817.6,561395
4817.7,560929
4817.8,561391
4817.9,561156
4818,561289
4818.1,561261
4818.2,561187
4818.3,561254
4818.4,561139
4818.5,561366
4818.6,561061
4818.7,561128
4818.8,561237
4818.9,561400
4819,561283
4819.1,561351
4819.2,561205
4819.3,561178
4819.4,561201
4819.5,561266
4819.6,561215
4819.7,561144
4819.8,561211
4819.9,561089
4820,561133
4820.1,561316
4820.2,561126
4820.3,561076
4820.4,561143
4820.5,561373
4820.6,561206
4820.7,561250
4820.8,561339
4820.9,561287
4821,561237
4821.1,561091
4821.2,561277
4821.3,561226
4821.4,561270
4821.5,561242
4821.6,561352
4821.7,561141
4821.8,561231
4821.9,561276
4822,561248
4822.1,561292
4822.2,561147
4822.3,561375
4822.4,561347
4822.5,561136
4822.6,561203
4822.7,561153
4822.8,561220
4822.9,561052
4823,561346
4823.1,561156
4823.2,561135
4823.3,561202
4823.4,561551
4823.5,561284
4823.6,561278
4823.7,561227
4823.8,561155
4823.9,561223
4824,561107
4824.1,561379
4824.2,561115
4824.3,561277
4824.4,561345
4824.5,561060
4824.6,561340
4824.7,561238
4824.8,561188
4824.9,561137
4825,561365
4825.1,561367
4825.2,561316
4825.3,561289
4825.4,561122
4825.5,561166
4825.6,561255
4825.7,561204
4825.8,561271
4825.9,561244
4826,561098
4826.1,561122
4826.2,561210
4826.3,561277
4826.4,561109
4826.5,561455
4826.6,561031
4826.7,561311
4826.8,561260
4826.9,561115
4827,561342
4827.1,561131
4827.2,561104
4827.3,561148
4827.4,561334
4827.5,561283
4827.6,561114
4827.7,561181
4827.8,561314
4827.9,561221
4828,561289
4828.1,561215
4828.2,561282
4828.3,561137
4828.4,560992
4828.5,560942
4828.6,561103
4828.7,561384
4828.8,561237
4828.9,561092
4829,561319
4829.1,561150
4829.2,561035
4829.3,561102
4829.4,561170
4829.5,561142
4829.6,561092
4829.7,561200
4829.8,561085
4829.9,561152
4830,561125
4830.1,561192
4830.2,561142
4830.3,561209
4830.4,561158
4830.5,561226
4830.6,561037
4830.7,561243
4830.8,561310
4830.9,561259
4831,561209
4831.1,561158
4831.2,561225
4831.3,561293
4831.4,561361
4831.5,561289
4831.6,561238
4831.7,561327
4831.8,561158
4831.9,561225
4832,561293
4832.1,561221
4832.2,561265
4832.3,561354
4832.4,561208
4832.5,561317
4832.6,561290
4832.7,561269
4832.8,561337
4832.9,561147
4833,561140
4833.1,561584
4833.2,561157
4833.3,561343
4833.4,561248
4833.5,561038
4833.6,561265
4833.7,561237
4833.8,561207
4833.9,561490
4834,561394
4834.1,561088
4834.2,561155
4834.3,561383
4834.4,561237
4834.5,561326
4834.6,561136
4834.7,561322
4834.8,561271
4834.9,561243
4835,561213
4835.1,561068
4835.2,561230
4835.3,561180
4835.4,561247
4835.5,561220
4835.6,561169
4835.7,561421
4835.8,561068
4835.9,561135
4836,561203
4836.1,561270
4836.2,561243
4836.3,561098
4836.4,561260
4836.5,561091
4836.6,561158
4836.7,561249
4836.8,561198
4836.9,561266
4837,561215
4837.1,561047
4837.2,561369
4837.3,561181
4837.4,561249
4837.5,561221
4837.6,561266
4837.7,561215
4837.8,561165
4837.9,561114
4838,561087
4838.1,561433
4838.2,561221
4838.3,561385
4838.4,561334
4838.5,561070
4838.6,561297
4838.7,560993
4838.8,561037
4838.9,561221
4839,561266
4839.1,561120
4839.2,561348
4839.3,561320
4839.4,561205
4839.5,561368
4839.6,561221
4839.7,561171
4839.8,561334
4839.9,561093
4840,561137
4840.1,561419
4840.2,561368
4840.3,561296
4840.4,561289
4840.5,561357
4840.6,561188
4840.7,561116
4840.8,561184
4840.9,561251
4841,561106
4841.1,561313
4841.2,561238
4841.3,561188
4841.4,561351
4841.5,561184
4841.6,561157
4841.7,561106
4841.8,561408
4841.9,561334
4842,561402
4842.1,561211
4842.2,561089
4842.3,561391
4842.4,561364
4842.5,561194
4842.6,561144
4842.7,561330
4842.8,561258
4842.9,561251
4843,561224
4843.1,561364
4843.2,561313
4843.3,561262
4843.4,561235
4843.5,561207
4843.6,561180
4843.7,561203
4843.8,561153
4843.9,561241
4844,561191
4844.1,561163
4844.2,561136
4844.3,561180
4844.4,561343
4844.5,561059
4844.6,561147
4844.7,561119
4844.8,561347
4844.9,561136
4845,561204
4845.1,561153
4845.2,561103
4845.3,561330
4845.4,561324
4845.5,561092
4845.6,561415
4845.7,561086
4845.8,561433
4845.9,561009
4846,561140
4846.1,561185
4846.2,560976
4846.3,561439
4846.4,561110
4846.5,561059
4846.6,561286
4846.7,561236
4846.8,561120
4846.9,561188
4847,561255
4847.1,561205
4847.2,561060
4847.3,561104
4847.4,561171
4847.5,561239
4847.6,561306
4847.7,561374
4847.8,561228
4847.9,561134
4848,561222
4848.1,561385
4848.2,561239
4848.3,561522
4848.4,561375
4848.5,561229
4848.6,561296
4848.7,561341
4848.8,561290
4848.9,561263
4849,561331
4849.1,561303
4849.2,561348
4849.3,561297
4849.4,561246
4849.5,561195
4849.6,561051
4849.7,561141
4849.8,561208
4849.9,561135
4850,561363
4850.1,561152
4850.2,561261
4850.3,561352
4850.4,561301
4850.5,561465
4850.6,561135
4850.7,561108
4850.8,561122
4850.9,561308
4851,561376
4851.1,561421
4851.2,561370
4851.3,561558
4851.4,561292
4851.5,561500
4851.6,561031
4851.7,561098
4851.8,561261
4851.9,561328
4852,561183
4852.1,561411
4852.2,561082
4852.3,561149
4852.4,561312
4852.5,561380
4852.6,561234
4852.7,561463
4852.8,561251
4852.9,561083
4853,561245
4853.1,561313
4853.2,561381
4853.3,561258
4853.4,560995
4853.5,561251
4853.6,561083
4853.7,561151
4853.8,561006
4853.9,561096
4854,561324
4854.1,561113
4854.2,561222
4854.3,561407
4854.4,561239
4854.5,561307
4854.6,561516
4854.7,561324
4854.8,561114
4854.9,561318
4855,561172
4855.1,561284
4855.2,561139
4855.3,561301
4855.4,561325
4855.5,561179
4855.6,561150
4855.7,561217
4855.8,561308
4855.9,561237
4856,561541
4856.1,561349
4856.2,561180
4856.3,561174
4856.4,561241
4856.5,561170
4856.6,561356
4856.7,561145
4856.8,561373
4856.9,561204
4857,561198
4857.1,561221
4857.2,561408
4857.3,561079
4857.4,561241
4857.5,561374
4857.6,561464
4857.7,561412
4857.8,561436
4857.9,561225
4858,561174
4858.1,561147
4858.2,561097
4858.3,561465
4858.4,561273
4858.5,561341
4858.6,561410
4858.7,561198
4858.8,561053
4858.9,561420
4859,561230
4859.1,561179
4859.2,561247
4859.3,561037
4859.4,561427
4859.5,561376
4859.6,561186
4859.7,561275
4859.8,561224
4859.9,561292
4860,561241
4860.1,561214
4860.2,561143
4860.3,561327
4860.4,561276
4860.5,561204
4860.6,561272
4860.7,561340
4860.8,561429
4860.9,561239
4861,561470
4861.1,561375
4861.2,561324
4861.3,561296
4861.4,561086
4861.5,561130
4861.6,561358
4861.7,561030
4861.8,560980
4861.9,561070
4862,561202
4862.1,561205
4862.2,561060
4862.3,561383
4862.4,561237
4862.5,561305
4862.6,561277
4862.7,561322
4862.8,561229
4862.9,561179
4863,561407
4863.1,561380
4863.2,561210
4863.3,561278
4863.4,561068
4863.5,561136
4863.6,561085
4863.7,561432
4863.8,561426
4863.9,561235
4864,561303
4864.1,561093
4864.2,561043
4864.3,561110
4864.4,561337
4864.5,561287
4864.6,561118
4864.7,561027
4864.8,560977
4864.9,561161
4865,561294
4865.1,561061
4865.2,561288
4865.3,560961
4865.4,561122
4865.5,561095
4865.6,561322
4865.7,561295
4865.8,561244
4865.9,561289
4866,561259
4866.1,561351
4866.2,561398
4866.3,561252
4866.4,561201
4866.5,561385
4866.6,561239
4866.7,561189
4866.8,561280
4866.9,561134
4867,561297
4867.1,561342
4867.2,561173
4867.3,561425
4867.4,561213
4867.5,561304
4867.6,561349
4867.7,561417
4867.8,561343
4867.9,561531
4868,561170
4868.1,561238
4868.2,561261
4868.3,561329
4868.4,561279
4868.5,561228
4868.6,561319
4868.7,561290
4868.8,561218
4868.9,561478
4869,561547
4869.1,561495
4869.2,561468
4869.3,561321
4869.4,561196
4869.5,561338
4869.6,561128
4869.7,561078
4869.8,561145
4869.9,561095
4870,561227
4870.1,561339
4870.2,560968
4870.3,561035
4870.4,561102
4870.5,561353
4870.6,561207
4870.7,561370
4870.8,561436
4870.9,561204
4871,561059
4871.1,561221
4871.2,561474
4871.3,561304
4871.4,561094
4871.5,561417
4871.6,561111
4871.7,561061
4871.8,561407
4871.9,561078
4872,561240
4872.1,561095
4872.2,561299
4872.3,561112
4872.4,561580
4872.5,561336
4872.6,561381
4872.7,561147
4872.8,561375
4872.9,561229
4873,561202
4873.1,561314
4873.2,561433
4873.3,561406
4873.4,561236
4873.5,561186
4873.6,561254
4873.7,561247
4873.8,561390
4873.9,561339
4874,561407
4874.1,561238
4874.2,561327
4874.3,561204
4874.4,561205
4874.5,561273
4874.6,561341
4874.7,561313
4874.8,561263
4874.9,561138
4875,561301
4875.1,561346
4875.2,561534
4875.3,561247
4875.4,561220
4875.5,561309
4875.6,561046
4875.7,561090
4875.8,561157
4875.9,561225
4876,561293
4876.1,561242
4876.2,561399
4876.3,561070
4876.4,561274
4876.5,561065
4876.6,561132
4876.7,561105
4876.8,561055
4876.9,561282
4877,561350
4877.1,561395
4877.2,561089
4877.3,561157
4877.4,561130
4877.5,561174
4877.6,561124
4877.7,561191
4877.8,561141
4877.9,561232
4878,561182
4878.1,561205
4878.2,561294
4878.3,561243
4878.4,561193
4878.5,561380
4878.6,561352
4878.7,561325
4878.8,561370
4878.9,561415
4879,561130
4879.1,561123
4879.2,561309
4879.3,561164
4879.4,561306
4879.5,561255
4879.6,561205
4879.7,561294
4879.8,561362
4879.9,561335
4880,561358
4880.1,561427
4880.2,561376
4880.3,561349
4880.4,561298
4880.5,561387
4880.6,561316
4880.7,561384
4880.8,561055
4880.9,561006
4881,561073
4881.1,561046
4881.2,561345
4881.3,561134
4881.4,561202
4881.5,561270
4881.6,561219
4881.7,561287
4881.8,561421
4881.9,561092
4882,561159
4882.1,561322
4882.2,561295
4882.3,561150
4882.4,561217
4882.5,561167
4882.6,561000
4882.7,561184
4882.8,561348
4882.9,561202
4883,561293
4883.1,561338
4883.2,561287
4883.3,561119
4883.4,561186
4883.5,561278
4883.6,561227
4883.7,561156
4883.8,561340
4883.9,561245
4884,561239
4884.1,561212
4884.2,561399
4884.3,561252
4884.4,561297
4884.5,561131
4884.6,561315
4884.7,561264
4884.8,561237
4884.9,561210
4885,561373
4885.1,561183
4885.2,561391
4885.3,561201
4885.4,561409
4885.5,561167
4885.6,561191
4885.7,561495
4885.8,561304
4885.9,561253
4886,561226
4886.1,561315
4886.2,561339
4886.3,561288
4886.4,561357
4886.5,561052
4886.6,561279
4886.7,561368
4886.8,561222
4886.9,561290
4887,561219
4887.1,560893
4887.2,561236
4887.3,561444
4887.4,561203
4887.5,561343
4887.6,561271
4887.7,561339
4887.8,561194
4887.9,561402
4888,560999
4888.1,561161
4888.2,561250
4888.3,561318
4888.4,561246
4888.5,561359
4888.6,561169
4888.7,561237
4888.8,561258
4888.9,561347
4889,561395
4889.1,561367
4889.2,561340
4889.3,561334
4889.4,561379
4889.5,561328
4889.6,561277
4889.7,561325
4889.8,561414
4889.9,561129
4890,561292
4890.1,561360
4890.2,561191
4890.3,561303
4890.4,561232
4890.5,561344
4890.6,561389
4890.7,561199
4890.8,561386
4890.9,561312
4891,561401
4891.1,561234
4891.2,561184
4891.3,561467
4891.4,561137
4891.5,561087
4891.6,561433
4891.7,561169
4891.8,561400
4891.9,561050
4892,561095
4892.1,561068
4892.2,561230
4892.3,561245
4892.4,561238
4892.5,561167
4892.6,561170
4892.7,561120
4892.8,561188
4892.9,561321
4893,561175
4893.1,561455
4893.2,561503
4893.3,561173
4893.4,561240
4893.5,561096
4893.6,561347
4893.7,561208
4893.8,561437
4893.9,561225
4894,561175
4894.1,561243
4894.2,561098
4894.3,561469
4894.4,561139
4894.5,561463
4894.6,561347
4894.7,561201
4894.8,561269
4894.9,561242
4895,561191
4895.1,561141
4895.2,561091
4895.3,561254
4895.4,561227
4895.5,561200
4895.6,561363
4895.7,561173
4895.8,561357
4895.9,561073
4896,561141
4896.1,561114
4896.2,561321
4896.3,561366
4896.4,561338
4896.5,561288
4896.6,561333
4896.7,561210
4896.8,561278
4896.9,561184
4897,561157
4897.1,561341
4897.2,561195
4897.3,561145
4897.4,561332
4897.5,561400
4897.6,561424
4897.7,561278
4897.8,561227
4897.9,561177
4898,561289
4898.1,561313
4898.2,561263
4898.3,561053
4898.4,561215
4898.5,561445
4898.6,561138
4898.7,561248
4898.8,561435
4898.9,561224
4899,561292
4899.1,561123
4899.2,561191
4899.3,561229
4899.4,561179
4899.5,561462
4899.6,561226
4899.7,561414
4899.8,561149
4899.9,561401
4900,561262
4900.1,561212
4900.2,561161
4900.3,561348
4900.4,561202
4900.5,561152
4900.6,561125
4900.7,561235
4900.8,561303
4900.9,561252
4901,561320
4901.1,561389
4901.2,561266
4901.3,561311
4901.4,561196
4901.5,560935
4901.6,561255
4901.7,561228
4901.8,561436
4901.9,561341
4902,561131
4902.1,561081
4902.2,561428
4902.3,561377
4902.4,561136
4902.5,561343
4902.6,561154
4902.7,561222
4902.8,561171
4902.9,561260
4903,561328
4903.1,561088
4903.2,561325
4903.3,561415
4903.4,561225
4903.5,561314
4903.6,561286
4903.7,561420
4903.8,561186
4903.9,561233
4904,561322
4904.1,561133
4904.2,561127
4904.3,561077
4904.4,561304
4904.5,561212
4904.6,561280
4904.7,561230
4904.8,561298
4904.9,561153
4905,561286
4905.1,561053
4905.2,561399
4905.3,561188
4905.4,561256
4905.5,561324
4905.6,561179
4905.7,561106
4905.8,561173
4905.9,561123
4906,561191
4906.1,561259
4906.2,561114
4906.3,561044
4906.4,561345
4906.5,561295
4906.6,561106
4906.7,561292
4906.8,561285
4906.9,561096
4907,561399
4907.1,561348
4907.2,561179
4907.3,561271
4907.4,561200
4907.5,561268
4907.6,561336
4907.7,561306
4907.8,561375
4907.9,561324
4908,561253
4908.1,561462
4908.2,561390
4908.3,561061
4908.4,561012
4908.5,561357
4908.6,561306
4908.7,561375
4908.8,561134
4908.9,561232
4909,561182
4909.1,561132
4909.2,561082
4909.3,561333
4909.4,561306
4909.5,561096
4909.6,561259
4909.7,561423
4909.8,561277
4909.9,561226
4910,560965
4910.1,561009
4910.2,561194
4910.3,561357
4910.4,561073
4910.5,561280
4910.6,561229
4910.7,561085
4910.8,561129
4910.9,561197
4911,561265
4911.1,561215
4911.2,561283
4911.3,561138
4911.4,561088
4911.5,561411
4911.6,561200
4911.7,561056
4911.8,561123
4911.9,561074
4912,561324
4912.1,561370
4912.2,561319
4912.3,561388
4912.4,561360
4912.5,561033
4912.6,561283
4912.7,561168
4912.8,561396
4912.9,561346
4913,561295
4913.1,561109
4913.2,561059
4913.3,561405
4913.4,561171
4913.5,561121
4913.6,561349
4913.7,561045
4913.8,561112
4913.9,561085
4914,561409
4914.1,561080
4914.2,561448
4914.3,561376
4914.4,561254
4914.5,561203
4914.6,561206
4914.7,561436
4914.8,561106
4914.9,561334
4915,561189
4915.1,560980
4915.2,561325
4915.3,561210
4915.4,561374
4915.5,561323
4915.6,561083
4915.7,561311
4915.8,561284
4915.9,561169
4916,561237
4916.1,561305
4916.2,561255
4916.3,561110
4916.4,561338
4916.5,561383
4916.6,561172
4916.7,561145
4916.8,561095
4916.9,561258
4917,561415
4917.1,561063
4917.2,561386
4917.3,561176
4917.4,561149
4917.5,561312
4917.6,561543
4917.7,561300
4917.8,560973
4917.9,561294
4918,561363
4918.1,561152
4918.2,561126
4918.3,561193
4918.4,561519
4918.5,561094
4918.6,561417
4918.7,561088
4918.8,561339
4918.9,561408
4919,561381
4919.1,561426
4919.2,561003
4919.3,561325
4919.4,561203
4919.5,561486
4919.6,561339
4919.7,561289
4919.8,561079
4919.9,561307
4920,561352
4920.1,561047
4920.2,561021
4920.3,561183
4920.4,561251
4920.5,561083
4920.6,561246
4920.7,561101
4920.8,561074
4920.9,561325
4921,561210
4921.1,561255
4921.2,561204
4921.3,561178
4921.4,561128
4921.5,561142
4921.6,561240
4921.7,561096
4921.8,561377
4921.9,561231
4922,561087
4922.1,561315
4922.2,561360
4922.3,561428
4922.4,561217
4922.5,561167
4922.6,561140
4922.7,561185
4922.8,561318
4922.9,561268
4923,561336
4923.1,561126
4923.2,561194
4923.3,561423
4923.4,561277
4923.5,561322
4923.6,561272
4923.7,561180
4923.8,561130
4923.9,561198
4924,561451
4924.1,561400
4924.2,561349
4924.3,561299
4924.4,561089
4924.5,561341
4924.6,561130
4924.7,561359
4924.8,561524
4924.9,561473
4925,561326
4925.1,561116
4925.2,561184
4925.3,561252
4925.4,561321
4925.5,561270
4925.6,561411
4925.7,561361
4925.8,561310
4925.9,561188
4926,561161
4926.1,561206
4926.2,561156
4926.3,561106
4926.4,561174
4926.5,561403
4926.6,561376
4926.7,561142
4926.8,561210
4926.9,561278
4927,561228
4927.1,561178
4927.2,561356
4927.3,561166
4927.4,561353
4927.5,561237
4927.6,561467
4927.7,561160
4927.8,561389
4927.9,561360
4928,561288
4928.1,561079
4928.2,561146
4928.3,561214
4928.4,561164
4928.5,561298
4928.6,561343
4928.7,561411
4928.8,561296
4928.9,561269
4929,561218
4929.1,561168
4929.2,561142
4929.3,561466
4929.4,561255
4929.5,561323
4929.6,561392
4929.7,561246
4929.8,561219
4929.9,561287
4930,561332
4930.1,561164
4930.2,561327
4930.3,561300
4930.4,561369
4930.5,561223
4930.6,561173
4930.7,561123
4930.8,561352
4930.9,561141
4931,561115
4931.1,561088
4931.2,561227
4931.3,561296
4931.4,561245
4931.5,561195
4931.6,561145
4931.7,561142
4931.8,561092
4931.9,561439
4932,561110
4932.1,561250
4932.2,561383
4932.3,561078
4932.4,561146
4932.5,561214
4932.6,561259
4932.7,561232
4932.8,561182
4932.9,561132
4933,561106
4933.1,561269
4933.2,561198
4933.3,561457
4933.4,561407
4933.5,561261
4933.6,561255
4933.7,561110
4933.8,561273
4933.9,561341
4934,561152
4934.1,561360
4934.2,561170
4934.3,561259
4934.4,561209
4934.5,561277
4934.6,561206
4934.7,561274
4934.8,561484
4934.9,561293
4935,561192
4935.1,561332
4935.2,561401
4935.3,561329
4935.4,561279
4935.5,561347
4935.6,561341
4935.7,561247
4935.8,561220
4935.9,561170
4936,561453
4936.1,561029
4936.2,561471
4936.3,561230
4936.4,561490
4936.5,561320
4936.6,561174
4936.7,561243
4936.8,561237
4936.9,561233
4937,561234
4937.1,561279
4937.2,561229
4937.3,561414
4937.4,561387
4937.5,561220
4937.6,561429
4937.7,561378
4937.8,561188
4937.9,561277
4938,561227
4938.1,561296
4938.2,561248
4938.3,561293
4938.4,561243
4938.5,561034
4938.6,561261
4938.7,561093
4938.8,561324
4938.9,561297
4939,561365
4939.1,561271
4939.2,561221
4939.3,561289
4939.4,561283
4939.5,561115
4939.6,561183
4939.7,561302
4939.8,561275
4939.9,561130
4940,561338
4940.1,561169
4940.2,561237
4940.3,561143
4940.4,561426
4940.5,561097
4940.6,561325
4940.7,561298
4940.8,561292
4940.9,561242
4941,561310
4941.1,561216
4941.2,561500
4941.3,560981
4941.4,561208
4941.5,561348
4941.6,561298
4941.7,561390
4941.8,561339
4941.9,561312
4942,561103
4942.1,561053
4942.2,561004
4942.3,561422
4942.4,561275
4942.5,561440
4942.6,561317
4942.7,561267
4942.8,561336
4942.9,561285
4943,561330
4943.1,561420
4943.2,561165
4943.3,561139
4943.4,561391
4943.5,561062
4943.6,561505
4943.7,561080
4943.8,561190
4943.9,561281
4944,561231
4944.1,561117
4944.2,561280
4944.3,561230
4944.4,561180
4944.5,561036
4944.6,561382
4944.7,561077
4944.8,561145
4944.9,561213
4945,561258
4945.1,561208
4945.2,561158
4945.3,561387
4945.4,561176
4945.5,561244
4945.6,561194
4945.7,561263
4945.8,561118
4945.9,561251
4946,561340
4946.1,561269
4946.2,561037
4946.3,561318
4946.4,561172
4946.5,561123
4946.6,561256
4946.7,561345
4946.8,561274
4946.9,561343
4947,561132
4947.1,561177
4947.2,561151
4947.3,561379
4947.4,561329
4947.5,561119
4947.6,561187
4947.7,561137
4947.8,561294
4947.9,561363
4948,561129
4948.1,561174
4948.2,561403
4948.3,561074
4948.4,561421
4948.5,561394
4948.6,561367
4948.7,561040
4948.8,561267
4948.9,561333
4949,561477
4949.1,561426
4949.2,561121
4949.3,561284
4949.4,561234
4949.5,561184
4949.6,561134
4949.7,561225
4949.8,561479
4949.9,561149
4950,561217
4950.1,561262
4950.2,561307
4950.3,561257
4950.4,561112
4950.5,561364
4950.6,561249
4950.7,561104
4950.8,561172
4950.9,561336
4951,561073
4951.1,561396
4951.2,561369
4951.3,561254
4951.4,561227
4951.5,561272
4951.6,561127
4951.7,561078
4951.8,561329
4951.9,561214
4952,561282
4952.1,561093
4952.2,561493
4952.3,561346
4952.4,561200
4952.5,561151
4952.6,561219
4952.7,561192
4952.8,561356
4952.9,561425
4953,561375
4953.1,561324
4953.2,561274
4953.3,561224
4953.4,561153
4953.5,561222
4953.6,561290
4953.7,561145
4953.8,561257
4953.9,561303
4954,561229
4954.1,561159
4954.2,561346
4954.3,561436
4954.4,561409
4954.5,561263
4954.6,561331
4954.7,561281
4954.8,561187
4954.9,561300
4955,561324
4955.1,561318
4955.2,561342
4955.3,561197
4955.4,561242
4955.5,561236
4955.6,561210
4955.7,561278
4955.8,561133
4955.9,561297
4956,561246
4956.1,561153
4956.2,561242
4956.3,561334
4956.4,561188
4956.5,561257
4956.6,561421
4956.7,561275
4956.8,561225
4956.9,561455
4957,561244
4957.1,561217
4957.2,561241
4957.3,561310
4957.4,561400
4957.5,561254
4957.6,561388
4957.7,561337
4957.8,561222
4957.9,561247
4958,561315
4958.1,561265
4958.2,561215
4958.3,561424
4958.4,561183
4958.5,561133
4958.6,561201
4958.7,561131
4958.8,561199
4958.9,561384
4959,561238
4959.1,561283
4959.2,561212
4959.3,561376
4959.4,561350
4959.5,561344
4959.6,561198
4959.7,561172
4959.8,561312
4959.9,561144
4960,561331
4960.1,561141
4960.2,561210
4960.3,561322
4960.4,561228
4960.5,561222
4960.6,561267
4960.7,561197
4960.8,561265
4960.9,561215
4961,561284
4961.1,561493
4961.2,561302
4961.3,561392
4961.4,561321
4961.5,561199
4961.6,561244
4961.7,561357
4961.8,561103
4961.9,561053
4962,561377
4962.1,561136
4962.2,561440
4962.3,561413
4962.4,561363
4962.5,561173
4962.6,561059
4962.7,561382
4962.8,561472
4962.9,561305
4963,561278
4963.1,561069
4963.2,561393
4963.3,561247
4963.4,561337
4963.5,561286
4963.6,561141
4963.7,561284
4963.8,561329
4963.9,561214
4964,561564
4964.1,561044
4964.2,561271
4964.3,561265
4964.4,561334
4964.5,561263
4964.6,561031
4964.7,561099
4964.8,561049
4964.9,561277
4965,561176
4965.1,561200
4965.2,561174
4965.3,561242
4965.4,560917
4965.5,561401
4965.6,561350
4965.7,561419
4965.8,561369
4965.9,561370
4966,561065
4966.1,561457
4966.2,561266
4966.3,561166
4966.4,561329
4966.5,561256
4966.6,561185
4966.7,561254
4966.8,561463
4966.9,561436
4967,561385
4967.1,561431
4967.2,561285
4967.3,561429
4967.4,561100
4967.5,561168
4967.6,561047
4967.7,561466
4967.8,561137
4967.9,561270
4968,561360
4968.1,561333
4968.2,561402
4968.3,561352
4968.4,561192
4968.5,561143
4968.6,561093
4968.7,561321
4968.8,561295
4968.9,561108
4969,561059
4969.1,561127
4969.2,561172
4969.3,561335
4969.4,561285
4969.5,561235
4969.6,561369
4969.7,561159
4969.8,561323
4969.9,561178
4970,561034
4970.1,561521
4970.2,561351
4970.3,561280
4970.4,561070
4970.5,561233
4970.6,561398
4970.7,561157
4970.8,561107
4970.9,561240
4971,561426
4971.1,561354
4971.2,561239
4971.3,561095
4971.4,561163
4971.5,561392
4971.6,561365
4971.7,561432
4971.8,561501
4971.9,561474
4972,561307
4972.1,560981
4972.2,561347
4972.3,561392
4972.4,561342
4972.5,561206
4972.6,561156
4972.7,561130
4972.8,561382
4972.9,561237
4973,561422
4973.1,561327
4973.2,561373
4973.3,561346
4973.4,561415
4973.5,561388
4973.6,561273
4973.7,561128
4973.8,561079
4973.9,561327
4974,561397
4974.1,561445
4974.2,561116
4974.3,561184
4974.4,561229
4974.5,561179
4974.6,561035
4974.7,561263
4974.8,561376
4974.9,561349
4975,561350
4975.1,561140
4975.2,561091
4975.3,561459
4975.4,561409
4975.5,561382
4975.6,561407
4975.7,561476
4975.8,560958
4975.9,561495
4976,561071
4976.1,561298
4976.2,561272
4976.3,561157
4976.4,561226
4976.5,561294
4976.6,561149
4976.7,561100
4976.8,561233
4976.9,561322
4977,561347
4977.1,561416
4977.2,561366
4977.3,561156
4977.4,561505
4977.5,561499
4977.6,561329
4977.7,561473
4977.8,561261
4977.9,561307
4978,561280
4978.1,561230
4978.2,561109
4978.3,561154
4978.4,561479
4978.5,561149
4978.6,561306
4978.7,561191
4978.8,561165
4978.9,561394
4979,561160
4979.1,561111
4979.2,561085
4979.3,561248
4979.4,561221
4979.5,561355
4979.6,561401
4979.7,561072
4979.8,561140
4979.9,561250
4980,561159
4980.1,561109
4980.2,561457
4980.3,561246
4980.4,561196
4980.5,560958
4980.6,561280
4980.7,561445
4980.8,561045
4980.9,561113
4981,561181
4981.1,561507
4981.2,561360
4981.3,561215
4981.4,561304
4981.5,561278
4981.6,561302
4981.7,561348
4981.8,561020
4981.9,561367
4982,561039
4982.1,561311
4982.2,561284
4982.3,561234
4982.4,561378
4982.5,561423
4982.6,561373
4982.7,561323
4982.8,561317
4982.9,561172
4983,561456
4983.1,561170
4983.2,561259
4983.3,561328
4983.4,561278
4983.5,561347
4983.6,561393
4983.7,561203
4983.8,561089
4983.9,561436
4984,560920
4984.1,561264
4984.2,561163
4984.3,561208
4984.4,561254
4984.5,561418
4984.6,561347
4984.7,561321
4984.8,561411
4984.9,561170
4985,561215
4985.1,561165
4985.2,561257
4985.3,561303
4985.4,561468
4985.5,561226
4985.6,561487
4985.7,561201
4985.8,561386
4985.9,561240
4986,561309
4986.1,561378
4986.2,561233
4986.3,561278
4986.4,561228
4986.5,561274
4986.6,561342
4986.7,561412
4986.8,561289
4986.9,561145
4987,561213
4987.1,561258
4987.2,561208
4987.3,561159
4987.4,561109
4987.5,561178
4987.6,561246
4987.7,561315
4987.8,561265
4987.9,561215
4988,561284
4988.1,561299
4988.2,560996
4988.3,561372
4988.4,561322
4988.5,561272
4988.6,561341
4988.7,561291
4988.8,561329
4988.9,561419
4989,561444
4989.1,561210
4989.2,561183
4989.3,561252
4989.4,561202
4989.5,561336
4989.6,561426
4989.7,561077
4989.8,561335
4989.9,561190
4990,561235
4990.1,561209
4990.2,561183
4990.3,561205
4990.4,561338
4990.5,561223
4990.6,561079
4990.7,561147
4990.8,561216
4990.9,561166
4991,561211
4991.1,561162
4991.2,561230
4991.3,561299
4991.4,561368
4991.5,561128
4991.6,561380
4991.7,561147
4991.8,561192
4991.9,561326
4992,561371
4992.1,561184
4992.2,561041
4992.3,561203
4992.4,561154
4992.5,561383
4992.6,561333
4992.7,561123
4992.8,561191
4992.9,561260
4993,561210
4993.1,561160
4993.2,561229
4993.3,561298
4993.4,561313
4993.5,561198
4993.6,561077
4993.7,561336
4993.8,561286
4993.9,561236
4994,561186
4994.1,560949
4994.2,561134
4994.3,561386
4994.4,561153
4994.5,561316
4994.6,561266
4994.7,561122
4994.8,561190
4994.9,561301
4995,561091
4995.1,561254
4995.2,561228
4995.3,561178
4995.4,561129
4995.5,561080
4995.6,561308
4995.7,561098
4995.8,561381
4995.9,561426
4996,561185
4996.1,561136
4996.2,561204
4996.3,561155
4996.4,561200
4996.5,561269
4996.6,561338
4996.7,561311
4996.8,561357
4996.9,561117
4997,561162
4997.1,561391
4997.2,561063
4997.3,561226
4997.4,561200
4997.5,561150
4997.6,561219
4997.7,561169
4997.8,561119
4997.9,561070
4998,561044
4998.1,561207
4998.2,561276
4998.3,561131
4998.4,561295
4998.5,561245
4998.6,561077
4998.7,561305
4998.8,561119
4998.9,560976
4999,561321
4999.1,561271
4999.2,561157
4999.3,561202
4999.4,561153
4999.5,561032
4999.6,561100
4999.7,561139
4999.8,561302
4999.9,561348
