0,6.371e+06
0.1,6.371e+06
0.2,6.371e+06
0.3,6.371e+06
0.4,6.371e+06
0.5,6.371e+06
0.6,6.371e+06
0.7,6.371e+06
0.8,6.371e+06
0.9,6.371e+06
1,6.371e+06
1.1,6.371e+06
1.2,6.371e+06
1.3,6.37101e+06
1.4,6.37101e+06
1.5,6.37101e+06
1.6,6.37101e+06
1.7,6.37101e+06
1.8,6.37101e+06
1.9,6.37101e+06
2,6.37101e+06
2.1,6.37102e+06
2.2,6.37102e+06
2.3,6.37102e+06
2.4,6.37102e+06
2.5,6.37102e+06
2.6,6.37102e+06
2.7,6.37102e+06
2.8,6.37103e+06
2.9,6.37103e+06
3,6.37103e+06
3.1,6.37103e+06
3.2,6.37103e+06
3.3,6.37104e+06
3.4,6.37104e+06
3.5,6.37104e+06
3.6,6.37104e+06
3.7,6.37104e+06
3.8,6.37105e+06
3.9,6.37105e+06
4,6.37105e+06
4.1,6.37105e+06
4.2,6.37106e+06
4.3,6.37106e+06
4.4,6.37106e+06
4.5,6.37106e+06
4.6,6.37107e+06
4.7,6.37107e+06
4.8,6.37107e+06
4.9,6.37108e+06
5,6.37108e+06
5.1,6.37108e+06
5.2,6.37109e+06
5.3,6.37109e+06
5.4,6.37109e+06
5.5,6.3711e+06
5.6,6.3711e+06
5.7,6.3711e+06
5.8,6.37111e+06
5.9,6.37111e+06
6,6.37111e+06
6.1,6.37112e+06
6.2,6.37112e+06
6.3,6.37113e+06
6.4,6.37113e+06
6.5,6.37113e+06
6.6,6.37114e+06
6.7,6.37114e+06
6.8,6.37115e+06
6.9,6.37115e+06
7,6.37115e+06
7.1,6.37116e+06
7.2,6.37116e+06
7.3,6.37117e+06
7.4,6.37117e+06
7.5,6.37118e+06
7.6,6.37118e+06
7.7,6.37119e+06
7.8,6.37119e+06
7.9,6.3712e+06
8,6.3712e+06
8.1,6.37121e+06
8.2,6.37121e+06
8.3,6.37122e+06
8.4,6.37122e+06
8.5,6.37123e+06
8.6,6.37123e+06
8.7,6.37124e+06
8.8,6.37124e+06
8.9,6.37125e+06
9,6.37125e+06
9.1,6.37126e+06
9.2,6.37127e+06
9.3,6.37127e+06
9.4,6.37128e+06
9.5,6.37128e+06
9.6,6.37129e+06
9.7,6.3713e+06
9.8,6.3713e+06
9.9,6.37131e+06
10,6.37131e+06
10.1,6.37132e+06
10.2,6.37133e+06
10.3,6.37133e+06
10.4,6.37134e+06
10.5,6.37135e+06
10.6,6.37135e+06
10.7,6.37136e+06
10.8,6.37137e+06
10.9,6.37137e+06
11,6.37138e+06
11.1,6.37139e+06
11.2,6.3714e+06
11.3,6.3714e+06
11.4,6.37141e+06
11.5,6.37142e+06
11.6,6.37142e+06
11.7,6.37143e+06
11.8,6.37144e+06
11.9,6.37145e+06
12,6.37145e+06
12.1,6.37146e+06
12.2,6.37147e+06
12.3,6.37148e+06
12.4,6.37148e+06
12.5,6.37149e+06
12.6,6.3715e+06
12.7,6.37151e+06
12.8,6.37152e+06
12.9,6.37152e+06
13,6.37153e+06
13.1,6.37154e+06
13.2,6.37155e+06
13.3,6.37156e+06
13.4,6.37157e+06
13.5,6.37158e+06
13.6,6.37158e+06
13.7,6.37159e+06
13.8,6.3716e+06
13.9,6.37161e+06
14,6.37162e+06
14.1,6.37163e+06
14.2,6.37164e+06
14.3,6.37165e+06
14.4,6.37166e+06
14.5,6.37167e+06
14.6,6.37168e+06
14.7,6.37168e+06
14.8,6.37169e+06
14.9,6.3717e+06
15,6.37171e+06
15.1,6.37172e+06
15.2,6.37173e+06
15.3,6.37174e+06
15.4,6.37175e+06
15.5,6.37176e+06
15.6,6.37177e+06
15.7,6.37178e+06
15.8,6.37179e+06
15.9,6.3718e+06
16,6.37181e+06
16.1,6.37182e+06
16.2,6.37183e+06
16.3,6.37184e+06
16.4,6.37186e+06
16.5,6.37187e+06
16.6,6.37188e+06
16.7,6.37189e+06
16.8,6.3719e+06
16.9,6.37191e+06
17,6.37192e+06
17.1,6.37193e+06
17.2,6.37194e+06
17.3,6.37195e+06
17.4,6.37197e+06
17.5,6.37198e+06
17.6,6.37199e+06
17.7,6.372e+06
17.8,6.37201e+06
17.9,6.37202e+06
18,6.37203e+06
18.1,6.37205e+06
18.2,6.37206e+06
18.3,6.37207e+06
18.4,6.37208e+06
18.5,6.37209e+06
18.6,6.37211e+06
18.7,6.37212e+06
18.8,6.37213e+06
18.9,6.37214e+06
19,6.37215e+06
19.1,6.37217e+06
19.2,6.37218e+06
19.3,6.37219e+06
19.4,6.3722e+06
19.5,6.37222e+06
19.6,6.37223e+06
19.7,6.37224e+06
19.8,6.37225e+06
19.9,6.37227e+06
20,6.37228e+06
20.1,6.37229e+06
20.2,6.3723e+06
20.3,6.37232e+06
20.4,6.37233e+06
20.5,6.37234e+06
20.6,6.37236e+06
20.7,6.37237e+06
20.8,6.37238e+06
20.9,6.3724e+06
21,6.37241e+06
21.1,6.37242e+06
21.2,6.37243e+06
21.3,6.37245e+06
21.4,6.37246e+06
21.5,6.37248e+06
21.6,6.37249e+06
21.7,6.3725e+06
21.8,6.37252e+06
21.9,6.37253e+06
22,6.37254e+06
22.1,6.37256e+06
22.2,6.37257e+06
22.3,6.37258e+06
22.4,6.3726e+06
22.5,6.37261e+06
22.6,6.37263e+06
22.7,6.37264e+06
22.8,6.37265e+06
22.9,6.37267e+06
23,6.37268e+06
23.1,6.3727e+06
23.2,6.37271e+06
23.3,6.37273e+06
23.4,6.37274e+06
23.5,6.37275e+06
23.6,6.37277e+06
23.7,6.37278e+06
23.8,6.3728e+06
23.9,6.37281e+06
24,6.37283e+06
24.1,6.37284e+06
24.2,6.37286e+06
24.3,6.37287e+06
24.4,6.37289e+06
24.5,6.3729e+06
24.6,6.37292e+06
24.7,6.37293e+06
24.8,6.37295e+06
24.9,6.37296e+06
25,6.37298e+06
25.1,6.37299e+06
25.2,6.37301e+06
25.3,6.37302e+06
25.4,6.37304e+06
25.5,6.37306e+06
25.6,6.37307e+06
25.7,6.37309e+06
25.8,6.3731e+06
25.9,6.37312e+06
26,6.37313e+06
26.1,6.37315e+06
26.2,6.37316e+06
26.3,6.37318e+06
26.4,6.3732e+06
26.5,6.37321e+06
26.6,6.37323e+06
26.7,6.37324e+06
26.8,6.37326e+06
26.9,6.37328e+06
27,6.37329e+06
27.1,6.37331e+06
27.2,6.37333e+06
27.3,6.37334e+06
27.4,6.37336e+06
27.5,6.37338e+06
27.6,6.37339e+06
27.7,6.37341e+06
27.8,6.37343e+06
27.9,6.37344e+06
28,6.37346e+06
28.1,6.37348e+06
28.2,6.37349e+06
28.3,6.37351e+06
28.4,6.37353e+06
28.5,6.37355e+06
28.6,6.37356e+06
28.7,6.37358e+06
28.8,6.3736e+06
28.9,6.37362e+06
29,6.37363e+06
29.1,6.37365e+06
29.2,6.37367e+06
29.3,6.37368e+06
29.4,6.3737e+06
29.5,6.37372e+06
29.6,6.37374e+06
29.7,6.37376e+06
29.8,6.37377e+06
29.9,6.37379e+06
30,6.37381e+06
30.1,6.37383e+06
30.2,6.37385e+06
30.3,6.37386e+06
30.4,6.37388e+06
30.5,6.3739e+06
30.6,6.37392e+06
30.7,6.37394e+06
30.8,6.37396e+06
30.9,6.37397e+06
31,6.37399e+06
31.1,6.37401e+06
31.2,6.37403e+06
31.3,6.37405e+06
31.4,6.37407e+06
31.5,6.37409e+06
31.6,6.37411e+06
31.7,6.37412e+06
31.8,6.37414e+06
31.9,6.37416e+06
32,6.37418e+06
32.1,6.3742e+06
32.2,6.37422e+06
32.3,6.37424e+06
32.4,6.37426e+06
32.5,6.37428e+06
32.6,6.3743e+06
32.7,6.37432e+06
32.8,6.37434e+06
32.9,6.37436e+06
33,6.37438e+06
33.1,6.3744e+06
33.2,6.37442e+06
33.3,6.37444e+06
33.4,6.37446e+06
33.5,6.37448e+06
33.6,6.3745e+06
33.7,6.37452e+06
33.8,6.37454e+06
33.9,6.37456e+06
34,6.37458e+06
34.1,6.3746e+06
34.2,6.37462e+06
34.3,6.37464e+06
34.4,6.37466e+06
34.5,6.37468e+06
34.6,6.3747e+06
34.7,6.37472e+06
34.8,6.37474e+06
34.9,6.37476e+06
35,6.37478e+06
35.1,6.3748e+06
35.2,6.37482e+06
35.3,6.37485e+06
35.4,6.37487e+06
35.5,6.37489e+06
35.6,6.37491e+06
35.7,6.37493e+06
35.8,6.37495e+06
35.9,6.37497e+06
36,6.375e+06
36.1,6.37502e+06
36.2,6.37504e+06
36.3,6.37506e+06
36.4,6.37508e+06
36.5,6.3751e+06
36.6,6.37513e+06
36.7,6.37515e+06
36.8,6.37517e+06
36.9,6.37519e+06
37,6.37521e+06
37.1,6.37524e+06
37.2,6.37526e+06
37.3,6.37528e+06
37.4,6.3753e+06
37.5,6.37533e+06
37.6,6.37535e+06
37.7,6.37537e+06
37.8,6.37539e+06
37.9,6.37542e+06
38,6.37544e+06
38.1,6.37546e+06
38.2,6.37548e+06
38.3,6.37551e+06
38.4,6.37553e+06
38.5,6.37555e+06
38.6,6.37558e+06
38.7,6.3756e+06
38.8,6.37562e+06
38.9,6.37565e+06
39,6.37567e+06
39.1,6.37569e+06
39.2,6.37572e+06
39.3,6.37574e+06
39.4,6.37576e+06
39.5,6.37579e+06
39.6,6.37581e+06
39.7,6.37583e+06
39.8,6.37586e+06
39.9,6.37588e+06
40,6.37591e+06
40.1,6.37593e+06
40.2,6.37595e+06
40.3,6.37598e+06
40.4,6.376e+06
40.5,6.37603e+06
40.6,6.37605e+06
40.7,6.37608e+06
40.8,6.3761e+06
40.9,6.37613e+06
41,6.37615e+06
41.1,6.37617e+06
41.2,6.3762e+06
41.3,6.37622e+06
41.4,6.37625e+06
41.5,6.37627e+06
41.6,6.3763e+06
41.7,6.37632e+06
41.8,6.37635e+06
41.9,6.37637e+06
42,6.3764e+06
42.1,6.37643e+06
42.2,6.37645e+06
42.3,6.37648e+06
42.4,6.3765e+06
42.5,6.37653e+06
42.6,6.37655e+06
42.7,6.37658e+06
42.8,6.3766e+06
42.9,6.37663e+06
43,6.37666e+06
43.1,6.37668e+06
43.2,6.37671e+06
43.3,6.37674e+06
43.4,6.37676e+06
43.5,6.37679e+06
43.6,6.37681e+06
43.7,6.37684e+06
43.8,6.37687e+06
43.9,6.37689e+06
44,6.37692e+06
44.1,6.37695e+06
44.2,6.37697e+06
44.3,6.377e+06
44.4,6.37703e+06
44.5,6.37705e+06
44.6,6.37708e+06
44.7,6.37711e+06
44.8,6.37714e+06
44.9,6.37716e+06
45,6.37719e+06
45.1,6.37722e+06
45.2,6.37724e+06
45.3,6.37727e+06
45.4,6.3773e+06
45.5,6.37733e+06
45.6,6.37736e+06
45.7,6.37738e+06
45.8,6.37741e+06
45.9,6.37744e+06
46,6.37747e+06
46.1,6.3775e+06
46.2,6.37752e+06
46.3,6.37755e+06
46.4,6.37758e+06
46.5,6.37761e+06
46.6,6.37764e+06
46.7,6.37766e+06
46.8,6.37769e+06
46.9,6.37772e+06
47,6.37775e+06
47.1,6.37778e+06
47.2,6.37781e+06
47.3,6.37784e+06
47.4,6.37787e+06
47.5,6.3779e+06
47.6,6.37792e+06
47.7,6.37795e+06
47.8,6.37798e+06
47.9,6.37801e+06
48,6.37804e+06
48.1,6.37807e+06
48.2,6.3781e+06
48.3,6.37813e+06
48.4,6.37816e+06
48.5,6.37819e+06
48.6,6.37822e+06
48.7,6.37825e+06
48.8,6.37828e+06
48.9,6.37831e+06
49,6.37834e+06
49.1,6.37837e+06
49.2,6.3784e+06
49.3,6.37843e+06
49.4,6.37846e+06
49.5,6.37849e+06
49.6,6.37852e+06
49.7,6.37855e+06
49.8,6.37858e+06
49.9,6.37861e+06
50,6.37864e+06
50.1,6.37867e+06
50.2,6.3787e+06
50.3,6.37874e+06
50.4,6.37877e+06
50.5,6.3788e+06
50.6,6.37883e+06
50.7,6.37886e+06
50.8,6.37889e+06
50.9,6.37892e+06
51,6.37896e+06
51.1,6.37899e+06
51.2,6.37902e+06
51.3,6.37905e+06
51.4,6.37908e+06
51.5,6.37911e+06
51.6,6.37915e+06
51.7,6.37918e+06
51.8,6.37921e+06
51.9,6.37924e+06
52,6.37927e+06
52.1,6.37931e+06
52.2,6.37934e+06
52.3,6.37937e+06
52.4,6.3794e+06
52.5,6.37944e+06
52.6,6.37947e+06
52.7,6.3795e+06
52.8,6.37954e+06
52.9,6.37957e+06
53,6.3796e+06
53.1,6.37963e+06
53.2,6.37967e+06
53.3,6.3797e+06
53.4,6.37973e+06
53.5,6.37977e+06
53.6,6.3798e+06
53.7,6.37983e+06
53.8,6.37987e+06
53.9,6.3799e+06
54,6.37994e+06
54.1,6.37997e+06
54.2,6.38e+06
54.3,6.38004e+06
54.4,6.38007e+06
54.5,6.3801e+06
54.6,6.38014e+06
54.7,6.38017e+06
54.8,6.38021e+06
54.9,6.38024e+06
55,6.38028e+06
55.1,6.38031e+06
55.2,6.38035e+06
55.3,6.38038e+06
55.4,6.38042e+06
55.5,6.38045e+06
55.6,6.38049e+06
55.7,6.38052e+06
55.8,6.38056e+06
55.9,6.38059e+06
56,6.38063e+06
56.1,6.38066e+06
56.2,6.3807e+06
56.3,6.38073e+06
56.4,6.38077e+06
56.5,6.3808e+06
56.6,6.38084e+06
56.7,6.38088e+06
56.8,6.38091e+06
56.9,6.38095e+06
57,6.38098e+06
57.1,6.38102e+06
57.2,6.38106e+06
57.3,6.38109e+06
57.4,6.38113e+06
57.5,6.38116e+06
57.6,6.3812e+06
57.7,6.38124e+06
57.8,6.38127e+06
57.9,6.38131e+06
58,6.38135e+06
58.1,6.38139e+06
58.2,6.38142e+06
58.3,6.38146e+06
58.4,6.3815e+06
58.5,6.38153e+06
58.6,6.38157e+06
58.7,6.38161e+06
58.8,6.38165e+06
58.9,6.38168e+06
59,6.38172e+06
59.1,6.38176e+06
59.2,6.3818e+06
59.3,6.38183e+06
59.4,6.38187e+06
59.5,6.38191e+06
59.6,6.38195e+06
59.7,6.38198e+06
59.8,6.38202e+06
59.9,6.38206e+06
60,6.3821e+06
60.1,6.38214e+06
60.2,6.38217e+06
60.3,6.38221e+06
60.4,6.38225e+06
60.5,6.38229e+06
60.6,6.38233e+06
60.7,6.38236e+06
60.8,6.3824e+06
60.9,6.38244e+06
61,6.38248e+06
61.1,6.38252e+06
61.2,6.38256e+06
61.3,6.3826e+06
61.4,6.38263e+06
61.5,6.38267e+06
61.6,6.38271e+06
61.7,6.38275e+06
61.8,6.38279e+06
61.9,6.38283e+06
62,6.38286e+06
62.1,6.3829e+06
62.2,6.38294e+06
62.3,6.38298e+06
62.4,6.38302e+06
62.5,6.38306e+06
62.6,6.3831e+06
62.7,6.38314e+06
62.8,6.38318e+06
62.9,6.38322e+06
63,6.38326e+06
63.1,6.38329e+06
63.2,6.38333e+06
63.3,6.38337e+06
63.4,6.38341e+06
63.5,6.38345e+06
63.6,6.38349e+06
63.7,6.38353e+06
63.8,6.38357e+06
63.9,6.38361e+06
64,6.38365e+06
64.1,6.38369e+06
64.2,6.38373e+06
64.3,6.38377e+06
64.4,6.38381e+06
64.5,6.38385e+06
64.6,6.38389e+06
64.7,6.38393e+06
64.8,6.38397e+06
64.9,6.38401e+06
65,6.38405e+06
65.1,6.38409e+06
65.2,6.38413e+06
65.3,6.38417e+06
65.4,6.38421e+06
65.5,6.38425e+06
65.6,6.38429e+06
65.7,6.38433e+06
65.8,6.38437e+06
65.9,6.38441e+06
66,6.38445e+06
66.1,6.38449e+06
66.2,6.38453e+06
66.3,6.38457e+06
66.4,6.38461e+06
66.5,6.38465e+06
66.6,6.38469e+06
66.7,6.38473e+06
66.8,6.38477e+06
66.9,6.38481e+06
67,6.38486e+06
67.1,6.3849e+06
67.2,6.38494e+06
67.3,6.38498e+06
67.4,6.38502e+06
67.5,6.38506e+06
67.6,6.3851e+06
67.7,6.38514e+06
67.8,6.38518e+06
67.9,6.38522e+06
68,6.38526e+06
68.1,6.38531e+06
68.2,6.38535e+06
68.3,6.38539e+06
68.4,6.38543e+06
68.5,6.38547e+06
68.6,6.38551e+06
68.7,6.38555e+06
68.8,6.3856e+06
68.9,6.38564e+06
69,6.38568e+06
69.1,6.38572e+06
69.2,6.38576e+06
69.3,6.3858e+06
69.4,6.38584e+06
69.5,6.38589e+06
69.6,6.38593e+06
69.7,6.38597e+06
69.8,6.38601e+06
69.9,6.38605e+06
70,6.38609e+06
70.1,6.38614e+06
70.2,6.38618e+06
70.3,6.38622e+06
70.4,6.38626e+06
70.5,6.3863e+06
70.6,6.38635e+06
70.7,6.38639e+06
70.8,6.38643e+06
70.9,6.38647e+06
71,6.38651e+06
71.1,6.38656e+06
71.2,6.3866e+06
71.3,6.38664e+06
71.4,6.38668e+06
71.5,6.38672e+06
71.6,6.38677e+06
71.7,6.38681e+06
71.8,6.38685e+06
71.9,6.38689e+06
72,6.38694e+06
72.1,6.38698e+06
72.2,6.38702e+06
72.3,6.38706e+06
72.4,6.38711e+06
72.5,6.38715e+06
72.6,6.38719e+06
72.7,6.38723e+06
72.8,6.38728e+06
72.9,6.38732e+06
73,6.38736e+06
73.1,6.3874e+06
73.2,6.38745e+06
73.3,6.38749e+06
73.4,6.38753e+06
73.5,6.38758e+06
73.6,6.38762e+06
73.7,6.38766e+06
73.8,6.3877e+06
73.9,6.38775e+06
74,6.38779e+06
74.1,6.38783e+06
74.2,6.38788e+06
74.3,6.38792e+06
74.4,6.38796e+06
74.5,6.388e+06
74.6,6.38805e+06
74.7,6.38809e+06
74.8,6.38813e+06
74.9,6.38818e+06
75,6.38822e+06
75.1,6.38826e+06
75.2,6.38831e+06
75.3,6.38835e+06
75.4,6.38839e+06
75.5,6.38844e+06
75.6,6.38848e+06
75.7,6.38852e+06
75.8,6.38857e+06
75.9,6.38861e+06
76,6.38866e+06
76.1,6.3887e+06
76.2,6.38874e+06
76.3,6.38879e+06
76.4,6.38883e+06
76.5,6.38887e+06
76.6,6.38892e+06
76.7,6.38896e+06
76.8,6.389e+06
76.9,6.38905e+06
77,6.38909e+06
77.1,6.38913e+06
77.2,6.38918e+06
77.3,6.38922e+06
77.4,6.38927e+06
77.5,6.38931e+06
77.6,6.38935e+06
77.7,6.3894e+06
77.8,6.38944e+06
77.9,6.38949e+06
78,6.38953e+06
78.1,6.38957e+06
78.2,6.38962e+06
78.3,6.38966e+06
78.4,6.38971e+06
78.5,6.38975e+06
78.6,6.38979e+06
78.7,6.38984e+06
78.8,6.38988e+06
78.9,6.38993e+06
79,6.38997e+06
79.1,6.39001e+06
79.2,6.39006e+06
79.3,6.3901e+06
79.4,6.39015e+06
79.5,6.39019e+06
79.6,6.39024e+06
79.7,6.39028e+06
79.8,6.39032e+06
79.9,6.39037e+06
80,6.39041e+06
80.1,6.39046e+06
80.2,6.3905e+06
80.3,6.39055e+06
80.4,6.39059e+06
80.5,6.39064e+06
80.6,6.39068e+06
80.7,6.39072e+06
80.8,6.39077e+06
80.9,6.39081e+06
81,6.39086e+06
81.1,6.3909e+06
81.2,6.39095e+06
81.3,6.39099e+06
81.4,6.39104e+06
81.5,6.39108e+06
81.6,6.39113e+06
81.7,6.39117e+06
81.8,6.39121e+06
81.9,6.39126e+06
82,6.3913e+06
82.1,6.39135e+06
82.2,6.39139e+06
82.3,6.39144e+06
82.4,6.39148e+06
82.5,6.39153e+06
82.6,6.39157e+06
82.7,6.39162e+06
82.8,6.39166e+06
82.9,6.39171e+06
83,6.39175e+06
83.1,6.3918e+06
83.2,6.39184e+06
83.3,6.39189e+06
83.4,6.39193e+06
83.5,6.39198e+06
83.6,6.39202e+06
83.7,6.39207e+06
83.8,6.39211e+06
83.9,6.39216e+06
84,6.3922e+06
84.1,6.39225e+06
84.2,6.39229e+06
84.3,6.39234e+06
84.4,6.39238e+06
84.5,6.39243e+06
84.6,6.39247e+06
84.7,6.39252e+06
84.8,6.39256e+06
84.9,6.39261e+06
85,6.39265e+06
85.1,6.3927e+06
85.2,6.39275e+06
85.3,6.39279e+06
85.4,6.39284e+06
85.5,6.39288e+06
85.6,6.39293e+06
85.7,6.39297e+06
85.8,6.39302e+06
85.9,6.39306e+06
86,6.39311e+06
86.1,6.39316e+06
86.2,6.3932e+06
86.3,6.39325e+06
86.4,6.39329e+06
86.5,6.39334e+06
86.6,6.39338e+06
86.7,6.39343e+06
86.8,6.39347e+06
86.9,6.39352e+06
87,6.39356e+06
87.1,6.39361e+06
87.2,6.39366e+06
87.3,6.3937e+06
87.4,6.39375e+06
87.5,6.39379e+06
87.6,6.39384e+06
87.7,6.39388e+06
87.8,6.39393e+06
87.9,6.39397e+06
88,6.39402e+06
88.1,6.39406e+06
88.2,6.39411e+06
88.3,6.39416e+06
88.4,6.3942e+06
88.5,6.39425e+06
88.6,6.39429e+06
88.7,6.39434e+06
88.8,6.39438e+06
88.9,6.39443e+06
89,6.39447e+06
89.1,6.39452e+06
89.2,6.39457e+06
89.3,6.39461e+06
89.4,6.39466e+06
89.5,6.3947e+06
89.6,6.39475e+06
89.7,6.3948e+06
89.8,6.39484e+06
89.9,6.39489e+06
90,6.39493e+06
90.1,6.39498e+06
90.2,6.39502e+06
90.3,6.39507e+06
90.4,6.39512e+06
90.5,6.39516e+06
90.6,6.39521e+06
90.7,6.39526e+06
90.8,6.3953e+06
90.9,6.39535e+06
91,6.39539e+06
91.1,6.39544e+06
91.2,6.39548e+06
91.3,6.39553e+06
91.4,6.39558e+06
91.5,6.39562e+06
91.6,6.39567e+06
91.7,6.39572e+06
91.8,6.39576e+06
91.9,6.39581e+06
92,6.39585e+06
92.1,6.3959e+06
92.2,6.39594e+06
92.3,6.39599e+06
92.4,6.39604e+06
92.5,6.39608e+06
92.6,6.39613e+06
92.7,6.39618e+06
92.8,6.39622e+06
92.9,6.39627e+06
93,6.39631e+06
93.1,6.39636e+06
93.2,6.3964e+06
93.3,6.39645e+06
93.4,6.3965e+06
93.5,6.39654e+06
93.6,6.39659e+06
93.7,6.39664e+06
93.8,6.39668e+06
93.9,6.39673e+06
94,6.39677e+06
94.1,6.39682e+06
94.2,6.39686e+06
94.3,6.39691e+06
94.4,6.39696e+06
94.5,6.397e+06
94.6,6.39705e+06
94.7,6.3971e+06
94.8,6.39714e+06
94.9,6.39719e+06
95,6.39723e+06
95.1,6.39728e+06
95.2,6.39732e+06
95.3,6.39737e+06
95.4,6.39742e+06
95.5,6.39746e+06
95.6,6.39751e+06
95.7,6.39756e+06
95.8,6.3976e+06
95.9,6.39765e+06
96,6.39769e+06
96.1,6.39774e+06
96.2,6.39778e+06
96.3,6.39783e+06
96.4,6.39788e+06
96.5,6.39792e+06
96.6,6.39797e+06
96.7,6.39802e+06
96.8,6.39806e+06
96.9,6.39811e+06
97,6.39815e+06
97.1,6.3982e+06
97.2,6.39824e+06
97.3,6.39829e+06
97.4,6.39834e+06
97.5,6.39838e+06
97.6,6.39843e+06
97.7,6.39848e+06
97.8,6.39852e+06
97.9,6.39857e+06
98,6.39861e+06
98.1,6.39866e+06
98.2,6.3987e+06
98.3,6.39875e+06
98.4,6.3988e+06
98.5,6.39884e+06
98.6,6.39889e+06
98.7,6.39894e+06
98.8,6.39898e+06
98.9,6.39903e+06
99,6.39907e+06
99.1,6.39912e+06
99.2,6.39916e+06
99.3,6.39921e+06
99.4,6.39926e+06
99.5,6.3993e+06
99.6,6.39935e+06
99.7,6.3994e+06
99.8,6.39944e+06
99.9,6.39949e+06
100,6.39953e+06
100.1,6.39958e+06
100.2,6.39962e+06
100.3,6.39967e+06
100.4,6.39972e+06
100.5,6.39976e+06
100.6,6.39981e+06
100.7,6.39986e+06
100.8,6.3999e+06
100.9,6.39995e+06
101,6.39999e+06
101.1,6.40004e+06
101.2,6.40008e+06
101.3,6.40013e+06
101.4,6.40018e+06
101.5,6.40022e+06
101.6,6.40027e+06
101.7,6.40032e+06
101.8,6.40036e+06
101.9,6.40041e+06
102,6.40045e+06
102.1,6.4005e+06
102.2,6.40054e+06
102.3,6.40059e+06
102.4,6.40064e+06
102.5,6.40068e+06
102.6,6.40073e+06
102.7,6.40078e+06
102.8,6.40082e+06
102.9,6.40087e+06
103,6.40091e+06
103.1,6.40096e+06
103.2,6.401e+06
103.3,6.40105e+06
103.4,6.4011e+06
103.5,6.40114e+06
103.6,6.40119e+06
103.7,6.40124e+06
103.8,6.40128e+06
103.9,6.40133e+06
104,6.40137e+06
104.1,6.40142e+06
104.2,6.40146e+06
104.3,6.40151e+06
104.4,6.40156e+06
104.5,6.4016e+06
104.6,6.40165e+06
104.7,6.4017e+06
104.8,6.40174e+06
104.9,6.40179e+06
105,6.40183e+06
105.1,6.40188e+06
105.2,6.40192e+06
105.3,6.40197e+06
105.4,6.40202e+06
105.5,6.40206e+06
105.6,6.40211e+06
105.7,6.40215e+06
105.8,6.4022e+06
105.9,6.40225e+06
106,6.40229e+06
106.1,6.40234e+06
106.2,6.40238e+06
106.3,6.40243e+06
106.4,6.40247e+06
106.5,6.40252e+06
106.6,6.40256e+06
106.7,6.40261e+06
106.8,6.40266e+06
106.9,6.4027e+06
107,6.40275e+06
107.1,6.40279e+06
107.2,6.40284e+06
107.3,6.40288e+06
107.4,6.40293e+06
107.5,6.40297e+06
107.6,6.40302e+06
107.7,6.40306e+06
107.8,6.40311e+06
107.9,6.40316e+06
108,6.4032e+06
108.1,6.40325e+06
108.2,6.40329e+06
108.3,6.40334e+06
108.4,6.40338e+06
108.5,6.40343e+06
108.6,6.40347e+06
108.7,6.40352e+06
108.8,6.40356e+06
108.9,6.40361e+06
109,6.40366e+06
109.1,6.4037e+06
109.2,6.40375e+06
109.3,6.40379e+06
109.4,6.40384e+06
109.5,6.40388e+06
109.6,6.40393e+06
109.7,6.40397e+06
109.8,6.40402e+06
109.9,6.40407e+06
110,6.40411e+06
110.1,6.40416e+06
110.2,6.4042e+06
110.3,6.40425e+06
110.4,6.40429e+06
110.5,6.40434e+06
110.6,6.40438e+06
110.7,6.40443e+06
110.8,6.40447e+06
110.9,6.40452e+06
111,6.40456e+06
111.1,6.40461e+06
111.2,6.40465e+06
111.3,6.4047e+06
111.4,6.40474e+06
111.5,6.40479e+06
111.6,6.40483e+06
111.7,6.40488e+06
111.8,6.40492e+06
111.9,6.40497e+06
112,6.40501e+06
112.1,6.40506e+06
112.2,6.4051e+06
112.3,6.40515e+06
112.4,6.40519e+06
112.5,6.40524e+06
112.6,6.40528e+06
112.7,6.40533e+06
112.8,6.40537e+06
112.9,6.40542e+06
113,6.40546e+06
113.1,6.40551e+06
113.2,6.40555e+06
113.3,6.4056e+06
113.4,6.40564e+06
113.5,6.40569e+06
113.6,6.40573e+06
113.7,6.40578e+06
113.8,6.40582e+06
113.9,6.40586e+06
114,6.40591e+06
114.1,6.40595e+06
114.2,6.406e+06
114.3,6.40604e+06
114.4,6.40609e+06
114.5,6.40613e+06
114.6,6.40618e+06
114.7,6.40622e+06
114.8,6.40626e+06
114.9,6.40631e+06
115,6.40635e+06
115.1,6.4064e+06
115.2,6.40644e+06
115.3,6.40649e+06
115.4,6.40653e+06
115.5,6.40658e+06
115.6,6.40662e+06
115.7,6.40666e+06
115.8,6.40671e+06
115.9,6.40675e+06
116,6.4068e+06
116.1,6.40684e+06
116.2,6.40689e+06
116.3,6.40693e+06
116.4,6.40698e+06
116.5,6.40702e+06
116.6,6.40706e+06
116.7,6.40711e+06
116.8,6.40715e+06
116.9,6.4072e+06
117,6.40724e+06
117.1,6.40728e+06
117.2,6.40733e+06
117.3,6.40737e+06
117.4,6.40742e+06
117.5,6.40746e+06
117.6,6.4075e+06
117.7,6.40755e+06
117.8,6.40759e+06
117.9,6.40764e+06
118,6.40768e+06
118.1,6.40772e+06
118.2,6.40777e+06
118.3,6.40781e+06
118.4,6.40786e+06
118.5,6.4079e+06
118.6,6.40794e+06
118.7,6.40799e+06
118.8,6.40803e+06
118.9,6.40807e+06
119,6.40812e+06
119.1,6.40816e+06
119.2,6.4082e+06
119.3,6.40825e+06
119.4,6.40829e+06
119.5,6.40833e+06
119.6,6.40838e+06
119.7,6.40842e+06
119.8,6.40846e+06
119.9,6.40851e+06
120,6.40855e+06
120.1,6.4086e+06
120.2,6.40864e+06
120.3,6.40868e+06
120.4,6.40873e+06
120.5,6.40877e+06
120.6,6.40881e+06
120.7,6.40886e+06
120.8,6.4089e+06
120.9,6.40894e+06
121,6.40898e+06
121.1,6.40903e+06
121.2,6.40907e+06
121.3,6.40911e+06
121.4,6.40916e+06
121.5,6.4092e+06
121.6,6.40924e+06
121.7,6.40929e+06
121.8,6.40933e+06
121.9,6.40937e+06
122,6.40942e+06
122.1,6.40946e+06
122.2,6.4095e+06
122.3,6.40954e+06
122.4,6.40959e+06
122.5,6.40963e+06
122.6,6.40967e+06
122.7,6.40972e+06
122.8,6.40976e+06
122.9,6.4098e+06
123,6.40984e+06
123.1,6.40989e+06
123.2,6.40993e+06
123.3,6.40997e+06
123.4,6.41001e+06
123.5,6.41006e+06
123.6,6.4101e+06
123.7,6.41014e+06
123.8,6.41018e+06
123.9,6.41023e+06
124,6.41027e+06
124.1,6.41031e+06
124.2,6.41035e+06
124.3,6.4104e+06
124.4,6.41044e+06
124.5,6.41048e+06
124.6,6.41052e+06
124.7,6.41057e+06
124.8,6.41061e+06
124.9,6.41065e+06
125,6.41069e+06
125.1,6.41073e+06
125.2,6.41078e+06
125.3,6.41082e+06
125.4,6.41086e+06
125.5,6.4109e+06
125.6,6.41094e+06
125.7,6.41099e+06
125.8,6.41103e+06
125.9,6.41107e+06
126,6.41111e+06
126.1,6.41115e+06
126.2,6.4112e+06
126.3,6.41124e+06
126.4,6.41128e+06
126.5,6.41132e+06
126.6,6.41136e+06
126.7,6.4114e+06
126.8,6.41144e+06
126.9,6.41149e+06
127,6.41153e+06
127.1,6.41157e+06
127.2,6.41161e+06
127.3,6.41165e+06
127.4,6.41169e+06
127.5,6.41174e+06
127.6,6.41178e+06
127.7,6.41182e+06
127.8,6.41186e+06
127.9,6.4119e+06
128,6.41194e+06
128.1,6.41198e+06
128.2,6.41202e+06
128.3,6.41207e+06
128.4,6.41211e+06
128.5,6.41215e+06
128.6,6.41219e+06
128.7,6.41223e+06
128.8,6.41227e+06
128.9,6.41231e+06
129,6.41235e+06
129.1,6.41239e+06
129.2,6.41244e+06
129.3,6.41248e+06
129.4,6.41252e+06
129.5,6.41256e+06
129.6,6.4126e+06
129.7,6.41264e+06
129.8,6.41268e+06
129.9,6.41272e+06
130,6.41276e+06
130.1,6.4128e+06
130.2,6.41284e+06
130.3,6.41288e+06
130.4,6.41292e+06
130.5,6.41296e+06
130.6,6.413e+06
130.7,6.41304e+06
130.8,6.41308e+06
130.9,6.41313e+06
131,6.41317e+06
131.1,6.41321e+06
131.2,6.41325e+06
131.3,6.41329e+06
131.4,6.41333e+06
131.5,6.41337e+06
131.6,6.41341e+06
131.7,6.41345e+06
131.8,6.41349e+06
131.9,6.41353e+06
132,6.41357e+06
132.1,6.41361e+06
132.2,6.41365e+06
132.3,6.41369e+06
132.4,6.41373e+06
132.5,6.41377e+06
132.6,6.41381e+06
132.7,6.41385e+06
132.8,6.41389e+06
132.9,6.41392e+06
133,6.41396e+06
133.1,6.414e+06
133.2,6.41404e+06
133.3,6.41408e+06
133.4,6.41412e+06
133.5,6.41416e+06
133.6,6.4142e+06
133.7,6.41424e+06
133.8,6.41428e+06
133.9,6.41432e+06
134,6.41436e+06
134.1,6.4144e+06
134.2,6.41444e+06
134.3,6.41448e+06
134.4,6.41452e+06
134.5,6.41455e+06
134.6,6.41459e+06
134.7,6.41463e+06
134.8,6.41467e+06
134.9,6.41471e+06
135,6.41475e+06
135.1,6.41479e+06
135.2,6.41483e+06
135.3,6.41487e+06
135.4,6.4149e+06
135.5,6.41494e+06
135.6,6.41498e+06
135.7,6.41502e+06
135.8,6.41506e+06
135.9,6.4151e+06
136,6.41514e+06
136.1,6.41517e+06
136.2,6.41521e+06
136.3,6.41525e+06
136.4,6.41529e+06
136.5,6.41533e+06
136.6,6.41537e+06
136.7,6.4154e+06
136.8,6.41544e+06
136.9,6.41548e+06
137,6.41552e+06
137.1,6.41556e+06
137.2,6.4156e+06
137.3,6.41563e+06
137.4,6.41567e+06
137.5,6.41571e+06
137.6,6.41575e+06
137.7,6.41578e+06
137.8,6.41582e+06
137.9,6.41586e+06
138,6.4159e+06
138.1,6.41594e+06
138.2,6.41597e+06
138.3,6.41601e+06
138.4,6.41605e+06
138.5,6.41609e+06
138.6,6.41612e+06
138.7,6.41616e+06
138.8,6.4162e+06
138.9,6.41624e+06
139,6.41627e+06
139.1,6.41631e+06
139.2,6.41635e+06
139.3,6.41638e+06
139.4,6.41642e+06
139.5,6.41646e+06
139.6,6.4165e+06
139.7,6.41653e+06
139.8,6.41657e+06
139.9,6.41661e+06
140,6.41664e+06
140.1,6.41668e+06
140.2,6.41672e+06
140.3,6.41676e+06
140.4,6.41679e+06
140.5,6.41683e+06
140.6,6.41686e+06
140.7,6.4169e+06
140.8,6.41694e+06
140.9,6.41697e+06
141,6.41701e+06
141.1,6.41705e+06
141.2,6.41708e+06
141.3,6.41712e+06
141.4,6.41716e+06
141.5,6.41719e+06
141.6,6.41723e+06
141.7,6.41726e+06
141.8,6.4173e+06
141.9,6.41734e+06
142,6.41737e+06
142.1,6.41741e+06
142.2,6.41744e+06
142.3,6.41748e+06
142.4,6.41752e+06
142.5,6.41755e+06
142.6,6.41759e+06
142.7,6.41762e+06
142.8,6.41766e+06
142.9,6.4177e+06
143,6.41773e+06
143.1,6.41777e+06
143.2,6.4178e+06
143.3,6.41784e+06
143.4,6.41787e+06
143.5,6.41791e+06
143.6,6.41794e+06
143.7,6.41798e+06
143.8,6.41802e+06
143.9,6.41805e+06
144,6.41809e+06
144.1,6.41812e+06
144.2,6.41816e+06
144.3,6.41819e+06
144.4,6.41823e+06
144.5,6.41826e+06
144.6,6.4183e+06
144.7,6.41833e+06
144.8,6.41837e+06
144.9,6.4184e+06
145,6.41844e+06
145.1,6.41847e+06
145.2,6.4185e+06
145.3,6.41854e+06
145.4,6.41857e+06
145.5,6.41861e+06
145.6,6.41864e+06
145.7,6.41868e+06
145.8,6.41871e+06
145.9,6.41875e+06
146,6.41878e+06
146.1,6.41881e+06
146.2,6.41885e+06
146.3,6.41888e+06
146.4,6.41892e+06
146.5,6.41895e+06
146.6,6.41898e+06
146.7,6.41902e+06
146.8,6.41905e+06
146.9,6.41909e+06
147,6.41912e+06
147.1,6.41915e+06
147.2,6.41919e+06
147.3,6.41922e+06
147.4,6.41925e+06
147.5,6.41929e+06
147.6,6.41932e+06
147.7,6.41935e+06
147.8,6.41939e+06
147.9,6.41942e+06
148,6.41946e+06
148.1,6.41949e+06
148.2,6.41952e+06
148.3,6.41955e+06
148.4,6.41959e+06
148.5,6.41962e+06
148.6,6.41965e+06
148.7,6.41969e+06
148.8,6.41972e+06
148.9,6.41975e+06
149,6.41978e+06
149.1,6.41982e+06
149.2,6.41985e+06
149.3,6.41988e+06
149.4,6.41992e+06
149.5,6.41995e+06
149.6,6.41998e+06
149.7,6.42001e+06
149.8,6.42005e+06
149.9,6.42008e+06
150,6.42011e+06
150.1,6.42014e+06
150.2,6.42018e+06
150.3,6.42021e+06
150.4,6.42024e+06
150.5,6.42027e+06
150.6,6.4203e+06
150.7,6.42034e+06
150.8,6.42037e+06
150.9,6.4204e+06
151,6.42043e+06
151.1,6.42046e+06
151.2,6.42049e+06
151.3,6.42053e+06
151.4,6.42056e+06
151.5,6.42059e+06
151.6,6.42062e+06
151.7,6.42065e+06
151.8,6.42068e+06
151.9,6.42071e+06
152,6.42075e+06
152.1,6.42078e+06
152.2,6.42081e+06
152.3,6.42084e+06
152.4,6.42087e+06
152.5,6.4209e+06
152.6,6.42093e+06
152.7,6.42096e+06
152.8,6.42099e+06
152.9,6.42102e+06
153,6.42106e+06
153.1,6.42109e+06
153.2,6.42112e+06
153.3,6.42115e+06
153.4,6.42118e+06
153.5,6.42121e+06
153.6,6.42124e+06
153.7,6.42127e+06
153.8,6.4213e+06
153.9,6.42133e+06
154,6.42136e+06
154.1,6.42139e+06
154.2,6.42142e+06
154.3,6.42145e+06
154.4,6.42148e+06
154.5,6.42151e+06
154.6,6.42154e+06
154.7,6.42157e+06
154.8,6.4216e+06
154.9,6.42163e+06
155,6.42166e+06
155.1,6.42169e+06
155.2,6.42172e+06
155.3,6.42175e+06
155.4,6.42178e+06
155.5,6.42181e+06
155.6,6.42184e+06
155.7,6.42187e+06
155.8,6.42189e+06
155.9,6.42192e+06
156,6.42195e+06
156.1,6.42198e+06
156.2,6.42201e+06
156.3,6.42204e+06
156.4,6.42207e+06
156.5,6.4221e+06
156.6,6.42213e+06
156.7,6.42216e+06
156.8,6.42218e+06
156.9,6.42221e+06
157,6.42224e+06
157.1,6.42227e+06
157.2,6.4223e+06
157.3,6.42233e+06
157.4,6.42235e+06
157.5,6.42238e+06
157.6,6.42241e+06
157.7,6.42244e+06
157.8,6.42247e+06
157.9,6.4225e+06
158,6.42252e+06
158.1,6.42255e+06
158.2,6.42258e+06
158.3,6.42261e+06
158.4,6.42263e+06
158.5,6.42266e+06
158.6,6.42269e+06
158.7,6.42272e+06
158.8,6.42274e+06
158.9,6.42277e+06
159,6.4228e+06
159.1,6.42283e+06
159.2,6.42285e+06
159.3,6.42288e+06
159.4,6.42291e+06
159.5,6.42294e+06
159.6,6.42296e+06
159.7,6.42299e+06
159.8,6.42302e+06
159.9,6.42304e+06
160,6.42307e+06
160.1,6.4231e+06
160.2,6.42312e+06
160.3,6.42315e+06
160.4,6.42318e+06
160.5,6.4232e+06
160.6,6.42323e+06
160.7,6.42326e+06
160.8,6.42328e+06
160.9,6.42331e+06
161,6.42334e+06
161.1,6.42336e+06
161.2,6.42339e+06
161.3,6.42341e+06
161.4,6.42344e+06
161.5,6.42346e+06
161.6,6.42349e+06
161.7,6.42352e+06
161.8,6.42354e+06
161.9,6.42357e+06
162,6.42359e+06
162.1,6.42362e+06
162.2,6.42364e+06
162.3,6.42367e+06
162.4,6.4237e+06
162.5,6.42372e+06
162.6,6.42375e+06
162.7,6.42377e+06
162.8,6.4238e+06
162.9,6.42382e+06
163,6.42385e+06
163.1,6.42387e+06
163.2,6.4239e+06
163.3,6.42392e+06
163.4,6.42395e+06
163.5,6.42397e+06
163.6,6.42399e+06
163.7,6.42402e+06
163.8,6.42404e+06
163.9,6.42407e+06
164,6.42409e+06
164.1,6.42412e+06
164.2,6.42414e+06
164.3,6.42416e+06
164.4,6.42419e+06
164.5,6.42421e+06
164.6,6.42424e+06
164.7,6.42426e+06
164.8,6.42428e+06
164.9,6.42431e+06
165,6.42433e+06
165.1,6.42436e+06
165.2,6.42438e+06
165.3,6.4244e+06
165.4,6.42443e+06
165.5,6.42445e+06
165.6,6.42447e+06
165.7,6.4245e+06
165.8,6.42452e+06
165.9,6.42454e+06
166,6.42457e+06
166.1,6.42459e+06
166.2,6.42461e+06
166.3,6.42464e+06
166.4,6.42466e+06
166.5,6.42468e+06
166.6,6.4247e+06
166.7,6.42473e+06
166.8,6.42475e+06
166.9,6.42477e+06
167,6.42479e+06
167.1,6.42482e+06
167.2,6.42484e+06
167.3,6.42486e+06
167.4,6.42488e+06
167.5,6.4249e+06
167.6,6.42493e+06
167.7,6.42495e+06
167.8,6.42497e+06
167.9,6.42499e+06
168,6.42501e+06
168.1,6.42504e+06
168.2,6.42506e+06
168.3,6.42508e+06
168.4,6.4251e+06
168.5,6.42512e+06
168.6,6.42514e+06
168.7,6.42516e+06
168.8,6.42519e+06
168.9,6.42521e+06
169,6.42523e+06
169.1,6.42525e+06
169.2,6.42527e+06
169.3,6.42529e+06
169.4,6.42531e+06
169.5,6.42533e+06
169.6,6.42535e+06
169.7,6.42537e+06
169.8,6.42539e+06
169.9,6.42542e+06
170,6.42544e+06
170.1,6.42546e+06
170.2,6.42548e+06
170.3,6.4255e+06
170.4,6.42552e+06
170.5,6.42554e+06
170.6,6.42556e+06
170.7,6.42558e+06
170.8,6.4256e+06
170.9,6.42562e+06
171,6.42564e+06
171.1,6.42566e+06
171.2,6.42568e+06
171.3,6.42569e+06
171.4,6.42571e+06
171.5,6.42573e+06
171.6,6.42575e+06
171.7,6.42577e+06
171.8,6.42579e+06
171.9,6.42581e+06
172,6.42583e+06
172.1,6.42585e+06
172.2,6.42587e+06
172.3,6.42589e+06
172.4,6.4259e+06
172.5,6.42592e+06
172.6,6.42594e+06
172.7,6.42596e+06
172.8,6.42598e+06
172.9,6.426e+06
173,6.42602e+06
173.1,6.42603e+06
173.2,6.42605e+06
173.3,6.42607e+06
173.4,6.42609e+06
173.5,6.42611e+06
173.6,6.42612e+06
173.7,6.42614e+06
173.8,6.42616e+06
173.9,6.42618e+06
174,6.42619e+06
174.1,6.42621e+06
174.2,6.42623e+06
174.3,6.42625e+06
174.4,6.42626e+06
174.5,6.42628e+06
174.6,6.4263e+06
174.7,6.42632e+06
174.8,6.42633e+06
174.9,6.42635e+06
175,6.42637e+06
175.1,6.42638e+06
175.2,6.4264e+06
175.3,6.42642e+06
175.4,6.42643e+06
175.5,6.42645e+06
175.6,6.42647e+06
175.7,6.42648e+06
175.8,6.4265e+06
175.9,6.42651e+06
176,6.42653e+06
176.1,6.42655e+06
176.2,6.42656e+06
176.3,6.42658e+06
176.4,6.42659e+06
176.5,6.42661e+06
176.6,6.42663e+06
176.7,6.42664e+06
176.8,6.42666e+06
176.9,6.42667e+06
177,6.42669e+06
177.1,6.4267e+06
177.2,6.42672e+06
177.3,6.42673e+06
177.4,6.42675e+06
177.5,6.42676e+06
177.6,6.42678e+06
177.7,6.42679e+06
177.8,6.42681e+06
177.9,6.42682e+06
178,6.42684e+06
178.1,6.42685e+06
178.2,6.42687e+06
178.3,6.42688e+06
178.4,6.4269e+06
178.5,6.42691e+06
178.6,6.42692e+06
178.7,6.42694e+06
178.8,6.42695e+06
178.9,6.42697e+06
179,6.42698e+06
179.1,6.42699e+06
179.2,6.42701e+06
179.3,6.42702e+06
179.4,6.42703e+06
179.5,6.42705e+06
179.6,6.42706e+06
179.7,6.42707e+06
179.8,6.42709e+06
179.9,6.4271e+06
180,6.42711e+06
180.1,6.42713e+06
180.2,6.42714e+06
180.3,6.42715e+06
180.4,6.42717e+06
180.5,6.42718e+06
180.6,6.42719e+06
180.7,6.4272e+06
180.8,6.42722e+06
180.9,6.42723e+06
181,6.42724e+06
181.1,6.42725e+06
181.2,6.42726e+06
181.3,6.42728e+06
181.4,6.42729e+06
181.5,6.4273e+06
181.6,6.42731e+06
181.7,6.42732e+06
181.8,6.42734e+06
181.9,6.42735e+06
182,6.42736e+06
182.1,6.42737e+06
182.2,6.42738e+06
182.3,6.42739e+06
182.4,6.4274e+06
182.5,6.42741e+06
182.6,6.42743e+06
182.7,6.42744e+06
182.8,6.42745e+06
182.9,6.42746e+06
183,6.42747e+06
183.1,6.42748e+06
183.2,6.42749e+06
183.3,6.4275e+06
183.4,6.42751e+06
183.5,6.42752e+06
183.6,6.42753e+06
183.7,6.42754e+06
183.8,6.42755e+06
183.9,6.42756e+06
184,6.42757e+06
184.1,6.42758e+06
184.2,6.42759e+06
184.3,6.4276e+06
184.4,6.42761e+06
184.5,6.42762e+06
184.6,6.42763e+06
184.7,6.42764e+06
184.8,6.42765e+06
184.9,6.42766e+06
185,6.42767e+06
185.1,6.42767e+06
185.2,6.42768e+06
185.3,6.42769e+06
185.4,6.4277e+06
185.5,6.42771e+06
185.6,6.42772e+06
185.7,6.42773e+06
185.8,6.42774e+06
185.9,6.42774e+06
186,6.42775e+06
186.1,6.42776e+06
186.2,6.42777e+06
186.3,6.42778e+06
186.4,6.42778e+06
186.5,6.42779e+06
186.6,6.4278e+06
186.7,6.42781e+06
186.8,6.42781e+06
186.9,6.42782e+06
187,6.42783e+06
187.1,6.42784e+06
187.2,6.42784e+06
187.3,6.42785e+06
187.4,6.42786e+06
187.5,6.42786e+06
187.6,6.42787e+06
187.7,6.42788e+06
187.8,6.42788e+06
187.9,6.42789e+06
188,6.4279e+06
188.1,6.4279e+06
188.2,6.42791e+06
188.3,6.42792e+06
188.4,6.42792e+06
188.5,6.42793e+06
188.6,6.42793e+06
188.7,6.42794e+06
188.8,6.42795e+06
188.9,6.42795e+06
189,6.42796e+06
189.1,6.42796e+06
189.2,6.42797e+06
189.3,6.42797e+06
189.4,6.42798e+06
189.5,6.42798e+06
189.6,6.42799e+06
189.7,6.42799e+06
189.8,6.428e+06
189.9,6.428e+06
190,6.42801e+06
190.1,6.42801e+06
190.2,6.42802e+06
190.3,6.42802e+06
190.4,6.42803e+06
190.5,6.42803e+06
190.6,6.42803e+06
190.7,6.42804e+06
190.8,6.42804e+06
190.9,6.42805e+06
191,6.42805e+06
191.1,6.42805e+06
191.2,6.42806e+06
191.3,6.42806e+06
191.4,6.42806e+06
191.5,6.42807e+06
191.6,6.42807e+06
191.7,6.42807e+06
191.8,6.42808e+06
191.9,6.42808e+06
192,6.42808e+06
192.1,6.42809e+06
192.2,6.42809e+06
192.3,6.42809e+06
192.4,6.42809e+06
192.5,6.4281e+06
192.6,6.4281e+06
192.7,6.4281e+06
192.8,6.4281e+06
192.9,6.4281e+06
193,6.42811e+06
193.1,6.42811e+06
193.2,6.42811e+06
193.3,6.42811e+06
193.4,6.42811e+06
193.5,6.42811e+06
193.6,6.42812e+06
193.7,6.42812e+06
193.8,6.42812e+06
193.9,6.42812e+06
194,6.42812e+06
194.1,6.42812e+06
194.2,6.42812e+06
194.3,6.42812e+06
194.4,6.42812e+06
194.5,6.42812e+06
194.6,6.42812e+06
194.7,6.42812e+06
194.8,6.42812e+06
194.9,6.42812e+06
195,6.42812e+06
195.1,6.42812e+06
195.2,6.42812e+06
195.3,6.42812e+06
195.4,6.42812e+06
195.5,6.42812e+06
195.6,6.42812e+06
195.7,6.42812e+06
195.8,6.42812e+06
195.9,6.42812e+06
196,6.42812e+06
196.1,6.42812e+06
196.2,6.42812e+06
196.3,6.42812e+06
196.4,6.42812e+06
196.5,6.42811e+06
196.6,6.42811e+06
196.7,6.42811e+06
196.8,6.42811e+06
196.9,6.42811e+06
197,6.42811e+06
197.1,6.4281e+06
197.2,6.4281e+06
197.3,6.4281e+06
197.4,6.4281e+06
197.5,6.4281e+06
197.6,6.42809e+06
197.7,6.42809e+06
197.8,6.42809e+06
197.9,6.42808e+06
198,6.42808e+06
198.1,6.42808e+06
198.2,6.42808e+06
198.3,6.42807e+06
198.4,6.42807e+06
198.5,6.42807e+06
198.6,6.42806e+06
198.7,6.42806e+06
198.8,6.42806e+06
198.9,6.42805e+06
199,6.42805e+06
199.1,6.42804e+06
199.2,6.42804e+06
199.3,6.42804e+06
199.4,6.42803e+06
199.5,6.42803e+06
199.6,6.42802e+06
199.7,6.42802e+06
199.8,6.42801e+06
199.9,6.42801e+06
200,6.428e+06
200.1,6.428e+06
200.2,6.42799e+06
200.3,6.42799e+06
200.4,6.42798e+06
200.5,6.42798e+06
200.6,6.42797e+06
200.7,6.42797e+06
200.8,6.42796e+06
200.9,6.42795e+06
201,6.42795e+06
201.1,6.42794e+06
201.2,6.42794e+06
201.3,6.42793e+06
201.4,6.42792e+06
201.5,6.42792e+06
201.6,6.42791e+06
201.7,6.4279e+06
201.8,6.4279e+06
201.9,6.42789e+06
202,6.42788e+06
202.1,6.42788e+06
202.2,6.42787e+06
202.3,6.42786e+06
202.4,6.42785e+06
202.5,6.42785e+06
202.6,6.42784e+06
202.7,6.42783e+06
202.8,6.42782e+06
202.9,6.42781e+06
203,6.42781e+06
203.1,6.4278e+06
203.2,6.42779e+06
203.3,6.42778e+06
203.4,6.42777e+06
203.5,6.42776e+06
203.6,6.42776e+06
203.7,6.42775e+06
203.8,6.42774e+06
203.9,6.42773e+06
204,6.42772e+06
204.1,6.42771e+06
204.2,6.4277e+06
204.3,6.42769e+06
204.4,6.42768e+06
204.5,6.42767e+06
204.6,6.42766e+06
204.7,6.42765e+06
204.8,6.42764e+06
204.9,6.42763e+06
205,6.42762e+06
205.1,6.42761e+06
205.2,6.4276e+06
205.3,6.42759e+06
205.4,6.42758e+06
205.5,6.42757e+06
205.6,6.42756e+06
205.7,6.42755e+06
205.8,6.42754e+06
205.9,6.42752e+06
206,6.42751e+06
206.1,6.4275e+06
206.2,6.42749e+06
206.3,6.42748e+06
206.4,6.42747e+06
206.5,6.42745e+06
206.6,6.42744e+06
206.7,6.42743e+06
206.8,6.42742e+06
206.9,6.42741e+06
207,6.42739e+06
207.1,6.42738e+06
207.2,6.42737e+06
207.3,6.42735e+06
207.4,6.42734e+06
207.5,6.42733e+06
207.6,6.42732e+06
207.7,6.4273e+06
207.8,6.42729e+06
207.9,6.42728e+06
208,6.42726e+06
208.1,6.42725e+06
208.2,6.42723e+06
208.3,6.42722e+06
208.4,6.42721e+06
208.5,6.42719e+06
208.6,6.42718e+06
208.7,6.42716e+06
208.8,6.42715e+06
208.9,6.42713e+06
209,6.42712e+06
209.1,6.4271e+06
209.2,6.42709e+06
209.3,6.42707e+06
209.4,6.42706e+06
209.5,6.42704e+06
209.6,6.42703e+06
209.7,6.42701e+06
209.8,6.427e+06
209.9,6.42698e+06
210,6.42696e+06
210.1,6.42695e+06
210.2,6.42693e+06
210.3,6.42691e+06
210.4,6.4269e+06
210.5,6.42688e+06
210.6,6.42686e+06
210.7,6.42685e+06
210.8,6.42683e+06
210.9,6.42681e+06
211,6.4268e+06
211.1,6.42678e+06
211.2,6.42676e+06
211.3,6.42674e+06
211.4,6.42672e+06
211.5,6.42671e+06
211.6,6.42669e+06
211.7,6.42667e+06
211.8,6.42665e+06
211.9,6.42663e+06
212,6.42662e+06
212.1,6.4266e+06
212.2,6.42658e+06
212.3,6.42656e+06
212.4,6.42654e+06
212.5,6.42652e+06
212.6,6.4265e+06
212.7,6.42648e+06
212.8,6.42646e+06
212.9,6.42644e+06
213,6.42642e+06
213.1,6.4264e+06
213.2,6.42638e+06
213.3,6.42636e+06
213.4,6.42634e+06
213.5,6.42632e+06
213.6,6.4263e+06
213.7,6.42628e+06
213.8,6.42626e+06
213.9,6.42624e+06
214,6.42622e+06
214.1,6.4262e+06
214.2,6.42618e+06
214.3,6.42615e+06
214.4,6.42613e+06
214.5,6.42611e+06
214.6,6.42609e+06
214.7,6.42607e+06
214.8,6.42604e+06
214.9,6.42602e+06
215,6.426e+06
215.1,6.42598e+06
215.2,6.42596e+06
215.3,6.42593e+06
215.4,6.42591e+06
215.5,6.42589e+06
215.6,6.42586e+06
215.7,6.42584e+06
215.8,6.42582e+06
215.9,6.42579e+06
216,6.42577e+06
216.1,6.42575e+06
216.2,6.42572e+06
216.3,6.4257e+06
216.4,6.42567e+06
216.5,6.42565e+06
216.6,6.42562e+06
216.7,6.4256e+06
216.8,6.42557e+06
216.9,6.42555e+06
217,6.42552e+06
217.1,6.4255e+06
217.2,6.42547e+06
217.3,6.42545e+06
217.4,6.42542e+06
217.5,6.4254e+06
217.6,6.42537e+06
217.7,6.42534e+06
217.8,6.42532e+06
217.9,6.42529e+06
218,6.42527e+06
218.1,6.42524e+06
218.2,6.42521e+06
218.3,6.42519e+06
218.4,6.42516e+06
218.5,6.42513e+06
218.6,6.4251e+06
218.7,6.42508e+06
218.8,6.42505e+06
218.9,6.42502e+06
219,6.42499e+06
219.1,6.42496e+06
219.2,6.42494e+06
219.3,6.42491e+06
219.4,6.42488e+06
219.5,6.42485e+06
219.6,6.42482e+06
219.7,6.42479e+06
219.8,6.42476e+06
219.9,6.42474e+06
220,6.42471e+06
220.1,6.42468e+06
220.2,6.42465e+06
220.3,6.42462e+06
220.4,6.42459e+06
220.5,6.42456e+06
220.6,6.42453e+06
220.7,6.4245e+06
220.8,6.42447e+06
220.9,6.42444e+06
221,6.4244e+06
221.1,6.42437e+06
221.2,6.42434e+06
221.3,6.42431e+06
221.4,6.42428e+06
221.5,6.42425e+06
221.6,6.42422e+06
221.7,6.42418e+06
221.8,6.42415e+06
221.9,6.42412e+06
222,6.42409e+06
222.1,6.42406e+06
222.2,6.42402e+06
222.3,6.42399e+06
222.4,6.42396e+06
222.5,6.42392e+06
222.6,6.42389e+06
222.7,6.42386e+06
222.8,6.42382e+06
222.9,6.42379e+06
223,6.42376e+06
223.1,6.42372e+06
223.2,6.42369e+06
223.3,6.42365e+06
223.4,6.42362e+06
223.5,6.42358e+06
223.6,6.42355e+06
223.7,6.42351e+06
223.8,6.42348e+06
223.9,6.42344e+06
224,6.42341e+06
224.1,6.42337e+06
224.2,6.42334e+06
224.3,6.4233e+06
224.4,6.42326e+06
224.5,6.42323e+06
224.6,6.42319e+06
224.7,6.42316e+06
224.8,6.42312e+06
224.9,6.42308e+06
225,6.42305e+06
225.1,6.42301e+06
225.2,6.42297e+06
225.3,6.42294e+06
225.4,6.4229e+06
225.5,6.42286e+06
225.6,6.42283e+06
225.7,6.42279e+06
225.8,6.42275e+06
225.9,6.42272e+06
226,6.42268e+06
226.1,6.42264e+06
226.2,6.4226e+06
226.3,6.42256e+06
226.4,6.42253e+06
226.5,6.42249e+06
226.6,6.42245e+06
226.7,6.42241e+06
226.8,6.42238e+06
226.9,6.42234e+06
227,6.4223e+06
227.1,6.42226e+06
227.2,6.42222e+06
227.3,6.42218e+06
227.4,6.42214e+06
227.5,6.4221e+06
227.6,6.42207e+06
227.7,6.42203e+06
227.8,6.42199e+06
227.9,6.42195e+06
228,6.42191e+06
228.1,6.42187e+06
228.2,6.42183e+06
228.3,6.42179e+06
228.4,6.42175e+06
228.5,6.42171e+06
228.6,6.42167e+06
228.7,6.42163e+06
228.8,6.42159e+06
228.9,6.42155e+06
229,6.42151e+06
229.1,6.42147e+06
229.2,6.42143e+06
229.3,6.42139e+06
229.4,6.42135e+06
229.5,6.42131e+06
229.6,6.42127e+06
229.7,6.42123e+06
229.8,6.42119e+06
229.9,6.42114e+06
230,6.4211e+06
230.1,6.42106e+06
230.2,6.42102e+06
230.3,6.42098e+06
230.4,6.42094e+06
230.5,6.4209e+06
230.6,6.42085e+06
230.7,6.42081e+06
230.8,6.42077e+06
230.9,6.42073e+06
231,6.42069e+06
231.1,6.42064e+06
231.2,6.4206e+06
231.3,6.42056e+06
231.4,6.42052e+06
231.5,6.42047e+06
231.6,6.42043e+06
231.7,6.42039e+06
231.8,6.42034e+06
231.9,6.4203e+06
232,6.42026e+06
232.1,6.42022e+06
232.2,6.42017e+06
232.3,6.42013e+06
232.4,6.42008e+06
232.5,6.42004e+06
232.6,6.42e+06
232.7,6.41995e+06
232.8,6.41991e+06
232.9,6.41987e+06
233,6.41982e+06
233.1,6.41978e+06
233.2,6.41973e+06
233.3,6.41969e+06
233.4,6.41964e+06
233.5,6.4196e+06
233.6,6.41956e+06
233.7,6.41951e+06
233.8,6.41947e+06
233.9,6.41942e+06
234,6.41938e+06
234.1,6.41933e+06
234.2,6.41929e+06
234.3,6.41924e+06
234.4,6.41919e+06
234.5,6.41915e+06
234.6,6.4191e+06
234.7,6.41906e+06
234.8,6.41901e+06
234.9,6.41897e+06
235,6.41892e+06
235.1,6.41887e+06
235.2,6.41883e+06
235.3,6.41878e+06
235.4,6.41874e+06
235.5,6.41869e+06
235.6,6.41864e+06
235.7,6.4186e+06
235.8,6.41855e+06
235.9,6.4185e+06
236,6.41845e+06
236.1,6.41841e+06
236.2,6.41836e+06
236.3,6.41831e+06
236.4,6.41827e+06
236.5,6.41822e+06
236.6,6.41817e+06
236.7,6.41812e+06
236.8,6.41808e+06
236.9,6.41803e+06
237,6.41798e+06
237.1,6.41793e+06
237.2,6.41788e+06
237.3,6.41784e+06
237.4,6.41779e+06
237.5,6.41774e+06
237.6,6.41769e+06
237.7,6.41764e+06
237.8,6.41759e+06
237.9,6.41754e+06
238,6.4175e+06
238.1,6.41745e+06
238.2,6.4174e+06
238.3,6.41735e+06
238.4,6.4173e+06
238.5,6.41725e+06
238.6,6.4172e+06
238.7,6.41715e+06
238.8,6.4171e+06
238.9,6.41705e+06
239,6.417e+06
239.1,6.41695e+06
239.2,6.4169e+06
239.3,6.41685e+06
239.4,6.4168e+06
239.5,6.41675e+06
239.6,6.4167e+06
239.7,6.41665e+06
239.8,6.4166e+06
239.9,6.41655e+06
240,6.4165e+06
240.1,6.41645e+06
240.2,6.4164e+06
240.3,6.41634e+06
240.4,6.41629e+06
240.5,6.41624e+06
240.6,6.41619e+06
240.7,6.41614e+06
240.8,6.41609e+06
240.9,6.41604e+06
241,6.41598e+06
241.1,6.41593e+06
241.2,6.41588e+06
241.3,6.41583e+06
241.4,6.41578e+06
241.5,6.41572e+06
241.6,6.41567e+06
241.7,6.41562e+06
241.8,6.41557e+06
241.9,6.41552e+06
242,6.41546e+06
242.1,6.41541e+06
242.2,6.41536e+06
242.3,6.4153e+06
242.4,6.41525e+06
242.5,6.4152e+06
242.6,6.41514e+06
242.7,6.41509e+06
242.8,6.41504e+06
242.9,6.41498e+06
243,6.41493e+06
243.1,6.41488e+06
243.2,6.41482e+06
243.3,6.41477e+06
243.4,6.41471e+06
243.5,6.41466e+06
243.6,6.41461e+06
243.7,6.41455e+06
243.8,6.4145e+06
243.9,6.41444e+06
244,6.41439e+06
244.1,6.41433e+06
244.2,6.41428e+06
244.3,6.41422e+06
244.4,6.41417e+06
244.5,6.41411e+06
244.6,6.41406e+06
244.7,6.414e+06
244.8,6.41395e+06
244.9,6.41389e+06
245,6.41384e+06
245.1,6.41378e+06
245.2,6.41373e+06
245.3,6.41367e+06
245.4,6.41361e+06
245.5,6.41356e+06
245.6,6.4135e+06
245.7,6.41345e+06
245.8,6.41339e+06
245.9,6.41333e+06
246,6.41328e+06
246.1,6.41322e+06
246.2,6.41316e+06
246.3,6.41311e+06
246.4,6.41305e+06
246.5,6.41299e+06
246.6,6.41294e+06
246.7,6.41288e+06
246.8,6.41282e+06
246.9,6.41276e+06
247,6.41271e+06
247.1,6.41265e+06
247.2,6.41259e+06
247.3,6.41253e+06
247.4,6.41248e+06
247.5,6.41242e+06
247.6,6.41236e+06
247.7,6.4123e+06
247.8,6.41224e+06
247.9,6.41218e+06
248,6.41213e+06
248.1,6.41207e+06
248.2,6.41201e+06
248.3,6.41195e+06
248.4,6.41189e+06
248.5,6.41183e+06
248.6,6.41177e+06
248.7,6.41172e+06
248.8,6.41166e+06
248.9,6.4116e+06
249,6.41154e+06
249.1,6.41148e+06
249.2,6.41142e+06
249.3,6.41136e+06
249.4,6.4113e+06
249.5,6.41124e+06
249.6,6.41118e+06
249.7,6.41112e+06
249.8,6.41106e+06
249.9,6.411e+06
250,6.41094e+06
250.1,6.41088e+06
250.2,6.41082e+06
250.3,6.41076e+06
250.4,6.4107e+06
250.5,6.41064e+06
250.6,6.41057e+06
250.7,6.41051e+06
250.8,6.41045e+06
250.9,6.41039e+06
251,6.41033e+06
251.1,6.41027e+06
251.2,6.41021e+06
251.3,6.41015e+06
251.4,6.41008e+06
251.5,6.41002e+06
251.6,6.40996e+06
251.7,6.4099e+06
251.8,6.40984e+06
251.9,6.40977e+06
252,6.40971e+06
252.1,6.40965e+06
252.2,6.40959e+06
252.3,6.40952e+06
252.4,6.40946e+06
252.5,6.4094e+06
252.6,6.40934e+06
252.7,6.40927e+06
252.8,6.40921e+06
252.9,6.40915e+06
253,6.40908e+06
253.1,6.40902e+06
253.2,6.40896e+06
253.3,6.40889e+06
253.4,6.40883e+06
253.5,6.40877e+06
253.6,6.4087e+06
253.7,6.40864e+06
253.8,6.40858e+06
253.9,6.40851e+06
254,6.40845e+06
254.1,6.40838e+06
254.2,6.40832e+06
254.3,6.40826e+06
254.4,6.40819e+06
254.5,6.40813e+06
254.6,6.40806e+06
254.7,6.408e+06
254.8,6.40793e+06
254.9,6.40787e+06
255,6.4078e+06
255.1,6.40774e+06
255.2,6.40767e+06
255.3,6.40761e+06
255.4,6.40754e+06
255.5,6.40747e+06
255.6,6.40741e+06
255.7,6.40734e+06
255.8,6.40728e+06
255.9,6.40721e+06
256,6.40715e+06
256.1,6.40708e+06
256.2,6.40701e+06
256.3,6.40695e+06
256.4,6.40688e+06
256.5,6.40681e+06
256.6,6.40675e+06
256.7,6.40668e+06
256.8,6.40661e+06
256.9,6.40655e+06
257,6.40648e+06
257.1,6.40641e+06
257.2,6.40635e+06
257.3,6.40628e+06
257.4,6.40621e+06
257.5,6.40614e+06
257.6,6.40608e+06
257.7,6.40601e+06
257.8,6.40594e+06
257.9,6.40587e+06
258,6.4058e+06
258.1,6.40574e+06
258.2,6.40567e+06
258.3,6.4056e+06
258.4,6.40553e+06
258.5,6.40546e+06
258.6,6.4054e+06
258.7,6.40533e+06
258.8,6.40526e+06
258.9,6.40519e+06
259,6.40512e+06
259.1,6.40505e+06
259.2,6.40498e+06
259.3,6.40491e+06
259.4,6.40484e+06
259.5,6.40477e+06
259.6,6.4047e+06
259.7,6.40464e+06
259.8,6.40457e+06
259.9,6.4045e+06
260,6.40443e+06
260.1,6.40436e+06
260.2,6.40429e+06
260.3,6.40422e+06
260.4,6.40415e+06
260.5,6.40408e+06
260.6,6.40401e+06
260.7,6.40394e+06
260.8,6.40386e+06
260.9,6.40379e+06
261,6.40372e+06
261.1,6.40365e+06
261.2,6.40358e+06
261.3,6.40351e+06
261.4,6.40344e+06
261.5,6.40337e+06
261.6,6.4033e+06
261.7,6.40322e+06
261.8,6.40315e+06
261.9,6.40308e+06
262,6.40301e+06
262.1,6.40294e+06
262.2,6.40287e+06
262.3,6.40279e+06
262.4,6.40272e+06
262.5,6.40265e+06
262.6,6.40258e+06
262.7,6.4025e+06
262.8,6.40243e+06
262.9,6.40236e+06
263,6.40229e+06
263.1,6.40221e+06
263.2,6.40214e+06
263.3,6.40207e+06
263.4,6.402e+06
263.5,6.40192e+06
263.6,6.40185e+06
263.7,6.40178e+06
263.8,6.4017e+06
263.9,6.40163e+06
264,6.40156e+06
264.1,6.40148e+06
264.2,6.40141e+06
264.3,6.40133e+06
264.4,6.40126e+06
264.5,6.40119e+06
264.6,6.40111e+06
264.7,6.40104e+06
264.8,6.40096e+06
264.9,6.40089e+06
265,6.40081e+06
265.1,6.40074e+06
265.2,6.40066e+06
265.3,6.40059e+06
265.4,6.40051e+06
265.5,6.40044e+06
265.6,6.40036e+06
265.7,6.40029e+06
265.8,6.40021e+06
265.9,6.40014e+06
266,6.40006e+06
266.1,6.39999e+06
266.2,6.39991e+06
266.3,6.39984e+06
266.4,6.39976e+06
266.5,6.39968e+06
266.6,6.39961e+06
266.7,6.39953e+06
266.8,6.39945e+06
266.9,6.39938e+06
267,6.3993e+06
267.1,6.39922e+06
267.2,6.39915e+06
267.3,6.39907e+06
267.4,6.39899e+06
267.5,6.39892e+06
267.6,6.39884e+06
267.7,6.39876e+06
267.8,6.39869e+06
267.9,6.39861e+06
268,6.39853e+06
268.1,6.39845e+06
268.2,6.39838e+06
268.3,6.3983e+06
268.4,6.39822e+06
268.5,6.39814e+06
268.6,6.39806e+06
268.7,6.39799e+06
268.8,6.39791e+06
268.9,6.39783e+06
269,6.39775e+06
269.1,6.39767e+06
269.2,6.3976e+06
269.3,6.39752e+06
269.4,6.39744e+06
269.5,6.39736e+06
269.6,6.39728e+06
269.7,6.3972e+06
269.8,6.39712e+06
269.9,6.39704e+06
270,6.39696e+06
270.1,6.39688e+06
270.2,6.3968e+06
270.3,6.39672e+06
270.4,6.39664e+06
270.5,6.39656e+06
270.6,6.39648e+06
270.7,6.3964e+06
270.8,6.39632e+06
270.9,6.39624e+06
271,6.39616e+06
271.1,6.39608e+06
271.2,6.396e+06
271.3,6.39592e+06
271.4,6.39584e+06
271.5,6.39576e+06
271.6,6.39568e+06
271.7,6.3956e+06
271.8,6.39552e+06
271.9,6.39544e+06
272,6.39536e+06
272.1,6.39528e+06
272.2,6.39519e+06
272.3,6.39511e+06
272.4,6.39503e+06
272.5,6.39495e+06
272.6,6.39487e+06
272.7,6.39478e+06
272.8,6.3947e+06
272.9,6.39462e+06
273,6.39454e+06
273.1,6.39446e+06
273.2,6.39437e+06
273.3,6.39429e+06
273.4,6.39421e+06
273.5,6.39413e+06
273.6,6.39404e+06
273.7,6.39396e+06
273.8,6.39388e+06
273.9,6.3938e+06
274,6.39371e+06
274.1,6.39363e+06
274.2,6.39355e+06
274.3,6.39346e+06
274.4,6.39338e+06
274.5,6.3933e+06
274.6,6.39321e+06
274.7,6.39313e+06
274.8,6.39304e+06
274.9,6.39296e+06
275,6.39288e+06
275.1,6.39279e+06
275.2,6.39271e+06
275.3,6.39262e+06
275.4,6.39254e+06
275.5,6.39245e+06
275.6,6.39237e+06
275.7,6.39228e+06
275.8,6.3922e+06
275.9,6.39211e+06
276,6.39203e+06
276.1,6.39194e+06
276.2,6.39186e+06
276.3,6.39177e+06
276.4,6.39169e+06
276.5,6.3916e+06
276.6,6.39152e+06
276.7,6.39143e+06
276.8,6.39135e+06
276.9,6.39126e+06
277,6.39117e+06
277.1,6.39109e+06
277.2,6.391e+06
277.3,6.39092e+06
277.4,6.39083e+06
277.5,6.39074e+06
277.6,6.39066e+06
277.7,6.39057e+06
277.8,6.39048e+06
277.9,6.3904e+06
278,6.39031e+06
278.1,6.39022e+06
278.2,6.39014e+06
278.3,6.39005e+06
278.4,6.38996e+06
278.5,6.38987e+06
278.6,6.38979e+06
278.7,6.3897e+06
278.8,6.38961e+06
278.9,6.38952e+06
279,6.38943e+06
279.1,6.38935e+06
279.2,6.38926e+06
279.3,6.38917e+06
279.4,6.38908e+06
279.5,6.38899e+06
279.6,6.38891e+06
279.7,6.38882e+06
279.8,6.38873e+06
279.9,6.38864e+06
280,6.38855e+06
280.1,6.38846e+06
280.2,6.38837e+06
280.3,6.38828e+06
280.4,6.3882e+06
280.5,6.38811e+06
280.6,6.38802e+06
280.7,6.38793e+06
280.8,6.38784e+06
280.9,6.38775e+06
281,6.38766e+06
281.1,6.38757e+06
281.2,6.38748e+06
281.3,6.38739e+06
281.4,6.3873e+06
281.5,6.38721e+06
281.6,6.38712e+06
281.7,6.38703e+06
281.8,6.38694e+06
281.9,6.38685e+06
282,6.38676e+06
282.1,6.38666e+06
282.2,6.38657e+06
282.3,6.38648e+06
282.4,6.38639e+06
282.5,6.3863e+06
282.6,6.38621e+06
282.7,6.38612e+06
282.8,6.38603e+06
282.9,6.38593e+06
283,6.38584e+06
283.1,6.38575e+06
283.2,6.38566e+06
283.3,6.38557e+06
283.4,6.38548e+06
283.5,6.38538e+06
283.6,6.38529e+06
283.7,6.3852e+06
283.8,6.38511e+06
283.9,6.38501e+06
284,6.38492e+06
284.1,6.38483e+06
284.2,6.38474e+06
284.3,6.38464e+06
284.4,6.38455e+06
284.5,6.38446e+06
284.6,6.38436e+06
284.7,6.38427e+06
284.8,6.38418e+06
284.9,6.38408e+06
285,6.38399e+06
285.1,6.3839e+06
285.2,6.3838e+06
285.3,6.38371e+06
285.4,6.38361e+06
285.5,6.38352e+06
285.6,6.38343e+06
285.7,6.38333e+06
285.8,6.38324e+06
285.9,6.38314e+06
286,6.38305e+06
286.1,6.38295e+06
286.2,6.38286e+06
286.3,6.38276e+06
286.4,6.38267e+06
286.5,6.38258e+06
286.6,6.38248e+06
286.7,6.38238e+06
286.8,6.38229e+06
286.9,6.38219e+06
287,6.3821e+06
287.1,6.382e+06
287.2,6.38191e+06
287.3,6.38181e+06
287.4,6.38172e+06
287.5,6.38162e+06
287.6,6.38152e+06
287.7,6.38143e+06
287.8,6.38133e+06
287.9,6.38124e+06
288,6.38114e+06
288.1,6.38104e+06
288.2,6.38095e+06
288.3,6.38085e+06
288.4,6.38075e+06
288.5,6.38066e+06
288.6,6.38056e+06
288.7,6.38046e+06
288.8,6.38037e+06
288.9,6.38027e+06
289,6.38017e+06
289.1,6.38007e+06
289.2,6.37998e+06
289.3,6.37988e+06
289.4,6.37978e+06
289.5,6.37968e+06
289.6,6.37958e+06
289.7,6.37949e+06
289.8,6.37939e+06
289.9,6.37929e+06
290,6.37919e+06
290.1,6.37909e+06
290.2,6.379e+06
290.3,6.3789e+06
290.4,6.3788e+06
290.5,6.3787e+06
290.6,6.3786e+06
290.7,6.3785e+06
290.8,6.3784e+06
290.9,6.3783e+06
291,6.3782e+06
291.1,6.37811e+06
291.2,6.37801e+06
291.3,6.37791e+06
291.4,6.37781e+06
291.5,6.37771e+06
291.6,6.37761e+06
291.7,6.37751e+06
291.8,6.37741e+06
291.9,6.37731e+06
292,6.37721e+06
292.1,6.37711e+06
292.2,6.37701e+06
292.3,6.37691e+06
292.4,6.37681e+06
292.5,6.37671e+06
292.6,6.3766e+06
292.7,6.3765e+06
292.8,6.3764e+06
292.9,6.3763e+06
293,6.3762e+06
293.1,6.3761e+06
293.2,6.376e+06
293.3,6.3759e+06
293.4,6.3758e+06
293.5,6.37569e+06
293.6,6.37559e+06
293.7,6.37549e+06
293.8,6.37539e+06
293.9,6.37529e+06
294,6.37518e+06
294.1,6.37508e+06
294.2,6.37498e+06
294.3,6.37488e+06
294.4,6.37478e+06
294.5,6.37467e+06
294.6,6.37457e+06
294.7,6.37447e+06
294.8,6.37437e+06
294.9,6.37426e+06
295,6.37416e+06
295.1,6.37406e+06
295.2,6.37395e+06
295.3,6.37385e+06
295.4,6.37375e+06
295.5,6.37364e+06
295.6,6.37354e+06
295.7,6.37344e+06
295.8,6.37333e+06
295.9,6.37323e+06
296,6.37312e+06
296.1,6.37302e+06
296.2,6.37292e+06
296.3,6.37281e+06
296.4,6.37271e+06
296.5,6.3726e+06
296.6,6.3725e+06
296.7,6.37239e+06
296.8,6.37229e+06
296.9,6.37218e+06
297,6.37208e+06
297.1,6.37198e+06
297.2,6.37187e+06
297.3,6.37176e+06
297.4,6.37166e+06
297.5,6.37155e+06
297.6,6.37145e+06
297.7,6.37134e+06
297.8,6.37124e+06
297.9,6.37113e+06
298,6.37103e+06
298.1,6.37092e+06
298.2,6.37081e+06
298.3,6.37071e+06
298.4,6.3706e+06
298.5,6.3705e+06
298.6,6.37039e+06
298.7,6.37028e+06
298.8,6.37018e+06
298.9,6.37007e+06
299,6.36996e+06
299.1,6.36986e+06
299.2,6.36975e+06
299.3,6.36964e+06
299.4,6.36954e+06
299.5,6.36943e+06
299.6,6.36932e+06
299.7,6.36921e+06
299.8,6.36911e+06
299.9,6.369e+06
300,6.36889e+06
300.1,6.36878e+06
300.2,6.36868e+06
300.3,6.36857e+06
300.4,6.36846e+06
300.5,6.36835e+06
300.6,6.36824e+06
300.7,6.36813e+06
300.8,6.36803e+06
300.9,6.36792e+06
301,6.36781e+06
301.1,6.3677e+06
301.2,6.36759e+06
301.3,6.36748e+06
301.4,6.36737e+06
301.5,6.36726e+06
301.6,6.36716e+06
301.7,6.36705e+06
301.8,6.36694e+06
301.9,6.36683e+06
302,6.36672e+06
302.1,6.36661e+06
302.2,6.3665e+06
302.3,6.36639e+06
302.4,6.36628e+06
302.5,6.36617e+06
302.6,6.36606e+06
302.7,6.36595e+06
302.8,6.36584e+06
302.9,6.36573e+06
303,6.36562e+06
303.1,6.36551e+06
303.2,6.3654e+06
303.3,6.36528e+06
303.4,6.36517e+06
303.5,6.36506e+06
303.6,6.36495e+06
303.7,6.36484e+06
303.8,6.36473e+06
303.9,6.36462e+06
304,6.36451e+06
304.1,6.3644e+06
304.2,6.36428e+06
304.3,6.36417e+06
304.4,6.36406e+06
304.5,6.36395e+06
304.6,6.36384e+06
304.7,6.36372e+06
304.8,6.36361e+06
304.9,6.3635e+06
305,6.36339e+06
305.1,6.36327e+06
305.2,6.36316e+06
305.3,6.36305e+06
305.4,6.36294e+06
305.5,6.36282e+06
305.6,6.36271e+06
305.7,6.3626e+06
305.8,6.36248e+06
305.9,6.36237e+06
306,6.36226e+06
306.1,6.36214e+06
306.2,6.36203e+06
306.3,6.36192e+06
306.4,6.3618e+06
306.5,6.36169e+06
306.6,6.36158e+06
306.7,6.36146e+06
306.8,6.36135e+06
306.9,6.36123e+06
307,6.36112e+06
307.1,6.361e+06
307.2,6.36089e+06
307.3,6.36078e+06
307.4,6.36066e+06
307.5,6.36055e+06
307.6,6.36043e+06
307.7,6.36032e+06
307.8,6.3602e+06
307.9,6.36009e+06
308,6.35997e+06
308.1,6.35986e+06
308.2,6.35974e+06
308.3,6.35963e+06
308.4,6.35951e+06
308.5,6.35939e+06
308.6,6.35928e+06
308.7,6.35916e+06
308.8,6.35905e+06
308.9,6.35893e+06
309,6.35881e+06
309.1,6.3587e+06
309.2,6.35858e+06
309.3,6.35847e+06
309.4,6.35835e+06
309.5,6.35823e+06
309.6,6.35812e+06
309.7,6.358e+06
309.8,6.35788e+06
309.9,6.35776e+06
310,6.35765e+06
310.1,6.35753e+06
310.2,6.35741e+06
310.3,6.3573e+06
310.4,6.35718e+06
310.5,6.35706e+06
310.6,6.35694e+06
310.7,6.35683e+06
310.8,6.35671e+06
310.9,6.35659e+06
311,6.35647e+06
311.1,6.35635e+06
311.2,6.35624e+06
311.3,6.35612e+06
311.4,6.356e+06
311.5,6.35588e+06
311.6,6.35576e+06
311.7,6.35564e+06
311.8,6.35552e+06
311.9,6.35541e+06
312,6.35529e+06
312.1,6.35517e+06
312.2,6.35505e+06
312.3,6.35493e+06
312.4,6.35481e+06
312.5,6.35469e+06
312.6,6.35457e+06
312.7,6.35445e+06
312.8,6.35433e+06
312.9,6.35421e+06
313,6.35409e+06
313.1,6.35397e+06
313.2,6.35385e+06
313.3,6.35373e+06
313.4,6.35361e+06
313.5,6.35349e+06
313.6,6.35337e+06
313.7,6.35325e+06
313.8,6.35313e+06
313.9,6.35301e+06
314,6.35289e+06
314.1,6.35277e+06
314.2,6.35265e+06
314.3,6.35252e+06
314.4,6.3524e+06
314.5,6.35228e+06
314.6,6.35216e+06
314.7,6.35204e+06
314.8,6.35192e+06
314.9,6.3518e+06
315,6.35167e+06
315.1,6.35155e+06
315.2,6.35143e+06
315.3,6.35131e+06
315.4,6.35119e+06
315.5,6.35106e+06
315.6,6.35094e+06
315.7,6.35082e+06
315.8,6.3507e+06
315.9,6.35057e+06
316,6.35045e+06
316.1,6.35033e+06
316.2,6.35021e+06
316.3,6.35008e+06
316.4,6.34996e+06
316.5,6.34984e+06
316.6,6.34971e+06
316.7,6.34959e+06
316.8,6.34947e+06
316.9,6.34934e+06
317,6.34922e+06
317.1,6.3491e+06
317.2,6.34897e+06
317.3,6.34885e+06
317.4,6.34872e+06
317.5,6.3486e+06
317.6,6.34848e+06
317.7,6.34835e+06
317.8,6.34823e+06
317.9,6.3481e+06
318,6.34798e+06
318.1,6.34785e+06
318.2,6.34773e+06
318.3,6.3476e+06
318.4,6.34748e+06
318.5,6.34735e+06
318.6,6.34723e+06
318.7,6.3471e+06
318.8,6.34698e+06
318.9,6.34685e+06
319,6.34673e+06
319.1,6.3466e+06
319.2,6.34648e+06
319.3,6.34635e+06
319.4,6.34622e+06
319.5,6.3461e+06
319.6,6.34597e+06
319.7,6.34585e+06
319.8,6.34572e+06
319.9,6.34559e+06
320,6.34547e+06
320.1,6.34534e+06
320.2,6.34521e+06
320.3,6.34509e+06
320.4,6.34496e+06
320.5,6.34483e+06
320.6,6.34471e+06
320.7,6.34458e+06
320.8,6.34445e+06
320.9,6.34432e+06
321,6.3442e+06
321.1,6.34407e+06
321.2,6.34394e+06
321.3,6.34382e+06
321.4,6.34369e+06
321.5,6.34356e+06
321.6,6.34343e+06
321.7,6.3433e+06
321.8,6.34318e+06
321.9,6.34305e+06
322,6.34292e+06
322.1,6.34279e+06
322.2,6.34266e+06
322.3,6.34253e+06
322.4,6.3424e+06
322.5,6.34228e+06
322.6,6.34215e+06
322.7,6.34202e+06
322.8,6.34189e+06
322.9,6.34176e+06
323,6.34163e+06
323.1,6.3415e+06
323.2,6.34137e+06
323.3,6.34124e+06
323.4,6.34111e+06
323.5,6.34098e+06
323.6,6.34085e+06
323.7,6.34072e+06
323.8,6.34059e+06
323.9,6.34046e+06
324,6.34033e+06
324.1,6.3402e+06
324.2,6.34007e+06
324.3,6.33994e+06
324.4,6.33981e+06
324.5,6.33968e+06
324.6,6.33955e+06
324.7,6.33942e+06
324.8,6.33929e+06
324.9,6.33916e+06
325,6.33903e+06
325.1,6.3389e+06
325.2,6.33876e+06
325.3,6.33863e+06
325.4,6.3385e+06
325.5,6.33837e+06
325.6,6.33824e+06
325.7,6.33811e+06
325.8,6.33797e+06
325.9,6.33784e+06
326,6.33771e+06
326.1,6.33758e+06
326.2,6.33745e+06
326.3,6.33731e+06
326.4,6.33718e+06
326.5,6.33705e+06
326.6,6.33692e+06
326.7,6.33678e+06
326.8,6.33665e+06
326.9,6.33652e+06
327,6.33638e+06
327.1,6.33625e+06
327.2,6.33612e+06
327.3,6.33598e+06
327.4,6.33585e+06
327.5,6.33572e+06
327.6,6.33558e+06
327.7,6.33545e+06
327.8,6.33532e+06
327.9,6.33518e+06
328,6.33505e+06
328.1,6.33492e+06
328.2,6.33478e+06
328.3,6.33465e+06
328.4,6.33451e+06
328.5,6.33438e+06
328.6,6.33424e+06
328.7,6.33411e+06
328.8,6.33398e+06
328.9,6.33384e+06
329,6.33371e+06
329.1,6.33357e+06
329.2,6.33344e+06
329.3,6.3333e+06
329.4,6.33317e+06
329.5,6.33303e+06
329.6,6.33289e+06
329.7,6.33276e+06
329.8,6.33262e+06
329.9,6.33249e+06
330,6.33235e+06
330.1,6.33222e+06
330.2,6.33208e+06
330.3,6.33194e+06
330.4,6.33181e+06
330.5,6.33167e+06
330.6,6.33154e+06
330.7,6.3314e+06
330.8,6.33126e+06
330.9,6.33113e+06
331,6.33099e+06
331.1,6.33085e+06
331.2,6.33072e+06
331.3,6.33058e+06
331.4,6.33044e+06
331.5,6.3303e+06
331.6,6.33017e+06
331.7,6.33003e+06
331.8,6.32989e+06
331.9,6.32975e+06
332,6.32962e+06
332.1,6.32948e+06
332.2,6.32934e+06
332.3,6.3292e+06
332.4,6.32907e+06
332.5,6.32893e+06
332.6,6.32879e+06
332.7,6.32865e+06
332.8,6.32851e+06
332.9,6.32837e+06
333,6.32824e+06
333.1,6.3281e+06
333.2,6.32796e+06
333.3,6.32782e+06
333.4,6.32768e+06
333.5,6.32754e+06
333.6,6.3274e+06
333.7,6.32726e+06
333.8,6.32712e+06
333.9,6.32698e+06
334,6.32684e+06
334.1,6.3267e+06
334.2,6.32657e+06
334.3,6.32643e+06
334.4,6.32629e+06
334.5,6.32615e+06
334.6,6.32601e+06
334.7,6.32587e+06
334.8,6.32573e+06
334.9,6.32558e+06
335,6.32544e+06
335.1,6.3253e+06
335.2,6.32516e+06
335.3,6.32502e+06
335.4,6.32488e+06
335.5,6.32474e+06
335.6,6.3246e+06
335.7,6.32446e+06
335.8,6.32432e+06
335.9,6.32418e+06
336,6.32404e+06
336.1,6.32389e+06
336.2,6.32375e+06
336.3,6.32361e+06
336.4,6.32347e+06
336.5,6.32333e+06
336.6,6.32318e+06
336.7,6.32304e+06
336.8,6.3229e+06
336.9,6.32276e+06
337,6.32262e+06
337.1,6.32247e+06
337.2,6.32233e+06
337.3,6.32219e+06
337.4,6.32205e+06
337.5,6.3219e+06
337.6,6.32176e+06
337.7,6.32162e+06
337.8,6.32148e+06
337.9,6.32133e+06
338,6.32119e+06
338.1,6.32105e+06
338.2,6.3209e+06
338.3,6.32076e+06
338.4,6.32062e+06
338.5,6.32047e+06
338.6,6.32033e+06
338.7,6.32018e+06
338.8,6.32004e+06
338.9,6.3199e+06
339,6.31975e+06
339.1,6.31961e+06
339.2,6.31946e+06
339.3,6.31932e+06
339.4,6.31917e+06
339.5,6.31903e+06
339.6,6.31888e+06
339.7,6.31874e+06
339.8,6.3186e+06
339.9,6.31845e+06
340,6.3183e+06
340.1,6.31816e+06
340.2,6.31801e+06
340.3,6.31787e+06
340.4,6.31772e+06
340.5,6.31758e+06
340.6,6.31743e+06
340.7,6.31729e+06
340.8,6.31714e+06
340.9,6.317e+06
341,6.31685e+06
341.1,6.3167e+06
341.2,6.31656e+06
341.3,6.31641e+06
341.4,6.31626e+06
341.5,6.31612e+06
341.6,6.31597e+06
341.7,6.31582e+06
341.8,6.31568e+06
341.9,6.31553e+06
342,6.31538e+06
342.1,6.31524e+06
342.2,6.31509e+06
342.3,6.31494e+06
342.4,6.3148e+06
342.5,6.31465e+06
342.6,6.3145e+06
342.7,6.31435e+06
342.8,6.31421e+06
342.9,6.31406e+06
343,6.31391e+06
343.1,6.31376e+06
343.2,6.31361e+06
343.3,6.31347e+06
343.4,6.31332e+06
343.5,6.31317e+06
343.6,6.31302e+06
343.7,6.31287e+06
343.8,6.31272e+06
343.9,6.31258e+06
344,6.31243e+06
344.1,6.31228e+06
344.2,6.31213e+06
344.3,6.31198e+06
344.4,6.31183e+06
344.5,6.31168e+06
344.6,6.31153e+06
344.7,6.31138e+06
344.8,6.31123e+06
344.9,6.31108e+06
345,6.31093e+06
345.1,6.31078e+06
345.2,6.31063e+06
345.3,6.31048e+06
345.4,6.31033e+06
345.5,6.31018e+06
345.6,6.31003e+06
345.7,6.30988e+06
345.8,6.30973e+06
345.9,6.30958e+06
346,6.30943e+06
346.1,6.30928e+06
346.2,6.30913e+06
346.3,6.30898e+06
346.4,6.30883e+06
346.5,6.30868e+06
346.6,6.30853e+06
346.7,6.30837e+06
346.8,6.30822e+06
346.9,6.30807e+06
347,6.30792e+06
347.1,6.30777e+06
347.2,6.30762e+06
347.3,6.30746e+06
347.4,6.30731e+06
347.5,6.30716e+06
347.6,6.30701e+06
347.7,6.30686e+06
347.8,6.3067e+06
347.9,6.30655e+06
348,6.3064e+06
348.1,6.30625e+06
348.2,6.30609e+06
348.3,6.30594e+06
348.4,6.30579e+06
348.5,6.30564e+06
348.6,6.30548e+06
348.7,6.30533e+06
348.8,6.30518e+06
348.9,6.30502e+06
349,6.30487e+06
349.1,6.30472e+06
349.2,6.30456e+06
349.3,6.30441e+06
349.4,6.30425e+06
349.5,6.3041e+06
349.6,6.30395e+06
349.7,6.30379e+06
349.8,6.30364e+06
349.9,6.30348e+06
350,6.30333e+06
350.1,6.30318e+06
350.2,6.30302e+06
350.3,6.30287e+06
350.4,6.30271e+06
350.5,6.30256e+06
350.6,6.3024e+06
350.7,6.30225e+06
350.8,6.30209e+06
350.9,6.30194e+06
351,6.30178e+06
351.1,6.30163e+06
351.2,6.30147e+06
351.3,6.30132e+06
351.4,6.30116e+06
351.5,6.301e+06
351.6,6.30085e+06
351.7,6.30069e+06
351.8,6.30054e+06
351.9,6.30038e+06
352,6.30022e+06
352.1,6.30007e+06
352.2,6.29991e+06
352.3,6.29975e+06
352.4,6.2996e+06
352.5,6.29944e+06
352.6,6.29928e+06
352.7,6.29913e+06
352.8,6.29897e+06
352.9,6.29881e+06
353,6.29866e+06
353.1,6.2985e+06
353.2,6.29834e+06
353.3,6.29818e+06
353.4,6.29803e+06
353.5,6.29787e+06
353.6,6.29771e+06
353.7,6.29755e+06
353.8,6.2974e+06
353.9,6.29724e+06
354,6.29708e+06
354.1,6.29692e+06
354.2,6.29676e+06
354.3,6.29661e+06
354.4,6.29645e+06
354.5,6.29629e+06
354.6,6.29613e+06
354.7,6.29597e+06
354.8,6.29581e+06
354.9,6.29565e+06
355,6.2955e+06
355.1,6.29534e+06
355.2,6.29518e+06
355.3,6.29502e+06
355.4,6.29486e+06
355.5,6.2947e+06
355.6,6.29454e+06
355.7,6.29438e+06
355.8,6.29422e+06
355.9,6.29406e+06
356,6.2939e+06
356.1,6.29374e+06
356.2,6.29358e+06
356.3,6.29342e+06
356.4,6.29326e+06
356.5,6.2931e+06
356.6,6.29294e+06
356.7,6.29278e+06
356.8,6.29262e+06
356.9,6.29246e+06
357,6.2923e+06
357.1,6.29214e+06
357.2,6.29197e+06
357.3,6.29181e+06
357.4,6.29165e+06
357.5,6.29149e+06
357.6,6.29133e+06
357.7,6.29117e+06
357.8,6.29101e+06
357.9,6.29084e+06
358,6.29068e+06
358.1,6.29052e+06
358.2,6.29036e+06
358.3,6.2902e+06
358.4,6.29004e+06
358.5,6.28987e+06
358.6,6.28971e+06
358.7,6.28955e+06
358.8,6.28939e+06
358.9,6.28922e+06
359,6.28906e+06
359.1,6.2889e+06
359.2,6.28874e+06
359.3,6.28857e+06
359.4,6.28841e+06
359.5,6.28825e+06
359.6,6.28808e+06
359.7,6.28792e+06
359.8,6.28776e+06
359.9,6.28759e+06
360,6.28743e+06
360.1,6.28727e+06
360.2,6.2871e+06
360.3,6.28694e+06
360.4,6.28677e+06
360.5,6.28661e+06
360.6,6.28645e+06
360.7,6.28628e+06
360.8,6.28612e+06
360.9,6.28595e+06
361,6.28579e+06
361.1,6.28562e+06
361.2,6.28546e+06
361.3,6.28529e+06
361.4,6.28513e+06
361.5,6.28496e+06
361.6,6.2848e+06
361.7,6.28463e+06
361.8,6.28447e+06
361.9,6.2843e+06
362,6.28414e+06
362.1,6.28397e+06
362.2,6.28381e+06
362.3,6.28364e+06
362.4,6.28348e+06
362.5,6.28331e+06
362.6,6.28314e+06
362.7,6.28298e+06
362.8,6.28281e+06
362.9,6.28265e+06
363,6.28248e+06
363.1,6.28231e+06
363.2,6.28215e+06
363.3,6.28198e+06
363.4,6.28181e+06
363.5,6.28165e+06
363.6,6.28148e+06
363.7,6.28131e+06
363.8,6.28115e+06
363.9,6.28098e+06
364,6.28081e+06
364.1,6.28064e+06
364.2,6.28048e+06
364.3,6.28031e+06
364.4,6.28014e+06
364.5,6.27997e+06
364.6,6.27981e+06
364.7,6.27964e+06
364.8,6.27947e+06
364.9,6.2793e+06
365,6.27913e+06
365.1,6.27896e+06
365.2,6.2788e+06
365.3,6.27863e+06
365.4,6.27846e+06
365.5,6.27829e+06
365.6,6.27812e+06
365.7,6.27795e+06
365.8,6.27778e+06
365.9,6.27762e+06
366,6.27745e+06
366.1,6.27728e+06
366.2,6.27711e+06
366.3,6.27694e+06
366.4,6.27677e+06
366.5,6.2766e+06
366.6,6.27643e+06
366.7,6.27626e+06
366.8,6.27609e+06
366.9,6.27592e+06
367,6.27575e+06
367.1,6.27558e+06
367.2,6.27541e+06
367.3,6.27524e+06
367.4,6.27507e+06
367.5,6.2749e+06
367.6,6.27473e+06
367.7,6.27456e+06
367.8,6.27439e+06
367.9,6.27422e+06
368,6.27404e+06
368.1,6.27387e+06
368.2,6.2737e+06
368.3,6.27353e+06
368.4,6.27336e+06
368.5,6.27319e+06
368.6,6.27302e+06
368.7,6.27285e+06
368.8,6.27267e+06
368.9,6.2725e+06
369,6.27233e+06
369.1,6.27216e+06
369.2,6.27199e+06
369.3,6.27181e+06
369.4,6.27164e+06
369.5,6.27147e+06
369.6,6.2713e+06
369.7,6.27112e+06
369.8,6.27095e+06
369.9,6.27078e+06
370,6.27061e+06
370.1,6.27043e+06
370.2,6.27026e+06
370.3,6.27009e+06
370.4,6.26992e+06
370.5,6.26974e+06
370.6,6.26957e+06
370.7,6.2694e+06
370.8,6.26922e+06
370.9,6.26905e+06
371,6.26887e+06
371.1,6.2687e+06
371.2,6.26853e+06
371.3,6.26835e+06
371.4,6.26818e+06
371.5,6.268e+06
371.6,6.26783e+06
371.7,6.26766e+06
371.8,6.26748e+06
371.9,6.26731e+06
372,6.26713e+06
372.1,6.26696e+06
372.2,6.26678e+06
372.3,6.26661e+06
372.4,6.26643e+06
372.5,6.26626e+06
372.6,6.26608e+06
372.7,6.26591e+06
372.8,6.26573e+06
372.9,6.26556e+06
373,6.26538e+06
373.1,6.26521e+06
373.2,6.26503e+06
373.3,6.26485e+06
373.4,6.26468e+06
373.5,6.2645e+06
373.6,6.26433e+06
373.7,6.26415e+06
373.8,6.26397e+06
373.9,6.2638e+06
374,6.26362e+06
374.1,6.26344e+06
374.2,6.26327e+06
374.3,6.26309e+06
374.4,6.26291e+06
374.5,6.26274e+06
374.6,6.26256e+06
374.7,6.26238e+06
374.8,6.26221e+06
374.9,6.26203e+06
375,6.26185e+06
375.1,6.26167e+06
375.2,6.2615e+06
375.3,6.26132e+06
375.4,6.26114e+06
375.5,6.26096e+06
375.6,6.26079e+06
375.7,6.26061e+06
375.8,6.26043e+06
375.9,6.26025e+06
376,6.26007e+06
376.1,6.25989e+06
376.2,6.25972e+06
376.3,6.25954e+06
376.4,6.25936e+06
376.5,6.25918e+06
376.6,6.259e+06
376.7,6.25882e+06
376.8,6.25864e+06
376.9,6.25846e+06
377,6.25829e+06
377.1,6.25811e+06
377.2,6.25793e+06
377.3,6.25775e+06
377.4,6.25757e+06
377.5,6.25739e+06
377.6,6.25721e+06
377.7,6.25703e+06
377.8,6.25685e+06
377.9,6.25667e+06
378,6.25649e+06
378.1,6.25631e+06
378.2,6.25613e+06
378.3,6.25595e+06
378.4,6.25577e+06
378.5,6.25559e+06
378.6,6.25541e+06
378.7,6.25523e+06
378.8,6.25504e+06
378.9,6.25486e+06
379,6.25468e+06
379.1,6.2545e+06
379.2,6.25432e+06
379.3,6.25414e+06
379.4,6.25396e+06
379.5,6.25378e+06
379.6,6.25359e+06
379.7,6.25341e+06
379.8,6.25323e+06
379.9,6.25305e+06
380,6.25287e+06
380.1,6.25269e+06
380.2,6.2525e+06
380.3,6.25232e+06
380.4,6.25214e+06
380.5,6.25196e+06
380.6,6.25177e+06
380.7,6.25159e+06
380.8,6.25141e+06
380.9,6.25123e+06
381,6.25104e+06
381.1,6.25086e+06
381.2,6.25068e+06
381.3,6.25049e+06
381.4,6.25031e+06
381.5,6.25013e+06
381.6,6.24994e+06
381.7,6.24976e+06
381.8,6.24958e+06
381.9,6.24939e+06
382,6.24921e+06
382.1,6.24903e+06
382.2,6.24884e+06
382.3,6.24866e+06
382.4,6.24847e+06
382.5,6.24829e+06
382.6,6.2481e+06
382.7,6.24792e+06
382.8,6.24774e+06
382.9,6.24755e+06
383,6.24737e+06
383.1,6.24718e+06
383.2,6.247e+06
383.3,6.24681e+06
383.4,6.24663e+06
383.5,6.24644e+06
383.6,6.24626e+06
383.7,6.24607e+06
383.8,6.24589e+06
383.9,6.2457e+06
384,6.24552e+06
384.1,6.24533e+06
384.2,6.24514e+06
384.3,6.24496e+06
384.4,6.24477e+06
384.5,6.24459e+06
384.6,6.2444e+06
384.7,6.24421e+06
384.8,6.24403e+06
384.9,6.24384e+06
385,6.24365e+06
385.1,6.24347e+06
385.2,6.24328e+06
385.3,6.24309e+06
385.4,6.24291e+06
385.5,6.24272e+06
385.6,6.24253e+06
385.7,6.24235e+06
385.8,6.24216e+06
385.9,6.24197e+06
386,6.24178e+06
386.1,6.2416e+06
386.2,6.24141e+06
386.3,6.24122e+06
386.4,6.24103e+06
386.5,6.24085e+06
386.6,6.24066e+06
386.7,6.24047e+06
386.8,6.24028e+06
386.9,6.24009e+06
387,6.2399e+06
387.1,6.23972e+06
387.2,6.23953e+06
387.3,6.23934e+06
387.4,6.23915e+06
387.5,6.23896e+06
387.6,6.23877e+06
387.7,6.23858e+06
387.8,6.2384e+06
387.9,6.23821e+06
388,6.23802e+06
388.1,6.23783e+06
388.2,6.23764e+06
388.3,6.23745e+06
388.4,6.23726e+06
388.5,6.23707e+06
388.6,6.23688e+06
388.7,6.23669e+06
388.8,6.2365e+06
388.9,6.23631e+06
389,6.23612e+06
389.1,6.23593e+06
389.2,6.23574e+06
389.3,6.23555e+06
389.4,6.23536e+06
389.5,6.23517e+06
389.6,6.23498e+06
389.7,6.23479e+06
389.8,6.2346e+06
389.9,6.2344e+06
390,6.23421e+06
390.1,6.23402e+06
390.2,6.23383e+06
390.3,6.23364e+06
390.4,6.23345e+06
390.5,6.23326e+06
390.6,6.23306e+06
390.7,6.23287e+06
390.8,6.23268e+06
390.9,6.23249e+06
391,6.2323e+06
391.1,6.23211e+06
391.2,6.23191e+06
391.3,6.23172e+06
391.4,6.23153e+06
391.5,6.23134e+06
391.6,6.23114e+06
391.7,6.23095e+06
391.8,6.23076e+06
391.9,6.23057e+06
392,6.23037e+06
392.1,6.23018e+06
392.2,6.22999e+06
392.3,6.22979e+06
392.4,6.2296e+06
392.5,6.22941e+06
392.6,6.22921e+06
392.7,6.22902e+06
392.8,6.22883e+06
392.9,6.22863e+06
393,6.22844e+06
393.1,6.22825e+06
393.2,6.22805e+06
393.3,6.22786e+06
393.4,6.22766e+06
393.5,6.22747e+06
393.6,6.22728e+06
393.7,6.22708e+06
393.8,6.22689e+06
393.9,6.22669e+06
394,6.2265e+06
394.1,6.2263e+06
394.2,6.22611e+06
394.3,6.22591e+06
394.4,6.22572e+06
394.5,6.22552e+06
394.6,6.22533e+06
394.7,6.22513e+06
394.8,6.22494e+06
394.9,6.22474e+06
395,6.22454e+06
395.1,6.22435e+06
395.2,6.22415e+06
395.3,6.22396e+06
395.4,6.22376e+06
395.5,6.22357e+06
395.6,6.22337e+06
395.7,6.22317e+06
395.8,6.22298e+06
395.9,6.22278e+06
396,6.22258e+06
396.1,6.22239e+06
396.2,6.22219e+06
396.3,6.22199e+06
396.4,6.2218e+06
396.5,6.2216e+06
396.6,6.2214e+06
396.7,6.22121e+06
396.8,6.22101e+06
396.9,6.22081e+06
397,6.22061e+06
397.1,6.22042e+06
397.2,6.22022e+06
397.3,6.22002e+06
397.4,6.21982e+06
397.5,6.21963e+06
397.6,6.21943e+06
397.7,6.21923e+06
397.8,6.21903e+06
397.9,6.21883e+06
398,6.21864e+06
398.1,6.21844e+06
398.2,6.21824e+06
398.3,6.21804e+06
398.4,6.21784e+06
398.5,6.21764e+06
398.6,6.21744e+06
398.7,6.21724e+06
398.8,6.21704e+06
398.9,6.21685e+06
399,6.21665e+06
399.1,6.21645e+06
399.2,6.21625e+06
399.3,6.21605e+06
399.4,6.21585e+06
399.5,6.21565e+06
399.6,6.21545e+06
399.7,6.21525e+06
399.8,6.21505e+06
399.9,6.21485e+06
400,6.21465e+06
400.1,6.21445e+06
400.2,6.21425e+06
400.3,6.21405e+06
400.4,6.21385e+06
400.5,6.21365e+06
400.6,6.21345e+06
400.7,6.21325e+06
400.8,6.21304e+06
400.9,6.21284e+06
401,6.21264e+06
401.1,6.21244e+06
401.2,6.21224e+06
401.3,6.21204e+06
401.4,6.21184e+06
401.5,6.21164e+06
401.6,6.21144e+06
401.7,6.21123e+06
401.8,6.21103e+06
401.9,6.21083e+06
402,6.21063e+06
402.1,6.21043e+06
402.2,6.21022e+06
402.3,6.21002e+06
402.4,6.20982e+06
402.5,6.20962e+06
402.6,6.20941e+06
402.7,6.20921e+06
402.8,6.20901e+06
402.9,6.20881e+06
403,6.2086e+06
403.1,6.2084e+06
403.2,6.2082e+06
403.3,6.20799e+06
403.4,6.20779e+06
403.5,6.20759e+06
403.6,6.20738e+06
403.7,6.20718e+06
403.8,6.20698e+06
403.9,6.20677e+06
404,6.20657e+06
404.1,6.20637e+06
404.2,6.20616e+06
404.3,6.20596e+06
404.4,6.20575e+06
404.5,6.20555e+06
404.6,6.20534e+06
404.7,6.20514e+06
404.8,6.20494e+06
404.9,6.20473e+06
405,6.20453e+06
405.1,6.20432e+06
405.2,6.20412e+06
405.3,6.20391e+06
405.4,6.20371e+06
405.5,6.2035e+06
405.6,6.2033e+06
405.7,6.20309e+06
405.8,6.20289e+06
405.9,6.20268e+06
406,6.20248e+06
406.1,6.20227e+06
406.2,6.20206e+06
406.3,6.20186e+06
406.4,6.20165e+06
406.5,6.20145e+06
406.6,6.20124e+06
406.7,6.20103e+06
406.8,6.20083e+06
406.9,6.20062e+06
407,6.20042e+06
407.1,6.20021e+06
407.2,6.2e+06
407.3,6.1998e+06
407.4,6.19959e+06
407.5,6.19938e+06
407.6,6.19917e+06
407.7,6.19897e+06
407.8,6.19876e+06
407.9,6.19855e+06
408,6.19835e+06
408.1,6.19814e+06
408.2,6.19793e+06
408.3,6.19772e+06
408.4,6.19752e+06
408.5,6.19731e+06
408.6,6.1971e+06
408.7,6.19689e+06
408.8,6.19668e+06
408.9,6.19648e+06
409,6.19627e+06
409.1,6.19606e+06
409.2,6.19585e+06
409.3,6.19564e+06
409.4,6.19543e+06
409.5,6.19522e+06
409.6,6.19502e+06
409.7,6.19481e+06
409.8,6.1946e+06
409.9,6.19439e+06
410,6.19418e+06
410.1,6.19397e+06
410.2,6.19376e+06
410.3,6.19355e+06
410.4,6.19334e+06
410.5,6.19313e+06
410.6,6.19292e+06
410.7,6.19271e+06
410.8,6.1925e+06
410.9,6.19229e+06
411,6.19208e+06
411.1,6.19187e+06
411.2,6.19166e+06
411.3,6.19145e+06
411.4,6.19124e+06
411.5,6.19103e+06
411.6,6.19082e+06
411.7,6.19061e+06
411.8,6.1904e+06
411.9,6.19019e+06
412,6.18998e+06
412.1,6.18977e+06
412.2,6.18955e+06
412.3,6.18934e+06
412.4,6.18913e+06
412.5,6.18892e+06
412.6,6.18871e+06
412.7,6.1885e+06
412.8,6.18829e+06
412.9,6.18807e+06
413,6.18786e+06
413.1,6.18765e+06
413.2,6.18744e+06
413.3,6.18723e+06
413.4,6.18701e+06
413.5,6.1868e+06
413.6,6.18659e+06
413.7,6.18638e+06
413.8,6.18616e+06
413.9,6.18595e+06
414,6.18574e+06
414.1,6.18553e+06
414.2,6.18531e+06
414.3,6.1851e+06
414.4,6.18489e+06
414.5,6.18467e+06
414.6,6.18446e+06
414.7,6.18425e+06
414.8,6.18403e+06
414.9,6.18382e+06
415,6.18361e+06
415.1,6.18339e+06
415.2,6.18318e+06
415.3,6.18296e+06
415.4,6.18275e+06
415.5,6.18254e+06
415.6,6.18232e+06
415.7,6.18211e+06
415.8,6.18189e+06
415.9,6.18168e+06
416,6.18146e+06
416.1,6.18125e+06
416.2,6.18103e+06
416.3,6.18082e+06
416.4,6.1806e+06
416.5,6.18039e+06
416.6,6.18017e+06
416.7,6.17996e+06
416.8,6.17974e+06
416.9,6.17953e+06
417,6.17931e+06
417.1,6.1791e+06
417.2,6.17888e+06
417.3,6.17867e+06
417.4,6.17845e+06
417.5,6.17823e+06
417.6,6.17802e+06
417.7,6.1778e+06
417.8,6.17759e+06
417.9,6.17737e+06
418,6.17715e+06
418.1,6.17694e+06
418.2,6.17672e+06
418.3,6.1765e+06
418.4,6.17629e+06
418.5,6.17607e+06
418.6,6.17585e+06
418.7,6.17564e+06
418.8,6.17542e+06
418.9,6.1752e+06
419,6.17498e+06
419.1,6.17477e+06
419.2,6.17455e+06
419.3,6.17433e+06
419.4,6.17412e+06
419.5,6.1739e+06
419.6,6.17368e+06
419.7,6.17346e+06
419.8,6.17324e+06
419.9,6.17303e+06
420,6.17281e+06
420.1,6.17259e+06
420.2,6.17237e+06
420.3,6.17215e+06
420.4,6.17193e+06
420.5,6.17172e+06
420.6,6.1715e+06
420.7,6.17128e+06
420.8,6.17106e+06
420.9,6.17084e+06
421,6.17062e+06
421.1,6.1704e+06
421.2,6.17018e+06
421.3,6.16996e+06
421.4,6.16974e+06
421.5,6.16952e+06
421.6,6.1693e+06
421.7,6.16908e+06
421.8,6.16886e+06
421.9,6.16864e+06
422,6.16842e+06
422.1,6.1682e+06
422.2,6.16798e+06
422.3,6.16776e+06
422.4,6.16754e+06
422.5,6.16732e+06
422.6,6.1671e+06
422.7,6.16688e+06
422.8,6.16666e+06
422.9,6.16644e+06
423,6.16622e+06
423.1,6.166e+06
423.2,6.16578e+06
423.3,6.16556e+06
423.4,6.16534e+06
423.5,6.16512e+06
423.6,6.16489e+06
423.7,6.16467e+06
423.8,6.16445e+06
423.9,6.16423e+06
424,6.16401e+06
424.1,6.16378e+06
424.2,6.16356e+06
424.3,6.16334e+06
424.4,6.16312e+06
424.5,6.1629e+06
424.6,6.16267e+06
424.7,6.16245e+06
424.8,6.16223e+06
424.9,6.16201e+06
425,6.16178e+06
425.1,6.16156e+06
425.2,6.16134e+06
425.3,6.16112e+06
425.4,6.16089e+06
425.5,6.16067e+06
425.6,6.16045e+06
425.7,6.16022e+06
425.8,6.16e+06
425.9,6.15978e+06
426,6.15955e+06
426.1,6.15933e+06
426.2,6.15911e+06
426.3,6.15888e+06
426.4,6.15866e+06
426.5,6.15843e+06
426.6,6.15821e+06
426.7,6.15799e+06
426.8,6.15776e+06
426.9,6.15754e+06
427,6.15731e+06
427.1,6.15709e+06
427.2,6.15686e+06
427.3,6.15664e+06
427.4,6.15641e+06
427.5,6.15619e+06
427.6,6.15596e+06
427.7,6.15574e+06
427.8,6.15551e+06
427.9,6.15529e+06
428,6.15506e+06
428.1,6.15484e+06
428.2,6.15461e+06
428.3,6.15439e+06
428.4,6.15416e+06
428.5,6.15394e+06
428.6,6.15371e+06
428.7,6.15348e+06
428.8,6.15326e+06
428.9,6.15303e+06
429,6.15281e+06
429.1,6.15258e+06
429.2,6.15235e+06
429.3,6.15213e+06
429.4,6.1519e+06
429.5,6.15167e+06
429.6,6.15145e+06
429.7,6.15122e+06
429.8,6.15099e+06
429.9,6.15076e+06
430,6.15054e+06
430.1,6.15031e+06
430.2,6.15008e+06
430.3,6.14986e+06
430.4,6.14963e+06
430.5,6.1494e+06
430.6,6.14917e+06
430.7,6.14895e+06
430.8,6.14872e+06
430.9,6.14849e+06
431,6.14826e+06
431.1,6.14803e+06
431.2,6.14781e+06
431.3,6.14758e+06
431.4,6.14735e+06
431.5,6.14712e+06
431.6,6.14689e+06
431.7,6.14666e+06
431.8,6.14644e+06
431.9,6.14621e+06
432,6.14598e+06
432.1,6.14575e+06
432.2,6.14552e+06
432.3,6.14529e+06
432.4,6.14506e+06
432.5,6.14483e+06
432.6,6.1446e+06
432.7,6.14437e+06
432.8,6.14414e+06
432.9,6.14391e+06
433,6.14368e+06
433.1,6.14345e+06
433.2,6.14322e+06
433.3,6.14299e+06
433.4,6.14276e+06
433.5,6.14253e+06
433.6,6.1423e+06
433.7,6.14207e+06
433.8,6.14184e+06
433.9,6.14161e+06
434,6.14138e+06
434.1,6.14115e+06
434.2,6.14092e+06
434.3,6.14069e+06
434.4,6.14046e+06
434.5,6.14023e+06
434.6,6.13999e+06
434.7,6.13976e+06
434.8,6.13953e+06
434.9,6.1393e+06
435,6.13907e+06
435.1,6.13884e+06
435.2,6.1386e+06
435.3,6.13837e+06
435.4,6.13814e+06
435.5,6.13791e+06
435.6,6.13768e+06
435.7,6.13744e+06
435.8,6.13721e+06
435.9,6.13698e+06
436,6.13675e+06
436.1,6.13652e+06
436.2,6.13628e+06
436.3,6.13605e+06
436.4,6.13582e+06
436.5,6.13558e+06
436.6,6.13535e+06
436.7,6.13512e+06
436.8,6.13488e+06
436.9,6.13465e+06
437,6.13442e+06
437.1,6.13418e+06
437.2,6.13395e+06
437.3,6.13372e+06
437.4,6.13348e+06
437.5,6.13325e+06
437.6,6.13302e+06
437.7,6.13278e+06
437.8,6.13255e+06
437.9,6.13231e+06
438,6.13208e+06
438.1,6.13185e+06
438.2,6.13161e+06
438.3,6.13138e+06
438.4,6.13114e+06
438.5,6.13091e+06
438.6,6.13067e+06
438.7,6.13044e+06
438.8,6.1302e+06
438.9,6.12997e+06
439,6.12973e+06
439.1,6.1295e+06
439.2,6.12926e+06
439.3,6.12903e+06
439.4,6.12879e+06
439.5,6.12856e+06
439.6,6.12832e+06
439.7,6.12808e+06
439.8,6.12785e+06
439.9,6.12761e+06
440,6.12738e+06
440.1,6.12714e+06
440.2,6.1269e+06
440.3,6.12667e+06
440.4,6.12643e+06
440.5,6.12619e+06
440.6,6.12596e+06
440.7,6.12572e+06
440.8,6.12548e+06
440.9,6.12525e+06
441,6.12501e+06
441.1,6.12477e+06
441.2,6.12454e+06
441.3,6.1243e+06
441.4,6.12406e+06
441.5,6.12382e+06
441.6,6.12359e+06
441.7,6.12335e+06
441.8,6.12311e+06
441.9,6.12288e+06
442,6.12264e+06
442.1,6.1224e+06
442.2,6.12216e+06
442.3,6.12192e+06
442.4,6.12168e+06
442.5,6.12145e+06
442.6,6.12121e+06
442.7,6.12097e+06
442.8,6.12073e+06
442.9,6.12049e+06
443,6.12025e+06
443.1,6.12002e+06
443.2,6.11978e+06
443.3,6.11954e+06
443.4,6.1193e+06
443.5,6.11906e+06
443.6,6.11882e+06
443.7,6.11858e+06
443.8,6.11834e+06
443.9,6.1181e+06
444,6.11786e+06
444.1,6.11762e+06
444.2,6.11738e+06
444.3,6.11714e+06
444.4,6.1169e+06
444.5,6.11666e+06
444.6,6.11642e+06
444.7,6.11618e+06
444.8,6.11594e+06
444.9,6.1157e+06
445,6.11546e+06
445.1,6.11522e+06
445.2,6.11498e+06
445.3,6.11474e+06
445.4,6.1145e+06
445.5,6.11426e+06
445.6,6.11402e+06
445.7,6.11378e+06
445.8,6.11354e+06
445.9,6.11329e+06
446,6.11305e+06
446.1,6.11281e+06
446.2,6.11257e+06
446.3,6.11233e+06
446.4,6.11209e+06
446.5,6.11184e+06
446.6,6.1116e+06
446.7,6.11136e+06
446.8,6.11112e+06
446.9,6.11088e+06
447,6.11063e+06
447.1,6.11039e+06
447.2,6.11015e+06
447.3,6.10991e+06
447.4,6.10966e+06
447.5,6.10942e+06
447.6,6.10918e+06
447.7,6.10894e+06
447.8,6.10869e+06
447.9,6.10845e+06
448,6.10821e+06
448.1,6.10796e+06
448.2,6.10772e+06
448.3,6.10748e+06
448.4,6.10723e+06
448.5,6.10699e+06
448.6,6.10675e+06
448.7,6.1065e+06
448.8,6.10626e+06
448.9,6.10602e+06
449,6.10577e+06
449.1,6.10553e+06
449.2,6.10528e+06
449.3,6.10504e+06
449.4,6.10479e+06
449.5,6.10455e+06
449.6,6.1043e+06
449.7,6.10406e+06
449.8,6.10382e+06
449.9,6.10357e+06
450,6.10333e+06
450.1,6.10308e+06
450.2,6.10284e+06
450.3,6.10259e+06
450.4,6.10235e+06
450.5,6.1021e+06
450.6,6.10186e+06
450.7,6.10161e+06
450.8,6.10136e+06
450.9,6.10112e+06
451,6.10087e+06
451.1,6.10063e+06
451.2,6.10038e+06
451.3,6.10013e+06
451.4,6.09989e+06
451.5,6.09964e+06
451.6,6.0994e+06
451.7,6.09915e+06
451.8,6.0989e+06
451.9,6.09866e+06
452,6.09841e+06
452.1,6.09816e+06
452.2,6.09792e+06
452.3,6.09767e+06
452.4,6.09742e+06
452.5,6.09718e+06
452.6,6.09693e+06
452.7,6.09668e+06
452.8,6.09643e+06
452.9,6.09619e+06
453,6.09594e+06
453.1,6.09569e+06
453.2,6.09544e+06
453.3,6.0952e+06
453.4,6.09495e+06
453.5,6.0947e+06
453.6,6.09445e+06
453.7,6.0942e+06
453.8,6.09396e+06
453.9,6.09371e+06
454,6.09346e+06
454.1,6.09321e+06
454.2,6.09296e+06
454.3,6.09271e+06
454.4,6.09246e+06
454.5,6.09222e+06
454.6,6.09197e+06
454.7,6.09172e+06
454.8,6.09147e+06
454.9,6.09122e+06
455,6.09097e+06
455.1,6.09072e+06
455.2,6.09047e+06
455.3,6.09022e+06
455.4,6.08997e+06
455.5,6.08972e+06
455.6,6.08947e+06
455.7,6.08922e+06
455.8,6.08897e+06
455.9,6.08872e+06
456,6.08847e+06
456.1,6.08822e+06
456.2,6.08797e+06
456.3,6.08772e+06
456.4,6.08747e+06
456.5,6.08722e+06
456.6,6.08697e+06
456.7,6.08672e+06
456.8,6.08647e+06
456.9,6.08622e+06
457,6.08596e+06
457.1,6.08571e+06
457.2,6.08546e+06
457.3,6.08521e+06
457.4,6.08496e+06
457.5,6.08471e+06
457.6,6.08446e+06
457.7,6.08421e+06
457.8,6.08395e+06
457.9,6.0837e+06
458,6.08345e+06
458.1,6.0832e+06
458.2,6.08295e+06
458.3,6.08269e+06
458.4,6.08244e+06
458.5,6.08219e+06
458.6,6.08194e+06
458.7,6.08168e+06
458.8,6.08143e+06
458.9,6.08118e+06
459,6.08093e+06
459.1,6.08067e+06
459.2,6.08042e+06
459.3,6.08017e+06
459.4,6.07991e+06
459.5,6.07966e+06
459.6,6.07941e+06
459.7,6.07915e+06
459.8,6.0789e+06
459.9,6.07865e+06
460,6.07839e+06
460.1,6.07814e+06
460.2,6.07788e+06
460.3,6.07763e+06
460.4,6.07738e+06
460.5,6.07712e+06
460.6,6.07687e+06
460.7,6.07661e+06
460.8,6.07636e+06
460.9,6.0761e+06
461,6.07585e+06
461.1,6.0756e+06
461.2,6.07534e+06
461.3,6.07509e+06
461.4,6.07483e+06
461.5,6.07458e+06
461.6,6.07432e+06
461.7,6.07407e+06
461.8,6.07381e+06
461.9,6.07356e+06
462,6.0733e+06
462.1,6.07304e+06
462.2,6.07279e+06
462.3,6.07253e+06
462.4,6.07228e+06
462.5,6.07202e+06
462.6,6.07177e+06
462.7,6.07151e+06
462.8,6.07125e+06
462.9,6.071e+06
463,6.07074e+06
463.1,6.07048e+06
463.2,6.07023e+06
463.3,6.06997e+06
463.4,6.06972e+06
463.5,6.06946e+06
463.6,6.0692e+06
463.7,6.06894e+06
463.8,6.06869e+06
463.9,6.06843e+06
464,6.06817e+06
464.1,6.06792e+06
464.2,6.06766e+06
464.3,6.0674e+06
464.4,6.06714e+06
464.5,6.06689e+06
464.6,6.06663e+06
464.7,6.06637e+06
464.8,6.06611e+06
464.9,6.06585e+06
465,6.0656e+06
465.1,6.06534e+06
465.2,6.06508e+06
465.3,6.06482e+06
465.4,6.06456e+06
465.5,6.0643e+06
465.6,6.06405e+06
465.7,6.06379e+06
465.8,6.06353e+06
465.9,6.06327e+06
466,6.06301e+06
466.1,6.06275e+06
466.2,6.06249e+06
466.3,6.06223e+06
466.4,6.06197e+06
466.5,6.06171e+06
466.6,6.06145e+06
466.7,6.0612e+06
466.8,6.06094e+06
466.9,6.06068e+06
467,6.06042e+06
467.1,6.06016e+06
467.2,6.0599e+06
467.3,6.05964e+06
467.4,6.05938e+06
467.5,6.05912e+06
467.6,6.05886e+06
467.7,6.05859e+06
467.8,6.05833e+06
467.9,6.05807e+06
468,6.05781e+06
468.1,6.05755e+06
468.2,6.05729e+06
468.3,6.05703e+06
468.4,6.05677e+06
468.5,6.05651e+06
468.6,6.05625e+06
468.7,6.05599e+06
468.8,6.05572e+06
468.9,6.05546e+06
469,6.0552e+06
469.1,6.05494e+06
469.2,6.05468e+06
469.3,6.05442e+06
469.4,6.05415e+06
469.5,6.05389e+06
469.6,6.05363e+06
469.7,6.05337e+06
469.8,6.0531e+06
469.9,6.05284e+06
470,6.05258e+06
470.1,6.05232e+06
470.2,6.05206e+06
470.3,6.05179e+06
470.4,6.05153e+06
470.5,6.05127e+06
470.6,6.051e+06
470.7,6.05074e+06
470.8,6.05048e+06
470.9,6.05021e+06
471,6.04995e+06
471.1,6.04969e+06
471.2,6.04942e+06
471.3,6.04916e+06
471.4,6.0489e+06
471.5,6.04863e+06
471.6,6.04837e+06
471.7,6.0481e+06
471.8,6.04784e+06
471.9,6.04758e+06
472,6.04731e+06
472.1,6.04705e+06
472.2,6.04678e+06
472.3,6.04652e+06
472.4,6.04626e+06
472.5,6.04599e+06
472.6,6.04573e+06
472.7,6.04546e+06
472.8,6.0452e+06
472.9,6.04493e+06
473,6.04467e+06
473.1,6.0444e+06
473.2,6.04414e+06
473.3,6.04387e+06
473.4,6.0436e+06
473.5,6.04334e+06
473.6,6.04307e+06
473.7,6.04281e+06
473.8,6.04254e+06
473.9,6.04228e+06
474,6.04201e+06
474.1,6.04174e+06
474.2,6.04148e+06
474.3,6.04121e+06
474.4,6.04095e+06
474.5,6.04068e+06
474.6,6.04041e+06
474.7,6.04015e+06
474.8,6.03988e+06
474.9,6.03961e+06
475,6.03935e+06
475.1,6.03908e+06
475.2,6.03881e+06
475.3,6.03855e+06
475.4,6.03828e+06
475.5,6.03801e+06
475.6,6.03774e+06
475.7,6.03748e+06
475.8,6.03721e+06
475.9,6.03694e+06
476,6.03667e+06
476.1,6.03641e+06
476.2,6.03614e+06
476.3,6.03587e+06
476.4,6.0356e+06
476.5,6.03533e+06
476.6,6.03507e+06
476.7,6.0348e+06
476.8,6.03453e+06
476.9,6.03426e+06
477,6.03399e+06
477.1,6.03372e+06
477.2,6.03345e+06
477.3,6.03319e+06
477.4,6.03292e+06
477.5,6.03265e+06
477.6,6.03238e+06
477.7,6.03211e+06
477.8,6.03184e+06
477.9,6.03157e+06
478,6.0313e+06
478.1,6.03103e+06
478.2,6.03076e+06
478.3,6.03049e+06
478.4,6.03022e+06
478.5,6.02995e+06
478.6,6.02968e+06
478.7,6.02941e+06
478.8,6.02914e+06
478.9,6.02887e+06
479,6.0286e+06
479.1,6.02833e+06
479.2,6.02806e+06
479.3,6.02779e+06
479.4,6.02752e+06
479.5,6.02725e+06
479.6,6.02698e+06
479.7,6.02671e+06
479.8,6.02644e+06
479.9,6.02617e+06
480,6.02589e+06
480.1,6.02562e+06
480.2,6.02535e+06
480.3,6.02508e+06
480.4,6.02481e+06
480.5,6.02454e+06
480.6,6.02427e+06
480.7,6.02399e+06
480.8,6.02372e+06
480.9,6.02345e+06
481,6.02318e+06
481.1,6.02291e+06
481.2,6.02263e+06
481.3,6.02236e+06
481.4,6.02209e+06
481.5,6.02182e+06
481.6,6.02154e+06
481.7,6.02127e+06
481.8,6.021e+06
481.9,6.02073e+06
482,6.02045e+06
482.1,6.02018e+06
482.2,6.01991e+06
482.3,6.01963e+06
482.4,6.01936e+06
482.5,6.01909e+06
482.6,6.01881e+06
482.7,6.01854e+06
482.8,6.01827e+06
482.9,6.01799e+06
483,6.01772e+06
483.1,6.01744e+06
483.2,6.01717e+06
483.3,6.0169e+06
483.4,6.01662e+06
483.5,6.01635e+06
483.6,6.01607e+06
483.7,6.0158e+06
483.8,6.01553e+06
483.9,6.01525e+06
484,6.01498e+06
484.1,6.0147e+06
484.2,6.01443e+06
484.3,6.01415e+06
484.4,6.01388e+06
484.5,6.0136e+06
484.6,6.01333e+06
484.7,6.01305e+06
484.8,6.01278e+06
484.9,6.0125e+06
485,6.01223e+06
485.1,6.01195e+06
485.2,6.01167e+06
485.3,6.0114e+06
485.4,6.01112e+06
485.5,6.01085e+06
485.6,6.01057e+06
485.7,6.01029e+06
485.8,6.01002e+06
485.9,6.00974e+06
486,6.00947e+06
486.1,6.00919e+06
486.2,6.00891e+06
486.3,6.00864e+06
486.4,6.00836e+06
486.5,6.00808e+06
486.6,6.00781e+06
486.7,6.00753e+06
486.8,6.00725e+06
486.9,6.00697e+06
487,6.0067e+06
487.1,6.00642e+06
487.2,6.00614e+06
487.3,6.00586e+06
487.4,6.00559e+06
487.5,6.00531e+06
487.6,6.00503e+06
487.7,6.00475e+06
487.8,6.00448e+06
487.9,6.0042e+06
488,6.00392e+06
488.1,6.00364e+06
488.2,6.00336e+06
488.3,6.00308e+06
488.4,6.00281e+06
488.5,6.00253e+06
488.6,6.00225e+06
488.7,6.00197e+06
488.8,6.00169e+06
488.9,6.00141e+06
489,6.00113e+06
489.1,6.00086e+06
489.2,6.00058e+06
489.3,6.0003e+06
489.4,6.00002e+06
489.5,5.99974e+06
489.6,5.99946e+06
489.7,5.99918e+06
489.8,5.9989e+06
489.9,5.99862e+06
490,5.99834e+06
490.1,5.99806e+06
490.2,5.99778e+06
490.3,5.9975e+06
490.4,5.99722e+06
490.5,5.99694e+06
490.6,5.99666e+06
490.7,5.99638e+06
490.8,5.9961e+06
490.9,5.99582e+06
491,5.99554e+06
491.1,5.99526e+06
491.2,5.99498e+06
491.3,5.99469e+06
491.4,5.99441e+06
491.5,5.99413e+06
491.6,5.99385e+06
491.7,5.99357e+06
491.8,5.99329e+06
491.9,5.99301e+06
492,5.99272e+06
492.1,5.99244e+06
492.2,5.99216e+06
492.3,5.99188e+06
492.4,5.9916e+06
492.5,5.99132e+06
492.6,5.99103e+06
492.7,5.99075e+06
492.8,5.99047e+06
492.9,5.99019e+06
493,5.9899e+06
493.1,5.98962e+06
493.2,5.98934e+06
493.3,5.98906e+06
493.4,5.98877e+06
493.5,5.98849e+06
493.6,5.98821e+06
493.7,5.98793e+06
493.8,5.98764e+06
493.9,5.98736e+06
494,5.98708e+06
494.1,5.98679e+06
494.2,5.98651e+06
494.3,5.98623e+06
494.4,5.98594e+06
494.5,5.98566e+06
494.6,5.98537e+06
494.7,5.98509e+06
494.8,5.98481e+06
494.9,5.98452e+06
495,5.98424e+06
495.1,5.98395e+06
495.2,5.98367e+06
495.3,5.98339e+06
495.4,5.9831e+06
495.5,5.98282e+06
495.6,5.98253e+06
495.7,5.98225e+06
495.8,5.98196e+06
495.9,5.98168e+06
496,5.98139e+06
496.1,5.98111e+06
496.2,5.98082e+06
496.3,5.98054e+06
496.4,5.98025e+06
496.5,5.97997e+06
496.6,5.97968e+06
496.7,5.9794e+06
496.8,5.97911e+06
496.9,5.97882e+06
497,5.97854e+06
497.1,5.97825e+06
497.2,5.97797e+06
497.3,5.97768e+06
497.4,5.97739e+06
497.5,5.97711e+06
497.6,5.97682e+06
497.7,5.97653e+06
497.8,5.97625e+06
497.9,5.97596e+06
498,5.97567e+06
498.1,5.97539e+06
498.2,5.9751e+06
498.3,5.97481e+06
498.4,5.97453e+06
498.5,5.97424e+06
498.6,5.97395e+06
498.7,5.97366e+06
498.8,5.97338e+06
498.9,5.97309e+06
499,5.9728e+06
499.1,5.97252e+06
499.2,5.97223e+06
499.3,5.97194e+06
499.4,5.97165e+06
499.5,5.97136e+06
499.6,5.97108e+06
499.7,5.97079e+06
499.8,5.9705e+06
499.9,5.97021e+06
500,5.96992e+06
500.1,5.96963e+06
500.2,5.96934e+06
500.3,5.96906e+06
500.4,5.96877e+06
500.5,5.96848e+06
500.6,5.96819e+06
500.7,5.9679e+06
500.8,5.96761e+06
500.9,5.96732e+06
501,5.96703e+06
501.1,5.96674e+06
501.2,5.96645e+06
501.3,5.96616e+06
501.4,5.96588e+06
501.5,5.96559e+06
501.6,5.9653e+06
501.7,5.96501e+06
501.8,5.96472e+06
501.9,5.96443e+06
502,5.96414e+06
502.1,5.96385e+06
502.2,5.96356e+06
502.3,5.96326e+06
502.4,5.96297e+06
502.5,5.96268e+06
502.6,5.96239e+06
502.7,5.9621e+06
502.8,5.96181e+06
502.9,5.96152e+06
503,5.96123e+06
503.1,5.96094e+06
503.2,5.96065e+06
503.3,5.96036e+06
503.4,5.96006e+06
503.5,5.95977e+06
503.6,5.95948e+06
503.7,5.95919e+06
503.8,5.9589e+06
503.9,5.95861e+06
504,5.95831e+06
504.1,5.95802e+06
504.2,5.95773e+06
504.3,5.95744e+06
504.4,5.95715e+06
504.5,5.95685e+06
504.6,5.95656e+06
504.7,5.95627e+06
504.8,5.95598e+06
504.9,5.95568e+06
505,5.95539e+06
505.1,5.9551e+06
505.2,5.95481e+06
505.3,5.95451e+06
505.4,5.95422e+06
505.5,5.95393e+06
505.6,5.95363e+06
505.7,5.95334e+06
505.8,5.95305e+06
505.9,5.95275e+06
506,5.95246e+06
506.1,5.95217e+06
506.2,5.95187e+06
506.3,5.95158e+06
506.4,5.95128e+06
506.5,5.95099e+06
506.6,5.9507e+06
506.7,5.9504e+06
506.8,5.95011e+06
506.9,5.94981e+06
507,5.94952e+06
507.1,5.94922e+06
507.2,5.94893e+06
507.3,5.94864e+06
507.4,5.94834e+06
507.5,5.94805e+06
507.6,5.94775e+06
507.7,5.94746e+06
507.8,5.94716e+06
507.9,5.94687e+06
508,5.94657e+06
508.1,5.94627e+06
508.2,5.94598e+06
508.3,5.94568e+06
508.4,5.94539e+06
508.5,5.94509e+06
508.6,5.9448e+06
508.7,5.9445e+06
508.8,5.9442e+06
508.9,5.94391e+06
509,5.94361e+06
509.1,5.94332e+06
509.2,5.94302e+06
509.3,5.94272e+06
509.4,5.94243e+06
509.5,5.94213e+06
509.6,5.94183e+06
509.7,5.94154e+06
509.8,5.94124e+06
509.9,5.94094e+06
510,5.94065e+06
510.1,5.94035e+06
510.2,5.94005e+06
510.3,5.93976e+06
510.4,5.93946e+06
510.5,5.93916e+06
510.6,5.93886e+06
510.7,5.93857e+06
510.8,5.93827e+06
510.9,5.93797e+06
511,5.93767e+06
511.1,5.93737e+06
511.2,5.93708e+06
511.3,5.93678e+06
511.4,5.93648e+06
511.5,5.93618e+06
511.6,5.93588e+06
511.7,5.93558e+06
511.8,5.93529e+06
511.9,5.93499e+06
512,5.93469e+06
512.1,5.93439e+06
512.2,5.93409e+06
512.3,5.93379e+06
512.4,5.93349e+06
512.5,5.93319e+06
512.6,5.9329e+06
512.7,5.9326e+06
512.8,5.9323e+06
512.9,5.932e+06
513,5.9317e+06
513.1,5.9314e+06
513.2,5.9311e+06
513.3,5.9308e+06
513.4,5.9305e+06
513.5,5.9302e+06
513.6,5.9299e+06
513.7,5.9296e+06
513.8,5.9293e+06
513.9,5.929e+06
514,5.9287e+06
514.1,5.9284e+06
514.2,5.9281e+06
514.3,5.9278e+06
514.4,5.9275e+06
514.5,5.92719e+06
514.6,5.92689e+06
514.7,5.92659e+06
514.8,5.92629e+06
514.9,5.92599e+06
515,5.92569e+06
515.1,5.92539e+06
515.2,5.92509e+06
515.3,5.92478e+06
515.4,5.92448e+06
515.5,5.92418e+06
515.6,5.92388e+06
515.7,5.92358e+06
515.8,5.92328e+06
515.9,5.92297e+06
516,5.92267e+06
516.1,5.92237e+06
516.2,5.92207e+06
516.3,5.92176e+06
516.4,5.92146e+06
516.5,5.92116e+06
516.6,5.92086e+06
516.7,5.92055e+06
516.8,5.92025e+06
516.9,5.91995e+06
517,5.91965e+06
517.1,5.91934e+06
517.2,5.91904e+06
517.3,5.91874e+06
517.4,5.91843e+06
517.5,5.91813e+06
517.6,5.91783e+06
517.7,5.91752e+06
517.8,5.91722e+06
517.9,5.91692e+06
518,5.91661e+06
518.1,5.91631e+06
518.2,5.916e+06
518.3,5.9157e+06
518.4,5.9154e+06
518.5,5.91509e+06
518.6,5.91479e+06
518.7,5.91448e+06
518.8,5.91418e+06
518.9,5.91387e+06
519,5.91357e+06
519.1,5.91326e+06
519.2,5.91296e+06
519.3,5.91265e+06
519.4,5.91235e+06
519.5,5.91204e+06
519.6,5.91174e+06
519.7,5.91143e+06
519.8,5.91113e+06
519.9,5.91082e+06
520,5.91052e+06
520.1,5.91021e+06
520.2,5.90991e+06
520.3,5.9096e+06
520.4,5.9093e+06
520.5,5.90899e+06
520.6,5.90868e+06
520.7,5.90838e+06
520.8,5.90807e+06
520.9,5.90777e+06
521,5.90746e+06
521.1,5.90715e+06
521.2,5.90685e+06
521.3,5.90654e+06
521.4,5.90623e+06
521.5,5.90593e+06
521.6,5.90562e+06
521.7,5.90531e+06
521.8,5.905e+06
521.9,5.9047e+06
522,5.90439e+06
522.1,5.90408e+06
522.2,5.90378e+06
522.3,5.90347e+06
522.4,5.90316e+06
522.5,5.90285e+06
522.6,5.90255e+06
522.7,5.90224e+06
522.8,5.90193e+06
522.9,5.90162e+06
523,5.90131e+06
523.1,5.90101e+06
523.2,5.9007e+06
523.3,5.90039e+06
523.4,5.90008e+06
523.5,5.89977e+06
523.6,5.89946e+06
523.7,5.89916e+06
523.8,5.89885e+06
523.9,5.89854e+06
524,5.89823e+06
524.1,5.89792e+06
524.2,5.89761e+06
524.3,5.8973e+06
524.4,5.89699e+06
524.5,5.89668e+06
524.6,5.89637e+06
524.7,5.89606e+06
524.8,5.89576e+06
524.9,5.89545e+06
525,5.89514e+06
525.1,5.89483e+06
525.2,5.89452e+06
525.3,5.89421e+06
525.4,5.8939e+06
525.5,5.89359e+06
525.6,5.89328e+06
525.7,5.89297e+06
525.8,5.89266e+06
525.9,5.89234e+06
526,5.89203e+06
526.1,5.89172e+06
526.2,5.89141e+06
526.3,5.8911e+06
526.4,5.89079e+06
526.5,5.89048e+06
526.6,5.89017e+06
526.7,5.88986e+06
526.8,5.88955e+06
526.9,5.88924e+06
527,5.88892e+06
527.1,5.88861e+06
527.2,5.8883e+06
527.3,5.88799e+06
527.4,5.88768e+06
527.5,5.88737e+06
527.6,5.88705e+06
527.7,5.88674e+06
527.8,5.88643e+06
527.9,5.88612e+06
528,5.88581e+06
528.1,5.88549e+06
528.2,5.88518e+06
528.3,5.88487e+06
528.4,5.88456e+06
528.5,5.88424e+06
528.6,5.88393e+06
528.7,5.88362e+06
528.8,5.8833e+06
528.9,5.88299e+06
529,5.88268e+06
529.1,5.88237e+06
529.2,5.88205e+06
529.3,5.88174e+06
529.4,5.88143e+06
529.5,5.88111e+06
529.6,5.8808e+06
529.7,5.88048e+06
529.8,5.88017e+06
529.9,5.87986e+06
530,5.87954e+06
530.1,5.87923e+06
530.2,5.87892e+06
530.3,5.8786e+06
530.4,5.87829e+06
530.5,5.87797e+06
530.6,5.87766e+06
530.7,5.87734e+06
530.8,5.87703e+06
530.9,5.87671e+06
531,5.8764e+06
531.1,5.87608e+06
531.2,5.87577e+06
531.3,5.87545e+06
531.4,5.87514e+06
531.5,5.87482e+06
531.6,5.87451e+06
531.7,5.87419e+06
531.8,5.87388e+06
531.9,5.87356e+06
532,5.87325e+06
532.1,5.87293e+06
532.2,5.87262e+06
532.3,5.8723e+06
532.4,5.87198e+06
532.5,5.87167e+06
532.6,5.87135e+06
532.7,5.87104e+06
532.8,5.87072e+06
532.9,5.8704e+06
533,5.87009e+06
533.1,5.86977e+06
533.2,5.86945e+06
533.3,5.86914e+06
533.4,5.86882e+06
533.5,5.8685e+06
533.6,5.86818e+06
533.7,5.86787e+06
533.8,5.86755e+06
533.9,5.86723e+06
534,5.86692e+06
534.1,5.8666e+06
534.2,5.86628e+06
534.3,5.86596e+06
534.4,5.86565e+06
534.5,5.86533e+06
534.6,5.86501e+06
534.7,5.86469e+06
534.8,5.86438e+06
534.9,5.86406e+06
535,5.86374e+06
535.1,5.86342e+06
535.2,5.8631e+06
535.3,5.86278e+06
535.4,5.86247e+06
535.5,5.86215e+06
535.6,5.86183e+06
535.7,5.86151e+06
535.8,5.86119e+06
535.9,5.86087e+06
536,5.86055e+06
536.1,5.86023e+06
536.2,5.85992e+06
536.3,5.8596e+06
536.4,5.85928e+06
536.5,5.85896e+06
536.6,5.85864e+06
536.7,5.85832e+06
536.8,5.858e+06
536.9,5.85768e+06
537,5.85736e+06
537.1,5.85704e+06
537.2,5.85672e+06
537.3,5.8564e+06
537.4,5.85608e+06
537.5,5.85576e+06
537.6,5.85544e+06
537.7,5.85512e+06
537.8,5.8548e+06
537.9,5.85448e+06
538,5.85416e+06
538.1,5.85384e+06
538.2,5.85352e+06
538.3,5.85319e+06
538.4,5.85287e+06
538.5,5.85255e+06
538.6,5.85223e+06
538.7,5.85191e+06
538.8,5.85159e+06
538.9,5.85127e+06
539,5.85095e+06
539.1,5.85062e+06
539.2,5.8503e+06
539.3,5.84998e+06
539.4,5.84966e+06
539.5,5.84934e+06
539.6,5.84902e+06
539.7,5.84869e+06
539.8,5.84837e+06
539.9,5.84805e+06
540,5.84773e+06
540.1,5.8474e+06
540.2,5.84708e+06
540.3,5.84676e+06
540.4,5.84644e+06
540.5,5.84611e+06
540.6,5.84579e+06
540.7,5.84547e+06
540.8,5.84514e+06
540.9,5.84482e+06
541,5.8445e+06
541.1,5.84418e+06
541.2,5.84385e+06
541.3,5.84353e+06
541.4,5.84321e+06
541.5,5.84288e+06
541.6,5.84256e+06
541.7,5.84224e+06
541.8,5.84191e+06
541.9,5.84159e+06
542,5.84126e+06
542.1,5.84094e+06
542.2,5.84062e+06
542.3,5.84029e+06
542.4,5.83997e+06
542.5,5.83964e+06
542.6,5.83932e+06
542.7,5.83899e+06
542.8,5.83867e+06
542.9,5.83834e+06
543,5.83802e+06
543.1,5.83769e+06
543.2,5.83737e+06
543.3,5.83704e+06
543.4,5.83672e+06
543.5,5.83639e+06
543.6,5.83607e+06
543.7,5.83574e+06
543.8,5.83542e+06
543.9,5.83509e+06
544,5.83477e+06
544.1,5.83444e+06
544.2,5.83412e+06
544.3,5.83379e+06
544.4,5.83346e+06
544.5,5.83314e+06
544.6,5.83281e+06
544.7,5.83248e+06
544.8,5.83216e+06
544.9,5.83183e+06
545,5.83151e+06
545.1,5.83118e+06
545.2,5.83085e+06
545.3,5.83053e+06
545.4,5.8302e+06
545.5,5.82987e+06
545.6,5.82954e+06
545.7,5.82922e+06
545.8,5.82889e+06
545.9,5.82856e+06
546,5.82824e+06
546.1,5.82791e+06
546.2,5.82758e+06
546.3,5.82725e+06
546.4,5.82693e+06
546.5,5.8266e+06
546.6,5.82627e+06
546.7,5.82594e+06
546.8,5.82562e+06
546.9,5.82529e+06
547,5.82496e+06
547.1,5.82463e+06
547.2,5.8243e+06
547.3,5.82397e+06
547.4,5.82365e+06
547.5,5.82332e+06
547.6,5.82299e+06
547.7,5.82266e+06
547.8,5.82233e+06
547.9,5.822e+06
548,5.82167e+06
548.1,5.82134e+06
548.2,5.82102e+06
548.3,5.82069e+06
548.4,5.82036e+06
548.5,5.82003e+06
548.6,5.8197e+06
548.7,5.81937e+06
548.8,5.81904e+06
548.9,5.81871e+06
549,5.81838e+06
549.1,5.81805e+06
549.2,5.81772e+06
549.3,5.81739e+06
549.4,5.81706e+06
549.5,5.81673e+06
549.6,5.8164e+06
549.7,5.81607e+06
549.8,5.81574e+06
549.9,5.81541e+06
550,5.81508e+06
550.1,5.81475e+06
550.2,5.81442e+06
550.3,5.81408e+06
550.4,5.81375e+06
550.5,5.81342e+06
550.6,5.81309e+06
550.7,5.81276e+06
550.8,5.81243e+06
550.9,5.8121e+06
551,5.81177e+06
551.1,5.81143e+06
551.2,5.8111e+06
551.3,5.81077e+06
551.4,5.81044e+06
551.5,5.81011e+06
551.6,5.80978e+06
551.7,5.80944e+06
551.8,5.80911e+06
551.9,5.80878e+06
552,5.80845e+06
552.1,5.80811e+06
552.2,5.80778e+06
552.3,5.80745e+06
552.4,5.80712e+06
552.5,5.80678e+06
552.6,5.80645e+06
552.7,5.80612e+06
552.8,5.80578e+06
552.9,5.80545e+06
553,5.80512e+06
553.1,5.80479e+06
553.2,5.80445e+06
553.3,5.80412e+06
553.4,5.80379e+06
553.5,5.80345e+06
553.6,5.80312e+06
553.7,5.80278e+06
553.8,5.80245e+06
553.9,5.80212e+06
554,5.80178e+06
554.1,5.80145e+06
554.2,5.80112e+06
554.3,5.80078e+06
554.4,5.80045e+06
554.5,5.80011e+06
554.6,5.79978e+06
554.7,5.79944e+06
554.8,5.79911e+06
554.9,5.79877e+06
555,5.79844e+06
555.1,5.7981e+06
555.2,5.79777e+06
555.3,5.79743e+06
555.4,5.7971e+06
555.5,5.79676e+06
555.6,5.79643e+06
555.7,5.79609e+06
555.8,5.79576e+06
555.9,5.79542e+06
556,5.79509e+06
556.1,5.79475e+06
556.2,5.79442e+06
556.3,5.79408e+06
556.4,5.79374e+06
556.5,5.79341e+06
556.6,5.79307e+06
556.7,5.79274e+06
556.8,5.7924e+06
556.9,5.79206e+06
557,5.79173e+06
557.1,5.79139e+06
557.2,5.79105e+06
557.3,5.79072e+06
557.4,5.79038e+06
557.5,5.79004e+06
557.6,5.7897e+06
557.7,5.78937e+06
557.8,5.78903e+06
557.9,5.78869e+06
558,5.78836e+06
558.1,5.78802e+06
558.2,5.78768e+06
558.3,5.78734e+06
558.4,5.78701e+06
558.5,5.78667e+06
558.6,5.78633e+06
558.7,5.78599e+06
558.8,5.78566e+06
558.9,5.78532e+06
559,5.78498e+06
559.1,5.78464e+06
559.2,5.7843e+06
559.3,5.78396e+06
559.4,5.78363e+06
559.5,5.78329e+06
559.6,5.78295e+06
559.7,5.78261e+06
559.8,5.78227e+06
559.9,5.78193e+06
560,5.78159e+06
560.1,5.78126e+06
560.2,5.78092e+06
560.3,5.78058e+06
560.4,5.78024e+06
560.5,5.7799e+06
560.6,5.77956e+06
560.7,5.77922e+06
560.8,5.77888e+06
560.9,5.77854e+06
561,5.7782e+06
561.1,5.77786e+06
561.2,5.77752e+06
561.3,5.77718e+06
561.4,5.77684e+06
561.5,5.7765e+06
561.6,5.77616e+06
561.7,5.77582e+06
561.8,5.77548e+06
561.9,5.77514e+06
562,5.7748e+06
562.1,5.77446e+06
562.2,5.77412e+06
562.3,5.77378e+06
562.4,5.77344e+06
562.5,5.7731e+06
562.6,5.77275e+06
562.7,5.77241e+06
562.8,5.77207e+06
562.9,5.77173e+06
563,5.77139e+06
563.1,5.77105e+06
563.2,5.77071e+06
563.3,5.77036e+06
563.4,5.77002e+06
563.5,5.76968e+06
563.6,5.76934e+06
563.7,5.769e+06
563.8,5.76866e+06
563.9,5.76831e+06
564,5.76797e+06
564.1,5.76763e+06
564.2,5.76729e+06
564.3,5.76694e+06
564.4,5.7666e+06
564.5,5.76626e+06
564.6,5.76592e+06
564.7,5.76557e+06
564.8,5.76523e+06
564.9,5.76489e+06
565,5.76454e+06
565.1,5.7642e+06
565.2,5.76386e+06
565.3,5.76352e+06
565.4,5.76317e+06
565.5,5.76283e+06
565.6,5.76248e+06
565.7,5.76214e+06
565.8,5.7618e+06
565.9,5.76145e+06
566,5.76111e+06
566.1,5.76077e+06
566.2,5.76042e+06
566.3,5.76008e+06
566.4,5.75973e+06
566.5,5.75939e+06
566.6,5.75904e+06
566.7,5.7587e+06
566.8,5.75836e+06
566.9,5.75801e+06
567,5.75767e+06
567.1,5.75732e+06
567.2,5.75698e+06
567.3,5.75663e+06
567.4,5.75629e+06
567.5,5.75594e+06
567.6,5.7556e+06
567.7,5.75525e+06
567.8,5.75491e+06
567.9,5.75456e+06
568,5.75422e+06
568.1,5.75387e+06
568.2,5.75352e+06
568.3,5.75318e+06
568.4,5.75283e+06
568.5,5.75249e+06
568.6,5.75214e+06
568.7,5.7518e+06
568.8,5.75145e+06
568.9,5.7511e+06
569,5.75076e+06
569.1,5.75041e+06
569.2,5.75006e+06
569.3,5.74972e+06
569.4,5.74937e+06
569.5,5.74902e+06
569.6,5.74868e+06
569.7,5.74833e+06
569.8,5.74798e+06
569.9,5.74764e+06
570,5.74729e+06
570.1,5.74694e+06
570.2,5.7466e+06
570.3,5.74625e+06
570.4,5.7459e+06
570.5,5.74555e+06
570.6,5.7452e+06
570.7,5.74486e+06
570.8,5.74451e+06
570.9,5.74416e+06
571,5.74381e+06
571.1,5.74347e+06
571.2,5.74312e+06
571.3,5.74277e+06
571.4,5.74242e+06
571.5,5.74207e+06
571.6,5.74172e+06
571.7,5.74138e+06
571.8,5.74103e+06
571.9,5.74068e+06
572,5.74033e+06
572.1,5.73998e+06
572.2,5.73963e+06
572.3,5.73928e+06
572.4,5.73893e+06
572.5,5.73858e+06
572.6,5.73824e+06
572.7,5.73789e+06
572.8,5.73754e+06
572.9,5.73719e+06
573,5.73684e+06
573.1,5.73649e+06
573.2,5.73614e+06
573.3,5.73579e+06
573.4,5.73544e+06
573.5,5.73509e+06
573.6,5.73474e+06
573.7,5.73439e+06
573.8,5.73404e+06
573.9,5.73369e+06
574,5.73334e+06
574.1,5.73299e+06
574.2,5.73264e+06
574.3,5.73229e+06
574.4,5.73194e+06
574.5,5.73158e+06
574.6,5.73123e+06
574.7,5.73088e+06
574.8,5.73053e+06
574.9,5.73018e+06
575,5.72983e+06
575.1,5.72948e+06
575.2,5.72913e+06
575.3,5.72878e+06
575.4,5.72842e+06
575.5,5.72807e+06
575.6,5.72772e+06
575.7,5.72737e+06
575.8,5.72702e+06
575.9,5.72666e+06
576,5.72631e+06
576.1,5.72596e+06
576.2,5.72561e+06
576.3,5.72526e+06
576.4,5.7249e+06
576.5,5.72455e+06
576.6,5.7242e+06
576.7,5.72385e+06
576.8,5.72349e+06
576.9,5.72314e+06
577,5.72279e+06
577.1,5.72244e+06
577.2,5.72208e+06
577.3,5.72173e+06
577.4,5.72138e+06
577.5,5.72102e+06
577.6,5.72067e+06
577.7,5.72032e+06
577.8,5.71996e+06
577.9,5.71961e+06
578,5.71926e+06
578.1,5.7189e+06
578.2,5.71855e+06
578.3,5.7182e+06
578.4,5.71784e+06
578.5,5.71749e+06
578.6,5.71713e+06
578.7,5.71678e+06
578.8,5.71642e+06
578.9,5.71607e+06
579,5.71572e+06
579.1,5.71536e+06
579.2,5.71501e+06
579.3,5.71465e+06
579.4,5.7143e+06
579.5,5.71394e+06
579.6,5.71359e+06
579.7,5.71323e+06
579.8,5.71288e+06
579.9,5.71252e+06
580,5.71217e+06
580.1,5.71181e+06
580.2,5.71146e+06
580.3,5.7111e+06
580.4,5.71074e+06
580.5,5.71039e+06
580.6,5.71003e+06
580.7,5.70968e+06
580.8,5.70932e+06
580.9,5.70897e+06
581,5.70861e+06
581.1,5.70825e+06
581.2,5.7079e+06
581.3,5.70754e+06
581.4,5.70718e+06
581.5,5.70683e+06
581.6,5.70647e+06
581.7,5.70612e+06
581.8,5.70576e+06
581.9,5.7054e+06
582,5.70504e+06
582.1,5.70469e+06
582.2,5.70433e+06
582.3,5.70397e+06
582.4,5.70362e+06
582.5,5.70326e+06
582.6,5.7029e+06
582.7,5.70254e+06
582.8,5.70219e+06
582.9,5.70183e+06
583,5.70147e+06
583.1,5.70111e+06
583.2,5.70076e+06
583.3,5.7004e+06
583.4,5.70004e+06
583.5,5.69968e+06
583.6,5.69932e+06
583.7,5.69897e+06
583.8,5.69861e+06
583.9,5.69825e+06
584,5.69789e+06
584.1,5.69753e+06
584.2,5.69717e+06
584.3,5.69681e+06
584.4,5.69646e+06
584.5,5.6961e+06
584.6,5.69574e+06
584.7,5.69538e+06
584.8,5.69502e+06
584.9,5.69466e+06
585,5.6943e+06
585.1,5.69394e+06
585.2,5.69358e+06
585.3,5.69322e+06
585.4,5.69286e+06
585.5,5.6925e+06
585.6,5.69214e+06
585.7,5.69178e+06
585.8,5.69142e+06
585.9,5.69106e+06
586,5.6907e+06
586.1,5.69034e+06
586.2,5.68998e+06
586.3,5.68962e+06
586.4,5.68926e+06
586.5,5.6889e+06
586.6,5.68854e+06
586.7,5.68818e+06
586.8,5.68782e+06
586.9,5.68746e+06
587,5.6871e+06
587.1,5.68674e+06
587.2,5.68638e+06
587.3,5.68601e+06
587.4,5.68565e+06
587.5,5.68529e+06
587.6,5.68493e+06
587.7,5.68457e+06
587.8,5.68421e+06
587.9,5.68385e+06
588,5.68348e+06
588.1,5.68312e+06
588.2,5.68276e+06
588.3,5.6824e+06
588.4,5.68204e+06
588.5,5.68167e+06
588.6,5.68131e+06
588.7,5.68095e+06
588.8,5.68059e+06
588.9,5.68022e+06
589,5.67986e+06
589.1,5.6795e+06
589.2,5.67914e+06
589.3,5.67877e+06
589.4,5.67841e+06
589.5,5.67805e+06
589.6,5.67769e+06
589.7,5.67732e+06
589.8,5.67696e+06
589.9,5.6766e+06
590,5.67623e+06
590.1,5.67587e+06
590.2,5.67551e+06
590.3,5.67514e+06
590.4,5.67478e+06
590.5,5.67442e+06
590.6,5.67405e+06
590.7,5.67369e+06
590.8,5.67332e+06
590.9,5.67296e+06
591,5.6726e+06
591.1,5.67223e+06
591.2,5.67187e+06
591.3,5.6715e+06
591.4,5.67114e+06
591.5,5.67077e+06
591.6,5.67041e+06
591.7,5.67004e+06
591.8,5.66968e+06
591.9,5.66931e+06
592,5.66895e+06
592.1,5.66858e+06
592.2,5.66822e+06
592.3,5.66785e+06
592.4,5.66749e+06
592.5,5.66712e+06
592.6,5.66676e+06
592.7,5.66639e+06
592.8,5.66603e+06
592.9,5.66566e+06
593,5.6653e+06
593.1,5.66493e+06
593.2,5.66456e+06
593.3,5.6642e+06
593.4,5.66383e+06
593.5,5.66347e+06
593.6,5.6631e+06
593.7,5.66273e+06
593.8,5.66237e+06
593.9,5.662e+06
594,5.66163e+06
594.1,5.66127e+06
594.2,5.6609e+06
594.3,5.66053e+06
594.4,5.66017e+06
594.5,5.6598e+06
594.6,5.65943e+06
594.7,5.65907e+06
594.8,5.6587e+06
594.9,5.65833e+06
595,5.65796e+06
595.1,5.6576e+06
595.2,5.65723e+06
595.3,5.65686e+06
595.4,5.65649e+06
595.5,5.65613e+06
595.6,5.65576e+06
595.7,5.65539e+06
595.8,5.65502e+06
595.9,5.65465e+06
596,5.65429e+06
596.1,5.65392e+06
596.2,5.65355e+06
596.3,5.65318e+06
596.4,5.65281e+06
596.5,5.65244e+06
596.6,5.65208e+06
596.7,5.65171e+06
596.8,5.65134e+06
596.9,5.65097e+06
597,5.6506e+06
597.1,5.65023e+06
597.2,5.64986e+06
597.3,5.64949e+06
597.4,5.64912e+06
597.5,5.64875e+06
597.6,5.64838e+06
597.7,5.64801e+06
597.8,5.64764e+06
597.9,5.64728e+06
598,5.64691e+06
598.1,5.64654e+06
598.2,5.64617e+06
598.3,5.6458e+06
598.4,5.64543e+06
598.5,5.64506e+06
598.6,5.64469e+06
598.7,5.64432e+06
598.8,5.64394e+06
598.9,5.64357e+06
599,5.6432e+06
599.1,5.64283e+06
599.2,5.64246e+06
599.3,5.64209e+06
599.4,5.64172e+06
599.5,5.64135e+06
599.6,5.64098e+06
599.7,5.64061e+06
599.8,5.64024e+06
599.9,5.63986e+06
600,5.63949e+06
600.1,5.63912e+06
600.2,5.63875e+06
600.3,5.63838e+06
600.4,5.63801e+06
600.5,5.63764e+06
600.6,5.63726e+06
600.7,5.63689e+06
600.8,5.63652e+06
600.9,5.63615e+06
601,5.63578e+06
601.1,5.6354e+06
601.2,5.63503e+06
601.3,5.63466e+06
601.4,5.63429e+06
601.5,5.63391e+06
601.6,5.63354e+06
601.7,5.63317e+06
601.8,5.6328e+06
601.9,5.63242e+06
602,5.63205e+06
602.1,5.63168e+06
602.2,5.6313e+06
602.3,5.63093e+06
602.4,5.63056e+06
602.5,5.63018e+06
602.6,5.62981e+06
602.7,5.62944e+06
602.8,5.62906e+06
602.9,5.62869e+06
603,5.62832e+06
603.1,5.62794e+06
603.2,5.62757e+06
603.3,5.62719e+06
603.4,5.62682e+06
603.5,5.62645e+06
603.6,5.62607e+06
603.7,5.6257e+06
603.8,5.62532e+06
603.9,5.62495e+06
604,5.62457e+06
604.1,5.6242e+06
604.2,5.62383e+06
604.3,5.62345e+06
604.4,5.62308e+06
604.5,5.6227e+06
604.6,5.62233e+06
604.7,5.62195e+06
604.8,5.62158e+06
604.9,5.6212e+06
605,5.62082e+06
605.1,5.62045e+06
605.2,5.62007e+06
605.3,5.6197e+06
605.4,5.61932e+06
605.5,5.61895e+06
605.6,5.61857e+06
605.7,5.6182e+06
605.8,5.61782e+06
605.9,5.61744e+06
606,5.61707e+06
606.1,5.61669e+06
606.2,5.61631e+06
606.3,5.61594e+06
606.4,5.61556e+06
606.5,5.61518e+06
606.6,5.61481e+06
606.7,5.61443e+06
606.8,5.61406e+06
606.9,5.61368e+06
607,5.6133e+06
607.1,5.61292e+06
607.2,5.61255e+06
607.3,5.61217e+06
607.4,5.61179e+06
607.5,5.61142e+06
607.6,5.61104e+06
607.7,5.61066e+06
607.8,5.61028e+06
607.9,5.60991e+06
608,5.60953e+06
608.1,5.60915e+06
608.2,5.60877e+06
608.3,5.60839e+06
608.4,5.60802e+06
608.5,5.60764e+06
608.6,5.60726e+06
608.7,5.60688e+06
608.8,5.6065e+06
608.9,5.60612e+06
609,5.60575e+06
609.1,5.60537e+06
609.2,5.60499e+06
609.3,5.60461e+06
609.4,5.60423e+06
609.5,5.60385e+06
609.6,5.60347e+06
609.7,5.60309e+06
609.8,5.60272e+06
609.9,5.60234e+06
610,5.60196e+06
610.1,5.60158e+06
610.2,5.6012e+06
610.3,5.60082e+06
610.4,5.60044e+06
610.5,5.60006e+06
610.6,5.59968e+06
610.7,5.5993e+06
610.8,5.59892e+06
610.9,5.59854e+06
611,5.59816e+06
611.1,5.59778e+06
611.2,5.5974e+06
611.3,5.59702e+06
611.4,5.59664e+06
611.5,5.59626e+06
611.6,5.59588e+06
611.7,5.5955e+06
611.8,5.59512e+06
611.9,5.59474e+06
612,5.59435e+06
612.1,5.59397e+06
612.2,5.59359e+06
612.3,5.59321e+06
612.4,5.59283e+06
612.5,5.59245e+06
612.6,5.59207e+06
612.7,5.59169e+06
612.8,5.5913e+06
612.9,5.59092e+06
613,5.59054e+06
613.1,5.59016e+06
613.2,5.58978e+06
613.3,5.5894e+06
613.4,5.58901e+06
613.5,5.58863e+06
613.6,5.58825e+06
613.7,5.58787e+06
613.8,5.58748e+06
613.9,5.5871e+06
614,5.58672e+06
614.1,5.58634e+06
614.2,5.58595e+06
614.3,5.58557e+06
614.4,5.58519e+06
614.5,5.58481e+06
614.6,5.58442e+06
614.7,5.58404e+06
614.8,5.58366e+06
614.9,5.58327e+06
615,5.58289e+06
615.1,5.58251e+06
615.2,5.58212e+06
615.3,5.58174e+06
615.4,5.58136e+06
615.5,5.58097e+06
615.6,5.58059e+06
615.7,5.58021e+06
615.8,5.57982e+06
615.9,5.57944e+06
616,5.57905e+06
616.1,5.57867e+06
616.2,5.57829e+06
616.3,5.5779e+06
616.4,5.57752e+06
616.5,5.57713e+06
616.6,5.57675e+06
616.7,5.57636e+06
616.8,5.57598e+06
616.9,5.57559e+06
617,5.57521e+06
617.1,5.57482e+06
617.2,5.57444e+06
617.3,5.57405e+06
617.4,5.57367e+06
617.5,5.57328e+06
617.6,5.5729e+06
617.7,5.57251e+06
617.8,5.57213e+06
617.9,5.57174e+06
618,5.57136e+06
618.1,5.57097e+06
618.2,5.57058e+06
618.3,5.5702e+06
618.4,5.56981e+06
618.5,5.56943e+06
618.6,5.56904e+06
618.7,5.56865e+06
618.8,5.56827e+06
618.9,5.56788e+06
619,5.5675e+06
619.1,5.56711e+06
619.2,5.56672e+06
619.3,5.56634e+06
619.4,5.56595e+06
619.5,5.56556e+06
619.6,5.56518e+06
619.7,5.56479e+06
619.8,5.5644e+06
619.9,5.56401e+06
620,5.56363e+06
620.1,5.56324e+06
620.2,5.56285e+06
620.3,5.56246e+06
620.4,5.56208e+06
620.5,5.56169e+06
620.6,5.5613e+06
620.7,5.56092e+06
620.8,5.56053e+06
620.9,5.56014e+06
621,5.55975e+06
621.1,5.55936e+06
621.2,5.55898e+06
621.3,5.55859e+06
621.4,5.5582e+06
621.5,5.55781e+06
621.6,5.55742e+06
621.7,5.55703e+06
621.8,5.55664e+06
621.9,5.55626e+06
622,5.55587e+06
622.1,5.55548e+06
622.2,5.55509e+06
622.3,5.5547e+06
622.4,5.55431e+06
622.5,5.55392e+06
622.6,5.55353e+06
622.7,5.55314e+06
622.8,5.55275e+06
622.9,5.55236e+06
623,5.55198e+06
623.1,5.55159e+06
623.2,5.5512e+06
623.3,5.55081e+06
623.4,5.55042e+06
623.5,5.55003e+06
623.6,5.54964e+06
623.7,5.54925e+06
623.8,5.54886e+06
623.9,5.54847e+06
624,5.54808e+06
624.1,5.54768e+06
624.2,5.54729e+06
624.3,5.5469e+06
624.4,5.54651e+06
624.5,5.54612e+06
624.6,5.54573e+06
624.7,5.54534e+06
624.8,5.54495e+06
624.9,5.54456e+06
625,5.54417e+06
625.1,5.54378e+06
625.2,5.54339e+06
625.3,5.54299e+06
625.4,5.5426e+06
625.5,5.54221e+06
625.6,5.54182e+06
625.7,5.54143e+06
625.8,5.54104e+06
625.9,5.54064e+06
626,5.54025e+06
626.1,5.53986e+06
626.2,5.53947e+06
626.3,5.53908e+06
626.4,5.53868e+06
626.5,5.53829e+06
626.6,5.5379e+06
626.7,5.53751e+06
626.8,5.53711e+06
626.9,5.53672e+06
627,5.53633e+06
627.1,5.53594e+06
627.2,5.53554e+06
627.3,5.53515e+06
627.4,5.53476e+06
627.5,5.53436e+06
627.6,5.53397e+06
627.7,5.53358e+06
627.8,5.53318e+06
627.9,5.53279e+06
628,5.5324e+06
628.1,5.532e+06
628.2,5.53161e+06
628.3,5.53122e+06
628.4,5.53082e+06
628.5,5.53043e+06
628.6,5.53004e+06
628.7,5.52964e+06
628.8,5.52925e+06
628.9,5.52885e+06
629,5.52846e+06
629.1,5.52806e+06
629.2,5.52767e+06
629.3,5.52728e+06
629.4,5.52688e+06
629.5,5.52649e+06
629.6,5.52609e+06
629.7,5.5257e+06
629.8,5.5253e+06
629.9,5.52491e+06
630,5.52451e+06
630.1,5.52412e+06
630.2,5.52372e+06
630.3,5.52333e+06
630.4,5.52293e+06
630.5,5.52254e+06
630.6,5.52214e+06
630.7,5.52175e+06
630.8,5.52135e+06
630.9,5.52095e+06
631,5.52056e+06
631.1,5.52016e+06
631.2,5.51977e+06
631.3,5.51937e+06
631.4,5.51897e+06
631.5,5.51858e+06
631.6,5.51818e+06
631.7,5.51779e+06
631.8,5.51739e+06
631.9,5.51699e+06
632,5.5166e+06
632.1,5.5162e+06
632.2,5.5158e+06
632.3,5.51541e+06
632.4,5.51501e+06
632.5,5.51461e+06
632.6,5.51422e+06
632.7,5.51382e+06
632.8,5.51342e+06
632.9,5.51302e+06
633,5.51263e+06
633.1,5.51223e+06
633.2,5.51183e+06
633.3,5.51143e+06
633.4,5.51104e+06
633.5,5.51064e+06
633.6,5.51024e+06
633.7,5.50984e+06
633.8,5.50944e+06
633.9,5.50905e+06
634,5.50865e+06
634.1,5.50825e+06
634.2,5.50785e+06
634.3,5.50745e+06
634.4,5.50706e+06
634.5,5.50666e+06
634.6,5.50626e+06
634.7,5.50586e+06
634.8,5.50546e+06
634.9,5.50506e+06
635,5.50466e+06
635.1,5.50426e+06
635.2,5.50386e+06
635.3,5.50347e+06
635.4,5.50307e+06
635.5,5.50267e+06
635.6,5.50227e+06
635.7,5.50187e+06
635.8,5.50147e+06
635.9,5.50107e+06
636,5.50067e+06
636.1,5.50027e+06
636.2,5.49987e+06
636.3,5.49947e+06
636.4,5.49907e+06
636.5,5.49867e+06
636.6,5.49827e+06
636.7,5.49787e+06
636.8,5.49747e+06
636.9,5.49707e+06
637,5.49667e+06
637.1,5.49627e+06
637.2,5.49587e+06
637.3,5.49547e+06
637.4,5.49507e+06
637.5,5.49467e+06
637.6,5.49426e+06
637.7,5.49386e+06
637.8,5.49346e+06
637.9,5.49306e+06
638,5.49266e+06
638.1,5.49226e+06
638.2,5.49186e+06
638.3,5.49146e+06
638.4,5.49105e+06
638.5,5.49065e+06
638.6,5.49025e+06
638.7,5.48985e+06
638.8,5.48945e+06
638.9,5.48905e+06
639,5.48864e+06
639.1,5.48824e+06
639.2,5.48784e+06
639.3,5.48744e+06
639.4,5.48704e+06
639.5,5.48663e+06
639.6,5.48623e+06
639.7,5.48583e+06
639.8,5.48542e+06
639.9,5.48502e+06
640,5.48462e+06
640.1,5.48422e+06
640.2,5.48381e+06
640.3,5.48341e+06
640.4,5.48301e+06
640.5,5.4826e+06
640.6,5.4822e+06
640.7,5.4818e+06
640.8,5.48139e+06
640.9,5.48099e+06
641,5.48059e+06
641.1,5.48018e+06
641.2,5.47978e+06
641.3,5.47938e+06
641.4,5.47897e+06
641.5,5.47857e+06
641.6,5.47816e+06
641.7,5.47776e+06
641.8,5.47736e+06
641.9,5.47695e+06
642,5.47655e+06
642.1,5.47614e+06
642.2,5.47574e+06
642.3,5.47533e+06
642.4,5.47493e+06
642.5,5.47453e+06
642.6,5.47412e+06
642.7,5.47372e+06
642.8,5.47331e+06
642.9,5.47291e+06
643,5.4725e+06
643.1,5.4721e+06
643.2,5.47169e+06
643.3,5.47128e+06
643.4,5.47088e+06
643.5,5.47047e+06
643.6,5.47007e+06
643.7,5.46966e+06
643.8,5.46926e+06
643.9,5.46885e+06
644,5.46845e+06
644.1,5.46804e+06
644.2,5.46763e+06
644.3,5.46723e+06
644.4,5.46682e+06
644.5,5.46642e+06
644.6,5.46601e+06
644.7,5.4656e+06
644.8,5.4652e+06
644.9,5.46479e+06
645,5.46438e+06
645.1,5.46398e+06
645.2,5.46357e+06
645.3,5.46316e+06
645.4,5.46276e+06
645.5,5.46235e+06
645.6,5.46194e+06
645.7,5.46153e+06
645.8,5.46113e+06
645.9,5.46072e+06
646,5.46031e+06
646.1,5.4599e+06
646.2,5.4595e+06
646.3,5.45909e+06
646.4,5.45868e+06
646.5,5.45827e+06
646.6,5.45787e+06
646.7,5.45746e+06
646.8,5.45705e+06
646.9,5.45664e+06
647,5.45623e+06
647.1,5.45583e+06
647.2,5.45542e+06
647.3,5.45501e+06
647.4,5.4546e+06
647.5,5.45419e+06
647.6,5.45378e+06
647.7,5.45338e+06
647.8,5.45297e+06
647.9,5.45256e+06
648,5.45215e+06
648.1,5.45174e+06
648.2,5.45133e+06
648.3,5.45092e+06
648.4,5.45051e+06
648.5,5.4501e+06
648.6,5.44969e+06
648.7,5.44928e+06
648.8,5.44887e+06
648.9,5.44846e+06
649,5.44806e+06
649.1,5.44765e+06
649.2,5.44724e+06
649.3,5.44683e+06
649.4,5.44642e+06
649.5,5.44601e+06
649.6,5.4456e+06
649.7,5.44519e+06
649.8,5.44478e+06
649.9,5.44436e+06
650,5.44395e+06
650.1,5.44354e+06
650.2,5.44313e+06
650.3,5.44272e+06
650.4,5.44231e+06
650.5,5.4419e+06
650.6,5.44149e+06
650.7,5.44108e+06
650.8,5.44067e+06
650.9,5.44026e+06
651,5.43985e+06
651.1,5.43943e+06
651.2,5.43902e+06
651.3,5.43861e+06
651.4,5.4382e+06
651.5,5.43779e+06
651.6,5.43738e+06
651.7,5.43696e+06
651.8,5.43655e+06
651.9,5.43614e+06
652,5.43573e+06
652.1,5.43532e+06
652.2,5.4349e+06
652.3,5.43449e+06
652.4,5.43408e+06
652.5,5.43367e+06
652.6,5.43326e+06
652.7,5.43284e+06
652.8,5.43243e+06
652.9,5.43202e+06
653,5.43161e+06
653.1,5.43119e+06
653.2,5.43078e+06
653.3,5.43037e+06
653.4,5.42995e+06
653.5,5.42954e+06
653.6,5.42913e+06
653.7,5.42871e+06
653.8,5.4283e+06
653.9,5.42789e+06
654,5.42747e+06
654.1,5.42706e+06
654.2,5.42665e+06
654.3,5.42623e+06
654.4,5.42582e+06
654.5,5.4254e+06
654.6,5.42499e+06
654.7,5.42458e+06
654.8,5.42416e+06
654.9,5.42375e+06
655,5.42333e+06
655.1,5.42292e+06
655.2,5.42251e+06
655.3,5.42209e+06
655.4,5.42168e+06
655.5,5.42126e+06
655.6,5.42085e+06
655.7,5.42043e+06
655.8,5.42002e+06
655.9,5.4196e+06
656,5.41919e+06
656.1,5.41877e+06
656.2,5.41836e+06
656.3,5.41794e+06
656.4,5.41753e+06
656.5,5.41711e+06
656.6,5.4167e+06
656.7,5.41628e+06
656.8,5.41586e+06
656.9,5.41545e+06
657,5.41503e+06
657.1,5.41462e+06
657.2,5.4142e+06
657.3,5.41378e+06
657.4,5.41337e+06
657.5,5.41295e+06
657.6,5.41254e+06
657.7,5.41212e+06
657.8,5.4117e+06
657.9,5.41129e+06
658,5.41087e+06
658.1,5.41045e+06
658.2,5.41004e+06
658.3,5.40962e+06
658.4,5.4092e+06
658.5,5.40879e+06
658.6,5.40837e+06
658.7,5.40795e+06
658.8,5.40754e+06
658.9,5.40712e+06
659,5.4067e+06
659.1,5.40628e+06
659.2,5.40587e+06
659.3,5.40545e+06
659.4,5.40503e+06
659.5,5.40461e+06
659.6,5.4042e+06
659.7,5.40378e+06
659.8,5.40336e+06
659.9,5.40294e+06
660,5.40252e+06
660.1,5.40211e+06
660.2,5.40169e+06
660.3,5.40127e+06
660.4,5.40085e+06
660.5,5.40043e+06
660.6,5.40001e+06
660.7,5.3996e+06
660.8,5.39918e+06
660.9,5.39876e+06
661,5.39834e+06
661.1,5.39792e+06
661.2,5.3975e+06
661.3,5.39708e+06
661.4,5.39666e+06
661.5,5.39624e+06
661.6,5.39582e+06
661.7,5.39541e+06
661.8,5.39499e+06
661.9,5.39457e+06
662,5.39415e+06
662.1,5.39373e+06
662.2,5.39331e+06
662.3,5.39289e+06
662.4,5.39247e+06
662.5,5.39205e+06
662.6,5.39163e+06
662.7,5.39121e+06
662.8,5.39079e+06
662.9,5.39037e+06
663,5.38995e+06
663.1,5.38953e+06
663.2,5.38911e+06
663.3,5.38869e+06
663.4,5.38826e+06
663.5,5.38784e+06
663.6,5.38742e+06
663.7,5.387e+06
663.8,5.38658e+06
663.9,5.38616e+06
664,5.38574e+06
664.1,5.38532e+06
664.2,5.3849e+06
664.3,5.38448e+06
664.4,5.38405e+06
664.5,5.38363e+06
664.6,5.38321e+06
664.7,5.38279e+06
664.8,5.38237e+06
664.9,5.38195e+06
665,5.38152e+06
665.1,5.3811e+06
665.2,5.38068e+06
665.3,5.38026e+06
665.4,5.37984e+06
665.5,5.37941e+06
665.6,5.37899e+06
665.7,5.37857e+06
665.8,5.37815e+06
665.9,5.37772e+06
666,5.3773e+06
666.1,5.37688e+06
666.2,5.37646e+06
666.3,5.37603e+06
666.4,5.37561e+06
666.5,5.37519e+06
666.6,5.37476e+06
666.7,5.37434e+06
666.8,5.37392e+06
666.9,5.3735e+06
667,5.37307e+06
667.1,5.37265e+06
667.2,5.37222e+06
667.3,5.3718e+06
667.4,5.37138e+06
667.5,5.37095e+06
667.6,5.37053e+06
667.7,5.37011e+06
667.8,5.36968e+06
667.9,5.36926e+06
668,5.36883e+06
668.1,5.36841e+06
668.2,5.36799e+06
668.3,5.36756e+06
668.4,5.36714e+06
668.5,5.36671e+06
668.6,5.36629e+06
668.7,5.36586e+06
668.8,5.36544e+06
668.9,5.36501e+06
669,5.36459e+06
669.1,5.36416e+06
669.2,5.36374e+06
669.3,5.36331e+06
669.4,5.36289e+06
669.5,5.36246e+06
669.6,5.36204e+06
669.7,5.36161e+06
669.8,5.36119e+06
669.9,5.36076e+06
670,5.36034e+06
670.1,5.35991e+06
670.2,5.35948e+06
670.3,5.35906e+06
670.4,5.35863e+06
670.5,5.35821e+06
670.6,5.35778e+06
670.7,5.35736e+06
670.8,5.35693e+06
670.9,5.3565e+06
671,5.35608e+06
671.1,5.35565e+06
671.2,5.35522e+06
671.3,5.3548e+06
671.4,5.35437e+06
671.5,5.35394e+06
671.6,5.35352e+06
671.7,5.35309e+06
671.8,5.35266e+06
671.9,5.35224e+06
672,5.35181e+06
672.1,5.35138e+06
672.2,5.35095e+06
672.3,5.35053e+06
672.4,5.3501e+06
672.5,5.34967e+06
672.6,5.34924e+06
672.7,5.34882e+06
672.8,5.34839e+06
672.9,5.34796e+06
673,5.34753e+06
673.1,5.3471e+06
673.2,5.34668e+06
673.3,5.34625e+06
673.4,5.34582e+06
673.5,5.34539e+06
673.6,5.34496e+06
673.7,5.34454e+06
673.8,5.34411e+06
673.9,5.34368e+06
674,5.34325e+06
674.1,5.34282e+06
674.2,5.34239e+06
674.3,5.34196e+06
674.4,5.34154e+06
674.5,5.34111e+06
674.6,5.34068e+06
674.7,5.34025e+06
674.8,5.33982e+06
674.9,5.33939e+06
675,5.33896e+06
675.1,5.33853e+06
675.2,5.3381e+06
675.3,5.33767e+06
675.4,5.33724e+06
675.5,5.33681e+06
675.6,5.33638e+06
675.7,5.33595e+06
675.8,5.33552e+06
675.9,5.33509e+06
676,5.33466e+06
676.1,5.33423e+06
676.2,5.3338e+06
676.3,5.33337e+06
676.4,5.33294e+06
676.5,5.33251e+06
676.6,5.33208e+06
676.7,5.33165e+06
676.8,5.33122e+06
676.9,5.33079e+06
677,5.33036e+06
677.1,5.32993e+06
677.2,5.3295e+06
677.3,5.32906e+06
677.4,5.32863e+06
677.5,5.3282e+06
677.6,5.32777e+06
677.7,5.32734e+06
677.8,5.32691e+06
677.9,5.32648e+06
678,5.32604e+06
678.1,5.32561e+06
678.2,5.32518e+06
678.3,5.32475e+06
678.4,5.32432e+06
678.5,5.32389e+06
678.6,5.32345e+06
678.7,5.32302e+06
678.8,5.32259e+06
678.9,5.32216e+06
679,5.32172e+06
679.1,5.32129e+06
679.2,5.32086e+06
679.3,5.32043e+06
679.4,5.32e+06
679.5,5.31956e+06
679.6,5.31913e+06
679.7,5.3187e+06
679.8,5.31826e+06
679.9,5.31783e+06
680,5.3174e+06
680.1,5.31696e+06
680.2,5.31653e+06
680.3,5.3161e+06
680.4,5.31566e+06
680.5,5.31523e+06
680.6,5.3148e+06
680.7,5.31436e+06
680.8,5.31393e+06
680.9,5.3135e+06
681,5.31306e+06
681.1,5.31263e+06
681.2,5.3122e+06
681.3,5.31176e+06
681.4,5.31133e+06
681.5,5.31089e+06
681.6,5.31046e+06
681.7,5.31002e+06
681.8,5.30959e+06
681.9,5.30916e+06
682,5.30872e+06
682.1,5.30829e+06
682.2,5.30785e+06
682.3,5.30742e+06
682.4,5.30698e+06
682.5,5.30655e+06
682.6,5.30611e+06
682.7,5.30568e+06
682.8,5.30524e+06
682.9,5.30481e+06
683,5.30437e+06
683.1,5.30394e+06
683.2,5.3035e+06
683.3,5.30306e+06
683.4,5.30263e+06
683.5,5.30219e+06
683.6,5.30176e+06
683.7,5.30132e+06
683.8,5.30089e+06
683.9,5.30045e+06
684,5.30001e+06
684.1,5.29958e+06
684.2,5.29914e+06
684.3,5.2987e+06
684.4,5.29827e+06
684.5,5.29783e+06
684.6,5.2974e+06
684.7,5.29696e+06
684.8,5.29652e+06
684.9,5.29609e+06
685,5.29565e+06
685.1,5.29521e+06
685.2,5.29478e+06
685.3,5.29434e+06
685.4,5.2939e+06
685.5,5.29346e+06
685.6,5.29303e+06
685.7,5.29259e+06
685.8,5.29215e+06
685.9,5.29171e+06
686,5.29128e+06
686.1,5.29084e+06
686.2,5.2904e+06
686.3,5.28996e+06
686.4,5.28953e+06
686.5,5.28909e+06
686.6,5.28865e+06
686.7,5.28821e+06
686.8,5.28777e+06
686.9,5.28734e+06
687,5.2869e+06
687.1,5.28646e+06
687.2,5.28602e+06
687.3,5.28558e+06
687.4,5.28514e+06
687.5,5.2847e+06
687.6,5.28427e+06
687.7,5.28383e+06
687.8,5.28339e+06
687.9,5.28295e+06
688,5.28251e+06
688.1,5.28207e+06
688.2,5.28163e+06
688.3,5.28119e+06
688.4,5.28075e+06
688.5,5.28031e+06
688.6,5.27988e+06
688.7,5.27944e+06
688.8,5.279e+06
688.9,5.27856e+06
689,5.27812e+06
689.1,5.27768e+06
689.2,5.27724e+06
689.3,5.2768e+06
689.4,5.27636e+06
689.5,5.27592e+06
689.6,5.27548e+06
689.7,5.27504e+06
689.8,5.2746e+06
689.9,5.27416e+06
690,5.27372e+06
690.1,5.27327e+06
690.2,5.27283e+06
690.3,5.27239e+06
690.4,5.27195e+06
690.5,5.27151e+06
690.6,5.27107e+06
690.7,5.27063e+06
690.8,5.27019e+06
690.9,5.26975e+06
691,5.26931e+06
691.1,5.26886e+06
691.2,5.26842e+06
691.3,5.26798e+06
691.4,5.26754e+06
691.5,5.2671e+06
691.6,5.26666e+06
691.7,5.26622e+06
691.8,5.26577e+06
691.9,5.26533e+06
692,5.26489e+06
692.1,5.26445e+06
692.2,5.26401e+06
692.3,5.26356e+06
692.4,5.26312e+06
692.5,5.26268e+06
692.6,5.26224e+06
692.7,5.26179e+06
692.8,5.26135e+06
692.9,5.26091e+06
693,5.26047e+06
693.1,5.26002e+06
693.2,5.25958e+06
693.3,5.25914e+06
693.4,5.2587e+06
693.5,5.25825e+06
693.6,5.25781e+06
693.7,5.25737e+06
693.8,5.25692e+06
693.9,5.25648e+06
694,5.25604e+06
694.1,5.25559e+06
694.2,5.25515e+06
694.3,5.2547e+06
694.4,5.25426e+06
694.5,5.25382e+06
694.6,5.25337e+06
694.7,5.25293e+06
694.8,5.25249e+06
694.9,5.25204e+06
695,5.2516e+06
695.1,5.25115e+06
695.2,5.25071e+06
695.3,5.25026e+06
695.4,5.24982e+06
695.5,5.24938e+06
695.6,5.24893e+06
695.7,5.24849e+06
695.8,5.24804e+06
695.9,5.2476e+06
696,5.24715e+06
696.1,5.24671e+06
696.2,5.24626e+06
696.3,5.24582e+06
696.4,5.24537e+06
696.5,5.24493e+06
696.6,5.24448e+06
696.7,5.24404e+06
696.8,5.24359e+06
696.9,5.24314e+06
697,5.2427e+06
697.1,5.24225e+06
697.2,5.24181e+06
697.3,5.24136e+06
697.4,5.24092e+06
697.5,5.24047e+06
697.6,5.24002e+06
697.7,5.23958e+06
697.8,5.23913e+06
697.9,5.23868e+06
698,5.23824e+06
698.1,5.23779e+06
698.2,5.23735e+06
698.3,5.2369e+06
698.4,5.23645e+06
698.5,5.23601e+06
698.6,5.23556e+06
698.7,5.23511e+06
698.8,5.23466e+06
698.9,5.23422e+06
699,5.23377e+06
699.1,5.23332e+06
699.2,5.23288e+06
699.3,5.23243e+06
699.4,5.23198e+06
699.5,5.23153e+06
699.6,5.23109e+06
699.7,5.23064e+06
699.8,5.23019e+06
699.9,5.22974e+06
700,5.2293e+06
700.1,5.22885e+06
700.2,5.2284e+06
700.3,5.22795e+06
700.4,5.2275e+06
700.5,5.22706e+06
700.6,5.22661e+06
700.7,5.22616e+06
700.8,5.22571e+06
700.9,5.22526e+06
701,5.22481e+06
701.1,5.22437e+06
701.2,5.22392e+06
701.3,5.22347e+06
701.4,5.22302e+06
701.5,5.22257e+06
701.6,5.22212e+06
701.7,5.22167e+06
701.8,5.22122e+06
701.9,5.22077e+06
702,5.22032e+06
702.1,5.21988e+06
702.2,5.21943e+06
702.3,5.21898e+06
702.4,5.21853e+06
702.5,5.21808e+06
702.6,5.21763e+06
702.7,5.21718e+06
702.8,5.21673e+06
702.9,5.21628e+06
703,5.21583e+06
703.1,5.21538e+06
703.2,5.21493e+06
703.3,5.21448e+06
703.4,5.21403e+06
703.5,5.21358e+06
703.6,5.21313e+06
703.7,5.21268e+06
703.8,5.21223e+06
703.9,5.21178e+06
704,5.21132e+06
704.1,5.21087e+06
704.2,5.21042e+06
704.3,5.20997e+06
704.4,5.20952e+06
704.5,5.20907e+06
704.6,5.20862e+06
704.7,5.20817e+06
704.8,5.20772e+06
704.9,5.20726e+06
705,5.20681e+06
705.1,5.20636e+06
705.2,5.20591e+06
705.3,5.20546e+06
705.4,5.20501e+06
705.5,5.20456e+06
705.6,5.2041e+06
705.7,5.20365e+06
705.8,5.2032e+06
705.9,5.20275e+06
706,5.2023e+06
706.1,5.20184e+06
706.2,5.20139e+06
706.3,5.20094e+06
706.4,5.20049e+06
706.5,5.20003e+06
706.6,5.19958e+06
706.7,5.19913e+06
706.8,5.19868e+06
706.9,5.19822e+06
707,5.19777e+06
707.1,5.19732e+06
707.2,5.19686e+06
707.3,5.19641e+06
707.4,5.19596e+06
707.5,5.1955e+06
707.6,5.19505e+06
707.7,5.1946e+06
707.8,5.19414e+06
707.9,5.19369e+06
708,5.19324e+06
708.1,5.19278e+06
708.2,5.19233e+06
708.3,5.19187e+06
708.4,5.19142e+06
708.5,5.19097e+06
708.6,5.19051e+06
708.7,5.19006e+06
708.8,5.1896e+06
708.9,5.18915e+06
709,5.1887e+06
709.1,5.18824e+06
709.2,5.18779e+06
709.3,5.18733e+06
709.4,5.18688e+06
709.5,5.18642e+06
709.6,5.18597e+06
709.7,5.18551e+06
709.8,5.18506e+06
709.9,5.1846e+06
710,5.18415e+06
710.1,5.18369e+06
710.2,5.18324e+06
710.3,5.18278e+06
710.4,5.18233e+06
710.5,5.18187e+06
710.6,5.18142e+06
710.7,5.18096e+06
710.8,5.1805e+06
710.9,5.18005e+06
711,5.17959e+06
711.1,5.17914e+06
711.2,5.17868e+06
711.3,5.17823e+06
711.4,5.17777e+06
711.5,5.17731e+06
711.6,5.17686e+06
711.7,5.1764e+06
711.8,5.17594e+06
711.9,5.17549e+06
712,5.17503e+06
712.1,5.17458e+06
712.2,5.17412e+06
712.3,5.17366e+06
712.4,5.1732e+06
712.5,5.17275e+06
712.6,5.17229e+06
712.7,5.17183e+06
712.8,5.17138e+06
712.9,5.17092e+06
713,5.17046e+06
713.1,5.17001e+06
713.2,5.16955e+06
713.3,5.16909e+06
713.4,5.16863e+06
713.5,5.16818e+06
713.6,5.16772e+06
713.7,5.16726e+06
713.8,5.1668e+06
713.9,5.16634e+06
714,5.16589e+06
714.1,5.16543e+06
714.2,5.16497e+06
714.3,5.16451e+06
714.4,5.16405e+06
714.5,5.1636e+06
714.6,5.16314e+06
714.7,5.16268e+06
714.8,5.16222e+06
714.9,5.16176e+06
715,5.1613e+06
715.1,5.16084e+06
715.2,5.16039e+06
715.3,5.15993e+06
715.4,5.15947e+06
715.5,5.15901e+06
715.6,5.15855e+06
715.7,5.15809e+06
715.8,5.15763e+06
715.9,5.15717e+06
716,5.15671e+06
716.1,5.15625e+06
716.2,5.15579e+06
716.3,5.15533e+06
716.4,5.15488e+06
716.5,5.15442e+06
716.6,5.15396e+06
716.7,5.1535e+06
716.8,5.15304e+06
716.9,5.15258e+06
717,5.15212e+06
717.1,5.15166e+06
717.2,5.1512e+06
717.3,5.15074e+06
717.4,5.15027e+06
717.5,5.14981e+06
717.6,5.14935e+06
717.7,5.14889e+06
717.8,5.14843e+06
717.9,5.14797e+06
718,5.14751e+06
718.1,5.14705e+06
718.2,5.14659e+06
718.3,5.14613e+06
718.4,5.14567e+06
718.5,5.14521e+06
718.6,5.14474e+06
718.7,5.14428e+06
718.8,5.14382e+06
718.9,5.14336e+06
719,5.1429e+06
719.1,5.14244e+06
719.2,5.14198e+06
719.3,5.14151e+06
719.4,5.14105e+06
719.5,5.14059e+06
719.6,5.14013e+06
719.7,5.13967e+06
719.8,5.1392e+06
719.9,5.13874e+06
720,5.13828e+06
720.1,5.13782e+06
720.2,5.13736e+06
720.3,5.13689e+06
720.4,5.13643e+06
720.5,5.13597e+06
720.6,5.13551e+06
720.7,5.13504e+06
720.8,5.13458e+06
720.9,5.13412e+06
721,5.13365e+06
721.1,5.13319e+06
721.2,5.13273e+06
721.3,5.13226e+06
721.4,5.1318e+06
721.5,5.13134e+06
721.6,5.13088e+06
721.7,5.13041e+06
721.8,5.12995e+06
721.9,5.12948e+06
722,5.12902e+06
722.1,5.12856e+06
722.2,5.12809e+06
722.3,5.12763e+06
722.4,5.12717e+06
722.5,5.1267e+06
722.6,5.12624e+06
722.7,5.12577e+06
722.8,5.12531e+06
722.9,5.12484e+06
723,5.12438e+06
723.1,5.12392e+06
723.2,5.12345e+06
723.3,5.12299e+06
723.4,5.12252e+06
723.5,5.12206e+06
723.6,5.12159e+06
723.7,5.12113e+06
723.8,5.12066e+06
723.9,5.1202e+06
724,5.11973e+06
724.1,5.11927e+06
724.2,5.1188e+06
724.3,5.11834e+06
724.4,5.11787e+06
724.5,5.11741e+06
724.6,5.11694e+06
724.7,5.11648e+06
724.8,5.11601e+06
724.9,5.11554e+06
725,5.11508e+06
725.1,5.11461e+06
725.2,5.11415e+06
725.3,5.11368e+06
725.4,5.11321e+06
725.5,5.11275e+06
725.6,5.11228e+06
725.7,5.11182e+06
725.8,5.11135e+06
725.9,5.11088e+06
726,5.11042e+06
726.1,5.10995e+06
726.2,5.10948e+06
726.3,5.10902e+06
726.4,5.10855e+06
726.5,5.10808e+06
726.6,5.10762e+06
726.7,5.10715e+06
726.8,5.10668e+06
726.9,5.10622e+06
727,5.10575e+06
727.1,5.10528e+06
727.2,5.10481e+06
727.3,5.10435e+06
727.4,5.10388e+06
727.5,5.10341e+06
727.6,5.10294e+06
727.7,5.10248e+06
727.8,5.10201e+06
727.9,5.10154e+06
728,5.10107e+06
728.1,5.1006e+06
728.2,5.10014e+06
728.3,5.09967e+06
728.4,5.0992e+06
728.5,5.09873e+06
728.6,5.09826e+06
728.7,5.09779e+06
728.8,5.09733e+06
728.9,5.09686e+06
729,5.09639e+06
729.1,5.09592e+06
729.2,5.09545e+06
729.3,5.09498e+06
729.4,5.09451e+06
729.5,5.09404e+06
729.6,5.09358e+06
729.7,5.09311e+06
729.8,5.09264e+06
729.9,5.09217e+06
730,5.0917e+06
730.1,5.09123e+06
730.2,5.09076e+06
730.3,5.09029e+06
730.4,5.08982e+06
730.5,5.08935e+06
730.6,5.08888e+06
730.7,5.08841e+06
730.8,5.08794e+06
730.9,5.08747e+06
731,5.087e+06
731.1,5.08653e+06
731.2,5.08606e+06
731.3,5.08559e+06
731.4,5.08512e+06
731.5,5.08465e+06
731.6,5.08418e+06
731.7,5.08371e+06
731.8,5.08324e+06
731.9,5.08277e+06
732,5.0823e+06
732.1,5.08182e+06
732.2,5.08135e+06
732.3,5.08088e+06
732.4,5.08041e+06
732.5,5.07994e+06
732.6,5.07947e+06
732.7,5.079e+06
732.8,5.07853e+06
732.9,5.07806e+06
733,5.07758e+06
733.1,5.07711e+06
733.2,5.07664e+06
733.3,5.07617e+06
733.4,5.0757e+06
733.5,5.07523e+06
733.6,5.07475e+06
733.7,5.07428e+06
733.8,5.07381e+06
733.9,5.07334e+06
734,5.07287e+06
734.1,5.07239e+06
734.2,5.07192e+06
734.3,5.07145e+06
734.4,5.07098e+06
734.5,5.0705e+06
734.6,5.07003e+06
734.7,5.06956e+06
734.8,5.06909e+06
734.9,5.06861e+06
735,5.06814e+06
735.1,5.06767e+06
735.2,5.06719e+06
735.3,5.06672e+06
735.4,5.06625e+06
735.5,5.06578e+06
735.6,5.0653e+06
735.7,5.06483e+06
735.8,5.06436e+06
735.9,5.06388e+06
736,5.06341e+06
736.1,5.06293e+06
736.2,5.06246e+06
736.3,5.06199e+06
736.4,5.06151e+06
736.5,5.06104e+06
736.6,5.06056e+06
736.7,5.06009e+06
736.8,5.05962e+06
736.9,5.05914e+06
737,5.05867e+06
737.1,5.05819e+06
737.2,5.05772e+06
737.3,5.05724e+06
737.4,5.05677e+06
737.5,5.0563e+06
737.6,5.05582e+06
737.7,5.05535e+06
737.8,5.05487e+06
737.9,5.0544e+06
738,5.05392e+06
738.1,5.05345e+06
738.2,5.05297e+06
738.3,5.0525e+06
738.4,5.05202e+06
738.5,5.05155e+06
738.6,5.05107e+06
738.7,5.05059e+06
738.8,5.05012e+06
738.9,5.04964e+06
739,5.04917e+06
739.1,5.04869e+06
739.2,5.04822e+06
739.3,5.04774e+06
739.4,5.04726e+06
739.5,5.04679e+06
739.6,5.04631e+06
739.7,5.04584e+06
739.8,5.04536e+06
739.9,5.04488e+06
740,5.04441e+06
740.1,5.04393e+06
740.2,5.04345e+06
740.3,5.04298e+06
740.4,5.0425e+06
740.5,5.04202e+06
740.6,5.04155e+06
740.7,5.04107e+06
740.8,5.04059e+06
740.9,5.04012e+06
741,5.03964e+06
741.1,5.03916e+06
741.2,5.03869e+06
741.3,5.03821e+06
741.4,5.03773e+06
741.5,5.03725e+06
741.6,5.03678e+06
741.7,5.0363e+06
741.8,5.03582e+06
741.9,5.03534e+06
742,5.03487e+06
742.1,5.03439e+06
742.2,5.03391e+06
742.3,5.03343e+06
742.4,5.03295e+06
742.5,5.03248e+06
742.6,5.032e+06
742.7,5.03152e+06
742.8,5.03104e+06
742.9,5.03056e+06
743,5.03008e+06
743.1,5.0296e+06
743.2,5.02913e+06
743.3,5.02865e+06
743.4,5.02817e+06
743.5,5.02769e+06
743.6,5.02721e+06
743.7,5.02673e+06
743.8,5.02625e+06
743.9,5.02577e+06
744,5.0253e+06
744.1,5.02482e+06
744.2,5.02434e+06
744.3,5.02386e+06
744.4,5.02338e+06
744.5,5.0229e+06
744.6,5.02242e+06
744.7,5.02194e+06
744.8,5.02146e+06
744.9,5.02098e+06
745,5.0205e+06
745.1,5.02002e+06
745.2,5.01954e+06
745.3,5.01906e+06
745.4,5.01858e+06
745.5,5.0181e+06
745.6,5.01762e+06
745.7,5.01714e+06
745.8,5.01666e+06
745.9,5.01618e+06
746,5.0157e+06
746.1,5.01522e+06
746.2,5.01474e+06
746.3,5.01426e+06
746.4,5.01377e+06
746.5,5.01329e+06
746.6,5.01281e+06
746.7,5.01233e+06
746.8,5.01185e+06
746.9,5.01137e+06
747,5.01089e+06
747.1,5.01041e+06
747.2,5.00993e+06
747.3,5.00944e+06
747.4,5.00896e+06
747.5,5.00848e+06
747.6,5.008e+06
747.7,5.00752e+06
747.8,5.00704e+06
747.9,5.00655e+06
748,5.00607e+06
748.1,5.00559e+06
748.2,5.00511e+06
748.3,5.00463e+06
748.4,5.00414e+06
748.5,5.00366e+06
748.6,5.00318e+06
748.7,5.0027e+06
748.8,5.00221e+06
748.9,5.00173e+06
749,5.00125e+06
749.1,5.00077e+06
749.2,5.00028e+06
749.3,4.9998e+06
749.4,4.99932e+06
749.5,4.99883e+06
749.6,4.99835e+06
749.7,4.99787e+06
749.8,4.99739e+06
749.9,4.9969e+06
750,4.99642e+06
750.1,4.99594e+06
750.2,4.99545e+06
750.3,4.99497e+06
750.4,4.99448e+06
750.5,4.994e+06
750.6,4.99352e+06
750.7,4.99303e+06
750.8,4.99255e+06
750.9,4.99207e+06
751,4.99158e+06
751.1,4.9911e+06
751.2,4.99061e+06
751.3,4.99013e+06
751.4,4.98964e+06
751.5,4.98916e+06
751.6,4.98868e+06
751.7,4.98819e+06
751.8,4.98771e+06
751.9,4.98722e+06
752,4.98674e+06
752.1,4.98625e+06
752.2,4.98577e+06
752.3,4.98528e+06
752.4,4.9848e+06
752.5,4.98431e+06
752.6,4.98383e+06
752.7,4.98334e+06
752.8,4.98286e+06
752.9,4.98237e+06
753,4.98189e+06
753.1,4.9814e+06
753.2,4.98092e+06
753.3,4.98043e+06
753.4,4.97994e+06
753.5,4.97946e+06
753.6,4.97897e+06
753.7,4.97849e+06
753.8,4.978e+06
753.9,4.97752e+06
754,4.97703e+06
754.1,4.97654e+06
754.2,4.97606e+06
754.3,4.97557e+06
754.4,4.97508e+06
754.5,4.9746e+06
754.6,4.97411e+06
754.7,4.97362e+06
754.8,4.97314e+06
754.9,4.97265e+06
755,4.97216e+06
755.1,4.97168e+06
755.2,4.97119e+06
755.3,4.9707e+06
755.4,4.97022e+06
755.5,4.96973e+06
755.6,4.96924e+06
755.7,4.96876e+06
755.8,4.96827e+06
755.9,4.96778e+06
756,4.96729e+06
756.1,4.9668e+06
756.2,4.96632e+06
756.3,4.96583e+06
756.4,4.96534e+06
756.5,4.96485e+06
756.6,4.96437e+06
756.7,4.96388e+06
756.8,4.96339e+06
756.9,4.9629e+06
757,4.96241e+06
757.1,4.96193e+06
757.2,4.96144e+06
757.3,4.96095e+06
757.4,4.96046e+06
757.5,4.95997e+06
757.6,4.95948e+06
757.7,4.959e+06
757.8,4.95851e+06
757.9,4.95802e+06
758,4.95753e+06
758.1,4.95704e+06
758.2,4.95655e+06
758.3,4.95606e+06
758.4,4.95557e+06
758.5,4.95508e+06
758.6,4.9546e+06
758.7,4.95411e+06
758.8,4.95362e+06
758.9,4.95313e+06
759,4.95264e+06
759.1,4.95215e+06
759.2,4.95166e+06
759.3,4.95117e+06
759.4,4.95068e+06
759.5,4.95019e+06
759.6,4.9497e+06
759.7,4.94921e+06
759.8,4.94872e+06
759.9,4.94823e+06
760,4.94774e+06
760.1,4.94725e+06
760.2,4.94676e+06
760.3,4.94627e+06
760.4,4.94578e+06
760.5,4.94529e+06
760.6,4.9448e+06
760.7,4.9443e+06
760.8,4.94381e+06
760.9,4.94332e+06
761,4.94283e+06
761.1,4.94234e+06
761.2,4.94185e+06
761.3,4.94136e+06
761.4,4.94087e+06
761.5,4.94038e+06
761.6,4.93989e+06
761.7,4.93939e+06
761.8,4.9389e+06
761.9,4.93841e+06
762,4.93792e+06
762.1,4.93743e+06
762.2,4.93694e+06
762.3,4.93644e+06
762.4,4.93595e+06
762.5,4.93546e+06
762.6,4.93497e+06
762.7,4.93448e+06
762.8,4.93398e+06
762.9,4.93349e+06
763,4.933e+06
763.1,4.93251e+06
763.2,4.93202e+06
763.3,4.93152e+06
763.4,4.93103e+06
763.5,4.93054e+06
763.6,4.93005e+06
763.7,4.92955e+06
763.8,4.92906e+06
763.9,4.92857e+06
764,4.92807e+06
764.1,4.92758e+06
764.2,4.92709e+06
764.3,4.9266e+06
764.4,4.9261e+06
764.5,4.92561e+06
764.6,4.92512e+06
764.7,4.92462e+06
764.8,4.92413e+06
764.9,4.92364e+06
765,4.92314e+06
765.1,4.92265e+06
765.2,4.92215e+06
765.3,4.92166e+06
765.4,4.92117e+06
765.5,4.92067e+06
765.6,4.92018e+06
765.7,4.91968e+06
765.8,4.91919e+06
765.9,4.9187e+06
766,4.9182e+06
766.1,4.91771e+06
766.2,4.91721e+06
766.3,4.91672e+06
766.4,4.91622e+06
766.5,4.91573e+06
766.6,4.91524e+06
766.7,4.91474e+06
766.8,4.91424e+06
766.9,4.91375e+06
767,4.91326e+06
767.1,4.91276e+06
767.2,4.91226e+06
767.3,4.91177e+06
767.4,4.91128e+06
767.5,4.91078e+06
767.6,4.91028e+06
767.7,4.90979e+06
767.8,4.90929e+06
767.9,4.9088e+06
768,4.9083e+06
768.1,4.90781e+06
768.2,4.90731e+06
768.3,4.90681e+06
768.4,4.90632e+06
768.5,4.90582e+06
768.6,4.90533e+06
768.7,4.90483e+06
768.8,4.90433e+06
768.9,4.90384e+06
769,4.90334e+06
769.1,4.90284e+06
769.2,4.90235e+06
769.3,4.90185e+06
769.4,4.90136e+06
769.5,4.90086e+06
769.6,4.90036e+06
769.7,4.89987e+06
769.8,4.89937e+06
769.9,4.89887e+06
770,4.89837e+06
770.1,4.89788e+06
770.2,4.89738e+06
770.3,4.89688e+06
770.4,4.89639e+06
770.5,4.89589e+06
770.6,4.89539e+06
770.7,4.89489e+06
770.8,4.8944e+06
770.9,4.8939e+06
771,4.8934e+06
771.1,4.8929e+06
771.2,4.89241e+06
771.3,4.89191e+06
771.4,4.89141e+06
771.5,4.89091e+06
771.6,4.89041e+06
771.7,4.88992e+06
771.8,4.88942e+06
771.9,4.88892e+06
772,4.88842e+06
772.1,4.88792e+06
772.2,4.88742e+06
772.3,4.88692e+06
772.4,4.88643e+06
772.5,4.88593e+06
772.6,4.88543e+06
772.7,4.88493e+06
772.8,4.88443e+06
772.9,4.88393e+06
773,4.88343e+06
773.1,4.88293e+06
773.2,4.88244e+06
773.3,4.88194e+06
773.4,4.88144e+06
773.5,4.88094e+06
773.6,4.88044e+06
773.7,4.87994e+06
773.8,4.87944e+06
773.9,4.87894e+06
774,4.87844e+06
774.1,4.87794e+06
774.2,4.87744e+06
774.3,4.87694e+06
774.4,4.87644e+06
774.5,4.87594e+06
774.6,4.87544e+06
774.7,4.87494e+06
774.8,4.87444e+06
774.9,4.87394e+06
775,4.87344e+06
775.1,4.87294e+06
775.2,4.87244e+06
775.3,4.87194e+06
775.4,4.87144e+06
775.5,4.87094e+06
775.6,4.87044e+06
775.7,4.86993e+06
775.8,4.86943e+06
775.9,4.86893e+06
776,4.86843e+06
776.1,4.86793e+06
776.2,4.86743e+06
776.3,4.86693e+06
776.4,4.86643e+06
776.5,4.86593e+06
776.6,4.86542e+06
776.7,4.86492e+06
776.8,4.86442e+06
776.9,4.86392e+06
777,4.86342e+06
777.1,4.86292e+06
777.2,4.86241e+06
777.3,4.86191e+06
777.4,4.86141e+06
777.5,4.86091e+06
777.6,4.86041e+06
777.7,4.8599e+06
777.8,4.8594e+06
777.9,4.8589e+06
778,4.8584e+06
778.1,4.85789e+06
778.2,4.85739e+06
778.3,4.85689e+06
778.4,4.85639e+06
778.5,4.85588e+06
778.6,4.85538e+06
778.7,4.85488e+06
778.8,4.85438e+06
778.9,4.85387e+06
779,4.85337e+06
779.1,4.85287e+06
779.2,4.85236e+06
779.3,4.85186e+06
779.4,4.85136e+06
779.5,4.85085e+06
779.6,4.85035e+06
779.7,4.84985e+06
779.8,4.84934e+06
779.9,4.84884e+06
780,4.84834e+06
780.1,4.84783e+06
780.2,4.84733e+06
780.3,4.84682e+06
780.4,4.84632e+06
780.5,4.84582e+06
780.6,4.84531e+06
780.7,4.84481e+06
780.8,4.8443e+06
780.9,4.8438e+06
781,4.8433e+06
781.1,4.84279e+06
781.2,4.84229e+06
781.3,4.84178e+06
781.4,4.84128e+06
781.5,4.84077e+06
781.6,4.84027e+06
781.7,4.83976e+06
781.8,4.83926e+06
781.9,4.83875e+06
782,4.83825e+06
782.1,4.83774e+06
782.2,4.83724e+06
782.3,4.83673e+06
782.4,4.83623e+06
782.5,4.83572e+06
782.6,4.83522e+06
782.7,4.83471e+06
782.8,4.8342e+06
782.9,4.8337e+06
783,4.83319e+06
783.1,4.83269e+06
783.2,4.83218e+06
783.3,4.83168e+06
783.4,4.83117e+06
783.5,4.83066e+06
783.6,4.83016e+06
783.7,4.82965e+06
783.8,4.82915e+06
783.9,4.82864e+06
784,4.82813e+06
784.1,4.82763e+06
784.2,4.82712e+06
784.3,4.82661e+06
784.4,4.82611e+06
784.5,4.8256e+06
784.6,4.82509e+06
784.7,4.82459e+06
784.8,4.82408e+06
784.9,4.82357e+06
785,4.82307e+06
785.1,4.82256e+06
785.2,4.82205e+06
785.3,4.82154e+06
785.4,4.82104e+06
785.5,4.82053e+06
785.6,4.82002e+06
785.7,4.81951e+06
785.8,4.81901e+06
785.9,4.8185e+06
786,4.81799e+06
786.1,4.81748e+06
786.2,4.81698e+06
786.3,4.81647e+06
786.4,4.81596e+06
786.5,4.81545e+06
786.6,4.81494e+06
786.7,4.81444e+06
786.8,4.81393e+06
786.9,4.81342e+06
787,4.81291e+06
787.1,4.8124e+06
787.2,4.81189e+06
787.3,4.81139e+06
787.4,4.81088e+06
787.5,4.81037e+06
787.6,4.80986e+06
787.7,4.80935e+06
787.8,4.80884e+06
787.9,4.80833e+06
788,4.80782e+06
788.1,4.80731e+06
788.2,4.80681e+06
788.3,4.8063e+06
788.4,4.80579e+06
788.5,4.80528e+06
788.6,4.80477e+06
788.7,4.80426e+06
788.8,4.80375e+06
788.9,4.80324e+06
789,4.80273e+06
789.1,4.80222e+06
789.2,4.80171e+06
789.3,4.8012e+06
789.4,4.80069e+06
789.5,4.80018e+06
789.6,4.79967e+06
789.7,4.79916e+06
789.8,4.79865e+06
789.9,4.79814e+06
790,4.79763e+06
790.1,4.79712e+06
790.2,4.79661e+06
790.3,4.7961e+06
790.4,4.79559e+06
790.5,4.79508e+06
790.6,4.79457e+06
790.7,4.79406e+06
790.8,4.79354e+06
790.9,4.79303e+06
791,4.79252e+06
791.1,4.79201e+06
791.2,4.7915e+06
791.3,4.79099e+06
791.4,4.79048e+06
791.5,4.78997e+06
791.6,4.78945e+06
791.7,4.78894e+06
791.8,4.78843e+06
791.9,4.78792e+06
792,4.78741e+06
792.1,4.7869e+06
792.2,4.78638e+06
792.3,4.78587e+06
792.4,4.78536e+06
792.5,4.78485e+06
792.6,4.78434e+06
792.7,4.78382e+06
792.8,4.78331e+06
792.9,4.7828e+06
793,4.78229e+06
793.1,4.78178e+06
793.2,4.78126e+06
793.3,4.78075e+06
793.4,4.78024e+06
793.5,4.77973e+06
793.6,4.77921e+06
793.7,4.7787e+06
793.8,4.77819e+06
793.9,4.77767e+06
794,4.77716e+06
794.1,4.77665e+06
794.2,4.77614e+06
794.3,4.77562e+06
794.4,4.77511e+06
794.5,4.7746e+06
794.6,4.77408e+06
794.7,4.77357e+06
794.8,4.77306e+06
794.9,4.77254e+06
795,4.77203e+06
795.1,4.77151e+06
795.2,4.771e+06
795.3,4.77049e+06
795.4,4.76997e+06
795.5,4.76946e+06
795.6,4.76894e+06
795.7,4.76843e+06
795.8,4.76792e+06
795.9,4.7674e+06
796,4.76689e+06
796.1,4.76637e+06
796.2,4.76586e+06
796.3,4.76534e+06
796.4,4.76483e+06
796.5,4.76432e+06
796.6,4.7638e+06
796.7,4.76329e+06
796.8,4.76277e+06
796.9,4.76226e+06
797,4.76174e+06
797.1,4.76123e+06
797.2,4.76071e+06
797.3,4.7602e+06
797.4,4.75968e+06
797.5,4.75917e+06
797.6,4.75865e+06
797.7,4.75814e+06
797.8,4.75762e+06
797.9,4.7571e+06
798,4.75659e+06
798.1,4.75607e+06
798.2,4.75556e+06
798.3,4.75504e+06
798.4,4.75453e+06
798.5,4.75401e+06
798.6,4.75349e+06
798.7,4.75298e+06
798.8,4.75246e+06
798.9,4.75195e+06
799,4.75143e+06
799.1,4.75091e+06
799.2,4.7504e+06
799.3,4.74988e+06
799.4,4.74936e+06
799.5,4.74885e+06
799.6,4.74833e+06
799.7,4.74781e+06
799.8,4.7473e+06
799.9,4.74678e+06
800,4.74626e+06
800.1,4.74575e+06
800.2,4.74523e+06
800.3,4.74471e+06
800.4,4.74419e+06
800.5,4.74368e+06
800.6,4.74316e+06
800.7,4.74264e+06
800.8,4.74212e+06
800.9,4.74161e+06
801,4.74109e+06
801.1,4.74057e+06
801.2,4.74006e+06
801.3,4.73954e+06
801.4,4.73902e+06
801.5,4.7385e+06
801.6,4.73798e+06
801.7,4.73747e+06
801.8,4.73695e+06
801.9,4.73643e+06
802,4.73591e+06
802.1,4.73539e+06
802.2,4.73487e+06
802.3,4.73436e+06
802.4,4.73384e+06
802.5,4.73332e+06
802.6,4.7328e+06
802.7,4.73228e+06
802.8,4.73176e+06
802.9,4.73124e+06
803,4.73073e+06
803.1,4.73021e+06
803.2,4.72969e+06
803.3,4.72917e+06
803.4,4.72865e+06
803.5,4.72813e+06
803.6,4.72761e+06
803.7,4.72709e+06
803.8,4.72657e+06
803.9,4.72605e+06
804,4.72553e+06
804.1,4.72501e+06
804.2,4.72449e+06
804.3,4.72398e+06
804.4,4.72346e+06
804.5,4.72294e+06
804.6,4.72242e+06
804.7,4.7219e+06
804.8,4.72138e+06
804.9,4.72086e+06
805,4.72034e+06
805.1,4.71982e+06
805.2,4.71929e+06
805.3,4.71877e+06
805.4,4.71825e+06
805.5,4.71773e+06
805.6,4.71721e+06
805.7,4.71669e+06
805.8,4.71617e+06
805.9,4.71565e+06
806,4.71513e+06
806.1,4.71461e+06
806.2,4.71409e+06
806.3,4.71357e+06
806.4,4.71305e+06
806.5,4.71252e+06
806.6,4.712e+06
806.7,4.71148e+06
806.8,4.71096e+06
806.9,4.71044e+06
807,4.70992e+06
807.1,4.7094e+06
807.2,4.70888e+06
807.3,4.70835e+06
807.4,4.70783e+06
807.5,4.70731e+06
807.6,4.70679e+06
807.7,4.70627e+06
807.8,4.70574e+06
807.9,4.70522e+06
808,4.7047e+06
808.1,4.70418e+06
808.2,4.70366e+06
808.3,4.70313e+06
808.4,4.70261e+06
808.5,4.70209e+06
808.6,4.70157e+06
808.7,4.70104e+06
808.8,4.70052e+06
808.9,4.7e+06
809,4.69948e+06
809.1,4.69895e+06
809.2,4.69843e+06
809.3,4.69791e+06
809.4,4.69738e+06
809.5,4.69686e+06
809.6,4.69634e+06
809.7,4.69582e+06
809.8,4.69529e+06
809.9,4.69477e+06
810,4.69425e+06
810.1,4.69372e+06
810.2,4.6932e+06
810.3,4.69268e+06
810.4,4.69215e+06
810.5,4.69163e+06
810.6,4.6911e+06
810.7,4.69058e+06
810.8,4.69006e+06
810.9,4.68953e+06
811,4.68901e+06
811.1,4.68848e+06
811.2,4.68796e+06
811.3,4.68744e+06
811.4,4.68691e+06
811.5,4.68639e+06
811.6,4.68586e+06
811.7,4.68534e+06
811.8,4.68481e+06
811.9,4.68429e+06
812,4.68376e+06
812.1,4.68324e+06
812.2,4.68272e+06
812.3,4.68219e+06
812.4,4.68166e+06
812.5,4.68114e+06
812.6,4.68062e+06
812.7,4.68009e+06
812.8,4.67956e+06
812.9,4.67904e+06
813,4.67851e+06
813.1,4.67799e+06
813.2,4.67746e+06
813.3,4.67694e+06
813.4,4.67641e+06
813.5,4.67589e+06
813.6,4.67536e+06
813.7,4.67484e+06
813.8,4.67431e+06
813.9,4.67378e+06
814,4.67326e+06
814.1,4.67273e+06
814.2,4.67221e+06
814.3,4.67168e+06
814.4,4.67115e+06
814.5,4.67063e+06
814.6,4.6701e+06
814.7,4.66957e+06
814.8,4.66905e+06
814.9,4.66852e+06
815,4.66799e+06
815.1,4.66747e+06
815.2,4.66694e+06
815.3,4.66641e+06
815.4,4.66589e+06
815.5,4.66536e+06
815.6,4.66483e+06
815.7,4.66431e+06
815.8,4.66378e+06
815.9,4.66325e+06
816,4.66273e+06
816.1,4.6622e+06
816.2,4.66167e+06
816.3,4.66114e+06
816.4,4.66062e+06
816.5,4.66009e+06
816.6,4.65956e+06
816.7,4.65903e+06
816.8,4.65851e+06
816.9,4.65798e+06
817,4.65745e+06
817.1,4.65692e+06
817.2,4.65639e+06
817.3,4.65587e+06
817.4,4.65534e+06
817.5,4.65481e+06
817.6,4.65428e+06
817.7,4.65375e+06
817.8,4.65322e+06
817.9,4.6527e+06
818,4.65217e+06
818.1,4.65164e+06
818.2,4.65111e+06
818.3,4.65058e+06
818.4,4.65005e+06
818.5,4.64952e+06
818.6,4.649e+06
818.7,4.64847e+06
818.8,4.64794e+06
818.9,4.64741e+06
819,4.64688e+06
819.1,4.64635e+06
819.2,4.64582e+06
819.3,4.64529e+06
819.4,4.64476e+06
819.5,4.64423e+06
819.6,4.6437e+06
819.7,4.64317e+06
819.8,4.64264e+06
819.9,4.64211e+06
820,4.64158e+06
820.1,4.64105e+06
820.2,4.64052e+06
820.3,4.63999e+06
820.4,4.63946e+06
820.5,4.63893e+06
820.6,4.6384e+06
820.7,4.63787e+06
820.8,4.63734e+06
820.9,4.63681e+06
821,4.63628e+06
821.1,4.63575e+06
821.2,4.63522e+06
821.3,4.63469e+06
821.4,4.63416e+06
821.5,4.63363e+06
821.6,4.6331e+06
821.7,4.63257e+06
821.8,4.63204e+06
821.9,4.63151e+06
822,4.63098e+06
822.1,4.63044e+06
822.2,4.62991e+06
822.3,4.62938e+06
822.4,4.62885e+06
822.5,4.62832e+06
822.6,4.62779e+06
822.7,4.62726e+06
822.8,4.62672e+06
822.9,4.62619e+06
823,4.62566e+06
823.1,4.62513e+06
823.2,4.6246e+06
823.3,4.62407e+06
823.4,4.62353e+06
823.5,4.623e+06
823.6,4.62247e+06
823.7,4.62194e+06
823.8,4.62141e+06
823.9,4.62087e+06
824,4.62034e+06
824.1,4.61981e+06
824.2,4.61928e+06
824.3,4.61874e+06
824.4,4.61821e+06
824.5,4.61768e+06
824.6,4.61715e+06
824.7,4.61661e+06
824.8,4.61608e+06
824.9,4.61555e+06
825,4.61502e+06
825.1,4.61448e+06
825.2,4.61395e+06
825.3,4.61342e+06
825.4,4.61288e+06
825.5,4.61235e+06
825.6,4.61182e+06
825.7,4.61128e+06
825.8,4.61075e+06
825.9,4.61022e+06
826,4.60968e+06
826.1,4.60915e+06
826.2,4.60862e+06
826.3,4.60808e+06
826.4,4.60755e+06
826.5,4.60701e+06
826.6,4.60648e+06
826.7,4.60595e+06
826.8,4.60541e+06
826.9,4.60488e+06
827,4.60434e+06
827.1,4.60381e+06
827.2,4.60327e+06
827.3,4.60274e+06
827.4,4.60221e+06
827.5,4.60167e+06
827.6,4.60114e+06
827.7,4.6006e+06
827.8,4.60007e+06
827.9,4.59953e+06
828,4.599e+06
828.1,4.59846e+06
828.2,4.59793e+06
828.3,4.59739e+06
828.4,4.59686e+06
828.5,4.59632e+06
828.6,4.59579e+06
828.7,4.59525e+06
828.8,4.59472e+06
828.9,4.59418e+06
829,4.59365e+06
829.1,4.59311e+06
829.2,4.59257e+06
829.3,4.59204e+06
829.4,4.5915e+06
829.5,4.59097e+06
829.6,4.59043e+06
829.7,4.5899e+06
829.8,4.58936e+06
829.9,4.58882e+06
830,4.58829e+06
830.1,4.58775e+06
830.2,4.58722e+06
830.3,4.58668e+06
830.4,4.58614e+06
830.5,4.58561e+06
830.6,4.58507e+06
830.7,4.58453e+06
830.8,4.584e+06
830.9,4.58346e+06
831,4.58292e+06
831.1,4.58239e+06
831.2,4.58185e+06
831.3,4.58131e+06
831.4,4.58078e+06
831.5,4.58024e+06
831.6,4.5797e+06
831.7,4.57916e+06
831.8,4.57863e+06
831.9,4.57809e+06
832,4.57755e+06
832.1,4.57702e+06
832.2,4.57648e+06
832.3,4.57594e+06
832.4,4.5754e+06
832.5,4.57486e+06
832.6,4.57433e+06
832.7,4.57379e+06
832.8,4.57325e+06
832.9,4.57271e+06
833,4.57218e+06
833.1,4.57164e+06
833.2,4.5711e+06
833.3,4.57056e+06
833.4,4.57002e+06
833.5,4.56948e+06
833.6,4.56895e+06
833.7,4.56841e+06
833.8,4.56787e+06
833.9,4.56733e+06
834,4.56679e+06
834.1,4.56625e+06
834.2,4.56572e+06
834.3,4.56518e+06
834.4,4.56464e+06
834.5,4.5641e+06
834.6,4.56356e+06
834.7,4.56302e+06
834.8,4.56248e+06
834.9,4.56194e+06
835,4.5614e+06
835.1,4.56086e+06
835.2,4.56032e+06
835.3,4.55978e+06
835.4,4.55925e+06
835.5,4.55871e+06
835.6,4.55817e+06
835.7,4.55763e+06
835.8,4.55709e+06
835.9,4.55655e+06
836,4.55601e+06
836.1,4.55547e+06
836.2,4.55493e+06
836.3,4.55439e+06
836.4,4.55385e+06
836.5,4.55331e+06
836.6,4.55277e+06
836.7,4.55223e+06
836.8,4.55169e+06
836.9,4.55115e+06
837,4.55061e+06
837.1,4.55006e+06
837.2,4.54952e+06
837.3,4.54898e+06
837.4,4.54844e+06
837.5,4.5479e+06
837.6,4.54736e+06
837.7,4.54682e+06
837.8,4.54628e+06
837.9,4.54574e+06
838,4.5452e+06
838.1,4.54466e+06
838.2,4.54412e+06
838.3,4.54357e+06
838.4,4.54303e+06
838.5,4.54249e+06
838.6,4.54195e+06
838.7,4.54141e+06
838.8,4.54087e+06
838.9,4.54032e+06
839,4.53978e+06
839.1,4.53924e+06
839.2,4.5387e+06
839.3,4.53816e+06
839.4,4.53762e+06
839.5,4.53707e+06
839.6,4.53653e+06
839.7,4.53599e+06
839.8,4.53545e+06
839.9,4.53491e+06
840,4.53436e+06
840.1,4.53382e+06
840.2,4.53328e+06
840.3,4.53274e+06
840.4,4.53219e+06
840.5,4.53165e+06
840.6,4.53111e+06
840.7,4.53057e+06
840.8,4.53002e+06
840.9,4.52948e+06
841,4.52894e+06
841.1,4.52839e+06
841.2,4.52785e+06
841.3,4.52731e+06
841.4,4.52676e+06
841.5,4.52622e+06
841.6,4.52568e+06
841.7,4.52514e+06
841.8,4.52459e+06
841.9,4.52405e+06
842,4.5235e+06
842.1,4.52296e+06
842.2,4.52242e+06
842.3,4.52187e+06
842.4,4.52133e+06
842.5,4.52079e+06
842.6,4.52024e+06
842.7,4.5197e+06
842.8,4.51915e+06
842.9,4.51861e+06
843,4.51807e+06
843.1,4.51752e+06
843.2,4.51698e+06
843.3,4.51643e+06
843.4,4.51589e+06
843.5,4.51534e+06
843.6,4.5148e+06
843.7,4.51426e+06
843.8,4.51371e+06
843.9,4.51317e+06
844,4.51262e+06
844.1,4.51208e+06
844.2,4.51153e+06
844.3,4.51099e+06
844.4,4.51044e+06
844.5,4.5099e+06
844.6,4.50935e+06
844.7,4.50881e+06
844.8,4.50826e+06
844.9,4.50772e+06
845,4.50717e+06
845.1,4.50662e+06
845.2,4.50608e+06
845.3,4.50553e+06
845.4,4.50499e+06
845.5,4.50444e+06
845.6,4.5039e+06
845.7,4.50335e+06
845.8,4.5028e+06
845.9,4.50226e+06
846,4.50171e+06
846.1,4.50117e+06
846.2,4.50062e+06
846.3,4.50007e+06
846.4,4.49953e+06
846.5,4.49898e+06
846.6,4.49844e+06
846.7,4.49789e+06
846.8,4.49734e+06
846.9,4.4968e+06
847,4.49625e+06
847.1,4.4957e+06
847.2,4.49516e+06
847.3,4.49461e+06
847.4,4.49406e+06
847.5,4.49352e+06
847.6,4.49297e+06
847.7,4.49242e+06
847.8,4.49187e+06
847.9,4.49133e+06
848,4.49078e+06
848.1,4.49023e+06
848.2,4.48968e+06
848.3,4.48914e+06
848.4,4.48859e+06
848.5,4.48804e+06
848.6,4.4875e+06
848.7,4.48695e+06
848.8,4.4864e+06
848.9,4.48585e+06
849,4.4853e+06
849.1,4.48476e+06
849.2,4.48421e+06
849.3,4.48366e+06
849.4,4.48311e+06
849.5,4.48256e+06
849.6,4.48202e+06
849.7,4.48147e+06
849.8,4.48092e+06
849.9,4.48037e+06
850,4.47982e+06
850.1,4.47927e+06
850.2,4.47872e+06
850.3,4.47818e+06
850.4,4.47763e+06
850.5,4.47708e+06
850.6,4.47653e+06
850.7,4.47598e+06
850.8,4.47543e+06
850.9,4.47488e+06
851,4.47433e+06
851.1,4.47378e+06
851.2,4.47324e+06
851.3,4.47269e+06
851.4,4.47214e+06
851.5,4.47159e+06
851.6,4.47104e+06
851.7,4.47049e+06
851.8,4.46994e+06
851.9,4.46939e+06
852,4.46884e+06
852.1,4.46829e+06
852.2,4.46774e+06
852.3,4.46719e+06
852.4,4.46664e+06
852.5,4.46609e+06
852.6,4.46554e+06
852.7,4.46499e+06
852.8,4.46444e+06
852.9,4.46389e+06
853,4.46334e+06
853.1,4.46279e+06
853.2,4.46224e+06
853.3,4.46169e+06
853.4,4.46114e+06
853.5,4.46059e+06
853.6,4.46004e+06
853.7,4.45949e+06
853.8,4.45894e+06
853.9,4.45838e+06
854,4.45783e+06
854.1,4.45728e+06
854.2,4.45673e+06
854.3,4.45618e+06
854.4,4.45563e+06
854.5,4.45508e+06
854.6,4.45453e+06
854.7,4.45398e+06
854.8,4.45342e+06
854.9,4.45287e+06
855,4.45232e+06
855.1,4.45177e+06
855.2,4.45122e+06
855.3,4.45067e+06
855.4,4.45012e+06
855.5,4.44956e+06
855.6,4.44901e+06
855.7,4.44846e+06
855.8,4.44791e+06
855.9,4.44736e+06
856,4.4468e+06
856.1,4.44625e+06
856.2,4.4457e+06
856.3,4.44515e+06
856.4,4.4446e+06
856.5,4.44404e+06
856.6,4.44349e+06
856.7,4.44294e+06
856.8,4.44238e+06
856.9,4.44183e+06
857,4.44128e+06
857.1,4.44073e+06
857.2,4.44017e+06
857.3,4.43962e+06
857.4,4.43907e+06
857.5,4.43852e+06
857.6,4.43796e+06
857.7,4.43741e+06
857.8,4.43686e+06
857.9,4.4363e+06
858,4.43575e+06
858.1,4.4352e+06
858.2,4.43464e+06
858.3,4.43409e+06
858.4,4.43354e+06
858.5,4.43298e+06
858.6,4.43243e+06
858.7,4.43188e+06
858.8,4.43132e+06
858.9,4.43077e+06
859,4.43021e+06
859.1,4.42966e+06
859.2,4.4291e+06
859.3,4.42855e+06
859.4,4.428e+06
859.5,4.42744e+06
859.6,4.42689e+06
859.7,4.42633e+06
859.8,4.42578e+06
859.9,4.42522e+06
860,4.42467e+06
860.1,4.42412e+06
860.2,4.42356e+06
860.3,4.42301e+06
860.4,4.42245e+06
860.5,4.4219e+06
860.6,4.42134e+06
860.7,4.42079e+06
860.8,4.42023e+06
860.9,4.41968e+06
861,4.41912e+06
861.1,4.41857e+06
861.2,4.41801e+06
861.3,4.41746e+06
861.4,4.4169e+06
861.5,4.41635e+06
861.6,4.41579e+06
861.7,4.41524e+06
861.8,4.41468e+06
861.9,4.41412e+06
862,4.41357e+06
862.1,4.41301e+06
862.2,4.41246e+06
862.3,4.4119e+06
862.4,4.41134e+06
862.5,4.41079e+06
862.6,4.41023e+06
862.7,4.40968e+06
862.8,4.40912e+06
862.9,4.40856e+06
863,4.40801e+06
863.1,4.40745e+06
863.2,4.4069e+06
863.3,4.40634e+06
863.4,4.40578e+06
863.5,4.40523e+06
863.6,4.40467e+06
863.7,4.40411e+06
863.8,4.40356e+06
863.9,4.403e+06
864,4.40244e+06
864.1,4.40188e+06
864.2,4.40133e+06
864.3,4.40077e+06
864.4,4.40021e+06
864.5,4.39966e+06
864.6,4.3991e+06
864.7,4.39854e+06
864.8,4.39798e+06
864.9,4.39743e+06
865,4.39687e+06
865.1,4.39631e+06
865.2,4.39575e+06
865.3,4.3952e+06
865.4,4.39464e+06
865.5,4.39408e+06
865.6,4.39352e+06
865.7,4.39296e+06
865.8,4.39241e+06
865.9,4.39185e+06
866,4.39129e+06
866.1,4.39073e+06
866.2,4.39018e+06
866.3,4.38962e+06
866.4,4.38906e+06
866.5,4.3885e+06
866.6,4.38794e+06
866.7,4.38738e+06
866.8,4.38682e+06
866.9,4.38627e+06
867,4.38571e+06
867.1,4.38515e+06
867.2,4.38459e+06
867.3,4.38403e+06
867.4,4.38347e+06
867.5,4.38291e+06
867.6,4.38235e+06
867.7,4.38179e+06
867.8,4.38124e+06
867.9,4.38068e+06
868,4.38012e+06
868.1,4.37956e+06
868.2,4.379e+06
868.3,4.37844e+06
868.4,4.37788e+06
868.5,4.37732e+06
868.6,4.37676e+06
868.7,4.3762e+06
868.8,4.37564e+06
868.9,4.37508e+06
869,4.37452e+06
869.1,4.37396e+06
869.2,4.3734e+06
869.3,4.37284e+06
869.4,4.37228e+06
869.5,4.37172e+06
869.6,4.37116e+06
869.7,4.3706e+06
869.8,4.37004e+06
869.9,4.36948e+06
870,4.36892e+06
870.1,4.36836e+06
870.2,4.3678e+06
870.3,4.36724e+06
870.4,4.36668e+06
870.5,4.36612e+06
870.6,4.36555e+06
870.7,4.36499e+06
870.8,4.36443e+06
870.9,4.36387e+06
871,4.36331e+06
871.1,4.36275e+06
871.2,4.36219e+06
871.3,4.36163e+06
871.4,4.36106e+06
871.5,4.3605e+06
871.6,4.35994e+06
871.7,4.35938e+06
871.8,4.35882e+06
871.9,4.35826e+06
872,4.3577e+06
872.1,4.35713e+06
872.2,4.35657e+06
872.3,4.35601e+06
872.4,4.35545e+06
872.5,4.35489e+06
872.6,4.35432e+06
872.7,4.35376e+06
872.8,4.3532e+06
872.9,4.35264e+06
873,4.35208e+06
873.1,4.35151e+06
873.2,4.35095e+06
873.3,4.35039e+06
873.4,4.34983e+06
873.5,4.34926e+06
873.6,4.3487e+06
873.7,4.34814e+06
873.8,4.34758e+06
873.9,4.34701e+06
874,4.34645e+06
874.1,4.34589e+06
874.2,4.34532e+06
874.3,4.34476e+06
874.4,4.3442e+06
874.5,4.34364e+06
874.6,4.34307e+06
874.7,4.34251e+06
874.8,4.34194e+06
874.9,4.34138e+06
875,4.34082e+06
875.1,4.34025e+06
875.2,4.33969e+06
875.3,4.33913e+06
875.4,4.33856e+06
875.5,4.338e+06
875.6,4.33744e+06
875.7,4.33687e+06
875.8,4.33631e+06
875.9,4.33574e+06
876,4.33518e+06
876.1,4.33462e+06
876.2,4.33405e+06
876.3,4.33349e+06
876.4,4.33292e+06
876.5,4.33236e+06
876.6,4.3318e+06
876.7,4.33123e+06
876.8,4.33067e+06
876.9,4.3301e+06
877,4.32954e+06
877.1,4.32897e+06
877.2,4.32841e+06
877.3,4.32784e+06
877.4,4.32728e+06
877.5,4.32671e+06
877.6,4.32615e+06
877.7,4.32558e+06
877.8,4.32502e+06
877.9,4.32445e+06
878,4.32389e+06
878.1,4.32332e+06
878.2,4.32276e+06
878.3,4.32219e+06
878.4,4.32163e+06
878.5,4.32106e+06
878.6,4.3205e+06
878.7,4.31993e+06
878.8,4.31936e+06
878.9,4.3188e+06
879,4.31823e+06
879.1,4.31767e+06
879.2,4.3171e+06
879.3,4.31653e+06
879.4,4.31597e+06
879.5,4.3154e+06
879.6,4.31484e+06
879.7,4.31427e+06
879.8,4.3137e+06
879.9,4.31314e+06
880,4.31257e+06
880.1,4.312e+06
880.2,4.31144e+06
880.3,4.31087e+06
880.4,4.3103e+06
880.5,4.30974e+06
880.6,4.30917e+06
880.7,4.3086e+06
880.8,4.30804e+06
880.9,4.30747e+06
881,4.3069e+06
881.1,4.30634e+06
881.2,4.30577e+06
881.3,4.3052e+06
881.4,4.30464e+06
881.5,4.30407e+06
881.6,4.3035e+06
881.7,4.30293e+06
881.8,4.30237e+06
881.9,4.3018e+06
882,4.30123e+06
882.1,4.30066e+06
882.2,4.3001e+06
882.3,4.29953e+06
882.4,4.29896e+06
882.5,4.29839e+06
882.6,4.29782e+06
882.7,4.29726e+06
882.8,4.29669e+06
882.9,4.29612e+06
883,4.29555e+06
883.1,4.29498e+06
883.2,4.29442e+06
883.3,4.29385e+06
883.4,4.29328e+06
883.5,4.29271e+06
883.6,4.29214e+06
883.7,4.29157e+06
883.8,4.29101e+06
883.9,4.29044e+06
884,4.28987e+06
884.1,4.2893e+06
884.2,4.28873e+06
884.3,4.28816e+06
884.4,4.28759e+06
884.5,4.28702e+06
884.6,4.28646e+06
884.7,4.28589e+06
884.8,4.28532e+06
884.9,4.28475e+06
885,4.28418e+06
885.1,4.28361e+06
885.2,4.28304e+06
885.3,4.28247e+06
885.4,4.2819e+06
885.5,4.28133e+06
885.6,4.28076e+06
885.7,4.28019e+06
885.8,4.27962e+06
885.9,4.27905e+06
886,4.27848e+06
886.1,4.27791e+06
886.2,4.27734e+06
886.3,4.27677e+06
886.4,4.2762e+06
886.5,4.27563e+06
886.6,4.27506e+06
886.7,4.27449e+06
886.8,4.27392e+06
886.9,4.27335e+06
887,4.27278e+06
887.1,4.27221e+06
887.2,4.27164e+06
887.3,4.27107e+06
887.4,4.2705e+06
887.5,4.26993e+06
887.6,4.26936e+06
887.7,4.26879e+06
887.8,4.26822e+06
887.9,4.26764e+06
888,4.26707e+06
888.1,4.2665e+06
888.2,4.26593e+06
888.3,4.26536e+06
888.4,4.26479e+06
888.5,4.26422e+06
888.6,4.26365e+06
888.7,4.26307e+06
888.8,4.2625e+06
888.9,4.26193e+06
889,4.26136e+06
889.1,4.26079e+06
889.2,4.26022e+06
889.3,4.25964e+06
889.4,4.25907e+06
889.5,4.2585e+06
889.6,4.25793e+06
889.7,4.25736e+06
889.8,4.25678e+06
889.9,4.25621e+06
890,4.25564e+06
890.1,4.25507e+06
890.2,4.2545e+06
890.3,4.25392e+06
890.4,4.25335e+06
890.5,4.25278e+06
890.6,4.25221e+06
890.7,4.25163e+06
890.8,4.25106e+06
890.9,4.25049e+06
891,4.24992e+06
891.1,4.24934e+06
891.2,4.24877e+06
891.3,4.2482e+06
891.4,4.24762e+06
891.5,4.24705e+06
891.6,4.24648e+06
891.7,4.24591e+06
891.8,4.24533e+06
891.9,4.24476e+06
892,4.24419e+06
892.1,4.24361e+06
892.2,4.24304e+06
892.3,4.24246e+06
892.4,4.24189e+06
892.5,4.24132e+06
892.6,4.24074e+06
892.7,4.24017e+06
892.8,4.2396e+06
892.9,4.23902e+06
893,4.23845e+06
893.1,4.23788e+06
893.2,4.2373e+06
893.3,4.23673e+06
893.4,4.23615e+06
893.5,4.23558e+06
893.6,4.235e+06
893.7,4.23443e+06
893.8,4.23386e+06
893.9,4.23328e+06
894,4.23271e+06
894.1,4.23213e+06
894.2,4.23156e+06
894.3,4.23098e+06
894.4,4.23041e+06
894.5,4.22983e+06
894.6,4.22926e+06
894.7,4.22868e+06
894.8,4.22811e+06
894.9,4.22753e+06
895,4.22696e+06
895.1,4.22638e+06
895.2,4.22581e+06
895.3,4.22523e+06
895.4,4.22466e+06
895.5,4.22408e+06
895.6,4.22351e+06
895.7,4.22293e+06
895.8,4.22236e+06
895.9,4.22178e+06
896,4.22121e+06
896.1,4.22063e+06
896.2,4.22005e+06
896.3,4.21948e+06
896.4,4.2189e+06
896.5,4.21833e+06
896.6,4.21775e+06
896.7,4.21717e+06
896.8,4.2166e+06
896.9,4.21602e+06
897,4.21545e+06
897.1,4.21487e+06
897.2,4.21429e+06
897.3,4.21372e+06
897.4,4.21314e+06
897.5,4.21256e+06
897.6,4.21199e+06
897.7,4.21141e+06
897.8,4.21084e+06
897.9,4.21026e+06
898,4.20968e+06
898.1,4.2091e+06
898.2,4.20853e+06
898.3,4.20795e+06
898.4,4.20737e+06
898.5,4.2068e+06
898.6,4.20622e+06
898.7,4.20564e+06
898.8,4.20507e+06
898.9,4.20449e+06
899,4.20391e+06
899.1,4.20333e+06
899.2,4.20276e+06
899.3,4.20218e+06
899.4,4.2016e+06
899.5,4.20102e+06
899.6,4.20045e+06
899.7,4.19987e+06
899.8,4.19929e+06
899.9,4.19871e+06
900,4.19813e+06
900.1,4.19756e+06
900.2,4.19698e+06
900.3,4.1964e+06
900.4,4.19582e+06
900.5,4.19524e+06
900.6,4.19467e+06
900.7,4.19409e+06
900.8,4.19351e+06
900.9,4.19293e+06
901,4.19235e+06
901.1,4.19177e+06
901.2,4.1912e+06
901.3,4.19062e+06
901.4,4.19004e+06
901.5,4.18946e+06
901.6,4.18888e+06
901.7,4.1883e+06
901.8,4.18772e+06
901.9,4.18714e+06
902,4.18656e+06
902.1,4.18599e+06
902.2,4.18541e+06
902.3,4.18483e+06
902.4,4.18425e+06
902.5,4.18367e+06
902.6,4.18309e+06
902.7,4.18251e+06
902.8,4.18193e+06
902.9,4.18135e+06
903,4.18077e+06
903.1,4.18019e+06
903.2,4.17961e+06
903.3,4.17903e+06
903.4,4.17845e+06
903.5,4.17787e+06
903.6,4.17729e+06
903.7,4.17671e+06
903.8,4.17613e+06
903.9,4.17555e+06
904,4.17497e+06
904.1,4.17439e+06
904.2,4.17381e+06
904.3,4.17323e+06
904.4,4.17265e+06
904.5,4.17207e+06
904.6,4.17149e+06
904.7,4.17091e+06
904.8,4.17033e+06
904.9,4.16975e+06
905,4.16917e+06
905.1,4.16859e+06
905.2,4.16801e+06
905.3,4.16743e+06
905.4,4.16684e+06
905.5,4.16626e+06
905.6,4.16568e+06
905.7,4.1651e+06
905.8,4.16452e+06
905.9,4.16394e+06
906,4.16336e+06
906.1,4.16278e+06
906.2,4.16219e+06
906.3,4.16161e+06
906.4,4.16103e+06
906.5,4.16045e+06
906.6,4.15987e+06
906.7,4.15929e+06
906.8,4.15871e+06
906.9,4.15812e+06
907,4.15754e+06
907.1,4.15696e+06
907.2,4.15638e+06
907.3,4.1558e+06
907.4,4.15521e+06
907.5,4.15463e+06
907.6,4.15405e+06
907.7,4.15347e+06
907.8,4.15288e+06
907.9,4.1523e+06
908,4.15172e+06
908.1,4.15114e+06
908.2,4.15056e+06
908.3,4.14997e+06
908.4,4.14939e+06
908.5,4.14881e+06
908.6,4.14822e+06
908.7,4.14764e+06
908.8,4.14706e+06
908.9,4.14648e+06
909,4.14589e+06
909.1,4.14531e+06
909.2,4.14473e+06
909.3,4.14414e+06
909.4,4.14356e+06
909.5,4.14298e+06
909.6,4.14239e+06
909.7,4.14181e+06
909.8,4.14123e+06
909.9,4.14064e+06
910,4.14006e+06
910.1,4.13948e+06
910.2,4.13889e+06
910.3,4.13831e+06
910.4,4.13773e+06
910.5,4.13714e+06
910.6,4.13656e+06
910.7,4.13597e+06
910.8,4.13539e+06
910.9,4.13481e+06
911,4.13422e+06
911.1,4.13364e+06
911.2,4.13305e+06
911.3,4.13247e+06
911.4,4.13189e+06
911.5,4.1313e+06
911.6,4.13072e+06
911.7,4.13013e+06
911.8,4.12955e+06
911.9,4.12896e+06
912,4.12838e+06
912.1,4.12779e+06
912.2,4.12721e+06
912.3,4.12662e+06
912.4,4.12604e+06
912.5,4.12545e+06
912.6,4.12487e+06
912.7,4.12428e+06
912.8,4.1237e+06
912.9,4.12311e+06
913,4.12253e+06
913.1,4.12194e+06
913.2,4.12136e+06
913.3,4.12077e+06
913.4,4.12019e+06
913.5,4.1196e+06
913.6,4.11902e+06
913.7,4.11843e+06
913.8,4.11785e+06
913.9,4.11726e+06
914,4.11667e+06
914.1,4.11609e+06
914.2,4.1155e+06
914.3,4.11492e+06
914.4,4.11433e+06
914.5,4.11374e+06
914.6,4.11316e+06
914.7,4.11257e+06
914.8,4.11199e+06
914.9,4.1114e+06
915,4.11081e+06
915.1,4.11023e+06
915.2,4.10964e+06
915.3,4.10905e+06
915.4,4.10847e+06
915.5,4.10788e+06
915.6,4.10729e+06
915.7,4.10671e+06
915.8,4.10612e+06
915.9,4.10553e+06
916,4.10495e+06
916.1,4.10436e+06
916.2,4.10377e+06
916.3,4.10319e+06
916.4,4.1026e+06
916.5,4.10201e+06
916.6,4.10142e+06
916.7,4.10084e+06
916.8,4.10025e+06
916.9,4.09966e+06
917,4.09908e+06
917.1,4.09849e+06
917.2,4.0979e+06
917.3,4.09731e+06
917.4,4.09673e+06
917.5,4.09614e+06
917.6,4.09555e+06
917.7,4.09496e+06
917.8,4.09437e+06
917.9,4.09379e+06
918,4.0932e+06
918.1,4.09261e+06
918.2,4.09202e+06
918.3,4.09143e+06
918.4,4.09085e+06
918.5,4.09026e+06
918.6,4.08967e+06
918.7,4.08908e+06
918.8,4.08849e+06
918.9,4.0879e+06
919,4.08732e+06
919.1,4.08673e+06
919.2,4.08614e+06
919.3,4.08555e+06
919.4,4.08496e+06
919.5,4.08437e+06
919.6,4.08378e+06
919.7,4.08319e+06
919.8,4.08261e+06
919.9,4.08202e+06
920,4.08143e+06
920.1,4.08084e+06
920.2,4.08025e+06
920.3,4.07966e+06
920.4,4.07907e+06
920.5,4.07848e+06
920.6,4.07789e+06
920.7,4.0773e+06
920.8,4.07671e+06
920.9,4.07612e+06
921,4.07553e+06
921.1,4.07494e+06
921.2,4.07435e+06
921.3,4.07376e+06
921.4,4.07318e+06
921.5,4.07259e+06
921.6,4.072e+06
921.7,4.07141e+06
921.8,4.07082e+06
921.9,4.07023e+06
922,4.06964e+06
922.1,4.06904e+06
922.2,4.06845e+06
922.3,4.06786e+06
922.4,4.06727e+06
922.5,4.06668e+06
922.6,4.06609e+06
922.7,4.0655e+06
922.8,4.06491e+06
922.9,4.06432e+06
923,4.06373e+06
923.1,4.06314e+06
923.2,4.06255e+06
923.3,4.06196e+06
923.4,4.06137e+06
923.5,4.06078e+06
923.6,4.06018e+06
923.7,4.05959e+06
923.8,4.059e+06
923.9,4.05841e+06
924,4.05782e+06
924.1,4.05723e+06
924.2,4.05664e+06
924.3,4.05605e+06
924.4,4.05545e+06
924.5,4.05486e+06
924.6,4.05427e+06
924.7,4.05368e+06
924.8,4.05309e+06
924.9,4.0525e+06
925,4.0519e+06
925.1,4.05131e+06
925.2,4.05072e+06
925.3,4.05013e+06
925.4,4.04954e+06
925.5,4.04894e+06
925.6,4.04835e+06
925.7,4.04776e+06
925.8,4.04717e+06
925.9,4.04658e+06
926,4.04598e+06
926.1,4.04539e+06
926.2,4.0448e+06
926.3,4.04421e+06
926.4,4.04361e+06
926.5,4.04302e+06
926.6,4.04243e+06
926.7,4.04184e+06
926.8,4.04124e+06
926.9,4.04065e+06
927,4.04006e+06
927.1,4.03946e+06
927.2,4.03887e+06
927.3,4.03828e+06
927.4,4.03769e+06
927.5,4.03709e+06
927.6,4.0365e+06
927.7,4.03591e+06
927.8,4.03531e+06
927.9,4.03472e+06
928,4.03413e+06
928.1,4.03353e+06
928.2,4.03294e+06
928.3,4.03234e+06
928.4,4.03175e+06
928.5,4.03116e+06
928.6,4.03056e+06
928.7,4.02997e+06
928.8,4.02938e+06
928.9,4.02878e+06
929,4.02819e+06
929.1,4.02759e+06
929.2,4.027e+06
929.3,4.02641e+06
929.4,4.02581e+06
929.5,4.02522e+06
929.6,4.02462e+06
929.7,4.02403e+06
929.8,4.02343e+06
929.9,4.02284e+06
930,4.02225e+06
930.1,4.02165e+06
930.2,4.02106e+06
930.3,4.02046e+06
930.4,4.01987e+06
930.5,4.01927e+06
930.6,4.01868e+06
930.7,4.01808e+06
930.8,4.01749e+06
930.9,4.01689e+06
931,4.0163e+06
931.1,4.0157e+06
931.2,4.01511e+06
931.3,4.01451e+06
931.4,4.01392e+06
931.5,4.01332e+06
931.6,4.01273e+06
931.7,4.01213e+06
931.8,4.01154e+06
931.9,4.01094e+06
932,4.01034e+06
932.1,4.00975e+06
932.2,4.00915e+06
932.3,4.00856e+06
932.4,4.00796e+06
932.5,4.00737e+06
932.6,4.00677e+06
932.7,4.00617e+06
932.8,4.00558e+06
932.9,4.00498e+06
933,4.00438e+06
933.1,4.00379e+06
933.2,4.00319e+06
933.3,4.0026e+06
933.4,4.002e+06
933.5,4.0014e+06
933.6,4.00081e+06
933.7,4.00021e+06
933.8,3.99961e+06
933.9,3.99902e+06
934,3.99842e+06
934.1,3.99782e+06
934.2,3.99723e+06
934.3,3.99663e+06
934.4,3.99603e+06
934.5,3.99544e+06
934.6,3.99484e+06
934.7,3.99424e+06
934.8,3.99365e+06
934.9,3.99305e+06
935,3.99245e+06
935.1,3.99185e+06
935.2,3.99126e+06
935.3,3.99066e+06
935.4,3.99006e+06
935.5,3.98946e+06
935.6,3.98887e+06
935.7,3.98827e+06
935.8,3.98767e+06
935.9,3.98707e+06
936,3.98648e+06
936.1,3.98588e+06
936.2,3.98528e+06
936.3,3.98468e+06
936.4,3.98408e+06
936.5,3.98349e+06
936.6,3.98289e+06
936.7,3.98229e+06
936.8,3.98169e+06
936.9,3.98109e+06
937,3.9805e+06
937.1,3.9799e+06
937.2,3.9793e+06
937.3,3.9787e+06
937.4,3.9781e+06
937.5,3.9775e+06
937.6,3.9769e+06
937.7,3.97631e+06
937.8,3.97571e+06
937.9,3.97511e+06
938,3.97451e+06
938.1,3.97391e+06
938.2,3.97331e+06
938.3,3.97271e+06
938.4,3.97211e+06
938.5,3.97152e+06
938.6,3.97092e+06
938.7,3.97032e+06
938.8,3.96972e+06
938.9,3.96912e+06
939,3.96852e+06
939.1,3.96792e+06
939.2,3.96732e+06
939.3,3.96672e+06
939.4,3.96612e+06
939.5,3.96552e+06
939.6,3.96492e+06
939.7,3.96432e+06
939.8,3.96372e+06
939.9,3.96312e+06
940,3.96252e+06
940.1,3.96192e+06
940.2,3.96132e+06
940.3,3.96072e+06
940.4,3.96012e+06
940.5,3.95952e+06
940.6,3.95892e+06
940.7,3.95832e+06
940.8,3.95772e+06
940.9,3.95712e+06
941,3.95652e+06
941.1,3.95592e+06
941.2,3.95532e+06
941.3,3.95472e+06
941.4,3.95412e+06
941.5,3.95352e+06
941.6,3.95292e+06
941.7,3.95232e+06
941.8,3.95172e+06
941.9,3.95111e+06
942,3.95051e+06
942.1,3.94991e+06
942.2,3.94931e+06
942.3,3.94871e+06
942.4,3.94811e+06
942.5,3.94751e+06
942.6,3.94691e+06
942.7,3.94631e+06
942.8,3.9457e+06
942.9,3.9451e+06
943,3.9445e+06
943.1,3.9439e+06
943.2,3.9433e+06
943.3,3.9427e+06
943.4,3.9421e+06
943.5,3.94149e+06
943.6,3.94089e+06
943.7,3.94029e+06
943.8,3.93969e+06
943.9,3.93909e+06
944,3.93848e+06
944.1,3.93788e+06
944.2,3.93728e+06
944.3,3.93668e+06
944.4,3.93608e+06
944.5,3.93547e+06
944.6,3.93487e+06
944.7,3.93427e+06
944.8,3.93367e+06
944.9,3.93306e+06
945,3.93246e+06
945.1,3.93186e+06
945.2,3.93126e+06
945.3,3.93065e+06
945.4,3.93005e+06
945.5,3.92945e+06
945.6,3.92884e+06
945.7,3.92824e+06
945.8,3.92764e+06
945.9,3.92704e+06
946,3.92643e+06
946.1,3.92583e+06
946.2,3.92523e+06
946.3,3.92462e+06
946.4,3.92402e+06
946.5,3.92342e+06
946.6,3.92281e+06
946.7,3.92221e+06
946.8,3.92161e+06
946.9,3.921e+06
947,3.9204e+06
947.1,3.9198e+06
947.2,3.91919e+06
947.3,3.91859e+06
947.4,3.91798e+06
947.5,3.91738e+06
947.6,3.91678e+06
947.7,3.91617e+06
947.8,3.91557e+06
947.9,3.91496e+06
948,3.91436e+06
948.1,3.91376e+06
948.2,3.91315e+06
948.3,3.91255e+06
948.4,3.91194e+06
948.5,3.91134e+06
948.6,3.91074e+06
948.7,3.91013e+06
948.8,3.90953e+06
948.9,3.90892e+06
949,3.90832e+06
949.1,3.90771e+06
949.2,3.90711e+06
949.3,3.9065e+06
949.4,3.9059e+06
949.5,3.90529e+06
949.6,3.90469e+06
949.7,3.90408e+06
949.8,3.90348e+06
949.9,3.90287e+06
950,3.90227e+06
950.1,3.90166e+06
950.2,3.90106e+06
950.3,3.90045e+06
950.4,3.89985e+06
950.5,3.89924e+06
950.6,3.89864e+06
950.7,3.89803e+06
950.8,3.89742e+06
950.9,3.89682e+06
951,3.89621e+06
951.1,3.89561e+06
951.2,3.895e+06
951.3,3.8944e+06
951.4,3.89379e+06
951.5,3.89318e+06
951.6,3.89258e+06
951.7,3.89197e+06
951.8,3.89137e+06
951.9,3.89076e+06
952,3.89015e+06
952.1,3.88955e+06
952.2,3.88894e+06
952.3,3.88833e+06
952.4,3.88773e+06
952.5,3.88712e+06
952.6,3.88652e+06
952.7,3.88591e+06
952.8,3.8853e+06
952.9,3.8847e+06
953,3.88409e+06
953.1,3.88348e+06
953.2,3.88288e+06
953.3,3.88227e+06
953.4,3.88166e+06
953.5,3.88105e+06
953.6,3.88045e+06
953.7,3.87984e+06
953.8,3.87923e+06
953.9,3.87863e+06
954,3.87802e+06
954.1,3.87741e+06
954.2,3.8768e+06
954.3,3.8762e+06
954.4,3.87559e+06
954.5,3.87498e+06
954.6,3.87437e+06
954.7,3.87377e+06
954.8,3.87316e+06
954.9,3.87255e+06
955,3.87194e+06
955.1,3.87134e+06
955.2,3.87073e+06
955.3,3.87012e+06
955.4,3.86951e+06
955.5,3.8689e+06
955.6,3.8683e+06
955.7,3.86769e+06
955.8,3.86708e+06
955.9,3.86647e+06
956,3.86586e+06
956.1,3.86525e+06
956.2,3.86465e+06
956.3,3.86404e+06
956.4,3.86343e+06
956.5,3.86282e+06
956.6,3.86221e+06
956.7,3.8616e+06
956.8,3.86099e+06
956.9,3.86039e+06
957,3.85978e+06
957.1,3.85917e+06
957.2,3.85856e+06
957.3,3.85795e+06
957.4,3.85734e+06
957.5,3.85673e+06
957.6,3.85612e+06
957.7,3.85551e+06
957.8,3.8549e+06
957.9,3.8543e+06
958,3.85369e+06
958.1,3.85308e+06
958.2,3.85247e+06
958.3,3.85186e+06
958.4,3.85125e+06
958.5,3.85064e+06
958.6,3.85003e+06
958.7,3.84942e+06
958.8,3.84881e+06
958.9,3.8482e+06
959,3.84759e+06
959.1,3.84698e+06
959.2,3.84637e+06
959.3,3.84576e+06
959.4,3.84515e+06
959.5,3.84454e+06
959.6,3.84393e+06
959.7,3.84332e+06
959.8,3.84271e+06
959.9,3.8421e+06
960,3.84149e+06
960.1,3.84088e+06
960.2,3.84027e+06
960.3,3.83966e+06
960.4,3.83905e+06
960.5,3.83844e+06
960.6,3.83783e+06
960.7,3.83722e+06
960.8,3.8366e+06
960.9,3.83599e+06
961,3.83538e+06
961.1,3.83477e+06
961.2,3.83416e+06
961.3,3.83355e+06
961.4,3.83294e+06
961.5,3.83233e+06
961.6,3.83172e+06
961.7,3.83111e+06
961.8,3.83049e+06
961.9,3.82988e+06
962,3.82927e+06
962.1,3.82866e+06
962.2,3.82805e+06
962.3,3.82744e+06
962.4,3.82683e+06
962.5,3.82621e+06
962.6,3.8256e+06
962.7,3.82499e+06
962.8,3.82438e+06
962.9,3.82377e+06
963,3.82316e+06
963.1,3.82254e+06
963.2,3.82193e+06
963.3,3.82132e+06
963.4,3.82071e+06
963.5,3.82009e+06
963.6,3.81948e+06
963.7,3.81887e+06
963.8,3.81826e+06
963.9,3.81765e+06
964,3.81703e+06
964.1,3.81642e+06
964.2,3.81581e+06
964.3,3.8152e+06
964.4,3.81458e+06
964.5,3.81397e+06
964.6,3.81336e+06
964.7,3.81274e+06
964.8,3.81213e+06
964.9,3.81152e+06
965,3.81091e+06
965.1,3.81029e+06
965.2,3.80968e+06
965.3,3.80907e+06
965.4,3.80845e+06
965.5,3.80784e+06
965.6,3.80723e+06
965.7,3.80661e+06
965.8,3.806e+06
965.9,3.80539e+06
966,3.80477e+06
966.1,3.80416e+06
966.2,3.80355e+06
966.3,3.80293e+06
966.4,3.80232e+06
966.5,3.80171e+06
966.6,3.80109e+06
966.7,3.80048e+06
966.8,3.79987e+06
966.9,3.79925e+06
967,3.79864e+06
967.1,3.79802e+06
967.2,3.79741e+06
967.3,3.7968e+06
967.4,3.79618e+06
967.5,3.79557e+06
967.6,3.79495e+06
967.7,3.79434e+06
967.8,3.79372e+06
967.9,3.79311e+06
968,3.7925e+06
968.1,3.79188e+06
968.2,3.79127e+06
968.3,3.79065e+06
968.4,3.79004e+06
968.5,3.78942e+06
968.6,3.78881e+06
968.7,3.78819e+06
968.8,3.78758e+06
968.9,3.78696e+06
969,3.78635e+06
969.1,3.78573e+06
969.2,3.78512e+06
969.3,3.7845e+06
969.4,3.78389e+06
969.5,3.78327e+06
969.6,3.78266e+06
969.7,3.78204e+06
969.8,3.78143e+06
969.9,3.78081e+06
970,3.7802e+06
970.1,3.77958e+06
970.2,3.77897e+06
970.3,3.77835e+06
970.4,3.77773e+06
970.5,3.77712e+06
970.6,3.7765e+06
970.7,3.77589e+06
970.8,3.77527e+06
970.9,3.77466e+06
971,3.77404e+06
971.1,3.77342e+06
971.2,3.77281e+06
971.3,3.77219e+06
971.4,3.77158e+06
971.5,3.77096e+06
971.6,3.77034e+06
971.7,3.76973e+06
971.8,3.76911e+06
971.9,3.76849e+06
972,3.76788e+06
972.1,3.76726e+06
972.2,3.76664e+06
972.3,3.76603e+06
972.4,3.76541e+06
972.5,3.76479e+06
972.6,3.76418e+06
972.7,3.76356e+06
972.8,3.76294e+06
972.9,3.76233e+06
973,3.76171e+06
973.1,3.76109e+06
973.2,3.76048e+06
973.3,3.75986e+06
973.4,3.75924e+06
973.5,3.75862e+06
973.6,3.75801e+06
973.7,3.75739e+06
973.8,3.75677e+06
973.9,3.75616e+06
974,3.75554e+06
974.1,3.75492e+06
974.2,3.7543e+06
974.3,3.75368e+06
974.4,3.75307e+06
974.5,3.75245e+06
974.6,3.75183e+06
974.7,3.75121e+06
974.8,3.7506e+06
974.9,3.74998e+06
975,3.74936e+06
975.1,3.74874e+06
975.2,3.74812e+06
975.3,3.74751e+06
975.4,3.74689e+06
975.5,3.74627e+06
975.6,3.74565e+06
975.7,3.74503e+06
975.8,3.74442e+06
975.9,3.7438e+06
976,3.74318e+06
976.1,3.74256e+06
976.2,3.74194e+06
976.3,3.74132e+06
976.4,3.7407e+06
976.5,3.74008e+06
976.6,3.73947e+06
976.7,3.73885e+06
976.8,3.73823e+06
976.9,3.73761e+06
977,3.73699e+06
977.1,3.73637e+06
977.2,3.73575e+06
977.3,3.73513e+06
977.4,3.73451e+06
977.5,3.7339e+06
977.6,3.73328e+06
977.7,3.73266e+06
977.8,3.73204e+06
977.9,3.73142e+06
978,3.7308e+06
978.1,3.73018e+06
978.2,3.72956e+06
978.3,3.72894e+06
978.4,3.72832e+06
978.5,3.7277e+06
978.6,3.72708e+06
978.7,3.72646e+06
978.8,3.72584e+06
978.9,3.72522e+06
979,3.7246e+06
979.1,3.72398e+06
979.2,3.72336e+06
979.3,3.72274e+06
979.4,3.72212e+06
979.5,3.7215e+06
979.6,3.72088e+06
979.7,3.72026e+06
979.8,3.71964e+06
979.9,3.71902e+06
980,3.7184e+06
980.1,3.71778e+06
980.2,3.71716e+06
980.3,3.71654e+06
980.4,3.71592e+06
980.5,3.7153e+06
980.6,3.71468e+06
980.7,3.71405e+06
980.8,3.71343e+06
980.9,3.71281e+06
981,3.71219e+06
981.1,3.71157e+06
981.2,3.71095e+06
981.3,3.71033e+06
981.4,3.70971e+06
981.5,3.70909e+06
981.6,3.70846e+06
981.7,3.70784e+06
981.8,3.70722e+06
981.9,3.7066e+06
982,3.70598e+06
982.1,3.70536e+06
982.2,3.70474e+06
982.3,3.70412e+06
982.4,3.70349e+06
982.5,3.70287e+06
982.6,3.70225e+06
982.7,3.70163e+06
982.8,3.70101e+06
982.9,3.70038e+06
983,3.69976e+06
983.1,3.69914e+06
983.2,3.69852e+06
983.3,3.6979e+06
983.4,3.69727e+06
983.5,3.69665e+06
983.6,3.69603e+06
983.7,3.69541e+06
983.8,3.69478e+06
983.9,3.69416e+06
984,3.69354e+06
984.1,3.69292e+06
984.2,3.6923e+06
984.3,3.69167e+06
984.4,3.69105e+06
984.5,3.69043e+06
984.6,3.6898e+06
984.7,3.68918e+06
984.8,3.68856e+06
984.9,3.68794e+06
985,3.68731e+06
985.1,3.68669e+06
985.2,3.68607e+06
985.3,3.68544e+06
985.4,3.68482e+06
985.5,3.6842e+06
985.6,3.68357e+06
985.7,3.68295e+06
985.8,3.68233e+06
985.9,3.6817e+06
986,3.68108e+06
986.1,3.68046e+06
986.2,3.67983e+06
986.3,3.67921e+06
986.4,3.67859e+06
986.5,3.67796e+06
986.6,3.67734e+06
986.7,3.67672e+06
986.8,3.67609e+06
986.9,3.67547e+06
987,3.67484e+06
987.1,3.67422e+06
987.2,3.6736e+06
987.3,3.67297e+06
987.4,3.67235e+06
987.5,3.67172e+06
987.6,3.6711e+06
987.7,3.67048e+06
987.8,3.66985e+06
987.9,3.66923e+06
988,3.6686e+06
988.1,3.66798e+06
988.2,3.66735e+06
988.3,3.66673e+06
988.4,3.6661e+06
988.5,3.66548e+06
988.6,3.66486e+06
988.7,3.66423e+06
988.8,3.66361e+06
988.9,3.66298e+06
989,3.66236e+06
989.1,3.66173e+06
989.2,3.66111e+06
989.3,3.66048e+06
989.4,3.65986e+06
989.5,3.65923e+06
989.6,3.65861e+06
989.7,3.65798e+06
989.8,3.65736e+06
989.9,3.65673e+06
990,3.6561e+06
990.1,3.65548e+06
990.2,3.65485e+06
990.3,3.65423e+06
990.4,3.6536e+06
990.5,3.65298e+06
990.6,3.65235e+06
990.7,3.65173e+06
990.8,3.6511e+06
990.9,3.65047e+06
991,3.64985e+06
991.1,3.64922e+06
991.2,3.6486e+06
991.3,3.64797e+06
991.4,3.64734e+06
991.5,3.64672e+06
991.6,3.64609e+06
991.7,3.64547e+06
991.8,3.64484e+06
991.9,3.64421e+06
992,3.64359e+06
992.1,3.64296e+06
992.2,3.64233e+06
992.3,3.64171e+06
992.4,3.64108e+06
992.5,3.64046e+06
992.6,3.63983e+06
992.7,3.6392e+06
992.8,3.63857e+06
992.9,3.63795e+06
993,3.63732e+06
993.1,3.63669e+06
993.2,3.63607e+06
993.3,3.63544e+06
993.4,3.63481e+06
993.5,3.63419e+06
993.6,3.63356e+06
993.7,3.63293e+06
993.8,3.6323e+06
993.9,3.63168e+06
994,3.63105e+06
994.1,3.63042e+06
994.2,3.6298e+06
994.3,3.62917e+06
994.4,3.62854e+06
994.5,3.62791e+06
994.6,3.62729e+06
994.7,3.62666e+06
994.8,3.62603e+06
994.9,3.6254e+06
995,3.62477e+06
995.1,3.62415e+06
995.2,3.62352e+06
995.3,3.62289e+06
995.4,3.62226e+06
995.5,3.62164e+06
995.6,3.62101e+06
995.7,3.62038e+06
995.8,3.61975e+06
995.9,3.61912e+06
996,3.61849e+06
996.1,3.61787e+06
996.2,3.61724e+06
996.3,3.61661e+06
996.4,3.61598e+06
996.5,3.61535e+06
996.6,3.61472e+06
996.7,3.6141e+06
996.8,3.61347e+06
996.9,3.61284e+06
997,3.61221e+06
997.1,3.61158e+06
997.2,3.61095e+06
997.3,3.61032e+06
997.4,3.60969e+06
997.5,3.60906e+06
997.6,3.60844e+06
997.7,3.60781e+06
997.8,3.60718e+06
997.9,3.60655e+06
998,3.60592e+06
998.1,3.60529e+06
998.2,3.60466e+06
998.3,3.60403e+06
998.4,3.6034e+06
998.5,3.60277e+06
998.6,3.60214e+06
998.7,3.60151e+06
998.8,3.60088e+06
998.9,3.60025e+06
999,3.59962e+06
999.1,3.59899e+06
999.2,3.59836e+06
999.3,3.59773e+06
999.4,3.5971e+06
999.5,3.59647e+06
999.6,3.59584e+06
999.7,3.59521e+06
999.8,3.59458e+06
999.9,3.59395e+06
1000,3.59332e+06
1000.1,3.59269e+06
1000.2,3.59206e+06
1000.3,3.59143e+06
1000.4,3.5908e+06
1000.5,3.59017e+06
1000.6,3.58954e+06
1000.7,3.58891e+06
1000.8,3.58828e+06
1000.9,3.58765e+06
1001,3.58702e+06
1001.1,3.58639e+06
1001.2,3.58576e+06
1001.3,3.58513e+06
1001.4,3.5845e+06
1001.5,3.58387e+06
1001.6,3.58323e+06
1001.7,3.5826e+06
1001.8,3.58197e+06
1001.9,3.58134e+06
1002,3.58071e+06
1002.1,3.58008e+06
1002.2,3.57945e+06
1002.3,3.57882e+06
1002.4,3.57818e+06
1002.5,3.57755e+06
1002.6,3.57692e+06
1002.7,3.57629e+06
1002.8,3.57566e+06
1002.9,3.57503e+06
1003,3.5744e+06
1003.1,3.57376e+06
1003.2,3.57313e+06
1003.3,3.5725e+06
1003.4,3.57187e+06
1003.5,3.57124e+06
1003.6,3.57061e+06
1003.7,3.56997e+06
1003.8,3.56934e+06
1003.9,3.56871e+06
1004,3.56808e+06
1004.1,3.56744e+06
1004.2,3.56681e+06
1004.3,3.56618e+06
1004.4,3.56555e+06
1004.5,3.56492e+06
1004.6,3.56428e+06
1004.7,3.56365e+06
1004.8,3.56302e+06
1004.9,3.56239e+06
1005,3.56175e+06
1005.1,3.56112e+06
1005.2,3.56049e+06
1005.3,3.55986e+06
1005.4,3.55922e+06
1005.5,3.55859e+06
1005.6,3.55796e+06
1005.7,3.55732e+06
1005.8,3.55669e+06
1005.9,3.55606e+06
1006,3.55543e+06
1006.1,3.55479e+06
1006.2,3.55416e+06
1006.3,3.55353e+06
1006.4,3.55289e+06
1006.5,3.55226e+06
1006.6,3.55163e+06
1006.7,3.55099e+06
1006.8,3.55036e+06
1006.9,3.54973e+06
1007,3.54909e+06
1007.1,3.54846e+06
1007.2,3.54783e+06
1007.3,3.54719e+06
1007.4,3.54656e+06
1007.5,3.54592e+06
1007.6,3.54529e+06
1007.7,3.54466e+06
1007.8,3.54402e+06
1007.9,3.54339e+06
1008,3.54275e+06
1008.1,3.54212e+06
1008.2,3.54149e+06
1008.3,3.54085e+06
1008.4,3.54022e+06
1008.5,3.53958e+06
1008.6,3.53895e+06
1008.7,3.53832e+06
1008.8,3.53768e+06
1008.9,3.53705e+06
1009,3.53641e+06
1009.1,3.53578e+06
1009.2,3.53514e+06
1009.3,3.53451e+06
1009.4,3.53387e+06
1009.5,3.53324e+06
1009.6,3.5326e+06
1009.7,3.53197e+06
1009.8,3.53133e+06
1009.9,3.5307e+06
1010,3.53006e+06
1010.1,3.52943e+06
1010.2,3.52879e+06
1010.3,3.52816e+06
1010.4,3.52752e+06
1010.5,3.52689e+06
1010.6,3.52625e+06
1010.7,3.52562e+06
1010.8,3.52498e+06
1010.9,3.52435e+06
1011,3.52371e+06
1011.1,3.52308e+06
1011.2,3.52244e+06
1011.3,3.52181e+06
1011.4,3.52117e+06
1011.5,3.52054e+06
1011.6,3.5199e+06
1011.7,3.51926e+06
1011.8,3.51863e+06
1011.9,3.51799e+06
1012,3.51736e+06
1012.1,3.51672e+06
1012.2,3.51608e+06
1012.3,3.51545e+06
1012.4,3.51481e+06
1012.5,3.51418e+06
1012.6,3.51354e+06
1012.7,3.5129e+06
1012.8,3.51227e+06
1012.9,3.51163e+06
1013,3.511e+06
1013.1,3.51036e+06
1013.2,3.50972e+06
1013.3,3.50909e+06
1013.4,3.50845e+06
1013.5,3.50781e+06
1013.6,3.50718e+06
1013.7,3.50654e+06
1013.8,3.5059e+06
1013.9,3.50527e+06
1014,3.50463e+06
1014.1,3.50399e+06
1014.2,3.50336e+06
1014.3,3.50272e+06
1014.4,3.50208e+06
1014.5,3.50144e+06
1014.6,3.50081e+06
1014.7,3.50017e+06
1014.8,3.49953e+06
1014.9,3.4989e+06
1015,3.49826e+06
1015.1,3.49762e+06
1015.2,3.49698e+06
1015.3,3.49635e+06
1015.4,3.49571e+06
1015.5,3.49507e+06
1015.6,3.49443e+06
1015.7,3.4938e+06
1015.8,3.49316e+06
1015.9,3.49252e+06
1016,3.49188e+06
1016.1,3.49125e+06
1016.2,3.49061e+06
1016.3,3.48997e+06
1016.4,3.48933e+06
1016.5,3.48869e+06
1016.6,3.48806e+06
1016.7,3.48742e+06
1016.8,3.48678e+06
1016.9,3.48614e+06
1017,3.4855e+06
1017.1,3.48487e+06
1017.2,3.48423e+06
1017.3,3.48359e+06
1017.4,3.48295e+06
1017.5,3.48231e+06
1017.6,3.48167e+06
1017.7,3.48104e+06
1017.8,3.4804e+06
1017.9,3.47976e+06
1018,3.47912e+06
1018.1,3.47848e+06
1018.2,3.47784e+06
1018.3,3.4772e+06
1018.4,3.47656e+06
1018.5,3.47593e+06
1018.6,3.47529e+06
1018.7,3.47465e+06
1018.8,3.47401e+06
1018.9,3.47337e+06
1019,3.47273e+06
1019.1,3.47209e+06
1019.2,3.47145e+06
1019.3,3.47081e+06
1019.4,3.47017e+06
1019.5,3.46953e+06
1019.6,3.4689e+06
1019.7,3.46826e+06
1019.8,3.46762e+06
1019.9,3.46698e+06
1020,3.46634e+06
1020.1,3.4657e+06
1020.2,3.46506e+06
1020.3,3.46442e+06
1020.4,3.46378e+06
1020.5,3.46314e+06
1020.6,3.4625e+06
1020.7,3.46186e+06
1020.8,3.46122e+06
1020.9,3.46058e+06
1021,3.45994e+06
1021.1,3.4593e+06
1021.2,3.45866e+06
1021.3,3.45802e+06
1021.4,3.45738e+06
1021.5,3.45674e+06
1021.6,3.4561e+06
1021.7,3.45546e+06
1021.8,3.45482e+06
1021.9,3.45418e+06
1022,3.45354e+06
1022.1,3.4529e+06
1022.2,3.45226e+06
1022.3,3.45161e+06
1022.4,3.45097e+06
1022.5,3.45033e+06
1022.6,3.44969e+06
1022.7,3.44905e+06
1022.8,3.44841e+06
1022.9,3.44777e+06
1023,3.44713e+06
1023.1,3.44649e+06
1023.2,3.44585e+06
1023.3,3.44521e+06
1023.4,3.44456e+06
1023.5,3.44392e+06
1023.6,3.44328e+06
1023.7,3.44264e+06
1023.8,3.442e+06
1023.9,3.44136e+06
1024,3.44072e+06
1024.1,3.44008e+06
1024.2,3.43943e+06
1024.3,3.43879e+06
1024.4,3.43815e+06
1024.5,3.43751e+06
1024.6,3.43687e+06
1024.7,3.43623e+06
1024.8,3.43558e+06
1024.9,3.43494e+06
1025,3.4343e+06
1025.1,3.43366e+06
1025.2,3.43302e+06
1025.3,3.43237e+06
1025.4,3.43173e+06
1025.5,3.43109e+06
1025.6,3.43045e+06
1025.7,3.42981e+06
1025.8,3.42916e+06
1025.9,3.42852e+06
1026,3.42788e+06
1026.1,3.42724e+06
1026.2,3.42659e+06
1026.3,3.42595e+06
1026.4,3.42531e+06
1026.5,3.42467e+06
1026.6,3.42402e+06
1026.7,3.42338e+06
1026.8,3.42274e+06
1026.9,3.4221e+06
1027,3.42145e+06
1027.1,3.42081e+06
1027.2,3.42017e+06
1027.3,3.41952e+06
1027.4,3.41888e+06
1027.5,3.41824e+06
1027.6,3.4176e+06
1027.7,3.41695e+06
1027.8,3.41631e+06
1027.9,3.41567e+06
1028,3.41502e+06
1028.1,3.41438e+06
1028.2,3.41374e+06
1028.3,3.41309e+06
1028.4,3.41245e+06
1028.5,3.41181e+06
1028.6,3.41116e+06
1028.7,3.41052e+06
1028.8,3.40988e+06
1028.9,3.40923e+06
1029,3.40859e+06
1029.1,3.40794e+06
1029.2,3.4073e+06
1029.3,3.40666e+06
1029.4,3.40601e+06
1029.5,3.40537e+06
1029.6,3.40473e+06
1029.7,3.40408e+06
1029.8,3.40344e+06
1029.9,3.40279e+06
1030,3.40215e+06
1030.1,3.40151e+06
1030.2,3.40086e+06
1030.3,3.40022e+06
1030.4,3.39957e+06
1030.5,3.39893e+06
1030.6,3.39828e+06
1030.7,3.39764e+06
1030.8,3.39699e+06
1030.9,3.39635e+06
1031,3.39571e+06
1031.1,3.39506e+06
1031.2,3.39442e+06
1031.3,3.39377e+06
1031.4,3.39313e+06
1031.5,3.39248e+06
1031.6,3.39184e+06
1031.7,3.39119e+06
1031.8,3.39055e+06
1031.9,3.3899e+06
1032,3.38926e+06
1032.1,3.38861e+06
1032.2,3.38797e+06
1032.3,3.38732e+06
1032.4,3.38668e+06
1032.5,3.38603e+06
1032.6,3.38539e+06
1032.7,3.38474e+06
1032.8,3.3841e+06
1032.9,3.38345e+06
1033,3.3828e+06
1033.1,3.38216e+06
1033.2,3.38151e+06
1033.3,3.38087e+06
1033.4,3.38022e+06
1033.5,3.37958e+06
1033.6,3.37893e+06
1033.7,3.37829e+06
1033.8,3.37764e+06
1033.9,3.37699e+06
1034,3.37635e+06
1034.1,3.3757e+06
1034.2,3.37506e+06
1034.3,3.37441e+06
1034.4,3.37376e+06
1034.5,3.37312e+06
1034.6,3.37247e+06
1034.7,3.37182e+06
1034.8,3.37118e+06
1034.9,3.37053e+06
1035,3.36989e+06
1035.1,3.36924e+06
1035.2,3.36859e+06
1035.3,3.36795e+06
1035.4,3.3673e+06
1035.5,3.36665e+06
1035.6,3.36601e+06
1035.7,3.36536e+06
1035.8,3.36471e+06
1035.9,3.36407e+06
1036,3.36342e+06
1036.1,3.36277e+06
1036.2,3.36213e+06
1036.3,3.36148e+06
1036.4,3.36083e+06
1036.5,3.36019e+06
1036.6,3.35954e+06
1036.7,3.35889e+06
1036.8,3.35824e+06
1036.9,3.3576e+06
1037,3.35695e+06
1037.1,3.3563e+06
1037.2,3.35566e+06
1037.3,3.35501e+06
1037.4,3.35436e+06
1037.5,3.35371e+06
1037.6,3.35306e+06
1037.7,3.35242e+06
1037.8,3.35177e+06
1037.9,3.35112e+06
1038,3.35047e+06
1038.1,3.34983e+06
1038.2,3.34918e+06
1038.3,3.34853e+06
1038.4,3.34788e+06
1038.5,3.34724e+06
1038.6,3.34659e+06
1038.7,3.34594e+06
1038.8,3.34529e+06
1038.9,3.34464e+06
1039,3.344e+06
1039.1,3.34335e+06
1039.2,3.3427e+06
1039.3,3.34205e+06
1039.4,3.3414e+06
1039.5,3.34075e+06
1039.6,3.34011e+06
1039.7,3.33946e+06
1039.8,3.33881e+06
1039.9,3.33816e+06
1040,3.33751e+06
1040.1,3.33686e+06
1040.2,3.33621e+06
1040.3,3.33557e+06
1040.4,3.33492e+06
1040.5,3.33427e+06
1040.6,3.33362e+06
1040.7,3.33297e+06
1040.8,3.33232e+06
1040.9,3.33167e+06
1041,3.33102e+06
1041.1,3.33037e+06
1041.2,3.32973e+06
1041.3,3.32908e+06
1041.4,3.32843e+06
1041.5,3.32778e+06
1041.6,3.32713e+06
1041.7,3.32648e+06
1041.8,3.32583e+06
1041.9,3.32518e+06
1042,3.32453e+06
1042.1,3.32388e+06
1042.2,3.32323e+06
1042.3,3.32258e+06
1042.4,3.32193e+06
1042.5,3.32128e+06
1042.6,3.32063e+06
1042.7,3.31998e+06
1042.8,3.31933e+06
1042.9,3.31868e+06
1043,3.31803e+06
1043.1,3.31738e+06
1043.2,3.31673e+06
1043.3,3.31608e+06
1043.4,3.31543e+06
1043.5,3.31478e+06
1043.6,3.31413e+06
1043.7,3.31348e+06
1043.8,3.31283e+06
1043.9,3.31218e+06
1044,3.31153e+06
1044.1,3.31088e+06
1044.2,3.31023e+06
1044.3,3.30958e+06
1044.4,3.30893e+06
1044.5,3.30828e+06
1044.6,3.30763e+06
1044.7,3.30698e+06
1044.8,3.30633e+06
1044.9,3.30568e+06
1045,3.30503e+06
1045.1,3.30438e+06
1045.2,3.30372e+06
1045.3,3.30307e+06
1045.4,3.30242e+06
1045.5,3.30177e+06
1045.6,3.30112e+06
1045.7,3.30047e+06
1045.8,3.29982e+06
1045.9,3.29917e+06
1046,3.29852e+06
1046.1,3.29787e+06
1046.2,3.29721e+06
1046.3,3.29656e+06
1046.4,3.29591e+06
1046.5,3.29526e+06
1046.6,3.29461e+06
1046.7,3.29396e+06
1046.8,3.29331e+06
1046.9,3.29265e+06
1047,3.292e+06
1047.1,3.29135e+06
1047.2,3.2907e+06
1047.3,3.29005e+06
1047.4,3.2894e+06
1047.5,3.28874e+06
1047.6,3.28809e+06
1047.7,3.28744e+06
1047.8,3.28679e+06
1047.9,3.28614e+06
1048,3.28548e+06
1048.1,3.28483e+06
1048.2,3.28418e+06
1048.3,3.28353e+06
1048.4,3.28287e+06
1048.5,3.28222e+06
1048.6,3.28157e+06
1048.7,3.28092e+06
1048.8,3.28026e+06
1048.9,3.27961e+06
1049,3.27896e+06
1049.1,3.27831e+06
1049.2,3.27766e+06
1049.3,3.277e+06
1049.4,3.27635e+06
1049.5,3.2757e+06
1049.6,3.27504e+06
1049.7,3.27439e+06
1049.8,3.27374e+06
1049.9,3.27309e+06
1050,3.27243e+06
1050.1,3.27178e+06
1050.2,3.27113e+06
1050.3,3.27047e+06
1050.4,3.26982e+06
1050.5,3.26917e+06
1050.6,3.26851e+06
1050.7,3.26786e+06
1050.8,3.26721e+06
1050.9,3.26655e+06
1051,3.2659e+06
1051.1,3.26525e+06
1051.2,3.26459e+06
1051.3,3.26394e+06
1051.4,3.26329e+06
1051.5,3.26263e+06
1051.6,3.26198e+06
1051.7,3.26133e+06
1051.8,3.26067e+06
1051.9,3.26002e+06
1052,3.25936e+06
1052.1,3.25871e+06
1052.2,3.25806e+06
1052.3,3.2574e+06
1052.4,3.25675e+06
1052.5,3.25609e+06
1052.6,3.25544e+06
1052.7,3.25479e+06
1052.8,3.25413e+06
1052.9,3.25348e+06
1053,3.25282e+06
1053.1,3.25217e+06
1053.2,3.25152e+06
1053.3,3.25086e+06
1053.4,3.25021e+06
1053.5,3.24955e+06
1053.6,3.2489e+06
1053.7,3.24824e+06
1053.8,3.24759e+06
1053.9,3.24693e+06
1054,3.24628e+06
1054.1,3.24562e+06
1054.2,3.24497e+06
1054.3,3.24432e+06
1054.4,3.24366e+06
1054.5,3.24301e+06
1054.6,3.24235e+06
1054.7,3.2417e+06
1054.8,3.24104e+06
1054.9,3.24039e+06
1055,3.23973e+06
1055.1,3.23908e+06
1055.2,3.23842e+06
1055.3,3.23776e+06
1055.4,3.23711e+06
1055.5,3.23645e+06
1055.6,3.2358e+06
1055.7,3.23514e+06
1055.8,3.23449e+06
1055.9,3.23383e+06
1056,3.23318e+06
1056.1,3.23252e+06
1056.2,3.23187e+06
1056.3,3.23121e+06
1056.4,3.23055e+06
1056.5,3.2299e+06
1056.6,3.22924e+06
1056.7,3.22859e+06
1056.8,3.22793e+06
1056.9,3.22728e+06
1057,3.22662e+06
1057.1,3.22596e+06
1057.2,3.22531e+06
1057.3,3.22465e+06
1057.4,3.224e+06
1057.5,3.22334e+06
1057.6,3.22268e+06
1057.7,3.22203e+06
1057.8,3.22137e+06
1057.9,3.22071e+06
1058,3.22006e+06
1058.1,3.2194e+06
1058.2,3.21874e+06
1058.3,3.21809e+06
1058.4,3.21743e+06
1058.5,3.21678e+06
1058.6,3.21612e+06
1058.7,3.21546e+06
1058.8,3.21481e+06
1058.9,3.21415e+06
1059,3.21349e+06
1059.1,3.21284e+06
1059.2,3.21218e+06
1059.3,3.21152e+06
1059.4,3.21086e+06
1059.5,3.21021e+06
1059.6,3.20955e+06
1059.7,3.20889e+06
1059.8,3.20824e+06
1059.9,3.20758e+06
1060,3.20692e+06
1060.1,3.20626e+06
1060.2,3.20561e+06
1060.3,3.20495e+06
1060.4,3.20429e+06
1060.5,3.20363e+06
1060.6,3.20298e+06
1060.7,3.20232e+06
1060.8,3.20166e+06
1060.9,3.201e+06
1061,3.20035e+06
1061.1,3.19969e+06
1061.2,3.19903e+06
1061.3,3.19837e+06
1061.4,3.19772e+06
1061.5,3.19706e+06
1061.6,3.1964e+06
1061.7,3.19574e+06
1061.8,3.19508e+06
1061.9,3.19443e+06
1062,3.19377e+06
1062.1,3.19311e+06
1062.2,3.19245e+06
1062.3,3.19179e+06
1062.4,3.19114e+06
1062.5,3.19048e+06
1062.6,3.18982e+06
1062.7,3.18916e+06
1062.8,3.1885e+06
1062.9,3.18784e+06
1063,3.18718e+06
1063.1,3.18653e+06
1063.2,3.18587e+06
1063.3,3.18521e+06
1063.4,3.18455e+06
1063.5,3.18389e+06
1063.6,3.18323e+06
1063.7,3.18257e+06
1063.8,3.18192e+06
1063.9,3.18126e+06
1064,3.1806e+06
1064.1,3.17994e+06
1064.2,3.17928e+06
1064.3,3.17862e+06
1064.4,3.17796e+06
1064.5,3.1773e+06
1064.6,3.17664e+06
1064.7,3.17598e+06
1064.8,3.17533e+06
1064.9,3.17467e+06
1065,3.17401e+06
1065.1,3.17335e+06
1065.2,3.17269e+06
1065.3,3.17203e+06
1065.4,3.17137e+06
1065.5,3.17071e+06
1065.6,3.17005e+06
1065.7,3.16939e+06
1065.8,3.16873e+06
1065.9,3.16807e+06
1066,3.16741e+06
1066.1,3.16675e+06
1066.2,3.16609e+06
1066.3,3.16543e+06
1066.4,3.16477e+06
1066.5,3.16411e+06
1066.6,3.16345e+06
1066.7,3.16279e+06
1066.8,3.16213e+06
1066.9,3.16147e+06
1067,3.16081e+06
1067.1,3.16015e+06
1067.2,3.15949e+06
1067.3,3.15883e+06
1067.4,3.15817e+06
1067.5,3.15751e+06
1067.6,3.15685e+06
1067.7,3.15619e+06
1067.8,3.15553e+06
1067.9,3.15487e+06
1068,3.15421e+06
1068.1,3.15355e+06
1068.2,3.15289e+06
1068.3,3.15223e+06
1068.4,3.15157e+06
1068.5,3.1509e+06
1068.6,3.15024e+06
1068.7,3.14958e+06
1068.8,3.14892e+06
1068.9,3.14826e+06
1069,3.1476e+06
1069.1,3.14694e+06
1069.2,3.14628e+06
1069.3,3.14562e+06
1069.4,3.14496e+06
1069.5,3.14429e+06
1069.6,3.14363e+06
1069.7,3.14297e+06
1069.8,3.14231e+06
1069.9,3.14165e+06
1070,3.14099e+06
1070.1,3.14033e+06
1070.2,3.13966e+06
1070.3,3.139e+06
1070.4,3.13834e+06
1070.5,3.13768e+06
1070.6,3.13702e+06
1070.7,3.13636e+06
1070.8,3.1357e+06
1070.9,3.13503e+06
1071,3.13437e+06
1071.1,3.13371e+06
1071.2,3.13305e+06
1071.3,3.13239e+06
1071.4,3.13172e+06
1071.5,3.13106e+06
1071.6,3.1304e+06
1071.7,3.12974e+06
1071.8,3.12908e+06
1071.9,3.12841e+06
1072,3.12775e+06
1072.1,3.12709e+06
1072.2,3.12643e+06
1072.3,3.12576e+06
1072.4,3.1251e+06
1072.5,3.12444e+06
1072.6,3.12378e+06
1072.7,3.12311e+06
1072.8,3.12245e+06
1072.9,3.12179e+06
1073,3.12113e+06
1073.1,3.12046e+06
1073.2,3.1198e+06
1073.3,3.11914e+06
1073.4,3.11848e+06
1073.5,3.11781e+06
1073.6,3.11715e+06
1073.7,3.11649e+06
1073.8,3.11582e+06
1073.9,3.11516e+06
1074,3.1145e+06
1074.1,3.11384e+06
1074.2,3.11317e+06
1074.3,3.11251e+06
1074.4,3.11185e+06
1074.5,3.11118e+06
1074.6,3.11052e+06
1074.7,3.10986e+06
1074.8,3.10919e+06
1074.9,3.10853e+06
1075,3.10786e+06
1075.1,3.1072e+06
1075.2,3.10654e+06
1075.3,3.10587e+06
1075.4,3.10521e+06
1075.5,3.10455e+06
1075.6,3.10388e+06
1075.7,3.10322e+06
1075.8,3.10256e+06
1075.9,3.10189e+06
1076,3.10123e+06
1076.1,3.10056e+06
1076.2,3.0999e+06
1076.3,3.09924e+06
1076.4,3.09857e+06
1076.5,3.09791e+06
1076.6,3.09724e+06
1076.7,3.09658e+06
1076.8,3.09592e+06
1076.9,3.09525e+06
1077,3.09459e+06
1077.1,3.09392e+06
1077.2,3.09326e+06
1077.3,3.09259e+06
1077.4,3.09193e+06
1077.5,3.09127e+06
1077.6,3.0906e+06
1077.7,3.08994e+06
1077.8,3.08927e+06
1077.9,3.08861e+06
1078,3.08794e+06
1078.1,3.08728e+06
1078.2,3.08661e+06
1078.3,3.08595e+06
1078.4,3.08528e+06
1078.5,3.08462e+06
1078.6,3.08395e+06
1078.7,3.08329e+06
1078.8,3.08262e+06
1078.9,3.08196e+06
1079,3.08129e+06
1079.1,3.08063e+06
1079.2,3.07996e+06
1079.3,3.0793e+06
1079.4,3.07863e+06
1079.5,3.07797e+06
1079.6,3.0773e+06
1079.7,3.07664e+06
1079.8,3.07597e+06
1079.9,3.07531e+06
1080,3.07464e+06
1080.1,3.07397e+06
1080.2,3.07331e+06
1080.3,3.07264e+06
1080.4,3.07198e+06
1080.5,3.07131e+06
1080.6,3.07065e+06
1080.7,3.06998e+06
1080.8,3.06932e+06
1080.9,3.06865e+06
1081,3.06798e+06
1081.1,3.06732e+06
1081.2,3.06665e+06
1081.3,3.06599e+06
1081.4,3.06532e+06
1081.5,3.06465e+06
1081.6,3.06399e+06
1081.7,3.06332e+06
1081.8,3.06265e+06
1081.9,3.06199e+06
1082,3.06132e+06
1082.1,3.06066e+06
1082.2,3.05999e+06
1082.3,3.05932e+06
1082.4,3.05866e+06
1082.5,3.05799e+06
1082.6,3.05732e+06
1082.7,3.05666e+06
1082.8,3.05599e+06
1082.9,3.05532e+06
1083,3.05466e+06
1083.1,3.05399e+06
1083.2,3.05332e+06
1083.3,3.05266e+06
1083.4,3.05199e+06
1083.5,3.05132e+06
1083.6,3.05066e+06
1083.7,3.04999e+06
1083.8,3.04932e+06
1083.9,3.04865e+06
1084,3.04799e+06
1084.1,3.04732e+06
1084.2,3.04665e+06
1084.3,3.04599e+06
1084.4,3.04532e+06
1084.5,3.04465e+06
1084.6,3.04398e+06
1084.7,3.04332e+06
1084.8,3.04265e+06
1084.9,3.04198e+06
1085,3.04131e+06
1085.1,3.04065e+06
1085.2,3.03998e+06
1085.3,3.03931e+06
1085.4,3.03864e+06
1085.5,3.03798e+06
1085.6,3.03731e+06
1085.7,3.03664e+06
1085.8,3.03597e+06
1085.9,3.03531e+06
1086,3.03464e+06
1086.1,3.03397e+06
1086.2,3.0333e+06
1086.3,3.03263e+06
1086.4,3.03197e+06
1086.5,3.0313e+06
1086.6,3.03063e+06
1086.7,3.02996e+06
1086.8,3.02929e+06
1086.9,3.02862e+06
1087,3.02796e+06
1087.1,3.02729e+06
1087.2,3.02662e+06
1087.3,3.02595e+06
1087.4,3.02528e+06
1087.5,3.02461e+06
1087.6,3.02395e+06
1087.7,3.02328e+06
1087.8,3.02261e+06
1087.9,3.02194e+06
1088,3.02127e+06
1088.1,3.0206e+06
1088.2,3.01993e+06
1088.3,3.01926e+06
1088.4,3.0186e+06
1088.5,3.01793e+06
1088.6,3.01726e+06
1088.7,3.01659e+06
1088.8,3.01592e+06
1088.9,3.01525e+06
1089,3.01458e+06
1089.1,3.01391e+06
1089.2,3.01324e+06
1089.3,3.01257e+06
1089.4,3.0119e+06
1089.5,3.01124e+06
1089.6,3.01057e+06
1089.7,3.0099e+06
1089.8,3.00923e+06
1089.9,3.00856e+06
1090,3.00789e+06
1090.1,3.00722e+06
1090.2,3.00655e+06
1090.3,3.00588e+06
1090.4,3.00521e+06
1090.5,3.00454e+06
1090.6,3.00387e+06
1090.7,3.0032e+06
1090.8,3.00253e+06
1090.9,3.00186e+06
1091,3.00119e+06
1091.1,3.00052e+06
1091.2,2.99985e+06
1091.3,2.99918e+06
1091.4,2.99851e+06
1091.5,2.99784e+06
1091.6,2.99717e+06
1091.7,2.9965e+06
1091.8,2.99583e+06
1091.9,2.99516e+06
1092,2.99449e+06
1092.1,2.99382e+06
1092.2,2.99315e+06
1092.3,2.99248e+06
1092.4,2.99181e+06
1092.5,2.99114e+06
1092.6,2.99047e+06
1092.7,2.9898e+06
1092.8,2.98913e+06
1092.9,2.98846e+06
1093,2.98779e+06
1093.1,2.98712e+06
1093.2,2.98644e+06
1093.3,2.98577e+06
1093.4,2.9851e+06
1093.5,2.98443e+06
1093.6,2.98376e+06
1093.7,2.98309e+06
1093.8,2.98242e+06
1093.9,2.98175e+06
1094,2.98108e+06
1094.1,2.98041e+06
1094.2,2.97973e+06
1094.3,2.97906e+06
1094.4,2.97839e+06
1094.5,2.97772e+06
1094.6,2.97705e+06
1094.7,2.97638e+06
1094.8,2.97571e+06
1094.9,2.97504e+06
1095,2.97436e+06
1095.1,2.97369e+06
1095.2,2.97302e+06
1095.3,2.97235e+06
1095.4,2.97168e+06
1095.5,2.97101e+06
1095.6,2.97033e+06
1095.7,2.96966e+06
1095.8,2.96899e+06
1095.9,2.96832e+06
1096,2.96765e+06
1096.1,2.96698e+06
1096.2,2.9663e+06
1096.3,2.96563e+06
1096.4,2.96496e+06
1096.5,2.96429e+06
1096.6,2.96362e+06
1096.7,2.96294e+06
1096.8,2.96227e+06
1096.9,2.9616e+06
1097,2.96093e+06
1097.1,2.96026e+06
1097.2,2.95958e+06
1097.3,2.95891e+06
1097.4,2.95824e+06
1097.5,2.95757e+06
1097.6,2.95689e+06
1097.7,2.95622e+06
1097.8,2.95555e+06
1097.9,2.95488e+06
1098,2.9542e+06
1098.1,2.95353e+06
1098.2,2.95286e+06
1098.3,2.95218e+06
1098.4,2.95151e+06
1098.5,2.95084e+06
1098.6,2.95017e+06
1098.7,2.94949e+06
1098.8,2.94882e+06
1098.9,2.94815e+06
1099,2.94747e+06
1099.1,2.9468e+06
1099.2,2.94613e+06
1099.3,2.94546e+06
1099.4,2.94478e+06
1099.5,2.94411e+06
1099.6,2.94344e+06
1099.7,2.94276e+06
1099.8,2.94209e+06
1099.9,2.94142e+06
1100,2.94074e+06
1100.1,2.94007e+06
1100.2,2.9394e+06
1100.3,2.93872e+06
1100.4,2.93805e+06
1100.5,2.93738e+06
1100.6,2.9367e+06
1100.7,2.93603e+06
1100.8,2.93535e+06
1100.9,2.93468e+06
1101,2.93401e+06
1101.1,2.93333e+06
1101.2,2.93266e+06
1101.3,2.93198e+06
1101.4,2.93131e+06
1101.5,2.93064e+06
1101.6,2.92996e+06
1101.7,2.92929e+06
1101.8,2.92862e+06
1101.9,2.92794e+06
1102,2.92727e+06
1102.1,2.92659e+06
1102.2,2.92592e+06
1102.3,2.92524e+06
1102.4,2.92457e+06
1102.5,2.9239e+06
1102.6,2.92322e+06
1102.7,2.92255e+06
1102.8,2.92187e+06
1102.9,2.9212e+06
1103,2.92052e+06
1103.1,2.91985e+06
1103.2,2.91917e+06
1103.3,2.9185e+06
1103.4,2.91782e+06
1103.5,2.91715e+06
1103.6,2.91648e+06
1103.7,2.9158e+06
1103.8,2.91513e+06
1103.9,2.91445e+06
1104,2.91378e+06
1104.1,2.9131e+06
1104.2,2.91243e+06
1104.3,2.91175e+06
1104.4,2.91108e+06
1104.5,2.9104e+06
1104.6,2.90973e+06
1104.7,2.90905e+06
1104.8,2.90837e+06
1104.9,2.9077e+06
1105,2.90702e+06
1105.1,2.90635e+06
1105.2,2.90567e+06
1105.3,2.905e+06
1105.4,2.90432e+06
1105.5,2.90365e+06
1105.6,2.90297e+06
1105.7,2.9023e+06
1105.8,2.90162e+06
1105.9,2.90094e+06
1106,2.90027e+06
1106.1,2.89959e+06
1106.2,2.89892e+06
1106.3,2.89824e+06
1106.4,2.89757e+06
1106.5,2.89689e+06
1106.6,2.89621e+06
1106.7,2.89554e+06
1106.8,2.89486e+06
1106.9,2.89419e+06
1107,2.89351e+06
1107.1,2.89283e+06
1107.2,2.89216e+06
1107.3,2.89148e+06
1107.4,2.89081e+06
1107.5,2.89013e+06
1107.6,2.88945e+06
1107.7,2.88878e+06
1107.8,2.8881e+06
1107.9,2.88742e+06
1108,2.88675e+06
1108.1,2.88607e+06
1108.2,2.88539e+06
1108.3,2.88472e+06
1108.4,2.88404e+06
1108.5,2.88336e+06
1108.6,2.88269e+06
1108.7,2.88201e+06
1108.8,2.88133e+06
1108.9,2.88066e+06
1109,2.87998e+06
1109.1,2.8793e+06
1109.2,2.87863e+06
1109.3,2.87795e+06
1109.4,2.87727e+06
1109.5,2.8766e+06
1109.6,2.87592e+06
1109.7,2.87524e+06
1109.8,2.87457e+06
1109.9,2.87389e+06
1110,2.87321e+06
1110.1,2.87253e+06
1110.2,2.87186e+06
1110.3,2.87118e+06
1110.4,2.8705e+06
1110.5,2.86982e+06
1110.6,2.86915e+06
1110.7,2.86847e+06
1110.8,2.86779e+06
1110.9,2.86711e+06
1111,2.86644e+06
1111.1,2.86576e+06
1111.2,2.86508e+06
1111.3,2.8644e+06
1111.4,2.86373e+06
1111.5,2.86305e+06
1111.6,2.86237e+06
1111.7,2.86169e+06
1111.8,2.86102e+06
1111.9,2.86034e+06
1112,2.85966e+06
1112.1,2.85898e+06
1112.2,2.8583e+06
1112.3,2.85762e+06
1112.4,2.85695e+06
1112.5,2.85627e+06
1112.6,2.85559e+06
1112.7,2.85491e+06
1112.8,2.85423e+06
1112.9,2.85356e+06
1113,2.85288e+06
1113.1,2.8522e+06
1113.2,2.85152e+06
1113.3,2.85084e+06
1113.4,2.85016e+06
1113.5,2.84949e+06
1113.6,2.84881e+06
1113.7,2.84813e+06
1113.8,2.84745e+06
1113.9,2.84677e+06
1114,2.84609e+06
1114.1,2.84541e+06
1114.2,2.84473e+06
1114.3,2.84406e+06
1114.4,2.84338e+06
1114.5,2.8427e+06
1114.6,2.84202e+06
1114.7,2.84134e+06
1114.8,2.84066e+06
1114.9,2.83998e+06
1115,2.8393e+06
1115.1,2.83862e+06
1115.2,2.83795e+06
1115.3,2.83727e+06
1115.4,2.83659e+06
1115.5,2.83591e+06
1115.6,2.83523e+06
1115.7,2.83455e+06
1115.8,2.83387e+06
1115.9,2.83319e+06
1116,2.83251e+06
1116.1,2.83183e+06
1116.2,2.83115e+06
1116.3,2.83047e+06
1116.4,2.82979e+06
1116.5,2.82911e+06
1116.6,2.82843e+06
1116.7,2.82775e+06
1116.8,2.82707e+06
1116.9,2.82639e+06
1117,2.82571e+06
1117.1,2.82503e+06
1117.2,2.82436e+06
1117.3,2.82368e+06
1117.4,2.823e+06
1117.5,2.82232e+06
1117.6,2.82164e+06
1117.7,2.82096e+06
1117.8,2.82028e+06
1117.9,2.81959e+06
1118,2.81891e+06
1118.1,2.81823e+06
1118.2,2.81755e+06
1118.3,2.81687e+06
1118.4,2.81619e+06
1118.5,2.81551e+06
1118.6,2.81483e+06
1118.7,2.81415e+06
1118.8,2.81347e+06
1118.9,2.81279e+06
1119,2.81211e+06
1119.1,2.81143e+06
1119.2,2.81075e+06
1119.3,2.81007e+06
1119.4,2.80939e+06
1119.5,2.80871e+06
1119.6,2.80803e+06
1119.7,2.80735e+06
1119.8,2.80667e+06
1119.9,2.80598e+06
1120,2.8053e+06
1120.1,2.80462e+06
1120.2,2.80394e+06
1120.3,2.80326e+06
1120.4,2.80258e+06
1120.5,2.8019e+06
1120.6,2.80122e+06
1120.7,2.80054e+06
1120.8,2.79986e+06
1120.9,2.79917e+06
1121,2.79849e+06
1121.1,2.79781e+06
1121.2,2.79713e+06
1121.3,2.79645e+06
1121.4,2.79577e+06
1121.5,2.79509e+06
1121.6,2.7944e+06
1121.7,2.79372e+06
1121.8,2.79304e+06
1121.9,2.79236e+06
1122,2.79168e+06
1122.1,2.791e+06
1122.2,2.79031e+06
1122.3,2.78963e+06
1122.4,2.78895e+06
1122.5,2.78827e+06
1122.6,2.78759e+06
1122.7,2.78691e+06
1122.8,2.78622e+06
1122.9,2.78554e+06
1123,2.78486e+06
1123.1,2.78418e+06
1123.2,2.7835e+06
1123.3,2.78281e+06
1123.4,2.78213e+06
1123.5,2.78145e+06
1123.6,2.78077e+06
1123.7,2.78008e+06
1123.8,2.7794e+06
1123.9,2.77872e+06
1124,2.77804e+06
1124.1,2.77736e+06
1124.2,2.77667e+06
1124.3,2.77599e+06
1124.4,2.77531e+06
1124.5,2.77462e+06
1124.6,2.77394e+06
1124.7,2.77326e+06
1124.8,2.77258e+06
1124.9,2.77189e+06
1125,2.77121e+06
1125.1,2.77053e+06
1125.2,2.76985e+06
1125.3,2.76916e+06
1125.4,2.76848e+06
1125.5,2.7678e+06
1125.6,2.76711e+06
1125.7,2.76643e+06
1125.8,2.76575e+06
1125.9,2.76507e+06
1126,2.76438e+06
1126.1,2.7637e+06
1126.2,2.76302e+06
1126.3,2.76233e+06
1126.4,2.76165e+06
1126.5,2.76097e+06
1126.6,2.76028e+06
1126.7,2.7596e+06
1126.8,2.75892e+06
1126.9,2.75823e+06
1127,2.75755e+06
1127.1,2.75687e+06
1127.2,2.75618e+06
1127.3,2.7555e+06
1127.4,2.75482e+06
1127.5,2.75413e+06
1127.6,2.75345e+06
1127.7,2.75276e+06
1127.8,2.75208e+06
1127.9,2.7514e+06
1128,2.75071e+06
1128.1,2.75003e+06
1128.2,2.74935e+06
1128.3,2.74866e+06
1128.4,2.74798e+06
1128.5,2.74729e+06
1128.6,2.74661e+06
1128.7,2.74593e+06
1128.8,2.74524e+06
1128.9,2.74456e+06
1129,2.74387e+06
1129.1,2.74319e+06
1129.2,2.7425e+06
1129.3,2.74182e+06
1129.4,2.74114e+06
1129.5,2.74045e+06
1129.6,2.73977e+06
1129.7,2.73908e+06
1129.8,2.7384e+06
1129.9,2.73771e+06
1130,2.73703e+06
1130.1,2.73634e+06
1130.2,2.73566e+06
1130.3,2.73498e+06
1130.4,2.73429e+06
1130.5,2.73361e+06
1130.6,2.73292e+06
1130.7,2.73224e+06
1130.8,2.73155e+06
1130.9,2.73087e+06
1131,2.73018e+06
1131.1,2.7295e+06
1131.2,2.72881e+06
1131.3,2.72813e+06
1131.4,2.72744e+06
1131.5,2.72676e+06
1131.6,2.72607e+06
1131.7,2.72539e+06
1131.8,2.7247e+06
1131.9,2.72402e+06
1132,2.72333e+06
1132.1,2.72265e+06
1132.2,2.72196e+06
1132.3,2.72128e+06
1132.4,2.72059e+06
1132.5,2.7199e+06
1132.6,2.71922e+06
1132.7,2.71853e+06
1132.8,2.71785e+06
1132.9,2.71716e+06
1133,2.71648e+06
1133.1,2.71579e+06
1133.2,2.71511e+06
1133.3,2.71442e+06
1133.4,2.71373e+06
1133.5,2.71305e+06
1133.6,2.71236e+06
1133.7,2.71168e+06
1133.8,2.71099e+06
1133.9,2.71031e+06
1134,2.70962e+06
1134.1,2.70893e+06
1134.2,2.70825e+06
1134.3,2.70756e+06
1134.4,2.70688e+06
1134.5,2.70619e+06
1134.6,2.7055e+06
1134.7,2.70482e+06
1134.8,2.70413e+06
1134.9,2.70344e+06
1135,2.70276e+06
1135.1,2.70207e+06
1135.2,2.70139e+06
1135.3,2.7007e+06
1135.4,2.70001e+06
1135.5,2.69933e+06
1135.6,2.69864e+06
1135.7,2.69795e+06
1135.8,2.69727e+06
1135.9,2.69658e+06
1136,2.69589e+06
1136.1,2.69521e+06
1136.2,2.69452e+06
1136.3,2.69383e+06
1136.4,2.69315e+06
1136.5,2.69246e+06
1136.6,2.69177e+06
1136.7,2.69109e+06
1136.8,2.6904e+06
1136.9,2.68971e+06
1137,2.68902e+06
1137.1,2.68834e+06
1137.2,2.68765e+06
1137.3,2.68696e+06
1137.4,2.68628e+06
1137.5,2.68559e+06
1137.6,2.6849e+06
1137.7,2.68421e+06
1137.8,2.68353e+06
1137.9,2.68284e+06
1138,2.68215e+06
1138.1,2.68147e+06
1138.2,2.68078e+06
1138.3,2.68009e+06
1138.4,2.6794e+06
1138.5,2.67872e+06
1138.6,2.67803e+06
1138.7,2.67734e+06
1138.8,2.67665e+06
1138.9,2.67596e+06
1139,2.67528e+06
1139.1,2.67459e+06
1139.2,2.6739e+06
1139.3,2.67321e+06
1139.4,2.67253e+06
1139.5,2.67184e+06
1139.6,2.67115e+06
1139.7,2.67046e+06
1139.8,2.66977e+06
1139.9,2.66909e+06
1140,2.6684e+06
1140.1,2.66771e+06
1140.2,2.66702e+06
1140.3,2.66633e+06
1140.4,2.66565e+06
1140.5,2.66496e+06
1140.6,2.66427e+06
1140.7,2.66358e+06
1140.8,2.66289e+06
1140.9,2.6622e+06
1141,2.66152e+06
1141.1,2.66083e+06
1141.2,2.66014e+06
1141.3,2.65945e+06
1141.4,2.65876e+06
1141.5,2.65807e+06
1141.6,2.65739e+06
1141.7,2.6567e+06
1141.8,2.65601e+06
1141.9,2.65532e+06
1142,2.65463e+06
1142.1,2.65394e+06
1142.2,2.65325e+06
1142.3,2.65256e+06
1142.4,2.65188e+06
1142.5,2.65119e+06
1142.6,2.6505e+06
1142.7,2.64981e+06
1142.8,2.64912e+06
1142.9,2.64843e+06
1143,2.64774e+06
1143.1,2.64705e+06
1143.2,2.64636e+06
1143.3,2.64567e+06
1143.4,2.64498e+06
1143.5,2.6443e+06
1143.6,2.64361e+06
1143.7,2.64292e+06
1143.8,2.64223e+06
1143.9,2.64154e+06
1144,2.64085e+06
1144.1,2.64016e+06
1144.2,2.63947e+06
1144.3,2.63878e+06
1144.4,2.63809e+06
1144.5,2.6374e+06
1144.6,2.63671e+06
1144.7,2.63602e+06
1144.8,2.63533e+06
1144.9,2.63464e+06
1145,2.63395e+06
1145.1,2.63326e+06
1145.2,2.63257e+06
1145.3,2.63188e+06
1145.4,2.63119e+06
1145.5,2.6305e+06
1145.6,2.62981e+06
1145.7,2.62912e+06
1145.8,2.62843e+06
1145.9,2.62774e+06
1146,2.62705e+06
1146.1,2.62636e+06
1146.2,2.62567e+06
1146.3,2.62498e+06
1146.4,2.62429e+06
1146.5,2.6236e+06
1146.6,2.62291e+06
1146.7,2.62222e+06
1146.8,2.62153e+06
1146.9,2.62084e+06
1147,2.62015e+06
1147.1,2.61946e+06
1147.2,2.61877e+06
1147.3,2.61808e+06
1147.4,2.61739e+06
1147.5,2.6167e+06
1147.6,2.61601e+06
1147.7,2.61532e+06
1147.8,2.61462e+06
1147.9,2.61393e+06
1148,2.61324e+06
1148.1,2.61255e+06
1148.2,2.61186e+06
1148.3,2.61117e+06
1148.4,2.61048e+06
1148.5,2.60979e+06
1148.6,2.6091e+06
1148.7,2.60841e+06
1148.8,2.60772e+06
1148.9,2.60702e+06
1149,2.60633e+06
1149.1,2.60564e+06
1149.2,2.60495e+06
1149.3,2.60426e+06
1149.4,2.60357e+06
1149.5,2.60288e+06
1149.6,2.60219e+06
1149.7,2.60149e+06
1149.8,2.6008e+06
1149.9,2.60011e+06
1150,2.59942e+06
1150.1,2.59873e+06
1150.2,2.59804e+06
1150.3,2.59735e+06
1150.4,2.59665e+06
1150.5,2.59596e+06
1150.6,2.59527e+06
1150.7,2.59458e+06
1150.8,2.59389e+06
1150.9,2.5932e+06
1151,2.5925e+06
1151.1,2.59181e+06
1151.2,2.59112e+06
1151.3,2.59043e+06
1151.4,2.58974e+06
1151.5,2.58904e+06
1151.6,2.58835e+06
1151.7,2.58766e+06
1151.8,2.58697e+06
1151.9,2.58628e+06
1152,2.58558e+06
1152.1,2.58489e+06
1152.2,2.5842e+06
1152.3,2.58351e+06
1152.4,2.58281e+06
1152.5,2.58212e+06
1152.6,2.58143e+06
1152.7,2.58074e+06
1152.8,2.58004e+06
1152.9,2.57935e+06
1153,2.57866e+06
1153.1,2.57797e+06
1153.2,2.57728e+06
1153.3,2.57658e+06
1153.4,2.57589e+06
1153.5,2.5752e+06
1153.6,2.5745e+06
1153.7,2.57381e+06
1153.8,2.57312e+06
1153.9,2.57243e+06
1154,2.57173e+06
1154.1,2.57104e+06
1154.2,2.57035e+06
1154.3,2.56965e+06
1154.4,2.56896e+06
1154.5,2.56827e+06
1154.6,2.56758e+06
1154.7,2.56688e+06
1154.8,2.56619e+06
1154.9,2.5655e+06
1155,2.5648e+06
1155.1,2.56411e+06
1155.2,2.56342e+06
1155.3,2.56272e+06
1155.4,2.56203e+06
1155.5,2.56134e+06
1155.6,2.56064e+06
1155.7,2.55995e+06
1155.8,2.55926e+06
1155.9,2.55856e+06
1156,2.55787e+06
1156.1,2.55718e+06
1156.2,2.55648e+06
1156.3,2.55579e+06
1156.4,2.5551e+06
1156.5,2.5544e+06
1156.6,2.55371e+06
1156.7,2.55301e+06
1156.8,2.55232e+06
1156.9,2.55163e+06
1157,2.55093e+06
1157.1,2.55024e+06
1157.2,2.54955e+06
1157.3,2.54885e+06
1157.4,2.54816e+06
1157.5,2.54746e+06
1157.6,2.54677e+06
1157.7,2.54608e+06
1157.8,2.54538e+06
1157.9,2.54469e+06
1158,2.54399e+06
1158.1,2.5433e+06
1158.2,2.5426e+06
1158.3,2.54191e+06
1158.4,2.54122e+06
1158.5,2.54052e+06
1158.6,2.53983e+06
1158.7,2.53913e+06
1158.8,2.53844e+06
1158.9,2.53774e+06
1159,2.53705e+06
1159.1,2.53636e+06
1159.2,2.53566e+06
1159.3,2.53497e+06
1159.4,2.53427e+06
1159.5,2.53358e+06
1159.6,2.53288e+06
1159.7,2.53219e+06
1159.8,2.53149e+06
1159.9,2.5308e+06
1160,2.5301e+06
1160.1,2.52941e+06
1160.2,2.52871e+06
1160.3,2.52802e+06
1160.4,2.52732e+06
1160.5,2.52663e+06
1160.6,2.52593e+06
1160.7,2.52524e+06
1160.8,2.52454e+06
1160.9,2.52385e+06
1161,2.52315e+06
1161.1,2.52246e+06
1161.2,2.52176e+06
1161.3,2.52107e+06
1161.4,2.52037e+06
1161.5,2.51968e+06
1161.6,2.51898e+06
1161.7,2.51829e+06
1161.8,2.51759e+06
1161.9,2.5169e+06
1162,2.5162e+06
1162.1,2.5155e+06
1162.2,2.51481e+06
1162.3,2.51411e+06
1162.4,2.51342e+06
1162.5,2.51272e+06
1162.6,2.51203e+06
1162.7,2.51133e+06
1162.8,2.51064e+06
1162.9,2.50994e+06
1163,2.50924e+06
1163.1,2.50855e+06
1163.2,2.50785e+06
1163.3,2.50716e+06
1163.4,2.50646e+06
1163.5,2.50576e+06
1163.6,2.50507e+06
1163.7,2.50437e+06
1163.8,2.50368e+06
1163.9,2.50298e+06
1164,2.50228e+06
1164.1,2.50159e+06
1164.2,2.50089e+06
1164.3,2.5002e+06
1164.4,2.4995e+06
1164.5,2.4988e+06
1164.6,2.49811e+06
1164.7,2.49741e+06
1164.8,2.49671e+06
1164.9,2.49602e+06
1165,2.49532e+06
1165.1,2.49462e+06
1165.2,2.49393e+06
1165.3,2.49323e+06
1165.4,2.49254e+06
1165.5,2.49184e+06
1165.6,2.49114e+06
1165.7,2.49045e+06
1165.8,2.48975e+06
1165.9,2.48905e+06
1166,2.48836e+06
1166.1,2.48766e+06
1166.2,2.48696e+06
1166.3,2.48626e+06
1166.4,2.48557e+06
1166.5,2.48487e+06
1166.6,2.48417e+06
1166.7,2.48348e+06
1166.8,2.48278e+06
1166.9,2.48208e+06
1167,2.48139e+06
1167.1,2.48069e+06
1167.2,2.47999e+06
1167.3,2.47929e+06
1167.4,2.4786e+06
1167.5,2.4779e+06
1167.6,2.4772e+06
1167.7,2.47651e+06
1167.8,2.47581e+06
1167.9,2.47511e+06
1168,2.47441e+06
1168.1,2.47372e+06
1168.2,2.47302e+06
1168.3,2.47232e+06
1168.4,2.47162e+06
1168.5,2.47093e+06
1168.6,2.47023e+06
1168.7,2.46953e+06
1168.8,2.46883e+06
1168.9,2.46814e+06
1169,2.46744e+06
1169.1,2.46674e+06
1169.2,2.46604e+06
1169.3,2.46534e+06
1169.4,2.46465e+06
1169.5,2.46395e+06
1169.6,2.46325e+06
1169.7,2.46255e+06
1169.8,2.46185e+06
1169.9,2.46116e+06
1170,2.46046e+06
1170.1,2.45976e+06
1170.2,2.45906e+06
1170.3,2.45836e+06
1170.4,2.45767e+06
1170.5,2.45697e+06
1170.6,2.45627e+06
1170.7,2.45557e+06
1170.8,2.45487e+06
1170.9,2.45417e+06
1171,2.45348e+06
1171.1,2.45278e+06
1171.2,2.45208e+06
1171.3,2.45138e+06
1171.4,2.45068e+06
1171.5,2.44998e+06
1171.6,2.44929e+06
1171.7,2.44859e+06
1171.8,2.44789e+06
1171.9,2.44719e+06
1172,2.44649e+06
1172.1,2.44579e+06
1172.2,2.44509e+06
1172.3,2.44439e+06
1172.4,2.4437e+06
1172.5,2.443e+06
1172.6,2.4423e+06
1172.7,2.4416e+06
1172.8,2.4409e+06
1172.9,2.4402e+06
1173,2.4395e+06
1173.1,2.4388e+06
1173.2,2.4381e+06
1173.3,2.43741e+06
1173.4,2.43671e+06
1173.5,2.43601e+06
1173.6,2.43531e+06
1173.7,2.43461e+06
1173.8,2.43391e+06
1173.9,2.43321e+06
1174,2.43251e+06
1174.1,2.43181e+06
1174.2,2.43111e+06
1174.3,2.43041e+06
1174.4,2.42971e+06
1174.5,2.42901e+06
1174.6,2.42831e+06
1174.7,2.42761e+06
1174.8,2.42692e+06
1174.9,2.42622e+06
1175,2.42552e+06
1175.1,2.42482e+06
1175.2,2.42412e+06
1175.3,2.42342e+06
1175.4,2.42272e+06
1175.5,2.42202e+06
1175.6,2.42132e+06
1175.7,2.42062e+06
1175.8,2.41992e+06
1175.9,2.41922e+06
1176,2.41852e+06
1176.1,2.41782e+06
1176.2,2.41712e+06
1176.3,2.41642e+06
1176.4,2.41572e+06
1176.5,2.41502e+06
1176.6,2.41432e+06
1176.7,2.41362e+06
1176.8,2.41292e+06
1176.9,2.41222e+06
1177,2.41152e+06
1177.1,2.41082e+06
1177.2,2.41012e+06
1177.3,2.40942e+06
1177.4,2.40872e+06
1177.5,2.40801e+06
1177.6,2.40731e+06
1177.7,2.40661e+06
1177.8,2.40591e+06
1177.9,2.40521e+06
1178,2.40451e+06
1178.1,2.40381e+06
1178.2,2.40311e+06
1178.3,2.40241e+06
1178.4,2.40171e+06
1178.5,2.40101e+06
1178.6,2.40031e+06
1178.7,2.39961e+06
1178.8,2.39891e+06
1178.9,2.39821e+06
1179,2.3975e+06
1179.1,2.3968e+06
1179.2,2.3961e+06
1179.3,2.3954e+06
1179.4,2.3947e+06
1179.5,2.394e+06
1179.6,2.3933e+06
1179.7,2.3926e+06
1179.8,2.3919e+06
1179.9,2.3912e+06
1180,2.39049e+06
1180.1,2.38979e+06
1180.2,2.38909e+06
1180.3,2.38839e+06
1180.4,2.38769e+06
1180.5,2.38699e+06
1180.6,2.38629e+06
1180.7,2.38558e+06
1180.8,2.38488e+06
1180.9,2.38418e+06
1181,2.38348e+06
1181.1,2.38278e+06
1181.2,2.38208e+06
1181.3,2.38138e+06
1181.4,2.38067e+06
1181.5,2.37997e+06
1181.6,2.37927e+06
1181.7,2.37857e+06
1181.8,2.37787e+06
1181.9,2.37717e+06
1182,2.37646e+06
1182.1,2.37576e+06
1182.2,2.37506e+06
1182.3,2.37436e+06
1182.4,2.37366e+06
1182.5,2.37295e+06
1182.6,2.37225e+06
1182.7,2.37155e+06
1182.8,2.37085e+06
1182.9,2.37015e+06
1183,2.36944e+06
1183.1,2.36874e+06
1183.2,2.36804e+06
1183.3,2.36734e+06
1183.4,2.36664e+06
1183.5,2.36593e+06
1183.6,2.36523e+06
1183.7,2.36453e+06
1183.8,2.36383e+06
1183.9,2.36312e+06
1184,2.36242e+06
1184.1,2.36172e+06
1184.2,2.36102e+06
1184.3,2.36031e+06
1184.4,2.35961e+06
1184.5,2.35891e+06
1184.6,2.35821e+06
1184.7,2.3575e+06
1184.8,2.3568e+06
1184.9,2.3561e+06
1185,2.3554e+06
1185.1,2.35469e+06
1185.2,2.35399e+06
1185.3,2.35329e+06
1185.4,2.35258e+06
1185.5,2.35188e+06
1185.6,2.35118e+06
1185.7,2.35048e+06
1185.8,2.34977e+06
1185.9,2.34907e+06
1186,2.34837e+06
1186.1,2.34766e+06
1186.2,2.34696e+06
1186.3,2.34626e+06
1186.4,2.34555e+06
1186.5,2.34485e+06
1186.6,2.34415e+06
1186.7,2.34344e+06
1186.8,2.34274e+06
1186.9,2.34204e+06
1187,2.34133e+06
1187.1,2.34063e+06
1187.2,2.33993e+06
1187.3,2.33922e+06
1187.4,2.33852e+06
1187.5,2.33782e+06
1187.6,2.33711e+06
1187.7,2.33641e+06
1187.8,2.33571e+06
1187.9,2.335e+06
1188,2.3343e+06
1188.1,2.3336e+06
1188.2,2.33289e+06
1188.3,2.33219e+06
1188.4,2.33148e+06
1188.5,2.33078e+06
1188.6,2.33008e+06
1188.7,2.32937e+06
1188.8,2.32867e+06
1188.9,2.32796e+06
1189,2.32726e+06
1189.1,2.32656e+06
1189.2,2.32585e+06
1189.3,2.32515e+06
1189.4,2.32444e+06
1189.5,2.32374e+06
1189.6,2.32304e+06
1189.7,2.32233e+06
1189.8,2.32163e+06
1189.9,2.32092e+06
1190,2.32022e+06
1190.1,2.31952e+06
1190.2,2.31881e+06
1190.3,2.31811e+06
1190.4,2.3174e+06
1190.5,2.3167e+06
1190.6,2.31599e+06
1190.7,2.31529e+06
1190.8,2.31458e+06
1190.9,2.31388e+06
1191,2.31318e+06
1191.1,2.31247e+06
1191.2,2.31177e+06
1191.3,2.31106e+06
1191.4,2.31036e+06
1191.5,2.30965e+06
1191.6,2.30895e+06
1191.7,2.30824e+06
1191.8,2.30754e+06
1191.9,2.30683e+06
1192,2.30613e+06
1192.1,2.30542e+06
1192.2,2.30472e+06
1192.3,2.30401e+06
1192.4,2.30331e+06
1192.5,2.3026e+06
1192.6,2.3019e+06
1192.7,2.30119e+06
1192.8,2.30049e+06
1192.9,2.29978e+06
1193,2.29908e+06
1193.1,2.29837e+06
1193.2,2.29767e+06
1193.3,2.29696e+06
1193.4,2.29626e+06
1193.5,2.29555e+06
1193.6,2.29485e+06
1193.7,2.29414e+06
1193.8,2.29344e+06
1193.9,2.29273e+06
1194,2.29203e+06
1194.1,2.29132e+06
1194.2,2.29062e+06
1194.3,2.28991e+06
1194.4,2.2892e+06
1194.5,2.2885e+06
1194.6,2.28779e+06
1194.7,2.28709e+06
1194.8,2.28638e+06
1194.9,2.28568e+06
1195,2.28497e+06
1195.1,2.28426e+06
1195.2,2.28356e+06
1195.3,2.28285e+06
1195.4,2.28215e+06
1195.5,2.28144e+06
1195.6,2.28074e+06
1195.7,2.28003e+06
1195.8,2.27932e+06
1195.9,2.27862e+06
1196,2.27791e+06
1196.1,2.27721e+06
1196.2,2.2765e+06
1196.3,2.27579e+06
1196.4,2.27509e+06
1196.5,2.27438e+06
1196.6,2.27367e+06
1196.7,2.27297e+06
1196.8,2.27226e+06
1196.9,2.27156e+06
1197,2.27085e+06
1197.1,2.27014e+06
1197.2,2.26944e+06
1197.3,2.26873e+06
1197.4,2.26802e+06
1197.5,2.26732e+06
1197.6,2.26661e+06
1197.7,2.2659e+06
1197.8,2.2652e+06
1197.9,2.26449e+06
1198,2.26378e+06
1198.1,2.26308e+06
1198.2,2.26237e+06
1198.3,2.26166e+06
1198.4,2.26096e+06
1198.5,2.26025e+06
1198.6,2.25954e+06
1198.7,2.25884e+06
1198.8,2.25813e+06
1198.9,2.25742e+06
1199,2.25672e+06
1199.1,2.25601e+06
1199.2,2.2553e+06
1199.3,2.2546e+06
1199.4,2.25389e+06
1199.5,2.25318e+06
1199.6,2.25248e+06
1199.7,2.25177e+06
1199.8,2.25106e+06
1199.9,2.25035e+06
1200,2.24965e+06
1200.1,2.24894e+06
1200.2,2.24823e+06
1200.3,2.24752e+06
1200.4,2.24682e+06
1200.5,2.24611e+06
1200.6,2.2454e+06
1200.7,2.2447e+06
1200.8,2.24399e+06
1200.9,2.24328e+06
1201,2.24257e+06
1201.1,2.24187e+06
1201.2,2.24116e+06
1201.3,2.24045e+06
1201.4,2.23974e+06
1201.5,2.23904e+06
1201.6,2.23833e+06
1201.7,2.23762e+06
1201.8,2.23691e+06
1201.9,2.2362e+06
1202,2.2355e+06
1202.1,2.23479e+06
1202.2,2.23408e+06
1202.3,2.23337e+06
1202.4,2.23267e+06
1202.5,2.23196e+06
1202.6,2.23125e+06
1202.7,2.23054e+06
1202.8,2.22983e+06
1202.9,2.22913e+06
1203,2.22842e+06
1203.1,2.22771e+06
1203.2,2.227e+06
1203.3,2.22629e+06
1203.4,2.22558e+06
1203.5,2.22488e+06
1203.6,2.22417e+06
1203.7,2.22346e+06
1203.8,2.22275e+06
1203.9,2.22204e+06
1204,2.22134e+06
1204.1,2.22063e+06
1204.2,2.21992e+06
1204.3,2.21921e+06
1204.4,2.2185e+06
1204.5,2.21779e+06
1204.6,2.21708e+06
1204.7,2.21638e+06
1204.8,2.21567e+06
1204.9,2.21496e+06
1205,2.21425e+06
1205.1,2.21354e+06
1205.2,2.21283e+06
1205.3,2.21212e+06
1205.4,2.21142e+06
1205.5,2.21071e+06
1205.6,2.21e+06
1205.7,2.20929e+06
1205.8,2.20858e+06
1205.9,2.20787e+06
1206,2.20716e+06
1206.1,2.20645e+06
1206.2,2.20574e+06
1206.3,2.20504e+06
1206.4,2.20433e+06
1206.5,2.20362e+06
1206.6,2.20291e+06
1206.7,2.2022e+06
1206.8,2.20149e+06
1206.9,2.20078e+06
1207,2.20007e+06
1207.1,2.19936e+06
1207.2,2.19865e+06
1207.3,2.19794e+06
1207.4,2.19723e+06
1207.5,2.19653e+06
1207.6,2.19582e+06
1207.7,2.19511e+06
1207.8,2.1944e+06
1207.9,2.19369e+06
1208,2.19298e+06
1208.1,2.19227e+06
1208.2,2.19156e+06
1208.3,2.19085e+06
1208.4,2.19014e+06
1208.5,2.18943e+06
1208.6,2.18872e+06
1208.7,2.18801e+06
1208.8,2.1873e+06
1208.9,2.18659e+06
1209,2.18588e+06
1209.1,2.18517e+06
1209.2,2.18446e+06
1209.3,2.18375e+06
1209.4,2.18304e+06
1209.5,2.18233e+06
1209.6,2.18162e+06
1209.7,2.18091e+06
1209.8,2.1802e+06
1209.9,2.17949e+06
1210,2.17878e+06
1210.1,2.17807e+06
1210.2,2.17736e+06
1210.3,2.17665e+06
1210.4,2.17594e+06
1210.5,2.17523e+06
1210.6,2.17452e+06
1210.7,2.17381e+06
1210.8,2.1731e+06
1210.9,2.17239e+06
1211,2.17168e+06
1211.1,2.17097e+06
1211.2,2.17026e+06
1211.3,2.16955e+06
1211.4,2.16884e+06
1211.5,2.16813e+06
1211.6,2.16742e+06
1211.7,2.16671e+06
1211.8,2.166e+06
1211.9,2.16529e+06
1212,2.16458e+06
1212.1,2.16386e+06
1212.2,2.16315e+06
1212.3,2.16244e+06
1212.4,2.16173e+06
1212.5,2.16102e+06
1212.6,2.16031e+06
1212.7,2.1596e+06
1212.8,2.15889e+06
1212.9,2.15818e+06
1213,2.15747e+06
1213.1,2.15676e+06
1213.2,2.15605e+06
1213.3,2.15533e+06
1213.4,2.15462e+06
1213.5,2.15391e+06
1213.6,2.1532e+06
1213.7,2.15249e+06
1213.8,2.15178e+06
1213.9,2.15107e+06
1214,2.15036e+06
1214.1,2.14965e+06
1214.2,2.14893e+06
1214.3,2.14822e+06
1214.4,2.14751e+06
1214.5,2.1468e+06
1214.6,2.14609e+06
1214.7,2.14538e+06
1214.8,2.14467e+06
1214.9,2.14396e+06
1215,2.14324e+06
1215.1,2.14253e+06
1215.2,2.14182e+06
1215.3,2.14111e+06
1215.4,2.1404e+06
1215.5,2.13969e+06
1215.6,2.13898e+06
1215.7,2.13826e+06
1215.8,2.13755e+06
1215.9,2.13684e+06
1216,2.13613e+06
1216.1,2.13542e+06
1216.2,2.1347e+06
1216.3,2.13399e+06
1216.4,2.13328e+06
1216.5,2.13257e+06
1216.6,2.13186e+06
1216.7,2.13115e+06
1216.8,2.13043e+06
1216.9,2.12972e+06
1217,2.12901e+06
1217.1,2.1283e+06
1217.2,2.12759e+06
1217.3,2.12687e+06
1217.4,2.12616e+06
1217.5,2.12545e+06
1217.6,2.12474e+06
1217.7,2.12402e+06
1217.8,2.12331e+06
1217.9,2.1226e+06
1218,2.12189e+06
1218.1,2.12118e+06
1218.2,2.12046e+06
1218.3,2.11975e+06
1218.4,2.11904e+06
1218.5,2.11833e+06
1218.6,2.11761e+06
1218.7,2.1169e+06
1218.8,2.11619e+06
1218.9,2.11548e+06
1219,2.11476e+06
1219.1,2.11405e+06
1219.2,2.11334e+06
1219.3,2.11263e+06
1219.4,2.11191e+06
1219.5,2.1112e+06
1219.6,2.11049e+06
1219.7,2.10978e+06
1219.8,2.10906e+06
1219.9,2.10835e+06
1220,2.10764e+06
1220.1,2.10692e+06
1220.2,2.10621e+06
1220.3,2.1055e+06
1220.4,2.10479e+06
1220.5,2.10407e+06
1220.6,2.10336e+06
1220.7,2.10265e+06
1220.8,2.10193e+06
1220.9,2.10122e+06
1221,2.10051e+06
1221.1,2.09979e+06
1221.2,2.09908e+06
1221.3,2.09837e+06
1221.4,2.09765e+06
1221.5,2.09694e+06
1221.6,2.09623e+06
1221.7,2.09551e+06
1221.8,2.0948e+06
1221.9,2.09409e+06
1222,2.09337e+06
1222.1,2.09266e+06
1222.2,2.09195e+06
1222.3,2.09123e+06
1222.4,2.09052e+06
1222.5,2.08981e+06
1222.6,2.08909e+06
1222.7,2.08838e+06
1222.8,2.08767e+06
1222.9,2.08695e+06
1223,2.08624e+06
1223.1,2.08553e+06
1223.2,2.08481e+06
1223.3,2.0841e+06
1223.4,2.08338e+06
1223.5,2.08267e+06
1223.6,2.08196e+06
1223.7,2.08124e+06
1223.8,2.08053e+06
1223.9,2.07982e+06
1224,2.0791e+06
1224.1,2.07839e+06
1224.2,2.07767e+06
1224.3,2.07696e+06
1224.4,2.07625e+06
1224.5,2.07553e+06
1224.6,2.07482e+06
1224.7,2.0741e+06
1224.8,2.07339e+06
1224.9,2.07268e+06
1225,2.07196e+06
1225.1,2.07125e+06
1225.2,2.07053e+06
1225.3,2.06982e+06
1225.4,2.0691e+06
1225.5,2.06839e+06
1225.6,2.06768e+06
1225.7,2.06696e+06
1225.8,2.06625e+06
1225.9,2.06553e+06
1226,2.06482e+06
1226.1,2.0641e+06
1226.2,2.06339e+06
1226.3,2.06268e+06
1226.4,2.06196e+06
1226.5,2.06125e+06
1226.6,2.06053e+06
1226.7,2.05982e+06
1226.8,2.0591e+06
1226.9,2.05839e+06
1227,2.05767e+06
1227.1,2.05696e+06
1227.2,2.05624e+06
1227.3,2.05553e+06
1227.4,2.05481e+06
1227.5,2.0541e+06
1227.6,2.05338e+06
1227.7,2.05267e+06
1227.8,2.05195e+06
1227.9,2.05124e+06
1228,2.05052e+06
1228.1,2.04981e+06
1228.2,2.04909e+06
1228.3,2.04838e+06
1228.4,2.04766e+06
1228.5,2.04695e+06
1228.6,2.04623e+06
1228.7,2.04552e+06
1228.8,2.0448e+06
1228.9,2.04409e+06
1229,2.04337e+06
1229.1,2.04266e+06
1229.2,2.04194e+06
1229.3,2.04123e+06
1229.4,2.04051e+06
1229.5,2.0398e+06
1229.6,2.03908e+06
1229.7,2.03837e+06
1229.8,2.03765e+06
1229.9,2.03694e+06
1230,2.03622e+06
1230.1,2.0355e+06
1230.2,2.03479e+06
1230.3,2.03407e+06
1230.4,2.03336e+06
1230.5,2.03264e+06
1230.6,2.03193e+06
1230.7,2.03121e+06
1230.8,2.0305e+06
1230.9,2.02978e+06
1231,2.02906e+06
1231.1,2.02835e+06
1231.2,2.02763e+06
1231.3,2.02692e+06
1231.4,2.0262e+06
1231.5,2.02548e+06
1231.6,2.02477e+06
1231.7,2.02405e+06
1231.8,2.02334e+06
1231.9,2.02262e+06
1232,2.02191e+06
1232.1,2.02119e+06
1232.2,2.02047e+06
1232.3,2.01976e+06
1232.4,2.01904e+06
1232.5,2.01832e+06
1232.6,2.01761e+06
1232.7,2.01689e+06
1232.8,2.01618e+06
1232.9,2.01546e+06
1233,2.01474e+06
1233.1,2.01403e+06
1233.2,2.01331e+06
1233.3,2.01259e+06
1233.4,2.01188e+06
1233.5,2.01116e+06
1233.6,2.01045e+06
1233.7,2.00973e+06
1233.8,2.00901e+06
1233.9,2.0083e+06
1234,2.00758e+06
1234.1,2.00686e+06
1234.2,2.00615e+06
1234.3,2.00543e+06
1234.4,2.00471e+06
1234.5,2.004e+06
1234.6,2.00328e+06
1234.7,2.00256e+06
1234.8,2.00185e+06
1234.9,2.00113e+06
1235,2.00041e+06
1235.1,1.9997e+06
1235.2,1.99898e+06
1235.3,1.99826e+06
1235.4,1.99755e+06
1235.5,1.99683e+06
1235.6,1.99611e+06
1235.7,1.9954e+06
1235.8,1.99468e+06
1235.9,1.99396e+06
1236,1.99324e+06
1236.1,1.99253e+06
1236.2,1.99181e+06
1236.3,1.99109e+06
1236.4,1.99038e+06
1236.5,1.98966e+06
1236.6,1.98894e+06
1236.7,1.98822e+06
1236.8,1.98751e+06
1236.9,1.98679e+06
1237,1.98607e+06
1237.1,1.98536e+06
1237.2,1.98464e+06
1237.3,1.98392e+06
1237.4,1.9832e+06
1237.5,1.98249e+06
1237.6,1.98177e+06
1237.7,1.98105e+06
1237.8,1.98033e+06
1237.9,1.97962e+06
1238,1.9789e+06
1238.1,1.97818e+06
1238.2,1.97746e+06
1238.3,1.97675e+06
1238.4,1.97603e+06
1238.5,1.97531e+06
1238.6,1.97459e+06
1238.7,1.97387e+06
1238.8,1.97316e+06
1238.9,1.97244e+06
1239,1.97172e+06
1239.1,1.971e+06
1239.2,1.97029e+06
1239.3,1.96957e+06
1239.4,1.96885e+06
1239.5,1.96813e+06
1239.6,1.96741e+06
1239.7,1.9667e+06
1239.8,1.96598e+06
1239.9,1.96526e+06
1240,1.96454e+06
1240.1,1.96382e+06
1240.2,1.96311e+06
1240.3,1.96239e+06
1240.4,1.96167e+06
1240.5,1.96095e+06
1240.6,1.96023e+06
1240.7,1.95951e+06
1240.8,1.9588e+06
1240.9,1.95808e+06
1241,1.95736e+06
1241.1,1.95664e+06
1241.2,1.95592e+06
1241.3,1.9552e+06
1241.4,1.95449e+06
1241.5,1.95377e+06
1241.6,1.95305e+06
1241.7,1.95233e+06
1241.8,1.95161e+06
1241.9,1.95089e+06
1242,1.95018e+06
1242.1,1.94946e+06
1242.2,1.94874e+06
1242.3,1.94802e+06
1242.4,1.9473e+06
1242.5,1.94658e+06
1242.6,1.94586e+06
1242.7,1.94514e+06
1242.8,1.94443e+06
1242.9,1.94371e+06
1243,1.94299e+06
1243.1,1.94227e+06
1243.2,1.94155e+06
1243.3,1.94083e+06
1243.4,1.94011e+06
1243.5,1.93939e+06
1243.6,1.93868e+06
1243.7,1.93796e+06
1243.8,1.93724e+06
1243.9,1.93652e+06
1244,1.9358e+06
1244.1,1.93508e+06
1244.2,1.93436e+06
1244.3,1.93364e+06
1244.4,1.93292e+06
1244.5,1.9322e+06
1244.6,1.93148e+06
1244.7,1.93077e+06
1244.8,1.93005e+06
1244.9,1.92933e+06
1245,1.92861e+06
1245.1,1.92789e+06
1245.2,1.92717e+06
1245.3,1.92645e+06
1245.4,1.92573e+06
1245.5,1.92501e+06
1245.6,1.92429e+06
1245.7,1.92357e+06
1245.8,1.92285e+06
1245.9,1.92213e+06
1246,1.92141e+06
1246.1,1.92069e+06
1246.2,1.91997e+06
1246.3,1.91925e+06
1246.4,1.91853e+06
1246.5,1.91782e+06
1246.6,1.9171e+06
1246.7,1.91638e+06
1246.8,1.91566e+06
1246.9,1.91494e+06
1247,1.91422e+06
1247.1,1.9135e+06
1247.2,1.91278e+06
1247.3,1.91206e+06
1247.4,1.91134e+06
1247.5,1.91062e+06
1247.6,1.9099e+06
1247.7,1.90918e+06
1247.8,1.90846e+06
1247.9,1.90774e+06
1248,1.90702e+06
1248.1,1.9063e+06
1248.2,1.90558e+06
1248.3,1.90486e+06
1248.4,1.90414e+06
1248.5,1.90342e+06
1248.6,1.9027e+06
1248.7,1.90198e+06
1248.8,1.90126e+06
1248.9,1.90054e+06
1249,1.89982e+06
1249.1,1.8991e+06
1249.2,1.89837e+06
1249.3,1.89765e+06
1249.4,1.89693e+06
1249.5,1.89621e+06
1249.6,1.89549e+06
1249.7,1.89477e+06
1249.8,1.89405e+06
1249.9,1.89333e+06
1250,1.89261e+06
1250.1,1.89189e+06
1250.2,1.89117e+06
1250.3,1.89045e+06
1250.4,1.88973e+06
1250.5,1.88901e+06
1250.6,1.88829e+06
1250.7,1.88757e+06
1250.8,1.88685e+06
1250.9,1.88613e+06
1251,1.8854e+06
1251.1,1.88468e+06
1251.2,1.88396e+06
1251.3,1.88324e+06
1251.4,1.88252e+06
1251.5,1.8818e+06
1251.6,1.88108e+06
1251.7,1.88036e+06
1251.8,1.87964e+06
1251.9,1.87892e+06
1252,1.8782e+06
1252.1,1.87747e+06
1252.2,1.87675e+06
1252.3,1.87603e+06
1252.4,1.87531e+06
1252.5,1.87459e+06
1252.6,1.87387e+06
1252.7,1.87315e+06
1252.8,1.87243e+06
1252.9,1.87171e+06
1253,1.87098e+06
1253.1,1.87026e+06
1253.2,1.86954e+06
1253.3,1.86882e+06
1253.4,1.8681e+06
1253.5,1.86738e+06
1253.6,1.86666e+06
1253.7,1.86593e+06
1253.8,1.86521e+06
1253.9,1.86449e+06
1254,1.86377e+06
1254.1,1.86305e+06
1254.2,1.86233e+06
1254.3,1.86161e+06
1254.4,1.86088e+06
1254.5,1.86016e+06
1254.6,1.85944e+06
1254.7,1.85872e+06
1254.8,1.858e+06
1254.9,1.85728e+06
1255,1.85655e+06
1255.1,1.85583e+06
1255.2,1.85511e+06
1255.3,1.85439e+06
1255.4,1.85367e+06
1255.5,1.85295e+06
1255.6,1.85222e+06
1255.7,1.8515e+06
1255.8,1.85078e+06
1255.9,1.85006e+06
1256,1.84934e+06
1256.1,1.84861e+06
1256.2,1.84789e+06
1256.3,1.84717e+06
1256.4,1.84645e+06
1256.5,1.84573e+06
1256.6,1.845e+06
1256.7,1.84428e+06
1256.8,1.84356e+06
1256.9,1.84284e+06
1257,1.84211e+06
1257.1,1.84139e+06
1257.2,1.84067e+06
1257.3,1.83995e+06
1257.4,1.83923e+06
1257.5,1.8385e+06
1257.6,1.83778e+06
1257.7,1.83706e+06
1257.8,1.83634e+06
1257.9,1.83561e+06
1258,1.83489e+06
1258.1,1.83417e+06
1258.2,1.83345e+06
1258.3,1.83272e+06
1258.4,1.832e+06
1258.5,1.83128e+06
1258.6,1.83056e+06
1258.7,1.82983e+06
1258.8,1.82911e+06
1258.9,1.82839e+06
1259,1.82767e+06
1259.1,1.82694e+06
1259.2,1.82622e+06
1259.3,1.8255e+06
1259.4,1.82477e+06
1259.5,1.82405e+06
1259.6,1.82333e+06
1259.7,1.82261e+06
1259.8,1.82188e+06
1259.9,1.82116e+06
1260,1.82044e+06
1260.1,1.81971e+06
1260.2,1.81899e+06
1260.3,1.81827e+06
1260.4,1.81755e+06
1260.5,1.81682e+06
1260.6,1.8161e+06
1260.7,1.81538e+06
1260.8,1.81465e+06
1260.9,1.81393e+06
1261,1.81321e+06
1261.1,1.81248e+06
1261.2,1.81176e+06
1261.3,1.81104e+06
1261.4,1.81031e+06
1261.5,1.80959e+06
1261.6,1.80887e+06
1261.7,1.80814e+06
1261.8,1.80742e+06
1261.9,1.8067e+06
1262,1.80597e+06
1262.1,1.80525e+06
1262.2,1.80453e+06
1262.3,1.8038e+06
1262.4,1.80308e+06
1262.5,1.80236e+06
1262.6,1.80163e+06
1262.7,1.80091e+06
1262.8,1.80019e+06
1262.9,1.79946e+06
1263,1.79874e+06
1263.1,1.79802e+06
1263.2,1.79729e+06
1263.3,1.79657e+06
1263.4,1.79585e+06
1263.5,1.79512e+06
1263.6,1.7944e+06
1263.7,1.79367e+06
1263.8,1.79295e+06
1263.9,1.79223e+06
1264,1.7915e+06
1264.1,1.79078e+06
1264.2,1.79005e+06
1264.3,1.78933e+06
1264.4,1.78861e+06
1264.5,1.78788e+06
1264.6,1.78716e+06
1264.7,1.78644e+06
1264.8,1.78571e+06
1264.9,1.78499e+06
1265,1.78426e+06
1265.1,1.78354e+06
1265.2,1.78281e+06
1265.3,1.78209e+06
1265.4,1.78137e+06
1265.5,1.78064e+06
1265.6,1.77992e+06
1265.7,1.77919e+06
1265.8,1.77847e+06
1265.9,1.77775e+06
1266,1.77702e+06
1266.1,1.7763e+06
1266.2,1.77557e+06
1266.3,1.77485e+06
1266.4,1.77412e+06
1266.5,1.7734e+06
1266.6,1.77268e+06
1266.7,1.77195e+06
1266.8,1.77123e+06
1266.9,1.7705e+06
1267,1.76978e+06
1267.1,1.76905e+06
1267.2,1.76833e+06
1267.3,1.7676e+06
1267.4,1.76688e+06
1267.5,1.76615e+06
1267.6,1.76543e+06
1267.7,1.7647e+06
1267.8,1.76398e+06
1267.9,1.76326e+06
1268,1.76253e+06
1268.1,1.76181e+06
1268.2,1.76108e+06
1268.3,1.76036e+06
1268.4,1.75963e+06
1268.5,1.75891e+06
1268.6,1.75818e+06
1268.7,1.75746e+06
1268.8,1.75673e+06
1268.9,1.75601e+06
1269,1.75528e+06
1269.1,1.75456e+06
1269.2,1.75383e+06
1269.3,1.75311e+06
1269.4,1.75238e+06
1269.5,1.75166e+06
1269.6,1.75093e+06
1269.7,1.75021e+06
1269.8,1.74948e+06
1269.9,1.74876e+06
1270,1.74803e+06
1270.1,1.74731e+06
1270.2,1.74658e+06
1270.3,1.74586e+06
1270.4,1.74513e+06
1270.5,1.74441e+06
1270.6,1.74368e+06
1270.7,1.74295e+06
1270.8,1.74223e+06
1270.9,1.7415e+06
1271,1.74078e+06
1271.1,1.74005e+06
1271.2,1.73933e+06
1271.3,1.7386e+06
1271.4,1.73788e+06
1271.5,1.73715e+06
1271.6,1.73643e+06
1271.7,1.7357e+06
1271.8,1.73497e+06
1271.9,1.73425e+06
1272,1.73352e+06
1272.1,1.7328e+06
1272.2,1.73207e+06
1272.3,1.73135e+06
1272.4,1.73062e+06
1272.5,1.72989e+06
1272.6,1.72917e+06
1272.7,1.72844e+06
1272.8,1.72772e+06
1272.9,1.72699e+06
1273,1.72627e+06
1273.1,1.72554e+06
1273.2,1.72481e+06
1273.3,1.72409e+06
1273.4,1.72336e+06
1273.5,1.72264e+06
1273.6,1.72191e+06
1273.7,1.72118e+06
1273.8,1.72046e+06
1273.9,1.71973e+06
1274,1.71901e+06
1274.1,1.71828e+06
1274.2,1.71755e+06
1274.3,1.71683e+06
1274.4,1.7161e+06
1274.5,1.71538e+06
1274.6,1.71465e+06
1274.7,1.71392e+06
1274.8,1.7132e+06
1274.9,1.71247e+06
1275,1.71174e+06
1275.1,1.71102e+06
1275.2,1.71029e+06
1275.3,1.70956e+06
1275.4,1.70884e+06
1275.5,1.70811e+06
1275.6,1.70739e+06
1275.7,1.70666e+06
1275.8,1.70593e+06
1275.9,1.70521e+06
1276,1.70448e+06
1276.1,1.70375e+06
1276.2,1.70303e+06
1276.3,1.7023e+06
1276.4,1.70157e+06
1276.5,1.70085e+06
1276.6,1.70012e+06
1276.7,1.69939e+06
1276.8,1.69867e+06
1276.9,1.69794e+06
1277,1.69721e+06
1277.1,1.69649e+06
1277.2,1.69576e+06
1277.3,1.69503e+06
1277.4,1.69431e+06
1277.5,1.69358e+06
1277.6,1.69285e+06
1277.7,1.69213e+06
1277.8,1.6914e+06
1277.9,1.69067e+06
1278,1.68994e+06
1278.1,1.68922e+06
1278.2,1.68849e+06
1278.3,1.68776e+06
1278.4,1.68704e+06
1278.5,1.68631e+06
1278.6,1.68558e+06
1278.7,1.68486e+06
1278.8,1.68413e+06
1278.9,1.6834e+06
1279,1.68267e+06
1279.1,1.68195e+06
1279.2,1.68122e+06
1279.3,1.68049e+06
1279.4,1.67977e+06
1279.5,1.67904e+06
1279.6,1.67831e+06
1279.7,1.67758e+06
1279.8,1.67686e+06
1279.9,1.67613e+06
1280,1.6754e+06
1280.1,1.67467e+06
1280.2,1.67395e+06
1280.3,1.67322e+06
1280.4,1.67249e+06
1280.5,1.67176e+06
1280.6,1.67104e+06
1280.7,1.67031e+06
1280.8,1.66958e+06
1280.9,1.66885e+06
1281,1.66813e+06
1281.1,1.6674e+06
1281.2,1.66667e+06
1281.3,1.66594e+06
1281.4,1.66522e+06
1281.5,1.66449e+06
1281.6,1.66376e+06
1281.7,1.66303e+06
1281.8,1.6623e+06
1281.9,1.66158e+06
1282,1.66085e+06
1282.1,1.66012e+06
1282.2,1.65939e+06
1282.3,1.65867e+06
1282.4,1.65794e+06
1282.5,1.65721e+06
1282.6,1.65648e+06
1282.7,1.65575e+06
1282.8,1.65503e+06
1282.9,1.6543e+06
1283,1.65357e+06
1283.1,1.65284e+06
1283.2,1.65211e+06
1283.3,1.65139e+06
1283.4,1.65066e+06
1283.5,1.64993e+06
1283.6,1.6492e+06
1283.7,1.64847e+06
1283.8,1.64775e+06
1283.9,1.64702e+06
1284,1.64629e+06
1284.1,1.64556e+06
1284.2,1.64483e+06
1284.3,1.6441e+06
1284.4,1.64338e+06
1284.5,1.64265e+06
1284.6,1.64192e+06
1284.7,1.64119e+06
1284.8,1.64046e+06
1284.9,1.63973e+06
1285,1.63901e+06
1285.1,1.63828e+06
1285.2,1.63755e+06
1285.3,1.63682e+06
1285.4,1.63609e+06
1285.5,1.63536e+06
1285.6,1.63463e+06
1285.7,1.63391e+06
1285.8,1.63318e+06
1285.9,1.63245e+06
1286,1.63172e+06
1286.1,1.63099e+06
1286.2,1.63026e+06
1286.3,1.62953e+06
1286.4,1.62881e+06
1286.5,1.62808e+06
1286.6,1.62735e+06
1286.7,1.62662e+06
1286.8,1.62589e+06
1286.9,1.62516e+06
1287,1.62443e+06
1287.1,1.6237e+06
1287.2,1.62298e+06
1287.3,1.62225e+06
1287.4,1.62152e+06
1287.5,1.62079e+06
1287.6,1.62006e+06
1287.7,1.61933e+06
1287.8,1.6186e+06
1287.9,1.61787e+06
1288,1.61714e+06
1288.1,1.61641e+06
1288.2,1.61568e+06
1288.3,1.61496e+06
1288.4,1.61423e+06
1288.5,1.6135e+06
1288.6,1.61277e+06
1288.7,1.61204e+06
1288.8,1.61131e+06
1288.9,1.61058e+06
1289,1.60985e+06
1289.1,1.60912e+06
1289.2,1.60839e+06
1289.3,1.60766e+06
1289.4,1.60693e+06
1289.5,1.6062e+06
1289.6,1.60548e+06
1289.7,1.60475e+06
1289.8,1.60402e+06
1289.9,1.60329e+06
1290,1.60256e+06
1290.1,1.60183e+06
1290.2,1.6011e+06
1290.3,1.60037e+06
1290.4,1.59964e+06
1290.5,1.59891e+06
1290.6,1.59818e+06
1290.7,1.59745e+06
1290.8,1.59672e+06
1290.9,1.59599e+06
1291,1.59526e+06
1291.1,1.59453e+06
1291.2,1.5938e+06
1291.3,1.59307e+06
1291.4,1.59234e+06
1291.5,1.59161e+06
1291.6,1.59088e+06
1291.7,1.59015e+06
1291.8,1.58942e+06
1291.9,1.58869e+06
1292,1.58796e+06
1292.1,1.58723e+06
1292.2,1.5865e+06
1292.3,1.58577e+06
1292.4,1.58504e+06
1292.5,1.58431e+06
1292.6,1.58358e+06
1292.7,1.58285e+06
1292.8,1.58212e+06
1292.9,1.58139e+06
1293,1.58066e+06
1293.1,1.57993e+06
1293.2,1.5792e+06
1293.3,1.57847e+06
1293.4,1.57774e+06
1293.5,1.57701e+06
1293.6,1.57628e+06
1293.7,1.57555e+06
1293.8,1.57482e+06
1293.9,1.57409e+06
1294,1.57336e+06
1294.1,1.57263e+06
1294.2,1.5719e+06
1294.3,1.57117e+06
1294.4,1.57044e+06
1294.5,1.56971e+06
1294.6,1.56898e+06
1294.7,1.56825e+06
1294.8,1.56752e+06
1294.9,1.56679e+06
1295,1.56606e+06
1295.1,1.56533e+06
1295.2,1.5646e+06
1295.3,1.56387e+06
1295.4,1.56314e+06
1295.5,1.56241e+06
1295.6,1.56168e+06
1295.7,1.56094e+06
1295.8,1.56021e+06
1295.9,1.55948e+06
1296,1.55875e+06
1296.1,1.55802e+06
1296.2,1.55729e+06
1296.3,1.55656e+06
1296.4,1.55583e+06
1296.5,1.5551e+06
1296.6,1.55437e+06
1296.7,1.55364e+06
1296.8,1.55291e+06
1296.9,1.55218e+06
1297,1.55144e+06
1297.1,1.55071e+06
1297.2,1.54998e+06
1297.3,1.54925e+06
1297.4,1.54852e+06
1297.5,1.54779e+06
1297.6,1.54706e+06
1297.7,1.54633e+06
1297.8,1.5456e+06
1297.9,1.54487e+06
1298,1.54414e+06
1298.1,1.5434e+06
1298.2,1.54267e+06
1298.3,1.54194e+06
1298.4,1.54121e+06
1298.5,1.54048e+06
1298.6,1.53975e+06
1298.7,1.53902e+06
1298.8,1.53829e+06
1298.9,1.53755e+06
1299,1.53682e+06
1299.1,1.53609e+06
1299.2,1.53536e+06
1299.3,1.53463e+06
1299.4,1.5339e+06
1299.5,1.53317e+06
1299.6,1.53244e+06
1299.7,1.5317e+06
1299.8,1.53097e+06
1299.9,1.53024e+06
1300,1.52951e+06
1300.1,1.52878e+06
1300.2,1.52805e+06
1300.3,1.52732e+06
1300.4,1.52658e+06
1300.5,1.52585e+06
1300.6,1.52512e+06
1300.7,1.52439e+06
1300.8,1.52366e+06
1300.9,1.52293e+06
1301,1.52219e+06
1301.1,1.52146e+06
1301.2,1.52073e+06
1301.3,1.52e+06
1301.4,1.51927e+06
1301.5,1.51854e+06
1301.6,1.5178e+06
1301.7,1.51707e+06
1301.8,1.51634e+06
1301.9,1.51561e+06
1302,1.51488e+06
1302.1,1.51414e+06
1302.2,1.51341e+06
1302.3,1.51268e+06
1302.4,1.51195e+06
1302.5,1.51122e+06
1302.6,1.51048e+06
1302.7,1.50975e+06
1302.8,1.50902e+06
1302.9,1.50829e+06
1303,1.50756e+06
1303.1,1.50682e+06
1303.2,1.50609e+06
1303.3,1.50536e+06
1303.4,1.50463e+06
1303.5,1.5039e+06
1303.6,1.50316e+06
1303.7,1.50243e+06
1303.8,1.5017e+06
1303.9,1.50097e+06
1304,1.50024e+06
1304.1,1.4995e+06
1304.2,1.49877e+06
1304.3,1.49804e+06
1304.4,1.49731e+06
1304.5,1.49657e+06
1304.6,1.49584e+06
1304.7,1.49511e+06
1304.8,1.49438e+06
1304.9,1.49364e+06
1305,1.49291e+06
1305.1,1.49218e+06
1305.2,1.49145e+06
1305.3,1.49071e+06
1305.4,1.48998e+06
1305.5,1.48925e+06
1305.6,1.48852e+06
1305.7,1.48778e+06
1305.8,1.48705e+06
1305.9,1.48632e+06
1306,1.48559e+06
1306.1,1.48485e+06
1306.2,1.48412e+06
1306.3,1.48339e+06
1306.4,1.48266e+06
1306.5,1.48192e+06
1306.6,1.48119e+06
1306.7,1.48046e+06
1306.8,1.47972e+06
1306.9,1.47899e+06
1307,1.47826e+06
1307.1,1.47753e+06
1307.2,1.47679e+06
1307.3,1.47606e+06
1307.4,1.47533e+06
1307.5,1.4746e+06
1307.6,1.47386e+06
1307.7,1.47313e+06
1307.8,1.4724e+06
1307.9,1.47166e+06
1308,1.47093e+06
1308.1,1.4702e+06
1308.2,1.46946e+06
1308.3,1.46873e+06
1308.4,1.468e+06
1308.5,1.46727e+06
1308.6,1.46653e+06
1308.7,1.4658e+06
1308.8,1.46507e+06
1308.9,1.46433e+06
1309,1.4636e+06
1309.1,1.46287e+06
1309.2,1.46213e+06
1309.3,1.4614e+06
1309.4,1.46067e+06
1309.5,1.45993e+06
1309.6,1.4592e+06
1309.7,1.45847e+06
1309.8,1.45773e+06
1309.9,1.457e+06
1310,1.45627e+06
1310.1,1.45553e+06
1310.2,1.4548e+06
1310.3,1.45407e+06
1310.4,1.45333e+06
1310.5,1.4526e+06
1310.6,1.45187e+06
1310.7,1.45113e+06
1310.8,1.4504e+06
1310.9,1.44967e+06
1311,1.44893e+06
1311.1,1.4482e+06
1311.2,1.44746e+06
1311.3,1.44673e+06
1311.4,1.446e+06
1311.5,1.44526e+06
1311.6,1.44453e+06
1311.7,1.4438e+06
1311.8,1.44306e+06
1311.9,1.44233e+06
1312,1.4416e+06
1312.1,1.44086e+06
1312.2,1.44013e+06
1312.3,1.43939e+06
1312.4,1.43866e+06
1312.5,1.43793e+06
1312.6,1.43719e+06
1312.7,1.43646e+06
1312.8,1.43572e+06
1312.9,1.43499e+06
1313,1.43426e+06
1313.1,1.43352e+06
1313.2,1.43279e+06
1313.3,1.43206e+06
1313.4,1.43132e+06
1313.5,1.43059e+06
1313.6,1.42985e+06
1313.7,1.42912e+06
1313.8,1.42839e+06
1313.9,1.42765e+06
1314,1.42692e+06
1314.1,1.42618e+06
1314.2,1.42545e+06
1314.3,1.42471e+06
1314.4,1.42398e+06
1314.5,1.42325e+06
1314.6,1.42251e+06
1314.7,1.42178e+06
1314.8,1.42104e+06
1314.9,1.42031e+06
1315,1.41958e+06
1315.1,1.41884e+06
1315.2,1.41811e+06
1315.3,1.41737e+06
1315.4,1.41664e+06
1315.5,1.4159e+06
1315.6,1.41517e+06
1315.7,1.41443e+06
1315.8,1.4137e+06
1315.9,1.41297e+06
1316,1.41223e+06
1316.1,1.4115e+06
1316.2,1.41076e+06
1316.3,1.41003e+06
1316.4,1.40929e+06
1316.5,1.40856e+06
1316.6,1.40782e+06
1316.7,1.40709e+06
1316.8,1.40636e+06
1316.9,1.40562e+06
1317,1.40489e+06
1317.1,1.40415e+06
1317.2,1.40342e+06
1317.3,1.40268e+06
1317.4,1.40195e+06
1317.5,1.40121e+06
1317.6,1.40048e+06
1317.7,1.39974e+06
1317.8,1.39901e+06
1317.9,1.39827e+06
1318,1.39754e+06
1318.1,1.3968e+06
1318.2,1.39607e+06
1318.3,1.39533e+06
1318.4,1.3946e+06
1318.5,1.39386e+06
1318.6,1.39313e+06
1318.7,1.39239e+06
1318.8,1.39166e+06
1318.9,1.39092e+06
1319,1.39019e+06
1319.1,1.38945e+06
1319.2,1.38872e+06
1319.3,1.38798e+06
1319.4,1.38725e+06
1319.5,1.38651e+06
1319.6,1.38578e+06
1319.7,1.38504e+06
1319.8,1.38431e+06
1319.9,1.38357e+06
1320,1.38284e+06
1320.1,1.3821e+06
1320.2,1.38137e+06
1320.3,1.38063e+06
1320.4,1.3799e+06
1320.5,1.37916e+06
1320.6,1.37843e+06
1320.7,1.37769e+06
1320.8,1.37696e+06
1320.9,1.37622e+06
1321,1.37549e+06
1321.1,1.37475e+06
1321.2,1.37402e+06
1321.3,1.37328e+06
1321.4,1.37254e+06
1321.5,1.37181e+06
1321.6,1.37107e+06
1321.7,1.37034e+06
1321.8,1.3696e+06
1321.9,1.36887e+06
1322,1.36813e+06
1322.1,1.3674e+06
1322.2,1.36666e+06
1322.3,1.36592e+06
1322.4,1.36519e+06
1322.5,1.36445e+06
1322.6,1.36372e+06
1322.7,1.36298e+06
1322.8,1.36225e+06
1322.9,1.36151e+06
1323,1.36078e+06
1323.1,1.36004e+06
1323.2,1.3593e+06
1323.3,1.35857e+06
1323.4,1.35783e+06
1323.5,1.3571e+06
1323.6,1.35636e+06
1323.7,1.35563e+06
1323.8,1.35489e+06
1323.9,1.35415e+06
1324,1.35342e+06
1324.1,1.35268e+06
1324.2,1.35195e+06
1324.3,1.35121e+06
1324.4,1.35047e+06
1324.5,1.34974e+06
1324.6,1.349e+06
1324.7,1.34827e+06
1324.8,1.34753e+06
1324.9,1.34679e+06
1325,1.34606e+06
1325.1,1.34532e+06
1325.2,1.34459e+06
1325.3,1.34385e+06
1325.4,1.34311e+06
1325.5,1.34238e+06
1325.6,1.34164e+06
1325.7,1.34091e+06
1325.8,1.34017e+06
1325.9,1.33943e+06
1326,1.3387e+06
1326.1,1.33796e+06
1326.2,1.33722e+06
1326.3,1.33649e+06
1326.4,1.33575e+06
1326.5,1.33502e+06
1326.6,1.33428e+06
1326.7,1.33354e+06
1326.8,1.33281e+06
1326.9,1.33207e+06
1327,1.33133e+06
1327.1,1.3306e+06
1327.2,1.32986e+06
1327.3,1.32912e+06
1327.4,1.32839e+06
1327.5,1.32765e+06
1327.6,1.32692e+06
1327.7,1.32618e+06
1327.8,1.32544e+06
1327.9,1.32471e+06
1328,1.32397e+06
1328.1,1.32323e+06
1328.2,1.3225e+06
1328.3,1.32176e+06
1328.4,1.32102e+06
1328.5,1.32029e+06
1328.6,1.31955e+06
1328.7,1.31881e+06
1328.8,1.31808e+06
1328.9,1.31734e+06
1329,1.3166e+06
1329.1,1.31587e+06
1329.2,1.31513e+06
1329.3,1.31439e+06
1329.4,1.31366e+06
1329.5,1.31292e+06
1329.6,1.31218e+06
1329.7,1.31145e+06
1329.8,1.31071e+06
1329.9,1.30997e+06
1330,1.30923e+06
1330.1,1.3085e+06
1330.2,1.30776e+06
1330.3,1.30702e+06
1330.4,1.30629e+06
1330.5,1.30555e+06
1330.6,1.30481e+06
1330.7,1.30408e+06
1330.8,1.30334e+06
1330.9,1.3026e+06
1331,1.30187e+06
1331.1,1.30113e+06
1331.2,1.30039e+06
1331.3,1.29965e+06
1331.4,1.29892e+06
1331.5,1.29818e+06
1331.6,1.29744e+06
1331.7,1.29671e+06
1331.8,1.29597e+06
1331.9,1.29523e+06
1332,1.29449e+06
1332.1,1.29376e+06
1332.2,1.29302e+06
1332.3,1.29228e+06
1332.4,1.29154e+06
1332.5,1.29081e+06
1332.6,1.29007e+06
1332.7,1.28933e+06
1332.8,1.2886e+06
1332.9,1.28786e+06
1333,1.28712e+06
1333.1,1.28638e+06
1333.2,1.28565e+06
1333.3,1.28491e+06
1333.4,1.28417e+06
1333.5,1.28343e+06
1333.6,1.2827e+06
1333.7,1.28196e+06
1333.8,1.28122e+06
1333.9,1.28048e+06
1334,1.27975e+06
1334.1,1.27901e+06
1334.2,1.27827e+06
1334.3,1.27753e+06
1334.4,1.2768e+06
1334.5,1.27606e+06
1334.6,1.27532e+06
1334.7,1.27458e+06
1334.8,1.27385e+06
1334.9,1.27311e+06
1335,1.27237e+06
1335.1,1.27163e+06
1335.2,1.27089e+06
1335.3,1.27016e+06
1335.4,1.26942e+06
1335.5,1.26868e+06
1335.6,1.26794e+06
1335.7,1.26721e+06
1335.8,1.26647e+06
1335.9,1.26573e+06
1336,1.26499e+06
1336.1,1.26425e+06
1336.2,1.26352e+06
1336.3,1.26278e+06
1336.4,1.26204e+06
1336.5,1.2613e+06
1336.6,1.26056e+06
1336.7,1.25983e+06
1336.8,1.25909e+06
1336.9,1.25835e+06
1337,1.25761e+06
1337.1,1.25687e+06
1337.2,1.25614e+06
1337.3,1.2554e+06
1337.4,1.25466e+06
1337.5,1.25392e+06
1337.6,1.25318e+06
1337.7,1.25245e+06
1337.8,1.25171e+06
1337.9,1.25097e+06
1338,1.25023e+06
1338.1,1.24949e+06
1338.2,1.24876e+06
1338.3,1.24802e+06
1338.4,1.24728e+06
1338.5,1.24654e+06
1338.6,1.2458e+06
1338.7,1.24506e+06
1338.8,1.24433e+06
1338.9,1.24359e+06
1339,1.24285e+06
1339.1,1.24211e+06
1339.2,1.24137e+06
1339.3,1.24063e+06
1339.4,1.2399e+06
1339.5,1.23916e+06
1339.6,1.23842e+06
1339.7,1.23768e+06
1339.8,1.23694e+06
1339.9,1.2362e+06
1340,1.23546e+06
1340.1,1.23473e+06
1340.2,1.23399e+06
1340.3,1.23325e+06
1340.4,1.23251e+06
1340.5,1.23177e+06
1340.6,1.23103e+06
1340.7,1.2303e+06
1340.8,1.22956e+06
1340.9,1.22882e+06
1341,1.22808e+06
1341.1,1.22734e+06
1341.2,1.2266e+06
1341.3,1.22586e+06
1341.4,1.22512e+06
1341.5,1.22439e+06
1341.6,1.22365e+06
1341.7,1.22291e+06
1341.8,1.22217e+06
1341.9,1.22143e+06
1342,1.22069e+06
1342.1,1.21995e+06
1342.2,1.21921e+06
1342.3,1.21848e+06
1342.4,1.21774e+06
1342.5,1.217e+06
1342.6,1.21626e+06
1342.7,1.21552e+06
1342.8,1.21478e+06
1342.9,1.21404e+06
1343,1.2133e+06
1343.1,1.21256e+06
1343.2,1.21182e+06
1343.3,1.21109e+06
1343.4,1.21035e+06
1343.5,1.20961e+06
1343.6,1.20887e+06
1343.7,1.20813e+06
1343.8,1.20739e+06
1343.9,1.20665e+06
1344,1.20591e+06
1344.1,1.20517e+06
1344.2,1.20443e+06
1344.3,1.2037e+06
1344.4,1.20296e+06
1344.5,1.20222e+06
1344.6,1.20148e+06
1344.7,1.20074e+06
1344.8,1.2e+06
1344.9,1.19926e+06
1345,1.19852e+06
1345.1,1.19778e+06
1345.2,1.19704e+06
1345.3,1.1963e+06
1345.4,1.19556e+06
1345.5,1.19482e+06
1345.6,1.19408e+06
1345.7,1.19335e+06
1345.8,1.19261e+06
1345.9,1.19187e+06
1346,1.19113e+06
1346.1,1.19039e+06
1346.2,1.18965e+06
1346.3,1.18891e+06
1346.4,1.18817e+06
1346.5,1.18743e+06
1346.6,1.18669e+06
1346.7,1.18595e+06
1346.8,1.18521e+06
1346.9,1.18447e+06
1347,1.18373e+06
1347.1,1.18299e+06
1347.2,1.18225e+06
1347.3,1.18151e+06
1347.4,1.18077e+06
1347.5,1.18003e+06
1347.6,1.17929e+06
1347.7,1.17856e+06
1347.8,1.17782e+06
1347.9,1.17708e+06
1348,1.17634e+06
1348.1,1.1756e+06
1348.2,1.17486e+06
1348.3,1.17412e+06
1348.4,1.17338e+06
1348.5,1.17264e+06
1348.6,1.1719e+06
1348.7,1.17116e+06
1348.8,1.17042e+06
1348.9,1.16968e+06
1349,1.16894e+06
1349.1,1.1682e+06
1349.2,1.16746e+06
1349.3,1.16672e+06
1349.4,1.16598e+06
1349.5,1.16524e+06
1349.6,1.1645e+06
1349.7,1.16376e+06
1349.8,1.16302e+06
1349.9,1.16228e+06
1350,1.16154e+06
1350.1,1.1608e+06
1350.2,1.16006e+06
1350.3,1.15932e+06
1350.4,1.15858e+06
1350.5,1.15784e+06
1350.6,1.1571e+06
1350.7,1.15636e+06
1350.8,1.15562e+06
1350.9,1.15488e+06
1351,1.15414e+06
1351.1,1.1534e+06
1351.2,1.15266e+06
1351.3,1.15192e+06
1351.4,1.15118e+06
1351.5,1.15044e+06
1351.6,1.1497e+06
1351.7,1.14896e+06
1351.8,1.14822e+06
1351.9,1.14748e+06
1352,1.14674e+06
1352.1,1.146e+06
1352.2,1.14525e+06
1352.3,1.14451e+06
1352.4,1.14377e+06
1352.5,1.14303e+06
1352.6,1.14229e+06
1352.7,1.14155e+06
1352.8,1.14081e+06
1352.9,1.14007e+06
1353,1.13933e+06
1353.1,1.13859e+06
1353.2,1.13785e+06
1353.3,1.13711e+06
1353.4,1.13637e+06
1353.5,1.13563e+06
1353.6,1.13489e+06
1353.7,1.13415e+06
1353.8,1.13341e+06
1353.9,1.13267e+06
1354,1.13193e+06
1354.1,1.13119e+06
1354.2,1.13045e+06
1354.3,1.1297e+06
1354.4,1.12896e+06
1354.5,1.12822e+06
1354.6,1.12748e+06
1354.7,1.12674e+06
1354.8,1.126e+06
1354.9,1.12526e+06
1355,1.12452e+06
1355.1,1.12378e+06
1355.2,1.12304e+06
1355.3,1.1223e+06
1355.4,1.12156e+06
1355.5,1.12082e+06
1355.6,1.12008e+06
1355.7,1.11933e+06
1355.8,1.11859e+06
1355.9,1.11785e+06
1356,1.11711e+06
1356.1,1.11637e+06
1356.2,1.11563e+06
1356.3,1.11489e+06
1356.4,1.11415e+06
1356.5,1.11341e+06
1356.6,1.11267e+06
1356.7,1.11193e+06
1356.8,1.11118e+06
1356.9,1.11044e+06
1357,1.1097e+06
1357.1,1.10896e+06
1357.2,1.10822e+06
1357.3,1.10748e+06
1357.4,1.10674e+06
1357.5,1.106e+06
1357.6,1.10526e+06
1357.7,1.10451e+06
1357.8,1.10377e+06
1357.9,1.10303e+06
1358,1.10229e+06
1358.1,1.10155e+06
1358.2,1.10081e+06
1358.3,1.10007e+06
1358.4,1.09933e+06
1358.5,1.09859e+06
1358.6,1.09784e+06
1358.7,1.0971e+06
1358.8,1.09636e+06
1358.9,1.09562e+06
1359,1.09488e+06
1359.1,1.09414e+06
1359.2,1.0934e+06
1359.3,1.09266e+06
1359.4,1.09191e+06
1359.5,1.09117e+06
1359.6,1.09043e+06
1359.7,1.08969e+06
1359.8,1.08895e+06
1359.9,1.08821e+06
1360,1.08747e+06
1360.1,1.08672e+06
1360.2,1.08598e+06
1360.3,1.08524e+06
1360.4,1.0845e+06
1360.5,1.08376e+06
1360.6,1.08302e+06
1360.7,1.08228e+06
1360.8,1.08153e+06
1360.9,1.08079e+06
1361,1.08005e+06
1361.1,1.07931e+06
1361.2,1.07857e+06
1361.3,1.07783e+06
1361.4,1.07708e+06
1361.5,1.07634e+06
1361.6,1.0756e+06
1361.7,1.07486e+06
1361.8,1.07412e+06
1361.9,1.07338e+06
1362,1.07263e+06
1362.1,1.07189e+06
1362.2,1.07115e+06
1362.3,1.07041e+06
1362.4,1.06967e+06
1362.5,1.06893e+06
1362.6,1.06818e+06
1362.7,1.06744e+06
1362.8,1.0667e+06
1362.9,1.06596e+06
1363,1.06522e+06
1363.1,1.06447e+06
1363.2,1.06373e+06
1363.3,1.06299e+06
1363.4,1.06225e+06
1363.5,1.06151e+06
1363.6,1.06076e+06
1363.7,1.06002e+06
1363.8,1.05928e+06
1363.9,1.05854e+06
1364,1.0578e+06
1364.1,1.05706e+06
1364.2,1.05631e+06
1364.3,1.05557e+06
1364.4,1.05483e+06
1364.5,1.05409e+06
1364.6,1.05335e+06
1364.7,1.0526e+06
1364.8,1.05186e+06
1364.9,1.05112e+06
1365,1.05038e+06
1365.1,1.04963e+06
1365.2,1.04889e+06
1365.3,1.04815e+06
1365.4,1.04741e+06
1365.5,1.04667e+06
1365.6,1.04592e+06
1365.7,1.04518e+06
1365.8,1.04444e+06
1365.9,1.0437e+06
1366,1.04295e+06
1366.1,1.04221e+06
1366.2,1.04147e+06
1366.3,1.04073e+06
1366.4,1.03999e+06
1366.5,1.03924e+06
1366.6,1.0385e+06
1366.7,1.03776e+06
1366.8,1.03702e+06
1366.9,1.03627e+06
1367,1.03553e+06
1367.1,1.03479e+06
1367.2,1.03405e+06
1367.3,1.0333e+06
1367.4,1.03256e+06
1367.5,1.03182e+06
1367.6,1.03108e+06
1367.7,1.03033e+06
1367.8,1.02959e+06
1367.9,1.02885e+06
1368,1.02811e+06
1368.1,1.02736e+06
1368.2,1.02662e+06
1368.3,1.02588e+06
1368.4,1.02514e+06
1368.5,1.02439e+06
1368.6,1.02365e+06
1368.7,1.02291e+06
1368.8,1.02217e+06
1368.9,1.02142e+06
1369,1.02068e+06
1369.1,1.01994e+06
1369.2,1.0192e+06
1369.3,1.01845e+06
1369.4,1.01771e+06
1369.5,1.01697e+06
1369.6,1.01623e+06
1369.7,1.01548e+06
1369.8,1.01474e+06
1369.9,1.014e+06
1370,1.01325e+06
1370.1,1.01251e+06
1370.2,1.01177e+06
1370.3,1.01103e+06
1370.4,1.01028e+06
1370.5,1.00954e+06
1370.6,1.0088e+06
1370.7,1.00806e+06
1370.8,1.00731e+06
1370.9,1.00657e+06
1371,1.00583e+06
1371.1,1.00508e+06
1371.2,1.00434e+06
1371.3,1.0036e+06
1371.4,1.00285e+06
1371.5,1.00211e+06
1371.6,1.00137e+06
1371.7,1.00063e+06
1371.8,999883
1371.9,999140
1372,998397
1372.1,997654
1372.2,996911
1372.3,996168
1372.4,995425
1372.5,994682
1372.6,993939
1372.7,993196
1372.8,992452
1372.9,991709
1373,990966
1373.1,990223
1373.2,989480
1373.3,988737
1373.4,987994
1373.5,987250
1373.6,986507
1373.7,985764
1373.8,985021
1373.9,984277
1374,983534
1374.1,982791
1374.2,982048
1374.3,981304
1374.4,980561
1374.5,979818
1374.6,979074
1374.7,978331
1374.8,977588
1374.9,976844
1375,976101
1375.1,975358
1375.2,974614
1375.3,973871
1375.4,973127
1375.5,972384
1375.6,971640
1375.7,970897
1375.8,970153
1375.9,969410
1376,968666
1376.1,967923
1376.2,967179
1376.3,966436
1376.4,965692
1376.5,964949
1376.6,964205
1376.7,963462
1376.8,962718
1376.9,961974
1377,961231
1377.1,960487
1377.2,959743
1377.3,959000
1377.4,958256
1377.5,957512
1377.6,956769
1377.7,956025
1377.8,955281
1377.9,954538
1378,953794
1378.1,953050
1378.2,952306
1378.3,951562
1378.4,950819
1378.5,950075
1378.6,949331
1378.7,948587
1378.8,947843
1378.9,947100
1379,946356
1379.1,945612
1379.2,944868
1379.3,944124
1379.4,943380
1379.5,942636
1379.6,941892
1379.7,941148
1379.8,940404
1379.9,939660
1380,938916
1380.1,938172
1380.2,937428
1380.3,936684
1380.4,935940
1380.5,935196
1380.6,934452
1380.7,933708
1380.8,932964
1380.9,932220
1381,931476
1381.1,930732
1381.2,929988
1381.3,929243
1381.4,928499
1381.5,927755
1381.6,927011
1381.7,926267
1381.8,925523
1381.9,924778
1382,924034
1382.1,923290
1382.2,922546
1382.3,921801
1382.4,921057
1382.5,920313
1382.6,919569
1382.7,918824
1382.8,918080
1382.9,917336
1383,916591
1383.1,915847
1383.2,915103
1383.3,914358
1383.4,913614
1383.5,912869
1383.6,912125
1383.7,911381
1383.8,910636
1383.9,909892
1384,909147
1384.1,908403
1384.2,907658
1384.3,906914
1384.4,906169
1384.5,905425
1384.6,904680
1384.7,903936
1384.8,903191
1384.9,902447
1385,901702
1385.1,900958
1385.2,900213
1385.3,899468
1385.4,898724
1385.5,897979
1385.6,897234
1385.7,896490
1385.8,895745
1385.9,895001
1386,894256
1386.1,893511
1386.2,892766
1386.3,892022
1386.4,891277
1386.5,890532
1386.6,889788
1386.7,889043
1386.8,888298
1386.9,887553
1387,886808
1387.1,886064
1387.2,885319
1387.3,884574
1387.4,883829
1387.5,883084
1387.6,882340
1387.7,881595
1387.8,880850
1387.9,880105
1388,879360
1388.1,878615
1388.2,877870
1388.3,877125
1388.4,876380
1388.5,875635
1388.6,874890
1388.7,874145
1388.8,873400
1388.9,872655
1389,871910
1389.1,871165
1389.2,870420
1389.3,869675
1389.4,868930
1389.5,868185
1389.6,867440
1389.7,866695
1389.8,865950
1389.9,865205
1390,864460
1390.1,863714
1390.2,862969
1390.3,862224
1390.4,861479
1390.5,860734
1390.6,859989
1390.7,859244
1390.8,858498
1390.9,857753
1391,857008
1391.1,856263
1391.2,855517
1391.3,854772
1391.4,854027
1391.5,853282
1391.6,852536
1391.7,851791
1391.8,851046
1391.9,850300
1392,849555
1392.1,848810
1392.2,848064
1392.3,847319
1392.4,846573
1392.5,845828
1392.6,845083
1392.7,844337
1392.8,843592
1392.9,842846
1393,842101
1393.1,841356
1393.2,840610
1393.3,839865
1393.4,839119
1393.5,838374
1393.6,837628
1393.7,836883
1393.8,836137
1393.9,835392
1394,834646
1394.1,833900
1394.2,833155
1394.3,832409
1394.4,831664
1394.5,830918
1394.6,830172
1394.7,829427
1394.8,828681
1394.9,827936
1395,827190
1395.1,826444
1395.2,825699
1395.3,824953
1395.4,824207
1395.5,823462
1395.6,822716
1395.7,821970
1395.8,821224
1395.9,820479
1396,819733
1396.1,818987
1396.2,818241
1396.3,817496
1396.4,816750
1396.5,816004
1396.6,815258
1396.7,814512
1396.8,813766
1396.9,813021
1397,812275
1397.1,811529
1397.2,810783
1397.3,810037
1397.4,809291
1397.5,808545
1397.6,807799
1397.7,807053
1397.8,806307
1397.9,805562
1398,804816
1398.1,804070
1398.2,803324
1398.3,802578
1398.4,801832
1398.5,801086
1398.6,800340
1398.7,799594
1398.8,798847
1398.9,798101
1399,797355
1399.1,796609
1399.2,795863
1399.3,795117
1399.4,794371
1399.5,793625
1399.6,792879
1399.7,792133
1399.8,791386
1399.9,790640
1400,789894
1400.1,789148
1400.2,788402
1400.3,787656
1400.4,786909
1400.5,786163
1400.6,785417
1400.7,784671
1400.8,783924
1400.9,783178
1401,782432
1401.1,781686
1401.2,780940
1401.3,780193
1401.4,779447
1401.5,778701
1401.6,777954
1401.7,777208
1401.8,776462
1401.9,775715
1402,774969
1402.1,774222
1402.2,773476
1402.3,772730
1402.4,771983
1402.5,771237
1402.6,770490
1402.7,769744
1402.8,768998
1402.9,768251
1403,767505
1403.1,766758
1403.2,766012
1403.3,765265
1403.4,764519
1403.5,763772
1403.6,763026
1403.7,762279
1403.8,761533
1403.9,760786
1404,760040
1404.1,759293
1404.2,758546
1404.3,757800
1404.4,757053
1404.5,756307
1404.6,755560
1404.7,754814
1404.8,754067
1404.9,753320
1405,752574
1405.1,751827
1405.2,751080
1405.3,750334
1405.4,749587
1405.5,748840
1405.6,748094
1405.7,747347
1405.8,746600
1405.9,745853
1406,745107
1406.1,744360
1406.2,743613
1406.3,742866
1406.4,742120
1406.5,741373
1406.6,740626
1406.7,739879
1406.8,739132
1406.9,738386
1407,737639
1407.1,736892
1407.2,736145
1407.3,735398
1407.4,734651
1407.5,733904
1407.6,733157
1407.7,732411
1407.8,731664
1407.9,730917
1408,730170
1408.1,729423
1408.2,728676
1408.3,727929
1408.4,727182
1408.5,726435
1408.6,725688
1408.7,724941
1408.8,724194
1408.9,723447
1409,722700
1409.1,721953
1409.2,721206
1409.3,720459
1409.4,719712
1409.5,718965
1409.6,718218
1409.7,717471
1409.8,716724
1409.9,715976
1410,715229
1410.1,714482
1410.2,713735
1410.3,712988
1410.4,712241
1410.5,711494
1410.6,710746
1410.7,709999
1410.8,709252
1410.9,708505
1411,707758
1411.1,707011
1411.2,706263
1411.3,705516
1411.4,704769
1411.5,704022
1411.6,703274
1411.7,702527
1411.8,701780
1411.9,701033
1412,700285
1412.1,699538
1412.2,698791
1412.3,698043
1412.4,697296
1412.5,696549
1412.6,695801
1412.7,695054
1412.8,694307
1412.9,693559
1413,692812
1413.1,692065
1413.2,691317
1413.3,690570
1413.4,689822
1413.5,689075
1413.6,688328
1413.7,687580
1413.8,686833
1413.9,686085
1414,685338
1414.1,684590
1414.2,683843
1414.3,683095
1414.4,682348
1414.5,681600
1414.6,680853
1414.7,680105
1414.8,679358
1414.9,678610
1415,677863
1415.1,677115
1415.2,676368
1415.3,675620
1415.4,674872
1415.5,674125
1415.6,673377
1415.7,672630
1415.8,671882
1415.9,671134
1416,670387
1416.1,669639
1416.2,668891
1416.3,668144
1416.4,667396
1416.5,666648
1416.6,665901
1416.7,665153
1416.8,664405
1416.9,663658
1417,662910
1417.1,662162
1417.2,661414
1417.3,660667
1417.4,659919
1417.5,659171
1417.6,658424
1417.7,657676
1417.8,656928
1417.9,656180
1418,655432
1418.1,654685
1418.2,653937
1418.3,653189
1418.4,652441
1418.5,651693
1418.6,650945
1418.7,650198
1418.8,649450
1418.9,648702
1419,647954
1419.1,647206
1419.2,646458
1419.3,645710
1419.4,644962
1419.5,644214
1419.6,643466
1419.7,642719
1419.8,641971
1419.9,641223
1420,640475
1420.1,639727
1420.2,638979
1420.3,638231
1420.4,637483
1420.5,636735
1420.6,635987
1420.7,635239
1420.8,634491
1420.9,633743
1421,632995
1421.1,632247
1421.2,631499
1421.3,630750
1421.4,630002
1421.5,629254
1421.6,628506
1421.7,627758
1421.8,627010
1421.9,626262
1422,625514
1422.1,624766
1422.2,624018
1422.3,623269
1422.4,622521
1422.5,621773
1422.6,621025
1422.7,620277
1422.8,619529
1422.9,618780
1423,618032
1423.1,617284
1423.2,616536
1423.3,615788
1423.4,615039
1423.5,614291
1423.6,613543
1423.7,612795
1423.8,612046
1423.9,611298
1424,610550
1424.1,609802
1424.2,609053
1424.3,608305
1424.4,607557
1424.5,606808
1424.6,606060
1424.7,605312
1424.8,604563
1424.9,603815
1425,603067
1425.1,602318
1425.2,601570
1425.3,600822
1425.4,600073
1425.5,599325
1425.6,598576
1425.7,597828
1425.8,597080
1425.9,596331
1426,595583
1426.1,594834
1426.2,594086
1426.3,593337
1426.4,592589
1426.5,591841
1426.6,591092
1426.7,590344
1426.8,589595
1426.9,588847
1427,588098
1427.1,587350
1427.2,586601
1427.3,585853
1427.4,585104
1427.5,584356
1427.6,583607
1427.7,582858
1427.8,582110
1427.9,581361
1428,580613
1428.1,579864
1428.2,579116
1428.3,578367
1428.4,577618
1428.5,576870
1428.6,576121
1428.7,575372
1428.8,574624
1428.9,573875
1429,573127
1429.1,572378
1429.2,571629
1429.3,570881
1429.4,570132
1429.5,569383
1429.6,568634
1429.7,567886
1429.8,567137
1429.9,566388
1430,565640
1430.1,564891
1430.2,564142
1430.3,563394
1430.4,562645
1430.5,561896
1430.6,561147
1430.7,560398
1430.8,559650
1430.9,558901
1431,558152
1431.1,557403
1431.2,556655
1431.3,555906
1431.4,555157
1431.5,554408
1431.6,553659
1431.7,552910
1431.8,552162
1431.9,551413
1432,550664
1432.1,549915
1432.2,549166
1432.3,548417
1432.4,547668
1432.5,546920
1432.6,546171
1432.7,545422
1432.8,544673
1432.9,543924
1433,543175
1433.1,542426
1433.2,541677
1433.3,540928
1433.4,540179
1433.5,539430
1433.6,538681
1433.7,537932
1433.8,537183
1433.9,536434
1434,535685
1434.1,534936
1434.2,534187
1434.3,533438
1434.4,532689
1434.5,531940
1434.6,531191
1434.7,530442
1434.8,529693
1434.9,528944
1435,528195
1435.1,527446
1435.2,526697
1435.3,525948
1435.4,525199
1435.5,524450
1435.6,523701
1435.7,522952
1435.8,522202
1435.9,521453
1436,520704
1436.1,519955
1436.2,519206
1436.3,518457
1436.4,517708
1436.5,516958
1436.6,516209
1436.7,515460
1436.8,514711
1436.9,513962
1437,513213
1437.1,512463
1437.2,511714
1437.3,510965
1437.4,510216
1437.5,509467
1437.6,508717
1437.7,507968
1437.8,507219
1437.9,506470
1438,505720
1438.1,504971
1438.2,504222
1438.3,503473
1438.4,502723
1438.5,501974
1438.6,501225
1438.7,500475
1438.8,499726
1438.9,498977
1439,498228
1439.1,497478
1439.2,496729
1439.3,495980
1439.4,495230
1439.5,494481
1439.6,493732
1439.7,492982
1439.8,492233
1439.9,491483
1440,490734
1440.1,489985
1440.2,489235
1440.3,488486
1440.4,487736
1440.5,486987
1440.6,486238
1440.7,485488
1440.8,484739
1440.9,483989
1441,483240
1441.1,482491
1441.2,481741
1441.3,480992
1441.4,480242
1441.5,479493
1441.6,478743
1441.7,477994
1441.8,477244
1441.9,476495
1442,475745
1442.1,474996
1442.2,474246
1442.3,473497
1442.4,472747
1442.5,471998
1442.6,471248
1442.7,470499
1442.8,469749
1442.9,469000
1443,468250
1443.1,467500
1443.2,466751
1443.3,466001
1443.4,465252
1443.5,464502
1443.6,463752
1443.7,463003
1443.8,462253
1443.9,461504
1444,460754
1444.1,460004
1444.2,459255
1444.3,458505
1444.4,457756
1444.5,457006
1444.6,456256
1444.7,455507
1444.8,454757
1444.9,454007
1445,453258
1445.1,452508
1445.2,451758
1445.3,451008
1445.4,450259
1445.5,449509
1445.6,448759
1445.7,448010
1445.8,447260
1445.9,446510
1446,445761
1446.1,445011
1446.2,444261
1446.3,443511
1446.4,442762
1446.5,442012
1446.6,441262
1446.7,440512
1446.8,439762
1446.9,439013
1447,438263
1447.1,437513
1447.2,436763
1447.3,436014
1447.4,435264
1447.5,434514
1447.6,433764
1447.7,433014
1447.8,432264
1447.9,431515
1448,430765
1448.1,430015
1448.2,429265
1448.3,428515
1448.4,427765
1448.5,427016
1448.6,426266
1448.7,425516
1448.8,424766
1448.9,424016
1449,423266
1449.1,422516
1449.2,421766
1449.3,421016
1449.4,420266
1449.5,419517
1449.6,418767
1449.7,418017
1449.8,417267
1449.9,416517
1450,415767
1450.1,415017
1450.2,414267
1450.3,413517
1450.4,412767
1450.5,412017
1450.6,411267
1450.7,410517
1450.8,409767
1450.9,409017
1451,408267
1451.1,407517
1451.2,406767
1451.3,406017
1451.4,405267
1451.5,404517
1451.6,403767
1451.7,403017
1451.8,402267
1451.9,401517
1452,400767
1452.1,400017
1452.2,399267
1452.3,398517
1452.4,397767
1452.5,397017
1452.6,396267
1452.7,395516
1452.8,394766
1452.9,394016
1453,393266
1453.1,392516
1453.2,391766
1453.3,391016
1453.4,390266
1453.5,389516
1453.6,388766
1453.7,388015
1453.8,387265
1453.9,386515
1454,385765
1454.1,385015
1454.2,384265
1454.3,383514
1454.4,382764
1454.5,382014
1454.6,381264
1454.7,380514
1454.8,379764
1454.9,379013
1455,378263
1455.1,377513
1455.2,376763
1455.3,376013
1455.4,375262
1455.5,374512
1455.6,373762
1455.7,373012
1455.8,372262
1455.9,371511
1456,370761
1456.1,370011
1456.2,369261
1456.3,368510
1456.4,367760
1456.5,367010
1456.6,366260
1456.7,365509
1456.8,364759
1456.9,364009
1457,363258
1457.1,362508
1457.2,361758
1457.3,361008
1457.4,360257
1457.5,359507
1457.6,358757
1457.7,358006
1457.8,357256
1457.9,356506
1458,355755
1458.1,355005
1458.2,354255
1458.3,353504
1458.4,352754
1458.5,352004
1458.6,351253
1458.7,350503
1458.8,349752
1458.9,349002
1459,348252
1459.1,347501
1459.2,346751
1459.3,346001
1459.4,345250
1459.5,344500
1459.6,343749
1459.7,342999
1459.8,342249
1459.9,341498
1460,340748
1460.1,339997
1460.2,339247
1460.3,338496
1460.4,337746
1460.5,336996
1460.6,336245
1460.7,335495
1460.8,334744
1460.9,333994
1461,333243
1461.1,332493
1461.2,331742
1461.3,330992
1461.4,330242
1461.5,329491
1461.6,328741
1461.7,327990
1461.8,327240
1461.9,326489
1462,325739
1462.1,324988
1462.2,324238
1462.3,323487
1462.4,322737
1462.5,321986
1462.6,321235
1462.7,320485
1462.8,319734
1462.9,318984
1463,318233
1463.1,317483
1463.2,316732
1463.3,315982
1463.4,315231
1463.5,314481
1463.6,313730
1463.7,312979
1463.8,312229
1463.9,311478
1464,310728
1464.1,309977
1464.2,309227
1464.3,308476
1464.4,307725
1464.5,306975
1464.6,306224
1464.7,305474
1464.8,304723
1464.9,303972
1465,303222
1465.1,302471
1465.2,301720
1465.3,300970
1465.4,300219
1465.5,299469
1465.6,298718
1465.7,297967
1465.8,297217
1465.9,296466
1466,295715
1466.1,294965
1466.2,294214
1466.3,293463
1466.4,292713
1466.5,291962
1466.6,291211
1466.7,290461
1466.8,289710
1466.9,288959
1467,288209
1467.1,287458
1467.2,286707
1467.3,285956
1467.4,285206
1467.5,284455
1467.6,283704
1467.7,282954
1467.8,282203
1467.9,281452
1468,280701
1468.1,279951
1468.2,279200
1468.3,278449
1468.4,277698
1468.5,276948
1468.6,276197
1468.7,275446
1468.8,274695
1468.9,273945
1469,273194
1469.1,272443
1469.2,271692
1469.3,270942
1469.4,270191
1469.5,269440
1469.6,268689
1469.7,267939
1469.8,267188
1469.9,266437
1470,265686
1470.1,264935
1470.2,264185
1470.3,263434
1470.4,262683
1470.5,261932
1470.6,261181
1470.7,260430
1470.8,259680
1470.9,258929
1471,258178
1471.1,257427
1471.2,256676
1471.3,255926
1471.4,255175
1471.5,254424
1471.6,253673
1471.7,252922
1471.8,252171
1471.9,251420
1472,250670
1472.1,249919
1472.2,249168
1472.3,248417
1472.4,247666
1472.5,246915
1472.6,246164
1472.7,245413
1472.8,244663
1472.9,243912
1473,243161
1473.1,242410
1473.2,241659
1473.3,240908
1473.4,240157
1473.5,239406
1473.6,238655
1473.7,237904
1473.8,237154
1473.9,236403
1474,235652
1474.1,234901
1474.2,234150
1474.3,233399
1474.4,232648
1474.5,231897
1474.6,231146
1474.7,230395
1474.8,229644
1474.9,228893
1475,228142
1475.1,227391
1475.2,226640
1475.3,225889
1475.4,225139
1475.5,224388
1475.6,223637
1475.7,222886
1475.8,222135
1475.9,221384
1476,220633
1476.1,219882
1476.2,219131
1476.3,218380
1476.4,217629
1476.5,216878
1476.6,216127
1476.7,215376
1476.8,214625
1476.9,213874
1477,213123
1477.1,212372
1477.2,211621
1477.3,210870
1477.4,210119
1477.5,209368
1477.6,208617
1477.7,207866
1477.8,207115
1477.9,206364
1478,205613
1478.1,204862
1478.2,204111
1478.3,203359
1478.4,202608
1478.5,201857
1478.6,201106
1478.7,200355
1478.8,199604
1478.9,198853
1479,198102
1479.1,197351
1479.2,196600
1479.3,195849
1479.4,195098
1479.5,194347
1479.6,193596
1479.7,192845
1479.8,192094
1479.9,191343
1480,190591
1480.1,189840
1480.2,189089
1480.3,188338
1480.4,187587
1480.5,186836
1480.6,186085
1480.7,185334
1480.8,184583
1480.9,183832
1481,183081
1481.1,182329
1481.2,181578
1481.3,180827
1481.4,180076
1481.5,179325
1481.6,178574
1481.7,177823
1481.8,177072
1481.9,176320
1482,175569
1482.1,174818
1482.2,174067
1482.3,173316
1482.4,172565
1482.5,171814
1482.6,171063
1482.7,170311
1482.8,169560
1482.9,168809
1483,168058
1483.1,167307
1483.2,166556
1483.3,165805
1483.4,165053
1483.5,164302
1483.6,163551
1483.7,162800
1483.8,162049
1483.9,161298
1484,160546
1484.1,159795
1484.2,159044
1484.3,158293
1484.4,157542
1484.5,156791
1484.6,156039
1484.7,155288
1484.8,154537
1484.9,153786
1485,153035
1485.1,152283
1485.2,151532
1485.3,150781
1485.4,150030
1485.5,149279
1485.6,148527
1485.7,147776
1485.8,147025
1485.9,146274
1486,145523
1486.1,144771
1486.2,144020
1486.3,143269
1486.4,142518
1486.5,141767
1486.6,141015
1486.7,140264
1486.8,139513
1486.9,138762
1487,138010
1487.1,137259
1487.2,136508
1487.3,135757
1487.4,135006
1487.5,134254
1487.6,133503
1487.7,132752
1487.8,132001
1487.9,131249
1488,130498
1488.1,129747
1488.2,128996
1488.3,128244
1488.4,127493
1488.5,126742
1488.6,125991
1488.7,125239
1488.8,124488
1488.9,123737
1489,122986
1489.1,122234
1489.2,121483
1489.3,120732
1489.4,119981
1489.5,119229
1489.6,118478
1489.7,117727
1489.8,116976
1489.9,116224
1490,115473
1490.1,114722
1490.2,113970
1490.3,113219
1490.4,112468
1490.5,111717
1490.6,110965
1490.7,110214
1490.8,109463
1490.9,108711
1491,107960
1491.1,107209
1491.2,106458
1491.3,105706
1491.4,104955
1491.5,104204
1491.6,103452
1491.7,102701
1491.8,101950
1491.9,101199
1492,100447
1492.1,99696
1492.2,98944.7
1492.3,98193.4
1492.4,97442.1
1492.5,96690.8
1492.6,95939.5
1492.7,95188.1
1492.8,94436.8
1492.9,93685.5
1493,92934.2
1493.1,92182.9
1493.2,91431.6
1493.3,90680.3
1493.4,89929
1493.5,89177.7
1493.6,88426.3
1493.7,87675
1493.8,86923.7
1493.9,86172.4
1494,85421.1
1494.1,84669.7
1494.2,83918.4
1494.3,83167.1
1494.4,82415.8
1494.5,81664.4
1494.6,80913.1
1494.7,80161.8
1494.8,79410.4
1494.9,78659.1
1495,77907.8
1495.1,77156.5
1495.2,76405.1
1495.3,75653.8
1495.4,74902.4
1495.5,74151.1
1495.6,73399.8
1495.7,72648.4
1495.8,71897.1
1495.9,71145.8
1496,70394.4
1496.1,69643.1
1496.2,68891.7
1496.3,68140.4
1496.4,67389
1496.5,66637.7
1496.6,65886.4
1496.7,65135
1496.8,64383.7
1496.9,63632.3
1497,62881
1497.1,62129.6
1497.2,61378.3
1497.3,60626.9
1497.4,59875.6
1497.5,59124.2
1497.6,58372.8
1497.7,57621.5
1497.8,56870.1
1497.9,56118.8
1498,55367.4
1498.1,54616.1
1498.2,53864.7
1498.3,53113.4
1498.4,52362
1498.5,51610.6
1498.6,50859.3
1498.7,50107.9
1498.8,49356.6
1498.9,48605.2
1499,47853.8
1499.1,47102.5
1499.2,46351.1
1499.3,45599.7
1499.4,44848.4
1499.5,44097
1499.6,43345.6
1499.7,42594.3
1499.8,41842.9
1499.9,41091.5
1500,40340.2
1500.1,39588.8
1500.2,38837.4
1500.3,38086.1
1500.4,37334.7
1500.5,36583.3
1500.6,35831.9
1500.7,35080.6
1500.8,34329.2
1500.9,33577.8
1501,32826.5
1501.1,32075.1
1501.2,31323.7
1501.3,30572.3
1501.4,29821
1501.5,29069.6
1501.6,28318.2
1501.7,27566.8
1501.8,26815.5
1501.9,26064.1
1502,25312.7
1502.1,24561.3
1502.2,23809.9
1502.3,23058.6
1502.4,22307.2
1502.5,21555.8
1502.6,20804.4
1502.7,20053.1
1502.8,19301.7
1502.9,18550.3
1503,17798.9
1503.1,17047.5
1503.2,16296.2
1503.3,15544.8
1503.4,14793.4
1503.5,14042
1503.6,13290.6
1503.7,12539.3
1503.8,11787.9
1503.9,11036.5
1504,10285.1
1504.1,9533.73
1504.2,8782.35
1504.3,8030.97
1504.4,7279.58
1504.5,6528.2
1504.6,5776.82
1504.7,5025.44
1504.8,4274.06
1504.9,3522.68
1505,2771.29
1505.1,2019.91
1505.2,1268.53
1505.3,517.146
1505.4,-234.237
1505.5,-985.619
1505.6,-1737
1505.7,-2488.38
1505.8,-3239.77
1505.9,-3991.15
1506,-4742.53
1506.1,-5493.91
1506.2,-6245.29
1506.3,-6996.68
1506.4,-7748.06
1506.5,-8499.44
1506.6,-9250.82
1506.7,-10002.2
1506.8,-10753.6
1506.9,-11505
1507,-12256.3
1507.1,-13007.7
1507.2,-13759.1
1507.3,-14510.5
1507.4,-15261.9
1507.5,-16013.3
1507.6,-16764.6
1507.7,-17516
1507.8,-18267.4
1507.9,-19018.8
1508,-19770.1
1508.1,-20521.5
1508.2,-21272.9
1508.3,-22024.3
1508.4,-22775.7
1508.5,-23527
1508.6,-24278.4
1508.7,-25029.8
1508.8,-25781.2
1508.9,-26532.6
1509,-27283.9
1509.1,-28035.3
1509.2,-28786.7
1509.3,-29538.1
1509.4,-30289.4
1509.5,-31040.8
1509.6,-31792.2
1509.7,-32543.6
1509.8,-33294.9
1509.9,-34046.3
1510,-34797.7
1510.1,-35549
1510.2,-36300.4
1510.3,-37051.8
1510.4,-37803.2
1510.5,-38554.5
1510.6,-39305.9
1510.7,-40057.3
1510.8,-40808.6
1510.9,-41560
1511,-42311.4
1511.1,-43062.7
1511.2,-43814.1
1511.3,-44565.5
1511.4,-45316.8
1511.5,-46068.2
1511.6,-46819.6
1511.7,-47570.9
1511.8,-48322.3
1511.9,-49073.7
1512,-49825
1512.1,-50576.4
1512.2,-51327.7
1512.3,-52079.1
1512.4,-52830.5
1512.5,-53581.8
1512.6,-54333.2
1512.7,-55084.5
1512.8,-55835.9
1512.9,-56587.2
1513,-57338.6
1513.1,-58090
1513.2,-58841.3
1513.3,-59592.7
1513.4,-60344
1513.5,-61095.4
1513.6,-61846.7
1513.7,-62598.1
1513.8,-63349.4
1513.9,-64100.8
1514,-64852.1
1514.1,-65603.5
1514.2,-66354.8
1514.3,-67106.1
1514.4,-67857.5
1514.5,-68608.8
1514.6,-69360.2
1514.7,-70111.5
1514.8,-70862.9
1514.9,-71614.2
1515,-72365.5
1515.1,-73116.9
1515.2,-73868.2
1515.3,-74619.6
1515.4,-75370.9
1515.5,-76122.2
1515.6,-76873.6
1515.7,-77624.9
1515.8,-78376.2
1515.9,-79127.6
1516,-79878.9
1516.1,-80630.2
1516.2,-81381.5
1516.3,-82132.9
1516.4,-82884.2
1516.5,-83635.5
1516.6,-84386.9
1516.7,-85138.2
1516.8,-85889.5
1516.9,-86640.8
1517,-87392.1
1517.1,-88143.5
1517.2,-88894.8
1517.3,-89646.1
1517.4,-90397.4
1517.5,-91148.7
1517.6,-91900
1517.7,-92651.3
1517.8,-93402.7
1517.9,-94154
1518,-94905.3
1518.1,-95656.6
1518.2,-96407.9
1518.3,-97159.2
1518.4,-97910.5
1518.5,-98661.8
1518.6,-99413.1
1518.7,-100164
1518.8,-100916
1518.9,-101667
1519,-102418
1519.1,-103170
1519.2,-103921
1519.3,-104672
1519.4,-105423
1519.5,-106175
1519.6,-106926
1519.7,-107677
1519.8,-108429
1519.9,-109180
1520,-109931
1520.1,-110682
1520.2,-111434
1520.3,-112185
1520.4,-112936
1520.5,-113688
1520.6,-114439
1520.7,-115190
1520.8,-115941
1520.9,-116693
1521,-117444
1521.1,-118195
1521.2,-118946
1521.3,-119698
1521.4,-120449
1521.5,-121200
1521.6,-121952
1521.7,-122703
1521.8,-123454
1521.9,-124205
1522,-124957
1522.1,-125708
1522.2,-126459
1522.3,-127210
1522.4,-127962
1522.5,-128713
1522.6,-129464
1522.7,-130215
1522.8,-130967
1522.9,-131718
1523,-132469
1523.1,-133220
1523.2,-133971
1523.3,-134723
1523.4,-135474
1523.5,-136225
1523.6,-136976
1523.7,-137728
1523.8,-138479
1523.9,-139230
1524,-139981
1524.1,-140733
1524.2,-141484
1524.3,-142235
1524.4,-142986
1524.5,-143737
1524.6,-144489
1524.7,-145240
1524.8,-145991
1524.9,-146742
1525,-147493
1525.1,-148245
1525.2,-148996
1525.3,-149747
1525.4,-150498
1525.5,-151249
1525.6,-152001
1525.7,-152752
1525.8,-153503
1525.9,-154254
1526,-155005
1526.1,-155757
1526.2,-156508
1526.3,-157259
1526.4,-158010
1526.5,-158761
1526.6,-159512
1526.7,-160264
1526.8,-161015
1526.9,-161766
1527,-162517
1527.1,-163268
1527.2,-164019
1527.3,-164771
1527.4,-165522
1527.5,-166273
1527.6,-167024
1527.7,-167775
1527.8,-168526
1527.9,-169278
1528,-170029
1528.1,-170780
1528.2,-171531
1528.3,-172282
1528.4,-173033
1528.5,-173784
1528.6,-174535
1528.7,-175287
1528.8,-176038
1528.9,-176789
1529,-177540
1529.1,-178291
1529.2,-179042
1529.3,-179793
1529.4,-180544
1529.5,-181296
1529.6,-182047
1529.7,-182798
1529.8,-183549
1529.9,-184300
1530,-185051
1530.1,-185802
1530.2,-186553
1530.3,-187304
1530.4,-188055
1530.5,-188807
1530.6,-189558
1530.7,-190309
1530.8,-191060
1530.9,-191811
1531,-192562
1531.1,-193313
1531.2,-194064
1531.3,-194815
1531.4,-195566
1531.5,-196317
1531.6,-197068
1531.7,-197819
1531.8,-198570
1531.9,-199322
1532,-200073
1532.1,-200824
1532.2,-201575
1532.3,-202326
1532.4,-203077
1532.5,-203828
1532.6,-204579
1532.7,-205330
1532.8,-206081
1532.9,-206832
1533,-207583
1533.1,-208334
1533.2,-209085
1533.3,-209836
1533.4,-210587
1533.5,-211338
1533.6,-212089
1533.7,-212840
1533.8,-213591
1533.9,-214342
1534,-215093
1534.1,-215844
1534.2,-216595
1534.3,-217346
1534.4,-218097
1534.5,-218848
1534.6,-219599
1534.7,-220350
1534.8,-221101
1534.9,-221852
1535,-222603
1535.1,-223354
1535.2,-224105
1535.3,-224856
1535.4,-225607
1535.5,-226358
1535.6,-227109
1535.7,-227860
1535.8,-228611
1535.9,-229362
1536,-230113
1536.1,-230864
1536.2,-231614
1536.3,-232365
1536.4,-233116
1536.5,-233867
1536.6,-234618
1536.7,-235369
1536.8,-236120
1536.9,-236871
1537,-237622
1537.1,-238373
1537.2,-239124
1537.3,-239875
1537.4,-240626
1537.5,-241376
1537.6,-242127
1537.7,-242878
1537.8,-243629
1537.9,-244380
1538,-245131
1538.1,-245882
1538.2,-246633
1538.3,-247384
1538.4,-248134
1538.5,-248885
1538.6,-249636
1538.7,-250387
1538.8,-251138
1538.9,-251889
1539,-252640
1539.1,-253390
1539.2,-254141
1539.3,-254892
1539.4,-255643
1539.5,-256394
1539.6,-257145
1539.7,-257896
1539.8,-258646
1539.9,-259397
1540,-260148
1540.1,-260899
1540.2,-261650
1540.3,-262400
1540.4,-263151
1540.5,-263902
1540.6,-264653
1540.7,-265404
1540.8,-266155
1540.9,-266905
1541,-267656
1541.1,-268407
1541.2,-269158
1541.3,-269908
1541.4,-270659
1541.5,-271410
1541.6,-272161
1541.7,-272912
1541.8,-273662
1541.9,-274413
1542,-275164
1542.1,-275915
1542.2,-276665
1542.3,-277416
1542.4,-278167
1542.5,-278918
1542.6,-279668
1542.7,-280419
1542.8,-281170
1542.9,-281921
1543,-282671
1543.1,-283422
1543.2,-284173
1543.3,-284923
1543.4,-285674
1543.5,-286425
1543.6,-287176
1543.7,-287926
1543.8,-288677
1543.9,-289428
1544,-290178
1544.1,-290929
1544.2,-291680
1544.3,-292430
1544.4,-293181
1544.5,-293932
1544.6,-294682
1544.7,-295433
1544.8,-296184
1544.9,-296934
1545,-297685
1545.1,-298436
1545.2,-299186
1545.3,-299937
1545.4,-300688
1545.5,-301438
1545.6,-302189
1545.7,-302940
1545.8,-303690
1545.9,-304441
1546,-305191
1546.1,-305942
1546.2,-306693
1546.3,-307443
1546.4,-308194
1546.5,-308944
1546.6,-309695
1546.7,-310446
1546.8,-311196
1546.9,-311947
1547,-312697
1547.1,-313448
1547.2,-314199
1547.3,-314949
1547.4,-315700
1547.5,-316450
1547.6,-317201
1547.7,-317951
1547.8,-318702
1547.9,-319452
1548,-320203
1548.1,-320954
1548.2,-321704
1548.3,-322455
1548.4,-323205
1548.5,-323956
1548.6,-324706
1548.7,-325457
1548.8,-326207
1548.9,-326958
1549,-327708
1549.1,-328459
1549.2,-329209
1549.3,-329960
1549.4,-330710
1549.5,-331461
1549.6,-332211
1549.7,-332962
1549.8,-333712
1549.9,-334462
1550,-335213
1550.1,-335963
1550.2,-336714
1550.3,-337464
1550.4,-338215
1550.5,-338965
1550.6,-339716
1550.7,-340466
1550.8,-341216
1550.9,-341967
1551,-342717
1551.1,-343468
1551.2,-344218
1551.3,-344968
1551.4,-345719
1551.5,-346469
1551.6,-347220
1551.7,-347970
1551.8,-348720
1551.9,-349471
1552,-350221
1552.1,-350972
1552.2,-351722
1552.3,-352472
1552.4,-353223
1552.5,-353973
1552.6,-354723
1552.7,-355474
1552.8,-356224
1552.9,-356974
1553,-357725
1553.1,-358475
1553.2,-359225
1553.3,-359976
1553.4,-360726
1553.5,-361476
1553.6,-362227
1553.7,-362977
1553.8,-363727
1553.9,-364478
1554,-365228
1554.1,-365978
1554.2,-366728
1554.3,-367479
1554.4,-368229
1554.5,-368979
1554.6,-369729
1554.7,-370480
1554.8,-371230
1554.9,-371980
1555,-372730
1555.1,-373481
1555.2,-374231
1555.3,-374981
1555.4,-375731
1555.5,-376482
1555.6,-377232
1555.7,-377982
1555.8,-378732
1555.9,-379482
1556,-380233
1556.1,-380983
1556.2,-381733
1556.3,-382483
1556.4,-383233
1556.5,-383983
1556.6,-384734
1556.7,-385484
1556.8,-386234
1556.9,-386984
1557,-387734
1557.1,-388484
1557.2,-389235
1557.3,-389985
1557.4,-390735
1557.5,-391485
1557.6,-392235
1557.7,-392985
1557.8,-393735
1557.9,-394485
1558,-395235
1558.1,-395986
1558.2,-396736
1558.3,-397486
1558.4,-398236
1558.5,-398986
1558.6,-399736
1558.7,-400486
1558.8,-401236
1558.9,-401986
1559,-402736
1559.1,-403486
1559.2,-404236
1559.3,-404986
1559.4,-405736
1559.5,-406486
1559.6,-407236
1559.7,-407986
1559.8,-408736
1559.9,-409486
1560,-410236
1560.1,-410986
1560.2,-411736
1560.3,-412486
1560.4,-413236
1560.5,-413986
1560.6,-414736
1560.7,-415486
1560.8,-416236
1560.9,-416986
1561,-417736
1561.1,-418486
1561.2,-419236
1561.3,-419986
1561.4,-420736
1561.5,-421486
1561.6,-422236
1561.7,-422986
1561.8,-423736
1561.9,-424485
1562,-425235
1562.1,-425985
1562.2,-426735
1562.3,-427485
1562.4,-428235
1562.5,-428985
1562.6,-429735
1562.7,-430484
1562.8,-431234
1562.9,-431984
1563,-432734
1563.1,-433484
1563.2,-434234
1563.3,-434983
1563.4,-435733
1563.5,-436483
1563.6,-437233
1563.7,-437983
1563.8,-438733
1563.9,-439482
1564,-440232
1564.1,-440982
1564.2,-441732
1564.3,-442481
1564.4,-443231
1564.5,-443981
1564.6,-444731
1564.7,-445480
1564.8,-446230
1564.9,-446980
1565,-447730
1565.1,-448479
1565.2,-449229
1565.3,-449979
1565.4,-450729
1565.5,-451478
1565.6,-452228
1565.7,-452978
1565.8,-453727
1565.9,-454477
1566,-455227
1566.1,-455976
1566.2,-456726
1566.3,-457476
1566.4,-458225
1566.5,-458975
1566.6,-459725
1566.7,-460474
1566.8,-461224
1566.9,-461974
1567,-462723
1567.1,-463473
1567.2,-464222
1567.3,-464972
1567.4,-465722
1567.5,-466471
1567.6,-467221
1567.7,-467970
1567.8,-468720
1567.9,-469470
1568,-470219
1568.1,-470969
1568.2,-471718
1568.3,-472468
1568.4,-473217
1568.5,-473967
1568.6,-474716
1568.7,-475466
1568.8,-476215
1568.9,-476965
1569,-477714
1569.1,-478464
1569.2,-479213
1569.3,-479963
1569.4,-480712
1569.5,-481462
1569.6,-482211
1569.7,-482961
1569.8,-483710
1569.9,-484460
1570,-485209
1570.1,-485959
1570.2,-486708
1570.3,-487458
1570.4,-488207
1570.5,-488956
1570.6,-489706
1570.7,-490455
1570.8,-491205
1570.9,-491954
1571,-492703
1571.1,-493453
1571.2,-494202
1571.3,-494952
1571.4,-495701
1571.5,-496450
1571.6,-497200
1571.7,-497949
1571.8,-498698
1571.9,-499448
1572,-500197
1572.1,-500946
1572.2,-501696
1572.3,-502445
1572.4,-503194
1572.5,-503943
1572.6,-504693
1572.7,-505442
1572.8,-506191
1572.9,-506941
1573,-507690
1573.1,-508439
1573.2,-509188
1573.3,-509938
1573.4,-510687
1573.5,-511436
1573.6,-512185
1573.7,-512934
1573.8,-513684
1573.9,-514433
1574,-515182
1574.1,-515931
1574.2,-516680
1574.3,-517430
1574.4,-518179
1574.5,-518928
1574.6,-519677
1574.7,-520426
1574.8,-521175
1574.9,-521925
1575,-522674
1575.1,-523423
1575.2,-524172
1575.3,-524921
1575.4,-525670
1575.5,-526419
1575.6,-527168
1575.7,-527918
1575.8,-528667
1575.9,-529416
1576,-530165
1576.1,-530914
1576.2,-531663
1576.3,-532412
1576.4,-533161
1576.5,-533910
1576.6,-534659
1576.7,-535408
1576.8,-536157
1576.9,-536906
1577,-537655
1577.1,-538404
1577.2,-539153
1577.3,-539902
1577.4,-540651
1577.5,-541400
1577.6,-542149
1577.7,-542898
1577.8,-543647
1577.9,-544396
1578,-545145
1578.1,-545894
1578.2,-546643
1578.3,-547392
1578.4,-548141
1578.5,-548890
1578.6,-549638
1578.7,-550387
1578.8,-551136
1578.9,-551885
1579,-552634
1579.1,-553383
1579.2,-554132
1579.3,-554880
1579.4,-555629
1579.5,-556378
1579.6,-557127
1579.7,-557876
1579.8,-558625
1579.9,-559373
1580,-560122
1580.1,-560871
1580.2,-561620
1580.3,-562369
1580.4,-563117
1580.5,-563866
1580.6,-564615
1580.7,-565364
1580.8,-566112
1580.9,-566861
1581,-567610
1581.1,-568359
1581.2,-569107
1581.3,-569856
1581.4,-570605
1581.5,-571354
1581.6,-572102
1581.7,-572851
1581.8,-573600
1581.9,-574348
1582,-575097
1582.1,-575846
1582.2,-576594
1582.3,-577343
1582.4,-578092
1582.5,-578840
1582.6,-579589
1582.7,-580337
1582.8,-581086
1582.9,-581835
1583,-582583
1583.1,-583332
1583.2,-584080
1583.3,-584829
1583.4,-585577
1583.5,-586326
1583.6,-587075
1583.7,-587823
1583.8,-588572
1583.9,-589320
1584,-590069
1584.1,-590817
1584.2,-591566
1584.3,-592314
1584.4,-593063
1584.5,-593811
1584.6,-594560
1584.7,-595308
1584.8,-596057
1584.9,-596805
1585,-597554
1585.1,-598302
1585.2,-599050
1585.3,-599799
1585.4,-600547
1585.5,-601296
1585.6,-602044
1585.7,-602792
1585.8,-603541
1585.9,-604289
1586,-605038
1586.1,-605786
1586.2,-606534
1586.3,-607283
1586.4,-608031
1586.5,-608779
1586.6,-609528
1586.7,-610276
1586.8,-611024
1586.9,-611773
1587,-612521
1587.1,-613269
1587.2,-614018
1587.3,-614766
1587.4,-615514
1587.5,-616262
1587.6,-617011
1587.7,-617759
1587.8,-618507
1587.9,-619255
1588,-620004
1588.1,-620752
1588.2,-621500
1588.3,-622248
1588.4,-622996
1588.5,-623744
1588.6,-624493
1588.7,-625241
1588.8,-625989
1588.9,-626737
1589,-627485
1589.1,-628233
1589.2,-628982
1589.3,-629730
1589.4,-630478
1589.5,-631226
1589.6,-631974
1589.7,-632722
1589.8,-633470
1589.9,-634218
1590,-634966
1590.1,-635714
1590.2,-636462
1590.3,-637210
1590.4,-637959
1590.5,-638707
1590.6,-639455
1590.7,-640203
1590.8,-640951
1590.9,-641699
1591,-642447
1591.1,-643195
1591.2,-643943
1591.3,-644690
1591.4,-645438
1591.5,-646186
1591.6,-646934
1591.7,-647682
1591.8,-648430
1591.9,-649178
1592,-649926
1592.1,-650674
1592.2,-651422
1592.3,-652170
1592.4,-652918
1592.5,-653665
1592.6,-654413
1592.7,-655161
1592.8,-655909
1592.9,-656657
1593,-657405
1593.1,-658152
1593.2,-658900
1593.3,-659648
1593.4,-660396
1593.5,-661144
1593.6,-661892
1593.7,-662639
1593.8,-663387
1593.9,-664135
1594,-664883
1594.1,-665630
1594.2,-666378
1594.3,-667126
1594.4,-667874
1594.5,-668621
1594.6,-669369
1594.7,-670117
1594.8,-670864
1594.9,-671612
1595,-672360
1595.1,-673107
1595.2,-673855
1595.3,-674603
1595.4,-675350
1595.5,-676098
1595.6,-676845
1595.7,-677593
1595.8,-678341
1595.9,-679088
1596,-679836
1596.1,-680583
1596.2,-681331
1596.3,-682078
1596.4,-682826
1596.5,-683574
1596.6,-684321
1596.7,-685069
1596.8,-685816
1596.9,-686564
1597,-687311
1597.1,-688059
1597.2,-688806
1597.3,-689554
1597.4,-690301
1597.5,-691049
1597.6,-691796
1597.7,-692543
1597.8,-693291
1597.9,-694038
1598,-694786
1598.1,-695533
1598.2,-696281
1598.3,-697028
1598.4,-697775
1598.5,-698523
1598.6,-699270
1598.7,-700017
1598.8,-700765
1598.9,-701512
1599,-702259
1599.1,-703007
1599.2,-703754
1599.3,-704501
1599.4,-705249
1599.5,-705996
1599.6,-706743
1599.7,-707490
1599.8,-708238
1599.9,-708985
1600,-709732
1600.1,-710480
1600.2,-711227
1600.3,-711974
1600.4,-712721
1600.5,-713468
1600.6,-714216
1600.7,-714963
1600.8,-715710
1600.9,-716457
1601,-717204
1601.1,-717951
1601.2,-718698
1601.3,-719446
1601.4,-720193
1601.5,-720940
1601.6,-721687
1601.7,-722434
1601.8,-723181
1601.9,-723928
1602,-724675
1602.1,-725422
1602.2,-726169
1602.3,-726916
1602.4,-727663
1602.5,-728410
1602.6,-729157
1602.7,-729904
1602.8,-730651
1602.9,-731398
1603,-732145
1603.1,-732892
1603.2,-733639
1603.3,-734386
1603.4,-735133
1603.5,-735880
1603.6,-736627
1603.7,-737374
1603.8,-738121
1603.9,-738868
1604,-739615
1604.1,-740362
1604.2,-741108
1604.3,-741855
1604.4,-742602
1604.5,-743349
1604.6,-744096
1604.7,-744843
1604.8,-745589
1604.9,-746336
1605,-747083
1605.1,-747830
1605.2,-748577
1605.3,-749323
1605.4,-750070
1605.5,-750817
1605.6,-751564
1605.7,-752310
1605.8,-753057
1605.9,-753804
1606,-754550
1606.1,-755297
1606.2,-756044
1606.3,-756790
1606.4,-757537
1606.5,-758284
1606.6,-759030
1606.7,-759777
1606.8,-760524
1606.9,-761270
1607,-762017
1607.1,-762764
1607.2,-763510
1607.3,-764257
1607.4,-765003
1607.5,-765750
1607.6,-766496
1607.7,-767243
1607.8,-767990
1607.9,-768736
1608,-769483
1608.1,-770229
1608.2,-770976
1608.3,-771722
1608.4,-772469
1608.5,-773215
1608.6,-773962
1608.7,-774708
1608.8,-775454
1608.9,-776201
1609,-776947
1609.1,-777694
1609.2,-778440
1609.3,-779186
1609.4,-779933
1609.5,-780679
1609.6,-781426
1609.7,-782172
1609.8,-782918
1609.9,-783665
1610,-784411
1610.1,-785157
1610.2,-785904
1610.3,-786650
1610.4,-787396
1610.5,-788142
1610.6,-788889
1610.7,-789635
1610.8,-790381
1610.9,-791127
1611,-791874
1611.1,-792620
1611.2,-793366
1611.3,-794112
1611.4,-794858
1611.5,-795605
1611.6,-796351
1611.7,-797097
1611.8,-797843
1611.9,-798589
1612,-799335
1612.1,-800082
1612.2,-800828
1612.3,-801574
1612.4,-802320
1612.5,-803066
1612.6,-803812
1612.7,-804558
1612.8,-805304
1612.9,-806050
1613,-806796
1613.1,-807542
1613.2,-808288
1613.3,-809034
1613.4,-809780
1613.5,-810526
1613.6,-811272
1613.7,-812018
1613.8,-812764
1613.9,-813510
1614,-814256
1614.1,-815002
1614.2,-815748
1614.3,-816494
1614.4,-817240
1614.5,-817986
1614.6,-818731
1614.7,-819477
1614.8,-820223
1614.9,-820969
1615,-821715
1615.1,-822461
1615.2,-823206
1615.3,-823952
1615.4,-824698
1615.5,-825444
1615.6,-826190
1615.7,-826935
1615.8,-827681
1615.9,-828427
1616,-829173
1616.1,-829918
1616.2,-830664
1616.3,-831410
1616.4,-832155
1616.5,-832901
1616.6,-833647
1616.7,-834392
1616.8,-835138
1616.9,-835884
1617,-836629
1617.1,-837375
1617.2,-838121
1617.3,-838866
1617.4,-839612
1617.5,-840357
1617.6,-841103
1617.7,-841848
1617.8,-842594
1617.9,-843340
1618,-844085
1618.1,-844831
1618.2,-845576
1618.3,-846322
1618.4,-847067
1618.5,-847813
1618.6,-848558
1618.7,-849304
1618.8,-850049
1618.9,-850794
1619,-851540
1619.1,-852285
1619.2,-853031
1619.3,-853776
1619.4,-854521
1619.5,-855267
1619.6,-856012
1619.7,-856758
1619.8,-857503
1619.9,-858248
1620,-858993
1620.1,-859739
1620.2,-860484
1620.3,-861229
1620.4,-861975
1620.5,-862720
1620.6,-863465
1620.7,-864210
1620.8,-864956
1620.9,-865701
1621,-866446
1621.1,-867191
1621.2,-867936
1621.3,-868682
1621.4,-869427
1621.5,-870172
1621.6,-870917
1621.7,-871662
1621.8,-872407
1621.9,-873152
1622,-873898
1622.1,-874643
1622.2,-875388
1622.3,-876133
1622.4,-876878
1622.5,-877623
1622.6,-878368
1622.7,-879113
1622.8,-879858
1622.9,-880603
1623,-881348
1623.1,-882093
1623.2,-882838
1623.3,-883583
1623.4,-884328
1623.5,-885073
1623.6,-885818
1623.7,-886563
1623.8,-887308
1623.9,-888053
1624,-888797
1624.1,-889542
1624.2,-890287
1624.3,-891032
1624.4,-891777
1624.5,-892522
1624.6,-893267
1624.7,-894011
1624.8,-894756
1624.9,-895501
1625,-896246
1625.1,-896990
1625.2,-897735
1625.3,-898480
1625.4,-899225
1625.5,-899970
1625.6,-900714
1625.7,-901459
1625.8,-902204
1625.9,-902948
1626,-903693
1626.1,-904438
1626.2,-905182
1626.3,-905927
1626.4,-906672
1626.5,-907416
1626.6,-908161
1626.7,-908905
1626.8,-909650
1626.9,-910394
1627,-911139
1627.1,-911884
1627.2,-912628
1627.3,-913373
1627.4,-914117
1627.5,-914862
1627.6,-915606
1627.7,-916351
1627.8,-917095
1627.9,-917840
1628,-918584
1628.1,-919328
1628.2,-920073
1628.3,-920817
1628.4,-921562
1628.5,-922306
1628.6,-923050
1628.7,-923795
1628.8,-924539
1628.9,-925284
1629,-926028
1629.1,-926772
1629.2,-927516
1629.3,-928261
1629.4,-929005
1629.5,-929749
1629.6,-930494
1629.7,-931238
1629.8,-931982
1629.9,-932726
1630,-933471
1630.1,-934215
1630.2,-934959
1630.3,-935703
1630.4,-936447
1630.5,-937192
1630.6,-937936
1630.7,-938680
1630.8,-939424
1630.9,-940168
1631,-940912
1631.1,-941656
1631.2,-942400
1631.3,-943144
1631.4,-943888
1631.5,-944633
1631.6,-945377
1631.7,-946121
1631.8,-946865
1631.9,-947609
1632,-948353
1632.1,-949097
1632.2,-949841
1632.3,-950584
1632.4,-951328
1632.5,-952072
1632.6,-952816
1632.7,-953560
1632.8,-954304
1632.9,-955048
1633,-955792
1633.1,-956536
1633.2,-957280
1633.3,-958023
1633.4,-958767
1633.5,-959511
1633.6,-960255
1633.7,-960999
1633.8,-961742
1633.9,-962486
1634,-963230
1634.1,-963974
1634.2,-964717
1634.3,-965461
1634.4,-966205
1634.5,-966949
1634.6,-967692
1634.7,-968436
1634.8,-969180
1634.9,-969923
1635,-970667
1635.1,-971410
1635.2,-972154
1635.3,-972898
1635.4,-973641
1635.5,-974385
1635.6,-975128
1635.7,-975872
1635.8,-976616
1635.9,-977359
1636,-978103
1636.1,-978846
1636.2,-979590
1636.3,-980333
1636.4,-981077
1636.5,-981820
1636.6,-982563
1636.7,-983307
1636.8,-984050
1636.9,-984794
1637,-985537
1637.1,-986280
1637.2,-987024
1637.3,-987767
1637.4,-988511
1637.5,-989254
1637.6,-989997
1637.7,-990741
1637.8,-991484
1637.9,-992227
1638,-992970
1638.1,-993714
1638.2,-994457
1638.3,-995200
1638.4,-995943
1638.5,-996687
1638.6,-997430
1638.7,-998173
1638.8,-998916
1638.9,-999659
1639,-1.0004e+06
1639.1,-1.00115e+06
1639.2,-1.00189e+06
1639.3,-1.00263e+06
1639.4,-1.00338e+06
1639.5,-1.00412e+06
1639.6,-1.00486e+06
1639.7,-1.0056e+06
1639.8,-1.00635e+06
1639.9,-1.00709e+06
1640,-1.00783e+06
1640.1,-1.00858e+06
1640.2,-1.00932e+06
1640.3,-1.01006e+06
1640.4,-1.01081e+06
1640.5,-1.01155e+06
1640.6,-1.01229e+06
1640.7,-1.01303e+06
1640.8,-1.01378e+06
1640.9,-1.01452e+06
1641,-1.01526e+06
1641.1,-1.01601e+06
1641.2,-1.01675e+06
1641.3,-1.01749e+06
1641.4,-1.01823e+06
1641.5,-1.01898e+06
1641.6,-1.01972e+06
1641.7,-1.02046e+06
1641.8,-1.02121e+06
1641.9,-1.02195e+06
1642,-1.02269e+06
1642.1,-1.02343e+06
1642.2,-1.02418e+06
1642.3,-1.02492e+06
1642.4,-1.02566e+06
1642.5,-1.02641e+06
1642.6,-1.02715e+06
1642.7,-1.02789e+06
1642.8,-1.02863e+06
1642.9,-1.02938e+06
1643,-1.03012e+06
1643.1,-1.03086e+06
1643.2,-1.0316e+06
1643.3,-1.03235e+06
1643.4,-1.03309e+06
1643.5,-1.03383e+06
1643.6,-1.03457e+06
1643.7,-1.03532e+06
1643.8,-1.03606e+06
1643.9,-1.0368e+06
1644,-1.03754e+06
1644.1,-1.03829e+06
1644.2,-1.03903e+06
1644.3,-1.03977e+06
1644.4,-1.04051e+06
1644.5,-1.04126e+06
1644.6,-1.042e+06
1644.7,-1.04274e+06
1644.8,-1.04348e+06
1644.9,-1.04423e+06
1645,-1.04497e+06
1645.1,-1.04571e+06
1645.2,-1.04645e+06
1645.3,-1.0472e+06
1645.4,-1.04794e+06
1645.5,-1.04868e+06
1645.6,-1.04942e+06
1645.7,-1.05017e+06
1645.8,-1.05091e+06
1645.9,-1.05165e+06
1646,-1.05239e+06
1646.1,-1.05313e+06
1646.2,-1.05388e+06
1646.3,-1.05462e+06
1646.4,-1.05536e+06
1646.5,-1.0561e+06
1646.6,-1.05685e+06
1646.7,-1.05759e+06
1646.8,-1.05833e+06
1646.9,-1.05907e+06
1647,-1.05981e+06
1647.1,-1.06056e+06
1647.2,-1.0613e+06
1647.3,-1.06204e+06
1647.4,-1.06278e+06
1647.5,-1.06353e+06
1647.6,-1.06427e+06
1647.7,-1.06501e+06
1647.8,-1.06575e+06
1647.9,-1.06649e+06
1648,-1.06724e+06
1648.1,-1.06798e+06
1648.2,-1.06872e+06
1648.3,-1.06946e+06
1648.4,-1.0702e+06
1648.5,-1.07095e+06
1648.6,-1.07169e+06
1648.7,-1.07243e+06
1648.8,-1.07317e+06
1648.9,-1.07391e+06
1649,-1.07465e+06
1649.1,-1.0754e+06
1649.2,-1.07614e+06
1649.3,-1.07688e+06
1649.4,-1.07762e+06
1649.5,-1.07836e+06
1649.6,-1.07911e+06
1649.7,-1.07985e+06
1649.8,-1.08059e+06
1649.9,-1.08133e+06
1650,-1.08207e+06
1650.1,-1.08281e+06
1650.2,-1.08356e+06
1650.3,-1.0843e+06
1650.4,-1.08504e+06
1650.5,-1.08578e+06
1650.6,-1.08652e+06
1650.7,-1.08726e+06
1650.8,-1.08801e+06
1650.9,-1.08875e+06
1651,-1.08949e+06
1651.1,-1.09023e+06
1651.2,-1.09097e+06
1651.3,-1.09171e+06
1651.4,-1.09246e+06
1651.5,-1.0932e+06
1651.6,-1.09394e+06
1651.7,-1.09468e+06
1651.8,-1.09542e+06
1651.9,-1.09616e+06
1652,-1.09691e+06
1652.1,-1.09765e+06
1652.2,-1.09839e+06
1652.3,-1.09913e+06
1652.4,-1.09987e+06
1652.5,-1.10061e+06
1652.6,-1.10135e+06
1652.7,-1.1021e+06
1652.8,-1.10284e+06
1652.9,-1.10358e+06
1653,-1.10432e+06
1653.1,-1.10506e+06
1653.2,-1.1058e+06
1653.3,-1.10654e+06
1653.4,-1.10728e+06
1653.5,-1.10803e+06
1653.6,-1.10877e+06
1653.7,-1.10951e+06
1653.8,-1.11025e+06
1653.9,-1.11099e+06
1654,-1.11173e+06
1654.1,-1.11247e+06
1654.2,-1.11321e+06
1654.3,-1.11396e+06
1654.4,-1.1147e+06
1654.5,-1.11544e+06
1654.6,-1.11618e+06
1654.7,-1.11692e+06
1654.8,-1.11766e+06
1654.9,-1.1184e+06
1655,-1.11914e+06
1655.1,-1.11988e+06
1655.2,-1.12063e+06
1655.3,-1.12137e+06
1655.4,-1.12211e+06
1655.5,-1.12285e+06
1655.6,-1.12359e+06
1655.7,-1.12433e+06
1655.8,-1.12507e+06
1655.9,-1.12581e+06
1656,-1.12655e+06
1656.1,-1.12729e+06
1656.2,-1.12804e+06
1656.3,-1.12878e+06
1656.4,-1.12952e+06
1656.5,-1.13026e+06
1656.6,-1.131e+06
1656.7,-1.13174e+06
1656.8,-1.13248e+06
1656.9,-1.13322e+06
1657,-1.13396e+06
1657.1,-1.1347e+06
1657.2,-1.13544e+06
1657.3,-1.13618e+06
1657.4,-1.13693e+06
1657.5,-1.13767e+06
1657.6,-1.13841e+06
1657.7,-1.13915e+06
1657.8,-1.13989e+06
1657.9,-1.14063e+06
1658,-1.14137e+06
1658.1,-1.14211e+06
1658.2,-1.14285e+06
1658.3,-1.14359e+06
1658.4,-1.14433e+06
1658.5,-1.14507e+06
1658.6,-1.14581e+06
1658.7,-1.14655e+06
1658.8,-1.14729e+06
1658.9,-1.14804e+06
1659,-1.14878e+06
1659.1,-1.14952e+06
1659.2,-1.15026e+06
1659.3,-1.151e+06
1659.4,-1.15174e+06
1659.5,-1.15248e+06
1659.6,-1.15322e+06
1659.7,-1.15396e+06
1659.8,-1.1547e+06
1659.9,-1.15544e+06
1660,-1.15618e+06
1660.1,-1.15692e+06
1660.2,-1.15766e+06
1660.3,-1.1584e+06
1660.4,-1.15914e+06
1660.5,-1.15988e+06
1660.6,-1.16062e+06
1660.7,-1.16136e+06
1660.8,-1.1621e+06
1660.9,-1.16284e+06
1661,-1.16358e+06
1661.1,-1.16432e+06
1661.2,-1.16506e+06
1661.3,-1.1658e+06
1661.4,-1.16654e+06
1661.5,-1.16728e+06
1661.6,-1.16802e+06
1661.7,-1.16876e+06
1661.8,-1.1695e+06
1661.9,-1.17024e+06
1662,-1.17099e+06
1662.1,-1.17173e+06
1662.2,-1.17247e+06
1662.3,-1.17321e+06
1662.4,-1.17395e+06
1662.5,-1.17469e+06
1662.6,-1.17543e+06
1662.7,-1.17617e+06
1662.8,-1.17691e+06
1662.9,-1.17765e+06
1663,-1.17839e+06
1663.1,-1.17913e+06
1663.2,-1.17987e+06
1663.3,-1.18061e+06
1663.4,-1.18134e+06
1663.5,-1.18208e+06
1663.6,-1.18282e+06
1663.7,-1.18356e+06
1663.8,-1.1843e+06
1663.9,-1.18504e+06
1664,-1.18578e+06
1664.1,-1.18652e+06
1664.2,-1.18726e+06
1664.3,-1.188e+06
1664.4,-1.18874e+06
1664.5,-1.18948e+06
1664.6,-1.19022e+06
1664.7,-1.19096e+06
1664.8,-1.1917e+06
1664.9,-1.19244e+06
1665,-1.19318e+06
1665.1,-1.19392e+06
1665.2,-1.19466e+06
1665.3,-1.1954e+06
1665.4,-1.19614e+06
1665.5,-1.19688e+06
1665.6,-1.19762e+06
1665.7,-1.19836e+06
1665.8,-1.1991e+06
1665.9,-1.19984e+06
1666,-1.20058e+06
1666.1,-1.20132e+06
1666.2,-1.20206e+06
1666.3,-1.2028e+06
1666.4,-1.20354e+06
1666.5,-1.20427e+06
1666.6,-1.20501e+06
1666.7,-1.20575e+06
1666.8,-1.20649e+06
1666.9,-1.20723e+06
1667,-1.20797e+06
1667.1,-1.20871e+06
1667.2,-1.20945e+06
1667.3,-1.21019e+06
1667.4,-1.21093e+06
1667.5,-1.21167e+06
1667.6,-1.21241e+06
1667.7,-1.21315e+06
1667.8,-1.21389e+06
1667.9,-1.21463e+06
1668,-1.21536e+06
1668.1,-1.2161e+06
1668.2,-1.21684e+06
1668.3,-1.21758e+06
1668.4,-1.21832e+06
1668.5,-1.21906e+06
1668.6,-1.2198e+06
1668.7,-1.22054e+06
1668.8,-1.22128e+06
1668.9,-1.22202e+06
1669,-1.22276e+06
1669.1,-1.2235e+06
1669.2,-1.22423e+06
1669.3,-1.22497e+06
1669.4,-1.22571e+06
1669.5,-1.22645e+06
1669.6,-1.22719e+06
1669.7,-1.22793e+06
1669.8,-1.22867e+06
1669.9,-1.22941e+06
1670,-1.23015e+06
1670.1,-1.23089e+06
1670.2,-1.23162e+06
1670.3,-1.23236e+06
1670.4,-1.2331e+06
1670.5,-1.23384e+06
1670.6,-1.23458e+06
1670.7,-1.23532e+06
1670.8,-1.23606e+06
1670.9,-1.2368e+06
1671,-1.23753e+06
1671.1,-1.23827e+06
1671.2,-1.23901e+06
1671.3,-1.23975e+06
1671.4,-1.24049e+06
1671.5,-1.24123e+06
1671.6,-1.24197e+06
1671.7,-1.24271e+06
1671.8,-1.24344e+06
1671.9,-1.24418e+06
1672,-1.24492e+06
1672.1,-1.24566e+06
1672.2,-1.2464e+06
1672.3,-1.24714e+06
1672.4,-1.24788e+06
1672.5,-1.24861e+06
1672.6,-1.24935e+06
1672.7,-1.25009e+06
1672.8,-1.25083e+06
1672.9,-1.25157e+06
1673,-1.25231e+06
1673.1,-1.25305e+06
1673.2,-1.25378e+06
1673.3,-1.25452e+06
1673.4,-1.25526e+06
1673.5,-1.256e+06
1673.6,-1.25674e+06
1673.7,-1.25748e+06
1673.8,-1.25821e+06
1673.9,-1.25895e+06
1674,-1.25969e+06
1674.1,-1.26043e+06
1674.2,-1.26117e+06
1674.3,-1.26191e+06
1674.4,-1.26264e+06
1674.5,-1.26338e+06
1674.6,-1.26412e+06
1674.7,-1.26486e+06
1674.8,-1.2656e+06
1674.9,-1.26634e+06
1675,-1.26707e+06
1675.1,-1.26781e+06
1675.2,-1.26855e+06
1675.3,-1.26929e+06
1675.4,-1.27003e+06
1675.5,-1.27076e+06
1675.6,-1.2715e+06
1675.7,-1.27224e+06
1675.8,-1.27298e+06
1675.9,-1.27372e+06
1676,-1.27445e+06
1676.1,-1.27519e+06
1676.2,-1.27593e+06
1676.3,-1.27667e+06
1676.4,-1.27741e+06
1676.5,-1.27814e+06
1676.6,-1.27888e+06
1676.7,-1.27962e+06
1676.8,-1.28036e+06
1676.9,-1.2811e+06
1677,-1.28183e+06
1677.1,-1.28257e+06
1677.2,-1.28331e+06
1677.3,-1.28405e+06
1677.4,-1.28478e+06
1677.5,-1.28552e+06
1677.6,-1.28626e+06
1677.7,-1.287e+06
1677.8,-1.28774e+06
1677.9,-1.28847e+06
1678,-1.28921e+06
1678.1,-1.28995e+06
1678.2,-1.29069e+06
1678.3,-1.29142e+06
1678.4,-1.29216e+06
1678.5,-1.2929e+06
1678.6,-1.29364e+06
1678.7,-1.29437e+06
1678.8,-1.29511e+06
1678.9,-1.29585e+06
1679,-1.29659e+06
1679.1,-1.29732e+06
1679.2,-1.29806e+06
1679.3,-1.2988e+06
1679.4,-1.29954e+06
1679.5,-1.30027e+06
1679.6,-1.30101e+06
1679.7,-1.30175e+06
1679.8,-1.30249e+06
1679.9,-1.30322e+06
1680,-1.30396e+06
1680.1,-1.3047e+06
1680.2,-1.30544e+06
1680.3,-1.30617e+06
1680.4,-1.30691e+06
1680.5,-1.30765e+06
1680.6,-1.30839e+06
1680.7,-1.30912e+06
1680.8,-1.30986e+06
1680.9,-1.3106e+06
1681,-1.31133e+06
1681.1,-1.31207e+06
1681.2,-1.31281e+06
1681.3,-1.31355e+06
1681.4,-1.31428e+06
1681.5,-1.31502e+06
1681.6,-1.31576e+06
1681.7,-1.31649e+06
1681.8,-1.31723e+06
1681.9,-1.31797e+06
1682,-1.31871e+06
1682.1,-1.31944e+06
1682.2,-1.32018e+06
1682.3,-1.32092e+06
1682.4,-1.32165e+06
1682.5,-1.32239e+06
1682.6,-1.32313e+06
1682.7,-1.32387e+06
1682.8,-1.3246e+06
1682.9,-1.32534e+06
1683,-1.32608e+06
1683.1,-1.32681e+06
1683.2,-1.32755e+06
1683.3,-1.32829e+06
1683.4,-1.32902e+06
1683.5,-1.32976e+06
1683.6,-1.3305e+06
1683.7,-1.33123e+06
1683.8,-1.33197e+06
1683.9,-1.33271e+06
1684,-1.33344e+06
1684.1,-1.33418e+06
1684.2,-1.33492e+06
1684.3,-1.33565e+06
1684.4,-1.33639e+06
1684.5,-1.33713e+06
1684.6,-1.33786e+06
1684.7,-1.3386e+06
1684.8,-1.33934e+06
1684.9,-1.34007e+06
1685,-1.34081e+06
1685.1,-1.34155e+06
1685.2,-1.34228e+06
1685.3,-1.34302e+06
1685.4,-1.34376e+06
1685.5,-1.34449e+06
1685.6,-1.34523e+06
1685.7,-1.34597e+06
1685.8,-1.3467e+06
1685.9,-1.34744e+06
1686,-1.34818e+06
1686.1,-1.34891e+06
1686.2,-1.34965e+06
1686.3,-1.35038e+06
1686.4,-1.35112e+06
1686.5,-1.35186e+06
1686.6,-1.35259e+06
1686.7,-1.35333e+06
1686.8,-1.35407e+06
1686.9,-1.3548e+06
1687,-1.35554e+06
1687.1,-1.35628e+06
1687.2,-1.35701e+06
1687.3,-1.35775e+06
1687.4,-1.35848e+06
1687.5,-1.35922e+06
1687.6,-1.35996e+06
1687.7,-1.36069e+06
1687.8,-1.36143e+06
1687.9,-1.36216e+06
1688,-1.3629e+06
1688.1,-1.36364e+06
1688.2,-1.36437e+06
1688.3,-1.36511e+06
1688.4,-1.36584e+06
1688.5,-1.36658e+06
1688.6,-1.36732e+06
1688.7,-1.36805e+06
1688.8,-1.36879e+06
1688.9,-1.36952e+06
1689,-1.37026e+06
1689.1,-1.371e+06
1689.2,-1.37173e+06
1689.3,-1.37247e+06
1689.4,-1.3732e+06
1689.5,-1.37394e+06
1689.6,-1.37468e+06
1689.7,-1.37541e+06
1689.8,-1.37615e+06
1689.9,-1.37688e+06
1690,-1.37762e+06
1690.1,-1.37835e+06
1690.2,-1.37909e+06
1690.3,-1.37983e+06
1690.4,-1.38056e+06
1690.5,-1.3813e+06
1690.6,-1.38203e+06
1690.7,-1.38277e+06
1690.8,-1.3835e+06
1690.9,-1.38424e+06
1691,-1.38498e+06
1691.1,-1.38571e+06
1691.2,-1.38645e+06
1691.3,-1.38718e+06
1691.4,-1.38792e+06
1691.5,-1.38865e+06
1691.6,-1.38939e+06
1691.7,-1.39012e+06
1691.8,-1.39086e+06
1691.9,-1.39159e+06
1692,-1.39233e+06
1692.1,-1.39307e+06
1692.2,-1.3938e+06
1692.3,-1.39454e+06
1692.4,-1.39527e+06
1692.5,-1.39601e+06
1692.6,-1.39674e+06
1692.7,-1.39748e+06
1692.8,-1.39821e+06
1692.9,-1.39895e+06
1693,-1.39968e+06
1693.1,-1.40042e+06
1693.2,-1.40115e+06
1693.3,-1.40189e+06
1693.4,-1.40262e+06
1693.5,-1.40336e+06
1693.6,-1.40409e+06
1693.7,-1.40483e+06
1693.8,-1.40556e+06
1693.9,-1.4063e+06
1694,-1.40703e+06
1694.1,-1.40777e+06
1694.2,-1.4085e+06
1694.3,-1.40924e+06
1694.4,-1.40997e+06
1694.5,-1.41071e+06
1694.6,-1.41144e+06
1694.7,-1.41218e+06
1694.8,-1.41291e+06
1694.9,-1.41365e+06
1695,-1.41438e+06
1695.1,-1.41512e+06
1695.2,-1.41585e+06
1695.3,-1.41659e+06
1695.4,-1.41732e+06
1695.5,-1.41806e+06
1695.6,-1.41879e+06
1695.7,-1.41953e+06
1695.8,-1.42026e+06
1695.9,-1.421e+06
1696,-1.42173e+06
1696.1,-1.42247e+06
1696.2,-1.4232e+06
1696.3,-1.42394e+06
1696.4,-1.42467e+06
1696.5,-1.42541e+06
1696.6,-1.42614e+06
1696.7,-1.42688e+06
1696.8,-1.42761e+06
1696.9,-1.42834e+06
1697,-1.42908e+06
1697.1,-1.42981e+06
1697.2,-1.43055e+06
1697.3,-1.43128e+06
1697.4,-1.43202e+06
1697.5,-1.43275e+06
1697.6,-1.43349e+06
1697.7,-1.43422e+06
1697.8,-1.43495e+06
1697.9,-1.43569e+06
1698,-1.43642e+06
1698.1,-1.43716e+06
1698.2,-1.43789e+06
1698.3,-1.43863e+06
1698.4,-1.43936e+06
1698.5,-1.4401e+06
1698.6,-1.44083e+06
1698.7,-1.44156e+06
1698.8,-1.4423e+06
1698.9,-1.44303e+06
1699,-1.44377e+06
1699.1,-1.4445e+06
1699.2,-1.44523e+06
1699.3,-1.44597e+06
1699.4,-1.4467e+06
1699.5,-1.44744e+06
1699.6,-1.44817e+06
1699.7,-1.44891e+06
1699.8,-1.44964e+06
1699.9,-1.45037e+06
1700,-1.45111e+06
1700.1,-1.45184e+06
1700.2,-1.45258e+06
1700.3,-1.45331e+06
1700.4,-1.45404e+06
1700.5,-1.45478e+06
1700.6,-1.45551e+06
1700.7,-1.45625e+06
1700.8,-1.45698e+06
1700.9,-1.45771e+06
1701,-1.45845e+06
1701.1,-1.45918e+06
1701.2,-1.45991e+06
1701.3,-1.46065e+06
1701.4,-1.46138e+06
1701.5,-1.46212e+06
1701.6,-1.46285e+06
1701.7,-1.46358e+06
1701.8,-1.46432e+06
1701.9,-1.46505e+06
1702,-1.46578e+06
1702.1,-1.46652e+06
1702.2,-1.46725e+06
1702.3,-1.46799e+06
1702.4,-1.46872e+06
1702.5,-1.46945e+06
1702.6,-1.47019e+06
1702.7,-1.47092e+06
1702.8,-1.47165e+06
1702.9,-1.47239e+06
1703,-1.47312e+06
1703.1,-1.47385e+06
1703.2,-1.47459e+06
1703.3,-1.47532e+06
1703.4,-1.47605e+06
1703.5,-1.47679e+06
1703.6,-1.47752e+06
1703.7,-1.47825e+06
1703.8,-1.47899e+06
1703.9,-1.47972e+06
1704,-1.48045e+06
1704.1,-1.48119e+06
1704.2,-1.48192e+06
1704.3,-1.48265e+06
1704.4,-1.48339e+06
1704.5,-1.48412e+06
1704.6,-1.48485e+06
1704.7,-1.48559e+06
1704.8,-1.48632e+06
1704.9,-1.48705e+06
1705,-1.48779e+06
1705.1,-1.48852e+06
1705.2,-1.48925e+06
1705.3,-1.48999e+06
1705.4,-1.49072e+06
1705.5,-1.49145e+06
1705.6,-1.49218e+06
1705.7,-1.49292e+06
1705.8,-1.49365e+06
1705.9,-1.49438e+06
1706,-1.49512e+06
1706.1,-1.49585e+06
1706.2,-1.49658e+06
1706.3,-1.49732e+06
1706.4,-1.49805e+06
1706.5,-1.49878e+06
1706.6,-1.49951e+06
1706.7,-1.50025e+06
1706.8,-1.50098e+06
1706.9,-1.50171e+06
1707,-1.50245e+06
1707.1,-1.50318e+06
1707.2,-1.50391e+06
1707.3,-1.50464e+06
1707.4,-1.50538e+06
1707.5,-1.50611e+06
1707.6,-1.50684e+06
1707.7,-1.50757e+06
1707.8,-1.50831e+06
1707.9,-1.50904e+06
1708,-1.50977e+06
1708.1,-1.5105e+06
1708.2,-1.51124e+06
1708.3,-1.51197e+06
1708.4,-1.5127e+06
1708.5,-1.51343e+06
1708.6,-1.51417e+06
1708.7,-1.5149e+06
1708.8,-1.51563e+06
1708.9,-1.51636e+06
1709,-1.5171e+06
1709.1,-1.51783e+06
1709.2,-1.51856e+06
1709.3,-1.51929e+06
1709.4,-1.52003e+06
1709.5,-1.52076e+06
1709.6,-1.52149e+06
1709.7,-1.52222e+06
1709.8,-1.52296e+06
1709.9,-1.52369e+06
1710,-1.52442e+06
1710.1,-1.52515e+06
1710.2,-1.52588e+06
1710.3,-1.52662e+06
1710.4,-1.52735e+06
1710.5,-1.52808e+06
1710.6,-1.52881e+06
1710.7,-1.52955e+06
1710.8,-1.53028e+06
1710.9,-1.53101e+06
1711,-1.53174e+06
1711.1,-1.53247e+06
1711.2,-1.53321e+06
1711.3,-1.53394e+06
1711.4,-1.53467e+06
1711.5,-1.5354e+06
1711.6,-1.53613e+06
1711.7,-1.53687e+06
1711.8,-1.5376e+06
1711.9,-1.53833e+06
1712,-1.53906e+06
1712.1,-1.53979e+06
1712.2,-1.54052e+06
1712.3,-1.54126e+06
1712.4,-1.54199e+06
1712.5,-1.54272e+06
1712.6,-1.54345e+06
1712.7,-1.54418e+06
1712.8,-1.54491e+06
1712.9,-1.54565e+06
1713,-1.54638e+06
1713.1,-1.54711e+06
1713.2,-1.54784e+06
1713.3,-1.54857e+06
1713.4,-1.5493e+06
1713.5,-1.55004e+06
1713.6,-1.55077e+06
1713.7,-1.5515e+06
1713.8,-1.55223e+06
1713.9,-1.55296e+06
1714,-1.55369e+06
1714.1,-1.55443e+06
1714.2,-1.55516e+06
1714.3,-1.55589e+06
1714.4,-1.55662e+06
1714.5,-1.55735e+06
1714.6,-1.55808e+06
1714.7,-1.55881e+06
1714.8,-1.55954e+06
1714.9,-1.56028e+06
1715,-1.56101e+06
1715.1,-1.56174e+06
1715.2,-1.56247e+06
1715.3,-1.5632e+06
1715.4,-1.56393e+06
1715.5,-1.56466e+06
1715.6,-1.56539e+06
1715.7,-1.56613e+06
1715.8,-1.56686e+06
1715.9,-1.56759e+06
1716,-1.56832e+06
1716.1,-1.56905e+06
1716.2,-1.56978e+06
1716.3,-1.57051e+06
1716.4,-1.57124e+06
1716.5,-1.57197e+06
1716.6,-1.57271e+06
1716.7,-1.57344e+06
1716.8,-1.57417e+06
1716.9,-1.5749e+06
1717,-1.57563e+06
1717.1,-1.57636e+06
1717.2,-1.57709e+06
1717.3,-1.57782e+06
1717.4,-1.57855e+06
1717.5,-1.57928e+06
1717.6,-1.58001e+06
1717.7,-1.58074e+06
1717.8,-1.58148e+06
1717.9,-1.58221e+06
1718,-1.58294e+06
1718.1,-1.58367e+06
1718.2,-1.5844e+06
1718.3,-1.58513e+06
1718.4,-1.58586e+06
1718.5,-1.58659e+06
1718.6,-1.58732e+06
1718.7,-1.58805e+06
1718.8,-1.58878e+06
1718.9,-1.58951e+06
1719,-1.59024e+06
1719.1,-1.59097e+06
1719.2,-1.5917e+06
1719.3,-1.59243e+06
1719.4,-1.59317e+06
1719.5,-1.5939e+06
1719.6,-1.59463e+06
1719.7,-1.59536e+06
1719.8,-1.59609e+06
1719.9,-1.59682e+06
1720,-1.59755e+06
1720.1,-1.59828e+06
1720.2,-1.59901e+06
1720.3,-1.59974e+06
1720.4,-1.60047e+06
1720.5,-1.6012e+06
1720.6,-1.60193e+06
1720.7,-1.60266e+06
1720.8,-1.60339e+06
1720.9,-1.60412e+06
1721,-1.60485e+06
1721.1,-1.60558e+06
1721.2,-1.60631e+06
1721.3,-1.60704e+06
1721.4,-1.60777e+06
1721.5,-1.6085e+06
1721.6,-1.60923e+06
1721.7,-1.60996e+06
1721.8,-1.61069e+06
1721.9,-1.61142e+06
1722,-1.61215e+06
1722.1,-1.61288e+06
1722.2,-1.61361e+06
1722.3,-1.61434e+06
1722.4,-1.61507e+06
1722.5,-1.6158e+06
1722.6,-1.61653e+06
1722.7,-1.61726e+06
1722.8,-1.61799e+06
1722.9,-1.61872e+06
1723,-1.61945e+06
1723.1,-1.62018e+06
1723.2,-1.62091e+06
1723.3,-1.62164e+06
1723.4,-1.62237e+06
1723.5,-1.6231e+06
1723.6,-1.62383e+06
1723.7,-1.62456e+06
1723.8,-1.62529e+06
1723.9,-1.62601e+06
1724,-1.62674e+06
1724.1,-1.62747e+06
1724.2,-1.6282e+06
1724.3,-1.62893e+06
1724.4,-1.62966e+06
1724.5,-1.63039e+06
1724.6,-1.63112e+06
1724.7,-1.63185e+06
1724.8,-1.63258e+06
1724.9,-1.63331e+06
1725,-1.63404e+06
1725.1,-1.63477e+06
1725.2,-1.6355e+06
1725.3,-1.63623e+06
1725.4,-1.63696e+06
1725.5,-1.63768e+06
1725.6,-1.63841e+06
1725.7,-1.63914e+06
1725.8,-1.63987e+06
1725.9,-1.6406e+06
1726,-1.64133e+06
1726.1,-1.64206e+06
1726.2,-1.64279e+06
1726.3,-1.64352e+06
1726.4,-1.64425e+06
1726.5,-1.64498e+06
1726.6,-1.64571e+06
1726.7,-1.64643e+06
1726.8,-1.64716e+06
1726.9,-1.64789e+06
1727,-1.64862e+06
1727.1,-1.64935e+06
1727.2,-1.65008e+06
1727.3,-1.65081e+06
1727.4,-1.65154e+06
1727.5,-1.65227e+06
1727.6,-1.65299e+06
1727.7,-1.65372e+06
1727.8,-1.65445e+06
1727.9,-1.65518e+06
1728,-1.65591e+06
1728.1,-1.65664e+06
1728.2,-1.65737e+06
1728.3,-1.6581e+06
1728.4,-1.65882e+06
1728.5,-1.65955e+06
1728.6,-1.66028e+06
1728.7,-1.66101e+06
1728.8,-1.66174e+06
1728.9,-1.66247e+06
1729,-1.6632e+06
1729.1,-1.66392e+06
1729.2,-1.66465e+06
1729.3,-1.66538e+06
1729.4,-1.66611e+06
1729.5,-1.66684e+06
1729.6,-1.66757e+06
1729.7,-1.6683e+06
1729.8,-1.66902e+06
1729.9,-1.66975e+06
1730,-1.67048e+06
1730.1,-1.67121e+06
1730.2,-1.67194e+06
1730.3,-1.67267e+06
1730.4,-1.67339e+06
1730.5,-1.67412e+06
1730.6,-1.67485e+06
1730.7,-1.67558e+06
1730.8,-1.67631e+06
1730.9,-1.67703e+06
1731,-1.67776e+06
1731.1,-1.67849e+06
1731.2,-1.67922e+06
1731.3,-1.67995e+06
1731.4,-1.68068e+06
1731.5,-1.6814e+06
1731.6,-1.68213e+06
1731.7,-1.68286e+06
1731.8,-1.68359e+06
1731.9,-1.68432e+06
1732,-1.68504e+06
1732.1,-1.68577e+06
1732.2,-1.6865e+06
1732.3,-1.68723e+06
1732.4,-1.68795e+06
1732.5,-1.68868e+06
1732.6,-1.68941e+06
1732.7,-1.69014e+06
1732.8,-1.69087e+06
1732.9,-1.69159e+06
1733,-1.69232e+06
1733.1,-1.69305e+06
1733.2,-1.69378e+06
1733.3,-1.6945e+06
1733.4,-1.69523e+06
1733.5,-1.69596e+06
1733.6,-1.69669e+06
1733.7,-1.69741e+06
1733.8,-1.69814e+06
1733.9,-1.69887e+06
1734,-1.6996e+06
1734.1,-1.70032e+06
1734.2,-1.70105e+06
1734.3,-1.70178e+06
1734.4,-1.70251e+06
1734.5,-1.70323e+06
1734.6,-1.70396e+06
1734.7,-1.70469e+06
1734.8,-1.70542e+06
1734.9,-1.70614e+06
1735,-1.70687e+06
1735.1,-1.7076e+06
1735.2,-1.70833e+06
1735.3,-1.70905e+06
1735.4,-1.70978e+06
1735.5,-1.71051e+06
1735.6,-1.71124e+06
1735.7,-1.71196e+06
1735.8,-1.71269e+06
1735.9,-1.71342e+06
1736,-1.71414e+06
1736.1,-1.71487e+06
1736.2,-1.7156e+06
1736.3,-1.71632e+06
1736.4,-1.71705e+06
1736.5,-1.71778e+06
1736.6,-1.71851e+06
1736.7,-1.71923e+06
1736.8,-1.71996e+06
1736.9,-1.72069e+06
1737,-1.72141e+06
1737.1,-1.72214e+06
1737.2,-1.72287e+06
1737.3,-1.72359e+06
1737.4,-1.72432e+06
1737.5,-1.72505e+06
1737.6,-1.72577e+06
1737.7,-1.7265e+06
1737.8,-1.72723e+06
1737.9,-1.72795e+06
1738,-1.72868e+06
1738.1,-1.72941e+06
1738.2,-1.73013e+06
1738.3,-1.73086e+06
1738.4,-1.73159e+06
1738.5,-1.73231e+06
1738.6,-1.73304e+06
1738.7,-1.73377e+06
1738.8,-1.73449e+06
1738.9,-1.73522e+06
1739,-1.73595e+06
1739.1,-1.73667e+06
1739.2,-1.7374e+06
1739.3,-1.73813e+06
1739.4,-1.73885e+06
1739.5,-1.73958e+06
1739.6,-1.74031e+06
1739.7,-1.74103e+06
1739.8,-1.74176e+06
1739.9,-1.74248e+06
1740,-1.74321e+06
1740.1,-1.74394e+06
1740.2,-1.74466e+06
1740.3,-1.74539e+06
1740.4,-1.74612e+06
1740.5,-1.74684e+06
1740.6,-1.74757e+06
1740.7,-1.74829e+06
1740.8,-1.74902e+06
1740.9,-1.74975e+06
1741,-1.75047e+06
1741.1,-1.7512e+06
1741.2,-1.75192e+06
1741.3,-1.75265e+06
1741.4,-1.75338e+06
1741.5,-1.7541e+06
1741.6,-1.75483e+06
1741.7,-1.75555e+06
1741.8,-1.75628e+06
1741.9,-1.75701e+06
1742,-1.75773e+06
1742.1,-1.75846e+06
1742.2,-1.75918e+06
1742.3,-1.75991e+06
1742.4,-1.76064e+06
1742.5,-1.76136e+06
1742.6,-1.76209e+06
1742.7,-1.76281e+06
1742.8,-1.76354e+06
1742.9,-1.76426e+06
1743,-1.76499e+06
1743.1,-1.76571e+06
1743.2,-1.76644e+06
1743.3,-1.76717e+06
1743.4,-1.76789e+06
1743.5,-1.76862e+06
1743.6,-1.76934e+06
1743.7,-1.77007e+06
1743.8,-1.77079e+06
1743.9,-1.77152e+06
1744,-1.77224e+06
1744.1,-1.77297e+06
1744.2,-1.7737e+06
1744.3,-1.77442e+06
1744.4,-1.77515e+06
1744.5,-1.77587e+06
1744.6,-1.7766e+06
1744.7,-1.77732e+06
1744.8,-1.77805e+06
1744.9,-1.77877e+06
1745,-1.7795e+06
1745.1,-1.78022e+06
1745.2,-1.78095e+06
1745.3,-1.78167e+06
1745.4,-1.7824e+06
1745.5,-1.78312e+06
1745.6,-1.78385e+06
1745.7,-1.78457e+06
1745.8,-1.7853e+06
1745.9,-1.78602e+06
1746,-1.78675e+06
1746.1,-1.78747e+06
1746.2,-1.7882e+06
1746.3,-1.78892e+06
1746.4,-1.78965e+06
1746.5,-1.79037e+06
1746.6,-1.7911e+06
1746.7,-1.79182e+06
1746.8,-1.79255e+06
1746.9,-1.79327e+06
1747,-1.794e+06
1747.1,-1.79472e+06
1747.2,-1.79545e+06
1747.3,-1.79617e+06
1747.4,-1.7969e+06
1747.5,-1.79762e+06
1747.6,-1.79834e+06
1747.7,-1.79907e+06
1747.8,-1.79979e+06
1747.9,-1.80052e+06
1748,-1.80124e+06
1748.1,-1.80197e+06
1748.2,-1.80269e+06
1748.3,-1.80342e+06
1748.4,-1.80414e+06
1748.5,-1.80487e+06
1748.6,-1.80559e+06
1748.7,-1.80631e+06
1748.8,-1.80704e+06
1748.9,-1.80776e+06
1749,-1.80849e+06
1749.1,-1.80921e+06
1749.2,-1.80994e+06
1749.3,-1.81066e+06
1749.4,-1.81138e+06
1749.5,-1.81211e+06
1749.6,-1.81283e+06
1749.7,-1.81356e+06
1749.8,-1.81428e+06
1749.9,-1.81501e+06
1750,-1.81573e+06
1750.1,-1.81645e+06
1750.2,-1.81718e+06
1750.3,-1.8179e+06
1750.4,-1.81863e+06
1750.5,-1.81935e+06
1750.6,-1.82007e+06
1750.7,-1.8208e+06
1750.8,-1.82152e+06
1750.9,-1.82225e+06
1751,-1.82297e+06
1751.1,-1.82369e+06
1751.2,-1.82442e+06
1751.3,-1.82514e+06
1751.4,-1.82586e+06
1751.5,-1.82659e+06
1751.6,-1.82731e+06
1751.7,-1.82804e+06
1751.8,-1.82876e+06
1751.9,-1.82948e+06
1752,-1.83021e+06
1752.1,-1.83093e+06
1752.2,-1.83165e+06
1752.3,-1.83238e+06
1752.4,-1.8331e+06
1752.5,-1.83383e+06
1752.6,-1.83455e+06
1752.7,-1.83527e+06
1752.8,-1.836e+06
1752.9,-1.83672e+06
1753,-1.83744e+06
1753.1,-1.83817e+06
1753.2,-1.83889e+06
1753.3,-1.83961e+06
1753.4,-1.84034e+06
1753.5,-1.84106e+06
1753.6,-1.84178e+06
1753.7,-1.84251e+06
1753.8,-1.84323e+06
1753.9,-1.84395e+06
1754,-1.84468e+06
1754.1,-1.8454e+06
1754.2,-1.84612e+06
1754.3,-1.84685e+06
1754.4,-1.84757e+06
1754.5,-1.84829e+06
1754.6,-1.84902e+06
1754.7,-1.84974e+06
1754.8,-1.85046e+06
1754.9,-1.85118e+06
1755,-1.85191e+06
1755.1,-1.85263e+06
1755.2,-1.85335e+06
1755.3,-1.85408e+06
1755.4,-1.8548e+06
1755.5,-1.85552e+06
1755.6,-1.85624e+06
1755.7,-1.85697e+06
1755.8,-1.85769e+06
1755.9,-1.85841e+06
1756,-1.85914e+06
1756.1,-1.85986e+06
1756.2,-1.86058e+06
1756.3,-1.8613e+06
1756.4,-1.86203e+06
1756.5,-1.86275e+06
1756.6,-1.86347e+06
1756.7,-1.86419e+06
1756.8,-1.86492e+06
1756.9,-1.86564e+06
1757,-1.86636e+06
1757.1,-1.86708e+06
1757.2,-1.86781e+06
1757.3,-1.86853e+06
1757.4,-1.86925e+06
1757.5,-1.86998e+06
1757.6,-1.8707e+06
1757.7,-1.87142e+06
1757.8,-1.87214e+06
1757.9,-1.87286e+06
1758,-1.87359e+06
1758.1,-1.87431e+06
1758.2,-1.87503e+06
1758.3,-1.87575e+06
1758.4,-1.87648e+06
1758.5,-1.8772e+06
1758.6,-1.87792e+06
1758.7,-1.87864e+06
1758.8,-1.87936e+06
1758.9,-1.88009e+06
1759,-1.88081e+06
1759.1,-1.88153e+06
1759.2,-1.88225e+06
1759.3,-1.88298e+06
1759.4,-1.8837e+06
1759.5,-1.88442e+06
1759.6,-1.88514e+06
1759.7,-1.88586e+06
1759.8,-1.88658e+06
1759.9,-1.88731e+06
1760,-1.88803e+06
1760.1,-1.88875e+06
1760.2,-1.88947e+06
1760.3,-1.89019e+06
1760.4,-1.89092e+06
1760.5,-1.89164e+06
1760.6,-1.89236e+06
1760.7,-1.89308e+06
1760.8,-1.8938e+06
1760.9,-1.89452e+06
1761,-1.89525e+06
1761.1,-1.89597e+06
1761.2,-1.89669e+06
1761.3,-1.89741e+06
1761.4,-1.89813e+06
1761.5,-1.89885e+06
1761.6,-1.89958e+06
1761.7,-1.9003e+06
1761.8,-1.90102e+06
1761.9,-1.90174e+06
1762,-1.90246e+06
1762.1,-1.90318e+06
1762.2,-1.9039e+06
1762.3,-1.90463e+06
1762.4,-1.90535e+06
1762.5,-1.90607e+06
1762.6,-1.90679e+06
1762.7,-1.90751e+06
1762.8,-1.90823e+06
1762.9,-1.90895e+06
1763,-1.90967e+06
1763.1,-1.9104e+06
1763.2,-1.91112e+06
1763.3,-1.91184e+06
1763.4,-1.91256e+06
1763.5,-1.91328e+06
1763.6,-1.914e+06
1763.7,-1.91472e+06
1763.8,-1.91544e+06
1763.9,-1.91616e+06
1764,-1.91688e+06
1764.1,-1.91761e+06
1764.2,-1.91833e+06
1764.3,-1.91905e+06
1764.4,-1.91977e+06
1764.5,-1.92049e+06
1764.6,-1.92121e+06
1764.7,-1.92193e+06
1764.8,-1.92265e+06
1764.9,-1.92337e+06
1765,-1.92409e+06
1765.1,-1.92481e+06
1765.2,-1.92553e+06
1765.3,-1.92625e+06
1765.4,-1.92698e+06
1765.5,-1.9277e+06
1765.6,-1.92842e+06
1765.7,-1.92914e+06
1765.8,-1.92986e+06
1765.9,-1.93058e+06
1766,-1.9313e+06
1766.1,-1.93202e+06
1766.2,-1.93274e+06
1766.3,-1.93346e+06
1766.4,-1.93418e+06
1766.5,-1.9349e+06
1766.6,-1.93562e+06
1766.7,-1.93634e+06
1766.8,-1.93706e+06
1766.9,-1.93778e+06
1767,-1.9385e+06
1767.1,-1.93922e+06
1767.2,-1.93994e+06
1767.3,-1.94066e+06
1767.4,-1.94138e+06
1767.5,-1.9421e+06
1767.6,-1.94282e+06
1767.7,-1.94354e+06
1767.8,-1.94426e+06
1767.9,-1.94498e+06
1768,-1.9457e+06
1768.1,-1.94642e+06
1768.2,-1.94714e+06
1768.3,-1.94786e+06
1768.4,-1.94858e+06
1768.5,-1.9493e+06
1768.6,-1.95002e+06
1768.7,-1.95074e+06
1768.8,-1.95146e+06
1768.9,-1.95218e+06
1769,-1.9529e+06
1769.1,-1.95362e+06
1769.2,-1.95434e+06
1769.3,-1.95506e+06
1769.4,-1.95578e+06
1769.5,-1.9565e+06
1769.6,-1.95722e+06
1769.7,-1.95794e+06
1769.8,-1.95866e+06
1769.9,-1.95938e+06
1770,-1.9601e+06
1770.1,-1.96082e+06
1770.2,-1.96154e+06
1770.3,-1.96226e+06
1770.4,-1.96298e+06
1770.5,-1.9637e+06
1770.6,-1.96442e+06
1770.7,-1.96513e+06
1770.8,-1.96585e+06
1770.9,-1.96657e+06
1771,-1.96729e+06
1771.1,-1.96801e+06
1771.2,-1.96873e+06
1771.3,-1.96945e+06
1771.4,-1.97017e+06
1771.5,-1.97089e+06
1771.6,-1.97161e+06
1771.7,-1.97233e+06
1771.8,-1.97305e+06
1771.9,-1.97377e+06
1772,-1.97448e+06
1772.1,-1.9752e+06
1772.2,-1.97592e+06
1772.3,-1.97664e+06
1772.4,-1.97736e+06
1772.5,-1.97808e+06
1772.6,-1.9788e+06
1772.7,-1.97952e+06
1772.8,-1.98024e+06
1772.9,-1.98096e+06
1773,-1.98167e+06
1773.1,-1.98239e+06
1773.2,-1.98311e+06
1773.3,-1.98383e+06
1773.4,-1.98455e+06
1773.5,-1.98527e+06
1773.6,-1.98599e+06
1773.7,-1.9867e+06
1773.8,-1.98742e+06
1773.9,-1.98814e+06
1774,-1.98886e+06
1774.1,-1.98958e+06
1774.2,-1.9903e+06
1774.3,-1.99102e+06
1774.4,-1.99174e+06
1774.5,-1.99245e+06
1774.6,-1.99317e+06
1774.7,-1.99389e+06
1774.8,-1.99461e+06
1774.9,-1.99533e+06
1775,-1.99605e+06
1775.1,-1.99676e+06
1775.2,-1.99748e+06
1775.3,-1.9982e+06
1775.4,-1.99892e+06
1775.5,-1.99964e+06
1775.6,-2.00036e+06
1775.7,-2.00107e+06
1775.8,-2.00179e+06
1775.9,-2.00251e+06
1776,-2.00323e+06
1776.1,-2.00395e+06
1776.2,-2.00466e+06
1776.3,-2.00538e+06
1776.4,-2.0061e+06
1776.5,-2.00682e+06
1776.6,-2.00754e+06
1776.7,-2.00825e+06
1776.8,-2.00897e+06
1776.9,-2.00969e+06
1777,-2.01041e+06
1777.1,-2.01113e+06
1777.2,-2.01184e+06
1777.3,-2.01256e+06
1777.4,-2.01328e+06
1777.5,-2.014e+06
1777.6,-2.01471e+06
1777.7,-2.01543e+06
1777.8,-2.01615e+06
1777.9,-2.01687e+06
1778,-2.01758e+06
1778.1,-2.0183e+06
1778.2,-2.01902e+06
1778.3,-2.01974e+06
1778.4,-2.02045e+06
1778.5,-2.02117e+06
1778.6,-2.02189e+06
1778.7,-2.02261e+06
1778.8,-2.02332e+06
1778.9,-2.02404e+06
1779,-2.02476e+06
1779.1,-2.02548e+06
1779.2,-2.02619e+06
1779.3,-2.02691e+06
1779.4,-2.02763e+06
1779.5,-2.02835e+06
1779.6,-2.02906e+06
1779.7,-2.02978e+06
1779.8,-2.0305e+06
1779.9,-2.03121e+06
1780,-2.03193e+06
1780.1,-2.03265e+06
1780.2,-2.03337e+06
1780.3,-2.03408e+06
1780.4,-2.0348e+06
1780.5,-2.03552e+06
1780.6,-2.03623e+06
1780.7,-2.03695e+06
1780.8,-2.03767e+06
1780.9,-2.03838e+06
1781,-2.0391e+06
1781.1,-2.03982e+06
1781.2,-2.04054e+06
1781.3,-2.04125e+06
1781.4,-2.04197e+06
1781.5,-2.04269e+06
1781.6,-2.0434e+06
1781.7,-2.04412e+06
1781.8,-2.04484e+06
1781.9,-2.04555e+06
1782,-2.04627e+06
1782.1,-2.04699e+06
1782.2,-2.0477e+06
1782.3,-2.04842e+06
1782.4,-2.04914e+06
1782.5,-2.04985e+06
1782.6,-2.05057e+06
1782.7,-2.05128e+06
1782.8,-2.052e+06
1782.9,-2.05272e+06
1783,-2.05343e+06
1783.1,-2.05415e+06
1783.2,-2.05487e+06
1783.3,-2.05558e+06
1783.4,-2.0563e+06
1783.5,-2.05702e+06
1783.6,-2.05773e+06
1783.7,-2.05845e+06
1783.8,-2.05916e+06
1783.9,-2.05988e+06
1784,-2.0606e+06
1784.1,-2.06131e+06
1784.2,-2.06203e+06
1784.3,-2.06275e+06
1784.4,-2.06346e+06
1784.5,-2.06418e+06
1784.6,-2.06489e+06
1784.7,-2.06561e+06
1784.8,-2.06633e+06
1784.9,-2.06704e+06
1785,-2.06776e+06
1785.1,-2.06847e+06
1785.2,-2.06919e+06
1785.3,-2.0699e+06
1785.4,-2.07062e+06
1785.5,-2.07134e+06
1785.6,-2.07205e+06
1785.7,-2.07277e+06
1785.8,-2.07348e+06
1785.9,-2.0742e+06
1786,-2.07491e+06
1786.1,-2.07563e+06
1786.2,-2.07635e+06
1786.3,-2.07706e+06
1786.4,-2.07778e+06
1786.5,-2.07849e+06
1786.6,-2.07921e+06
1786.7,-2.07992e+06
1786.8,-2.08064e+06
1786.9,-2.08135e+06
1787,-2.08207e+06
1787.1,-2.08278e+06
1787.2,-2.0835e+06
1787.3,-2.08422e+06
1787.4,-2.08493e+06
1787.5,-2.08565e+06
1787.6,-2.08636e+06
1787.7,-2.08708e+06
1787.8,-2.08779e+06
1787.9,-2.08851e+06
1788,-2.08922e+06
1788.1,-2.08994e+06
1788.2,-2.09065e+06
1788.3,-2.09137e+06
1788.4,-2.09208e+06
1788.5,-2.0928e+06
1788.6,-2.09351e+06
1788.7,-2.09423e+06
1788.8,-2.09494e+06
1788.9,-2.09566e+06
1789,-2.09637e+06
1789.1,-2.09709e+06
1789.2,-2.0978e+06
1789.3,-2.09852e+06
1789.4,-2.09923e+06
1789.5,-2.09995e+06
1789.6,-2.10066e+06
1789.7,-2.10138e+06
1789.8,-2.10209e+06
1789.9,-2.1028e+06
1790,-2.10352e+06
1790.1,-2.10423e+06
1790.2,-2.10495e+06
1790.3,-2.10566e+06
1790.4,-2.10638e+06
1790.5,-2.10709e+06
1790.6,-2.10781e+06
1790.7,-2.10852e+06
1790.8,-2.10924e+06
1790.9,-2.10995e+06
1791,-2.11066e+06
1791.1,-2.11138e+06
1791.2,-2.11209e+06
1791.3,-2.11281e+06
1791.4,-2.11352e+06
1791.5,-2.11424e+06
1791.6,-2.11495e+06
1791.7,-2.11566e+06
1791.8,-2.11638e+06
1791.9,-2.11709e+06
1792,-2.11781e+06
1792.1,-2.11852e+06
1792.2,-2.11924e+06
1792.3,-2.11995e+06
1792.4,-2.12066e+06
1792.5,-2.12138e+06
1792.6,-2.12209e+06
1792.7,-2.1228e+06
1792.8,-2.12352e+06
1792.9,-2.12423e+06
1793,-2.12495e+06
1793.1,-2.12566e+06
1793.2,-2.12637e+06
1793.3,-2.12709e+06
1793.4,-2.1278e+06
1793.5,-2.12852e+06
1793.6,-2.12923e+06
1793.7,-2.12994e+06
1793.8,-2.13066e+06
1793.9,-2.13137e+06
1794,-2.13208e+06
1794.1,-2.1328e+06
1794.2,-2.13351e+06
1794.3,-2.13422e+06
1794.4,-2.13494e+06
1794.5,-2.13565e+06
1794.6,-2.13636e+06
1794.7,-2.13708e+06
1794.8,-2.13779e+06
1794.9,-2.13851e+06
1795,-2.13922e+06
1795.1,-2.13993e+06
1795.2,-2.14065e+06
1795.3,-2.14136e+06
1795.4,-2.14207e+06
1795.5,-2.14278e+06
1795.6,-2.1435e+06
1795.7,-2.14421e+06
1795.8,-2.14492e+06
1795.9,-2.14564e+06
1796,-2.14635e+06
1796.1,-2.14706e+06
1796.2,-2.14778e+06
1796.3,-2.14849e+06
1796.4,-2.1492e+06
1796.5,-2.14992e+06
1796.6,-2.15063e+06
1796.7,-2.15134e+06
1796.8,-2.15205e+06
1796.9,-2.15277e+06
1797,-2.15348e+06
1797.1,-2.15419e+06
1797.2,-2.15491e+06
1797.3,-2.15562e+06
1797.4,-2.15633e+06
1797.5,-2.15704e+06
1797.6,-2.15776e+06
1797.7,-2.15847e+06
1797.8,-2.15918e+06
1797.9,-2.15989e+06
1798,-2.16061e+06
1798.1,-2.16132e+06
1798.2,-2.16203e+06
1798.3,-2.16274e+06
1798.4,-2.16346e+06
1798.5,-2.16417e+06
1798.6,-2.16488e+06
1798.7,-2.16559e+06
1798.8,-2.16631e+06
1798.9,-2.16702e+06
1799,-2.16773e+06
1799.1,-2.16844e+06
1799.2,-2.16916e+06
1799.3,-2.16987e+06
1799.4,-2.17058e+06
1799.5,-2.17129e+06
1799.6,-2.172e+06
1799.7,-2.17272e+06
1799.8,-2.17343e+06
1799.9,-2.17414e+06
1800,-2.17485e+06
1800.1,-2.17556e+06
1800.2,-2.17628e+06
1800.3,-2.17699e+06
1800.4,-2.1777e+06
1800.5,-2.17841e+06
1800.6,-2.17912e+06
1800.7,-2.17984e+06
1800.8,-2.18055e+06
1800.9,-2.18126e+06
1801,-2.18197e+06
1801.1,-2.18268e+06
1801.2,-2.1834e+06
1801.3,-2.18411e+06
1801.4,-2.18482e+06
1801.5,-2.18553e+06
1801.6,-2.18624e+06
1801.7,-2.18695e+06
1801.8,-2.18767e+06
1801.9,-2.18838e+06
1802,-2.18909e+06
1802.1,-2.1898e+06
1802.2,-2.19051e+06
1802.3,-2.19122e+06
1802.4,-2.19193e+06
1802.5,-2.19265e+06
1802.6,-2.19336e+06
1802.7,-2.19407e+06
1802.8,-2.19478e+06
1802.9,-2.19549e+06
1803,-2.1962e+06
1803.1,-2.19691e+06
1803.2,-2.19762e+06
1803.3,-2.19834e+06
1803.4,-2.19905e+06
1803.5,-2.19976e+06
1803.6,-2.20047e+06
1803.7,-2.20118e+06
1803.8,-2.20189e+06
1803.9,-2.2026e+06
1804,-2.20331e+06
1804.1,-2.20402e+06
1804.2,-2.20474e+06
1804.3,-2.20545e+06
1804.4,-2.20616e+06
1804.5,-2.20687e+06
1804.6,-2.20758e+06
1804.7,-2.20829e+06
1804.8,-2.209e+06
1804.9,-2.20971e+06
1805,-2.21042e+06
1805.1,-2.21113e+06
1805.2,-2.21184e+06
1805.3,-2.21255e+06
1805.4,-2.21326e+06
1805.5,-2.21398e+06
1805.6,-2.21469e+06
1805.7,-2.2154e+06
1805.8,-2.21611e+06
1805.9,-2.21682e+06
1806,-2.21753e+06
1806.1,-2.21824e+06
1806.2,-2.21895e+06
1806.3,-2.21966e+06
1806.4,-2.22037e+06
1806.5,-2.22108e+06
1806.6,-2.22179e+06
1806.7,-2.2225e+06
1806.8,-2.22321e+06
1806.9,-2.22392e+06
1807,-2.22463e+06
1807.1,-2.22534e+06
1807.2,-2.22605e+06
1807.3,-2.22676e+06
1807.4,-2.22747e+06
1807.5,-2.22818e+06
1807.6,-2.22889e+06
1807.7,-2.2296e+06
1807.8,-2.23031e+06
1807.9,-2.23102e+06
1808,-2.23173e+06
1808.1,-2.23244e+06
1808.2,-2.23315e+06
1808.3,-2.23386e+06
1808.4,-2.23457e+06
1808.5,-2.23528e+06
1808.6,-2.23599e+06
1808.7,-2.2367e+06
1808.8,-2.23741e+06
1808.9,-2.23812e+06
1809,-2.23883e+06
1809.1,-2.23954e+06
1809.2,-2.24025e+06
1809.3,-2.24096e+06
1809.4,-2.24167e+06
1809.5,-2.24238e+06
1809.6,-2.24309e+06
1809.7,-2.2438e+06
1809.8,-2.2445e+06
1809.9,-2.24521e+06
1810,-2.24592e+06
1810.1,-2.24663e+06
1810.2,-2.24734e+06
1810.3,-2.24805e+06
1810.4,-2.24876e+06
1810.5,-2.24947e+06
1810.6,-2.25018e+06
1810.7,-2.25089e+06
1810.8,-2.2516e+06
1810.9,-2.25231e+06
1811,-2.25302e+06
1811.1,-2.25373e+06
1811.2,-2.25443e+06
1811.3,-2.25514e+06
1811.4,-2.25585e+06
1811.5,-2.25656e+06
1811.6,-2.25727e+06
1811.7,-2.25798e+06
1811.8,-2.25869e+06
1811.9,-2.2594e+06
1812,-2.26011e+06
1812.1,-2.26081e+06
1812.2,-2.26152e+06
1812.3,-2.26223e+06
1812.4,-2.26294e+06
1812.5,-2.26365e+06
1812.6,-2.26436e+06
1812.7,-2.26507e+06
1812.8,-2.26578e+06
1812.9,-2.26648e+06
1813,-2.26719e+06
1813.1,-2.2679e+06
1813.2,-2.26861e+06
1813.3,-2.26932e+06
1813.4,-2.27003e+06
1813.5,-2.27074e+06
1813.6,-2.27144e+06
1813.7,-2.27215e+06
1813.8,-2.27286e+06
1813.9,-2.27357e+06
1814,-2.27428e+06
1814.1,-2.27498e+06
1814.2,-2.27569e+06
1814.3,-2.2764e+06
1814.4,-2.27711e+06
1814.5,-2.27782e+06
1814.6,-2.27853e+06
1814.7,-2.27923e+06
1814.8,-2.27994e+06
1814.9,-2.28065e+06
1815,-2.28136e+06
1815.1,-2.28207e+06
1815.2,-2.28277e+06
1815.3,-2.28348e+06
1815.4,-2.28419e+06
1815.5,-2.2849e+06
1815.6,-2.28561e+06
1815.7,-2.28631e+06
1815.8,-2.28702e+06
1815.9,-2.28773e+06
1816,-2.28844e+06
1816.1,-2.28914e+06
1816.2,-2.28985e+06
1816.3,-2.29056e+06
1816.4,-2.29127e+06
1816.5,-2.29198e+06
1816.6,-2.29268e+06
1816.7,-2.29339e+06
1816.8,-2.2941e+06
1816.9,-2.29481e+06
1817,-2.29551e+06
1817.1,-2.29622e+06
1817.2,-2.29693e+06
1817.3,-2.29764e+06
1817.4,-2.29834e+06
1817.5,-2.29905e+06
1817.6,-2.29976e+06
1817.7,-2.30046e+06
1817.8,-2.30117e+06
1817.9,-2.30188e+06
1818,-2.30259e+06
1818.1,-2.30329e+06
1818.2,-2.304e+06
1818.3,-2.30471e+06
1818.4,-2.30541e+06
1818.5,-2.30612e+06
1818.6,-2.30683e+06
1818.7,-2.30754e+06
1818.8,-2.30824e+06
1818.9,-2.30895e+06
1819,-2.30966e+06
1819.1,-2.31036e+06
1819.2,-2.31107e+06
1819.3,-2.31178e+06
1819.4,-2.31248e+06
1819.5,-2.31319e+06
1819.6,-2.3139e+06
1819.7,-2.3146e+06
1819.8,-2.31531e+06
1819.9,-2.31602e+06
1820,-2.31672e+06
1820.1,-2.31743e+06
1820.2,-2.31814e+06
1820.3,-2.31884e+06
1820.4,-2.31955e+06
1820.5,-2.32026e+06
1820.6,-2.32096e+06
1820.7,-2.32167e+06
1820.8,-2.32238e+06
1820.9,-2.32308e+06
1821,-2.32379e+06
1821.1,-2.3245e+06
1821.2,-2.3252e+06
1821.3,-2.32591e+06
1821.4,-2.32661e+06
1821.5,-2.32732e+06
1821.6,-2.32803e+06
1821.7,-2.32873e+06
1821.8,-2.32944e+06
1821.9,-2.33014e+06
1822,-2.33085e+06
1822.1,-2.33156e+06
1822.2,-2.33226e+06
1822.3,-2.33297e+06
1822.4,-2.33368e+06
1822.5,-2.33438e+06
1822.6,-2.33509e+06
1822.7,-2.33579e+06
1822.8,-2.3365e+06
1822.9,-2.3372e+06
1823,-2.33791e+06
1823.1,-2.33862e+06
1823.2,-2.33932e+06
1823.3,-2.34003e+06
1823.4,-2.34073e+06
1823.5,-2.34144e+06
1823.6,-2.34214e+06
1823.7,-2.34285e+06
1823.8,-2.34356e+06
1823.9,-2.34426e+06
1824,-2.34497e+06
1824.1,-2.34567e+06
1824.2,-2.34638e+06
1824.3,-2.34708e+06
1824.4,-2.34779e+06
1824.5,-2.34849e+06
1824.6,-2.3492e+06
1824.7,-2.3499e+06
1824.8,-2.35061e+06
1824.9,-2.35131e+06
1825,-2.35202e+06
1825.1,-2.35272e+06
1825.2,-2.35343e+06
1825.3,-2.35414e+06
1825.4,-2.35484e+06
1825.5,-2.35555e+06
1825.6,-2.35625e+06
1825.7,-2.35696e+06
1825.8,-2.35766e+06
1825.9,-2.35837e+06
1826,-2.35907e+06
1826.1,-2.35978e+06
1826.2,-2.36048e+06
1826.3,-2.36119e+06
1826.4,-2.36189e+06
1826.5,-2.36259e+06
1826.6,-2.3633e+06
1826.7,-2.364e+06
1826.8,-2.36471e+06
1826.9,-2.36541e+06
1827,-2.36612e+06
1827.1,-2.36682e+06
1827.2,-2.36753e+06
1827.3,-2.36823e+06
1827.4,-2.36894e+06
1827.5,-2.36964e+06
1827.6,-2.37035e+06
1827.7,-2.37105e+06
1827.8,-2.37175e+06
1827.9,-2.37246e+06
1828,-2.37316e+06
1828.1,-2.37387e+06
1828.2,-2.37457e+06
1828.3,-2.37528e+06
1828.4,-2.37598e+06
1828.5,-2.37668e+06
1828.6,-2.37739e+06
1828.7,-2.37809e+06
1828.8,-2.3788e+06
1828.9,-2.3795e+06
1829,-2.38021e+06
1829.1,-2.38091e+06
1829.2,-2.38161e+06
1829.3,-2.38232e+06
1829.4,-2.38302e+06
1829.5,-2.38373e+06
1829.6,-2.38443e+06
1829.7,-2.38513e+06
1829.8,-2.38584e+06
1829.9,-2.38654e+06
1830,-2.38724e+06
1830.1,-2.38795e+06
1830.2,-2.38865e+06
1830.3,-2.38936e+06
1830.4,-2.39006e+06
1830.5,-2.39076e+06
1830.6,-2.39147e+06
1830.7,-2.39217e+06
1830.8,-2.39287e+06
1830.9,-2.39358e+06
1831,-2.39428e+06
1831.1,-2.39498e+06
1831.2,-2.39569e+06
1831.3,-2.39639e+06
1831.4,-2.3971e+06
1831.5,-2.3978e+06
1831.6,-2.3985e+06
1831.7,-2.3992e+06
1831.8,-2.39991e+06
1831.9,-2.40061e+06
1832,-2.40131e+06
1832.1,-2.40202e+06
1832.2,-2.40272e+06
1832.3,-2.40342e+06
1832.4,-2.40413e+06
1832.5,-2.40483e+06
1832.6,-2.40553e+06
1832.7,-2.40624e+06
1832.8,-2.40694e+06
1832.9,-2.40764e+06
1833,-2.40835e+06
1833.1,-2.40905e+06
1833.2,-2.40975e+06
1833.3,-2.41045e+06
1833.4,-2.41116e+06
1833.5,-2.41186e+06
1833.6,-2.41256e+06
1833.7,-2.41326e+06
1833.8,-2.41397e+06
1833.9,-2.41467e+06
1834,-2.41537e+06
1834.1,-2.41608e+06
1834.2,-2.41678e+06
1834.3,-2.41748e+06
1834.4,-2.41818e+06
1834.5,-2.41889e+06
1834.6,-2.41959e+06
1834.7,-2.42029e+06
1834.8,-2.42099e+06
1834.9,-2.4217e+06
1835,-2.4224e+06
1835.1,-2.4231e+06
1835.2,-2.4238e+06
1835.3,-2.4245e+06
1835.4,-2.42521e+06
1835.5,-2.42591e+06
1835.6,-2.42661e+06
1835.7,-2.42731e+06
1835.8,-2.42802e+06
1835.9,-2.42872e+06
1836,-2.42942e+06
1836.1,-2.43012e+06
1836.2,-2.43082e+06
1836.3,-2.43153e+06
1836.4,-2.43223e+06
1836.5,-2.43293e+06
1836.6,-2.43363e+06
1836.7,-2.43433e+06
1836.8,-2.43504e+06
1836.9,-2.43574e+06
1837,-2.43644e+06
1837.1,-2.43714e+06
1837.2,-2.43784e+06
1837.3,-2.43854e+06
1837.4,-2.43925e+06
1837.5,-2.43995e+06
1837.6,-2.44065e+06
1837.7,-2.44135e+06
1837.8,-2.44205e+06
1837.9,-2.44275e+06
1838,-2.44345e+06
1838.1,-2.44416e+06
1838.2,-2.44486e+06
1838.3,-2.44556e+06
1838.4,-2.44626e+06
1838.5,-2.44696e+06
1838.6,-2.44766e+06
1838.7,-2.44836e+06
1838.8,-2.44907e+06
1838.9,-2.44977e+06
1839,-2.45047e+06
1839.1,-2.45117e+06
1839.2,-2.45187e+06
1839.3,-2.45257e+06
1839.4,-2.45327e+06
1839.5,-2.45397e+06
1839.6,-2.45467e+06
1839.7,-2.45538e+06
1839.8,-2.45608e+06
1839.9,-2.45678e+06
1840,-2.45748e+06
1840.1,-2.45818e+06
1840.2,-2.45888e+06
1840.3,-2.45958e+06
1840.4,-2.46028e+06
1840.5,-2.46098e+06
1840.6,-2.46168e+06
1840.7,-2.46238e+06
1840.8,-2.46308e+06
1840.9,-2.46378e+06
1841,-2.46448e+06
1841.1,-2.46519e+06
1841.2,-2.46589e+06
1841.3,-2.46659e+06
1841.4,-2.46729e+06
1841.5,-2.46799e+06
1841.6,-2.46869e+06
1841.7,-2.46939e+06
1841.8,-2.47009e+06
1841.9,-2.47079e+06
1842,-2.47149e+06
1842.1,-2.47219e+06
1842.2,-2.47289e+06
1842.3,-2.47359e+06
1842.4,-2.47429e+06
1842.5,-2.47499e+06
1842.6,-2.47569e+06
1842.7,-2.47639e+06
1842.8,-2.47709e+06
1842.9,-2.47779e+06
1843,-2.47849e+06
1843.1,-2.47919e+06
1843.2,-2.47989e+06
1843.3,-2.48059e+06
1843.4,-2.48129e+06
1843.5,-2.48199e+06
1843.6,-2.48269e+06
1843.7,-2.48339e+06
1843.8,-2.48409e+06
1843.9,-2.48479e+06
1844,-2.48549e+06
1844.1,-2.48619e+06
1844.2,-2.48689e+06
1844.3,-2.48759e+06
1844.4,-2.48829e+06
1844.5,-2.48899e+06
1844.6,-2.48969e+06
1844.7,-2.49039e+06
1844.8,-2.49109e+06
1844.9,-2.49178e+06
1845,-2.49248e+06
1845.1,-2.49318e+06
1845.2,-2.49388e+06
1845.3,-2.49458e+06
1845.4,-2.49528e+06
1845.5,-2.49598e+06
1845.6,-2.49668e+06
1845.7,-2.49738e+06
1845.8,-2.49808e+06
1845.9,-2.49878e+06
1846,-2.49948e+06
1846.1,-2.50018e+06
1846.2,-2.50087e+06
1846.3,-2.50157e+06
1846.4,-2.50227e+06
1846.5,-2.50297e+06
1846.6,-2.50367e+06
1846.7,-2.50437e+06
1846.8,-2.50507e+06
1846.9,-2.50577e+06
1847,-2.50647e+06
1847.1,-2.50716e+06
1847.2,-2.50786e+06
1847.3,-2.50856e+06
1847.4,-2.50926e+06
1847.5,-2.50996e+06
1847.6,-2.51066e+06
1847.7,-2.51136e+06
1847.8,-2.51205e+06
1847.9,-2.51275e+06
1848,-2.51345e+06
1848.1,-2.51415e+06
1848.2,-2.51485e+06
1848.3,-2.51555e+06
1848.4,-2.51625e+06
1848.5,-2.51694e+06
1848.6,-2.51764e+06
1848.7,-2.51834e+06
1848.8,-2.51904e+06
1848.9,-2.51974e+06
1849,-2.52044e+06
1849.1,-2.52113e+06
1849.2,-2.52183e+06
1849.3,-2.52253e+06
1849.4,-2.52323e+06
1849.5,-2.52393e+06
1849.6,-2.52462e+06
1849.7,-2.52532e+06
1849.8,-2.52602e+06
1849.9,-2.52672e+06
1850,-2.52742e+06
1850.1,-2.52811e+06
1850.2,-2.52881e+06
1850.3,-2.52951e+06
1850.4,-2.53021e+06
1850.5,-2.5309e+06
1850.6,-2.5316e+06
1850.7,-2.5323e+06
1850.8,-2.533e+06
1850.9,-2.5337e+06
1851,-2.53439e+06
1851.1,-2.53509e+06
1851.2,-2.53579e+06
1851.3,-2.53648e+06
1851.4,-2.53718e+06
1851.5,-2.53788e+06
1851.6,-2.53858e+06
1851.7,-2.53927e+06
1851.8,-2.53997e+06
1851.9,-2.54067e+06
1852,-2.54137e+06
1852.1,-2.54206e+06
1852.2,-2.54276e+06
1852.3,-2.54346e+06
1852.4,-2.54416e+06
1852.5,-2.54485e+06
1852.6,-2.54555e+06
1852.7,-2.54625e+06
1852.8,-2.54694e+06
1852.9,-2.54764e+06
1853,-2.54834e+06
1853.1,-2.54903e+06
1853.2,-2.54973e+06
1853.3,-2.55043e+06
1853.4,-2.55113e+06
1853.5,-2.55182e+06
1853.6,-2.55252e+06
1853.7,-2.55322e+06
1853.8,-2.55391e+06
1853.9,-2.55461e+06
1854,-2.55531e+06
1854.1,-2.556e+06
1854.2,-2.5567e+06
1854.3,-2.5574e+06
1854.4,-2.55809e+06
1854.5,-2.55879e+06
1854.6,-2.55948e+06
1854.7,-2.56018e+06
1854.8,-2.56088e+06
1854.9,-2.56157e+06
1855,-2.56227e+06
1855.1,-2.56297e+06
1855.2,-2.56366e+06
1855.3,-2.56436e+06
1855.4,-2.56506e+06
1855.5,-2.56575e+06
1855.6,-2.56645e+06
1855.7,-2.56714e+06
1855.8,-2.56784e+06
1855.9,-2.56854e+06
1856,-2.56923e+06
1856.1,-2.56993e+06
1856.2,-2.57062e+06
1856.3,-2.57132e+06
1856.4,-2.57202e+06
1856.5,-2.57271e+06
1856.6,-2.57341e+06
1856.7,-2.5741e+06
1856.8,-2.5748e+06
1856.9,-2.5755e+06
1857,-2.57619e+06
1857.1,-2.57689e+06
1857.2,-2.57758e+06
1857.3,-2.57828e+06
1857.4,-2.57897e+06
1857.5,-2.57967e+06
1857.6,-2.58036e+06
1857.7,-2.58106e+06
1857.8,-2.58176e+06
1857.9,-2.58245e+06
1858,-2.58315e+06
1858.1,-2.58384e+06
1858.2,-2.58454e+06
1858.3,-2.58523e+06
1858.4,-2.58593e+06
1858.5,-2.58662e+06
1858.6,-2.58732e+06
1858.7,-2.58801e+06
1858.8,-2.58871e+06
1858.9,-2.5894e+06
1859,-2.5901e+06
1859.1,-2.59079e+06
1859.2,-2.59149e+06
1859.3,-2.59218e+06
1859.4,-2.59288e+06
1859.5,-2.59357e+06
1859.6,-2.59427e+06
1859.7,-2.59496e+06
1859.8,-2.59566e+06
1859.9,-2.59635e+06
1860,-2.59705e+06
1860.1,-2.59774e+06
1860.2,-2.59844e+06
1860.3,-2.59913e+06
1860.4,-2.59983e+06
1860.5,-2.60052e+06
1860.6,-2.60122e+06
1860.7,-2.60191e+06
1860.8,-2.60261e+06
1860.9,-2.6033e+06
1861,-2.604e+06
1861.1,-2.60469e+06
1861.2,-2.60538e+06
1861.3,-2.60608e+06
1861.4,-2.60677e+06
1861.5,-2.60747e+06
1861.6,-2.60816e+06
1861.7,-2.60886e+06
1861.8,-2.60955e+06
1861.9,-2.61024e+06
1862,-2.61094e+06
1862.1,-2.61163e+06
1862.2,-2.61233e+06
1862.3,-2.61302e+06
1862.4,-2.61371e+06
1862.5,-2.61441e+06
1862.6,-2.6151e+06
1862.7,-2.6158e+06
1862.8,-2.61649e+06
1862.9,-2.61718e+06
1863,-2.61788e+06
1863.1,-2.61857e+06
1863.2,-2.61927e+06
1863.3,-2.61996e+06
1863.4,-2.62065e+06
1863.5,-2.62135e+06
1863.6,-2.62204e+06
1863.7,-2.62273e+06
1863.8,-2.62343e+06
1863.9,-2.62412e+06
1864,-2.62482e+06
1864.1,-2.62551e+06
1864.2,-2.6262e+06
1864.3,-2.6269e+06
1864.4,-2.62759e+06
1864.5,-2.62828e+06
1864.6,-2.62898e+06
1864.7,-2.62967e+06
1864.8,-2.63036e+06
1864.9,-2.63106e+06
1865,-2.63175e+06
1865.1,-2.63244e+06
1865.2,-2.63314e+06
1865.3,-2.63383e+06
1865.4,-2.63452e+06
1865.5,-2.63521e+06
1865.6,-2.63591e+06
1865.7,-2.6366e+06
1865.8,-2.63729e+06
1865.9,-2.63799e+06
1866,-2.63868e+06
1866.1,-2.63937e+06
1866.2,-2.64007e+06
1866.3,-2.64076e+06
1866.4,-2.64145e+06
1866.5,-2.64214e+06
1866.6,-2.64284e+06
1866.7,-2.64353e+06
1866.8,-2.64422e+06
1866.9,-2.64491e+06
1867,-2.64561e+06
1867.1,-2.6463e+06
1867.2,-2.64699e+06
1867.3,-2.64768e+06
1867.4,-2.64838e+06
1867.5,-2.64907e+06
1867.6,-2.64976e+06
1867.7,-2.65045e+06
1867.8,-2.65115e+06
1867.9,-2.65184e+06
1868,-2.65253e+06
1868.1,-2.65322e+06
1868.2,-2.65392e+06
1868.3,-2.65461e+06
1868.4,-2.6553e+06
1868.5,-2.65599e+06
1868.6,-2.65668e+06
1868.7,-2.65738e+06
1868.8,-2.65807e+06
1868.9,-2.65876e+06
1869,-2.65945e+06
1869.1,-2.66014e+06
1869.2,-2.66084e+06
1869.3,-2.66153e+06
1869.4,-2.66222e+06
1869.5,-2.66291e+06
1869.6,-2.6636e+06
1869.7,-2.6643e+06
1869.8,-2.66499e+06
1869.9,-2.66568e+06
1870,-2.66637e+06
1870.1,-2.66706e+06
1870.2,-2.66775e+06
1870.3,-2.66844e+06
1870.4,-2.66914e+06
1870.5,-2.66983e+06
1870.6,-2.67052e+06
1870.7,-2.67121e+06
1870.8,-2.6719e+06
1870.9,-2.67259e+06
1871,-2.67328e+06
1871.1,-2.67398e+06
1871.2,-2.67467e+06
1871.3,-2.67536e+06
1871.4,-2.67605e+06
1871.5,-2.67674e+06
1871.6,-2.67743e+06
1871.7,-2.67812e+06
1871.8,-2.67881e+06
1871.9,-2.67951e+06
1872,-2.6802e+06
1872.1,-2.68089e+06
1872.2,-2.68158e+06
1872.3,-2.68227e+06
1872.4,-2.68296e+06
1872.5,-2.68365e+06
1872.6,-2.68434e+06
1872.7,-2.68503e+06
1872.8,-2.68572e+06
1872.9,-2.68641e+06
1873,-2.6871e+06
1873.1,-2.6878e+06
1873.2,-2.68849e+06
1873.3,-2.68918e+06
1873.4,-2.68987e+06
1873.5,-2.69056e+06
1873.6,-2.69125e+06
1873.7,-2.69194e+06
1873.8,-2.69263e+06
1873.9,-2.69332e+06
1874,-2.69401e+06
1874.1,-2.6947e+06
1874.2,-2.69539e+06
1874.3,-2.69608e+06
1874.4,-2.69677e+06
1874.5,-2.69746e+06
1874.6,-2.69815e+06
1874.7,-2.69884e+06
1874.8,-2.69953e+06
1874.9,-2.70022e+06
1875,-2.70091e+06
1875.1,-2.7016e+06
1875.2,-2.70229e+06
1875.3,-2.70298e+06
1875.4,-2.70367e+06
1875.5,-2.70436e+06
1875.6,-2.70505e+06
1875.7,-2.70574e+06
1875.8,-2.70643e+06
1875.9,-2.70712e+06
1876,-2.70781e+06
1876.1,-2.7085e+06
1876.2,-2.70919e+06
1876.3,-2.70988e+06
1876.4,-2.71057e+06
1876.5,-2.71126e+06
1876.6,-2.71195e+06
1876.7,-2.71264e+06
1876.8,-2.71333e+06
1876.9,-2.71402e+06
1877,-2.71471e+06
1877.1,-2.71539e+06
1877.2,-2.71608e+06
1877.3,-2.71677e+06
1877.4,-2.71746e+06
1877.5,-2.71815e+06
1877.6,-2.71884e+06
1877.7,-2.71953e+06
1877.8,-2.72022e+06
1877.9,-2.72091e+06
1878,-2.7216e+06
1878.1,-2.72229e+06
1878.2,-2.72298e+06
1878.3,-2.72366e+06
1878.4,-2.72435e+06
1878.5,-2.72504e+06
1878.6,-2.72573e+06
1878.7,-2.72642e+06
1878.8,-2.72711e+06
1878.9,-2.7278e+06
1879,-2.72849e+06
1879.1,-2.72917e+06
1879.2,-2.72986e+06
1879.3,-2.73055e+06
1879.4,-2.73124e+06
1879.5,-2.73193e+06
1879.6,-2.73262e+06
1879.7,-2.73331e+06
1879.8,-2.73399e+06
1879.9,-2.73468e+06
1880,-2.73537e+06
1880.1,-2.73606e+06
1880.2,-2.73675e+06
1880.3,-2.73744e+06
1880.4,-2.73812e+06
1880.5,-2.73881e+06
1880.6,-2.7395e+06
1880.7,-2.74019e+06
1880.8,-2.74088e+06
1880.9,-2.74157e+06
1881,-2.74225e+06
1881.1,-2.74294e+06
1881.2,-2.74363e+06
1881.3,-2.74432e+06
1881.4,-2.74501e+06
1881.5,-2.74569e+06
1881.6,-2.74638e+06
1881.7,-2.74707e+06
1881.8,-2.74776e+06
1881.9,-2.74844e+06
1882,-2.74913e+06
1882.1,-2.74982e+06
1882.2,-2.75051e+06
1882.3,-2.7512e+06
1882.4,-2.75188e+06
1882.5,-2.75257e+06
1882.6,-2.75326e+06
1882.7,-2.75395e+06
1882.8,-2.75463e+06
1882.9,-2.75532e+06
1883,-2.75601e+06
1883.1,-2.7567e+06
1883.2,-2.75738e+06
1883.3,-2.75807e+06
1883.4,-2.75876e+06
1883.5,-2.75944e+06
1883.6,-2.76013e+06
1883.7,-2.76082e+06
1883.8,-2.76151e+06
1883.9,-2.76219e+06
1884,-2.76288e+06
1884.1,-2.76357e+06
1884.2,-2.76425e+06
1884.3,-2.76494e+06
1884.4,-2.76563e+06
1884.5,-2.76632e+06
1884.6,-2.767e+06
1884.7,-2.76769e+06
1884.8,-2.76838e+06
1884.9,-2.76906e+06
1885,-2.76975e+06
1885.1,-2.77044e+06
1885.2,-2.77112e+06
1885.3,-2.77181e+06
1885.4,-2.7725e+06
1885.5,-2.77318e+06
1885.6,-2.77387e+06
1885.7,-2.77456e+06
1885.8,-2.77524e+06
1885.9,-2.77593e+06
1886,-2.77662e+06
1886.1,-2.7773e+06
1886.2,-2.77799e+06
1886.3,-2.77867e+06
1886.4,-2.77936e+06
1886.5,-2.78005e+06
1886.6,-2.78073e+06
1886.7,-2.78142e+06
1886.8,-2.78211e+06
1886.9,-2.78279e+06
1887,-2.78348e+06
1887.1,-2.78416e+06
1887.2,-2.78485e+06
1887.3,-2.78554e+06
1887.4,-2.78622e+06
1887.5,-2.78691e+06
1887.6,-2.78759e+06
1887.7,-2.78828e+06
1887.8,-2.78896e+06
1887.9,-2.78965e+06
1888,-2.79034e+06
1888.1,-2.79102e+06
1888.2,-2.79171e+06
1888.3,-2.79239e+06
1888.4,-2.79308e+06
1888.5,-2.79376e+06
1888.6,-2.79445e+06
1888.7,-2.79514e+06
1888.8,-2.79582e+06
1888.9,-2.79651e+06
1889,-2.79719e+06
1889.1,-2.79788e+06
1889.2,-2.79856e+06
1889.3,-2.79925e+06
1889.4,-2.79993e+06
1889.5,-2.80062e+06
1889.6,-2.8013e+06
1889.7,-2.80199e+06
1889.8,-2.80267e+06
1889.9,-2.80336e+06
1890,-2.80404e+06
1890.1,-2.80473e+06
1890.2,-2.80541e+06
1890.3,-2.8061e+06
1890.4,-2.80678e+06
1890.5,-2.80747e+06
1890.6,-2.80815e+06
1890.7,-2.80884e+06
1890.8,-2.80952e+06
1890.9,-2.81021e+06
1891,-2.81089e+06
1891.1,-2.81158e+06
1891.2,-2.81226e+06
1891.3,-2.81295e+06
1891.4,-2.81363e+06
1891.5,-2.81432e+06
1891.6,-2.815e+06
1891.7,-2.81569e+06
1891.8,-2.81637e+06
1891.9,-2.81705e+06
1892,-2.81774e+06
1892.1,-2.81842e+06
1892.2,-2.81911e+06
1892.3,-2.81979e+06
1892.4,-2.82048e+06
1892.5,-2.82116e+06
1892.6,-2.82184e+06
1892.7,-2.82253e+06
1892.8,-2.82321e+06
1892.9,-2.8239e+06
1893,-2.82458e+06
1893.1,-2.82526e+06
1893.2,-2.82595e+06
1893.3,-2.82663e+06
1893.4,-2.82732e+06
1893.5,-2.828e+06
1893.6,-2.82868e+06
1893.7,-2.82937e+06
1893.8,-2.83005e+06
1893.9,-2.83074e+06
1894,-2.83142e+06
1894.1,-2.8321e+06
1894.2,-2.83279e+06
1894.3,-2.83347e+06
1894.4,-2.83415e+06
1894.5,-2.83484e+06
1894.6,-2.83552e+06
1894.7,-2.8362e+06
1894.8,-2.83689e+06
1894.9,-2.83757e+06
1895,-2.83826e+06
1895.1,-2.83894e+06
1895.2,-2.83962e+06
1895.3,-2.8403e+06
1895.4,-2.84099e+06
1895.5,-2.84167e+06
1895.6,-2.84235e+06
1895.7,-2.84304e+06
1895.8,-2.84372e+06
1895.9,-2.8444e+06
1896,-2.84509e+06
1896.1,-2.84577e+06
1896.2,-2.84645e+06
1896.3,-2.84714e+06
1896.4,-2.84782e+06
1896.5,-2.8485e+06
1896.6,-2.84918e+06
1896.7,-2.84987e+06
1896.8,-2.85055e+06
1896.9,-2.85123e+06
1897,-2.85192e+06
1897.1,-2.8526e+06
1897.2,-2.85328e+06
1897.3,-2.85396e+06
1897.4,-2.85465e+06
1897.5,-2.85533e+06
1897.6,-2.85601e+06
1897.7,-2.85669e+06
1897.8,-2.85738e+06
1897.9,-2.85806e+06
1898,-2.85874e+06
1898.1,-2.85942e+06
1898.2,-2.8601e+06
1898.3,-2.86079e+06
1898.4,-2.86147e+06
1898.5,-2.86215e+06
1898.6,-2.86283e+06
1898.7,-2.86352e+06
1898.8,-2.8642e+06
1898.9,-2.86488e+06
1899,-2.86556e+06
1899.1,-2.86624e+06
1899.2,-2.86693e+06
1899.3,-2.86761e+06
1899.4,-2.86829e+06
1899.5,-2.86897e+06
1899.6,-2.86965e+06
1899.7,-2.87034e+06
1899.8,-2.87102e+06
1899.9,-2.8717e+06
1900,-2.87238e+06
1900.1,-2.87306e+06
1900.2,-2.87374e+06
1900.3,-2.87443e+06
1900.4,-2.87511e+06
1900.5,-2.87579e+06
1900.6,-2.87647e+06
1900.7,-2.87715e+06
1900.8,-2.87783e+06
1900.9,-2.87851e+06
1901,-2.8792e+06
1901.1,-2.87988e+06
1901.2,-2.88056e+06
1901.3,-2.88124e+06
1901.4,-2.88192e+06
1901.5,-2.8826e+06
1901.6,-2.88328e+06
1901.7,-2.88396e+06
1901.8,-2.88464e+06
1901.9,-2.88533e+06
1902,-2.88601e+06
1902.1,-2.88669e+06
1902.2,-2.88737e+06
1902.3,-2.88805e+06
1902.4,-2.88873e+06
1902.5,-2.88941e+06
1902.6,-2.89009e+06
1902.7,-2.89077e+06
1902.8,-2.89145e+06
1902.9,-2.89213e+06
1903,-2.89281e+06
1903.1,-2.8935e+06
1903.2,-2.89418e+06
1903.3,-2.89486e+06
1903.4,-2.89554e+06
1903.5,-2.89622e+06
1903.6,-2.8969e+06
1903.7,-2.89758e+06
1903.8,-2.89826e+06
1903.9,-2.89894e+06
1904,-2.89962e+06
1904.1,-2.9003e+06
1904.2,-2.90098e+06
1904.3,-2.90166e+06
1904.4,-2.90234e+06
1904.5,-2.90302e+06
1904.6,-2.9037e+06
1904.7,-2.90438e+06
1904.8,-2.90506e+06
1904.9,-2.90574e+06
1905,-2.90642e+06
1905.1,-2.9071e+06
1905.2,-2.90778e+06
1905.3,-2.90846e+06
1905.4,-2.90914e+06
1905.5,-2.90982e+06
1905.6,-2.9105e+06
1905.7,-2.91118e+06
1905.8,-2.91186e+06
1905.9,-2.91254e+06
1906,-2.91322e+06
1906.1,-2.9139e+06
1906.2,-2.91458e+06
1906.3,-2.91526e+06
1906.4,-2.91594e+06
1906.5,-2.91662e+06
1906.6,-2.91729e+06
1906.7,-2.91797e+06
1906.8,-2.91865e+06
1906.9,-2.91933e+06
1907,-2.92001e+06
1907.1,-2.92069e+06
1907.2,-2.92137e+06
1907.3,-2.92205e+06
1907.4,-2.92273e+06
1907.5,-2.92341e+06
1907.6,-2.92409e+06
1907.7,-2.92477e+06
1907.8,-2.92544e+06
1907.9,-2.92612e+06
1908,-2.9268e+06
1908.1,-2.92748e+06
1908.2,-2.92816e+06
1908.3,-2.92884e+06
1908.4,-2.92952e+06
1908.5,-2.9302e+06
1908.6,-2.93087e+06
1908.7,-2.93155e+06
1908.8,-2.93223e+06
1908.9,-2.93291e+06
1909,-2.93359e+06
1909.1,-2.93427e+06
1909.2,-2.93495e+06
1909.3,-2.93562e+06
1909.4,-2.9363e+06
1909.5,-2.93698e+06
1909.6,-2.93766e+06
1909.7,-2.93834e+06
1909.8,-2.93902e+06
1909.9,-2.93969e+06
1910,-2.94037e+06
1910.1,-2.94105e+06
1910.2,-2.94173e+06
1910.3,-2.94241e+06
1910.4,-2.94308e+06
1910.5,-2.94376e+06
1910.6,-2.94444e+06
1910.7,-2.94512e+06
1910.8,-2.9458e+06
1910.9,-2.94647e+06
1911,-2.94715e+06
1911.1,-2.94783e+06
1911.2,-2.94851e+06
1911.3,-2.94919e+06
1911.4,-2.94986e+06
1911.5,-2.95054e+06
1911.6,-2.95122e+06
1911.7,-2.9519e+06
1911.8,-2.95257e+06
1911.9,-2.95325e+06
1912,-2.95393e+06
1912.1,-2.95461e+06
1912.2,-2.95528e+06
1912.3,-2.95596e+06
1912.4,-2.95664e+06
1912.5,-2.95732e+06
1912.6,-2.95799e+06
1912.7,-2.95867e+06
1912.8,-2.95935e+06
1912.9,-2.96002e+06
1913,-2.9607e+06
1913.1,-2.96138e+06
1913.2,-2.96206e+06
1913.3,-2.96273e+06
1913.4,-2.96341e+06
1913.5,-2.96409e+06
1913.6,-2.96476e+06
1913.7,-2.96544e+06
1913.8,-2.96612e+06
1913.9,-2.96679e+06
1914,-2.96747e+06
1914.1,-2.96815e+06
1914.2,-2.96882e+06
1914.3,-2.9695e+06
1914.4,-2.97018e+06
1914.5,-2.97085e+06
1914.6,-2.97153e+06
1914.7,-2.97221e+06
1914.8,-2.97288e+06
1914.9,-2.97356e+06
1915,-2.97424e+06
1915.1,-2.97491e+06
1915.2,-2.97559e+06
1915.3,-2.97627e+06
1915.4,-2.97694e+06
1915.5,-2.97762e+06
1915.6,-2.97829e+06
1915.7,-2.97897e+06
1915.8,-2.97965e+06
1915.9,-2.98032e+06
1916,-2.981e+06
1916.1,-2.98168e+06
1916.2,-2.98235e+06
1916.3,-2.98303e+06
1916.4,-2.9837e+06
1916.5,-2.98438e+06
1916.6,-2.98506e+06
1916.7,-2.98573e+06
1916.8,-2.98641e+06
1916.9,-2.98708e+06
1917,-2.98776e+06
1917.1,-2.98843e+06
1917.2,-2.98911e+06
1917.3,-2.98978e+06
1917.4,-2.99046e+06
1917.5,-2.99114e+06
1917.6,-2.99181e+06
1917.7,-2.99249e+06
1917.8,-2.99316e+06
1917.9,-2.99384e+06
1918,-2.99451e+06
1918.1,-2.99519e+06
1918.2,-2.99586e+06
1918.3,-2.99654e+06
1918.4,-2.99721e+06
1918.5,-2.99789e+06
1918.6,-2.99856e+06
1918.7,-2.99924e+06
1918.8,-2.99991e+06
1918.9,-3.00059e+06
1919,-3.00126e+06
1919.1,-3.00194e+06
1919.2,-3.00261e+06
1919.3,-3.00329e+06
1919.4,-3.00396e+06
1919.5,-3.00464e+06
1919.6,-3.00531e+06
1919.7,-3.00599e+06
1919.8,-3.00666e+06
1919.9,-3.00734e+06
1920,-3.00801e+06
1920.1,-3.00869e+06
1920.2,-3.00936e+06
1920.3,-3.01004e+06
1920.4,-3.01071e+06
1920.5,-3.01139e+06
1920.6,-3.01206e+06
1920.7,-3.01273e+06
1920.8,-3.01341e+06
1920.9,-3.01408e+06
1921,-3.01476e+06
1921.1,-3.01543e+06
1921.2,-3.01611e+06
1921.3,-3.01678e+06
1921.4,-3.01745e+06
1921.5,-3.01813e+06
1921.6,-3.0188e+06
1921.7,-3.01948e+06
1921.8,-3.02015e+06
1921.9,-3.02082e+06
1922,-3.0215e+06
1922.1,-3.02217e+06
1922.2,-3.02285e+06
1922.3,-3.02352e+06
1922.4,-3.02419e+06
1922.5,-3.02487e+06
1922.6,-3.02554e+06
1922.7,-3.02621e+06
1922.8,-3.02689e+06
1922.9,-3.02756e+06
1923,-3.02823e+06
1923.1,-3.02891e+06
1923.2,-3.02958e+06
1923.3,-3.03026e+06
1923.4,-3.03093e+06
1923.5,-3.0316e+06
1923.6,-3.03228e+06
1923.7,-3.03295e+06
1923.8,-3.03362e+06
1923.9,-3.03429e+06
1924,-3.03497e+06
1924.1,-3.03564e+06
1924.2,-3.03631e+06
1924.3,-3.03699e+06
1924.4,-3.03766e+06
1924.5,-3.03833e+06
1924.6,-3.03901e+06
1924.7,-3.03968e+06
1924.8,-3.04035e+06
1924.9,-3.04102e+06
1925,-3.0417e+06
1925.1,-3.04237e+06
1925.2,-3.04304e+06
1925.3,-3.04372e+06
1925.4,-3.04439e+06
1925.5,-3.04506e+06
1925.6,-3.04573e+06
1925.7,-3.04641e+06
1925.8,-3.04708e+06
1925.9,-3.04775e+06
1926,-3.04842e+06
1926.1,-3.0491e+06
1926.2,-3.04977e+06
1926.3,-3.05044e+06
1926.4,-3.05111e+06
1926.5,-3.05179e+06
1926.6,-3.05246e+06
1926.7,-3.05313e+06
1926.8,-3.0538e+06
1926.9,-3.05447e+06
1927,-3.05515e+06
1927.1,-3.05582e+06
1927.2,-3.05649e+06
1927.3,-3.05716e+06
1927.4,-3.05783e+06
1927.5,-3.05851e+06
1927.6,-3.05918e+06
1927.7,-3.05985e+06
1927.8,-3.06052e+06
1927.9,-3.06119e+06
1928,-3.06187e+06
1928.1,-3.06254e+06
1928.2,-3.06321e+06
1928.3,-3.06388e+06
1928.4,-3.06455e+06
1928.5,-3.06522e+06
1928.6,-3.06589e+06
1928.7,-3.06657e+06
1928.8,-3.06724e+06
1928.9,-3.06791e+06
1929,-3.06858e+06
1929.1,-3.06925e+06
1929.2,-3.06992e+06
1929.3,-3.07059e+06
1929.4,-3.07127e+06
1929.5,-3.07194e+06
1929.6,-3.07261e+06
1929.7,-3.07328e+06
1929.8,-3.07395e+06
1929.9,-3.07462e+06
1930,-3.07529e+06
1930.1,-3.07596e+06
1930.2,-3.07663e+06
1930.3,-3.0773e+06
1930.4,-3.07798e+06
1930.5,-3.07865e+06
1930.6,-3.07932e+06
1930.7,-3.07999e+06
1930.8,-3.08066e+06
1930.9,-3.08133e+06
1931,-3.082e+06
1931.1,-3.08267e+06
1931.2,-3.08334e+06
1931.3,-3.08401e+06
1931.4,-3.08468e+06
1931.5,-3.08535e+06
1931.6,-3.08602e+06
1931.7,-3.08669e+06
1931.8,-3.08736e+06
1931.9,-3.08803e+06
1932,-3.0887e+06
1932.1,-3.08937e+06
1932.2,-3.09004e+06
1932.3,-3.09071e+06
1932.4,-3.09138e+06
1932.5,-3.09205e+06
1932.6,-3.09272e+06
1932.7,-3.09339e+06
1932.8,-3.09406e+06
1932.9,-3.09473e+06
1933,-3.0954e+06
1933.1,-3.09607e+06
1933.2,-3.09674e+06
1933.3,-3.09741e+06
1933.4,-3.09808e+06
1933.5,-3.09875e+06
1933.6,-3.09942e+06
1933.7,-3.10009e+06
1933.8,-3.10076e+06
1933.9,-3.10143e+06
1934,-3.1021e+06
1934.1,-3.10277e+06
1934.2,-3.10344e+06
1934.3,-3.10411e+06
1934.4,-3.10478e+06
1934.5,-3.10545e+06
1934.6,-3.10612e+06
1934.7,-3.10679e+06
1934.8,-3.10746e+06
1934.9,-3.10812e+06
1935,-3.10879e+06
1935.1,-3.10946e+06
1935.2,-3.11013e+06
1935.3,-3.1108e+06
1935.4,-3.11147e+06
1935.5,-3.11214e+06
1935.6,-3.11281e+06
1935.7,-3.11348e+06
1935.8,-3.11415e+06
1935.9,-3.11481e+06
1936,-3.11548e+06
1936.1,-3.11615e+06
1936.2,-3.11682e+06
1936.3,-3.11749e+06
1936.4,-3.11816e+06
1936.5,-3.11883e+06
1936.6,-3.1195e+06
1936.7,-3.12016e+06
1936.8,-3.12083e+06
1936.9,-3.1215e+06
1937,-3.12217e+06
1937.1,-3.12284e+06
1937.2,-3.12351e+06
1937.3,-3.12417e+06
1937.4,-3.12484e+06
1937.5,-3.12551e+06
1937.6,-3.12618e+06
1937.7,-3.12685e+06
1937.8,-3.12751e+06
1937.9,-3.12818e+06
1938,-3.12885e+06
1938.1,-3.12952e+06
1938.2,-3.13019e+06
1938.3,-3.13085e+06
1938.4,-3.13152e+06
1938.5,-3.13219e+06
1938.6,-3.13286e+06
1938.7,-3.13353e+06
1938.8,-3.13419e+06
1938.9,-3.13486e+06
1939,-3.13553e+06
1939.1,-3.1362e+06
1939.2,-3.13686e+06
1939.3,-3.13753e+06
1939.4,-3.1382e+06
1939.5,-3.13887e+06
1939.6,-3.13953e+06
1939.7,-3.1402e+06
1939.8,-3.14087e+06
1939.9,-3.14154e+06
1940,-3.1422e+06
1940.1,-3.14287e+06
1940.2,-3.14354e+06
1940.3,-3.1442e+06
1940.4,-3.14487e+06
1940.5,-3.14554e+06
1940.6,-3.14621e+06
1940.7,-3.14687e+06
1940.8,-3.14754e+06
1940.9,-3.14821e+06
1941,-3.14887e+06
1941.1,-3.14954e+06
1941.2,-3.15021e+06
1941.3,-3.15087e+06
1941.4,-3.15154e+06
1941.5,-3.15221e+06
1941.6,-3.15287e+06
1941.7,-3.15354e+06
1941.8,-3.15421e+06
1941.9,-3.15487e+06
1942,-3.15554e+06
1942.1,-3.15621e+06
1942.2,-3.15687e+06
1942.3,-3.15754e+06
1942.4,-3.15821e+06
1942.5,-3.15887e+06
1942.6,-3.15954e+06
1942.7,-3.16021e+06
1942.8,-3.16087e+06
1942.9,-3.16154e+06
1943,-3.1622e+06
1943.1,-3.16287e+06
1943.2,-3.16354e+06
1943.3,-3.1642e+06
1943.4,-3.16487e+06
1943.5,-3.16553e+06
1943.6,-3.1662e+06
1943.7,-3.16687e+06
1943.8,-3.16753e+06
1943.9,-3.1682e+06
1944,-3.16886e+06
1944.1,-3.16953e+06
1944.2,-3.17019e+06
1944.3,-3.17086e+06
1944.4,-3.17153e+06
1944.5,-3.17219e+06
1944.6,-3.17286e+06
1944.7,-3.17352e+06
1944.8,-3.17419e+06
1944.9,-3.17485e+06
1945,-3.17552e+06
1945.1,-3.17618e+06
1945.2,-3.17685e+06
1945.3,-3.17751e+06
1945.4,-3.17818e+06
1945.5,-3.17884e+06
1945.6,-3.17951e+06
1945.7,-3.18018e+06
1945.8,-3.18084e+06
1945.9,-3.18151e+06
1946,-3.18217e+06
1946.1,-3.18284e+06
1946.2,-3.1835e+06
1946.3,-3.18417e+06
1946.4,-3.18483e+06
1946.5,-3.18549e+06
1946.6,-3.18616e+06
1946.7,-3.18682e+06
1946.8,-3.18749e+06
1946.9,-3.18815e+06
1947,-3.18882e+06
1947.1,-3.18948e+06
1947.2,-3.19015e+06
1947.3,-3.19081e+06
1947.4,-3.19148e+06
1947.5,-3.19214e+06
1947.6,-3.19281e+06
1947.7,-3.19347e+06
1947.8,-3.19413e+06
1947.9,-3.1948e+06
1948,-3.19546e+06
1948.1,-3.19613e+06
1948.2,-3.19679e+06
1948.3,-3.19745e+06
1948.4,-3.19812e+06
1948.5,-3.19878e+06
1948.6,-3.19945e+06
1948.7,-3.20011e+06
1948.8,-3.20077e+06
1948.9,-3.20144e+06
1949,-3.2021e+06
1949.1,-3.20277e+06
1949.2,-3.20343e+06
1949.3,-3.20409e+06
1949.4,-3.20476e+06
1949.5,-3.20542e+06
1949.6,-3.20608e+06
1949.7,-3.20675e+06
1949.8,-3.20741e+06
1949.9,-3.20808e+06
1950,-3.20874e+06
1950.1,-3.2094e+06
1950.2,-3.21007e+06
1950.3,-3.21073e+06
1950.4,-3.21139e+06
1950.5,-3.21206e+06
1950.6,-3.21272e+06
1950.7,-3.21338e+06
1950.8,-3.21405e+06
1950.9,-3.21471e+06
1951,-3.21537e+06
1951.1,-3.21603e+06
1951.2,-3.2167e+06
1951.3,-3.21736e+06
1951.4,-3.21802e+06
1951.5,-3.21869e+06
1951.6,-3.21935e+06
1951.7,-3.22001e+06
1951.8,-3.22067e+06
1951.9,-3.22134e+06
1952,-3.222e+06
1952.1,-3.22266e+06
1952.2,-3.22333e+06
1952.3,-3.22399e+06
1952.4,-3.22465e+06
1952.5,-3.22531e+06
1952.6,-3.22598e+06
1952.7,-3.22664e+06
1952.8,-3.2273e+06
1952.9,-3.22796e+06
1953,-3.22862e+06
1953.1,-3.22929e+06
1953.2,-3.22995e+06
1953.3,-3.23061e+06
1953.4,-3.23127e+06
1953.5,-3.23194e+06
1953.6,-3.2326e+06
1953.7,-3.23326e+06
1953.8,-3.23392e+06
1953.9,-3.23458e+06
1954,-3.23525e+06
1954.1,-3.23591e+06
1954.2,-3.23657e+06
1954.3,-3.23723e+06
1954.4,-3.23789e+06
1954.5,-3.23855e+06
1954.6,-3.23922e+06
1954.7,-3.23988e+06
1954.8,-3.24054e+06
1954.9,-3.2412e+06
1955,-3.24186e+06
1955.1,-3.24252e+06
1955.2,-3.24319e+06
1955.3,-3.24385e+06
1955.4,-3.24451e+06
1955.5,-3.24517e+06
1955.6,-3.24583e+06
1955.7,-3.24649e+06
1955.8,-3.24715e+06
1955.9,-3.24782e+06
1956,-3.24848e+06
1956.1,-3.24914e+06
1956.2,-3.2498e+06
1956.3,-3.25046e+06
1956.4,-3.25112e+06
1956.5,-3.25178e+06
1956.6,-3.25244e+06
1956.7,-3.2531e+06
1956.8,-3.25376e+06
1956.9,-3.25442e+06
1957,-3.25509e+06
1957.1,-3.25575e+06
1957.2,-3.25641e+06
1957.3,-3.25707e+06
1957.4,-3.25773e+06
1957.5,-3.25839e+06
1957.6,-3.25905e+06
1957.7,-3.25971e+06
1957.8,-3.26037e+06
1957.9,-3.26103e+06
1958,-3.26169e+06
1958.1,-3.26235e+06
1958.2,-3.26301e+06
1958.3,-3.26367e+06
1958.4,-3.26433e+06
1958.5,-3.26499e+06
1958.6,-3.26565e+06
1958.7,-3.26631e+06
1958.8,-3.26697e+06
1958.9,-3.26763e+06
1959,-3.26829e+06
1959.1,-3.26895e+06
1959.2,-3.26961e+06
1959.3,-3.27027e+06
1959.4,-3.27093e+06
1959.5,-3.27159e+06
1959.6,-3.27225e+06
1959.7,-3.27291e+06
1959.8,-3.27357e+06
1959.9,-3.27423e+06
1960,-3.27489e+06
1960.1,-3.27555e+06
1960.2,-3.27621e+06
1960.3,-3.27687e+06
1960.4,-3.27753e+06
1960.5,-3.27819e+06
1960.6,-3.27885e+06
1960.7,-3.27951e+06
1960.8,-3.28017e+06
1960.9,-3.28082e+06
1961,-3.28148e+06
1961.1,-3.28214e+06
1961.2,-3.2828e+06
1961.3,-3.28346e+06
1961.4,-3.28412e+06
1961.5,-3.28478e+06
1961.6,-3.28544e+06
1961.7,-3.2861e+06
1961.8,-3.28676e+06
1961.9,-3.28742e+06
1962,-3.28807e+06
1962.1,-3.28873e+06
1962.2,-3.28939e+06
1962.3,-3.29005e+06
1962.4,-3.29071e+06
1962.5,-3.29137e+06
1962.6,-3.29203e+06
1962.7,-3.29268e+06
1962.8,-3.29334e+06
1962.9,-3.294e+06
1963,-3.29466e+06
1963.1,-3.29532e+06
1963.2,-3.29598e+06
1963.3,-3.29663e+06
1963.4,-3.29729e+06
1963.5,-3.29795e+06
1963.6,-3.29861e+06
1963.7,-3.29927e+06
1963.8,-3.29993e+06
1963.9,-3.30058e+06
1964,-3.30124e+06
1964.1,-3.3019e+06
1964.2,-3.30256e+06
1964.3,-3.30322e+06
1964.4,-3.30387e+06
1964.5,-3.30453e+06
1964.6,-3.30519e+06
1964.7,-3.30585e+06
1964.8,-3.3065e+06
1964.9,-3.30716e+06
1965,-3.30782e+06
1965.1,-3.30848e+06
1965.2,-3.30914e+06
1965.3,-3.30979e+06
1965.4,-3.31045e+06
1965.5,-3.31111e+06
1965.6,-3.31176e+06
1965.7,-3.31242e+06
1965.8,-3.31308e+06
1965.9,-3.31374e+06
1966,-3.31439e+06
1966.1,-3.31505e+06
1966.2,-3.31571e+06
1966.3,-3.31637e+06
1966.4,-3.31702e+06
1966.5,-3.31768e+06
1966.6,-3.31834e+06
1966.7,-3.31899e+06
1966.8,-3.31965e+06
1966.9,-3.32031e+06
1967,-3.32096e+06
1967.1,-3.32162e+06
1967.2,-3.32228e+06
1967.3,-3.32293e+06
1967.4,-3.32359e+06
1967.5,-3.32425e+06
1967.6,-3.3249e+06
1967.7,-3.32556e+06
1967.8,-3.32622e+06
1967.9,-3.32687e+06
1968,-3.32753e+06
1968.1,-3.32819e+06
1968.2,-3.32884e+06
1968.3,-3.3295e+06
1968.4,-3.33016e+06
1968.5,-3.33081e+06
1968.6,-3.33147e+06
1968.7,-3.33212e+06
1968.8,-3.33278e+06
1968.9,-3.33344e+06
1969,-3.33409e+06
1969.1,-3.33475e+06
1969.2,-3.3354e+06
1969.3,-3.33606e+06
1969.4,-3.33672e+06
1969.5,-3.33737e+06
1969.6,-3.33803e+06
1969.7,-3.33868e+06
1969.8,-3.33934e+06
1969.9,-3.34e+06
1970,-3.34065e+06
1970.1,-3.34131e+06
1970.2,-3.34196e+06
1970.3,-3.34262e+06
1970.4,-3.34327e+06
1970.5,-3.34393e+06
1970.6,-3.34458e+06
1970.7,-3.34524e+06
1970.8,-3.34589e+06
1970.9,-3.34655e+06
1971,-3.3472e+06
1971.1,-3.34786e+06
1971.2,-3.34852e+06
1971.3,-3.34917e+06
1971.4,-3.34983e+06
1971.5,-3.35048e+06
1971.6,-3.35114e+06
1971.7,-3.35179e+06
1971.8,-3.35245e+06
1971.9,-3.3531e+06
1972,-3.35376e+06
1972.1,-3.35441e+06
1972.2,-3.35506e+06
1972.3,-3.35572e+06
1972.4,-3.35637e+06
1972.5,-3.35703e+06
1972.6,-3.35768e+06
1972.7,-3.35834e+06
1972.8,-3.35899e+06
1972.9,-3.35965e+06
1973,-3.3603e+06
1973.1,-3.36096e+06
1973.2,-3.36161e+06
1973.3,-3.36226e+06
1973.4,-3.36292e+06
1973.5,-3.36357e+06
1973.6,-3.36423e+06
1973.7,-3.36488e+06
1973.8,-3.36554e+06
1973.9,-3.36619e+06
1974,-3.36684e+06
1974.1,-3.3675e+06
1974.2,-3.36815e+06
1974.3,-3.36881e+06
1974.4,-3.36946e+06
1974.5,-3.37011e+06
1974.6,-3.37077e+06
1974.7,-3.37142e+06
1974.8,-3.37207e+06
1974.9,-3.37273e+06
1975,-3.37338e+06
1975.1,-3.37404e+06
1975.2,-3.37469e+06
1975.3,-3.37534e+06
1975.4,-3.376e+06
1975.5,-3.37665e+06
1975.6,-3.3773e+06
1975.7,-3.37796e+06
1975.8,-3.37861e+06
1975.9,-3.37926e+06
1976,-3.37992e+06
1976.1,-3.38057e+06
1976.2,-3.38122e+06
1976.3,-3.38188e+06
1976.4,-3.38253e+06
1976.5,-3.38318e+06
1976.6,-3.38383e+06
1976.7,-3.38449e+06
1976.8,-3.38514e+06
1976.9,-3.38579e+06
1977,-3.38645e+06
1977.1,-3.3871e+06
1977.2,-3.38775e+06
1977.3,-3.3884e+06
1977.4,-3.38906e+06
1977.5,-3.38971e+06
1977.6,-3.39036e+06
1977.7,-3.39101e+06
1977.8,-3.39167e+06
1977.9,-3.39232e+06
1978,-3.39297e+06
1978.1,-3.39362e+06
1978.2,-3.39428e+06
1978.3,-3.39493e+06
1978.4,-3.39558e+06
1978.5,-3.39623e+06
1978.6,-3.39689e+06
1978.7,-3.39754e+06
1978.8,-3.39819e+06
1978.9,-3.39884e+06
1979,-3.39949e+06
1979.1,-3.40015e+06
1979.2,-3.4008e+06
1979.3,-3.40145e+06
1979.4,-3.4021e+06
1979.5,-3.40275e+06
1979.6,-3.40341e+06
1979.7,-3.40406e+06
1979.8,-3.40471e+06
1979.9,-3.40536e+06
1980,-3.40601e+06
1980.1,-3.40666e+06
1980.2,-3.40732e+06
1980.3,-3.40797e+06
1980.4,-3.40862e+06
1980.5,-3.40927e+06
1980.6,-3.40992e+06
1980.7,-3.41057e+06
1980.8,-3.41122e+06
1980.9,-3.41187e+06
1981,-3.41253e+06
1981.1,-3.41318e+06
1981.2,-3.41383e+06
1981.3,-3.41448e+06
1981.4,-3.41513e+06
1981.5,-3.41578e+06
1981.6,-3.41643e+06
1981.7,-3.41708e+06
1981.8,-3.41773e+06
1981.9,-3.41839e+06
1982,-3.41904e+06
1982.1,-3.41969e+06
1982.2,-3.42034e+06
1982.3,-3.42099e+06
1982.4,-3.42164e+06
1982.5,-3.42229e+06
1982.6,-3.42294e+06
1982.7,-3.42359e+06
1982.8,-3.42424e+06
1982.9,-3.42489e+06
1983,-3.42554e+06
1983.1,-3.42619e+06
1983.2,-3.42684e+06
1983.3,-3.42749e+06
1983.4,-3.42814e+06
1983.5,-3.42879e+06
1983.6,-3.42944e+06
1983.7,-3.43009e+06
1983.8,-3.43074e+06
1983.9,-3.43139e+06
1984,-3.43204e+06
1984.1,-3.43269e+06
1984.2,-3.43334e+06
1984.3,-3.43399e+06
1984.4,-3.43464e+06
1984.5,-3.43529e+06
1984.6,-3.43594e+06
1984.7,-3.43659e+06
1984.8,-3.43724e+06
1984.9,-3.43789e+06
1985,-3.43854e+06
1985.1,-3.43919e+06
1985.2,-3.43984e+06
1985.3,-3.44049e+06
1985.4,-3.44114e+06
1985.5,-3.44179e+06
1985.6,-3.44244e+06
1985.7,-3.44309e+06
1985.8,-3.44374e+06
1985.9,-3.44439e+06
1986,-3.44503e+06
1986.1,-3.44568e+06
1986.2,-3.44633e+06
1986.3,-3.44698e+06
1986.4,-3.44763e+06
1986.5,-3.44828e+06
1986.6,-3.44893e+06
1986.7,-3.44958e+06
1986.8,-3.45023e+06
1986.9,-3.45087e+06
1987,-3.45152e+06
1987.1,-3.45217e+06
1987.2,-3.45282e+06
1987.3,-3.45347e+06
1987.4,-3.45412e+06
1987.5,-3.45477e+06
1987.6,-3.45542e+06
1987.7,-3.45606e+06
1987.8,-3.45671e+06
1987.9,-3.45736e+06
1988,-3.45801e+06
1988.1,-3.45866e+06
1988.2,-3.45931e+06
1988.3,-3.45995e+06
1988.4,-3.4606e+06
1988.5,-3.46125e+06
1988.6,-3.4619e+06
1988.7,-3.46255e+06
1988.8,-3.46319e+06
1988.9,-3.46384e+06
1989,-3.46449e+06
1989.1,-3.46514e+06
1989.2,-3.46579e+06
1989.3,-3.46643e+06
1989.4,-3.46708e+06
1989.5,-3.46773e+06
1989.6,-3.46838e+06
1989.7,-3.46902e+06
1989.8,-3.46967e+06
1989.9,-3.47032e+06
1990,-3.47097e+06
1990.1,-3.47161e+06
1990.2,-3.47226e+06
1990.3,-3.47291e+06
1990.4,-3.47356e+06
1990.5,-3.4742e+06
1990.6,-3.47485e+06
1990.7,-3.4755e+06
1990.8,-3.47615e+06
1990.9,-3.47679e+06
1991,-3.47744e+06
1991.1,-3.47809e+06
1991.2,-3.47873e+06
1991.3,-3.47938e+06
1991.4,-3.48003e+06
1991.5,-3.48068e+06
1991.6,-3.48132e+06
1991.7,-3.48197e+06
1991.8,-3.48262e+06
1991.9,-3.48326e+06
1992,-3.48391e+06
1992.1,-3.48456e+06
1992.2,-3.4852e+06
1992.3,-3.48585e+06
1992.4,-3.4865e+06
1992.5,-3.48714e+06
1992.6,-3.48779e+06
1992.7,-3.48843e+06
1992.8,-3.48908e+06
1992.9,-3.48973e+06
1993,-3.49037e+06
1993.1,-3.49102e+06
1993.2,-3.49167e+06
1993.3,-3.49231e+06
1993.4,-3.49296e+06
1993.5,-3.4936e+06
1993.6,-3.49425e+06
1993.7,-3.4949e+06
1993.8,-3.49554e+06
1993.9,-3.49619e+06
1994,-3.49683e+06
1994.1,-3.49748e+06
1994.2,-3.49813e+06
1994.3,-3.49877e+06
1994.4,-3.49942e+06
1994.5,-3.50006e+06
1994.6,-3.50071e+06
1994.7,-3.50135e+06
1994.8,-3.502e+06
1994.9,-3.50264e+06
1995,-3.50329e+06
1995.1,-3.50394e+06
1995.2,-3.50458e+06
1995.3,-3.50523e+06
1995.4,-3.50587e+06
1995.5,-3.50652e+06
1995.6,-3.50716e+06
1995.7,-3.50781e+06
1995.8,-3.50845e+06
1995.9,-3.5091e+06
1996,-3.50974e+06
1996.1,-3.51039e+06
1996.2,-3.51103e+06
1996.3,-3.51168e+06
1996.4,-3.51232e+06
1996.5,-3.51297e+06
1996.6,-3.51361e+06
1996.7,-3.51426e+06
1996.8,-3.5149e+06
1996.9,-3.51555e+06
1997,-3.51619e+06
1997.1,-3.51683e+06
1997.2,-3.51748e+06
1997.3,-3.51812e+06
1997.4,-3.51877e+06
1997.5,-3.51941e+06
1997.6,-3.52006e+06
1997.7,-3.5207e+06
1997.8,-3.52135e+06
1997.9,-3.52199e+06
1998,-3.52263e+06
1998.1,-3.52328e+06
1998.2,-3.52392e+06
1998.3,-3.52457e+06
1998.4,-3.52521e+06
1998.5,-3.52585e+06
1998.6,-3.5265e+06
1998.7,-3.52714e+06
1998.8,-3.52779e+06
1998.9,-3.52843e+06
1999,-3.52907e+06
1999.1,-3.52972e+06
1999.2,-3.53036e+06
1999.3,-3.531e+06
1999.4,-3.53165e+06
1999.5,-3.53229e+06
1999.6,-3.53294e+06
1999.7,-3.53358e+06
1999.8,-3.53422e+06
1999.9,-3.53487e+06
2000,-3.53551e+06
2000.1,-3.53615e+06
2000.2,-3.5368e+06
2000.3,-3.53744e+06
2000.4,-3.53808e+06
2000.5,-3.53872e+06
2000.6,-3.53937e+06
2000.7,-3.54001e+06
2000.8,-3.54065e+06
2000.9,-3.5413e+06
2001,-3.54194e+06
2001.1,-3.54258e+06
2001.2,-3.54323e+06
2001.3,-3.54387e+06
2001.4,-3.54451e+06
2001.5,-3.54515e+06
2001.6,-3.5458e+06
2001.7,-3.54644e+06
2001.8,-3.54708e+06
2001.9,-3.54772e+06
2002,-3.54837e+06
2002.1,-3.54901e+06
2002.2,-3.54965e+06
2002.3,-3.55029e+06
2002.4,-3.55094e+06
2002.5,-3.55158e+06
2002.6,-3.55222e+06
2002.7,-3.55286e+06
2002.8,-3.5535e+06
2002.9,-3.55415e+06
2003,-3.55479e+06
2003.1,-3.55543e+06
2003.2,-3.55607e+06
2003.3,-3.55672e+06
2003.4,-3.55736e+06
2003.5,-3.558e+06
2003.6,-3.55864e+06
2003.7,-3.55928e+06
2003.8,-3.55992e+06
2003.9,-3.56057e+06
2004,-3.56121e+06
2004.1,-3.56185e+06
2004.2,-3.56249e+06
2004.3,-3.56313e+06
2004.4,-3.56377e+06
2004.5,-3.56442e+06
2004.6,-3.56506e+06
2004.7,-3.5657e+06
2004.8,-3.56634e+06
2004.9,-3.56698e+06
2005,-3.56762e+06
2005.1,-3.56826e+06
2005.2,-3.5689e+06
2005.3,-3.56954e+06
2005.4,-3.57019e+06
2005.5,-3.57083e+06
2005.6,-3.57147e+06
2005.7,-3.57211e+06
2005.8,-3.57275e+06
2005.9,-3.57339e+06
2006,-3.57403e+06
2006.1,-3.57467e+06
2006.2,-3.57531e+06
2006.3,-3.57595e+06
2006.4,-3.57659e+06
2006.5,-3.57723e+06
2006.6,-3.57788e+06
2006.7,-3.57852e+06
2006.8,-3.57916e+06
2006.9,-3.5798e+06
2007,-3.58044e+06
2007.1,-3.58108e+06
2007.2,-3.58172e+06
2007.3,-3.58236e+06
2007.4,-3.583e+06
2007.5,-3.58364e+06
2007.6,-3.58428e+06
2007.7,-3.58492e+06
2007.8,-3.58556e+06
2007.9,-3.5862e+06
2008,-3.58684e+06
2008.1,-3.58748e+06
2008.2,-3.58812e+06
2008.3,-3.58876e+06
2008.4,-3.5894e+06
2008.5,-3.59004e+06
2008.6,-3.59068e+06
2008.7,-3.59132e+06
2008.8,-3.59196e+06
2008.9,-3.5926e+06
2009,-3.59324e+06
2009.1,-3.59387e+06
2009.2,-3.59451e+06
2009.3,-3.59515e+06
2009.4,-3.59579e+06
2009.5,-3.59643e+06
2009.6,-3.59707e+06
2009.7,-3.59771e+06
2009.8,-3.59835e+06
2009.9,-3.59899e+06
2010,-3.59963e+06
2010.1,-3.60027e+06
2010.2,-3.60091e+06
2010.3,-3.60154e+06
2010.4,-3.60218e+06
2010.5,-3.60282e+06
2010.6,-3.60346e+06
2010.7,-3.6041e+06
2010.8,-3.60474e+06
2010.9,-3.60538e+06
2011,-3.60602e+06
2011.1,-3.60666e+06
2011.2,-3.60729e+06
2011.3,-3.60793e+06
2011.4,-3.60857e+06
2011.5,-3.60921e+06
2011.6,-3.60985e+06
2011.7,-3.61049e+06
2011.8,-3.61112e+06
2011.9,-3.61176e+06
2012,-3.6124e+06
2012.1,-3.61304e+06
2012.2,-3.61368e+06
2012.3,-3.61432e+06
2012.4,-3.61495e+06
2012.5,-3.61559e+06
2012.6,-3.61623e+06
2012.7,-3.61687e+06
2012.8,-3.6175e+06
2012.9,-3.61814e+06
2013,-3.61878e+06
2013.1,-3.61942e+06
2013.2,-3.62006e+06
2013.3,-3.62069e+06
2013.4,-3.62133e+06
2013.5,-3.62197e+06
2013.6,-3.62261e+06
2013.7,-3.62324e+06
2013.8,-3.62388e+06
2013.9,-3.62452e+06
2014,-3.62516e+06
2014.1,-3.62579e+06
2014.2,-3.62643e+06
2014.3,-3.62707e+06
2014.4,-3.6277e+06
2014.5,-3.62834e+06
2014.6,-3.62898e+06
2014.7,-3.62962e+06
2014.8,-3.63025e+06
2014.9,-3.63089e+06
2015,-3.63153e+06
2015.1,-3.63216e+06
2015.2,-3.6328e+06
2015.3,-3.63344e+06
2015.4,-3.63407e+06
2015.5,-3.63471e+06
2015.6,-3.63535e+06
2015.7,-3.63598e+06
2015.8,-3.63662e+06
2015.9,-3.63726e+06
2016,-3.63789e+06
2016.1,-3.63853e+06
2016.2,-3.63917e+06
2016.3,-3.6398e+06
2016.4,-3.64044e+06
2016.5,-3.64108e+06
2016.6,-3.64171e+06
2016.7,-3.64235e+06
2016.8,-3.64298e+06
2016.9,-3.64362e+06
2017,-3.64426e+06
2017.1,-3.64489e+06
2017.2,-3.64553e+06
2017.3,-3.64616e+06
2017.4,-3.6468e+06
2017.5,-3.64744e+06
2017.6,-3.64807e+06
2017.7,-3.64871e+06
2017.8,-3.64934e+06
2017.9,-3.64998e+06
2018,-3.65061e+06
2018.1,-3.65125e+06
2018.2,-3.65189e+06
2018.3,-3.65252e+06
2018.4,-3.65316e+06
2018.5,-3.65379e+06
2018.6,-3.65443e+06
2018.7,-3.65506e+06
2018.8,-3.6557e+06
2018.9,-3.65633e+06
2019,-3.65697e+06
2019.1,-3.6576e+06
2019.2,-3.65824e+06
2019.3,-3.65887e+06
2019.4,-3.65951e+06
2019.5,-3.66014e+06
2019.6,-3.66078e+06
2019.7,-3.66141e+06
2019.8,-3.66205e+06
2019.9,-3.66268e+06
2020,-3.66332e+06
2020.1,-3.66395e+06
2020.2,-3.66459e+06
2020.3,-3.66522e+06
2020.4,-3.66586e+06
2020.5,-3.66649e+06
2020.6,-3.66713e+06
2020.7,-3.66776e+06
2020.8,-3.66839e+06
2020.9,-3.66903e+06
2021,-3.66966e+06
2021.1,-3.6703e+06
2021.2,-3.67093e+06
2021.3,-3.67157e+06
2021.4,-3.6722e+06
2021.5,-3.67283e+06
2021.6,-3.67347e+06
2021.7,-3.6741e+06
2021.8,-3.67474e+06
2021.9,-3.67537e+06
2022,-3.676e+06
2022.1,-3.67664e+06
2022.2,-3.67727e+06
2022.3,-3.67791e+06
2022.4,-3.67854e+06
2022.5,-3.67917e+06
2022.6,-3.67981e+06
2022.7,-3.68044e+06
2022.8,-3.68107e+06
2022.9,-3.68171e+06
2023,-3.68234e+06
2023.1,-3.68297e+06
2023.2,-3.68361e+06
2023.3,-3.68424e+06
2023.4,-3.68487e+06
2023.5,-3.68551e+06
2023.6,-3.68614e+06
2023.7,-3.68677e+06
2023.8,-3.68741e+06
2023.9,-3.68804e+06
2024,-3.68867e+06
2024.1,-3.68931e+06
2024.2,-3.68994e+06
2024.3,-3.69057e+06
2024.4,-3.6912e+06
2024.5,-3.69184e+06
2024.6,-3.69247e+06
2024.7,-3.6931e+06
2024.8,-3.69373e+06
2024.9,-3.69437e+06
2025,-3.695e+06
2025.1,-3.69563e+06
2025.2,-3.69626e+06
2025.3,-3.6969e+06
2025.4,-3.69753e+06
2025.5,-3.69816e+06
2025.6,-3.69879e+06
2025.7,-3.69943e+06
2025.8,-3.70006e+06
2025.9,-3.70069e+06
2026,-3.70132e+06
2026.1,-3.70196e+06
2026.2,-3.70259e+06
2026.3,-3.70322e+06
2026.4,-3.70385e+06
2026.5,-3.70448e+06
2026.6,-3.70511e+06
2026.7,-3.70575e+06
2026.8,-3.70638e+06
2026.9,-3.70701e+06
2027,-3.70764e+06
2027.1,-3.70827e+06
2027.2,-3.7089e+06
2027.3,-3.70954e+06
2027.4,-3.71017e+06
2027.5,-3.7108e+06
2027.6,-3.71143e+06
2027.7,-3.71206e+06
2027.8,-3.71269e+06
2027.9,-3.71332e+06
2028,-3.71396e+06
2028.1,-3.71459e+06
2028.2,-3.71522e+06
2028.3,-3.71585e+06
2028.4,-3.71648e+06
2028.5,-3.71711e+06
2028.6,-3.71774e+06
2028.7,-3.71837e+06
2028.8,-3.719e+06
2028.9,-3.71964e+06
2029,-3.72027e+06
2029.1,-3.7209e+06
2029.2,-3.72153e+06
2029.3,-3.72216e+06
2029.4,-3.72279e+06
2029.5,-3.72342e+06
2029.6,-3.72405e+06
2029.7,-3.72468e+06
2029.8,-3.72531e+06
2029.9,-3.72594e+06
2030,-3.72657e+06
2030.1,-3.7272e+06
2030.2,-3.72783e+06
2030.3,-3.72846e+06
2030.4,-3.72909e+06
2030.5,-3.72972e+06
2030.6,-3.73035e+06
2030.7,-3.73098e+06
2030.8,-3.73161e+06
2030.9,-3.73224e+06
2031,-3.73287e+06
2031.1,-3.7335e+06
2031.2,-3.73413e+06
2031.3,-3.73476e+06
2031.4,-3.73539e+06
2031.5,-3.73602e+06
2031.6,-3.73665e+06
2031.7,-3.73728e+06
2031.8,-3.73791e+06
2031.9,-3.73854e+06
2032,-3.73917e+06
2032.1,-3.7398e+06
2032.2,-3.74043e+06
2032.3,-3.74106e+06
2032.4,-3.74169e+06
2032.5,-3.74232e+06
2032.6,-3.74294e+06
2032.7,-3.74357e+06
2032.8,-3.7442e+06
2032.9,-3.74483e+06
2033,-3.74546e+06
2033.1,-3.74609e+06
2033.2,-3.74672e+06
2033.3,-3.74735e+06
2033.4,-3.74798e+06
2033.5,-3.74861e+06
2033.6,-3.74923e+06
2033.7,-3.74986e+06
2033.8,-3.75049e+06
2033.9,-3.75112e+06
2034,-3.75175e+06
2034.1,-3.75238e+06
2034.2,-3.75301e+06
2034.3,-3.75363e+06
2034.4,-3.75426e+06
2034.5,-3.75489e+06
2034.6,-3.75552e+06
2034.7,-3.75615e+06
2034.8,-3.75678e+06
2034.9,-3.7574e+06
2035,-3.75803e+06
2035.1,-3.75866e+06
2035.2,-3.75929e+06
2035.3,-3.75992e+06
2035.4,-3.76054e+06
2035.5,-3.76117e+06
2035.6,-3.7618e+06
2035.7,-3.76243e+06
2035.8,-3.76306e+06
2035.9,-3.76368e+06
2036,-3.76431e+06
2036.1,-3.76494e+06
2036.2,-3.76557e+06
2036.3,-3.76619e+06
2036.4,-3.76682e+06
2036.5,-3.76745e+06
2036.6,-3.76808e+06
2036.7,-3.7687e+06
2036.8,-3.76933e+06
2036.9,-3.76996e+06
2037,-3.77059e+06
2037.1,-3.77121e+06
2037.2,-3.77184e+06
2037.3,-3.77247e+06
2037.4,-3.77309e+06
2037.5,-3.77372e+06
2037.6,-3.77435e+06
2037.7,-3.77497e+06
2037.8,-3.7756e+06
2037.9,-3.77623e+06
2038,-3.77686e+06
2038.1,-3.77748e+06
2038.2,-3.77811e+06
2038.3,-3.77874e+06
2038.4,-3.77936e+06
2038.5,-3.77999e+06
2038.6,-3.78061e+06
2038.7,-3.78124e+06
2038.8,-3.78187e+06
2038.9,-3.78249e+06
2039,-3.78312e+06
2039.1,-3.78375e+06
2039.2,-3.78437e+06
2039.3,-3.785e+06
2039.4,-3.78563e+06
2039.5,-3.78625e+06
2039.6,-3.78688e+06
2039.7,-3.7875e+06
2039.8,-3.78813e+06
2039.9,-3.78876e+06
2040,-3.78938e+06
2040.1,-3.79001e+06
2040.2,-3.79063e+06
2040.3,-3.79126e+06
2040.4,-3.79188e+06
2040.5,-3.79251e+06
2040.6,-3.79314e+06
2040.7,-3.79376e+06
2040.8,-3.79439e+06
2040.9,-3.79501e+06
2041,-3.79564e+06
2041.1,-3.79626e+06
2041.2,-3.79689e+06
2041.3,-3.79751e+06
2041.4,-3.79814e+06
2041.5,-3.79876e+06
2041.6,-3.79939e+06
2041.7,-3.80001e+06
2041.8,-3.80064e+06
2041.9,-3.80126e+06
2042,-3.80189e+06
2042.1,-3.80251e+06
2042.2,-3.80314e+06
2042.3,-3.80376e+06
2042.4,-3.80439e+06
2042.5,-3.80501e+06
2042.6,-3.80564e+06
2042.7,-3.80626e+06
2042.8,-3.80689e+06
2042.9,-3.80751e+06
2043,-3.80814e+06
2043.1,-3.80876e+06
2043.2,-3.80939e+06
2043.3,-3.81001e+06
2043.4,-3.81063e+06
2043.5,-3.81126e+06
2043.6,-3.81188e+06
2043.7,-3.81251e+06
2043.8,-3.81313e+06
2043.9,-3.81376e+06
2044,-3.81438e+06
2044.1,-3.815e+06
2044.2,-3.81563e+06
2044.3,-3.81625e+06
2044.4,-3.81688e+06
2044.5,-3.8175e+06
2044.6,-3.81812e+06
2044.7,-3.81875e+06
2044.8,-3.81937e+06
2044.9,-3.81999e+06
2045,-3.82062e+06
2045.1,-3.82124e+06
2045.2,-3.82186e+06
2045.3,-3.82249e+06
2045.4,-3.82311e+06
2045.5,-3.82374e+06
2045.6,-3.82436e+06
2045.7,-3.82498e+06
2045.8,-3.8256e+06
2045.9,-3.82623e+06
2046,-3.82685e+06
2046.1,-3.82747e+06
2046.2,-3.8281e+06
2046.3,-3.82872e+06
2046.4,-3.82934e+06
2046.5,-3.82997e+06
2046.6,-3.83059e+06
2046.7,-3.83121e+06
2046.8,-3.83183e+06
2046.9,-3.83246e+06
2047,-3.83308e+06
2047.1,-3.8337e+06
2047.2,-3.83433e+06
2047.3,-3.83495e+06
2047.4,-3.83557e+06
2047.5,-3.83619e+06
2047.6,-3.83682e+06
2047.7,-3.83744e+06
2047.8,-3.83806e+06
2047.9,-3.83868e+06
2048,-3.8393e+06
2048.1,-3.83993e+06
2048.2,-3.84055e+06
2048.3,-3.84117e+06
2048.4,-3.84179e+06
2048.5,-3.84242e+06
2048.6,-3.84304e+06
2048.7,-3.84366e+06
2048.8,-3.84428e+06
2048.9,-3.8449e+06
2049,-3.84552e+06
2049.1,-3.84615e+06
2049.2,-3.84677e+06
2049.3,-3.84739e+06
2049.4,-3.84801e+06
2049.5,-3.84863e+06
2049.6,-3.84925e+06
2049.7,-3.84988e+06
2049.8,-3.8505e+06
2049.9,-3.85112e+06
2050,-3.85174e+06
2050.1,-3.85236e+06
2050.2,-3.85298e+06
2050.3,-3.8536e+06
2050.4,-3.85422e+06
2050.5,-3.85485e+06
2050.6,-3.85547e+06
2050.7,-3.85609e+06
2050.8,-3.85671e+06
2050.9,-3.85733e+06
2051,-3.85795e+06
2051.1,-3.85857e+06
2051.2,-3.85919e+06
2051.3,-3.85981e+06
2051.4,-3.86043e+06
2051.5,-3.86105e+06
2051.6,-3.86168e+06
2051.7,-3.8623e+06
2051.8,-3.86292e+06
2051.9,-3.86354e+06
2052,-3.86416e+06
2052.1,-3.86478e+06
2052.2,-3.8654e+06
2052.3,-3.86602e+06
2052.4,-3.86664e+06
2052.5,-3.86726e+06
2052.6,-3.86788e+06
2052.7,-3.8685e+06
2052.8,-3.86912e+06
2052.9,-3.86974e+06
2053,-3.87036e+06
2053.1,-3.87098e+06
2053.2,-3.8716e+06
2053.3,-3.87222e+06
2053.4,-3.87284e+06
2053.5,-3.87346e+06
2053.6,-3.87408e+06
2053.7,-3.8747e+06
2053.8,-3.87532e+06
2053.9,-3.87594e+06
2054,-3.87656e+06
2054.1,-3.87718e+06
2054.2,-3.87779e+06
2054.3,-3.87841e+06
2054.4,-3.87903e+06
2054.5,-3.87965e+06
2054.6,-3.88027e+06
2054.7,-3.88089e+06
2054.8,-3.88151e+06
2054.9,-3.88213e+06
2055,-3.88275e+06
2055.1,-3.88337e+06
2055.2,-3.88399e+06
2055.3,-3.8846e+06
2055.4,-3.88522e+06
2055.5,-3.88584e+06
2055.6,-3.88646e+06
2055.7,-3.88708e+06
2055.8,-3.8877e+06
2055.9,-3.88832e+06
2056,-3.88894e+06
2056.1,-3.88955e+06
2056.2,-3.89017e+06
2056.3,-3.89079e+06
2056.4,-3.89141e+06
2056.5,-3.89203e+06
2056.6,-3.89265e+06
2056.7,-3.89326e+06
2056.8,-3.89388e+06
2056.9,-3.8945e+06
2057,-3.89512e+06
2057.1,-3.89574e+06
2057.2,-3.89635e+06
2057.3,-3.89697e+06
2057.4,-3.89759e+06
2057.5,-3.89821e+06
2057.6,-3.89883e+06
2057.7,-3.89944e+06
2057.8,-3.90006e+06
2057.9,-3.90068e+06
2058,-3.9013e+06
2058.1,-3.90191e+06
2058.2,-3.90253e+06
2058.3,-3.90315e+06
2058.4,-3.90377e+06
2058.5,-3.90438e+06
2058.6,-3.905e+06
2058.7,-3.90562e+06
2058.8,-3.90624e+06
2058.9,-3.90685e+06
2059,-3.90747e+06
2059.1,-3.90809e+06
2059.2,-3.90871e+06
2059.3,-3.90932e+06
2059.4,-3.90994e+06
2059.5,-3.91056e+06
2059.6,-3.91117e+06
2059.7,-3.91179e+06
2059.8,-3.91241e+06
2059.9,-3.91302e+06
2060,-3.91364e+06
2060.1,-3.91426e+06
2060.2,-3.91487e+06
2060.3,-3.91549e+06
2060.4,-3.91611e+06
2060.5,-3.91672e+06
2060.6,-3.91734e+06
2060.7,-3.91796e+06
2060.8,-3.91857e+06
2060.9,-3.91919e+06
2061,-3.9198e+06
2061.1,-3.92042e+06
2061.2,-3.92104e+06
2061.3,-3.92165e+06
2061.4,-3.92227e+06
2061.5,-3.92289e+06
2061.6,-3.9235e+06
2061.7,-3.92412e+06
2061.8,-3.92473e+06
2061.9,-3.92535e+06
2062,-3.92596e+06
2062.1,-3.92658e+06
2062.2,-3.9272e+06
2062.3,-3.92781e+06
2062.4,-3.92843e+06
2062.5,-3.92904e+06
2062.6,-3.92966e+06
2062.7,-3.93027e+06
2062.8,-3.93089e+06
2062.9,-3.9315e+06
2063,-3.93212e+06
2063.1,-3.93274e+06
2063.2,-3.93335e+06
2063.3,-3.93397e+06
2063.4,-3.93458e+06
2063.5,-3.9352e+06
2063.6,-3.93581e+06
2063.7,-3.93643e+06
2063.8,-3.93704e+06
2063.9,-3.93766e+06
2064,-3.93827e+06
2064.1,-3.93888e+06
2064.2,-3.9395e+06
2064.3,-3.94011e+06
2064.4,-3.94073e+06
2064.5,-3.94134e+06
2064.6,-3.94196e+06
2064.7,-3.94257e+06
2064.8,-3.94319e+06
2064.9,-3.9438e+06
2065,-3.94442e+06
2065.1,-3.94503e+06
2065.2,-3.94564e+06
2065.3,-3.94626e+06
2065.4,-3.94687e+06
2065.5,-3.94749e+06
2065.6,-3.9481e+06
2065.7,-3.94872e+06
2065.8,-3.94933e+06
2065.9,-3.94994e+06
2066,-3.95056e+06
2066.1,-3.95117e+06
2066.2,-3.95178e+06
2066.3,-3.9524e+06
2066.4,-3.95301e+06
2066.5,-3.95363e+06
2066.6,-3.95424e+06
2066.7,-3.95485e+06
2066.8,-3.95547e+06
2066.9,-3.95608e+06
2067,-3.95669e+06
2067.1,-3.95731e+06
2067.2,-3.95792e+06
2067.3,-3.95853e+06
2067.4,-3.95915e+06
2067.5,-3.95976e+06
2067.6,-3.96037e+06
2067.7,-3.96099e+06
2067.8,-3.9616e+06
2067.9,-3.96221e+06
2068,-3.96283e+06
2068.1,-3.96344e+06
2068.2,-3.96405e+06
2068.3,-3.96466e+06
2068.4,-3.96528e+06
2068.5,-3.96589e+06
2068.6,-3.9665e+06
2068.7,-3.96711e+06
2068.8,-3.96773e+06
2068.9,-3.96834e+06
2069,-3.96895e+06
2069.1,-3.96956e+06
2069.2,-3.97018e+06
2069.3,-3.97079e+06
2069.4,-3.9714e+06
2069.5,-3.97201e+06
2069.6,-3.97263e+06
2069.7,-3.97324e+06
2069.8,-3.97385e+06
2069.9,-3.97446e+06
2070,-3.97507e+06
2070.1,-3.97569e+06
2070.2,-3.9763e+06
2070.3,-3.97691e+06
2070.4,-3.97752e+06
2070.5,-3.97813e+06
2070.6,-3.97875e+06
2070.7,-3.97936e+06
2070.8,-3.97997e+06
2070.9,-3.98058e+06
2071,-3.98119e+06
2071.1,-3.9818e+06
2071.2,-3.98242e+06
2071.3,-3.98303e+06
2071.4,-3.98364e+06
2071.5,-3.98425e+06
2071.6,-3.98486e+06
2071.7,-3.98547e+06
2071.8,-3.98608e+06
2071.9,-3.98669e+06
2072,-3.9873e+06
2072.1,-3.98792e+06
2072.2,-3.98853e+06
2072.3,-3.98914e+06
2072.4,-3.98975e+06
2072.5,-3.99036e+06
2072.6,-3.99097e+06
2072.7,-3.99158e+06
2072.8,-3.99219e+06
2072.9,-3.9928e+06
2073,-3.99341e+06
2073.1,-3.99402e+06
2073.2,-3.99463e+06
2073.3,-3.99524e+06
2073.4,-3.99586e+06
2073.5,-3.99647e+06
2073.6,-3.99708e+06
2073.7,-3.99769e+06
2073.8,-3.9983e+06
2073.9,-3.99891e+06
2074,-3.99952e+06
2074.1,-4.00013e+06
2074.2,-4.00074e+06
2074.3,-4.00135e+06
2074.4,-4.00196e+06
2074.5,-4.00257e+06
2074.6,-4.00318e+06
2074.7,-4.00379e+06
2074.8,-4.0044e+06
2074.9,-4.00501e+06
2075,-4.00562e+06
2075.1,-4.00622e+06
2075.2,-4.00683e+06
2075.3,-4.00744e+06
2075.4,-4.00805e+06
2075.5,-4.00866e+06
2075.6,-4.00927e+06
2075.7,-4.00988e+06
2075.8,-4.01049e+06
2075.9,-4.0111e+06
2076,-4.01171e+06
2076.1,-4.01232e+06
2076.2,-4.01293e+06
2076.3,-4.01354e+06
2076.4,-4.01414e+06
2076.5,-4.01475e+06
2076.6,-4.01536e+06
2076.7,-4.01597e+06
2076.8,-4.01658e+06
2076.9,-4.01719e+06
2077,-4.0178e+06
2077.1,-4.01841e+06
2077.2,-4.01902e+06
2077.3,-4.01962e+06
2077.4,-4.02023e+06
2077.5,-4.02084e+06
2077.6,-4.02145e+06
2077.7,-4.02206e+06
2077.8,-4.02267e+06
2077.9,-4.02327e+06
2078,-4.02388e+06
2078.1,-4.02449e+06
2078.2,-4.0251e+06
2078.3,-4.02571e+06
2078.4,-4.02631e+06
2078.5,-4.02692e+06
2078.6,-4.02753e+06
2078.7,-4.02814e+06
2078.8,-4.02875e+06
2078.9,-4.02935e+06
2079,-4.02996e+06
2079.1,-4.03057e+06
2079.2,-4.03118e+06
2079.3,-4.03178e+06
2079.4,-4.03239e+06
2079.5,-4.033e+06
2079.6,-4.03361e+06
2079.7,-4.03421e+06
2079.8,-4.03482e+06
2079.9,-4.03543e+06
2080,-4.03604e+06
2080.1,-4.03664e+06
2080.2,-4.03725e+06
2080.3,-4.03786e+06
2080.4,-4.03846e+06
2080.5,-4.03907e+06
2080.6,-4.03968e+06
2080.7,-4.04029e+06
2080.8,-4.04089e+06
2080.9,-4.0415e+06
2081,-4.04211e+06
2081.1,-4.04271e+06
2081.2,-4.04332e+06
2081.3,-4.04393e+06
2081.4,-4.04453e+06
2081.5,-4.04514e+06
2081.6,-4.04575e+06
2081.7,-4.04635e+06
2081.8,-4.04696e+06
2081.9,-4.04756e+06
2082,-4.04817e+06
2082.1,-4.04878e+06
2082.2,-4.04938e+06
2082.3,-4.04999e+06
2082.4,-4.0506e+06
2082.5,-4.0512e+06
2082.6,-4.05181e+06
2082.7,-4.05241e+06
2082.8,-4.05302e+06
2082.9,-4.05363e+06
2083,-4.05423e+06
2083.1,-4.05484e+06
2083.2,-4.05544e+06
2083.3,-4.05605e+06
2083.4,-4.05665e+06
2083.5,-4.05726e+06
2083.6,-4.05787e+06
2083.7,-4.05847e+06
2083.8,-4.05908e+06
2083.9,-4.05968e+06
2084,-4.06029e+06
2084.1,-4.06089e+06
2084.2,-4.0615e+06
2084.3,-4.0621e+06
2084.4,-4.06271e+06
2084.5,-4.06331e+06
2084.6,-4.06392e+06
2084.7,-4.06452e+06
2084.8,-4.06513e+06
2084.9,-4.06573e+06
2085,-4.06634e+06
2085.1,-4.06694e+06
2085.2,-4.06755e+06
2085.3,-4.06815e+06
2085.4,-4.06876e+06
2085.5,-4.06936e+06
2085.6,-4.06997e+06
2085.7,-4.07057e+06
2085.8,-4.07117e+06
2085.9,-4.07178e+06
2086,-4.07238e+06
2086.1,-4.07299e+06
2086.2,-4.07359e+06
2086.3,-4.0742e+06
2086.4,-4.0748e+06
2086.5,-4.0754e+06
2086.6,-4.07601e+06
2086.7,-4.07661e+06
2086.8,-4.07722e+06
2086.9,-4.07782e+06
2087,-4.07842e+06
2087.1,-4.07903e+06
2087.2,-4.07963e+06
2087.3,-4.08024e+06
2087.4,-4.08084e+06
2087.5,-4.08144e+06
2087.6,-4.08205e+06
2087.7,-4.08265e+06
2087.8,-4.08325e+06
2087.9,-4.08386e+06
2088,-4.08446e+06
2088.1,-4.08506e+06
2088.2,-4.08567e+06
2088.3,-4.08627e+06
2088.4,-4.08687e+06
2088.5,-4.08748e+06
2088.6,-4.08808e+06
2088.7,-4.08868e+06
2088.8,-4.08929e+06
2088.9,-4.08989e+06
2089,-4.09049e+06
2089.1,-4.09109e+06
2089.2,-4.0917e+06
2089.3,-4.0923e+06
2089.4,-4.0929e+06
2089.5,-4.09351e+06
2089.6,-4.09411e+06
2089.7,-4.09471e+06
2089.8,-4.09531e+06
2089.9,-4.09592e+06
2090,-4.09652e+06
2090.1,-4.09712e+06
2090.2,-4.09772e+06
2090.3,-4.09832e+06
2090.4,-4.09893e+06
2090.5,-4.09953e+06
2090.6,-4.10013e+06
2090.7,-4.10073e+06
2090.8,-4.10134e+06
2090.9,-4.10194e+06
2091,-4.10254e+06
2091.1,-4.10314e+06
2091.2,-4.10374e+06
2091.3,-4.10435e+06
2091.4,-4.10495e+06
2091.5,-4.10555e+06
2091.6,-4.10615e+06
2091.7,-4.10675e+06
2091.8,-4.10735e+06
2091.9,-4.10796e+06
2092,-4.10856e+06
2092.1,-4.10916e+06
2092.2,-4.10976e+06
2092.3,-4.11036e+06
2092.4,-4.11096e+06
2092.5,-4.11156e+06
2092.6,-4.11216e+06
2092.7,-4.11277e+06
2092.8,-4.11337e+06
2092.9,-4.11397e+06
2093,-4.11457e+06
2093.1,-4.11517e+06
2093.2,-4.11577e+06
2093.3,-4.11637e+06
2093.4,-4.11697e+06
2093.5,-4.11757e+06
2093.6,-4.11817e+06
2093.7,-4.11877e+06
2093.8,-4.11937e+06
2093.9,-4.11997e+06
2094,-4.12058e+06
2094.1,-4.12118e+06
2094.2,-4.12178e+06
2094.3,-4.12238e+06
2094.4,-4.12298e+06
2094.5,-4.12358e+06
2094.6,-4.12418e+06
2094.7,-4.12478e+06
2094.8,-4.12538e+06
2094.9,-4.12598e+06
2095,-4.12658e+06
2095.1,-4.12718e+06
2095.2,-4.12778e+06
2095.3,-4.12838e+06
2095.4,-4.12898e+06
2095.5,-4.12958e+06
2095.6,-4.13018e+06
2095.7,-4.13078e+06
2095.8,-4.13138e+06
2095.9,-4.13197e+06
2096,-4.13257e+06
2096.1,-4.13317e+06
2096.2,-4.13377e+06
2096.3,-4.13437e+06
2096.4,-4.13497e+06
2096.5,-4.13557e+06
2096.6,-4.13617e+06
2096.7,-4.13677e+06
2096.8,-4.13737e+06
2096.9,-4.13797e+06
2097,-4.13857e+06
2097.1,-4.13917e+06
2097.2,-4.13976e+06
2097.3,-4.14036e+06
2097.4,-4.14096e+06
2097.5,-4.14156e+06
2097.6,-4.14216e+06
2097.7,-4.14276e+06
2097.8,-4.14336e+06
2097.9,-4.14396e+06
2098,-4.14455e+06
2098.1,-4.14515e+06
2098.2,-4.14575e+06
2098.3,-4.14635e+06
2098.4,-4.14695e+06
2098.5,-4.14755e+06
2098.6,-4.14814e+06
2098.7,-4.14874e+06
2098.8,-4.14934e+06
2098.9,-4.14994e+06
2099,-4.15054e+06
2099.1,-4.15113e+06
2099.2,-4.15173e+06
2099.3,-4.15233e+06
2099.4,-4.15293e+06
2099.5,-4.15352e+06
2099.6,-4.15412e+06
2099.7,-4.15472e+06
2099.8,-4.15532e+06
2099.9,-4.15592e+06
2100,-4.15651e+06
2100.1,-4.15711e+06
2100.2,-4.15771e+06
2100.3,-4.15831e+06
2100.4,-4.1589e+06
2100.5,-4.1595e+06
2100.6,-4.1601e+06
2100.7,-4.16069e+06
2100.8,-4.16129e+06
2100.9,-4.16189e+06
2101,-4.16249e+06
2101.1,-4.16308e+06
2101.2,-4.16368e+06
2101.3,-4.16428e+06
2101.4,-4.16487e+06
2101.5,-4.16547e+06
2101.6,-4.16607e+06
2101.7,-4.16666e+06
2101.8,-4.16726e+06
2101.9,-4.16786e+06
2102,-4.16845e+06
2102.1,-4.16905e+06
2102.2,-4.16965e+06
2102.3,-4.17024e+06
2102.4,-4.17084e+06
2102.5,-4.17143e+06
2102.6,-4.17203e+06
2102.7,-4.17263e+06
2102.8,-4.17322e+06
2102.9,-4.17382e+06
2103,-4.17442e+06
2103.1,-4.17501e+06
2103.2,-4.17561e+06
2103.3,-4.1762e+06
2103.4,-4.1768e+06
2103.5,-4.1774e+06
2103.6,-4.17799e+06
2103.7,-4.17859e+06
2103.8,-4.17918e+06
2103.9,-4.17978e+06
2104,-4.18037e+06
2104.1,-4.18097e+06
2104.2,-4.18156e+06
2104.3,-4.18216e+06
2104.4,-4.18276e+06
2104.5,-4.18335e+06
2104.6,-4.18395e+06
2104.7,-4.18454e+06
2104.8,-4.18514e+06
2104.9,-4.18573e+06
2105,-4.18633e+06
2105.1,-4.18692e+06
2105.2,-4.18752e+06
2105.3,-4.18811e+06
2105.4,-4.18871e+06
2105.5,-4.1893e+06
2105.6,-4.1899e+06
2105.7,-4.19049e+06
2105.8,-4.19108e+06
2105.9,-4.19168e+06
2106,-4.19227e+06
2106.1,-4.19287e+06
2106.2,-4.19346e+06
2106.3,-4.19406e+06
2106.4,-4.19465e+06
2106.5,-4.19525e+06
2106.6,-4.19584e+06
2106.7,-4.19643e+06
2106.8,-4.19703e+06
2106.9,-4.19762e+06
2107,-4.19822e+06
2107.1,-4.19881e+06
2107.2,-4.1994e+06
2107.3,-4.2e+06
2107.4,-4.20059e+06
2107.5,-4.20119e+06
2107.6,-4.20178e+06
2107.7,-4.20237e+06
2107.8,-4.20297e+06
2107.9,-4.20356e+06
2108,-4.20415e+06
2108.1,-4.20475e+06
2108.2,-4.20534e+06
2108.3,-4.20593e+06
2108.4,-4.20653e+06
2108.5,-4.20712e+06
2108.6,-4.20771e+06
2108.7,-4.20831e+06
2108.8,-4.2089e+06
2108.9,-4.20949e+06
2109,-4.21009e+06
2109.1,-4.21068e+06
2109.2,-4.21127e+06
2109.3,-4.21186e+06
2109.4,-4.21246e+06
2109.5,-4.21305e+06
2109.6,-4.21364e+06
2109.7,-4.21424e+06
2109.8,-4.21483e+06
2109.9,-4.21542e+06
2110,-4.21601e+06
2110.1,-4.21661e+06
2110.2,-4.2172e+06
2110.3,-4.21779e+06
2110.4,-4.21838e+06
2110.5,-4.21898e+06
2110.6,-4.21957e+06
2110.7,-4.22016e+06
2110.8,-4.22075e+06
2110.9,-4.22134e+06
2111,-4.22194e+06
2111.1,-4.22253e+06
2111.2,-4.22312e+06
2111.3,-4.22371e+06
2111.4,-4.2243e+06
2111.5,-4.2249e+06
2111.6,-4.22549e+06
2111.7,-4.22608e+06
2111.8,-4.22667e+06
2111.9,-4.22726e+06
2112,-4.22785e+06
2112.1,-4.22844e+06
2112.2,-4.22904e+06
2112.3,-4.22963e+06
2112.4,-4.23022e+06
2112.5,-4.23081e+06
2112.6,-4.2314e+06
2112.7,-4.23199e+06
2112.8,-4.23258e+06
2112.9,-4.23318e+06
2113,-4.23377e+06
2113.1,-4.23436e+06
2113.2,-4.23495e+06
2113.3,-4.23554e+06
2113.4,-4.23613e+06
2113.5,-4.23672e+06
2113.6,-4.23731e+06
2113.7,-4.2379e+06
2113.8,-4.23849e+06
2113.9,-4.23908e+06
2114,-4.23967e+06
2114.1,-4.24026e+06
2114.2,-4.24085e+06
2114.3,-4.24144e+06
2114.4,-4.24204e+06
2114.5,-4.24263e+06
2114.6,-4.24322e+06
2114.7,-4.24381e+06
2114.8,-4.2444e+06
2114.9,-4.24499e+06
2115,-4.24558e+06
2115.1,-4.24617e+06
2115.2,-4.24676e+06
2115.3,-4.24735e+06
2115.4,-4.24794e+06
2115.5,-4.24853e+06
2115.6,-4.24912e+06
2115.7,-4.2497e+06
2115.8,-4.25029e+06
2115.9,-4.25088e+06
2116,-4.25147e+06
2116.1,-4.25206e+06
2116.2,-4.25265e+06
2116.3,-4.25324e+06
2116.4,-4.25383e+06
2116.5,-4.25442e+06
2116.6,-4.25501e+06
2116.7,-4.2556e+06
2116.8,-4.25619e+06
2116.9,-4.25678e+06
2117,-4.25737e+06
2117.1,-4.25796e+06
2117.2,-4.25854e+06
2117.3,-4.25913e+06
2117.4,-4.25972e+06
2117.5,-4.26031e+06
2117.6,-4.2609e+06
2117.7,-4.26149e+06
2117.8,-4.26208e+06
2117.9,-4.26266e+06
2118,-4.26325e+06
2118.1,-4.26384e+06
2118.2,-4.26443e+06
2118.3,-4.26502e+06
2118.4,-4.26561e+06
2118.5,-4.2662e+06
2118.6,-4.26678e+06
2118.7,-4.26737e+06
2118.8,-4.26796e+06
2118.9,-4.26855e+06
2119,-4.26914e+06
2119.1,-4.26972e+06
2119.2,-4.27031e+06
2119.3,-4.2709e+06
2119.4,-4.27149e+06
2119.5,-4.27208e+06
2119.6,-4.27266e+06
2119.7,-4.27325e+06
2119.8,-4.27384e+06
2119.9,-4.27443e+06
2120,-4.27501e+06
2120.1,-4.2756e+06
2120.2,-4.27619e+06
2120.3,-4.27678e+06
2120.4,-4.27736e+06
2120.5,-4.27795e+06
2120.6,-4.27854e+06
2120.7,-4.27912e+06
2120.8,-4.27971e+06
2120.9,-4.2803e+06
2121,-4.28089e+06
2121.1,-4.28147e+06
2121.2,-4.28206e+06
2121.3,-4.28265e+06
2121.4,-4.28323e+06
2121.5,-4.28382e+06
2121.6,-4.28441e+06
2121.7,-4.28499e+06
2121.8,-4.28558e+06
2121.9,-4.28617e+06
2122,-4.28675e+06
2122.1,-4.28734e+06
2122.2,-4.28793e+06
2122.3,-4.28851e+06
2122.4,-4.2891e+06
2122.5,-4.28968e+06
2122.6,-4.29027e+06
2122.7,-4.29086e+06
2122.8,-4.29144e+06
2122.9,-4.29203e+06
2123,-4.29261e+06
2123.1,-4.2932e+06
2123.2,-4.29379e+06
2123.3,-4.29437e+06
2123.4,-4.29496e+06
2123.5,-4.29554e+06
2123.6,-4.29613e+06
2123.7,-4.29672e+06
2123.8,-4.2973e+06
2123.9,-4.29789e+06
2124,-4.29847e+06
2124.1,-4.29906e+06
2124.2,-4.29964e+06
2124.3,-4.30023e+06
2124.4,-4.30081e+06
2124.5,-4.3014e+06
2124.6,-4.30198e+06
2124.7,-4.30257e+06
2124.8,-4.30315e+06
2124.9,-4.30374e+06
2125,-4.30432e+06
2125.1,-4.30491e+06
2125.2,-4.30549e+06
2125.3,-4.30608e+06
2125.4,-4.30666e+06
2125.5,-4.30725e+06
2125.6,-4.30783e+06
2125.7,-4.30842e+06
2125.8,-4.309e+06
2125.9,-4.30959e+06
2126,-4.31017e+06
2126.1,-4.31076e+06
2126.2,-4.31134e+06
2126.3,-4.31192e+06
2126.4,-4.31251e+06
2126.5,-4.31309e+06
2126.6,-4.31368e+06
2126.7,-4.31426e+06
2126.8,-4.31484e+06
2126.9,-4.31543e+06
2127,-4.31601e+06
2127.1,-4.3166e+06
2127.2,-4.31718e+06
2127.3,-4.31776e+06
2127.4,-4.31835e+06
2127.5,-4.31893e+06
2127.6,-4.31951e+06
2127.7,-4.3201e+06
2127.8,-4.32068e+06
2127.9,-4.32126e+06
2128,-4.32185e+06
2128.1,-4.32243e+06
2128.2,-4.32302e+06
2128.3,-4.3236e+06
2128.4,-4.32418e+06
2128.5,-4.32476e+06
2128.6,-4.32535e+06
2128.7,-4.32593e+06
2128.8,-4.32651e+06
2128.9,-4.3271e+06
2129,-4.32768e+06
2129.1,-4.32826e+06
2129.2,-4.32885e+06
2129.3,-4.32943e+06
2129.4,-4.33001e+06
2129.5,-4.33059e+06
2129.6,-4.33118e+06
2129.7,-4.33176e+06
2129.8,-4.33234e+06
2129.9,-4.33292e+06
2130,-4.33351e+06
2130.1,-4.33409e+06
2130.2,-4.33467e+06
2130.3,-4.33525e+06
2130.4,-4.33584e+06
2130.5,-4.33642e+06
2130.6,-4.337e+06
2130.7,-4.33758e+06
2130.8,-4.33816e+06
2130.9,-4.33875e+06
2131,-4.33933e+06
2131.1,-4.33991e+06
2131.2,-4.34049e+06
2131.3,-4.34107e+06
2131.4,-4.34165e+06
2131.5,-4.34224e+06
2131.6,-4.34282e+06
2131.7,-4.3434e+06
2131.8,-4.34398e+06
2131.9,-4.34456e+06
2132,-4.34514e+06
2132.1,-4.34572e+06
2132.2,-4.34631e+06
2132.3,-4.34689e+06
2132.4,-4.34747e+06
2132.5,-4.34805e+06
2132.6,-4.34863e+06
2132.7,-4.34921e+06
2132.8,-4.34979e+06
2132.9,-4.35037e+06
2133,-4.35095e+06
2133.1,-4.35154e+06
2133.2,-4.35212e+06
2133.3,-4.3527e+06
2133.4,-4.35328e+06
2133.5,-4.35386e+06
2133.6,-4.35444e+06
2133.7,-4.35502e+06
2133.8,-4.3556e+06
2133.9,-4.35618e+06
2134,-4.35676e+06
2134.1,-4.35734e+06
2134.2,-4.35792e+06
2134.3,-4.3585e+06
2134.4,-4.35908e+06
2134.5,-4.35966e+06
2134.6,-4.36024e+06
2134.7,-4.36082e+06
2134.8,-4.3614e+06
2134.9,-4.36198e+06
2135,-4.36256e+06
2135.1,-4.36314e+06
2135.2,-4.36372e+06
2135.3,-4.3643e+06
2135.4,-4.36488e+06
2135.5,-4.36546e+06
2135.6,-4.36604e+06
2135.7,-4.36662e+06
2135.8,-4.3672e+06
2135.9,-4.36778e+06
2136,-4.36836e+06
2136.1,-4.36894e+06
2136.2,-4.36951e+06
2136.3,-4.37009e+06
2136.4,-4.37067e+06
2136.5,-4.37125e+06
2136.6,-4.37183e+06
2136.7,-4.37241e+06
2136.8,-4.37299e+06
2136.9,-4.37357e+06
2137,-4.37415e+06
2137.1,-4.37472e+06
2137.2,-4.3753e+06
2137.3,-4.37588e+06
2137.4,-4.37646e+06
2137.5,-4.37704e+06
2137.6,-4.37762e+06
2137.7,-4.3782e+06
2137.8,-4.37877e+06
2137.9,-4.37935e+06
2138,-4.37993e+06
2138.1,-4.38051e+06
2138.2,-4.38109e+06
2138.3,-4.38166e+06
2138.4,-4.38224e+06
2138.5,-4.38282e+06
2138.6,-4.3834e+06
2138.7,-4.38398e+06
2138.8,-4.38456e+06
2138.9,-4.38513e+06
2139,-4.38571e+06
2139.1,-4.38629e+06
2139.2,-4.38687e+06
2139.3,-4.38744e+06
2139.4,-4.38802e+06
2139.5,-4.3886e+06
2139.6,-4.38918e+06
2139.7,-4.38975e+06
2139.8,-4.39033e+06
2139.9,-4.39091e+06
2140,-4.39148e+06
2140.1,-4.39206e+06
2140.2,-4.39264e+06
2140.3,-4.39322e+06
2140.4,-4.39379e+06
2140.5,-4.39437e+06
2140.6,-4.39495e+06
2140.7,-4.39552e+06
2140.8,-4.3961e+06
2140.9,-4.39668e+06
2141,-4.39725e+06
2141.1,-4.39783e+06
2141.2,-4.39841e+06
2141.3,-4.39898e+06
2141.4,-4.39956e+06
2141.5,-4.40014e+06
2141.6,-4.40071e+06
2141.7,-4.40129e+06
2141.8,-4.40187e+06
2141.9,-4.40244e+06
2142,-4.40302e+06
2142.1,-4.40359e+06
2142.2,-4.40417e+06
2142.3,-4.40475e+06
2142.4,-4.40532e+06
2142.5,-4.4059e+06
2142.6,-4.40647e+06
2142.7,-4.40705e+06
2142.8,-4.40763e+06
2142.9,-4.4082e+06
2143,-4.40878e+06
2143.1,-4.40935e+06
2143.2,-4.40993e+06
2143.3,-4.4105e+06
2143.4,-4.41108e+06
2143.5,-4.41165e+06
2143.6,-4.41223e+06
2143.7,-4.41281e+06
2143.8,-4.41338e+06
2143.9,-4.41396e+06
2144,-4.41453e+06
2144.1,-4.41511e+06
2144.2,-4.41568e+06
2144.3,-4.41626e+06
2144.4,-4.41683e+06
2144.5,-4.41741e+06
2144.6,-4.41798e+06
2144.7,-4.41856e+06
2144.8,-4.41913e+06
2144.9,-4.4197e+06
2145,-4.42028e+06
2145.1,-4.42085e+06
2145.2,-4.42143e+06
2145.3,-4.422e+06
2145.4,-4.42258e+06
2145.5,-4.42315e+06
2145.6,-4.42373e+06
2145.7,-4.4243e+06
2145.8,-4.42487e+06
2145.9,-4.42545e+06
2146,-4.42602e+06
2146.1,-4.4266e+06
2146.2,-4.42717e+06
2146.3,-4.42774e+06
2146.4,-4.42832e+06
2146.5,-4.42889e+06
2146.6,-4.42947e+06
2146.7,-4.43004e+06
2146.8,-4.43061e+06
2146.9,-4.43119e+06
2147,-4.43176e+06
2147.1,-4.43233e+06
2147.2,-4.43291e+06
2147.3,-4.43348e+06
2147.4,-4.43405e+06
2147.5,-4.43463e+06
2147.6,-4.4352e+06
2147.7,-4.43577e+06
2147.8,-4.43635e+06
2147.9,-4.43692e+06
2148,-4.43749e+06
2148.1,-4.43807e+06
2148.2,-4.43864e+06
2148.3,-4.43921e+06
2148.4,-4.43978e+06
2148.5,-4.44036e+06
2148.6,-4.44093e+06
2148.7,-4.4415e+06
2148.8,-4.44208e+06
2148.9,-4.44265e+06
2149,-4.44322e+06
2149.1,-4.44379e+06
2149.2,-4.44436e+06
2149.3,-4.44494e+06
2149.4,-4.44551e+06
2149.5,-4.44608e+06
2149.6,-4.44665e+06
2149.7,-4.44723e+06
2149.8,-4.4478e+06
2149.9,-4.44837e+06
2150,-4.44894e+06
2150.1,-4.44951e+06
2150.2,-4.45009e+06
2150.3,-4.45066e+06
2150.4,-4.45123e+06
2150.5,-4.4518e+06
2150.6,-4.45237e+06
2150.7,-4.45294e+06
2150.8,-4.45352e+06
2150.9,-4.45409e+06
2151,-4.45466e+06
2151.1,-4.45523e+06
2151.2,-4.4558e+06
2151.3,-4.45637e+06
2151.4,-4.45694e+06
2151.5,-4.45752e+06
2151.6,-4.45809e+06
2151.7,-4.45866e+06
2151.8,-4.45923e+06
2151.9,-4.4598e+06
2152,-4.46037e+06
2152.1,-4.46094e+06
2152.2,-4.46151e+06
2152.3,-4.46208e+06
2152.4,-4.46265e+06
2152.5,-4.46322e+06
2152.6,-4.4638e+06
2152.7,-4.46437e+06
2152.8,-4.46494e+06
2152.9,-4.46551e+06
2153,-4.46608e+06
2153.1,-4.46665e+06
2153.2,-4.46722e+06
2153.3,-4.46779e+06
2153.4,-4.46836e+06
2153.5,-4.46893e+06
2153.6,-4.4695e+06
2153.7,-4.47007e+06
2153.8,-4.47064e+06
2153.9,-4.47121e+06
2154,-4.47178e+06
2154.1,-4.47235e+06
2154.2,-4.47292e+06
2154.3,-4.47349e+06
2154.4,-4.47406e+06
2154.5,-4.47463e+06
2154.6,-4.4752e+06
2154.7,-4.47576e+06
2154.8,-4.47633e+06
2154.9,-4.4769e+06
2155,-4.47747e+06
2155.1,-4.47804e+06
2155.2,-4.47861e+06
2155.3,-4.47918e+06
2155.4,-4.47975e+06
2155.5,-4.48032e+06
2155.6,-4.48089e+06
2155.7,-4.48146e+06
2155.8,-4.48203e+06
2155.9,-4.4826e+06
2156,-4.48316e+06
2156.1,-4.48373e+06
2156.2,-4.4843e+06
2156.3,-4.48487e+06
2156.4,-4.48544e+06
2156.5,-4.48601e+06
2156.6,-4.48658e+06
2156.7,-4.48714e+06
2156.8,-4.48771e+06
2156.9,-4.48828e+06
2157,-4.48885e+06
2157.1,-4.48942e+06
2157.2,-4.48998e+06
2157.3,-4.49055e+06
2157.4,-4.49112e+06
2157.5,-4.49169e+06
2157.6,-4.49226e+06
2157.7,-4.49282e+06
2157.8,-4.49339e+06
2157.9,-4.49396e+06
2158,-4.49453e+06
2158.1,-4.4951e+06
2158.2,-4.49566e+06
2158.3,-4.49623e+06
2158.4,-4.4968e+06
2158.5,-4.49737e+06
2158.6,-4.49793e+06
2158.7,-4.4985e+06
2158.8,-4.49907e+06
2158.9,-4.49964e+06
2159,-4.5002e+06
2159.1,-4.50077e+06
2159.2,-4.50134e+06
2159.3,-4.5019e+06
2159.4,-4.50247e+06
2159.5,-4.50304e+06
2159.6,-4.5036e+06
2159.7,-4.50417e+06
2159.8,-4.50474e+06
2159.9,-4.5053e+06
2160,-4.50587e+06
2160.1,-4.50644e+06
2160.2,-4.507e+06
2160.3,-4.50757e+06
2160.4,-4.50814e+06
2160.5,-4.5087e+06
2160.6,-4.50927e+06
2160.7,-4.50984e+06
2160.8,-4.5104e+06
2160.9,-4.51097e+06
2161,-4.51154e+06
2161.1,-4.5121e+06
2161.2,-4.51267e+06
2161.3,-4.51323e+06
2161.4,-4.5138e+06
2161.5,-4.51436e+06
2161.6,-4.51493e+06
2161.7,-4.5155e+06
2161.8,-4.51606e+06
2161.9,-4.51663e+06
2162,-4.51719e+06
2162.1,-4.51776e+06
2162.2,-4.51832e+06
2162.3,-4.51889e+06
2162.4,-4.51946e+06
2162.5,-4.52002e+06
2162.6,-4.52059e+06
2162.7,-4.52115e+06
2162.8,-4.52172e+06
2162.9,-4.52228e+06
2163,-4.52285e+06
2163.1,-4.52341e+06
2163.2,-4.52398e+06
2163.3,-4.52454e+06
2163.4,-4.52511e+06
2163.5,-4.52567e+06
2163.6,-4.52624e+06
2163.7,-4.5268e+06
2163.8,-4.52736e+06
2163.9,-4.52793e+06
2164,-4.52849e+06
2164.1,-4.52906e+06
2164.2,-4.52962e+06
2164.3,-4.53019e+06
2164.4,-4.53075e+06
2164.5,-4.53132e+06
2164.6,-4.53188e+06
2164.7,-4.53244e+06
2164.8,-4.53301e+06
2164.9,-4.53357e+06
2165,-4.53414e+06
2165.1,-4.5347e+06
2165.2,-4.53526e+06
2165.3,-4.53583e+06
2165.4,-4.53639e+06
2165.5,-4.53696e+06
2165.6,-4.53752e+06
2165.7,-4.53808e+06
2165.8,-4.53865e+06
2165.9,-4.53921e+06
2166,-4.53977e+06
2166.1,-4.54034e+06
2166.2,-4.5409e+06
2166.3,-4.54146e+06
2166.4,-4.54203e+06
2166.5,-4.54259e+06
2166.6,-4.54315e+06
2166.7,-4.54372e+06
2166.8,-4.54428e+06
2166.9,-4.54484e+06
2167,-4.5454e+06
2167.1,-4.54597e+06
2167.2,-4.54653e+06
2167.3,-4.54709e+06
2167.4,-4.54766e+06
2167.5,-4.54822e+06
2167.6,-4.54878e+06
2167.7,-4.54934e+06
2167.8,-4.5499e+06
2167.9,-4.55047e+06
2168,-4.55103e+06
2168.1,-4.55159e+06
2168.2,-4.55215e+06
2168.3,-4.55272e+06
2168.4,-4.55328e+06
2168.5,-4.55384e+06
2168.6,-4.5544e+06
2168.7,-4.55496e+06
2168.8,-4.55553e+06
2168.9,-4.55609e+06
2169,-4.55665e+06
2169.1,-4.55721e+06
2169.2,-4.55777e+06
2169.3,-4.55834e+06
2169.4,-4.5589e+06
2169.5,-4.55946e+06
2169.6,-4.56002e+06
2169.7,-4.56058e+06
2169.8,-4.56114e+06
2169.9,-4.5617e+06
2170,-4.56227e+06
2170.1,-4.56283e+06
2170.2,-4.56339e+06
2170.3,-4.56395e+06
2170.4,-4.56451e+06
2170.5,-4.56507e+06
2170.6,-4.56563e+06
2170.7,-4.56619e+06
2170.8,-4.56675e+06
2170.9,-4.56732e+06
2171,-4.56788e+06
2171.1,-4.56844e+06
2171.2,-4.569e+06
2171.3,-4.56956e+06
2171.4,-4.57012e+06
2171.5,-4.57068e+06
2171.6,-4.57124e+06
2171.7,-4.5718e+06
2171.8,-4.57236e+06
2171.9,-4.57292e+06
2172,-4.57348e+06
2172.1,-4.57404e+06
2172.2,-4.5746e+06
2172.3,-4.57516e+06
2172.4,-4.57572e+06
2172.5,-4.57628e+06
2172.6,-4.57684e+06
2172.7,-4.5774e+06
2172.8,-4.57796e+06
2172.9,-4.57852e+06
2173,-4.57908e+06
2173.1,-4.57964e+06
2173.2,-4.5802e+06
2173.3,-4.58076e+06
2173.4,-4.58132e+06
2173.5,-4.58188e+06
2173.6,-4.58244e+06
2173.7,-4.583e+06
2173.8,-4.58355e+06
2173.9,-4.58411e+06
2174,-4.58467e+06
2174.1,-4.58523e+06
2174.2,-4.58579e+06
2174.3,-4.58635e+06
2174.4,-4.58691e+06
2174.5,-4.58747e+06
2174.6,-4.58803e+06
2174.7,-4.58858e+06
2174.8,-4.58914e+06
2174.9,-4.5897e+06
2175,-4.59026e+06
2175.1,-4.59082e+06
2175.2,-4.59138e+06
2175.3,-4.59194e+06
2175.4,-4.59249e+06
2175.5,-4.59305e+06
2175.6,-4.59361e+06
2175.7,-4.59417e+06
2175.8,-4.59473e+06
2175.9,-4.59528e+06
2176,-4.59584e+06
2176.1,-4.5964e+06
2176.2,-4.59696e+06
2176.3,-4.59752e+06
2176.4,-4.59807e+06
2176.5,-4.59863e+06
2176.6,-4.59919e+06
2176.7,-4.59975e+06
2176.8,-4.6003e+06
2176.9,-4.60086e+06
2177,-4.60142e+06
2177.1,-4.60198e+06
2177.2,-4.60253e+06
2177.3,-4.60309e+06
2177.4,-4.60365e+06
2177.5,-4.60421e+06
2177.6,-4.60476e+06
2177.7,-4.60532e+06
2177.8,-4.60588e+06
2177.9,-4.60643e+06
2178,-4.60699e+06
2178.1,-4.60755e+06
2178.2,-4.60811e+06
2178.3,-4.60866e+06
2178.4,-4.60922e+06
2178.5,-4.60978e+06
2178.6,-4.61033e+06
2178.7,-4.61089e+06
2178.8,-4.61144e+06
2178.9,-4.612e+06
2179,-4.61256e+06
2179.1,-4.61311e+06
2179.2,-4.61367e+06
2179.3,-4.61423e+06
2179.4,-4.61478e+06
2179.5,-4.61534e+06
2179.6,-4.6159e+06
2179.7,-4.61645e+06
2179.8,-4.61701e+06
2179.9,-4.61756e+06
2180,-4.61812e+06
2180.1,-4.61868e+06
2180.2,-4.61923e+06
2180.3,-4.61979e+06
2180.4,-4.62034e+06
2180.5,-4.6209e+06
2180.6,-4.62145e+06
2180.7,-4.62201e+06
2180.8,-4.62256e+06
2180.9,-4.62312e+06
2181,-4.62367e+06
2181.1,-4.62423e+06
2181.2,-4.62478e+06
2181.3,-4.62534e+06
2181.4,-4.62589e+06
2181.5,-4.62645e+06
2181.6,-4.627e+06
2181.7,-4.62756e+06
2181.8,-4.62811e+06
2181.9,-4.62867e+06
2182,-4.62922e+06
2182.1,-4.62978e+06
2182.2,-4.63033e+06
2182.3,-4.63089e+06
2182.4,-4.63144e+06
2182.5,-4.632e+06
2182.6,-4.63255e+06
2182.7,-4.63311e+06
2182.8,-4.63366e+06
2182.9,-4.63421e+06
2183,-4.63477e+06
2183.1,-4.63532e+06
2183.2,-4.63588e+06
2183.3,-4.63643e+06
2183.4,-4.63698e+06
2183.5,-4.63754e+06
2183.6,-4.63809e+06
2183.7,-4.63865e+06
2183.8,-4.6392e+06
2183.9,-4.63975e+06
2184,-4.64031e+06
2184.1,-4.64086e+06
2184.2,-4.64141e+06
2184.3,-4.64197e+06
2184.4,-4.64252e+06
2184.5,-4.64307e+06
2184.6,-4.64363e+06
2184.7,-4.64418e+06
2184.8,-4.64473e+06
2184.9,-4.64529e+06
2185,-4.64584e+06
2185.1,-4.64639e+06
2185.2,-4.64695e+06
2185.3,-4.6475e+06
2185.4,-4.64805e+06
2185.5,-4.6486e+06
2185.6,-4.64916e+06
2185.7,-4.64971e+06
2185.8,-4.65026e+06
2185.9,-4.65082e+06
2186,-4.65137e+06
2186.1,-4.65192e+06
2186.2,-4.65247e+06
2186.3,-4.65303e+06
2186.4,-4.65358e+06
2186.5,-4.65413e+06
2186.6,-4.65468e+06
2186.7,-4.65523e+06
2186.8,-4.65579e+06
2186.9,-4.65634e+06
2187,-4.65689e+06
2187.1,-4.65744e+06
2187.2,-4.65799e+06
2187.3,-4.65855e+06
2187.4,-4.6591e+06
2187.5,-4.65965e+06
2187.6,-4.6602e+06
2187.7,-4.66075e+06
2187.8,-4.6613e+06
2187.9,-4.66186e+06
2188,-4.66241e+06
2188.1,-4.66296e+06
2188.2,-4.66351e+06
2188.3,-4.66406e+06
2188.4,-4.66461e+06
2188.5,-4.66516e+06
2188.6,-4.66572e+06
2188.7,-4.66627e+06
2188.8,-4.66682e+06
2188.9,-4.66737e+06
2189,-4.66792e+06
2189.1,-4.66847e+06
2189.2,-4.66902e+06
2189.3,-4.66957e+06
2189.4,-4.67012e+06
2189.5,-4.67067e+06
2189.6,-4.67122e+06
2189.7,-4.67177e+06
2189.8,-4.67232e+06
2189.9,-4.67287e+06
2190,-4.67342e+06
2190.1,-4.67398e+06
2190.2,-4.67453e+06
2190.3,-4.67508e+06
2190.4,-4.67563e+06
2190.5,-4.67618e+06
2190.6,-4.67673e+06
2190.7,-4.67728e+06
2190.8,-4.67783e+06
2190.9,-4.67838e+06
2191,-4.67893e+06
2191.1,-4.67948e+06
2191.2,-4.68002e+06
2191.3,-4.68057e+06
2191.4,-4.68112e+06
2191.5,-4.68167e+06
2191.6,-4.68222e+06
2191.7,-4.68277e+06
2191.8,-4.68332e+06
2191.9,-4.68387e+06
2192,-4.68442e+06
2192.1,-4.68497e+06
2192.2,-4.68552e+06
2192.3,-4.68607e+06
2192.4,-4.68662e+06
2192.5,-4.68716e+06
2192.6,-4.68771e+06
2192.7,-4.68826e+06
2192.8,-4.68881e+06
2192.9,-4.68936e+06
2193,-4.68991e+06
2193.1,-4.69046e+06
2193.2,-4.69101e+06
2193.3,-4.69155e+06
2193.4,-4.6921e+06
2193.5,-4.69265e+06
2193.6,-4.6932e+06
2193.7,-4.69375e+06
2193.8,-4.6943e+06
2193.9,-4.69484e+06
2194,-4.69539e+06
2194.1,-4.69594e+06
2194.2,-4.69649e+06
2194.3,-4.69704e+06
2194.4,-4.69758e+06
2194.5,-4.69813e+06
2194.6,-4.69868e+06
2194.7,-4.69923e+06
2194.8,-4.69978e+06
2194.9,-4.70032e+06
2195,-4.70087e+06
2195.1,-4.70142e+06
2195.2,-4.70197e+06
2195.3,-4.70251e+06
2195.4,-4.70306e+06
2195.5,-4.70361e+06
2195.6,-4.70416e+06
2195.7,-4.7047e+06
2195.8,-4.70525e+06
2195.9,-4.7058e+06
2196,-4.70634e+06
2196.1,-4.70689e+06
2196.2,-4.70744e+06
2196.3,-4.70798e+06
2196.4,-4.70853e+06
2196.5,-4.70908e+06
2196.6,-4.70962e+06
2196.7,-4.71017e+06
2196.8,-4.71072e+06
2196.9,-4.71126e+06
2197,-4.71181e+06
2197.1,-4.71236e+06
2197.2,-4.7129e+06
2197.3,-4.71345e+06
2197.4,-4.714e+06
2197.5,-4.71454e+06
2197.6,-4.71509e+06
2197.7,-4.71563e+06
2197.8,-4.71618e+06
2197.9,-4.71673e+06
2198,-4.71727e+06
2198.1,-4.71782e+06
2198.2,-4.71836e+06
2198.3,-4.71891e+06
2198.4,-4.71945e+06
2198.5,-4.72e+06
2198.6,-4.72055e+06
2198.7,-4.72109e+06
2198.8,-4.72164e+06
2198.9,-4.72218e+06
2199,-4.72273e+06
2199.1,-4.72327e+06
2199.2,-4.72382e+06
2199.3,-4.72436e+06
2199.4,-4.72491e+06
2199.5,-4.72545e+06
2199.6,-4.726e+06
2199.7,-4.72654e+06
2199.8,-4.72709e+06
2199.9,-4.72763e+06
2200,-4.72818e+06
2200.1,-4.72872e+06
2200.2,-4.72927e+06
2200.3,-4.72981e+06
2200.4,-4.73036e+06
2200.5,-4.7309e+06
2200.6,-4.73144e+06
2200.7,-4.73199e+06
2200.8,-4.73253e+06
2200.9,-4.73308e+06
2201,-4.73362e+06
2201.1,-4.73417e+06
2201.2,-4.73471e+06
2201.3,-4.73525e+06
2201.4,-4.7358e+06
2201.5,-4.73634e+06
2201.6,-4.73689e+06
2201.7,-4.73743e+06
2201.8,-4.73797e+06
2201.9,-4.73852e+06
2202,-4.73906e+06
2202.1,-4.7396e+06
2202.2,-4.74015e+06
2202.3,-4.74069e+06
2202.4,-4.74123e+06
2202.5,-4.74178e+06
2202.6,-4.74232e+06
2202.7,-4.74286e+06
2202.8,-4.74341e+06
2202.9,-4.74395e+06
2203,-4.74449e+06
2203.1,-4.74504e+06
2203.2,-4.74558e+06
2203.3,-4.74612e+06
2203.4,-4.74666e+06
2203.5,-4.74721e+06
2203.6,-4.74775e+06
2203.7,-4.74829e+06
2203.8,-4.74884e+06
2203.9,-4.74938e+06
2204,-4.74992e+06
2204.1,-4.75046e+06
2204.2,-4.75101e+06
2204.3,-4.75155e+06
2204.4,-4.75209e+06
2204.5,-4.75263e+06
2204.6,-4.75317e+06
2204.7,-4.75372e+06
2204.8,-4.75426e+06
2204.9,-4.7548e+06
2205,-4.75534e+06
2205.1,-4.75588e+06
2205.2,-4.75643e+06
2205.3,-4.75697e+06
2205.4,-4.75751e+06
2205.5,-4.75805e+06
2205.6,-4.75859e+06
2205.7,-4.75913e+06
2205.8,-4.75968e+06
2205.9,-4.76022e+06
2206,-4.76076e+06
2206.1,-4.7613e+06
2206.2,-4.76184e+06
2206.3,-4.76238e+06
2206.4,-4.76292e+06
2206.5,-4.76346e+06
2206.6,-4.76401e+06
2206.7,-4.76455e+06
2206.8,-4.76509e+06
2206.9,-4.76563e+06
2207,-4.76617e+06
2207.1,-4.76671e+06
2207.2,-4.76725e+06
2207.3,-4.76779e+06
2207.4,-4.76833e+06
2207.5,-4.76887e+06
2207.6,-4.76941e+06
2207.7,-4.76995e+06
2207.8,-4.77049e+06
2207.9,-4.77104e+06
2208,-4.77158e+06
2208.1,-4.77212e+06
2208.2,-4.77266e+06
2208.3,-4.7732e+06
2208.4,-4.77374e+06
2208.5,-4.77428e+06
2208.6,-4.77482e+06
2208.7,-4.77536e+06
2208.8,-4.7759e+06
2208.9,-4.77643e+06
2209,-4.77697e+06
2209.1,-4.77751e+06
2209.2,-4.77805e+06
2209.3,-4.77859e+06
2209.4,-4.77913e+06
2209.5,-4.77967e+06
2209.6,-4.78021e+06
2209.7,-4.78075e+06
2209.8,-4.78129e+06
2209.9,-4.78183e+06
2210,-4.78237e+06
2210.1,-4.78291e+06
2210.2,-4.78345e+06
2210.3,-4.78398e+06
2210.4,-4.78452e+06
2210.5,-4.78506e+06
2210.6,-4.7856e+06
2210.7,-4.78614e+06
2210.8,-4.78668e+06
2210.9,-4.78722e+06
2211,-4.78776e+06
2211.1,-4.78829e+06
2211.2,-4.78883e+06
2211.3,-4.78937e+06
2211.4,-4.78991e+06
2211.5,-4.79045e+06
2211.6,-4.79099e+06
2211.7,-4.79152e+06
2211.8,-4.79206e+06
2211.9,-4.7926e+06
2212,-4.79314e+06
2212.1,-4.79368e+06
2212.2,-4.79421e+06
2212.3,-4.79475e+06
2212.4,-4.79529e+06
2212.5,-4.79583e+06
2212.6,-4.79636e+06
2212.7,-4.7969e+06
2212.8,-4.79744e+06
2212.9,-4.79798e+06
2213,-4.79851e+06
2213.1,-4.79905e+06
2213.2,-4.79959e+06
2213.3,-4.80013e+06
2213.4,-4.80066e+06
2213.5,-4.8012e+06
2213.6,-4.80174e+06
2213.7,-4.80227e+06
2213.8,-4.80281e+06
2213.9,-4.80335e+06
2214,-4.80389e+06
2214.1,-4.80442e+06
2214.2,-4.80496e+06
2214.3,-4.8055e+06
2214.4,-4.80603e+06
2214.5,-4.80657e+06
2214.6,-4.8071e+06
2214.7,-4.80764e+06
2214.8,-4.80818e+06
2214.9,-4.80871e+06
2215,-4.80925e+06
2215.1,-4.80979e+06
2215.2,-4.81032e+06
2215.3,-4.81086e+06
2215.4,-4.8114e+06
2215.5,-4.81193e+06
2215.6,-4.81247e+06
2215.7,-4.813e+06
2215.8,-4.81354e+06
2215.9,-4.81408e+06
2216,-4.81461e+06
2216.1,-4.81515e+06
2216.2,-4.81568e+06
2216.3,-4.81622e+06
2216.4,-4.81675e+06
2216.5,-4.81729e+06
2216.6,-4.81782e+06
2216.7,-4.81836e+06
2216.8,-4.81889e+06
2216.9,-4.81943e+06
2217,-4.81996e+06
2217.1,-4.8205e+06
2217.2,-4.82103e+06
2217.3,-4.82157e+06
2217.4,-4.8221e+06
2217.5,-4.82264e+06
2217.6,-4.82317e+06
2217.7,-4.82371e+06
2217.8,-4.82424e+06
2217.9,-4.82478e+06
2218,-4.82531e+06
2218.1,-4.82585e+06
2218.2,-4.82638e+06
2218.3,-4.82692e+06
2218.4,-4.82745e+06
2218.5,-4.82798e+06
2218.6,-4.82852e+06
2218.7,-4.82905e+06
2218.8,-4.82959e+06
2218.9,-4.83012e+06
2219,-4.83065e+06
2219.1,-4.83119e+06
2219.2,-4.83172e+06
2219.3,-4.83226e+06
2219.4,-4.83279e+06
2219.5,-4.83332e+06
2219.6,-4.83386e+06
2219.7,-4.83439e+06
2219.8,-4.83492e+06
2219.9,-4.83546e+06
2220,-4.83599e+06
2220.1,-4.83652e+06
2220.2,-4.83706e+06
2220.3,-4.83759e+06
2220.4,-4.83812e+06
2220.5,-4.83866e+06
2220.6,-4.83919e+06
2220.7,-4.83972e+06
2220.8,-4.84026e+06
2220.9,-4.84079e+06
2221,-4.84132e+06
2221.1,-4.84186e+06
2221.2,-4.84239e+06
2221.3,-4.84292e+06
2221.4,-4.84345e+06
2221.5,-4.84399e+06
2221.6,-4.84452e+06
2221.7,-4.84505e+06
2221.8,-4.84558e+06
2221.9,-4.84612e+06
2222,-4.84665e+06
2222.1,-4.84718e+06
2222.2,-4.84771e+06
2222.3,-4.84824e+06
2222.4,-4.84878e+06
2222.5,-4.84931e+06
2222.6,-4.84984e+06
2222.7,-4.85037e+06
2222.8,-4.8509e+06
2222.9,-4.85144e+06
2223,-4.85197e+06
2223.1,-4.8525e+06
2223.2,-4.85303e+06
2223.3,-4.85356e+06
2223.4,-4.85409e+06
2223.5,-4.85462e+06
2223.6,-4.85516e+06
2223.7,-4.85569e+06
2223.8,-4.85622e+06
2223.9,-4.85675e+06
2224,-4.85728e+06
2224.1,-4.85781e+06
2224.2,-4.85834e+06
2224.3,-4.85887e+06
2224.4,-4.8594e+06
2224.5,-4.85994e+06
2224.6,-4.86047e+06
2224.7,-4.861e+06
2224.8,-4.86153e+06
2224.9,-4.86206e+06
2225,-4.86259e+06
2225.1,-4.86312e+06
2225.2,-4.86365e+06
2225.3,-4.86418e+06
2225.4,-4.86471e+06
2225.5,-4.86524e+06
2225.6,-4.86577e+06
2225.7,-4.8663e+06
2225.8,-4.86683e+06
2225.9,-4.86736e+06
2226,-4.86789e+06
2226.1,-4.86842e+06
2226.2,-4.86895e+06
2226.3,-4.86948e+06
2226.4,-4.87001e+06
2226.5,-4.87054e+06
2226.6,-4.87107e+06
2226.7,-4.8716e+06
2226.8,-4.87213e+06
2226.9,-4.87266e+06
2227,-4.87319e+06
2227.1,-4.87372e+06
2227.2,-4.87425e+06
2227.3,-4.87478e+06
2227.4,-4.8753e+06
2227.5,-4.87583e+06
2227.6,-4.87636e+06
2227.7,-4.87689e+06
2227.8,-4.87742e+06
2227.9,-4.87795e+06
2228,-4.87848e+06
2228.1,-4.87901e+06
2228.2,-4.87954e+06
2228.3,-4.88006e+06
2228.4,-4.88059e+06
2228.5,-4.88112e+06
2228.6,-4.88165e+06
2228.7,-4.88218e+06
2228.8,-4.88271e+06
2228.9,-4.88323e+06
2229,-4.88376e+06
2229.1,-4.88429e+06
2229.2,-4.88482e+06
2229.3,-4.88535e+06
2229.4,-4.88587e+06
2229.5,-4.8864e+06
2229.6,-4.88693e+06
2229.7,-4.88746e+06
2229.8,-4.88799e+06
2229.9,-4.88851e+06
2230,-4.88904e+06
2230.1,-4.88957e+06
2230.2,-4.8901e+06
2230.3,-4.89062e+06
2230.4,-4.89115e+06
2230.5,-4.89168e+06
2230.6,-4.89221e+06
2230.7,-4.89273e+06
2230.8,-4.89326e+06
2230.9,-4.89379e+06
2231,-4.89431e+06
2231.1,-4.89484e+06
2231.2,-4.89537e+06
2231.3,-4.8959e+06
2231.4,-4.89642e+06
2231.5,-4.89695e+06
2231.6,-4.89748e+06
2231.7,-4.898e+06
2231.8,-4.89853e+06
2231.9,-4.89906e+06
2232,-4.89958e+06
2232.1,-4.90011e+06
2232.2,-4.90064e+06
2232.3,-4.90116e+06
2232.4,-4.90169e+06
2232.5,-4.90221e+06
2232.6,-4.90274e+06
2232.7,-4.90327e+06
2232.8,-4.90379e+06
2232.9,-4.90432e+06
2233,-4.90484e+06
2233.1,-4.90537e+06
2233.2,-4.9059e+06
2233.3,-4.90642e+06
2233.4,-4.90695e+06
2233.5,-4.90747e+06
2233.6,-4.908e+06
2233.7,-4.90852e+06
2233.8,-4.90905e+06
2233.9,-4.90957e+06
2234,-4.9101e+06
2234.1,-4.91063e+06
2234.2,-4.91115e+06
2234.3,-4.91168e+06
2234.4,-4.9122e+06
2234.5,-4.91273e+06
2234.6,-4.91325e+06
2234.7,-4.91378e+06
2234.8,-4.9143e+06
2234.9,-4.91483e+06
2235,-4.91535e+06
2235.1,-4.91588e+06
2235.2,-4.91641e+06
2235.3,-4.91694e+06
2235.4,-4.91747e+06
2235.5,-4.918e+06
2235.6,-4.91854e+06
2235.7,-4.91907e+06
2235.8,-4.91961e+06
2235.9,-4.92014e+06
2236,-4.92068e+06
2236.1,-4.92121e+06
2236.2,-4.92175e+06
2236.3,-4.92229e+06
2236.4,-4.92282e+06
2236.5,-4.92336e+06
2236.6,-4.92389e+06
2236.7,-4.92443e+06
2236.8,-4.92496e+06
2236.9,-4.9255e+06
2237,-4.92604e+06
2237.1,-4.92657e+06
2237.2,-4.92711e+06
2237.3,-4.92764e+06
2237.4,-4.92818e+06
2237.5,-4.92871e+06
2237.6,-4.92925e+06
2237.7,-4.92978e+06
2237.8,-4.93032e+06
2237.9,-4.93085e+06
2238,-4.93139e+06
2238.1,-4.93192e+06
2238.2,-4.93246e+06
2238.3,-4.93299e+06
2238.4,-4.93353e+06
2238.5,-4.93406e+06
2238.6,-4.9346e+06
2238.7,-4.93513e+06
2238.8,-4.93567e+06
2238.9,-4.9362e+06
2239,-4.93674e+06
2239.1,-4.93727e+06
2239.2,-4.9378e+06
2239.3,-4.93834e+06
2239.4,-4.93887e+06
2239.5,-4.93941e+06
2239.6,-4.93994e+06
2239.7,-4.94047e+06
2239.8,-4.94101e+06
2239.9,-4.94154e+06
2240,-4.94208e+06
2240.1,-4.94261e+06
2240.2,-4.94314e+06
2240.3,-4.94368e+06
2240.4,-4.94421e+06
2240.5,-4.94474e+06
2240.6,-4.94528e+06
2240.7,-4.94581e+06
2240.8,-4.94634e+06
2240.9,-4.94688e+06
2241,-4.94741e+06
2241.1,-4.94794e+06
2241.2,-4.94848e+06
2241.3,-4.94901e+06
2241.4,-4.94954e+06
2241.5,-4.95008e+06
2241.6,-4.95061e+06
2241.7,-4.95114e+06
2241.8,-4.95168e+06
2241.9,-4.95221e+06
2242,-4.95274e+06
2242.1,-4.95327e+06
2242.2,-4.95381e+06
2242.3,-4.95434e+06
2242.4,-4.95487e+06
2242.5,-4.9554e+06
2242.6,-4.95594e+06
2242.7,-4.95647e+06
2242.8,-4.957e+06
2242.9,-4.95753e+06
2243,-4.95806e+06
2243.1,-4.9586e+06
2243.2,-4.95913e+06
2243.3,-4.95966e+06
2243.4,-4.96019e+06
2243.5,-4.96072e+06
2243.6,-4.96126e+06
2243.7,-4.96179e+06
2243.8,-4.96232e+06
2243.9,-4.96285e+06
2244,-4.96338e+06
2244.1,-4.96391e+06
2244.2,-4.96444e+06
2244.3,-4.96498e+06
2244.4,-4.96551e+06
2244.5,-4.96604e+06
2244.6,-4.96657e+06
2244.7,-4.9671e+06
2244.8,-4.96763e+06
2244.9,-4.96816e+06
2245,-4.96869e+06
2245.1,-4.96922e+06
2245.2,-4.96976e+06
2245.3,-4.97029e+06
2245.4,-4.97082e+06
2245.5,-4.97135e+06
2245.6,-4.97188e+06
2245.7,-4.97241e+06
2245.8,-4.97294e+06
2245.9,-4.97347e+06
2246,-4.974e+06
2246.1,-4.97453e+06
2246.2,-4.97506e+06
2246.3,-4.97559e+06
2246.4,-4.97612e+06
2246.5,-4.97665e+06
2246.6,-4.97718e+06
2246.7,-4.97771e+06
2246.8,-4.97824e+06
2246.9,-4.97877e+06
2247,-4.9793e+06
2247.1,-4.97983e+06
2247.2,-4.98036e+06
2247.3,-4.98089e+06
2247.4,-4.98142e+06
2247.5,-4.98195e+06
2247.6,-4.98248e+06
2247.7,-4.98301e+06
2247.8,-4.98354e+06
2247.9,-4.98406e+06
2248,-4.98459e+06
2248.1,-4.98512e+06
2248.2,-4.98565e+06
2248.3,-4.98618e+06
2248.4,-4.98671e+06
2248.5,-4.98724e+06
2248.6,-4.98777e+06
2248.7,-4.9883e+06
2248.8,-4.98882e+06
2248.9,-4.98935e+06
2249,-4.98988e+06
2249.1,-4.99041e+06
2249.2,-4.99094e+06
2249.3,-4.99147e+06
2249.4,-4.992e+06
2249.5,-4.99252e+06
2249.6,-4.99305e+06
2249.7,-4.99358e+06
2249.8,-4.99411e+06
2249.9,-4.99464e+06
2250,-4.99516e+06
2250.1,-4.99569e+06
2250.2,-4.99622e+06
2250.3,-4.99675e+06
2250.4,-4.99728e+06
2250.5,-4.9978e+06
2250.6,-4.99833e+06
2250.7,-4.99886e+06
2250.8,-4.99939e+06
2250.9,-4.99991e+06
2251,-5.00044e+06
2251.1,-5.00097e+06
2251.2,-5.0015e+06
2251.3,-5.00202e+06
2251.4,-5.00255e+06
2251.5,-5.00308e+06
2251.6,-5.0036e+06
2251.7,-5.00413e+06
2251.8,-5.00466e+06
2251.9,-5.00518e+06
2252,-5.00571e+06
2252.1,-5.00624e+06
2252.2,-5.00676e+06
2252.3,-5.00729e+06
2252.4,-5.00782e+06
2252.5,-5.00834e+06
2252.6,-5.00887e+06
2252.7,-5.0094e+06
2252.8,-5.00992e+06
2252.9,-5.01045e+06
2253,-5.01098e+06
2253.1,-5.0115e+06
2253.2,-5.01203e+06
2253.3,-5.01255e+06
2253.4,-5.01308e+06
2253.5,-5.0136e+06
2253.6,-5.01413e+06
2253.7,-5.01466e+06
2253.8,-5.01518e+06
2253.9,-5.01571e+06
2254,-5.01623e+06
2254.1,-5.01676e+06
2254.2,-5.01728e+06
2254.3,-5.01781e+06
2254.4,-5.01834e+06
2254.5,-5.01886e+06
2254.6,-5.01939e+06
2254.7,-5.01991e+06
2254.8,-5.02044e+06
2254.9,-5.02096e+06
2255,-5.02149e+06
2255.1,-5.02201e+06
2255.2,-5.02254e+06
2255.3,-5.02306e+06
2255.4,-5.02359e+06
2255.5,-5.02411e+06
2255.6,-5.02463e+06
2255.7,-5.02516e+06
2255.8,-5.02568e+06
2255.9,-5.02621e+06
2256,-5.02673e+06
2256.1,-5.02726e+06
2256.2,-5.02778e+06
2256.3,-5.02831e+06
2256.4,-5.02883e+06
2256.5,-5.02935e+06
2256.6,-5.02988e+06
2256.7,-5.0304e+06
2256.8,-5.03093e+06
2256.9,-5.03145e+06
2257,-5.03197e+06
2257.1,-5.0325e+06
2257.2,-5.03302e+06
2257.3,-5.03354e+06
2257.4,-5.03407e+06
2257.5,-5.03459e+06
2257.6,-5.03511e+06
2257.7,-5.03564e+06
2257.8,-5.03616e+06
2257.9,-5.03668e+06
2258,-5.03721e+06
2258.1,-5.03773e+06
2258.2,-5.03825e+06
2258.3,-5.03878e+06
2258.4,-5.0393e+06
2258.5,-5.03982e+06
2258.6,-5.04035e+06
2258.7,-5.04087e+06
2258.8,-5.04139e+06
2258.9,-5.04191e+06
2259,-5.04244e+06
2259.1,-5.04296e+06
2259.2,-5.04348e+06
2259.3,-5.044e+06
2259.4,-5.04453e+06
2259.5,-5.04505e+06
2259.6,-5.04557e+06
2259.7,-5.04609e+06
2259.8,-5.04662e+06
2259.9,-5.04714e+06
2260,-5.04766e+06
2260.1,-5.04818e+06
2260.2,-5.0487e+06
2260.3,-5.04922e+06
2260.4,-5.04975e+06
2260.5,-5.05027e+06
2260.6,-5.05079e+06
2260.7,-5.05131e+06
2260.8,-5.05183e+06
2260.9,-5.05235e+06
2261,-5.05288e+06
2261.1,-5.0534e+06
2261.2,-5.05392e+06
2261.3,-5.05444e+06
2261.4,-5.05496e+06
2261.5,-5.05548e+06
2261.6,-5.056e+06
2261.7,-5.05652e+06
2261.8,-5.05704e+06
2261.9,-5.05757e+06
2262,-5.05809e+06
2262.1,-5.05861e+06
2262.2,-5.05913e+06
2262.3,-5.05965e+06
2262.4,-5.06017e+06
2262.5,-5.06069e+06
2262.6,-5.06121e+06
2262.7,-5.06173e+06
2262.8,-5.06225e+06
2262.9,-5.06277e+06
2263,-5.06329e+06
2263.1,-5.06381e+06
2263.2,-5.06433e+06
2263.3,-5.06485e+06
2263.4,-5.06537e+06
2263.5,-5.06589e+06
2263.6,-5.06641e+06
2263.7,-5.06693e+06
2263.8,-5.06745e+06
2263.9,-5.06797e+06
2264,-5.06849e+06
2264.1,-5.06901e+06
2264.2,-5.06953e+06
2264.3,-5.07005e+06
2264.4,-5.07057e+06
2264.5,-5.07109e+06
2264.6,-5.07161e+06
2264.7,-5.07213e+06
2264.8,-5.07264e+06
2264.9,-5.07316e+06
2265,-5.07368e+06
2265.1,-5.0742e+06
2265.2,-5.07472e+06
2265.3,-5.07524e+06
2265.4,-5.07576e+06
2265.5,-5.07628e+06
2265.6,-5.0768e+06
2265.7,-5.07731e+06
2265.8,-5.07783e+06
2265.9,-5.07835e+06
2266,-5.07887e+06
2266.1,-5.07939e+06
2266.2,-5.07991e+06
2266.3,-5.08042e+06
2266.4,-5.08094e+06
2266.5,-5.08146e+06
2266.6,-5.08198e+06
2266.7,-5.0825e+06
2266.8,-5.08301e+06
2266.9,-5.08353e+06
2267,-5.08405e+06
2267.1,-5.08457e+06
2267.2,-5.08509e+06
2267.3,-5.0856e+06
2267.4,-5.08612e+06
2267.5,-5.08664e+06
2267.6,-5.08716e+06
2267.7,-5.08767e+06
2267.8,-5.08819e+06
2267.9,-5.08871e+06
2268,-5.08922e+06
2268.1,-5.08974e+06
2268.2,-5.09026e+06
2268.3,-5.09078e+06
2268.4,-5.09129e+06
2268.5,-5.09181e+06
2268.6,-5.09233e+06
2268.7,-5.09284e+06
2268.8,-5.09336e+06
2268.9,-5.09388e+06
2269,-5.09439e+06
2269.1,-5.09491e+06
2269.2,-5.09543e+06
2269.3,-5.09594e+06
2269.4,-5.09646e+06
2269.5,-5.09698e+06
2269.6,-5.09749e+06
2269.7,-5.09801e+06
2269.8,-5.09852e+06
2269.9,-5.09904e+06
2270,-5.09956e+06
2270.1,-5.10007e+06
2270.2,-5.10059e+06
2270.3,-5.1011e+06
2270.4,-5.10162e+06
2270.5,-5.10214e+06
2270.6,-5.10265e+06
2270.7,-5.10317e+06
2270.8,-5.10368e+06
2270.9,-5.1042e+06
2271,-5.10471e+06
2271.1,-5.10523e+06
2271.2,-5.10574e+06
2271.3,-5.10626e+06
2271.4,-5.10677e+06
2271.5,-5.10729e+06
2271.6,-5.1078e+06
2271.7,-5.10832e+06
2271.8,-5.10883e+06
2271.9,-5.10935e+06
2272,-5.10986e+06
2272.1,-5.11038e+06
2272.2,-5.11089e+06
2272.3,-5.11141e+06
2272.4,-5.11192e+06
2272.5,-5.11244e+06
2272.6,-5.11295e+06
2272.7,-5.11346e+06
2272.8,-5.11398e+06
2272.9,-5.11449e+06
2273,-5.11501e+06
2273.1,-5.11552e+06
2273.2,-5.11604e+06
2273.3,-5.11655e+06
2273.4,-5.11706e+06
2273.5,-5.11758e+06
2273.6,-5.11809e+06
2273.7,-5.11861e+06
2273.8,-5.11912e+06
2273.9,-5.11963e+06
2274,-5.12015e+06
2274.1,-5.12066e+06
2274.2,-5.12117e+06
2274.3,-5.12169e+06
2274.4,-5.1222e+06
2274.5,-5.12271e+06
2274.6,-5.12323e+06
2274.7,-5.12374e+06
2274.8,-5.12425e+06
2274.9,-5.12477e+06
2275,-5.12528e+06
2275.1,-5.12579e+06
2275.2,-5.1263e+06
2275.3,-5.12682e+06
2275.4,-5.12733e+06
2275.5,-5.12784e+06
2275.6,-5.12836e+06
2275.7,-5.12887e+06
2275.8,-5.12938e+06
2275.9,-5.12989e+06
2276,-5.1304e+06
2276.1,-5.13092e+06
2276.2,-5.13143e+06
2276.3,-5.13194e+06
2276.4,-5.13245e+06
2276.5,-5.13297e+06
2276.6,-5.13348e+06
2276.7,-5.13399e+06
2276.8,-5.1345e+06
2276.9,-5.13501e+06
2277,-5.13552e+06
2277.1,-5.13604e+06
2277.2,-5.13655e+06
2277.3,-5.13706e+06
2277.4,-5.13757e+06
2277.5,-5.13808e+06
2277.6,-5.13859e+06
2277.7,-5.13911e+06
2277.8,-5.13962e+06
2277.9,-5.14013e+06
2278,-5.14064e+06
2278.1,-5.14115e+06
2278.2,-5.14166e+06
2278.3,-5.14217e+06
2278.4,-5.14268e+06
2278.5,-5.14319e+06
2278.6,-5.1437e+06
2278.7,-5.14422e+06
2278.8,-5.14473e+06
2278.9,-5.14524e+06
2279,-5.14575e+06
2279.1,-5.14626e+06
2279.2,-5.14677e+06
2279.3,-5.14728e+06
2279.4,-5.14779e+06
2279.5,-5.1483e+06
2279.6,-5.14881e+06
2279.7,-5.14932e+06
2279.8,-5.14983e+06
2279.9,-5.15034e+06
2280,-5.15085e+06
2280.1,-5.15136e+06
2280.2,-5.15187e+06
2280.3,-5.15238e+06
2280.4,-5.15289e+06
2280.5,-5.1534e+06
2280.6,-5.15391e+06
2280.7,-5.15442e+06
2280.8,-5.15493e+06
2280.9,-5.15544e+06
2281,-5.15594e+06
2281.1,-5.15645e+06
2281.2,-5.15696e+06
2281.3,-5.15747e+06
2281.4,-5.15798e+06
2281.5,-5.15849e+06
2281.6,-5.159e+06
2281.7,-5.15951e+06
2281.8,-5.16002e+06
2281.9,-5.16053e+06
2282,-5.16103e+06
2282.1,-5.16154e+06
2282.2,-5.16205e+06
2282.3,-5.16256e+06
2282.4,-5.16307e+06
2282.5,-5.16358e+06
2282.6,-5.16409e+06
2282.7,-5.16459e+06
2282.8,-5.1651e+06
2282.9,-5.16561e+06
2283,-5.16612e+06
2283.1,-5.16663e+06
2283.2,-5.16713e+06
2283.3,-5.16764e+06
2283.4,-5.16815e+06
2283.5,-5.16866e+06
2283.6,-5.16917e+06
2283.7,-5.16967e+06
2283.8,-5.17018e+06
2283.9,-5.17069e+06
2284,-5.1712e+06
2284.1,-5.1717e+06
2284.2,-5.17221e+06
2284.3,-5.17272e+06
2284.4,-5.17322e+06
2284.5,-5.17373e+06
2284.6,-5.17424e+06
2284.7,-5.17475e+06
2284.8,-5.17525e+06
2284.9,-5.17576e+06
2285,-5.17627e+06
2285.1,-5.17677e+06
2285.2,-5.17728e+06
2285.3,-5.17779e+06
2285.4,-5.17829e+06
2285.5,-5.1788e+06
2285.6,-5.17931e+06
2285.7,-5.17981e+06
2285.8,-5.18032e+06
2285.9,-5.18083e+06
2286,-5.18133e+06
2286.1,-5.18184e+06
2286.2,-5.18234e+06
2286.3,-5.18285e+06
2286.4,-5.18336e+06
2286.5,-5.18386e+06
2286.6,-5.18437e+06
2286.7,-5.18487e+06
2286.8,-5.18538e+06
2286.9,-5.18589e+06
2287,-5.18639e+06
2287.1,-5.1869e+06
2287.2,-5.1874e+06
2287.3,-5.18791e+06
2287.4,-5.18841e+06
2287.5,-5.18892e+06
2287.6,-5.18942e+06
2287.7,-5.18993e+06
2287.8,-5.19043e+06
2287.9,-5.19094e+06
2288,-5.19144e+06
2288.1,-5.19195e+06
2288.2,-5.19245e+06
2288.3,-5.19296e+06
2288.4,-5.19346e+06
2288.5,-5.19397e+06
2288.6,-5.19447e+06
2288.7,-5.19498e+06
2288.8,-5.19548e+06
2288.9,-5.19599e+06
2289,-5.19649e+06
2289.1,-5.197e+06
2289.2,-5.1975e+06
2289.3,-5.198e+06
2289.4,-5.19851e+06
2289.5,-5.19901e+06
2289.6,-5.19952e+06
2289.7,-5.20002e+06
2289.8,-5.20052e+06
2289.9,-5.20103e+06
2290,-5.20153e+06
2290.1,-5.20204e+06
2290.2,-5.20254e+06
2290.3,-5.20304e+06
2290.4,-5.20355e+06
2290.5,-5.20405e+06
2290.6,-5.20455e+06
2290.7,-5.20506e+06
2290.8,-5.20556e+06
2290.9,-5.20606e+06
2291,-5.20657e+06
2291.1,-5.20707e+06
2291.2,-5.20757e+06
2291.3,-5.20808e+06
2291.4,-5.20858e+06
2291.5,-5.20908e+06
2291.6,-5.20958e+06
2291.7,-5.21009e+06
2291.8,-5.21059e+06
2291.9,-5.21109e+06
2292,-5.21159e+06
2292.1,-5.2121e+06
2292.2,-5.2126e+06
2292.3,-5.2131e+06
2292.4,-5.2136e+06
2292.5,-5.21411e+06
2292.6,-5.21461e+06
2292.7,-5.21511e+06
2292.8,-5.21561e+06
2292.9,-5.21611e+06
2293,-5.21662e+06
2293.1,-5.21712e+06
2293.2,-5.21762e+06
2293.3,-5.21812e+06
2293.4,-5.21862e+06
2293.5,-5.21912e+06
2293.6,-5.21963e+06
2293.7,-5.22013e+06
2293.8,-5.22063e+06
2293.9,-5.22113e+06
2294,-5.22163e+06
2294.1,-5.22213e+06
2294.2,-5.22263e+06
2294.3,-5.22314e+06
2294.4,-5.22364e+06
2294.5,-5.22414e+06
2294.6,-5.22464e+06
2294.7,-5.22514e+06
2294.8,-5.22564e+06
2294.9,-5.22614e+06
2295,-5.22664e+06
2295.1,-5.22714e+06
2295.2,-5.22764e+06
2295.3,-5.22814e+06
2295.4,-5.22864e+06
2295.5,-5.22914e+06
2295.6,-5.22964e+06
2295.7,-5.23015e+06
2295.8,-5.23065e+06
2295.9,-5.23115e+06
2296,-5.23165e+06
2296.1,-5.23215e+06
2296.2,-5.23265e+06
2296.3,-5.23315e+06
2296.4,-5.23365e+06
2296.5,-5.23415e+06
2296.6,-5.23464e+06
2296.7,-5.23514e+06
2296.8,-5.23564e+06
2296.9,-5.23614e+06
2297,-5.23664e+06
2297.1,-5.23714e+06
2297.2,-5.23764e+06
2297.3,-5.23814e+06
2297.4,-5.23864e+06
2297.5,-5.23914e+06
2297.6,-5.23964e+06
2297.7,-5.24014e+06
2297.8,-5.24064e+06
2297.9,-5.24114e+06
2298,-5.24163e+06
2298.1,-5.24213e+06
2298.2,-5.24263e+06
2298.3,-5.24313e+06
2298.4,-5.24363e+06
2298.5,-5.24413e+06
2298.6,-5.24463e+06
2298.7,-5.24512e+06
2298.8,-5.24562e+06
2298.9,-5.24612e+06
2299,-5.24662e+06
2299.1,-5.24712e+06
2299.2,-5.24762e+06
2299.3,-5.24811e+06
2299.4,-5.24861e+06
2299.5,-5.24911e+06
2299.6,-5.24961e+06
2299.7,-5.25011e+06
2299.8,-5.2506e+06
2299.9,-5.2511e+06
2300,-5.2516e+06
2300.1,-5.2521e+06
2300.2,-5.25259e+06
2300.3,-5.25309e+06
2300.4,-5.25359e+06
2300.5,-5.25409e+06
2300.6,-5.25458e+06
2300.7,-5.25508e+06
2300.8,-5.25558e+06
2300.9,-5.25607e+06
2301,-5.25657e+06
2301.1,-5.25707e+06
2301.2,-5.25756e+06
2301.3,-5.25806e+06
2301.4,-5.25856e+06
2301.5,-5.25905e+06
2301.6,-5.25955e+06
2301.7,-5.26005e+06
2301.8,-5.26054e+06
2301.9,-5.26104e+06
2302,-5.26154e+06
2302.1,-5.26203e+06
2302.2,-5.26253e+06
2302.3,-5.26303e+06
2302.4,-5.26352e+06
2302.5,-5.26402e+06
2302.6,-5.26451e+06
2302.7,-5.26501e+06
2302.8,-5.26551e+06
2302.9,-5.266e+06
2303,-5.2665e+06
2303.1,-5.26699e+06
2303.2,-5.26749e+06
2303.3,-5.26798e+06
2303.4,-5.26848e+06
2303.5,-5.26897e+06
2303.6,-5.26947e+06
2303.7,-5.26997e+06
2303.8,-5.27046e+06
2303.9,-5.27096e+06
2304,-5.27145e+06
2304.1,-5.27195e+06
2304.2,-5.27244e+06
2304.3,-5.27294e+06
2304.4,-5.27343e+06
2304.5,-5.27393e+06
2304.6,-5.27442e+06
2304.7,-5.27491e+06
2304.8,-5.27541e+06
2304.9,-5.2759e+06
2305,-5.2764e+06
2305.1,-5.27689e+06
2305.2,-5.27739e+06
2305.3,-5.27788e+06
2305.4,-5.27838e+06
2305.5,-5.27887e+06
2305.6,-5.27936e+06
2305.7,-5.27986e+06
2305.8,-5.28035e+06
2305.9,-5.28085e+06
2306,-5.28134e+06
2306.1,-5.28183e+06
2306.2,-5.28233e+06
2306.3,-5.28282e+06
2306.4,-5.28331e+06
2306.5,-5.28381e+06
2306.6,-5.2843e+06
2306.7,-5.28479e+06
2306.8,-5.28529e+06
2306.9,-5.28578e+06
2307,-5.28627e+06
2307.1,-5.28677e+06
2307.2,-5.28726e+06
2307.3,-5.28775e+06
2307.4,-5.28825e+06
2307.5,-5.28874e+06
2307.6,-5.28923e+06
2307.7,-5.28973e+06
2307.8,-5.29022e+06
2307.9,-5.29071e+06
2308,-5.2912e+06
2308.1,-5.2917e+06
2308.2,-5.29219e+06
2308.3,-5.29268e+06
2308.4,-5.29317e+06
2308.5,-5.29367e+06
2308.6,-5.29416e+06
2308.7,-5.29465e+06
2308.8,-5.29514e+06
2308.9,-5.29563e+06
2309,-5.29613e+06
2309.1,-5.29662e+06
2309.2,-5.29711e+06
2309.3,-5.2976e+06
2309.4,-5.29809e+06
2309.5,-5.29858e+06
2309.6,-5.29908e+06
2309.7,-5.29957e+06
2309.8,-5.30006e+06
2309.9,-5.30055e+06
2310,-5.30104e+06
2310.1,-5.30153e+06
2310.2,-5.30202e+06
2310.3,-5.30252e+06
2310.4,-5.30301e+06
2310.5,-5.3035e+06
2310.6,-5.30399e+06
2310.7,-5.30448e+06
2310.8,-5.30497e+06
2310.9,-5.30546e+06
2311,-5.30595e+06
2311.1,-5.30644e+06
2311.2,-5.30693e+06
2311.3,-5.30742e+06
2311.4,-5.30791e+06
2311.5,-5.3084e+06
2311.6,-5.3089e+06
2311.7,-5.30939e+06
2311.8,-5.30988e+06
2311.9,-5.31037e+06
2312,-5.31086e+06
2312.1,-5.31135e+06
2312.2,-5.31184e+06
2312.3,-5.31233e+06
2312.4,-5.31282e+06
2312.5,-5.31331e+06
2312.6,-5.3138e+06
2312.7,-5.31428e+06
2312.8,-5.31477e+06
2312.9,-5.31526e+06
2313,-5.31575e+06
2313.1,-5.31624e+06
2313.2,-5.31673e+06
2313.3,-5.31722e+06
2313.4,-5.31771e+06
2313.5,-5.3182e+06
2313.6,-5.31869e+06
2313.7,-5.31918e+06
2313.8,-5.31967e+06
2313.9,-5.32016e+06
2314,-5.32064e+06
2314.1,-5.32113e+06
2314.2,-5.32162e+06
2314.3,-5.32211e+06
2314.4,-5.3226e+06
2314.5,-5.32309e+06
2314.6,-5.32358e+06
2314.7,-5.32406e+06
2314.8,-5.32455e+06
2314.9,-5.32504e+06
2315,-5.32553e+06
2315.1,-5.32602e+06
2315.2,-5.32651e+06
2315.3,-5.32699e+06
2315.4,-5.32748e+06
2315.5,-5.32797e+06
2315.6,-5.32846e+06
2315.7,-5.32895e+06
2315.8,-5.32943e+06
2315.9,-5.32992e+06
2316,-5.33041e+06
2316.1,-5.3309e+06
2316.2,-5.33138e+06
2316.3,-5.33187e+06
2316.4,-5.33236e+06
2316.5,-5.33285e+06
2316.6,-5.33333e+06
2316.7,-5.33382e+06
2316.8,-5.33431e+06
2316.9,-5.33479e+06
2317,-5.33528e+06
2317.1,-5.33577e+06
2317.2,-5.33625e+06
2317.3,-5.33674e+06
2317.4,-5.33723e+06
2317.5,-5.33771e+06
2317.6,-5.3382e+06
2317.7,-5.33869e+06
2317.8,-5.33917e+06
2317.9,-5.33966e+06
2318,-5.34015e+06
2318.1,-5.34063e+06
2318.2,-5.34112e+06
2318.3,-5.3416e+06
2318.4,-5.34209e+06
2318.5,-5.34258e+06
2318.6,-5.34306e+06
2318.7,-5.34355e+06
2318.8,-5.34403e+06
2318.9,-5.34452e+06
2319,-5.34501e+06
2319.1,-5.34549e+06
2319.2,-5.34598e+06
2319.3,-5.34646e+06
2319.4,-5.34695e+06
2319.5,-5.34743e+06
2319.6,-5.34792e+06
2319.7,-5.3484e+06
2319.8,-5.34889e+06
2319.9,-5.34937e+06
2320,-5.34986e+06
2320.1,-5.35034e+06
2320.2,-5.35083e+06
2320.3,-5.35131e+06
2320.4,-5.3518e+06
2320.5,-5.35228e+06
2320.6,-5.35277e+06
2320.7,-5.35325e+06
2320.8,-5.35374e+06
2320.9,-5.35422e+06
2321,-5.35471e+06
2321.1,-5.35519e+06
2321.2,-5.35567e+06
2321.3,-5.35616e+06
2321.4,-5.35664e+06
2321.5,-5.35713e+06
2321.6,-5.35761e+06
2321.7,-5.35809e+06
2321.8,-5.35858e+06
2321.9,-5.35906e+06
2322,-5.35955e+06
2322.1,-5.36003e+06
2322.2,-5.36051e+06
2322.3,-5.361e+06
2322.4,-5.36148e+06
2322.5,-5.36196e+06
2322.6,-5.36245e+06
2322.7,-5.36293e+06
2322.8,-5.36341e+06
2322.9,-5.3639e+06
2323,-5.36438e+06
2323.1,-5.36486e+06
2323.2,-5.36535e+06
2323.3,-5.36583e+06
2323.4,-5.36631e+06
2323.5,-5.3668e+06
2323.6,-5.36728e+06
2323.7,-5.36776e+06
2323.8,-5.36824e+06
2323.9,-5.36873e+06
2324,-5.36921e+06
2324.1,-5.36969e+06
2324.2,-5.37017e+06
2324.3,-5.37066e+06
2324.4,-5.37114e+06
2324.5,-5.37162e+06
2324.6,-5.3721e+06
2324.7,-5.37258e+06
2324.8,-5.37307e+06
2324.9,-5.37355e+06
2325,-5.37403e+06
2325.1,-5.37451e+06
2325.2,-5.37499e+06
2325.3,-5.37548e+06
2325.4,-5.37596e+06
2325.5,-5.37644e+06
2325.6,-5.37692e+06
2325.7,-5.3774e+06
2325.8,-5.37788e+06
2325.9,-5.37836e+06
2326,-5.37884e+06
2326.1,-5.37933e+06
2326.2,-5.37981e+06
2326.3,-5.38029e+06
2326.4,-5.38077e+06
2326.5,-5.38125e+06
2326.6,-5.38173e+06
2326.7,-5.38221e+06
2326.8,-5.38269e+06
2326.9,-5.38317e+06
2327,-5.38365e+06
2327.1,-5.38413e+06
2327.2,-5.38461e+06
2327.3,-5.3851e+06
2327.4,-5.38558e+06
2327.5,-5.38606e+06
2327.6,-5.38654e+06
2327.7,-5.38702e+06
2327.8,-5.3875e+06
2327.9,-5.38798e+06
2328,-5.38846e+06
2328.1,-5.38894e+06
2328.2,-5.38942e+06
2328.3,-5.3899e+06
2328.4,-5.39038e+06
2328.5,-5.39086e+06
2328.6,-5.39133e+06
2328.7,-5.39181e+06
2328.8,-5.39229e+06
2328.9,-5.39277e+06
2329,-5.39325e+06
2329.1,-5.39373e+06
2329.2,-5.39421e+06
2329.3,-5.39469e+06
2329.4,-5.39517e+06
2329.5,-5.39565e+06
2329.6,-5.39613e+06
2329.7,-5.39661e+06
2329.8,-5.39708e+06
2329.9,-5.39756e+06
2330,-5.39804e+06
2330.1,-5.39852e+06
2330.2,-5.399e+06
2330.3,-5.39948e+06
2330.4,-5.39996e+06
2330.5,-5.40043e+06
2330.6,-5.40091e+06
2330.7,-5.40139e+06
2330.8,-5.40187e+06
2330.9,-5.40235e+06
2331,-5.40282e+06
2331.1,-5.4033e+06
2331.2,-5.40378e+06
2331.3,-5.40426e+06
2331.4,-5.40474e+06
2331.5,-5.40521e+06
2331.6,-5.40569e+06
2331.7,-5.40617e+06
2331.8,-5.40665e+06
2331.9,-5.40712e+06
2332,-5.4076e+06
2332.1,-5.40808e+06
2332.2,-5.40856e+06
2332.3,-5.40903e+06
2332.4,-5.40951e+06
2332.5,-5.40999e+06
2332.6,-5.41046e+06
2332.7,-5.41094e+06
2332.8,-5.41142e+06
2332.9,-5.4119e+06
2333,-5.41237e+06
2333.1,-5.41285e+06
2333.2,-5.41333e+06
2333.3,-5.4138e+06
2333.4,-5.41428e+06
2333.5,-5.41476e+06
2333.6,-5.41523e+06
2333.7,-5.41571e+06
2333.8,-5.41618e+06
2333.9,-5.41666e+06
2334,-5.41714e+06
2334.1,-5.41761e+06
2334.2,-5.41809e+06
2334.3,-5.41856e+06
2334.4,-5.41904e+06
2334.5,-5.41952e+06
2334.6,-5.41999e+06
2334.7,-5.42047e+06
2334.8,-5.42094e+06
2334.9,-5.42142e+06
2335,-5.42189e+06
2335.1,-5.42237e+06
2335.2,-5.42284e+06
2335.3,-5.42332e+06
2335.4,-5.4238e+06
2335.5,-5.42427e+06
2335.6,-5.42474e+06
2335.7,-5.42522e+06
2335.8,-5.4257e+06
2335.9,-5.42617e+06
2336,-5.42664e+06
2336.1,-5.42712e+06
2336.2,-5.42759e+06
2336.3,-5.42807e+06
2336.4,-5.42854e+06
2336.5,-5.42902e+06
2336.6,-5.42949e+06
2336.7,-5.42997e+06
2336.8,-5.43044e+06
2336.9,-5.43092e+06
2337,-5.43139e+06
2337.1,-5.43186e+06
2337.2,-5.43234e+06
2337.3,-5.43281e+06
2337.4,-5.43329e+06
2337.5,-5.43376e+06
2337.6,-5.43423e+06
2337.7,-5.43471e+06
2337.8,-5.43518e+06
2337.9,-5.43565e+06
2338,-5.43613e+06
2338.1,-5.4366e+06
2338.2,-5.43707e+06
2338.3,-5.43755e+06
2338.4,-5.43802e+06
2338.5,-5.43849e+06
2338.6,-5.43897e+06
2338.7,-5.43944e+06
2338.8,-5.43991e+06
2338.9,-5.44039e+06
2339,-5.44086e+06
2339.1,-5.44133e+06
2339.2,-5.44181e+06
2339.3,-5.44228e+06
2339.4,-5.44275e+06
2339.5,-5.44322e+06
2339.6,-5.4437e+06
2339.7,-5.44417e+06
2339.8,-5.44464e+06
2339.9,-5.44511e+06
2340,-5.44559e+06
2340.1,-5.44606e+06
2340.2,-5.44653e+06
2340.3,-5.447e+06
2340.4,-5.44747e+06
2340.5,-5.44795e+06
2340.6,-5.44842e+06
2340.7,-5.44889e+06
2340.8,-5.44936e+06
2340.9,-5.44983e+06
2341,-5.4503e+06
2341.1,-5.45078e+06
2341.2,-5.45125e+06
2341.3,-5.45172e+06
2341.4,-5.45219e+06
2341.5,-5.45266e+06
2341.6,-5.45313e+06
2341.7,-5.4536e+06
2341.8,-5.45407e+06
2341.9,-5.45455e+06
2342,-5.45502e+06
2342.1,-5.45549e+06
2342.2,-5.45596e+06
2342.3,-5.45643e+06
2342.4,-5.4569e+06
2342.5,-5.45737e+06
2342.6,-5.45784e+06
2342.7,-5.45831e+06
2342.8,-5.45878e+06
2342.9,-5.45925e+06
2343,-5.45972e+06
2343.1,-5.46019e+06
2343.2,-5.46066e+06
2343.3,-5.46113e+06
2343.4,-5.4616e+06
2343.5,-5.46207e+06
2343.6,-5.46254e+06
2343.7,-5.46301e+06
2343.8,-5.46348e+06
2343.9,-5.46395e+06
2344,-5.46442e+06
2344.1,-5.46489e+06
2344.2,-5.46536e+06
2344.3,-5.46583e+06
2344.4,-5.4663e+06
2344.5,-5.46677e+06
2344.6,-5.46724e+06
2344.7,-5.46771e+06
2344.8,-5.46818e+06
2344.9,-5.46865e+06
2345,-5.46912e+06
2345.1,-5.46958e+06
2345.2,-5.47005e+06
2345.3,-5.47052e+06
2345.4,-5.47099e+06
2345.5,-5.47146e+06
2345.6,-5.47193e+06
2345.7,-5.4724e+06
2345.8,-5.47287e+06
2345.9,-5.47333e+06
2346,-5.4738e+06
2346.1,-5.47427e+06
2346.2,-5.47474e+06
2346.3,-5.47521e+06
2346.4,-5.47568e+06
2346.5,-5.47614e+06
2346.6,-5.47661e+06
2346.7,-5.47708e+06
2346.8,-5.47755e+06
2346.9,-5.47802e+06
2347,-5.47848e+06
2347.1,-5.47895e+06
2347.2,-5.47942e+06
2347.3,-5.47988e+06
2347.4,-5.48035e+06
2347.5,-5.48082e+06
2347.6,-5.48129e+06
2347.7,-5.48176e+06
2347.8,-5.48222e+06
2347.9,-5.48269e+06
2348,-5.48316e+06
2348.1,-5.48362e+06
2348.2,-5.48409e+06
2348.3,-5.48456e+06
2348.4,-5.48502e+06
2348.5,-5.48549e+06
2348.6,-5.48596e+06
2348.7,-5.48642e+06
2348.8,-5.48689e+06
2348.9,-5.48736e+06
2349,-5.48782e+06
2349.1,-5.48829e+06
2349.2,-5.48876e+06
2349.3,-5.48922e+06
2349.4,-5.48969e+06
2349.5,-5.49015e+06
2349.6,-5.49062e+06
2349.7,-5.49109e+06
2349.8,-5.49155e+06
2349.9,-5.49202e+06
2350,-5.49248e+06
2350.1,-5.49295e+06
2350.2,-5.49342e+06
2350.3,-5.49388e+06
2350.4,-5.49435e+06
2350.5,-5.49481e+06
2350.6,-5.49528e+06
2350.7,-5.49574e+06
2350.8,-5.49621e+06
2350.9,-5.49667e+06
2351,-5.49714e+06
2351.1,-5.4976e+06
2351.2,-5.49807e+06
2351.3,-5.49853e+06
2351.4,-5.499e+06
2351.5,-5.49946e+06
2351.6,-5.49993e+06
2351.7,-5.50039e+06
2351.8,-5.50086e+06
2351.9,-5.50132e+06
2352,-5.50179e+06
2352.1,-5.50225e+06
2352.2,-5.50272e+06
2352.3,-5.50318e+06
2352.4,-5.50364e+06
2352.5,-5.50411e+06
2352.6,-5.50457e+06
2352.7,-5.50504e+06
2352.8,-5.5055e+06
2352.9,-5.50596e+06
2353,-5.50643e+06
2353.1,-5.50689e+06
2353.2,-5.50736e+06
2353.3,-5.50782e+06
2353.4,-5.50828e+06
2353.5,-5.50875e+06
2353.6,-5.50921e+06
2353.7,-5.50967e+06
2353.8,-5.51014e+06
2353.9,-5.5106e+06
2354,-5.51106e+06
2354.1,-5.51152e+06
2354.2,-5.51199e+06
2354.3,-5.51245e+06
2354.4,-5.51291e+06
2354.5,-5.51338e+06
2354.6,-5.51384e+06
2354.7,-5.5143e+06
2354.8,-5.51476e+06
2354.9,-5.51523e+06
2355,-5.51569e+06
2355.1,-5.51615e+06
2355.2,-5.51662e+06
2355.3,-5.51708e+06
2355.4,-5.51754e+06
2355.5,-5.518e+06
2355.6,-5.51846e+06
2355.7,-5.51893e+06
2355.8,-5.51939e+06
2355.9,-5.51985e+06
2356,-5.52031e+06
2356.1,-5.52077e+06
2356.2,-5.52124e+06
2356.3,-5.5217e+06
2356.4,-5.52216e+06
2356.5,-5.52262e+06
2356.6,-5.52308e+06
2356.7,-5.52354e+06
2356.8,-5.524e+06
2356.9,-5.52447e+06
2357,-5.52493e+06
2357.1,-5.52539e+06
2357.2,-5.52585e+06
2357.3,-5.52631e+06
2357.4,-5.52677e+06
2357.5,-5.52723e+06
2357.6,-5.52769e+06
2357.7,-5.52815e+06
2357.8,-5.52861e+06
2357.9,-5.52908e+06
2358,-5.52954e+06
2358.1,-5.53e+06
2358.2,-5.53046e+06
2358.3,-5.53092e+06
2358.4,-5.53138e+06
2358.5,-5.53184e+06
2358.6,-5.5323e+06
2358.7,-5.53276e+06
2358.8,-5.53322e+06
2358.9,-5.53368e+06
2359,-5.53414e+06
2359.1,-5.5346e+06
2359.2,-5.53506e+06
2359.3,-5.53552e+06
2359.4,-5.53598e+06
2359.5,-5.53644e+06
2359.6,-5.5369e+06
2359.7,-5.53736e+06
2359.8,-5.53781e+06
2359.9,-5.53827e+06
2360,-5.53873e+06
2360.1,-5.53919e+06
2360.2,-5.53965e+06
2360.3,-5.54011e+06
2360.4,-5.54057e+06
2360.5,-5.54103e+06
2360.6,-5.54149e+06
2360.7,-5.54195e+06
2360.8,-5.5424e+06
2360.9,-5.54286e+06
2361,-5.54332e+06
2361.1,-5.54378e+06
2361.2,-5.54424e+06
2361.3,-5.5447e+06
2361.4,-5.54516e+06
2361.5,-5.54561e+06
2361.6,-5.54607e+06
2361.7,-5.54653e+06
2361.8,-5.54699e+06
2361.9,-5.54745e+06
2362,-5.5479e+06
2362.1,-5.54836e+06
2362.2,-5.54882e+06
2362.3,-5.54928e+06
2362.4,-5.54974e+06
2362.5,-5.55019e+06
2362.6,-5.55065e+06
2362.7,-5.55111e+06
2362.8,-5.55156e+06
2362.9,-5.55202e+06
2363,-5.55248e+06
2363.1,-5.55294e+06
2363.2,-5.55339e+06
2363.3,-5.55385e+06
2363.4,-5.55431e+06
2363.5,-5.55476e+06
2363.6,-5.55522e+06
2363.7,-5.55568e+06
2363.8,-5.55614e+06
2363.9,-5.55659e+06
2364,-5.55705e+06
2364.1,-5.55751e+06
2364.2,-5.55796e+06
2364.3,-5.55842e+06
2364.4,-5.55888e+06
2364.5,-5.55933e+06
2364.6,-5.55979e+06
2364.7,-5.56024e+06
2364.8,-5.5607e+06
2364.9,-5.56116e+06
2365,-5.56161e+06
2365.1,-5.56207e+06
2365.2,-5.56252e+06
2365.3,-5.56298e+06
2365.4,-5.56344e+06
2365.5,-5.56389e+06
2365.6,-5.56435e+06
2365.7,-5.5648e+06
2365.8,-5.56526e+06
2365.9,-5.56571e+06
2366,-5.56617e+06
2366.1,-5.56662e+06
2366.2,-5.56708e+06
2366.3,-5.56753e+06
2366.4,-5.56799e+06
2366.5,-5.56844e+06
2366.6,-5.5689e+06
2366.7,-5.56935e+06
2366.8,-5.56981e+06
2366.9,-5.57026e+06
2367,-5.57072e+06
2367.1,-5.57117e+06
2367.2,-5.57163e+06
2367.3,-5.57208e+06
2367.4,-5.57254e+06
2367.5,-5.57299e+06
2367.6,-5.57344e+06
2367.7,-5.5739e+06
2367.8,-5.57435e+06
2367.9,-5.57481e+06
2368,-5.57526e+06
2368.1,-5.57571e+06
2368.2,-5.57617e+06
2368.3,-5.57662e+06
2368.4,-5.57708e+06
2368.5,-5.57753e+06
2368.6,-5.57798e+06
2368.7,-5.57844e+06
2368.8,-5.57889e+06
2368.9,-5.57934e+06
2369,-5.5798e+06
2369.1,-5.58025e+06
2369.2,-5.5807e+06
2369.3,-5.58116e+06
2369.4,-5.58161e+06
2369.5,-5.58206e+06
2369.6,-5.58251e+06
2369.7,-5.58297e+06
2369.8,-5.58342e+06
2369.9,-5.58387e+06
2370,-5.58433e+06
2370.1,-5.58478e+06
2370.2,-5.58523e+06
2370.3,-5.58568e+06
2370.4,-5.58614e+06
2370.5,-5.58659e+06
2370.6,-5.58704e+06
2370.7,-5.58749e+06
2370.8,-5.58794e+06
2370.9,-5.5884e+06
2371,-5.58885e+06
2371.1,-5.5893e+06
2371.2,-5.58975e+06
2371.3,-5.5902e+06
2371.4,-5.59066e+06
2371.5,-5.59111e+06
2371.6,-5.59156e+06
2371.7,-5.59201e+06
2371.8,-5.59246e+06
2371.9,-5.59291e+06
2372,-5.59336e+06
2372.1,-5.59382e+06
2372.2,-5.59427e+06
2372.3,-5.59472e+06
2372.4,-5.59517e+06
2372.5,-5.59562e+06
2372.6,-5.59607e+06
2372.7,-5.59652e+06
2372.8,-5.59697e+06
2372.9,-5.59742e+06
2373,-5.59787e+06
2373.1,-5.59832e+06
2373.2,-5.59878e+06
2373.3,-5.59923e+06
2373.4,-5.59968e+06
2373.5,-5.60013e+06
2373.6,-5.60058e+06
2373.7,-5.60103e+06
2373.8,-5.60148e+06
2373.9,-5.60193e+06
2374,-5.60238e+06
2374.1,-5.60283e+06
2374.2,-5.60328e+06
2374.3,-5.60373e+06
2374.4,-5.60418e+06
2374.5,-5.60463e+06
2374.6,-5.60508e+06
2374.7,-5.60553e+06
2374.8,-5.60598e+06
2374.9,-5.60642e+06
2375,-5.60687e+06
2375.1,-5.60732e+06
2375.2,-5.60777e+06
2375.3,-5.60822e+06
2375.4,-5.60867e+06
2375.5,-5.60912e+06
2375.6,-5.60957e+06
2375.7,-5.61002e+06
2375.8,-5.61047e+06
2375.9,-5.61092e+06
2376,-5.61136e+06
2376.1,-5.61181e+06
2376.2,-5.61226e+06
2376.3,-5.61271e+06
2376.4,-5.61316e+06
2376.5,-5.61361e+06
2376.6,-5.61406e+06
2376.7,-5.6145e+06
2376.8,-5.61495e+06
2376.9,-5.6154e+06
2377,-5.61585e+06
2377.1,-5.6163e+06
2377.2,-5.61674e+06
2377.3,-5.61719e+06
2377.4,-5.61764e+06
2377.5,-5.61809e+06
2377.6,-5.61853e+06
2377.7,-5.61898e+06
2377.8,-5.61943e+06
2377.9,-5.61988e+06
2378,-5.62032e+06
2378.1,-5.62077e+06
2378.2,-5.62122e+06
2378.3,-5.62167e+06
2378.4,-5.62211e+06
2378.5,-5.62256e+06
2378.6,-5.62301e+06
2378.7,-5.62345e+06
2378.8,-5.6239e+06
2378.9,-5.62435e+06
2379,-5.62479e+06
2379.1,-5.62524e+06
2379.2,-5.62569e+06
2379.3,-5.62613e+06
2379.4,-5.62658e+06
2379.5,-5.62703e+06
2379.6,-5.62747e+06
2379.7,-5.62792e+06
2379.8,-5.62836e+06
2379.9,-5.62881e+06
2380,-5.62926e+06
2380.1,-5.6297e+06
2380.2,-5.63015e+06
2380.3,-5.6306e+06
2380.4,-5.63104e+06
2380.5,-5.63149e+06
2380.6,-5.63193e+06
2380.7,-5.63238e+06
2380.8,-5.63282e+06
2380.9,-5.63327e+06
2381,-5.63371e+06
2381.1,-5.63416e+06
2381.2,-5.6346e+06
2381.3,-5.63505e+06
2381.4,-5.63549e+06
2381.5,-5.63594e+06
2381.6,-5.63638e+06
2381.7,-5.63683e+06
2381.8,-5.63727e+06
2381.9,-5.63772e+06
2382,-5.63816e+06
2382.1,-5.63861e+06
2382.2,-5.63905e+06
2382.3,-5.6395e+06
2382.4,-5.63994e+06
2382.5,-5.64039e+06
2382.6,-5.64083e+06
2382.7,-5.64128e+06
2382.8,-5.64172e+06
2382.9,-5.64216e+06
2383,-5.64261e+06
2383.1,-5.64305e+06
2383.2,-5.6435e+06
2383.3,-5.64394e+06
2383.4,-5.64438e+06
2383.5,-5.64483e+06
2383.6,-5.64527e+06
2383.7,-5.64571e+06
2383.8,-5.64616e+06
2383.9,-5.6466e+06
2384,-5.64704e+06
2384.1,-5.64749e+06
2384.2,-5.64793e+06
2384.3,-5.64837e+06
2384.4,-5.64882e+06
2384.5,-5.64926e+06
2384.6,-5.6497e+06
2384.7,-5.65015e+06
2384.8,-5.65059e+06
2384.9,-5.65103e+06
2385,-5.65147e+06
2385.1,-5.65192e+06
2385.2,-5.65236e+06
2385.3,-5.6528e+06
2385.4,-5.65324e+06
2385.5,-5.65369e+06
2385.6,-5.65413e+06
2385.7,-5.65457e+06
2385.8,-5.65501e+06
2385.9,-5.65546e+06
2386,-5.6559e+06
2386.1,-5.65634e+06
2386.2,-5.65678e+06
2386.3,-5.65722e+06
2386.4,-5.65766e+06
2386.5,-5.65811e+06
2386.6,-5.65855e+06
2386.7,-5.65899e+06
2386.8,-5.65943e+06
2386.9,-5.65987e+06
2387,-5.66031e+06
2387.1,-5.66076e+06
2387.2,-5.6612e+06
2387.3,-5.66164e+06
2387.4,-5.66208e+06
2387.5,-5.66252e+06
2387.6,-5.66296e+06
2387.7,-5.6634e+06
2387.8,-5.66384e+06
2387.9,-5.66428e+06
2388,-5.66472e+06
2388.1,-5.66516e+06
2388.2,-5.6656e+06
2388.3,-5.66604e+06
2388.4,-5.66649e+06
2388.5,-5.66693e+06
2388.6,-5.66737e+06
2388.7,-5.66781e+06
2388.8,-5.66825e+06
2388.9,-5.66869e+06
2389,-5.66913e+06
2389.1,-5.66957e+06
2389.2,-5.67001e+06
2389.3,-5.67045e+06
2389.4,-5.67089e+06
2389.5,-5.67133e+06
2389.6,-5.67176e+06
2389.7,-5.6722e+06
2389.8,-5.67264e+06
2389.9,-5.67308e+06
2390,-5.67352e+06
2390.1,-5.67396e+06
2390.2,-5.6744e+06
2390.3,-5.67484e+06
2390.4,-5.67528e+06
2390.5,-5.67572e+06
2390.6,-5.67616e+06
2390.7,-5.6766e+06
2390.8,-5.67704e+06
2390.9,-5.67747e+06
2391,-5.67791e+06
2391.1,-5.67835e+06
2391.2,-5.67879e+06
2391.3,-5.67923e+06
2391.4,-5.67967e+06
2391.5,-5.6801e+06
2391.6,-5.68054e+06
2391.7,-5.68098e+06
2391.8,-5.68142e+06
2391.9,-5.68186e+06
2392,-5.6823e+06
2392.1,-5.68273e+06
2392.2,-5.68317e+06
2392.3,-5.68361e+06
2392.4,-5.68405e+06
2392.5,-5.68448e+06
2392.6,-5.68492e+06
2392.7,-5.68536e+06
2392.8,-5.6858e+06
2392.9,-5.68623e+06
2393,-5.68667e+06
2393.1,-5.68711e+06
2393.2,-5.68755e+06
2393.3,-5.68798e+06
2393.4,-5.68842e+06
2393.5,-5.68886e+06
2393.6,-5.68929e+06
2393.7,-5.68973e+06
2393.8,-5.69017e+06
2393.9,-5.6906e+06
2394,-5.69104e+06
2394.1,-5.69148e+06
2394.2,-5.69191e+06
2394.3,-5.69235e+06
2394.4,-5.69279e+06
2394.5,-5.69322e+06
2394.6,-5.69366e+06
2394.7,-5.6941e+06
2394.8,-5.69453e+06
2394.9,-5.69497e+06
2395,-5.6954e+06
2395.1,-5.69584e+06
2395.2,-5.69628e+06
2395.3,-5.69671e+06
2395.4,-5.69715e+06
2395.5,-5.69758e+06
2395.6,-5.69802e+06
2395.7,-5.69845e+06
2395.8,-5.69889e+06
2395.9,-5.69932e+06
2396,-5.69976e+06
2396.1,-5.7002e+06
2396.2,-5.70063e+06
2396.3,-5.70107e+06
2396.4,-5.7015e+06
2396.5,-5.70194e+06
2396.6,-5.70237e+06
2396.7,-5.70281e+06
2396.8,-5.70324e+06
2396.9,-5.70368e+06
2397,-5.70411e+06
2397.1,-5.70454e+06
2397.2,-5.70498e+06
2397.3,-5.70541e+06
2397.4,-5.70585e+06
2397.5,-5.70628e+06
2397.6,-5.70672e+06
2397.7,-5.70715e+06
2397.8,-5.70758e+06
2397.9,-5.70802e+06
2398,-5.70845e+06
2398.1,-5.70889e+06
2398.2,-5.70932e+06
2398.3,-5.70975e+06
2398.4,-5.71019e+06
2398.5,-5.71062e+06
2398.6,-5.71105e+06
2398.7,-5.71149e+06
2398.8,-5.71192e+06
2398.9,-5.71235e+06
2399,-5.71279e+06
2399.1,-5.71322e+06
2399.2,-5.71365e+06
2399.3,-5.71409e+06
2399.4,-5.71452e+06
2399.5,-5.71495e+06
2399.6,-5.71539e+06
2399.7,-5.71582e+06
2399.8,-5.71625e+06
2399.9,-5.71668e+06
2400,-5.71712e+06
2400.1,-5.71755e+06
2400.2,-5.71798e+06
2400.3,-5.71841e+06
2400.4,-5.71885e+06
2400.5,-5.71928e+06
2400.6,-5.71971e+06
2400.7,-5.72014e+06
2400.8,-5.72058e+06
2400.9,-5.72101e+06
2401,-5.72144e+06
2401.1,-5.72187e+06
2401.2,-5.7223e+06
2401.3,-5.72273e+06
2401.4,-5.72317e+06
2401.5,-5.7236e+06
2401.6,-5.72403e+06
2401.7,-5.72446e+06
2401.8,-5.72489e+06
2401.9,-5.72532e+06
2402,-5.72575e+06
2402.1,-5.72619e+06
2402.2,-5.72662e+06
2402.3,-5.72705e+06
2402.4,-5.72748e+06
2402.5,-5.72791e+06
2402.6,-5.72834e+06
2402.7,-5.72877e+06
2402.8,-5.7292e+06
2402.9,-5.72963e+06
2403,-5.73006e+06
2403.1,-5.73049e+06
2403.2,-5.73092e+06
2403.3,-5.73135e+06
2403.4,-5.73178e+06
2403.5,-5.73222e+06
2403.6,-5.73264e+06
2403.7,-5.73308e+06
2403.8,-5.7335e+06
2403.9,-5.73394e+06
2404,-5.73436e+06
2404.1,-5.7348e+06
2404.2,-5.73522e+06
2404.3,-5.73565e+06
2404.4,-5.73608e+06
2404.5,-5.73651e+06
2404.6,-5.73694e+06
2404.7,-5.73737e+06
2404.8,-5.7378e+06
2404.9,-5.73823e+06
2405,-5.73866e+06
2405.1,-5.73909e+06
2405.2,-5.73952e+06
2405.3,-5.73995e+06
2405.4,-5.74038e+06
2405.5,-5.7408e+06
2405.6,-5.74123e+06
2405.7,-5.74166e+06
2405.8,-5.74209e+06
2405.9,-5.74252e+06
2406,-5.74295e+06
2406.1,-5.74338e+06
2406.2,-5.7438e+06
2406.3,-5.74423e+06
2406.4,-5.74466e+06
2406.5,-5.74509e+06
2406.6,-5.74552e+06
2406.7,-5.74595e+06
2406.8,-5.74637e+06
2406.9,-5.7468e+06
2407,-5.74723e+06
2407.1,-5.74766e+06
2407.2,-5.74809e+06
2407.3,-5.74851e+06
2407.4,-5.74894e+06
2407.5,-5.74937e+06
2407.6,-5.7498e+06
2407.7,-5.75022e+06
2407.8,-5.75065e+06
2407.9,-5.75108e+06
2408,-5.7515e+06
2408.1,-5.75193e+06
2408.2,-5.75236e+06
2408.3,-5.75279e+06
2408.4,-5.75321e+06
2408.5,-5.75364e+06
2408.6,-5.75407e+06
2408.7,-5.75449e+06
2408.8,-5.75492e+06
2408.9,-5.75535e+06
2409,-5.75577e+06
2409.1,-5.7562e+06
2409.2,-5.75663e+06
2409.3,-5.75705e+06
2409.4,-5.75748e+06
2409.5,-5.7579e+06
2409.6,-5.75833e+06
2409.7,-5.75876e+06
2409.8,-5.75918e+06
2409.9,-5.75961e+06
2410,-5.76003e+06
2410.1,-5.76046e+06
2410.2,-5.76088e+06
2410.3,-5.76131e+06
2410.4,-5.76174e+06
2410.5,-5.76216e+06
2410.6,-5.76259e+06
2410.7,-5.76301e+06
2410.8,-5.76344e+06
2410.9,-5.76386e+06
2411,-5.76429e+06
2411.1,-5.76471e+06
2411.2,-5.76514e+06
2411.3,-5.76556e+06
2411.4,-5.76599e+06
2411.5,-5.76641e+06
2411.6,-5.76684e+06
2411.7,-5.76726e+06
2411.8,-5.76769e+06
2411.9,-5.76811e+06
2412,-5.76854e+06
2412.1,-5.76896e+06
2412.2,-5.76938e+06
2412.3,-5.76981e+06
2412.4,-5.77023e+06
2412.5,-5.77066e+06
2412.6,-5.77108e+06
2412.7,-5.7715e+06
2412.8,-5.77193e+06
2412.9,-5.77235e+06
2413,-5.77278e+06
2413.1,-5.7732e+06
2413.2,-5.77362e+06
2413.3,-5.77405e+06
2413.4,-5.77447e+06
2413.5,-5.77489e+06
2413.6,-5.77532e+06
2413.7,-5.77574e+06
2413.8,-5.77616e+06
2413.9,-5.77659e+06
2414,-5.77701e+06
2414.1,-5.77743e+06
2414.2,-5.77786e+06
2414.3,-5.77828e+06
2414.4,-5.7787e+06
2414.5,-5.77912e+06
2414.6,-5.77955e+06
2414.7,-5.77997e+06
2414.8,-5.78039e+06
2414.9,-5.78081e+06
2415,-5.78124e+06
2415.1,-5.78166e+06
2415.2,-5.78208e+06
2415.3,-5.7825e+06
2415.4,-5.78293e+06
2415.5,-5.78335e+06
2415.6,-5.78377e+06
2415.7,-5.78419e+06
2415.8,-5.78461e+06
2415.9,-5.78504e+06
2416,-5.78546e+06
2416.1,-5.78588e+06
2416.2,-5.7863e+06
2416.3,-5.78672e+06
2416.4,-5.78714e+06
2416.5,-5.78756e+06
2416.6,-5.78799e+06
2416.7,-5.78841e+06
2416.8,-5.78883e+06
2416.9,-5.78925e+06
2417,-5.78967e+06
2417.1,-5.79009e+06
2417.2,-5.79051e+06
2417.3,-5.79093e+06
2417.4,-5.79135e+06
2417.5,-5.79177e+06
2417.6,-5.7922e+06
2417.7,-5.79262e+06
2417.8,-5.79304e+06
2417.9,-5.79346e+06
2418,-5.79388e+06
2418.1,-5.7943e+06
2418.2,-5.79472e+06
2418.3,-5.79514e+06
2418.4,-5.79556e+06
2418.5,-5.79598e+06
2418.6,-5.7964e+06
2418.7,-5.79682e+06
2418.8,-5.79724e+06
2418.9,-5.79766e+06
2419,-5.79808e+06
2419.1,-5.7985e+06
2419.2,-5.79892e+06
2419.3,-5.79934e+06
2419.4,-5.79975e+06
2419.5,-5.80017e+06
2419.6,-5.80059e+06
2419.7,-5.80101e+06
2419.8,-5.80143e+06
2419.9,-5.80185e+06
2420,-5.80227e+06
2420.1,-5.80269e+06
2420.2,-5.80311e+06
2420.3,-5.80353e+06
2420.4,-5.80394e+06
2420.5,-5.80436e+06
2420.6,-5.80478e+06
2420.7,-5.8052e+06
2420.8,-5.80562e+06
2420.9,-5.80604e+06
2421,-5.80646e+06
2421.1,-5.80687e+06
2421.2,-5.80729e+06
2421.3,-5.80771e+06
2421.4,-5.80813e+06
2421.5,-5.80855e+06
2421.6,-5.80896e+06
2421.7,-5.80938e+06
2421.8,-5.8098e+06
2421.9,-5.81022e+06
2422,-5.81063e+06
2422.1,-5.81105e+06
2422.2,-5.81147e+06
2422.3,-5.81189e+06
2422.4,-5.8123e+06
2422.5,-5.81272e+06
2422.6,-5.81314e+06
2422.7,-5.81356e+06
2422.8,-5.81397e+06
2422.9,-5.81439e+06
2423,-5.81481e+06
2423.1,-5.81522e+06
2423.2,-5.81564e+06
2423.3,-5.81606e+06
2423.4,-5.81647e+06
2423.5,-5.81689e+06
2423.6,-5.81731e+06
2423.7,-5.81772e+06
2423.8,-5.81814e+06
2423.9,-5.81856e+06
2424,-5.81897e+06
2424.1,-5.81939e+06
2424.2,-5.8198e+06
2424.3,-5.82022e+06
2424.4,-5.82064e+06
2424.5,-5.82105e+06
2424.6,-5.82147e+06
2424.7,-5.82188e+06
2424.8,-5.8223e+06
2424.9,-5.82271e+06
2425,-5.82313e+06
2425.1,-5.82354e+06
2425.2,-5.82396e+06
2425.3,-5.82438e+06
2425.4,-5.82479e+06
2425.5,-5.82521e+06
2425.6,-5.82562e+06
2425.7,-5.82604e+06
2425.8,-5.82645e+06
2425.9,-5.82687e+06
2426,-5.82728e+06
2426.1,-5.8277e+06
2426.2,-5.82811e+06
2426.3,-5.82852e+06
2426.4,-5.82894e+06
2426.5,-5.82935e+06
2426.6,-5.82977e+06
2426.7,-5.83018e+06
2426.8,-5.8306e+06
2426.9,-5.83101e+06
2427,-5.83143e+06
2427.1,-5.83184e+06
2427.2,-5.83225e+06
2427.3,-5.83267e+06
2427.4,-5.83308e+06
2427.5,-5.8335e+06
2427.6,-5.83391e+06
2427.7,-5.83432e+06
2427.8,-5.83474e+06
2427.9,-5.83515e+06
2428,-5.83556e+06
2428.1,-5.83598e+06
2428.2,-5.83639e+06
2428.3,-5.8368e+06
2428.4,-5.83722e+06
2428.5,-5.83763e+06
2428.6,-5.83804e+06
2428.7,-5.83846e+06
2428.8,-5.83887e+06
2428.9,-5.83928e+06
2429,-5.83969e+06
2429.1,-5.84011e+06
2429.2,-5.84052e+06
2429.3,-5.84093e+06
2429.4,-5.84134e+06
2429.5,-5.84176e+06
2429.6,-5.84217e+06
2429.7,-5.84258e+06
2429.8,-5.84299e+06
2429.9,-5.84341e+06
2430,-5.84382e+06
2430.1,-5.84423e+06
2430.2,-5.84464e+06
2430.3,-5.84505e+06
2430.4,-5.84547e+06
2430.5,-5.84588e+06
2430.6,-5.84629e+06
2430.7,-5.8467e+06
2430.8,-5.84711e+06
2430.9,-5.84752e+06
2431,-5.84793e+06
2431.1,-5.84835e+06
2431.2,-5.84876e+06
2431.3,-5.84917e+06
2431.4,-5.84958e+06
2431.5,-5.84999e+06
2431.6,-5.8504e+06
2431.7,-5.85081e+06
2431.8,-5.85122e+06
2431.9,-5.85163e+06
2432,-5.85204e+06
2432.1,-5.85246e+06
2432.2,-5.85287e+06
2432.3,-5.85328e+06
2432.4,-5.85369e+06
2432.5,-5.8541e+06
2432.6,-5.85451e+06
2432.7,-5.85492e+06
2432.8,-5.85533e+06
2432.9,-5.85574e+06
2433,-5.85615e+06
2433.1,-5.85656e+06
2433.2,-5.85697e+06
2433.3,-5.85738e+06
2433.4,-5.85779e+06
2433.5,-5.8582e+06
2433.6,-5.85861e+06
2433.7,-5.85902e+06
2433.8,-5.85942e+06
2433.9,-5.85983e+06
2434,-5.86024e+06
2434.1,-5.86065e+06
2434.2,-5.86106e+06
2434.3,-5.86147e+06
2434.4,-5.86188e+06
2434.5,-5.86229e+06
2434.6,-5.8627e+06
2434.7,-5.86311e+06
2434.8,-5.86352e+06
2434.9,-5.86392e+06
2435,-5.86433e+06
2435.1,-5.86474e+06
2435.2,-5.86515e+06
2435.3,-5.86556e+06
2435.4,-5.86597e+06
2435.5,-5.86638e+06
2435.6,-5.86678e+06
2435.7,-5.86719e+06
2435.8,-5.8676e+06
2435.9,-5.86801e+06
2436,-5.86842e+06
2436.1,-5.86882e+06
2436.2,-5.86923e+06
2436.3,-5.86964e+06
2436.4,-5.87005e+06
2436.5,-5.87045e+06
2436.6,-5.87086e+06
2436.7,-5.87127e+06
2436.8,-5.87168e+06
2436.9,-5.87208e+06
2437,-5.87249e+06
2437.1,-5.8729e+06
2437.2,-5.8733e+06
2437.3,-5.87371e+06
2437.4,-5.87412e+06
2437.5,-5.87453e+06
2437.6,-5.87493e+06
2437.7,-5.87534e+06
2437.8,-5.87575e+06
2437.9,-5.87615e+06
2438,-5.87656e+06
2438.1,-5.87696e+06
2438.2,-5.87737e+06
2438.3,-5.87778e+06
2438.4,-5.87818e+06
2438.5,-5.87859e+06
2438.6,-5.879e+06
2438.7,-5.8794e+06
2438.8,-5.87981e+06
2438.9,-5.88021e+06
2439,-5.88062e+06
2439.1,-5.88103e+06
2439.2,-5.88143e+06
2439.3,-5.88184e+06
2439.4,-5.88224e+06
2439.5,-5.88265e+06
2439.6,-5.88305e+06
2439.7,-5.88346e+06
2439.8,-5.88386e+06
2439.9,-5.88427e+06
2440,-5.88467e+06
2440.1,-5.88508e+06
2440.2,-5.88548e+06
2440.3,-5.88589e+06
2440.4,-5.88629e+06
2440.5,-5.8867e+06
2440.6,-5.8871e+06
2440.7,-5.88751e+06
2440.8,-5.88791e+06
2440.9,-5.88832e+06
2441,-5.88872e+06
2441.1,-5.88913e+06
2441.2,-5.88953e+06
2441.3,-5.88994e+06
2441.4,-5.89034e+06
2441.5,-5.89074e+06
2441.6,-5.89115e+06
2441.7,-5.89155e+06
2441.8,-5.89196e+06
2441.9,-5.89236e+06
2442,-5.89276e+06
2442.1,-5.89317e+06
2442.2,-5.89357e+06
2442.3,-5.89397e+06
2442.4,-5.89438e+06
2442.5,-5.89478e+06
2442.6,-5.89518e+06
2442.7,-5.89559e+06
2442.8,-5.89599e+06
2442.9,-5.89639e+06
2443,-5.8968e+06
2443.1,-5.8972e+06
2443.2,-5.8976e+06
2443.3,-5.898e+06
2443.4,-5.89841e+06
2443.5,-5.89881e+06
2443.6,-5.89921e+06
2443.7,-5.89962e+06
2443.8,-5.90002e+06
2443.9,-5.90042e+06
2444,-5.90082e+06
2444.1,-5.90122e+06
2444.2,-5.90163e+06
2444.3,-5.90203e+06
2444.4,-5.90243e+06
2444.5,-5.90283e+06
2444.6,-5.90324e+06
2444.7,-5.90364e+06
2444.8,-5.90404e+06
2444.9,-5.90444e+06
2445,-5.90484e+06
2445.1,-5.90524e+06
2445.2,-5.90564e+06
2445.3,-5.90605e+06
2445.4,-5.90645e+06
2445.5,-5.90685e+06
2445.6,-5.90725e+06
2445.7,-5.90765e+06
2445.8,-5.90805e+06
2445.9,-5.90845e+06
2446,-5.90885e+06
2446.1,-5.90926e+06
2446.2,-5.90966e+06
2446.3,-5.91006e+06
2446.4,-5.91046e+06
2446.5,-5.91086e+06
2446.6,-5.91126e+06
2446.7,-5.91166e+06
2446.8,-5.91206e+06
2446.9,-5.91246e+06
2447,-5.91286e+06
2447.1,-5.91326e+06
2447.2,-5.91366e+06
2447.3,-5.91406e+06
2447.4,-5.91446e+06
2447.5,-5.91486e+06
2447.6,-5.91526e+06
2447.7,-5.91566e+06
2447.8,-5.91606e+06
2447.9,-5.91646e+06
2448,-5.91686e+06
2448.1,-5.91726e+06
2448.2,-5.91766e+06
2448.3,-5.91806e+06
2448.4,-5.91846e+06
2448.5,-5.91886e+06
2448.6,-5.91925e+06
2448.7,-5.91965e+06
2448.8,-5.92005e+06
2448.9,-5.92045e+06
2449,-5.92085e+06
2449.1,-5.92125e+06
2449.2,-5.92165e+06
2449.3,-5.92205e+06
2449.4,-5.92244e+06
2449.5,-5.92284e+06
2449.6,-5.92324e+06
2449.7,-5.92364e+06
2449.8,-5.92404e+06
2449.9,-5.92444e+06
2450,-5.92484e+06
2450.1,-5.92523e+06
2450.2,-5.92563e+06
2450.3,-5.92603e+06
2450.4,-5.92643e+06
2450.5,-5.92682e+06
2450.6,-5.92722e+06
2450.7,-5.92762e+06
2450.8,-5.92802e+06
2450.9,-5.92842e+06
2451,-5.92881e+06
2451.1,-5.92921e+06
2451.2,-5.92961e+06
2451.3,-5.93e+06
2451.4,-5.9304e+06
2451.5,-5.9308e+06
2451.6,-5.9312e+06
2451.7,-5.93159e+06
2451.8,-5.93199e+06
2451.9,-5.93239e+06
2452,-5.93278e+06
2452.1,-5.93318e+06
2452.2,-5.93358e+06
2452.3,-5.93397e+06
2452.4,-5.93437e+06
2452.5,-5.93477e+06
2452.6,-5.93516e+06
2452.7,-5.93556e+06
2452.8,-5.93595e+06
2452.9,-5.93635e+06
2453,-5.93675e+06
2453.1,-5.93714e+06
2453.2,-5.93754e+06
2453.3,-5.93793e+06
2453.4,-5.93833e+06
2453.5,-5.93873e+06
2453.6,-5.93912e+06
2453.7,-5.93952e+06
2453.8,-5.93991e+06
2453.9,-5.94031e+06
2454,-5.9407e+06
2454.1,-5.9411e+06
2454.2,-5.94149e+06
2454.3,-5.94189e+06
2454.4,-5.94228e+06
2454.5,-5.94268e+06
2454.6,-5.94307e+06
2454.7,-5.94347e+06
2454.8,-5.94386e+06
2454.9,-5.94426e+06
2455,-5.94465e+06
2455.1,-5.94505e+06
2455.2,-5.94544e+06
2455.3,-5.94584e+06
2455.4,-5.94623e+06
2455.5,-5.94663e+06
2455.6,-5.94702e+06
2455.7,-5.94741e+06
2455.8,-5.94781e+06
2455.9,-5.9482e+06
2456,-5.9486e+06
2456.1,-5.94899e+06
2456.2,-5.94938e+06
2456.3,-5.94978e+06
2456.4,-5.95017e+06
2456.5,-5.95056e+06
2456.6,-5.95096e+06
2456.7,-5.95135e+06
2456.8,-5.95174e+06
2456.9,-5.95214e+06
2457,-5.95253e+06
2457.1,-5.95292e+06
2457.2,-5.95332e+06
2457.3,-5.95371e+06
2457.4,-5.9541e+06
2457.5,-5.9545e+06
2457.6,-5.95489e+06
2457.7,-5.95528e+06
2457.8,-5.95567e+06
2457.9,-5.95607e+06
2458,-5.95646e+06
2458.1,-5.95685e+06
2458.2,-5.95724e+06
2458.3,-5.95764e+06
2458.4,-5.95803e+06
2458.5,-5.95842e+06
2458.6,-5.95881e+06
2458.7,-5.9592e+06
2458.8,-5.9596e+06
2458.9,-5.95999e+06
2459,-5.96038e+06
2459.1,-5.96077e+06
2459.2,-5.96116e+06
2459.3,-5.96156e+06
2459.4,-5.96195e+06
2459.5,-5.96234e+06
2459.6,-5.96273e+06
2459.7,-5.96312e+06
2459.8,-5.96351e+06
2459.9,-5.9639e+06
2460,-5.96429e+06
2460.1,-5.96469e+06
2460.2,-5.96508e+06
2460.3,-5.96547e+06
2460.4,-5.96586e+06
2460.5,-5.96625e+06
2460.6,-5.96664e+06
2460.7,-5.96703e+06
2460.8,-5.96742e+06
2460.9,-5.96781e+06
2461,-5.9682e+06
2461.1,-5.96859e+06
2461.2,-5.96898e+06
2461.3,-5.96937e+06
2461.4,-5.96976e+06
2461.5,-5.97015e+06
2461.6,-5.97054e+06
2461.7,-5.97093e+06
2461.8,-5.97132e+06
2461.9,-5.97171e+06
2462,-5.9721e+06
2462.1,-5.97249e+06
2462.2,-5.97288e+06
2462.3,-5.97327e+06
2462.4,-5.97366e+06
2462.5,-5.97405e+06
2462.6,-5.97444e+06
2462.7,-5.97483e+06
2462.8,-5.97522e+06
2462.9,-5.97561e+06
2463,-5.976e+06
2463.1,-5.97638e+06
2463.2,-5.97677e+06
2463.3,-5.97716e+06
2463.4,-5.97755e+06
2463.5,-5.97794e+06
2463.6,-5.97833e+06
2463.7,-5.97872e+06
2463.8,-5.9791e+06
2463.9,-5.97949e+06
2464,-5.97988e+06
2464.1,-5.98027e+06
2464.2,-5.98066e+06
2464.3,-5.98105e+06
2464.4,-5.98143e+06
2464.5,-5.98182e+06
2464.6,-5.98221e+06
2464.7,-5.9826e+06
2464.8,-5.98299e+06
2464.9,-5.98337e+06
2465,-5.98376e+06
2465.1,-5.98415e+06
2465.2,-5.98454e+06
2465.3,-5.98492e+06
2465.4,-5.98531e+06
2465.5,-5.9857e+06
2465.6,-5.98608e+06
2465.7,-5.98647e+06
2465.8,-5.98686e+06
2465.9,-5.98725e+06
2466,-5.98763e+06
2466.1,-5.98802e+06
2466.2,-5.98841e+06
2466.3,-5.98879e+06
2466.4,-5.98918e+06
2466.5,-5.98957e+06
2466.6,-5.98995e+06
2466.7,-5.99034e+06
2466.8,-5.99072e+06
2466.9,-5.99111e+06
2467,-5.9915e+06
2467.1,-5.99188e+06
2467.2,-5.99227e+06
2467.3,-5.99266e+06
2467.4,-5.99304e+06
2467.5,-5.99343e+06
2467.6,-5.99381e+06
2467.7,-5.9942e+06
2467.8,-5.99458e+06
2467.9,-5.99497e+06
2468,-5.99535e+06
2468.1,-5.99574e+06
2468.2,-5.99613e+06
2468.3,-5.99651e+06
2468.4,-5.9969e+06
2468.5,-5.99728e+06
2468.6,-5.99767e+06
2468.7,-5.99805e+06
2468.8,-5.99844e+06
2468.9,-5.99882e+06
2469,-5.9992e+06
2469.1,-5.99959e+06
2469.2,-5.99997e+06
2469.3,-6.00036e+06
2469.4,-6.00074e+06
2469.5,-6.00113e+06
2469.6,-6.00151e+06
2469.7,-6.0019e+06
2469.8,-6.00228e+06
2469.9,-6.00266e+06
2470,-6.00305e+06
2470.1,-6.00343e+06
2470.2,-6.00382e+06
2470.3,-6.0042e+06
2470.4,-6.00458e+06
2470.5,-6.00497e+06
2470.6,-6.00535e+06
2470.7,-6.00573e+06
2470.8,-6.00612e+06
2470.9,-6.0065e+06
2471,-6.00688e+06
2471.1,-6.00727e+06
2471.2,-6.00765e+06
2471.3,-6.00803e+06
2471.4,-6.00842e+06
2471.5,-6.0088e+06
2471.6,-6.00918e+06
2471.7,-6.00957e+06
2471.8,-6.00995e+06
2471.9,-6.01033e+06
2472,-6.01071e+06
2472.1,-6.0111e+06
2472.2,-6.01148e+06
2472.3,-6.01186e+06
2472.4,-6.01224e+06
2472.5,-6.01263e+06
2472.6,-6.01301e+06
2472.7,-6.01339e+06
2472.8,-6.01377e+06
2472.9,-6.01415e+06
2473,-6.01454e+06
2473.1,-6.01492e+06
2473.2,-6.0153e+06
2473.3,-6.01568e+06
2473.4,-6.01606e+06
2473.5,-6.01644e+06
2473.6,-6.01683e+06
2473.7,-6.01721e+06
2473.8,-6.01759e+06
2473.9,-6.01797e+06
2474,-6.01835e+06
2474.1,-6.01873e+06
2474.2,-6.01911e+06
2474.3,-6.0195e+06
2474.4,-6.01988e+06
2474.5,-6.02026e+06
2474.6,-6.02064e+06
2474.7,-6.02102e+06
2474.8,-6.0214e+06
2474.9,-6.02178e+06
2475,-6.02216e+06
2475.1,-6.02254e+06
2475.2,-6.02292e+06
2475.3,-6.0233e+06
2475.4,-6.02368e+06
2475.5,-6.02406e+06
2475.6,-6.02444e+06
2475.7,-6.02482e+06
2475.8,-6.0252e+06
2475.9,-6.02558e+06
2476,-6.02596e+06
2476.1,-6.02634e+06
2476.2,-6.02672e+06
2476.3,-6.0271e+06
2476.4,-6.02748e+06
2476.5,-6.02786e+06
2476.6,-6.02824e+06
2476.7,-6.02862e+06
2476.8,-6.029e+06
2476.9,-6.02938e+06
2477,-6.02976e+06
2477.1,-6.03013e+06
2477.2,-6.03051e+06
2477.3,-6.03089e+06
2477.4,-6.03127e+06
2477.5,-6.03165e+06
2477.6,-6.03203e+06
2477.7,-6.03241e+06
2477.8,-6.03278e+06
2477.9,-6.03316e+06
2478,-6.03354e+06
2478.1,-6.03392e+06
2478.2,-6.0343e+06
2478.3,-6.03468e+06
2478.4,-6.03505e+06
2478.5,-6.03543e+06
2478.6,-6.03581e+06
2478.7,-6.03619e+06
2478.8,-6.03657e+06
2478.9,-6.03694e+06
2479,-6.03732e+06
2479.1,-6.0377e+06
2479.2,-6.03808e+06
2479.3,-6.03845e+06
2479.4,-6.03883e+06
2479.5,-6.03921e+06
2479.6,-6.03959e+06
2479.7,-6.03996e+06
2479.8,-6.04034e+06
2479.9,-6.04072e+06
2480,-6.04109e+06
2480.1,-6.04147e+06
2480.2,-6.04185e+06
2480.3,-6.04222e+06
2480.4,-6.0426e+06
2480.5,-6.04298e+06
2480.6,-6.04335e+06
2480.7,-6.04373e+06
2480.8,-6.04411e+06
2480.9,-6.04448e+06
2481,-6.04486e+06
2481.1,-6.04524e+06
2481.2,-6.04561e+06
2481.3,-6.04599e+06
2481.4,-6.04636e+06
2481.5,-6.04674e+06
2481.6,-6.04712e+06
2481.7,-6.04749e+06
2481.8,-6.04787e+06
2481.9,-6.04824e+06
2482,-6.04862e+06
2482.1,-6.04899e+06
2482.2,-6.04937e+06
2482.3,-6.04974e+06
2482.4,-6.05012e+06
2482.5,-6.05049e+06
2482.6,-6.05087e+06
2482.7,-6.05124e+06
2482.8,-6.05162e+06
2482.9,-6.05199e+06
2483,-6.05237e+06
2483.1,-6.05274e+06
2483.2,-6.05312e+06
2483.3,-6.05349e+06
2483.4,-6.05387e+06
2483.5,-6.05424e+06
2483.6,-6.05462e+06
2483.7,-6.05499e+06
2483.8,-6.05536e+06
2483.9,-6.05574e+06
2484,-6.05611e+06
2484.1,-6.05649e+06
2484.2,-6.05686e+06
2484.3,-6.05723e+06
2484.4,-6.05761e+06
2484.5,-6.05798e+06
2484.6,-6.05836e+06
2484.7,-6.05873e+06
2484.8,-6.0591e+06
2484.9,-6.05948e+06
2485,-6.05985e+06
2485.1,-6.06022e+06
2485.2,-6.0606e+06
2485.3,-6.06097e+06
2485.4,-6.06134e+06
2485.5,-6.06172e+06
2485.6,-6.06209e+06
2485.7,-6.06246e+06
2485.8,-6.06283e+06
2485.9,-6.06321e+06
2486,-6.06358e+06
2486.1,-6.06395e+06
2486.2,-6.06432e+06
2486.3,-6.0647e+06
2486.4,-6.06507e+06
2486.5,-6.06544e+06
2486.6,-6.06581e+06
2486.7,-6.06619e+06
2486.8,-6.06656e+06
2486.9,-6.06693e+06
2487,-6.0673e+06
2487.1,-6.06767e+06
2487.2,-6.06805e+06
2487.3,-6.06842e+06
2487.4,-6.06879e+06
2487.5,-6.06916e+06
2487.6,-6.06953e+06
2487.7,-6.0699e+06
2487.8,-6.07027e+06
2487.9,-6.07065e+06
2488,-6.07102e+06
2488.1,-6.07139e+06
2488.2,-6.07176e+06
2488.3,-6.07213e+06
2488.4,-6.0725e+06
2488.5,-6.07287e+06
2488.6,-6.07324e+06
2488.7,-6.07361e+06
2488.8,-6.07398e+06
2488.9,-6.07435e+06
2489,-6.07472e+06
2489.1,-6.0751e+06
2489.2,-6.07547e+06
2489.3,-6.07584e+06
2489.4,-6.07621e+06
2489.5,-6.07658e+06
2489.6,-6.07695e+06
2489.7,-6.07732e+06
2489.8,-6.07769e+06
2489.9,-6.07806e+06
2490,-6.07842e+06
2490.1,-6.07879e+06
2490.2,-6.07916e+06
2490.3,-6.07953e+06
2490.4,-6.0799e+06
2490.5,-6.08027e+06
2490.6,-6.08064e+06
2490.7,-6.08101e+06
2490.8,-6.08138e+06
2490.9,-6.08175e+06
2491,-6.08212e+06
2491.1,-6.08249e+06
2491.2,-6.08286e+06
2491.3,-6.08322e+06
2491.4,-6.08359e+06
2491.5,-6.08396e+06
2491.6,-6.08433e+06
2491.7,-6.0847e+06
2491.8,-6.08507e+06
2491.9,-6.08544e+06
2492,-6.0858e+06
2492.1,-6.08617e+06
2492.2,-6.08654e+06
2492.3,-6.08691e+06
2492.4,-6.08728e+06
2492.5,-6.08764e+06
2492.6,-6.08801e+06
2492.7,-6.08838e+06
2492.8,-6.08875e+06
2492.9,-6.08912e+06
2493,-6.08948e+06
2493.1,-6.08985e+06
2493.2,-6.09022e+06
2493.3,-6.09059e+06
2493.4,-6.09095e+06
2493.5,-6.09132e+06
2493.6,-6.09169e+06
2493.7,-6.09205e+06
2493.8,-6.09242e+06
2493.9,-6.09279e+06
2494,-6.09316e+06
2494.1,-6.09352e+06
2494.2,-6.09389e+06
2494.3,-6.09426e+06
2494.4,-6.09462e+06
2494.5,-6.09499e+06
2494.6,-6.09535e+06
2494.7,-6.09572e+06
2494.8,-6.09609e+06
2494.9,-6.09645e+06
2495,-6.09682e+06
2495.1,-6.09719e+06
2495.2,-6.09755e+06
2495.3,-6.09792e+06
2495.4,-6.09828e+06
2495.5,-6.09865e+06
2495.6,-6.09902e+06
2495.7,-6.09938e+06
2495.8,-6.09975e+06
2495.9,-6.10011e+06
2496,-6.10048e+06
2496.1,-6.10084e+06
2496.2,-6.10121e+06
2496.3,-6.10157e+06
2496.4,-6.10194e+06
2496.5,-6.1023e+06
2496.6,-6.10267e+06
2496.7,-6.10303e+06
2496.8,-6.1034e+06
2496.9,-6.10376e+06
2497,-6.10413e+06
2497.1,-6.10449e+06
2497.2,-6.10486e+06
2497.3,-6.10522e+06
2497.4,-6.10559e+06
2497.5,-6.10595e+06
2497.6,-6.10631e+06
2497.7,-6.10668e+06
2497.8,-6.10704e+06
2497.9,-6.10741e+06
2498,-6.10777e+06
2498.1,-6.10813e+06
2498.2,-6.1085e+06
2498.3,-6.10886e+06
2498.4,-6.10923e+06
2498.5,-6.10959e+06
2498.6,-6.10995e+06
2498.7,-6.11032e+06
2498.8,-6.11068e+06
2498.9,-6.11104e+06
2499,-6.11141e+06
2499.1,-6.11177e+06
2499.2,-6.11213e+06
2499.3,-6.1125e+06
2499.4,-6.11286e+06
2499.5,-6.11322e+06
2499.6,-6.11358e+06
2499.7,-6.11395e+06
2499.8,-6.11431e+06
2499.9,-6.11467e+06
2500,-6.11504e+06
2500.1,-6.1154e+06
2500.2,-6.11576e+06
2500.3,-6.11612e+06
2500.4,-6.11648e+06
2500.5,-6.11685e+06
2500.6,-6.11721e+06
2500.7,-6.11757e+06
2500.8,-6.11793e+06
2500.9,-6.11829e+06
2501,-6.11866e+06
2501.1,-6.11902e+06
2501.2,-6.11938e+06
2501.3,-6.11974e+06
2501.4,-6.1201e+06
2501.5,-6.12046e+06
2501.6,-6.12083e+06
2501.7,-6.12119e+06
2501.8,-6.12155e+06
2501.9,-6.12191e+06
2502,-6.12227e+06
2502.1,-6.12263e+06
2502.2,-6.12299e+06
2502.3,-6.12335e+06
2502.4,-6.12371e+06
2502.5,-6.12407e+06
2502.6,-6.12444e+06
2502.7,-6.1248e+06
2502.8,-6.12516e+06
2502.9,-6.12552e+06
2503,-6.12588e+06
2503.1,-6.12624e+06
2503.2,-6.1266e+06
2503.3,-6.12696e+06
2503.4,-6.12732e+06
2503.5,-6.12768e+06
2503.6,-6.12804e+06
2503.7,-6.1284e+06
2503.8,-6.12876e+06
2503.9,-6.12912e+06
2504,-6.12948e+06
2504.1,-6.12984e+06
2504.2,-6.1302e+06
2504.3,-6.13056e+06
2504.4,-6.13091e+06
2504.5,-6.13127e+06
2504.6,-6.13163e+06
2504.7,-6.13199e+06
2504.8,-6.13235e+06
2504.9,-6.13271e+06
2505,-6.13307e+06
2505.1,-6.13343e+06
2505.2,-6.13379e+06
2505.3,-6.13415e+06
2505.4,-6.1345e+06
2505.5,-6.13486e+06
2505.6,-6.13522e+06
2505.7,-6.13558e+06
2505.8,-6.13594e+06
2505.9,-6.1363e+06
2506,-6.13665e+06
2506.1,-6.13701e+06
2506.2,-6.13737e+06
2506.3,-6.13773e+06
2506.4,-6.13809e+06
2506.5,-6.13844e+06
2506.6,-6.1388e+06
2506.7,-6.13916e+06
2506.8,-6.13952e+06
2506.9,-6.13987e+06
2507,-6.14023e+06
2507.1,-6.14059e+06
2507.2,-6.14095e+06
2507.3,-6.1413e+06
2507.4,-6.14166e+06
2507.5,-6.14202e+06
2507.6,-6.14238e+06
2507.7,-6.14273e+06
2507.8,-6.14309e+06
2507.9,-6.14345e+06
2508,-6.1438e+06
2508.1,-6.14416e+06
2508.2,-6.14452e+06
2508.3,-6.14487e+06
2508.4,-6.14523e+06
2508.5,-6.14558e+06
2508.6,-6.14594e+06
2508.7,-6.1463e+06
2508.8,-6.14665e+06
2508.9,-6.14701e+06
2509,-6.14737e+06
2509.1,-6.14772e+06
2509.2,-6.14808e+06
2509.3,-6.14843e+06
2509.4,-6.14879e+06
2509.5,-6.14914e+06
2509.6,-6.1495e+06
2509.7,-6.14986e+06
2509.8,-6.15021e+06
2509.9,-6.15057e+06
2510,-6.15092e+06
2510.1,-6.15128e+06
2510.2,-6.15163e+06
2510.3,-6.15199e+06
2510.4,-6.15234e+06
2510.5,-6.1527e+06
2510.6,-6.15305e+06
2510.7,-6.15341e+06
2510.8,-6.15376e+06
2510.9,-6.15412e+06
2511,-6.15447e+06
2511.1,-6.15482e+06
2511.2,-6.15518e+06
2511.3,-6.15553e+06
2511.4,-6.15589e+06
2511.5,-6.15624e+06
2511.6,-6.1566e+06
2511.7,-6.15695e+06
2511.8,-6.1573e+06
2511.9,-6.15766e+06
2512,-6.15801e+06
2512.1,-6.15837e+06
2512.2,-6.15872e+06
2512.3,-6.15907e+06
2512.4,-6.15943e+06
2512.5,-6.15978e+06
2512.6,-6.16013e+06
2512.7,-6.16049e+06
2512.8,-6.16084e+06
2512.9,-6.16119e+06
2513,-6.16155e+06
2513.1,-6.1619e+06
2513.2,-6.16225e+06
2513.3,-6.1626e+06
2513.4,-6.16296e+06
2513.5,-6.16331e+06
2513.6,-6.16366e+06
2513.7,-6.16402e+06
2513.8,-6.16437e+06
2513.9,-6.16472e+06
2514,-6.16507e+06
2514.1,-6.16543e+06
2514.2,-6.16578e+06
2514.3,-6.16613e+06
2514.4,-6.16648e+06
2514.5,-6.16683e+06
2514.6,-6.16719e+06
2514.7,-6.16754e+06
2514.8,-6.16789e+06
2514.9,-6.16824e+06
2515,-6.16859e+06
2515.1,-6.16894e+06
2515.2,-6.1693e+06
2515.3,-6.16965e+06
2515.4,-6.17e+06
2515.5,-6.17035e+06
2515.6,-6.1707e+06
2515.7,-6.17105e+06
2515.8,-6.1714e+06
2515.9,-6.17175e+06
2516,-6.1721e+06
2516.1,-6.17246e+06
2516.2,-6.17281e+06
2516.3,-6.17316e+06
2516.4,-6.17351e+06
2516.5,-6.17386e+06
2516.6,-6.17421e+06
2516.7,-6.17456e+06
2516.8,-6.17491e+06
2516.9,-6.17526e+06
2517,-6.17561e+06
2517.1,-6.17596e+06
2517.2,-6.17631e+06
2517.3,-6.17666e+06
2517.4,-6.17701e+06
2517.5,-6.17736e+06
2517.6,-6.17771e+06
2517.7,-6.17806e+06
2517.8,-6.17841e+06
2517.9,-6.17876e+06
2518,-6.17911e+06
2518.1,-6.17946e+06
2518.2,-6.17981e+06
2518.3,-6.18016e+06
2518.4,-6.1805e+06
2518.5,-6.18085e+06
2518.6,-6.1812e+06
2518.7,-6.18155e+06
2518.8,-6.1819e+06
2518.9,-6.18225e+06
2519,-6.1826e+06
2519.1,-6.18295e+06
2519.2,-6.1833e+06
2519.3,-6.18364e+06
2519.4,-6.18399e+06
2519.5,-6.18434e+06
2519.6,-6.18469e+06
2519.7,-6.18504e+06
2519.8,-6.18538e+06
2519.9,-6.18573e+06
2520,-6.18608e+06
2520.1,-6.18643e+06
2520.2,-6.18678e+06
2520.3,-6.18712e+06
2520.4,-6.18747e+06
2520.5,-6.18782e+06
2520.6,-6.18817e+06
2520.7,-6.18852e+06
2520.8,-6.18886e+06
2520.9,-6.18921e+06
2521,-6.18956e+06
2521.1,-6.1899e+06
2521.2,-6.19025e+06
2521.3,-6.1906e+06
2521.4,-6.19095e+06
2521.5,-6.19129e+06
2521.6,-6.19164e+06
2521.7,-6.19199e+06
2521.8,-6.19233e+06
2521.9,-6.19268e+06
2522,-6.19303e+06
2522.1,-6.19337e+06
2522.2,-6.19372e+06
2522.3,-6.19406e+06
2522.4,-6.19441e+06
2522.5,-6.19476e+06
2522.6,-6.1951e+06
2522.7,-6.19545e+06
2522.8,-6.1958e+06
2522.9,-6.19614e+06
2523,-6.19649e+06
2523.1,-6.19683e+06
2523.2,-6.19718e+06
2523.3,-6.19752e+06
2523.4,-6.19787e+06
2523.5,-6.19821e+06
2523.6,-6.19856e+06
2523.7,-6.19891e+06
2523.8,-6.19925e+06
2523.9,-6.1996e+06
2524,-6.19994e+06
2524.1,-6.20029e+06
2524.2,-6.20063e+06
2524.3,-6.20098e+06
2524.4,-6.20132e+06
2524.5,-6.20166e+06
2524.6,-6.20201e+06
2524.7,-6.20235e+06
2524.8,-6.2027e+06
2524.9,-6.20304e+06
2525,-6.20339e+06
2525.1,-6.20373e+06
2525.2,-6.20408e+06
2525.3,-6.20442e+06
2525.4,-6.20476e+06
2525.5,-6.20511e+06
2525.6,-6.20545e+06
2525.7,-6.2058e+06
2525.8,-6.20614e+06
2525.9,-6.20648e+06
2526,-6.20683e+06
2526.1,-6.20717e+06
2526.2,-6.20751e+06
2526.3,-6.20786e+06
2526.4,-6.2082e+06
2526.5,-6.20854e+06
2526.6,-6.20889e+06
2526.7,-6.20923e+06
2526.8,-6.20957e+06
2526.9,-6.20992e+06
2527,-6.21026e+06
2527.1,-6.2106e+06
2527.2,-6.21094e+06
2527.3,-6.21129e+06
2527.4,-6.21163e+06
2527.5,-6.21197e+06
2527.6,-6.21231e+06
2527.7,-6.21266e+06
2527.8,-6.213e+06
2527.9,-6.21334e+06
2528,-6.21368e+06
2528.1,-6.21402e+06
2528.2,-6.21437e+06
2528.3,-6.21471e+06
2528.4,-6.21505e+06
2528.5,-6.21539e+06
2528.6,-6.21573e+06
2528.7,-6.21608e+06
2528.8,-6.21642e+06
2528.9,-6.21676e+06
2529,-6.2171e+06
2529.1,-6.21744e+06
2529.2,-6.21778e+06
2529.3,-6.21812e+06
2529.4,-6.21846e+06
2529.5,-6.21881e+06
2529.6,-6.21915e+06
2529.7,-6.21949e+06
2529.8,-6.21983e+06
2529.9,-6.22017e+06
2530,-6.22051e+06
2530.1,-6.22085e+06
2530.2,-6.22119e+06
2530.3,-6.22153e+06
2530.4,-6.22187e+06
2530.5,-6.22221e+06
2530.6,-6.22255e+06
2530.7,-6.22289e+06
2530.8,-6.22323e+06
2530.9,-6.22357e+06
2531,-6.22391e+06
2531.1,-6.22425e+06
2531.2,-6.22459e+06
2531.3,-6.22493e+06
2531.4,-6.22527e+06
2531.5,-6.22561e+06
2531.6,-6.22595e+06
2531.7,-6.22629e+06
2531.8,-6.22663e+06
2531.9,-6.22697e+06
2532,-6.22731e+06
2532.1,-6.22765e+06
2532.2,-6.22798e+06
2532.3,-6.22832e+06
2532.4,-6.22866e+06
2532.5,-6.229e+06
2532.6,-6.22934e+06
2532.7,-6.22968e+06
2532.8,-6.23002e+06
2532.9,-6.23036e+06
2533,-6.23069e+06
2533.1,-6.23103e+06
2533.2,-6.23137e+06
2533.3,-6.23171e+06
2533.4,-6.23205e+06
2533.5,-6.23239e+06
2533.6,-6.23272e+06
2533.7,-6.23306e+06
2533.8,-6.2334e+06
2533.9,-6.23374e+06
2534,-6.23408e+06
2534.1,-6.23441e+06
2534.2,-6.23475e+06
2534.3,-6.23509e+06
2534.4,-6.23542e+06
2534.5,-6.23576e+06
2534.6,-6.2361e+06
2534.7,-6.23644e+06
2534.8,-6.23677e+06
2534.9,-6.23711e+06
2535,-6.23745e+06
2535.1,-6.23778e+06
2535.2,-6.23812e+06
2535.3,-6.23846e+06
2535.4,-6.2388e+06
2535.5,-6.23913e+06
2535.6,-6.23947e+06
2535.7,-6.2398e+06
2535.8,-6.24014e+06
2535.9,-6.24048e+06
2536,-6.24081e+06
2536.1,-6.24115e+06
2536.2,-6.24149e+06
2536.3,-6.24182e+06
2536.4,-6.24216e+06
2536.5,-6.24249e+06
2536.6,-6.24283e+06
2536.7,-6.24316e+06
2536.8,-6.2435e+06
2536.9,-6.24384e+06
2537,-6.24417e+06
2537.1,-6.24451e+06
2537.2,-6.24484e+06
2537.3,-6.24518e+06
2537.4,-6.24551e+06
2537.5,-6.24585e+06
2537.6,-6.24618e+06
2537.7,-6.24652e+06
2537.8,-6.24685e+06
2537.9,-6.24719e+06
2538,-6.24752e+06
2538.1,-6.24786e+06
2538.2,-6.24819e+06
2538.3,-6.24853e+06
2538.4,-6.24886e+06
2538.5,-6.2492e+06
2538.6,-6.24953e+06
2538.7,-6.24986e+06
2538.8,-6.2502e+06
2538.9,-6.25053e+06
2539,-6.25087e+06
2539.1,-6.2512e+06
2539.2,-6.25153e+06
2539.3,-6.25187e+06
2539.4,-6.2522e+06
2539.5,-6.25254e+06
2539.6,-6.25287e+06
2539.7,-6.2532e+06
2539.8,-6.25354e+06
2539.9,-6.25387e+06
2540,-6.2542e+06
2540.1,-6.25454e+06
2540.2,-6.25487e+06
2540.3,-6.2552e+06
2540.4,-6.25553e+06
2540.5,-6.25587e+06
2540.6,-6.2562e+06
2540.7,-6.25653e+06
2540.8,-6.25687e+06
2540.9,-6.2572e+06
2541,-6.25753e+06
2541.1,-6.25786e+06
2541.2,-6.2582e+06
2541.3,-6.25853e+06
2541.4,-6.25886e+06
2541.5,-6.25919e+06
2541.6,-6.25952e+06
2541.7,-6.25986e+06
2541.8,-6.26019e+06
2541.9,-6.26052e+06
2542,-6.26085e+06
2542.1,-6.26118e+06
2542.2,-6.26152e+06
2542.3,-6.26185e+06
2542.4,-6.26218e+06
2542.5,-6.26251e+06
2542.6,-6.26284e+06
2542.7,-6.26317e+06
2542.8,-6.2635e+06
2542.9,-6.26384e+06
2543,-6.26417e+06
2543.1,-6.2645e+06
2543.2,-6.26483e+06
2543.3,-6.26516e+06
2543.4,-6.26549e+06
2543.5,-6.26582e+06
2543.6,-6.26615e+06
2543.7,-6.26648e+06
2543.8,-6.26681e+06
2543.9,-6.26714e+06
2544,-6.26747e+06
2544.1,-6.2678e+06
2544.2,-6.26813e+06
2544.3,-6.26846e+06
2544.4,-6.26879e+06
2544.5,-6.26912e+06
2544.6,-6.26945e+06
2544.7,-6.26978e+06
2544.8,-6.27011e+06
2544.9,-6.27044e+06
2545,-6.27077e+06
2545.1,-6.2711e+06
2545.2,-6.27143e+06
2545.3,-6.27176e+06
2545.4,-6.27209e+06
2545.5,-6.27242e+06
2545.6,-6.27275e+06
2545.7,-6.27308e+06
2545.8,-6.27341e+06
2545.9,-6.27373e+06
2546,-6.27406e+06
2546.1,-6.27439e+06
2546.2,-6.27472e+06
2546.3,-6.27505e+06
2546.4,-6.27538e+06
2546.5,-6.27571e+06
2546.6,-6.27604e+06
2546.7,-6.27636e+06
2546.8,-6.27669e+06
2546.9,-6.27702e+06
2547,-6.27735e+06
2547.1,-6.27768e+06
2547.2,-6.278e+06
2547.3,-6.27833e+06
2547.4,-6.27866e+06
2547.5,-6.27899e+06
2547.6,-6.27931e+06
2547.7,-6.27964e+06
2547.8,-6.27997e+06
2547.9,-6.2803e+06
2548,-6.28062e+06
2548.1,-6.28095e+06
2548.2,-6.28128e+06
2548.3,-6.28161e+06
2548.4,-6.28193e+06
2548.5,-6.28226e+06
2548.6,-6.28259e+06
2548.7,-6.28291e+06
2548.8,-6.28324e+06
2548.9,-6.28357e+06
2549,-6.28389e+06
2549.1,-6.28422e+06
2549.2,-6.28455e+06
2549.3,-6.28487e+06
2549.4,-6.2852e+06
2549.5,-6.28553e+06
2549.6,-6.28585e+06
2549.7,-6.28618e+06
2549.8,-6.2865e+06
2549.9,-6.28683e+06
2550,-6.28716e+06
2550.1,-6.28748e+06
2550.2,-6.28781e+06
2550.3,-6.28813e+06
2550.4,-6.28846e+06
2550.5,-6.28878e+06
2550.6,-6.28911e+06
2550.7,-6.28944e+06
2550.8,-6.28976e+06
2550.9,-6.29009e+06
2551,-6.29041e+06
2551.1,-6.29074e+06
2551.2,-6.29106e+06
2551.3,-6.29139e+06
2551.4,-6.29171e+06
2551.5,-6.29204e+06
2551.6,-6.29236e+06
2551.7,-6.29268e+06
2551.8,-6.29301e+06
2551.9,-6.29333e+06
2552,-6.29366e+06
2552.1,-6.29398e+06
2552.2,-6.29431e+06
2552.3,-6.29463e+06
2552.4,-6.29495e+06
2552.5,-6.29528e+06
2552.6,-6.2956e+06
2552.7,-6.29593e+06
2552.8,-6.29625e+06
2552.9,-6.29657e+06
2553,-6.2969e+06
2553.1,-6.29722e+06
2553.2,-6.29754e+06
2553.3,-6.29787e+06
2553.4,-6.29819e+06
2553.5,-6.29851e+06
2553.6,-6.29884e+06
2553.7,-6.29916e+06
2553.8,-6.29948e+06
2553.9,-6.29981e+06
2554,-6.30013e+06
2554.1,-6.30045e+06
2554.2,-6.30078e+06
2554.3,-6.3011e+06
2554.4,-6.30142e+06
2554.5,-6.30174e+06
2554.6,-6.30206e+06
2554.7,-6.30239e+06
2554.8,-6.30271e+06
2554.9,-6.30303e+06
2555,-6.30335e+06
2555.1,-6.30368e+06
2555.2,-6.304e+06
2555.3,-6.30432e+06
2555.4,-6.30464e+06
2555.5,-6.30496e+06
2555.6,-6.30529e+06
2555.7,-6.30561e+06
2555.8,-6.30593e+06
2555.9,-6.30625e+06
2556,-6.30657e+06
2556.1,-6.30689e+06
2556.2,-6.30721e+06
2556.3,-6.30754e+06
2556.4,-6.30786e+06
2556.5,-6.30818e+06
2556.6,-6.3085e+06
2556.7,-6.30882e+06
2556.8,-6.30914e+06
2556.9,-6.30946e+06
2557,-6.30978e+06
2557.1,-6.3101e+06
2557.2,-6.31042e+06
2557.3,-6.31074e+06
2557.4,-6.31106e+06
2557.5,-6.31138e+06
2557.6,-6.3117e+06
2557.7,-6.31202e+06
2557.8,-6.31234e+06
2557.9,-6.31266e+06
2558,-6.31298e+06
2558.1,-6.3133e+06
2558.2,-6.31362e+06
2558.3,-6.31394e+06
2558.4,-6.31426e+06
2558.5,-6.31458e+06
2558.6,-6.3149e+06
2558.7,-6.31522e+06
2558.8,-6.31554e+06
2558.9,-6.31586e+06
2559,-6.31618e+06
2559.1,-6.3165e+06
2559.2,-6.31682e+06
2559.3,-6.31714e+06
2559.4,-6.31745e+06
2559.5,-6.31777e+06
2559.6,-6.31809e+06
2559.7,-6.31841e+06
2559.8,-6.31873e+06
2559.9,-6.31905e+06
2560,-6.31937e+06
2560.1,-6.31968e+06
2560.2,-6.32e+06
2560.3,-6.32032e+06
2560.4,-6.32064e+06
2560.5,-6.32096e+06
2560.6,-6.32128e+06
2560.7,-6.32159e+06
2560.8,-6.32191e+06
2560.9,-6.32223e+06
2561,-6.32255e+06
2561.1,-6.32286e+06
2561.2,-6.32318e+06
2561.3,-6.3235e+06
2561.4,-6.32382e+06
2561.5,-6.32413e+06
2561.6,-6.32445e+06
2561.7,-6.32477e+06
2561.8,-6.32508e+06
2561.9,-6.3254e+06
2562,-6.32572e+06
2562.1,-6.32604e+06
2562.2,-6.32635e+06
2562.3,-6.32667e+06
2562.4,-6.32699e+06
2562.5,-6.3273e+06
2562.6,-6.32762e+06
2562.7,-6.32794e+06
2562.8,-6.32825e+06
2562.9,-6.32857e+06
2563,-6.32888e+06
2563.1,-6.3292e+06
2563.2,-6.32952e+06
2563.3,-6.32983e+06
2563.4,-6.33015e+06
2563.5,-6.33046e+06
2563.6,-6.33078e+06
2563.7,-6.33109e+06
2563.8,-6.33141e+06
2563.9,-6.33173e+06
2564,-6.33204e+06
2564.1,-6.33236e+06
2564.2,-6.33267e+06
2564.3,-6.33299e+06
2564.4,-6.3333e+06
2564.5,-6.33362e+06
2564.6,-6.33393e+06
2564.7,-6.33425e+06
2564.8,-6.33456e+06
2564.9,-6.33488e+06
2565,-6.33519e+06
2565.1,-6.33551e+06
2565.2,-6.33582e+06
2565.3,-6.33613e+06
2565.4,-6.33645e+06
2565.5,-6.33676e+06
2565.6,-6.33708e+06
2565.7,-6.33739e+06
2565.8,-6.33771e+06
2565.9,-6.33802e+06
2566,-6.33833e+06
2566.1,-6.33865e+06
2566.2,-6.33896e+06
2566.3,-6.33928e+06
2566.4,-6.33959e+06
2566.5,-6.3399e+06
2566.6,-6.34022e+06
2566.7,-6.34053e+06
2566.8,-6.34084e+06
2566.9,-6.34116e+06
2567,-6.34147e+06
2567.1,-6.34178e+06
2567.2,-6.34209e+06
2567.3,-6.34241e+06
2567.4,-6.34272e+06
2567.5,-6.34303e+06
2567.6,-6.34335e+06
2567.7,-6.34366e+06
2567.8,-6.34397e+06
2567.9,-6.34428e+06
2568,-6.3446e+06
2568.1,-6.34491e+06
2568.2,-6.34522e+06
2568.3,-6.34553e+06
2568.4,-6.34584e+06
2568.5,-6.34616e+06
2568.6,-6.34647e+06
2568.7,-6.34678e+06
2568.8,-6.34709e+06
2568.9,-6.3474e+06
2569,-6.34772e+06
2569.1,-6.34803e+06
2569.2,-6.34834e+06
2569.3,-6.34865e+06
2569.4,-6.34896e+06
2569.5,-6.34927e+06
2569.6,-6.34958e+06
2569.7,-6.3499e+06
2569.8,-6.35021e+06
2569.9,-6.35052e+06
2570,-6.35083e+06
2570.1,-6.35114e+06
2570.2,-6.35145e+06
2570.3,-6.35176e+06
2570.4,-6.35207e+06
2570.5,-6.35238e+06
2570.6,-6.35269e+06
2570.7,-6.353e+06
2570.8,-6.35331e+06
2570.9,-6.35362e+06
2571,-6.35393e+06
2571.1,-6.35424e+06
2571.2,-6.35455e+06
2571.3,-6.35486e+06
2571.4,-6.35517e+06
2571.5,-6.35548e+06
2571.6,-6.35579e+06
2571.7,-6.3561e+06
2571.8,-6.35641e+06
2571.9,-6.35672e+06
2572,-6.35703e+06
2572.1,-6.35734e+06
2572.2,-6.35765e+06
2572.3,-6.35796e+06
2572.4,-6.35827e+06
2572.5,-6.35858e+06
2572.6,-6.35889e+06
2572.7,-6.3592e+06
2572.8,-6.3595e+06
2572.9,-6.35981e+06
2573,-6.36012e+06
2573.1,-6.36043e+06
2573.2,-6.36074e+06
2573.3,-6.36105e+06
2573.4,-6.36136e+06
2573.5,-6.36166e+06
2573.6,-6.36197e+06
2573.7,-6.36228e+06
2573.8,-6.36259e+06
2573.9,-6.3629e+06
2574,-6.3632e+06
2574.1,-6.36351e+06
2574.2,-6.36382e+06
2574.3,-6.36413e+06
2574.4,-6.36443e+06
2574.5,-6.36474e+06
2574.6,-6.36505e+06
2574.7,-6.36536e+06
2574.8,-6.36566e+06
2574.9,-6.36597e+06
2575,-6.36628e+06
2575.1,-6.36659e+06
2575.2,-6.36689e+06
2575.3,-6.3672e+06
2575.4,-6.36751e+06
2575.5,-6.36781e+06
2575.6,-6.36812e+06
2575.7,-6.36843e+06
2575.8,-6.36873e+06
2575.9,-6.36904e+06
2576,-6.36935e+06
2576.1,-6.36965e+06
2576.2,-6.36996e+06
2576.3,-6.37026e+06
2576.4,-6.37057e+06
2576.5,-6.37088e+06
2576.6,-6.37118e+06
2576.7,-6.37149e+06
2576.8,-6.3718e+06
2576.9,-6.3721e+06
2577,-6.37241e+06
2577.1,-6.37271e+06
2577.2,-6.37302e+06
2577.3,-6.37332e+06
2577.4,-6.37363e+06
2577.5,-6.37393e+06
2577.6,-6.37424e+06
2577.7,-6.37454e+06
2577.8,-6.37485e+06
2577.9,-6.37515e+06
2578,-6.37546e+06
2578.1,-6.37576e+06
2578.2,-6.37607e+06
2578.3,-6.37637e+06
2578.4,-6.37668e+06
2578.5,-6.37698e+06
2578.6,-6.37729e+06
2578.7,-6.37759e+06
2578.8,-6.3779e+06
2578.9,-6.3782e+06
2579,-6.3785e+06
2579.1,-6.37881e+06
2579.2,-6.37911e+06
2579.3,-6.37942e+06
2579.4,-6.37972e+06
2579.5,-6.38002e+06
2579.6,-6.38033e+06
2579.7,-6.38063e+06
2579.8,-6.38093e+06
2579.9,-6.38124e+06
2580,-6.38154e+06
2580.1,-6.38184e+06
2580.2,-6.38215e+06
2580.3,-6.38245e+06
2580.4,-6.38275e+06
2580.5,-6.38306e+06
2580.6,-6.38336e+06
2580.7,-6.38366e+06
2580.8,-6.38396e+06
2580.9,-6.38427e+06
2581,-6.38457e+06
2581.1,-6.38487e+06
2581.2,-6.38518e+06
2581.3,-6.38548e+06
2581.4,-6.38578e+06
2581.5,-6.38608e+06
2581.6,-6.38638e+06
2581.7,-6.38669e+06
2581.8,-6.38699e+06
2581.9,-6.38729e+06
2582,-6.38759e+06
2582.1,-6.38789e+06
2582.2,-6.3882e+06
2582.3,-6.3885e+06
2582.4,-6.3888e+06
2582.5,-6.3891e+06
2582.6,-6.3894e+06
2582.7,-6.3897e+06
2582.8,-6.39e+06
2582.9,-6.39031e+06
2583,-6.39061e+06
2583.1,-6.39091e+06
2583.2,-6.39121e+06
2583.3,-6.39151e+06
2583.4,-6.39181e+06
2583.5,-6.39211e+06
2583.6,-6.39241e+06
2583.7,-6.39271e+06
2583.8,-6.39301e+06
2583.9,-6.39331e+06
2584,-6.39361e+06
2584.1,-6.39391e+06
2584.2,-6.39421e+06
2584.3,-6.39451e+06
2584.4,-6.39481e+06
2584.5,-6.39511e+06
2584.6,-6.39541e+06
2584.7,-6.39571e+06
2584.8,-6.39601e+06
2584.9,-6.39631e+06
2585,-6.39661e+06
2585.1,-6.39691e+06
2585.2,-6.39721e+06
2585.3,-6.39751e+06
2585.4,-6.39781e+06
2585.5,-6.39811e+06
2585.6,-6.39841e+06
2585.7,-6.39871e+06
2585.8,-6.39901e+06
2585.9,-6.39931e+06
2586,-6.39961e+06
2586.1,-6.3999e+06
2586.2,-6.4002e+06
2586.3,-6.4005e+06
2586.4,-6.4008e+06
2586.5,-6.4011e+06
2586.6,-6.4014e+06
2586.7,-6.4017e+06
2586.8,-6.40199e+06
2586.9,-6.40229e+06
2587,-6.40259e+06
2587.1,-6.40289e+06
2587.2,-6.40319e+06
2587.3,-6.40348e+06
2587.4,-6.40378e+06
2587.5,-6.40408e+06
2587.6,-6.40438e+06
2587.7,-6.40467e+06
2587.8,-6.40497e+06
2587.9,-6.40527e+06
2588,-6.40557e+06
2588.1,-6.40586e+06
2588.2,-6.40616e+06
2588.3,-6.40646e+06
2588.4,-6.40676e+06
2588.5,-6.40705e+06
2588.6,-6.40735e+06
2588.7,-6.40765e+06
2588.8,-6.40794e+06
2588.9,-6.40824e+06
2589,-6.40854e+06
2589.1,-6.40883e+06
2589.2,-6.40913e+06
2589.3,-6.40943e+06
2589.4,-6.40972e+06
2589.5,-6.41002e+06
2589.6,-6.41031e+06
2589.7,-6.41061e+06
2589.8,-6.41091e+06
2589.9,-6.4112e+06
2590,-6.4115e+06
2590.1,-6.41179e+06
2590.2,-6.41209e+06
2590.3,-6.41238e+06
2590.4,-6.41268e+06
2590.5,-6.41298e+06
2590.6,-6.41327e+06
2590.7,-6.41357e+06
2590.8,-6.41386e+06
2590.9,-6.41416e+06
2591,-6.41445e+06
2591.1,-6.41475e+06
2591.2,-6.41504e+06
2591.3,-6.41534e+06
2591.4,-6.41563e+06
2591.5,-6.41593e+06
2591.6,-6.41622e+06
2591.7,-6.41652e+06
2591.8,-6.41681e+06
2591.9,-6.4171e+06
2592,-6.4174e+06
2592.1,-6.41769e+06
2592.2,-6.41799e+06
2592.3,-6.41828e+06
2592.4,-6.41858e+06
2592.5,-6.41887e+06
2592.6,-6.41916e+06
2592.7,-6.41946e+06
2592.8,-6.41975e+06
2592.9,-6.42004e+06
2593,-6.42034e+06
2593.1,-6.42063e+06
2593.2,-6.42092e+06
2593.3,-6.42122e+06
2593.4,-6.42151e+06
2593.5,-6.4218e+06
2593.6,-6.4221e+06
2593.7,-6.42239e+06
2593.8,-6.42268e+06
2593.9,-6.42298e+06
2594,-6.42327e+06
2594.1,-6.42356e+06
2594.2,-6.42385e+06
2594.3,-6.42415e+06
2594.4,-6.42444e+06
2594.5,-6.42473e+06
2594.6,-6.42502e+06
2594.7,-6.42532e+06
2594.8,-6.42561e+06
2594.9,-6.4259e+06
2595,-6.42619e+06
2595.1,-6.42648e+06
2595.2,-6.42678e+06
2595.3,-6.42707e+06
2595.4,-6.42736e+06
2595.5,-6.42765e+06
2595.6,-6.42794e+06
2595.7,-6.42824e+06
2595.8,-6.42853e+06
2595.9,-6.42882e+06
2596,-6.42911e+06
2596.1,-6.4294e+06
2596.2,-6.42969e+06
2596.3,-6.42998e+06
2596.4,-6.43027e+06
2596.5,-6.43056e+06
2596.6,-6.43086e+06
2596.7,-6.43115e+06
2596.8,-6.43144e+06
2596.9,-6.43173e+06
2597,-6.43202e+06
2597.1,-6.43231e+06
2597.2,-6.4326e+06
2597.3,-6.43289e+06
2597.4,-6.43318e+06
2597.5,-6.43347e+06
2597.6,-6.43376e+06
2597.7,-6.43405e+06
2597.8,-6.43434e+06
2597.9,-6.43463e+06
2598,-6.43492e+06
2598.1,-6.43521e+06
2598.2,-6.4355e+06
2598.3,-6.43579e+06
2598.4,-6.43608e+06
2598.5,-6.43637e+06
2598.6,-6.43666e+06
2598.7,-6.43694e+06
2598.8,-6.43723e+06
2598.9,-6.43752e+06
2599,-6.43781e+06
2599.1,-6.4381e+06
2599.2,-6.43839e+06
2599.3,-6.43868e+06
2599.4,-6.43897e+06
2599.5,-6.43926e+06
2599.6,-6.43954e+06
2599.7,-6.43983e+06
2599.8,-6.44012e+06
2599.9,-6.44041e+06
2600,-6.4407e+06
2600.1,-6.44099e+06
2600.2,-6.44127e+06
2600.3,-6.44156e+06
2600.4,-6.44185e+06
2600.5,-6.44214e+06
2600.6,-6.44243e+06
2600.7,-6.44271e+06
2600.8,-6.443e+06
2600.9,-6.44329e+06
2601,-6.44358e+06
2601.1,-6.44386e+06
2601.2,-6.44415e+06
2601.3,-6.44444e+06
2601.4,-6.44472e+06
2601.5,-6.44501e+06
2601.6,-6.4453e+06
2601.7,-6.44559e+06
2601.8,-6.44587e+06
2601.9,-6.44616e+06
2602,-6.44645e+06
2602.1,-6.44673e+06
2602.2,-6.44702e+06
2602.3,-6.44731e+06
2602.4,-6.44759e+06
2602.5,-6.44788e+06
2602.6,-6.44817e+06
2602.7,-6.44845e+06
2602.8,-6.44874e+06
2602.9,-6.44902e+06
2603,-6.44931e+06
2603.1,-6.4496e+06
2603.2,-6.44988e+06
2603.3,-6.45017e+06
2603.4,-6.45045e+06
2603.5,-6.45074e+06
2603.6,-6.45102e+06
2603.7,-6.45131e+06
2603.8,-6.45159e+06
2603.9,-6.45188e+06
2604,-6.45216e+06
2604.1,-6.45245e+06
2604.2,-6.45274e+06
2604.3,-6.45302e+06
2604.4,-6.4533e+06
2604.5,-6.45359e+06
2604.6,-6.45387e+06
2604.7,-6.45416e+06
2604.8,-6.45444e+06
2604.9,-6.45473e+06
2605,-6.45501e+06
2605.1,-6.4553e+06
2605.2,-6.45558e+06
2605.3,-6.45587e+06
2605.4,-6.45615e+06
2605.5,-6.45643e+06
2605.6,-6.45672e+06
2605.7,-6.457e+06
2605.8,-6.45729e+06
2605.9,-6.45757e+06
2606,-6.45785e+06
2606.1,-6.45814e+06
2606.2,-6.45842e+06
2606.3,-6.4587e+06
2606.4,-6.45899e+06
2606.5,-6.45927e+06
2606.6,-6.45955e+06
2606.7,-6.45984e+06
2606.8,-6.46012e+06
2606.9,-6.4604e+06
2607,-6.46068e+06
2607.1,-6.46097e+06
2607.2,-6.46125e+06
2607.3,-6.46153e+06
2607.4,-6.46182e+06
2607.5,-6.4621e+06
2607.6,-6.46238e+06
2607.7,-6.46266e+06
2607.8,-6.46295e+06
2607.9,-6.46323e+06
2608,-6.46351e+06
2608.1,-6.46379e+06
2608.2,-6.46407e+06
2608.3,-6.46436e+06
2608.4,-6.46464e+06
2608.5,-6.46492e+06
2608.6,-6.4652e+06
2608.7,-6.46548e+06
2608.8,-6.46576e+06
2608.9,-6.46605e+06
2609,-6.46633e+06
2609.1,-6.46661e+06
2609.2,-6.46689e+06
2609.3,-6.46717e+06
2609.4,-6.46745e+06
2609.5,-6.46773e+06
2609.6,-6.46801e+06
2609.7,-6.46829e+06
2609.8,-6.46858e+06
2609.9,-6.46886e+06
2610,-6.46914e+06
2610.1,-6.46942e+06
2610.2,-6.4697e+06
2610.3,-6.46998e+06
2610.4,-6.47026e+06
2610.5,-6.47054e+06
2610.6,-6.47082e+06
2610.7,-6.4711e+06
2610.8,-6.47138e+06
2610.9,-6.47166e+06
2611,-6.47194e+06
2611.1,-6.47222e+06
2611.2,-6.4725e+06
2611.3,-6.47278e+06
2611.4,-6.47306e+06
2611.5,-6.47334e+06
2611.6,-6.47362e+06
2611.7,-6.4739e+06
2611.8,-6.47417e+06
2611.9,-6.47445e+06
2612,-6.47473e+06
2612.1,-6.47501e+06
2612.2,-6.47529e+06
2612.3,-6.47557e+06
2612.4,-6.47585e+06
2612.5,-6.47613e+06
2612.6,-6.47641e+06
2612.7,-6.47668e+06
2612.8,-6.47696e+06
2612.9,-6.47724e+06
2613,-6.47752e+06
2613.1,-6.4778e+06
2613.2,-6.47808e+06
2613.3,-6.47835e+06
2613.4,-6.47863e+06
2613.5,-6.47891e+06
2613.6,-6.47919e+06
2613.7,-6.47947e+06
2613.8,-6.47974e+06
2613.9,-6.48002e+06
2614,-6.4803e+06
2614.1,-6.48058e+06
2614.2,-6.48085e+06
2614.3,-6.48113e+06
2614.4,-6.48141e+06
2614.5,-6.48168e+06
2614.6,-6.48196e+06
2614.7,-6.48224e+06
2614.8,-6.48252e+06
2614.9,-6.48279e+06
2615,-6.48307e+06
2615.1,-6.48335e+06
2615.2,-6.48362e+06
2615.3,-6.4839e+06
2615.4,-6.48418e+06
2615.5,-6.48445e+06
2615.6,-6.48473e+06
2615.7,-6.485e+06
2615.8,-6.48528e+06
2615.9,-6.48556e+06
2616,-6.48583e+06
2616.1,-6.48611e+06
2616.2,-6.48638e+06
2616.3,-6.48666e+06
2616.4,-6.48694e+06
2616.5,-6.48721e+06
2616.6,-6.48749e+06
2616.7,-6.48776e+06
2616.8,-6.48804e+06
2616.9,-6.48831e+06
2617,-6.48859e+06
2617.1,-6.48886e+06
2617.2,-6.48914e+06
2617.3,-6.48941e+06
2617.4,-6.48969e+06
2617.5,-6.48996e+06
2617.6,-6.49024e+06
2617.7,-6.49051e+06
2617.8,-6.49079e+06
2617.9,-6.49106e+06
2618,-6.49134e+06
2618.1,-6.49161e+06
2618.2,-6.49189e+06
2618.3,-6.49216e+06
2618.4,-6.49243e+06
2618.5,-6.49271e+06
2618.6,-6.49298e+06
2618.7,-6.49326e+06
2618.8,-6.49353e+06
2618.9,-6.4938e+06
2619,-6.49408e+06
2619.1,-6.49435e+06
2619.2,-6.49462e+06
2619.3,-6.4949e+06
2619.4,-6.49517e+06
2619.5,-6.49544e+06
2619.6,-6.49572e+06
2619.7,-6.49599e+06
2619.8,-6.49626e+06
2619.9,-6.49654e+06
2620,-6.49681e+06
2620.1,-6.49708e+06
2620.2,-6.49736e+06
2620.3,-6.49763e+06
2620.4,-6.4979e+06
2620.5,-6.49817e+06
2620.6,-6.49845e+06
2620.7,-6.49872e+06
2620.8,-6.49899e+06
2620.9,-6.49926e+06
2621,-6.49954e+06
2621.1,-6.49981e+06
2621.2,-6.50008e+06
2621.3,-6.50035e+06
2621.4,-6.50062e+06
2621.5,-6.5009e+06
2621.6,-6.50117e+06
2621.7,-6.50144e+06
2621.8,-6.50171e+06
2621.9,-6.50198e+06
2622,-6.50225e+06
2622.1,-6.50252e+06
2622.2,-6.5028e+06
2622.3,-6.50307e+06
2622.4,-6.50334e+06
2622.5,-6.50361e+06
2622.6,-6.50388e+06
2622.7,-6.50415e+06
2622.8,-6.50442e+06
2622.9,-6.50469e+06
2623,-6.50496e+06
2623.1,-6.50523e+06
2623.2,-6.5055e+06
2623.3,-6.50578e+06
2623.4,-6.50605e+06
2623.5,-6.50632e+06
2623.6,-6.50659e+06
2623.7,-6.50686e+06
2623.8,-6.50713e+06
2623.9,-6.5074e+06
2624,-6.50767e+06
2624.1,-6.50794e+06
2624.2,-6.50821e+06
2624.3,-6.50848e+06
2624.4,-6.50874e+06
2624.5,-6.50901e+06
2624.6,-6.50928e+06
2624.7,-6.50955e+06
2624.8,-6.50982e+06
2624.9,-6.51009e+06
2625,-6.51036e+06
2625.1,-6.51063e+06
2625.2,-6.5109e+06
2625.3,-6.51117e+06
2625.4,-6.51144e+06
2625.5,-6.5117e+06
2625.6,-6.51197e+06
2625.7,-6.51224e+06
2625.8,-6.51251e+06
2625.9,-6.51278e+06
2626,-6.51305e+06
2626.1,-6.51332e+06
2626.2,-6.51358e+06
2626.3,-6.51385e+06
2626.4,-6.51412e+06
2626.5,-6.51439e+06
2626.6,-6.51466e+06
2626.7,-6.51492e+06
2626.8,-6.51519e+06
2626.9,-6.51546e+06
2627,-6.51573e+06
2627.1,-6.51599e+06
2627.2,-6.51626e+06
2627.3,-6.51653e+06
2627.4,-6.5168e+06
2627.5,-6.51706e+06
2627.6,-6.51733e+06
2627.7,-6.5176e+06
2627.8,-6.51786e+06
2627.9,-6.51813e+06
2628,-6.5184e+06
2628.1,-6.51866e+06
2628.2,-6.51893e+06
2628.3,-6.5192e+06
2628.4,-6.51946e+06
2628.5,-6.51973e+06
2628.6,-6.52e+06
2628.7,-6.52026e+06
2628.8,-6.52053e+06
2628.9,-6.5208e+06
2629,-6.52106e+06
2629.1,-6.52133e+06
2629.2,-6.52159e+06
2629.3,-6.52186e+06
2629.4,-6.52213e+06
2629.5,-6.52239e+06
2629.6,-6.52266e+06
2629.7,-6.52292e+06
2629.8,-6.52319e+06
2629.9,-6.52345e+06
2630,-6.52372e+06
2630.1,-6.52398e+06
2630.2,-6.52425e+06
2630.3,-6.52451e+06
2630.4,-6.52478e+06
2630.5,-6.52504e+06
2630.6,-6.52531e+06
2630.7,-6.52557e+06
2630.8,-6.52584e+06
2630.9,-6.5261e+06
2631,-6.52637e+06
2631.1,-6.52663e+06
2631.2,-6.5269e+06
2631.3,-6.52716e+06
2631.4,-6.52742e+06
2631.5,-6.52769e+06
2631.6,-6.52795e+06
2631.7,-6.52822e+06
2631.8,-6.52848e+06
2631.9,-6.52874e+06
2632,-6.52901e+06
2632.1,-6.52927e+06
2632.2,-6.52953e+06
2632.3,-6.5298e+06
2632.4,-6.53006e+06
2632.5,-6.53032e+06
2632.6,-6.53059e+06
2632.7,-6.53085e+06
2632.8,-6.53111e+06
2632.9,-6.53138e+06
2633,-6.53164e+06
2633.1,-6.5319e+06
2633.2,-6.53217e+06
2633.3,-6.53243e+06
2633.4,-6.53269e+06
2633.5,-6.53295e+06
2633.6,-6.53322e+06
2633.7,-6.53348e+06
2633.8,-6.53374e+06
2633.9,-6.534e+06
2634,-6.53426e+06
2634.1,-6.53453e+06
2634.2,-6.53479e+06
2634.3,-6.53505e+06
2634.4,-6.53531e+06
2634.5,-6.53558e+06
2634.6,-6.53584e+06
2634.7,-6.5361e+06
2634.8,-6.53636e+06
2634.9,-6.53662e+06
2635,-6.53688e+06
2635.1,-6.53714e+06
2635.2,-6.5374e+06
2635.3,-6.53767e+06
2635.4,-6.53793e+06
2635.5,-6.53819e+06
2635.6,-6.53845e+06
2635.7,-6.53871e+06
2635.8,-6.53897e+06
2635.9,-6.53923e+06
2636,-6.53949e+06
2636.1,-6.53975e+06
2636.2,-6.54001e+06
2636.3,-6.54027e+06
2636.4,-6.54053e+06
2636.5,-6.54079e+06
2636.6,-6.54105e+06
2636.7,-6.54131e+06
2636.8,-6.54157e+06
2636.9,-6.54183e+06
2637,-6.54209e+06
2637.1,-6.54235e+06
2637.2,-6.54261e+06
2637.3,-6.54287e+06
2637.4,-6.54313e+06
2637.5,-6.54339e+06
2637.6,-6.54365e+06
2637.7,-6.54391e+06
2637.8,-6.54417e+06
2637.9,-6.54443e+06
2638,-6.54469e+06
2638.1,-6.54495e+06
2638.2,-6.54521e+06
2638.3,-6.54546e+06
2638.4,-6.54572e+06
2638.5,-6.54598e+06
2638.6,-6.54624e+06
2638.7,-6.5465e+06
2638.8,-6.54676e+06
2638.9,-6.54702e+06
2639,-6.54728e+06
2639.1,-6.54753e+06
2639.2,-6.54779e+06
2639.3,-6.54805e+06
2639.4,-6.54831e+06
2639.5,-6.54856e+06
2639.6,-6.54882e+06
2639.7,-6.54908e+06
2639.8,-6.54934e+06
2639.9,-6.5496e+06
2640,-6.54985e+06
2640.1,-6.55011e+06
2640.2,-6.55037e+06
2640.3,-6.55063e+06
2640.4,-6.55088e+06
2640.5,-6.55114e+06
2640.6,-6.5514e+06
2640.7,-6.55165e+06
2640.8,-6.55191e+06
2640.9,-6.55217e+06
2641,-6.55242e+06
2641.1,-6.55268e+06
2641.2,-6.55294e+06
2641.3,-6.55319e+06
2641.4,-6.55345e+06
2641.5,-6.55371e+06
2641.6,-6.55396e+06
2641.7,-6.55422e+06
2641.8,-6.55448e+06
2641.9,-6.55473e+06
2642,-6.55499e+06
2642.1,-6.55524e+06
2642.2,-6.5555e+06
2642.3,-6.55576e+06
2642.4,-6.55601e+06
2642.5,-6.55627e+06
2642.6,-6.55652e+06
2642.7,-6.55678e+06
2642.8,-6.55703e+06
2642.9,-6.55729e+06
2643,-6.55754e+06
2643.1,-6.5578e+06
2643.2,-6.55805e+06
2643.3,-6.55831e+06
2643.4,-6.55856e+06
2643.5,-6.55882e+06
2643.6,-6.55907e+06
2643.7,-6.55933e+06
2643.8,-6.55958e+06
2643.9,-6.55984e+06
2644,-6.56009e+06
2644.1,-6.56035e+06
2644.2,-6.5606e+06
2644.3,-6.56085e+06
2644.4,-6.56111e+06
2644.5,-6.56136e+06
2644.6,-6.56162e+06
2644.7,-6.56187e+06
2644.8,-6.56212e+06
2644.9,-6.56238e+06
2645,-6.56263e+06
2645.1,-6.56288e+06
2645.2,-6.56314e+06
2645.3,-6.56339e+06
2645.4,-6.56364e+06
2645.5,-6.5639e+06
2645.6,-6.56415e+06
2645.7,-6.5644e+06
2645.8,-6.56466e+06
2645.9,-6.56491e+06
2646,-6.56516e+06
2646.1,-6.56542e+06
2646.2,-6.56567e+06
2646.3,-6.56592e+06
2646.4,-6.56617e+06
2646.5,-6.56643e+06
2646.6,-6.56668e+06
2646.7,-6.56693e+06
2646.8,-6.56718e+06
2646.9,-6.56744e+06
2647,-6.56769e+06
2647.1,-6.56794e+06
2647.2,-6.56819e+06
2647.3,-6.56844e+06
2647.4,-6.5687e+06
2647.5,-6.56895e+06
2647.6,-6.5692e+06
2647.7,-6.56945e+06
2647.8,-6.5697e+06
2647.9,-6.56995e+06
2648,-6.5702e+06
2648.1,-6.57046e+06
2648.2,-6.57071e+06
2648.3,-6.57096e+06
2648.4,-6.57121e+06
2648.5,-6.57146e+06
2648.6,-6.57171e+06
2648.7,-6.57196e+06
2648.8,-6.57221e+06
2648.9,-6.57246e+06
2649,-6.57271e+06
2649.1,-6.57296e+06
2649.2,-6.57322e+06
2649.3,-6.57347e+06
2649.4,-6.57372e+06
2649.5,-6.57397e+06
2649.6,-6.57422e+06
2649.7,-6.57447e+06
2649.8,-6.57472e+06
2649.9,-6.57497e+06
2650,-6.57522e+06
2650.1,-6.57546e+06
2650.2,-6.57571e+06
2650.3,-6.57596e+06
2650.4,-6.57621e+06
2650.5,-6.57646e+06
2650.6,-6.57671e+06
2650.7,-6.57696e+06
2650.8,-6.57721e+06
2650.9,-6.57746e+06
2651,-6.57771e+06
2651.1,-6.57796e+06
2651.2,-6.57821e+06
2651.3,-6.57846e+06
2651.4,-6.5787e+06
2651.5,-6.57895e+06
2651.6,-6.5792e+06
2651.7,-6.57945e+06
2651.8,-6.5797e+06
2651.9,-6.57995e+06
2652,-6.58019e+06
2652.1,-6.58044e+06
2652.2,-6.58069e+06
2652.3,-6.58094e+06
2652.4,-6.58119e+06
2652.5,-6.58143e+06
2652.6,-6.58168e+06
2652.7,-6.58193e+06
2652.8,-6.58218e+06
2652.9,-6.58242e+06
2653,-6.58267e+06
2653.1,-6.58292e+06
2653.2,-6.58317e+06
2653.3,-6.58341e+06
2653.4,-6.58366e+06
2653.5,-6.58391e+06
2653.6,-6.58416e+06
2653.7,-6.5844e+06
2653.8,-6.58465e+06
2653.9,-6.5849e+06
2654,-6.58514e+06
2654.1,-6.58539e+06
2654.2,-6.58564e+06
2654.3,-6.58588e+06
2654.4,-6.58613e+06
2654.5,-6.58638e+06
2654.6,-6.58662e+06
2654.7,-6.58687e+06
2654.8,-6.58711e+06
2654.9,-6.58736e+06
2655,-6.5876e+06
2655.1,-6.58785e+06
2655.2,-6.5881e+06
2655.3,-6.58834e+06
2655.4,-6.58859e+06
2655.5,-6.58883e+06
2655.6,-6.58908e+06
2655.7,-6.58932e+06
2655.8,-6.58957e+06
2655.9,-6.58981e+06
2656,-6.59006e+06
2656.1,-6.5903e+06
2656.2,-6.59055e+06
2656.3,-6.59079e+06
2656.4,-6.59104e+06
2656.5,-6.59128e+06
2656.6,-6.59153e+06
2656.7,-6.59177e+06
2656.8,-6.59202e+06
2656.9,-6.59226e+06
2657,-6.59251e+06
2657.1,-6.59275e+06
2657.2,-6.593e+06
2657.3,-6.59324e+06
2657.4,-6.59348e+06
2657.5,-6.59373e+06
2657.6,-6.59397e+06
2657.7,-6.59422e+06
2657.8,-6.59446e+06
2657.9,-6.5947e+06
2658,-6.59495e+06
2658.1,-6.59519e+06
2658.2,-6.59543e+06
2658.3,-6.59568e+06
2658.4,-6.59592e+06
2658.5,-6.59616e+06
2658.6,-6.5964e+06
2658.7,-6.59665e+06
2658.8,-6.59689e+06
2658.9,-6.59713e+06
2659,-6.59738e+06
2659.1,-6.59762e+06
2659.2,-6.59786e+06
2659.3,-6.5981e+06
2659.4,-6.59835e+06
2659.5,-6.59859e+06
2659.6,-6.59883e+06
2659.7,-6.59907e+06
2659.8,-6.59932e+06
2659.9,-6.59956e+06
2660,-6.5998e+06
2660.1,-6.60004e+06
2660.2,-6.60028e+06
2660.3,-6.60053e+06
2660.4,-6.60077e+06
2660.5,-6.60101e+06
2660.6,-6.60125e+06
2660.7,-6.60149e+06
2660.8,-6.60173e+06
2660.9,-6.60198e+06
2661,-6.60222e+06
2661.1,-6.60246e+06
2661.2,-6.6027e+06
2661.3,-6.60294e+06
2661.4,-6.60318e+06
2661.5,-6.60342e+06
2661.6,-6.60366e+06
2661.7,-6.6039e+06
2661.8,-6.60414e+06
2661.9,-6.60438e+06
2662,-6.60462e+06
2662.1,-6.60486e+06
2662.2,-6.6051e+06
2662.3,-6.60534e+06
2662.4,-6.60558e+06
2662.5,-6.60582e+06
2662.6,-6.60606e+06
2662.7,-6.6063e+06
2662.8,-6.60654e+06
2662.9,-6.60678e+06
2663,-6.60702e+06
2663.1,-6.60726e+06
2663.2,-6.6075e+06
2663.3,-6.60774e+06
2663.4,-6.60798e+06
2663.5,-6.60822e+06
2663.6,-6.60846e+06
2663.7,-6.6087e+06
2663.8,-6.60894e+06
2663.9,-6.60918e+06
2664,-6.60942e+06
2664.1,-6.60966e+06
2664.2,-6.60989e+06
2664.3,-6.61013e+06
2664.4,-6.61037e+06
2664.5,-6.61061e+06
2664.6,-6.61085e+06
2664.7,-6.61109e+06
2664.8,-6.61132e+06
2664.9,-6.61156e+06
2665,-6.6118e+06
2665.1,-6.61204e+06
2665.2,-6.61228e+06
2665.3,-6.61251e+06
2665.4,-6.61275e+06
2665.5,-6.61299e+06
2665.6,-6.61323e+06
2665.7,-6.61346e+06
2665.8,-6.6137e+06
2665.9,-6.61394e+06
2666,-6.61418e+06
2666.1,-6.61441e+06
2666.2,-6.61465e+06
2666.3,-6.61489e+06
2666.4,-6.61512e+06
2666.5,-6.61536e+06
2666.6,-6.6156e+06
2666.7,-6.61584e+06
2666.8,-6.61607e+06
2666.9,-6.61631e+06
2667,-6.61655e+06
2667.1,-6.61678e+06
2667.2,-6.61702e+06
2667.3,-6.61726e+06
2667.4,-6.61749e+06
2667.5,-6.61773e+06
2667.6,-6.61796e+06
2667.7,-6.6182e+06
2667.8,-6.61844e+06
2667.9,-6.61867e+06
2668,-6.61891e+06
2668.1,-6.61914e+06
2668.2,-6.61938e+06
2668.3,-6.61961e+06
2668.4,-6.61985e+06
2668.5,-6.62008e+06
2668.6,-6.62032e+06
2668.7,-6.62055e+06
2668.8,-6.62079e+06
2668.9,-6.62102e+06
2669,-6.62126e+06
2669.1,-6.62149e+06
2669.2,-6.62173e+06
2669.3,-6.62196e+06
2669.4,-6.6222e+06
2669.5,-6.62243e+06
2669.6,-6.62267e+06
2669.7,-6.6229e+06
2669.8,-6.62314e+06
2669.9,-6.62337e+06
2670,-6.6236e+06
2670.1,-6.62384e+06
2670.2,-6.62407e+06
2670.3,-6.62431e+06
2670.4,-6.62454e+06
2670.5,-6.62478e+06
2670.6,-6.62501e+06
2670.7,-6.62524e+06
2670.8,-6.62548e+06
2670.9,-6.62571e+06
2671,-6.62594e+06
2671.1,-6.62618e+06
2671.2,-6.62641e+06
2671.3,-6.62664e+06
2671.4,-6.62688e+06
2671.5,-6.62711e+06
2671.6,-6.62734e+06
2671.7,-6.62757e+06
2671.8,-6.62781e+06
2671.9,-6.62804e+06
2672,-6.62827e+06
2672.1,-6.6285e+06
2672.2,-6.62874e+06
2672.3,-6.62897e+06
2672.4,-6.6292e+06
2672.5,-6.62943e+06
2672.6,-6.62967e+06
2672.7,-6.6299e+06
2672.8,-6.63013e+06
2672.9,-6.63036e+06
2673,-6.63059e+06
2673.1,-6.63083e+06
2673.2,-6.63106e+06
2673.3,-6.63129e+06
2673.4,-6.63152e+06
2673.5,-6.63175e+06
2673.6,-6.63198e+06
2673.7,-6.63222e+06
2673.8,-6.63245e+06
2673.9,-6.63268e+06
2674,-6.63291e+06
2674.1,-6.63314e+06
2674.2,-6.63337e+06
2674.3,-6.6336e+06
2674.4,-6.63383e+06
2674.5,-6.63406e+06
2674.6,-6.63429e+06
2674.7,-6.63452e+06
2674.8,-6.63475e+06
2674.9,-6.63498e+06
2675,-6.63521e+06
2675.1,-6.63544e+06
2675.2,-6.63567e+06
2675.3,-6.6359e+06
2675.4,-6.63613e+06
2675.5,-6.63636e+06
2675.6,-6.63659e+06
2675.7,-6.63682e+06
2675.8,-6.63705e+06
2675.9,-6.63728e+06
2676,-6.63751e+06
2676.1,-6.63774e+06
2676.2,-6.63797e+06
2676.3,-6.6382e+06
2676.4,-6.63843e+06
2676.5,-6.63866e+06
2676.6,-6.63889e+06
2676.7,-6.63912e+06
2676.8,-6.63935e+06
2676.9,-6.63957e+06
2677,-6.6398e+06
2677.1,-6.64003e+06
2677.2,-6.64026e+06
2677.3,-6.64049e+06
2677.4,-6.64072e+06
2677.5,-6.64095e+06
2677.6,-6.64117e+06
2677.7,-6.6414e+06
2677.8,-6.64163e+06
2677.9,-6.64186e+06
2678,-6.64209e+06
2678.1,-6.64231e+06
2678.2,-6.64254e+06
2678.3,-6.64277e+06
2678.4,-6.643e+06
2678.5,-6.64322e+06
2678.6,-6.64345e+06
2678.7,-6.64368e+06
2678.8,-6.64391e+06
2678.9,-6.64413e+06
2679,-6.64436e+06
2679.1,-6.64459e+06
2679.2,-6.64481e+06
2679.3,-6.64504e+06
2679.4,-6.64527e+06
2679.5,-6.6455e+06
2679.6,-6.64572e+06
2679.7,-6.64595e+06
2679.8,-6.64617e+06
2679.9,-6.6464e+06
2680,-6.64663e+06
2680.1,-6.64685e+06
2680.2,-6.64708e+06
2680.3,-6.64731e+06
2680.4,-6.64753e+06
2680.5,-6.64776e+06
2680.6,-6.64798e+06
2680.7,-6.64821e+06
2680.8,-6.64844e+06
2680.9,-6.64866e+06
2681,-6.64889e+06
2681.1,-6.64911e+06
2681.2,-6.64934e+06
2681.3,-6.64956e+06
2681.4,-6.64979e+06
2681.5,-6.65001e+06
2681.6,-6.65024e+06
2681.7,-6.65046e+06
2681.8,-6.65069e+06
2681.9,-6.65091e+06
2682,-6.65114e+06
2682.1,-6.65136e+06
2682.2,-6.65159e+06
2682.3,-6.65181e+06
2682.4,-6.65204e+06
2682.5,-6.65226e+06
2682.6,-6.65248e+06
2682.7,-6.65271e+06
2682.8,-6.65293e+06
2682.9,-6.65316e+06
2683,-6.65338e+06
2683.1,-6.6536e+06
2683.2,-6.65383e+06
2683.3,-6.65405e+06
2683.4,-6.65428e+06
2683.5,-6.6545e+06
2683.6,-6.65472e+06
2683.7,-6.65495e+06
2683.8,-6.65517e+06
2683.9,-6.65539e+06
2684,-6.65562e+06
2684.1,-6.65584e+06
2684.2,-6.65606e+06
2684.3,-6.65629e+06
2684.4,-6.65651e+06
2684.5,-6.65673e+06
2684.6,-6.65695e+06
2684.7,-6.65718e+06
2684.8,-6.6574e+06
2684.9,-6.65762e+06
2685,-6.65784e+06
2685.1,-6.65807e+06
2685.2,-6.65829e+06
2685.3,-6.65851e+06
2685.4,-6.65873e+06
2685.5,-6.65896e+06
2685.6,-6.65918e+06
2685.7,-6.6594e+06
2685.8,-6.65962e+06
2685.9,-6.65984e+06
2686,-6.66006e+06
2686.1,-6.66029e+06
2686.2,-6.66051e+06
2686.3,-6.66073e+06
2686.4,-6.66095e+06
2686.5,-6.66117e+06
2686.6,-6.66139e+06
2686.7,-6.66161e+06
2686.8,-6.66183e+06
2686.9,-6.66206e+06
2687,-6.66228e+06
2687.1,-6.6625e+06
2687.2,-6.66272e+06
2687.3,-6.66294e+06
2687.4,-6.66316e+06
2687.5,-6.66338e+06
2687.6,-6.6636e+06
2687.7,-6.66382e+06
2687.8,-6.66404e+06
2687.9,-6.66426e+06
2688,-6.66448e+06
2688.1,-6.6647e+06
2688.2,-6.66492e+06
2688.3,-6.66514e+06
2688.4,-6.66536e+06
2688.5,-6.66558e+06
2688.6,-6.6658e+06
2688.7,-6.66602e+06
2688.8,-6.66624e+06
2688.9,-6.66646e+06
2689,-6.66668e+06
2689.1,-6.6669e+06
2689.2,-6.66712e+06
2689.3,-6.66733e+06
2689.4,-6.66755e+06
2689.5,-6.66777e+06
2689.6,-6.66799e+06
2689.7,-6.66821e+06
2689.8,-6.66843e+06
2689.9,-6.66865e+06
2690,-6.66886e+06
2690.1,-6.66908e+06
2690.2,-6.6693e+06
2690.3,-6.66952e+06
2690.4,-6.66974e+06
2690.5,-6.66996e+06
2690.6,-6.67017e+06
2690.7,-6.67039e+06
2690.8,-6.67061e+06
2690.9,-6.67083e+06
2691,-6.67105e+06
2691.1,-6.67126e+06
2691.2,-6.67148e+06
2691.3,-6.6717e+06
2691.4,-6.67192e+06
2691.5,-6.67213e+06
2691.6,-6.67235e+06
2691.7,-6.67257e+06
2691.8,-6.67278e+06
2691.9,-6.673e+06
2692,-6.67322e+06
2692.1,-6.67344e+06
2692.2,-6.67365e+06
2692.3,-6.67387e+06
2692.4,-6.67408e+06
2692.5,-6.6743e+06
2692.6,-6.67452e+06
2692.7,-6.67473e+06
2692.8,-6.67495e+06
2692.9,-6.67517e+06
2693,-6.67538e+06
2693.1,-6.6756e+06
2693.2,-6.67581e+06
2693.3,-6.67603e+06
2693.4,-6.67625e+06
2693.5,-6.67646e+06
2693.6,-6.67668e+06
2693.7,-6.67689e+06
2693.8,-6.67711e+06
2693.9,-6.67732e+06
2694,-6.67754e+06
2694.1,-6.67775e+06
2694.2,-6.67797e+06
2694.3,-6.67818e+06
2694.4,-6.6784e+06
2694.5,-6.67861e+06
2694.6,-6.67883e+06
2694.7,-6.67904e+06
2694.8,-6.67926e+06
2694.9,-6.67947e+06
2695,-6.67969e+06
2695.1,-6.6799e+06
2695.2,-6.68012e+06
2695.3,-6.68033e+06
2695.4,-6.68055e+06
2695.5,-6.68076e+06
2695.6,-6.68097e+06
2695.7,-6.68119e+06
2695.8,-6.6814e+06
2695.9,-6.68162e+06
2696,-6.68183e+06
2696.1,-6.68204e+06
2696.2,-6.68226e+06
2696.3,-6.68247e+06
2696.4,-6.68268e+06
2696.5,-6.6829e+06
2696.6,-6.68311e+06
2696.7,-6.68332e+06
2696.8,-6.68354e+06
2696.9,-6.68375e+06
2697,-6.68396e+06
2697.1,-6.68418e+06
2697.2,-6.68439e+06
2697.3,-6.6846e+06
2697.4,-6.68481e+06
2697.5,-6.68503e+06
2697.6,-6.68524e+06
2697.7,-6.68545e+06
2697.8,-6.68566e+06
2697.9,-6.68588e+06
2698,-6.68609e+06
2698.1,-6.6863e+06
2698.2,-6.68651e+06
2698.3,-6.68672e+06
2698.4,-6.68694e+06
2698.5,-6.68715e+06
2698.6,-6.68736e+06
2698.7,-6.68757e+06
2698.8,-6.68778e+06
2698.9,-6.68799e+06
2699,-6.6882e+06
2699.1,-6.68842e+06
2699.2,-6.68863e+06
2699.3,-6.68884e+06
2699.4,-6.68905e+06
2699.5,-6.68926e+06
2699.6,-6.68947e+06
2699.7,-6.68968e+06
2699.8,-6.68989e+06
2699.9,-6.6901e+06
2700,-6.69031e+06
2700.1,-6.69052e+06
2700.2,-6.69073e+06
2700.3,-6.69094e+06
2700.4,-6.69116e+06
2700.5,-6.69137e+06
2700.6,-6.69158e+06
2700.7,-6.69179e+06
2700.8,-6.692e+06
2700.9,-6.69221e+06
2701,-6.69242e+06
2701.1,-6.69262e+06
2701.2,-6.69283e+06
2701.3,-6.69304e+06
2701.4,-6.69325e+06
2701.5,-6.69346e+06
2701.6,-6.69367e+06
2701.7,-6.69388e+06
2701.8,-6.69409e+06
2701.9,-6.6943e+06
2702,-6.69451e+06
2702.1,-6.69472e+06
2702.2,-6.69493e+06
2702.3,-6.69514e+06
2702.4,-6.69534e+06
2702.5,-6.69555e+06
2702.6,-6.69576e+06
2702.7,-6.69597e+06
2702.8,-6.69618e+06
2702.9,-6.69639e+06
2703,-6.69659e+06
2703.1,-6.6968e+06
2703.2,-6.69701e+06
2703.3,-6.69722e+06
2703.4,-6.69743e+06
2703.5,-6.69763e+06
2703.6,-6.69784e+06
2703.7,-6.69805e+06
2703.8,-6.69826e+06
2703.9,-6.69846e+06
2704,-6.69867e+06
2704.1,-6.69888e+06
2704.2,-6.69909e+06
2704.3,-6.69929e+06
2704.4,-6.6995e+06
2704.5,-6.69971e+06
2704.6,-6.69992e+06
2704.7,-6.70012e+06
2704.8,-6.70033e+06
2704.9,-6.70054e+06
2705,-6.70074e+06
2705.1,-6.70095e+06
2705.2,-6.70116e+06
2705.3,-6.70136e+06
2705.4,-6.70157e+06
2705.5,-6.70177e+06
2705.6,-6.70198e+06
2705.7,-6.70219e+06
2705.8,-6.70239e+06
2705.9,-6.7026e+06
2706,-6.7028e+06
2706.1,-6.70301e+06
2706.2,-6.70322e+06
2706.3,-6.70342e+06
2706.4,-6.70363e+06
2706.5,-6.70383e+06
2706.6,-6.70404e+06
2706.7,-6.70424e+06
2706.8,-6.70445e+06
2706.9,-6.70465e+06
2707,-6.70486e+06
2707.1,-6.70506e+06
2707.2,-6.70527e+06
2707.3,-6.70547e+06
2707.4,-6.70568e+06
2707.5,-6.70588e+06
2707.6,-6.70609e+06
2707.7,-6.70629e+06
2707.8,-6.7065e+06
2707.9,-6.7067e+06
2708,-6.7069e+06
2708.1,-6.70711e+06
2708.2,-6.70731e+06
2708.3,-6.70752e+06
2708.4,-6.70772e+06
2708.5,-6.70792e+06
2708.6,-6.70813e+06
2708.7,-6.70833e+06
2708.8,-6.70854e+06
2708.9,-6.70874e+06
2709,-6.70894e+06
2709.1,-6.70915e+06
2709.2,-6.70935e+06
2709.3,-6.70955e+06
2709.4,-6.70976e+06
2709.5,-6.70996e+06
2709.6,-6.71016e+06
2709.7,-6.71036e+06
2709.8,-6.71057e+06
2709.9,-6.71077e+06
2710,-6.71097e+06
2710.1,-6.71118e+06
2710.2,-6.71138e+06
2710.3,-6.71158e+06
2710.4,-6.71178e+06
2710.5,-6.71199e+06
2710.6,-6.71219e+06
2710.7,-6.71239e+06
2710.8,-6.71259e+06
2710.9,-6.71279e+06
2711,-6.713e+06
2711.1,-6.7132e+06
2711.2,-6.7134e+06
2711.3,-6.7136e+06
2711.4,-6.7138e+06
2711.5,-6.714e+06
2711.6,-6.7142e+06
2711.7,-6.71441e+06
2711.8,-6.71461e+06
2711.9,-6.71481e+06
2712,-6.71501e+06
2712.1,-6.71521e+06
2712.2,-6.71541e+06
2712.3,-6.71561e+06
2712.4,-6.71581e+06
2712.5,-6.71601e+06
2712.6,-6.71621e+06
2712.7,-6.71642e+06
2712.8,-6.71662e+06
2712.9,-6.71682e+06
2713,-6.71702e+06
2713.1,-6.71722e+06
2713.2,-6.71742e+06
2713.3,-6.71762e+06
2713.4,-6.71782e+06
2713.5,-6.71802e+06
2713.6,-6.71822e+06
2713.7,-6.71842e+06
2713.8,-6.71862e+06
2713.9,-6.71882e+06
2714,-6.71901e+06
2714.1,-6.71921e+06
2714.2,-6.71941e+06
2714.3,-6.71961e+06
2714.4,-6.71981e+06
2714.5,-6.72001e+06
2714.6,-6.72021e+06
2714.7,-6.72041e+06
2714.8,-6.72061e+06
2714.9,-6.72081e+06
2715,-6.72101e+06
2715.1,-6.7212e+06
2715.2,-6.7214e+06
2715.3,-6.7216e+06
2715.4,-6.7218e+06
2715.5,-6.722e+06
2715.6,-6.7222e+06
2715.7,-6.72239e+06
2715.8,-6.72259e+06
2715.9,-6.72279e+06
2716,-6.72299e+06
2716.1,-6.72319e+06
2716.2,-6.72338e+06
2716.3,-6.72358e+06
2716.4,-6.72378e+06
2716.5,-6.72398e+06
2716.6,-6.72417e+06
2716.7,-6.72437e+06
2716.8,-6.72457e+06
2716.9,-6.72477e+06
2717,-6.72496e+06
2717.1,-6.72516e+06
2717.2,-6.72536e+06
2717.3,-6.72555e+06
2717.4,-6.72575e+06
2717.5,-6.72595e+06
2717.6,-6.72614e+06
2717.7,-6.72634e+06
2717.8,-6.72654e+06
2717.9,-6.72673e+06
2718,-6.72693e+06
2718.1,-6.72713e+06
2718.2,-6.72732e+06
2718.3,-6.72752e+06
2718.4,-6.72771e+06
2718.5,-6.72791e+06
2718.6,-6.72811e+06
2718.7,-6.7283e+06
2718.8,-6.7285e+06
2718.9,-6.72869e+06
2719,-6.72889e+06
2719.1,-6.72908e+06
2719.2,-6.72928e+06
2719.3,-6.72948e+06
2719.4,-6.72967e+06
2719.5,-6.72986e+06
2719.6,-6.73006e+06
2719.7,-6.73026e+06
2719.8,-6.73045e+06
2719.9,-6.73064e+06
2720,-6.73084e+06
2720.1,-6.73103e+06
2720.2,-6.73123e+06
2720.3,-6.73142e+06
2720.4,-6.73162e+06
2720.5,-6.73181e+06
2720.6,-6.73201e+06
2720.7,-6.7322e+06
2720.8,-6.73239e+06
2720.9,-6.73259e+06
2721,-6.73278e+06
2721.1,-6.73298e+06
2721.2,-6.73317e+06
2721.3,-6.73336e+06
2721.4,-6.73356e+06
2721.5,-6.73375e+06
2721.6,-6.73394e+06
2721.7,-6.73414e+06
2721.8,-6.73433e+06
2721.9,-6.73452e+06
2722,-6.73472e+06
2722.1,-6.73491e+06
2722.2,-6.7351e+06
2722.3,-6.7353e+06
2722.4,-6.73549e+06
2722.5,-6.73568e+06
2722.6,-6.73587e+06
2722.7,-6.73607e+06
2722.8,-6.73626e+06
2722.9,-6.73645e+06
2723,-6.73664e+06
2723.1,-6.73684e+06
2723.2,-6.73703e+06
2723.3,-6.73722e+06
2723.4,-6.73741e+06
2723.5,-6.7376e+06
2723.6,-6.7378e+06
2723.7,-6.73799e+06
2723.8,-6.73818e+06
2723.9,-6.73837e+06
2724,-6.73856e+06
2724.1,-6.73876e+06
2724.2,-6.73895e+06
2724.3,-6.73914e+06
2724.4,-6.73933e+06
2724.5,-6.73952e+06
2724.6,-6.73971e+06
2724.7,-6.7399e+06
2724.8,-6.74009e+06
2724.9,-6.74028e+06
2725,-6.74048e+06
2725.1,-6.74067e+06
2725.2,-6.74086e+06
2725.3,-6.74105e+06
2725.4,-6.74124e+06
2725.5,-6.74143e+06
2725.6,-6.74162e+06
2725.7,-6.74181e+06
2725.8,-6.742e+06
2725.9,-6.74219e+06
2726,-6.74238e+06
2726.1,-6.74257e+06
2726.2,-6.74276e+06
2726.3,-6.74295e+06
2726.4,-6.74314e+06
2726.5,-6.74333e+06
2726.6,-6.74352e+06
2726.7,-6.74371e+06
2726.8,-6.7439e+06
2726.9,-6.74408e+06
2727,-6.74427e+06
2727.1,-6.74446e+06
2727.2,-6.74465e+06
2727.3,-6.74484e+06
2727.4,-6.74503e+06
2727.5,-6.74522e+06
2727.6,-6.74541e+06
2727.7,-6.7456e+06
2727.8,-6.74578e+06
2727.9,-6.74597e+06
2728,-6.74616e+06
2728.1,-6.74635e+06
2728.2,-6.74654e+06
2728.3,-6.74672e+06
2728.4,-6.74691e+06
2728.5,-6.7471e+06
2728.6,-6.74729e+06
2728.7,-6.74748e+06
2728.8,-6.74766e+06
2728.9,-6.74785e+06
2729,-6.74804e+06
2729.1,-6.74823e+06
2729.2,-6.74841e+06
2729.3,-6.7486e+06
2729.4,-6.74879e+06
2729.5,-6.74898e+06
2729.6,-6.74916e+06
2729.7,-6.74935e+06
2729.8,-6.74954e+06
2729.9,-6.74972e+06
2730,-6.74991e+06
2730.1,-6.7501e+06
2730.2,-6.75028e+06
2730.3,-6.75047e+06
2730.4,-6.75066e+06
2730.5,-6.75084e+06
2730.6,-6.75103e+06
2730.7,-6.75122e+06
2730.8,-6.7514e+06
2730.9,-6.75159e+06
2731,-6.75177e+06
2731.1,-6.75196e+06
2731.2,-6.75215e+06
2731.3,-6.75233e+06
2731.4,-6.75252e+06
2731.5,-6.7527e+06
2731.6,-6.75289e+06
2731.7,-6.75307e+06
2731.8,-6.75326e+06
2731.9,-6.75344e+06
2732,-6.75363e+06
2732.1,-6.75382e+06
2732.2,-6.754e+06
2732.3,-6.75418e+06
2732.4,-6.75437e+06
2732.5,-6.75456e+06
2732.6,-6.75474e+06
2732.7,-6.75492e+06
2732.8,-6.75511e+06
2732.9,-6.75529e+06
2733,-6.75548e+06
2733.1,-6.75566e+06
2733.2,-6.75585e+06
2733.3,-6.75603e+06
2733.4,-6.75621e+06
2733.5,-6.7564e+06
2733.6,-6.75658e+06
2733.7,-6.75677e+06
2733.8,-6.75695e+06
2733.9,-6.75713e+06
2734,-6.75732e+06
2734.1,-6.7575e+06
2734.2,-6.75768e+06
2734.3,-6.75787e+06
2734.4,-6.75805e+06
2734.5,-6.75823e+06
2734.6,-6.75842e+06
2734.7,-6.7586e+06
2734.8,-6.75878e+06
2734.9,-6.75897e+06
2735,-6.75915e+06
2735.1,-6.75933e+06
2735.2,-6.75951e+06
2735.3,-6.7597e+06
2735.4,-6.75988e+06
2735.5,-6.76006e+06
2735.6,-6.76024e+06
2735.7,-6.76043e+06
2735.8,-6.76061e+06
2735.9,-6.76079e+06
2736,-6.76097e+06
2736.1,-6.76115e+06
2736.2,-6.76134e+06
2736.3,-6.76152e+06
2736.4,-6.7617e+06
2736.5,-6.76188e+06
2736.6,-6.76206e+06
2736.7,-6.76224e+06
2736.8,-6.76242e+06
2736.9,-6.76261e+06
2737,-6.76279e+06
2737.1,-6.76297e+06
2737.2,-6.76315e+06
2737.3,-6.76333e+06
2737.4,-6.76351e+06
2737.5,-6.76369e+06
2737.6,-6.76387e+06
2737.7,-6.76405e+06
2737.8,-6.76423e+06
2737.9,-6.76441e+06
2738,-6.7646e+06
2738.1,-6.76478e+06
2738.2,-6.76496e+06
2738.3,-6.76514e+06
2738.4,-6.76532e+06
2738.5,-6.7655e+06
2738.6,-6.76568e+06
2738.7,-6.76586e+06
2738.8,-6.76604e+06
2738.9,-6.76622e+06
2739,-6.76639e+06
2739.1,-6.76657e+06
2739.2,-6.76675e+06
2739.3,-6.76693e+06
2739.4,-6.76711e+06
2739.5,-6.76729e+06
2739.6,-6.76747e+06
2739.7,-6.76765e+06
2739.8,-6.76783e+06
2739.9,-6.76801e+06
2740,-6.76819e+06
2740.1,-6.76836e+06
2740.2,-6.76854e+06
2740.3,-6.76872e+06
2740.4,-6.7689e+06
2740.5,-6.76908e+06
2740.6,-6.76926e+06
2740.7,-6.76944e+06
2740.8,-6.76961e+06
2740.9,-6.76979e+06
2741,-6.76997e+06
2741.1,-6.77015e+06
2741.2,-6.77033e+06
2741.3,-6.7705e+06
2741.4,-6.77068e+06
2741.5,-6.77086e+06
2741.6,-6.77104e+06
2741.7,-6.77121e+06
2741.8,-6.77139e+06
2741.9,-6.77157e+06
2742,-6.77175e+06
2742.1,-6.77192e+06
2742.2,-6.7721e+06
2742.3,-6.77228e+06
2742.4,-6.77245e+06
2742.5,-6.77263e+06
2742.6,-6.77281e+06
2742.7,-6.77298e+06
2742.8,-6.77316e+06
2742.9,-6.77334e+06
2743,-6.77351e+06
2743.1,-6.77369e+06
2743.2,-6.77387e+06
2743.3,-6.77404e+06
2743.4,-6.77422e+06
2743.5,-6.77439e+06
2743.6,-6.77457e+06
2743.7,-6.77475e+06
2743.8,-6.77492e+06
2743.9,-6.7751e+06
2744,-6.77527e+06
2744.1,-6.77545e+06
2744.2,-6.77562e+06
2744.3,-6.7758e+06
2744.4,-6.77597e+06
2744.5,-6.77615e+06
2744.6,-6.77632e+06
2744.7,-6.7765e+06
2744.8,-6.77667e+06
2744.9,-6.77685e+06
2745,-6.77702e+06
2745.1,-6.7772e+06
2745.2,-6.77737e+06
2745.3,-6.77755e+06
2745.4,-6.77772e+06
2745.5,-6.7779e+06
2745.6,-6.77807e+06
2745.7,-6.77825e+06
2745.8,-6.77842e+06
2745.9,-6.77859e+06
2746,-6.77877e+06
2746.1,-6.77894e+06
2746.2,-6.77912e+06
2746.3,-6.77929e+06
2746.4,-6.77946e+06
2746.5,-6.77964e+06
2746.6,-6.77981e+06
2746.7,-6.77998e+06
2746.8,-6.78016e+06
2746.9,-6.78033e+06
2747,-6.7805e+06
2747.1,-6.78068e+06
2747.2,-6.78085e+06
2747.3,-6.78102e+06
2747.4,-6.7812e+06
2747.5,-6.78137e+06
2747.6,-6.78154e+06
2747.7,-6.78171e+06
2747.8,-6.78189e+06
2747.9,-6.78206e+06
2748,-6.78223e+06
2748.1,-6.7824e+06
2748.2,-6.78258e+06
2748.3,-6.78275e+06
2748.4,-6.78292e+06
2748.5,-6.78309e+06
2748.6,-6.78326e+06
2748.7,-6.78344e+06
2748.8,-6.78361e+06
2748.9,-6.78378e+06
2749,-6.78395e+06
2749.1,-6.78412e+06
2749.2,-6.78429e+06
2749.3,-6.78446e+06
2749.4,-6.78464e+06
2749.5,-6.78481e+06
2749.6,-6.78498e+06
2749.7,-6.78515e+06
2749.8,-6.78532e+06
2749.9,-6.78549e+06
2750,-6.78566e+06
2750.1,-6.78583e+06
2750.2,-6.786e+06
2750.3,-6.78617e+06
2750.4,-6.78634e+06
2750.5,-6.78652e+06
2750.6,-6.78669e+06
2750.7,-6.78686e+06
2750.8,-6.78703e+06
2750.9,-6.7872e+06
2751,-6.78737e+06
2751.1,-6.78754e+06
2751.2,-6.78771e+06
2751.3,-6.78788e+06
2751.4,-6.78804e+06
2751.5,-6.78821e+06
2751.6,-6.78838e+06
2751.7,-6.78855e+06
2751.8,-6.78872e+06
2751.9,-6.78889e+06
2752,-6.78906e+06
2752.1,-6.78923e+06
2752.2,-6.7894e+06
2752.3,-6.78957e+06
2752.4,-6.78974e+06
2752.5,-6.78991e+06
2752.6,-6.79008e+06
2752.7,-6.79024e+06
2752.8,-6.79041e+06
2752.9,-6.79058e+06
2753,-6.79075e+06
2753.1,-6.79092e+06
2753.2,-6.79109e+06
2753.3,-6.79125e+06
2753.4,-6.79142e+06
2753.5,-6.79159e+06
2753.6,-6.79176e+06
2753.7,-6.79193e+06
2753.8,-6.79209e+06
2753.9,-6.79226e+06
2754,-6.79243e+06
2754.1,-6.7926e+06
2754.2,-6.79276e+06
2754.3,-6.79293e+06
2754.4,-6.7931e+06
2754.5,-6.79326e+06
2754.6,-6.79343e+06
2754.7,-6.7936e+06
2754.8,-6.79377e+06
2754.9,-6.79393e+06
2755,-6.7941e+06
2755.1,-6.79427e+06
2755.2,-6.79443e+06
2755.3,-6.7946e+06
2755.4,-6.79477e+06
2755.5,-6.79493e+06
2755.6,-6.7951e+06
2755.7,-6.79526e+06
2755.8,-6.79543e+06
2755.9,-6.7956e+06
2756,-6.79576e+06
2756.1,-6.79593e+06
2756.2,-6.7961e+06
2756.3,-6.79626e+06
2756.4,-6.79643e+06
2756.5,-6.79659e+06
2756.6,-6.79676e+06
2756.7,-6.79692e+06
2756.8,-6.79709e+06
2756.9,-6.79725e+06
2757,-6.79742e+06
2757.1,-6.79758e+06
2757.2,-6.79775e+06
2757.3,-6.79791e+06
2757.4,-6.79808e+06
2757.5,-6.79824e+06
2757.6,-6.79841e+06
2757.7,-6.79857e+06
2757.8,-6.79874e+06
2757.9,-6.7989e+06
2758,-6.79907e+06
2758.1,-6.79923e+06
2758.2,-6.79939e+06
2758.3,-6.79956e+06
2758.4,-6.79972e+06
2758.5,-6.79989e+06
2758.6,-6.80005e+06
2758.7,-6.80021e+06
2758.8,-6.80038e+06
2758.9,-6.80054e+06
2759,-6.8007e+06
2759.1,-6.80087e+06
2759.2,-6.80103e+06
2759.3,-6.8012e+06
2759.4,-6.80136e+06
2759.5,-6.80152e+06
2759.6,-6.80168e+06
2759.7,-6.80185e+06
2759.8,-6.80201e+06
2759.9,-6.80217e+06
2760,-6.80234e+06
2760.1,-6.8025e+06
2760.2,-6.80266e+06
2760.3,-6.80282e+06
2760.4,-6.80299e+06
2760.5,-6.80315e+06
2760.6,-6.80331e+06
2760.7,-6.80347e+06
2760.8,-6.80364e+06
2760.9,-6.8038e+06
2761,-6.80396e+06
2761.1,-6.80412e+06
2761.2,-6.80428e+06
2761.3,-6.80445e+06
2761.4,-6.80461e+06
2761.5,-6.80477e+06
2761.6,-6.80493e+06
2761.7,-6.80509e+06
2761.8,-6.80525e+06
2761.9,-6.80541e+06
2762,-6.80558e+06
2762.1,-6.80574e+06
2762.2,-6.8059e+06
2762.3,-6.80606e+06
2762.4,-6.80622e+06
2762.5,-6.80638e+06
2762.6,-6.80654e+06
2762.7,-6.8067e+06
2762.8,-6.80686e+06
2762.9,-6.80702e+06
2763,-6.80718e+06
2763.1,-6.80734e+06
2763.2,-6.8075e+06
2763.3,-6.80766e+06
2763.4,-6.80782e+06
2763.5,-6.80798e+06
2763.6,-6.80814e+06
2763.7,-6.8083e+06
2763.8,-6.80846e+06
2763.9,-6.80862e+06
2764,-6.80878e+06
2764.1,-6.80894e+06
2764.2,-6.8091e+06
2764.3,-6.80926e+06
2764.4,-6.80942e+06
2764.5,-6.80958e+06
2764.6,-6.80974e+06
2764.7,-6.8099e+06
2764.8,-6.81006e+06
2764.9,-6.81021e+06
2765,-6.81037e+06
2765.1,-6.81053e+06
2765.2,-6.81069e+06
2765.3,-6.81085e+06
2765.4,-6.81101e+06
2765.5,-6.81117e+06
2765.6,-6.81132e+06
2765.7,-6.81148e+06
2765.8,-6.81164e+06
2765.9,-6.8118e+06
2766,-6.81196e+06
2766.1,-6.81211e+06
2766.2,-6.81227e+06
2766.3,-6.81243e+06
2766.4,-6.81259e+06
2766.5,-6.81274e+06
2766.6,-6.8129e+06
2766.7,-6.81306e+06
2766.8,-6.81322e+06
2766.9,-6.81337e+06
2767,-6.81353e+06
2767.1,-6.81369e+06
2767.2,-6.81384e+06
2767.3,-6.814e+06
2767.4,-6.81416e+06
2767.5,-6.81432e+06
2767.6,-6.81447e+06
2767.7,-6.81463e+06
2767.8,-6.81478e+06
2767.9,-6.81494e+06
2768,-6.8151e+06
2768.1,-6.81525e+06
2768.2,-6.81541e+06
2768.3,-6.81557e+06
2768.4,-6.81572e+06
2768.5,-6.81588e+06
2768.6,-6.81603e+06
2768.7,-6.81619e+06
2768.8,-6.81635e+06
2768.9,-6.8165e+06
2769,-6.81666e+06
2769.1,-6.81681e+06
2769.2,-6.81697e+06
2769.3,-6.81712e+06
2769.4,-6.81728e+06
2769.5,-6.81743e+06
2769.6,-6.81759e+06
2769.7,-6.81774e+06
2769.8,-6.8179e+06
2769.9,-6.81805e+06
2770,-6.81821e+06
2770.1,-6.81836e+06
2770.2,-6.81852e+06
2770.3,-6.81867e+06
2770.4,-6.81883e+06
2770.5,-6.81898e+06
2770.6,-6.81913e+06
2770.7,-6.81929e+06
2770.8,-6.81944e+06
2770.9,-6.8196e+06
2771,-6.81975e+06
2771.1,-6.8199e+06
2771.2,-6.82006e+06
2771.3,-6.82021e+06
2771.4,-6.82037e+06
2771.5,-6.82052e+06
2771.6,-6.82067e+06
2771.7,-6.82083e+06
2771.8,-6.82098e+06
2771.9,-6.82113e+06
2772,-6.82129e+06
2772.1,-6.82144e+06
2772.2,-6.82159e+06
2772.3,-6.82174e+06
2772.4,-6.8219e+06
2772.5,-6.82205e+06
2772.6,-6.8222e+06
2772.7,-6.82236e+06
2772.8,-6.82251e+06
2772.9,-6.82266e+06
2773,-6.82281e+06
2773.1,-6.82296e+06
2773.2,-6.82312e+06
2773.3,-6.82327e+06
2773.4,-6.82342e+06
2773.5,-6.82357e+06
2773.6,-6.82372e+06
2773.7,-6.82388e+06
2773.8,-6.82403e+06
2773.9,-6.82418e+06
2774,-6.82433e+06
2774.1,-6.82448e+06
2774.2,-6.82463e+06
2774.3,-6.82479e+06
2774.4,-6.82494e+06
2774.5,-6.82509e+06
2774.6,-6.82524e+06
2774.7,-6.82539e+06
2774.8,-6.82554e+06
2774.9,-6.82569e+06
2775,-6.82584e+06
2775.1,-6.82599e+06
2775.2,-6.82614e+06
2775.3,-6.82629e+06
2775.4,-6.82644e+06
2775.5,-6.82659e+06
2775.6,-6.82674e+06
2775.7,-6.82689e+06
2775.8,-6.82704e+06
2775.9,-6.82719e+06
2776,-6.82734e+06
2776.1,-6.82749e+06
2776.2,-6.82764e+06
2776.3,-6.82779e+06
2776.4,-6.82794e+06
2776.5,-6.82809e+06
2776.6,-6.82824e+06
2776.7,-6.82839e+06
2776.8,-6.82854e+06
2776.9,-6.82869e+06
2777,-6.82884e+06
2777.1,-6.82899e+06
2777.2,-6.82914e+06
2777.3,-6.82929e+06
2777.4,-6.82944e+06
2777.5,-6.82958e+06
2777.6,-6.82973e+06
2777.7,-6.82988e+06
2777.8,-6.83003e+06
2777.9,-6.83018e+06
2778,-6.83033e+06
2778.1,-6.83047e+06
2778.2,-6.83062e+06
2778.3,-6.83077e+06
2778.4,-6.83092e+06
2778.5,-6.83107e+06
2778.6,-6.83121e+06
2778.7,-6.83136e+06
2778.8,-6.83151e+06
2778.9,-6.83166e+06
2779,-6.8318e+06
2779.1,-6.83195e+06
2779.2,-6.8321e+06
2779.3,-6.83225e+06
2779.4,-6.83239e+06
2779.5,-6.83254e+06
2779.6,-6.83269e+06
2779.7,-6.83283e+06
2779.8,-6.83298e+06
2779.9,-6.83313e+06
2780,-6.83327e+06
2780.1,-6.83342e+06
2780.2,-6.83357e+06
2780.3,-6.83371e+06
2780.4,-6.83386e+06
2780.5,-6.83401e+06
2780.6,-6.83415e+06
2780.7,-6.8343e+06
2780.8,-6.83444e+06
2780.9,-6.83459e+06
2781,-6.83474e+06
2781.1,-6.83488e+06
2781.2,-6.83503e+06
2781.3,-6.83517e+06
2781.4,-6.83532e+06
2781.5,-6.83546e+06
2781.6,-6.83561e+06
2781.7,-6.83576e+06
2781.8,-6.8359e+06
2781.9,-6.83605e+06
2782,-6.83619e+06
2782.1,-6.83634e+06
2782.2,-6.83648e+06
2782.3,-6.83663e+06
2782.4,-6.83677e+06
2782.5,-6.83692e+06
2782.6,-6.83706e+06
2782.7,-6.8372e+06
2782.8,-6.83735e+06
2782.9,-6.83749e+06
2783,-6.83764e+06
2783.1,-6.83778e+06
2783.2,-6.83793e+06
2783.3,-6.83807e+06
2783.4,-6.83821e+06
2783.5,-6.83836e+06
2783.6,-6.8385e+06
2783.7,-6.83864e+06
2783.8,-6.83879e+06
2783.9,-6.83893e+06
2784,-6.83908e+06
2784.1,-6.83922e+06
2784.2,-6.83936e+06
2784.3,-6.83951e+06
2784.4,-6.83965e+06
2784.5,-6.83979e+06
2784.6,-6.83993e+06
2784.7,-6.84008e+06
2784.8,-6.84022e+06
2784.9,-6.84036e+06
2785,-6.84051e+06
2785.1,-6.84065e+06
2785.2,-6.84079e+06
2785.3,-6.84093e+06
2785.4,-6.84108e+06
2785.5,-6.84122e+06
2785.6,-6.84136e+06
2785.7,-6.8415e+06
2785.8,-6.84164e+06
2785.9,-6.84179e+06
2786,-6.84193e+06
2786.1,-6.84207e+06
2786.2,-6.84221e+06
2786.3,-6.84235e+06
2786.4,-6.84249e+06
2786.5,-6.84264e+06
2786.6,-6.84278e+06
2786.7,-6.84292e+06
2786.8,-6.84306e+06
2786.9,-6.8432e+06
2787,-6.84334e+06
2787.1,-6.84348e+06
2787.2,-6.84362e+06
2787.3,-6.84376e+06
2787.4,-6.8439e+06
2787.5,-6.84404e+06
2787.6,-6.84419e+06
2787.7,-6.84433e+06
2787.8,-6.84447e+06
2787.9,-6.84461e+06
2788,-6.84475e+06
2788.1,-6.84489e+06
2788.2,-6.84503e+06
2788.3,-6.84517e+06
2788.4,-6.84531e+06
2788.5,-6.84545e+06
2788.6,-6.84559e+06
2788.7,-6.84573e+06
2788.8,-6.84587e+06
2788.9,-6.846e+06
2789,-6.84614e+06
2789.1,-6.84628e+06
2789.2,-6.84642e+06
2789.3,-6.84656e+06
2789.4,-6.8467e+06
2789.5,-6.84684e+06
2789.6,-6.84698e+06
2789.7,-6.84712e+06
2789.8,-6.84726e+06
2789.9,-6.8474e+06
2790,-6.84753e+06
2790.1,-6.84767e+06
2790.2,-6.84781e+06
2790.3,-6.84795e+06
2790.4,-6.84809e+06
2790.5,-6.84823e+06
2790.6,-6.84836e+06
2790.7,-6.8485e+06
2790.8,-6.84864e+06
2790.9,-6.84878e+06
2791,-6.84892e+06
2791.1,-6.84905e+06
2791.2,-6.84919e+06
2791.3,-6.84933e+06
2791.4,-6.84947e+06
2791.5,-6.8496e+06
2791.6,-6.84974e+06
2791.7,-6.84988e+06
2791.8,-6.85002e+06
2791.9,-6.85015e+06
2792,-6.85029e+06
2792.1,-6.85043e+06
2792.2,-6.85056e+06
2792.3,-6.8507e+06
2792.4,-6.85084e+06
2792.5,-6.85097e+06
2792.6,-6.85111e+06
2792.7,-6.85125e+06
2792.8,-6.85138e+06
2792.9,-6.85152e+06
2793,-6.85165e+06
2793.1,-6.85179e+06
2793.2,-6.85193e+06
2793.3,-6.85206e+06
2793.4,-6.8522e+06
2793.5,-6.85233e+06
2793.6,-6.85247e+06
2793.7,-6.85261e+06
2793.8,-6.85274e+06
2793.9,-6.85288e+06
2794,-6.85301e+06
2794.1,-6.85315e+06
2794.2,-6.85328e+06
2794.3,-6.85342e+06
2794.4,-6.85355e+06
2794.5,-6.85369e+06
2794.6,-6.85382e+06
2794.7,-6.85396e+06
2794.8,-6.85409e+06
2794.9,-6.85423e+06
2795,-6.85436e+06
2795.1,-6.8545e+06
2795.2,-6.85463e+06
2795.3,-6.85476e+06
2795.4,-6.8549e+06
2795.5,-6.85503e+06
2795.6,-6.85517e+06
2795.7,-6.8553e+06
2795.8,-6.85543e+06
2795.9,-6.85557e+06
2796,-6.8557e+06
2796.1,-6.85584e+06
2796.2,-6.85597e+06
2796.3,-6.8561e+06
2796.4,-6.85624e+06
2796.5,-6.85637e+06
2796.6,-6.8565e+06
2796.7,-6.85664e+06
2796.8,-6.85677e+06
2796.9,-6.8569e+06
2797,-6.85704e+06
2797.1,-6.85717e+06
2797.2,-6.8573e+06
2797.3,-6.85743e+06
2797.4,-6.85757e+06
2797.5,-6.8577e+06
2797.6,-6.85783e+06
2797.7,-6.85796e+06
2797.8,-6.8581e+06
2797.9,-6.85823e+06
2798,-6.85836e+06
2798.1,-6.85849e+06
2798.2,-6.85862e+06
2798.3,-6.85876e+06
2798.4,-6.85889e+06
2798.5,-6.85902e+06
2798.6,-6.85915e+06
2798.7,-6.85928e+06
2798.8,-6.85941e+06
2798.9,-6.85955e+06
2799,-6.85968e+06
2799.1,-6.85981e+06
2799.2,-6.85994e+06
2799.3,-6.86007e+06
2799.4,-6.8602e+06
2799.5,-6.86033e+06
2799.6,-6.86046e+06
2799.7,-6.86059e+06
2799.8,-6.86072e+06
2799.9,-6.86085e+06
2800,-6.86098e+06
2800.1,-6.86112e+06
2800.2,-6.86125e+06
2800.3,-6.86138e+06
2800.4,-6.86151e+06
2800.5,-6.86164e+06
2800.6,-6.86177e+06
2800.7,-6.8619e+06
2800.8,-6.86203e+06
2800.9,-6.86216e+06
2801,-6.86229e+06
2801.1,-6.86242e+06
2801.2,-6.86254e+06
2801.3,-6.86267e+06
2801.4,-6.8628e+06
2801.5,-6.86293e+06
2801.6,-6.86306e+06
2801.7,-6.86319e+06
2801.8,-6.86332e+06
2801.9,-6.86345e+06
2802,-6.86358e+06
2802.1,-6.86371e+06
2802.2,-6.86384e+06
2802.3,-6.86396e+06
2802.4,-6.86409e+06
2802.5,-6.86422e+06
2802.6,-6.86435e+06
2802.7,-6.86448e+06
2802.8,-6.86461e+06
2802.9,-6.86473e+06
2803,-6.86486e+06
2803.1,-6.86499e+06
2803.2,-6.86512e+06
2803.3,-6.86525e+06
2803.4,-6.86537e+06
2803.5,-6.8655e+06
2803.6,-6.86563e+06
2803.7,-6.86576e+06
2803.8,-6.86588e+06
2803.9,-6.86601e+06
2804,-6.86614e+06
2804.1,-6.86627e+06
2804.2,-6.86639e+06
2804.3,-6.86652e+06
2804.4,-6.86665e+06
2804.5,-6.86677e+06
2804.6,-6.8669e+06
2804.7,-6.86703e+06
2804.8,-6.86715e+06
2804.9,-6.86728e+06
2805,-6.86741e+06
2805.1,-6.86753e+06
2805.2,-6.86766e+06
2805.3,-6.86779e+06
2805.4,-6.86791e+06
2805.5,-6.86804e+06
2805.6,-6.86816e+06
2805.7,-6.86829e+06
2805.8,-6.86842e+06
2805.9,-6.86854e+06
2806,-6.86867e+06
2806.1,-6.86879e+06
2806.2,-6.86892e+06
2806.3,-6.86904e+06
2806.4,-6.86917e+06
2806.5,-6.86929e+06
2806.6,-6.86942e+06
2806.7,-6.86954e+06
2806.8,-6.86967e+06
2806.9,-6.86979e+06
2807,-6.86992e+06
2807.1,-6.87004e+06
2807.2,-6.87017e+06
2807.3,-6.87029e+06
2807.4,-6.87042e+06
2807.5,-6.87054e+06
2807.6,-6.87067e+06
2807.7,-6.87079e+06
2807.8,-6.87092e+06
2807.9,-6.87104e+06
2808,-6.87116e+06
2808.1,-6.87129e+06
2808.2,-6.87141e+06
2808.3,-6.87154e+06
2808.4,-6.87166e+06
2808.5,-6.87178e+06
2808.6,-6.87191e+06
2808.7,-6.87203e+06
2808.8,-6.87215e+06
2808.9,-6.87228e+06
2809,-6.8724e+06
2809.1,-6.87252e+06
2809.2,-6.87265e+06
2809.3,-6.87277e+06
2809.4,-6.87289e+06
2809.5,-6.87301e+06
2809.6,-6.87314e+06
2809.7,-6.87326e+06
2809.8,-6.87338e+06
2809.9,-6.8735e+06
2810,-6.87363e+06
2810.1,-6.87375e+06
2810.2,-6.87387e+06
2810.3,-6.87399e+06
2810.4,-6.87412e+06
2810.5,-6.87424e+06
2810.6,-6.87436e+06
2810.7,-6.87448e+06
2810.8,-6.8746e+06
2810.9,-6.87472e+06
2811,-6.87485e+06
2811.1,-6.87497e+06
2811.2,-6.87509e+06
2811.3,-6.87521e+06
2811.4,-6.87533e+06
2811.5,-6.87545e+06
2811.6,-6.87557e+06
2811.7,-6.8757e+06
2811.8,-6.87582e+06
2811.9,-6.87594e+06
2812,-6.87606e+06
2812.1,-6.87618e+06
2812.2,-6.8763e+06
2812.3,-6.87642e+06
2812.4,-6.87654e+06
2812.5,-6.87666e+06
2812.6,-6.87678e+06
2812.7,-6.8769e+06
2812.8,-6.87702e+06
2812.9,-6.87714e+06
2813,-6.87726e+06
2813.1,-6.87738e+06
2813.2,-6.8775e+06
2813.3,-6.87762e+06
2813.4,-6.87774e+06
2813.5,-6.87786e+06
2813.6,-6.87798e+06
2813.7,-6.8781e+06
2813.8,-6.87822e+06
2813.9,-6.87834e+06
2814,-6.87846e+06
2814.1,-6.87858e+06
2814.2,-6.87869e+06
2814.3,-6.87881e+06
2814.4,-6.87893e+06
2814.5,-6.87905e+06
2814.6,-6.87917e+06
2814.7,-6.87929e+06
2814.8,-6.87941e+06
2814.9,-6.87952e+06
2815,-6.87964e+06
2815.1,-6.87976e+06
2815.2,-6.87988e+06
2815.3,-6.88e+06
2815.4,-6.88012e+06
2815.5,-6.88023e+06
2815.6,-6.88035e+06
2815.7,-6.88047e+06
2815.8,-6.88059e+06
2815.9,-6.8807e+06
2816,-6.88082e+06
2816.1,-6.88094e+06
2816.2,-6.88106e+06
2816.3,-6.88118e+06
2816.4,-6.88129e+06
2816.5,-6.88141e+06
2816.6,-6.88153e+06
2816.7,-6.88164e+06
2816.8,-6.88176e+06
2816.9,-6.88188e+06
2817,-6.88199e+06
2817.1,-6.88211e+06
2817.2,-6.88223e+06
2817.3,-6.88234e+06
2817.4,-6.88246e+06
2817.5,-6.88258e+06
2817.6,-6.88269e+06
2817.7,-6.88281e+06
2817.8,-6.88292e+06
2817.9,-6.88304e+06
2818,-6.88316e+06
2818.1,-6.88327e+06
2818.2,-6.88339e+06
2818.3,-6.8835e+06
2818.4,-6.88362e+06
2818.5,-6.88373e+06
2818.6,-6.88385e+06
2818.7,-6.88396e+06
2818.8,-6.88408e+06
2818.9,-6.8842e+06
2819,-6.88431e+06
2819.1,-6.88443e+06
2819.2,-6.88454e+06
2819.3,-6.88466e+06
2819.4,-6.88477e+06
2819.5,-6.88488e+06
2819.6,-6.885e+06
2819.7,-6.88511e+06
2819.8,-6.88523e+06
2819.9,-6.88534e+06
2820,-6.88546e+06
2820.1,-6.88557e+06
2820.2,-6.88569e+06
2820.3,-6.8858e+06
2820.4,-6.88591e+06
2820.5,-6.88603e+06
2820.6,-6.88614e+06
2820.7,-6.88626e+06
2820.8,-6.88637e+06
2820.9,-6.88648e+06
2821,-6.8866e+06
2821.1,-6.88671e+06
2821.2,-6.88682e+06
2821.3,-6.88694e+06
2821.4,-6.88705e+06
2821.5,-6.88716e+06
2821.6,-6.88727e+06
2821.7,-6.88739e+06
2821.8,-6.8875e+06
2821.9,-6.88761e+06
2822,-6.88773e+06
2822.1,-6.88784e+06
2822.2,-6.88795e+06
2822.3,-6.88806e+06
2822.4,-6.88818e+06
2822.5,-6.88829e+06
2822.6,-6.8884e+06
2822.7,-6.88851e+06
2822.8,-6.88862e+06
2822.9,-6.88874e+06
2823,-6.88885e+06
2823.1,-6.88896e+06
2823.2,-6.88907e+06
2823.3,-6.88918e+06
2823.4,-6.88929e+06
2823.5,-6.88941e+06
2823.6,-6.88952e+06
2823.7,-6.88963e+06
2823.8,-6.88974e+06
2823.9,-6.88985e+06
2824,-6.88996e+06
2824.1,-6.89007e+06
2824.2,-6.89018e+06
2824.3,-6.89029e+06
2824.4,-6.8904e+06
2824.5,-6.89052e+06
2824.6,-6.89063e+06
2824.7,-6.89074e+06
2824.8,-6.89085e+06
2824.9,-6.89096e+06
2825,-6.89107e+06
2825.1,-6.89118e+06
2825.2,-6.89129e+06
2825.3,-6.8914e+06
2825.4,-6.89151e+06
2825.5,-6.89162e+06
2825.6,-6.89173e+06
2825.7,-6.89184e+06
2825.8,-6.89195e+06
2825.9,-6.89206e+06
2826,-6.89216e+06
2826.1,-6.89227e+06
2826.2,-6.89238e+06
2826.3,-6.89249e+06
2826.4,-6.8926e+06
2826.5,-6.89271e+06
2826.6,-6.89282e+06
2826.7,-6.89293e+06
2826.8,-6.89304e+06
2826.9,-6.89315e+06
2827,-6.89325e+06
2827.1,-6.89336e+06
2827.2,-6.89347e+06
2827.3,-6.89358e+06
2827.4,-6.89369e+06
2827.5,-6.8938e+06
2827.6,-6.8939e+06
2827.7,-6.89401e+06
2827.8,-6.89412e+06
2827.9,-6.89423e+06
2828,-6.89434e+06
2828.1,-6.89444e+06
2828.2,-6.89455e+06
2828.3,-6.89466e+06
2828.4,-6.89477e+06
2828.5,-6.89487e+06
2828.6,-6.89498e+06
2828.7,-6.89509e+06
2828.8,-6.8952e+06
2828.9,-6.8953e+06
2829,-6.89541e+06
2829.1,-6.89552e+06
2829.2,-6.89562e+06
2829.3,-6.89573e+06
2829.4,-6.89584e+06
2829.5,-6.89594e+06
2829.6,-6.89605e+06
2829.7,-6.89616e+06
2829.8,-6.89626e+06
2829.9,-6.89637e+06
2830,-6.89647e+06
2830.1,-6.89658e+06
2830.2,-6.89669e+06
2830.3,-6.89679e+06
2830.4,-6.8969e+06
2830.5,-6.897e+06
2830.6,-6.89711e+06
2830.7,-6.89721e+06
2830.8,-6.89732e+06
2830.9,-6.89743e+06
2831,-6.89753e+06
2831.1,-6.89764e+06
2831.2,-6.89774e+06
2831.3,-6.89785e+06
2831.4,-6.89795e+06
2831.5,-6.89806e+06
2831.6,-6.89816e+06
2831.7,-6.89827e+06
2831.8,-6.89837e+06
2831.9,-6.89848e+06
2832,-6.89858e+06
2832.1,-6.89868e+06
2832.2,-6.89879e+06
2832.3,-6.89889e+06
2832.4,-6.899e+06
2832.5,-6.8991e+06
2832.6,-6.89921e+06
2832.7,-6.89931e+06
2832.8,-6.89941e+06
2832.9,-6.89952e+06
2833,-6.89962e+06
2833.1,-6.89972e+06
2833.2,-6.89983e+06
2833.3,-6.89993e+06
2833.4,-6.90004e+06
2833.5,-6.90014e+06
2833.6,-6.90024e+06
2833.7,-6.90034e+06
2833.8,-6.90045e+06
2833.9,-6.90055e+06
2834,-6.90065e+06
2834.1,-6.90076e+06
2834.2,-6.90086e+06
2834.3,-6.90096e+06
2834.4,-6.90106e+06
2834.5,-6.90117e+06
2834.6,-6.90127e+06
2834.7,-6.90137e+06
2834.8,-6.90147e+06
2834.9,-6.90158e+06
2835,-6.90168e+06
2835.1,-6.90178e+06
2835.2,-6.90188e+06
2835.3,-6.90198e+06
2835.4,-6.90208e+06
2835.5,-6.90219e+06
2835.6,-6.90229e+06
2835.7,-6.90239e+06
2835.8,-6.90249e+06
2835.9,-6.90259e+06
2836,-6.90269e+06
2836.1,-6.9028e+06
2836.2,-6.9029e+06
2836.3,-6.903e+06
2836.4,-6.9031e+06
2836.5,-6.9032e+06
2836.6,-6.9033e+06
2836.7,-6.9034e+06
2836.8,-6.9035e+06
2836.9,-6.9036e+06
2837,-6.9037e+06
2837.1,-6.9038e+06
2837.2,-6.9039e+06
2837.3,-6.904e+06
2837.4,-6.9041e+06
2837.5,-6.9042e+06
2837.6,-6.9043e+06
2837.7,-6.9044e+06
2837.8,-6.9045e+06
2837.9,-6.9046e+06
2838,-6.9047e+06
2838.1,-6.9048e+06
2838.2,-6.9049e+06
2838.3,-6.905e+06
2838.4,-6.9051e+06
2838.5,-6.9052e+06
2838.6,-6.9053e+06
2838.7,-6.9054e+06
2838.8,-6.9055e+06
2838.9,-6.9056e+06
2839,-6.90569e+06
2839.1,-6.90579e+06
2839.2,-6.90589e+06
2839.3,-6.90599e+06
2839.4,-6.90609e+06
2839.5,-6.90619e+06
2839.6,-6.90628e+06
2839.7,-6.90638e+06
2839.8,-6.90648e+06
2839.9,-6.90658e+06
2840,-6.90668e+06
2840.1,-6.90678e+06
2840.2,-6.90687e+06
2840.3,-6.90697e+06
2840.4,-6.90707e+06
2840.5,-6.90717e+06
2840.6,-6.90726e+06
2840.7,-6.90736e+06
2840.8,-6.90746e+06
2840.9,-6.90756e+06
2841,-6.90765e+06
2841.1,-6.90775e+06
2841.2,-6.90785e+06
2841.3,-6.90794e+06
2841.4,-6.90804e+06
2841.5,-6.90814e+06
2841.6,-6.90823e+06
2841.7,-6.90833e+06
2841.8,-6.90843e+06
2841.9,-6.90852e+06
2842,-6.90862e+06
2842.1,-6.90872e+06
2842.2,-6.90881e+06
2842.3,-6.90891e+06
2842.4,-6.909e+06
2842.5,-6.9091e+06
2842.6,-6.9092e+06
2842.7,-6.90929e+06
2842.8,-6.90939e+06
2842.9,-6.90948e+06
2843,-6.90958e+06
2843.1,-6.90968e+06
2843.2,-6.90977e+06
2843.3,-6.90987e+06
2843.4,-6.90996e+06
2843.5,-6.91006e+06
2843.6,-6.91015e+06
2843.7,-6.91025e+06
2843.8,-6.91034e+06
2843.9,-6.91044e+06
2844,-6.91053e+06
2844.1,-6.91062e+06
2844.2,-6.91072e+06
2844.3,-6.91081e+06
2844.4,-6.91091e+06
2844.5,-6.911e+06
2844.6,-6.9111e+06
2844.7,-6.91119e+06
2844.8,-6.91128e+06
2844.9,-6.91138e+06
2845,-6.91147e+06
2845.1,-6.91157e+06
2845.2,-6.91166e+06
2845.3,-6.91175e+06
2845.4,-6.91185e+06
2845.5,-6.91194e+06
2845.6,-6.91204e+06
2845.7,-6.91213e+06
2845.8,-6.91222e+06
2845.9,-6.91232e+06
2846,-6.91241e+06
2846.1,-6.9125e+06
2846.2,-6.91259e+06
2846.3,-6.91269e+06
2846.4,-6.91278e+06
2846.5,-6.91287e+06
2846.6,-6.91296e+06
2846.7,-6.91306e+06
2846.8,-6.91315e+06
2846.9,-6.91324e+06
2847,-6.91334e+06
2847.1,-6.91343e+06
2847.2,-6.91352e+06
2847.3,-6.91361e+06
2847.4,-6.9137e+06
2847.5,-6.9138e+06
2847.6,-6.91389e+06
2847.7,-6.91398e+06
2847.8,-6.91407e+06
2847.9,-6.91416e+06
2848,-6.91425e+06
2848.1,-6.91434e+06
2848.2,-6.91444e+06
2848.3,-6.91453e+06
2848.4,-6.91462e+06
2848.5,-6.91471e+06
2848.6,-6.9148e+06
2848.7,-6.91489e+06
2848.8,-6.91498e+06
2848.9,-6.91507e+06
2849,-6.91516e+06
2849.1,-6.91525e+06
2849.2,-6.91534e+06
2849.3,-6.91543e+06
2849.4,-6.91552e+06
2849.5,-6.91562e+06
2849.6,-6.91571e+06
2849.7,-6.9158e+06
2849.8,-6.91589e+06
2849.9,-6.91598e+06
2850,-6.91607e+06
2850.1,-6.91616e+06
2850.2,-6.91624e+06
2850.3,-6.91633e+06
2850.4,-6.91642e+06
2850.5,-6.91651e+06
2850.6,-6.9166e+06
2850.7,-6.91669e+06
2850.8,-6.91678e+06
2850.9,-6.91687e+06
2851,-6.91696e+06
2851.1,-6.91705e+06
2851.2,-6.91714e+06
2851.3,-6.91723e+06
2851.4,-6.91732e+06
2851.5,-6.9174e+06
2851.6,-6.91749e+06
2851.7,-6.91758e+06
2851.8,-6.91767e+06
2851.9,-6.91776e+06
2852,-6.91785e+06
2852.1,-6.91793e+06
2852.2,-6.91802e+06
2852.3,-6.91811e+06
2852.4,-6.9182e+06
2852.5,-6.91829e+06
2852.6,-6.91837e+06
2852.7,-6.91846e+06
2852.8,-6.91855e+06
2852.9,-6.91864e+06
2853,-6.91872e+06
2853.1,-6.91881e+06
2853.2,-6.9189e+06
2853.3,-6.91898e+06
2853.4,-6.91907e+06
2853.5,-6.91916e+06
2853.6,-6.91925e+06
2853.7,-6.91933e+06
2853.8,-6.91942e+06
2853.9,-6.91951e+06
2854,-6.91959e+06
2854.1,-6.91968e+06
2854.2,-6.91976e+06
2854.3,-6.91985e+06
2854.4,-6.91994e+06
2854.5,-6.92002e+06
2854.6,-6.92011e+06
2854.7,-6.9202e+06
2854.8,-6.92028e+06
2854.9,-6.92037e+06
2855,-6.92045e+06
2855.1,-6.92054e+06
2855.2,-6.92062e+06
2855.3,-6.92071e+06
2855.4,-6.9208e+06
2855.5,-6.92088e+06
2855.6,-6.92097e+06
2855.7,-6.92105e+06
2855.8,-6.92114e+06
2855.9,-6.92122e+06
2856,-6.92131e+06
2856.1,-6.92139e+06
2856.2,-6.92148e+06
2856.3,-6.92156e+06
2856.4,-6.92165e+06
2856.5,-6.92173e+06
2856.6,-6.92182e+06
2856.7,-6.9219e+06
2856.8,-6.92198e+06
2856.9,-6.92207e+06
2857,-6.92215e+06
2857.1,-6.92224e+06
2857.2,-6.92232e+06
2857.3,-6.9224e+06
2857.4,-6.92249e+06
2857.5,-6.92257e+06
2857.6,-6.92266e+06
2857.7,-6.92274e+06
2857.8,-6.92282e+06
2857.9,-6.92291e+06
2858,-6.92299e+06
2858.1,-6.92307e+06
2858.2,-6.92316e+06
2858.3,-6.92324e+06
2858.4,-6.92332e+06
2858.5,-6.9234e+06
2858.6,-6.92349e+06
2858.7,-6.92357e+06
2858.8,-6.92365e+06
2858.9,-6.92373e+06
2859,-6.92382e+06
2859.1,-6.9239e+06
2859.2,-6.92398e+06
2859.3,-6.92406e+06
2859.4,-6.92415e+06
2859.5,-6.92423e+06
2859.6,-6.92431e+06
2859.7,-6.92439e+06
2859.8,-6.92447e+06
2859.9,-6.92456e+06
2860,-6.92464e+06
2860.1,-6.92472e+06
2860.2,-6.9248e+06
2860.3,-6.92488e+06
2860.4,-6.92496e+06
2860.5,-6.92504e+06
2860.6,-6.92513e+06
2860.7,-6.92521e+06
2860.8,-6.92529e+06
2860.9,-6.92537e+06
2861,-6.92545e+06
2861.1,-6.92553e+06
2861.2,-6.92561e+06
2861.3,-6.92569e+06
2861.4,-6.92577e+06
2861.5,-6.92585e+06
2861.6,-6.92593e+06
2861.7,-6.92601e+06
2861.8,-6.92609e+06
2861.9,-6.92617e+06
2862,-6.92625e+06
2862.1,-6.92633e+06
2862.2,-6.92641e+06
2862.3,-6.92649e+06
2862.4,-6.92657e+06
2862.5,-6.92665e+06
2862.6,-6.92673e+06
2862.7,-6.92681e+06
2862.8,-6.92689e+06
2862.9,-6.92697e+06
2863,-6.92705e+06
2863.1,-6.92713e+06
2863.2,-6.92721e+06
2863.3,-6.92729e+06
2863.4,-6.92737e+06
2863.5,-6.92744e+06
2863.6,-6.92752e+06
2863.7,-6.9276e+06
2863.8,-6.92768e+06
2863.9,-6.92776e+06
2864,-6.92784e+06
2864.1,-6.92792e+06
2864.2,-6.92799e+06
2864.3,-6.92807e+06
2864.4,-6.92815e+06
2864.5,-6.92823e+06
2864.6,-6.92831e+06
2864.7,-6.92838e+06
2864.8,-6.92846e+06
2864.9,-6.92854e+06
2865,-6.92862e+06
2865.1,-6.92869e+06
2865.2,-6.92877e+06
2865.3,-6.92885e+06
2865.4,-6.92893e+06
2865.5,-6.929e+06
2865.6,-6.92908e+06
2865.7,-6.92916e+06
2865.8,-6.92924e+06
2865.9,-6.92931e+06
2866,-6.92939e+06
2866.1,-6.92947e+06
2866.2,-6.92954e+06
2866.3,-6.92962e+06
2866.4,-6.9297e+06
2866.5,-6.92977e+06
2866.6,-6.92985e+06
2866.7,-6.92992e+06
2866.8,-6.93e+06
2866.9,-6.93008e+06
2867,-6.93015e+06
2867.1,-6.93023e+06
2867.2,-6.9303e+06
2867.3,-6.93038e+06
2867.4,-6.93046e+06
2867.5,-6.93053e+06
2867.6,-6.93061e+06
2867.7,-6.93068e+06
2867.8,-6.93076e+06
2867.9,-6.93083e+06
2868,-6.93091e+06
2868.1,-6.93098e+06
2868.2,-6.93106e+06
2868.3,-6.93113e+06
2868.4,-6.93121e+06
2868.5,-6.93128e+06
2868.6,-6.93136e+06
2868.7,-6.93143e+06
2868.8,-6.9315e+06
2868.9,-6.93158e+06
2869,-6.93165e+06
2869.1,-6.93173e+06
2869.2,-6.9318e+06
2869.3,-6.93188e+06
2869.4,-6.93195e+06
2869.5,-6.93202e+06
2869.6,-6.9321e+06
2869.7,-6.93217e+06
2869.8,-6.93224e+06
2869.9,-6.93232e+06
2870,-6.93239e+06
2870.1,-6.93247e+06
2870.2,-6.93254e+06
2870.3,-6.93261e+06
2870.4,-6.93269e+06
2870.5,-6.93276e+06
2870.6,-6.93283e+06
2870.7,-6.9329e+06
2870.8,-6.93298e+06
2870.9,-6.93305e+06
2871,-6.93312e+06
2871.1,-6.9332e+06
2871.2,-6.93327e+06
2871.3,-6.93334e+06
2871.4,-6.93341e+06
2871.5,-6.93349e+06
2871.6,-6.93356e+06
2871.7,-6.93363e+06
2871.8,-6.9337e+06
2871.9,-6.93377e+06
2872,-6.93385e+06
2872.1,-6.93392e+06
2872.2,-6.93399e+06
2872.3,-6.93406e+06
2872.4,-6.93413e+06
2872.5,-6.9342e+06
2872.6,-6.93428e+06
2872.7,-6.93435e+06
2872.8,-6.93442e+06
2872.9,-6.93449e+06
2873,-6.93456e+06
2873.1,-6.93463e+06
2873.2,-6.9347e+06
2873.3,-6.93477e+06
2873.4,-6.93484e+06
2873.5,-6.93491e+06
2873.6,-6.93498e+06
2873.7,-6.93505e+06
2873.8,-6.93512e+06
2873.9,-6.9352e+06
2874,-6.93527e+06
2874.1,-6.93534e+06
2874.2,-6.93541e+06
2874.3,-6.93548e+06
2874.4,-6.93555e+06
2874.5,-6.93562e+06
2874.6,-6.93568e+06
2874.7,-6.93575e+06
2874.8,-6.93582e+06
2874.9,-6.93589e+06
2875,-6.93596e+06
2875.1,-6.93603e+06
2875.2,-6.9361e+06
2875.3,-6.93617e+06
2875.4,-6.93624e+06
2875.5,-6.93631e+06
2875.6,-6.93638e+06
2875.7,-6.93645e+06
2875.8,-6.93652e+06
2875.9,-6.93658e+06
2876,-6.93665e+06
2876.1,-6.93672e+06
2876.2,-6.93679e+06
2876.3,-6.93686e+06
2876.4,-6.93693e+06
2876.5,-6.93699e+06
2876.6,-6.93706e+06
2876.7,-6.93713e+06
2876.8,-6.9372e+06
2876.9,-6.93727e+06
2877,-6.93733e+06
2877.1,-6.9374e+06
2877.2,-6.93747e+06
2877.3,-6.93754e+06
2877.4,-6.9376e+06
2877.5,-6.93767e+06
2877.6,-6.93774e+06
2877.7,-6.93781e+06
2877.8,-6.93787e+06
2877.9,-6.93794e+06
2878,-6.93801e+06
2878.1,-6.93807e+06
2878.2,-6.93814e+06
2878.3,-6.93821e+06
2878.4,-6.93827e+06
2878.5,-6.93834e+06
2878.6,-6.93841e+06
2878.7,-6.93847e+06
2878.8,-6.93854e+06
2878.9,-6.93861e+06
2879,-6.93867e+06
2879.1,-6.93874e+06
2879.2,-6.9388e+06
2879.3,-6.93887e+06
2879.4,-6.93894e+06
2879.5,-6.939e+06
2879.6,-6.93907e+06
2879.7,-6.93913e+06
2879.8,-6.9392e+06
2879.9,-6.93926e+06
2880,-6.93933e+06
2880.1,-6.93939e+06
2880.2,-6.93946e+06
2880.3,-6.93952e+06
2880.4,-6.93959e+06
2880.5,-6.93965e+06
2880.6,-6.93972e+06
2880.7,-6.93978e+06
2880.8,-6.93985e+06
2880.9,-6.93991e+06
2881,-6.93998e+06
2881.1,-6.94004e+06
2881.2,-6.94011e+06
2881.3,-6.94017e+06
2881.4,-6.94024e+06
2881.5,-6.9403e+06
2881.6,-6.94036e+06
2881.7,-6.94043e+06
2881.8,-6.94049e+06
2881.9,-6.94056e+06
2882,-6.94062e+06
2882.1,-6.94068e+06
2882.2,-6.94075e+06
2882.3,-6.94081e+06
2882.4,-6.94087e+06
2882.5,-6.94094e+06
2882.6,-6.941e+06
2882.7,-6.94106e+06
2882.8,-6.94112e+06
2882.9,-6.94119e+06
2883,-6.94125e+06
2883.1,-6.94131e+06
2883.2,-6.94138e+06
2883.3,-6.94144e+06
2883.4,-6.9415e+06
2883.5,-6.94156e+06
2883.6,-6.94163e+06
2883.7,-6.94169e+06
2883.8,-6.94175e+06
2883.9,-6.94181e+06
2884,-6.94188e+06
2884.1,-6.94194e+06
2884.2,-6.942e+06
2884.3,-6.94206e+06
2884.4,-6.94212e+06
2884.5,-6.94218e+06
2884.6,-6.94225e+06
2884.7,-6.94231e+06
2884.8,-6.94237e+06
2884.9,-6.94243e+06
2885,-6.94249e+06
2885.1,-6.94255e+06
2885.2,-6.94261e+06
2885.3,-6.94267e+06
2885.4,-6.94274e+06
2885.5,-6.9428e+06
2885.6,-6.94286e+06
2885.7,-6.94292e+06
2885.8,-6.94298e+06
2885.9,-6.94304e+06
2886,-6.9431e+06
2886.1,-6.94316e+06
2886.2,-6.94322e+06
2886.3,-6.94328e+06
2886.4,-6.94334e+06
2886.5,-6.9434e+06
2886.6,-6.94346e+06
2886.7,-6.94352e+06
2886.8,-6.94358e+06
2886.9,-6.94364e+06
2887,-6.9437e+06
2887.1,-6.94376e+06
2887.2,-6.94382e+06
2887.3,-6.94388e+06
2887.4,-6.94394e+06
2887.5,-6.94399e+06
2887.6,-6.94405e+06
2887.7,-6.94411e+06
2887.8,-6.94417e+06
2887.9,-6.94423e+06
2888,-6.94429e+06
2888.1,-6.94435e+06
2888.2,-6.94441e+06
2888.3,-6.94446e+06
2888.4,-6.94452e+06
2888.5,-6.94458e+06
2888.6,-6.94464e+06
2888.7,-6.9447e+06
2888.8,-6.94476e+06
2888.9,-6.94481e+06
2889,-6.94487e+06
2889.1,-6.94493e+06
2889.2,-6.94499e+06
2889.3,-6.94505e+06
2889.4,-6.9451e+06
2889.5,-6.94516e+06
2889.6,-6.94522e+06
2889.7,-6.94528e+06
2889.8,-6.94533e+06
2889.9,-6.94539e+06
2890,-6.94545e+06
2890.1,-6.9455e+06
2890.2,-6.94556e+06
2890.3,-6.94562e+06
2890.4,-6.94568e+06
2890.5,-6.94573e+06
2890.6,-6.94579e+06
2890.7,-6.94584e+06
2890.8,-6.9459e+06
2890.9,-6.94596e+06
2891,-6.94601e+06
2891.1,-6.94607e+06
2891.2,-6.94613e+06
2891.3,-6.94618e+06
2891.4,-6.94624e+06
2891.5,-6.94629e+06
2891.6,-6.94635e+06
2891.7,-6.94641e+06
2891.8,-6.94646e+06
2891.9,-6.94652e+06
2892,-6.94657e+06
2892.1,-6.94663e+06
2892.2,-6.94668e+06
2892.3,-6.94674e+06
2892.4,-6.94679e+06
2892.5,-6.94685e+06
2892.6,-6.9469e+06
2892.7,-6.94696e+06
2892.8,-6.94701e+06
2892.9,-6.94707e+06
2893,-6.94712e+06
2893.1,-6.94718e+06
2893.2,-6.94723e+06
2893.3,-6.94729e+06
2893.4,-6.94734e+06
2893.5,-6.9474e+06
2893.6,-6.94745e+06
2893.7,-6.9475e+06
2893.8,-6.94756e+06
2893.9,-6.94761e+06
2894,-6.94766e+06
2894.1,-6.94772e+06
2894.2,-6.94777e+06
2894.3,-6.94783e+06
2894.4,-6.94788e+06
2894.5,-6.94793e+06
2894.6,-6.94799e+06
2894.7,-6.94804e+06
2894.8,-6.94809e+06
2894.9,-6.94815e+06
2895,-6.9482e+06
2895.1,-6.94825e+06
2895.2,-6.9483e+06
2895.3,-6.94836e+06
2895.4,-6.94841e+06
2895.5,-6.94846e+06
2895.6,-6.94852e+06
2895.7,-6.94857e+06
2895.8,-6.94862e+06
2895.9,-6.94867e+06
2896,-6.94872e+06
2896.1,-6.94878e+06
2896.2,-6.94883e+06
2896.3,-6.94888e+06
2896.4,-6.94893e+06
2896.5,-6.94898e+06
2896.6,-6.94904e+06
2896.7,-6.94909e+06
2896.8,-6.94914e+06
2896.9,-6.94919e+06
2897,-6.94924e+06
2897.1,-6.94929e+06
2897.2,-6.94934e+06
2897.3,-6.9494e+06
2897.4,-6.94945e+06
2897.5,-6.9495e+06
2897.6,-6.94955e+06
2897.7,-6.9496e+06
2897.8,-6.94965e+06
2897.9,-6.9497e+06
2898,-6.94975e+06
2898.1,-6.9498e+06
2898.2,-6.94985e+06
2898.3,-6.9499e+06
2898.4,-6.94995e+06
2898.5,-6.95e+06
2898.6,-6.95005e+06
2898.7,-6.9501e+06
2898.8,-6.95015e+06
2898.9,-6.9502e+06
2899,-6.95025e+06
2899.1,-6.9503e+06
2899.2,-6.95035e+06
2899.3,-6.9504e+06
2899.4,-6.95045e+06
2899.5,-6.9505e+06
2899.6,-6.95055e+06
2899.7,-6.9506e+06
2899.8,-6.95065e+06
2899.9,-6.9507e+06
2900,-6.95075e+06
2900.1,-6.95079e+06
2900.2,-6.95084e+06
2900.3,-6.95089e+06
2900.4,-6.95094e+06
2900.5,-6.95099e+06
2900.6,-6.95104e+06
2900.7,-6.95109e+06
2900.8,-6.95113e+06
2900.9,-6.95118e+06
2901,-6.95123e+06
2901.1,-6.95128e+06
2901.2,-6.95133e+06
2901.3,-6.95137e+06
2901.4,-6.95142e+06
2901.5,-6.95147e+06
2901.6,-6.95152e+06
2901.7,-6.95156e+06
2901.8,-6.95161e+06
2901.9,-6.95166e+06
2902,-6.95171e+06
2902.1,-6.95175e+06
2902.2,-6.9518e+06
2902.3,-6.95185e+06
2902.4,-6.9519e+06
2902.5,-6.95194e+06
2902.6,-6.95199e+06
2902.7,-6.95204e+06
2902.8,-6.95208e+06
2902.9,-6.95213e+06
2903,-6.95218e+06
2903.1,-6.95222e+06
2903.2,-6.95227e+06
2903.3,-6.95231e+06
2903.4,-6.95236e+06
2903.5,-6.95241e+06
2903.6,-6.95245e+06
2903.7,-6.9525e+06
2903.8,-6.95254e+06
2903.9,-6.95259e+06
2904,-6.95264e+06
2904.1,-6.95268e+06
2904.2,-6.95273e+06
2904.3,-6.95277e+06
2904.4,-6.95282e+06
2904.5,-6.95286e+06
2904.6,-6.95291e+06
2904.7,-6.95295e+06
2904.8,-6.953e+06
2904.9,-6.95304e+06
2905,-6.95309e+06
2905.1,-6.95313e+06
2905.2,-6.95318e+06
2905.3,-6.95322e+06
2905.4,-6.95327e+06
2905.5,-6.95331e+06
2905.6,-6.95335e+06
2905.7,-6.9534e+06
2905.8,-6.95344e+06
2905.9,-6.95349e+06
2906,-6.95353e+06
2906.1,-6.95358e+06
2906.2,-6.95362e+06
2906.3,-6.95366e+06
2906.4,-6.95371e+06
2906.5,-6.95375e+06
2906.6,-6.95379e+06
2906.7,-6.95384e+06
2906.8,-6.95388e+06
2906.9,-6.95392e+06
2907,-6.95397e+06
2907.1,-6.95401e+06
2907.2,-6.95405e+06
2907.3,-6.9541e+06
2907.4,-6.95414e+06
2907.5,-6.95418e+06
2907.6,-6.95422e+06
2907.7,-6.95427e+06
2907.8,-6.95431e+06
2907.9,-6.95435e+06
2908,-6.95439e+06
2908.1,-6.95444e+06
2908.2,-6.95448e+06
2908.3,-6.95452e+06
2908.4,-6.95456e+06
2908.5,-6.9546e+06
2908.6,-6.95465e+06
2908.7,-6.95469e+06
2908.8,-6.95473e+06
2908.9,-6.95477e+06
2909,-6.95481e+06
2909.1,-6.95486e+06
2909.2,-6.9549e+06
2909.3,-6.95494e+06
2909.4,-6.95498e+06
2909.5,-6.95502e+06
2909.6,-6.95506e+06
2909.7,-6.9551e+06
2909.8,-6.95514e+06
2909.9,-6.95518e+06
2910,-6.95522e+06
2910.1,-6.95526e+06
2910.2,-6.95531e+06
2910.3,-6.95535e+06
2910.4,-6.95539e+06
2910.5,-6.95543e+06
2910.6,-6.95547e+06
2910.7,-6.95551e+06
2910.8,-6.95555e+06
2910.9,-6.95559e+06
2911,-6.95563e+06
2911.1,-6.95567e+06
2911.2,-6.95571e+06
2911.3,-6.95575e+06
2911.4,-6.95579e+06
2911.5,-6.95582e+06
2911.6,-6.95586e+06
2911.7,-6.9559e+06
2911.8,-6.95594e+06
2911.9,-6.95598e+06
2912,-6.95602e+06
2912.1,-6.95606e+06
2912.2,-6.9561e+06
2912.3,-6.95614e+06
2912.4,-6.95618e+06
2912.5,-6.95622e+06
2912.6,-6.95625e+06
2912.7,-6.95629e+06
2912.8,-6.95633e+06
2912.9,-6.95637e+06
2913,-6.95641e+06
2913.1,-6.95645e+06
2913.2,-6.95648e+06
2913.3,-6.95652e+06
2913.4,-6.95656e+06
2913.5,-6.9566e+06
2913.6,-6.95664e+06
2913.7,-6.95667e+06
2913.8,-6.95671e+06
2913.9,-6.95675e+06
2914,-6.95679e+06
2914.1,-6.95682e+06
2914.2,-6.95686e+06
2914.3,-6.9569e+06
2914.4,-6.95694e+06
2914.5,-6.95697e+06
2914.6,-6.95701e+06
2914.7,-6.95705e+06
2914.8,-6.95708e+06
2914.9,-6.95712e+06
2915,-6.95716e+06
2915.1,-6.95719e+06
2915.2,-6.95723e+06
2915.3,-6.95727e+06
2915.4,-6.9573e+06
2915.5,-6.95734e+06
2915.6,-6.95737e+06
2915.7,-6.95741e+06
2915.8,-6.95745e+06
2915.9,-6.95748e+06
2916,-6.95752e+06
2916.1,-6.95755e+06
2916.2,-6.95759e+06
2916.3,-6.95762e+06
2916.4,-6.95766e+06
2916.5,-6.9577e+06
2916.6,-6.95773e+06
2916.7,-6.95777e+06
2916.8,-6.9578e+06
2916.9,-6.95784e+06
2917,-6.95787e+06
2917.1,-6.95791e+06
2917.2,-6.95794e+06
2917.3,-6.95798e+06
2917.4,-6.95801e+06
2917.5,-6.95804e+06
2917.6,-6.95808e+06
2917.7,-6.95811e+06
2917.8,-6.95815e+06
2917.9,-6.95818e+06
2918,-6.95822e+06
2918.1,-6.95825e+06
2918.2,-6.95828e+06
2918.3,-6.95832e+06
2918.4,-6.95835e+06
2918.5,-6.95839e+06
2918.6,-6.95842e+06
2918.7,-6.95845e+06
2918.8,-6.95849e+06
2918.9,-6.95852e+06
2919,-6.95855e+06
2919.1,-6.95859e+06
2919.2,-6.95862e+06
2919.3,-6.95865e+06
2919.4,-6.95869e+06
2919.5,-6.95872e+06
2919.6,-6.95875e+06
2919.7,-6.95878e+06
2919.8,-6.95882e+06
2919.9,-6.95885e+06
2920,-6.95888e+06
2920.1,-6.95891e+06
2920.2,-6.95895e+06
2920.3,-6.95898e+06
2920.4,-6.95901e+06
2920.5,-6.95904e+06
2920.6,-6.95908e+06
2920.7,-6.95911e+06
2920.8,-6.95914e+06
2920.9,-6.95917e+06
2921,-6.9592e+06
2921.1,-6.95923e+06
2921.2,-6.95927e+06
2921.3,-6.9593e+06
2921.4,-6.95933e+06
2921.5,-6.95936e+06
2921.6,-6.95939e+06
2921.7,-6.95942e+06
2921.8,-6.95945e+06
2921.9,-6.95948e+06
2922,-6.95952e+06
2922.1,-6.95955e+06
2922.2,-6.95958e+06
2922.3,-6.95961e+06
2922.4,-6.95964e+06
2922.5,-6.95967e+06
2922.6,-6.9597e+06
2922.7,-6.95973e+06
2922.8,-6.95976e+06
2922.9,-6.95979e+06
2923,-6.95982e+06
2923.1,-6.95985e+06
2923.2,-6.95988e+06
2923.3,-6.95991e+06
2923.4,-6.95994e+06
2923.5,-6.95997e+06
2923.6,-6.96e+06
2923.7,-6.96003e+06
2923.8,-6.96006e+06
2923.9,-6.96009e+06
2924,-6.96012e+06
2924.1,-6.96014e+06
2924.2,-6.96017e+06
2924.3,-6.9602e+06
2924.4,-6.96023e+06
2924.5,-6.96026e+06
2924.6,-6.96029e+06
2924.7,-6.96032e+06
2924.8,-6.96035e+06
2924.9,-6.96037e+06
2925,-6.9604e+06
2925.1,-6.96043e+06
2925.2,-6.96046e+06
2925.3,-6.96049e+06
2925.4,-6.96052e+06
2925.5,-6.96054e+06
2925.6,-6.96057e+06
2925.7,-6.9606e+06
2925.8,-6.96063e+06
2925.9,-6.96066e+06
2926,-6.96068e+06
2926.1,-6.96071e+06
2926.2,-6.96074e+06
2926.3,-6.96076e+06
2926.4,-6.96079e+06
2926.5,-6.96082e+06
2926.6,-6.96085e+06
2926.7,-6.96087e+06
2926.8,-6.9609e+06
2926.9,-6.96093e+06
2927,-6.96095e+06
2927.1,-6.96098e+06
2927.2,-6.96101e+06
2927.3,-6.96103e+06
2927.4,-6.96106e+06
2927.5,-6.96109e+06
2927.6,-6.96111e+06
2927.7,-6.96114e+06
2927.8,-6.96117e+06
2927.9,-6.96119e+06
2928,-6.96122e+06
2928.1,-6.96124e+06
2928.2,-6.96127e+06
2928.3,-6.9613e+06
2928.4,-6.96132e+06
2928.5,-6.96135e+06
2928.6,-6.96137e+06
2928.7,-6.9614e+06
2928.8,-6.96142e+06
2928.9,-6.96145e+06
2929,-6.96147e+06
2929.1,-6.9615e+06
2929.2,-6.96152e+06
2929.3,-6.96155e+06
2929.4,-6.96157e+06
2929.5,-6.9616e+06
2929.6,-6.96162e+06
2929.7,-6.96165e+06
2929.8,-6.96167e+06
2929.9,-6.9617e+06
2930,-6.96172e+06
2930.1,-6.96174e+06
2930.2,-6.96177e+06
2930.3,-6.96179e+06
2930.4,-6.96182e+06
2930.5,-6.96184e+06
2930.6,-6.96186e+06
2930.7,-6.96189e+06
2930.8,-6.96191e+06
2930.9,-6.96193e+06
2931,-6.96196e+06
2931.1,-6.96198e+06
2931.2,-6.962e+06
2931.3,-6.96203e+06
2931.4,-6.96205e+06
2931.5,-6.96207e+06
2931.6,-6.9621e+06
2931.7,-6.96212e+06
2931.8,-6.96214e+06
2931.9,-6.96216e+06
2932,-6.96219e+06
2932.1,-6.96221e+06
2932.2,-6.96223e+06
2932.3,-6.96226e+06
2932.4,-6.96228e+06
2932.5,-6.9623e+06
2932.6,-6.96232e+06
2932.7,-6.96234e+06
2932.8,-6.96237e+06
2932.9,-6.96239e+06
2933,-6.96241e+06
2933.1,-6.96243e+06
2933.2,-6.96245e+06
2933.3,-6.96248e+06
2933.4,-6.9625e+06
2933.5,-6.96252e+06
2933.6,-6.96254e+06
2933.7,-6.96256e+06
2933.8,-6.96258e+06
2933.9,-6.9626e+06
2934,-6.96262e+06
2934.1,-6.96264e+06
2934.2,-6.96267e+06
2934.3,-6.96269e+06
2934.4,-6.96271e+06
2934.5,-6.96273e+06
2934.6,-6.96275e+06
2934.7,-6.96277e+06
2934.8,-6.96279e+06
2934.9,-6.96281e+06
2935,-6.96283e+06
2935.1,-6.96285e+06
2935.2,-6.96287e+06
2935.3,-6.96289e+06
2935.4,-6.96291e+06
2935.5,-6.96293e+06
2935.6,-6.96295e+06
2935.7,-6.96297e+06
2935.8,-6.96299e+06
2935.9,-6.96301e+06
2936,-6.96303e+06
2936.1,-6.96305e+06
2936.2,-6.96307e+06
2936.3,-6.96308e+06
2936.4,-6.9631e+06
2936.5,-6.96312e+06
2936.6,-6.96314e+06
2936.7,-6.96316e+06
2936.8,-6.96318e+06
2936.9,-6.9632e+06
2937,-6.96322e+06
2937.1,-6.96324e+06
2937.2,-6.96325e+06
2937.3,-6.96327e+06
2937.4,-6.96329e+06
2937.5,-6.96331e+06
2937.6,-6.96333e+06
2937.7,-6.96334e+06
2937.8,-6.96336e+06
2937.9,-6.96338e+06
2938,-6.9634e+06
2938.1,-6.96342e+06
2938.2,-6.96343e+06
2938.3,-6.96345e+06
2938.4,-6.96347e+06
2938.5,-6.96348e+06
2938.6,-6.9635e+06
2938.7,-6.96352e+06
2938.8,-6.96354e+06
2938.9,-6.96355e+06
2939,-6.96357e+06
2939.1,-6.96359e+06
2939.2,-6.9636e+06
2939.3,-6.96362e+06
2939.4,-6.96364e+06
2939.5,-6.96365e+06
2939.6,-6.96367e+06
2939.7,-6.96369e+06
2939.8,-6.9637e+06
2939.9,-6.96372e+06
2940,-6.96373e+06
2940.1,-6.96375e+06
2940.2,-6.96377e+06
2940.3,-6.96378e+06
2940.4,-6.9638e+06
2940.5,-6.96381e+06
2940.6,-6.96383e+06
2940.7,-6.96384e+06
2940.8,-6.96386e+06
2940.9,-6.96388e+06
2941,-6.96389e+06
2941.1,-6.96391e+06
2941.2,-6.96392e+06
2941.3,-6.96394e+06
2941.4,-6.96395e+06
2941.5,-6.96397e+06
2941.6,-6.96398e+06
2941.7,-6.964e+06
2941.8,-6.96401e+06
2941.9,-6.96402e+06
2942,-6.96404e+06
2942.1,-6.96405e+06
2942.2,-6.96407e+06
2942.3,-6.96408e+06
2942.4,-6.9641e+06
2942.5,-6.96411e+06
2942.6,-6.96412e+06
2942.7,-6.96414e+06
2942.8,-6.96415e+06
2942.9,-6.96417e+06
2943,-6.96418e+06
2943.1,-6.96419e+06
2943.2,-6.96421e+06
2943.3,-6.96422e+06
2943.4,-6.96423e+06
2943.5,-6.96425e+06
2943.6,-6.96426e+06
2943.7,-6.96427e+06
2943.8,-6.96429e+06
2943.9,-6.9643e+06
2944,-6.96431e+06
2944.1,-6.96432e+06
2944.2,-6.96434e+06
2944.3,-6.96435e+06
2944.4,-6.96436e+06
2944.5,-6.96437e+06
2944.6,-6.96439e+06
2944.7,-6.9644e+06
2944.8,-6.96441e+06
2944.9,-6.96442e+06
2945,-6.96443e+06
2945.1,-6.96445e+06
2945.2,-6.96446e+06
2945.3,-6.96447e+06
2945.4,-6.96448e+06
2945.5,-6.96449e+06
2945.6,-6.9645e+06
2945.7,-6.96452e+06
2945.8,-6.96453e+06
2945.9,-6.96454e+06
2946,-6.96455e+06
2946.1,-6.96456e+06
2946.2,-6.96457e+06
2946.3,-6.96458e+06
2946.4,-6.96459e+06
2946.5,-6.9646e+06
2946.6,-6.96462e+06
2946.7,-6.96463e+06
2946.8,-6.96464e+06
2946.9,-6.96465e+06
2947,-6.96466e+06
2947.1,-6.96467e+06
2947.2,-6.96468e+06
2947.3,-6.96469e+06
2947.4,-6.9647e+06
2947.5,-6.96471e+06
2947.6,-6.96472e+06
2947.7,-6.96473e+06
2947.8,-6.96474e+06
2947.9,-6.96475e+06
2948,-6.96476e+06
2948.1,-6.96477e+06
2948.2,-6.96478e+06
2948.3,-6.96478e+06
2948.4,-6.96479e+06
2948.5,-6.9648e+06
2948.6,-6.96481e+06
2948.7,-6.96482e+06
2948.8,-6.96483e+06
2948.9,-6.96484e+06
2949,-6.96485e+06
2949.1,-6.96486e+06
2949.2,-6.96486e+06
2949.3,-6.96487e+06
2949.4,-6.96488e+06
2949.5,-6.96489e+06
2949.6,-6.9649e+06
2949.7,-6.96491e+06
2949.8,-6.96491e+06
2949.9,-6.96492e+06
2950,-6.96493e+06
2950.1,-6.96494e+06
2950.2,-6.96494e+06
2950.3,-6.96495e+06
2950.4,-6.96496e+06
2950.5,-6.96497e+06
2950.6,-6.96498e+06
2950.7,-6.96498e+06
2950.8,-6.96499e+06
2950.9,-6.965e+06
2951,-6.965e+06
2951.1,-6.96501e+06
2951.2,-6.96502e+06
2951.3,-6.96502e+06
2951.4,-6.96503e+06
2951.5,-6.96504e+06
2951.6,-6.96504e+06
2951.7,-6.96505e+06
2951.8,-6.96506e+06
2951.9,-6.96506e+06
2952,-6.96507e+06
2952.1,-6.96508e+06
2952.2,-6.96508e+06
2952.3,-6.96509e+06
2952.4,-6.96509e+06
2952.5,-6.9651e+06
2952.6,-6.9651e+06
2952.7,-6.96511e+06
2952.8,-6.96512e+06
2952.9,-6.96512e+06
2953,-6.96513e+06
2953.1,-6.96513e+06
2953.2,-6.96514e+06
2953.3,-6.96514e+06
2953.4,-6.96515e+06
2953.5,-6.96515e+06
2953.6,-6.96516e+06
2953.7,-6.96516e+06
2953.8,-6.96517e+06
2953.9,-6.96517e+06
2954,-6.96518e+06
2954.1,-6.96518e+06
2954.2,-6.96519e+06
2954.3,-6.96519e+06
2954.4,-6.96519e+06
2954.5,-6.9652e+06
2954.6,-6.9652e+06
2954.7,-6.96521e+06
2954.8,-6.96521e+06
2954.9,-6.96521e+06
2955,-6.96522e+06
2955.1,-6.96522e+06
2955.2,-6.96523e+06
2955.3,-6.96523e+06
2955.4,-6.96523e+06
2955.5,-6.96524e+06
2955.6,-6.96524e+06
2955.7,-6.96524e+06
2955.8,-6.96525e+06
2955.9,-6.96525e+06
2956,-6.96525e+06
2956.1,-6.96525e+06
2956.2,-6.96526e+06
2956.3,-6.96526e+06
2956.4,-6.96526e+06
2956.5,-6.96526e+06
2956.6,-6.96527e+06
2956.7,-6.96527e+06
2956.8,-6.96527e+06
2956.9,-6.96527e+06
2957,-6.96528e+06
2957.1,-6.96528e+06
2957.2,-6.96528e+06
2957.3,-6.96528e+06
2957.4,-6.96528e+06
2957.5,-6.96529e+06
2957.6,-6.96529e+06
2957.7,-6.96529e+06
2957.8,-6.96529e+06
2957.9,-6.96529e+06
2958,-6.96529e+06
2958.1,-6.96529e+06
2958.2,-6.9653e+06
2958.3,-6.9653e+06
2958.4,-6.9653e+06
2958.5,-6.9653e+06
2958.6,-6.9653e+06
2958.7,-6.9653e+06
2958.8,-6.9653e+06
2958.9,-6.9653e+06
2959,-6.9653e+06
2959.1,-6.9653e+06
2959.2,-6.9653e+06
2959.3,-6.9653e+06
2959.4,-6.9653e+06
2959.5,-6.9653e+06
2959.6,-6.9653e+06
2959.7,-6.9653e+06
2959.8,-6.9653e+06
2959.9,-6.9653e+06
2960,-6.9653e+06
2960.1,-6.9653e+06
2960.2,-6.9653e+06
2960.3,-6.9653e+06
2960.4,-6.9653e+06
2960.5,-6.9653e+06
2960.6,-6.9653e+06
2960.7,-6.9653e+06
2960.8,-6.9653e+06
2960.9,-6.9653e+06
2961,-6.96529e+06
2961.1,-6.96529e+06
2961.2,-6.96529e+06
2961.3,-6.96529e+06
2961.4,-6.96529e+06
2961.5,-6.96529e+06
2961.6,-6.96529e+06
2961.7,-6.96528e+06
2961.8,-6.96528e+06
2961.9,-6.96528e+06
2962,-6.96528e+06
2962.1,-6.96528e+06
2962.2,-6.96527e+06
2962.3,-6.96527e+06
2962.4,-6.96527e+06
2962.5,-6.96527e+06
2962.6,-6.96526e+06
2962.7,-6.96526e+06
2962.8,-6.96526e+06
2962.9,-6.96526e+06
2963,-6.96525e+06
2963.1,-6.96525e+06
2963.2,-6.96525e+06
2963.3,-6.96524e+06
2963.4,-6.96524e+06
2963.5,-6.96524e+06
2963.6,-6.96524e+06
2963.7,-6.96523e+06
2963.8,-6.96523e+06
2963.9,-6.96522e+06
2964,-6.96522e+06
2964.1,-6.96522e+06
2964.2,-6.96521e+06
2964.3,-6.96521e+06
2964.4,-6.96521e+06
2964.5,-6.9652e+06
2964.6,-6.9652e+06
2964.7,-6.96519e+06
2964.8,-6.96519e+06
2964.9,-6.96518e+06
2965,-6.96518e+06
2965.1,-6.96518e+06
2965.2,-6.96517e+06
2965.3,-6.96517e+06
2965.4,-6.96516e+06
2965.5,-6.96516e+06
2965.6,-6.96515e+06
2965.7,-6.96515e+06
2965.8,-6.96514e+06
2965.9,-6.96514e+06
2966,-6.96513e+06
2966.1,-6.96513e+06
2966.2,-6.96512e+06
2966.3,-6.96512e+06
2966.4,-6.96511e+06
2966.5,-6.9651e+06
2966.6,-6.9651e+06
2966.7,-6.96509e+06
2966.8,-6.96509e+06
2966.9,-6.96508e+06
2967,-6.96507e+06
2967.1,-6.96507e+06
2967.2,-6.96506e+06
2967.3,-6.96506e+06
2967.4,-6.96505e+06
2967.5,-6.96504e+06
2967.6,-6.96504e+06
2967.7,-6.96503e+06
2967.8,-6.96502e+06
2967.9,-6.96502e+06
2968,-6.96501e+06
2968.1,-6.965e+06
2968.2,-6.96499e+06
2968.3,-6.96499e+06
2968.4,-6.96498e+06
2968.5,-6.96497e+06
2968.6,-6.96497e+06
2968.7,-6.96496e+06
2968.8,-6.96495e+06
2968.9,-6.96494e+06
2969,-6.96494e+06
2969.1,-6.96493e+06
2969.2,-6.96492e+06
2969.3,-6.96491e+06
2969.4,-6.9649e+06
2969.5,-6.9649e+06
2969.6,-6.96489e+06
2969.7,-6.96488e+06
2969.8,-6.96487e+06
2969.9,-6.96486e+06
2970,-6.96485e+06
2970.1,-6.96484e+06
2970.2,-6.96484e+06
2970.3,-6.96483e+06
2970.4,-6.96482e+06
2970.5,-6.96481e+06
2970.6,-6.9648e+06
2970.7,-6.96479e+06
2970.8,-6.96478e+06
2970.9,-6.96477e+06
2971,-6.96476e+06
2971.1,-6.96475e+06
2971.2,-6.96474e+06
2971.3,-6.96474e+06
2971.4,-6.96473e+06
2971.5,-6.96472e+06
2971.6,-6.96471e+06
2971.7,-6.9647e+06
2971.8,-6.96469e+06
2971.9,-6.96468e+06
2972,-6.96467e+06
2972.1,-6.96466e+06
2972.2,-6.96464e+06
2972.3,-6.96463e+06
2972.4,-6.96462e+06
2972.5,-6.96461e+06
2972.6,-6.9646e+06
2972.7,-6.96459e+06
2972.8,-6.96458e+06
2972.9,-6.96457e+06
2973,-6.96456e+06
2973.1,-6.96455e+06
2973.2,-6.96454e+06
2973.3,-6.96452e+06
2973.4,-6.96451e+06
2973.5,-6.9645e+06
2973.6,-6.96449e+06
2973.7,-6.96448e+06
2973.8,-6.96447e+06
2973.9,-6.96446e+06
2974,-6.96444e+06
2974.1,-6.96443e+06
2974.2,-6.96442e+06
2974.3,-6.96441e+06
2974.4,-6.9644e+06
2974.5,-6.96438e+06
2974.6,-6.96437e+06
2974.7,-6.96436e+06
2974.8,-6.96435e+06
2974.9,-6.96433e+06
2975,-6.96432e+06
2975.1,-6.96431e+06
2975.2,-6.9643e+06
2975.3,-6.96428e+06
2975.4,-6.96427e+06
2975.5,-6.96426e+06
2975.6,-6.96424e+06
2975.7,-6.96423e+06
2975.8,-6.96422e+06
2975.9,-6.9642e+06
2976,-6.96419e+06
2976.1,-6.96418e+06
2976.2,-6.96416e+06
2976.3,-6.96415e+06
2976.4,-6.96414e+06
2976.5,-6.96412e+06
2976.6,-6.96411e+06
2976.7,-6.96409e+06
2976.8,-6.96408e+06
2976.9,-6.96406e+06
2977,-6.96405e+06
2977.1,-6.96404e+06
2977.2,-6.96402e+06
2977.3,-6.96401e+06
2977.4,-6.96399e+06
2977.5,-6.96398e+06
2977.6,-6.96396e+06
2977.7,-6.96395e+06
2977.8,-6.96393e+06
2977.9,-6.96392e+06
2978,-6.9639e+06
2978.1,-6.96389e+06
2978.2,-6.96387e+06
2978.3,-6.96386e+06
2978.4,-6.96384e+06
2978.5,-6.96383e+06
2978.6,-6.96381e+06
2978.7,-6.9638e+06
2978.8,-6.96378e+06
2978.9,-6.96376e+06
2979,-6.96375e+06
2979.1,-6.96373e+06
2979.2,-6.96372e+06
2979.3,-6.9637e+06
2979.4,-6.96368e+06
2979.5,-6.96367e+06
2979.6,-6.96365e+06
2979.7,-6.96363e+06
2979.8,-6.96362e+06
2979.9,-6.9636e+06
2980,-6.96358e+06
2980.1,-6.96357e+06
2980.2,-6.96355e+06
2980.3,-6.96353e+06
2980.4,-6.96352e+06
2980.5,-6.9635e+06
2980.6,-6.96348e+06
2980.7,-6.96346e+06
2980.8,-6.96345e+06
2980.9,-6.96343e+06
2981,-6.96341e+06
2981.1,-6.96339e+06
2981.2,-6.96338e+06
2981.3,-6.96336e+06
2981.4,-6.96334e+06
2981.5,-6.96332e+06
2981.6,-6.9633e+06
2981.7,-6.96328e+06
2981.8,-6.96327e+06
2981.9,-6.96325e+06
2982,-6.96323e+06
2982.1,-6.96321e+06
2982.2,-6.96319e+06
2982.3,-6.96317e+06
2982.4,-6.96316e+06
2982.5,-6.96314e+06
2982.6,-6.96312e+06
2982.7,-6.9631e+06
2982.8,-6.96308e+06
2982.9,-6.96306e+06
2983,-6.96304e+06
2983.1,-6.96302e+06
2983.2,-6.963e+06
2983.3,-6.96298e+06
2983.4,-6.96296e+06
2983.5,-6.96294e+06
2983.6,-6.96292e+06
2983.7,-6.9629e+06
2983.8,-6.96288e+06
2983.9,-6.96286e+06
2984,-6.96284e+06
2984.1,-6.96282e+06
2984.2,-6.9628e+06
2984.3,-6.96278e+06
2984.4,-6.96276e+06
2984.5,-6.96274e+06
2984.6,-6.96272e+06
2984.7,-6.9627e+06
2984.8,-6.96268e+06
2984.9,-6.96266e+06
2985,-6.96264e+06
2985.1,-6.96262e+06
2985.2,-6.9626e+06
2985.3,-6.96258e+06
2985.4,-6.96256e+06
2985.5,-6.96253e+06
2985.6,-6.96251e+06
2985.7,-6.96249e+06
2985.8,-6.96247e+06
2985.9,-6.96245e+06
2986,-6.96243e+06
2986.1,-6.9624e+06
2986.2,-6.96238e+06
2986.3,-6.96236e+06
2986.4,-6.96234e+06
2986.5,-6.96232e+06
2986.6,-6.9623e+06
2986.7,-6.96227e+06
2986.8,-6.96225e+06
2986.9,-6.96223e+06
2987,-6.9622e+06
2987.1,-6.96218e+06
2987.2,-6.96216e+06
2987.3,-6.96214e+06
2987.4,-6.96211e+06
2987.5,-6.96209e+06
2987.6,-6.96207e+06
2987.7,-6.96204e+06
2987.8,-6.96202e+06
2987.9,-6.962e+06
2988,-6.96198e+06
2988.1,-6.96195e+06
2988.2,-6.96193e+06
2988.3,-6.9619e+06
2988.4,-6.96188e+06
2988.5,-6.96186e+06
2988.6,-6.96183e+06
2988.7,-6.96181e+06
2988.8,-6.96179e+06
2988.9,-6.96176e+06
2989,-6.96174e+06
2989.1,-6.96171e+06
2989.2,-6.96169e+06
2989.3,-6.96166e+06
2989.4,-6.96164e+06
2989.5,-6.96162e+06
2989.6,-6.96159e+06
2989.7,-6.96157e+06
2989.8,-6.96154e+06
2989.9,-6.96152e+06
2990,-6.96149e+06
2990.1,-6.96147e+06
2990.2,-6.96144e+06
2990.3,-6.96142e+06
2990.4,-6.96139e+06
2990.5,-6.96137e+06
2990.6,-6.96134e+06
2990.7,-6.96131e+06
2990.8,-6.96129e+06
2990.9,-6.96126e+06
2991,-6.96124e+06
2991.1,-6.96121e+06
2991.2,-6.96119e+06
2991.3,-6.96116e+06
2991.4,-6.96113e+06
2991.5,-6.96111e+06
2991.6,-6.96108e+06
2991.7,-6.96105e+06
2991.8,-6.96103e+06
2991.9,-6.961e+06
2992,-6.96098e+06
2992.1,-6.96095e+06
2992.2,-6.96092e+06
2992.3,-6.96089e+06
2992.4,-6.96087e+06
2992.5,-6.96084e+06
2992.6,-6.96081e+06
2992.7,-6.96079e+06
2992.8,-6.96076e+06
2992.9,-6.96073e+06
2993,-6.9607e+06
2993.1,-6.96068e+06
2993.2,-6.96065e+06
2993.3,-6.96062e+06
2993.4,-6.96059e+06
2993.5,-6.96057e+06
2993.6,-6.96054e+06
2993.7,-6.96051e+06
2993.8,-6.96048e+06
2993.9,-6.96045e+06
2994,-6.96042e+06
2994.1,-6.9604e+06
2994.2,-6.96037e+06
2994.3,-6.96034e+06
2994.4,-6.96031e+06
2994.5,-6.96028e+06
2994.6,-6.96025e+06
2994.7,-6.96022e+06
2994.8,-6.9602e+06
2994.9,-6.96017e+06
2995,-6.96014e+06
2995.1,-6.96011e+06
2995.2,-6.96008e+06
2995.3,-6.96005e+06
2995.4,-6.96002e+06
2995.5,-6.95999e+06
2995.6,-6.95996e+06
2995.7,-6.95993e+06
2995.8,-6.9599e+06
2995.9,-6.95987e+06
2996,-6.95984e+06
2996.1,-6.95981e+06
2996.2,-6.95978e+06
2996.3,-6.95975e+06
2996.4,-6.95972e+06
2996.5,-6.95969e+06
2996.6,-6.95966e+06
2996.7,-6.95963e+06
2996.8,-6.9596e+06
2996.9,-6.95957e+06
2997,-6.95954e+06
2997.1,-6.95951e+06
2997.2,-6.95948e+06
2997.3,-6.95945e+06
2997.4,-6.95942e+06
2997.5,-6.95938e+06
2997.6,-6.95935e+06
2997.7,-6.95932e+06
2997.8,-6.95929e+06
2997.9,-6.95926e+06
2998,-6.95923e+06
2998.1,-6.9592e+06
2998.2,-6.95916e+06
2998.3,-6.95913e+06
2998.4,-6.9591e+06
2998.5,-6.95907e+06
2998.6,-6.95904e+06
2998.7,-6.959e+06
2998.8,-6.95897e+06
2998.9,-6.95894e+06
2999,-6.95891e+06
2999.1,-6.95888e+06
2999.2,-6.95884e+06
2999.3,-6.95881e+06
2999.4,-6.95878e+06
2999.5,-6.95874e+06
2999.6,-6.95871e+06
2999.7,-6.95868e+06
2999.8,-6.95865e+06
2999.9,-6.95861e+06
3000,-6.95858e+06
3000.1,-6.95855e+06
3000.2,-6.95851e+06
3000.3,-6.95848e+06
3000.4,-6.95845e+06
3000.5,-6.95841e+06
3000.6,-6.95838e+06
3000.7,-6.95834e+06
3000.8,-6.95831e+06
3000.9,-6.95828e+06
3001,-6.95824e+06
3001.1,-6.95821e+06
3001.2,-6.95817e+06
3001.3,-6.95814e+06
3001.4,-6.95811e+06
3001.5,-6.95807e+06
3001.6,-6.95804e+06
3001.7,-6.958e+06
3001.8,-6.95797e+06
3001.9,-6.95793e+06
3002,-6.9579e+06
3002.1,-6.95786e+06
3002.2,-6.95783e+06
3002.3,-6.95779e+06
3002.4,-6.95776e+06
3002.5,-6.95772e+06
3002.6,-6.95769e+06
3002.7,-6.95765e+06
3002.8,-6.95762e+06
3002.9,-6.95758e+06
3003,-6.95755e+06
3003.1,-6.95751e+06
3003.2,-6.95747e+06
3003.3,-6.95744e+06
3003.4,-6.9574e+06
3003.5,-6.95737e+06
3003.6,-6.95733e+06
3003.7,-6.95729e+06
3003.8,-6.95726e+06
3003.9,-6.95722e+06
3004,-6.95718e+06
3004.1,-6.95715e+06
3004.2,-6.95711e+06
3004.3,-6.95708e+06
3004.4,-6.95704e+06
3004.5,-6.957e+06
3004.6,-6.95696e+06
3004.7,-6.95693e+06
3004.8,-6.95689e+06
3004.9,-6.95685e+06
3005,-6.95682e+06
3005.1,-6.95678e+06
3005.2,-6.95674e+06
3005.3,-6.9567e+06
3005.4,-6.95667e+06
3005.5,-6.95663e+06
3005.6,-6.95659e+06
3005.7,-6.95655e+06
3005.8,-6.95651e+06
3005.9,-6.95648e+06
3006,-6.95644e+06
3006.1,-6.9564e+06
3006.2,-6.95636e+06
3006.3,-6.95632e+06
3006.4,-6.95628e+06
3006.5,-6.95625e+06
3006.6,-6.95621e+06
3006.7,-6.95617e+06
3006.8,-6.95613e+06
3006.9,-6.95609e+06
3007,-6.95605e+06
3007.1,-6.95601e+06
3007.2,-6.95597e+06
3007.3,-6.95594e+06
3007.4,-6.9559e+06
3007.5,-6.95586e+06
3007.6,-6.95582e+06
3007.7,-6.95578e+06
3007.8,-6.95574e+06
3007.9,-6.9557e+06
3008,-6.95566e+06
3008.1,-6.95562e+06
3008.2,-6.95558e+06
3008.3,-6.95554e+06
3008.4,-6.9555e+06
3008.5,-6.95546e+06
3008.6,-6.95542e+06
3008.7,-6.95538e+06
3008.8,-6.95534e+06
3008.9,-6.9553e+06
3009,-6.95526e+06
3009.1,-6.95522e+06
3009.2,-6.95518e+06
3009.3,-6.95513e+06
3009.4,-6.95509e+06
3009.5,-6.95505e+06
3009.6,-6.95501e+06
3009.7,-6.95497e+06
3009.8,-6.95493e+06
3009.9,-6.95489e+06
3010,-6.95485e+06
3010.1,-6.9548e+06
3010.2,-6.95476e+06
3010.3,-6.95472e+06
3010.4,-6.95468e+06
3010.5,-6.95464e+06
3010.6,-6.9546e+06
3010.7,-6.95455e+06
3010.8,-6.95451e+06
3010.9,-6.95447e+06
3011,-6.95443e+06
3011.1,-6.95439e+06
3011.2,-6.95434e+06
3011.3,-6.9543e+06
3011.4,-6.95426e+06
3011.5,-6.95422e+06
3011.6,-6.95417e+06
3011.7,-6.95413e+06
3011.8,-6.95409e+06
3011.9,-6.95404e+06
3012,-6.954e+06
3012.1,-6.95396e+06
3012.2,-6.95392e+06
3012.3,-6.95387e+06
3012.4,-6.95383e+06
3012.5,-6.95378e+06
3012.6,-6.95374e+06
3012.7,-6.9537e+06
3012.8,-6.95365e+06
3012.9,-6.95361e+06
3013,-6.95357e+06
3013.1,-6.95352e+06
3013.2,-6.95348e+06
3013.3,-6.95343e+06
3013.4,-6.95339e+06
3013.5,-6.95335e+06
3013.6,-6.9533e+06
3013.7,-6.95326e+06
3013.8,-6.95321e+06
3013.9,-6.95317e+06
3014,-6.95312e+06
3014.1,-6.95308e+06
3014.2,-6.95303e+06
3014.3,-6.95299e+06
3014.4,-6.95294e+06
3014.5,-6.9529e+06
3014.6,-6.95285e+06
3014.7,-6.95281e+06
3014.8,-6.95276e+06
3014.9,-6.95272e+06
3015,-6.95267e+06
3015.1,-6.95263e+06
3015.2,-6.95258e+06
3015.3,-6.95254e+06
3015.4,-6.95249e+06
3015.5,-6.95244e+06
3015.6,-6.9524e+06
3015.7,-6.95235e+06
3015.8,-6.9523e+06
3015.9,-6.95226e+06
3016,-6.95221e+06
3016.1,-6.95217e+06
3016.2,-6.95212e+06
3016.3,-6.95207e+06
3016.4,-6.95203e+06
3016.5,-6.95198e+06
3016.6,-6.95193e+06
3016.7,-6.95189e+06
3016.8,-6.95184e+06
3016.9,-6.95179e+06
3017,-6.95174e+06
3017.1,-6.9517e+06
3017.2,-6.95165e+06
3017.3,-6.9516e+06
3017.4,-6.95156e+06
3017.5,-6.95151e+06
3017.6,-6.95146e+06
3017.7,-6.95141e+06
3017.8,-6.95136e+06
3017.9,-6.95132e+06
3018,-6.95127e+06
3018.1,-6.95122e+06
3018.2,-6.95117e+06
3018.3,-6.95112e+06
3018.4,-6.95108e+06
3018.5,-6.95103e+06
3018.6,-6.95098e+06
3018.7,-6.95093e+06
3018.8,-6.95088e+06
3018.9,-6.95083e+06
3019,-6.95078e+06
3019.1,-6.95074e+06
3019.2,-6.95069e+06
3019.3,-6.95064e+06
3019.4,-6.95059e+06
3019.5,-6.95054e+06
3019.6,-6.95049e+06
3019.7,-6.95044e+06
3019.8,-6.95039e+06
3019.9,-6.95034e+06
3020,-6.95029e+06
3020.1,-6.95024e+06
3020.2,-6.95019e+06
3020.3,-6.95014e+06
3020.4,-6.95009e+06
3020.5,-6.95004e+06
3020.6,-6.94999e+06
3020.7,-6.94994e+06
3020.8,-6.94989e+06
3020.9,-6.94984e+06
3021,-6.94979e+06
3021.1,-6.94974e+06
3021.2,-6.94969e+06
3021.3,-6.94964e+06
3021.4,-6.94959e+06
3021.5,-6.94954e+06
3021.6,-6.94949e+06
3021.7,-6.94944e+06
3021.8,-6.94939e+06
3021.9,-6.94934e+06
3022,-6.94928e+06
3022.1,-6.94923e+06
3022.2,-6.94918e+06
3022.3,-6.94913e+06
3022.4,-6.94908e+06
3022.5,-6.94903e+06
3022.6,-6.94898e+06
3022.7,-6.94892e+06
3022.8,-6.94887e+06
3022.9,-6.94882e+06
3023,-6.94877e+06
3023.1,-6.94872e+06
3023.2,-6.94866e+06
3023.3,-6.94861e+06
3023.4,-6.94856e+06
3023.5,-6.94851e+06
3023.6,-6.94845e+06
3023.7,-6.9484e+06
3023.8,-6.94835e+06
3023.9,-6.9483e+06
3024,-6.94824e+06
3024.1,-6.94819e+06
3024.2,-6.94814e+06
3024.3,-6.94808e+06
3024.4,-6.94803e+06
3024.5,-6.94798e+06
3024.6,-6.94792e+06
3024.7,-6.94787e+06
3024.8,-6.94782e+06
3024.9,-6.94776e+06
3025,-6.94771e+06
3025.1,-6.94766e+06
3025.2,-6.9476e+06
3025.3,-6.94755e+06
3025.4,-6.94749e+06
3025.5,-6.94744e+06
3025.6,-6.94738e+06
3025.7,-6.94733e+06
3025.8,-6.94728e+06
3025.9,-6.94722e+06
3026,-6.94717e+06
3026.1,-6.94711e+06
3026.2,-6.94706e+06
3026.3,-6.947e+06
3026.4,-6.94695e+06
3026.5,-6.94689e+06
3026.6,-6.94684e+06
3026.7,-6.94678e+06
3026.8,-6.94673e+06
3026.9,-6.94667e+06
3027,-6.94662e+06
3027.1,-6.94656e+06
3027.2,-6.94651e+06
3027.3,-6.94645e+06
3027.4,-6.9464e+06
3027.5,-6.94634e+06
3027.6,-6.94628e+06
3027.7,-6.94623e+06
3027.8,-6.94617e+06
3027.9,-6.94612e+06
3028,-6.94606e+06
3028.1,-6.946e+06
3028.2,-6.94595e+06
3028.3,-6.94589e+06
3028.4,-6.94583e+06
3028.5,-6.94578e+06
3028.6,-6.94572e+06
3028.7,-6.94566e+06
3028.8,-6.94561e+06
3028.9,-6.94555e+06
3029,-6.94549e+06
3029.1,-6.94544e+06
3029.2,-6.94538e+06
3029.3,-6.94532e+06
3029.4,-6.94527e+06
3029.5,-6.94521e+06
3029.6,-6.94515e+06
3029.7,-6.94509e+06
3029.8,-6.94504e+06
3029.9,-6.94498e+06
3030,-6.94492e+06
3030.1,-6.94486e+06
3030.2,-6.9448e+06
3030.3,-6.94475e+06
3030.4,-6.94469e+06
3030.5,-6.94463e+06
3030.6,-6.94457e+06
3030.7,-6.94451e+06
3030.8,-6.94445e+06
3030.9,-6.9444e+06
3031,-6.94434e+06
3031.1,-6.94428e+06
3031.2,-6.94422e+06
3031.3,-6.94416e+06
3031.4,-6.9441e+06
3031.5,-6.94404e+06
3031.6,-6.94398e+06
3031.7,-6.94392e+06
3031.8,-6.94387e+06
3031.9,-6.94381e+06
3032,-6.94375e+06
3032.1,-6.94369e+06
3032.2,-6.94363e+06
3032.3,-6.94357e+06
3032.4,-6.94351e+06
3032.5,-6.94345e+06
3032.6,-6.94339e+06
3032.7,-6.94333e+06
3032.8,-6.94327e+06
3032.9,-6.94321e+06
3033,-6.94315e+06
3033.1,-6.94309e+06
3033.2,-6.94303e+06
3033.3,-6.94297e+06
3033.4,-6.94291e+06
3033.5,-6.94285e+06
3033.6,-6.94279e+06
3033.7,-6.94272e+06
3033.8,-6.94266e+06
3033.9,-6.9426e+06
3034,-6.94254e+06
3034.1,-6.94248e+06
3034.2,-6.94242e+06
3034.3,-6.94236e+06
3034.4,-6.9423e+06
3034.5,-6.94224e+06
3034.6,-6.94217e+06
3034.7,-6.94211e+06
3034.8,-6.94205e+06
3034.9,-6.94199e+06
3035,-6.94193e+06
3035.1,-6.94186e+06
3035.2,-6.9418e+06
3035.3,-6.94174e+06
3035.4,-6.94168e+06
3035.5,-6.94162e+06
3035.6,-6.94155e+06
3035.7,-6.94149e+06
3035.8,-6.94143e+06
3035.9,-6.94137e+06
3036,-6.9413e+06
3036.1,-6.94124e+06
3036.2,-6.94118e+06
3036.3,-6.94111e+06
3036.4,-6.94105e+06
3036.5,-6.94099e+06
3036.6,-6.94093e+06
3036.7,-6.94086e+06
3036.8,-6.9408e+06
3036.9,-6.94074e+06
3037,-6.94067e+06
3037.1,-6.94061e+06
3037.2,-6.94054e+06
3037.3,-6.94048e+06
3037.4,-6.94042e+06
3037.5,-6.94035e+06
3037.6,-6.94029e+06
3037.7,-6.94022e+06
3037.8,-6.94016e+06
3037.9,-6.9401e+06
3038,-6.94003e+06
3038.1,-6.93997e+06
3038.2,-6.9399e+06
3038.3,-6.93984e+06
3038.4,-6.93977e+06
3038.5,-6.93971e+06
3038.6,-6.93964e+06
3038.7,-6.93958e+06
3038.8,-6.93951e+06
3038.9,-6.93945e+06
3039,-6.93938e+06
3039.1,-6.93932e+06
3039.2,-6.93925e+06
3039.3,-6.93919e+06
3039.4,-6.93912e+06
3039.5,-6.93906e+06
3039.6,-6.93899e+06
3039.7,-6.93893e+06
3039.8,-6.93886e+06
3039.9,-6.93879e+06
3040,-6.93873e+06
3040.1,-6.93866e+06
3040.2,-6.9386e+06
3040.3,-6.93853e+06
3040.4,-6.93846e+06
3040.5,-6.9384e+06
3040.6,-6.93833e+06
3040.7,-6.93826e+06
3040.8,-6.9382e+06
3040.9,-6.93813e+06
3041,-6.93806e+06
3041.1,-6.938e+06
3041.2,-6.93793e+06
3041.3,-6.93786e+06
3041.4,-6.9378e+06
3041.5,-6.93773e+06
3041.6,-6.93766e+06
3041.7,-6.93759e+06
3041.8,-6.93753e+06
3041.9,-6.93746e+06
3042,-6.93739e+06
3042.1,-6.93732e+06
3042.2,-6.93726e+06
3042.3,-6.93719e+06
3042.4,-6.93712e+06
3042.5,-6.93705e+06
3042.6,-6.93698e+06
3042.7,-6.93692e+06
3042.8,-6.93685e+06
3042.9,-6.93678e+06
3043,-6.93671e+06
3043.1,-6.93664e+06
3043.2,-6.93657e+06
3043.3,-6.9365e+06
3043.4,-6.93644e+06
3043.5,-6.93637e+06
3043.6,-6.9363e+06
3043.7,-6.93623e+06
3043.8,-6.93616e+06
3043.9,-6.93609e+06
3044,-6.93602e+06
3044.1,-6.93595e+06
3044.2,-6.93588e+06
3044.3,-6.93581e+06
3044.4,-6.93574e+06
3044.5,-6.93567e+06
3044.6,-6.9356e+06
3044.7,-6.93554e+06
3044.8,-6.93546e+06
3044.9,-6.9354e+06
3045,-6.93532e+06
3045.1,-6.93526e+06
3045.2,-6.93518e+06
3045.3,-6.93511e+06
3045.4,-6.93504e+06
3045.5,-6.93497e+06
3045.6,-6.9349e+06
3045.7,-6.93483e+06
3045.8,-6.93476e+06
3045.9,-6.93469e+06
3046,-6.93462e+06
3046.1,-6.93455e+06
3046.2,-6.93448e+06
3046.3,-6.93441e+06
3046.4,-6.93434e+06
3046.5,-6.93426e+06
3046.6,-6.93419e+06
3046.7,-6.93412e+06
3046.8,-6.93405e+06
3046.9,-6.93398e+06
3047,-6.93391e+06
3047.1,-6.93384e+06
3047.2,-6.93376e+06
3047.3,-6.93369e+06
3047.4,-6.93362e+06
3047.5,-6.93355e+06
3047.6,-6.93348e+06
3047.7,-6.9334e+06
3047.8,-6.93333e+06
3047.9,-6.93326e+06
3048,-6.93318e+06
3048.1,-6.93311e+06
3048.2,-6.93304e+06
3048.3,-6.93297e+06
3048.4,-6.93289e+06
3048.5,-6.93282e+06
3048.6,-6.93275e+06
3048.7,-6.93268e+06
3048.8,-6.9326e+06
3048.9,-6.93253e+06
3049,-6.93246e+06
3049.1,-6.93238e+06
3049.2,-6.93231e+06
3049.3,-6.93224e+06
3049.4,-6.93216e+06
3049.5,-6.93209e+06
3049.6,-6.93201e+06
3049.7,-6.93194e+06
3049.8,-6.93187e+06
3049.9,-6.93179e+06
3050,-6.93172e+06
3050.1,-6.93164e+06
3050.2,-6.93157e+06
3050.3,-6.9315e+06
3050.4,-6.93142e+06
3050.5,-6.93135e+06
3050.6,-6.93127e+06
3050.7,-6.9312e+06
3050.8,-6.93112e+06
3050.9,-6.93105e+06
3051,-6.93097e+06
3051.1,-6.9309e+06
3051.2,-6.93082e+06
3051.3,-6.93075e+06
3051.4,-6.93067e+06
3051.5,-6.9306e+06
3051.6,-6.93052e+06
3051.7,-6.93044e+06
3051.8,-6.93037e+06
3051.9,-6.93029e+06
3052,-6.93022e+06
3052.1,-6.93014e+06
3052.2,-6.93007e+06
3052.3,-6.92999e+06
3052.4,-6.92991e+06
3052.5,-6.92984e+06
3052.6,-6.92976e+06
3052.7,-6.92968e+06
3052.8,-6.92961e+06
3052.9,-6.92953e+06
3053,-6.92946e+06
3053.1,-6.92938e+06
3053.2,-6.9293e+06
3053.3,-6.92922e+06
3053.4,-6.92915e+06
3053.5,-6.92907e+06
3053.6,-6.92899e+06
3053.7,-6.92892e+06
3053.8,-6.92884e+06
3053.9,-6.92876e+06
3054,-6.92868e+06
3054.1,-6.92861e+06
3054.2,-6.92853e+06
3054.3,-6.92845e+06
3054.4,-6.92837e+06
3054.5,-6.9283e+06
3054.6,-6.92822e+06
3054.7,-6.92814e+06
3054.8,-6.92806e+06
3054.9,-6.92798e+06
3055,-6.92791e+06
3055.1,-6.92783e+06
3055.2,-6.92775e+06
3055.3,-6.92767e+06
3055.4,-6.92759e+06
3055.5,-6.92751e+06
3055.6,-6.92744e+06
3055.7,-6.92736e+06
3055.8,-6.92728e+06
3055.9,-6.9272e+06
3056,-6.92712e+06
3056.1,-6.92704e+06
3056.2,-6.92696e+06
3056.3,-6.92688e+06
3056.4,-6.9268e+06
3056.5,-6.92672e+06
3056.6,-6.92664e+06
3056.7,-6.92656e+06
3056.8,-6.92648e+06
3056.9,-6.9264e+06
3057,-6.92632e+06
3057.1,-6.92624e+06
3057.2,-6.92616e+06
3057.3,-6.92608e+06
3057.4,-6.926e+06
3057.5,-6.92592e+06
3057.6,-6.92584e+06
3057.7,-6.92576e+06
3057.8,-6.92568e+06
3057.9,-6.9256e+06
3058,-6.92552e+06
3058.1,-6.92544e+06
3058.2,-6.92536e+06
3058.3,-6.92528e+06
3058.4,-6.9252e+06
3058.5,-6.92512e+06
3058.6,-6.92504e+06
3058.7,-6.92495e+06
3058.8,-6.92487e+06
3058.9,-6.92479e+06
3059,-6.92471e+06
3059.1,-6.92463e+06
3059.2,-6.92455e+06
3059.3,-6.92446e+06
3059.4,-6.92438e+06
3059.5,-6.9243e+06
3059.6,-6.92422e+06
3059.7,-6.92414e+06
3059.8,-6.92406e+06
3059.9,-6.92397e+06
3060,-6.92389e+06
3060.1,-6.92381e+06
3060.2,-6.92373e+06
3060.3,-6.92364e+06
3060.4,-6.92356e+06
3060.5,-6.92348e+06
3060.6,-6.9234e+06
3060.7,-6.92331e+06
3060.8,-6.92323e+06
3060.9,-6.92315e+06
3061,-6.92306e+06
3061.1,-6.92298e+06
3061.2,-6.9229e+06
3061.3,-6.92281e+06
3061.4,-6.92273e+06
3061.5,-6.92265e+06
3061.6,-6.92256e+06
3061.7,-6.92248e+06
3061.8,-6.9224e+06
3061.9,-6.92231e+06
3062,-6.92223e+06
3062.1,-6.92214e+06
3062.2,-6.92206e+06
3062.3,-6.92198e+06
3062.4,-6.92189e+06
3062.5,-6.92181e+06
3062.6,-6.92172e+06
3062.7,-6.92164e+06
3062.8,-6.92155e+06
3062.9,-6.92147e+06
3063,-6.92138e+06
3063.1,-6.9213e+06
3063.2,-6.92121e+06
3063.3,-6.92113e+06
3063.4,-6.92104e+06
3063.5,-6.92096e+06
3063.6,-6.92087e+06
3063.7,-6.92079e+06
3063.8,-6.9207e+06
3063.9,-6.92062e+06
3064,-6.92053e+06
3064.1,-6.92044e+06
3064.2,-6.92036e+06
3064.3,-6.92027e+06
3064.4,-6.92019e+06
3064.5,-6.9201e+06
3064.6,-6.92002e+06
3064.7,-6.91993e+06
3064.8,-6.91984e+06
3064.9,-6.91976e+06
3065,-6.91967e+06
3065.1,-6.91958e+06
3065.2,-6.9195e+06
3065.3,-6.91941e+06
3065.4,-6.91932e+06
3065.5,-6.91924e+06
3065.6,-6.91915e+06
3065.7,-6.91906e+06
3065.8,-6.91898e+06
3065.9,-6.91889e+06
3066,-6.9188e+06
3066.1,-6.91872e+06
3066.2,-6.91863e+06
3066.3,-6.91854e+06
3066.4,-6.91845e+06
3066.5,-6.91836e+06
3066.6,-6.91828e+06
3066.7,-6.91819e+06
3066.8,-6.9181e+06
3066.9,-6.91801e+06
3067,-6.91793e+06
3067.1,-6.91784e+06
3067.2,-6.91775e+06
3067.3,-6.91766e+06
3067.4,-6.91757e+06
3067.5,-6.91748e+06
3067.6,-6.9174e+06
3067.7,-6.91731e+06
3067.8,-6.91722e+06
3067.9,-6.91713e+06
3068,-6.91704e+06
3068.1,-6.91695e+06
3068.2,-6.91686e+06
3068.3,-6.91677e+06
3068.4,-6.91668e+06
3068.5,-6.9166e+06
3068.6,-6.91651e+06
3068.7,-6.91642e+06
3068.8,-6.91633e+06
3068.9,-6.91624e+06
3069,-6.91615e+06
3069.1,-6.91606e+06
3069.2,-6.91597e+06
3069.3,-6.91588e+06
3069.4,-6.91579e+06
3069.5,-6.9157e+06
3069.6,-6.91561e+06
3069.7,-6.91552e+06
3069.8,-6.91543e+06
3069.9,-6.91534e+06
3070,-6.91525e+06
3070.1,-6.91516e+06
3070.2,-6.91507e+06
3070.3,-6.91498e+06
3070.4,-6.91488e+06
3070.5,-6.91479e+06
3070.6,-6.9147e+06
3070.7,-6.91461e+06
3070.8,-6.91452e+06
3070.9,-6.91443e+06
3071,-6.91434e+06
3071.1,-6.91425e+06
3071.2,-6.91415e+06
3071.3,-6.91406e+06
3071.4,-6.91397e+06
3071.5,-6.91388e+06
3071.6,-6.91379e+06
3071.7,-6.9137e+06
3071.8,-6.9136e+06
3071.9,-6.91351e+06
3072,-6.91342e+06
3072.1,-6.91333e+06
3072.2,-6.91324e+06
3072.3,-6.91314e+06
3072.4,-6.91305e+06
3072.5,-6.91296e+06
3072.6,-6.91287e+06
3072.7,-6.91277e+06
3072.8,-6.91268e+06
3072.9,-6.91259e+06
3073,-6.91249e+06
3073.1,-6.9124e+06
3073.2,-6.91231e+06
3073.3,-6.91222e+06
3073.4,-6.91212e+06
3073.5,-6.91203e+06
3073.6,-6.91194e+06
3073.7,-6.91184e+06
3073.8,-6.91175e+06
3073.9,-6.91165e+06
3074,-6.91156e+06
3074.1,-6.91147e+06
3074.2,-6.91137e+06
3074.3,-6.91128e+06
3074.4,-6.91118e+06
3074.5,-6.91109e+06
3074.6,-6.911e+06
3074.7,-6.9109e+06
3074.8,-6.91081e+06
3074.9,-6.91071e+06
3075,-6.91062e+06
3075.1,-6.91052e+06
3075.2,-6.91043e+06
3075.3,-6.91034e+06
3075.4,-6.91024e+06
3075.5,-6.91014e+06
3075.6,-6.91005e+06
3075.7,-6.90996e+06
3075.8,-6.90986e+06
3075.9,-6.90976e+06
3076,-6.90967e+06
3076.1,-6.90957e+06
3076.2,-6.90948e+06
3076.3,-6.90938e+06
3076.4,-6.90929e+06
3076.5,-6.90919e+06
3076.6,-6.9091e+06
3076.7,-6.909e+06
3076.8,-6.9089e+06
3076.9,-6.90881e+06
3077,-6.90871e+06
3077.1,-6.90861e+06
3077.2,-6.90852e+06
3077.3,-6.90842e+06
3077.4,-6.90832e+06
3077.5,-6.90823e+06
3077.6,-6.90813e+06
3077.7,-6.90804e+06
3077.8,-6.90794e+06
3077.9,-6.90784e+06
3078,-6.90774e+06
3078.1,-6.90765e+06
3078.2,-6.90755e+06
3078.3,-6.90745e+06
3078.4,-6.90736e+06
3078.5,-6.90726e+06
3078.6,-6.90716e+06
3078.7,-6.90706e+06
3078.8,-6.90697e+06
3078.9,-6.90687e+06
3079,-6.90677e+06
3079.1,-6.90667e+06
3079.2,-6.90657e+06
3079.3,-6.90648e+06
3079.4,-6.90638e+06
3079.5,-6.90628e+06
3079.6,-6.90618e+06
3079.7,-6.90608e+06
3079.8,-6.90598e+06
3079.9,-6.90589e+06
3080,-6.90579e+06
3080.1,-6.90569e+06
3080.2,-6.90559e+06
3080.3,-6.90549e+06
3080.4,-6.90539e+06
3080.5,-6.90529e+06
3080.6,-6.90519e+06
3080.7,-6.9051e+06
3080.8,-6.905e+06
3080.9,-6.9049e+06
3081,-6.9048e+06
3081.1,-6.9047e+06
3081.2,-6.9046e+06
3081.3,-6.9045e+06
3081.4,-6.9044e+06
3081.5,-6.9043e+06
3081.6,-6.9042e+06
3081.7,-6.9041e+06
3081.8,-6.904e+06
3081.9,-6.9039e+06
3082,-6.9038e+06
3082.1,-6.9037e+06
3082.2,-6.9036e+06
3082.3,-6.9035e+06
3082.4,-6.9034e+06
3082.5,-6.9033e+06
3082.6,-6.9032e+06
3082.7,-6.90309e+06
3082.8,-6.90299e+06
3082.9,-6.90289e+06
3083,-6.90279e+06
3083.1,-6.90269e+06
3083.2,-6.90259e+06
3083.3,-6.90249e+06
3083.4,-6.90239e+06
3083.5,-6.90228e+06
3083.6,-6.90218e+06
3083.7,-6.90208e+06
3083.8,-6.90198e+06
3083.9,-6.90188e+06
3084,-6.90178e+06
3084.1,-6.90167e+06
3084.2,-6.90157e+06
3084.3,-6.90147e+06
3084.4,-6.90137e+06
3084.5,-6.90127e+06
3084.6,-6.90116e+06
3084.7,-6.90106e+06
3084.8,-6.90096e+06
3084.9,-6.90086e+06
3085,-6.90075e+06
3085.1,-6.90065e+06
3085.2,-6.90055e+06
3085.3,-6.90044e+06
3085.4,-6.90034e+06
3085.5,-6.90024e+06
3085.6,-6.90014e+06
3085.7,-6.90003e+06
3085.8,-6.89993e+06
3085.9,-6.89982e+06
3086,-6.89972e+06
3086.1,-6.89962e+06
3086.2,-6.89951e+06
3086.3,-6.89941e+06
3086.4,-6.89931e+06
3086.5,-6.8992e+06
3086.6,-6.8991e+06
3086.7,-6.89899e+06
3086.8,-6.89889e+06
3086.9,-6.89879e+06
3087,-6.89868e+06
3087.1,-6.89858e+06
3087.2,-6.89847e+06
3087.3,-6.89837e+06
3087.4,-6.89826e+06
3087.5,-6.89816e+06
3087.6,-6.89805e+06
3087.7,-6.89795e+06
3087.8,-6.89784e+06
3087.9,-6.89774e+06
3088,-6.89763e+06
3088.1,-6.89753e+06
3088.2,-6.89742e+06
3088.3,-6.89732e+06
3088.4,-6.89721e+06
3088.5,-6.89711e+06
3088.6,-6.897e+06
3088.7,-6.8969e+06
3088.8,-6.89679e+06
3088.9,-6.89668e+06
3089,-6.89658e+06
3089.1,-6.89647e+06
3089.2,-6.89637e+06
3089.3,-6.89626e+06
3089.4,-6.89615e+06
3089.5,-6.89605e+06
3089.6,-6.89594e+06
3089.7,-6.89583e+06
3089.8,-6.89573e+06
3089.9,-6.89562e+06
3090,-6.89551e+06
3090.1,-6.89541e+06
3090.2,-6.8953e+06
3090.3,-6.89519e+06
3090.4,-6.89509e+06
3090.5,-6.89498e+06
3090.6,-6.89487e+06
3090.7,-6.89476e+06
3090.8,-6.89466e+06
3090.9,-6.89455e+06
3091,-6.89444e+06
3091.1,-6.89434e+06
3091.2,-6.89423e+06
3091.3,-6.89412e+06
3091.4,-6.89401e+06
3091.5,-6.8939e+06
3091.6,-6.8938e+06
3091.7,-6.89369e+06
3091.8,-6.89358e+06
3091.9,-6.89347e+06
3092,-6.89336e+06
3092.1,-6.89325e+06
3092.2,-6.89315e+06
3092.3,-6.89304e+06
3092.4,-6.89293e+06
3092.5,-6.89282e+06
3092.6,-6.89271e+06
3092.7,-6.8926e+06
3092.8,-6.89249e+06
3092.9,-6.89238e+06
3093,-6.89227e+06
3093.1,-6.89216e+06
3093.2,-6.89206e+06
3093.3,-6.89195e+06
3093.4,-6.89184e+06
3093.5,-6.89173e+06
3093.6,-6.89162e+06
3093.7,-6.89151e+06
3093.8,-6.8914e+06
3093.9,-6.89129e+06
3094,-6.89118e+06
3094.1,-6.89107e+06
3094.2,-6.89096e+06
3094.3,-6.89085e+06
3094.4,-6.89074e+06
3094.5,-6.89063e+06
3094.6,-6.89052e+06
3094.7,-6.8904e+06
3094.8,-6.89029e+06
3094.9,-6.89018e+06
3095,-6.89007e+06
3095.1,-6.88996e+06
3095.2,-6.88985e+06
3095.3,-6.88974e+06
3095.4,-6.88963e+06
3095.5,-6.88952e+06
3095.6,-6.88941e+06
3095.7,-6.8893e+06
3095.8,-6.88918e+06
3095.9,-6.88907e+06
3096,-6.88896e+06
3096.1,-6.88885e+06
3096.2,-6.88874e+06
3096.3,-6.88862e+06
3096.4,-6.88851e+06
3096.5,-6.8884e+06
3096.6,-6.88829e+06
3096.7,-6.88818e+06
3096.8,-6.88806e+06
3096.9,-6.88795e+06
3097,-6.88784e+06
3097.1,-6.88773e+06
3097.2,-6.88761e+06
3097.3,-6.8875e+06
3097.4,-6.88739e+06
3097.5,-6.88728e+06
3097.6,-6.88716e+06
3097.7,-6.88705e+06
3097.8,-6.88694e+06
3097.9,-6.88682e+06
3098,-6.88671e+06
3098.1,-6.8866e+06
3098.2,-6.88648e+06
3098.3,-6.88637e+06
3098.4,-6.88626e+06
3098.5,-6.88614e+06
3098.6,-6.88603e+06
3098.7,-6.88592e+06
3098.8,-6.8858e+06
3098.9,-6.88569e+06
3099,-6.88557e+06
3099.1,-6.88546e+06
3099.2,-6.88535e+06
3099.3,-6.88523e+06
3099.4,-6.88512e+06
3099.5,-6.885e+06
3099.6,-6.88489e+06
3099.7,-6.88477e+06
3099.8,-6.88466e+06
3099.9,-6.88454e+06
3100,-6.88443e+06
3100.1,-6.88431e+06
3100.2,-6.8842e+06
3100.3,-6.88408e+06
3100.4,-6.88397e+06
3100.5,-6.88385e+06
3100.6,-6.88374e+06
3100.7,-6.88362e+06
3100.8,-6.88351e+06
3100.9,-6.88339e+06
3101,-6.88328e+06
3101.1,-6.88316e+06
3101.2,-6.88304e+06
3101.3,-6.88293e+06
3101.4,-6.88281e+06
3101.5,-6.8827e+06
3101.6,-6.88258e+06
3101.7,-6.88246e+06
3101.8,-6.88235e+06
3101.9,-6.88223e+06
3102,-6.88211e+06
3102.1,-6.882e+06
3102.2,-6.88188e+06
3102.3,-6.88176e+06
3102.4,-6.88165e+06
3102.5,-6.88153e+06
3102.6,-6.88141e+06
3102.7,-6.8813e+06
3102.8,-6.88118e+06
3102.9,-6.88106e+06
3103,-6.88094e+06
3103.1,-6.88083e+06
3103.2,-6.88071e+06
3103.3,-6.88059e+06
3103.4,-6.88047e+06
3103.5,-6.88036e+06
3103.6,-6.88024e+06
3103.7,-6.88012e+06
3103.8,-6.88e+06
3103.9,-6.87988e+06
3104,-6.87977e+06
3104.1,-6.87965e+06
3104.2,-6.87953e+06
3104.3,-6.87941e+06
3104.4,-6.87929e+06
3104.5,-6.87918e+06
3104.6,-6.87906e+06
3104.7,-6.87894e+06
3104.8,-6.87882e+06
3104.9,-6.8787e+06
3105,-6.87858e+06
3105.1,-6.87846e+06
3105.2,-6.87834e+06
3105.3,-6.87822e+06
3105.4,-6.8781e+06
3105.5,-6.87798e+06
3105.6,-6.87787e+06
3105.7,-6.87775e+06
3105.8,-6.87763e+06
3105.9,-6.87751e+06
3106,-6.87739e+06
3106.1,-6.87727e+06
3106.2,-6.87715e+06
3106.3,-6.87703e+06
3106.4,-6.87691e+06
3106.5,-6.87679e+06
3106.6,-6.87667e+06
3106.7,-6.87655e+06
3106.8,-6.87643e+06
3106.9,-6.87631e+06
3107,-6.87619e+06
3107.1,-6.87606e+06
3107.2,-6.87594e+06
3107.3,-6.87582e+06
3107.4,-6.8757e+06
3107.5,-6.87558e+06
3107.6,-6.87546e+06
3107.7,-6.87534e+06
3107.8,-6.87522e+06
3107.9,-6.8751e+06
3108,-6.87498e+06
3108.1,-6.87485e+06
3108.2,-6.87473e+06
3108.3,-6.87461e+06
3108.4,-6.87449e+06
3108.5,-6.87437e+06
3108.6,-6.87425e+06
3108.7,-6.87412e+06
3108.8,-6.874e+06
3108.9,-6.87388e+06
3109,-6.87376e+06
3109.1,-6.87364e+06
3109.2,-6.87351e+06
3109.3,-6.87339e+06
3109.4,-6.87327e+06
3109.5,-6.87314e+06
3109.6,-6.87302e+06
3109.7,-6.8729e+06
3109.8,-6.87278e+06
3109.9,-6.87265e+06
3110,-6.87253e+06
3110.1,-6.87241e+06
3110.2,-6.87228e+06
3110.3,-6.87216e+06
3110.4,-6.87204e+06
3110.5,-6.87192e+06
3110.6,-6.87179e+06
3110.7,-6.87167e+06
3110.8,-6.87154e+06
3110.9,-6.87142e+06
3111,-6.8713e+06
3111.1,-6.87117e+06
3111.2,-6.87105e+06
3111.3,-6.87092e+06
3111.4,-6.8708e+06
3111.5,-6.87068e+06
3111.6,-6.87055e+06
3111.7,-6.87043e+06
3111.8,-6.8703e+06
3111.9,-6.87018e+06
3112,-6.87005e+06
3112.1,-6.86993e+06
3112.2,-6.8698e+06
3112.3,-6.86968e+06
3112.4,-6.86956e+06
3112.5,-6.86943e+06
3112.6,-6.8693e+06
3112.7,-6.86918e+06
3112.8,-6.86905e+06
3112.9,-6.86893e+06
3113,-6.8688e+06
3113.1,-6.86868e+06
3113.2,-6.86855e+06
3113.3,-6.86843e+06
3113.4,-6.8683e+06
3113.5,-6.86818e+06
3113.6,-6.86805e+06
3113.7,-6.86792e+06
3113.8,-6.8678e+06
3113.9,-6.86767e+06
3114,-6.86755e+06
3114.1,-6.86742e+06
3114.2,-6.86729e+06
3114.3,-6.86717e+06
3114.4,-6.86704e+06
3114.5,-6.86691e+06
3114.6,-6.86679e+06
3114.7,-6.86666e+06
3114.8,-6.86653e+06
3114.9,-6.86641e+06
3115,-6.86628e+06
3115.1,-6.86615e+06
3115.2,-6.86602e+06
3115.3,-6.8659e+06
3115.4,-6.86577e+06
3115.5,-6.86564e+06
3115.6,-6.86551e+06
3115.7,-6.86539e+06
3115.8,-6.86526e+06
3115.9,-6.86513e+06
3116,-6.865e+06
3116.1,-6.86488e+06
3116.2,-6.86475e+06
3116.3,-6.86462e+06
3116.4,-6.86449e+06
3116.5,-6.86436e+06
3116.6,-6.86423e+06
3116.7,-6.86411e+06
3116.8,-6.86398e+06
3116.9,-6.86385e+06
3117,-6.86372e+06
3117.1,-6.86359e+06
3117.2,-6.86346e+06
3117.3,-6.86333e+06
3117.4,-6.8632e+06
3117.5,-6.86308e+06
3117.6,-6.86295e+06
3117.7,-6.86282e+06
3117.8,-6.86269e+06
3117.9,-6.86256e+06
3118,-6.86243e+06
3118.1,-6.8623e+06
3118.2,-6.86217e+06
3118.3,-6.86204e+06
3118.4,-6.86191e+06
3118.5,-6.86178e+06
3118.6,-6.86165e+06
3118.7,-6.86152e+06
3118.8,-6.86139e+06
3118.9,-6.86126e+06
3119,-6.86113e+06
3119.1,-6.861e+06
3119.2,-6.86087e+06
3119.3,-6.86074e+06
3119.4,-6.86061e+06
3119.5,-6.86048e+06
3119.6,-6.86035e+06
3119.7,-6.86022e+06
3119.8,-6.86008e+06
3119.9,-6.85995e+06
3120,-6.85982e+06
3120.1,-6.85969e+06
3120.2,-6.85956e+06
3120.3,-6.85943e+06
3120.4,-6.8593e+06
3120.5,-6.85917e+06
3120.6,-6.85904e+06
3120.7,-6.8589e+06
3120.8,-6.85877e+06
3120.9,-6.85864e+06
3121,-6.85851e+06
3121.1,-6.85838e+06
3121.2,-6.85824e+06
3121.3,-6.85811e+06
3121.4,-6.85798e+06
3121.5,-6.85785e+06
3121.6,-6.85772e+06
3121.7,-6.85758e+06
3121.8,-6.85745e+06
3121.9,-6.85732e+06
3122,-6.85718e+06
3122.1,-6.85705e+06
3122.2,-6.85692e+06
3122.3,-6.85679e+06
3122.4,-6.85665e+06
3122.5,-6.85652e+06
3122.6,-6.85639e+06
3122.7,-6.85625e+06
3122.8,-6.85612e+06
3122.9,-6.85599e+06
3123,-6.85585e+06
3123.1,-6.85572e+06
3123.2,-6.85559e+06
3123.3,-6.85545e+06
3123.4,-6.85532e+06
3123.5,-6.85518e+06
3123.6,-6.85505e+06
3123.7,-6.85492e+06
3123.8,-6.85478e+06
3123.9,-6.85465e+06
3124,-6.85451e+06
3124.1,-6.85438e+06
3124.2,-6.85424e+06
3124.3,-6.85411e+06
3124.4,-6.85398e+06
3124.5,-6.85384e+06
3124.6,-6.85371e+06
3124.7,-6.85357e+06
3124.8,-6.85344e+06
3124.9,-6.8533e+06
3125,-6.85317e+06
3125.1,-6.85303e+06
3125.2,-6.8529e+06
3125.3,-6.85276e+06
3125.4,-6.85262e+06
3125.5,-6.85249e+06
3125.6,-6.85235e+06
3125.7,-6.85222e+06
3125.8,-6.85208e+06
3125.9,-6.85195e+06
3126,-6.85181e+06
3126.1,-6.85167e+06
3126.2,-6.85154e+06
3126.3,-6.8514e+06
3126.4,-6.85127e+06
3126.5,-6.85113e+06
3126.6,-6.85099e+06
3126.7,-6.85086e+06
3126.8,-6.85072e+06
3126.9,-6.85058e+06
3127,-6.85045e+06
3127.1,-6.85031e+06
3127.2,-6.85017e+06
3127.3,-6.85004e+06
3127.4,-6.8499e+06
3127.5,-6.84976e+06
3127.6,-6.84962e+06
3127.7,-6.84949e+06
3127.8,-6.84935e+06
3127.9,-6.84921e+06
3128,-6.84907e+06
3128.1,-6.84894e+06
3128.2,-6.8488e+06
3128.3,-6.84866e+06
3128.4,-6.84852e+06
3128.5,-6.84839e+06
3128.6,-6.84825e+06
3128.7,-6.84811e+06
3128.8,-6.84797e+06
3128.9,-6.84783e+06
3129,-6.84769e+06
3129.1,-6.84756e+06
3129.2,-6.84742e+06
3129.3,-6.84728e+06
3129.4,-6.84714e+06
3129.5,-6.847e+06
3129.6,-6.84686e+06
3129.7,-6.84672e+06
3129.8,-6.84658e+06
3129.9,-6.84645e+06
3130,-6.84631e+06
3130.1,-6.84617e+06
3130.2,-6.84603e+06
3130.3,-6.84589e+06
3130.4,-6.84575e+06
3130.5,-6.84561e+06
3130.6,-6.84547e+06
3130.7,-6.84533e+06
3130.8,-6.84519e+06
3130.9,-6.84505e+06
3131,-6.84491e+06
3131.1,-6.84477e+06
3131.2,-6.84463e+06
3131.3,-6.84449e+06
3131.4,-6.84435e+06
3131.5,-6.84421e+06
3131.6,-6.84407e+06
3131.7,-6.84393e+06
3131.8,-6.84379e+06
3131.9,-6.84365e+06
3132,-6.84351e+06
3132.1,-6.84337e+06
3132.2,-6.84322e+06
3132.3,-6.84308e+06
3132.4,-6.84294e+06
3132.5,-6.8428e+06
3132.6,-6.84266e+06
3132.7,-6.84252e+06
3132.8,-6.84238e+06
3132.9,-6.84224e+06
3133,-6.84209e+06
3133.1,-6.84195e+06
3133.2,-6.84181e+06
3133.3,-6.84167e+06
3133.4,-6.84153e+06
3133.5,-6.84138e+06
3133.6,-6.84124e+06
3133.7,-6.8411e+06
3133.8,-6.84096e+06
3133.9,-6.84082e+06
3134,-6.84067e+06
3134.1,-6.84053e+06
3134.2,-6.84039e+06
3134.3,-6.84025e+06
3134.4,-6.8401e+06
3134.5,-6.83996e+06
3134.6,-6.83982e+06
3134.7,-6.83968e+06
3134.8,-6.83953e+06
3134.9,-6.83939e+06
3135,-6.83925e+06
3135.1,-6.8391e+06
3135.2,-6.83896e+06
3135.3,-6.83882e+06
3135.4,-6.83867e+06
3135.5,-6.83853e+06
3135.6,-6.83838e+06
3135.7,-6.83824e+06
3135.8,-6.8381e+06
3135.9,-6.83795e+06
3136,-6.83781e+06
3136.1,-6.83766e+06
3136.2,-6.83752e+06
3136.3,-6.83738e+06
3136.4,-6.83723e+06
3136.5,-6.83709e+06
3136.6,-6.83694e+06
3136.7,-6.8368e+06
3136.8,-6.83665e+06
3136.9,-6.83651e+06
3137,-6.83636e+06
3137.1,-6.83622e+06
3137.2,-6.83608e+06
3137.3,-6.83593e+06
3137.4,-6.83578e+06
3137.5,-6.83564e+06
3137.6,-6.83549e+06
3137.7,-6.83535e+06
3137.8,-6.8352e+06
3137.9,-6.83506e+06
3138,-6.83491e+06
3138.1,-6.83477e+06
3138.2,-6.83462e+06
3138.3,-6.83448e+06
3138.4,-6.83433e+06
3138.5,-6.83418e+06
3138.6,-6.83404e+06
3138.7,-6.83389e+06
3138.8,-6.83374e+06
3138.9,-6.8336e+06
3139,-6.83345e+06
3139.1,-6.8333e+06
3139.2,-6.83316e+06
3139.3,-6.83301e+06
3139.4,-6.83287e+06
3139.5,-6.83272e+06
3139.6,-6.83257e+06
3139.7,-6.83242e+06
3139.8,-6.83228e+06
3139.9,-6.83213e+06
3140,-6.83198e+06
3140.1,-6.83184e+06
3140.2,-6.83169e+06
3140.3,-6.83154e+06
3140.4,-6.83139e+06
3140.5,-6.83125e+06
3140.6,-6.8311e+06
3140.7,-6.83095e+06
3140.8,-6.8308e+06
3140.9,-6.83065e+06
3141,-6.83051e+06
3141.1,-6.83036e+06
3141.2,-6.83021e+06
3141.3,-6.83006e+06
3141.4,-6.82991e+06
3141.5,-6.82976e+06
3141.6,-6.82962e+06
3141.7,-6.82947e+06
3141.8,-6.82932e+06
3141.9,-6.82917e+06
3142,-6.82902e+06
3142.1,-6.82887e+06
3142.2,-6.82872e+06
3142.3,-6.82857e+06
3142.4,-6.82843e+06
3142.5,-6.82828e+06
3142.6,-6.82813e+06
3142.7,-6.82798e+06
3142.8,-6.82783e+06
3142.9,-6.82768e+06
3143,-6.82753e+06
3143.1,-6.82738e+06
3143.2,-6.82723e+06
3143.3,-6.82708e+06
3143.4,-6.82693e+06
3143.5,-6.82678e+06
3143.6,-6.82663e+06
3143.7,-6.82648e+06
3143.8,-6.82633e+06
3143.9,-6.82618e+06
3144,-6.82603e+06
3144.1,-6.82588e+06
3144.2,-6.82573e+06
3144.3,-6.82558e+06
3144.4,-6.82543e+06
3144.5,-6.82527e+06
3144.6,-6.82512e+06
3144.7,-6.82497e+06
3144.8,-6.82482e+06
3144.9,-6.82467e+06
3145,-6.82452e+06
3145.1,-6.82437e+06
3145.2,-6.82422e+06
3145.3,-6.82406e+06
3145.4,-6.82391e+06
3145.5,-6.82376e+06
3145.6,-6.82361e+06
3145.7,-6.82346e+06
3145.8,-6.82331e+06
3145.9,-6.82315e+06
3146,-6.823e+06
3146.1,-6.82285e+06
3146.2,-6.8227e+06
3146.3,-6.82255e+06
3146.4,-6.82239e+06
3146.5,-6.82224e+06
3146.6,-6.82209e+06
3146.7,-6.82194e+06
3146.8,-6.82178e+06
3146.9,-6.82163e+06
3147,-6.82148e+06
3147.1,-6.82132e+06
3147.2,-6.82117e+06
3147.3,-6.82102e+06
3147.4,-6.82087e+06
3147.5,-6.82071e+06
3147.6,-6.82056e+06
3147.7,-6.8204e+06
3147.8,-6.82025e+06
3147.9,-6.8201e+06
3148,-6.81994e+06
3148.1,-6.81979e+06
3148.2,-6.81964e+06
3148.3,-6.81948e+06
3148.4,-6.81933e+06
3148.5,-6.81918e+06
3148.6,-6.81902e+06
3148.7,-6.81887e+06
3148.8,-6.81871e+06
3148.9,-6.81856e+06
3149,-6.8184e+06
3149.1,-6.81825e+06
3149.2,-6.81809e+06
3149.3,-6.81794e+06
3149.4,-6.81778e+06
3149.5,-6.81763e+06
3149.6,-6.81748e+06
3149.7,-6.81732e+06
3149.8,-6.81716e+06
3149.9,-6.81701e+06
3150,-6.81685e+06
3150.1,-6.8167e+06
3150.2,-6.81654e+06
3150.3,-6.81639e+06
3150.4,-6.81623e+06
3150.5,-6.81608e+06
3150.6,-6.81592e+06
3150.7,-6.81576e+06
3150.8,-6.81561e+06
3150.9,-6.81545e+06
3151,-6.8153e+06
3151.1,-6.81514e+06
3151.2,-6.81498e+06
3151.3,-6.81483e+06
3151.4,-6.81467e+06
3151.5,-6.81452e+06
3151.6,-6.81436e+06
3151.7,-6.8142e+06
3151.8,-6.81405e+06
3151.9,-6.81389e+06
3152,-6.81373e+06
3152.1,-6.81358e+06
3152.2,-6.81342e+06
3152.3,-6.81326e+06
3152.4,-6.8131e+06
3152.5,-6.81295e+06
3152.6,-6.81279e+06
3152.7,-6.81263e+06
3152.8,-6.81247e+06
3152.9,-6.81232e+06
3153,-6.81216e+06
3153.1,-6.812e+06
3153.2,-6.81184e+06
3153.3,-6.81168e+06
3153.4,-6.81153e+06
3153.5,-6.81137e+06
3153.6,-6.81121e+06
3153.7,-6.81105e+06
3153.8,-6.81089e+06
3153.9,-6.81074e+06
3154,-6.81058e+06
3154.1,-6.81042e+06
3154.2,-6.81026e+06
3154.3,-6.8101e+06
3154.4,-6.80994e+06
3154.5,-6.80978e+06
3154.6,-6.80962e+06
3154.7,-6.80947e+06
3154.8,-6.80931e+06
3154.9,-6.80915e+06
3155,-6.80899e+06
3155.1,-6.80883e+06
3155.2,-6.80867e+06
3155.3,-6.80851e+06
3155.4,-6.80835e+06
3155.5,-6.80819e+06
3155.6,-6.80803e+06
3155.7,-6.80787e+06
3155.8,-6.80771e+06
3155.9,-6.80755e+06
3156,-6.80739e+06
3156.1,-6.80723e+06
3156.2,-6.80707e+06
3156.3,-6.80691e+06
3156.4,-6.80675e+06
3156.5,-6.80659e+06
3156.6,-6.80643e+06
3156.7,-6.80627e+06
3156.8,-6.80611e+06
3156.9,-6.80595e+06
3157,-6.80579e+06
3157.1,-6.80562e+06
3157.2,-6.80546e+06
3157.3,-6.8053e+06
3157.4,-6.80514e+06
3157.5,-6.80498e+06
3157.6,-6.80482e+06
3157.7,-6.80466e+06
3157.8,-6.8045e+06
3157.9,-6.80433e+06
3158,-6.80417e+06
3158.1,-6.80401e+06
3158.2,-6.80385e+06
3158.3,-6.80369e+06
3158.4,-6.80352e+06
3158.5,-6.80336e+06
3158.6,-6.8032e+06
3158.7,-6.80304e+06
3158.8,-6.80288e+06
3158.9,-6.80271e+06
3159,-6.80255e+06
3159.1,-6.80239e+06
3159.2,-6.80223e+06
3159.3,-6.80206e+06
3159.4,-6.8019e+06
3159.5,-6.80174e+06
3159.6,-6.80157e+06
3159.7,-6.80141e+06
3159.8,-6.80125e+06
3159.9,-6.80109e+06
3160,-6.80092e+06
3160.1,-6.80076e+06
3160.2,-6.8006e+06
3160.3,-6.80043e+06
3160.4,-6.80027e+06
3160.5,-6.8001e+06
3160.6,-6.79994e+06
3160.7,-6.79978e+06
3160.8,-6.79961e+06
3160.9,-6.79945e+06
3161,-6.79928e+06
3161.1,-6.79912e+06
3161.2,-6.79896e+06
3161.3,-6.79879e+06
3161.4,-6.79863e+06
3161.5,-6.79846e+06
3161.6,-6.7983e+06
3161.7,-6.79813e+06
3161.8,-6.79797e+06
3161.9,-6.7978e+06
3162,-6.79764e+06
3162.1,-6.79747e+06
3162.2,-6.79731e+06
3162.3,-6.79714e+06
3162.4,-6.79698e+06
3162.5,-6.79681e+06
3162.6,-6.79665e+06
3162.7,-6.79648e+06
3162.8,-6.79632e+06
3162.9,-6.79615e+06
3163,-6.79599e+06
3163.1,-6.79582e+06
3163.2,-6.79565e+06
3163.3,-6.79549e+06
3163.4,-6.79532e+06
3163.5,-6.79516e+06
3163.6,-6.79499e+06
3163.7,-6.79482e+06
3163.8,-6.79466e+06
3163.9,-6.79449e+06
3164,-6.79432e+06
3164.1,-6.79416e+06
3164.2,-6.79399e+06
3164.3,-6.79382e+06
3164.4,-6.79366e+06
3164.5,-6.79349e+06
3164.6,-6.79332e+06
3164.7,-6.79316e+06
3164.8,-6.79299e+06
3164.9,-6.79282e+06
3165,-6.79266e+06
3165.1,-6.79249e+06
3165.2,-6.79232e+06
3165.3,-6.79215e+06
3165.4,-6.79198e+06
3165.5,-6.79182e+06
3165.6,-6.79165e+06
3165.7,-6.79148e+06
3165.8,-6.79131e+06
3165.9,-6.79115e+06
3166,-6.79098e+06
3166.1,-6.79081e+06
3166.2,-6.79064e+06
3166.3,-6.79047e+06
3166.4,-6.7903e+06
3166.5,-6.79014e+06
3166.6,-6.78997e+06
3166.7,-6.7898e+06
3166.8,-6.78963e+06
3166.9,-6.78946e+06
3167,-6.78929e+06
3167.1,-6.78912e+06
3167.2,-6.78895e+06
3167.3,-6.78878e+06
3167.4,-6.78862e+06
3167.5,-6.78845e+06
3167.6,-6.78828e+06
3167.7,-6.78811e+06
3167.8,-6.78794e+06
3167.9,-6.78777e+06
3168,-6.7876e+06
3168.1,-6.78743e+06
3168.2,-6.78726e+06
3168.3,-6.78709e+06
3168.4,-6.78692e+06
3168.5,-6.78675e+06
3168.6,-6.78658e+06
3168.7,-6.78641e+06
3168.8,-6.78624e+06
3168.9,-6.78607e+06
3169,-6.7859e+06
3169.1,-6.78573e+06
3169.2,-6.78556e+06
3169.3,-6.78539e+06
3169.4,-6.78521e+06
3169.5,-6.78504e+06
3169.6,-6.78487e+06
3169.7,-6.7847e+06
3169.8,-6.78453e+06
3169.9,-6.78436e+06
3170,-6.78419e+06
3170.1,-6.78402e+06
3170.2,-6.78384e+06
3170.3,-6.78367e+06
3170.4,-6.7835e+06
3170.5,-6.78333e+06
3170.6,-6.78316e+06
3170.7,-6.78299e+06
3170.8,-6.78281e+06
3170.9,-6.78264e+06
3171,-6.78247e+06
3171.1,-6.7823e+06
3171.2,-6.78213e+06
3171.3,-6.78195e+06
3171.4,-6.78178e+06
3171.5,-6.78161e+06
3171.6,-6.78144e+06
3171.7,-6.78126e+06
3171.8,-6.78109e+06
3171.9,-6.78092e+06
3172,-6.78074e+06
3172.1,-6.78057e+06
3172.2,-6.7804e+06
3172.3,-6.78023e+06
3172.4,-6.78005e+06
3172.5,-6.77988e+06
3172.6,-6.77971e+06
3172.7,-6.77953e+06
3172.8,-6.77936e+06
3172.9,-6.77919e+06
3173,-6.77901e+06
3173.1,-6.77884e+06
3173.2,-6.77866e+06
3173.3,-6.77849e+06
3173.4,-6.77832e+06
3173.5,-6.77814e+06
3173.6,-6.77797e+06
3173.7,-6.77779e+06
3173.8,-6.77762e+06
3173.9,-6.77744e+06
3174,-6.77727e+06
3174.1,-6.7771e+06
3174.2,-6.77692e+06
3174.3,-6.77675e+06
3174.4,-6.77657e+06
3174.5,-6.7764e+06
3174.6,-6.77622e+06
3174.7,-6.77605e+06
3174.8,-6.77587e+06
3174.9,-6.7757e+06
3175,-6.77552e+06
3175.1,-6.77535e+06
3175.2,-6.77517e+06
3175.3,-6.77499e+06
3175.4,-6.77482e+06
3175.5,-6.77464e+06
3175.6,-6.77447e+06
3175.7,-6.77429e+06
3175.8,-6.77412e+06
3175.9,-6.77394e+06
3176,-6.77376e+06
3176.1,-6.77359e+06
3176.2,-6.77341e+06
3176.3,-6.77323e+06
3176.4,-6.77306e+06
3176.5,-6.77288e+06
3176.6,-6.7727e+06
3176.7,-6.77253e+06
3176.8,-6.77235e+06
3176.9,-6.77218e+06
3177,-6.772e+06
3177.1,-6.77182e+06
3177.2,-6.77164e+06
3177.3,-6.77147e+06
3177.4,-6.77129e+06
3177.5,-6.77111e+06
3177.6,-6.77094e+06
3177.7,-6.77076e+06
3177.8,-6.77058e+06
3177.9,-6.7704e+06
3178,-6.77022e+06
3178.1,-6.77005e+06
3178.2,-6.76987e+06
3178.3,-6.76969e+06
3178.4,-6.76951e+06
3178.5,-6.76934e+06
3178.6,-6.76916e+06
3178.7,-6.76898e+06
3178.8,-6.7688e+06
3178.9,-6.76862e+06
3179,-6.76844e+06
3179.1,-6.76826e+06
3179.2,-6.76809e+06
3179.3,-6.76791e+06
3179.4,-6.76773e+06
3179.5,-6.76755e+06
3179.6,-6.76737e+06
3179.7,-6.76719e+06
3179.8,-6.76701e+06
3179.9,-6.76683e+06
3180,-6.76665e+06
3180.1,-6.76648e+06
3180.2,-6.7663e+06
3180.3,-6.76612e+06
3180.4,-6.76594e+06
3180.5,-6.76576e+06
3180.6,-6.76558e+06
3180.7,-6.7654e+06
3180.8,-6.76522e+06
3180.9,-6.76504e+06
3181,-6.76486e+06
3181.1,-6.76468e+06
3181.2,-6.7645e+06
3181.3,-6.76432e+06
3181.4,-6.76414e+06
3181.5,-6.76396e+06
3181.6,-6.76378e+06
3181.7,-6.76359e+06
3181.8,-6.76341e+06
3181.9,-6.76323e+06
3182,-6.76305e+06
3182.1,-6.76287e+06
3182.2,-6.76269e+06
3182.3,-6.76251e+06
3182.4,-6.76233e+06
3182.5,-6.76215e+06
3182.6,-6.76196e+06
3182.7,-6.76178e+06
3182.8,-6.7616e+06
3182.9,-6.76142e+06
3183,-6.76124e+06
3183.1,-6.76106e+06
3183.2,-6.76088e+06
3183.3,-6.76069e+06
3183.4,-6.76051e+06
3183.5,-6.76033e+06
3183.6,-6.76015e+06
3183.7,-6.75996e+06
3183.8,-6.75978e+06
3183.9,-6.7596e+06
3184,-6.75942e+06
3184.1,-6.75924e+06
3184.2,-6.75905e+06
3184.3,-6.75887e+06
3184.4,-6.75869e+06
3184.5,-6.7585e+06
3184.6,-6.75832e+06
3184.7,-6.75814e+06
3184.8,-6.75796e+06
3184.9,-6.75777e+06
3185,-6.75759e+06
3185.1,-6.7574e+06
3185.2,-6.75722e+06
3185.3,-6.75704e+06
3185.4,-6.75685e+06
3185.5,-6.75667e+06
3185.6,-6.75649e+06
3185.7,-6.7563e+06
3185.8,-6.75612e+06
3185.9,-6.75594e+06
3186,-6.75575e+06
3186.1,-6.75557e+06
3186.2,-6.75538e+06
3186.3,-6.7552e+06
3186.4,-6.75501e+06
3186.5,-6.75483e+06
3186.6,-6.75465e+06
3186.7,-6.75446e+06
3186.8,-6.75428e+06
3186.9,-6.75409e+06
3187,-6.75391e+06
3187.1,-6.75372e+06
3187.2,-6.75354e+06
3187.3,-6.75335e+06
3187.4,-6.75317e+06
3187.5,-6.75298e+06
3187.6,-6.7528e+06
3187.7,-6.75261e+06
3187.8,-6.75242e+06
3187.9,-6.75224e+06
3188,-6.75205e+06
3188.1,-6.75187e+06
3188.2,-6.75168e+06
3188.3,-6.7515e+06
3188.4,-6.75131e+06
3188.5,-6.75112e+06
3188.6,-6.75094e+06
3188.7,-6.75075e+06
3188.8,-6.75057e+06
3188.9,-6.75038e+06
3189,-6.75019e+06
3189.1,-6.75001e+06
3189.2,-6.74982e+06
3189.3,-6.74963e+06
3189.4,-6.74945e+06
3189.5,-6.74926e+06
3189.6,-6.74907e+06
3189.7,-6.74888e+06
3189.8,-6.7487e+06
3189.9,-6.74851e+06
3190,-6.74832e+06
3190.1,-6.74814e+06
3190.2,-6.74795e+06
3190.3,-6.74776e+06
3190.4,-6.74757e+06
3190.5,-6.74739e+06
3190.6,-6.7472e+06
3190.7,-6.74701e+06
3190.8,-6.74682e+06
3190.9,-6.74663e+06
3191,-6.74645e+06
3191.1,-6.74626e+06
3191.2,-6.74607e+06
3191.3,-6.74588e+06
3191.4,-6.74569e+06
3191.5,-6.7455e+06
3191.6,-6.74532e+06
3191.7,-6.74513e+06
3191.8,-6.74494e+06
3191.9,-6.74475e+06
3192,-6.74456e+06
3192.1,-6.74437e+06
3192.2,-6.74418e+06
3192.3,-6.74399e+06
3192.4,-6.74381e+06
3192.5,-6.74362e+06
3192.6,-6.74343e+06
3192.7,-6.74324e+06
3192.8,-6.74305e+06
3192.9,-6.74286e+06
3193,-6.74267e+06
3193.1,-6.74248e+06
3193.2,-6.74229e+06
3193.3,-6.7421e+06
3193.4,-6.74191e+06
3193.5,-6.74172e+06
3193.6,-6.74153e+06
3193.7,-6.74134e+06
3193.8,-6.74115e+06
3193.9,-6.74096e+06
3194,-6.74077e+06
3194.1,-6.74058e+06
3194.2,-6.74039e+06
3194.3,-6.7402e+06
3194.4,-6.74001e+06
3194.5,-6.73982e+06
3194.6,-6.73962e+06
3194.7,-6.73943e+06
3194.8,-6.73924e+06
3194.9,-6.73905e+06
3195,-6.73886e+06
3195.1,-6.73867e+06
3195.2,-6.73848e+06
3195.3,-6.73829e+06
3195.4,-6.73809e+06
3195.5,-6.7379e+06
3195.6,-6.73771e+06
3195.7,-6.73752e+06
3195.8,-6.73733e+06
3195.9,-6.73714e+06
3196,-6.73694e+06
3196.1,-6.73675e+06
3196.2,-6.73656e+06
3196.3,-6.73637e+06
3196.4,-6.73617e+06
3196.5,-6.73598e+06
3196.6,-6.73579e+06
3196.7,-6.7356e+06
3196.8,-6.7354e+06
3196.9,-6.73521e+06
3197,-6.73502e+06
3197.1,-6.73483e+06
3197.2,-6.73463e+06
3197.3,-6.73444e+06
3197.4,-6.73425e+06
3197.5,-6.73405e+06
3197.6,-6.73386e+06
3197.7,-6.73367e+06
3197.8,-6.73347e+06
3197.9,-6.73328e+06
3198,-6.73309e+06
3198.1,-6.73289e+06
3198.2,-6.7327e+06
3198.3,-6.7325e+06
3198.4,-6.73231e+06
3198.5,-6.73212e+06
3198.6,-6.73192e+06
3198.7,-6.73173e+06
3198.8,-6.73153e+06
3198.9,-6.73134e+06
3199,-6.73115e+06
3199.1,-6.73095e+06
3199.2,-6.73076e+06
3199.3,-6.73056e+06
3199.4,-6.73037e+06
3199.5,-6.73017e+06
3199.6,-6.72998e+06
3199.7,-6.72978e+06
3199.8,-6.72959e+06
3199.9,-6.72939e+06
3200,-6.7292e+06
3200.1,-6.729e+06
3200.2,-6.72881e+06
3200.3,-6.72861e+06
3200.4,-6.72842e+06
3200.5,-6.72822e+06
3200.6,-6.72802e+06
3200.7,-6.72783e+06
3200.8,-6.72763e+06
3200.9,-6.72744e+06
3201,-6.72724e+06
3201.1,-6.72704e+06
3201.2,-6.72685e+06
3201.3,-6.72665e+06
3201.4,-6.72646e+06
3201.5,-6.72626e+06
3201.6,-6.72606e+06
3201.7,-6.72587e+06
3201.8,-6.72567e+06
3201.9,-6.72547e+06
3202,-6.72528e+06
3202.1,-6.72508e+06
3202.2,-6.72488e+06
3202.3,-6.72469e+06
3202.4,-6.72449e+06
3202.5,-6.72429e+06
3202.6,-6.72409e+06
3202.7,-6.7239e+06
3202.8,-6.7237e+06
3202.9,-6.7235e+06
3203,-6.7233e+06
3203.1,-6.72311e+06
3203.2,-6.72291e+06
3203.3,-6.72271e+06
3203.4,-6.72251e+06
3203.5,-6.72232e+06
3203.6,-6.72212e+06
3203.7,-6.72192e+06
3203.8,-6.72172e+06
3203.9,-6.72152e+06
3204,-6.72132e+06
3204.1,-6.72113e+06
3204.2,-6.72093e+06
3204.3,-6.72073e+06
3204.4,-6.72053e+06
3204.5,-6.72033e+06
3204.6,-6.72013e+06
3204.7,-6.71993e+06
3204.8,-6.71973e+06
3204.9,-6.71954e+06
3205,-6.71934e+06
3205.1,-6.71914e+06
3205.2,-6.71894e+06
3205.3,-6.71874e+06
3205.4,-6.71854e+06
3205.5,-6.71834e+06
3205.6,-6.71814e+06
3205.7,-6.71794e+06
3205.8,-6.71774e+06
3205.9,-6.71754e+06
3206,-6.71734e+06
3206.1,-6.71714e+06
3206.2,-6.71694e+06
3206.3,-6.71674e+06
3206.4,-6.71654e+06
3206.5,-6.71634e+06
3206.6,-6.71614e+06
3206.7,-6.71594e+06
3206.8,-6.71574e+06
3206.9,-6.71554e+06
3207,-6.71534e+06
3207.1,-6.71514e+06
3207.2,-6.71494e+06
3207.3,-6.71473e+06
3207.4,-6.71453e+06
3207.5,-6.71433e+06
3207.6,-6.71413e+06
3207.7,-6.71393e+06
3207.8,-6.71373e+06
3207.9,-6.71353e+06
3208,-6.71332e+06
3208.1,-6.71312e+06
3208.2,-6.71292e+06
3208.3,-6.71272e+06
3208.4,-6.71252e+06
3208.5,-6.71232e+06
3208.6,-6.71211e+06
3208.7,-6.71191e+06
3208.8,-6.71171e+06
3208.9,-6.71151e+06
3209,-6.71131e+06
3209.1,-6.7111e+06
3209.2,-6.7109e+06
3209.3,-6.7107e+06
3209.4,-6.7105e+06
3209.5,-6.71029e+06
3209.6,-6.71009e+06
3209.7,-6.70989e+06
3209.8,-6.70968e+06
3209.9,-6.70948e+06
3210,-6.70928e+06
3210.1,-6.70908e+06
3210.2,-6.70887e+06
3210.3,-6.70867e+06
3210.4,-6.70846e+06
3210.5,-6.70826e+06
3210.6,-6.70806e+06
3210.7,-6.70785e+06
3210.8,-6.70765e+06
3210.9,-6.70745e+06
3211,-6.70724e+06
3211.1,-6.70704e+06
3211.2,-6.70683e+06
3211.3,-6.70663e+06
3211.4,-6.70643e+06
3211.5,-6.70622e+06
3211.6,-6.70602e+06
3211.7,-6.70581e+06
3211.8,-6.70561e+06
3211.9,-6.7054e+06
3212,-6.7052e+06
3212.1,-6.70499e+06
3212.2,-6.70479e+06
3212.3,-6.70458e+06
3212.4,-6.70438e+06
3212.5,-6.70417e+06
3212.6,-6.70397e+06
3212.7,-6.70376e+06
3212.8,-6.70356e+06
3212.9,-6.70335e+06
3213,-6.70315e+06
3213.1,-6.70294e+06
3213.2,-6.70274e+06
3213.3,-6.70253e+06
3213.4,-6.70233e+06
3213.5,-6.70212e+06
3213.6,-6.70191e+06
3213.7,-6.70171e+06
3213.8,-6.7015e+06
3213.9,-6.7013e+06
3214,-6.70109e+06
3214.1,-6.70088e+06
3214.2,-6.70068e+06
3214.3,-6.70047e+06
3214.4,-6.70026e+06
3214.5,-6.70006e+06
3214.6,-6.69985e+06
3214.7,-6.69964e+06
3214.8,-6.69944e+06
3214.9,-6.69923e+06
3215,-6.69902e+06
3215.1,-6.69882e+06
3215.2,-6.69861e+06
3215.3,-6.6984e+06
3215.4,-6.69819e+06
3215.5,-6.69799e+06
3215.6,-6.69778e+06
3215.7,-6.69757e+06
3215.8,-6.69736e+06
3215.9,-6.69716e+06
3216,-6.69695e+06
3216.1,-6.69674e+06
3216.2,-6.69653e+06
3216.3,-6.69632e+06
3216.4,-6.69612e+06
3216.5,-6.69591e+06
3216.6,-6.6957e+06
3216.7,-6.69549e+06
3216.8,-6.69528e+06
3216.9,-6.69507e+06
3217,-6.69486e+06
3217.1,-6.69466e+06
3217.2,-6.69445e+06
3217.3,-6.69424e+06
3217.4,-6.69403e+06
3217.5,-6.69382e+06
3217.6,-6.69361e+06
3217.7,-6.6934e+06
3217.8,-6.69319e+06
3217.9,-6.69298e+06
3218,-6.69277e+06
3218.1,-6.69256e+06
3218.2,-6.69235e+06
3218.3,-6.69214e+06
3218.4,-6.69194e+06
3218.5,-6.69173e+06
3218.6,-6.69152e+06
3218.7,-6.69131e+06
3218.8,-6.6911e+06
3218.9,-6.69089e+06
3219,-6.69068e+06
3219.1,-6.69046e+06
3219.2,-6.69025e+06
3219.3,-6.69004e+06
3219.4,-6.68983e+06
3219.5,-6.68962e+06
3219.6,-6.68941e+06
3219.7,-6.6892e+06
3219.8,-6.68899e+06
3219.9,-6.68878e+06
3220,-6.68857e+06
3220.1,-6.68836e+06
3220.2,-6.68815e+06
3220.3,-6.68794e+06
3220.4,-6.68772e+06
3220.5,-6.68751e+06
3220.6,-6.6873e+06
3220.7,-6.68709e+06
3220.8,-6.68688e+06
3220.9,-6.68667e+06
3221,-6.68645e+06
3221.1,-6.68624e+06
3221.2,-6.68603e+06
3221.3,-6.68582e+06
3221.4,-6.68561e+06
3221.5,-6.68539e+06
3221.6,-6.68518e+06
3221.7,-6.68497e+06
3221.8,-6.68476e+06
3221.9,-6.68454e+06
3222,-6.68433e+06
3222.1,-6.68412e+06
3222.2,-6.68391e+06
3222.3,-6.68369e+06
3222.4,-6.68348e+06
3222.5,-6.68327e+06
3222.6,-6.68306e+06
3222.7,-6.68284e+06
3222.8,-6.68263e+06
3222.9,-6.68242e+06
3223,-6.6822e+06
3223.1,-6.68199e+06
3223.2,-6.68178e+06
3223.3,-6.68156e+06
3223.4,-6.68135e+06
3223.5,-6.68113e+06
3223.6,-6.68092e+06
3223.7,-6.68071e+06
3223.8,-6.68049e+06
3223.9,-6.68028e+06
3224,-6.68006e+06
3224.1,-6.67985e+06
3224.2,-6.67964e+06
3224.3,-6.67942e+06
3224.4,-6.67921e+06
3224.5,-6.67899e+06
3224.6,-6.67878e+06
3224.7,-6.67856e+06
3224.8,-6.67835e+06
3224.9,-6.67813e+06
3225,-6.67792e+06
3225.1,-6.6777e+06
3225.2,-6.67749e+06
3225.3,-6.67727e+06
3225.4,-6.67706e+06
3225.5,-6.67684e+06
3225.6,-6.67663e+06
3225.7,-6.67641e+06
3225.8,-6.6762e+06
3225.9,-6.67598e+06
3226,-6.67576e+06
3226.1,-6.67555e+06
3226.2,-6.67533e+06
3226.3,-6.67512e+06
3226.4,-6.6749e+06
3226.5,-6.67468e+06
3226.6,-6.67447e+06
3226.7,-6.67425e+06
3226.8,-6.67404e+06
3226.9,-6.67382e+06
3227,-6.6736e+06
3227.1,-6.67339e+06
3227.2,-6.67317e+06
3227.3,-6.67295e+06
3227.4,-6.67274e+06
3227.5,-6.67252e+06
3227.6,-6.6723e+06
3227.7,-6.67208e+06
3227.8,-6.67187e+06
3227.9,-6.67165e+06
3228,-6.67143e+06
3228.1,-6.67122e+06
3228.2,-6.671e+06
3228.3,-6.67078e+06
3228.4,-6.67056e+06
3228.5,-6.67035e+06
3228.6,-6.67013e+06
3228.7,-6.66991e+06
3228.8,-6.66969e+06
3228.9,-6.66947e+06
3229,-6.66926e+06
3229.1,-6.66904e+06
3229.2,-6.66882e+06
3229.3,-6.6686e+06
3229.4,-6.66838e+06
3229.5,-6.66816e+06
3229.6,-6.66795e+06
3229.7,-6.66773e+06
3229.8,-6.66751e+06
3229.9,-6.66729e+06
3230,-6.66707e+06
3230.1,-6.66685e+06
3230.2,-6.66663e+06
3230.3,-6.66641e+06
3230.4,-6.66619e+06
3230.5,-6.66598e+06
3230.6,-6.66576e+06
3230.7,-6.66554e+06
3230.8,-6.66532e+06
3230.9,-6.6651e+06
3231,-6.66488e+06
3231.1,-6.66466e+06
3231.2,-6.66444e+06
3231.3,-6.66422e+06
3231.4,-6.664e+06
3231.5,-6.66378e+06
3231.6,-6.66356e+06
3231.7,-6.66334e+06
3231.8,-6.66312e+06
3231.9,-6.6629e+06
3232,-6.66268e+06
3232.1,-6.66246e+06
3232.2,-6.66224e+06
3232.3,-6.66202e+06
3232.4,-6.66179e+06
3232.5,-6.66157e+06
3232.6,-6.66135e+06
3232.7,-6.66113e+06
3232.8,-6.66091e+06
3232.9,-6.66069e+06
3233,-6.66047e+06
3233.1,-6.66025e+06
3233.2,-6.66002e+06
3233.3,-6.6598e+06
3233.4,-6.65958e+06
3233.5,-6.65936e+06
3233.6,-6.65914e+06
3233.7,-6.65892e+06
3233.8,-6.6587e+06
3233.9,-6.65847e+06
3234,-6.65825e+06
3234.1,-6.65803e+06
3234.2,-6.65781e+06
3234.3,-6.65758e+06
3234.4,-6.65736e+06
3234.5,-6.65714e+06
3234.6,-6.65692e+06
3234.7,-6.65669e+06
3234.8,-6.65647e+06
3234.9,-6.65625e+06
3235,-6.65603e+06
3235.1,-6.6558e+06
3235.2,-6.65558e+06
3235.3,-6.65536e+06
3235.4,-6.65513e+06
3235.5,-6.65491e+06
3235.6,-6.65469e+06
3235.7,-6.65446e+06
3235.8,-6.65424e+06
3235.9,-6.65402e+06
3236,-6.65379e+06
3236.1,-6.65357e+06
3236.2,-6.65335e+06
3236.3,-6.65312e+06
3236.4,-6.6529e+06
3236.5,-6.65268e+06
3236.6,-6.65245e+06
3236.7,-6.65223e+06
3236.8,-6.652e+06
3236.9,-6.65178e+06
3237,-6.65155e+06
3237.1,-6.65133e+06
3237.2,-6.6511e+06
3237.3,-6.65088e+06
3237.4,-6.65066e+06
3237.5,-6.65043e+06
3237.6,-6.65021e+06
3237.7,-6.64998e+06
3237.8,-6.64976e+06
3237.9,-6.64953e+06
3238,-6.64931e+06
3238.1,-6.64908e+06
3238.2,-6.64886e+06
3238.3,-6.64863e+06
3238.4,-6.6484e+06
3238.5,-6.64818e+06
3238.6,-6.64795e+06
3238.7,-6.64773e+06
3238.8,-6.6475e+06
3238.9,-6.64728e+06
3239,-6.64705e+06
3239.1,-6.64682e+06
3239.2,-6.6466e+06
3239.3,-6.64637e+06
3239.4,-6.64615e+06
3239.5,-6.64592e+06
3239.6,-6.64569e+06
3239.7,-6.64547e+06
3239.8,-6.64524e+06
3239.9,-6.64501e+06
3240,-6.64479e+06
3240.1,-6.64456e+06
3240.2,-6.64433e+06
3240.3,-6.64411e+06
3240.4,-6.64388e+06
3240.5,-6.64365e+06
3240.6,-6.64342e+06
3240.7,-6.6432e+06
3240.8,-6.64297e+06
3240.9,-6.64274e+06
3241,-6.64251e+06
3241.1,-6.64229e+06
3241.2,-6.64206e+06
3241.3,-6.64183e+06
3241.4,-6.6416e+06
3241.5,-6.64138e+06
3241.6,-6.64115e+06
3241.7,-6.64092e+06
3241.8,-6.64069e+06
3241.9,-6.64046e+06
3242,-6.64024e+06
3242.1,-6.64001e+06
3242.2,-6.63978e+06
3242.3,-6.63955e+06
3242.4,-6.63932e+06
3242.5,-6.63909e+06
3242.6,-6.63886e+06
3242.7,-6.63864e+06
3242.8,-6.63841e+06
3242.9,-6.63818e+06
3243,-6.63795e+06
3243.1,-6.63772e+06
3243.2,-6.63749e+06
3243.3,-6.63726e+06
3243.4,-6.63703e+06
3243.5,-6.6368e+06
3243.6,-6.63657e+06
3243.7,-6.63634e+06
3243.8,-6.63611e+06
3243.9,-6.63588e+06
3244,-6.63565e+06
3244.1,-6.63542e+06
3244.2,-6.63519e+06
3244.3,-6.63496e+06
3244.4,-6.63473e+06
3244.5,-6.6345e+06
3244.6,-6.63427e+06
3244.7,-6.63404e+06
3244.8,-6.63381e+06
3244.9,-6.63358e+06
3245,-6.63335e+06
3245.1,-6.63312e+06
3245.2,-6.63289e+06
3245.3,-6.63266e+06
3245.4,-6.63243e+06
3245.5,-6.6322e+06
3245.6,-6.63196e+06
3245.7,-6.63173e+06
3245.8,-6.6315e+06
3245.9,-6.63127e+06
3246,-6.63104e+06
3246.1,-6.63081e+06
3246.2,-6.63058e+06
3246.3,-6.63034e+06
3246.4,-6.63011e+06
3246.5,-6.62988e+06
3246.6,-6.62965e+06
3246.7,-6.62942e+06
3246.8,-6.62919e+06
3246.9,-6.62895e+06
3247,-6.62872e+06
3247.1,-6.62849e+06
3247.2,-6.62826e+06
3247.3,-6.62802e+06
3247.4,-6.62779e+06
3247.5,-6.62756e+06
3247.6,-6.62733e+06
3247.7,-6.62709e+06
3247.8,-6.62686e+06
3247.9,-6.62663e+06
3248,-6.6264e+06
3248.1,-6.62616e+06
3248.2,-6.62593e+06
3248.3,-6.6257e+06
3248.4,-6.62546e+06
3248.5,-6.62523e+06
3248.6,-6.625e+06
3248.7,-6.62476e+06
3248.8,-6.62453e+06
3248.9,-6.6243e+06
3249,-6.62406e+06
3249.1,-6.62383e+06
3249.2,-6.62359e+06
3249.3,-6.62336e+06
3249.4,-6.62312e+06
3249.5,-6.62289e+06
3249.6,-6.62266e+06
3249.7,-6.62242e+06
3249.8,-6.62219e+06
3249.9,-6.62195e+06
3250,-6.62172e+06
3250.1,-6.62148e+06
3250.2,-6.62125e+06
3250.3,-6.62102e+06
3250.4,-6.62078e+06
3250.5,-6.62054e+06
3250.6,-6.62031e+06
3250.7,-6.62008e+06
3250.8,-6.61984e+06
3250.9,-6.6196e+06
3251,-6.61937e+06
3251.1,-6.61913e+06
3251.2,-6.6189e+06
3251.3,-6.61866e+06
3251.4,-6.61843e+06
3251.5,-6.61819e+06
3251.6,-6.61796e+06
3251.7,-6.61772e+06
3251.8,-6.61748e+06
3251.9,-6.61725e+06
3252,-6.61701e+06
3252.1,-6.61678e+06
3252.2,-6.61654e+06
3252.3,-6.6163e+06
3252.4,-6.61607e+06
3252.5,-6.61583e+06
3252.6,-6.61559e+06
3252.7,-6.61536e+06
3252.8,-6.61512e+06
3252.9,-6.61488e+06
3253,-6.61465e+06
3253.1,-6.61441e+06
3253.2,-6.61417e+06
3253.3,-6.61394e+06
3253.4,-6.6137e+06
3253.5,-6.61346e+06
3253.6,-6.61322e+06
3253.7,-6.61299e+06
3253.8,-6.61275e+06
3253.9,-6.61251e+06
3254,-6.61227e+06
3254.1,-6.61204e+06
3254.2,-6.6118e+06
3254.3,-6.61156e+06
3254.4,-6.61132e+06
3254.5,-6.61108e+06
3254.6,-6.61085e+06
3254.7,-6.61061e+06
3254.8,-6.61037e+06
3254.9,-6.61013e+06
3255,-6.60989e+06
3255.1,-6.60965e+06
3255.2,-6.60942e+06
3255.3,-6.60918e+06
3255.4,-6.60894e+06
3255.5,-6.6087e+06
3255.6,-6.60846e+06
3255.7,-6.60822e+06
3255.8,-6.60798e+06
3255.9,-6.60774e+06
3256,-6.6075e+06
3256.1,-6.60726e+06
3256.2,-6.60703e+06
3256.3,-6.60679e+06
3256.4,-6.60655e+06
3256.5,-6.60631e+06
3256.6,-6.60607e+06
3256.7,-6.60583e+06
3256.8,-6.60559e+06
3256.9,-6.60535e+06
3257,-6.60511e+06
3257.1,-6.60487e+06
3257.2,-6.60463e+06
3257.3,-6.60439e+06
3257.4,-6.60415e+06
3257.5,-6.60391e+06
3257.6,-6.60367e+06
3257.7,-6.60343e+06
3257.8,-6.60318e+06
3257.9,-6.60294e+06
3258,-6.6027e+06
3258.1,-6.60246e+06
3258.2,-6.60222e+06
3258.3,-6.60198e+06
3258.4,-6.60174e+06
3258.5,-6.6015e+06
3258.6,-6.60126e+06
3258.7,-6.60102e+06
3258.8,-6.60077e+06
3258.9,-6.60053e+06
3259,-6.60029e+06
3259.1,-6.60005e+06
3259.2,-6.59981e+06
3259.3,-6.59957e+06
3259.4,-6.59932e+06
3259.5,-6.59908e+06
3259.6,-6.59884e+06
3259.7,-6.5986e+06
3259.8,-6.59836e+06
3259.9,-6.59811e+06
3260,-6.59787e+06
3260.1,-6.59763e+06
3260.2,-6.59739e+06
3260.3,-6.59714e+06
3260.4,-6.5969e+06
3260.5,-6.59666e+06
3260.6,-6.59642e+06
3260.7,-6.59617e+06
3260.8,-6.59593e+06
3260.9,-6.59569e+06
3261,-6.59544e+06
3261.1,-6.5952e+06
3261.2,-6.59496e+06
3261.3,-6.59471e+06
3261.4,-6.59447e+06
3261.5,-6.59423e+06
3261.6,-6.59398e+06
3261.7,-6.59374e+06
3261.8,-6.5935e+06
3261.9,-6.59325e+06
3262,-6.59301e+06
3262.1,-6.59276e+06
3262.2,-6.59252e+06
3262.3,-6.59228e+06
3262.4,-6.59203e+06
3262.5,-6.59179e+06
3262.6,-6.59154e+06
3262.7,-6.5913e+06
3262.8,-6.59105e+06
3262.9,-6.59081e+06
3263,-6.59057e+06
3263.1,-6.59032e+06
3263.2,-6.59008e+06
3263.3,-6.58983e+06
3263.4,-6.58959e+06
3263.5,-6.58934e+06
3263.6,-6.5891e+06
3263.7,-6.58885e+06
3263.8,-6.58861e+06
3263.9,-6.58836e+06
3264,-6.58811e+06
3264.1,-6.58787e+06
3264.2,-6.58762e+06
3264.3,-6.58738e+06
3264.4,-6.58713e+06
3264.5,-6.58689e+06
3264.6,-6.58664e+06
3264.7,-6.58639e+06
3264.8,-6.58615e+06
3264.9,-6.5859e+06
3265,-6.58566e+06
3265.1,-6.58541e+06
3265.2,-6.58516e+06
3265.3,-6.58492e+06
3265.4,-6.58467e+06
3265.5,-6.58442e+06
3265.6,-6.58418e+06
3265.7,-6.58393e+06
3265.8,-6.58368e+06
3265.9,-6.58344e+06
3266,-6.58319e+06
3266.1,-6.58294e+06
3266.2,-6.5827e+06
3266.3,-6.58245e+06
3266.4,-6.5822e+06
3266.5,-6.58195e+06
3266.6,-6.58171e+06
3266.7,-6.58146e+06
3266.8,-6.58121e+06
3266.9,-6.58096e+06
3267,-6.58072e+06
3267.1,-6.58047e+06
3267.2,-6.58022e+06
3267.3,-6.57997e+06
3267.4,-6.57972e+06
3267.5,-6.57948e+06
3267.6,-6.57923e+06
3267.7,-6.57898e+06
3267.8,-6.57873e+06
3267.9,-6.57848e+06
3268,-6.57823e+06
3268.1,-6.57798e+06
3268.2,-6.57774e+06
3268.3,-6.57749e+06
3268.4,-6.57724e+06
3268.5,-6.57699e+06
3268.6,-6.57674e+06
3268.7,-6.57649e+06
3268.8,-6.57624e+06
3268.9,-6.57599e+06
3269,-6.57574e+06
3269.1,-6.57549e+06
3269.2,-6.57524e+06
3269.3,-6.575e+06
3269.4,-6.57475e+06
3269.5,-6.5745e+06
3269.6,-6.57425e+06
3269.7,-6.574e+06
3269.8,-6.57375e+06
3269.9,-6.5735e+06
3270,-6.57325e+06
3270.1,-6.573e+06
3270.2,-6.57275e+06
3270.3,-6.5725e+06
3270.4,-6.57225e+06
3270.5,-6.572e+06
3270.6,-6.57174e+06
3270.7,-6.57149e+06
3270.8,-6.57124e+06
3270.9,-6.57099e+06
3271,-6.57074e+06
3271.1,-6.57049e+06
3271.2,-6.57024e+06
3271.3,-6.56999e+06
3271.4,-6.56974e+06
3271.5,-6.56949e+06
3271.6,-6.56923e+06
3271.7,-6.56898e+06
3271.8,-6.56873e+06
3271.9,-6.56848e+06
3272,-6.56823e+06
3272.1,-6.56798e+06
3272.2,-6.56772e+06
3272.3,-6.56747e+06
3272.4,-6.56722e+06
3272.5,-6.56697e+06
3272.6,-6.56672e+06
3272.7,-6.56646e+06
3272.8,-6.56621e+06
3272.9,-6.56596e+06
3273,-6.56571e+06
3273.1,-6.56546e+06
3273.2,-6.5652e+06
3273.3,-6.56495e+06
3273.4,-6.5647e+06
3273.5,-6.56444e+06
3273.6,-6.56419e+06
3273.7,-6.56394e+06
3273.8,-6.56369e+06
3273.9,-6.56343e+06
3274,-6.56318e+06
3274.1,-6.56293e+06
3274.2,-6.56267e+06
3274.3,-6.56242e+06
3274.4,-6.56217e+06
3274.5,-6.56191e+06
3274.6,-6.56166e+06
3274.7,-6.5614e+06
3274.8,-6.56115e+06
3274.9,-6.5609e+06
3275,-6.56064e+06
3275.1,-6.56039e+06
3275.2,-6.56014e+06
3275.3,-6.55988e+06
3275.4,-6.55963e+06
3275.5,-6.55937e+06
3275.6,-6.55912e+06
3275.7,-6.55886e+06
3275.8,-6.55861e+06
3275.9,-6.55835e+06
3276,-6.5581e+06
3276.1,-6.55784e+06
3276.2,-6.55759e+06
3276.3,-6.55733e+06
3276.4,-6.55708e+06
3276.5,-6.55682e+06
3276.6,-6.55657e+06
3276.7,-6.55631e+06
3276.8,-6.55606e+06
3276.9,-6.5558e+06
3277,-6.55555e+06
3277.1,-6.55529e+06
3277.2,-6.55504e+06
3277.3,-6.55478e+06
3277.4,-6.55452e+06
3277.5,-6.55427e+06
3277.6,-6.55401e+06
3277.7,-6.55376e+06
3277.8,-6.5535e+06
3277.9,-6.55324e+06
3278,-6.55299e+06
3278.1,-6.55273e+06
3278.2,-6.55248e+06
3278.3,-6.55222e+06
3278.4,-6.55196e+06
3278.5,-6.55171e+06
3278.6,-6.55145e+06
3278.7,-6.55119e+06
3278.8,-6.55094e+06
3278.9,-6.55068e+06
3279,-6.55042e+06
3279.1,-6.55016e+06
3279.2,-6.54991e+06
3279.3,-6.54965e+06
3279.4,-6.54939e+06
3279.5,-6.54914e+06
3279.6,-6.54888e+06
3279.7,-6.54862e+06
3279.8,-6.54836e+06
3279.9,-6.5481e+06
3280,-6.54785e+06
3280.1,-6.54759e+06
3280.2,-6.54733e+06
3280.3,-6.54707e+06
3280.4,-6.54682e+06
3280.5,-6.54656e+06
3280.6,-6.5463e+06
3280.7,-6.54604e+06
3280.8,-6.54578e+06
3280.9,-6.54552e+06
3281,-6.54526e+06
3281.1,-6.54501e+06
3281.2,-6.54475e+06
3281.3,-6.54449e+06
3281.4,-6.54423e+06
3281.5,-6.54397e+06
3281.6,-6.54371e+06
3281.7,-6.54345e+06
3281.8,-6.54319e+06
3281.9,-6.54293e+06
3282,-6.54267e+06
3282.1,-6.54242e+06
3282.2,-6.54216e+06
3282.3,-6.5419e+06
3282.4,-6.54164e+06
3282.5,-6.54138e+06
3282.6,-6.54112e+06
3282.7,-6.54086e+06
3282.8,-6.5406e+06
3282.9,-6.54034e+06
3283,-6.54008e+06
3283.1,-6.53982e+06
3283.2,-6.53956e+06
3283.3,-6.5393e+06
3283.4,-6.53904e+06
3283.5,-6.53878e+06
3283.6,-6.53851e+06
3283.7,-6.53825e+06
3283.8,-6.53799e+06
3283.9,-6.53773e+06
3284,-6.53747e+06
3284.1,-6.53721e+06
3284.2,-6.53695e+06
3284.3,-6.53669e+06
3284.4,-6.53643e+06
3284.5,-6.53617e+06
3284.6,-6.5359e+06
3284.7,-6.53564e+06
3284.8,-6.53538e+06
3284.9,-6.53512e+06
3285,-6.53486e+06
3285.1,-6.5346e+06
3285.2,-6.53433e+06
3285.3,-6.53407e+06
3285.4,-6.53381e+06
3285.5,-6.53355e+06
3285.6,-6.53329e+06
3285.7,-6.53302e+06
3285.8,-6.53276e+06
3285.9,-6.5325e+06
3286,-6.53224e+06
3286.1,-6.53197e+06
3286.2,-6.53171e+06
3286.3,-6.53145e+06
3286.4,-6.53119e+06
3286.5,-6.53092e+06
3286.6,-6.53066e+06
3286.7,-6.5304e+06
3286.8,-6.53013e+06
3286.9,-6.52987e+06
3287,-6.52961e+06
3287.1,-6.52934e+06
3287.2,-6.52908e+06
3287.3,-6.52882e+06
3287.4,-6.52855e+06
3287.5,-6.52829e+06
3287.6,-6.52803e+06
3287.7,-6.52776e+06
3287.8,-6.5275e+06
3287.9,-6.52724e+06
3288,-6.52697e+06
3288.1,-6.52671e+06
3288.2,-6.52644e+06
3288.3,-6.52618e+06
3288.4,-6.52591e+06
3288.5,-6.52565e+06
3288.6,-6.52539e+06
3288.7,-6.52512e+06
3288.8,-6.52486e+06
3288.9,-6.52459e+06
3289,-6.52433e+06
3289.1,-6.52406e+06
3289.2,-6.5238e+06
3289.3,-6.52353e+06
3289.4,-6.52327e+06
3289.5,-6.523e+06
3289.6,-6.52274e+06
3289.7,-6.52247e+06
3289.8,-6.52221e+06
3289.9,-6.52194e+06
3290,-6.52168e+06
3290.1,-6.52141e+06
3290.2,-6.52114e+06
3290.3,-6.52088e+06
3290.4,-6.52061e+06
3290.5,-6.52035e+06
3290.6,-6.52008e+06
3290.7,-6.51981e+06
3290.8,-6.51955e+06
3290.9,-6.51928e+06
3291,-6.51902e+06
3291.1,-6.51875e+06
3291.2,-6.51848e+06
3291.3,-6.51822e+06
3291.4,-6.51795e+06
3291.5,-6.51768e+06
3291.6,-6.51742e+06
3291.7,-6.51715e+06
3291.8,-6.51688e+06
3291.9,-6.51662e+06
3292,-6.51635e+06
3292.1,-6.51608e+06
3292.2,-6.51581e+06
3292.3,-6.51555e+06
3292.4,-6.51528e+06
3292.5,-6.51501e+06
3292.6,-6.51474e+06
3292.7,-6.51448e+06
3292.8,-6.51421e+06
3292.9,-6.51394e+06
3293,-6.51367e+06
3293.1,-6.51341e+06
3293.2,-6.51314e+06
3293.3,-6.51287e+06
3293.4,-6.5126e+06
3293.5,-6.51233e+06
3293.6,-6.51206e+06
3293.7,-6.5118e+06
3293.8,-6.51153e+06
3293.9,-6.51126e+06
3294,-6.51099e+06
3294.1,-6.51072e+06
3294.2,-6.51045e+06
3294.3,-6.51018e+06
3294.4,-6.50992e+06
3294.5,-6.50965e+06
3294.6,-6.50938e+06
3294.7,-6.50911e+06
3294.8,-6.50884e+06
3294.9,-6.50857e+06
3295,-6.5083e+06
3295.1,-6.50803e+06
3295.2,-6.50776e+06
3295.3,-6.50749e+06
3295.4,-6.50722e+06
3295.5,-6.50695e+06
3295.6,-6.50668e+06
3295.7,-6.50641e+06
3295.8,-6.50614e+06
3295.9,-6.50587e+06
3296,-6.5056e+06
3296.1,-6.50533e+06
3296.2,-6.50506e+06
3296.3,-6.50479e+06
3296.4,-6.50452e+06
3296.5,-6.50425e+06
3296.6,-6.50398e+06
3296.7,-6.50371e+06
3296.8,-6.50344e+06
3296.9,-6.50317e+06
3297,-6.5029e+06
3297.1,-6.50263e+06
3297.2,-6.50236e+06
3297.3,-6.50208e+06
3297.4,-6.50181e+06
3297.5,-6.50154e+06
3297.6,-6.50127e+06
3297.7,-6.501e+06
3297.8,-6.50073e+06
3297.9,-6.50046e+06
3298,-6.50018e+06
3298.1,-6.49991e+06
3298.2,-6.49964e+06
3298.3,-6.49937e+06
3298.4,-6.4991e+06
3298.5,-6.49883e+06
3298.6,-6.49855e+06
3298.7,-6.49828e+06
3298.8,-6.49801e+06
3298.9,-6.49774e+06
3299,-6.49746e+06
3299.1,-6.49719e+06
3299.2,-6.49692e+06
3299.3,-6.49665e+06
3299.4,-6.49637e+06
3299.5,-6.4961e+06
3299.6,-6.49583e+06
3299.7,-6.49556e+06
3299.8,-6.49528e+06
3299.9,-6.49501e+06
3300,-6.49474e+06
3300.1,-6.49446e+06
3300.2,-6.49419e+06
3300.3,-6.49392e+06
3300.4,-6.49364e+06
3300.5,-6.49337e+06
3300.6,-6.4931e+06
3300.7,-6.49282e+06
3300.8,-6.49255e+06
3300.9,-6.49227e+06
3301,-6.492e+06
3301.1,-6.49173e+06
3301.2,-6.49145e+06
3301.3,-6.49118e+06
3301.4,-6.4909e+06
3301.5,-6.49063e+06
3301.6,-6.49035e+06
3301.7,-6.49008e+06
3301.8,-6.4898e+06
3301.9,-6.48953e+06
3302,-6.48926e+06
3302.1,-6.48898e+06
3302.2,-6.48871e+06
3302.3,-6.48843e+06
3302.4,-6.48816e+06
3302.5,-6.48788e+06
3302.6,-6.48761e+06
3302.7,-6.48733e+06
3302.8,-6.48706e+06
3302.9,-6.48678e+06
3303,-6.4865e+06
3303.1,-6.48623e+06
3303.2,-6.48595e+06
3303.3,-6.48568e+06
3303.4,-6.4854e+06
3303.5,-6.48513e+06
3303.6,-6.48485e+06
3303.7,-6.48457e+06
3303.8,-6.4843e+06
3303.9,-6.48402e+06
3304,-6.48375e+06
3304.1,-6.48347e+06
3304.2,-6.48319e+06
3304.3,-6.48292e+06
3304.4,-6.48264e+06
3304.5,-6.48236e+06
3304.6,-6.48209e+06
3304.7,-6.48181e+06
3304.8,-6.48153e+06
3304.9,-6.48126e+06
3305,-6.48098e+06
3305.1,-6.4807e+06
3305.2,-6.48042e+06
3305.3,-6.48015e+06
3305.4,-6.47987e+06
3305.5,-6.47959e+06
3305.6,-6.47932e+06
3305.7,-6.47904e+06
3305.8,-6.47876e+06
3305.9,-6.47848e+06
3306,-6.4782e+06
3306.1,-6.47793e+06
3306.2,-6.47765e+06
3306.3,-6.47737e+06
3306.4,-6.47709e+06
3306.5,-6.47681e+06
3306.6,-6.47654e+06
3306.7,-6.47626e+06
3306.8,-6.47598e+06
3306.9,-6.4757e+06
3307,-6.47542e+06
3307.1,-6.47514e+06
3307.2,-6.47487e+06
3307.3,-6.47459e+06
3307.4,-6.47431e+06
3307.5,-6.47403e+06
3307.6,-6.47375e+06
3307.7,-6.47347e+06
3307.8,-6.47319e+06
3307.9,-6.47291e+06
3308,-6.47263e+06
3308.1,-6.47235e+06
3308.2,-6.47207e+06
3308.3,-6.47179e+06
3308.4,-6.47152e+06
3308.5,-6.47124e+06
3308.6,-6.47096e+06
3308.7,-6.47068e+06
3308.8,-6.4704e+06
3308.9,-6.47012e+06
3309,-6.46984e+06
3309.1,-6.46956e+06
3309.2,-6.46928e+06
3309.3,-6.469e+06
3309.4,-6.46871e+06
3309.5,-6.46843e+06
3309.6,-6.46815e+06
3309.7,-6.46787e+06
3309.8,-6.46759e+06
3309.9,-6.46731e+06
3310,-6.46703e+06
3310.1,-6.46675e+06
3310.2,-6.46647e+06
3310.3,-6.46619e+06
3310.4,-6.46591e+06
3310.5,-6.46563e+06
3310.6,-6.46534e+06
3310.7,-6.46506e+06
3310.8,-6.46478e+06
3310.9,-6.4645e+06
3311,-6.46422e+06
3311.1,-6.46394e+06
3311.2,-6.46366e+06
3311.3,-6.46337e+06
3311.4,-6.46309e+06
3311.5,-6.46281e+06
3311.6,-6.46253e+06
3311.7,-6.46224e+06
3311.8,-6.46196e+06
3311.9,-6.46168e+06
3312,-6.4614e+06
3312.1,-6.46112e+06
3312.2,-6.46083e+06
3312.3,-6.46055e+06
3312.4,-6.46027e+06
3312.5,-6.45999e+06
3312.6,-6.4597e+06
3312.7,-6.45942e+06
3312.8,-6.45914e+06
3312.9,-6.45885e+06
3313,-6.45857e+06
3313.1,-6.45829e+06
3313.2,-6.458e+06
3313.3,-6.45772e+06
3313.4,-6.45744e+06
3313.5,-6.45715e+06
3313.6,-6.45687e+06
3313.7,-6.45659e+06
3313.8,-6.4563e+06
3313.9,-6.45602e+06
3314,-6.45574e+06
3314.1,-6.45545e+06
3314.2,-6.45517e+06
3314.3,-6.45488e+06
3314.4,-6.4546e+06
3314.5,-6.45431e+06
3314.6,-6.45403e+06
3314.7,-6.45375e+06
3314.8,-6.45346e+06
3314.9,-6.45318e+06
3315,-6.45289e+06
3315.1,-6.45261e+06
3315.2,-6.45232e+06
3315.3,-6.45204e+06
3315.4,-6.45175e+06
3315.5,-6.45147e+06
3315.6,-6.45118e+06
3315.7,-6.4509e+06
3315.8,-6.45061e+06
3315.9,-6.45033e+06
3316,-6.45004e+06
3316.1,-6.44976e+06
3316.2,-6.44947e+06
3316.3,-6.44918e+06
3316.4,-6.4489e+06
3316.5,-6.44861e+06
3316.6,-6.44833e+06
3316.7,-6.44804e+06
3316.8,-6.44776e+06
3316.9,-6.44747e+06
3317,-6.44718e+06
3317.1,-6.4469e+06
3317.2,-6.44661e+06
3317.3,-6.44632e+06
3317.4,-6.44604e+06
3317.5,-6.44575e+06
3317.6,-6.44546e+06
3317.7,-6.44518e+06
3317.8,-6.44489e+06
3317.9,-6.4446e+06
3318,-6.44432e+06
3318.1,-6.44403e+06
3318.2,-6.44374e+06
3318.3,-6.44346e+06
3318.4,-6.44317e+06
3318.5,-6.44288e+06
3318.6,-6.44259e+06
3318.7,-6.44231e+06
3318.8,-6.44202e+06
3318.9,-6.44173e+06
3319,-6.44144e+06
3319.1,-6.44116e+06
3319.2,-6.44087e+06
3319.3,-6.44058e+06
3319.4,-6.44029e+06
3319.5,-6.44e+06
3319.6,-6.43972e+06
3319.7,-6.43943e+06
3319.8,-6.43914e+06
3319.9,-6.43885e+06
3320,-6.43856e+06
3320.1,-6.43828e+06
3320.2,-6.43799e+06
3320.3,-6.4377e+06
3320.4,-6.43741e+06
3320.5,-6.43712e+06
3320.6,-6.43683e+06
3320.7,-6.43654e+06
3320.8,-6.43625e+06
3320.9,-6.43596e+06
3321,-6.43568e+06
3321.1,-6.43539e+06
3321.2,-6.4351e+06
3321.3,-6.43481e+06
3321.4,-6.43452e+06
3321.5,-6.43423e+06
3321.6,-6.43394e+06
3321.7,-6.43365e+06
3321.8,-6.43336e+06
3321.9,-6.43307e+06
3322,-6.43278e+06
3322.1,-6.43249e+06
3322.2,-6.4322e+06
3322.3,-6.43191e+06
3322.4,-6.43162e+06
3322.5,-6.43133e+06
3322.6,-6.43104e+06
3322.7,-6.43075e+06
3322.8,-6.43046e+06
3322.9,-6.43017e+06
3323,-6.42988e+06
3323.1,-6.42958e+06
3323.2,-6.42929e+06
3323.3,-6.429e+06
3323.4,-6.42871e+06
3323.5,-6.42842e+06
3323.6,-6.42813e+06
3323.7,-6.42784e+06
3323.8,-6.42755e+06
3323.9,-6.42726e+06
3324,-6.42696e+06
3324.1,-6.42667e+06
3324.2,-6.42638e+06
3324.3,-6.42609e+06
3324.4,-6.4258e+06
3324.5,-6.42551e+06
3324.6,-6.42521e+06
3324.7,-6.42492e+06
3324.8,-6.42463e+06
3324.9,-6.42434e+06
3325,-6.42405e+06
3325.1,-6.42375e+06
3325.2,-6.42346e+06
3325.3,-6.42317e+06
3325.4,-6.42288e+06
3325.5,-6.42258e+06
3325.6,-6.42229e+06
3325.7,-6.422e+06
3325.8,-6.4217e+06
3325.9,-6.42141e+06
3326,-6.42112e+06
3326.1,-6.42083e+06
3326.2,-6.42053e+06
3326.3,-6.42024e+06
3326.4,-6.41995e+06
3326.5,-6.41965e+06
3326.6,-6.41936e+06
3326.7,-6.41907e+06
3326.8,-6.41877e+06
3326.9,-6.41848e+06
3327,-6.41818e+06
3327.1,-6.41789e+06
3327.2,-6.4176e+06
3327.3,-6.4173e+06
3327.4,-6.41701e+06
3327.5,-6.41672e+06
3327.6,-6.41642e+06
3327.7,-6.41613e+06
3327.8,-6.41583e+06
3327.9,-6.41554e+06
3328,-6.41524e+06
3328.1,-6.41495e+06
3328.2,-6.41465e+06
3328.3,-6.41436e+06
3328.4,-6.41406e+06
3328.5,-6.41377e+06
3328.6,-6.41347e+06
3328.7,-6.41318e+06
3328.8,-6.41288e+06
3328.9,-6.41259e+06
3329,-6.41229e+06
3329.1,-6.412e+06
3329.2,-6.4117e+06
3329.3,-6.41141e+06
3329.4,-6.41111e+06
3329.5,-6.41082e+06
3329.6,-6.41052e+06
3329.7,-6.41023e+06
3329.8,-6.40993e+06
3329.9,-6.40963e+06
3330,-6.40934e+06
3330.1,-6.40904e+06
3330.2,-6.40875e+06
3330.3,-6.40845e+06
3330.4,-6.40815e+06
3330.5,-6.40786e+06
3330.6,-6.40756e+06
3330.7,-6.40726e+06
3330.8,-6.40697e+06
3330.9,-6.40667e+06
3331,-6.40637e+06
3331.1,-6.40608e+06
3331.2,-6.40578e+06
3331.3,-6.40548e+06
3331.4,-6.40519e+06
3331.5,-6.40489e+06
3331.6,-6.40459e+06
3331.7,-6.40429e+06
3331.8,-6.404e+06
3331.9,-6.4037e+06
3332,-6.4034e+06
3332.1,-6.4031e+06
3332.2,-6.40281e+06
3332.3,-6.40251e+06
3332.4,-6.40221e+06
3332.5,-6.40191e+06
3332.6,-6.40162e+06
3332.7,-6.40132e+06
3332.8,-6.40102e+06
3332.9,-6.40072e+06
3333,-6.40042e+06
3333.1,-6.40012e+06
3333.2,-6.39983e+06
3333.3,-6.39953e+06
3333.4,-6.39923e+06
3333.5,-6.39893e+06
3333.6,-6.39863e+06
3333.7,-6.39833e+06
3333.8,-6.39803e+06
3333.9,-6.39773e+06
3334,-6.39744e+06
3334.1,-6.39714e+06
3334.2,-6.39684e+06
3334.3,-6.39654e+06
3334.4,-6.39624e+06
3334.5,-6.39594e+06
3334.6,-6.39564e+06
3334.7,-6.39534e+06
3334.8,-6.39504e+06
3334.9,-6.39474e+06
3335,-6.39444e+06
3335.1,-6.39414e+06
3335.2,-6.39384e+06
3335.3,-6.39354e+06
3335.4,-6.39324e+06
3335.5,-6.39294e+06
3335.6,-6.39264e+06
3335.7,-6.39234e+06
3335.8,-6.39204e+06
3335.9,-6.39174e+06
3336,-6.39144e+06
3336.1,-6.39114e+06
3336.2,-6.39084e+06
3336.3,-6.39054e+06
3336.4,-6.39024e+06
3336.5,-6.38994e+06
3336.6,-6.38963e+06
3336.7,-6.38933e+06
3336.8,-6.38903e+06
3336.9,-6.38873e+06
3337,-6.38843e+06
3337.1,-6.38813e+06
3337.2,-6.38783e+06
3337.3,-6.38753e+06
3337.4,-6.38722e+06
3337.5,-6.38692e+06
3337.6,-6.38662e+06
3337.7,-6.38632e+06
3337.8,-6.38602e+06
3337.9,-6.38572e+06
3338,-6.38541e+06
3338.1,-6.38511e+06
3338.2,-6.38481e+06
3338.3,-6.38451e+06
3338.4,-6.3842e+06
3338.5,-6.3839e+06
3338.6,-6.3836e+06
3338.7,-6.3833e+06
3338.8,-6.38299e+06
3338.9,-6.38269e+06
3339,-6.38239e+06
3339.1,-6.38209e+06
3339.2,-6.38178e+06
3339.3,-6.38148e+06
3339.4,-6.38118e+06
3339.5,-6.38087e+06
3339.6,-6.38057e+06
3339.7,-6.38027e+06
3339.8,-6.37996e+06
3339.9,-6.37966e+06
3340,-6.37936e+06
3340.1,-6.37905e+06
3340.2,-6.37875e+06
3340.3,-6.37845e+06
3340.4,-6.37814e+06
3340.5,-6.37784e+06
3340.6,-6.37753e+06
3340.7,-6.37723e+06
3340.8,-6.37693e+06
3340.9,-6.37662e+06
3341,-6.37632e+06
3341.1,-6.37601e+06
3341.2,-6.37571e+06
3341.3,-6.3754e+06
3341.4,-6.3751e+06
3341.5,-6.37479e+06
3341.6,-6.37449e+06
3341.7,-6.37418e+06
3341.8,-6.37388e+06
3341.9,-6.37358e+06
3342,-6.37327e+06
3342.1,-6.37296e+06
3342.2,-6.37266e+06
3342.3,-6.37235e+06
3342.4,-6.37205e+06
3342.5,-6.37174e+06
3342.6,-6.37144e+06
3342.7,-6.37113e+06
3342.8,-6.37083e+06
3342.9,-6.37052e+06
3343,-6.37022e+06
3343.1,-6.36991e+06
3343.2,-6.3696e+06
3343.3,-6.3693e+06
3343.4,-6.36899e+06
3343.5,-6.36869e+06
3343.6,-6.36838e+06
3343.7,-6.36807e+06
3343.8,-6.36777e+06
3343.9,-6.36746e+06
3344,-6.36715e+06
3344.1,-6.36685e+06
3344.2,-6.36654e+06
3344.3,-6.36623e+06
3344.4,-6.36593e+06
3344.5,-6.36562e+06
3344.6,-6.36531e+06
3344.7,-6.36501e+06
3344.8,-6.3647e+06
3344.9,-6.36439e+06
3345,-6.36408e+06
3345.1,-6.36378e+06
3345.2,-6.36347e+06
3345.3,-6.36316e+06
3345.4,-6.36285e+06
3345.5,-6.36255e+06
3345.6,-6.36224e+06
3345.7,-6.36193e+06
3345.8,-6.36162e+06
3345.9,-6.36132e+06
3346,-6.36101e+06
3346.1,-6.3607e+06
3346.2,-6.36039e+06
3346.3,-6.36008e+06
3346.4,-6.35977e+06
3346.5,-6.35947e+06
3346.6,-6.35916e+06
3346.7,-6.35885e+06
3346.8,-6.35854e+06
3346.9,-6.35823e+06
3347,-6.35792e+06
3347.1,-6.35761e+06
3347.2,-6.3573e+06
3347.3,-6.357e+06
3347.4,-6.35669e+06
3347.5,-6.35638e+06
3347.6,-6.35607e+06
3347.7,-6.35576e+06
3347.8,-6.35545e+06
3347.9,-6.35514e+06
3348,-6.35483e+06
3348.1,-6.35452e+06
3348.2,-6.35421e+06
3348.3,-6.3539e+06
3348.4,-6.35359e+06
3348.5,-6.35328e+06
3348.6,-6.35297e+06
3348.7,-6.35266e+06
3348.8,-6.35235e+06
3348.9,-6.35204e+06
3349,-6.35173e+06
3349.1,-6.35142e+06
3349.2,-6.35111e+06
3349.3,-6.3508e+06
3349.4,-6.35049e+06
3349.5,-6.35018e+06
3349.6,-6.34987e+06
3349.7,-6.34956e+06
3349.8,-6.34925e+06
3349.9,-6.34894e+06
3350,-6.34862e+06
3350.1,-6.34831e+06
3350.2,-6.348e+06
3350.3,-6.34769e+06
3350.4,-6.34738e+06
3350.5,-6.34707e+06
3350.6,-6.34676e+06
3350.7,-6.34644e+06
3350.8,-6.34613e+06
3350.9,-6.34582e+06
3351,-6.34551e+06
3351.1,-6.3452e+06
3351.2,-6.34489e+06
3351.3,-6.34457e+06
3351.4,-6.34426e+06
3351.5,-6.34395e+06
3351.6,-6.34364e+06
3351.7,-6.34332e+06
3351.8,-6.34301e+06
3351.9,-6.3427e+06
3352,-6.34239e+06
3352.1,-6.34208e+06
3352.2,-6.34176e+06
3352.3,-6.34145e+06
3352.4,-6.34114e+06
3352.5,-6.34082e+06
3352.6,-6.34051e+06
3352.7,-6.3402e+06
3352.8,-6.33988e+06
3352.9,-6.33957e+06
3353,-6.33926e+06
3353.1,-6.33894e+06
3353.2,-6.33863e+06
3353.3,-6.33832e+06
3353.4,-6.338e+06
3353.5,-6.33769e+06
3353.6,-6.33738e+06
3353.7,-6.33706e+06
3353.8,-6.33675e+06
3353.9,-6.33644e+06
3354,-6.33612e+06
3354.1,-6.33581e+06
3354.2,-6.33549e+06
3354.3,-6.33518e+06
3354.4,-6.33486e+06
3354.5,-6.33455e+06
3354.6,-6.33424e+06
3354.7,-6.33392e+06
3354.8,-6.33361e+06
3354.9,-6.33329e+06
3355,-6.33298e+06
3355.1,-6.33266e+06
3355.2,-6.33235e+06
3355.3,-6.33203e+06
3355.4,-6.33172e+06
3355.5,-6.3314e+06
3355.6,-6.33109e+06
3355.7,-6.33077e+06
3355.8,-6.33046e+06
3355.9,-6.33014e+06
3356,-6.32982e+06
3356.1,-6.32951e+06
3356.2,-6.32919e+06
3356.3,-6.32888e+06
3356.4,-6.32856e+06
3356.5,-6.32825e+06
3356.6,-6.32793e+06
3356.7,-6.32761e+06
3356.8,-6.3273e+06
3356.9,-6.32698e+06
3357,-6.32667e+06
3357.1,-6.32635e+06
3357.2,-6.32603e+06
3357.3,-6.32572e+06
3357.4,-6.3254e+06
3357.5,-6.32508e+06
3357.6,-6.32477e+06
3357.7,-6.32445e+06
3357.8,-6.32413e+06
3357.9,-6.32382e+06
3358,-6.3235e+06
3358.1,-6.32318e+06
3358.2,-6.32286e+06
3358.3,-6.32255e+06
3358.4,-6.32223e+06
3358.5,-6.32191e+06
3358.6,-6.3216e+06
3358.7,-6.32128e+06
3358.8,-6.32096e+06
3358.9,-6.32064e+06
3359,-6.32032e+06
3359.1,-6.32001e+06
3359.2,-6.31969e+06
3359.3,-6.31937e+06
3359.4,-6.31905e+06
3359.5,-6.31874e+06
3359.6,-6.31842e+06
3359.7,-6.3181e+06
3359.8,-6.31778e+06
3359.9,-6.31746e+06
3360,-6.31714e+06
3360.1,-6.31682e+06
3360.2,-6.31651e+06
3360.3,-6.31619e+06
3360.4,-6.31587e+06
3360.5,-6.31555e+06
3360.6,-6.31523e+06
3360.7,-6.31491e+06
3360.8,-6.31459e+06
3360.9,-6.31427e+06
3361,-6.31395e+06
3361.1,-6.31364e+06
3361.2,-6.31332e+06
3361.3,-6.313e+06
3361.4,-6.31268e+06
3361.5,-6.31236e+06
3361.6,-6.31204e+06
3361.7,-6.31172e+06
3361.8,-6.3114e+06
3361.9,-6.31108e+06
3362,-6.31076e+06
3362.1,-6.31044e+06
3362.2,-6.31012e+06
3362.3,-6.3098e+06
3362.4,-6.30948e+06
3362.5,-6.30916e+06
3362.6,-6.30884e+06
3362.7,-6.30852e+06
3362.8,-6.3082e+06
3362.9,-6.30787e+06
3363,-6.30755e+06
3363.1,-6.30723e+06
3363.2,-6.30691e+06
3363.3,-6.30659e+06
3363.4,-6.30627e+06
3363.5,-6.30595e+06
3363.6,-6.30563e+06
3363.7,-6.30531e+06
3363.8,-6.30499e+06
3363.9,-6.30466e+06
3364,-6.30434e+06
3364.1,-6.30402e+06
3364.2,-6.3037e+06
3364.3,-6.30338e+06
3364.4,-6.30306e+06
3364.5,-6.30273e+06
3364.6,-6.30241e+06
3364.7,-6.30209e+06
3364.8,-6.30177e+06
3364.9,-6.30145e+06
3365,-6.30112e+06
3365.1,-6.3008e+06
3365.2,-6.30048e+06
3365.3,-6.30016e+06
3365.4,-6.29983e+06
3365.5,-6.29951e+06
3365.6,-6.29919e+06
3365.7,-6.29887e+06
3365.8,-6.29854e+06
3365.9,-6.29822e+06
3366,-6.2979e+06
3366.1,-6.29757e+06
3366.2,-6.29725e+06
3366.3,-6.29693e+06
3366.4,-6.2966e+06
3366.5,-6.29628e+06
3366.6,-6.29596e+06
3366.7,-6.29563e+06
3366.8,-6.29531e+06
3366.9,-6.29499e+06
3367,-6.29466e+06
3367.1,-6.29434e+06
3367.2,-6.29402e+06
3367.3,-6.29369e+06
3367.4,-6.29337e+06
3367.5,-6.29304e+06
3367.6,-6.29272e+06
3367.7,-6.2924e+06
3367.8,-6.29207e+06
3367.9,-6.29175e+06
3368,-6.29142e+06
3368.1,-6.2911e+06
3368.2,-6.29077e+06
3368.3,-6.29045e+06
3368.4,-6.29012e+06
3368.5,-6.2898e+06
3368.6,-6.28947e+06
3368.7,-6.28915e+06
3368.8,-6.28882e+06
3368.9,-6.2885e+06
3369,-6.28817e+06
3369.1,-6.28785e+06
3369.2,-6.28752e+06
3369.3,-6.2872e+06
3369.4,-6.28687e+06
3369.5,-6.28655e+06
3369.6,-6.28622e+06
3369.7,-6.2859e+06
3369.8,-6.28557e+06
3369.9,-6.28524e+06
3370,-6.28492e+06
3370.1,-6.28459e+06
3370.2,-6.28427e+06
3370.3,-6.28394e+06
3370.4,-6.28361e+06
3370.5,-6.28329e+06
3370.6,-6.28296e+06
3370.7,-6.28263e+06
3370.8,-6.28231e+06
3370.9,-6.28198e+06
3371,-6.28166e+06
3371.1,-6.28133e+06
3371.2,-6.281e+06
3371.3,-6.28067e+06
3371.4,-6.28035e+06
3371.5,-6.28002e+06
3371.6,-6.27969e+06
3371.7,-6.27937e+06
3371.8,-6.27904e+06
3371.9,-6.27871e+06
3372,-6.27838e+06
3372.1,-6.27806e+06
3372.2,-6.27773e+06
3372.3,-6.2774e+06
3372.4,-6.27707e+06
3372.5,-6.27675e+06
3372.6,-6.27642e+06
3372.7,-6.27609e+06
3372.8,-6.27576e+06
3372.9,-6.27543e+06
3373,-6.27511e+06
3373.1,-6.27478e+06
3373.2,-6.27445e+06
3373.3,-6.27412e+06
3373.4,-6.27379e+06
3373.5,-6.27346e+06
3373.6,-6.27314e+06
3373.7,-6.27281e+06
3373.8,-6.27248e+06
3373.9,-6.27215e+06
3374,-6.27182e+06
3374.1,-6.27149e+06
3374.2,-6.27116e+06
3374.3,-6.27083e+06
3374.4,-6.2705e+06
3374.5,-6.27018e+06
3374.6,-6.26985e+06
3374.7,-6.26952e+06
3374.8,-6.26919e+06
3374.9,-6.26886e+06
3375,-6.26853e+06
3375.1,-6.2682e+06
3375.2,-6.26787e+06
3375.3,-6.26754e+06
3375.4,-6.26721e+06
3375.5,-6.26688e+06
3375.6,-6.26655e+06
3375.7,-6.26622e+06
3375.8,-6.26589e+06
3375.9,-6.26556e+06
3376,-6.26523e+06
3376.1,-6.2649e+06
3376.2,-6.26457e+06
3376.3,-6.26424e+06
3376.4,-6.2639e+06
3376.5,-6.26357e+06
3376.6,-6.26324e+06
3376.7,-6.26291e+06
3376.8,-6.26258e+06
3376.9,-6.26225e+06
3377,-6.26192e+06
3377.1,-6.26159e+06
3377.2,-6.26126e+06
3377.3,-6.26093e+06
3377.4,-6.26059e+06
3377.5,-6.26026e+06
3377.6,-6.25993e+06
3377.7,-6.2596e+06
3377.8,-6.25927e+06
3377.9,-6.25894e+06
3378,-6.2586e+06
3378.1,-6.25827e+06
3378.2,-6.25794e+06
3378.3,-6.25761e+06
3378.4,-6.25728e+06
3378.5,-6.25694e+06
3378.6,-6.25661e+06
3378.7,-6.25628e+06
3378.8,-6.25595e+06
3378.9,-6.25561e+06
3379,-6.25528e+06
3379.1,-6.25495e+06
3379.2,-6.25462e+06
3379.3,-6.25428e+06
3379.4,-6.25395e+06
3379.5,-6.25362e+06
3379.6,-6.25328e+06
3379.7,-6.25295e+06
3379.8,-6.25262e+06
3379.9,-6.25229e+06
3380,-6.25195e+06
3380.1,-6.25162e+06
3380.2,-6.25129e+06
3380.3,-6.25095e+06
3380.4,-6.25062e+06
3380.5,-6.25028e+06
3380.6,-6.24995e+06
3380.7,-6.24962e+06
3380.8,-6.24928e+06
3380.9,-6.24895e+06
3381,-6.24862e+06
3381.1,-6.24828e+06
3381.2,-6.24795e+06
3381.3,-6.24761e+06
3381.4,-6.24728e+06
3381.5,-6.24694e+06
3381.6,-6.24661e+06
3381.7,-6.24628e+06
3381.8,-6.24594e+06
3381.9,-6.24561e+06
3382,-6.24527e+06
3382.1,-6.24494e+06
3382.2,-6.2446e+06
3382.3,-6.24427e+06
3382.4,-6.24393e+06
3382.5,-6.2436e+06
3382.6,-6.24326e+06
3382.7,-6.24293e+06
3382.8,-6.24259e+06
3382.9,-6.24225e+06
3383,-6.24192e+06
3383.1,-6.24158e+06
3383.2,-6.24125e+06
3383.3,-6.24091e+06
3383.4,-6.24058e+06
3383.5,-6.24024e+06
3383.6,-6.2399e+06
3383.7,-6.23957e+06
3383.8,-6.23923e+06
3383.9,-6.2389e+06
3384,-6.23856e+06
3384.1,-6.23822e+06
3384.2,-6.23789e+06
3384.3,-6.23755e+06
3384.4,-6.23721e+06
3384.5,-6.23688e+06
3384.6,-6.23654e+06
3384.7,-6.2362e+06
3384.8,-6.23587e+06
3384.9,-6.23553e+06
3385,-6.23519e+06
3385.1,-6.23486e+06
3385.2,-6.23452e+06
3385.3,-6.23418e+06
3385.4,-6.23384e+06
3385.5,-6.23351e+06
3385.6,-6.23317e+06
3385.7,-6.23283e+06
3385.8,-6.23249e+06
3385.9,-6.23216e+06
3386,-6.23182e+06
3386.1,-6.23148e+06
3386.2,-6.23114e+06
3386.3,-6.23081e+06
3386.4,-6.23047e+06
3386.5,-6.23013e+06
3386.6,-6.22979e+06
3386.7,-6.22945e+06
3386.8,-6.22912e+06
3386.9,-6.22878e+06
3387,-6.22844e+06
3387.1,-6.2281e+06
3387.2,-6.22776e+06
3387.3,-6.22742e+06
3387.4,-6.22708e+06
3387.5,-6.22674e+06
3387.6,-6.22641e+06
3387.7,-6.22607e+06
3387.8,-6.22573e+06
3387.9,-6.22539e+06
3388,-6.22505e+06
3388.1,-6.22471e+06
3388.2,-6.22437e+06
3388.3,-6.22403e+06
3388.4,-6.22369e+06
3388.5,-6.22335e+06
3388.6,-6.22301e+06
3388.7,-6.22267e+06
3388.8,-6.22233e+06
3388.9,-6.22199e+06
3389,-6.22165e+06
3389.1,-6.22131e+06
3389.2,-6.22097e+06
3389.3,-6.22063e+06
3389.4,-6.22029e+06
3389.5,-6.21995e+06
3389.6,-6.21961e+06
3389.7,-6.21927e+06
3389.8,-6.21893e+06
3389.9,-6.21859e+06
3390,-6.21825e+06
3390.1,-6.21791e+06
3390.2,-6.21757e+06
3390.3,-6.21723e+06
3390.4,-6.21689e+06
3390.5,-6.21655e+06
3390.6,-6.2162e+06
3390.7,-6.21586e+06
3390.8,-6.21552e+06
3390.9,-6.21518e+06
3391,-6.21484e+06
3391.1,-6.2145e+06
3391.2,-6.21416e+06
3391.3,-6.21382e+06
3391.4,-6.21347e+06
3391.5,-6.21313e+06
3391.6,-6.21279e+06
3391.7,-6.21245e+06
3391.8,-6.21211e+06
3391.9,-6.21176e+06
3392,-6.21142e+06
3392.1,-6.21108e+06
3392.2,-6.21074e+06
3392.3,-6.2104e+06
3392.4,-6.21005e+06
3392.5,-6.20971e+06
3392.6,-6.20937e+06
3392.7,-6.20902e+06
3392.8,-6.20868e+06
3392.9,-6.20834e+06
3393,-6.208e+06
3393.1,-6.20765e+06
3393.2,-6.20731e+06
3393.3,-6.20697e+06
3393.4,-6.20662e+06
3393.5,-6.20628e+06
3393.6,-6.20594e+06
3393.7,-6.20559e+06
3393.8,-6.20525e+06
3393.9,-6.20491e+06
3394,-6.20456e+06
3394.1,-6.20422e+06
3394.2,-6.20388e+06
3394.3,-6.20353e+06
3394.4,-6.20319e+06
3394.5,-6.20284e+06
3394.6,-6.2025e+06
3394.7,-6.20216e+06
3394.8,-6.20181e+06
3394.9,-6.20147e+06
3395,-6.20112e+06
3395.1,-6.20078e+06
3395.2,-6.20044e+06
3395.3,-6.20009e+06
3395.4,-6.19975e+06
3395.5,-6.1994e+06
3395.6,-6.19906e+06
3395.7,-6.19871e+06
3395.8,-6.19837e+06
3395.9,-6.19802e+06
3396,-6.19768e+06
3396.1,-6.19733e+06
3396.2,-6.19699e+06
3396.3,-6.19664e+06
3396.4,-6.1963e+06
3396.5,-6.19595e+06
3396.6,-6.1956e+06
3396.7,-6.19526e+06
3396.8,-6.19491e+06
3396.9,-6.19457e+06
3397,-6.19422e+06
3397.1,-6.19388e+06
3397.2,-6.19353e+06
3397.3,-6.19318e+06
3397.4,-6.19284e+06
3397.5,-6.19249e+06
3397.6,-6.19215e+06
3397.7,-6.1918e+06
3397.8,-6.19145e+06
3397.9,-6.19111e+06
3398,-6.19076e+06
3398.1,-6.19041e+06
3398.2,-6.19007e+06
3398.3,-6.18972e+06
3398.4,-6.18937e+06
3398.5,-6.18903e+06
3398.6,-6.18868e+06
3398.7,-6.18833e+06
3398.8,-6.18799e+06
3398.9,-6.18764e+06
3399,-6.18729e+06
3399.1,-6.18694e+06
3399.2,-6.1866e+06
3399.3,-6.18625e+06
3399.4,-6.1859e+06
3399.5,-6.18555e+06
3399.6,-6.18521e+06
3399.7,-6.18486e+06
3399.8,-6.18451e+06
3399.9,-6.18416e+06
3400,-6.18382e+06
3400.1,-6.18347e+06
3400.2,-6.18312e+06
3400.3,-6.18277e+06
3400.4,-6.18242e+06
3400.5,-6.18207e+06
3400.6,-6.18173e+06
3400.7,-6.18138e+06
3400.8,-6.18103e+06
3400.9,-6.18068e+06
3401,-6.18033e+06
3401.1,-6.17998e+06
3401.2,-6.17963e+06
3401.3,-6.17928e+06
3401.4,-6.17894e+06
3401.5,-6.17859e+06
3401.6,-6.17824e+06
3401.7,-6.17789e+06
3401.8,-6.17754e+06
3401.9,-6.17719e+06
3402,-6.17684e+06
3402.1,-6.17649e+06
3402.2,-6.17614e+06
3402.3,-6.17579e+06
3402.4,-6.17544e+06
3402.5,-6.17509e+06
3402.6,-6.17474e+06
3402.7,-6.17439e+06
3402.8,-6.17404e+06
3402.9,-6.17369e+06
3403,-6.17334e+06
3403.1,-6.17299e+06
3403.2,-6.17264e+06
3403.3,-6.17229e+06
3403.4,-6.17194e+06
3403.5,-6.17159e+06
3403.6,-6.17124e+06
3403.7,-6.17089e+06
3403.8,-6.17054e+06
3403.9,-6.17019e+06
3404,-6.16984e+06
3404.1,-6.16949e+06
3404.2,-6.16914e+06
3404.3,-6.16878e+06
3404.4,-6.16843e+06
3404.5,-6.16808e+06
3404.6,-6.16773e+06
3404.7,-6.16738e+06
3404.8,-6.16703e+06
3404.9,-6.16668e+06
3405,-6.16632e+06
3405.1,-6.16597e+06
3405.2,-6.16562e+06
3405.3,-6.16527e+06
3405.4,-6.16492e+06
3405.5,-6.16457e+06
3405.6,-6.16421e+06
3405.7,-6.16386e+06
3405.8,-6.16351e+06
3405.9,-6.16316e+06
3406,-6.1628e+06
3406.1,-6.16245e+06
3406.2,-6.1621e+06
3406.3,-6.16175e+06
3406.4,-6.16139e+06
3406.5,-6.16104e+06
3406.6,-6.16069e+06
3406.7,-6.16034e+06
3406.8,-6.15998e+06
3406.9,-6.15963e+06
3407,-6.15928e+06
3407.1,-6.15892e+06
3407.2,-6.15857e+06
3407.3,-6.15822e+06
3407.4,-6.15786e+06
3407.5,-6.15751e+06
3407.6,-6.15716e+06
3407.7,-6.1568e+06
3407.8,-6.15645e+06
3407.9,-6.1561e+06
3408,-6.15574e+06
3408.1,-6.15539e+06
3408.2,-6.15503e+06
3408.3,-6.15468e+06
3408.4,-6.15433e+06
3408.5,-6.15397e+06
3408.6,-6.15362e+06
3408.7,-6.15326e+06
3408.8,-6.15291e+06
3408.9,-6.15256e+06
3409,-6.1522e+06
3409.1,-6.15185e+06
3409.2,-6.15149e+06
3409.3,-6.15114e+06
3409.4,-6.15078e+06
3409.5,-6.15043e+06
3409.6,-6.15007e+06
3409.7,-6.14972e+06
3409.8,-6.14936e+06
3409.9,-6.14901e+06
3410,-6.14865e+06
3410.1,-6.1483e+06
3410.2,-6.14794e+06
3410.3,-6.14759e+06
3410.4,-6.14723e+06
3410.5,-6.14687e+06
3410.6,-6.14652e+06
3410.7,-6.14616e+06
3410.8,-6.14581e+06
3410.9,-6.14545e+06
3411,-6.1451e+06
3411.1,-6.14474e+06
3411.2,-6.14438e+06
3411.3,-6.14403e+06
3411.4,-6.14367e+06
3411.5,-6.14332e+06
3411.6,-6.14296e+06
3411.7,-6.1426e+06
3411.8,-6.14225e+06
3411.9,-6.14189e+06
3412,-6.14153e+06
3412.1,-6.14118e+06
3412.2,-6.14082e+06
3412.3,-6.14046e+06
3412.4,-6.1401e+06
3412.5,-6.13975e+06
3412.6,-6.13939e+06
3412.7,-6.13903e+06
3412.8,-6.13868e+06
3412.9,-6.13832e+06
3413,-6.13796e+06
3413.1,-6.1376e+06
3413.2,-6.13725e+06
3413.3,-6.13689e+06
3413.4,-6.13653e+06
3413.5,-6.13617e+06
3413.6,-6.13582e+06
3413.7,-6.13546e+06
3413.8,-6.1351e+06
3413.9,-6.13474e+06
3414,-6.13438e+06
3414.1,-6.13403e+06
3414.2,-6.13367e+06
3414.3,-6.13331e+06
3414.4,-6.13295e+06
3414.5,-6.13259e+06
3414.6,-6.13223e+06
3414.7,-6.13187e+06
3414.8,-6.13152e+06
3414.9,-6.13116e+06
3415,-6.1308e+06
3415.1,-6.13044e+06
3415.2,-6.13008e+06
3415.3,-6.12972e+06
3415.4,-6.12936e+06
3415.5,-6.129e+06
3415.6,-6.12864e+06
3415.7,-6.12828e+06
3415.8,-6.12792e+06
3415.9,-6.12756e+06
3416,-6.12721e+06
3416.1,-6.12685e+06
3416.2,-6.12649e+06
3416.3,-6.12613e+06
3416.4,-6.12577e+06
3416.5,-6.12541e+06
3416.6,-6.12505e+06
3416.7,-6.12469e+06
3416.8,-6.12433e+06
3416.9,-6.12397e+06
3417,-6.12361e+06
3417.1,-6.12325e+06
3417.2,-6.12288e+06
3417.3,-6.12252e+06
3417.4,-6.12216e+06
3417.5,-6.1218e+06
3417.6,-6.12144e+06
3417.7,-6.12108e+06
3417.8,-6.12072e+06
3417.9,-6.12036e+06
3418,-6.12e+06
3418.1,-6.11964e+06
3418.2,-6.11928e+06
3418.3,-6.11892e+06
3418.4,-6.11855e+06
3418.5,-6.11819e+06
3418.6,-6.11783e+06
3418.7,-6.11747e+06
3418.8,-6.11711e+06
3418.9,-6.11675e+06
3419,-6.11639e+06
3419.1,-6.11602e+06
3419.2,-6.11566e+06
3419.3,-6.1153e+06
3419.4,-6.11494e+06
3419.5,-6.11458e+06
3419.6,-6.11421e+06
3419.7,-6.11385e+06
3419.8,-6.11349e+06
3419.9,-6.11313e+06
3420,-6.11276e+06
3420.1,-6.1124e+06
3420.2,-6.11204e+06
3420.3,-6.11168e+06
3420.4,-6.11131e+06
3420.5,-6.11095e+06
3420.6,-6.11059e+06
3420.7,-6.11022e+06
3420.8,-6.10986e+06
3420.9,-6.1095e+06
3421,-6.10914e+06
3421.1,-6.10877e+06
3421.2,-6.10841e+06
3421.3,-6.10805e+06
3421.4,-6.10768e+06
3421.5,-6.10732e+06
3421.6,-6.10696e+06
3421.7,-6.10659e+06
3421.8,-6.10623e+06
3421.9,-6.10586e+06
3422,-6.1055e+06
3422.1,-6.10514e+06
3422.2,-6.10477e+06
3422.3,-6.10441e+06
3422.4,-6.10404e+06
3422.5,-6.10368e+06
3422.6,-6.10332e+06
3422.7,-6.10295e+06
3422.8,-6.10259e+06
3422.9,-6.10222e+06
3423,-6.10186e+06
3423.1,-6.10149e+06
3423.2,-6.10113e+06
3423.3,-6.10076e+06
3423.4,-6.1004e+06
3423.5,-6.10003e+06
3423.6,-6.09967e+06
3423.7,-6.0993e+06
3423.8,-6.09894e+06
3423.9,-6.09857e+06
3424,-6.09821e+06
3424.1,-6.09784e+06
3424.2,-6.09748e+06
3424.3,-6.09711e+06
3424.4,-6.09674e+06
3424.5,-6.09638e+06
3424.6,-6.09601e+06
3424.7,-6.09565e+06
3424.8,-6.09528e+06
3424.9,-6.09492e+06
3425,-6.09455e+06
3425.1,-6.09418e+06
3425.2,-6.09382e+06
3425.3,-6.09345e+06
3425.4,-6.09308e+06
3425.5,-6.09272e+06
3425.6,-6.09235e+06
3425.7,-6.09198e+06
3425.8,-6.09162e+06
3425.9,-6.09125e+06
3426,-6.09088e+06
3426.1,-6.09052e+06
3426.2,-6.09015e+06
3426.3,-6.08978e+06
3426.4,-6.08942e+06
3426.5,-6.08905e+06
3426.6,-6.08868e+06
3426.7,-6.08832e+06
3426.8,-6.08795e+06
3426.9,-6.08758e+06
3427,-6.08721e+06
3427.1,-6.08685e+06
3427.2,-6.08648e+06
3427.3,-6.08611e+06
3427.4,-6.08574e+06
3427.5,-6.08537e+06
3427.6,-6.08501e+06
3427.7,-6.08464e+06
3427.8,-6.08427e+06
3427.9,-6.0839e+06
3428,-6.08353e+06
3428.1,-6.08317e+06
3428.2,-6.0828e+06
3428.3,-6.08243e+06
3428.4,-6.08206e+06
3428.5,-6.08169e+06
3428.6,-6.08132e+06
3428.7,-6.08096e+06
3428.8,-6.08059e+06
3428.9,-6.08022e+06
3429,-6.07985e+06
3429.1,-6.07948e+06
3429.2,-6.07911e+06
3429.3,-6.07874e+06
3429.4,-6.07837e+06
3429.5,-6.078e+06
3429.6,-6.07763e+06
3429.7,-6.07726e+06
3429.8,-6.07689e+06
3429.9,-6.07652e+06
3430,-6.07616e+06
3430.1,-6.07579e+06
3430.2,-6.07542e+06
3430.3,-6.07505e+06
3430.4,-6.07468e+06
3430.5,-6.07431e+06
3430.6,-6.07394e+06
3430.7,-6.07357e+06
3430.8,-6.0732e+06
3430.9,-6.07282e+06
3431,-6.07245e+06
3431.1,-6.07208e+06
3431.2,-6.07171e+06
3431.3,-6.07134e+06
3431.4,-6.07097e+06
3431.5,-6.0706e+06
3431.6,-6.07023e+06
3431.7,-6.06986e+06
3431.8,-6.06949e+06
3431.9,-6.06912e+06
3432,-6.06875e+06
3432.1,-6.06838e+06
3432.2,-6.068e+06
3432.3,-6.06763e+06
3432.4,-6.06726e+06
3432.5,-6.06689e+06
3432.6,-6.06652e+06
3432.7,-6.06615e+06
3432.8,-6.06578e+06
3432.9,-6.0654e+06
3433,-6.06503e+06
3433.1,-6.06466e+06
3433.2,-6.06429e+06
3433.3,-6.06392e+06
3433.4,-6.06354e+06
3433.5,-6.06317e+06
3433.6,-6.0628e+06
3433.7,-6.06243e+06
3433.8,-6.06206e+06
3433.9,-6.06168e+06
3434,-6.06131e+06
3434.1,-6.06094e+06
3434.2,-6.06057e+06
3434.3,-6.06019e+06
3434.4,-6.05982e+06
3434.5,-6.05945e+06
3434.6,-6.05907e+06
3434.7,-6.0587e+06
3434.8,-6.05833e+06
3434.9,-6.05796e+06
3435,-6.05758e+06
3435.1,-6.05721e+06
3435.2,-6.05684e+06
3435.3,-6.05646e+06
3435.4,-6.05609e+06
3435.5,-6.05571e+06
3435.6,-6.05534e+06
3435.7,-6.05497e+06
3435.8,-6.05459e+06
3435.9,-6.05422e+06
3436,-6.05385e+06
3436.1,-6.05347e+06
3436.2,-6.0531e+06
3436.3,-6.05272e+06
3436.4,-6.05235e+06
3436.5,-6.05198e+06
3436.6,-6.0516e+06
3436.7,-6.05123e+06
3436.8,-6.05085e+06
3436.9,-6.05048e+06
3437,-6.0501e+06
3437.1,-6.04973e+06
3437.2,-6.04935e+06
3437.3,-6.04898e+06
3437.4,-6.0486e+06
3437.5,-6.04823e+06
3437.6,-6.04785e+06
3437.7,-6.04748e+06
3437.8,-6.0471e+06
3437.9,-6.04673e+06
3438,-6.04635e+06
3438.1,-6.04598e+06
3438.2,-6.0456e+06
3438.3,-6.04523e+06
3438.4,-6.04485e+06
3438.5,-6.04447e+06
3438.6,-6.0441e+06
3438.7,-6.04372e+06
3438.8,-6.04335e+06
3438.9,-6.04297e+06
3439,-6.04259e+06
3439.1,-6.04222e+06
3439.2,-6.04184e+06
3439.3,-6.04147e+06
3439.4,-6.04109e+06
3439.5,-6.04071e+06
3439.6,-6.04034e+06
3439.7,-6.03996e+06
3439.8,-6.03958e+06
3439.9,-6.03921e+06
3440,-6.03883e+06
3440.1,-6.03845e+06
3440.2,-6.03808e+06
3440.3,-6.0377e+06
3440.4,-6.03732e+06
3440.5,-6.03694e+06
3440.6,-6.03657e+06
3440.7,-6.03619e+06
3440.8,-6.03581e+06
3440.9,-6.03544e+06
3441,-6.03506e+06
3441.1,-6.03468e+06
3441.2,-6.0343e+06
3441.3,-6.03393e+06
3441.4,-6.03355e+06
3441.5,-6.03317e+06
3441.6,-6.03279e+06
3441.7,-6.03241e+06
3441.8,-6.03204e+06
3441.9,-6.03166e+06
3442,-6.03128e+06
3442.1,-6.0309e+06
3442.2,-6.03052e+06
3442.3,-6.03014e+06
3442.4,-6.02977e+06
3442.5,-6.02939e+06
3442.6,-6.02901e+06
3442.7,-6.02863e+06
3442.8,-6.02825e+06
3442.9,-6.02787e+06
3443,-6.02749e+06
3443.1,-6.02711e+06
3443.2,-6.02674e+06
3443.3,-6.02636e+06
3443.4,-6.02598e+06
3443.5,-6.0256e+06
3443.6,-6.02522e+06
3443.7,-6.02484e+06
3443.8,-6.02446e+06
3443.9,-6.02408e+06
3444,-6.0237e+06
3444.1,-6.02332e+06
3444.2,-6.02294e+06
3444.3,-6.02256e+06
3444.4,-6.02218e+06
3444.5,-6.0218e+06
3444.6,-6.02142e+06
3444.7,-6.02104e+06
3444.8,-6.02066e+06
3444.9,-6.02028e+06
3445,-6.0199e+06
3445.1,-6.01952e+06
3445.2,-6.01914e+06
3445.3,-6.01876e+06
3445.4,-6.01838e+06
3445.5,-6.018e+06
3445.6,-6.01762e+06
3445.7,-6.01724e+06
3445.8,-6.01685e+06
3445.9,-6.01647e+06
3446,-6.01609e+06
3446.1,-6.01571e+06
3446.2,-6.01533e+06
3446.3,-6.01495e+06
3446.4,-6.01457e+06
3446.5,-6.01419e+06
3446.6,-6.0138e+06
3446.7,-6.01342e+06
3446.8,-6.01304e+06
3446.9,-6.01266e+06
3447,-6.01228e+06
3447.1,-6.0119e+06
3447.2,-6.01152e+06
3447.3,-6.01113e+06
3447.4,-6.01075e+06
3447.5,-6.01037e+06
3447.6,-6.00999e+06
3447.7,-6.0096e+06
3447.8,-6.00922e+06
3447.9,-6.00884e+06
3448,-6.00846e+06
3448.1,-6.00808e+06
3448.2,-6.00769e+06
3448.3,-6.00731e+06
3448.4,-6.00693e+06
3448.5,-6.00654e+06
3448.6,-6.00616e+06
3448.7,-6.00578e+06
3448.8,-6.0054e+06
3448.9,-6.00501e+06
3449,-6.00463e+06
3449.1,-6.00425e+06
3449.2,-6.00386e+06
3449.3,-6.00348e+06
3449.4,-6.0031e+06
3449.5,-6.00271e+06
3449.6,-6.00233e+06
3449.7,-6.00195e+06
3449.8,-6.00156e+06
3449.9,-6.00118e+06
3450,-6.00079e+06
3450.1,-6.00041e+06
3450.2,-6.00003e+06
3450.3,-5.99964e+06
3450.4,-5.99926e+06
3450.5,-5.99887e+06
3450.6,-5.99849e+06
3450.7,-5.9981e+06
3450.8,-5.99772e+06
3450.9,-5.99734e+06
3451,-5.99695e+06
3451.1,-5.99657e+06
3451.2,-5.99618e+06
3451.3,-5.9958e+06
3451.4,-5.99541e+06
3451.5,-5.99503e+06
3451.6,-5.99464e+06
3451.7,-5.99426e+06
3451.8,-5.99387e+06
3451.9,-5.99349e+06
3452,-5.9931e+06
3452.1,-5.99272e+06
3452.2,-5.99233e+06
3452.3,-5.99195e+06
3452.4,-5.99156e+06
3452.5,-5.99117e+06
3452.6,-5.99079e+06
3452.7,-5.9904e+06
3452.8,-5.99002e+06
3452.9,-5.98963e+06
3453,-5.98924e+06
3453.1,-5.98886e+06
3453.2,-5.98847e+06
3453.3,-5.98809e+06
3453.4,-5.9877e+06
3453.5,-5.98731e+06
3453.6,-5.98693e+06
3453.7,-5.98654e+06
3453.8,-5.98615e+06
3453.9,-5.98577e+06
3454,-5.98538e+06
3454.1,-5.98499e+06
3454.2,-5.98461e+06
3454.3,-5.98422e+06
3454.4,-5.98383e+06
3454.5,-5.98345e+06
3454.6,-5.98306e+06
3454.7,-5.98267e+06
3454.8,-5.98228e+06
3454.9,-5.9819e+06
3455,-5.98151e+06
3455.1,-5.98112e+06
3455.2,-5.98074e+06
3455.3,-5.98035e+06
3455.4,-5.97996e+06
3455.5,-5.97957e+06
3455.6,-5.97918e+06
3455.7,-5.9788e+06
3455.8,-5.97841e+06
3455.9,-5.97802e+06
3456,-5.97763e+06
3456.1,-5.97724e+06
3456.2,-5.97686e+06
3456.3,-5.97647e+06
3456.4,-5.97608e+06
3456.5,-5.97569e+06
3456.6,-5.9753e+06
3456.7,-5.97491e+06
3456.8,-5.97453e+06
3456.9,-5.97414e+06
3457,-5.97375e+06
3457.1,-5.97336e+06
3457.2,-5.97297e+06
3457.3,-5.97258e+06
3457.4,-5.97219e+06
3457.5,-5.9718e+06
3457.6,-5.97141e+06
3457.7,-5.97102e+06
3457.8,-5.97064e+06
3457.9,-5.97025e+06
3458,-5.96986e+06
3458.1,-5.96947e+06
3458.2,-5.96908e+06
3458.3,-5.96869e+06
3458.4,-5.9683e+06
3458.5,-5.96791e+06
3458.6,-5.96752e+06
3458.7,-5.96713e+06
3458.8,-5.96674e+06
3458.9,-5.96635e+06
3459,-5.96596e+06
3459.1,-5.96557e+06
3459.2,-5.96518e+06
3459.3,-5.96479e+06
3459.4,-5.9644e+06
3459.5,-5.964e+06
3459.6,-5.96361e+06
3459.7,-5.96322e+06
3459.8,-5.96283e+06
3459.9,-5.96244e+06
3460,-5.96205e+06
3460.1,-5.96166e+06
3460.2,-5.96127e+06
3460.3,-5.96088e+06
3460.4,-5.96049e+06
3460.5,-5.9601e+06
3460.6,-5.9597e+06
3460.7,-5.95931e+06
3460.8,-5.95892e+06
3460.9,-5.95853e+06
3461,-5.95814e+06
3461.1,-5.95775e+06
3461.2,-5.95735e+06
3461.3,-5.95696e+06
3461.4,-5.95657e+06
3461.5,-5.95618e+06
3461.6,-5.95579e+06
3461.7,-5.95539e+06
3461.8,-5.955e+06
3461.9,-5.95461e+06
3462,-5.95422e+06
3462.1,-5.95383e+06
3462.2,-5.95343e+06
3462.3,-5.95304e+06
3462.4,-5.95265e+06
3462.5,-5.95226e+06
3462.6,-5.95186e+06
3462.7,-5.95147e+06
3462.8,-5.95108e+06
3462.9,-5.95068e+06
3463,-5.95029e+06
3463.1,-5.9499e+06
3463.2,-5.9495e+06
3463.3,-5.94911e+06
3463.4,-5.94872e+06
3463.5,-5.94832e+06
3463.6,-5.94793e+06
3463.7,-5.94754e+06
3463.8,-5.94714e+06
3463.9,-5.94675e+06
3464,-5.94636e+06
3464.1,-5.94596e+06
3464.2,-5.94557e+06
3464.3,-5.94518e+06
3464.4,-5.94478e+06
3464.5,-5.94439e+06
3464.6,-5.94399e+06
3464.7,-5.9436e+06
3464.8,-5.9432e+06
3464.9,-5.94281e+06
3465,-5.94242e+06
3465.1,-5.94202e+06
3465.2,-5.94163e+06
3465.3,-5.94123e+06
3465.4,-5.94084e+06
3465.5,-5.94044e+06
3465.6,-5.94005e+06
3465.7,-5.93965e+06
3465.8,-5.93926e+06
3465.9,-5.93886e+06
3466,-5.93847e+06
3466.1,-5.93807e+06
3466.2,-5.93768e+06
3466.3,-5.93728e+06
3466.4,-5.93689e+06
3466.5,-5.93649e+06
3466.6,-5.9361e+06
3466.7,-5.9357e+06
3466.8,-5.9353e+06
3466.9,-5.93491e+06
3467,-5.93451e+06
3467.1,-5.93412e+06
3467.2,-5.93372e+06
3467.3,-5.93332e+06
3467.4,-5.93293e+06
3467.5,-5.93253e+06
3467.6,-5.93214e+06
3467.7,-5.93174e+06
3467.8,-5.93134e+06
3467.9,-5.93095e+06
3468,-5.93055e+06
3468.1,-5.93015e+06
3468.2,-5.92976e+06
3468.3,-5.92936e+06
3468.4,-5.92896e+06
3468.5,-5.92857e+06
3468.6,-5.92817e+06
3468.7,-5.92777e+06
3468.8,-5.92738e+06
3468.9,-5.92698e+06
3469,-5.92658e+06
3469.1,-5.92618e+06
3469.2,-5.92579e+06
3469.3,-5.92539e+06
3469.4,-5.92499e+06
3469.5,-5.9246e+06
3469.6,-5.9242e+06
3469.7,-5.9238e+06
3469.8,-5.9234e+06
3469.9,-5.923e+06
3470,-5.92261e+06
3470.1,-5.92221e+06
3470.2,-5.92181e+06
3470.3,-5.92141e+06
3470.4,-5.92101e+06
3470.5,-5.92062e+06
3470.6,-5.92022e+06
3470.7,-5.91982e+06
3470.8,-5.91942e+06
3470.9,-5.91902e+06
3471,-5.91862e+06
3471.1,-5.91822e+06
3471.2,-5.91783e+06
3471.3,-5.91743e+06
3471.4,-5.91703e+06
3471.5,-5.91663e+06
3471.6,-5.91623e+06
3471.7,-5.91583e+06
3471.8,-5.91543e+06
3471.9,-5.91503e+06
3472,-5.91463e+06
3472.1,-5.91423e+06
3472.2,-5.91383e+06
3472.3,-5.91344e+06
3472.4,-5.91304e+06
3472.5,-5.91264e+06
3472.6,-5.91224e+06
3472.7,-5.91184e+06
3472.8,-5.91144e+06
3472.9,-5.91104e+06
3473,-5.91064e+06
3473.1,-5.91024e+06
3473.2,-5.90984e+06
3473.3,-5.90944e+06
3473.4,-5.90904e+06
3473.5,-5.90864e+06
3473.6,-5.90824e+06
3473.7,-5.90783e+06
3473.8,-5.90743e+06
3473.9,-5.90703e+06
3474,-5.90663e+06
3474.1,-5.90623e+06
3474.2,-5.90583e+06
3474.3,-5.90543e+06
3474.4,-5.90503e+06
3474.5,-5.90463e+06
3474.6,-5.90423e+06
3474.7,-5.90383e+06
3474.8,-5.90342e+06
3474.9,-5.90302e+06
3475,-5.90262e+06
3475.1,-5.90222e+06
3475.2,-5.90182e+06
3475.3,-5.90142e+06
3475.4,-5.90102e+06
3475.5,-5.90061e+06
3475.6,-5.90021e+06
3475.7,-5.89981e+06
3475.8,-5.89941e+06
3475.9,-5.89901e+06
3476,-5.8986e+06
3476.1,-5.8982e+06
3476.2,-5.8978e+06
3476.3,-5.8974e+06
3476.4,-5.897e+06
3476.5,-5.89659e+06
3476.6,-5.89619e+06
3476.7,-5.89579e+06
3476.8,-5.89538e+06
3476.9,-5.89498e+06
3477,-5.89458e+06
3477.1,-5.89418e+06
3477.2,-5.89377e+06
3477.3,-5.89337e+06
3477.4,-5.89297e+06
3477.5,-5.89256e+06
3477.6,-5.89216e+06
3477.7,-5.89176e+06
3477.8,-5.89135e+06
3477.9,-5.89095e+06
3478,-5.89055e+06
3478.1,-5.89014e+06
3478.2,-5.88974e+06
3478.3,-5.88934e+06
3478.4,-5.88893e+06
3478.5,-5.88853e+06
3478.6,-5.88812e+06
3478.7,-5.88772e+06
3478.8,-5.88732e+06
3478.9,-5.88691e+06
3479,-5.88651e+06
3479.1,-5.8861e+06
3479.2,-5.8857e+06
3479.3,-5.8853e+06
3479.4,-5.88489e+06
3479.5,-5.88449e+06
3479.6,-5.88408e+06
3479.7,-5.88368e+06
3479.8,-5.88327e+06
3479.9,-5.88287e+06
3480,-5.88246e+06
3480.1,-5.88206e+06
3480.2,-5.88165e+06
3480.3,-5.88125e+06
3480.4,-5.88084e+06
3480.5,-5.88044e+06
3480.6,-5.88003e+06
3480.7,-5.87963e+06
3480.8,-5.87922e+06
3480.9,-5.87882e+06
3481,-5.87841e+06
3481.1,-5.87801e+06
3481.2,-5.8776e+06
3481.3,-5.87719e+06
3481.4,-5.87679e+06
3481.5,-5.87638e+06
3481.6,-5.87598e+06
3481.7,-5.87557e+06
3481.8,-5.87516e+06
3481.9,-5.87476e+06
3482,-5.87435e+06
3482.1,-5.87394e+06
3482.2,-5.87354e+06
3482.3,-5.87313e+06
3482.4,-5.87273e+06
3482.5,-5.87232e+06
3482.6,-5.87191e+06
3482.7,-5.87151e+06
3482.8,-5.8711e+06
3482.9,-5.87069e+06
3483,-5.87028e+06
3483.1,-5.86988e+06
3483.2,-5.86947e+06
3483.3,-5.86906e+06
3483.4,-5.86866e+06
3483.5,-5.86825e+06
3483.6,-5.86784e+06
3483.7,-5.86743e+06
3483.8,-5.86703e+06
3483.9,-5.86662e+06
3484,-5.86621e+06
3484.1,-5.8658e+06
3484.2,-5.8654e+06
3484.3,-5.86499e+06
3484.4,-5.86458e+06
3484.5,-5.86417e+06
3484.6,-5.86376e+06
3484.7,-5.86336e+06
3484.8,-5.86295e+06
3484.9,-5.86254e+06
3485,-5.86213e+06
3485.1,-5.86172e+06
3485.2,-5.86131e+06
3485.3,-5.86091e+06
3485.4,-5.8605e+06
3485.5,-5.86009e+06
3485.6,-5.85968e+06
3485.7,-5.85927e+06
3485.8,-5.85886e+06
3485.9,-5.85845e+06
3486,-5.85804e+06
3486.1,-5.85764e+06
3486.2,-5.85723e+06
3486.3,-5.85682e+06
3486.4,-5.85641e+06
3486.5,-5.856e+06
3486.6,-5.85559e+06
3486.7,-5.85518e+06
3486.8,-5.85477e+06
3486.9,-5.85436e+06
3487,-5.85395e+06
3487.1,-5.85354e+06
3487.2,-5.85313e+06
3487.3,-5.85272e+06
3487.4,-5.85231e+06
3487.5,-5.8519e+06
3487.6,-5.85149e+06
3487.7,-5.85108e+06
3487.8,-5.85067e+06
3487.9,-5.85026e+06
3488,-5.84985e+06
3488.1,-5.84944e+06
3488.2,-5.84903e+06
3488.3,-5.84862e+06
3488.4,-5.84821e+06
3488.5,-5.8478e+06
3488.6,-5.84739e+06
3488.7,-5.84698e+06
3488.8,-5.84656e+06
3488.9,-5.84615e+06
3489,-5.84574e+06
3489.1,-5.84533e+06
3489.2,-5.84492e+06
3489.3,-5.84451e+06
3489.4,-5.8441e+06
3489.5,-5.84369e+06
3489.6,-5.84327e+06
3489.7,-5.84286e+06
3489.8,-5.84245e+06
3489.9,-5.84204e+06
3490,-5.84163e+06
3490.1,-5.84122e+06
3490.2,-5.8408e+06
3490.3,-5.84039e+06
3490.4,-5.83998e+06
3490.5,-5.83957e+06
3490.6,-5.83916e+06
3490.7,-5.83874e+06
3490.8,-5.83833e+06
3490.9,-5.83792e+06
3491,-5.83751e+06
3491.1,-5.83709e+06
3491.2,-5.83668e+06
3491.3,-5.83627e+06
3491.4,-5.83586e+06
3491.5,-5.83544e+06
3491.6,-5.83503e+06
3491.7,-5.83462e+06
3491.8,-5.8342e+06
3491.9,-5.83379e+06
3492,-5.83338e+06
3492.1,-5.83296e+06
3492.2,-5.83255e+06
3492.3,-5.83214e+06
3492.4,-5.83172e+06
3492.5,-5.83131e+06
3492.6,-5.8309e+06
3492.7,-5.83048e+06
3492.8,-5.83007e+06
3492.9,-5.82966e+06
3493,-5.82924e+06
3493.1,-5.82883e+06
3493.2,-5.82841e+06
3493.3,-5.828e+06
3493.4,-5.82759e+06
3493.5,-5.82717e+06
3493.6,-5.82676e+06
3493.7,-5.82634e+06
3493.8,-5.82593e+06
3493.9,-5.82551e+06
3494,-5.8251e+06
3494.1,-5.82469e+06
3494.2,-5.82427e+06
3494.3,-5.82386e+06
3494.4,-5.82344e+06
3494.5,-5.82303e+06
3494.6,-5.82261e+06
3494.7,-5.8222e+06
3494.8,-5.82178e+06
3494.9,-5.82137e+06
3495,-5.82095e+06
3495.1,-5.82054e+06
3495.2,-5.82012e+06
3495.3,-5.8197e+06
3495.4,-5.81929e+06
3495.5,-5.81887e+06
3495.6,-5.81846e+06
3495.7,-5.81804e+06
3495.8,-5.81763e+06
3495.9,-5.81721e+06
3496,-5.8168e+06
3496.1,-5.81638e+06
3496.2,-5.81596e+06
3496.3,-5.81555e+06
3496.4,-5.81513e+06
3496.5,-5.81472e+06
3496.6,-5.8143e+06
3496.7,-5.81388e+06
3496.8,-5.81347e+06
3496.9,-5.81305e+06
3497,-5.81263e+06
3497.1,-5.81222e+06
3497.2,-5.8118e+06
3497.3,-5.81138e+06
3497.4,-5.81097e+06
3497.5,-5.81055e+06
3497.6,-5.81013e+06
3497.7,-5.80971e+06
3497.8,-5.8093e+06
3497.9,-5.80888e+06
3498,-5.80846e+06
3498.1,-5.80805e+06
3498.2,-5.80763e+06
3498.3,-5.80721e+06
3498.4,-5.80679e+06
3498.5,-5.80638e+06
3498.6,-5.80596e+06
3498.7,-5.80554e+06
3498.8,-5.80512e+06
3498.9,-5.8047e+06
3499,-5.80429e+06
3499.1,-5.80387e+06
3499.2,-5.80345e+06
3499.3,-5.80303e+06
3499.4,-5.80261e+06
3499.5,-5.8022e+06
3499.6,-5.80178e+06
3499.7,-5.80136e+06
3499.8,-5.80094e+06
3499.9,-5.80052e+06
3500,-5.8001e+06
3500.1,-5.79968e+06
3500.2,-5.79927e+06
3500.3,-5.79885e+06
3500.4,-5.79843e+06
3500.5,-5.79801e+06
3500.6,-5.79759e+06
3500.7,-5.79717e+06
3500.8,-5.79675e+06
3500.9,-5.79633e+06
3501,-5.79591e+06
3501.1,-5.79549e+06
3501.2,-5.79507e+06
3501.3,-5.79466e+06
3501.4,-5.79424e+06
3501.5,-5.79382e+06
3501.6,-5.7934e+06
3501.7,-5.79298e+06
3501.8,-5.79256e+06
3501.9,-5.79214e+06
3502,-5.79172e+06
3502.1,-5.7913e+06
3502.2,-5.79088e+06
3502.3,-5.79046e+06
3502.4,-5.79004e+06
3502.5,-5.78962e+06
3502.6,-5.7892e+06
3502.7,-5.78877e+06
3502.8,-5.78835e+06
3502.9,-5.78793e+06
3503,-5.78751e+06
3503.1,-5.78709e+06
3503.2,-5.78667e+06
3503.3,-5.78625e+06
3503.4,-5.78583e+06
3503.5,-5.78541e+06
3503.6,-5.78499e+06
3503.7,-5.78457e+06
3503.8,-5.78415e+06
3503.9,-5.78372e+06
3504,-5.7833e+06
3504.1,-5.78288e+06
3504.2,-5.78246e+06
3504.3,-5.78204e+06
3504.4,-5.78162e+06
3504.5,-5.7812e+06
3504.6,-5.78077e+06
3504.7,-5.78035e+06
3504.8,-5.77993e+06
3504.9,-5.77951e+06
3505,-5.77908e+06
3505.1,-5.77866e+06
3505.2,-5.77824e+06
3505.3,-5.77782e+06
3505.4,-5.7774e+06
3505.5,-5.77697e+06
3505.6,-5.77655e+06
3505.7,-5.77613e+06
3505.8,-5.77571e+06
3505.9,-5.77528e+06
3506,-5.77486e+06
3506.1,-5.77444e+06
3506.2,-5.77402e+06
3506.3,-5.77359e+06
3506.4,-5.77317e+06
3506.5,-5.77275e+06
3506.6,-5.77232e+06
3506.7,-5.7719e+06
3506.8,-5.77148e+06
3506.9,-5.77105e+06
3507,-5.77063e+06
3507.1,-5.77021e+06
3507.2,-5.76978e+06
3507.3,-5.76936e+06
3507.4,-5.76894e+06
3507.5,-5.76851e+06
3507.6,-5.76809e+06
3507.7,-5.76766e+06
3507.8,-5.76724e+06
3507.9,-5.76682e+06
3508,-5.76639e+06
3508.1,-5.76597e+06
3508.2,-5.76554e+06
3508.3,-5.76512e+06
3508.4,-5.7647e+06
3508.5,-5.76427e+06
3508.6,-5.76385e+06
3508.7,-5.76342e+06
3508.8,-5.763e+06
3508.9,-5.76257e+06
3509,-5.76215e+06
3509.1,-5.76172e+06
3509.2,-5.7613e+06
3509.3,-5.76087e+06
3509.4,-5.76045e+06
3509.5,-5.76002e+06
3509.6,-5.7596e+06
3509.7,-5.75917e+06
3509.8,-5.75875e+06
3509.9,-5.75832e+06
3510,-5.7579e+06
3510.1,-5.75747e+06
3510.2,-5.75705e+06
3510.3,-5.75662e+06
3510.4,-5.75619e+06
3510.5,-5.75577e+06
3510.6,-5.75534e+06
3510.7,-5.75492e+06
3510.8,-5.75449e+06
3510.9,-5.75406e+06
3511,-5.75364e+06
3511.1,-5.75321e+06
3511.2,-5.75279e+06
3511.3,-5.75236e+06
3511.4,-5.75193e+06
3511.5,-5.75151e+06
3511.6,-5.75108e+06
3511.7,-5.75065e+06
3511.8,-5.75023e+06
3511.9,-5.7498e+06
3512,-5.74937e+06
3512.1,-5.74895e+06
3512.2,-5.74852e+06
3512.3,-5.74809e+06
3512.4,-5.74767e+06
3512.5,-5.74724e+06
3512.6,-5.74681e+06
3512.7,-5.74638e+06
3512.8,-5.74596e+06
3512.9,-5.74553e+06
3513,-5.7451e+06
3513.1,-5.74467e+06
3513.2,-5.74425e+06
3513.3,-5.74382e+06
3513.4,-5.74339e+06
3513.5,-5.74296e+06
3513.6,-5.74254e+06
3513.7,-5.74211e+06
3513.8,-5.74168e+06
3513.9,-5.74125e+06
3514,-5.74082e+06
3514.1,-5.7404e+06
3514.2,-5.73997e+06
3514.3,-5.73954e+06
3514.4,-5.73911e+06
3514.5,-5.73868e+06
3514.6,-5.73825e+06
3514.7,-5.73782e+06
3514.8,-5.7374e+06
3514.9,-5.73697e+06
3515,-5.73654e+06
3515.1,-5.73611e+06
3515.2,-5.73568e+06
3515.3,-5.73525e+06
3515.4,-5.73482e+06
3515.5,-5.73439e+06
3515.6,-5.73396e+06
3515.7,-5.73353e+06
3515.8,-5.7331e+06
3515.9,-5.73268e+06
3516,-5.73225e+06
3516.1,-5.73182e+06
3516.2,-5.73139e+06
3516.3,-5.73096e+06
3516.4,-5.73053e+06
3516.5,-5.7301e+06
3516.6,-5.72967e+06
3516.7,-5.72924e+06
3516.8,-5.72881e+06
3516.9,-5.72838e+06
3517,-5.72795e+06
3517.1,-5.72752e+06
3517.2,-5.72709e+06
3517.3,-5.72666e+06
3517.4,-5.72623e+06
3517.5,-5.7258e+06
3517.6,-5.72536e+06
3517.7,-5.72493e+06
3517.8,-5.7245e+06
3517.9,-5.72407e+06
3518,-5.72364e+06
3518.1,-5.72321e+06
3518.2,-5.72278e+06
3518.3,-5.72235e+06
3518.4,-5.72192e+06
3518.5,-5.72149e+06
3518.6,-5.72106e+06
3518.7,-5.72062e+06
3518.8,-5.72019e+06
3518.9,-5.71976e+06
3519,-5.71933e+06
3519.1,-5.7189e+06
3519.2,-5.71847e+06
3519.3,-5.71804e+06
3519.4,-5.7176e+06
3519.5,-5.71717e+06
3519.6,-5.71674e+06
3519.7,-5.71631e+06
3519.8,-5.71588e+06
3519.9,-5.71544e+06
3520,-5.71501e+06
3520.1,-5.71458e+06
3520.2,-5.71415e+06
3520.3,-5.71371e+06
3520.4,-5.71328e+06
3520.5,-5.71285e+06
3520.6,-5.71242e+06
3520.7,-5.71198e+06
3520.8,-5.71155e+06
3520.9,-5.71112e+06
3521,-5.71068e+06
3521.1,-5.71025e+06
3521.2,-5.70982e+06
3521.3,-5.70939e+06
3521.4,-5.70895e+06
3521.5,-5.70852e+06
3521.6,-5.70809e+06
3521.7,-5.70765e+06
3521.8,-5.70722e+06
3521.9,-5.70679e+06
3522,-5.70635e+06
3522.1,-5.70592e+06
3522.2,-5.70549e+06
3522.3,-5.70505e+06
3522.4,-5.70462e+06
3522.5,-5.70418e+06
3522.6,-5.70375e+06
3522.7,-5.70332e+06
3522.8,-5.70288e+06
3522.9,-5.70245e+06
3523,-5.70201e+06
3523.1,-5.70158e+06
3523.2,-5.70114e+06
3523.3,-5.70071e+06
3523.4,-5.70028e+06
3523.5,-5.69984e+06
3523.6,-5.69941e+06
3523.7,-5.69897e+06
3523.8,-5.69854e+06
3523.9,-5.6981e+06
3524,-5.69767e+06
3524.1,-5.69723e+06
3524.2,-5.6968e+06
3524.3,-5.69636e+06
3524.4,-5.69593e+06
3524.5,-5.69549e+06
3524.6,-5.69506e+06
3524.7,-5.69462e+06
3524.8,-5.69419e+06
3524.9,-5.69375e+06
3525,-5.69332e+06
3525.1,-5.69288e+06
3525.2,-5.69244e+06
3525.3,-5.69201e+06
3525.4,-5.69157e+06
3525.5,-5.69114e+06
3525.6,-5.6907e+06
3525.7,-5.69026e+06
3525.8,-5.68983e+06
3525.9,-5.68939e+06
3526,-5.68896e+06
3526.1,-5.68852e+06
3526.2,-5.68808e+06
3526.3,-5.68765e+06
3526.4,-5.68721e+06
3526.5,-5.68677e+06
3526.6,-5.68634e+06
3526.7,-5.6859e+06
3526.8,-5.68546e+06
3526.9,-5.68503e+06
3527,-5.68459e+06
3527.1,-5.68415e+06
3527.2,-5.68372e+06
3527.3,-5.68328e+06
3527.4,-5.68284e+06
3527.5,-5.6824e+06
3527.6,-5.68197e+06
3527.7,-5.68153e+06
3527.8,-5.68109e+06
3527.9,-5.68065e+06
3528,-5.68022e+06
3528.1,-5.67978e+06
3528.2,-5.67934e+06
3528.3,-5.6789e+06
3528.4,-5.67847e+06
3528.5,-5.67803e+06
3528.6,-5.67759e+06
3528.7,-5.67715e+06
3528.8,-5.67671e+06
3528.9,-5.67628e+06
3529,-5.67584e+06
3529.1,-5.6754e+06
3529.2,-5.67496e+06
3529.3,-5.67452e+06
3529.4,-5.67408e+06
3529.5,-5.67365e+06
3529.6,-5.67321e+06
3529.7,-5.67277e+06
3529.8,-5.67233e+06
3529.9,-5.67189e+06
3530,-5.67145e+06
3530.1,-5.67101e+06
3530.2,-5.67057e+06
3530.3,-5.67013e+06
3530.4,-5.6697e+06
3530.5,-5.66926e+06
3530.6,-5.66882e+06
3530.7,-5.66838e+06
3530.8,-5.66794e+06
3530.9,-5.6675e+06
3531,-5.66706e+06
3531.1,-5.66662e+06
3531.2,-5.66618e+06
3531.3,-5.66574e+06
3531.4,-5.6653e+06
3531.5,-5.66486e+06
3531.6,-5.66442e+06
3531.7,-5.66398e+06
3531.8,-5.66354e+06
3531.9,-5.6631e+06
3532,-5.66266e+06
3532.1,-5.66222e+06
3532.2,-5.66178e+06
3532.3,-5.66134e+06
3532.4,-5.6609e+06
3532.5,-5.66046e+06
3532.6,-5.66002e+06
3532.7,-5.65958e+06
3532.8,-5.65914e+06
3532.9,-5.65869e+06
3533,-5.65825e+06
3533.1,-5.65781e+06
3533.2,-5.65737e+06
3533.3,-5.65693e+06
3533.4,-5.65649e+06
3533.5,-5.65605e+06
3533.6,-5.65561e+06
3533.7,-5.65517e+06
3533.8,-5.65472e+06
3533.9,-5.65428e+06
3534,-5.65384e+06
3534.1,-5.6534e+06
3534.2,-5.65296e+06
3534.3,-5.65252e+06
3534.4,-5.65207e+06
3534.5,-5.65163e+06
3534.6,-5.65119e+06
3534.7,-5.65075e+06
3534.8,-5.65031e+06
3534.9,-5.64986e+06
3535,-5.64942e+06
3535.1,-5.64898e+06
3535.2,-5.64854e+06
3535.3,-5.64809e+06
3535.4,-5.64765e+06
3535.5,-5.64721e+06
3535.6,-5.64677e+06
3535.7,-5.64632e+06
3535.8,-5.64588e+06
3535.9,-5.64544e+06
3536,-5.645e+06
3536.1,-5.64455e+06
3536.2,-5.64411e+06
3536.3,-5.64367e+06
3536.4,-5.64322e+06
3536.5,-5.64278e+06
3536.6,-5.64234e+06
3536.7,-5.64189e+06
3536.8,-5.64145e+06
3536.9,-5.64101e+06
3537,-5.64056e+06
3537.1,-5.64012e+06
3537.2,-5.63968e+06
3537.3,-5.63923e+06
3537.4,-5.63879e+06
3537.5,-5.63834e+06
3537.6,-5.6379e+06
3537.7,-5.63746e+06
3537.8,-5.63701e+06
3537.9,-5.63657e+06
3538,-5.63612e+06
3538.1,-5.63568e+06
3538.2,-5.63524e+06
3538.3,-5.63479e+06
3538.4,-5.63435e+06
3538.5,-5.6339e+06
3538.6,-5.63346e+06
3538.7,-5.63301e+06
3538.8,-5.63257e+06
3538.9,-5.63212e+06
3539,-5.63168e+06
3539.1,-5.63123e+06
3539.2,-5.63079e+06
3539.3,-5.63034e+06
3539.4,-5.6299e+06
3539.5,-5.62945e+06
3539.6,-5.62901e+06
3539.7,-5.62856e+06
3539.8,-5.62812e+06
3539.9,-5.62767e+06
3540,-5.62722e+06
3540.1,-5.62678e+06
3540.2,-5.62633e+06
3540.3,-5.62589e+06
3540.4,-5.62544e+06
3540.5,-5.625e+06
3540.6,-5.62455e+06
3540.7,-5.6241e+06
3540.8,-5.62366e+06
3540.9,-5.62321e+06
3541,-5.62277e+06
3541.1,-5.62232e+06
3541.2,-5.62187e+06
3541.3,-5.62143e+06
3541.4,-5.62098e+06
3541.5,-5.62053e+06
3541.6,-5.62009e+06
3541.7,-5.61964e+06
3541.8,-5.61919e+06
3541.9,-5.61875e+06
3542,-5.6183e+06
3542.1,-5.61785e+06
3542.2,-5.61741e+06
3542.3,-5.61696e+06
3542.4,-5.61651e+06
3542.5,-5.61606e+06
3542.6,-5.61562e+06
3542.7,-5.61517e+06
3542.8,-5.61472e+06
3542.9,-5.61427e+06
3543,-5.61383e+06
3543.1,-5.61338e+06
3543.2,-5.61293e+06
3543.3,-5.61248e+06
3543.4,-5.61204e+06
3543.5,-5.61159e+06
3543.6,-5.61114e+06
3543.7,-5.61069e+06
3543.8,-5.61024e+06
3543.9,-5.6098e+06
3544,-5.60935e+06
3544.1,-5.6089e+06
3544.2,-5.60845e+06
3544.3,-5.608e+06
3544.4,-5.60755e+06
3544.5,-5.60711e+06
3544.6,-5.60666e+06
3544.7,-5.60621e+06
3544.8,-5.60576e+06
3544.9,-5.60531e+06
3545,-5.60486e+06
3545.1,-5.60441e+06
3545.2,-5.60396e+06
3545.3,-5.60352e+06
3545.4,-5.60307e+06
3545.5,-5.60262e+06
3545.6,-5.60217e+06
3545.7,-5.60172e+06
3545.8,-5.60127e+06
3545.9,-5.60082e+06
3546,-5.60037e+06
3546.1,-5.59992e+06
3546.2,-5.59947e+06
3546.3,-5.59902e+06
3546.4,-5.59857e+06
3546.5,-5.59812e+06
3546.6,-5.59767e+06
3546.7,-5.59722e+06
3546.8,-5.59677e+06
3546.9,-5.59632e+06
3547,-5.59587e+06
3547.1,-5.59542e+06
3547.2,-5.59497e+06
3547.3,-5.59452e+06
3547.4,-5.59407e+06
3547.5,-5.59362e+06
3547.6,-5.59317e+06
3547.7,-5.59272e+06
3547.8,-5.59227e+06
3547.9,-5.59182e+06
3548,-5.59136e+06
3548.1,-5.59091e+06
3548.2,-5.59046e+06
3548.3,-5.59001e+06
3548.4,-5.58956e+06
3548.5,-5.58911e+06
3548.6,-5.58866e+06
3548.7,-5.58821e+06
3548.8,-5.58776e+06
3548.9,-5.5873e+06
3549,-5.58685e+06
3549.1,-5.5864e+06
3549.2,-5.58595e+06
3549.3,-5.5855e+06
3549.4,-5.58505e+06
3549.5,-5.58459e+06
3549.6,-5.58414e+06
3549.7,-5.58369e+06
3549.8,-5.58324e+06
3549.9,-5.58279e+06
3550,-5.58233e+06
3550.1,-5.58188e+06
3550.2,-5.58143e+06
3550.3,-5.58098e+06
3550.4,-5.58052e+06
3550.5,-5.58007e+06
3550.6,-5.57962e+06
3550.7,-5.57917e+06
3550.8,-5.57872e+06
3550.9,-5.57826e+06
3551,-5.57781e+06
3551.1,-5.57736e+06
3551.2,-5.5769e+06
3551.3,-5.57645e+06
3551.4,-5.576e+06
3551.5,-5.57554e+06
3551.6,-5.57509e+06
3551.7,-5.57464e+06
3551.8,-5.57418e+06
3551.9,-5.57373e+06
3552,-5.57328e+06
3552.1,-5.57282e+06
3552.2,-5.57237e+06
3552.3,-5.57192e+06
3552.4,-5.57146e+06
3552.5,-5.57101e+06
3552.6,-5.57056e+06
3552.7,-5.5701e+06
3552.8,-5.56965e+06
3552.9,-5.56919e+06
3553,-5.56874e+06
3553.1,-5.56828e+06
3553.2,-5.56783e+06
3553.3,-5.56738e+06
3553.4,-5.56692e+06
3553.5,-5.56647e+06
3553.6,-5.56601e+06
3553.7,-5.56556e+06
3553.8,-5.5651e+06
3553.9,-5.56465e+06
3554,-5.56419e+06
3554.1,-5.56374e+06
3554.2,-5.56328e+06
3554.3,-5.56283e+06
3554.4,-5.56237e+06
3554.5,-5.56192e+06
3554.6,-5.56146e+06
3554.7,-5.56101e+06
3554.8,-5.56055e+06
3554.9,-5.5601e+06
3555,-5.55964e+06
3555.1,-5.55919e+06
3555.2,-5.55873e+06
3555.3,-5.55828e+06
3555.4,-5.55782e+06
3555.5,-5.55736e+06
3555.6,-5.55691e+06
3555.7,-5.55645e+06
3555.8,-5.556e+06
3555.9,-5.55554e+06
3556,-5.55508e+06
3556.1,-5.55463e+06
3556.2,-5.55417e+06
3556.3,-5.55372e+06
3556.4,-5.55326e+06
3556.5,-5.5528e+06
3556.6,-5.55235e+06
3556.7,-5.55189e+06
3556.8,-5.55143e+06
3556.9,-5.55098e+06
3557,-5.55052e+06
3557.1,-5.55006e+06
3557.2,-5.54961e+06
3557.3,-5.54915e+06
3557.4,-5.54869e+06
3557.5,-5.54823e+06
3557.6,-5.54778e+06
3557.7,-5.54732e+06
3557.8,-5.54686e+06
3557.9,-5.54641e+06
3558,-5.54595e+06
3558.1,-5.54549e+06
3558.2,-5.54503e+06
3558.3,-5.54458e+06
3558.4,-5.54412e+06
3558.5,-5.54366e+06
3558.6,-5.5432e+06
3558.7,-5.54274e+06
3558.8,-5.54229e+06
3558.9,-5.54183e+06
3559,-5.54137e+06
3559.1,-5.54091e+06
3559.2,-5.54045e+06
3559.3,-5.54e+06
3559.4,-5.53954e+06
3559.5,-5.53908e+06
3559.6,-5.53862e+06
3559.7,-5.53816e+06
3559.8,-5.5377e+06
3559.9,-5.53724e+06
3560,-5.53679e+06
3560.1,-5.53633e+06
3560.2,-5.53587e+06
3560.3,-5.53541e+06
3560.4,-5.53495e+06
3560.5,-5.53449e+06
3560.6,-5.53403e+06
3560.7,-5.53357e+06
3560.8,-5.53311e+06
3560.9,-5.53266e+06
3561,-5.5322e+06
3561.1,-5.53174e+06
3561.2,-5.53128e+06
3561.3,-5.53082e+06
3561.4,-5.53036e+06
3561.5,-5.5299e+06
3561.6,-5.52944e+06
3561.7,-5.52898e+06
3561.8,-5.52852e+06
3561.9,-5.52806e+06
3562,-5.5276e+06
3562.1,-5.52714e+06
3562.2,-5.52668e+06
3562.3,-5.52622e+06
3562.4,-5.52576e+06
3562.5,-5.5253e+06
3562.6,-5.52484e+06
3562.7,-5.52438e+06
3562.8,-5.52392e+06
3562.9,-5.52346e+06
3563,-5.52299e+06
3563.1,-5.52253e+06
3563.2,-5.52207e+06
3563.3,-5.52161e+06
3563.4,-5.52115e+06
3563.5,-5.52069e+06
3563.6,-5.52023e+06
3563.7,-5.51977e+06
3563.8,-5.51931e+06
3563.9,-5.51885e+06
3564,-5.51838e+06
3564.1,-5.51792e+06
3564.2,-5.51746e+06
3564.3,-5.517e+06
3564.4,-5.51654e+06
3564.5,-5.51608e+06
3564.6,-5.51562e+06
3564.7,-5.51515e+06
3564.8,-5.51469e+06
3564.9,-5.51423e+06
3565,-5.51377e+06
3565.1,-5.5133e+06
3565.2,-5.51284e+06
3565.3,-5.51238e+06
3565.4,-5.51192e+06
3565.5,-5.51146e+06
3565.6,-5.51099e+06
3565.7,-5.51053e+06
3565.8,-5.51007e+06
3565.9,-5.50961e+06
3566,-5.50914e+06
3566.1,-5.50868e+06
3566.2,-5.50822e+06
3566.3,-5.50776e+06
3566.4,-5.50729e+06
3566.5,-5.50683e+06
3566.6,-5.50637e+06
3566.7,-5.5059e+06
3566.8,-5.50544e+06
3566.9,-5.50498e+06
3567,-5.50451e+06
3567.1,-5.50405e+06
3567.2,-5.50359e+06
3567.3,-5.50312e+06
3567.4,-5.50266e+06
3567.5,-5.5022e+06
3567.6,-5.50173e+06
3567.7,-5.50127e+06
3567.8,-5.50081e+06
3567.9,-5.50034e+06
3568,-5.49988e+06
3568.1,-5.49941e+06
3568.2,-5.49895e+06
3568.3,-5.49849e+06
3568.4,-5.49802e+06
3568.5,-5.49756e+06
3568.6,-5.49709e+06
3568.7,-5.49663e+06
3568.8,-5.49616e+06
3568.9,-5.4957e+06
3569,-5.49524e+06
3569.1,-5.49477e+06
3569.2,-5.49431e+06
3569.3,-5.49384e+06
3569.4,-5.49338e+06
3569.5,-5.49291e+06
3569.6,-5.49245e+06
3569.7,-5.49198e+06
3569.8,-5.49152e+06
3569.9,-5.49105e+06
3570,-5.49059e+06
3570.1,-5.49012e+06
3570.2,-5.48966e+06
3570.3,-5.48919e+06
3570.4,-5.48872e+06
3570.5,-5.48826e+06
3570.6,-5.48779e+06
3570.7,-5.48733e+06
3570.8,-5.48686e+06
3570.9,-5.4864e+06
3571,-5.48593e+06
3571.1,-5.48546e+06
3571.2,-5.485e+06
3571.3,-5.48453e+06
3571.4,-5.48407e+06
3571.5,-5.4836e+06
3571.6,-5.48313e+06
3571.7,-5.48267e+06
3571.8,-5.4822e+06
3571.9,-5.48173e+06
3572,-5.48127e+06
3572.1,-5.4808e+06
3572.2,-5.48033e+06
3572.3,-5.47987e+06
3572.4,-5.4794e+06
3572.5,-5.47893e+06
3572.6,-5.47847e+06
3572.7,-5.478e+06
3572.8,-5.47753e+06
3572.9,-5.47707e+06
3573,-5.4766e+06
3573.1,-5.47613e+06
3573.2,-5.47566e+06
3573.3,-5.4752e+06
3573.4,-5.47473e+06
3573.5,-5.47426e+06
3573.6,-5.47379e+06
3573.7,-5.47333e+06
3573.8,-5.47286e+06
3573.9,-5.47239e+06
3574,-5.47192e+06
3574.1,-5.47146e+06
3574.2,-5.47099e+06
3574.3,-5.47052e+06
3574.4,-5.47005e+06
3574.5,-5.46958e+06
3574.6,-5.46912e+06
3574.7,-5.46865e+06
3574.8,-5.46818e+06
3574.9,-5.46771e+06
3575,-5.46724e+06
3575.1,-5.46677e+06
3575.2,-5.4663e+06
3575.3,-5.46584e+06
3575.4,-5.46537e+06
3575.5,-5.4649e+06
3575.6,-5.46443e+06
3575.7,-5.46396e+06
3575.8,-5.46349e+06
3575.9,-5.46302e+06
3576,-5.46255e+06
3576.1,-5.46208e+06
3576.2,-5.46162e+06
3576.3,-5.46115e+06
3576.4,-5.46068e+06
3576.5,-5.46021e+06
3576.6,-5.45974e+06
3576.7,-5.45927e+06
3576.8,-5.4588e+06
3576.9,-5.45833e+06
3577,-5.45786e+06
3577.1,-5.45739e+06
3577.2,-5.45692e+06
3577.3,-5.45645e+06
3577.4,-5.45598e+06
3577.5,-5.45551e+06
3577.6,-5.45504e+06
3577.7,-5.45457e+06
3577.8,-5.4541e+06
3577.9,-5.45363e+06
3578,-5.45316e+06
3578.1,-5.45269e+06
3578.2,-5.45222e+06
3578.3,-5.45175e+06
3578.4,-5.45128e+06
3578.5,-5.45081e+06
3578.6,-5.45034e+06
3578.7,-5.44986e+06
3578.8,-5.44939e+06
3578.9,-5.44892e+06
3579,-5.44845e+06
3579.1,-5.44798e+06
3579.2,-5.44751e+06
3579.3,-5.44704e+06
3579.4,-5.44657e+06
3579.5,-5.4461e+06
3579.6,-5.44562e+06
3579.7,-5.44515e+06
3579.8,-5.44468e+06
3579.9,-5.44421e+06
3580,-5.44374e+06
3580.1,-5.44327e+06
3580.2,-5.44279e+06
3580.3,-5.44232e+06
3580.4,-5.44185e+06
3580.5,-5.44138e+06
3580.6,-5.44091e+06
3580.7,-5.44043e+06
3580.8,-5.43996e+06
3580.9,-5.43949e+06
3581,-5.43902e+06
3581.1,-5.43855e+06
3581.2,-5.43807e+06
3581.3,-5.4376e+06
3581.4,-5.43713e+06
3581.5,-5.43666e+06
3581.6,-5.43618e+06
3581.7,-5.43571e+06
3581.8,-5.43524e+06
3581.9,-5.43476e+06
3582,-5.43429e+06
3582.1,-5.43382e+06
3582.2,-5.43334e+06
3582.3,-5.43287e+06
3582.4,-5.4324e+06
3582.5,-5.43193e+06
3582.6,-5.43145e+06
3582.7,-5.43098e+06
3582.8,-5.4305e+06
3582.9,-5.43003e+06
3583,-5.42956e+06
3583.1,-5.42908e+06
3583.2,-5.42861e+06
3583.3,-5.42814e+06
3583.4,-5.42766e+06
3583.5,-5.42719e+06
3583.6,-5.42672e+06
3583.7,-5.42624e+06
3583.8,-5.42577e+06
3583.9,-5.42529e+06
3584,-5.42482e+06
3584.1,-5.42434e+06
3584.2,-5.42387e+06
3584.3,-5.4234e+06
3584.4,-5.42292e+06
3584.5,-5.42245e+06
3584.6,-5.42197e+06
3584.7,-5.4215e+06
3584.8,-5.42102e+06
3584.9,-5.42055e+06
3585,-5.42007e+06
3585.1,-5.4196e+06
3585.2,-5.41912e+06
3585.3,-5.41865e+06
3585.4,-5.41817e+06
3585.5,-5.4177e+06
3585.6,-5.41722e+06
3585.7,-5.41675e+06
3585.8,-5.41627e+06
3585.9,-5.4158e+06
3586,-5.41532e+06
3586.1,-5.41485e+06
3586.2,-5.41437e+06
3586.3,-5.41389e+06
3586.4,-5.41342e+06
3586.5,-5.41294e+06
3586.6,-5.41247e+06
3586.7,-5.41199e+06
3586.8,-5.41151e+06
3586.9,-5.41104e+06
3587,-5.41056e+06
3587.1,-5.41009e+06
3587.2,-5.40961e+06
3587.3,-5.40913e+06
3587.4,-5.40866e+06
3587.5,-5.40818e+06
3587.6,-5.4077e+06
3587.7,-5.40723e+06
3587.8,-5.40675e+06
3587.9,-5.40627e+06
3588,-5.4058e+06
3588.1,-5.40532e+06
3588.2,-5.40484e+06
3588.3,-5.40437e+06
3588.4,-5.40389e+06
3588.5,-5.40341e+06
3588.6,-5.40294e+06
3588.7,-5.40246e+06
3588.8,-5.40198e+06
3588.9,-5.4015e+06
3589,-5.40103e+06
3589.1,-5.40055e+06
3589.2,-5.40007e+06
3589.3,-5.39959e+06
3589.4,-5.39912e+06
3589.5,-5.39864e+06
3589.6,-5.39816e+06
3589.7,-5.39768e+06
3589.8,-5.3972e+06
3589.9,-5.39673e+06
3590,-5.39625e+06
3590.1,-5.39577e+06
3590.2,-5.39529e+06
3590.3,-5.39481e+06
3590.4,-5.39434e+06
3590.5,-5.39386e+06
3590.6,-5.39338e+06
3590.7,-5.3929e+06
3590.8,-5.39242e+06
3590.9,-5.39194e+06
3591,-5.39146e+06
3591.1,-5.39099e+06
3591.2,-5.39051e+06
3591.3,-5.39003e+06
3591.4,-5.38955e+06
3591.5,-5.38907e+06
3591.6,-5.38859e+06
3591.7,-5.38811e+06
3591.8,-5.38763e+06
3591.9,-5.38715e+06
3592,-5.38667e+06
3592.1,-5.3862e+06
3592.2,-5.38572e+06
3592.3,-5.38524e+06
3592.4,-5.38476e+06
3592.5,-5.38428e+06
3592.6,-5.3838e+06
3592.7,-5.38332e+06
3592.8,-5.38284e+06
3592.9,-5.38236e+06
3593,-5.38188e+06
3593.1,-5.3814e+06
3593.2,-5.38092e+06
3593.3,-5.38044e+06
3593.4,-5.37996e+06
3593.5,-5.37948e+06
3593.6,-5.379e+06
3593.7,-5.37852e+06
3593.8,-5.37804e+06
3593.9,-5.37756e+06
3594,-5.37707e+06
3594.1,-5.37659e+06
3594.2,-5.37611e+06
3594.3,-5.37563e+06
3594.4,-5.37515e+06
3594.5,-5.37467e+06
3594.6,-5.37419e+06
3594.7,-5.37371e+06
3594.8,-5.37323e+06
3594.9,-5.37275e+06
3595,-5.37227e+06
3595.1,-5.37178e+06
3595.2,-5.3713e+06
3595.3,-5.37082e+06
3595.4,-5.37034e+06
3595.5,-5.36986e+06
3595.6,-5.36938e+06
3595.7,-5.3689e+06
3595.8,-5.36841e+06
3595.9,-5.36793e+06
3596,-5.36745e+06
3596.1,-5.36697e+06
3596.2,-5.36649e+06
3596.3,-5.366e+06
3596.4,-5.36552e+06
3596.5,-5.36504e+06
3596.6,-5.36456e+06
3596.7,-5.36408e+06
3596.8,-5.36359e+06
3596.9,-5.36311e+06
3597,-5.36263e+06
3597.1,-5.36214e+06
3597.2,-5.36166e+06
3597.3,-5.36118e+06
3597.4,-5.3607e+06
3597.5,-5.36021e+06
3597.6,-5.35973e+06
3597.7,-5.35925e+06
3597.8,-5.35877e+06
3597.9,-5.35828e+06
3598,-5.3578e+06
3598.1,-5.35732e+06
3598.2,-5.35683e+06
3598.3,-5.35635e+06
3598.4,-5.35587e+06
3598.5,-5.35538e+06
3598.6,-5.3549e+06
3598.7,-5.35442e+06
3598.8,-5.35393e+06
3598.9,-5.35345e+06
3599,-5.35297e+06
3599.1,-5.35248e+06
3599.2,-5.352e+06
3599.3,-5.35151e+06
3599.4,-5.35103e+06
3599.5,-5.35055e+06
3599.6,-5.35006e+06
3599.7,-5.34958e+06
3599.8,-5.34909e+06
3599.9,-5.34861e+06
3600,-5.34812e+06
3600.1,-5.34764e+06
3600.2,-5.34716e+06
3600.3,-5.34667e+06
3600.4,-5.34619e+06
3600.5,-5.3457e+06
3600.6,-5.34522e+06
3600.7,-5.34473e+06
3600.8,-5.34425e+06
3600.9,-5.34376e+06
3601,-5.34328e+06
3601.1,-5.34279e+06
3601.2,-5.34231e+06
3601.3,-5.34182e+06
3601.4,-5.34134e+06
3601.5,-5.34085e+06
3601.6,-5.34036e+06
3601.7,-5.33988e+06
3601.8,-5.33939e+06
3601.9,-5.33891e+06
3602,-5.33842e+06
3602.1,-5.33794e+06
3602.2,-5.33745e+06
3602.3,-5.33697e+06
3602.4,-5.33648e+06
3602.5,-5.33599e+06
3602.6,-5.33551e+06
3602.7,-5.33502e+06
3602.8,-5.33454e+06
3602.9,-5.33405e+06
3603,-5.33356e+06
3603.1,-5.33308e+06
3603.2,-5.33259e+06
3603.3,-5.3321e+06
3603.4,-5.33162e+06
3603.5,-5.33113e+06
3603.6,-5.33064e+06
3603.7,-5.33016e+06
3603.8,-5.32967e+06
3603.9,-5.32918e+06
3604,-5.3287e+06
3604.1,-5.32821e+06
3604.2,-5.32772e+06
3604.3,-5.32724e+06
3604.4,-5.32675e+06
3604.5,-5.32626e+06
3604.6,-5.32577e+06
3604.7,-5.32529e+06
3604.8,-5.3248e+06
3604.9,-5.32431e+06
3605,-5.32382e+06
3605.1,-5.32334e+06
3605.2,-5.32285e+06
3605.3,-5.32236e+06
3605.4,-5.32187e+06
3605.5,-5.32139e+06
3605.6,-5.3209e+06
3605.7,-5.32041e+06
3605.8,-5.31992e+06
3605.9,-5.31943e+06
3606,-5.31895e+06
3606.1,-5.31846e+06
3606.2,-5.31797e+06
3606.3,-5.31748e+06
3606.4,-5.31699e+06
3606.5,-5.3165e+06
3606.6,-5.31602e+06
3606.7,-5.31553e+06
3606.8,-5.31504e+06
3606.9,-5.31455e+06
3607,-5.31406e+06
3607.1,-5.31357e+06
3607.2,-5.31308e+06
3607.3,-5.31259e+06
3607.4,-5.3121e+06
3607.5,-5.31162e+06
3607.6,-5.31113e+06
3607.7,-5.31064e+06
3607.8,-5.31015e+06
3607.9,-5.30966e+06
3608,-5.30917e+06
3608.1,-5.30868e+06
3608.2,-5.30819e+06
3608.3,-5.3077e+06
3608.4,-5.30721e+06
3608.5,-5.30672e+06
3608.6,-5.30623e+06
3608.7,-5.30574e+06
3608.8,-5.30525e+06
3608.9,-5.30476e+06
3609,-5.30427e+06
3609.1,-5.30378e+06
3609.2,-5.30329e+06
3609.3,-5.3028e+06
3609.4,-5.30231e+06
3609.5,-5.30182e+06
3609.6,-5.30133e+06
3609.7,-5.30084e+06
3609.8,-5.30035e+06
3609.9,-5.29986e+06
3610,-5.29937e+06
3610.1,-5.29888e+06
3610.2,-5.29839e+06
3610.3,-5.2979e+06
3610.4,-5.2974e+06
3610.5,-5.29691e+06
3610.6,-5.29642e+06
3610.7,-5.29593e+06
3610.8,-5.29544e+06
3610.9,-5.29495e+06
3611,-5.29446e+06
3611.1,-5.29397e+06
3611.2,-5.29348e+06
3611.3,-5.29298e+06
3611.4,-5.29249e+06
3611.5,-5.292e+06
3611.6,-5.29151e+06
3611.7,-5.29102e+06
3611.8,-5.29053e+06
3611.9,-5.29003e+06
3612,-5.28954e+06
3612.1,-5.28905e+06
3612.2,-5.28856e+06
3612.3,-5.28807e+06
3612.4,-5.28757e+06
3612.5,-5.28708e+06
3612.6,-5.28659e+06
3612.7,-5.2861e+06
3612.8,-5.2856e+06
3612.9,-5.28511e+06
3613,-5.28462e+06
3613.1,-5.28413e+06
3613.2,-5.28363e+06
3613.3,-5.28314e+06
3613.4,-5.28265e+06
3613.5,-5.28216e+06
3613.6,-5.28166e+06
3613.7,-5.28117e+06
3613.8,-5.28068e+06
3613.9,-5.28018e+06
3614,-5.27969e+06
3614.1,-5.2792e+06
3614.2,-5.2787e+06
3614.3,-5.27821e+06
3614.4,-5.27772e+06
3614.5,-5.27722e+06
3614.6,-5.27673e+06
3614.7,-5.27624e+06
3614.8,-5.27574e+06
3614.9,-5.27525e+06
3615,-5.27476e+06
3615.1,-5.27426e+06
3615.2,-5.27377e+06
3615.3,-5.27327e+06
3615.4,-5.27278e+06
3615.5,-5.27229e+06
3615.6,-5.27179e+06
3615.7,-5.2713e+06
3615.8,-5.2708e+06
3615.9,-5.27031e+06
3616,-5.26981e+06
3616.1,-5.26932e+06
3616.2,-5.26882e+06
3616.3,-5.26833e+06
3616.4,-5.26784e+06
3616.5,-5.26734e+06
3616.6,-5.26685e+06
3616.7,-5.26635e+06
3616.8,-5.26586e+06
3616.9,-5.26536e+06
3617,-5.26487e+06
3617.1,-5.26437e+06
3617.2,-5.26388e+06
3617.3,-5.26338e+06
3617.4,-5.26289e+06
3617.5,-5.26239e+06
3617.6,-5.2619e+06
3617.7,-5.2614e+06
3617.8,-5.2609e+06
3617.9,-5.26041e+06
3618,-5.25991e+06
3618.1,-5.25942e+06
3618.2,-5.25892e+06
3618.3,-5.25843e+06
3618.4,-5.25793e+06
3618.5,-5.25743e+06
3618.6,-5.25694e+06
3618.7,-5.25644e+06
3618.8,-5.25595e+06
3618.9,-5.25545e+06
3619,-5.25495e+06
3619.1,-5.25446e+06
3619.2,-5.25396e+06
3619.3,-5.25346e+06
3619.4,-5.25297e+06
3619.5,-5.25247e+06
3619.6,-5.25197e+06
3619.7,-5.25148e+06
3619.8,-5.25098e+06
3619.9,-5.25048e+06
3620,-5.24999e+06
3620.1,-5.24949e+06
3620.2,-5.24899e+06
3620.3,-5.2485e+06
3620.4,-5.248e+06
3620.5,-5.2475e+06
3620.6,-5.24701e+06
3620.7,-5.24651e+06
3620.8,-5.24601e+06
3620.9,-5.24551e+06
3621,-5.24502e+06
3621.1,-5.24452e+06
3621.2,-5.24402e+06
3621.3,-5.24352e+06
3621.4,-5.24303e+06
3621.5,-5.24253e+06
3621.6,-5.24203e+06
3621.7,-5.24153e+06
3621.8,-5.24103e+06
3621.9,-5.24054e+06
3622,-5.24004e+06
3622.1,-5.23954e+06
3622.2,-5.23904e+06
3622.3,-5.23854e+06
3622.4,-5.23804e+06
3622.5,-5.23755e+06
3622.6,-5.23705e+06
3622.7,-5.23655e+06
3622.8,-5.23605e+06
3622.9,-5.23555e+06
3623,-5.23505e+06
3623.1,-5.23455e+06
3623.2,-5.23406e+06
3623.3,-5.23356e+06
3623.4,-5.23306e+06
3623.5,-5.23256e+06
3623.6,-5.23206e+06
3623.7,-5.23156e+06
3623.8,-5.23106e+06
3623.9,-5.23056e+06
3624,-5.23006e+06
3624.1,-5.22956e+06
3624.2,-5.22906e+06
3624.3,-5.22856e+06
3624.4,-5.22806e+06
3624.5,-5.22756e+06
3624.6,-5.22707e+06
3624.7,-5.22657e+06
3624.8,-5.22607e+06
3624.9,-5.22557e+06
3625,-5.22507e+06
3625.1,-5.22457e+06
3625.2,-5.22407e+06
3625.3,-5.22357e+06
3625.4,-5.22307e+06
3625.5,-5.22256e+06
3625.6,-5.22206e+06
3625.7,-5.22156e+06
3625.8,-5.22106e+06
3625.9,-5.22056e+06
3626,-5.22006e+06
3626.1,-5.21956e+06
3626.2,-5.21906e+06
3626.3,-5.21856e+06
3626.4,-5.21806e+06
3626.5,-5.21756e+06
3626.6,-5.21706e+06
3626.7,-5.21656e+06
3626.8,-5.21606e+06
3626.9,-5.21555e+06
3627,-5.21505e+06
3627.1,-5.21455e+06
3627.2,-5.21405e+06
3627.3,-5.21355e+06
3627.4,-5.21305e+06
3627.5,-5.21255e+06
3627.6,-5.21204e+06
3627.7,-5.21154e+06
3627.8,-5.21104e+06
3627.9,-5.21054e+06
3628,-5.21004e+06
3628.1,-5.20954e+06
3628.2,-5.20903e+06
3628.3,-5.20853e+06
3628.4,-5.20803e+06
3628.5,-5.20753e+06
3628.6,-5.20703e+06
3628.7,-5.20652e+06
3628.8,-5.20602e+06
3628.9,-5.20552e+06
3629,-5.20502e+06
3629.1,-5.20451e+06
3629.2,-5.20401e+06
3629.3,-5.20351e+06
3629.4,-5.20301e+06
3629.5,-5.2025e+06
3629.6,-5.202e+06
3629.7,-5.2015e+06
3629.8,-5.201e+06
3629.9,-5.20049e+06
3630,-5.19999e+06
3630.1,-5.19949e+06
3630.2,-5.19898e+06
3630.3,-5.19848e+06
3630.4,-5.19798e+06
3630.5,-5.19747e+06
3630.6,-5.19697e+06
3630.7,-5.19647e+06
3630.8,-5.19596e+06
3630.9,-5.19546e+06
3631,-5.19496e+06
3631.1,-5.19445e+06
3631.2,-5.19395e+06
3631.3,-5.19344e+06
3631.4,-5.19294e+06
3631.5,-5.19244e+06
3631.6,-5.19193e+06
3631.7,-5.19143e+06
3631.8,-5.19092e+06
3631.9,-5.19042e+06
3632,-5.18992e+06
3632.1,-5.18941e+06
3632.2,-5.18891e+06
3632.3,-5.1884e+06
3632.4,-5.1879e+06
3632.5,-5.18739e+06
3632.6,-5.18689e+06
3632.7,-5.18638e+06
3632.8,-5.18588e+06
3632.9,-5.18538e+06
3633,-5.18487e+06
3633.1,-5.18437e+06
3633.2,-5.18386e+06
3633.3,-5.18336e+06
3633.4,-5.18285e+06
3633.5,-5.18235e+06
3633.6,-5.18184e+06
3633.7,-5.18134e+06
3633.8,-5.18083e+06
3633.9,-5.18032e+06
3634,-5.17982e+06
3634.1,-5.17931e+06
3634.2,-5.17881e+06
3634.3,-5.1783e+06
3634.4,-5.1778e+06
3634.5,-5.17729e+06
3634.6,-5.17678e+06
3634.7,-5.17628e+06
3634.8,-5.17577e+06
3634.9,-5.17527e+06
3635,-5.17476e+06
3635.1,-5.17425e+06
3635.2,-5.17375e+06
3635.3,-5.17324e+06
3635.4,-5.17274e+06
3635.5,-5.17223e+06
3635.6,-5.17172e+06
3635.7,-5.17122e+06
3635.8,-5.17071e+06
3635.9,-5.1702e+06
3636,-5.1697e+06
3636.1,-5.16919e+06
3636.2,-5.16868e+06
3636.3,-5.16818e+06
3636.4,-5.16767e+06
3636.5,-5.16716e+06
3636.6,-5.16665e+06
3636.7,-5.16615e+06
3636.8,-5.16564e+06
3636.9,-5.16513e+06
3637,-5.16463e+06
3637.1,-5.16412e+06
3637.2,-5.16361e+06
3637.3,-5.1631e+06
3637.4,-5.1626e+06
3637.5,-5.16209e+06
3637.6,-5.16158e+06
3637.7,-5.16107e+06
3637.8,-5.16057e+06
3637.9,-5.16006e+06
3638,-5.15955e+06
3638.1,-5.15904e+06
3638.2,-5.15853e+06
3638.3,-5.15803e+06
3638.4,-5.15752e+06
3638.5,-5.15701e+06
3638.6,-5.1565e+06
3638.7,-5.15599e+06
3638.8,-5.15548e+06
3638.9,-5.15498e+06
3639,-5.15447e+06
3639.1,-5.15396e+06
3639.2,-5.15345e+06
3639.3,-5.15294e+06
3639.4,-5.15243e+06
3639.5,-5.15192e+06
3639.6,-5.15141e+06
3639.7,-5.15091e+06
3639.8,-5.1504e+06
3639.9,-5.14989e+06
3640,-5.14938e+06
3640.1,-5.14887e+06
3640.2,-5.14836e+06
3640.3,-5.14785e+06
3640.4,-5.14734e+06
3640.5,-5.14683e+06
3640.6,-5.14632e+06
3640.7,-5.14581e+06
3640.8,-5.1453e+06
3640.9,-5.14479e+06
3641,-5.14428e+06
3641.1,-5.14377e+06
3641.2,-5.14326e+06
3641.3,-5.14275e+06
3641.4,-5.14224e+06
3641.5,-5.14173e+06
3641.6,-5.14122e+06
3641.7,-5.14071e+06
3641.8,-5.1402e+06
3641.9,-5.13969e+06
3642,-5.13918e+06
3642.1,-5.13867e+06
3642.2,-5.13816e+06
3642.3,-5.13765e+06
3642.4,-5.13714e+06
3642.5,-5.13663e+06
3642.6,-5.13612e+06
3642.7,-5.13561e+06
3642.8,-5.1351e+06
3642.9,-5.13459e+06
3643,-5.13408e+06
3643.1,-5.13357e+06
3643.2,-5.13305e+06
3643.3,-5.13254e+06
3643.4,-5.13203e+06
3643.5,-5.13152e+06
3643.6,-5.13101e+06
3643.7,-5.1305e+06
3643.8,-5.12999e+06
3643.9,-5.12948e+06
3644,-5.12896e+06
3644.1,-5.12845e+06
3644.2,-5.12794e+06
3644.3,-5.12743e+06
3644.4,-5.12692e+06
3644.5,-5.12641e+06
3644.6,-5.12589e+06
3644.7,-5.12538e+06
3644.8,-5.12487e+06
3644.9,-5.12436e+06
3645,-5.12385e+06
3645.1,-5.12333e+06
3645.2,-5.12282e+06
3645.3,-5.12231e+06
3645.4,-5.1218e+06
3645.5,-5.12128e+06
3645.6,-5.12077e+06
3645.7,-5.12026e+06
3645.8,-5.11975e+06
3645.9,-5.11923e+06
3646,-5.11872e+06
3646.1,-5.11821e+06
3646.2,-5.11769e+06
3646.3,-5.11718e+06
3646.4,-5.11667e+06
3646.5,-5.11616e+06
3646.6,-5.11564e+06
3646.7,-5.11513e+06
3646.8,-5.11462e+06
3646.9,-5.1141e+06
3647,-5.11359e+06
3647.1,-5.11308e+06
3647.2,-5.11256e+06
3647.3,-5.11205e+06
3647.4,-5.11154e+06
3647.5,-5.11102e+06
3647.6,-5.11051e+06
3647.7,-5.10999e+06
3647.8,-5.10948e+06
3647.9,-5.10897e+06
3648,-5.10845e+06
3648.1,-5.10794e+06
3648.2,-5.10742e+06
3648.3,-5.10691e+06
3648.4,-5.1064e+06
3648.5,-5.10588e+06
3648.6,-5.10537e+06
3648.7,-5.10485e+06
3648.8,-5.10434e+06
3648.9,-5.10382e+06
3649,-5.10331e+06
3649.1,-5.1028e+06
3649.2,-5.10228e+06
3649.3,-5.10177e+06
3649.4,-5.10125e+06
3649.5,-5.10074e+06
3649.6,-5.10022e+06
3649.7,-5.09971e+06
3649.8,-5.09919e+06
3649.9,-5.09868e+06
3650,-5.09816e+06
3650.1,-5.09765e+06
3650.2,-5.09713e+06
3650.3,-5.09662e+06
3650.4,-5.0961e+06
3650.5,-5.09558e+06
3650.6,-5.09507e+06
3650.7,-5.09455e+06
3650.8,-5.09404e+06
3650.9,-5.09352e+06
3651,-5.09301e+06
3651.1,-5.09249e+06
3651.2,-5.09197e+06
3651.3,-5.09146e+06
3651.4,-5.09094e+06
3651.5,-5.09043e+06
3651.6,-5.08991e+06
3651.7,-5.08939e+06
3651.8,-5.08888e+06
3651.9,-5.08836e+06
3652,-5.08784e+06
3652.1,-5.08733e+06
3652.2,-5.08681e+06
3652.3,-5.0863e+06
3652.4,-5.08578e+06
3652.5,-5.08526e+06
3652.6,-5.08475e+06
3652.7,-5.08423e+06
3652.8,-5.08371e+06
3652.9,-5.0832e+06
3653,-5.08268e+06
3653.1,-5.08216e+06
3653.2,-5.08164e+06
3653.3,-5.08113e+06
3653.4,-5.08061e+06
3653.5,-5.08009e+06
3653.6,-5.07958e+06
3653.7,-5.07906e+06
3653.8,-5.07854e+06
3653.9,-5.07802e+06
3654,-5.0775e+06
3654.1,-5.07699e+06
3654.2,-5.07647e+06
3654.3,-5.07595e+06
3654.4,-5.07543e+06
3654.5,-5.07492e+06
3654.6,-5.0744e+06
3654.7,-5.07388e+06
3654.8,-5.07336e+06
3654.9,-5.07284e+06
3655,-5.07233e+06
3655.1,-5.07181e+06
3655.2,-5.07129e+06
3655.3,-5.07077e+06
3655.4,-5.07025e+06
3655.5,-5.06973e+06
3655.6,-5.06922e+06
3655.7,-5.0687e+06
3655.8,-5.06818e+06
3655.9,-5.06766e+06
3656,-5.06714e+06
3656.1,-5.06662e+06
3656.2,-5.0661e+06
3656.3,-5.06558e+06
3656.4,-5.06507e+06
3656.5,-5.06455e+06
3656.6,-5.06403e+06
3656.7,-5.06351e+06
3656.8,-5.06299e+06
3656.9,-5.06247e+06
3657,-5.06195e+06
3657.1,-5.06143e+06
3657.2,-5.06091e+06
3657.3,-5.06039e+06
3657.4,-5.05987e+06
3657.5,-5.05935e+06
3657.6,-5.05883e+06
3657.7,-5.05831e+06
3657.8,-5.05779e+06
3657.9,-5.05727e+06
3658,-5.05675e+06
3658.1,-5.05623e+06
3658.2,-5.05571e+06
3658.3,-5.05519e+06
3658.4,-5.05467e+06
3658.5,-5.05415e+06
3658.6,-5.05363e+06
3658.7,-5.05311e+06
3658.8,-5.05259e+06
3658.9,-5.05207e+06
3659,-5.05155e+06
3659.1,-5.05103e+06
3659.2,-5.05051e+06
3659.3,-5.04999e+06
3659.4,-5.04947e+06
3659.5,-5.04895e+06
3659.6,-5.04843e+06
3659.7,-5.04791e+06
3659.8,-5.04738e+06
3659.9,-5.04686e+06
3660,-5.04634e+06
3660.1,-5.04582e+06
3660.2,-5.0453e+06
3660.3,-5.04478e+06
3660.4,-5.04426e+06
3660.5,-5.04374e+06
3660.6,-5.04321e+06
3660.7,-5.04269e+06
3660.8,-5.04217e+06
3660.9,-5.04165e+06
3661,-5.04113e+06
3661.1,-5.04061e+06
3661.2,-5.04008e+06
3661.3,-5.03956e+06
3661.4,-5.03904e+06
3661.5,-5.03852e+06
3661.6,-5.038e+06
3661.7,-5.03747e+06
3661.8,-5.03695e+06
3661.9,-5.03643e+06
3662,-5.03591e+06
3662.1,-5.03538e+06
3662.2,-5.03486e+06
3662.3,-5.03434e+06
3662.4,-5.03382e+06
3662.5,-5.03329e+06
3662.6,-5.03277e+06
3662.7,-5.03225e+06
3662.8,-5.03173e+06
3662.9,-5.0312e+06
3663,-5.03068e+06
3663.1,-5.03016e+06
3663.2,-5.02963e+06
3663.3,-5.02911e+06
3663.4,-5.02859e+06
3663.5,-5.02807e+06
3663.6,-5.02754e+06
3663.7,-5.02702e+06
3663.8,-5.0265e+06
3663.9,-5.02597e+06
3664,-5.02545e+06
3664.1,-5.02492e+06
3664.2,-5.0244e+06
3664.3,-5.02388e+06
3664.4,-5.02335e+06
3664.5,-5.02283e+06
3664.6,-5.02231e+06
3664.7,-5.02178e+06
3664.8,-5.02126e+06
3664.9,-5.02073e+06
3665,-5.02021e+06
3665.1,-5.01969e+06
3665.2,-5.01916e+06
3665.3,-5.01864e+06
3665.4,-5.01811e+06
3665.5,-5.01759e+06
3665.6,-5.01706e+06
3665.7,-5.01654e+06
3665.8,-5.01601e+06
3665.9,-5.01549e+06
3666,-5.01497e+06
3666.1,-5.01444e+06
3666.2,-5.01392e+06
3666.3,-5.01339e+06
3666.4,-5.01287e+06
3666.5,-5.01234e+06
3666.6,-5.01182e+06
3666.7,-5.01129e+06
3666.8,-5.01077e+06
3666.9,-5.01024e+06
3667,-5.00972e+06
3667.1,-5.00919e+06
3667.2,-5.00866e+06
3667.3,-5.00814e+06
3667.4,-5.00761e+06
3667.5,-5.00709e+06
3667.6,-5.00656e+06
3667.7,-5.00604e+06
3667.8,-5.00551e+06
3667.9,-5.00498e+06
3668,-5.00446e+06
3668.1,-5.00393e+06
3668.2,-5.00341e+06
3668.3,-5.00288e+06
3668.4,-5.00235e+06
3668.5,-5.00183e+06
3668.6,-5.0013e+06
3668.7,-5.00078e+06
3668.8,-5.00025e+06
3668.9,-4.99972e+06
3669,-4.9992e+06
3669.1,-4.99867e+06
3669.2,-4.99814e+06
3669.3,-4.99762e+06
3669.4,-4.99709e+06
3669.5,-4.99656e+06
3669.6,-4.99604e+06
3669.7,-4.99551e+06
3669.8,-4.99498e+06
3669.9,-4.99446e+06
3670,-4.99393e+06
3670.1,-4.9934e+06
3670.2,-4.99287e+06
3670.3,-4.99235e+06
3670.4,-4.99182e+06
3670.5,-4.99129e+06
3670.6,-4.99076e+06
3670.7,-4.99024e+06
3670.8,-4.98971e+06
3670.9,-4.98918e+06
3671,-4.98866e+06
3671.1,-4.98813e+06
3671.2,-4.9876e+06
3671.3,-4.98707e+06
3671.4,-4.98654e+06
3671.5,-4.98602e+06
3671.6,-4.98549e+06
3671.7,-4.98496e+06
3671.8,-4.98443e+06
3671.9,-4.9839e+06
3672,-4.98338e+06
3672.1,-4.98285e+06
3672.2,-4.98232e+06
3672.3,-4.98179e+06
3672.4,-4.98126e+06
3672.5,-4.98073e+06
3672.6,-4.9802e+06
3672.7,-4.97968e+06
3672.8,-4.97915e+06
3672.9,-4.97862e+06
3673,-4.97809e+06
3673.1,-4.97756e+06
3673.2,-4.97703e+06
3673.3,-4.9765e+06
3673.4,-4.97597e+06
3673.5,-4.97544e+06
3673.6,-4.97492e+06
3673.7,-4.97439e+06
3673.8,-4.97386e+06
3673.9,-4.97333e+06
3674,-4.9728e+06
3674.1,-4.97227e+06
3674.2,-4.97174e+06
3674.3,-4.97121e+06
3674.4,-4.97068e+06
3674.5,-4.97015e+06
3674.6,-4.96962e+06
3674.7,-4.96909e+06
3674.8,-4.96856e+06
3674.9,-4.96803e+06
3675,-4.9675e+06
3675.1,-4.96697e+06
3675.2,-4.96644e+06
3675.3,-4.96591e+06
3675.4,-4.96538e+06
3675.5,-4.96485e+06
3675.6,-4.96432e+06
3675.7,-4.96379e+06
3675.8,-4.96326e+06
3675.9,-4.96273e+06
3676,-4.9622e+06
3676.1,-4.96167e+06
3676.2,-4.96114e+06
3676.3,-4.96061e+06
3676.4,-4.96007e+06
3676.5,-4.95954e+06
3676.6,-4.95901e+06
3676.7,-4.95848e+06
3676.8,-4.95795e+06
3676.9,-4.95742e+06
3677,-4.95689e+06
3677.1,-4.95636e+06
3677.2,-4.95583e+06
3677.3,-4.95529e+06
3677.4,-4.95476e+06
3677.5,-4.95423e+06
3677.6,-4.9537e+06
3677.7,-4.95317e+06
3677.8,-4.95264e+06
3677.9,-4.95211e+06
3678,-4.95157e+06
3678.1,-4.95104e+06
3678.2,-4.95051e+06
3678.3,-4.94998e+06
3678.4,-4.94945e+06
3678.5,-4.94891e+06
3678.6,-4.94838e+06
3678.7,-4.94785e+06
3678.8,-4.94732e+06
3678.9,-4.94679e+06
3679,-4.94625e+06
3679.1,-4.94572e+06
3679.2,-4.94519e+06
3679.3,-4.94466e+06
3679.4,-4.94412e+06
3679.5,-4.94359e+06
3679.6,-4.94306e+06
3679.7,-4.94253e+06
3679.8,-4.94199e+06
3679.9,-4.94146e+06
3680,-4.94093e+06
3680.1,-4.94039e+06
3680.2,-4.93986e+06
3680.3,-4.93933e+06
3680.4,-4.93879e+06
3680.5,-4.93826e+06
3680.6,-4.93773e+06
3680.7,-4.93719e+06
3680.8,-4.93666e+06
3680.9,-4.93613e+06
3681,-4.93559e+06
3681.1,-4.93506e+06
3681.2,-4.93453e+06
3681.3,-4.93399e+06
3681.4,-4.93346e+06
3681.5,-4.93293e+06
3681.6,-4.93239e+06
3681.7,-4.93186e+06
3681.8,-4.93132e+06
3681.9,-4.93079e+06
3682,-4.93026e+06
3682.1,-4.92972e+06
3682.2,-4.92919e+06
3682.3,-4.92865e+06
3682.4,-4.92812e+06
3682.5,-4.92758e+06
3682.6,-4.92705e+06
3682.7,-4.92652e+06
3682.8,-4.92598e+06
3682.9,-4.92545e+06
3683,-4.92491e+06
3683.1,-4.92438e+06
3683.2,-4.92384e+06
3683.3,-4.92331e+06
3683.4,-4.92277e+06
3683.5,-4.92224e+06
3683.6,-4.9217e+06
3683.7,-4.92117e+06
3683.8,-4.92063e+06
3683.9,-4.9201e+06
3684,-4.91956e+06
3684.1,-4.91903e+06
3684.2,-4.91849e+06
3684.3,-4.91796e+06
3684.4,-4.91742e+06
3684.5,-4.91689e+06
3684.6,-4.91635e+06
3684.7,-4.91581e+06
3684.8,-4.91528e+06
3684.9,-4.91474e+06
3685,-4.91421e+06
3685.1,-4.91367e+06
3685.2,-4.91314e+06
3685.3,-4.9126e+06
3685.4,-4.91206e+06
3685.5,-4.91153e+06
3685.6,-4.91099e+06
3685.7,-4.91046e+06
3685.8,-4.90992e+06
3685.9,-4.90938e+06
3686,-4.90885e+06
3686.1,-4.90831e+06
3686.2,-4.90777e+06
3686.3,-4.90724e+06
3686.4,-4.9067e+06
3686.5,-4.90616e+06
3686.6,-4.90563e+06
3686.7,-4.90509e+06
3686.8,-4.90455e+06
3686.9,-4.90402e+06
3687,-4.90348e+06
3687.1,-4.90294e+06
3687.2,-4.9024e+06
3687.3,-4.90187e+06
3687.4,-4.90133e+06
3687.5,-4.90079e+06
3687.6,-4.90026e+06
3687.7,-4.89972e+06
3687.8,-4.89918e+06
3687.9,-4.89864e+06
3688,-4.89811e+06
3688.1,-4.89757e+06
3688.2,-4.89703e+06
3688.3,-4.89649e+06
3688.4,-4.89596e+06
3688.5,-4.89542e+06
3688.6,-4.89488e+06
3688.7,-4.89434e+06
3688.8,-4.8938e+06
3688.9,-4.89326e+06
3689,-4.89273e+06
3689.1,-4.89219e+06
3689.2,-4.89165e+06
3689.3,-4.89111e+06
3689.4,-4.89057e+06
3689.5,-4.89004e+06
3689.6,-4.8895e+06
3689.7,-4.88896e+06
3689.8,-4.88842e+06
3689.9,-4.88788e+06
3690,-4.88734e+06
3690.1,-4.8868e+06
3690.2,-4.88626e+06
3690.3,-4.88573e+06
3690.4,-4.88519e+06
3690.5,-4.88465e+06
3690.6,-4.88411e+06
3690.7,-4.88357e+06
3690.8,-4.88303e+06
3690.9,-4.88249e+06
3691,-4.88195e+06
3691.1,-4.88141e+06
3691.2,-4.88087e+06
3691.3,-4.88033e+06
3691.4,-4.87979e+06
3691.5,-4.87926e+06
3691.6,-4.87872e+06
3691.7,-4.87818e+06
3691.8,-4.87764e+06
3691.9,-4.8771e+06
3692,-4.87656e+06
3692.1,-4.87602e+06
3692.2,-4.87548e+06
3692.3,-4.87494e+06
3692.4,-4.8744e+06
3692.5,-4.87386e+06
3692.6,-4.87332e+06
3692.7,-4.87278e+06
3692.8,-4.87224e+06
3692.9,-4.8717e+06
3693,-4.87115e+06
3693.1,-4.87061e+06
3693.2,-4.87007e+06
3693.3,-4.86953e+06
3693.4,-4.86899e+06
3693.5,-4.86845e+06
3693.6,-4.86791e+06
3693.7,-4.86737e+06
3693.8,-4.86683e+06
3693.9,-4.86629e+06
3694,-4.86575e+06
3694.1,-4.86521e+06
3694.2,-4.86466e+06
3694.3,-4.86412e+06
3694.4,-4.86358e+06
3694.5,-4.86304e+06
3694.6,-4.8625e+06
3694.7,-4.86196e+06
3694.8,-4.86142e+06
3694.9,-4.86088e+06
3695,-4.86033e+06
3695.1,-4.85979e+06
3695.2,-4.85925e+06
3695.3,-4.85871e+06
3695.4,-4.85817e+06
3695.5,-4.85763e+06
3695.6,-4.85708e+06
3695.7,-4.85654e+06
3695.8,-4.856e+06
3695.9,-4.85546e+06
3696,-4.85492e+06
3696.1,-4.85437e+06
3696.2,-4.85383e+06
3696.3,-4.85329e+06
3696.4,-4.85275e+06
3696.5,-4.8522e+06
3696.6,-4.85166e+06
3696.7,-4.85112e+06
3696.8,-4.85058e+06
3696.9,-4.85003e+06
3697,-4.84949e+06
3697.1,-4.84895e+06
3697.2,-4.8484e+06
3697.3,-4.84786e+06
3697.4,-4.84732e+06
3697.5,-4.84678e+06
3697.6,-4.84623e+06
3697.7,-4.84569e+06
3697.8,-4.84515e+06
3697.9,-4.8446e+06
3698,-4.84406e+06
3698.1,-4.84352e+06
3698.2,-4.84297e+06
3698.3,-4.84243e+06
3698.4,-4.84189e+06
3698.5,-4.84134e+06
3698.6,-4.8408e+06
3698.7,-4.84026e+06
3698.8,-4.83971e+06
3698.9,-4.83917e+06
3699,-4.83862e+06
3699.1,-4.83808e+06
3699.2,-4.83754e+06
3699.3,-4.83699e+06
3699.4,-4.83645e+06
3699.5,-4.8359e+06
3699.6,-4.83536e+06
3699.7,-4.83482e+06
3699.8,-4.83427e+06
3699.9,-4.83373e+06
3700,-4.83318e+06
3700.1,-4.83264e+06
3700.2,-4.83209e+06
3700.3,-4.83155e+06
3700.4,-4.831e+06
3700.5,-4.83046e+06
3700.6,-4.82992e+06
3700.7,-4.82937e+06
3700.8,-4.82882e+06
3700.9,-4.82828e+06
3701,-4.82774e+06
3701.1,-4.82719e+06
3701.2,-4.82664e+06
3701.3,-4.8261e+06
3701.4,-4.82556e+06
3701.5,-4.82501e+06
3701.6,-4.82446e+06
3701.7,-4.82392e+06
3701.8,-4.82337e+06
3701.9,-4.82283e+06
3702,-4.82228e+06
3702.1,-4.82174e+06
3702.2,-4.82119e+06
3702.3,-4.82065e+06
3702.4,-4.8201e+06
3702.5,-4.81955e+06
3702.6,-4.81901e+06
3702.7,-4.81846e+06
3702.8,-4.81792e+06
3702.9,-4.81737e+06
3703,-4.81682e+06
3703.1,-4.81628e+06
3703.2,-4.81573e+06
3703.3,-4.81518e+06
3703.4,-4.81464e+06
3703.5,-4.81409e+06
3703.6,-4.81355e+06
3703.7,-4.813e+06
3703.8,-4.81245e+06
3703.9,-4.81191e+06
3704,-4.81136e+06
3704.1,-4.81081e+06
3704.2,-4.81027e+06
3704.3,-4.80972e+06
3704.4,-4.80917e+06
3704.5,-4.80862e+06
3704.6,-4.80808e+06
3704.7,-4.80753e+06
3704.8,-4.80698e+06
3704.9,-4.80644e+06
3705,-4.80589e+06
3705.1,-4.80534e+06
3705.2,-4.80479e+06
3705.3,-4.80425e+06
3705.4,-4.8037e+06
3705.5,-4.80315e+06
3705.6,-4.8026e+06
3705.7,-4.80206e+06
3705.8,-4.80151e+06
3705.9,-4.80096e+06
3706,-4.80041e+06
3706.1,-4.79986e+06
3706.2,-4.79932e+06
3706.3,-4.79877e+06
3706.4,-4.79822e+06
3706.5,-4.79767e+06
3706.6,-4.79712e+06
3706.7,-4.79658e+06
3706.8,-4.79603e+06
3706.9,-4.79548e+06
3707,-4.79493e+06
3707.1,-4.79438e+06
3707.2,-4.79383e+06
3707.3,-4.79329e+06
3707.4,-4.79274e+06
3707.5,-4.79219e+06
3707.6,-4.79164e+06
3707.7,-4.79109e+06
3707.8,-4.79054e+06
3707.9,-4.78999e+06
3708,-4.78944e+06
3708.1,-4.7889e+06
3708.2,-4.78835e+06
3708.3,-4.7878e+06
3708.4,-4.78725e+06
3708.5,-4.7867e+06
3708.6,-4.78615e+06
3708.7,-4.7856e+06
3708.8,-4.78505e+06
3708.9,-4.7845e+06
3709,-4.78395e+06
3709.1,-4.7834e+06
3709.2,-4.78285e+06
3709.3,-4.7823e+06
3709.4,-4.78175e+06
3709.5,-4.7812e+06
3709.6,-4.78065e+06
3709.7,-4.7801e+06
3709.8,-4.77955e+06
3709.9,-4.779e+06
3710,-4.77845e+06
3710.1,-4.7779e+06
3710.2,-4.77735e+06
3710.3,-4.7768e+06
3710.4,-4.77625e+06
3710.5,-4.7757e+06
3710.6,-4.77515e+06
3710.7,-4.7746e+06
3710.8,-4.77405e+06
3710.9,-4.7735e+06
3711,-4.77295e+06
3711.1,-4.7724e+06
3711.2,-4.77185e+06
3711.3,-4.7713e+06
3711.4,-4.77075e+06
3711.5,-4.7702e+06
3711.6,-4.76964e+06
3711.7,-4.76909e+06
3711.8,-4.76854e+06
3711.9,-4.76799e+06
3712,-4.76744e+06
3712.1,-4.76689e+06
3712.2,-4.76634e+06
3712.3,-4.76579e+06
3712.4,-4.76523e+06
3712.5,-4.76468e+06
3712.6,-4.76413e+06
3712.7,-4.76358e+06
3712.8,-4.76303e+06
3712.9,-4.76248e+06
3713,-4.76192e+06
3713.1,-4.76137e+06
3713.2,-4.76082e+06
3713.3,-4.76027e+06
3713.4,-4.75972e+06
3713.5,-4.75916e+06
3713.6,-4.75861e+06
3713.7,-4.75806e+06
3713.8,-4.75751e+06
3713.9,-4.75696e+06
3714,-4.7564e+06
3714.1,-4.75585e+06
3714.2,-4.7553e+06
3714.3,-4.75475e+06
3714.4,-4.75419e+06
3714.5,-4.75364e+06
3714.6,-4.75309e+06
3714.7,-4.75254e+06
3714.8,-4.75198e+06
3714.9,-4.75143e+06
3715,-4.75088e+06
3715.1,-4.75032e+06
3715.2,-4.74977e+06
3715.3,-4.74922e+06
3715.4,-4.74866e+06
3715.5,-4.74811e+06
3715.6,-4.74756e+06
3715.7,-4.74701e+06
3715.8,-4.74645e+06
3715.9,-4.7459e+06
3716,-4.74534e+06
3716.1,-4.74479e+06
3716.2,-4.74424e+06
3716.3,-4.74368e+06
3716.4,-4.74313e+06
3716.5,-4.74258e+06
3716.6,-4.74202e+06
3716.7,-4.74147e+06
3716.8,-4.74092e+06
3716.9,-4.74036e+06
3717,-4.73981e+06
3717.1,-4.73925e+06
3717.2,-4.7387e+06
3717.3,-4.73815e+06
3717.4,-4.73759e+06
3717.5,-4.73704e+06
3717.6,-4.73648e+06
3717.7,-4.73593e+06
3717.8,-4.73537e+06
3717.9,-4.73482e+06
3718,-4.73426e+06
3718.1,-4.73371e+06
3718.2,-4.73316e+06
3718.3,-4.7326e+06
3718.4,-4.73205e+06
3718.5,-4.73149e+06
3718.6,-4.73094e+06
3718.7,-4.73038e+06
3718.8,-4.72983e+06
3718.9,-4.72927e+06
3719,-4.72872e+06
3719.1,-4.72816e+06
3719.2,-4.72761e+06
3719.3,-4.72705e+06
3719.4,-4.7265e+06
3719.5,-4.72594e+06
3719.6,-4.72538e+06
3719.7,-4.72483e+06
3719.8,-4.72427e+06
3719.9,-4.72372e+06
3720,-4.72316e+06
3720.1,-4.72261e+06
3720.2,-4.72205e+06
3720.3,-4.72149e+06
3720.4,-4.72094e+06
3720.5,-4.72038e+06
3720.6,-4.71983e+06
3720.7,-4.71927e+06
3720.8,-4.71871e+06
3720.9,-4.71816e+06
3721,-4.7176e+06
3721.1,-4.71705e+06
3721.2,-4.71649e+06
3721.3,-4.71593e+06
3721.4,-4.71538e+06
3721.5,-4.71482e+06
3721.6,-4.71426e+06
3721.7,-4.71371e+06
3721.8,-4.71315e+06
3721.9,-4.71259e+06
3722,-4.71204e+06
3722.1,-4.71148e+06
3722.2,-4.71092e+06
3722.3,-4.71036e+06
3722.4,-4.70981e+06
3722.5,-4.70925e+06
3722.6,-4.70869e+06
3722.7,-4.70814e+06
3722.8,-4.70758e+06
3722.9,-4.70702e+06
3723,-4.70646e+06
3723.1,-4.70591e+06
3723.2,-4.70535e+06
3723.3,-4.70479e+06
3723.4,-4.70423e+06
3723.5,-4.70368e+06
3723.6,-4.70312e+06
3723.7,-4.70256e+06
3723.8,-4.702e+06
3723.9,-4.70145e+06
3724,-4.70089e+06
3724.1,-4.70033e+06
3724.2,-4.69977e+06
3724.3,-4.69921e+06
3724.4,-4.69866e+06
3724.5,-4.6981e+06
3724.6,-4.69754e+06
3724.7,-4.69698e+06
3724.8,-4.69642e+06
3724.9,-4.69586e+06
3725,-4.69531e+06
3725.1,-4.69475e+06
3725.2,-4.69419e+06
3725.3,-4.69363e+06
3725.4,-4.69307e+06
3725.5,-4.69251e+06
3725.6,-4.69195e+06
3725.7,-4.6914e+06
3725.8,-4.69084e+06
3725.9,-4.69028e+06
3726,-4.68972e+06
3726.1,-4.68916e+06
3726.2,-4.6886e+06
3726.3,-4.68804e+06
3726.4,-4.68748e+06
3726.5,-4.68692e+06
3726.6,-4.68636e+06
3726.7,-4.6858e+06
3726.8,-4.68524e+06
3726.9,-4.68468e+06
3727,-4.68413e+06
3727.1,-4.68357e+06
3727.2,-4.68301e+06
3727.3,-4.68245e+06
3727.4,-4.68189e+06
3727.5,-4.68133e+06
3727.6,-4.68077e+06
3727.7,-4.68021e+06
3727.8,-4.67965e+06
3727.9,-4.67909e+06
3728,-4.67853e+06
3728.1,-4.67797e+06
3728.2,-4.67741e+06
3728.3,-4.67685e+06
3728.4,-4.67629e+06
3728.5,-4.67573e+06
3728.6,-4.67516e+06
3728.7,-4.6746e+06
3728.8,-4.67404e+06
3728.9,-4.67348e+06
3729,-4.67292e+06
3729.1,-4.67236e+06
3729.2,-4.6718e+06
3729.3,-4.67124e+06
3729.4,-4.67068e+06
3729.5,-4.67012e+06
3729.6,-4.66956e+06
3729.7,-4.669e+06
3729.8,-4.66844e+06
3729.9,-4.66787e+06
3730,-4.66731e+06
3730.1,-4.66675e+06
3730.2,-4.66619e+06
3730.3,-4.66563e+06
3730.4,-4.66507e+06
3730.5,-4.66451e+06
3730.6,-4.66394e+06
3730.7,-4.66338e+06
3730.8,-4.66282e+06
3730.9,-4.66226e+06
3731,-4.6617e+06
3731.1,-4.66114e+06
3731.2,-4.66057e+06
3731.3,-4.66001e+06
3731.4,-4.65945e+06
3731.5,-4.65889e+06
3731.6,-4.65833e+06
3731.7,-4.65776e+06
3731.8,-4.6572e+06
3731.9,-4.65664e+06
3732,-4.65608e+06
3732.1,-4.65551e+06
3732.2,-4.65495e+06
3732.3,-4.65439e+06
3732.4,-4.65383e+06
3732.5,-4.65326e+06
3732.6,-4.6527e+06
3732.7,-4.65214e+06
3732.8,-4.65158e+06
3732.9,-4.65101e+06
3733,-4.65045e+06
3733.1,-4.64989e+06
3733.2,-4.64932e+06
3733.3,-4.64876e+06
3733.4,-4.6482e+06
3733.5,-4.64764e+06
3733.6,-4.64707e+06
3733.7,-4.64651e+06
3733.8,-4.64595e+06
3733.9,-4.64538e+06
3734,-4.64482e+06
3734.1,-4.64426e+06
3734.2,-4.64369e+06
3734.3,-4.64313e+06
3734.4,-4.64256e+06
3734.5,-4.642e+06
3734.6,-4.64144e+06
3734.7,-4.64087e+06
3734.8,-4.64031e+06
3734.9,-4.63974e+06
3735,-4.63918e+06
3735.1,-4.63862e+06
3735.2,-4.63805e+06
3735.3,-4.63749e+06
3735.4,-4.63692e+06
3735.5,-4.63636e+06
3735.6,-4.6358e+06
3735.7,-4.63523e+06
3735.8,-4.63467e+06
3735.9,-4.6341e+06
3736,-4.63354e+06
3736.1,-4.63297e+06
3736.2,-4.63241e+06
3736.3,-4.63184e+06
3736.4,-4.63128e+06
3736.5,-4.63072e+06
3736.6,-4.63015e+06
3736.7,-4.62959e+06
3736.8,-4.62902e+06
3736.9,-4.62846e+06
3737,-4.62789e+06
3737.1,-4.62733e+06
3737.2,-4.62676e+06
3737.3,-4.6262e+06
3737.4,-4.62563e+06
3737.5,-4.62506e+06
3737.6,-4.6245e+06
3737.7,-4.62393e+06
3737.8,-4.62337e+06
3737.9,-4.6228e+06
3738,-4.62224e+06
3738.1,-4.62167e+06
3738.2,-4.62111e+06
3738.3,-4.62054e+06
3738.4,-4.61997e+06
3738.5,-4.61941e+06
3738.6,-4.61884e+06
3738.7,-4.61828e+06
3738.8,-4.61771e+06
3738.9,-4.61714e+06
3739,-4.61658e+06
3739.1,-4.61601e+06
3739.2,-4.61545e+06
3739.3,-4.61488e+06
3739.4,-4.61431e+06
3739.5,-4.61375e+06
3739.6,-4.61318e+06
3739.7,-4.61261e+06
3739.8,-4.61205e+06
3739.9,-4.61148e+06
3740,-4.61091e+06
3740.1,-4.61035e+06
3740.2,-4.60978e+06
3740.3,-4.60921e+06
3740.4,-4.60865e+06
3740.5,-4.60808e+06
3740.6,-4.60751e+06
3740.7,-4.60694e+06
3740.8,-4.60638e+06
3740.9,-4.60581e+06
3741,-4.60524e+06
3741.1,-4.60468e+06
3741.2,-4.60411e+06
3741.3,-4.60354e+06
3741.4,-4.60297e+06
3741.5,-4.60241e+06
3741.6,-4.60184e+06
3741.7,-4.60127e+06
3741.8,-4.6007e+06
3741.9,-4.60014e+06
3742,-4.59957e+06
3742.1,-4.599e+06
3742.2,-4.59843e+06
3742.3,-4.59786e+06
3742.4,-4.5973e+06
3742.5,-4.59673e+06
3742.6,-4.59616e+06
3742.7,-4.59559e+06
3742.8,-4.59502e+06
3742.9,-4.59446e+06
3743,-4.59389e+06
3743.1,-4.59332e+06
3743.2,-4.59275e+06
3743.3,-4.59218e+06
3743.4,-4.59161e+06
3743.5,-4.59104e+06
3743.6,-4.59048e+06
3743.7,-4.58991e+06
3743.8,-4.58934e+06
3743.9,-4.58877e+06
3744,-4.5882e+06
3744.1,-4.58763e+06
3744.2,-4.58706e+06
3744.3,-4.58649e+06
3744.4,-4.58592e+06
3744.5,-4.58536e+06
3744.6,-4.58479e+06
3744.7,-4.58422e+06
3744.8,-4.58365e+06
3744.9,-4.58308e+06
3745,-4.58251e+06
3745.1,-4.58194e+06
3745.2,-4.58137e+06
3745.3,-4.5808e+06
3745.4,-4.58023e+06
3745.5,-4.57966e+06
3745.6,-4.57909e+06
3745.7,-4.57852e+06
3745.8,-4.57795e+06
3745.9,-4.57738e+06
3746,-4.57681e+06
3746.1,-4.57624e+06
3746.2,-4.57567e+06
3746.3,-4.5751e+06
3746.4,-4.57453e+06
3746.5,-4.57396e+06
3746.6,-4.57339e+06
3746.7,-4.57282e+06
3746.8,-4.57225e+06
3746.9,-4.57168e+06
3747,-4.57111e+06
3747.1,-4.57054e+06
3747.2,-4.56997e+06
3747.3,-4.5694e+06
3747.4,-4.56883e+06
3747.5,-4.56826e+06
3747.6,-4.56769e+06
3747.7,-4.56711e+06
3747.8,-4.56654e+06
3747.9,-4.56597e+06
3748,-4.5654e+06
3748.1,-4.56483e+06
3748.2,-4.56426e+06
3748.3,-4.56369e+06
3748.4,-4.56312e+06
3748.5,-4.56255e+06
3748.6,-4.56197e+06
3748.7,-4.5614e+06
3748.8,-4.56083e+06
3748.9,-4.56026e+06
3749,-4.55969e+06
3749.1,-4.55912e+06
3749.2,-4.55855e+06
3749.3,-4.55797e+06
3749.4,-4.5574e+06
3749.5,-4.55683e+06
3749.6,-4.55626e+06
3749.7,-4.55569e+06
3749.8,-4.55511e+06
3749.9,-4.55454e+06
3750,-4.55397e+06
3750.1,-4.5534e+06
3750.2,-4.55283e+06
3750.3,-4.55225e+06
3750.4,-4.55168e+06
3750.5,-4.55111e+06
3750.6,-4.55054e+06
3750.7,-4.54996e+06
3750.8,-4.54939e+06
3750.9,-4.54882e+06
3751,-4.54825e+06
3751.1,-4.54767e+06
3751.2,-4.5471e+06
3751.3,-4.54653e+06
3751.4,-4.54596e+06
3751.5,-4.54538e+06
3751.6,-4.54481e+06
3751.7,-4.54424e+06
3751.8,-4.54366e+06
3751.9,-4.54309e+06
3752,-4.54252e+06
3752.1,-4.54194e+06
3752.2,-4.54137e+06
3752.3,-4.5408e+06
3752.4,-4.54022e+06
3752.5,-4.53965e+06
3752.6,-4.53908e+06
3752.7,-4.5385e+06
3752.8,-4.53793e+06
3752.9,-4.53736e+06
3753,-4.53678e+06
3753.1,-4.53621e+06
3753.2,-4.53563e+06
3753.3,-4.53506e+06
3753.4,-4.53449e+06
3753.5,-4.53391e+06
3753.6,-4.53334e+06
3753.7,-4.53276e+06
3753.8,-4.53219e+06
3753.9,-4.53162e+06
3754,-4.53104e+06
3754.1,-4.53047e+06
3754.2,-4.52989e+06
3754.3,-4.52932e+06
3754.4,-4.52874e+06
3754.5,-4.52817e+06
3754.6,-4.5276e+06
3754.7,-4.52702e+06
3754.8,-4.52645e+06
3754.9,-4.52587e+06
3755,-4.5253e+06
3755.1,-4.52472e+06
3755.2,-4.52415e+06
3755.3,-4.52357e+06
3755.4,-4.523e+06
3755.5,-4.52242e+06
3755.6,-4.52185e+06
3755.7,-4.52127e+06
3755.8,-4.5207e+06
3755.9,-4.52012e+06
3756,-4.51955e+06
3756.1,-4.51897e+06
3756.2,-4.5184e+06
3756.3,-4.51782e+06
3756.4,-4.51724e+06
3756.5,-4.51667e+06
3756.6,-4.51609e+06
3756.7,-4.51552e+06
3756.8,-4.51494e+06
3756.9,-4.51437e+06
3757,-4.51379e+06
3757.1,-4.51321e+06
3757.2,-4.51264e+06
3757.3,-4.51206e+06
3757.4,-4.51149e+06
3757.5,-4.51091e+06
3757.6,-4.51033e+06
3757.7,-4.50976e+06
3757.8,-4.50918e+06
3757.9,-4.5086e+06
3758,-4.50803e+06
3758.1,-4.50745e+06
3758.2,-4.50688e+06
3758.3,-4.5063e+06
3758.4,-4.50572e+06
3758.5,-4.50515e+06
3758.6,-4.50457e+06
3758.7,-4.50399e+06
3758.8,-4.50342e+06
3758.9,-4.50284e+06
3759,-4.50226e+06
3759.1,-4.50168e+06
3759.2,-4.50111e+06
3759.3,-4.50053e+06
3759.4,-4.49995e+06
3759.5,-4.49938e+06
3759.6,-4.4988e+06
3759.7,-4.49822e+06
3759.8,-4.49764e+06
3759.9,-4.49707e+06
3760,-4.49649e+06
3760.1,-4.49591e+06
3760.2,-4.49534e+06
3760.3,-4.49476e+06
3760.4,-4.49418e+06
3760.5,-4.4936e+06
3760.6,-4.49302e+06
3760.7,-4.49245e+06
3760.8,-4.49187e+06
3760.9,-4.49129e+06
3761,-4.49071e+06
3761.1,-4.49013e+06
3761.2,-4.48956e+06
3761.3,-4.48898e+06
3761.4,-4.4884e+06
3761.5,-4.48782e+06
3761.6,-4.48724e+06
3761.7,-4.48667e+06
3761.8,-4.48609e+06
3761.9,-4.48551e+06
3762,-4.48493e+06
3762.1,-4.48435e+06
3762.2,-4.48377e+06
3762.3,-4.48319e+06
3762.4,-4.48262e+06
3762.5,-4.48204e+06
3762.6,-4.48146e+06
3762.7,-4.48088e+06
3762.8,-4.4803e+06
3762.9,-4.47972e+06
3763,-4.47914e+06
3763.1,-4.47856e+06
3763.2,-4.47798e+06
3763.3,-4.4774e+06
3763.4,-4.47683e+06
3763.5,-4.47625e+06
3763.6,-4.47567e+06
3763.7,-4.47509e+06
3763.8,-4.47451e+06
3763.9,-4.47393e+06
3764,-4.47335e+06
3764.1,-4.47277e+06
3764.2,-4.47219e+06
3764.3,-4.47161e+06
3764.4,-4.47103e+06
3764.5,-4.47045e+06
3764.6,-4.46987e+06
3764.7,-4.46929e+06
3764.8,-4.46871e+06
3764.9,-4.46813e+06
3765,-4.46755e+06
3765.1,-4.46697e+06
3765.2,-4.46639e+06
3765.3,-4.46581e+06
3765.4,-4.46523e+06
3765.5,-4.46465e+06
3765.6,-4.46407e+06
3765.7,-4.46349e+06
3765.8,-4.46291e+06
3765.9,-4.46233e+06
3766,-4.46175e+06
3766.1,-4.46117e+06
3766.2,-4.46059e+06
3766.3,-4.46e+06
3766.4,-4.45942e+06
3766.5,-4.45884e+06
3766.6,-4.45826e+06
3766.7,-4.45768e+06
3766.8,-4.4571e+06
3766.9,-4.45652e+06
3767,-4.45594e+06
3767.1,-4.45536e+06
3767.2,-4.45478e+06
3767.3,-4.45419e+06
3767.4,-4.45361e+06
3767.5,-4.45303e+06
3767.6,-4.45245e+06
3767.7,-4.45187e+06
3767.8,-4.45129e+06
3767.9,-4.45071e+06
3768,-4.45012e+06
3768.1,-4.44954e+06
3768.2,-4.44896e+06
3768.3,-4.44838e+06
3768.4,-4.4478e+06
3768.5,-4.44721e+06
3768.6,-4.44663e+06
3768.7,-4.44605e+06
3768.8,-4.44547e+06
3768.9,-4.44489e+06
3769,-4.4443e+06
3769.1,-4.44372e+06
3769.2,-4.44314e+06
3769.3,-4.44256e+06
3769.4,-4.44198e+06
3769.5,-4.44139e+06
3769.6,-4.44081e+06
3769.7,-4.44023e+06
3769.8,-4.43964e+06
3769.9,-4.43906e+06
3770,-4.43848e+06
3770.1,-4.4379e+06
3770.2,-4.43731e+06
3770.3,-4.43673e+06
3770.4,-4.43615e+06
3770.5,-4.43556e+06
3770.6,-4.43498e+06
3770.7,-4.4344e+06
3770.8,-4.43382e+06
3770.9,-4.43323e+06
3771,-4.43265e+06
3771.1,-4.43207e+06
3771.2,-4.43148e+06
3771.3,-4.4309e+06
3771.4,-4.43032e+06
3771.5,-4.42973e+06
3771.6,-4.42915e+06
3771.7,-4.42857e+06
3771.8,-4.42798e+06
3771.9,-4.4274e+06
3772,-4.42682e+06
3772.1,-4.42623e+06
3772.2,-4.42565e+06
3772.3,-4.42506e+06
3772.4,-4.42448e+06
3772.5,-4.4239e+06
3772.6,-4.42331e+06
3772.7,-4.42273e+06
3772.8,-4.42214e+06
3772.9,-4.42156e+06
3773,-4.42097e+06
3773.1,-4.42039e+06
3773.2,-4.41981e+06
3773.3,-4.41922e+06
3773.4,-4.41864e+06
3773.5,-4.41805e+06
3773.6,-4.41747e+06
3773.7,-4.41688e+06
3773.8,-4.4163e+06
3773.9,-4.41571e+06
3774,-4.41513e+06
3774.1,-4.41454e+06
3774.2,-4.41396e+06
3774.3,-4.41337e+06
3774.4,-4.41279e+06
3774.5,-4.4122e+06
3774.6,-4.41162e+06
3774.7,-4.41103e+06
3774.8,-4.41045e+06
3774.9,-4.40986e+06
3775,-4.40928e+06
3775.1,-4.40869e+06
3775.2,-4.40811e+06
3775.3,-4.40752e+06
3775.4,-4.40694e+06
3775.5,-4.40635e+06
3775.6,-4.40576e+06
3775.7,-4.40518e+06
3775.8,-4.40459e+06
3775.9,-4.40401e+06
3776,-4.40342e+06
3776.1,-4.40284e+06
3776.2,-4.40225e+06
3776.3,-4.40166e+06
3776.4,-4.40108e+06
3776.5,-4.40049e+06
3776.6,-4.39991e+06
3776.7,-4.39932e+06
3776.8,-4.39873e+06
3776.9,-4.39815e+06
3777,-4.39756e+06
3777.1,-4.39697e+06
3777.2,-4.39639e+06
3777.3,-4.3958e+06
3777.4,-4.39522e+06
3777.5,-4.39463e+06
3777.6,-4.39404e+06
3777.7,-4.39346e+06
3777.8,-4.39287e+06
3777.9,-4.39228e+06
3778,-4.39169e+06
3778.1,-4.39111e+06
3778.2,-4.39052e+06
3778.3,-4.38993e+06
3778.4,-4.38935e+06
3778.5,-4.38876e+06
3778.6,-4.38817e+06
3778.7,-4.38759e+06
3778.8,-4.387e+06
3778.9,-4.38641e+06
3779,-4.38582e+06
3779.1,-4.38524e+06
3779.2,-4.38465e+06
3779.3,-4.38406e+06
3779.4,-4.38347e+06
3779.5,-4.38289e+06
3779.6,-4.3823e+06
3779.7,-4.38171e+06
3779.8,-4.38112e+06
3779.9,-4.38053e+06
3780,-4.37995e+06
3780.1,-4.37936e+06
3780.2,-4.37877e+06
3780.3,-4.37818e+06
3780.4,-4.37759e+06
3780.5,-4.37701e+06
3780.6,-4.37642e+06
3780.7,-4.37583e+06
3780.8,-4.37524e+06
3780.9,-4.37465e+06
3781,-4.37406e+06
3781.1,-4.37348e+06
3781.2,-4.37289e+06
3781.3,-4.3723e+06
3781.4,-4.37171e+06
3781.5,-4.37112e+06
3781.6,-4.37053e+06
3781.7,-4.36994e+06
3781.8,-4.36936e+06
3781.9,-4.36877e+06
3782,-4.36818e+06
3782.1,-4.36759e+06
3782.2,-4.367e+06
3782.3,-4.36641e+06
3782.4,-4.36582e+06
3782.5,-4.36523e+06
3782.6,-4.36464e+06
3782.7,-4.36405e+06
3782.8,-4.36346e+06
3782.9,-4.36288e+06
3783,-4.36229e+06
3783.1,-4.3617e+06
3783.2,-4.36111e+06
3783.3,-4.36052e+06
3783.4,-4.35993e+06
3783.5,-4.35934e+06
3783.6,-4.35875e+06
3783.7,-4.35816e+06
3783.8,-4.35757e+06
3783.9,-4.35698e+06
3784,-4.35639e+06
3784.1,-4.3558e+06
3784.2,-4.35521e+06
3784.3,-4.35462e+06
3784.4,-4.35403e+06
3784.5,-4.35344e+06
3784.6,-4.35285e+06
3784.7,-4.35226e+06
3784.8,-4.35167e+06
3784.9,-4.35108e+06
3785,-4.35049e+06
3785.1,-4.3499e+06
3785.2,-4.3493e+06
3785.3,-4.34871e+06
3785.4,-4.34812e+06
3785.5,-4.34753e+06
3785.6,-4.34694e+06
3785.7,-4.34635e+06
3785.8,-4.34576e+06
3785.9,-4.34517e+06
3786,-4.34458e+06
3786.1,-4.34399e+06
3786.2,-4.3434e+06
3786.3,-4.3428e+06
3786.4,-4.34221e+06
3786.5,-4.34162e+06
3786.6,-4.34103e+06
3786.7,-4.34044e+06
3786.8,-4.33985e+06
3786.9,-4.33926e+06
3787,-4.33867e+06
3787.1,-4.33807e+06
3787.2,-4.33748e+06
3787.3,-4.33689e+06
3787.4,-4.3363e+06
3787.5,-4.33571e+06
3787.6,-4.33512e+06
3787.7,-4.33452e+06
3787.8,-4.33393e+06
3787.9,-4.33334e+06
3788,-4.33275e+06
3788.1,-4.33216e+06
3788.2,-4.33156e+06
3788.3,-4.33097e+06
3788.4,-4.33038e+06
3788.5,-4.32979e+06
3788.6,-4.3292e+06
3788.7,-4.3286e+06
3788.8,-4.32801e+06
3788.9,-4.32742e+06
3789,-4.32682e+06
3789.1,-4.32623e+06
3789.2,-4.32564e+06
3789.3,-4.32505e+06
3789.4,-4.32446e+06
3789.5,-4.32386e+06
3789.6,-4.32327e+06
3789.7,-4.32268e+06
3789.8,-4.32208e+06
3789.9,-4.32149e+06
3790,-4.3209e+06
3790.1,-4.3203e+06
3790.2,-4.31971e+06
3790.3,-4.31912e+06
3790.4,-4.31852e+06
3790.5,-4.31793e+06
3790.6,-4.31734e+06
3790.7,-4.31674e+06
3790.8,-4.31615e+06
3790.9,-4.31556e+06
3791,-4.31496e+06
3791.1,-4.31437e+06
3791.2,-4.31378e+06
3791.3,-4.31318e+06
3791.4,-4.31259e+06
3791.5,-4.312e+06
3791.6,-4.3114e+06
3791.7,-4.31081e+06
3791.8,-4.31021e+06
3791.9,-4.30962e+06
3792,-4.30903e+06
3792.1,-4.30843e+06
3792.2,-4.30784e+06
3792.3,-4.30724e+06
3792.4,-4.30665e+06
3792.5,-4.30606e+06
3792.6,-4.30546e+06
3792.7,-4.30487e+06
3792.8,-4.30427e+06
3792.9,-4.30368e+06
3793,-4.30308e+06
3793.1,-4.30249e+06
3793.2,-4.30189e+06
3793.3,-4.3013e+06
3793.4,-4.3007e+06
3793.5,-4.30011e+06
3793.6,-4.29951e+06
3793.7,-4.29892e+06
3793.8,-4.29832e+06
3793.9,-4.29773e+06
3794,-4.29713e+06
3794.1,-4.29654e+06
3794.2,-4.29594e+06
3794.3,-4.29535e+06
3794.4,-4.29475e+06
3794.5,-4.29416e+06
3794.6,-4.29356e+06
3794.7,-4.29297e+06
3794.8,-4.29237e+06
3794.9,-4.29178e+06
3795,-4.29118e+06
3795.1,-4.29059e+06
3795.2,-4.28999e+06
3795.3,-4.28939e+06
3795.4,-4.2888e+06
3795.5,-4.2882e+06
3795.6,-4.28761e+06
3795.7,-4.28701e+06
3795.8,-4.28641e+06
3795.9,-4.28582e+06
3796,-4.28522e+06
3796.1,-4.28463e+06
3796.2,-4.28403e+06
3796.3,-4.28343e+06
3796.4,-4.28284e+06
3796.5,-4.28224e+06
3796.6,-4.28164e+06
3796.7,-4.28105e+06
3796.8,-4.28045e+06
3796.9,-4.27986e+06
3797,-4.27926e+06
3797.1,-4.27866e+06
3797.2,-4.27807e+06
3797.3,-4.27747e+06
3797.4,-4.27687e+06
3797.5,-4.27628e+06
3797.6,-4.27568e+06
3797.7,-4.27508e+06
3797.8,-4.27448e+06
3797.9,-4.27389e+06
3798,-4.27329e+06
3798.1,-4.27269e+06
3798.2,-4.2721e+06
3798.3,-4.2715e+06
3798.4,-4.2709e+06
3798.5,-4.2703e+06
3798.6,-4.26971e+06
3798.7,-4.26911e+06
3798.8,-4.26851e+06
3798.9,-4.26791e+06
3799,-4.26732e+06
3799.1,-4.26672e+06
3799.2,-4.26612e+06
3799.3,-4.26552e+06
3799.4,-4.26493e+06
3799.5,-4.26433e+06
3799.6,-4.26373e+06
3799.7,-4.26313e+06
3799.8,-4.26253e+06
3799.9,-4.26194e+06
3800,-4.26134e+06
3800.1,-4.26074e+06
3800.2,-4.26014e+06
3800.3,-4.25954e+06
3800.4,-4.25895e+06
3800.5,-4.25835e+06
3800.6,-4.25775e+06
3800.7,-4.25715e+06
3800.8,-4.25655e+06
3800.9,-4.25595e+06
3801,-4.25536e+06
3801.1,-4.25476e+06
3801.2,-4.25416e+06
3801.3,-4.25356e+06
3801.4,-4.25296e+06
3801.5,-4.25236e+06
3801.6,-4.25176e+06
3801.7,-4.25116e+06
3801.8,-4.25056e+06
3801.9,-4.24997e+06
3802,-4.24937e+06
3802.1,-4.24877e+06
3802.2,-4.24817e+06
3802.3,-4.24757e+06
3802.4,-4.24697e+06
3802.5,-4.24637e+06
3802.6,-4.24577e+06
3802.7,-4.24517e+06
3802.8,-4.24457e+06
3802.9,-4.24397e+06
3803,-4.24337e+06
3803.1,-4.24277e+06
3803.2,-4.24217e+06
3803.3,-4.24157e+06
3803.4,-4.24097e+06
3803.5,-4.24037e+06
3803.6,-4.23977e+06
3803.7,-4.23917e+06
3803.8,-4.23857e+06
3803.9,-4.23797e+06
3804,-4.23737e+06
3804.1,-4.23677e+06
3804.2,-4.23617e+06
3804.3,-4.23557e+06
3804.4,-4.23497e+06
3804.5,-4.23437e+06
3804.6,-4.23377e+06
3804.7,-4.23317e+06
3804.8,-4.23257e+06
3804.9,-4.23197e+06
3805,-4.23137e+06
3805.1,-4.23077e+06
3805.2,-4.23017e+06
3805.3,-4.22957e+06
3805.4,-4.22897e+06
3805.5,-4.22837e+06
3805.6,-4.22777e+06
3805.7,-4.22717e+06
3805.8,-4.22656e+06
3805.9,-4.22596e+06
3806,-4.22536e+06
3806.1,-4.22476e+06
3806.2,-4.22416e+06
3806.3,-4.22356e+06
3806.4,-4.22296e+06
3806.5,-4.22236e+06
3806.6,-4.22176e+06
3806.7,-4.22115e+06
3806.8,-4.22055e+06
3806.9,-4.21995e+06
3807,-4.21935e+06
3807.1,-4.21875e+06
3807.2,-4.21815e+06
3807.3,-4.21754e+06
3807.4,-4.21694e+06
3807.5,-4.21634e+06
3807.6,-4.21574e+06
3807.7,-4.21514e+06
3807.8,-4.21453e+06
3807.9,-4.21393e+06
3808,-4.21333e+06
3808.1,-4.21273e+06
3808.2,-4.21213e+06
3808.3,-4.21152e+06
3808.4,-4.21092e+06
3808.5,-4.21032e+06
3808.6,-4.20972e+06
3808.7,-4.20911e+06
3808.8,-4.20851e+06
3808.9,-4.20791e+06
3809,-4.20731e+06
3809.1,-4.2067e+06
3809.2,-4.2061e+06
3809.3,-4.2055e+06
3809.4,-4.2049e+06
3809.5,-4.20429e+06
3809.6,-4.20369e+06
3809.7,-4.20309e+06
3809.8,-4.20248e+06
3809.9,-4.20188e+06
3810,-4.20128e+06
3810.1,-4.20068e+06
3810.2,-4.20007e+06
3810.3,-4.19947e+06
3810.4,-4.19887e+06
3810.5,-4.19826e+06
3810.6,-4.19766e+06
3810.7,-4.19706e+06
3810.8,-4.19645e+06
3810.9,-4.19585e+06
3811,-4.19524e+06
3811.1,-4.19464e+06
3811.2,-4.19404e+06
3811.3,-4.19343e+06
3811.4,-4.19283e+06
3811.5,-4.19223e+06
3811.6,-4.19162e+06
3811.7,-4.19102e+06
3811.8,-4.19041e+06
3811.9,-4.18981e+06
3812,-4.18921e+06
3812.1,-4.1886e+06
3812.2,-4.188e+06
3812.3,-4.18739e+06
3812.4,-4.18679e+06
3812.5,-4.18619e+06
3812.6,-4.18558e+06
3812.7,-4.18498e+06
3812.8,-4.18437e+06
3812.9,-4.18377e+06
3813,-4.18316e+06
3813.1,-4.18256e+06
3813.2,-4.18195e+06
3813.3,-4.18135e+06
3813.4,-4.18074e+06
3813.5,-4.18014e+06
3813.6,-4.17954e+06
3813.7,-4.17893e+06
3813.8,-4.17833e+06
3813.9,-4.17772e+06
3814,-4.17712e+06
3814.1,-4.17651e+06
3814.2,-4.1759e+06
3814.3,-4.1753e+06
3814.4,-4.17469e+06
3814.5,-4.17409e+06
3814.6,-4.17348e+06
3814.7,-4.17288e+06
3814.8,-4.17227e+06
3814.9,-4.17167e+06
3815,-4.17106e+06
3815.1,-4.17046e+06
3815.2,-4.16985e+06
3815.3,-4.16924e+06
3815.4,-4.16864e+06
3815.5,-4.16803e+06
3815.6,-4.16743e+06
3815.7,-4.16682e+06
3815.8,-4.16622e+06
3815.9,-4.16561e+06
3816,-4.165e+06
3816.1,-4.1644e+06
3816.2,-4.16379e+06
3816.3,-4.16319e+06
3816.4,-4.16258e+06
3816.5,-4.16197e+06
3816.6,-4.16137e+06
3816.7,-4.16076e+06
3816.8,-4.16015e+06
3816.9,-4.15955e+06
3817,-4.15894e+06
3817.1,-4.15833e+06
3817.2,-4.15773e+06
3817.3,-4.15712e+06
3817.4,-4.15651e+06
3817.5,-4.15591e+06
3817.6,-4.1553e+06
3817.7,-4.15469e+06
3817.8,-4.15409e+06
3817.9,-4.15348e+06
3818,-4.15287e+06
3818.1,-4.15227e+06
3818.2,-4.15166e+06
3818.3,-4.15105e+06
3818.4,-4.15044e+06
3818.5,-4.14984e+06
3818.6,-4.14923e+06
3818.7,-4.14862e+06
3818.8,-4.14802e+06
3818.9,-4.14741e+06
3819,-4.1468e+06
3819.1,-4.14619e+06
3819.2,-4.14558e+06
3819.3,-4.14498e+06
3819.4,-4.14437e+06
3819.5,-4.14376e+06
3819.6,-4.14315e+06
3819.7,-4.14255e+06
3819.8,-4.14194e+06
3819.9,-4.14133e+06
3820,-4.14072e+06
3820.1,-4.14011e+06
3820.2,-4.13951e+06
3820.3,-4.1389e+06
3820.4,-4.13829e+06
3820.5,-4.13768e+06
3820.6,-4.13707e+06
3820.7,-4.13646e+06
3820.8,-4.13586e+06
3820.9,-4.13525e+06
3821,-4.13464e+06
3821.1,-4.13403e+06
3821.2,-4.13342e+06
3821.3,-4.13281e+06
3821.4,-4.13221e+06
3821.5,-4.1316e+06
3821.6,-4.13099e+06
3821.7,-4.13038e+06
3821.8,-4.12977e+06
3821.9,-4.12916e+06
3822,-4.12855e+06
3822.1,-4.12794e+06
3822.2,-4.12733e+06
3822.3,-4.12673e+06
3822.4,-4.12612e+06
3822.5,-4.12551e+06
3822.6,-4.1249e+06
3822.7,-4.12429e+06
3822.8,-4.12368e+06
3822.9,-4.12307e+06
3823,-4.12246e+06
3823.1,-4.12185e+06
3823.2,-4.12124e+06
3823.3,-4.12063e+06
3823.4,-4.12002e+06
3823.5,-4.11941e+06
3823.6,-4.1188e+06
3823.7,-4.11819e+06
3823.8,-4.11758e+06
3823.9,-4.11697e+06
3824,-4.11636e+06
3824.1,-4.11575e+06
3824.2,-4.11514e+06
3824.3,-4.11453e+06
3824.4,-4.11392e+06
3824.5,-4.11331e+06
3824.6,-4.1127e+06
3824.7,-4.11209e+06
3824.8,-4.11148e+06
3824.9,-4.11087e+06
3825,-4.11026e+06
3825.1,-4.10965e+06
3825.2,-4.10904e+06
3825.3,-4.10843e+06
3825.4,-4.10782e+06
3825.5,-4.10721e+06
3825.6,-4.1066e+06
3825.7,-4.10599e+06
3825.8,-4.10538e+06
3825.9,-4.10476e+06
3826,-4.10415e+06
3826.1,-4.10354e+06
3826.2,-4.10293e+06
3826.3,-4.10232e+06
3826.4,-4.10171e+06
3826.5,-4.1011e+06
3826.6,-4.10049e+06
3826.7,-4.09988e+06
3826.8,-4.09926e+06
3826.9,-4.09865e+06
3827,-4.09804e+06
3827.1,-4.09743e+06
3827.2,-4.09682e+06
3827.3,-4.09621e+06
3827.4,-4.0956e+06
3827.5,-4.09498e+06
3827.6,-4.09437e+06
3827.7,-4.09376e+06
3827.8,-4.09315e+06
3827.9,-4.09254e+06
3828,-4.09193e+06
3828.1,-4.09131e+06
3828.2,-4.0907e+06
3828.3,-4.09009e+06
3828.4,-4.08948e+06
3828.5,-4.08887e+06
3828.6,-4.08825e+06
3828.7,-4.08764e+06
3828.8,-4.08703e+06
3828.9,-4.08642e+06
3829,-4.0858e+06
3829.1,-4.08519e+06
3829.2,-4.08458e+06
3829.3,-4.08397e+06
3829.4,-4.08335e+06
3829.5,-4.08274e+06
3829.6,-4.08213e+06
3829.7,-4.08152e+06
3829.8,-4.0809e+06
3829.9,-4.08029e+06
3830,-4.07968e+06
3830.1,-4.07907e+06
3830.2,-4.07845e+06
3830.3,-4.07784e+06
3830.4,-4.07723e+06
3830.5,-4.07661e+06
3830.6,-4.076e+06
3830.7,-4.07539e+06
3830.8,-4.07477e+06
3830.9,-4.07416e+06
3831,-4.07355e+06
3831.1,-4.07293e+06
3831.2,-4.07232e+06
3831.3,-4.07171e+06
3831.4,-4.07109e+06
3831.5,-4.07048e+06
3831.6,-4.06987e+06
3831.7,-4.06925e+06
3831.8,-4.06864e+06
3831.9,-4.06802e+06
3832,-4.06741e+06
3832.1,-4.0668e+06
3832.2,-4.06618e+06
3832.3,-4.06557e+06
3832.4,-4.06496e+06
3832.5,-4.06434e+06
3832.6,-4.06373e+06
3832.7,-4.06311e+06
3832.8,-4.0625e+06
3832.9,-4.06188e+06
3833,-4.06127e+06
3833.1,-4.06066e+06
3833.2,-4.06004e+06
3833.3,-4.05943e+06
3833.4,-4.05881e+06
3833.5,-4.0582e+06
3833.6,-4.05758e+06
3833.7,-4.05697e+06
3833.8,-4.05635e+06
3833.9,-4.05574e+06
3834,-4.05513e+06
3834.1,-4.05451e+06
3834.2,-4.0539e+06
3834.3,-4.05328e+06
3834.4,-4.05267e+06
3834.5,-4.05205e+06
3834.6,-4.05144e+06
3834.7,-4.05082e+06
3834.8,-4.05021e+06
3834.9,-4.04959e+06
3835,-4.04898e+06
3835.1,-4.04836e+06
3835.2,-4.04774e+06
3835.3,-4.04713e+06
3835.4,-4.04651e+06
3835.5,-4.0459e+06
3835.6,-4.04528e+06
3835.7,-4.04467e+06
3835.8,-4.04405e+06
3835.9,-4.04344e+06
3836,-4.04282e+06
3836.1,-4.0422e+06
3836.2,-4.04159e+06
3836.3,-4.04097e+06
3836.4,-4.04036e+06
3836.5,-4.03974e+06
3836.6,-4.03912e+06
3836.7,-4.03851e+06
3836.8,-4.03789e+06
3836.9,-4.03728e+06
3837,-4.03666e+06
3837.1,-4.03604e+06
3837.2,-4.03543e+06
3837.3,-4.03481e+06
3837.4,-4.0342e+06
3837.5,-4.03358e+06
3837.6,-4.03296e+06
3837.7,-4.03235e+06
3837.8,-4.03173e+06
3837.9,-4.03111e+06
3838,-4.0305e+06
3838.1,-4.02988e+06
3838.2,-4.02926e+06
3838.3,-4.02865e+06
3838.4,-4.02803e+06
3838.5,-4.02741e+06
3838.6,-4.02679e+06
3838.7,-4.02618e+06
3838.8,-4.02556e+06
3838.9,-4.02494e+06
3839,-4.02433e+06
3839.1,-4.02371e+06
3839.2,-4.02309e+06
3839.3,-4.02247e+06
3839.4,-4.02186e+06
3839.5,-4.02124e+06
3839.6,-4.02062e+06
3839.7,-4.02001e+06
3839.8,-4.01939e+06
3839.9,-4.01877e+06
3840,-4.01815e+06
3840.1,-4.01754e+06
3840.2,-4.01692e+06
3840.3,-4.0163e+06
3840.4,-4.01568e+06
3840.5,-4.01506e+06
3840.6,-4.01445e+06
3840.7,-4.01383e+06
3840.8,-4.01321e+06
3840.9,-4.01259e+06
3841,-4.01197e+06
3841.1,-4.01136e+06
3841.2,-4.01074e+06
3841.3,-4.01012e+06
3841.4,-4.0095e+06
3841.5,-4.00888e+06
3841.6,-4.00826e+06
3841.7,-4.00765e+06
3841.8,-4.00703e+06
3841.9,-4.00641e+06
3842,-4.00579e+06
3842.1,-4.00517e+06
3842.2,-4.00455e+06
3842.3,-4.00393e+06
3842.4,-4.00332e+06
3842.5,-4.0027e+06
3842.6,-4.00208e+06
3842.7,-4.00146e+06
3842.8,-4.00084e+06
3842.9,-4.00022e+06
3843,-3.9996e+06
3843.1,-3.99898e+06
3843.2,-3.99836e+06
3843.3,-3.99774e+06
3843.4,-3.99713e+06
3843.5,-3.99651e+06
3843.6,-3.99589e+06
3843.7,-3.99527e+06
3843.8,-3.99465e+06
3843.9,-3.99403e+06
3844,-3.99341e+06
3844.1,-3.99279e+06
3844.2,-3.99217e+06
3844.3,-3.99155e+06
3844.4,-3.99093e+06
3844.5,-3.99031e+06
3844.6,-3.98969e+06
3844.7,-3.98907e+06
3844.8,-3.98845e+06
3844.9,-3.98783e+06
3845,-3.98721e+06
3845.1,-3.98659e+06
3845.2,-3.98597e+06
3845.3,-3.98535e+06
3845.4,-3.98473e+06
3845.5,-3.98411e+06
3845.6,-3.98349e+06
3845.7,-3.98287e+06
3845.8,-3.98225e+06
3845.9,-3.98163e+06
3846,-3.98101e+06
3846.1,-3.98039e+06
3846.2,-3.97977e+06
3846.3,-3.97915e+06
3846.4,-3.97853e+06
3846.5,-3.97791e+06
3846.6,-3.97729e+06
3846.7,-3.97666e+06
3846.8,-3.97604e+06
3846.9,-3.97542e+06
3847,-3.9748e+06
3847.1,-3.97418e+06
3847.2,-3.97356e+06
3847.3,-3.97294e+06
3847.4,-3.97232e+06
3847.5,-3.9717e+06
3847.6,-3.97108e+06
3847.7,-3.97045e+06
3847.8,-3.96983e+06
3847.9,-3.96921e+06
3848,-3.96859e+06
3848.1,-3.96797e+06
3848.2,-3.96735e+06
3848.3,-3.96673e+06
3848.4,-3.9661e+06
3848.5,-3.96548e+06
3848.6,-3.96486e+06
3848.7,-3.96424e+06
3848.8,-3.96362e+06
3848.9,-3.963e+06
3849,-3.96237e+06
3849.1,-3.96175e+06
3849.2,-3.96113e+06
3849.3,-3.96051e+06
3849.4,-3.95989e+06
3849.5,-3.95926e+06
3849.6,-3.95864e+06
3849.7,-3.95802e+06
3849.8,-3.9574e+06
3849.9,-3.95678e+06
3850,-3.95615e+06
3850.1,-3.95553e+06
3850.2,-3.95491e+06
3850.3,-3.95429e+06
3850.4,-3.95366e+06
3850.5,-3.95304e+06
3850.6,-3.95242e+06
3850.7,-3.9518e+06
3850.8,-3.95117e+06
3850.9,-3.95055e+06
3851,-3.94993e+06
3851.1,-3.9493e+06
3851.2,-3.94868e+06
3851.3,-3.94806e+06
3851.4,-3.94744e+06
3851.5,-3.94681e+06
3851.6,-3.94619e+06
3851.7,-3.94557e+06
3851.8,-3.94494e+06
3851.9,-3.94432e+06
3852,-3.9437e+06
3852.1,-3.94307e+06
3852.2,-3.94245e+06
3852.3,-3.94183e+06
3852.4,-3.9412e+06
3852.5,-3.94058e+06
3852.6,-3.93996e+06
3852.7,-3.93933e+06
3852.8,-3.93871e+06
3852.9,-3.93809e+06
3853,-3.93746e+06
3853.1,-3.93684e+06
3853.2,-3.93621e+06
3853.3,-3.93559e+06
3853.4,-3.93497e+06
3853.5,-3.93434e+06
3853.6,-3.93372e+06
3853.7,-3.9331e+06
3853.8,-3.93247e+06
3853.9,-3.93185e+06
3854,-3.93122e+06
3854.1,-3.9306e+06
3854.2,-3.92997e+06
3854.3,-3.92935e+06
3854.4,-3.92873e+06
3854.5,-3.9281e+06
3854.6,-3.92748e+06
3854.7,-3.92685e+06
3854.8,-3.92623e+06
3854.9,-3.9256e+06
3855,-3.92498e+06
3855.1,-3.92435e+06
3855.2,-3.92373e+06
3855.3,-3.9231e+06
3855.4,-3.92248e+06
3855.5,-3.92185e+06
3855.6,-3.92123e+06
3855.7,-3.9206e+06
3855.8,-3.91998e+06
3855.9,-3.91935e+06
3856,-3.91873e+06
3856.1,-3.9181e+06
3856.2,-3.91748e+06
3856.3,-3.91685e+06
3856.4,-3.91623e+06
3856.5,-3.9156e+06
3856.6,-3.91498e+06
3856.7,-3.91435e+06
3856.8,-3.91373e+06
3856.9,-3.9131e+06
3857,-3.91248e+06
3857.1,-3.91185e+06
3857.2,-3.91122e+06
3857.3,-3.9106e+06
3857.4,-3.90997e+06
3857.5,-3.90935e+06
3857.6,-3.90872e+06
3857.7,-3.9081e+06
3857.8,-3.90747e+06
3857.9,-3.90684e+06
3858,-3.90622e+06
3858.1,-3.90559e+06
3858.2,-3.90497e+06
3858.3,-3.90434e+06
3858.4,-3.90371e+06
3858.5,-3.90309e+06
3858.6,-3.90246e+06
3858.7,-3.90183e+06
3858.8,-3.90121e+06
3858.9,-3.90058e+06
3859,-3.89995e+06
3859.1,-3.89933e+06
3859.2,-3.8987e+06
3859.3,-3.89808e+06
3859.4,-3.89745e+06
3859.5,-3.89682e+06
3859.6,-3.8962e+06
3859.7,-3.89557e+06
3859.8,-3.89494e+06
3859.9,-3.89431e+06
3860,-3.89369e+06
3860.1,-3.89306e+06
3860.2,-3.89243e+06
3860.3,-3.89181e+06
3860.4,-3.89118e+06
3860.5,-3.89055e+06
3860.6,-3.88992e+06
3860.7,-3.8893e+06
3860.8,-3.88867e+06
3860.9,-3.88804e+06
3861,-3.88742e+06
3861.1,-3.88679e+06
3861.2,-3.88616e+06
3861.3,-3.88553e+06
3861.4,-3.88491e+06
3861.5,-3.88428e+06
3861.6,-3.88365e+06
3861.7,-3.88302e+06
3861.8,-3.88239e+06
3861.9,-3.88177e+06
3862,-3.88114e+06
3862.1,-3.88051e+06
3862.2,-3.87988e+06
3862.3,-3.87926e+06
3862.4,-3.87863e+06
3862.5,-3.878e+06
3862.6,-3.87737e+06
3862.7,-3.87674e+06
3862.8,-3.87611e+06
3862.9,-3.87549e+06
3863,-3.87486e+06
3863.1,-3.87423e+06
3863.2,-3.8736e+06
3863.3,-3.87297e+06
3863.4,-3.87234e+06
3863.5,-3.87172e+06
3863.6,-3.87109e+06
3863.7,-3.87046e+06
3863.8,-3.86983e+06
3863.9,-3.8692e+06
3864,-3.86857e+06
3864.1,-3.86794e+06
3864.2,-3.86731e+06
3864.3,-3.86669e+06
3864.4,-3.86606e+06
3864.5,-3.86543e+06
3864.6,-3.8648e+06
3864.7,-3.86417e+06
3864.8,-3.86354e+06
3864.9,-3.86291e+06
3865,-3.86228e+06
3865.1,-3.86165e+06
3865.2,-3.86102e+06
3865.3,-3.86039e+06
3865.4,-3.85976e+06
3865.5,-3.85914e+06
3865.6,-3.85851e+06
3865.7,-3.85788e+06
3865.8,-3.85725e+06
3865.9,-3.85662e+06
3866,-3.85599e+06
3866.1,-3.85536e+06
3866.2,-3.85473e+06
3866.3,-3.8541e+06
3866.4,-3.85347e+06
3866.5,-3.85284e+06
3866.6,-3.85221e+06
3866.7,-3.85158e+06
3866.8,-3.85095e+06
3866.9,-3.85032e+06
3867,-3.84969e+06
3867.1,-3.84906e+06
3867.2,-3.84843e+06
3867.3,-3.8478e+06
3867.4,-3.84717e+06
3867.5,-3.84654e+06
3867.6,-3.84591e+06
3867.7,-3.84528e+06
3867.8,-3.84465e+06
3867.9,-3.84401e+06
3868,-3.84338e+06
3868.1,-3.84275e+06
3868.2,-3.84212e+06
3868.3,-3.84149e+06
3868.4,-3.84086e+06
3868.5,-3.84023e+06
3868.6,-3.8396e+06
3868.7,-3.83897e+06
3868.8,-3.83834e+06
3868.9,-3.83771e+06
3869,-3.83708e+06
3869.1,-3.83644e+06
3869.2,-3.83581e+06
3869.3,-3.83518e+06
3869.4,-3.83455e+06
3869.5,-3.83392e+06
3869.6,-3.83329e+06
3869.7,-3.83266e+06
3869.8,-3.83203e+06
3869.9,-3.83139e+06
3870,-3.83076e+06
3870.1,-3.83013e+06
3870.2,-3.8295e+06
3870.3,-3.82887e+06
3870.4,-3.82824e+06
3870.5,-3.8276e+06
3870.6,-3.82697e+06
3870.7,-3.82634e+06
3870.8,-3.82571e+06
3870.9,-3.82508e+06
3871,-3.82445e+06
3871.1,-3.82381e+06
3871.2,-3.82318e+06
3871.3,-3.82255e+06
3871.4,-3.82192e+06
3871.5,-3.82128e+06
3871.6,-3.82065e+06
3871.7,-3.82002e+06
3871.8,-3.81939e+06
3871.9,-3.81876e+06
3872,-3.81812e+06
3872.1,-3.81749e+06
3872.2,-3.81686e+06
3872.3,-3.81623e+06
3872.4,-3.81559e+06
3872.5,-3.81496e+06
3872.6,-3.81433e+06
3872.7,-3.8137e+06
3872.8,-3.81306e+06
3872.9,-3.81243e+06
3873,-3.8118e+06
3873.1,-3.81116e+06
3873.2,-3.81053e+06
3873.3,-3.8099e+06
3873.4,-3.80926e+06
3873.5,-3.80863e+06
3873.6,-3.808e+06
3873.7,-3.80737e+06
3873.8,-3.80673e+06
3873.9,-3.8061e+06
3874,-3.80547e+06
3874.1,-3.80483e+06
3874.2,-3.8042e+06
3874.3,-3.80357e+06
3874.4,-3.80293e+06
3874.5,-3.8023e+06
3874.6,-3.80167e+06
3874.7,-3.80103e+06
3874.8,-3.8004e+06
3874.9,-3.79976e+06
3875,-3.79913e+06
3875.1,-3.7985e+06
3875.2,-3.79786e+06
3875.3,-3.79723e+06
3875.4,-3.7966e+06
3875.5,-3.79596e+06
3875.6,-3.79533e+06
3875.7,-3.79469e+06
3875.8,-3.79406e+06
3875.9,-3.79342e+06
3876,-3.79279e+06
3876.1,-3.79216e+06
3876.2,-3.79152e+06
3876.3,-3.79089e+06
3876.4,-3.79025e+06
3876.5,-3.78962e+06
3876.6,-3.78898e+06
3876.7,-3.78835e+06
3876.8,-3.78772e+06
3876.9,-3.78708e+06
3877,-3.78645e+06
3877.1,-3.78581e+06
3877.2,-3.78518e+06
3877.3,-3.78454e+06
3877.4,-3.78391e+06
3877.5,-3.78327e+06
3877.6,-3.78264e+06
3877.7,-3.782e+06
3877.8,-3.78137e+06
3877.9,-3.78073e+06
3878,-3.7801e+06
3878.1,-3.77946e+06
3878.2,-3.77883e+06
3878.3,-3.77819e+06
3878.4,-3.77756e+06
3878.5,-3.77692e+06
3878.6,-3.77629e+06
3878.7,-3.77565e+06
3878.8,-3.77502e+06
3878.9,-3.77438e+06
3879,-3.77374e+06
3879.1,-3.77311e+06
3879.2,-3.77247e+06
3879.3,-3.77184e+06
3879.4,-3.7712e+06
3879.5,-3.77057e+06
3879.6,-3.76993e+06
3879.7,-3.76929e+06
3879.8,-3.76866e+06
3879.9,-3.76802e+06
3880,-3.76739e+06
3880.1,-3.76675e+06
3880.2,-3.76611e+06
3880.3,-3.76548e+06
3880.4,-3.76484e+06
3880.5,-3.76421e+06
3880.6,-3.76357e+06
3880.7,-3.76293e+06
3880.8,-3.7623e+06
3880.9,-3.76166e+06
3881,-3.76102e+06
3881.1,-3.76039e+06
3881.2,-3.75975e+06
3881.3,-3.75911e+06
3881.4,-3.75848e+06
3881.5,-3.75784e+06
3881.6,-3.7572e+06
3881.7,-3.75657e+06
3881.8,-3.75593e+06
3881.9,-3.75529e+06
3882,-3.75466e+06
3882.1,-3.75402e+06
3882.2,-3.75338e+06
3882.3,-3.75275e+06
3882.4,-3.75211e+06
3882.5,-3.75147e+06
3882.6,-3.75084e+06
3882.7,-3.7502e+06
3882.8,-3.74956e+06
3882.9,-3.74892e+06
3883,-3.74829e+06
3883.1,-3.74765e+06
3883.2,-3.74701e+06
3883.3,-3.74637e+06
3883.4,-3.74574e+06
3883.5,-3.7451e+06
3883.6,-3.74446e+06
3883.7,-3.74382e+06
3883.8,-3.74319e+06
3883.9,-3.74255e+06
3884,-3.74191e+06
3884.1,-3.74127e+06
3884.2,-3.74064e+06
3884.3,-3.74e+06
3884.4,-3.73936e+06
3884.5,-3.73872e+06
3884.6,-3.73808e+06
3884.7,-3.73745e+06
3884.8,-3.73681e+06
3884.9,-3.73617e+06
3885,-3.73553e+06
3885.1,-3.73489e+06
3885.2,-3.73425e+06
3885.3,-3.73362e+06
3885.4,-3.73298e+06
3885.5,-3.73234e+06
3885.6,-3.7317e+06
3885.7,-3.73106e+06
3885.8,-3.73042e+06
3885.9,-3.72979e+06
3886,-3.72915e+06
3886.1,-3.72851e+06
3886.2,-3.72787e+06
3886.3,-3.72723e+06
3886.4,-3.72659e+06
3886.5,-3.72595e+06
3886.6,-3.72531e+06
3886.7,-3.72468e+06
3886.8,-3.72404e+06
3886.9,-3.7234e+06
3887,-3.72276e+06
3887.1,-3.72212e+06
3887.2,-3.72148e+06
3887.3,-3.72084e+06
3887.4,-3.7202e+06
3887.5,-3.71956e+06
3887.6,-3.71892e+06
3887.7,-3.71828e+06
3887.8,-3.71764e+06
3887.9,-3.717e+06
3888,-3.71636e+06
3888.1,-3.71573e+06
3888.2,-3.71509e+06
3888.3,-3.71445e+06
3888.4,-3.71381e+06
3888.5,-3.71317e+06
3888.6,-3.71253e+06
3888.7,-3.71189e+06
3888.8,-3.71125e+06
3888.9,-3.71061e+06
3889,-3.70997e+06
3889.1,-3.70933e+06
3889.2,-3.70869e+06
3889.3,-3.70805e+06
3889.4,-3.70741e+06
3889.5,-3.70677e+06
3889.6,-3.70613e+06
3889.7,-3.70549e+06
3889.8,-3.70485e+06
3889.9,-3.70421e+06
3890,-3.70357e+06
3890.1,-3.70293e+06
3890.2,-3.70228e+06
3890.3,-3.70164e+06
3890.4,-3.701e+06
3890.5,-3.70036e+06
3890.6,-3.69972e+06
3890.7,-3.69908e+06
3890.8,-3.69844e+06
3890.9,-3.6978e+06
3891,-3.69716e+06
3891.1,-3.69652e+06
3891.2,-3.69588e+06
3891.3,-3.69524e+06
3891.4,-3.6946e+06
3891.5,-3.69395e+06
3891.6,-3.69331e+06
3891.7,-3.69267e+06
3891.8,-3.69203e+06
3891.9,-3.69139e+06
3892,-3.69075e+06
3892.1,-3.69011e+06
3892.2,-3.68947e+06
3892.3,-3.68882e+06
3892.4,-3.68818e+06
3892.5,-3.68754e+06
3892.6,-3.6869e+06
3892.7,-3.68626e+06
3892.8,-3.68562e+06
3892.9,-3.68498e+06
3893,-3.68433e+06
3893.1,-3.68369e+06
3893.2,-3.68305e+06
3893.3,-3.68241e+06
3893.4,-3.68177e+06
3893.5,-3.68112e+06
3893.6,-3.68048e+06
3893.7,-3.67984e+06
3893.8,-3.6792e+06
3893.9,-3.67856e+06
3894,-3.67792e+06
3894.1,-3.67727e+06
3894.2,-3.67663e+06
3894.3,-3.67599e+06
3894.4,-3.67535e+06
3894.5,-3.6747e+06
3894.6,-3.67406e+06
3894.7,-3.67342e+06
3894.8,-3.67278e+06
3894.9,-3.67213e+06
3895,-3.67149e+06
3895.1,-3.67085e+06
3895.2,-3.67021e+06
3895.3,-3.66956e+06
3895.4,-3.66892e+06
3895.5,-3.66828e+06
3895.6,-3.66764e+06
3895.7,-3.66699e+06
3895.8,-3.66635e+06
3895.9,-3.66571e+06
3896,-3.66506e+06
3896.1,-3.66442e+06
3896.2,-3.66378e+06
3896.3,-3.66313e+06
3896.4,-3.66249e+06
3896.5,-3.66185e+06
3896.6,-3.6612e+06
3896.7,-3.66056e+06
3896.8,-3.65992e+06
3896.9,-3.65927e+06
3897,-3.65863e+06
3897.1,-3.65799e+06
3897.2,-3.65734e+06
3897.3,-3.6567e+06
3897.4,-3.65606e+06
3897.5,-3.65541e+06
3897.6,-3.65477e+06
3897.7,-3.65413e+06
3897.8,-3.65348e+06
3897.9,-3.65284e+06
3898,-3.65219e+06
3898.1,-3.65155e+06
3898.2,-3.65091e+06
3898.3,-3.65026e+06
3898.4,-3.64962e+06
3898.5,-3.64897e+06
3898.6,-3.64833e+06
3898.7,-3.64769e+06
3898.8,-3.64704e+06
3898.9,-3.6464e+06
3899,-3.64575e+06
3899.1,-3.64511e+06
3899.2,-3.64446e+06
3899.3,-3.64382e+06
3899.4,-3.64318e+06
3899.5,-3.64253e+06
3899.6,-3.64189e+06
3899.7,-3.64124e+06
3899.8,-3.6406e+06
3899.9,-3.63995e+06
3900,-3.63931e+06
3900.1,-3.63866e+06
3900.2,-3.63802e+06
3900.3,-3.63737e+06
3900.4,-3.63673e+06
3900.5,-3.63608e+06
3900.6,-3.63544e+06
3900.7,-3.63479e+06
3900.8,-3.63415e+06
3900.9,-3.6335e+06
3901,-3.63286e+06
3901.1,-3.63221e+06
3901.2,-3.63157e+06
3901.3,-3.63092e+06
3901.4,-3.63028e+06
3901.5,-3.62963e+06
3901.6,-3.62899e+06
3901.7,-3.62834e+06
3901.8,-3.6277e+06
3901.9,-3.62705e+06
3902,-3.62641e+06
3902.1,-3.62576e+06
3902.2,-3.62511e+06
3902.3,-3.62447e+06
3902.4,-3.62382e+06
3902.5,-3.62318e+06
3902.6,-3.62253e+06
3902.7,-3.62189e+06
3902.8,-3.62124e+06
3902.9,-3.62059e+06
3903,-3.61995e+06
3903.1,-3.6193e+06
3903.2,-3.61866e+06
3903.3,-3.61801e+06
3903.4,-3.61736e+06
3903.5,-3.61672e+06
3903.6,-3.61607e+06
3903.7,-3.61542e+06
3903.8,-3.61478e+06
3903.9,-3.61413e+06
3904,-3.61348e+06
3904.1,-3.61284e+06
3904.2,-3.61219e+06
3904.3,-3.61155e+06
3904.4,-3.6109e+06
3904.5,-3.61025e+06
3904.6,-3.60961e+06
3904.7,-3.60896e+06
3904.8,-3.60831e+06
3904.9,-3.60767e+06
3905,-3.60702e+06
3905.1,-3.60637e+06
3905.2,-3.60572e+06
3905.3,-3.60508e+06
3905.4,-3.60443e+06
3905.5,-3.60378e+06
3905.6,-3.60314e+06
3905.7,-3.60249e+06
3905.8,-3.60184e+06
3905.9,-3.60119e+06
3906,-3.60055e+06
3906.1,-3.5999e+06
3906.2,-3.59925e+06
3906.3,-3.59861e+06
3906.4,-3.59796e+06
3906.5,-3.59731e+06
3906.6,-3.59666e+06
3906.7,-3.59602e+06
3906.8,-3.59537e+06
3906.9,-3.59472e+06
3907,-3.59407e+06
3907.1,-3.59342e+06
3907.2,-3.59278e+06
3907.3,-3.59213e+06
3907.4,-3.59148e+06
3907.5,-3.59083e+06
3907.6,-3.59019e+06
3907.7,-3.58954e+06
3907.8,-3.58889e+06
3907.9,-3.58824e+06
3908,-3.58759e+06
3908.1,-3.58695e+06
3908.2,-3.5863e+06
3908.3,-3.58565e+06
3908.4,-3.585e+06
3908.5,-3.58435e+06
3908.6,-3.5837e+06
3908.7,-3.58306e+06
3908.8,-3.58241e+06
3908.9,-3.58176e+06
3909,-3.58111e+06
3909.1,-3.58046e+06
3909.2,-3.57981e+06
3909.3,-3.57916e+06
3909.4,-3.57852e+06
3909.5,-3.57787e+06
3909.6,-3.57722e+06
3909.7,-3.57657e+06
3909.8,-3.57592e+06
3909.9,-3.57527e+06
3910,-3.57462e+06
3910.1,-3.57397e+06
3910.2,-3.57332e+06
3910.3,-3.57268e+06
3910.4,-3.57203e+06
3910.5,-3.57138e+06
3910.6,-3.57073e+06
3910.7,-3.57008e+06
3910.8,-3.56943e+06
3910.9,-3.56878e+06
3911,-3.56813e+06
3911.1,-3.56748e+06
3911.2,-3.56683e+06
3911.3,-3.56618e+06
3911.4,-3.56553e+06
3911.5,-3.56488e+06
3911.6,-3.56423e+06
3911.7,-3.56358e+06
3911.8,-3.56293e+06
3911.9,-3.56228e+06
3912,-3.56163e+06
3912.1,-3.56098e+06
3912.2,-3.56033e+06
3912.3,-3.55968e+06
3912.4,-3.55903e+06
3912.5,-3.55838e+06
3912.6,-3.55773e+06
3912.7,-3.55708e+06
3912.8,-3.55643e+06
3912.9,-3.55578e+06
3913,-3.55513e+06
3913.1,-3.55448e+06
3913.2,-3.55383e+06
3913.3,-3.55318e+06
3913.4,-3.55253e+06
3913.5,-3.55188e+06
3913.6,-3.55123e+06
3913.7,-3.55058e+06
3913.8,-3.54993e+06
3913.9,-3.54928e+06
3914,-3.54863e+06
3914.1,-3.54798e+06
3914.2,-3.54733e+06
3914.3,-3.54668e+06
3914.4,-3.54603e+06
3914.5,-3.54538e+06
3914.6,-3.54472e+06
3914.7,-3.54407e+06
3914.8,-3.54342e+06
3914.9,-3.54277e+06
3915,-3.54212e+06
3915.1,-3.54147e+06
3915.2,-3.54082e+06
3915.3,-3.54017e+06
3915.4,-3.53952e+06
3915.5,-3.53886e+06
3915.6,-3.53821e+06
3915.7,-3.53756e+06
3915.8,-3.53691e+06
3915.9,-3.53626e+06
3916,-3.53561e+06
3916.1,-3.53496e+06
3916.2,-3.5343e+06
3916.3,-3.53365e+06
3916.4,-3.533e+06
3916.5,-3.53235e+06
3916.6,-3.5317e+06
3916.7,-3.53105e+06
3916.8,-3.53039e+06
3916.9,-3.52974e+06
3917,-3.52909e+06
3917.1,-3.52844e+06
3917.2,-3.52779e+06
3917.3,-3.52713e+06
3917.4,-3.52648e+06
3917.5,-3.52583e+06
3917.6,-3.52518e+06
3917.7,-3.52453e+06
3917.8,-3.52387e+06
3917.9,-3.52322e+06
3918,-3.52257e+06
3918.1,-3.52192e+06
3918.2,-3.52126e+06
3918.3,-3.52061e+06
3918.4,-3.51996e+06
3918.5,-3.51931e+06
3918.6,-3.51865e+06
3918.7,-3.518e+06
3918.8,-3.51735e+06
3918.9,-3.5167e+06
3919,-3.51604e+06
3919.1,-3.51539e+06
3919.2,-3.51474e+06
3919.3,-3.51408e+06
3919.4,-3.51343e+06
3919.5,-3.51278e+06
3919.6,-3.51213e+06
3919.7,-3.51147e+06
3919.8,-3.51082e+06
3919.9,-3.51017e+06
3920,-3.50951e+06
3920.1,-3.50886e+06
3920.2,-3.50821e+06
3920.3,-3.50755e+06
3920.4,-3.5069e+06
3920.5,-3.50625e+06
3920.6,-3.50559e+06
3920.7,-3.50494e+06
3920.8,-3.50429e+06
3920.9,-3.50363e+06
3921,-3.50298e+06
3921.1,-3.50233e+06
3921.2,-3.50167e+06
3921.3,-3.50102e+06
3921.4,-3.50037e+06
3921.5,-3.49971e+06
3921.6,-3.49906e+06
3921.7,-3.4984e+06
3921.8,-3.49775e+06
3921.9,-3.4971e+06
3922,-3.49644e+06
3922.1,-3.49579e+06
3922.2,-3.49513e+06
3922.3,-3.49448e+06
3922.4,-3.49383e+06
3922.5,-3.49317e+06
3922.6,-3.49252e+06
3922.7,-3.49186e+06
3922.8,-3.49121e+06
3922.9,-3.49055e+06
3923,-3.4899e+06
3923.1,-3.48925e+06
3923.2,-3.48859e+06
3923.3,-3.48794e+06
3923.4,-3.48728e+06
3923.5,-3.48663e+06
3923.6,-3.48597e+06
3923.7,-3.48532e+06
3923.8,-3.48466e+06
3923.9,-3.48401e+06
3924,-3.48335e+06
3924.1,-3.4827e+06
3924.2,-3.48204e+06
3924.3,-3.48139e+06
3924.4,-3.48073e+06
3924.5,-3.48008e+06
3924.6,-3.47942e+06
3924.7,-3.47877e+06
3924.8,-3.47811e+06
3924.9,-3.47746e+06
3925,-3.4768e+06
3925.1,-3.47615e+06
3925.2,-3.47549e+06
3925.3,-3.47484e+06
3925.4,-3.47418e+06
3925.5,-3.47353e+06
3925.6,-3.47287e+06
3925.7,-3.47222e+06
3925.8,-3.47156e+06
3925.9,-3.47091e+06
3926,-3.47025e+06
3926.1,-3.46959e+06
3926.2,-3.46894e+06
3926.3,-3.46828e+06
3926.4,-3.46763e+06
3926.5,-3.46697e+06
3926.6,-3.46632e+06
3926.7,-3.46566e+06
3926.8,-3.465e+06
3926.9,-3.46435e+06
3927,-3.46369e+06
3927.1,-3.46304e+06
3927.2,-3.46238e+06
3927.3,-3.46172e+06
3927.4,-3.46107e+06
3927.5,-3.46041e+06
3927.6,-3.45975e+06
3927.7,-3.4591e+06
3927.8,-3.45844e+06
3927.9,-3.45779e+06
3928,-3.45713e+06
3928.1,-3.45647e+06
3928.2,-3.45582e+06
3928.3,-3.45516e+06
3928.4,-3.4545e+06
3928.5,-3.45385e+06
3928.6,-3.45319e+06
3928.7,-3.45253e+06
3928.8,-3.45188e+06
3928.9,-3.45122e+06
3929,-3.45056e+06
3929.1,-3.44991e+06
3929.2,-3.44925e+06
3929.3,-3.44859e+06
3929.4,-3.44793e+06
3929.5,-3.44728e+06
3929.6,-3.44662e+06
3929.7,-3.44596e+06
3929.8,-3.44531e+06
3929.9,-3.44465e+06
3930,-3.44399e+06
3930.1,-3.44333e+06
3930.2,-3.44268e+06
3930.3,-3.44202e+06
3930.4,-3.44136e+06
3930.5,-3.4407e+06
3930.6,-3.44005e+06
3930.7,-3.43939e+06
3930.8,-3.43873e+06
3930.9,-3.43807e+06
3931,-3.43742e+06
3931.1,-3.43676e+06
3931.2,-3.4361e+06
3931.3,-3.43544e+06
3931.4,-3.43479e+06
3931.5,-3.43413e+06
3931.6,-3.43347e+06
3931.7,-3.43281e+06
3931.8,-3.43215e+06
3931.9,-3.4315e+06
3932,-3.43084e+06
3932.1,-3.43018e+06
3932.2,-3.42952e+06
3932.3,-3.42886e+06
3932.4,-3.42821e+06
3932.5,-3.42755e+06
3932.6,-3.42689e+06
3932.7,-3.42623e+06
3932.8,-3.42557e+06
3932.9,-3.42491e+06
3933,-3.42426e+06
3933.1,-3.4236e+06
3933.2,-3.42294e+06
3933.3,-3.42228e+06
3933.4,-3.42162e+06
3933.5,-3.42096e+06
3933.6,-3.4203e+06
3933.7,-3.41964e+06
3933.8,-3.41899e+06
3933.9,-3.41833e+06
3934,-3.41767e+06
3934.1,-3.41701e+06
3934.2,-3.41635e+06
3934.3,-3.41569e+06
3934.4,-3.41503e+06
3934.5,-3.41437e+06
3934.6,-3.41371e+06
3934.7,-3.41306e+06
3934.8,-3.4124e+06
3934.9,-3.41174e+06
3935,-3.41108e+06
3935.1,-3.41042e+06
3935.2,-3.40976e+06
3935.3,-3.4091e+06
3935.4,-3.40844e+06
3935.5,-3.40778e+06
3935.6,-3.40712e+06
3935.7,-3.40646e+06
3935.8,-3.4058e+06
3935.9,-3.40514e+06
3936,-3.40448e+06
3936.1,-3.40382e+06
3936.2,-3.40316e+06
3936.3,-3.4025e+06
3936.4,-3.40184e+06
3936.5,-3.40118e+06
3936.6,-3.40052e+06
3936.7,-3.39986e+06
3936.8,-3.3992e+06
3936.9,-3.39854e+06
3937,-3.39788e+06
3937.1,-3.39722e+06
3937.2,-3.39656e+06
3937.3,-3.3959e+06
3937.4,-3.39524e+06
3937.5,-3.39458e+06
3937.6,-3.39392e+06
3937.7,-3.39326e+06
3937.8,-3.3926e+06
3937.9,-3.39194e+06
3938,-3.39128e+06
3938.1,-3.39062e+06
3938.2,-3.38996e+06
3938.3,-3.3893e+06
3938.4,-3.38864e+06
3938.5,-3.38798e+06
3938.6,-3.38732e+06
3938.7,-3.38666e+06
3938.8,-3.386e+06
3938.9,-3.38534e+06
3939,-3.38467e+06
3939.1,-3.38401e+06
3939.2,-3.38335e+06
3939.3,-3.38269e+06
3939.4,-3.38203e+06
3939.5,-3.38137e+06
3939.6,-3.38071e+06
3939.7,-3.38005e+06
3939.8,-3.37939e+06
3939.9,-3.37872e+06
3940,-3.37806e+06
3940.1,-3.3774e+06
3940.2,-3.37674e+06
3940.3,-3.37608e+06
3940.4,-3.37542e+06
3940.5,-3.37476e+06
3940.6,-3.37409e+06
3940.7,-3.37343e+06
3940.8,-3.37277e+06
3940.9,-3.37211e+06
3941,-3.37145e+06
3941.1,-3.37079e+06
3941.2,-3.37012e+06
3941.3,-3.36946e+06
3941.4,-3.3688e+06
3941.5,-3.36814e+06
3941.6,-3.36748e+06
3941.7,-3.36682e+06
3941.8,-3.36615e+06
3941.9,-3.36549e+06
3942,-3.36483e+06
3942.1,-3.36417e+06
3942.2,-3.36351e+06
3942.3,-3.36284e+06
3942.4,-3.36218e+06
3942.5,-3.36152e+06
3942.6,-3.36086e+06
3942.7,-3.36019e+06
3942.8,-3.35953e+06
3942.9,-3.35887e+06
3943,-3.35821e+06
3943.1,-3.35754e+06
3943.2,-3.35688e+06
3943.3,-3.35622e+06
3943.4,-3.35556e+06
3943.5,-3.35489e+06
3943.6,-3.35423e+06
3943.7,-3.35357e+06
3943.8,-3.35291e+06
3943.9,-3.35224e+06
3944,-3.35158e+06
3944.1,-3.35092e+06
3944.2,-3.35025e+06
3944.3,-3.34959e+06
3944.4,-3.34893e+06
3944.5,-3.34827e+06
3944.6,-3.3476e+06
3944.7,-3.34694e+06
3944.8,-3.34628e+06
3944.9,-3.34561e+06
3945,-3.34495e+06
3945.1,-3.34429e+06
3945.2,-3.34362e+06
3945.3,-3.34296e+06
3945.4,-3.3423e+06
3945.5,-3.34163e+06
3945.6,-3.34097e+06
3945.7,-3.34031e+06
3945.8,-3.33964e+06
3945.9,-3.33898e+06
3946,-3.33831e+06
3946.1,-3.33765e+06
3946.2,-3.33699e+06
3946.3,-3.33632e+06
3946.4,-3.33566e+06
3946.5,-3.335e+06
3946.6,-3.33433e+06
3946.7,-3.33367e+06
3946.8,-3.333e+06
3946.9,-3.33234e+06
3947,-3.33168e+06
3947.1,-3.33101e+06
3947.2,-3.33035e+06
3947.3,-3.32968e+06
3947.4,-3.32902e+06
3947.5,-3.32836e+06
3947.6,-3.32769e+06
3947.7,-3.32703e+06
3947.8,-3.32636e+06
3947.9,-3.3257e+06
3948,-3.32503e+06
3948.1,-3.32437e+06
3948.2,-3.3237e+06
3948.3,-3.32304e+06
3948.4,-3.32238e+06
3948.5,-3.32171e+06
3948.6,-3.32105e+06
3948.7,-3.32038e+06
3948.8,-3.31972e+06
3948.9,-3.31905e+06
3949,-3.31839e+06
3949.1,-3.31772e+06
3949.2,-3.31706e+06
3949.3,-3.31639e+06
3949.4,-3.31573e+06
3949.5,-3.31506e+06
3949.6,-3.3144e+06
3949.7,-3.31373e+06
3949.8,-3.31307e+06
3949.9,-3.3124e+06
3950,-3.31174e+06
3950.1,-3.31107e+06
3950.2,-3.31041e+06
3950.3,-3.30974e+06
3950.4,-3.30908e+06
3950.5,-3.30841e+06
3950.6,-3.30774e+06
3950.7,-3.30708e+06
3950.8,-3.30641e+06
3950.9,-3.30575e+06
3951,-3.30508e+06
3951.1,-3.30442e+06
3951.2,-3.30375e+06
3951.3,-3.30309e+06
3951.4,-3.30242e+06
3951.5,-3.30175e+06
3951.6,-3.30109e+06
3951.7,-3.30042e+06
3951.8,-3.29976e+06
3951.9,-3.29909e+06
3952,-3.29842e+06
3952.1,-3.29776e+06
3952.2,-3.29709e+06
3952.3,-3.29643e+06
3952.4,-3.29576e+06
3952.5,-3.29509e+06
3952.6,-3.29443e+06
3952.7,-3.29376e+06
3952.8,-3.29309e+06
3952.9,-3.29243e+06
3953,-3.29176e+06
3953.1,-3.2911e+06
3953.2,-3.29043e+06
3953.3,-3.28976e+06
3953.4,-3.2891e+06
3953.5,-3.28843e+06
3953.6,-3.28776e+06
3953.7,-3.2871e+06
3953.8,-3.28643e+06
3953.9,-3.28576e+06
3954,-3.2851e+06
3954.1,-3.28443e+06
3954.2,-3.28376e+06
3954.3,-3.2831e+06
3954.4,-3.28243e+06
3954.5,-3.28176e+06
3954.6,-3.28109e+06
3954.7,-3.28043e+06
3954.8,-3.27976e+06
3954.9,-3.27909e+06
3955,-3.27843e+06
3955.1,-3.27776e+06
3955.2,-3.27709e+06
3955.3,-3.27642e+06
3955.4,-3.27576e+06
3955.5,-3.27509e+06
3955.6,-3.27442e+06
3955.7,-3.27376e+06
3955.8,-3.27309e+06
3955.9,-3.27242e+06
3956,-3.27175e+06
3956.1,-3.27108e+06
3956.2,-3.27042e+06
3956.3,-3.26975e+06
3956.4,-3.26908e+06
3956.5,-3.26841e+06
3956.6,-3.26775e+06
3956.7,-3.26708e+06
3956.8,-3.26641e+06
3956.9,-3.26574e+06
3957,-3.26508e+06
3957.1,-3.26441e+06
3957.2,-3.26374e+06
3957.3,-3.26307e+06
3957.4,-3.2624e+06
3957.5,-3.26174e+06
3957.6,-3.26107e+06
3957.7,-3.2604e+06
3957.8,-3.25973e+06
3957.9,-3.25906e+06
3958,-3.25839e+06
3958.1,-3.25773e+06
3958.2,-3.25706e+06
3958.3,-3.25639e+06
3958.4,-3.25572e+06
3958.5,-3.25505e+06
3958.6,-3.25438e+06
3958.7,-3.25371e+06
3958.8,-3.25305e+06
3958.9,-3.25238e+06
3959,-3.25171e+06
3959.1,-3.25104e+06
3959.2,-3.25037e+06
3959.3,-3.2497e+06
3959.4,-3.24903e+06
3959.5,-3.24836e+06
3959.6,-3.2477e+06
3959.7,-3.24703e+06
3959.8,-3.24636e+06
3959.9,-3.24569e+06
3960,-3.24502e+06
3960.1,-3.24435e+06
3960.2,-3.24368e+06
3960.3,-3.24301e+06
3960.4,-3.24234e+06
3960.5,-3.24167e+06
3960.6,-3.241e+06
3960.7,-3.24034e+06
3960.8,-3.23967e+06
3960.9,-3.239e+06
3961,-3.23833e+06
3961.1,-3.23766e+06
3961.2,-3.23699e+06
3961.3,-3.23632e+06
3961.4,-3.23565e+06
3961.5,-3.23498e+06
3961.6,-3.23431e+06
3961.7,-3.23364e+06
3961.8,-3.23297e+06
3961.9,-3.2323e+06
3962,-3.23163e+06
3962.1,-3.23096e+06
3962.2,-3.23029e+06
3962.3,-3.22962e+06
3962.4,-3.22895e+06
3962.5,-3.22828e+06
3962.6,-3.22761e+06
3962.7,-3.22694e+06
3962.8,-3.22627e+06
3962.9,-3.2256e+06
3963,-3.22493e+06
3963.1,-3.22426e+06
3963.2,-3.22359e+06
3963.3,-3.22292e+06
3963.4,-3.22225e+06
3963.5,-3.22158e+06
3963.6,-3.22091e+06
3963.7,-3.22024e+06
3963.8,-3.21957e+06
3963.9,-3.2189e+06
3964,-3.21822e+06
3964.1,-3.21755e+06
3964.2,-3.21688e+06
3964.3,-3.21621e+06
3964.4,-3.21554e+06
3964.5,-3.21487e+06
3964.6,-3.2142e+06
3964.7,-3.21353e+06
3964.8,-3.21286e+06
3964.9,-3.21219e+06
3965,-3.21152e+06
3965.1,-3.21085e+06
3965.2,-3.21017e+06
3965.3,-3.2095e+06
3965.4,-3.20883e+06
3965.5,-3.20816e+06
3965.6,-3.20749e+06
3965.7,-3.20682e+06
3965.8,-3.20615e+06
3965.9,-3.20548e+06
3966,-3.2048e+06
3966.1,-3.20413e+06
3966.2,-3.20346e+06
3966.3,-3.20279e+06
3966.4,-3.20212e+06
3966.5,-3.20145e+06
3966.6,-3.20078e+06
3966.7,-3.2001e+06
3966.8,-3.19943e+06
3966.9,-3.19876e+06
3967,-3.19809e+06
3967.1,-3.19742e+06
3967.2,-3.19675e+06
3967.3,-3.19607e+06
3967.4,-3.1954e+06
3967.5,-3.19473e+06
3967.6,-3.19406e+06
3967.7,-3.19339e+06
3967.8,-3.19271e+06
3967.9,-3.19204e+06
3968,-3.19137e+06
3968.1,-3.1907e+06
3968.2,-3.19003e+06
3968.3,-3.18935e+06
3968.4,-3.18868e+06
3968.5,-3.18801e+06
3968.6,-3.18734e+06
3968.7,-3.18666e+06
3968.8,-3.18599e+06
3968.9,-3.18532e+06
3969,-3.18465e+06
3969.1,-3.18397e+06
3969.2,-3.1833e+06
3969.3,-3.18263e+06
3969.4,-3.18196e+06
3969.5,-3.18128e+06
3969.6,-3.18061e+06
3969.7,-3.17994e+06
3969.8,-3.17926e+06
3969.9,-3.17859e+06
3970,-3.17792e+06
3970.1,-3.17725e+06
3970.2,-3.17657e+06
3970.3,-3.1759e+06
3970.4,-3.17523e+06
3970.5,-3.17455e+06
3970.6,-3.17388e+06
3970.7,-3.17321e+06
3970.8,-3.17254e+06
3970.9,-3.17186e+06
3971,-3.17119e+06
3971.1,-3.17052e+06
3971.2,-3.16984e+06
3971.3,-3.16917e+06
3971.4,-3.1685e+06
3971.5,-3.16782e+06
3971.6,-3.16715e+06
3971.7,-3.16647e+06
3971.8,-3.1658e+06
3971.9,-3.16513e+06
3972,-3.16445e+06
3972.1,-3.16378e+06
3972.2,-3.16311e+06
3972.3,-3.16243e+06
3972.4,-3.16176e+06
3972.5,-3.16109e+06
3972.6,-3.16041e+06
3972.7,-3.15974e+06
3972.8,-3.15906e+06
3972.9,-3.15839e+06
3973,-3.15772e+06
3973.1,-3.15704e+06
3973.2,-3.15637e+06
3973.3,-3.15569e+06
3973.4,-3.15502e+06
3973.5,-3.15435e+06
3973.6,-3.15367e+06
3973.7,-3.153e+06
3973.8,-3.15232e+06
3973.9,-3.15165e+06
3974,-3.15097e+06
3974.1,-3.1503e+06
3974.2,-3.14962e+06
3974.3,-3.14895e+06
3974.4,-3.14828e+06
3974.5,-3.1476e+06
3974.6,-3.14693e+06
3974.7,-3.14625e+06
3974.8,-3.14558e+06
3974.9,-3.1449e+06
3975,-3.14423e+06
3975.1,-3.14355e+06
3975.2,-3.14288e+06
3975.3,-3.1422e+06
3975.4,-3.14153e+06
3975.5,-3.14085e+06
3975.6,-3.14018e+06
3975.7,-3.1395e+06
3975.8,-3.13883e+06
3975.9,-3.13815e+06
3976,-3.13748e+06
3976.1,-3.1368e+06
3976.2,-3.13613e+06
3976.3,-3.13545e+06
3976.4,-3.13478e+06
3976.5,-3.1341e+06
3976.6,-3.13343e+06
3976.7,-3.13275e+06
3976.8,-3.13208e+06
3976.9,-3.1314e+06
3977,-3.13073e+06
3977.1,-3.13005e+06
3977.2,-3.12937e+06
3977.3,-3.1287e+06
3977.4,-3.12802e+06
3977.5,-3.12735e+06
3977.6,-3.12667e+06
3977.7,-3.126e+06
3977.8,-3.12532e+06
3977.9,-3.12464e+06
3978,-3.12397e+06
3978.1,-3.12329e+06
3978.2,-3.12262e+06
3978.3,-3.12194e+06
3978.4,-3.12127e+06
3978.5,-3.12059e+06
3978.6,-3.11991e+06
3978.7,-3.11924e+06
3978.8,-3.11856e+06
3978.9,-3.11788e+06
3979,-3.11721e+06
3979.1,-3.11653e+06
3979.2,-3.11586e+06
3979.3,-3.11518e+06
3979.4,-3.1145e+06
3979.5,-3.11383e+06
3979.6,-3.11315e+06
3979.7,-3.11247e+06
3979.8,-3.1118e+06
3979.9,-3.11112e+06
3980,-3.11044e+06
3980.1,-3.10977e+06
3980.2,-3.10909e+06
3980.3,-3.10841e+06
3980.4,-3.10774e+06
3980.5,-3.10706e+06
3980.6,-3.10638e+06
3980.7,-3.10571e+06
3980.8,-3.10503e+06
3980.9,-3.10435e+06
3981,-3.10368e+06
3981.1,-3.103e+06
3981.2,-3.10232e+06
3981.3,-3.10165e+06
3981.4,-3.10097e+06
3981.5,-3.10029e+06
3981.6,-3.09961e+06
3981.7,-3.09894e+06
3981.8,-3.09826e+06
3981.9,-3.09758e+06
3982,-3.09691e+06
3982.1,-3.09623e+06
3982.2,-3.09555e+06
3982.3,-3.09487e+06
3982.4,-3.0942e+06
3982.5,-3.09352e+06
3982.6,-3.09284e+06
3982.7,-3.09216e+06
3982.8,-3.09149e+06
3982.9,-3.09081e+06
3983,-3.09013e+06
3983.1,-3.08945e+06
3983.2,-3.08877e+06
3983.3,-3.0881e+06
3983.4,-3.08742e+06
3983.5,-3.08674e+06
3983.6,-3.08606e+06
3983.7,-3.08539e+06
3983.8,-3.08471e+06
3983.9,-3.08403e+06
3984,-3.08335e+06
3984.1,-3.08267e+06
3984.2,-3.082e+06
3984.3,-3.08132e+06
3984.4,-3.08064e+06
3984.5,-3.07996e+06
3984.6,-3.07928e+06
3984.7,-3.0786e+06
3984.8,-3.07793e+06
3984.9,-3.07725e+06
3985,-3.07657e+06
3985.1,-3.07589e+06
3985.2,-3.07521e+06
3985.3,-3.07453e+06
3985.4,-3.07386e+06
3985.5,-3.07318e+06
3985.6,-3.0725e+06
3985.7,-3.07182e+06
3985.8,-3.07114e+06
3985.9,-3.07046e+06
3986,-3.06978e+06
3986.1,-3.0691e+06
3986.2,-3.06843e+06
3986.3,-3.06775e+06
3986.4,-3.06707e+06
3986.5,-3.06639e+06
3986.6,-3.06571e+06
3986.7,-3.06503e+06
3986.8,-3.06435e+06
3986.9,-3.06367e+06
3987,-3.06299e+06
3987.1,-3.06231e+06
3987.2,-3.06164e+06
3987.3,-3.06096e+06
3987.4,-3.06028e+06
3987.5,-3.0596e+06
3987.6,-3.05892e+06
3987.7,-3.05824e+06
3987.8,-3.05756e+06
3987.9,-3.05688e+06
3988,-3.0562e+06
3988.1,-3.05552e+06
3988.2,-3.05484e+06
3988.3,-3.05416e+06
3988.4,-3.05348e+06
3988.5,-3.0528e+06
3988.6,-3.05212e+06
3988.7,-3.05144e+06
3988.8,-3.05076e+06
3988.9,-3.05008e+06
3989,-3.0494e+06
3989.1,-3.04872e+06
3989.2,-3.04804e+06
3989.3,-3.04736e+06
3989.4,-3.04668e+06
3989.5,-3.046e+06
3989.6,-3.04532e+06
3989.7,-3.04464e+06
3989.8,-3.04396e+06
3989.9,-3.04328e+06
3990,-3.0426e+06
3990.1,-3.04192e+06
3990.2,-3.04124e+06
3990.3,-3.04056e+06
3990.4,-3.03988e+06
3990.5,-3.0392e+06
3990.6,-3.03852e+06
3990.7,-3.03784e+06
3990.8,-3.03716e+06
3990.9,-3.03648e+06
3991,-3.0358e+06
3991.1,-3.03512e+06
3991.2,-3.03444e+06
3991.3,-3.03376e+06
3991.4,-3.03308e+06
3991.5,-3.0324e+06
3991.6,-3.03171e+06
3991.7,-3.03103e+06
3991.8,-3.03035e+06
3991.9,-3.02967e+06
3992,-3.02899e+06
3992.1,-3.02831e+06
3992.2,-3.02763e+06
3992.3,-3.02695e+06
3992.4,-3.02627e+06
3992.5,-3.02559e+06
3992.6,-3.0249e+06
3992.7,-3.02422e+06
3992.8,-3.02354e+06
3992.9,-3.02286e+06
3993,-3.02218e+06
3993.1,-3.0215e+06
3993.2,-3.02082e+06
3993.3,-3.02014e+06
3993.4,-3.01945e+06
3993.5,-3.01877e+06
3993.6,-3.01809e+06
3993.7,-3.01741e+06
3993.8,-3.01673e+06
3993.9,-3.01605e+06
3994,-3.01536e+06
3994.1,-3.01468e+06
3994.2,-3.014e+06
3994.3,-3.01332e+06
3994.4,-3.01264e+06
3994.5,-3.01196e+06
3994.6,-3.01127e+06
3994.7,-3.01059e+06
3994.8,-3.00991e+06
3994.9,-3.00923e+06
3995,-3.00855e+06
3995.1,-3.00786e+06
3995.2,-3.00718e+06
3995.3,-3.0065e+06
3995.4,-3.00582e+06
3995.5,-3.00514e+06
3995.6,-3.00445e+06
3995.7,-3.00377e+06
3995.8,-3.00309e+06
3995.9,-3.00241e+06
3996,-3.00172e+06
3996.1,-3.00104e+06
3996.2,-3.00036e+06
3996.3,-2.99968e+06
3996.4,-2.99899e+06
3996.5,-2.99831e+06
3996.6,-2.99763e+06
3996.7,-2.99695e+06
3996.8,-2.99626e+06
3996.9,-2.99558e+06
3997,-2.9949e+06
3997.1,-2.99422e+06
3997.2,-2.99353e+06
3997.3,-2.99285e+06
3997.4,-2.99217e+06
3997.5,-2.99148e+06
3997.6,-2.9908e+06
3997.7,-2.99012e+06
3997.8,-2.98944e+06
3997.9,-2.98875e+06
3998,-2.98807e+06
3998.1,-2.98739e+06
3998.2,-2.9867e+06
3998.3,-2.98602e+06
3998.4,-2.98534e+06
3998.5,-2.98465e+06
3998.6,-2.98397e+06
3998.7,-2.98329e+06
3998.8,-2.9826e+06
3998.9,-2.98192e+06
3999,-2.98124e+06
3999.1,-2.98055e+06
3999.2,-2.97987e+06
3999.3,-2.97919e+06
3999.4,-2.9785e+06
3999.5,-2.97782e+06
3999.6,-2.97714e+06
3999.7,-2.97645e+06
3999.8,-2.97577e+06
3999.9,-2.97509e+06
4000,-2.9744e+06
4000.1,-2.97372e+06
4000.2,-2.97303e+06
4000.3,-2.97235e+06
4000.4,-2.97167e+06
4000.5,-2.97098e+06
4000.6,-2.9703e+06
4000.7,-2.96961e+06
4000.8,-2.96893e+06
4000.9,-2.96825e+06
4001,-2.96756e+06
4001.1,-2.96688e+06
4001.2,-2.96619e+06
4001.3,-2.96551e+06
4001.4,-2.96483e+06
4001.5,-2.96414e+06
4001.6,-2.96346e+06
4001.7,-2.96277e+06
4001.8,-2.96209e+06
4001.9,-2.9614e+06
4002,-2.96072e+06
4002.1,-2.96003e+06
4002.2,-2.95935e+06
4002.3,-2.95867e+06
4002.4,-2.95798e+06
4002.5,-2.9573e+06
4002.6,-2.95661e+06
4002.7,-2.95593e+06
4002.8,-2.95524e+06
4002.9,-2.95456e+06
4003,-2.95387e+06
4003.1,-2.95319e+06
4003.2,-2.9525e+06
4003.3,-2.95182e+06
4003.4,-2.95113e+06
4003.5,-2.95045e+06
4003.6,-2.94976e+06
4003.7,-2.94908e+06
4003.8,-2.94839e+06
4003.9,-2.94771e+06
4004,-2.94702e+06
4004.1,-2.94634e+06
4004.2,-2.94565e+06
4004.3,-2.94497e+06
4004.4,-2.94428e+06
4004.5,-2.9436e+06
4004.6,-2.94291e+06
4004.7,-2.94223e+06
4004.8,-2.94154e+06
4004.9,-2.94085e+06
4005,-2.94017e+06
4005.1,-2.93948e+06
4005.2,-2.9388e+06
4005.3,-2.93811e+06
4005.4,-2.93743e+06
4005.5,-2.93674e+06
4005.6,-2.93606e+06
4005.7,-2.93537e+06
4005.8,-2.93468e+06
4005.9,-2.934e+06
4006,-2.93331e+06
4006.1,-2.93263e+06
4006.2,-2.93194e+06
4006.3,-2.93125e+06
4006.4,-2.93057e+06
4006.5,-2.92988e+06
4006.6,-2.9292e+06
4006.7,-2.92851e+06
4006.8,-2.92782e+06
4006.9,-2.92714e+06
4007,-2.92645e+06
4007.1,-2.92577e+06
4007.2,-2.92508e+06
4007.3,-2.92439e+06
4007.4,-2.92371e+06
4007.5,-2.92302e+06
4007.6,-2.92233e+06
4007.7,-2.92165e+06
4007.8,-2.92096e+06
4007.9,-2.92027e+06
4008,-2.91959e+06
4008.1,-2.9189e+06
4008.2,-2.91821e+06
4008.3,-2.91753e+06
4008.4,-2.91684e+06
4008.5,-2.91615e+06
4008.6,-2.91547e+06
4008.7,-2.91478e+06
4008.8,-2.91409e+06
4008.9,-2.91341e+06
4009,-2.91272e+06
4009.1,-2.91203e+06
4009.2,-2.91135e+06
4009.3,-2.91066e+06
4009.4,-2.90997e+06
4009.5,-2.90929e+06
4009.6,-2.9086e+06
4009.7,-2.90791e+06
4009.8,-2.90722e+06
4009.9,-2.90654e+06
4010,-2.90585e+06
4010.1,-2.90516e+06
4010.2,-2.90448e+06
4010.3,-2.90379e+06
4010.4,-2.9031e+06
4010.5,-2.90241e+06
4010.6,-2.90173e+06
4010.7,-2.90104e+06
4010.8,-2.90035e+06
4010.9,-2.89966e+06
4011,-2.89898e+06
4011.1,-2.89829e+06
4011.2,-2.8976e+06
4011.3,-2.89691e+06
4011.4,-2.89622e+06
4011.5,-2.89554e+06
4011.6,-2.89485e+06
4011.7,-2.89416e+06
4011.8,-2.89347e+06
4011.9,-2.89279e+06
4012,-2.8921e+06
4012.1,-2.89141e+06
4012.2,-2.89072e+06
4012.3,-2.89003e+06
4012.4,-2.88935e+06
4012.5,-2.88866e+06
4012.6,-2.88797e+06
4012.7,-2.88728e+06
4012.8,-2.88659e+06
4012.9,-2.88591e+06
4013,-2.88522e+06
4013.1,-2.88453e+06
4013.2,-2.88384e+06
4013.3,-2.88315e+06
4013.4,-2.88246e+06
4013.5,-2.88178e+06
4013.6,-2.88109e+06
4013.7,-2.8804e+06
4013.8,-2.87971e+06
4013.9,-2.87902e+06
4014,-2.87833e+06
4014.1,-2.87764e+06
4014.2,-2.87696e+06
4014.3,-2.87627e+06
4014.4,-2.87558e+06
4014.5,-2.87489e+06
4014.6,-2.8742e+06
4014.7,-2.87351e+06
4014.8,-2.87282e+06
4014.9,-2.87213e+06
4015,-2.87144e+06
4015.1,-2.87076e+06
4015.2,-2.87007e+06
4015.3,-2.86938e+06
4015.4,-2.86869e+06
4015.5,-2.868e+06
4015.6,-2.86731e+06
4015.7,-2.86662e+06
4015.8,-2.86593e+06
4015.9,-2.86524e+06
4016,-2.86455e+06
4016.1,-2.86386e+06
4016.2,-2.86318e+06
4016.3,-2.86249e+06
4016.4,-2.8618e+06
4016.5,-2.86111e+06
4016.6,-2.86042e+06
4016.7,-2.85973e+06
4016.8,-2.85904e+06
4016.9,-2.85835e+06
4017,-2.85766e+06
4017.1,-2.85697e+06
4017.2,-2.85628e+06
4017.3,-2.85559e+06
4017.4,-2.8549e+06
4017.5,-2.85421e+06
4017.6,-2.85352e+06
4017.7,-2.85283e+06
4017.8,-2.85214e+06
4017.9,-2.85145e+06
4018,-2.85076e+06
4018.1,-2.85007e+06
4018.2,-2.84938e+06
4018.3,-2.84869e+06
4018.4,-2.848e+06
4018.5,-2.84731e+06
4018.6,-2.84662e+06
4018.7,-2.84593e+06
4018.8,-2.84524e+06
4018.9,-2.84455e+06
4019,-2.84386e+06
4019.1,-2.84317e+06
4019.2,-2.84248e+06
4019.3,-2.84179e+06
4019.4,-2.8411e+06
4019.5,-2.84041e+06
4019.6,-2.83972e+06
4019.7,-2.83903e+06
4019.8,-2.83834e+06
4019.9,-2.83765e+06
4020,-2.83696e+06
4020.1,-2.83626e+06
4020.2,-2.83557e+06
4020.3,-2.83488e+06
4020.4,-2.83419e+06
4020.5,-2.8335e+06
4020.6,-2.83281e+06
4020.7,-2.83212e+06
4020.8,-2.83143e+06
4020.9,-2.83074e+06
4021,-2.83005e+06
4021.1,-2.82936e+06
4021.2,-2.82866e+06
4021.3,-2.82797e+06
4021.4,-2.82728e+06
4021.5,-2.82659e+06
4021.6,-2.8259e+06
4021.7,-2.82521e+06
4021.8,-2.82452e+06
4021.9,-2.82383e+06
4022,-2.82314e+06
4022.1,-2.82244e+06
4022.2,-2.82175e+06
4022.3,-2.82106e+06
4022.4,-2.82037e+06
4022.5,-2.81968e+06
4022.6,-2.81899e+06
4022.7,-2.8183e+06
4022.8,-2.8176e+06
4022.9,-2.81691e+06
4023,-2.81622e+06
4023.1,-2.81553e+06
4023.2,-2.81484e+06
4023.3,-2.81415e+06
4023.4,-2.81345e+06
4023.5,-2.81276e+06
4023.6,-2.81207e+06
4023.7,-2.81138e+06
4023.8,-2.81069e+06
4023.9,-2.81e+06
4024,-2.8093e+06
4024.1,-2.80861e+06
4024.2,-2.80792e+06
4024.3,-2.80723e+06
4024.4,-2.80654e+06
4024.5,-2.80584e+06
4024.6,-2.80515e+06
4024.7,-2.80446e+06
4024.8,-2.80377e+06
4024.9,-2.80307e+06
4025,-2.80238e+06
4025.1,-2.80169e+06
4025.2,-2.801e+06
4025.3,-2.8003e+06
4025.4,-2.79961e+06
4025.5,-2.79892e+06
4025.6,-2.79823e+06
4025.7,-2.79753e+06
4025.8,-2.79684e+06
4025.9,-2.79615e+06
4026,-2.79546e+06
4026.1,-2.79476e+06
4026.2,-2.79407e+06
4026.3,-2.79338e+06
4026.4,-2.79269e+06
4026.5,-2.79199e+06
4026.6,-2.7913e+06
4026.7,-2.79061e+06
4026.8,-2.78992e+06
4026.9,-2.78922e+06
4027,-2.78853e+06
4027.1,-2.78784e+06
4027.2,-2.78714e+06
4027.3,-2.78645e+06
4027.4,-2.78576e+06
4027.5,-2.78506e+06
4027.6,-2.78437e+06
4027.7,-2.78368e+06
4027.8,-2.78298e+06
4027.9,-2.78229e+06
4028,-2.7816e+06
4028.1,-2.7809e+06
4028.2,-2.78021e+06
4028.3,-2.77952e+06
4028.4,-2.77882e+06
4028.5,-2.77813e+06
4028.6,-2.77744e+06
4028.7,-2.77674e+06
4028.8,-2.77605e+06
4028.9,-2.77536e+06
4029,-2.77466e+06
4029.1,-2.77397e+06
4029.2,-2.77328e+06
4029.3,-2.77258e+06
4029.4,-2.77189e+06
4029.5,-2.7712e+06
4029.6,-2.7705e+06
4029.7,-2.76981e+06
4029.8,-2.76911e+06
4029.9,-2.76842e+06
4030,-2.76773e+06
4030.1,-2.76703e+06
4030.2,-2.76634e+06
4030.3,-2.76564e+06
4030.4,-2.76495e+06
4030.5,-2.76426e+06
4030.6,-2.76356e+06
4030.7,-2.76287e+06
4030.8,-2.76217e+06
4030.9,-2.76148e+06
4031,-2.76078e+06
4031.1,-2.76009e+06
4031.2,-2.7594e+06
4031.3,-2.7587e+06
4031.4,-2.75801e+06
4031.5,-2.75731e+06
4031.6,-2.75662e+06
4031.7,-2.75592e+06
4031.8,-2.75523e+06
4031.9,-2.75454e+06
4032,-2.75384e+06
4032.1,-2.75315e+06
4032.2,-2.75245e+06
4032.3,-2.75176e+06
4032.4,-2.75106e+06
4032.5,-2.75037e+06
4032.6,-2.74967e+06
4032.7,-2.74898e+06
4032.8,-2.74828e+06
4032.9,-2.74759e+06
4033,-2.74689e+06
4033.1,-2.7462e+06
4033.2,-2.7455e+06
4033.3,-2.74481e+06
4033.4,-2.74411e+06
4033.5,-2.74342e+06
4033.6,-2.74272e+06
4033.7,-2.74203e+06
4033.8,-2.74133e+06
4033.9,-2.74064e+06
4034,-2.73994e+06
4034.1,-2.73925e+06
4034.2,-2.73855e+06
4034.3,-2.73786e+06
4034.4,-2.73716e+06
4034.5,-2.73647e+06
4034.6,-2.73577e+06
4034.7,-2.73507e+06
4034.8,-2.73438e+06
4034.9,-2.73368e+06
4035,-2.73299e+06
4035.1,-2.73229e+06
4035.2,-2.7316e+06
4035.3,-2.7309e+06
4035.4,-2.73021e+06
4035.5,-2.72951e+06
4035.6,-2.72881e+06
4035.7,-2.72812e+06
4035.8,-2.72742e+06
4035.9,-2.72673e+06
4036,-2.72603e+06
4036.1,-2.72534e+06
4036.2,-2.72464e+06
4036.3,-2.72394e+06
4036.4,-2.72325e+06
4036.5,-2.72255e+06
4036.6,-2.72186e+06
4036.7,-2.72116e+06
4036.8,-2.72046e+06
4036.9,-2.71977e+06
4037,-2.71907e+06
4037.1,-2.71837e+06
4037.2,-2.71768e+06
4037.3,-2.71698e+06
4037.4,-2.71629e+06
4037.5,-2.71559e+06
4037.6,-2.71489e+06
4037.7,-2.7142e+06
4037.8,-2.7135e+06
4037.9,-2.7128e+06
4038,-2.71211e+06
4038.1,-2.71141e+06
4038.2,-2.71071e+06
4038.3,-2.71002e+06
4038.4,-2.70932e+06
4038.5,-2.70862e+06
4038.6,-2.70793e+06
4038.7,-2.70723e+06
4038.8,-2.70653e+06
4038.9,-2.70584e+06
4039,-2.70514e+06
4039.1,-2.70444e+06
4039.2,-2.70375e+06
4039.3,-2.70305e+06
4039.4,-2.70235e+06
4039.5,-2.70166e+06
4039.6,-2.70096e+06
4039.7,-2.70026e+06
4039.8,-2.69956e+06
4039.9,-2.69887e+06
4040,-2.69817e+06
4040.1,-2.69747e+06
4040.2,-2.69678e+06
4040.3,-2.69608e+06
4040.4,-2.69538e+06
4040.5,-2.69468e+06
4040.6,-2.69399e+06
4040.7,-2.69329e+06
4040.8,-2.69259e+06
4040.9,-2.69189e+06
4041,-2.6912e+06
4041.1,-2.6905e+06
4041.2,-2.6898e+06
4041.3,-2.6891e+06
4041.4,-2.68841e+06
4041.5,-2.68771e+06
4041.6,-2.68701e+06
4041.7,-2.68631e+06
4041.8,-2.68562e+06
4041.9,-2.68492e+06
4042,-2.68422e+06
4042.1,-2.68352e+06
4042.2,-2.68283e+06
4042.3,-2.68213e+06
4042.4,-2.68143e+06
4042.5,-2.68073e+06
4042.6,-2.68003e+06
4042.7,-2.67934e+06
4042.8,-2.67864e+06
4042.9,-2.67794e+06
4043,-2.67724e+06
4043.1,-2.67654e+06
4043.2,-2.67584e+06
4043.3,-2.67515e+06
4043.4,-2.67445e+06
4043.5,-2.67375e+06
4043.6,-2.67305e+06
4043.7,-2.67235e+06
4043.8,-2.67166e+06
4043.9,-2.67096e+06
4044,-2.67026e+06
4044.1,-2.66956e+06
4044.2,-2.66886e+06
4044.3,-2.66816e+06
4044.4,-2.66746e+06
4044.5,-2.66677e+06
4044.6,-2.66607e+06
4044.7,-2.66537e+06
4044.8,-2.66467e+06
4044.9,-2.66397e+06
4045,-2.66327e+06
4045.1,-2.66257e+06
4045.2,-2.66187e+06
4045.3,-2.66118e+06
4045.4,-2.66048e+06
4045.5,-2.65978e+06
4045.6,-2.65908e+06
4045.7,-2.65838e+06
4045.8,-2.65768e+06
4045.9,-2.65698e+06
4046,-2.65628e+06
4046.1,-2.65558e+06
4046.2,-2.65489e+06
4046.3,-2.65419e+06
4046.4,-2.65349e+06
4046.5,-2.65279e+06
4046.6,-2.65209e+06
4046.7,-2.65139e+06
4046.8,-2.65069e+06
4046.9,-2.64999e+06
4047,-2.64929e+06
4047.1,-2.64859e+06
4047.2,-2.64789e+06
4047.3,-2.64719e+06
4047.4,-2.64649e+06
4047.5,-2.64579e+06
4047.6,-2.64509e+06
4047.7,-2.64439e+06
4047.8,-2.6437e+06
4047.9,-2.643e+06
4048,-2.6423e+06
4048.1,-2.6416e+06
4048.2,-2.6409e+06
4048.3,-2.6402e+06
4048.4,-2.6395e+06
4048.5,-2.6388e+06
4048.6,-2.6381e+06
4048.7,-2.6374e+06
4048.8,-2.6367e+06
4048.9,-2.636e+06
4049,-2.6353e+06
4049.1,-2.6346e+06
4049.2,-2.6339e+06
4049.3,-2.6332e+06
4049.4,-2.6325e+06
4049.5,-2.6318e+06
4049.6,-2.6311e+06
4049.7,-2.6304e+06
4049.8,-2.6297e+06
4049.9,-2.629e+06
4050,-2.6283e+06
4050.1,-2.6276e+06
4050.2,-2.6269e+06
4050.3,-2.62619e+06
4050.4,-2.62549e+06
4050.5,-2.62479e+06
4050.6,-2.62409e+06
4050.7,-2.62339e+06
4050.8,-2.62269e+06
4050.9,-2.62199e+06
4051,-2.62129e+06
4051.1,-2.62059e+06
4051.2,-2.61989e+06
4051.3,-2.61919e+06
4051.4,-2.61849e+06
4051.5,-2.61779e+06
4051.6,-2.61709e+06
4051.7,-2.61639e+06
4051.8,-2.61569e+06
4051.9,-2.61498e+06
4052,-2.61428e+06
4052.1,-2.61358e+06
4052.2,-2.61288e+06
4052.3,-2.61218e+06
4052.4,-2.61148e+06
4052.5,-2.61078e+06
4052.6,-2.61008e+06
4052.7,-2.60938e+06
4052.8,-2.60867e+06
4052.9,-2.60797e+06
4053,-2.60727e+06
4053.1,-2.60657e+06
4053.2,-2.60587e+06
4053.3,-2.60517e+06
4053.4,-2.60447e+06
4053.5,-2.60377e+06
4053.6,-2.60306e+06
4053.7,-2.60236e+06
4053.8,-2.60166e+06
4053.9,-2.60096e+06
4054,-2.60026e+06
4054.1,-2.59956e+06
4054.2,-2.59886e+06
4054.3,-2.59815e+06
4054.4,-2.59745e+06
4054.5,-2.59675e+06
4054.6,-2.59605e+06
4054.7,-2.59535e+06
4054.8,-2.59465e+06
4054.9,-2.59394e+06
4055,-2.59324e+06
4055.1,-2.59254e+06
4055.2,-2.59184e+06
4055.3,-2.59114e+06
4055.4,-2.59043e+06
4055.5,-2.58973e+06
4055.6,-2.58903e+06
4055.7,-2.58833e+06
4055.8,-2.58763e+06
4055.9,-2.58692e+06
4056,-2.58622e+06
4056.1,-2.58552e+06
4056.2,-2.58482e+06
4056.3,-2.58412e+06
4056.4,-2.58341e+06
4056.5,-2.58271e+06
4056.6,-2.58201e+06
4056.7,-2.58131e+06
4056.8,-2.5806e+06
4056.9,-2.5799e+06
4057,-2.5792e+06
4057.1,-2.5785e+06
4057.2,-2.57779e+06
4057.3,-2.57709e+06
4057.4,-2.57639e+06
4057.5,-2.57569e+06
4057.6,-2.57498e+06
4057.7,-2.57428e+06
4057.8,-2.57358e+06
4057.9,-2.57288e+06
4058,-2.57217e+06
4058.1,-2.57147e+06
4058.2,-2.57077e+06
4058.3,-2.57006e+06
4058.4,-2.56936e+06
4058.5,-2.56866e+06
4058.6,-2.56796e+06
4058.7,-2.56725e+06
4058.8,-2.56655e+06
4058.9,-2.56585e+06
4059,-2.56514e+06
4059.1,-2.56444e+06
4059.2,-2.56374e+06
4059.3,-2.56303e+06
4059.4,-2.56233e+06
4059.5,-2.56163e+06
4059.6,-2.56092e+06
4059.7,-2.56022e+06
4059.8,-2.55952e+06
4059.9,-2.55881e+06
4060,-2.55811e+06
4060.1,-2.55741e+06
4060.2,-2.5567e+06
4060.3,-2.556e+06
4060.4,-2.5553e+06
4060.5,-2.55459e+06
4060.6,-2.55389e+06
4060.7,-2.55319e+06
4060.8,-2.55248e+06
4060.9,-2.55178e+06
4061,-2.55108e+06
4061.1,-2.55037e+06
4061.2,-2.54967e+06
4061.3,-2.54896e+06
4061.4,-2.54826e+06
4061.5,-2.54756e+06
4061.6,-2.54685e+06
4061.7,-2.54615e+06
4061.8,-2.54545e+06
4061.9,-2.54474e+06
4062,-2.54404e+06
4062.1,-2.54333e+06
4062.2,-2.54263e+06
4062.3,-2.54193e+06
4062.4,-2.54122e+06
4062.5,-2.54052e+06
4062.6,-2.53981e+06
4062.7,-2.53911e+06
4062.8,-2.53841e+06
4062.9,-2.5377e+06
4063,-2.537e+06
4063.1,-2.53629e+06
4063.2,-2.53559e+06
4063.3,-2.53488e+06
4063.4,-2.53418e+06
4063.5,-2.53348e+06
4063.6,-2.53277e+06
4063.7,-2.53207e+06
4063.8,-2.53136e+06
4063.9,-2.53066e+06
4064,-2.52995e+06
4064.1,-2.52925e+06
4064.2,-2.52854e+06
4064.3,-2.52784e+06
4064.4,-2.52713e+06
4064.5,-2.52643e+06
4064.6,-2.52572e+06
4064.7,-2.52502e+06
4064.8,-2.52432e+06
4064.9,-2.52361e+06
4065,-2.52291e+06
4065.1,-2.5222e+06
4065.2,-2.5215e+06
4065.3,-2.52079e+06
4065.4,-2.52009e+06
4065.5,-2.51938e+06
4065.6,-2.51868e+06
4065.7,-2.51797e+06
4065.8,-2.51727e+06
4065.9,-2.51656e+06
4066,-2.51586e+06
4066.1,-2.51515e+06
4066.2,-2.51444e+06
4066.3,-2.51374e+06
4066.4,-2.51303e+06
4066.5,-2.51233e+06
4066.6,-2.51162e+06
4066.7,-2.51092e+06
4066.8,-2.51021e+06
4066.9,-2.50951e+06
4067,-2.5088e+06
4067.1,-2.5081e+06
4067.2,-2.50739e+06
4067.3,-2.50669e+06
4067.4,-2.50598e+06
4067.5,-2.50527e+06
4067.6,-2.50457e+06
4067.7,-2.50386e+06
4067.8,-2.50316e+06
4067.9,-2.50245e+06
4068,-2.50175e+06
4068.1,-2.50104e+06
4068.2,-2.50033e+06
4068.3,-2.49963e+06
4068.4,-2.49892e+06
4068.5,-2.49822e+06
4068.6,-2.49751e+06
4068.7,-2.49681e+06
4068.8,-2.4961e+06
4068.9,-2.49539e+06
4069,-2.49469e+06
4069.1,-2.49398e+06
4069.2,-2.49328e+06
4069.3,-2.49257e+06
4069.4,-2.49186e+06
4069.5,-2.49116e+06
4069.6,-2.49045e+06
4069.7,-2.48974e+06
4069.8,-2.48904e+06
4069.9,-2.48833e+06
4070,-2.48763e+06
4070.1,-2.48692e+06
4070.2,-2.48621e+06
4070.3,-2.48551e+06
4070.4,-2.4848e+06
4070.5,-2.48409e+06
4070.6,-2.48339e+06
4070.7,-2.48268e+06
4070.8,-2.48197e+06
4070.9,-2.48127e+06
4071,-2.48056e+06
4071.1,-2.47985e+06
4071.2,-2.47915e+06
4071.3,-2.47844e+06
4071.4,-2.47773e+06
4071.5,-2.47703e+06
4071.6,-2.47632e+06
4071.7,-2.47561e+06
4071.8,-2.47491e+06
4071.9,-2.4742e+06
4072,-2.47349e+06
4072.1,-2.47279e+06
4072.2,-2.47208e+06
4072.3,-2.47137e+06
4072.4,-2.47066e+06
4072.5,-2.46996e+06
4072.6,-2.46925e+06
4072.7,-2.46854e+06
4072.8,-2.46784e+06
4072.9,-2.46713e+06
4073,-2.46642e+06
4073.1,-2.46571e+06
4073.2,-2.46501e+06
4073.3,-2.4643e+06
4073.4,-2.46359e+06
4073.5,-2.46289e+06
4073.6,-2.46218e+06
4073.7,-2.46147e+06
4073.8,-2.46076e+06
4073.9,-2.46006e+06
4074,-2.45935e+06
4074.1,-2.45864e+06
4074.2,-2.45793e+06
4074.3,-2.45723e+06
4074.4,-2.45652e+06
4074.5,-2.45581e+06
4074.6,-2.4551e+06
4074.7,-2.4544e+06
4074.8,-2.45369e+06
4074.9,-2.45298e+06
4075,-2.45227e+06
4075.1,-2.45156e+06
4075.2,-2.45086e+06
4075.3,-2.45015e+06
4075.4,-2.44944e+06
4075.5,-2.44873e+06
4075.6,-2.44802e+06
4075.7,-2.44732e+06
4075.8,-2.44661e+06
4075.9,-2.4459e+06
4076,-2.44519e+06
4076.1,-2.44448e+06
4076.2,-2.44378e+06
4076.3,-2.44307e+06
4076.4,-2.44236e+06
4076.5,-2.44165e+06
4076.6,-2.44094e+06
4076.7,-2.44024e+06
4076.8,-2.43953e+06
4076.9,-2.43882e+06
4077,-2.43811e+06
4077.1,-2.4374e+06
4077.2,-2.43669e+06
4077.3,-2.43598e+06
4077.4,-2.43528e+06
4077.5,-2.43457e+06
4077.6,-2.43386e+06
4077.7,-2.43315e+06
4077.8,-2.43244e+06
4077.9,-2.43173e+06
4078,-2.43102e+06
4078.1,-2.43032e+06
4078.2,-2.42961e+06
4078.3,-2.4289e+06
4078.4,-2.42819e+06
4078.5,-2.42748e+06
4078.6,-2.42677e+06
4078.7,-2.42606e+06
4078.8,-2.42535e+06
4078.9,-2.42465e+06
4079,-2.42394e+06
4079.1,-2.42323e+06
4079.2,-2.42252e+06
4079.3,-2.42181e+06
4079.4,-2.4211e+06
4079.5,-2.42039e+06
4079.6,-2.41968e+06
4079.7,-2.41897e+06
4079.8,-2.41826e+06
4079.9,-2.41756e+06
4080,-2.41685e+06
4080.1,-2.41614e+06
4080.2,-2.41543e+06
4080.3,-2.41472e+06
4080.4,-2.41401e+06
4080.5,-2.4133e+06
4080.6,-2.41259e+06
4080.7,-2.41188e+06
4080.8,-2.41117e+06
4080.9,-2.41046e+06
4081,-2.40975e+06
4081.1,-2.40904e+06
4081.2,-2.40833e+06
4081.3,-2.40762e+06
4081.4,-2.40691e+06
4081.5,-2.4062e+06
4081.6,-2.40549e+06
4081.7,-2.40478e+06
4081.8,-2.40408e+06
4081.9,-2.40337e+06
4082,-2.40266e+06
4082.1,-2.40195e+06
4082.2,-2.40124e+06
4082.3,-2.40053e+06
4082.4,-2.39982e+06
4082.5,-2.39911e+06
4082.6,-2.3984e+06
4082.7,-2.39769e+06
4082.8,-2.39698e+06
4082.9,-2.39627e+06
4083,-2.39556e+06
4083.1,-2.39485e+06
4083.2,-2.39414e+06
4083.3,-2.39343e+06
4083.4,-2.39272e+06
4083.5,-2.392e+06
4083.6,-2.39129e+06
4083.7,-2.39058e+06
4083.8,-2.38987e+06
4083.9,-2.38916e+06
4084,-2.38845e+06
4084.1,-2.38774e+06
4084.2,-2.38703e+06
4084.3,-2.38632e+06
4084.4,-2.38561e+06
4084.5,-2.3849e+06
4084.6,-2.38419e+06
4084.7,-2.38348e+06
4084.8,-2.38277e+06
4084.9,-2.38206e+06
4085,-2.38135e+06
4085.1,-2.38064e+06
4085.2,-2.37993e+06
4085.3,-2.37922e+06
4085.4,-2.37851e+06
4085.5,-2.37779e+06
4085.6,-2.37708e+06
4085.7,-2.37637e+06
4085.8,-2.37566e+06
4085.9,-2.37495e+06
4086,-2.37424e+06
4086.1,-2.37353e+06
4086.2,-2.37282e+06
4086.3,-2.37211e+06
4086.4,-2.3714e+06
4086.5,-2.37069e+06
4086.6,-2.36997e+06
4086.7,-2.36926e+06
4086.8,-2.36855e+06
4086.9,-2.36784e+06
4087,-2.36713e+06
4087.1,-2.36642e+06
4087.2,-2.36571e+06
4087.3,-2.365e+06
4087.4,-2.36428e+06
4087.5,-2.36357e+06
4087.6,-2.36286e+06
4087.7,-2.36215e+06
4087.8,-2.36144e+06
4087.9,-2.36073e+06
4088,-2.36002e+06
4088.1,-2.3593e+06
4088.2,-2.35859e+06
4088.3,-2.35788e+06
4088.4,-2.35717e+06
4088.5,-2.35646e+06
4088.6,-2.35575e+06
4088.7,-2.35504e+06
4088.8,-2.35432e+06
4088.9,-2.35361e+06
4089,-2.3529e+06
4089.1,-2.35219e+06
4089.2,-2.35148e+06
4089.3,-2.35076e+06
4089.4,-2.35005e+06
4089.5,-2.34934e+06
4089.6,-2.34863e+06
4089.7,-2.34792e+06
4089.8,-2.3472e+06
4089.9,-2.34649e+06
4090,-2.34578e+06
4090.1,-2.34507e+06
4090.2,-2.34436e+06
4090.3,-2.34364e+06
4090.4,-2.34293e+06
4090.5,-2.34222e+06
4090.6,-2.34151e+06
4090.7,-2.3408e+06
4090.8,-2.34008e+06
4090.9,-2.33937e+06
4091,-2.33866e+06
4091.1,-2.33795e+06
4091.2,-2.33723e+06
4091.3,-2.33652e+06
4091.4,-2.33581e+06
4091.5,-2.3351e+06
4091.6,-2.33438e+06
4091.7,-2.33367e+06
4091.8,-2.33296e+06
4091.9,-2.33225e+06
4092,-2.33153e+06
4092.1,-2.33082e+06
4092.2,-2.33011e+06
4092.3,-2.3294e+06
4092.4,-2.32868e+06
4092.5,-2.32797e+06
4092.6,-2.32726e+06
4092.7,-2.32655e+06
4092.8,-2.32583e+06
4092.9,-2.32512e+06
4093,-2.32441e+06
4093.1,-2.32369e+06
4093.2,-2.32298e+06
4093.3,-2.32227e+06
4093.4,-2.32156e+06
4093.5,-2.32084e+06
4093.6,-2.32013e+06
4093.7,-2.31942e+06
4093.8,-2.3187e+06
4093.9,-2.31799e+06
4094,-2.31728e+06
4094.1,-2.31656e+06
4094.2,-2.31585e+06
4094.3,-2.31514e+06
4094.4,-2.31442e+06
4094.5,-2.31371e+06
4094.6,-2.313e+06
4094.7,-2.31228e+06
4094.8,-2.31157e+06
4094.9,-2.31086e+06
4095,-2.31014e+06
4095.1,-2.30943e+06
4095.2,-2.30872e+06
4095.3,-2.308e+06
4095.4,-2.30729e+06
4095.5,-2.30658e+06
4095.6,-2.30586e+06
4095.7,-2.30515e+06
4095.8,-2.30444e+06
4095.9,-2.30372e+06
4096,-2.30301e+06
4096.1,-2.30229e+06
4096.2,-2.30158e+06
4096.3,-2.30087e+06
4096.4,-2.30015e+06
4096.5,-2.29944e+06
4096.6,-2.29873e+06
4096.7,-2.29801e+06
4096.8,-2.2973e+06
4096.9,-2.29658e+06
4097,-2.29587e+06
4097.1,-2.29516e+06
4097.2,-2.29444e+06
4097.3,-2.29373e+06
4097.4,-2.29301e+06
4097.5,-2.2923e+06
4097.6,-2.29159e+06
4097.7,-2.29087e+06
4097.8,-2.29016e+06
4097.9,-2.28944e+06
4098,-2.28873e+06
4098.1,-2.28802e+06
4098.2,-2.2873e+06
4098.3,-2.28659e+06
4098.4,-2.28587e+06
4098.5,-2.28516e+06
4098.6,-2.28444e+06
4098.7,-2.28373e+06
4098.8,-2.28301e+06
4098.9,-2.2823e+06
4099,-2.28159e+06
4099.1,-2.28087e+06
4099.2,-2.28016e+06
4099.3,-2.27944e+06
4099.4,-2.27873e+06
4099.5,-2.27801e+06
4099.6,-2.2773e+06
4099.7,-2.27658e+06
4099.8,-2.27587e+06
4099.9,-2.27515e+06
4100,-2.27444e+06
4100.1,-2.27372e+06
4100.2,-2.27301e+06
4100.3,-2.27229e+06
4100.4,-2.27158e+06
4100.5,-2.27086e+06
4100.6,-2.27015e+06
4100.7,-2.26944e+06
4100.8,-2.26872e+06
4100.9,-2.268e+06
4101,-2.26729e+06
4101.1,-2.26658e+06
4101.2,-2.26586e+06
4101.3,-2.26514e+06
4101.4,-2.26443e+06
4101.5,-2.26371e+06
4101.6,-2.263e+06
4101.7,-2.26228e+06
4101.8,-2.26157e+06
4101.9,-2.26085e+06
4102,-2.26014e+06
4102.1,-2.25942e+06
4102.2,-2.25871e+06
4102.3,-2.25799e+06
4102.4,-2.25728e+06
4102.5,-2.25656e+06
4102.6,-2.25585e+06
4102.7,-2.25513e+06
4102.8,-2.25441e+06
4102.9,-2.2537e+06
4103,-2.25298e+06
4103.1,-2.25227e+06
4103.2,-2.25155e+06
4103.3,-2.25084e+06
4103.4,-2.25012e+06
4103.5,-2.24941e+06
4103.6,-2.24869e+06
4103.7,-2.24797e+06
4103.8,-2.24726e+06
4103.9,-2.24654e+06
4104,-2.24583e+06
4104.1,-2.24511e+06
4104.2,-2.2444e+06
4104.3,-2.24368e+06
4104.4,-2.24296e+06
4104.5,-2.24225e+06
4104.6,-2.24153e+06
4104.7,-2.24082e+06
4104.8,-2.2401e+06
4104.9,-2.23938e+06
4105,-2.23867e+06
4105.1,-2.23795e+06
4105.2,-2.23723e+06
4105.3,-2.23652e+06
4105.4,-2.2358e+06
4105.5,-2.23509e+06
4105.6,-2.23437e+06
4105.7,-2.23365e+06
4105.8,-2.23294e+06
4105.9,-2.23222e+06
4106,-2.2315e+06
4106.1,-2.23079e+06
4106.2,-2.23007e+06
4106.3,-2.22936e+06
4106.4,-2.22864e+06
4106.5,-2.22792e+06
4106.6,-2.22721e+06
4106.7,-2.22649e+06
4106.8,-2.22577e+06
4106.9,-2.22506e+06
4107,-2.22434e+06
4107.1,-2.22362e+06
4107.2,-2.22291e+06
4107.3,-2.22219e+06
4107.4,-2.22147e+06
4107.5,-2.22076e+06
4107.6,-2.22004e+06
4107.7,-2.21932e+06
4107.8,-2.21861e+06
4107.9,-2.21789e+06
4108,-2.21717e+06
4108.1,-2.21646e+06
4108.2,-2.21574e+06
4108.3,-2.21502e+06
4108.4,-2.2143e+06
4108.5,-2.21359e+06
4108.6,-2.21287e+06
4108.7,-2.21215e+06
4108.8,-2.21144e+06
4108.9,-2.21072e+06
4109,-2.21e+06
4109.1,-2.20928e+06
4109.2,-2.20857e+06
4109.3,-2.20785e+06
4109.4,-2.20713e+06
4109.5,-2.20642e+06
4109.6,-2.2057e+06
4109.7,-2.20498e+06
4109.8,-2.20426e+06
4109.9,-2.20355e+06
4110,-2.20283e+06
4110.1,-2.20211e+06
4110.2,-2.20139e+06
4110.3,-2.20068e+06
4110.4,-2.19996e+06
4110.5,-2.19924e+06
4110.6,-2.19852e+06
4110.7,-2.19781e+06
4110.8,-2.19709e+06
4110.9,-2.19637e+06
4111,-2.19565e+06
4111.1,-2.19494e+06
4111.2,-2.19422e+06
4111.3,-2.1935e+06
4111.4,-2.19278e+06
4111.5,-2.19206e+06
4111.6,-2.19135e+06
4111.7,-2.19063e+06
4111.8,-2.18991e+06
4111.9,-2.18919e+06
4112,-2.18848e+06
4112.1,-2.18776e+06
4112.2,-2.18704e+06
4112.3,-2.18632e+06
4112.4,-2.1856e+06
4112.5,-2.18489e+06
4112.6,-2.18417e+06
4112.7,-2.18345e+06
4112.8,-2.18273e+06
4112.9,-2.18201e+06
4113,-2.18129e+06
4113.1,-2.18058e+06
4113.2,-2.17986e+06
4113.3,-2.17914e+06
4113.4,-2.17842e+06
4113.5,-2.1777e+06
4113.6,-2.17698e+06
4113.7,-2.17627e+06
4113.8,-2.17555e+06
4113.9,-2.17483e+06
4114,-2.17411e+06
4114.1,-2.17339e+06
4114.2,-2.17267e+06
4114.3,-2.17196e+06
4114.4,-2.17124e+06
4114.5,-2.17052e+06
4114.6,-2.1698e+06
4114.7,-2.16908e+06
4114.8,-2.16836e+06
4114.9,-2.16764e+06
4115,-2.16693e+06
4115.1,-2.16621e+06
4115.2,-2.16549e+06
4115.3,-2.16477e+06
4115.4,-2.16405e+06
4115.5,-2.16333e+06
4115.6,-2.16261e+06
4115.7,-2.16189e+06
4115.8,-2.16118e+06
4115.9,-2.16046e+06
4116,-2.15974e+06
4116.1,-2.15902e+06
4116.2,-2.1583e+06
4116.3,-2.15758e+06
4116.4,-2.15686e+06
4116.5,-2.15614e+06
4116.6,-2.15542e+06
4116.7,-2.1547e+06
4116.8,-2.15398e+06
4116.9,-2.15327e+06
4117,-2.15255e+06
4117.1,-2.15183e+06
4117.2,-2.15111e+06
4117.3,-2.15039e+06
4117.4,-2.14967e+06
4117.5,-2.14895e+06
4117.6,-2.14823e+06
4117.7,-2.14751e+06
4117.8,-2.14679e+06
4117.9,-2.14607e+06
4118,-2.14535e+06
4118.1,-2.14463e+06
4118.2,-2.14391e+06
4118.3,-2.14319e+06
4118.4,-2.14247e+06
4118.5,-2.14176e+06
4118.6,-2.14104e+06
4118.7,-2.14032e+06
4118.8,-2.1396e+06
4118.9,-2.13888e+06
4119,-2.13816e+06
4119.1,-2.13744e+06
4119.2,-2.13672e+06
4119.3,-2.136e+06
4119.4,-2.13528e+06
4119.5,-2.13456e+06
4119.6,-2.13384e+06
4119.7,-2.13312e+06
4119.8,-2.1324e+06
4119.9,-2.13168e+06
4120,-2.13096e+06
4120.1,-2.13024e+06
4120.2,-2.12952e+06
4120.3,-2.1288e+06
4120.4,-2.12808e+06
4120.5,-2.12736e+06
4120.6,-2.12664e+06
4120.7,-2.12592e+06
4120.8,-2.1252e+06
4120.9,-2.12448e+06
4121,-2.12376e+06
4121.1,-2.12304e+06
4121.2,-2.12232e+06
4121.3,-2.1216e+06
4121.4,-2.12088e+06
4121.5,-2.12016e+06
4121.6,-2.11944e+06
4121.7,-2.11872e+06
4121.8,-2.11799e+06
4121.9,-2.11727e+06
4122,-2.11655e+06
4122.1,-2.11583e+06
4122.2,-2.11511e+06
4122.3,-2.11439e+06
4122.4,-2.11367e+06
4122.5,-2.11295e+06
4122.6,-2.11223e+06
4122.7,-2.11151e+06
4122.8,-2.11079e+06
4122.9,-2.11007e+06
4123,-2.10935e+06
4123.1,-2.10863e+06
4123.2,-2.10791e+06
4123.3,-2.10719e+06
4123.4,-2.10646e+06
4123.5,-2.10574e+06
4123.6,-2.10502e+06
4123.7,-2.1043e+06
4123.8,-2.10358e+06
4123.9,-2.10286e+06
4124,-2.10214e+06
4124.1,-2.10142e+06
4124.2,-2.1007e+06
4124.3,-2.09998e+06
4124.4,-2.09926e+06
4124.5,-2.09853e+06
4124.6,-2.09781e+06
4124.7,-2.09709e+06
4124.8,-2.09637e+06
4124.9,-2.09565e+06
4125,-2.09493e+06
4125.1,-2.09421e+06
4125.2,-2.09349e+06
4125.3,-2.09276e+06
4125.4,-2.09204e+06
4125.5,-2.09132e+06
4125.6,-2.0906e+06
4125.7,-2.08988e+06
4125.8,-2.08916e+06
4125.9,-2.08844e+06
4126,-2.08772e+06
4126.1,-2.08699e+06
4126.2,-2.08627e+06
4126.3,-2.08555e+06
4126.4,-2.08483e+06
4126.5,-2.08411e+06
4126.6,-2.08339e+06
4126.7,-2.08266e+06
4126.8,-2.08194e+06
4126.9,-2.08122e+06
4127,-2.0805e+06
4127.1,-2.07978e+06
4127.2,-2.07906e+06
4127.3,-2.07833e+06
4127.4,-2.07761e+06
4127.5,-2.07689e+06
4127.6,-2.07617e+06
4127.7,-2.07545e+06
4127.8,-2.07472e+06
4127.9,-2.074e+06
4128,-2.07328e+06
4128.1,-2.07256e+06
4128.2,-2.07184e+06
4128.3,-2.07112e+06
4128.4,-2.07039e+06
4128.5,-2.06967e+06
4128.6,-2.06895e+06
4128.7,-2.06823e+06
4128.8,-2.0675e+06
4128.9,-2.06678e+06
4129,-2.06606e+06
4129.1,-2.06534e+06
4129.2,-2.06462e+06
4129.3,-2.06389e+06
4129.4,-2.06317e+06
4129.5,-2.06245e+06
4129.6,-2.06173e+06
4129.7,-2.061e+06
4129.8,-2.06028e+06
4129.9,-2.05956e+06
4130,-2.05884e+06
4130.1,-2.05811e+06
4130.2,-2.05739e+06
4130.3,-2.05667e+06
4130.4,-2.05595e+06
4130.5,-2.05522e+06
4130.6,-2.0545e+06
4130.7,-2.05378e+06
4130.8,-2.05306e+06
4130.9,-2.05233e+06
4131,-2.05161e+06
4131.1,-2.05089e+06
4131.2,-2.05017e+06
4131.3,-2.04944e+06
4131.4,-2.04872e+06
4131.5,-2.048e+06
4131.6,-2.04727e+06
4131.7,-2.04655e+06
4131.8,-2.04583e+06
4131.9,-2.04511e+06
4132,-2.04438e+06
4132.1,-2.04366e+06
4132.2,-2.04294e+06
4132.3,-2.04221e+06
4132.4,-2.04149e+06
4132.5,-2.04077e+06
4132.6,-2.04004e+06
4132.7,-2.03932e+06
4132.8,-2.0386e+06
4132.9,-2.03788e+06
4133,-2.03715e+06
4133.1,-2.03643e+06
4133.2,-2.03571e+06
4133.3,-2.03498e+06
4133.4,-2.03426e+06
4133.5,-2.03354e+06
4133.6,-2.03281e+06
4133.7,-2.03209e+06
4133.8,-2.03137e+06
4133.9,-2.03064e+06
4134,-2.02992e+06
4134.1,-2.0292e+06
4134.2,-2.02847e+06
4134.3,-2.02775e+06
4134.4,-2.02703e+06
4134.5,-2.0263e+06
4134.6,-2.02558e+06
4134.7,-2.02486e+06
4134.8,-2.02413e+06
4134.9,-2.02341e+06
4135,-2.02268e+06
4135.1,-2.02196e+06
4135.2,-2.02124e+06
4135.3,-2.02051e+06
4135.4,-2.01979e+06
4135.5,-2.01907e+06
4135.6,-2.01834e+06
4135.7,-2.01762e+06
4135.8,-2.01689e+06
4135.9,-2.01617e+06
4136,-2.01545e+06
4136.1,-2.01472e+06
4136.2,-2.014e+06
4136.3,-2.01327e+06
4136.4,-2.01255e+06
4136.5,-2.01183e+06
4136.6,-2.0111e+06
4136.7,-2.01038e+06
4136.8,-2.00965e+06
4136.9,-2.00893e+06
4137,-2.00821e+06
4137.1,-2.00748e+06
4137.2,-2.00676e+06
4137.3,-2.00603e+06
4137.4,-2.00531e+06
4137.5,-2.00459e+06
4137.6,-2.00386e+06
4137.7,-2.00314e+06
4137.8,-2.00241e+06
4137.9,-2.00169e+06
4138,-2.00096e+06
4138.1,-2.00024e+06
4138.2,-1.99952e+06
4138.3,-1.99879e+06
4138.4,-1.99807e+06
4138.5,-1.99734e+06
4138.6,-1.99662e+06
4138.7,-1.99589e+06
4138.8,-1.99517e+06
4138.9,-1.99444e+06
4139,-1.99372e+06
4139.1,-1.99299e+06
4139.2,-1.99227e+06
4139.3,-1.99155e+06
4139.4,-1.99082e+06
4139.5,-1.9901e+06
4139.6,-1.98937e+06
4139.7,-1.98865e+06
4139.8,-1.98792e+06
4139.9,-1.9872e+06
4140,-1.98647e+06
4140.1,-1.98575e+06
4140.2,-1.98502e+06
4140.3,-1.9843e+06
4140.4,-1.98357e+06
4140.5,-1.98285e+06
4140.6,-1.98212e+06
4140.7,-1.9814e+06
4140.8,-1.98067e+06
4140.9,-1.97995e+06
4141,-1.97922e+06
4141.1,-1.9785e+06
4141.2,-1.97777e+06
4141.3,-1.97705e+06
4141.4,-1.97632e+06
4141.5,-1.9756e+06
4141.6,-1.97487e+06
4141.7,-1.97415e+06
4141.8,-1.97342e+06
4141.9,-1.9727e+06
4142,-1.97197e+06
4142.1,-1.97125e+06
4142.2,-1.97052e+06
4142.3,-1.96979e+06
4142.4,-1.96907e+06
4142.5,-1.96834e+06
4142.6,-1.96762e+06
4142.7,-1.96689e+06
4142.8,-1.96617e+06
4142.9,-1.96544e+06
4143,-1.96472e+06
4143.1,-1.96399e+06
4143.2,-1.96327e+06
4143.3,-1.96254e+06
4143.4,-1.96181e+06
4143.5,-1.96109e+06
4143.6,-1.96036e+06
4143.7,-1.95964e+06
4143.8,-1.95891e+06
4143.9,-1.95819e+06
4144,-1.95746e+06
4144.1,-1.95673e+06
4144.2,-1.95601e+06
4144.3,-1.95528e+06
4144.4,-1.95456e+06
4144.5,-1.95383e+06
4144.6,-1.9531e+06
4144.7,-1.95238e+06
4144.8,-1.95165e+06
4144.9,-1.95093e+06
4145,-1.9502e+06
4145.1,-1.94947e+06
4145.2,-1.94875e+06
4145.3,-1.94802e+06
4145.4,-1.9473e+06
4145.5,-1.94657e+06
4145.6,-1.94584e+06
4145.7,-1.94512e+06
4145.8,-1.94439e+06
4145.9,-1.94367e+06
4146,-1.94294e+06
4146.1,-1.94221e+06
4146.2,-1.94149e+06
4146.3,-1.94076e+06
4146.4,-1.94003e+06
4146.5,-1.93931e+06
4146.6,-1.93858e+06
4146.7,-1.93786e+06
4146.8,-1.93713e+06
4146.9,-1.9364e+06
4147,-1.93568e+06
4147.1,-1.93495e+06
4147.2,-1.93422e+06
4147.3,-1.9335e+06
4147.4,-1.93277e+06
4147.5,-1.93204e+06
4147.6,-1.93132e+06
4147.7,-1.93059e+06
4147.8,-1.92986e+06
4147.9,-1.92914e+06
4148,-1.92841e+06
4148.1,-1.92768e+06
4148.2,-1.92696e+06
4148.3,-1.92623e+06
4148.4,-1.9255e+06
4148.5,-1.92478e+06
4148.6,-1.92405e+06
4148.7,-1.92332e+06
4148.8,-1.9226e+06
4148.9,-1.92187e+06
4149,-1.92114e+06
4149.1,-1.92042e+06
4149.2,-1.91969e+06
4149.3,-1.91896e+06
4149.4,-1.91823e+06
4149.5,-1.91751e+06
4149.6,-1.91678e+06
4149.7,-1.91605e+06
4149.8,-1.91533e+06
4149.9,-1.9146e+06
4150,-1.91387e+06
4150.1,-1.91315e+06
4150.2,-1.91242e+06
4150.3,-1.91169e+06
4150.4,-1.91096e+06
4150.5,-1.91024e+06
4150.6,-1.90951e+06
4150.7,-1.90878e+06
4150.8,-1.90805e+06
4150.9,-1.90733e+06
4151,-1.9066e+06
4151.1,-1.90587e+06
4151.2,-1.90515e+06
4151.3,-1.90442e+06
4151.4,-1.90369e+06
4151.5,-1.90296e+06
4151.6,-1.90224e+06
4151.7,-1.90151e+06
4151.8,-1.90078e+06
4151.9,-1.90005e+06
4152,-1.89933e+06
4152.1,-1.8986e+06
4152.2,-1.89787e+06
4152.3,-1.89714e+06
4152.4,-1.89641e+06
4152.5,-1.89569e+06
4152.6,-1.89496e+06
4152.7,-1.89423e+06
4152.8,-1.8935e+06
4152.9,-1.89278e+06
4153,-1.89205e+06
4153.1,-1.89132e+06
4153.2,-1.89059e+06
4153.3,-1.88986e+06
4153.4,-1.88914e+06
4153.5,-1.88841e+06
4153.6,-1.88768e+06
4153.7,-1.88695e+06
4153.8,-1.88622e+06
4153.9,-1.8855e+06
4154,-1.88477e+06
4154.1,-1.88404e+06
4154.2,-1.88331e+06
4154.3,-1.88258e+06
4154.4,-1.88186e+06
4154.5,-1.88113e+06
4154.6,-1.8804e+06
4154.7,-1.87967e+06
4154.8,-1.87894e+06
4154.9,-1.87822e+06
4155,-1.87749e+06
4155.1,-1.87676e+06
4155.2,-1.87603e+06
4155.3,-1.8753e+06
4155.4,-1.87457e+06
4155.5,-1.87385e+06
4155.6,-1.87312e+06
4155.7,-1.87239e+06
4155.8,-1.87166e+06
4155.9,-1.87093e+06
4156,-1.8702e+06
4156.1,-1.86948e+06
4156.2,-1.86875e+06
4156.3,-1.86802e+06
4156.4,-1.86729e+06
4156.5,-1.86656e+06
4156.6,-1.86583e+06
4156.7,-1.8651e+06
4156.8,-1.86438e+06
4156.9,-1.86365e+06
4157,-1.86292e+06
4157.1,-1.86219e+06
4157.2,-1.86146e+06
4157.3,-1.86073e+06
4157.4,-1.86e+06
4157.5,-1.85927e+06
4157.6,-1.85855e+06
4157.7,-1.85782e+06
4157.8,-1.85709e+06
4157.9,-1.85636e+06
4158,-1.85563e+06
4158.1,-1.8549e+06
4158.2,-1.85417e+06
4158.3,-1.85344e+06
4158.4,-1.85271e+06
4158.5,-1.85198e+06
4158.6,-1.85126e+06
4158.7,-1.85053e+06
4158.8,-1.8498e+06
4158.9,-1.84907e+06
4159,-1.84834e+06
4159.1,-1.84761e+06
4159.2,-1.84688e+06
4159.3,-1.84615e+06
4159.4,-1.84542e+06
4159.5,-1.84469e+06
4159.6,-1.84396e+06
4159.7,-1.84324e+06
4159.8,-1.84251e+06
4159.9,-1.84178e+06
4160,-1.84105e+06
4160.1,-1.84032e+06
4160.2,-1.83959e+06
4160.3,-1.83886e+06
4160.4,-1.83813e+06
4160.5,-1.8374e+06
4160.6,-1.83667e+06
4160.7,-1.83594e+06
4160.8,-1.83521e+06
4160.9,-1.83448e+06
4161,-1.83375e+06
4161.1,-1.83302e+06
4161.2,-1.83229e+06
4161.3,-1.83156e+06
4161.4,-1.83083e+06
4161.5,-1.8301e+06
4161.6,-1.82937e+06
4161.7,-1.82864e+06
4161.8,-1.82792e+06
4161.9,-1.82719e+06
4162,-1.82646e+06
4162.1,-1.82573e+06
4162.2,-1.825e+06
4162.3,-1.82427e+06
4162.4,-1.82354e+06
4162.5,-1.82281e+06
4162.6,-1.82208e+06
4162.7,-1.82135e+06
4162.8,-1.82062e+06
4162.9,-1.81989e+06
4163,-1.81916e+06
4163.1,-1.81843e+06
4163.2,-1.8177e+06
4163.3,-1.81697e+06
4163.4,-1.81624e+06
4163.5,-1.81551e+06
4163.6,-1.81478e+06
4163.7,-1.81405e+06
4163.8,-1.81332e+06
4163.9,-1.81259e+06
4164,-1.81186e+06
4164.1,-1.81113e+06
4164.2,-1.8104e+06
4164.3,-1.80966e+06
4164.4,-1.80893e+06
4164.5,-1.8082e+06
4164.6,-1.80747e+06
4164.7,-1.80674e+06
4164.8,-1.80601e+06
4164.9,-1.80528e+06
4165,-1.80455e+06
4165.1,-1.80382e+06
4165.2,-1.80309e+06
4165.3,-1.80236e+06
4165.4,-1.80163e+06
4165.5,-1.8009e+06
4165.6,-1.80017e+06
4165.7,-1.79944e+06
4165.8,-1.79871e+06
4165.9,-1.79798e+06
4166,-1.79725e+06
4166.1,-1.79652e+06
4166.2,-1.79579e+06
4166.3,-1.79505e+06
4166.4,-1.79432e+06
4166.5,-1.79359e+06
4166.6,-1.79286e+06
4166.7,-1.79213e+06
4166.8,-1.7914e+06
4166.9,-1.79067e+06
4167,-1.78994e+06
4167.1,-1.78921e+06
4167.2,-1.78848e+06
4167.3,-1.78775e+06
4167.4,-1.78702e+06
4167.5,-1.78628e+06
4167.6,-1.78555e+06
4167.7,-1.78482e+06
4167.8,-1.78409e+06
4167.9,-1.78336e+06
4168,-1.78263e+06
4168.1,-1.7819e+06
4168.2,-1.78117e+06
4168.3,-1.78044e+06
4168.4,-1.77971e+06
4168.5,-1.77897e+06
4168.6,-1.77824e+06
4168.7,-1.77751e+06
4168.8,-1.77678e+06
4168.9,-1.77605e+06
4169,-1.77532e+06
4169.1,-1.77459e+06
4169.2,-1.77386e+06
4169.3,-1.77312e+06
4169.4,-1.77239e+06
4169.5,-1.77166e+06
4169.6,-1.77093e+06
4169.7,-1.7702e+06
4169.8,-1.76947e+06
4169.9,-1.76874e+06
4170,-1.768e+06
4170.1,-1.76727e+06
4170.2,-1.76654e+06
4170.3,-1.76581e+06
4170.4,-1.76508e+06
4170.5,-1.76435e+06
4170.6,-1.76362e+06
4170.7,-1.76288e+06
4170.8,-1.76215e+06
4170.9,-1.76142e+06
4171,-1.76069e+06
4171.1,-1.75996e+06
4171.2,-1.75923e+06
4171.3,-1.75849e+06
4171.4,-1.75776e+06
4171.5,-1.75703e+06
4171.6,-1.7563e+06
4171.7,-1.75557e+06
4171.8,-1.75483e+06
4171.9,-1.7541e+06
4172,-1.75337e+06
4172.1,-1.75264e+06
4172.2,-1.75191e+06
4172.3,-1.75117e+06
4172.4,-1.75044e+06
4172.5,-1.74971e+06
4172.6,-1.74898e+06
4172.7,-1.74825e+06
4172.8,-1.74751e+06
4172.9,-1.74678e+06
4173,-1.74605e+06
4173.1,-1.74532e+06
4173.2,-1.74459e+06
4173.3,-1.74385e+06
4173.4,-1.74312e+06
4173.5,-1.74239e+06
4173.6,-1.74166e+06
4173.7,-1.74093e+06
4173.8,-1.74019e+06
4173.9,-1.73946e+06
4174,-1.73873e+06
4174.1,-1.738e+06
4174.2,-1.73726e+06
4174.3,-1.73653e+06
4174.4,-1.7358e+06
4174.5,-1.73507e+06
4174.6,-1.73433e+06
4174.7,-1.7336e+06
4174.8,-1.73287e+06
4174.9,-1.73214e+06
4175,-1.7314e+06
4175.1,-1.73067e+06
4175.2,-1.72994e+06
4175.3,-1.72921e+06
4175.4,-1.72847e+06
4175.5,-1.72774e+06
4175.6,-1.72701e+06
4175.7,-1.72628e+06
4175.8,-1.72554e+06
4175.9,-1.72481e+06
4176,-1.72408e+06
4176.1,-1.72335e+06
4176.2,-1.72261e+06
4176.3,-1.72188e+06
4176.4,-1.72115e+06
4176.5,-1.72041e+06
4176.6,-1.71968e+06
4176.7,-1.71895e+06
4176.8,-1.71822e+06
4176.9,-1.71748e+06
4177,-1.71675e+06
4177.1,-1.71602e+06
4177.2,-1.71528e+06
4177.3,-1.71455e+06
4177.4,-1.71382e+06
4177.5,-1.71308e+06
4177.6,-1.71235e+06
4177.7,-1.71162e+06
4177.8,-1.71089e+06
4177.9,-1.71015e+06
4178,-1.70942e+06
4178.1,-1.70869e+06
4178.2,-1.70795e+06
4178.3,-1.70722e+06
4178.4,-1.70649e+06
4178.5,-1.70575e+06
4178.6,-1.70502e+06
4178.7,-1.70429e+06
4178.8,-1.70355e+06
4178.9,-1.70282e+06
4179,-1.70209e+06
4179.1,-1.70135e+06
4179.2,-1.70062e+06
4179.3,-1.69989e+06
4179.4,-1.69915e+06
4179.5,-1.69842e+06
4179.6,-1.69769e+06
4179.7,-1.69695e+06
4179.8,-1.69622e+06
4179.9,-1.69549e+06
4180,-1.69475e+06
4180.1,-1.69402e+06
4180.2,-1.69329e+06
4180.3,-1.69255e+06
4180.4,-1.69182e+06
4180.5,-1.69108e+06
4180.6,-1.69035e+06
4180.7,-1.68962e+06
4180.8,-1.68888e+06
4180.9,-1.68815e+06
4181,-1.68742e+06
4181.1,-1.68668e+06
4181.2,-1.68595e+06
4181.3,-1.68522e+06
4181.4,-1.68448e+06
4181.5,-1.68375e+06
4181.6,-1.68301e+06
4181.7,-1.68228e+06
4181.8,-1.68155e+06
4181.9,-1.68081e+06
4182,-1.68008e+06
4182.1,-1.67934e+06
4182.2,-1.67861e+06
4182.3,-1.67788e+06
4182.4,-1.67714e+06
4182.5,-1.67641e+06
4182.6,-1.67567e+06
4182.7,-1.67494e+06
4182.8,-1.67421e+06
4182.9,-1.67347e+06
4183,-1.67274e+06
4183.1,-1.672e+06
4183.2,-1.67127e+06
4183.3,-1.67054e+06
4183.4,-1.6698e+06
4183.5,-1.66907e+06
4183.6,-1.66833e+06
4183.7,-1.6676e+06
4183.8,-1.66686e+06
4183.9,-1.66613e+06
4184,-1.6654e+06
4184.1,-1.66466e+06
4184.2,-1.66393e+06
4184.3,-1.66319e+06
4184.4,-1.66246e+06
4184.5,-1.66172e+06
4184.6,-1.66099e+06
4184.7,-1.66026e+06
4184.8,-1.65952e+06
4184.9,-1.65879e+06
4185,-1.65805e+06
4185.1,-1.65732e+06
4185.2,-1.65658e+06
4185.3,-1.65585e+06
4185.4,-1.65511e+06
4185.5,-1.65438e+06
4185.6,-1.65364e+06
4185.7,-1.65291e+06
4185.8,-1.65217e+06
4185.9,-1.65144e+06
4186,-1.65071e+06
4186.1,-1.64997e+06
4186.2,-1.64924e+06
4186.3,-1.6485e+06
4186.4,-1.64777e+06
4186.5,-1.64703e+06
4186.6,-1.6463e+06
4186.7,-1.64556e+06
4186.8,-1.64483e+06
4186.9,-1.64409e+06
4187,-1.64336e+06
4187.1,-1.64262e+06
4187.2,-1.64189e+06
4187.3,-1.64115e+06
4187.4,-1.64042e+06
4187.5,-1.63968e+06
4187.6,-1.63895e+06
4187.7,-1.63821e+06
4187.8,-1.63748e+06
4187.9,-1.63674e+06
4188,-1.63601e+06
4188.1,-1.63527e+06
4188.2,-1.63454e+06
4188.3,-1.6338e+06
4188.4,-1.63307e+06
4188.5,-1.63233e+06
4188.6,-1.6316e+06
4188.7,-1.63086e+06
4188.8,-1.63013e+06
4188.9,-1.62939e+06
4189,-1.62866e+06
4189.1,-1.62792e+06
4189.2,-1.62718e+06
4189.3,-1.62645e+06
4189.4,-1.62571e+06
4189.5,-1.62498e+06
4189.6,-1.62424e+06
4189.7,-1.62351e+06
4189.8,-1.62277e+06
4189.9,-1.62204e+06
4190,-1.6213e+06
4190.1,-1.62057e+06
4190.2,-1.61983e+06
4190.3,-1.61909e+06
4190.4,-1.61836e+06
4190.5,-1.61762e+06
4190.6,-1.61689e+06
4190.7,-1.61615e+06
4190.8,-1.61542e+06
4190.9,-1.61468e+06
4191,-1.61395e+06
4191.1,-1.61321e+06
4191.2,-1.61247e+06
4191.3,-1.61174e+06
4191.4,-1.611e+06
4191.5,-1.61027e+06
4191.6,-1.60953e+06
4191.7,-1.6088e+06
4191.8,-1.60806e+06
4191.9,-1.60732e+06
4192,-1.60659e+06
4192.1,-1.60585e+06
4192.2,-1.60512e+06
4192.3,-1.60438e+06
4192.4,-1.60364e+06
4192.5,-1.60291e+06
4192.6,-1.60217e+06
4192.7,-1.60144e+06
4192.8,-1.6007e+06
4192.9,-1.59996e+06
4193,-1.59923e+06
4193.1,-1.59849e+06
4193.2,-1.59776e+06
4193.3,-1.59702e+06
4193.4,-1.59628e+06
4193.5,-1.59555e+06
4193.6,-1.59481e+06
4193.7,-1.59408e+06
4193.8,-1.59334e+06
4193.9,-1.5926e+06
4194,-1.59187e+06
4194.1,-1.59113e+06
4194.2,-1.59039e+06
4194.3,-1.58966e+06
4194.4,-1.58892e+06
4194.5,-1.58818e+06
4194.6,-1.58745e+06
4194.7,-1.58671e+06
4194.8,-1.58598e+06
4194.9,-1.58524e+06
4195,-1.5845e+06
4195.1,-1.58377e+06
4195.2,-1.58303e+06
4195.3,-1.58229e+06
4195.4,-1.58156e+06
4195.5,-1.58082e+06
4195.6,-1.58008e+06
4195.7,-1.57935e+06
4195.8,-1.57861e+06
4195.9,-1.57787e+06
4196,-1.57714e+06
4196.1,-1.5764e+06
4196.2,-1.57566e+06
4196.3,-1.57493e+06
4196.4,-1.57419e+06
4196.5,-1.57345e+06
4196.6,-1.57272e+06
4196.7,-1.57198e+06
4196.8,-1.57124e+06
4196.9,-1.57051e+06
4197,-1.56977e+06
4197.1,-1.56903e+06
4197.2,-1.5683e+06
4197.3,-1.56756e+06
4197.4,-1.56682e+06
4197.5,-1.56609e+06
4197.6,-1.56535e+06
4197.7,-1.56461e+06
4197.8,-1.56388e+06
4197.9,-1.56314e+06
4198,-1.5624e+06
4198.1,-1.56166e+06
4198.2,-1.56093e+06
4198.3,-1.56019e+06
4198.4,-1.55945e+06
4198.5,-1.55872e+06
4198.6,-1.55798e+06
4198.7,-1.55724e+06
4198.8,-1.5565e+06
4198.9,-1.55577e+06
4199,-1.55503e+06
4199.1,-1.55429e+06
4199.2,-1.55356e+06
4199.3,-1.55282e+06
4199.4,-1.55208e+06
4199.5,-1.55134e+06
4199.6,-1.55061e+06
4199.7,-1.54987e+06
4199.8,-1.54913e+06
4199.9,-1.5484e+06
4200,-1.54766e+06
4200.1,-1.54692e+06
4200.2,-1.54618e+06
4200.3,-1.54545e+06
4200.4,-1.54471e+06
4200.5,-1.54397e+06
4200.6,-1.54323e+06
4200.7,-1.5425e+06
4200.8,-1.54176e+06
4200.9,-1.54102e+06
4201,-1.54028e+06
4201.1,-1.53955e+06
4201.2,-1.53881e+06
4201.3,-1.53807e+06
4201.4,-1.53733e+06
4201.5,-1.5366e+06
4201.6,-1.53586e+06
4201.7,-1.53512e+06
4201.8,-1.53438e+06
4201.9,-1.53364e+06
4202,-1.53291e+06
4202.1,-1.53217e+06
4202.2,-1.53143e+06
4202.3,-1.53069e+06
4202.4,-1.52996e+06
4202.5,-1.52922e+06
4202.6,-1.52848e+06
4202.7,-1.52774e+06
4202.8,-1.527e+06
4202.9,-1.52627e+06
4203,-1.52553e+06
4203.1,-1.52479e+06
4203.2,-1.52405e+06
4203.3,-1.52332e+06
4203.4,-1.52258e+06
4203.5,-1.52184e+06
4203.6,-1.5211e+06
4203.7,-1.52036e+06
4203.8,-1.51962e+06
4203.9,-1.51889e+06
4204,-1.51815e+06
4204.1,-1.51741e+06
4204.2,-1.51667e+06
4204.3,-1.51593e+06
4204.4,-1.5152e+06
4204.5,-1.51446e+06
4204.6,-1.51372e+06
4204.7,-1.51298e+06
4204.8,-1.51224e+06
4204.9,-1.51151e+06
4205,-1.51077e+06
4205.1,-1.51003e+06
4205.2,-1.50929e+06
4205.3,-1.50855e+06
4205.4,-1.50781e+06
4205.5,-1.50708e+06
4205.6,-1.50634e+06
4205.7,-1.5056e+06
4205.8,-1.50486e+06
4205.9,-1.50412e+06
4206,-1.50338e+06
4206.1,-1.50265e+06
4206.2,-1.50191e+06
4206.3,-1.50117e+06
4206.4,-1.50043e+06
4206.5,-1.49969e+06
4206.6,-1.49895e+06
4206.7,-1.49821e+06
4206.8,-1.49748e+06
4206.9,-1.49674e+06
4207,-1.496e+06
4207.1,-1.49526e+06
4207.2,-1.49452e+06
4207.3,-1.49378e+06
4207.4,-1.49304e+06
4207.5,-1.49231e+06
4207.6,-1.49157e+06
4207.7,-1.49083e+06
4207.8,-1.49009e+06
4207.9,-1.48935e+06
4208,-1.48861e+06
4208.1,-1.48787e+06
4208.2,-1.48713e+06
4208.3,-1.48639e+06
4208.4,-1.48566e+06
4208.5,-1.48492e+06
4208.6,-1.48418e+06
4208.7,-1.48344e+06
4208.8,-1.4827e+06
4208.9,-1.48196e+06
4209,-1.48122e+06
4209.1,-1.48048e+06
4209.2,-1.47974e+06
4209.3,-1.47901e+06
4209.4,-1.47827e+06
4209.5,-1.47753e+06
4209.6,-1.47679e+06
4209.7,-1.47605e+06
4209.8,-1.47531e+06
4209.9,-1.47457e+06
4210,-1.47383e+06
4210.1,-1.47309e+06
4210.2,-1.47235e+06
4210.3,-1.47161e+06
4210.4,-1.47088e+06
4210.5,-1.47014e+06
4210.6,-1.4694e+06
4210.7,-1.46866e+06
4210.8,-1.46792e+06
4210.9,-1.46718e+06
4211,-1.46644e+06
4211.1,-1.4657e+06
4211.2,-1.46496e+06
4211.3,-1.46422e+06
4211.4,-1.46348e+06
4211.5,-1.46274e+06
4211.6,-1.462e+06
4211.7,-1.46126e+06
4211.8,-1.46052e+06
4211.9,-1.45978e+06
4212,-1.45905e+06
4212.1,-1.45831e+06
4212.2,-1.45757e+06
4212.3,-1.45683e+06
4212.4,-1.45609e+06
4212.5,-1.45535e+06
4212.6,-1.45461e+06
4212.7,-1.45387e+06
4212.8,-1.45313e+06
4212.9,-1.45239e+06
4213,-1.45165e+06
4213.1,-1.45091e+06
4213.2,-1.45017e+06
4213.3,-1.44943e+06
4213.4,-1.44869e+06
4213.5,-1.44795e+06
4213.6,-1.44721e+06
4213.7,-1.44647e+06
4213.8,-1.44573e+06
4213.9,-1.44499e+06
4214,-1.44425e+06
4214.1,-1.44351e+06
4214.2,-1.44277e+06
4214.3,-1.44203e+06
4214.4,-1.44129e+06
4214.5,-1.44055e+06
4214.6,-1.43981e+06
4214.7,-1.43907e+06
4214.8,-1.43833e+06
4214.9,-1.43759e+06
4215,-1.43685e+06
4215.1,-1.43611e+06
4215.2,-1.43537e+06
4215.3,-1.43463e+06
4215.4,-1.43389e+06
4215.5,-1.43315e+06
4215.6,-1.43241e+06
4215.7,-1.43167e+06
4215.8,-1.43093e+06
4215.9,-1.43019e+06
4216,-1.42945e+06
4216.1,-1.42871e+06
4216.2,-1.42797e+06
4216.3,-1.42723e+06
4216.4,-1.42649e+06
4216.5,-1.42575e+06
4216.6,-1.42501e+06
4216.7,-1.42427e+06
4216.8,-1.42353e+06
4216.9,-1.42279e+06
4217,-1.42205e+06
4217.1,-1.42131e+06
4217.2,-1.42057e+06
4217.3,-1.41983e+06
4217.4,-1.41909e+06
4217.5,-1.41835e+06
4217.6,-1.41761e+06
4217.7,-1.41687e+06
4217.8,-1.41613e+06
4217.9,-1.41539e+06
4218,-1.41465e+06
4218.1,-1.4139e+06
4218.2,-1.41316e+06
4218.3,-1.41242e+06
4218.4,-1.41168e+06
4218.5,-1.41094e+06
4218.6,-1.4102e+06
4218.7,-1.40946e+06
4218.8,-1.40872e+06
4218.9,-1.40798e+06
4219,-1.40724e+06
4219.1,-1.4065e+06
4219.2,-1.40576e+06
4219.3,-1.40502e+06
4219.4,-1.40428e+06
4219.5,-1.40354e+06
4219.6,-1.4028e+06
4219.7,-1.40205e+06
4219.8,-1.40131e+06
4219.9,-1.40057e+06
4220,-1.39983e+06
4220.1,-1.39909e+06
4220.2,-1.39835e+06
4220.3,-1.39761e+06
4220.4,-1.39687e+06
4220.5,-1.39613e+06
4220.6,-1.39539e+06
4220.7,-1.39465e+06
4220.8,-1.3939e+06
4220.9,-1.39316e+06
4221,-1.39242e+06
4221.1,-1.39168e+06
4221.2,-1.39094e+06
4221.3,-1.3902e+06
4221.4,-1.38946e+06
4221.5,-1.38872e+06
4221.6,-1.38798e+06
4221.7,-1.38724e+06
4221.8,-1.38649e+06
4221.9,-1.38575e+06
4222,-1.38501e+06
4222.1,-1.38427e+06
4222.2,-1.38353e+06
4222.3,-1.38279e+06
4222.4,-1.38205e+06
4222.5,-1.38131e+06
4222.6,-1.38056e+06
4222.7,-1.37982e+06
4222.8,-1.37908e+06
4222.9,-1.37834e+06
4223,-1.3776e+06
4223.1,-1.37686e+06
4223.2,-1.37612e+06
4223.3,-1.37538e+06
4223.4,-1.37463e+06
4223.5,-1.37389e+06
4223.6,-1.37315e+06
4223.7,-1.37241e+06
4223.8,-1.37167e+06
4223.9,-1.37093e+06
4224,-1.37018e+06
4224.1,-1.36944e+06
4224.2,-1.3687e+06
4224.3,-1.36796e+06
4224.4,-1.36722e+06
4224.5,-1.36648e+06
4224.6,-1.36574e+06
4224.7,-1.36499e+06
4224.8,-1.36425e+06
4224.9,-1.36351e+06
4225,-1.36277e+06
4225.1,-1.36203e+06
4225.2,-1.36129e+06
4225.3,-1.36054e+06
4225.4,-1.3598e+06
4225.5,-1.35906e+06
4225.6,-1.35832e+06
4225.7,-1.35758e+06
4225.8,-1.35684e+06
4225.9,-1.35609e+06
4226,-1.35535e+06
4226.1,-1.35461e+06
4226.2,-1.35387e+06
4226.3,-1.35313e+06
4226.4,-1.35238e+06
4226.5,-1.35164e+06
4226.6,-1.3509e+06
4226.7,-1.35016e+06
4226.8,-1.34942e+06
4226.9,-1.34867e+06
4227,-1.34793e+06
4227.1,-1.34719e+06
4227.2,-1.34645e+06
4227.3,-1.34571e+06
4227.4,-1.34496e+06
4227.5,-1.34422e+06
4227.6,-1.34348e+06
4227.7,-1.34274e+06
4227.8,-1.342e+06
4227.9,-1.34125e+06
4228,-1.34051e+06
4228.1,-1.33977e+06
4228.2,-1.33903e+06
4228.3,-1.33829e+06
4228.4,-1.33754e+06
4228.5,-1.3368e+06
4228.6,-1.33606e+06
4228.7,-1.33532e+06
4228.8,-1.33457e+06
4228.9,-1.33383e+06
4229,-1.33309e+06
4229.1,-1.33235e+06
4229.2,-1.33161e+06
4229.3,-1.33086e+06
4229.4,-1.33012e+06
4229.5,-1.32938e+06
4229.6,-1.32864e+06
4229.7,-1.32789e+06
4229.8,-1.32715e+06
4229.9,-1.32641e+06
4230,-1.32567e+06
4230.1,-1.32492e+06
4230.2,-1.32418e+06
4230.3,-1.32344e+06
4230.4,-1.3227e+06
4230.5,-1.32195e+06
4230.6,-1.32121e+06
4230.7,-1.32047e+06
4230.8,-1.31973e+06
4230.9,-1.31898e+06
4231,-1.31824e+06
4231.1,-1.3175e+06
4231.2,-1.31676e+06
4231.3,-1.31601e+06
4231.4,-1.31527e+06
4231.5,-1.31453e+06
4231.6,-1.31378e+06
4231.7,-1.31304e+06
4231.8,-1.3123e+06
4231.9,-1.31156e+06
4232,-1.31081e+06
4232.1,-1.31007e+06
4232.2,-1.30933e+06
4232.3,-1.30859e+06
4232.4,-1.30784e+06
4232.5,-1.3071e+06
4232.6,-1.30636e+06
4232.7,-1.30561e+06
4232.8,-1.30487e+06
4232.9,-1.30413e+06
4233,-1.30339e+06
4233.1,-1.30264e+06
4233.2,-1.3019e+06
4233.3,-1.30116e+06
4233.4,-1.30041e+06
4233.5,-1.29967e+06
4233.6,-1.29893e+06
4233.7,-1.29818e+06
4233.8,-1.29744e+06
4233.9,-1.2967e+06
4234,-1.29596e+06
4234.1,-1.29521e+06
4234.2,-1.29447e+06
4234.3,-1.29373e+06
4234.4,-1.29298e+06
4234.5,-1.29224e+06
4234.6,-1.2915e+06
4234.7,-1.29075e+06
4234.8,-1.29001e+06
4234.9,-1.28927e+06
4235,-1.28852e+06
4235.1,-1.28778e+06
4235.2,-1.28704e+06
4235.3,-1.28629e+06
4235.4,-1.28555e+06
4235.5,-1.28481e+06
4235.6,-1.28406e+06
4235.7,-1.28332e+06
4235.8,-1.28258e+06
4235.9,-1.28183e+06
4236,-1.28109e+06
4236.1,-1.28035e+06
4236.2,-1.2796e+06
4236.3,-1.27886e+06
4236.4,-1.27812e+06
4236.5,-1.27737e+06
4236.6,-1.27663e+06
4236.7,-1.27589e+06
4236.8,-1.27514e+06
4236.9,-1.2744e+06
4237,-1.27366e+06
4237.1,-1.27291e+06
4237.2,-1.27217e+06
4237.3,-1.27143e+06
4237.4,-1.27068e+06
4237.5,-1.26994e+06
4237.6,-1.2692e+06
4237.7,-1.26845e+06
4237.8,-1.26771e+06
4237.9,-1.26696e+06
4238,-1.26622e+06
4238.1,-1.26548e+06
4238.2,-1.26473e+06
4238.3,-1.26399e+06
4238.4,-1.26325e+06
4238.5,-1.2625e+06
4238.6,-1.26176e+06
4238.7,-1.26101e+06
4238.8,-1.26027e+06
4238.9,-1.25953e+06
4239,-1.25878e+06
4239.1,-1.25804e+06
4239.2,-1.2573e+06
4239.3,-1.25655e+06
4239.4,-1.25581e+06
4239.5,-1.25506e+06
4239.6,-1.25432e+06
4239.7,-1.25358e+06
4239.8,-1.25283e+06
4239.9,-1.25209e+06
4240,-1.25134e+06
4240.1,-1.2506e+06
4240.2,-1.24986e+06
4240.3,-1.24911e+06
4240.4,-1.24837e+06
4240.5,-1.24762e+06
4240.6,-1.24688e+06
4240.7,-1.24614e+06
4240.8,-1.24539e+06
4240.9,-1.24465e+06
4241,-1.2439e+06
4241.1,-1.24316e+06
4241.2,-1.24242e+06
4241.3,-1.24167e+06
4241.4,-1.24093e+06
4241.5,-1.24018e+06
4241.6,-1.23944e+06
4241.7,-1.23869e+06
4241.8,-1.23795e+06
4241.9,-1.23721e+06
4242,-1.23646e+06
4242.1,-1.23572e+06
4242.2,-1.23497e+06
4242.3,-1.23423e+06
4242.4,-1.23348e+06
4242.5,-1.23274e+06
4242.6,-1.232e+06
4242.7,-1.23125e+06
4242.8,-1.23051e+06
4242.9,-1.22976e+06
4243,-1.22902e+06
4243.1,-1.22827e+06
4243.2,-1.22753e+06
4243.3,-1.22678e+06
4243.4,-1.22604e+06
4243.5,-1.2253e+06
4243.6,-1.22455e+06
4243.7,-1.22381e+06
4243.8,-1.22306e+06
4243.9,-1.22232e+06
4244,-1.22157e+06
4244.1,-1.22083e+06
4244.2,-1.22008e+06
4244.3,-1.21934e+06
4244.4,-1.21859e+06
4244.5,-1.21785e+06
4244.6,-1.21711e+06
4244.7,-1.21636e+06
4244.8,-1.21562e+06
4244.9,-1.21487e+06
4245,-1.21413e+06
4245.1,-1.21338e+06
4245.2,-1.21264e+06
4245.3,-1.21189e+06
4245.4,-1.21115e+06
4245.5,-1.2104e+06
4245.6,-1.20966e+06
4245.7,-1.20891e+06
4245.8,-1.20817e+06
4245.9,-1.20742e+06
4246,-1.20668e+06
4246.1,-1.20593e+06
4246.2,-1.20519e+06
4246.3,-1.20444e+06
4246.4,-1.2037e+06
4246.5,-1.20295e+06
4246.6,-1.20221e+06
4246.7,-1.20146e+06
4246.8,-1.20072e+06
4246.9,-1.19998e+06
4247,-1.19923e+06
4247.1,-1.19848e+06
4247.2,-1.19774e+06
4247.3,-1.197e+06
4247.4,-1.19625e+06
4247.5,-1.1955e+06
4247.6,-1.19476e+06
4247.7,-1.19401e+06
4247.8,-1.19327e+06
4247.9,-1.19252e+06
4248,-1.19178e+06
4248.1,-1.19103e+06
4248.2,-1.19029e+06
4248.3,-1.18954e+06
4248.4,-1.1888e+06
4248.5,-1.18805e+06
4248.6,-1.18731e+06
4248.7,-1.18656e+06
4248.8,-1.18582e+06
4248.9,-1.18507e+06
4249,-1.18433e+06
4249.1,-1.18358e+06
4249.2,-1.18284e+06
4249.3,-1.18209e+06
4249.4,-1.18135e+06
4249.5,-1.1806e+06
4249.6,-1.17986e+06
4249.7,-1.17911e+06
4249.8,-1.17836e+06
4249.9,-1.17762e+06
4250,-1.17687e+06
4250.1,-1.17613e+06
4250.2,-1.17538e+06
4250.3,-1.17464e+06
4250.4,-1.17389e+06
4250.5,-1.17315e+06
4250.6,-1.1724e+06
4250.7,-1.17166e+06
4250.8,-1.17091e+06
4250.9,-1.17016e+06
4251,-1.16942e+06
4251.1,-1.16867e+06
4251.2,-1.16793e+06
4251.3,-1.16718e+06
4251.4,-1.16644e+06
4251.5,-1.16569e+06
4251.6,-1.16495e+06
4251.7,-1.1642e+06
4251.8,-1.16345e+06
4251.9,-1.16271e+06
4252,-1.16196e+06
4252.1,-1.16122e+06
4252.2,-1.16047e+06
4252.3,-1.15973e+06
4252.4,-1.15898e+06
4252.5,-1.15823e+06
4252.6,-1.15749e+06
4252.7,-1.15674e+06
4252.8,-1.156e+06
4252.9,-1.15525e+06
4253,-1.15451e+06
4253.1,-1.15376e+06
4253.2,-1.15301e+06
4253.3,-1.15227e+06
4253.4,-1.15152e+06
4253.5,-1.15078e+06
4253.6,-1.15003e+06
4253.7,-1.14928e+06
4253.8,-1.14854e+06
4253.9,-1.14779e+06
4254,-1.14705e+06
4254.1,-1.1463e+06
4254.2,-1.14555e+06
4254.3,-1.14481e+06
4254.4,-1.14406e+06
4254.5,-1.14332e+06
4254.6,-1.14257e+06
4254.7,-1.14182e+06
4254.8,-1.14108e+06
4254.9,-1.14033e+06
4255,-1.13959e+06
4255.1,-1.13884e+06
4255.2,-1.13809e+06
4255.3,-1.13735e+06
4255.4,-1.1366e+06
4255.5,-1.13586e+06
4255.6,-1.13511e+06
4255.7,-1.13436e+06
4255.8,-1.13362e+06
4255.9,-1.13287e+06
4256,-1.13212e+06
4256.1,-1.13138e+06
4256.2,-1.13063e+06
4256.3,-1.12989e+06
4256.4,-1.12914e+06
4256.5,-1.12839e+06
4256.6,-1.12765e+06
4256.7,-1.1269e+06
4256.8,-1.12615e+06
4256.9,-1.12541e+06
4257,-1.12466e+06
4257.1,-1.12392e+06
4257.2,-1.12317e+06
4257.3,-1.12242e+06
4257.4,-1.12168e+06
4257.5,-1.12093e+06
4257.6,-1.12018e+06
4257.7,-1.11944e+06
4257.8,-1.11869e+06
4257.9,-1.11794e+06
4258,-1.1172e+06
4258.1,-1.11645e+06
4258.2,-1.1157e+06
4258.3,-1.11496e+06
4258.4,-1.11421e+06
4258.5,-1.11346e+06
4258.6,-1.11272e+06
4258.7,-1.11197e+06
4258.8,-1.11122e+06
4258.9,-1.11048e+06
4259,-1.10973e+06
4259.1,-1.10899e+06
4259.2,-1.10824e+06
4259.3,-1.10749e+06
4259.4,-1.10675e+06
4259.5,-1.106e+06
4259.6,-1.10525e+06
4259.7,-1.10451e+06
4259.8,-1.10376e+06
4259.9,-1.10301e+06
4260,-1.10226e+06
4260.1,-1.10152e+06
4260.2,-1.10077e+06
4260.3,-1.10002e+06
4260.4,-1.09928e+06
4260.5,-1.09853e+06
4260.6,-1.09778e+06
4260.7,-1.09704e+06
4260.8,-1.09629e+06
4260.9,-1.09554e+06
4261,-1.0948e+06
4261.1,-1.09405e+06
4261.2,-1.0933e+06
4261.3,-1.09256e+06
4261.4,-1.09181e+06
4261.5,-1.09106e+06
4261.6,-1.09032e+06
4261.7,-1.08957e+06
4261.8,-1.08882e+06
4261.9,-1.08807e+06
4262,-1.08733e+06
4262.1,-1.08658e+06
4262.2,-1.08583e+06
4262.3,-1.08509e+06
4262.4,-1.08434e+06
4262.5,-1.08359e+06
4262.6,-1.08284e+06
4262.7,-1.0821e+06
4262.8,-1.08135e+06
4262.9,-1.0806e+06
4263,-1.07986e+06
4263.1,-1.07911e+06
4263.2,-1.07836e+06
4263.3,-1.07762e+06
4263.4,-1.07687e+06
4263.5,-1.07612e+06
4263.6,-1.07537e+06
4263.7,-1.07463e+06
4263.8,-1.07388e+06
4263.9,-1.07313e+06
4264,-1.07238e+06
4264.1,-1.07164e+06
4264.2,-1.07089e+06
4264.3,-1.07014e+06
4264.4,-1.0694e+06
4264.5,-1.06865e+06
4264.6,-1.0679e+06
4264.7,-1.06715e+06
4264.8,-1.06641e+06
4264.9,-1.06566e+06
4265,-1.06491e+06
4265.1,-1.06416e+06
4265.2,-1.06342e+06
4265.3,-1.06267e+06
4265.4,-1.06192e+06
4265.5,-1.06117e+06
4265.6,-1.06043e+06
4265.7,-1.05968e+06
4265.8,-1.05893e+06
4265.9,-1.05818e+06
4266,-1.05744e+06
4266.1,-1.05669e+06
4266.2,-1.05594e+06
4266.3,-1.05519e+06
4266.4,-1.05445e+06
4266.5,-1.0537e+06
4266.6,-1.05295e+06
4266.7,-1.0522e+06
4266.8,-1.05146e+06
4266.9,-1.05071e+06
4267,-1.04996e+06
4267.1,-1.04921e+06
4267.2,-1.04847e+06
4267.3,-1.04772e+06
4267.4,-1.04697e+06
4267.5,-1.04622e+06
4267.6,-1.04547e+06
4267.7,-1.04473e+06
4267.8,-1.04398e+06
4267.9,-1.04323e+06
4268,-1.04248e+06
4268.1,-1.04174e+06
4268.2,-1.04099e+06
4268.3,-1.04024e+06
4268.4,-1.03949e+06
4268.5,-1.03874e+06
4268.6,-1.038e+06
4268.7,-1.03725e+06
4268.8,-1.0365e+06
4268.9,-1.03575e+06
4269,-1.03501e+06
4269.1,-1.03426e+06
4269.2,-1.03351e+06
4269.3,-1.03276e+06
4269.4,-1.03201e+06
4269.5,-1.03127e+06
4269.6,-1.03052e+06
4269.7,-1.02977e+06
4269.8,-1.02902e+06
4269.9,-1.02827e+06
4270,-1.02753e+06
4270.1,-1.02678e+06
4270.2,-1.02603e+06
4270.3,-1.02528e+06
4270.4,-1.02453e+06
4270.5,-1.02379e+06
4270.6,-1.02304e+06
4270.7,-1.02229e+06
4270.8,-1.02154e+06
4270.9,-1.02079e+06
4271,-1.02004e+06
4271.1,-1.0193e+06
4271.2,-1.01855e+06
4271.3,-1.0178e+06
4271.4,-1.01705e+06
4271.5,-1.0163e+06
4271.6,-1.01556e+06
4271.7,-1.01481e+06
4271.8,-1.01406e+06
4271.9,-1.01331e+06
4272,-1.01256e+06
4272.1,-1.01181e+06
4272.2,-1.01107e+06
4272.3,-1.01032e+06
4272.4,-1.00957e+06
4272.5,-1.00882e+06
4272.6,-1.00807e+06
4272.7,-1.00732e+06
4272.8,-1.00658e+06
4272.9,-1.00583e+06
4273,-1.00508e+06
4273.1,-1.00433e+06
4273.2,-1.00358e+06
4273.3,-1.00283e+06
4273.4,-1.00209e+06
4273.5,-1.00134e+06
4273.6,-1.00059e+06
4273.7,-999841
4273.8,-999092
4273.9,-998344
4274,-997595
4274.1,-996847
4274.2,-996098
4274.3,-995350
4274.4,-994601
4274.5,-993853
4274.6,-993104
4274.7,-992356
4274.8,-991607
4274.9,-990858
4275,-990110
4275.1,-989361
4275.2,-988613
4275.3,-987864
4275.4,-987115
4275.5,-986367
4275.6,-985618
4275.7,-984869
4275.8,-984121
4275.9,-983372
4276,-982623
4276.1,-981874
4276.2,-981126
4276.3,-980377
4276.4,-979628
4276.5,-978879
4276.6,-978131
4276.7,-977382
4276.8,-976633
4276.9,-975884
4277,-975135
4277.1,-974386
4277.2,-973638
4277.3,-972889
4277.4,-972140
4277.5,-971391
4277.6,-970642
4277.7,-969893
4277.8,-969144
4277.9,-968395
4278,-967646
4278.1,-966897
4278.2,-966148
4278.3,-965399
4278.4,-964650
4278.5,-963901
4278.6,-963152
4278.7,-962403
4278.8,-961654
4278.9,-960905
4279,-960156
4279.1,-959407
4279.2,-958658
4279.3,-957909
4279.4,-957160
4279.5,-956411
4279.6,-955662
4279.7,-954912
4279.8,-954163
4279.9,-953414
4280,-952665
4280.1,-951916
4280.2,-951167
4280.3,-950417
4280.4,-949668
4280.5,-948919
4280.6,-948170
4280.7,-947420
4280.8,-946671
4280.9,-945922
4281,-945173
4281.1,-944423
4281.2,-943674
4281.3,-942925
4281.4,-942175
4281.5,-941426
4281.6,-940677
4281.7,-939927
4281.8,-939178
4281.9,-938428
4282,-937679
4282.1,-936930
4282.2,-936180
4282.3,-935431
4282.4,-934681
4282.5,-933932
4282.6,-933182
4282.7,-932433
4282.8,-931684
4282.9,-930934
4283,-930184
4283.1,-929435
4283.2,-928685
4283.3,-927936
4283.4,-927186
4283.5,-926437
4283.6,-925687
4283.7,-924938
4283.8,-924188
4283.9,-923438
4284,-922689
4284.1,-921939
4284.2,-921190
4284.3,-920440
4284.4,-919690
4284.5,-918940
4284.6,-918191
4284.7,-917441
4284.8,-916691
4284.9,-915942
4285,-915192
4285.1,-914442
4285.2,-913692
4285.3,-912943
4285.4,-912193
4285.5,-911443
4285.6,-910693
4285.7,-909944
4285.8,-909194
4285.9,-908444
4286,-907694
4286.1,-906944
4286.2,-906194
4286.3,-905444
4286.4,-904695
4286.5,-903945
4286.6,-903195
4286.7,-902445
4286.8,-901695
4286.9,-900945
4287,-900195
4287.1,-899445
4287.2,-898695
4287.3,-897945
4287.4,-897195
4287.5,-896445
4287.6,-895695
4287.7,-894945
4287.8,-894195
4287.9,-893445
4288,-892695
4288.1,-891945
4288.2,-891195
4288.3,-890445
4288.4,-889695
4288.5,-888945
4288.6,-888195
4288.7,-887444
4288.8,-886694
4288.9,-885944
4289,-885194
4289.1,-884444
4289.2,-883694
4289.3,-882944
4289.4,-882193
4289.5,-881443
4289.6,-880693
4289.7,-879943
4289.8,-879192
4289.9,-878442
4290,-877692
4290.1,-876942
4290.2,-876191
4290.3,-875441
4290.4,-874691
4290.5,-873940
4290.6,-873190
4290.7,-872440
4290.8,-871690
4290.9,-870939
4291,-870189
4291.1,-869438
4291.2,-868688
4291.3,-867938
4291.4,-867187
4291.5,-866437
4291.6,-865686
4291.7,-864936
4291.8,-864186
4291.9,-863435
4292,-862685
4292.1,-861934
4292.2,-861184
4292.3,-860433
4292.4,-859683
4292.5,-858932
4292.6,-858182
4292.7,-857431
4292.8,-856681
4292.9,-855930
4293,-855179
4293.1,-854429
4293.2,-853678
4293.3,-852928
4293.4,-852177
4293.5,-851426
4293.6,-850676
4293.7,-849925
4293.8,-849175
4293.9,-848424
4294,-847673
4294.1,-846922
4294.2,-846172
4294.3,-845421
4294.4,-844670
4294.5,-843920
4294.6,-843169
4294.7,-842418
4294.8,-841668
4294.9,-840917
4295,-840166
4295.1,-839415
4295.2,-838664
4295.3,-837914
4295.4,-837163
4295.5,-836412
4295.6,-835661
4295.7,-834910
4295.8,-834160
4295.9,-833409
4296,-832658
4296.1,-831907
4296.2,-831156
4296.3,-830405
4296.4,-829654
4296.5,-828903
4296.6,-828152
4296.7,-827401
4296.8,-826650
4296.9,-825900
4297,-825149
4297.1,-824398
4297.2,-823647
4297.3,-822896
4297.4,-822145
4297.5,-821394
4297.6,-820643
4297.7,-819892
4297.8,-819140
4297.9,-818389
4298,-817638
4298.1,-816887
4298.2,-816136
4298.3,-815385
4298.4,-814634
4298.5,-813883
4298.6,-813132
4298.7,-812381
4298.8,-811630
4298.9,-810878
4299,-810127
4299.1,-809376
4299.2,-808625
4299.3,-807874
4299.4,-807122
4299.5,-806371
4299.6,-805620
4299.7,-804869
4299.8,-804118
4299.9,-803366
4300,-802615
4300.1,-801864
4300.2,-801113
4300.3,-800361
4300.4,-799610
4300.5,-798859
4300.6,-798107
4300.7,-797356
4300.8,-796605
4300.9,-795853
4301,-795102
4301.1,-794351
4301.2,-793599
4301.3,-792848
4301.4,-792097
4301.5,-791345
4301.6,-790594
4301.7,-789842
4301.8,-789091
4301.9,-788340
4302,-787588
4302.1,-786837
4302.2,-786085
4302.3,-785334
4302.4,-784582
4302.5,-783831
4302.6,-783079
4302.7,-782328
4302.8,-781576
4302.9,-780825
4303,-780073
4303.1,-779322
4303.2,-778570
4303.3,-777818
4303.4,-777067
4303.5,-776315
4303.6,-775564
4303.7,-774812
4303.8,-774060
4303.9,-773309
4304,-772557
4304.1,-771806
4304.2,-771054
4304.3,-770302
4304.4,-769551
4304.5,-768799
4304.6,-768047
4304.7,-767296
4304.8,-766544
4304.9,-765792
4305,-765041
4305.1,-764289
4305.2,-763537
4305.3,-762785
4305.4,-762034
4305.5,-761282
4305.6,-760530
4305.7,-759778
4305.8,-759026
4305.9,-758275
4306,-757523
4306.1,-756771
4306.2,-756019
4306.3,-755267
4306.4,-754516
4306.5,-753764
4306.6,-753012
4306.7,-752260
4306.8,-751508
4306.9,-750756
4307,-750004
4307.1,-749252
4307.2,-748501
4307.3,-747749
4307.4,-746997
4307.5,-746245
4307.6,-745493
4307.7,-744741
4307.8,-743989
4307.9,-743237
4308,-742485
4308.1,-741733
4308.2,-740981
4308.3,-740229
4308.4,-739477
4308.5,-738725
4308.6,-737973
4308.7,-737221
4308.8,-736469
4308.9,-735717
4309,-734965
4309.1,-734213
4309.2,-733460
4309.3,-732708
4309.4,-731956
4309.5,-731204
4309.6,-730452
4309.7,-729700
4309.8,-728948
4309.9,-728196
4310,-727443
4310.1,-726691
4310.2,-725939
4310.3,-725187
4310.4,-724435
4310.5,-723682
4310.6,-722930
4310.7,-722178
4310.8,-721426
4310.9,-720674
4311,-719921
4311.1,-719169
4311.2,-718417
4311.3,-717665
4311.4,-716912
4311.5,-716160
4311.6,-715408
4311.7,-714655
4311.8,-713903
4311.9,-713151
4312,-712398
4312.1,-711646
4312.2,-710894
4312.3,-710141
4312.4,-709389
4312.5,-708637
4312.6,-707884
4312.7,-707132
4312.8,-706380
4312.9,-705627
4313,-704875
4313.1,-704122
4313.2,-703370
4313.3,-702617
4313.4,-701865
4313.5,-701113
4313.6,-700360
4313.7,-699608
4313.8,-698855
4313.9,-698103
4314,-697350
4314.1,-696598
4314.2,-695845
4314.3,-695093
4314.4,-694340
4314.5,-693588
4314.6,-692835
4314.7,-692082
4314.8,-691330
4314.9,-690577
4315,-689825
4315.1,-689072
4315.2,-688320
4315.3,-687567
4315.4,-686814
4315.5,-686062
4315.6,-685309
4315.7,-684556
4315.8,-683804
4315.9,-683051
4316,-682299
4316.1,-681546
4316.2,-680793
4316.3,-680040
4316.4,-679288
4316.5,-678535
4316.6,-677782
4316.7,-677030
4316.8,-676277
4316.9,-675524
4317,-674772
4317.1,-674019
4317.2,-673266
4317.3,-672513
4317.4,-671760
4317.5,-671008
4317.6,-670255
4317.7,-669502
4317.8,-668749
4317.9,-667996
4318,-667244
4318.1,-666491
4318.2,-665738
4318.3,-664985
4318.4,-664232
4318.5,-663480
4318.6,-662727
4318.7,-661974
4318.8,-661221
4318.9,-660468
4319,-659715
4319.1,-658962
4319.2,-658209
4319.3,-657456
4319.4,-656703
4319.5,-655950
4319.6,-655198
4319.7,-654445
4319.8,-653692
4319.9,-652939
4320,-652186
4320.1,-651433
4320.2,-650680
4320.3,-649927
4320.4,-649174
4320.5,-648421
4320.6,-647668
4320.7,-646915
4320.8,-646162
4320.9,-645409
4321,-644656
4321.1,-643902
4321.2,-643149
4321.3,-642396
4321.4,-641643
4321.5,-640890
4321.6,-640137
4321.7,-639384
4321.8,-638631
4321.9,-637878
4322,-637125
4322.1,-636372
4322.2,-635618
4322.3,-634865
4322.4,-634112
4322.5,-633359
4322.6,-632606
4322.7,-631852
4322.8,-631099
4322.9,-630346
4323,-629593
4323.1,-628840
4323.2,-628087
4323.3,-627333
4323.4,-626580
4323.5,-625827
4323.6,-625074
4323.7,-624320
4323.8,-623567
4323.9,-622814
4324,-622061
4324.1,-621307
4324.2,-620554
4324.3,-619801
4324.4,-619047
4324.5,-618294
4324.6,-617541
4324.7,-616787
4324.8,-616034
4324.9,-615281
4325,-614527
4325.1,-613774
4325.2,-613021
4325.3,-612267
4325.4,-611514
4325.5,-610760
4325.6,-610007
4325.7,-609254
4325.8,-608500
4325.9,-607747
4326,-606994
4326.1,-606240
4326.2,-605487
4326.3,-604733
4326.4,-603980
4326.5,-603226
4326.6,-602473
4326.7,-601719
4326.8,-600966
4326.9,-600212
4327,-599459
4327.1,-598705
4327.2,-597952
4327.3,-597198
4327.4,-596445
4327.5,-595691
4327.6,-594938
4327.7,-594184
4327.8,-593431
4327.9,-592677
4328,-591924
4328.1,-591170
4328.2,-590416
4328.3,-589663
4328.4,-588909
4328.5,-588156
4328.6,-587402
4328.7,-586648
4328.8,-585895
4328.9,-585141
4329,-584388
4329.1,-583634
4329.2,-582880
4329.3,-582127
4329.4,-581373
4329.5,-580619
4329.6,-579866
4329.7,-579112
4329.8,-578358
4329.9,-577605
4330,-576851
4330.1,-576097
4330.2,-575344
4330.3,-574590
4330.4,-573836
4330.5,-573082
4330.6,-572328
4330.7,-571575
4330.8,-570821
4330.9,-570067
4331,-569314
4331.1,-568560
4331.2,-567806
4331.3,-567052
4331.4,-566298
4331.5,-565544
4331.6,-564791
4331.7,-564037
4331.8,-563283
4331.9,-562529
4332,-561775
4332.1,-561022
4332.2,-560268
4332.3,-559514
4332.4,-558760
4332.5,-558006
4332.6,-557252
4332.7,-556498
4332.8,-555744
4332.9,-554991
4333,-554237
4333.1,-553483
4333.2,-552729
4333.3,-551975
4333.4,-551221
4333.5,-550467
4333.6,-549713
4333.7,-548959
4333.8,-548205
4333.9,-547451
4334,-546697
4334.1,-545943
4334.2,-545189
4334.3,-544435
4334.4,-543681
4334.5,-542927
4334.6,-542173
4334.7,-541419
4334.8,-540665
4334.9,-539911
4335,-539157
4335.1,-538403
4335.2,-537649
4335.3,-536895
4335.4,-536141
4335.5,-535387
4335.6,-534633
4335.7,-533879
4335.8,-533125
4335.9,-532371
4336,-531617
4336.1,-530863
4336.2,-530108
4336.3,-529354
4336.4,-528600
4336.5,-527846
4336.6,-527092
4336.7,-526338
4336.8,-525584
4336.9,-524830
4337,-524075
4337.1,-523321
4337.2,-522567
4337.3,-521813
4337.4,-521059
4337.5,-520305
4337.6,-519550
4337.7,-518796
4337.8,-518042
4337.9,-517288
4338,-516534
4338.1,-515779
4338.2,-515025
4338.3,-514271
4338.4,-513517
4338.5,-512762
4338.6,-512008
4338.7,-511254
4338.8,-510500
4338.9,-509745
4339,-508991
4339.1,-508237
4339.2,-507482
4339.3,-506728
4339.4,-505974
4339.5,-505220
4339.6,-504465
4339.7,-503711
4339.8,-502957
4339.9,-502202
4340,-501448
4340.1,-500694
4340.2,-499939
4340.3,-499185
4340.4,-498430
4340.5,-497676
4340.6,-496922
4340.7,-496167
4340.8,-495413
4340.9,-494659
4341,-493904
4341.1,-493150
4341.2,-492395
4341.3,-491641
4341.4,-490887
4341.5,-490132
4341.6,-489378
4341.7,-488623
4341.8,-487869
4341.9,-487114
4342,-486360
4342.1,-485605
4342.2,-484851
4342.3,-484096
4342.4,-483342
4342.5,-482588
4342.6,-481833
4342.7,-481079
4342.8,-480324
4342.9,-479570
4343,-478815
4343.1,-478060
4343.2,-477306
4343.3,-476551
4343.4,-475797
4343.5,-475042
4343.6,-474288
4343.7,-473533
4343.8,-472779
4343.9,-472024
4344,-471270
4344.1,-470515
4344.2,-469760
4344.3,-469006
4344.4,-468251
4344.5,-467497
4344.6,-466742
4344.7,-465987
4344.8,-465233
4344.9,-464478
4345,-463724
4345.1,-462969
4345.2,-462214
4345.3,-461460
4345.4,-460705
4345.5,-459950
4345.6,-459196
4345.7,-458441
4345.8,-457686
4345.9,-456932
4346,-456177
4346.1,-455422
4346.2,-454668
4346.3,-453913
4346.4,-453158
4346.5,-452404
4346.6,-451649
4346.7,-450894
4346.8,-450139
4346.9,-449385
4347,-448630
4347.1,-447875
4347.2,-447120
4347.3,-446366
4347.4,-445611
4347.5,-444856
4347.6,-444102
4347.7,-443347
4347.8,-442592
4347.9,-441837
4348,-441082
4348.1,-440328
4348.2,-439573
4348.3,-438818
4348.4,-438063
4348.5,-437308
4348.6,-436554
4348.7,-435799
4348.8,-435044
4348.9,-434289
4349,-433534
4349.1,-432779
4349.2,-432025
4349.3,-431270
4349.4,-430515
4349.5,-429760
4349.6,-429005
4349.7,-428250
4349.8,-427495
4349.9,-426740
4350,-425986
4350.1,-425231
4350.2,-424476
4350.3,-423721
4350.4,-422966
4350.5,-422211
4350.6,-421456
4350.7,-420701
4350.8,-419946
4350.9,-419191
4351,-418436
4351.1,-417682
4351.2,-416927
4351.3,-416172
4351.4,-415417
4351.5,-414662
4351.6,-413907
4351.7,-413152
4351.8,-412397
4351.9,-411642
4352,-410887
4352.1,-410132
4352.2,-409377
4352.3,-408622
4352.4,-407867
4352.5,-407112
4352.6,-406357
4352.7,-405602
4352.8,-404847
4352.9,-404092
4353,-403337
4353.1,-402582
4353.2,-401827
4353.3,-401072
4353.4,-400316
4353.5,-399561
4353.6,-398806
4353.7,-398051
4353.8,-397296
4353.9,-396541
4354,-395786
4354.1,-395031
4354.2,-394276
4354.3,-393521
4354.4,-392766
4354.5,-392011
4354.6,-391256
4354.7,-390500
4354.8,-389745
4354.9,-388990
4355,-388235
4355.1,-387480
4355.2,-386725
4355.3,-385970
4355.4,-385214
4355.5,-384459
4355.6,-383704
4355.7,-382949
4355.8,-382194
4355.9,-381439
4356,-380683
4356.1,-379928
4356.2,-379173
4356.3,-378418
4356.4,-377663
4356.5,-376908
4356.6,-376152
4356.7,-375397
4356.8,-374642
4356.9,-373887
4357,-373131
4357.1,-372376
4357.2,-371621
4357.3,-370866
4357.4,-370111
4357.5,-369355
4357.6,-368600
4357.7,-367845
4357.8,-367090
4357.9,-366334
4358,-365579
4358.1,-364824
4358.2,-364068
4358.3,-363313
4358.4,-362558
4358.5,-361803
4358.6,-361047
4358.7,-360292
4358.8,-359537
4358.9,-358782
4359,-358026
4359.1,-357271
4359.2,-356516
4359.3,-355760
4359.4,-355005
4359.5,-354250
4359.6,-353494
4359.7,-352739
4359.8,-351984
4359.9,-351228
4360,-350473
4360.1,-349718
4360.2,-348962
4360.3,-348207
4360.4,-347452
4360.5,-346696
4360.6,-345941
4360.7,-345185
4360.8,-344430
4360.9,-343675
4361,-342919
4361.1,-342164
4361.2,-341408
4361.3,-340653
4361.4,-339898
4361.5,-339142
4361.6,-338387
4361.7,-337631
4361.8,-336876
4361.9,-336121
4362,-335365
4362.1,-334610
4362.2,-333854
4362.3,-333099
4362.4,-332343
4362.5,-331588
4362.6,-330832
4362.7,-330077
4362.8,-329322
4362.9,-328566
4363,-327811
4363.1,-327055
4363.2,-326300
4363.3,-325544
4363.4,-324789
4363.5,-324033
4363.6,-323278
4363.7,-322522
4363.8,-321767
4363.9,-321011
4364,-320256
4364.1,-319500
4364.2,-318745
4364.3,-317989
4364.4,-317234
4364.5,-316478
4364.6,-315723
4364.7,-314967
4364.8,-314212
4364.9,-313456
4365,-312700
4365.1,-311945
4365.2,-311189
4365.3,-310434
4365.4,-309678
4365.5,-308923
4365.6,-308167
4365.7,-307412
4365.8,-306656
4365.9,-305900
4366,-305145
4366.1,-304389
4366.2,-303634
4366.3,-302878
4366.4,-302122
4366.5,-301367
4366.6,-300611
4366.7,-299856
4366.8,-299100
4366.9,-298344
4367,-297589
4367.1,-296833
4367.2,-296078
4367.3,-295322
4367.4,-294566
4367.5,-293811
4367.6,-293055
4367.7,-292300
4367.8,-291544
4367.9,-290788
4368,-290033
4368.1,-289277
4368.2,-288521
4368.3,-287766
4368.4,-287010
4368.5,-286254
4368.6,-285499
4368.7,-284743
4368.8,-283987
4368.9,-283232
4369,-282476
4369.1,-281720
4369.2,-280964
4369.3,-280209
4369.4,-279453
4369.5,-278697
4369.6,-277942
4369.7,-277186
4369.8,-276430
4369.9,-275675
4370,-274919
4370.1,-274163
4370.2,-273407
4370.3,-272652
4370.4,-271896
4370.5,-271140
4370.6,-270384
4370.7,-269629
4370.8,-268873
4370.9,-268117
4371,-267361
4371.1,-266606
4371.2,-265850
4371.3,-265094
4371.4,-264338
4371.5,-263583
4371.6,-262827
4371.7,-262071
4371.8,-261315
4371.9,-260560
4372,-259804
4372.1,-259048
4372.2,-258292
4372.3,-257536
4372.4,-256781
4372.5,-256025
4372.6,-255269
4372.7,-254513
4372.8,-253757
4372.9,-253002
4373,-252246
4373.1,-251490
4373.2,-250734
4373.3,-249978
4373.4,-249223
4373.5,-248467
4373.6,-247711
4373.7,-246955
4373.8,-246199
4373.9,-245443
4374,-244688
4374.1,-243932
4374.2,-243176
4374.3,-242420
4374.4,-241664
4374.5,-240908
4374.6,-240152
4374.7,-239397
4374.8,-238641
4374.9,-237885
4375,-237129
4375.1,-236373
4375.2,-235617
4375.3,-234861
4375.4,-234106
4375.5,-233350
4375.6,-232594
4375.7,-231838
4375.8,-231082
4375.9,-230326
4376,-229570
4376.1,-228814
4376.2,-228058
4376.3,-227302
4376.4,-226547
4376.5,-225791
4376.6,-225035
4376.7,-224279
4376.8,-223523
4376.9,-222767
4377,-222011
4377.1,-221255
4377.2,-220499
4377.3,-219743
4377.4,-218987
4377.5,-218231
4377.6,-217476
4377.7,-216720
4377.8,-215964
4377.9,-215208
4378,-214452
4378.1,-213696
4378.2,-212940
4378.3,-212184
4378.4,-211428
4378.5,-210672
4378.6,-209916
4378.7,-209160
4378.8,-208404
4378.9,-207648
4379,-206892
4379.1,-206136
4379.2,-205380
4379.3,-204624
4379.4,-203868
4379.5,-203112
4379.6,-202356
4379.7,-201600
4379.8,-200844
4379.9,-200088
4380,-199332
4380.1,-198576
4380.2,-197820
4380.3,-197064
4380.4,-196308
4380.5,-195552
4380.6,-194796
4380.7,-194040
4380.8,-193284
4380.9,-192528
4381,-191772
4381.1,-191016
4381.2,-190260
4381.3,-189504
4381.4,-188748
4381.5,-187992
4381.6,-187236
4381.7,-186480
4381.8,-185724
4381.9,-184968
4382,-184212
4382.1,-183456
4382.2,-182700
4382.3,-181944
4382.4,-181188
4382.5,-180432
4382.6,-179676
4382.7,-178919
4382.8,-178163
4382.9,-177407
4383,-176651
4383.1,-175895
4383.2,-175139
4383.3,-174383
4383.4,-173627
4383.5,-172871
4383.6,-172115
4383.7,-171359
4383.8,-170603
4383.9,-169847
4384,-169090
4384.1,-168334
4384.2,-167578
4384.3,-166822
4384.4,-166066
4384.5,-165310
4384.6,-164554
4384.7,-163798
4384.8,-163042
4384.9,-162286
4385,-161530
4385.1,-160773
4385.2,-160017
4385.3,-159261
4385.4,-158505
4385.5,-157749
4385.6,-156993
4385.7,-156237
4385.8,-155481
4385.9,-154724
4386,-153968
4386.1,-153212
4386.2,-152456
4386.3,-151700
4386.4,-150944
4386.5,-150188
4386.6,-149432
4386.7,-148675
4386.8,-147919
4386.9,-147163
4387,-146407
4387.1,-145651
4387.2,-144895
4387.3,-144139
4387.4,-143382
4387.5,-142626
4387.6,-141870
4387.7,-141114
4387.8,-140358
4387.9,-139602
4388,-138846
4388.1,-138089
4388.2,-137333
4388.3,-136577
4388.4,-135821
4388.5,-135065
4388.6,-134309
4388.7,-133552
4388.8,-132796
4388.9,-132040
4389,-131284
4389.1,-130528
4389.2,-129772
4389.3,-129015
4389.4,-128259
4389.5,-127503
4389.6,-126747
4389.7,-125991
4389.8,-125234
4389.9,-124478
4390,-123722
4390.1,-122966
4390.2,-122210
4390.3,-121453
4390.4,-120697
4390.5,-119941
4390.6,-119185
4390.7,-118429
4390.8,-117672
4390.9,-116916
4391,-116160
4391.1,-115404
4391.2,-114648
4391.3,-113891
4391.4,-113135
4391.5,-112379
4391.6,-111623
4391.7,-110867
4391.8,-110110
4391.9,-109354
4392,-108598
4392.1,-107842
4392.2,-107086
4392.3,-106329
4392.4,-105573
4392.5,-104817
4392.6,-104061
4392.7,-103304
4392.8,-102548
4392.9,-101792
4393,-101036
4393.1,-100280
4393.2,-99523.3
4393.3,-98767
4393.4,-98010.8
4393.5,-97254.6
4393.6,-96498.3
4393.7,-95742.1
4393.8,-94985.9
4393.9,-94229.6
4394,-93473.4
4394.1,-92717.1
4394.2,-91960.9
4394.3,-91204.7
4394.4,-90448.4
4394.5,-89692.2
4394.6,-88935.9
4394.7,-88179.7
4394.8,-87423.4
4394.9,-86667.2
4395,-85910.9
4395.1,-85154.7
4395.2,-84398.4
4395.3,-83642.2
4395.4,-82885.9
4395.5,-82129.7
4395.6,-81373.4
4395.7,-80617.1
4395.8,-79860.9
4395.9,-79104.6
4396,-78348.4
4396.1,-77592.1
4396.2,-76835.8
4396.3,-76079.6
4396.4,-75323.3
4396.5,-74567
4396.6,-73810.8
4396.7,-73054.5
4396.8,-72298.2
4396.9,-71542
4397,-70785.7
4397.1,-70029.4
4397.2,-69273.2
4397.3,-68516.9
4397.4,-67760.6
4397.5,-67004.3
4397.6,-66248.1
4397.7,-65491.8
4397.8,-64735.5
4397.9,-63979.2
4398,-63223
4398.1,-62466.7
4398.2,-61710.4
4398.3,-60954.1
4398.4,-60197.8
4398.5,-59441.6
4398.6,-58685.3
4398.7,-57929
4398.8,-57172.7
4398.9,-56416.4
4399,-55660.1
4399.1,-54903.9
4399.2,-54147.6
4399.3,-53391.3
4399.4,-52635
4399.5,-51878.7
4399.6,-51122.4
4399.7,-50366.1
4399.8,-49609.8
4399.9,-48853.6
4400,-48097.3
4400.1,-47341
4400.2,-46584.7
4400.3,-45828.4
4400.4,-45072.1
4400.5,-44315.8
4400.6,-43559.5
4400.7,-42803.2
4400.8,-42046.9
4400.9,-41290.6
4401,-40534.3
4401.1,-39778
4401.2,-39021.7
4401.3,-38265.4
4401.4,-37509.1
4401.5,-36752.8
4401.6,-35996.5
4401.7,-35240.2
4401.8,-34483.9
4401.9,-33727.6
4402,-32971.3
4402.1,-32215
4402.2,-31458.7
4402.3,-30702.4
4402.4,-29946.1
4402.5,-29189.8
4402.6,-28433.5
4402.7,-27677.2
4402.8,-26920.9
4402.9,-26164.6
4403,-25408.3
4403.1,-24652
4403.2,-23895.7
4403.3,-23139.4
4403.4,-22383.1
4403.5,-21626.8
4403.6,-20870.5
4403.7,-20114.2
4403.8,-19357.9
4403.9,-18601.6
4404,-17845.3
4404.1,-17089
4404.2,-16332.7
4404.3,-15576.3
4404.4,-14820
4404.5,-14063.7
4404.6,-13307.4
4404.7,-12551.1
4404.8,-11794.8
4404.9,-11038.5
4405,-10282.2
4405.1,-9525.88
4405.2,-8769.57
4405.3,-8013.26
4405.4,-7256.96
4405.5,-6500.65
4405.6,-5744.34
4405.7,-4988.03
4405.8,-4231.72
4405.9,-3475.41
4406,-2719.1
4406.1,-1962.79
4406.2,-1206.48
4406.3,-450.173
4406.4,306.136
4406.5,1062.44
4406.6,1818.75
4406.7,2575.06
4406.8,3331.37
4406.9,4087.68
4407,4843.99
4407.1,5600.3
4407.2,6356.61
4407.3,7112.92
4407.4,7869.23
4407.5,8625.53
4407.6,9381.84
4407.7,10138.2
4407.8,10894.5
4407.9,11650.8
4408,12407.1
4408.1,13163.4
4408.2,13919.7
4408.3,14676
4408.4,15432.3
4408.5,16188.6
4408.6,16944.9
4408.7,17701.2
4408.8,18457.5
4408.9,19213.8
4409,19970.1
4409.1,20726.5
4409.2,21482.8
4409.3,22239.1
4409.4,22995.4
4409.5,23751.7
4409.6,24508
4409.7,25264.3
4409.8,26020.6
4409.9,26776.9
4410,27533.2
4410.1,28289.5
4410.2,29045.8
4410.3,29802.1
4410.4,30558.4
4410.5,31314.7
4410.6,32071
4410.7,32827.3
4410.8,33583.6
4410.9,34339.9
4411,35096.2
4411.1,35852.5
4411.2,36608.8
4411.3,37365.1
4411.4,38121.4
4411.5,38877.7
4411.6,39634
4411.7,40390.3
4411.8,41146.6
4411.9,41902.9
4412,42659.2
4412.1,43415.5
4412.2,44171.8
4412.3,44928.1
4412.4,45684.4
4412.5,46440.7
4412.6,47196.9
4412.7,47953.2
4412.8,48709.5
4412.9,49465.8
4413,50222.1
4413.1,50978.4
4413.2,51734.7
4413.3,52491
4413.4,53247.3
4413.5,54003.6
4413.6,54759.8
4413.7,55516.1
4413.8,56272.4
4413.9,57028.7
4414,57785
4414.1,58541.3
4414.2,59297.5
4414.3,60053.8
4414.4,60810.1
4414.5,61566.4
4414.6,62322.7
4414.7,63078.9
4414.8,63835.2
4414.9,64591.5
4415,65347.8
4415.1,66104
4415.2,66860.3
4415.3,67616.6
4415.4,68372.9
4415.5,69129.1
4415.6,69885.4
4415.7,70641.7
4415.8,71398
4415.9,72154.2
4416,72910.5
4416.1,73666.8
4416.2,74423
4416.3,75179.3
4416.4,75935.6
4416.5,76691.8
4416.6,77448.1
4416.7,78204.4
4416.8,78960.6
4416.9,79716.9
4417,80473.1
4417.1,81229.4
4417.2,81985.6
4417.3,82741.9
4417.4,83498.2
4417.5,84254.4
4417.6,85010.7
4417.7,85766.9
4417.8,86523.2
4417.9,87279.4
4418,88035.7
4418.1,88791.9
4418.2,89548.2
4418.3,90304.4
4418.4,91060.6
4418.5,91816.9
4418.6,92573.1
4418.7,93329.4
4418.8,94085.6
4418.9,94841.9
4419,95598.1
4419.1,96354.3
4419.2,97110.6
4419.3,97866.8
4419.4,98623
4419.5,99379.3
4419.6,100136
4419.7,100892
4419.8,101648
4419.9,102404
4420,103160
4420.1,103917
4420.2,104673
4420.3,105429
4420.4,106185
4420.5,106942
4420.6,107698
4420.7,108454
4420.8,109210
4420.9,109966
4421,110723
4421.1,111479
4421.2,112235
4421.3,112991
4421.4,113747
4421.5,114504
4421.6,115260
4421.7,116016
4421.8,116772
4421.9,117528
4422,118285
4422.1,119041
4422.2,119797
4422.3,120553
4422.4,121309
4422.5,122066
4422.6,122822
4422.7,123578
4422.8,124334
4422.9,125090
4423,125847
4423.1,126603
4423.2,127359
4423.3,128115
4423.4,128871
4423.5,129628
4423.6,130384
4423.7,131140
4423.8,131896
4423.9,132652
4424,133408
4424.1,134165
4424.2,134921
4424.3,135677
4424.4,136433
4424.5,137189
4424.6,137945
4424.7,138702
4424.8,139458
4424.9,140214
4425,140970
4425.1,141726
4425.2,142482
4425.3,143238
4425.4,143995
4425.5,144751
4425.6,145507
4425.7,146263
4425.8,147019
4425.9,147775
4426,148531
4426.1,149288
4426.2,150044
4426.3,150800
4426.4,151556
4426.5,152312
4426.6,153068
4426.7,153824
4426.8,154580
4426.9,155337
4427,156093
4427.1,156849
4427.2,157605
4427.3,158361
4427.4,159117
4427.5,159873
4427.6,160629
4427.7,161386
4427.8,162142
4427.9,162898
4428,163654
4428.1,164410
4428.2,165166
4428.3,165922
4428.4,166678
4428.5,167434
4428.6,168190
4428.7,168946
4428.8,169703
4428.9,170459
4429,171215
4429.1,171971
4429.2,172727
4429.3,173483
4429.4,174239
4429.5,174995
4429.6,175751
4429.7,176507
4429.8,177263
4429.9,178019
4430,178775
4430.1,179531
4430.2,180288
4430.3,181044
4430.4,181800
4430.5,182556
4430.6,183312
4430.7,184068
4430.8,184824
4430.9,185580
4431,186336
4431.1,187092
4431.2,187848
4431.3,188604
4431.4,189360
4431.5,190116
4431.6,190872
4431.7,191628
4431.8,192384
4431.9,193140
4432,193896
4432.1,194652
4432.2,195408
4432.3,196164
4432.4,196920
4432.5,197676
4432.6,198432
4432.7,199188
4432.8,199944
4432.9,200700
4433,201456
4433.1,202212
4433.2,202968
4433.3,203724
4433.4,204480
4433.5,205236
4433.6,205992
4433.7,206748
4433.8,207504
4433.9,208260
4434,209016
4434.1,209772
4434.2,210528
4434.3,211284
4434.4,212040
4434.5,212796
4434.6,213552
4434.7,214308
4434.8,215064
4434.9,215820
4435,216576
4435.1,217331
4435.2,218087
4435.3,218843
4435.4,219599
4435.5,220355
4435.6,221111
4435.7,221867
4435.8,222623
4435.9,223379
4436,224135
4436.1,224891
4436.2,225647
4436.3,226403
4436.4,227158
4436.5,227914
4436.6,228670
4436.7,229426
4436.8,230182
4436.9,230938
4437,231694
4437.1,232450
4437.2,233206
4437.3,233962
4437.4,234717
4437.5,235473
4437.6,236229
4437.7,236985
4437.8,237741
4437.9,238497
4438,239253
4438.1,240008
4438.2,240764
4438.3,241520
4438.4,242276
4438.5,243032
4438.6,243788
4438.7,244544
4438.8,245299
4438.9,246055
4439,246811
4439.1,247567
4439.2,248323
4439.3,249079
4439.4,249834
4439.5,250590
4439.6,251346
4439.7,252102
4439.8,252858
4439.9,253613
4440,254369
4440.1,255125
4440.2,255881
4440.3,256637
4440.4,257392
4440.5,258148
4440.6,258904
4440.7,259660
4440.8,260416
4440.9,261171
4441,261927
4441.1,262683
4441.2,263439
4441.3,264194
4441.4,264950
4441.5,265706
4441.6,266462
4441.7,267217
4441.8,267973
4441.9,268729
4442,269485
4442.1,270240
4442.2,270996
4442.3,271752
4442.4,272508
4442.5,273263
4442.6,274019
4442.7,274775
4442.8,275531
4442.9,276286
4443,277042
4443.1,277798
4443.2,278553
4443.3,279309
4443.4,280065
4443.5,280820
4443.6,281576
4443.7,282332
4443.8,283088
4443.9,283843
4444,284599
4444.1,285355
4444.2,286110
4444.3,286866
4444.4,287622
4444.5,288377
4444.6,289133
4444.7,289889
4444.8,290644
4444.9,291400
4445,292156
4445.1,292911
4445.2,293667
4445.3,294422
4445.4,295178
4445.5,295934
4445.6,296689
4445.7,297445
4445.8,298200
4445.9,298956
4446,299712
4446.1,300467
4446.2,301223
4446.3,301978
4446.4,302734
4446.5,303490
4446.6,304245
4446.7,305001
4446.8,305756
4446.9,306512
4447,307268
4447.1,308023
4447.2,308779
4447.3,309534
4447.4,310290
4447.5,311045
4447.6,311801
4447.7,312556
4447.8,313312
4447.9,314068
4448,314823
4448.1,315579
4448.2,316334
4448.3,317090
4448.4,317845
4448.5,318601
4448.6,319356
4448.7,320112
4448.8,320867
4448.9,321623
4449,322378
4449.1,323134
4449.2,323889
4449.3,324645
4449.4,325400
4449.5,326156
4449.6,326911
4449.7,327667
4449.8,328422
4449.9,329178
4450,329933
4450.1,330688
4450.2,331444
4450.3,332199
4450.4,332955
4450.5,333710
4450.6,334466
4450.7,335221
4450.8,335977
4450.9,336732
4451,337487
4451.1,338243
4451.2,338998
4451.3,339754
4451.4,340509
4451.5,341264
4451.6,342020
4451.7,342775
4451.8,343531
4451.9,344286
4452,345041
4452.1,345797
4452.2,346552
4452.3,347308
4452.4,348063
4452.5,348818
4452.6,349574
4452.7,350329
4452.8,351084
4452.9,351840
4453,352595
4453.1,353350
4453.2,354106
4453.3,354861
4453.4,355616
4453.5,356372
4453.6,357127
4453.7,357882
4453.8,358638
4453.9,359393
4454,360148
4454.1,360903
4454.2,361659
4454.3,362414
4454.4,363169
4454.5,363924
4454.6,364680
4454.7,365435
4454.8,366190
4454.9,366946
4455,367701
4455.1,368456
4455.2,369211
4455.3,369967
4455.4,370722
4455.5,371477
4455.6,372232
4455.7,372987
4455.8,373743
4455.9,374498
4456,375253
4456.1,376008
4456.2,376764
4456.3,377519
4456.4,378274
4456.5,379029
4456.6,379784
4456.7,380539
4456.8,381295
4456.9,382050
4457,382805
4457.1,383560
4457.2,384315
4457.3,385070
4457.4,385826
4457.5,386581
4457.6,387336
4457.7,388091
4457.8,388846
4457.9,389601
4458,390356
4458.1,391112
4458.2,391867
4458.3,392622
4458.4,393377
4458.5,394132
4458.6,394887
4458.7,395642
4458.8,396397
4458.9,397152
4459,397907
4459.1,398662
4459.2,399417
4459.3,400172
4459.4,400928
4459.5,401683
4459.6,402438
4459.7,403193
4459.8,403948
4459.9,404703
4460,405458
4460.1,406213
4460.2,406968
4460.3,407723
4460.4,408478
4460.5,409233
4460.6,409988
4460.7,410743
4460.8,411498
4460.9,412253
4461,413008
4461.1,413763
4461.2,414518
4461.3,415273
4461.4,416028
4461.5,416783
4461.6,417538
4461.7,418292
4461.8,419047
4461.9,419802
4462,420557
4462.1,421312
4462.2,422067
4462.3,422822
4462.4,423577
4462.5,424332
4462.6,425087
4462.7,425842
4462.8,426596
4462.9,427351
4463,428106
4463.1,428861
4463.2,429616
4463.3,430371
4463.4,431126
4463.5,431881
4463.6,432635
4463.7,433390
4463.8,434145
4463.9,434900
4464,435655
4464.1,436410
4464.2,437164
4464.3,437919
4464.4,438674
4464.5,439429
4464.6,440184
4464.7,440938
4464.8,441693
4464.9,442448
4465,443203
4465.1,443958
4465.2,444712
4465.3,445467
4465.4,446222
4465.5,446976
4465.6,447731
4465.7,448486
4465.8,449241
4465.9,449995
4466,450750
4466.1,451505
4466.2,452260
4466.3,453014
4466.4,453769
4466.5,454524
4466.6,455278
4466.7,456033
4466.8,456788
4466.9,457542
4467,458297
4467.1,459052
4467.2,459806
4467.3,460561
4467.4,461316
4467.5,462070
4467.6,462825
4467.7,463580
4467.8,464334
4467.9,465089
4468,465843
4468.1,466598
4468.2,467353
4468.3,468107
4468.4,468862
4468.5,469616
4468.6,470371
4468.7,471126
4468.8,471880
4468.9,472635
4469,473389
4469.1,474144
4469.2,474898
4469.3,475653
4469.4,476407
4469.5,477162
4469.6,477916
4469.7,478671
4469.8,479426
4469.9,480180
4470,480935
4470.1,481689
4470.2,482444
4470.3,483198
4470.4,483952
4470.5,484707
4470.6,485461
4470.7,486216
4470.8,486970
4470.9,487725
4471,488479
4471.1,489234
4471.2,489988
4471.3,490743
4471.4,491497
4471.5,492251
4471.6,493006
4471.7,493760
4471.8,494515
4471.9,495269
4472,496023
4472.1,496778
4472.2,497532
4472.3,498286
4472.4,499041
4472.5,499795
4472.6,500550
4472.7,501304
4472.8,502058
4472.9,502813
4473,503567
4473.1,504321
4473.2,505076
4473.3,505830
4473.4,506584
4473.5,507338
4473.6,508093
4473.7,508847
4473.8,509601
4473.9,510356
4474,511110
4474.1,511864
4474.2,512618
4474.3,513373
4474.4,514127
4474.5,514881
4474.6,515635
4474.7,516390
4474.8,517144
4474.9,517898
4475,518652
4475.1,519406
4475.2,520161
4475.3,520915
4475.4,521669
4475.5,522423
4475.6,523177
4475.7,523931
4475.8,524686
4475.9,525440
4476,526194
4476.1,526948
4476.2,527702
4476.3,528456
4476.4,529210
4476.5,529964
4476.6,530719
4476.7,531473
4476.8,532227
4476.9,532981
4477,533735
4477.1,534489
4477.2,535243
4477.3,535997
4477.4,536751
4477.5,537505
4477.6,538259
4477.7,539013
4477.8,539767
4477.9,540521
4478,541275
4478.1,542029
4478.2,542783
4478.3,543537
4478.4,544291
4478.5,545045
4478.6,545799
4478.7,546553
4478.8,547307
4478.9,548061
4479,548815
4479.1,549569
4479.2,550323
4479.3,551077
4479.4,551831
4479.5,552585
4479.6,553339
4479.7,554093
4479.8,554847
4479.9,555600
4480,556354
4480.1,557108
4480.2,557862
4480.3,558616
4480.4,559370
4480.5,560124
4480.6,560878
4480.7,561631
4480.8,562385
4480.9,563139
4481,563893
4481.1,564647
4481.2,565400
4481.3,566154
4481.4,566908
4481.5,567662
4481.6,568416
4481.7,569169
4481.8,569923
4481.9,570677
4482,571431
4482.1,572184
4482.2,572938
4482.3,573692
4482.4,574446
4482.5,575199
4482.6,575953
4482.7,576707
4482.8,577460
4482.9,578214
4483,578968
4483.1,579722
4483.2,580475
4483.3,581229
4483.4,581983
4483.5,582736
4483.6,583490
4483.7,584243
4483.8,584997
4483.9,585751
4484,586504
4484.1,587258
4484.2,588012
4484.3,588765
4484.4,589519
4484.5,590272
4484.6,591026
4484.7,591779
4484.8,592533
4484.9,593287
4485,594040
4485.1,594794
4485.2,595547
4485.3,596301
4485.4,597054
4485.5,597808
4485.6,598561
4485.7,599315
4485.8,600068
4485.9,600822
4486,601575
4486.1,602329
4486.2,603082
4486.3,603836
4486.4,604589
4486.5,605342
4486.6,606096
4486.7,606849
4486.8,607603
4486.9,608356
4487,609110
4487.1,609863
4487.2,610616
4487.3,611370
4487.4,612123
4487.5,612876
4487.6,613630
4487.7,614383
4487.8,615137
4487.9,615890
4488,616643
4488.1,617397
4488.2,618150
4488.3,618903
4488.4,619656
4488.5,620410
4488.6,621163
4488.7,621916
4488.8,622670
4488.9,623423
4489,624176
4489.1,624929
4489.2,625683
4489.3,626436
4489.4,627189
4489.5,627942
4489.6,628696
4489.7,629449
4489.8,630202
4489.9,630955
4490,631708
4490.1,632462
4490.2,633215
4490.3,633968
4490.4,634721
4490.5,635474
4490.6,636227
4490.7,636980
4490.8,637734
4490.9,638487
4491,639240
4491.1,639993
4491.2,640746
4491.3,641499
4491.4,642252
4491.5,643005
4491.6,643758
4491.7,644511
4491.8,645264
4491.9,646018
4492,646771
4492.1,647524
4492.2,648277
4492.3,649030
4492.4,649783
4492.5,650536
4492.6,651289
4492.7,652042
4492.8,652795
4492.9,653548
4493,654300
4493.1,655053
4493.2,655806
4493.3,656559
4493.4,657312
4493.5,658065
4493.6,658818
4493.7,659571
4493.8,660324
4493.9,661077
4494,661830
4494.1,662582
4494.2,663335
4494.3,664088
4494.4,664841
4494.5,665594
4494.6,666347
4494.7,667100
4494.8,667852
4494.9,668605
4495,669358
4495.1,670111
4495.2,670864
4495.3,671616
4495.4,672369
4495.5,673122
4495.6,673875
4495.7,674627
4495.8,675380
4495.9,676133
4496,676886
4496.1,677638
4496.2,678391
4496.3,679144
4496.4,679896
4496.5,680649
4496.6,681402
4496.7,682154
4496.8,682907
4496.9,683660
4497,684412
4497.1,685165
4497.2,685918
4497.3,686670
4497.4,687423
4497.5,688175
4497.6,688928
4497.7,689681
4497.8,690433
4497.9,691186
4498,691938
4498.1,692691
4498.2,693443
4498.3,694196
4498.4,694948
4498.5,695701
4498.6,696453
4498.7,697206
4498.8,697958
4498.9,698711
4499,699463
4499.1,700216
4499.2,700968
4499.3,701721
4499.4,702473
4499.5,703226
4499.6,703978
4499.7,704730
4499.8,705483
4499.9,706235
4500,706988
4500.1,707740
4500.2,708492
4500.3,709245
4500.4,709997
4500.5,710750
4500.6,711502
4500.7,712254
4500.8,713006
4500.9,713759
4501,714511
4501.1,715263
4501.2,716016
4501.3,716768
4501.4,717520
4501.5,718273
4501.6,719025
4501.7,719777
4501.8,720529
4501.9,721282
4502,722034
4502.1,722786
4502.2,723538
4502.3,724290
4502.4,725043
4502.5,725795
4502.6,726547
4502.7,727299
4502.8,728051
4502.9,728803
4503,729556
4503.1,730308
4503.2,731060
4503.3,731812
4503.4,732564
4503.5,733316
4503.6,734068
4503.7,734820
4503.8,735572
4503.9,736324
4504,737076
4504.1,737828
4504.2,738581
4504.3,739333
4504.4,740085
4504.5,740837
4504.6,741589
4504.7,742341
4504.8,743093
4504.9,743845
4505,744596
4505.1,745348
4505.2,746100
4505.3,746852
4505.4,747604
4505.5,748356
4505.6,749108
4505.7,749860
4505.8,750612
4505.9,751364
4506,752116
4506.1,752868
4506.2,753619
4506.3,754371
4506.4,755123
4506.5,755875
4506.6,756627
4506.7,757378
4506.8,758130
4506.9,758882
4507,759634
4507.1,760386
4507.2,761137
4507.3,761889
4507.4,762641
4507.5,763393
4507.6,764144
4507.7,764896
4507.8,765648
4507.9,766400
4508,767151
4508.1,767903
4508.2,768655
4508.3,769406
4508.4,770158
4508.5,770910
4508.6,771661
4508.7,772413
4508.8,773164
4508.9,773916
4509,774668
4509.1,775419
4509.2,776171
4509.3,776922
4509.4,777674
4509.5,778426
4509.6,779177
4509.7,779929
4509.8,780680
4509.9,781432
4510,782183
4510.1,782935
4510.2,783686
4510.3,784438
4510.4,785189
4510.5,785941
4510.6,786692
4510.7,787444
4510.8,788195
4510.9,788946
4511,789698
4511.1,790449
4511.2,791201
4511.3,791952
4511.4,792703
4511.5,793455
4511.6,794206
4511.7,794958
4511.8,795709
4511.9,796460
4512,797212
4512.1,797963
4512.2,798714
4512.3,799466
4512.4,800217
4512.5,800968
4512.6,801719
4512.7,802471
4512.8,803222
4512.9,803973
4513,804724
4513.1,805476
4513.2,806227
4513.3,806978
4513.4,807729
4513.5,808480
4513.6,809232
4513.7,809983
4513.8,810734
4513.9,811485
4514,812236
4514.1,812987
4514.2,813738
4514.3,814489
4514.4,815241
4514.5,815992
4514.6,816743
4514.7,817494
4514.8,818245
4514.9,818996
4515,819747
4515.1,820498
4515.2,821249
4515.3,822000
4515.4,822751
4515.5,823502
4515.6,824253
4515.7,825004
4515.8,825755
4515.9,826506
4516,827257
4516.1,828008
4516.2,828759
4516.3,829510
4516.4,830260
4516.5,831011
4516.6,831762
4516.7,832513
4516.8,833264
4516.9,834015
4517,834766
4517.1,835516
4517.2,836267
4517.3,837018
4517.4,837769
4517.5,838520
4517.6,839270
4517.7,840021
4517.8,840772
4517.9,841523
4518,842274
4518.1,843024
4518.2,843775
4518.3,844526
4518.4,845276
4518.5,846027
4518.6,846778
4518.7,847528
4518.8,848279
4518.9,849030
4519,849780
4519.1,850531
4519.2,851282
4519.3,852032
4519.4,852783
4519.5,853533
4519.6,854284
4519.7,855035
4519.8,855785
4519.9,856536
4520,857286
4520.1,858037
4520.2,858787
4520.3,859538
4520.4,860288
4520.5,861039
4520.6,861789
4520.7,862540
4520.8,863290
4520.9,864041
4521,864791
4521.1,865542
4521.2,866292
4521.3,867042
4521.4,867793
4521.5,868543
4521.6,869294
4521.7,870044
4521.8,870794
4521.9,871545
4522,872295
4522.1,873045
4522.2,873796
4522.3,874546
4522.4,875296
4522.5,876047
4522.6,876797
4522.7,877547
4522.8,878297
4522.9,879048
4523,879798
4523.1,880548
4523.2,881298
4523.3,882048
4523.4,882799
4523.5,883549
4523.6,884299
4523.7,885049
4523.8,885799
4523.9,886549
4524,887300
4524.1,888050
4524.2,888800
4524.3,889550
4524.4,890300
4524.5,891050
4524.6,891800
4524.7,892550
4524.8,893300
4524.9,894050
4525,894800
4525.1,895550
4525.2,896300
4525.3,897050
4525.4,897800
4525.5,898550
4525.6,899300
4525.7,900050
4525.8,900800
4525.9,901550
4526,902300
4526.1,903050
4526.2,903800
4526.3,904550
4526.4,905300
4526.5,906049
4526.6,906799
4526.7,907549
4526.8,908299
4526.9,909049
4527,909799
4527.1,910548
4527.2,911298
4527.3,912048
4527.4,912798
4527.5,913547
4527.6,914297
4527.7,915047
4527.8,915797
4527.9,916546
4528,917296
4528.1,918046
4528.2,918795
4528.3,919545
4528.4,920295
4528.5,921044
4528.6,921794
4528.7,922544
4528.8,923293
4528.9,924043
4529,924792
4529.1,925542
4529.2,926292
4529.3,927041
4529.4,927791
4529.5,928540
4529.6,929290
4529.7,930039
4529.8,930789
4529.9,931538
4530,932288
4530.1,933037
4530.2,933787
4530.3,934536
4530.4,935286
4530.5,936035
4530.6,936784
4530.7,937534
4530.8,938283
4530.9,939033
4531,939782
4531.1,940531
4531.2,941281
4531.3,942030
4531.4,942779
4531.5,943529
4531.6,944278
4531.7,945027
4531.8,945777
4531.9,946526
4532,947275
4532.1,948024
4532.2,948774
4532.3,949523
4532.4,950272
4532.5,951021
4532.6,951770
4532.7,952520
4532.8,953269
4532.9,954018
4533,954767
4533.1,955516
4533.2,956265
4533.3,957015
4533.4,957764
4533.5,958513
4533.6,959262
4533.7,960011
4533.8,960760
4533.9,961509
4534,962258
4534.1,963007
4534.2,963756
4534.3,964505
4534.4,965254
4534.5,966003
4534.6,966752
4534.7,967501
4534.8,968250
4534.9,968999
4535,969748
4535.1,970497
4535.2,971246
4535.3,971994
4535.4,972743
4535.5,973492
4535.6,974241
4535.7,974990
4535.8,975739
4535.9,976488
4536,977236
4536.1,977985
4536.2,978734
4536.3,979483
4536.4,980231
4536.5,980980
4536.6,981729
4536.7,982478
4536.8,983226
4536.9,983975
4537,984724
4537.1,985472
4537.2,986221
4537.3,986970
4537.4,987718
4537.5,988467
4537.6,989216
4537.7,989964
4537.8,990713
4537.9,991461
4538,992210
4538.1,992959
4538.2,993707
4538.3,994456
4538.4,995204
4538.5,995953
4538.6,996701
4538.7,997450
4538.8,998198
4538.9,998947
4539,999695
4539.1,1.00044e+06
4539.2,1.00119e+06
4539.3,1.00194e+06
4539.4,1.00269e+06
4539.5,1.00344e+06
4539.6,1.00419e+06
4539.7,1.00493e+06
4539.8,1.00568e+06
4539.9,1.00643e+06
4540,1.00718e+06
4540.1,1.00793e+06
4540.2,1.00868e+06
4540.3,1.00942e+06
4540.4,1.01017e+06
4540.5,1.01092e+06
4540.6,1.01167e+06
4540.7,1.01242e+06
4540.8,1.01317e+06
4540.9,1.01391e+06
4541,1.01466e+06
4541.1,1.01541e+06
4541.2,1.01616e+06
4541.3,1.01691e+06
4541.4,1.01765e+06
4541.5,1.0184e+06
4541.6,1.01915e+06
4541.7,1.0199e+06
4541.8,1.02065e+06
4541.9,1.0214e+06
4542,1.02214e+06
4542.1,1.02289e+06
4542.2,1.02364e+06
4542.3,1.02439e+06
4542.4,1.02514e+06
4542.5,1.02588e+06
4542.6,1.02663e+06
4542.7,1.02738e+06
4542.8,1.02813e+06
4542.9,1.02888e+06
4543,1.02962e+06
4543.1,1.03037e+06
4543.2,1.03112e+06
4543.3,1.03187e+06
4543.4,1.03262e+06
4543.5,1.03336e+06
4543.6,1.03411e+06
4543.7,1.03486e+06
4543.8,1.03561e+06
4543.9,1.03635e+06
4544,1.0371e+06
4544.1,1.03785e+06
4544.2,1.0386e+06
4544.3,1.03935e+06
4544.4,1.04009e+06
4544.5,1.04084e+06
4544.6,1.04159e+06
4544.7,1.04234e+06
4544.8,1.04308e+06
4544.9,1.04383e+06
4545,1.04458e+06
4545.1,1.04533e+06
4545.2,1.04608e+06
4545.3,1.04682e+06
4545.4,1.04757e+06
4545.5,1.04832e+06
4545.6,1.04907e+06
4545.7,1.04981e+06
4545.8,1.05056e+06
4545.9,1.05131e+06
4546,1.05206e+06
4546.1,1.0528e+06
4546.2,1.05355e+06
4546.3,1.0543e+06
4546.4,1.05505e+06
4546.5,1.05579e+06
4546.6,1.05654e+06
4546.7,1.05729e+06
4546.8,1.05804e+06
4546.9,1.05878e+06
4547,1.05953e+06
4547.1,1.06028e+06
4547.2,1.06103e+06
4547.3,1.06177e+06
4547.4,1.06252e+06
4547.5,1.06327e+06
4547.6,1.06402e+06
4547.7,1.06476e+06
4547.8,1.06551e+06
4547.9,1.06626e+06
4548,1.06701e+06
4548.1,1.06775e+06
4548.2,1.0685e+06
4548.3,1.06925e+06
4548.4,1.07e+06
4548.5,1.07074e+06
4548.6,1.07149e+06
4548.7,1.07224e+06
4548.8,1.07298e+06
4548.9,1.07373e+06
4549,1.07448e+06
4549.1,1.07523e+06
4549.2,1.07597e+06
4549.3,1.07672e+06
4549.4,1.07747e+06
4549.5,1.07822e+06
4549.6,1.07896e+06
4549.7,1.07971e+06
4549.8,1.08046e+06
4549.9,1.0812e+06
4550,1.08195e+06
4550.1,1.0827e+06
4550.2,1.08345e+06
4550.3,1.08419e+06
4550.4,1.08494e+06
4550.5,1.08569e+06
4550.6,1.08643e+06
4550.7,1.08718e+06
4550.8,1.08793e+06
4550.9,1.08867e+06
4551,1.08942e+06
4551.1,1.09017e+06
4551.2,1.09092e+06
4551.3,1.09166e+06
4551.4,1.09241e+06
4551.5,1.09316e+06
4551.6,1.0939e+06
4551.7,1.09465e+06
4551.8,1.0954e+06
4551.9,1.09614e+06
4552,1.09689e+06
4552.1,1.09764e+06
4552.2,1.09838e+06
4552.3,1.09913e+06
4552.4,1.09988e+06
4552.5,1.10062e+06
4552.6,1.10137e+06
4552.7,1.10212e+06
4552.8,1.10286e+06
4552.9,1.10361e+06
4553,1.10436e+06
4553.1,1.1051e+06
4553.2,1.10585e+06
4553.3,1.1066e+06
4553.4,1.10734e+06
4553.5,1.10809e+06
4553.6,1.10884e+06
4553.7,1.10958e+06
4553.8,1.11033e+06
4553.9,1.11108e+06
4554,1.11182e+06
4554.1,1.11257e+06
4554.2,1.11332e+06
4554.3,1.11406e+06
4554.4,1.11481e+06
4554.5,1.11556e+06
4554.6,1.1163e+06
4554.7,1.11705e+06
4554.8,1.1178e+06
4554.9,1.11854e+06
4555,1.11929e+06
4555.1,1.12004e+06
4555.2,1.12078e+06
4555.3,1.12153e+06
4555.4,1.12228e+06
4555.5,1.12302e+06
4555.6,1.12377e+06
4555.7,1.12451e+06
4555.8,1.12526e+06
4555.9,1.12601e+06
4556,1.12675e+06
4556.1,1.1275e+06
4556.2,1.12825e+06
4556.3,1.12899e+06
4556.4,1.12974e+06
4556.5,1.13048e+06
4556.6,1.13123e+06
4556.7,1.13198e+06
4556.8,1.13272e+06
4556.9,1.13347e+06
4557,1.13422e+06
4557.1,1.13496e+06
4557.2,1.13571e+06
4557.3,1.13645e+06
4557.4,1.1372e+06
4557.5,1.13795e+06
4557.6,1.13869e+06
4557.7,1.13944e+06
4557.8,1.14018e+06
4557.9,1.14093e+06
4558,1.14168e+06
4558.1,1.14242e+06
4558.2,1.14317e+06
4558.3,1.14391e+06
4558.4,1.14466e+06
4558.5,1.14541e+06
4558.6,1.14615e+06
4558.7,1.1469e+06
4558.8,1.14764e+06
4558.9,1.14839e+06
4559,1.14914e+06
4559.1,1.14988e+06
4559.2,1.15063e+06
4559.3,1.15137e+06
4559.4,1.15212e+06
4559.5,1.15287e+06
4559.6,1.15361e+06
4559.7,1.15436e+06
4559.8,1.1551e+06
4559.9,1.15585e+06
4560,1.15659e+06
4560.1,1.15734e+06
4560.2,1.15809e+06
4560.3,1.15883e+06
4560.4,1.15958e+06
4560.5,1.16032e+06
4560.6,1.16107e+06
4560.7,1.16181e+06
4560.8,1.16256e+06
4560.9,1.16331e+06
4561,1.16405e+06
4561.1,1.1648e+06
4561.2,1.16554e+06
4561.3,1.16629e+06
4561.4,1.16703e+06
4561.5,1.16778e+06
4561.6,1.16853e+06
4561.7,1.16927e+06
4561.8,1.17002e+06
4561.9,1.17076e+06
4562,1.17151e+06
4562.1,1.17225e+06
4562.2,1.173e+06
4562.3,1.17374e+06
4562.4,1.17449e+06
4562.5,1.17523e+06
4562.6,1.17598e+06
4562.7,1.17673e+06
4562.8,1.17747e+06
4562.9,1.17822e+06
4563,1.17896e+06
4563.1,1.17971e+06
4563.2,1.18045e+06
4563.3,1.1812e+06
4563.4,1.18194e+06
4563.5,1.18269e+06
4563.6,1.18343e+06
4563.7,1.18418e+06
4563.8,1.18492e+06
4563.9,1.18567e+06
4564,1.18641e+06
4564.1,1.18716e+06
4564.2,1.1879e+06
4564.3,1.18865e+06
4564.4,1.1894e+06
4564.5,1.19014e+06
4564.6,1.19089e+06
4564.7,1.19163e+06
4564.8,1.19238e+06
4564.9,1.19312e+06
4565,1.19387e+06
4565.1,1.19461e+06
4565.2,1.19536e+06
4565.3,1.1961e+06
4565.4,1.19685e+06
4565.5,1.19759e+06
4565.6,1.19834e+06
4565.7,1.19908e+06
4565.8,1.19983e+06
4565.9,1.20057e+06
4566,1.20132e+06
4566.1,1.20206e+06
4566.2,1.20281e+06
4566.3,1.20355e+06
4566.4,1.2043e+06
4566.5,1.20504e+06
4566.6,1.20579e+06
4566.7,1.20653e+06
4566.8,1.20728e+06
4566.9,1.20802e+06
4567,1.20876e+06
4567.1,1.20951e+06
4567.2,1.21025e+06
4567.3,1.211e+06
4567.4,1.21174e+06
4567.5,1.21249e+06
4567.6,1.21323e+06
4567.7,1.21398e+06
4567.8,1.21472e+06
4567.9,1.21547e+06
4568,1.21621e+06
4568.1,1.21696e+06
4568.2,1.2177e+06
4568.3,1.21845e+06
4568.4,1.21919e+06
4568.5,1.21993e+06
4568.6,1.22068e+06
4568.7,1.22142e+06
4568.8,1.22217e+06
4568.9,1.22291e+06
4569,1.22366e+06
4569.1,1.2244e+06
4569.2,1.22515e+06
4569.3,1.22589e+06
4569.4,1.22664e+06
4569.5,1.22738e+06
4569.6,1.22812e+06
4569.7,1.22887e+06
4569.8,1.22961e+06
4569.9,1.23036e+06
4570,1.2311e+06
4570.1,1.23185e+06
4570.2,1.23259e+06
4570.3,1.23333e+06
4570.4,1.23408e+06
4570.5,1.23482e+06
4570.6,1.23557e+06
4570.7,1.23631e+06
4570.8,1.23706e+06
4570.9,1.2378e+06
4571,1.23854e+06
4571.1,1.23929e+06
4571.2,1.24003e+06
4571.3,1.24078e+06
4571.4,1.24152e+06
4571.5,1.24227e+06
4571.6,1.24301e+06
4571.7,1.24375e+06
4571.8,1.2445e+06
4571.9,1.24524e+06
4572,1.24599e+06
4572.1,1.24673e+06
4572.2,1.24747e+06
4572.3,1.24822e+06
4572.4,1.24896e+06
4572.5,1.24971e+06
4572.6,1.25045e+06
4572.7,1.25119e+06
4572.8,1.25194e+06
4572.9,1.25268e+06
4573,1.25343e+06
4573.1,1.25417e+06
4573.2,1.25491e+06
4573.3,1.25566e+06
4573.4,1.2564e+06
4573.5,1.25715e+06
4573.6,1.25789e+06
4573.7,1.25863e+06
4573.8,1.25938e+06
4573.9,1.26012e+06
4574,1.26086e+06
4574.1,1.26161e+06
4574.2,1.26235e+06
4574.3,1.2631e+06
4574.4,1.26384e+06
4574.5,1.26458e+06
4574.6,1.26533e+06
4574.7,1.26607e+06
4574.8,1.26681e+06
4574.9,1.26756e+06
4575,1.2683e+06
4575.1,1.26904e+06
4575.2,1.26979e+06
4575.3,1.27053e+06
4575.4,1.27128e+06
4575.5,1.27202e+06
4575.6,1.27276e+06
4575.7,1.27351e+06
4575.8,1.27425e+06
4575.9,1.27499e+06
4576,1.27574e+06
4576.1,1.27648e+06
4576.2,1.27722e+06
4576.3,1.27797e+06
4576.4,1.27871e+06
4576.5,1.27945e+06
4576.6,1.2802e+06
4576.7,1.28094e+06
4576.8,1.28168e+06
4576.9,1.28243e+06
4577,1.28317e+06
4577.1,1.28391e+06
4577.2,1.28466e+06
4577.3,1.2854e+06
4577.4,1.28614e+06
4577.5,1.28689e+06
4577.6,1.28763e+06
4577.7,1.28837e+06
4577.8,1.28912e+06
4577.9,1.28986e+06
4578,1.2906e+06
4578.1,1.29135e+06
4578.2,1.29209e+06
4578.3,1.29283e+06
4578.4,1.29358e+06
4578.5,1.29432e+06
4578.6,1.29506e+06
4578.7,1.2958e+06
4578.8,1.29655e+06
4578.9,1.29729e+06
4579,1.29803e+06
4579.1,1.29878e+06
4579.2,1.29952e+06
4579.3,1.30026e+06
4579.4,1.30101e+06
4579.5,1.30175e+06
4579.6,1.30249e+06
4579.7,1.30323e+06
4579.8,1.30398e+06
4579.9,1.30472e+06
4580,1.30546e+06
4580.1,1.30621e+06
4580.2,1.30695e+06
4580.3,1.30769e+06
4580.4,1.30843e+06
4580.5,1.30918e+06
4580.6,1.30992e+06
4580.7,1.31066e+06
4580.8,1.31141e+06
4580.9,1.31215e+06
4581,1.31289e+06
4581.1,1.31363e+06
4581.2,1.31438e+06
4581.3,1.31512e+06
4581.4,1.31586e+06
4581.5,1.3166e+06
4581.6,1.31735e+06
4581.7,1.31809e+06
4581.8,1.31883e+06
4581.9,1.31957e+06
4582,1.32032e+06
4582.1,1.32106e+06
4582.2,1.3218e+06
4582.3,1.32254e+06
4582.4,1.32329e+06
4582.5,1.32403e+06
4582.6,1.32477e+06
4582.7,1.32551e+06
4582.8,1.32626e+06
4582.9,1.327e+06
4583,1.32774e+06
4583.1,1.32848e+06
4583.2,1.32923e+06
4583.3,1.32997e+06
4583.4,1.33071e+06
4583.5,1.33145e+06
4583.6,1.3322e+06
4583.7,1.33294e+06
4583.8,1.33368e+06
4583.9,1.33442e+06
4584,1.33516e+06
4584.1,1.33591e+06
4584.2,1.33665e+06
4584.3,1.33739e+06
4584.4,1.33813e+06
4584.5,1.33888e+06
4584.6,1.33962e+06
4584.7,1.34036e+06
4584.8,1.3411e+06
4584.9,1.34184e+06
4585,1.34259e+06
4585.1,1.34333e+06
4585.2,1.34407e+06
4585.3,1.34481e+06
4585.4,1.34555e+06
4585.5,1.3463e+06
4585.6,1.34704e+06
4585.7,1.34778e+06
4585.8,1.34852e+06
4585.9,1.34926e+06
4586,1.35001e+06
4586.1,1.35075e+06
4586.2,1.35149e+06
4586.3,1.35223e+06
4586.4,1.35297e+06
4586.5,1.35372e+06
4586.6,1.35446e+06
4586.7,1.3552e+06
4586.8,1.35594e+06
4586.9,1.35668e+06
4587,1.35742e+06
4587.1,1.35817e+06
4587.2,1.35891e+06
4587.3,1.35965e+06
4587.4,1.36039e+06
4587.5,1.36113e+06
4587.6,1.36187e+06
4587.7,1.36262e+06
4587.8,1.36336e+06
4587.9,1.3641e+06
4588,1.36484e+06
4588.1,1.36558e+06
4588.2,1.36632e+06
4588.3,1.36707e+06
4588.4,1.36781e+06
4588.5,1.36855e+06
4588.6,1.36929e+06
4588.7,1.37003e+06
4588.8,1.37077e+06
4588.9,1.37151e+06
4589,1.37226e+06
4589.1,1.373e+06
4589.2,1.37374e+06
4589.3,1.37448e+06
4589.4,1.37522e+06
4589.5,1.37596e+06
4589.6,1.3767e+06
4589.7,1.37745e+06
4589.8,1.37819e+06
4589.9,1.37893e+06
4590,1.37967e+06
4590.1,1.38041e+06
4590.2,1.38115e+06
4590.3,1.38189e+06
4590.4,1.38263e+06
4590.5,1.38338e+06
4590.6,1.38412e+06
4590.7,1.38486e+06
4590.8,1.3856e+06
4590.9,1.38634e+06
4591,1.38708e+06
4591.1,1.38782e+06
4591.2,1.38856e+06
4591.3,1.3893e+06
4591.4,1.39005e+06
4591.5,1.39079e+06
4591.6,1.39153e+06
4591.7,1.39227e+06
4591.8,1.39301e+06
4591.9,1.39375e+06
4592,1.39449e+06
4592.1,1.39523e+06
4592.2,1.39597e+06
4592.3,1.39671e+06
4592.4,1.39746e+06
4592.5,1.3982e+06
4592.6,1.39894e+06
4592.7,1.39968e+06
4592.8,1.40042e+06
4592.9,1.40116e+06
4593,1.4019e+06
4593.1,1.40264e+06
4593.2,1.40338e+06
4593.3,1.40412e+06
4593.4,1.40486e+06
4593.5,1.4056e+06
4593.6,1.40634e+06
4593.7,1.40708e+06
4593.8,1.40783e+06
4593.9,1.40857e+06
4594,1.40931e+06
4594.1,1.41005e+06
4594.2,1.41079e+06
4594.3,1.41153e+06
4594.4,1.41227e+06
4594.5,1.41301e+06
4594.6,1.41375e+06
4594.7,1.41449e+06
4594.8,1.41523e+06
4594.9,1.41597e+06
4595,1.41671e+06
4595.1,1.41745e+06
4595.2,1.41819e+06
4595.3,1.41893e+06
4595.4,1.41967e+06
4595.5,1.42041e+06
4595.6,1.42115e+06
4595.7,1.42189e+06
4595.8,1.42264e+06
4595.9,1.42338e+06
4596,1.42412e+06
4596.1,1.42486e+06
4596.2,1.4256e+06
4596.3,1.42634e+06
4596.4,1.42708e+06
4596.5,1.42782e+06
4596.6,1.42856e+06
4596.7,1.4293e+06
4596.8,1.43004e+06
4596.9,1.43078e+06
4597,1.43152e+06
4597.1,1.43226e+06
4597.2,1.433e+06
4597.3,1.43374e+06
4597.4,1.43448e+06
4597.5,1.43522e+06
4597.6,1.43596e+06
4597.7,1.4367e+06
4597.8,1.43744e+06
4597.9,1.43818e+06
4598,1.43892e+06
4598.1,1.43966e+06
4598.2,1.4404e+06
4598.3,1.44114e+06
4598.4,1.44188e+06
4598.5,1.44262e+06
4598.6,1.44336e+06
4598.7,1.4441e+06
4598.8,1.44484e+06
4598.9,1.44558e+06
4599,1.44632e+06
4599.1,1.44706e+06
4599.2,1.4478e+06
4599.3,1.44854e+06
4599.4,1.44927e+06
4599.5,1.45001e+06
4599.6,1.45075e+06
4599.7,1.45149e+06
4599.8,1.45223e+06
4599.9,1.45297e+06
4600,1.45371e+06
4600.1,1.45445e+06
4600.2,1.45519e+06
4600.3,1.45593e+06
4600.4,1.45667e+06
4600.5,1.45741e+06
4600.6,1.45815e+06
4600.7,1.45889e+06
4600.8,1.45963e+06
4600.9,1.46037e+06
4601,1.46111e+06
4601.1,1.46185e+06
4601.2,1.46259e+06
4601.3,1.46333e+06
4601.4,1.46407e+06
4601.5,1.4648e+06
4601.6,1.46554e+06
4601.7,1.46628e+06
4601.8,1.46702e+06
4601.9,1.46776e+06
4602,1.4685e+06
4602.1,1.46924e+06
4602.2,1.46998e+06
4602.3,1.47072e+06
4602.4,1.47146e+06
4602.5,1.4722e+06
4602.6,1.47294e+06
4602.7,1.47368e+06
4602.8,1.47441e+06
4602.9,1.47515e+06
4603,1.47589e+06
4603.1,1.47663e+06
4603.2,1.47737e+06
4603.3,1.47811e+06
4603.4,1.47885e+06
4603.5,1.47959e+06
4603.6,1.48033e+06
4603.7,1.48107e+06
4603.8,1.4818e+06
4603.9,1.48254e+06
4604,1.48328e+06
4604.1,1.48402e+06
4604.2,1.48476e+06
4604.3,1.4855e+06
4604.4,1.48624e+06
4604.5,1.48698e+06
4604.6,1.48772e+06
4604.7,1.48845e+06
4604.8,1.48919e+06
4604.9,1.48993e+06
4605,1.49067e+06
4605.1,1.49141e+06
4605.2,1.49215e+06
4605.3,1.49289e+06
4605.4,1.49362e+06
4605.5,1.49436e+06
4605.6,1.4951e+06
4605.7,1.49584e+06
4605.8,1.49658e+06
4605.9,1.49732e+06
4606,1.49806e+06
4606.1,1.49879e+06
4606.2,1.49953e+06
4606.3,1.50027e+06
4606.4,1.50101e+06
4606.5,1.50175e+06
4606.6,1.50249e+06
4606.7,1.50323e+06
4606.8,1.50396e+06
4606.9,1.5047e+06
4607,1.50544e+06
4607.1,1.50618e+06
4607.2,1.50692e+06
4607.3,1.50766e+06
4607.4,1.50839e+06
4607.5,1.50913e+06
4607.6,1.50987e+06
4607.7,1.51061e+06
4607.8,1.51135e+06
4607.9,1.51209e+06
4608,1.51282e+06
4608.1,1.51356e+06
4608.2,1.5143e+06
4608.3,1.51504e+06
4608.4,1.51578e+06
4608.5,1.51651e+06
4608.6,1.51725e+06
4608.7,1.51799e+06
4608.8,1.51873e+06
4608.9,1.51947e+06
4609,1.5202e+06
4609.1,1.52094e+06
4609.2,1.52168e+06
4609.3,1.52242e+06
4609.4,1.52316e+06
4609.5,1.52389e+06
4609.6,1.52463e+06
4609.7,1.52537e+06
4609.8,1.52611e+06
4609.9,1.52685e+06
4610,1.52758e+06
4610.1,1.52832e+06
4610.2,1.52906e+06
4610.3,1.5298e+06
4610.4,1.53053e+06
4610.5,1.53127e+06
4610.6,1.53201e+06
4610.7,1.53275e+06
4610.8,1.53349e+06
4610.9,1.53422e+06
4611,1.53496e+06
4611.1,1.5357e+06
4611.2,1.53644e+06
4611.3,1.53717e+06
4611.4,1.53791e+06
4611.5,1.53865e+06
4611.6,1.53939e+06
4611.7,1.54012e+06
4611.8,1.54086e+06
4611.9,1.5416e+06
4612,1.54234e+06
4612.1,1.54307e+06
4612.2,1.54381e+06
4612.3,1.54455e+06
4612.4,1.54529e+06
4612.5,1.54602e+06
4612.6,1.54676e+06
4612.7,1.5475e+06
4612.8,1.54824e+06
4612.9,1.54897e+06
4613,1.54971e+06
4613.1,1.55045e+06
4613.2,1.55118e+06
4613.3,1.55192e+06
4613.4,1.55266e+06
4613.5,1.5534e+06
4613.6,1.55413e+06
4613.7,1.55487e+06
4613.8,1.55561e+06
4613.9,1.55634e+06
4614,1.55708e+06
4614.1,1.55782e+06
4614.2,1.55856e+06
4614.3,1.55929e+06
4614.4,1.56003e+06
4614.5,1.56077e+06
4614.6,1.5615e+06
4614.7,1.56224e+06
4614.8,1.56298e+06
4614.9,1.56371e+06
4615,1.56445e+06
4615.1,1.56519e+06
4615.2,1.56593e+06
4615.3,1.56666e+06
4615.4,1.5674e+06
4615.5,1.56814e+06
4615.6,1.56887e+06
4615.7,1.56961e+06
4615.8,1.57035e+06
4615.9,1.57108e+06
4616,1.57182e+06
4616.1,1.57256e+06
4616.2,1.57329e+06
4616.3,1.57403e+06
4616.4,1.57477e+06
4616.5,1.5755e+06
4616.6,1.57624e+06
4616.7,1.57698e+06
4616.8,1.57771e+06
4616.9,1.57845e+06
4617,1.57919e+06
4617.1,1.57992e+06
4617.2,1.58066e+06
4617.3,1.5814e+06
4617.4,1.58213e+06
4617.5,1.58287e+06
4617.6,1.5836e+06
4617.7,1.58434e+06
4617.8,1.58508e+06
4617.9,1.58581e+06
4618,1.58655e+06
4618.1,1.58729e+06
4618.2,1.58802e+06
4618.3,1.58876e+06
4618.4,1.5895e+06
4618.5,1.59023e+06
4618.6,1.59097e+06
4618.7,1.5917e+06
4618.8,1.59244e+06
4618.9,1.59318e+06
4619,1.59391e+06
4619.1,1.59465e+06
4619.2,1.59539e+06
4619.3,1.59612e+06
4619.4,1.59686e+06
4619.5,1.59759e+06
4619.6,1.59833e+06
4619.7,1.59907e+06
4619.8,1.5998e+06
4619.9,1.60054e+06
4620,1.60127e+06
4620.1,1.60201e+06
4620.2,1.60275e+06
4620.3,1.60348e+06
4620.4,1.60422e+06
4620.5,1.60495e+06
4620.6,1.60569e+06
4620.7,1.60642e+06
4620.8,1.60716e+06
4620.9,1.6079e+06
4621,1.60863e+06
4621.1,1.60937e+06
4621.2,1.6101e+06
4621.3,1.61084e+06
4621.4,1.61158e+06
4621.5,1.61231e+06
4621.6,1.61305e+06
4621.7,1.61378e+06
4621.8,1.61452e+06
4621.9,1.61525e+06
4622,1.61599e+06
4622.1,1.61672e+06
4622.2,1.61746e+06
4622.3,1.6182e+06
4622.4,1.61893e+06
4622.5,1.61967e+06
4622.6,1.6204e+06
4622.7,1.62114e+06
4622.8,1.62187e+06
4622.9,1.62261e+06
4623,1.62334e+06
4623.1,1.62408e+06
4623.2,1.62481e+06
4623.3,1.62555e+06
4623.4,1.62629e+06
4623.5,1.62702e+06
4623.6,1.62776e+06
4623.7,1.62849e+06
4623.8,1.62923e+06
4623.9,1.62996e+06
4624,1.6307e+06
4624.1,1.63143e+06
4624.2,1.63217e+06
4624.3,1.6329e+06
4624.4,1.63364e+06
4624.5,1.63437e+06
4624.6,1.63511e+06
4624.7,1.63584e+06
4624.8,1.63658e+06
4624.9,1.63731e+06
4625,1.63805e+06
4625.1,1.63878e+06
4625.2,1.63952e+06
4625.3,1.64025e+06
4625.4,1.64099e+06
4625.5,1.64172e+06
4625.6,1.64246e+06
4625.7,1.64319e+06
4625.8,1.64393e+06
4625.9,1.64466e+06
4626,1.6454e+06
4626.1,1.64613e+06
4626.2,1.64687e+06
4626.3,1.6476e+06
4626.4,1.64834e+06
4626.5,1.64907e+06
4626.6,1.64981e+06
4626.7,1.65054e+06
4626.8,1.65127e+06
4626.9,1.65201e+06
4627,1.65274e+06
4627.1,1.65348e+06
4627.2,1.65421e+06
4627.3,1.65495e+06
4627.4,1.65568e+06
4627.5,1.65642e+06
4627.6,1.65715e+06
4627.7,1.65789e+06
4627.8,1.65862e+06
4627.9,1.65936e+06
4628,1.66009e+06
4628.1,1.66082e+06
4628.2,1.66156e+06
4628.3,1.66229e+06
4628.4,1.66303e+06
4628.5,1.66376e+06
4628.6,1.6645e+06
4628.7,1.66523e+06
4628.8,1.66596e+06
4628.9,1.6667e+06
4629,1.66743e+06
4629.1,1.66817e+06
4629.2,1.6689e+06
4629.3,1.66964e+06
4629.4,1.67037e+06
4629.5,1.6711e+06
4629.6,1.67184e+06
4629.7,1.67257e+06
4629.8,1.67331e+06
4629.9,1.67404e+06
4630,1.67477e+06
4630.1,1.67551e+06
4630.2,1.67624e+06
4630.3,1.67698e+06
4630.4,1.67771e+06
4630.5,1.67844e+06
4630.6,1.67918e+06
4630.7,1.67991e+06
4630.8,1.68065e+06
4630.9,1.68138e+06
4631,1.68211e+06
4631.1,1.68285e+06
4631.2,1.68358e+06
4631.3,1.68431e+06
4631.4,1.68505e+06
4631.5,1.68578e+06
4631.6,1.68652e+06
4631.7,1.68725e+06
4631.8,1.68798e+06
4631.9,1.68872e+06
4632,1.68945e+06
4632.1,1.69018e+06
4632.2,1.69092e+06
4632.3,1.69165e+06
4632.4,1.69238e+06
4632.5,1.69312e+06
4632.6,1.69385e+06
4632.7,1.69459e+06
4632.8,1.69532e+06
4632.9,1.69605e+06
4633,1.69679e+06
4633.1,1.69752e+06
4633.2,1.69825e+06
4633.3,1.69899e+06
4633.4,1.69972e+06
4633.5,1.70045e+06
4633.6,1.70119e+06
4633.7,1.70192e+06
4633.8,1.70265e+06
4633.9,1.70339e+06
4634,1.70412e+06
4634.1,1.70485e+06
4634.2,1.70559e+06
4634.3,1.70632e+06
4634.4,1.70705e+06
4634.5,1.70778e+06
4634.6,1.70852e+06
4634.7,1.70925e+06
4634.8,1.70998e+06
4634.9,1.71072e+06
4635,1.71145e+06
4635.1,1.71218e+06
4635.2,1.71292e+06
4635.3,1.71365e+06
4635.4,1.71438e+06
4635.5,1.71511e+06
4635.6,1.71585e+06
4635.7,1.71658e+06
4635.8,1.71731e+06
4635.9,1.71805e+06
4636,1.71878e+06
4636.1,1.71951e+06
4636.2,1.72024e+06
4636.3,1.72098e+06
4636.4,1.72171e+06
4636.5,1.72244e+06
4636.6,1.72318e+06
4636.7,1.72391e+06
4636.8,1.72464e+06
4636.9,1.72537e+06
4637,1.72611e+06
4637.1,1.72684e+06
4637.2,1.72757e+06
4637.3,1.7283e+06
4637.4,1.72904e+06
4637.5,1.72977e+06
4637.6,1.7305e+06
4637.7,1.73123e+06
4637.8,1.73197e+06
4637.9,1.7327e+06
4638,1.73343e+06
4638.1,1.73416e+06
4638.2,1.7349e+06
4638.3,1.73563e+06
4638.4,1.73636e+06
4638.5,1.73709e+06
4638.6,1.73783e+06
4638.7,1.73856e+06
4638.8,1.73929e+06
4638.9,1.74002e+06
4639,1.74075e+06
4639.1,1.74149e+06
4639.2,1.74222e+06
4639.3,1.74295e+06
4639.4,1.74368e+06
4639.5,1.74442e+06
4639.6,1.74515e+06
4639.7,1.74588e+06
4639.8,1.74661e+06
4639.9,1.74734e+06
4640,1.74808e+06
4640.1,1.74881e+06
4640.2,1.74954e+06
4640.3,1.75027e+06
4640.4,1.751e+06
4640.5,1.75174e+06
4640.6,1.75247e+06
4640.7,1.7532e+06
4640.8,1.75393e+06
4640.9,1.75466e+06
4641,1.75539e+06
4641.1,1.75613e+06
4641.2,1.75686e+06
4641.3,1.75759e+06
4641.4,1.75832e+06
4641.5,1.75905e+06
4641.6,1.75978e+06
4641.7,1.76052e+06
4641.8,1.76125e+06
4641.9,1.76198e+06
4642,1.76271e+06
4642.1,1.76344e+06
4642.2,1.76417e+06
4642.3,1.76491e+06
4642.4,1.76564e+06
4642.5,1.76637e+06
4642.6,1.7671e+06
4642.7,1.76783e+06
4642.8,1.76856e+06
4642.9,1.76929e+06
4643,1.77003e+06
4643.1,1.77076e+06
4643.2,1.77149e+06
4643.3,1.77222e+06
4643.4,1.77295e+06
4643.5,1.77368e+06
4643.6,1.77441e+06
4643.7,1.77515e+06
4643.8,1.77588e+06
4643.9,1.77661e+06
4644,1.77734e+06
4644.1,1.77807e+06
4644.2,1.7788e+06
4644.3,1.77953e+06
4644.4,1.78026e+06
4644.5,1.78099e+06
4644.6,1.78173e+06
4644.7,1.78246e+06
4644.8,1.78319e+06
4644.9,1.78392e+06
4645,1.78465e+06
4645.1,1.78538e+06
4645.2,1.78611e+06
4645.3,1.78684e+06
4645.4,1.78757e+06
4645.5,1.7883e+06
4645.6,1.78904e+06
4645.7,1.78977e+06
4645.8,1.7905e+06
4645.9,1.79123e+06
4646,1.79196e+06
4646.1,1.79269e+06
4646.2,1.79342e+06
4646.3,1.79415e+06
4646.4,1.79488e+06
4646.5,1.79561e+06
4646.6,1.79634e+06
4646.7,1.79707e+06
4646.8,1.7978e+06
4646.9,1.79853e+06
4647,1.79926e+06
4647.1,1.79999e+06
4647.2,1.80073e+06
4647.3,1.80146e+06
4647.4,1.80219e+06
4647.5,1.80292e+06
4647.6,1.80365e+06
4647.7,1.80438e+06
4647.8,1.80511e+06
4647.9,1.80584e+06
4648,1.80657e+06
4648.1,1.8073e+06
4648.2,1.80803e+06
4648.3,1.80876e+06
4648.4,1.80949e+06
4648.5,1.81022e+06
4648.6,1.81095e+06
4648.7,1.81168e+06
4648.8,1.81241e+06
4648.9,1.81314e+06
4649,1.81387e+06
4649.1,1.8146e+06
4649.2,1.81533e+06
4649.3,1.81606e+06
4649.4,1.81679e+06
4649.5,1.81752e+06
4649.6,1.81825e+06
4649.7,1.81898e+06
4649.8,1.81971e+06
4649.9,1.82044e+06
4650,1.82117e+06
4650.1,1.8219e+06
4650.2,1.82263e+06
4650.3,1.82336e+06
4650.4,1.82409e+06
4650.5,1.82482e+06
4650.6,1.82555e+06
4650.7,1.82628e+06
4650.8,1.82701e+06
4650.9,1.82774e+06
4651,1.82847e+06
4651.1,1.8292e+06
4651.2,1.82993e+06
4651.3,1.83066e+06
4651.4,1.83139e+06
4651.5,1.83212e+06
4651.6,1.83285e+06
4651.7,1.83358e+06
4651.8,1.8343e+06
4651.9,1.83503e+06
4652,1.83576e+06
4652.1,1.83649e+06
4652.2,1.83722e+06
4652.3,1.83795e+06
4652.4,1.83868e+06
4652.5,1.83941e+06
4652.6,1.84014e+06
4652.7,1.84087e+06
4652.8,1.8416e+06
4652.9,1.84233e+06
4653,1.84306e+06
4653.1,1.84379e+06
4653.2,1.84452e+06
4653.3,1.84524e+06
4653.4,1.84597e+06
4653.5,1.8467e+06
4653.6,1.84743e+06
4653.7,1.84816e+06
4653.8,1.84889e+06
4653.9,1.84962e+06
4654,1.85035e+06
4654.1,1.85108e+06
4654.2,1.85181e+06
4654.3,1.85254e+06
4654.4,1.85326e+06
4654.5,1.85399e+06
4654.6,1.85472e+06
4654.7,1.85545e+06
4654.8,1.85618e+06
4654.9,1.85691e+06
4655,1.85764e+06
4655.1,1.85837e+06
4655.2,1.8591e+06
4655.3,1.85982e+06
4655.4,1.86055e+06
4655.5,1.86128e+06
4655.6,1.86201e+06
4655.7,1.86274e+06
4655.8,1.86347e+06
4655.9,1.8642e+06
4656,1.86492e+06
4656.1,1.86565e+06
4656.2,1.86638e+06
4656.3,1.86711e+06
4656.4,1.86784e+06
4656.5,1.86857e+06
4656.6,1.8693e+06
4656.7,1.87002e+06
4656.8,1.87075e+06
4656.9,1.87148e+06
4657,1.87221e+06
4657.1,1.87294e+06
4657.2,1.87367e+06
4657.3,1.87439e+06
4657.4,1.87512e+06
4657.5,1.87585e+06
4657.6,1.87658e+06
4657.7,1.87731e+06
4657.8,1.87804e+06
4657.9,1.87876e+06
4658,1.87949e+06
4658.1,1.88022e+06
4658.2,1.88095e+06
4658.3,1.88168e+06
4658.4,1.8824e+06
4658.5,1.88313e+06
4658.6,1.88386e+06
4658.7,1.88459e+06
4658.8,1.88532e+06
4658.9,1.88604e+06
4659,1.88677e+06
4659.1,1.8875e+06
4659.2,1.88823e+06
4659.3,1.88896e+06
4659.4,1.88968e+06
4659.5,1.89041e+06
4659.6,1.89114e+06
4659.7,1.89187e+06
4659.8,1.89259e+06
4659.9,1.89332e+06
4660,1.89405e+06
4660.1,1.89478e+06
4660.2,1.8955e+06
4660.3,1.89623e+06
4660.4,1.89696e+06
4660.5,1.89769e+06
4660.6,1.89842e+06
4660.7,1.89914e+06
4660.8,1.89987e+06
4660.9,1.9006e+06
4661,1.90133e+06
4661.1,1.90205e+06
4661.2,1.90278e+06
4661.3,1.90351e+06
4661.4,1.90423e+06
4661.5,1.90496e+06
4661.6,1.90569e+06
4661.7,1.90642e+06
4661.8,1.90714e+06
4661.9,1.90787e+06
4662,1.9086e+06
4662.1,1.90933e+06
4662.2,1.91005e+06
4662.3,1.91078e+06
4662.4,1.91151e+06
4662.5,1.91223e+06
4662.6,1.91296e+06
4662.7,1.91369e+06
4662.8,1.91442e+06
4662.9,1.91514e+06
4663,1.91587e+06
4663.1,1.9166e+06
4663.2,1.91732e+06
4663.3,1.91805e+06
4663.4,1.91878e+06
4663.5,1.9195e+06
4663.6,1.92023e+06
4663.7,1.92096e+06
4663.8,1.92168e+06
4663.9,1.92241e+06
4664,1.92314e+06
4664.1,1.92387e+06
4664.2,1.92459e+06
4664.3,1.92532e+06
4664.4,1.92605e+06
4664.5,1.92677e+06
4664.6,1.9275e+06
4664.7,1.92823e+06
4664.8,1.92895e+06
4664.9,1.92968e+06
4665,1.93041e+06
4665.1,1.93113e+06
4665.2,1.93186e+06
4665.3,1.93258e+06
4665.4,1.93331e+06
4665.5,1.93404e+06
4665.6,1.93476e+06
4665.7,1.93549e+06
4665.8,1.93622e+06
4665.9,1.93694e+06
4666,1.93767e+06
4666.1,1.9384e+06
4666.2,1.93912e+06
4666.3,1.93985e+06
4666.4,1.94057e+06
4666.5,1.9413e+06
4666.6,1.94203e+06
4666.7,1.94275e+06
4666.8,1.94348e+06
4666.9,1.94421e+06
4667,1.94493e+06
4667.1,1.94566e+06
4667.2,1.94638e+06
4667.3,1.94711e+06
4667.4,1.94784e+06
4667.5,1.94856e+06
4667.6,1.94929e+06
4667.7,1.95001e+06
4667.8,1.95074e+06
4667.9,1.95147e+06
4668,1.95219e+06
4668.1,1.95292e+06
4668.2,1.95364e+06
4668.3,1.95437e+06
4668.4,1.95509e+06
4668.5,1.95582e+06
4668.6,1.95655e+06
4668.7,1.95727e+06
4668.8,1.958e+06
4668.9,1.95872e+06
4669,1.95945e+06
4669.1,1.96017e+06
4669.2,1.9609e+06
4669.3,1.96163e+06
4669.4,1.96235e+06
4669.5,1.96308e+06
4669.6,1.9638e+06
4669.7,1.96453e+06
4669.8,1.96525e+06
4669.9,1.96598e+06
4670,1.9667e+06
4670.1,1.96743e+06
4670.2,1.96815e+06
4670.3,1.96888e+06
4670.4,1.96961e+06
4670.5,1.97033e+06
4670.6,1.97106e+06
4670.7,1.97178e+06
4670.8,1.97251e+06
4670.9,1.97323e+06
4671,1.97396e+06
4671.1,1.97468e+06
4671.2,1.97541e+06
4671.3,1.97613e+06
4671.4,1.97686e+06
4671.5,1.97758e+06
4671.6,1.97831e+06
4671.7,1.97903e+06
4671.8,1.97976e+06
4671.9,1.98048e+06
4672,1.98121e+06
4672.1,1.98193e+06
4672.2,1.98266e+06
4672.3,1.98338e+06
4672.4,1.98411e+06
4672.5,1.98483e+06
4672.6,1.98556e+06
4672.7,1.98628e+06
4672.8,1.98701e+06
4672.9,1.98773e+06
4673,1.98846e+06
4673.1,1.98918e+06
4673.2,1.9899e+06
4673.3,1.99063e+06
4673.4,1.99135e+06
4673.5,1.99208e+06
4673.6,1.9928e+06
4673.7,1.99353e+06
4673.8,1.99425e+06
4673.9,1.99498e+06
4674,1.9957e+06
4674.1,1.99643e+06
4674.2,1.99715e+06
4674.3,1.99787e+06
4674.4,1.9986e+06
4674.5,1.99932e+06
4674.6,2.00005e+06
4674.7,2.00077e+06
4674.8,2.0015e+06
4674.9,2.00222e+06
4675,2.00294e+06
4675.1,2.00367e+06
4675.2,2.00439e+06
4675.3,2.00512e+06
4675.4,2.00584e+06
4675.5,2.00656e+06
4675.6,2.00729e+06
4675.7,2.00801e+06
4675.8,2.00874e+06
4675.9,2.00946e+06
4676,2.01019e+06
4676.1,2.01091e+06
4676.2,2.01163e+06
4676.3,2.01236e+06
4676.4,2.01308e+06
4676.5,2.0138e+06
4676.6,2.01453e+06
4676.7,2.01525e+06
4676.8,2.01598e+06
4676.9,2.0167e+06
4677,2.01742e+06
4677.1,2.01815e+06
4677.2,2.01887e+06
4677.3,2.0196e+06
4677.4,2.02032e+06
4677.5,2.02104e+06
4677.6,2.02177e+06
4677.7,2.02249e+06
4677.8,2.02321e+06
4677.9,2.02394e+06
4678,2.02466e+06
4678.1,2.02538e+06
4678.2,2.02611e+06
4678.3,2.02683e+06
4678.4,2.02755e+06
4678.5,2.02828e+06
4678.6,2.029e+06
4678.7,2.02972e+06
4678.8,2.03045e+06
4678.9,2.03117e+06
4679,2.03189e+06
4679.1,2.03262e+06
4679.2,2.03334e+06
4679.3,2.03406e+06
4679.4,2.03479e+06
4679.5,2.03551e+06
4679.6,2.03623e+06
4679.7,2.03696e+06
4679.8,2.03768e+06
4679.9,2.0384e+06
4680,2.03913e+06
4680.1,2.03985e+06
4680.2,2.04057e+06
4680.3,2.04129e+06
4680.4,2.04202e+06
4680.5,2.04274e+06
4680.6,2.04346e+06
4680.7,2.04419e+06
4680.8,2.04491e+06
4680.9,2.04563e+06
4681,2.04635e+06
4681.1,2.04708e+06
4681.2,2.0478e+06
4681.3,2.04852e+06
4681.4,2.04925e+06
4681.5,2.04997e+06
4681.6,2.05069e+06
4681.7,2.05141e+06
4681.8,2.05214e+06
4681.9,2.05286e+06
4682,2.05358e+06
4682.1,2.0543e+06
4682.2,2.05503e+06
4682.3,2.05575e+06
4682.4,2.05647e+06
4682.5,2.05719e+06
4682.6,2.05792e+06
4682.7,2.05864e+06
4682.8,2.05936e+06
4682.9,2.06008e+06
4683,2.0608e+06
4683.1,2.06153e+06
4683.2,2.06225e+06
4683.3,2.06297e+06
4683.4,2.06369e+06
4683.5,2.06442e+06
4683.6,2.06514e+06
4683.7,2.06586e+06
4683.8,2.06658e+06
4683.9,2.0673e+06
4684,2.06803e+06
4684.1,2.06875e+06
4684.2,2.06947e+06
4684.3,2.07019e+06
4684.4,2.07091e+06
4684.5,2.07164e+06
4684.6,2.07236e+06
4684.7,2.07308e+06
4684.8,2.0738e+06
4684.9,2.07452e+06
4685,2.07525e+06
4685.1,2.07597e+06
4685.2,2.07669e+06
4685.3,2.07741e+06
4685.4,2.07813e+06
4685.5,2.07885e+06
4685.6,2.07958e+06
4685.7,2.0803e+06
4685.8,2.08102e+06
4685.9,2.08174e+06
4686,2.08246e+06
4686.1,2.08318e+06
4686.2,2.08391e+06
4686.3,2.08463e+06
4686.4,2.08535e+06
4686.5,2.08607e+06
4686.6,2.08679e+06
4686.7,2.08751e+06
4686.8,2.08823e+06
4686.9,2.08896e+06
4687,2.08968e+06
4687.1,2.0904e+06
4687.2,2.09112e+06
4687.3,2.09184e+06
4687.4,2.09256e+06
4687.5,2.09328e+06
4687.6,2.094e+06
4687.7,2.09473e+06
4687.8,2.09545e+06
4687.9,2.09617e+06
4688,2.09689e+06
4688.1,2.09761e+06
4688.2,2.09833e+06
4688.3,2.09905e+06
4688.4,2.09977e+06
4688.5,2.10049e+06
4688.6,2.10122e+06
4688.7,2.10194e+06
4688.8,2.10266e+06
4688.9,2.10338e+06
4689,2.1041e+06
4689.1,2.10482e+06
4689.2,2.10554e+06
4689.3,2.10626e+06
4689.4,2.10698e+06
4689.5,2.1077e+06
4689.6,2.10842e+06
4689.7,2.10914e+06
4689.8,2.10986e+06
4689.9,2.11058e+06
4690,2.1113e+06
4690.1,2.11203e+06
4690.2,2.11275e+06
4690.3,2.11347e+06
4690.4,2.11419e+06
4690.5,2.11491e+06
4690.6,2.11563e+06
4690.7,2.11635e+06
4690.8,2.11707e+06
4690.9,2.11779e+06
4691,2.11851e+06
4691.1,2.11923e+06
4691.2,2.11995e+06
4691.3,2.12067e+06
4691.4,2.12139e+06
4691.5,2.12211e+06
4691.6,2.12283e+06
4691.7,2.12355e+06
4691.8,2.12427e+06
4691.9,2.12499e+06
4692,2.12571e+06
4692.1,2.12643e+06
4692.2,2.12715e+06
4692.3,2.12787e+06
4692.4,2.12859e+06
4692.5,2.12931e+06
4692.6,2.13003e+06
4692.7,2.13075e+06
4692.8,2.13147e+06
4692.9,2.13219e+06
4693,2.13291e+06
4693.1,2.13363e+06
4693.2,2.13435e+06
4693.3,2.13507e+06
4693.4,2.13579e+06
4693.5,2.13651e+06
4693.6,2.13723e+06
4693.7,2.13795e+06
4693.8,2.13867e+06
4693.9,2.13939e+06
4694,2.14011e+06
4694.1,2.14083e+06
4694.2,2.14155e+06
4694.3,2.14227e+06
4694.4,2.14298e+06
4694.5,2.1437e+06
4694.6,2.14442e+06
4694.7,2.14514e+06
4694.8,2.14586e+06
4694.9,2.14658e+06
4695,2.1473e+06
4695.1,2.14802e+06
4695.2,2.14874e+06
4695.3,2.14946e+06
4695.4,2.15018e+06
4695.5,2.1509e+06
4695.6,2.15162e+06
4695.7,2.15234e+06
4695.8,2.15306e+06
4695.9,2.15377e+06
4696,2.15449e+06
4696.1,2.15521e+06
4696.2,2.15593e+06
4696.3,2.15665e+06
4696.4,2.15737e+06
4696.5,2.15809e+06
4696.6,2.15881e+06
4696.7,2.15953e+06
4696.8,2.16024e+06
4696.9,2.16096e+06
4697,2.16168e+06
4697.1,2.1624e+06
4697.2,2.16312e+06
4697.3,2.16384e+06
4697.4,2.16456e+06
4697.5,2.16528e+06
4697.6,2.16599e+06
4697.7,2.16671e+06
4697.8,2.16743e+06
4697.9,2.16815e+06
4698,2.16887e+06
4698.1,2.16959e+06
4698.2,2.17031e+06
4698.3,2.17102e+06
4698.4,2.17174e+06
4698.5,2.17246e+06
4698.6,2.17318e+06
4698.7,2.1739e+06
4698.8,2.17462e+06
4698.9,2.17533e+06
4699,2.17605e+06
4699.1,2.17677e+06
4699.2,2.17749e+06
4699.3,2.17821e+06
4699.4,2.17893e+06
4699.5,2.17964e+06
4699.6,2.18036e+06
4699.7,2.18108e+06
4699.8,2.1818e+06
4699.9,2.18252e+06
4700,2.18323e+06
4700.1,2.18395e+06
4700.2,2.18467e+06
4700.3,2.18539e+06
4700.4,2.18611e+06
4700.5,2.18682e+06
4700.6,2.18754e+06
4700.7,2.18826e+06
4700.8,2.18898e+06
4700.9,2.1897e+06
4701,2.19041e+06
4701.1,2.19113e+06
4701.2,2.19185e+06
4701.3,2.19257e+06
4701.4,2.19328e+06
4701.5,2.194e+06
4701.6,2.19472e+06
4701.7,2.19544e+06
4701.8,2.19615e+06
4701.9,2.19687e+06
4702,2.19759e+06
4702.1,2.19831e+06
4702.2,2.19902e+06
4702.3,2.19974e+06
4702.4,2.20046e+06
4702.5,2.20118e+06
4702.6,2.20189e+06
4702.7,2.20261e+06
4702.8,2.20333e+06
4702.9,2.20405e+06
4703,2.20476e+06
4703.1,2.20548e+06
4703.2,2.2062e+06
4703.3,2.20691e+06
4703.4,2.20763e+06
4703.5,2.20835e+06
4703.6,2.20907e+06
4703.7,2.20978e+06
4703.8,2.2105e+06
4703.9,2.21122e+06
4704,2.21193e+06
4704.1,2.21265e+06
4704.2,2.21337e+06
4704.3,2.21408e+06
4704.4,2.2148e+06
4704.5,2.21552e+06
4704.6,2.21624e+06
4704.7,2.21695e+06
4704.8,2.21767e+06
4704.9,2.21839e+06
4705,2.2191e+06
4705.1,2.21982e+06
4705.2,2.22054e+06
4705.3,2.22125e+06
4705.4,2.22197e+06
4705.5,2.22269e+06
4705.6,2.2234e+06
4705.7,2.22412e+06
4705.8,2.22484e+06
4705.9,2.22555e+06
4706,2.22627e+06
4706.1,2.22698e+06
4706.2,2.2277e+06
4706.3,2.22842e+06
4706.4,2.22913e+06
4706.5,2.22985e+06
4706.6,2.23057e+06
4706.7,2.23128e+06
4706.8,2.232e+06
4706.9,2.23272e+06
4707,2.23343e+06
4707.1,2.23415e+06
4707.2,2.23486e+06
4707.3,2.23558e+06
4707.4,2.2363e+06
4707.5,2.23701e+06
4707.6,2.23773e+06
4707.7,2.23844e+06
4707.8,2.23916e+06
4707.9,2.23988e+06
4708,2.24059e+06
4708.1,2.24131e+06
4708.2,2.24202e+06
4708.3,2.24274e+06
4708.4,2.24346e+06
4708.5,2.24417e+06
4708.6,2.24489e+06
4708.7,2.2456e+06
4708.8,2.24632e+06
4708.9,2.24703e+06
4709,2.24775e+06
4709.1,2.24847e+06
4709.2,2.24918e+06
4709.3,2.2499e+06
4709.4,2.25061e+06
4709.5,2.25133e+06
4709.6,2.25204e+06
4709.7,2.25276e+06
4709.8,2.25347e+06
4709.9,2.25419e+06
4710,2.25491e+06
4710.1,2.25562e+06
4710.2,2.25634e+06
4710.3,2.25705e+06
4710.4,2.25777e+06
4710.5,2.25848e+06
4710.6,2.2592e+06
4710.7,2.25991e+06
4710.8,2.26063e+06
4710.9,2.26134e+06
4711,2.26206e+06
4711.1,2.26277e+06
4711.2,2.26349e+06
4711.3,2.2642e+06
4711.4,2.26492e+06
4711.5,2.26563e+06
4711.6,2.26635e+06
4711.7,2.26706e+06
4711.8,2.26778e+06
4711.9,2.26849e+06
4712,2.26921e+06
4712.1,2.26992e+06
4712.2,2.27064e+06
4712.3,2.27135e+06
4712.4,2.27207e+06
4712.5,2.27278e+06
4712.6,2.2735e+06
4712.7,2.27421e+06
4712.8,2.27493e+06
4712.9,2.27564e+06
4713,2.27635e+06
4713.1,2.27707e+06
4713.2,2.27778e+06
4713.3,2.2785e+06
4713.4,2.27921e+06
4713.5,2.27993e+06
4713.6,2.28064e+06
4713.7,2.28136e+06
4713.8,2.28207e+06
4713.9,2.28278e+06
4714,2.2835e+06
4714.1,2.28421e+06
4714.2,2.28493e+06
4714.3,2.28564e+06
4714.4,2.28636e+06
4714.5,2.28707e+06
4714.6,2.28778e+06
4714.7,2.2885e+06
4714.8,2.28921e+06
4714.9,2.28993e+06
4715,2.29064e+06
4715.1,2.29135e+06
4715.2,2.29207e+06
4715.3,2.29278e+06
4715.4,2.2935e+06
4715.5,2.29421e+06
4715.6,2.29492e+06
4715.7,2.29564e+06
4715.8,2.29635e+06
4715.9,2.29707e+06
4716,2.29778e+06
4716.1,2.29849e+06
4716.2,2.29921e+06
4716.3,2.29992e+06
4716.4,2.30063e+06
4716.5,2.30135e+06
4716.6,2.30206e+06
4716.7,2.30278e+06
4716.8,2.30349e+06
4716.9,2.3042e+06
4717,2.30492e+06
4717.1,2.30563e+06
4717.2,2.30634e+06
4717.3,2.30706e+06
4717.4,2.30777e+06
4717.5,2.30848e+06
4717.6,2.3092e+06
4717.7,2.30991e+06
4717.8,2.31062e+06
4717.9,2.31134e+06
4718,2.31205e+06
4718.1,2.31276e+06
4718.2,2.31348e+06
4718.3,2.31419e+06
4718.4,2.3149e+06
4718.5,2.31562e+06
4718.6,2.31633e+06
4718.7,2.31704e+06
4718.8,2.31775e+06
4718.9,2.31847e+06
4719,2.31918e+06
4719.1,2.31989e+06
4719.2,2.32061e+06
4719.3,2.32132e+06
4719.4,2.32203e+06
4719.5,2.32274e+06
4719.6,2.32346e+06
4719.7,2.32417e+06
4719.8,2.32488e+06
4719.9,2.3256e+06
4720,2.32631e+06
4720.1,2.32702e+06
4720.2,2.32773e+06
4720.3,2.32845e+06
4720.4,2.32916e+06
4720.5,2.32987e+06
4720.6,2.33058e+06
4720.7,2.3313e+06
4720.8,2.33201e+06
4720.9,2.33272e+06
4721,2.33343e+06
4721.1,2.33415e+06
4721.2,2.33486e+06
4721.3,2.33557e+06
4721.4,2.33628e+06
4721.5,2.337e+06
4721.6,2.33771e+06
4721.7,2.33842e+06
4721.8,2.33913e+06
4721.9,2.33984e+06
4722,2.34056e+06
4722.1,2.34127e+06
4722.2,2.34198e+06
4722.3,2.34269e+06
4722.4,2.3434e+06
4722.5,2.34412e+06
4722.6,2.34483e+06
4722.7,2.34554e+06
4722.8,2.34625e+06
4722.9,2.34696e+06
4723,2.34768e+06
4723.1,2.34839e+06
4723.2,2.3491e+06
4723.3,2.34981e+06
4723.4,2.35052e+06
4723.5,2.35124e+06
4723.6,2.35195e+06
4723.7,2.35266e+06
4723.8,2.35337e+06
4723.9,2.35408e+06
4724,2.35479e+06
4724.1,2.3555e+06
4724.2,2.35622e+06
4724.3,2.35693e+06
4724.4,2.35764e+06
4724.5,2.35835e+06
4724.6,2.35906e+06
4724.7,2.35977e+06
4724.8,2.36049e+06
4724.9,2.3612e+06
4725,2.36191e+06
4725.1,2.36262e+06
4725.2,2.36333e+06
4725.3,2.36404e+06
4725.4,2.36475e+06
4725.5,2.36546e+06
4725.6,2.36618e+06
4725.7,2.36689e+06
4725.8,2.3676e+06
4725.9,2.36831e+06
4726,2.36902e+06
4726.1,2.36973e+06
4726.2,2.37044e+06
4726.3,2.37115e+06
4726.4,2.37186e+06
4726.5,2.37257e+06
4726.6,2.37328e+06
4726.7,2.374e+06
4726.8,2.37471e+06
4726.9,2.37542e+06
4727,2.37613e+06
4727.1,2.37684e+06
4727.2,2.37755e+06
4727.3,2.37826e+06
4727.4,2.37897e+06
4727.5,2.37968e+06
4727.6,2.38039e+06
4727.7,2.3811e+06
4727.8,2.38181e+06
4727.9,2.38252e+06
4728,2.38323e+06
4728.1,2.38394e+06
4728.2,2.38465e+06
4728.3,2.38536e+06
4728.4,2.38608e+06
4728.5,2.38679e+06
4728.6,2.3875e+06
4728.7,2.38821e+06
4728.8,2.38892e+06
4728.9,2.38963e+06
4729,2.39034e+06
4729.1,2.39105e+06
4729.2,2.39176e+06
4729.3,2.39247e+06
4729.4,2.39318e+06
4729.5,2.39389e+06
4729.6,2.3946e+06
4729.7,2.39531e+06
4729.8,2.39602e+06
4729.9,2.39673e+06
4730,2.39744e+06
4730.1,2.39815e+06
4730.2,2.39886e+06
4730.3,2.39957e+06
4730.4,2.40028e+06
4730.5,2.40099e+06
4730.6,2.4017e+06
4730.7,2.4024e+06
4730.8,2.40311e+06
4730.9,2.40382e+06
4731,2.40453e+06
4731.1,2.40524e+06
4731.2,2.40595e+06
4731.3,2.40666e+06
4731.4,2.40737e+06
4731.5,2.40808e+06
4731.6,2.40879e+06
4731.7,2.4095e+06
4731.8,2.41021e+06
4731.9,2.41092e+06
4732,2.41163e+06
4732.1,2.41234e+06
4732.2,2.41305e+06
4732.3,2.41376e+06
4732.4,2.41447e+06
4732.5,2.41517e+06
4732.6,2.41588e+06
4732.7,2.41659e+06
4732.8,2.4173e+06
4732.9,2.41801e+06
4733,2.41872e+06
4733.1,2.41943e+06
4733.2,2.42014e+06
4733.3,2.42085e+06
4733.4,2.42156e+06
4733.5,2.42226e+06
4733.6,2.42297e+06
4733.7,2.42368e+06
4733.8,2.42439e+06
4733.9,2.4251e+06
4734,2.42581e+06
4734.1,2.42652e+06
4734.2,2.42723e+06
4734.3,2.42793e+06
4734.4,2.42864e+06
4734.5,2.42935e+06
4734.6,2.43006e+06
4734.7,2.43077e+06
4734.8,2.43148e+06
4734.9,2.43219e+06
4735,2.43289e+06
4735.1,2.4336e+06
4735.2,2.43431e+06
4735.3,2.43502e+06
4735.4,2.43573e+06
4735.5,2.43644e+06
4735.6,2.43714e+06
4735.7,2.43785e+06
4735.8,2.43856e+06
4735.9,2.43927e+06
4736,2.43998e+06
4736.1,2.44069e+06
4736.2,2.44139e+06
4736.3,2.4421e+06
4736.4,2.44281e+06
4736.5,2.44352e+06
4736.6,2.44423e+06
4736.7,2.44493e+06
4736.8,2.44564e+06
4736.9,2.44635e+06
4737,2.44706e+06
4737.1,2.44776e+06
4737.2,2.44847e+06
4737.3,2.44918e+06
4737.4,2.44989e+06
4737.5,2.4506e+06
4737.6,2.4513e+06
4737.7,2.45201e+06
4737.8,2.45272e+06
4737.9,2.45343e+06
4738,2.45413e+06
4738.1,2.45484e+06
4738.2,2.45555e+06
4738.3,2.45626e+06
4738.4,2.45696e+06
4738.5,2.45767e+06
4738.6,2.45838e+06
4738.7,2.45909e+06
4738.8,2.45979e+06
4738.9,2.4605e+06
4739,2.46121e+06
4739.1,2.46192e+06
4739.2,2.46262e+06
4739.3,2.46333e+06
4739.4,2.46404e+06
4739.5,2.46474e+06
4739.6,2.46545e+06
4739.7,2.46616e+06
4739.8,2.46687e+06
4739.9,2.46757e+06
4740,2.46828e+06
4740.1,2.46899e+06
4740.2,2.46969e+06
4740.3,2.4704e+06
4740.4,2.47111e+06
4740.5,2.47181e+06
4740.6,2.47252e+06
4740.7,2.47323e+06
4740.8,2.47393e+06
4740.9,2.47464e+06
4741,2.47535e+06
4741.1,2.47606e+06
4741.2,2.47676e+06
4741.3,2.47747e+06
4741.4,2.47817e+06
4741.5,2.47888e+06
4741.6,2.47959e+06
4741.7,2.48029e+06
4741.8,2.481e+06
4741.9,2.48171e+06
4742,2.48241e+06
4742.1,2.48312e+06
4742.2,2.48383e+06
4742.3,2.48453e+06
4742.4,2.48524e+06
4742.5,2.48595e+06
4742.6,2.48665e+06
4742.7,2.48736e+06
4742.8,2.48806e+06
4742.9,2.48877e+06
4743,2.48948e+06
4743.1,2.49018e+06
4743.2,2.49089e+06
4743.3,2.49159e+06
4743.4,2.4923e+06
4743.5,2.49301e+06
4743.6,2.49371e+06
4743.7,2.49442e+06
4743.8,2.49512e+06
4743.9,2.49583e+06
4744,2.49654e+06
4744.1,2.49724e+06
4744.2,2.49795e+06
4744.3,2.49865e+06
4744.4,2.49936e+06
4744.5,2.50006e+06
4744.6,2.50077e+06
4744.7,2.50148e+06
4744.8,2.50218e+06
4744.9,2.50289e+06
4745,2.50359e+06
4745.1,2.5043e+06
4745.2,2.505e+06
4745.3,2.50571e+06
4745.4,2.50641e+06
4745.5,2.50712e+06
4745.6,2.50782e+06
4745.7,2.50853e+06
4745.8,2.50924e+06
4745.9,2.50994e+06
4746,2.51065e+06
4746.1,2.51135e+06
4746.2,2.51206e+06
4746.3,2.51276e+06
4746.4,2.51347e+06
4746.5,2.51417e+06
4746.6,2.51488e+06
4746.7,2.51558e+06
4746.8,2.51629e+06
4746.9,2.51699e+06
4747,2.5177e+06
4747.1,2.5184e+06
4747.2,2.51911e+06
4747.3,2.51981e+06
4747.4,2.52052e+06
4747.5,2.52122e+06
4747.6,2.52193e+06
4747.7,2.52263e+06
4747.8,2.52334e+06
4747.9,2.52404e+06
4748,2.52474e+06
4748.1,2.52545e+06
4748.2,2.52615e+06
4748.3,2.52686e+06
4748.4,2.52756e+06
4748.5,2.52827e+06
4748.6,2.52897e+06
4748.7,2.52968e+06
4748.8,2.53038e+06
4748.9,2.53108e+06
4749,2.53179e+06
4749.1,2.53249e+06
4749.2,2.5332e+06
4749.3,2.5339e+06
4749.4,2.53461e+06
4749.5,2.53531e+06
4749.6,2.53601e+06
4749.7,2.53672e+06
4749.8,2.53742e+06
4749.9,2.53813e+06
4750,2.53883e+06
4750.1,2.53953e+06
4750.2,2.54024e+06
4750.3,2.54094e+06
4750.4,2.54165e+06
4750.5,2.54235e+06
4750.6,2.54305e+06
4750.7,2.54376e+06
4750.8,2.54446e+06
4750.9,2.54517e+06
4751,2.54587e+06
4751.1,2.54657e+06
4751.2,2.54728e+06
4751.3,2.54798e+06
4751.4,2.54868e+06
4751.5,2.54939e+06
4751.6,2.55009e+06
4751.7,2.55079e+06
4751.8,2.5515e+06
4751.9,2.5522e+06
4752,2.5529e+06
4752.1,2.55361e+06
4752.2,2.55431e+06
4752.3,2.55502e+06
4752.4,2.55572e+06
4752.5,2.55642e+06
4752.6,2.55712e+06
4752.7,2.55783e+06
4752.8,2.55853e+06
4752.9,2.55923e+06
4753,2.55994e+06
4753.1,2.56064e+06
4753.2,2.56134e+06
4753.3,2.56205e+06
4753.4,2.56275e+06
4753.5,2.56345e+06
4753.6,2.56416e+06
4753.7,2.56486e+06
4753.8,2.56556e+06
4753.9,2.56626e+06
4754,2.56697e+06
4754.1,2.56767e+06
4754.2,2.56837e+06
4754.3,2.56908e+06
4754.4,2.56978e+06
4754.5,2.57048e+06
4754.6,2.57118e+06
4754.7,2.57189e+06
4754.8,2.57259e+06
4754.9,2.57329e+06
4755,2.57399e+06
4755.1,2.5747e+06
4755.2,2.5754e+06
4755.3,2.5761e+06
4755.4,2.5768e+06
4755.5,2.57751e+06
4755.6,2.57821e+06
4755.7,2.57891e+06
4755.8,2.57961e+06
4755.9,2.58031e+06
4756,2.58102e+06
4756.1,2.58172e+06
4756.2,2.58242e+06
4756.3,2.58312e+06
4756.4,2.58383e+06
4756.5,2.58453e+06
4756.6,2.58523e+06
4756.7,2.58593e+06
4756.8,2.58663e+06
4756.9,2.58734e+06
4757,2.58804e+06
4757.1,2.58874e+06
4757.2,2.58944e+06
4757.3,2.59014e+06
4757.4,2.59084e+06
4757.5,2.59155e+06
4757.6,2.59225e+06
4757.7,2.59295e+06
4757.8,2.59365e+06
4757.9,2.59435e+06
4758,2.59505e+06
4758.1,2.59576e+06
4758.2,2.59646e+06
4758.3,2.59716e+06
4758.4,2.59786e+06
4758.5,2.59856e+06
4758.6,2.59926e+06
4758.7,2.59997e+06
4758.8,2.60067e+06
4758.9,2.60137e+06
4759,2.60207e+06
4759.1,2.60277e+06
4759.2,2.60347e+06
4759.3,2.60417e+06
4759.4,2.60487e+06
4759.5,2.60558e+06
4759.6,2.60628e+06
4759.7,2.60698e+06
4759.8,2.60768e+06
4759.9,2.60838e+06
4760,2.60908e+06
4760.1,2.60978e+06
4760.2,2.61048e+06
4760.3,2.61118e+06
4760.4,2.61188e+06
4760.5,2.61258e+06
4760.6,2.61329e+06
4760.7,2.61399e+06
4760.8,2.61469e+06
4760.9,2.61539e+06
4761,2.61609e+06
4761.1,2.61679e+06
4761.2,2.61749e+06
4761.3,2.61819e+06
4761.4,2.61889e+06
4761.5,2.61959e+06
4761.6,2.62029e+06
4761.7,2.62099e+06
4761.8,2.62169e+06
4761.9,2.62239e+06
4762,2.62309e+06
4762.1,2.62379e+06
4762.2,2.62449e+06
4762.3,2.62519e+06
4762.4,2.62589e+06
4762.5,2.62659e+06
4762.6,2.6273e+06
4762.7,2.628e+06
4762.8,2.6287e+06
4762.9,2.6294e+06
4763,2.6301e+06
4763.1,2.6308e+06
4763.2,2.6315e+06
4763.3,2.6322e+06
4763.4,2.6329e+06
4763.5,2.6336e+06
4763.6,2.6343e+06
4763.7,2.63499e+06
4763.8,2.63569e+06
4763.9,2.63639e+06
4764,2.63709e+06
4764.1,2.63779e+06
4764.2,2.63849e+06
4764.3,2.63919e+06
4764.4,2.63989e+06
4764.5,2.64059e+06
4764.6,2.64129e+06
4764.7,2.64199e+06
4764.8,2.64269e+06
4764.9,2.64339e+06
4765,2.64409e+06
4765.1,2.64479e+06
4765.2,2.64549e+06
4765.3,2.64619e+06
4765.4,2.64689e+06
4765.5,2.64759e+06
4765.6,2.64829e+06
4765.7,2.64898e+06
4765.8,2.64968e+06
4765.9,2.65038e+06
4766,2.65108e+06
4766.1,2.65178e+06
4766.2,2.65248e+06
4766.3,2.65318e+06
4766.4,2.65388e+06
4766.5,2.65458e+06
4766.6,2.65528e+06
4766.7,2.65598e+06
4766.8,2.65667e+06
4766.9,2.65737e+06
4767,2.65807e+06
4767.1,2.65877e+06
4767.2,2.65947e+06
4767.3,2.66017e+06
4767.4,2.66087e+06
4767.5,2.66157e+06
4767.6,2.66226e+06
4767.7,2.66296e+06
4767.8,2.66366e+06
4767.9,2.66436e+06
4768,2.66506e+06
4768.1,2.66576e+06
4768.2,2.66645e+06
4768.3,2.66715e+06
4768.4,2.66785e+06
4768.5,2.66855e+06
4768.6,2.66925e+06
4768.7,2.66995e+06
4768.8,2.67064e+06
4768.9,2.67134e+06
4769,2.67204e+06
4769.1,2.67274e+06
4769.2,2.67344e+06
4769.3,2.67414e+06
4769.4,2.67483e+06
4769.5,2.67553e+06
4769.6,2.67623e+06
4769.7,2.67693e+06
4769.8,2.67763e+06
4769.9,2.67832e+06
4770,2.67902e+06
4770.1,2.67972e+06
4770.2,2.68042e+06
4770.3,2.68111e+06
4770.4,2.68181e+06
4770.5,2.68251e+06
4770.6,2.68321e+06
4770.7,2.6839e+06
4770.8,2.6846e+06
4770.9,2.6853e+06
4771,2.686e+06
4771.1,2.68669e+06
4771.2,2.68739e+06
4771.3,2.68809e+06
4771.4,2.68879e+06
4771.5,2.68948e+06
4771.6,2.69018e+06
4771.7,2.69088e+06
4771.8,2.69158e+06
4771.9,2.69227e+06
4772,2.69297e+06
4772.1,2.69367e+06
4772.2,2.69437e+06
4772.3,2.69506e+06
4772.4,2.69576e+06
4772.5,2.69646e+06
4772.6,2.69715e+06
4772.7,2.69785e+06
4772.8,2.69855e+06
4772.9,2.69924e+06
4773,2.69994e+06
4773.1,2.70064e+06
4773.2,2.70133e+06
4773.3,2.70203e+06
4773.4,2.70273e+06
4773.5,2.70342e+06
4773.6,2.70412e+06
4773.7,2.70482e+06
4773.8,2.70552e+06
4773.9,2.70621e+06
4774,2.70691e+06
4774.1,2.7076e+06
4774.2,2.7083e+06
4774.3,2.709e+06
4774.4,2.70969e+06
4774.5,2.71039e+06
4774.6,2.71109e+06
4774.7,2.71178e+06
4774.8,2.71248e+06
4774.9,2.71318e+06
4775,2.71387e+06
4775.1,2.71457e+06
4775.2,2.71526e+06
4775.3,2.71596e+06
4775.4,2.71666e+06
4775.5,2.71735e+06
4775.6,2.71805e+06
4775.7,2.71874e+06
4775.8,2.71944e+06
4775.9,2.72014e+06
4776,2.72083e+06
4776.1,2.72153e+06
4776.2,2.72222e+06
4776.3,2.72292e+06
4776.4,2.72362e+06
4776.5,2.72431e+06
4776.6,2.72501e+06
4776.7,2.7257e+06
4776.8,2.7264e+06
4776.9,2.72709e+06
4777,2.72779e+06
4777.1,2.72849e+06
4777.2,2.72918e+06
4777.3,2.72988e+06
4777.4,2.73057e+06
4777.5,2.73127e+06
4777.6,2.73196e+06
4777.7,2.73266e+06
4777.8,2.73335e+06
4777.9,2.73405e+06
4778,2.73474e+06
4778.1,2.73544e+06
4778.2,2.73613e+06
4778.3,2.73683e+06
4778.4,2.73753e+06
4778.5,2.73822e+06
4778.6,2.73892e+06
4778.7,2.73961e+06
4778.8,2.74031e+06
4778.9,2.741e+06
4779,2.7417e+06
4779.1,2.74239e+06
4779.2,2.74309e+06
4779.3,2.74378e+06
4779.4,2.74447e+06
4779.5,2.74517e+06
4779.6,2.74586e+06
4779.7,2.74656e+06
4779.8,2.74725e+06
4779.9,2.74795e+06
4780,2.74864e+06
4780.1,2.74934e+06
4780.2,2.75003e+06
4780.3,2.75073e+06
4780.4,2.75142e+06
4780.5,2.75212e+06
4780.6,2.75281e+06
4780.7,2.7535e+06
4780.8,2.7542e+06
4780.9,2.75489e+06
4781,2.75559e+06
4781.1,2.75628e+06
4781.2,2.75698e+06
4781.3,2.75767e+06
4781.4,2.75836e+06
4781.5,2.75906e+06
4781.6,2.75975e+06
4781.7,2.76045e+06
4781.8,2.76114e+06
4781.9,2.76183e+06
4782,2.76253e+06
4782.1,2.76322e+06
4782.2,2.76392e+06
4782.3,2.76461e+06
4782.4,2.7653e+06
4782.5,2.766e+06
4782.6,2.76669e+06
4782.7,2.76739e+06
4782.8,2.76808e+06
4782.9,2.76877e+06
4783,2.76947e+06
4783.1,2.77016e+06
4783.2,2.77085e+06
4783.3,2.77155e+06
4783.4,2.77224e+06
4783.5,2.77293e+06
4783.6,2.77363e+06
4783.7,2.77432e+06
4783.8,2.77501e+06
4783.9,2.77571e+06
4784,2.7764e+06
4784.1,2.77709e+06
4784.2,2.77779e+06
4784.3,2.77848e+06
4784.4,2.77917e+06
4784.5,2.77987e+06
4784.6,2.78056e+06
4784.7,2.78125e+06
4784.8,2.78195e+06
4784.9,2.78264e+06
4785,2.78333e+06
4785.1,2.78403e+06
4785.2,2.78472e+06
4785.3,2.78541e+06
4785.4,2.7861e+06
4785.5,2.7868e+06
4785.6,2.78749e+06
4785.7,2.78818e+06
4785.8,2.78888e+06
4785.9,2.78957e+06
4786,2.79026e+06
4786.1,2.79095e+06
4786.2,2.79165e+06
4786.3,2.79234e+06
4786.4,2.79303e+06
4786.5,2.79372e+06
4786.6,2.79442e+06
4786.7,2.79511e+06
4786.8,2.7958e+06
4786.9,2.79649e+06
4787,2.79718e+06
4787.1,2.79788e+06
4787.2,2.79857e+06
4787.3,2.79926e+06
4787.4,2.79995e+06
4787.5,2.80065e+06
4787.6,2.80134e+06
4787.7,2.80203e+06
4787.8,2.80272e+06
4787.9,2.80341e+06
4788,2.80411e+06
4788.1,2.8048e+06
4788.2,2.80549e+06
4788.3,2.80618e+06
4788.4,2.80687e+06
4788.5,2.80757e+06
4788.6,2.80826e+06
4788.7,2.80895e+06
4788.8,2.80964e+06
4788.9,2.81033e+06
4789,2.81102e+06
4789.1,2.81172e+06
4789.2,2.81241e+06
4789.3,2.8131e+06
4789.4,2.81379e+06
4789.5,2.81448e+06
4789.6,2.81517e+06
4789.7,2.81586e+06
4789.8,2.81656e+06
4789.9,2.81725e+06
4790,2.81794e+06
4790.1,2.81863e+06
4790.2,2.81932e+06
4790.3,2.82001e+06
4790.4,2.8207e+06
4790.5,2.8214e+06
4790.6,2.82209e+06
4790.7,2.82278e+06
4790.8,2.82347e+06
4790.9,2.82416e+06
4791,2.82485e+06
4791.1,2.82554e+06
4791.2,2.82623e+06
4791.3,2.82692e+06
4791.4,2.82761e+06
4791.5,2.8283e+06
4791.6,2.829e+06
4791.7,2.82969e+06
4791.8,2.83038e+06
4791.9,2.83107e+06
4792,2.83176e+06
4792.1,2.83245e+06
4792.2,2.83314e+06
4792.3,2.83383e+06
4792.4,2.83452e+06
4792.5,2.83521e+06
4792.6,2.8359e+06
4792.7,2.83659e+06
4792.8,2.83728e+06
4792.9,2.83797e+06
4793,2.83866e+06
4793.1,2.83935e+06
4793.2,2.84004e+06
4793.3,2.84073e+06
4793.4,2.84142e+06
4793.5,2.84211e+06
4793.6,2.8428e+06
4793.7,2.84349e+06
4793.8,2.84418e+06
4793.9,2.84487e+06
4794,2.84556e+06
4794.1,2.84625e+06
4794.2,2.84694e+06
4794.3,2.84763e+06
4794.4,2.84832e+06
4794.5,2.84901e+06
4794.6,2.8497e+06
4794.7,2.85039e+06
4794.8,2.85108e+06
4794.9,2.85177e+06
4795,2.85246e+06
4795.1,2.85315e+06
4795.2,2.85384e+06
4795.3,2.85453e+06
4795.4,2.85522e+06
4795.5,2.85591e+06
4795.6,2.8566e+06
4795.7,2.85729e+06
4795.8,2.85798e+06
4795.9,2.85867e+06
4796,2.85936e+06
4796.1,2.86005e+06
4796.2,2.86074e+06
4796.3,2.86142e+06
4796.4,2.86211e+06
4796.5,2.8628e+06
4796.6,2.86349e+06
4796.7,2.86418e+06
4796.8,2.86487e+06
4796.9,2.86556e+06
4797,2.86625e+06
4797.1,2.86694e+06
4797.2,2.86763e+06
4797.3,2.86831e+06
4797.4,2.869e+06
4797.5,2.86969e+06
4797.6,2.87038e+06
4797.7,2.87107e+06
4797.8,2.87176e+06
4797.9,2.87245e+06
4798,2.87314e+06
4798.1,2.87382e+06
4798.2,2.87451e+06
4798.3,2.8752e+06
4798.4,2.87589e+06
4798.5,2.87658e+06
4798.6,2.87727e+06
4798.7,2.87796e+06
4798.8,2.87864e+06
4798.9,2.87933e+06
4799,2.88002e+06
4799.1,2.88071e+06
4799.2,2.8814e+06
4799.3,2.88208e+06
4799.4,2.88277e+06
4799.5,2.88346e+06
4799.6,2.88415e+06
4799.7,2.88484e+06
4799.8,2.88552e+06
4799.9,2.88621e+06
4800,2.8869e+06
4800.1,2.88759e+06
4800.2,2.88828e+06
4800.3,2.88896e+06
4800.4,2.88965e+06
4800.5,2.89034e+06
4800.6,2.89103e+06
4800.7,2.89172e+06
4800.8,2.8924e+06
4800.9,2.89309e+06
4801,2.89378e+06
4801.1,2.89447e+06
4801.2,2.89515e+06
4801.3,2.89584e+06
4801.4,2.89653e+06
4801.5,2.89722e+06
4801.6,2.8979e+06
4801.7,2.89859e+06
4801.8,2.89928e+06
4801.9,2.89997e+06
4802,2.90065e+06
4802.1,2.90134e+06
4802.2,2.90203e+06
4802.3,2.90271e+06
4802.4,2.9034e+06
4802.5,2.90409e+06
4802.6,2.90478e+06
4802.7,2.90546e+06
4802.8,2.90615e+06
4802.9,2.90684e+06
4803,2.90752e+06
4803.1,2.90821e+06
4803.2,2.9089e+06
4803.3,2.90958e+06
4803.4,2.91027e+06
4803.5,2.91096e+06
4803.6,2.91164e+06
4803.7,2.91233e+06
4803.8,2.91302e+06
4803.9,2.9137e+06
4804,2.91439e+06
4804.1,2.91508e+06
4804.2,2.91576e+06
4804.3,2.91645e+06
4804.4,2.91714e+06
4804.5,2.91782e+06
4804.6,2.91851e+06
4804.7,2.9192e+06
4804.8,2.91988e+06
4804.9,2.92057e+06
4805,2.92125e+06
4805.1,2.92194e+06
4805.2,2.92263e+06
4805.3,2.92331e+06
4805.4,2.924e+06
4805.5,2.92468e+06
4805.6,2.92537e+06
4805.7,2.92606e+06
4805.8,2.92674e+06
4805.9,2.92743e+06
4806,2.92811e+06
4806.1,2.9288e+06
4806.2,2.92949e+06
4806.3,2.93017e+06
4806.4,2.93086e+06
4806.5,2.93154e+06
4806.6,2.93223e+06
4806.7,2.93291e+06
4806.8,2.9336e+06
4806.9,2.93429e+06
4807,2.93497e+06
4807.1,2.93566e+06
4807.2,2.93634e+06
4807.3,2.93703e+06
4807.4,2.93771e+06
4807.5,2.9384e+06
4807.6,2.93908e+06
4807.7,2.93977e+06
4807.8,2.94045e+06
4807.9,2.94114e+06
4808,2.94182e+06
4808.1,2.94251e+06
4808.2,2.94319e+06
4808.3,2.94388e+06
4808.4,2.94456e+06
4808.5,2.94525e+06
4808.6,2.94593e+06
4808.7,2.94662e+06
4808.8,2.9473e+06
4808.9,2.94799e+06
4809,2.94867e+06
4809.1,2.94936e+06
4809.2,2.95004e+06
4809.3,2.95073e+06
4809.4,2.95141e+06
4809.5,2.9521e+06
4809.6,2.95278e+06
4809.7,2.95347e+06
4809.8,2.95415e+06
4809.9,2.95484e+06
4810,2.95552e+06
4810.1,2.9562e+06
4810.2,2.95689e+06
4810.3,2.95757e+06
4810.4,2.95826e+06
4810.5,2.95894e+06
4810.6,2.95963e+06
4810.7,2.96031e+06
4810.8,2.961e+06
4810.9,2.96168e+06
4811,2.96236e+06
4811.1,2.96305e+06
4811.2,2.96373e+06
4811.3,2.96442e+06
4811.4,2.9651e+06
4811.5,2.96578e+06
4811.6,2.96647e+06
4811.7,2.96715e+06
4811.8,2.96784e+06
4811.9,2.96852e+06
4812,2.9692e+06
4812.1,2.96989e+06
4812.2,2.97057e+06
4812.3,2.97125e+06
4812.4,2.97194e+06
4812.5,2.97262e+06
4812.6,2.9733e+06
4812.7,2.97399e+06
4812.8,2.97467e+06
4812.9,2.97536e+06
4813,2.97604e+06
4813.1,2.97672e+06
4813.2,2.97741e+06
4813.3,2.97809e+06
4813.4,2.97877e+06
4813.5,2.97946e+06
4813.6,2.98014e+06
4813.7,2.98082e+06
4813.8,2.9815e+06
4813.9,2.98219e+06
4814,2.98287e+06
4814.1,2.98355e+06
4814.2,2.98424e+06
4814.3,2.98492e+06
4814.4,2.9856e+06
4814.5,2.98629e+06
4814.6,2.98697e+06
4814.7,2.98765e+06
4814.8,2.98833e+06
4814.9,2.98902e+06
4815,2.9897e+06
4815.1,2.99038e+06
4815.2,2.99106e+06
4815.3,2.99175e+06
4815.4,2.99243e+06
4815.5,2.99311e+06
4815.6,2.9938e+06
4815.7,2.99448e+06
4815.8,2.99516e+06
4815.9,2.99584e+06
4816,2.99652e+06
4816.1,2.99721e+06
4816.2,2.99789e+06
4816.3,2.99857e+06
4816.4,2.99925e+06
4816.5,2.99994e+06
4816.6,3.00062e+06
4816.7,3.0013e+06
4816.8,3.00198e+06
4816.9,3.00266e+06
4817,3.00335e+06
4817.1,3.00403e+06
4817.2,3.00471e+06
4817.3,3.00539e+06
4817.4,3.00607e+06
4817.5,3.00676e+06
4817.6,3.00744e+06
4817.7,3.00812e+06
4817.8,3.0088e+06
4817.9,3.00948e+06
4818,3.01016e+06
4818.1,3.01085e+06
4818.2,3.01153e+06
4818.3,3.01221e+06
4818.4,3.01289e+06
4818.5,3.01357e+06
4818.6,3.01425e+06
4818.7,3.01494e+06
4818.8,3.01562e+06
4818.9,3.0163e+06
4819,3.01698e+06
4819.1,3.01766e+06
4819.2,3.01834e+06
4819.3,3.01902e+06
4819.4,3.0197e+06
4819.5,3.02038e+06
4819.6,3.02107e+06
4819.7,3.02175e+06
4819.8,3.02243e+06
4819.9,3.02311e+06
4820,3.02379e+06
4820.1,3.02447e+06
4820.2,3.02515e+06
4820.3,3.02583e+06
4820.4,3.02651e+06
4820.5,3.02719e+06
4820.6,3.02787e+06
4820.7,3.02856e+06
4820.8,3.02924e+06
4820.9,3.02992e+06
4821,3.0306e+06
4821.1,3.03128e+06
4821.2,3.03196e+06
4821.3,3.03264e+06
4821.4,3.03332e+06
4821.5,3.034e+06
4821.6,3.03468e+06
4821.7,3.03536e+06
4821.8,3.03604e+06
4821.9,3.03672e+06
4822,3.0374e+06
4822.1,3.03808e+06
4822.2,3.03876e+06
4822.3,3.03944e+06
4822.4,3.04012e+06
4822.5,3.0408e+06
4822.6,3.04148e+06
4822.7,3.04216e+06
4822.8,3.04284e+06
4822.9,3.04352e+06
4823,3.0442e+06
4823.1,3.04488e+06
4823.2,3.04556e+06
4823.3,3.04624e+06
4823.4,3.04692e+06
4823.5,3.0476e+06
4823.6,3.04828e+06
4823.7,3.04896e+06
4823.8,3.04964e+06
4823.9,3.05032e+06
4824,3.051e+06
4824.1,3.05168e+06
4824.2,3.05236e+06
4824.3,3.05304e+06
4824.4,3.05372e+06
4824.5,3.05439e+06
4824.6,3.05507e+06
4824.7,3.05575e+06
4824.8,3.05643e+06
4824.9,3.05711e+06
4825,3.05779e+06
4825.1,3.05847e+06
4825.2,3.05915e+06
4825.3,3.05983e+06
4825.4,3.06051e+06
4825.5,3.06119e+06
4825.6,3.06186e+06
4825.7,3.06254e+06
4825.8,3.06322e+06
4825.9,3.0639e+06
4826,3.06458e+06
4826.1,3.06526e+06
4826.2,3.06594e+06
4826.3,3.06662e+06
4826.4,3.06729e+06
4826.5,3.06797e+06
4826.6,3.06865e+06
4826.7,3.06933e+06
4826.8,3.07001e+06
4826.9,3.07069e+06
4827,3.07137e+06
4827.1,3.07204e+06
4827.2,3.07272e+06
4827.3,3.0734e+06
4827.4,3.07408e+06
4827.5,3.07476e+06
4827.6,3.07543e+06
4827.7,3.07611e+06
4827.8,3.07679e+06
4827.9,3.07747e+06
4828,3.07815e+06
4828.1,3.07882e+06
4828.2,3.0795e+06
4828.3,3.08018e+06
4828.4,3.08086e+06
4828.5,3.08154e+06
4828.6,3.08221e+06
4828.7,3.08289e+06
4828.8,3.08357e+06
4828.9,3.08425e+06
4829,3.08493e+06
4829.1,3.0856e+06
4829.2,3.08628e+06
4829.3,3.08696e+06
4829.4,3.08764e+06
4829.5,3.08831e+06
4829.6,3.08899e+06
4829.7,3.08967e+06
4829.8,3.09035e+06
4829.9,3.09102e+06
4830,3.0917e+06
4830.1,3.09238e+06
4830.2,3.09305e+06
4830.3,3.09373e+06
4830.4,3.09441e+06
4830.5,3.09509e+06
4830.6,3.09576e+06
4830.7,3.09644e+06
4830.8,3.09712e+06
4830.9,3.09779e+06
4831,3.09847e+06
4831.1,3.09915e+06
4831.2,3.09982e+06
4831.3,3.1005e+06
4831.4,3.10118e+06
4831.5,3.10186e+06
4831.6,3.10253e+06
4831.7,3.10321e+06
4831.8,3.10389e+06
4831.9,3.10456e+06
4832,3.10524e+06
4832.1,3.10591e+06
4832.2,3.10659e+06
4832.3,3.10727e+06
4832.4,3.10794e+06
4832.5,3.10862e+06
4832.6,3.1093e+06
4832.7,3.10997e+06
4832.8,3.11065e+06
4832.9,3.11133e+06
4833,3.112e+06
4833.1,3.11268e+06
4833.2,3.11335e+06
4833.3,3.11403e+06
4833.4,3.11471e+06
4833.5,3.11538e+06
4833.6,3.11606e+06
4833.7,3.11673e+06
4833.8,3.11741e+06
4833.9,3.11809e+06
4834,3.11876e+06
4834.1,3.11944e+06
4834.2,3.12011e+06
4834.3,3.12079e+06
4834.4,3.12146e+06
4834.5,3.12214e+06
4834.6,3.12282e+06
4834.7,3.12349e+06
4834.8,3.12417e+06
4834.9,3.12484e+06
4835,3.12552e+06
4835.1,3.12619e+06
4835.2,3.12687e+06
4835.3,3.12754e+06
4835.4,3.12822e+06
4835.5,3.12889e+06
4835.6,3.12957e+06
4835.7,3.13025e+06
4835.8,3.13092e+06
4835.9,3.1316e+06
4836,3.13227e+06
4836.1,3.13295e+06
4836.2,3.13362e+06
4836.3,3.1343e+06
4836.4,3.13497e+06
4836.5,3.13565e+06
4836.6,3.13632e+06
4836.7,3.137e+06
4836.8,3.13767e+06
4836.9,3.13834e+06
4837,3.13902e+06
4837.1,3.13969e+06
4837.2,3.14037e+06
4837.3,3.14104e+06
4837.4,3.14172e+06
4837.5,3.14239e+06
4837.6,3.14307e+06
4837.7,3.14374e+06
4837.8,3.14442e+06
4837.9,3.14509e+06
4838,3.14576e+06
4838.1,3.14644e+06
4838.2,3.14711e+06
4838.3,3.14779e+06
4838.4,3.14846e+06
4838.5,3.14914e+06
4838.6,3.14981e+06
4838.7,3.15048e+06
4838.8,3.15116e+06
4838.9,3.15183e+06
4839,3.15251e+06
4839.1,3.15318e+06
4839.2,3.15385e+06
4839.3,3.15453e+06
4839.4,3.1552e+06
4839.5,3.15587e+06
4839.6,3.15655e+06
4839.7,3.15722e+06
4839.8,3.1579e+06
4839.9,3.15857e+06
4840,3.15924e+06
4840.1,3.15992e+06
4840.2,3.16059e+06
4840.3,3.16126e+06
4840.4,3.16194e+06
4840.5,3.16261e+06
4840.6,3.16328e+06
4840.7,3.16396e+06
4840.8,3.16463e+06
4840.9,3.1653e+06
4841,3.16598e+06
4841.1,3.16665e+06
4841.2,3.16732e+06
4841.3,3.168e+06
4841.4,3.16867e+06
4841.5,3.16934e+06
4841.6,3.17002e+06
4841.7,3.17069e+06
4841.8,3.17136e+06
4841.9,3.17203e+06
4842,3.17271e+06
4842.1,3.17338e+06
4842.2,3.17405e+06
4842.3,3.17473e+06
4842.4,3.1754e+06
4842.5,3.17607e+06
4842.6,3.17674e+06
4842.7,3.17742e+06
4842.8,3.17809e+06
4842.9,3.17876e+06
4843,3.17943e+06
4843.1,3.18011e+06
4843.2,3.18078e+06
4843.3,3.18145e+06
4843.4,3.18212e+06
4843.5,3.1828e+06
4843.6,3.18347e+06
4843.7,3.18414e+06
4843.8,3.18481e+06
4843.9,3.18548e+06
4844,3.18616e+06
4844.1,3.18683e+06
4844.2,3.1875e+06
4844.3,3.18817e+06
4844.4,3.18884e+06
4844.5,3.18952e+06
4844.6,3.19019e+06
4844.7,3.19086e+06
4844.8,3.19153e+06
4844.9,3.1922e+06
4845,3.19287e+06
4845.1,3.19355e+06
4845.2,3.19422e+06
4845.3,3.19489e+06
4845.4,3.19556e+06
4845.5,3.19623e+06
4845.6,3.1969e+06
4845.7,3.19758e+06
4845.8,3.19825e+06
4845.9,3.19892e+06
4846,3.19959e+06
4846.1,3.20026e+06
4846.2,3.20093e+06
4846.3,3.2016e+06
4846.4,3.20227e+06
4846.5,3.20295e+06
4846.6,3.20362e+06
4846.7,3.20429e+06
4846.8,3.20496e+06
4846.9,3.20563e+06
4847,3.2063e+06
4847.1,3.20697e+06
4847.2,3.20764e+06
4847.3,3.20831e+06
4847.4,3.20898e+06
4847.5,3.20965e+06
4847.6,3.21033e+06
4847.7,3.211e+06
4847.8,3.21167e+06
4847.9,3.21234e+06
4848,3.21301e+06
4848.1,3.21368e+06
4848.2,3.21435e+06
4848.3,3.21502e+06
4848.4,3.21569e+06
4848.5,3.21636e+06
4848.6,3.21703e+06
4848.7,3.2177e+06
4848.8,3.21837e+06
4848.9,3.21904e+06
4849,3.21971e+06
4849.1,3.22038e+06
4849.2,3.22105e+06
4849.3,3.22172e+06
4849.4,3.22239e+06
4849.5,3.22306e+06
4849.6,3.22373e+06
4849.7,3.2244e+06
4849.8,3.22507e+06
4849.9,3.22574e+06
4850,3.22641e+06
4850.1,3.22708e+06
4850.2,3.22775e+06
4850.3,3.22842e+06
4850.4,3.22909e+06
4850.5,3.22976e+06
4850.6,3.23043e+06
4850.7,3.2311e+06
4850.8,3.23177e+06
4850.9,3.23244e+06
4851,3.23311e+06
4851.1,3.23378e+06
4851.2,3.23445e+06
4851.3,3.23512e+06
4851.4,3.23578e+06
4851.5,3.23645e+06
4851.6,3.23712e+06
4851.7,3.23779e+06
4851.8,3.23846e+06
4851.9,3.23913e+06
4852,3.2398e+06
4852.1,3.24047e+06
4852.2,3.24114e+06
4852.3,3.24181e+06
4852.4,3.24248e+06
4852.5,3.24314e+06
4852.6,3.24381e+06
4852.7,3.24448e+06
4852.8,3.24515e+06
4852.9,3.24582e+06
4853,3.24649e+06
4853.1,3.24716e+06
4853.2,3.24782e+06
4853.3,3.24849e+06
4853.4,3.24916e+06
4853.5,3.24983e+06
4853.6,3.2505e+06
4853.7,3.25117e+06
4853.8,3.25184e+06
4853.9,3.2525e+06
4854,3.25317e+06
4854.1,3.25384e+06
4854.2,3.25451e+06
4854.3,3.25518e+06
4854.4,3.25584e+06
4854.5,3.25651e+06
4854.6,3.25718e+06
4854.7,3.25785e+06
4854.8,3.25852e+06
4854.9,3.25918e+06
4855,3.25985e+06
4855.1,3.26052e+06
4855.2,3.26119e+06
4855.3,3.26186e+06
4855.4,3.26252e+06
4855.5,3.26319e+06
4855.6,3.26386e+06
4855.7,3.26453e+06
4855.8,3.26519e+06
4855.9,3.26586e+06
4856,3.26653e+06
4856.1,3.2672e+06
4856.2,3.26786e+06
4856.3,3.26853e+06
4856.4,3.2692e+06
4856.5,3.26987e+06
4856.6,3.27053e+06
4856.7,3.2712e+06
4856.8,3.27187e+06
4856.9,3.27254e+06
4857,3.2732e+06
4857.1,3.27387e+06
4857.2,3.27454e+06
4857.3,3.2752e+06
4857.4,3.27587e+06
4857.5,3.27654e+06
4857.6,3.2772e+06
4857.7,3.27787e+06
4857.8,3.27854e+06
4857.9,3.2792e+06
4858,3.27987e+06
4858.1,3.28054e+06
4858.2,3.2812e+06
4858.3,3.28187e+06
4858.4,3.28254e+06
4858.5,3.2832e+06
4858.6,3.28387e+06
4858.7,3.28454e+06
4858.8,3.2852e+06
4858.9,3.28587e+06
4859,3.28654e+06
4859.1,3.2872e+06
4859.2,3.28787e+06
4859.3,3.28853e+06
4859.4,3.2892e+06
4859.5,3.28987e+06
4859.6,3.29053e+06
4859.7,3.2912e+06
4859.8,3.29186e+06
4859.9,3.29253e+06
4860,3.2932e+06
4860.1,3.29386e+06
4860.2,3.29453e+06
4860.3,3.29519e+06
4860.4,3.29586e+06
4860.5,3.29653e+06
4860.6,3.29719e+06
4860.7,3.29786e+06
4860.8,3.29852e+06
4860.9,3.29919e+06
4861,3.29985e+06
4861.1,3.30052e+06
4861.2,3.30118e+06
4861.3,3.30185e+06
4861.4,3.30252e+06
4861.5,3.30318e+06
4861.6,3.30385e+06
4861.7,3.30451e+06
4861.8,3.30518e+06
4861.9,3.30584e+06
4862,3.30651e+06
4862.1,3.30717e+06
4862.2,3.30784e+06
4862.3,3.3085e+06
4862.4,3.30917e+06
4862.5,3.30983e+06
4862.6,3.3105e+06
4862.7,3.31116e+06
4862.8,3.31183e+06
4862.9,3.31249e+06
4863,3.31316e+06
4863.1,3.31382e+06
4863.2,3.31449e+06
4863.3,3.31515e+06
4863.4,3.31582e+06
4863.5,3.31648e+06
4863.6,3.31714e+06
4863.7,3.31781e+06
4863.8,3.31847e+06
4863.9,3.31914e+06
4864,3.3198e+06
4864.1,3.32047e+06
4864.2,3.32113e+06
4864.3,3.32179e+06
4864.4,3.32246e+06
4864.5,3.32312e+06
4864.6,3.32379e+06
4864.7,3.32445e+06
4864.8,3.32512e+06
4864.9,3.32578e+06
4865,3.32644e+06
4865.1,3.32711e+06
4865.2,3.32777e+06
4865.3,3.32844e+06
4865.4,3.3291e+06
4865.5,3.32976e+06
4865.6,3.33043e+06
4865.7,3.33109e+06
4865.8,3.33175e+06
4865.9,3.33242e+06
4866,3.33308e+06
4866.1,3.33374e+06
4866.2,3.33441e+06
4866.3,3.33507e+06
4866.4,3.33573e+06
4866.5,3.3364e+06
4866.6,3.33706e+06
4866.7,3.33772e+06
4866.8,3.33839e+06
4866.9,3.33905e+06
4867,3.33971e+06
4867.1,3.34038e+06
4867.2,3.34104e+06
4867.3,3.3417e+06
4867.4,3.34237e+06
4867.5,3.34303e+06
4867.6,3.34369e+06
4867.7,3.34436e+06
4867.8,3.34502e+06
4867.9,3.34568e+06
4868,3.34634e+06
4868.1,3.34701e+06
4868.2,3.34767e+06
4868.3,3.34833e+06
4868.4,3.34899e+06
4868.5,3.34966e+06
4868.6,3.35032e+06
4868.7,3.35098e+06
4868.8,3.35164e+06
4868.9,3.35231e+06
4869,3.35297e+06
4869.1,3.35363e+06
4869.2,3.35429e+06
4869.3,3.35496e+06
4869.4,3.35562e+06
4869.5,3.35628e+06
4869.6,3.35694e+06
4869.7,3.3576e+06
4869.8,3.35827e+06
4869.9,3.35893e+06
4870,3.35959e+06
4870.1,3.36025e+06
4870.2,3.36092e+06
4870.3,3.36158e+06
4870.4,3.36224e+06
4870.5,3.3629e+06
4870.6,3.36356e+06
4870.7,3.36422e+06
4870.8,3.36489e+06
4870.9,3.36555e+06
4871,3.36621e+06
4871.1,3.36687e+06
4871.2,3.36753e+06
4871.3,3.36819e+06
4871.4,3.36885e+06
4871.5,3.36952e+06
4871.6,3.37018e+06
4871.7,3.37084e+06
4871.8,3.3715e+06
4871.9,3.37216e+06
4872,3.37282e+06
4872.1,3.37348e+06
4872.2,3.37414e+06
4872.3,3.37481e+06
4872.4,3.37547e+06
4872.5,3.37613e+06
4872.6,3.37679e+06
4872.7,3.37745e+06
4872.8,3.37811e+06
4872.9,3.37877e+06
4873,3.37943e+06
4873.1,3.38009e+06
4873.2,3.38075e+06
4873.3,3.38141e+06
4873.4,3.38207e+06
4873.5,3.38274e+06
4873.6,3.3834e+06
4873.7,3.38406e+06
4873.8,3.38472e+06
4873.9,3.38538e+06
4874,3.38604e+06
4874.1,3.3867e+06
4874.2,3.38736e+06
4874.3,3.38802e+06
4874.4,3.38868e+06
4874.5,3.38934e+06
4874.6,3.39e+06
4874.7,3.39066e+06
4874.8,3.39132e+06
4874.9,3.39198e+06
4875,3.39264e+06
4875.1,3.3933e+06
4875.2,3.39396e+06
4875.3,3.39462e+06
4875.4,3.39528e+06
4875.5,3.39594e+06
4875.6,3.3966e+06
4875.7,3.39726e+06
4875.8,3.39792e+06
4875.9,3.39858e+06
4876,3.39924e+06
4876.1,3.3999e+06
4876.2,3.40056e+06
4876.3,3.40122e+06
4876.4,3.40187e+06
4876.5,3.40253e+06
4876.6,3.40319e+06
4876.7,3.40385e+06
4876.8,3.40451e+06
4876.9,3.40517e+06
4877,3.40583e+06
4877.1,3.40649e+06
4877.2,3.40715e+06
4877.3,3.40781e+06
4877.4,3.40847e+06
4877.5,3.40913e+06
4877.6,3.40978e+06
4877.7,3.41044e+06
4877.8,3.4111e+06
4877.9,3.41176e+06
4878,3.41242e+06
4878.1,3.41308e+06
4878.2,3.41374e+06
4878.3,3.4144e+06
4878.4,3.41505e+06
4878.5,3.41571e+06
4878.6,3.41637e+06
4878.7,3.41703e+06
4878.8,3.41769e+06
4878.9,3.41835e+06
4879,3.419e+06
4879.1,3.41966e+06
4879.2,3.42032e+06
4879.3,3.42098e+06
4879.4,3.42164e+06
4879.5,3.4223e+06
4879.6,3.42295e+06
4879.7,3.42361e+06
4879.8,3.42427e+06
4879.9,3.42493e+06
4880,3.42559e+06
4880.1,3.42624e+06
4880.2,3.4269e+06
4880.3,3.42756e+06
4880.4,3.42822e+06
4880.5,3.42888e+06
4880.6,3.42953e+06
4880.7,3.43019e+06
4880.8,3.43085e+06
4880.9,3.43151e+06
4881,3.43216e+06
4881.1,3.43282e+06
4881.2,3.43348e+06
4881.3,3.43414e+06
4881.4,3.43479e+06
4881.5,3.43545e+06
4881.6,3.43611e+06
4881.7,3.43677e+06
4881.8,3.43742e+06
4881.9,3.43808e+06
4882,3.43874e+06
4882.1,3.43939e+06
4882.2,3.44005e+06
4882.3,3.44071e+06
4882.4,3.44136e+06
4882.5,3.44202e+06
4882.6,3.44268e+06
4882.7,3.44334e+06
4882.8,3.44399e+06
4882.9,3.44465e+06
4883,3.44531e+06
4883.1,3.44596e+06
4883.2,3.44662e+06
4883.3,3.44728e+06
4883.4,3.44793e+06
4883.5,3.44859e+06
4883.6,3.44925e+06
4883.7,3.4499e+06
4883.8,3.45056e+06
4883.9,3.45121e+06
4884,3.45187e+06
4884.1,3.45253e+06
4884.2,3.45318e+06
4884.3,3.45384e+06
4884.4,3.4545e+06
4884.5,3.45515e+06
4884.6,3.45581e+06
4884.7,3.45646e+06
4884.8,3.45712e+06
4884.9,3.45778e+06
4885,3.45843e+06
4885.1,3.45909e+06
4885.2,3.45974e+06
4885.3,3.4604e+06
4885.4,3.46106e+06
4885.5,3.46171e+06
4885.6,3.46237e+06
4885.7,3.46302e+06
4885.8,3.46368e+06
4885.9,3.46433e+06
4886,3.46499e+06
4886.1,3.46564e+06
4886.2,3.4663e+06
4886.3,3.46696e+06
4886.4,3.46761e+06
4886.5,3.46827e+06
4886.6,3.46892e+06
4886.7,3.46958e+06
4886.8,3.47023e+06
4886.9,3.47089e+06
4887,3.47154e+06
4887.1,3.4722e+06
4887.2,3.47285e+06
4887.3,3.47351e+06
4887.4,3.47416e+06
4887.5,3.47482e+06
4887.6,3.47547e+06
4887.7,3.47613e+06
4887.8,3.47678e+06
4887.9,3.47744e+06
4888,3.47809e+06
4888.1,3.47874e+06
4888.2,3.4794e+06
4888.3,3.48005e+06
4888.4,3.48071e+06
4888.5,3.48136e+06
4888.6,3.48202e+06
4888.7,3.48267e+06
4888.8,3.48333e+06
4888.9,3.48398e+06
4889,3.48463e+06
4889.1,3.48529e+06
4889.2,3.48594e+06
4889.3,3.4866e+06
4889.4,3.48725e+06
4889.5,3.48791e+06
4889.6,3.48856e+06
4889.7,3.48921e+06
4889.8,3.48987e+06
4889.9,3.49052e+06
4890,3.49118e+06
4890.1,3.49183e+06
4890.2,3.49248e+06
4890.3,3.49314e+06
4890.4,3.49379e+06
4890.5,3.49444e+06
4890.6,3.4951e+06
4890.7,3.49575e+06
4890.8,3.4964e+06
4890.9,3.49706e+06
4891,3.49771e+06
4891.1,3.49836e+06
4891.2,3.49902e+06
4891.3,3.49967e+06
4891.4,3.50032e+06
4891.5,3.50098e+06
4891.6,3.50163e+06
4891.7,3.50228e+06
4891.8,3.50294e+06
4891.9,3.50359e+06
4892,3.50424e+06
4892.1,3.5049e+06
4892.2,3.50555e+06
4892.3,3.5062e+06
4892.4,3.50686e+06
4892.5,3.50751e+06
4892.6,3.50816e+06
4892.7,3.50881e+06
4892.8,3.50947e+06
4892.9,3.51012e+06
4893,3.51077e+06
4893.1,3.51142e+06
4893.2,3.51208e+06
4893.3,3.51273e+06
4893.4,3.51338e+06
4893.5,3.51403e+06
4893.6,3.51469e+06
4893.7,3.51534e+06
4893.8,3.51599e+06
4893.9,3.51664e+06
4894,3.5173e+06
4894.1,3.51795e+06
4894.2,3.5186e+06
4894.3,3.51925e+06
4894.4,3.5199e+06
4894.5,3.52056e+06
4894.6,3.52121e+06
4894.7,3.52186e+06
4894.8,3.52251e+06
4894.9,3.52316e+06
4895,3.52381e+06
4895.1,3.52447e+06
4895.2,3.52512e+06
4895.3,3.52577e+06
4895.4,3.52642e+06
4895.5,3.52707e+06
4895.6,3.52772e+06
4895.7,3.52838e+06
4895.8,3.52903e+06
4895.9,3.52968e+06
4896,3.53033e+06
4896.1,3.53098e+06
4896.2,3.53163e+06
4896.3,3.53228e+06
4896.4,3.53294e+06
4896.5,3.53359e+06
4896.6,3.53424e+06
4896.7,3.53489e+06
4896.8,3.53554e+06
4896.9,3.53619e+06
4897,3.53684e+06
4897.1,3.53749e+06
4897.2,3.53814e+06
4897.3,3.53879e+06
4897.4,3.53944e+06
4897.5,3.5401e+06
4897.6,3.54075e+06
4897.7,3.5414e+06
4897.8,3.54205e+06
4897.9,3.5427e+06
4898,3.54335e+06
4898.1,3.544e+06
4898.2,3.54465e+06
4898.3,3.5453e+06
4898.4,3.54595e+06
4898.5,3.5466e+06
4898.6,3.54725e+06
4898.7,3.5479e+06
4898.8,3.54855e+06
4898.9,3.5492e+06
4899,3.54985e+06
4899.1,3.5505e+06
4899.2,3.55115e+06
4899.3,3.5518e+06
4899.4,3.55245e+06
4899.5,3.5531e+06
4899.6,3.55375e+06
4899.7,3.5544e+06
4899.8,3.55505e+06
4899.9,3.5557e+06
4900,3.55635e+06
4900.1,3.557e+06
4900.2,3.55765e+06
4900.3,3.5583e+06
4900.4,3.55895e+06
4900.5,3.5596e+06
4900.6,3.56025e+06
4900.7,3.5609e+06
4900.8,3.56155e+06
4900.9,3.5622e+06
4901,3.56284e+06
4901.1,3.56349e+06
4901.2,3.56414e+06
4901.3,3.56479e+06
4901.4,3.56544e+06
4901.5,3.56609e+06
4901.6,3.56674e+06
4901.7,3.56739e+06
4901.8,3.56804e+06
4901.9,3.56869e+06
4902,3.56933e+06
4902.1,3.56998e+06
4902.2,3.57063e+06
4902.3,3.57128e+06
4902.4,3.57193e+06
4902.5,3.57258e+06
4902.6,3.57323e+06
4902.7,3.57387e+06
4902.8,3.57452e+06
4902.9,3.57517e+06
4903,3.57582e+06
4903.1,3.57647e+06
4903.2,3.57712e+06
4903.3,3.57776e+06
4903.4,3.57841e+06
4903.5,3.57906e+06
4903.6,3.57971e+06
4903.7,3.58036e+06
4903.8,3.58101e+06
4903.9,3.58165e+06
4904,3.5823e+06
4904.1,3.58295e+06
4904.2,3.5836e+06
4904.3,3.58425e+06
4904.4,3.58489e+06
4904.5,3.58554e+06
4904.6,3.58619e+06
4904.7,3.58684e+06
4904.8,3.58748e+06
4904.9,3.58813e+06
4905,3.58878e+06
4905.1,3.58943e+06
4905.2,3.59007e+06
4905.3,3.59072e+06
4905.4,3.59137e+06
4905.5,3.59202e+06
4905.6,3.59266e+06
4905.7,3.59331e+06
4905.8,3.59396e+06
4905.9,3.59461e+06
4906,3.59525e+06
4906.1,3.5959e+06
4906.2,3.59655e+06
4906.3,3.59719e+06
4906.4,3.59784e+06
4906.5,3.59849e+06
4906.6,3.59913e+06
4906.7,3.59978e+06
4906.8,3.60043e+06
4906.9,3.60107e+06
4907,3.60172e+06
4907.1,3.60237e+06
4907.2,3.60301e+06
4907.3,3.60366e+06
4907.4,3.60431e+06
4907.5,3.60495e+06
4907.6,3.6056e+06
4907.7,3.60625e+06
4907.8,3.60689e+06
4907.9,3.60754e+06
4908,3.60819e+06
4908.1,3.60883e+06
4908.2,3.60948e+06
4908.3,3.61012e+06
4908.4,3.61077e+06
4908.5,3.61142e+06
4908.6,3.61206e+06
4908.7,3.61271e+06
4908.8,3.61335e+06
4908.9,3.614e+06
4909,3.61465e+06
4909.1,3.61529e+06
4909.2,3.61594e+06
4909.3,3.61658e+06
4909.4,3.61723e+06
4909.5,3.61787e+06
4909.6,3.61852e+06
4909.7,3.61917e+06
4909.8,3.61981e+06
4909.9,3.62046e+06
4910,3.6211e+06
4910.1,3.62175e+06
4910.2,3.62239e+06
4910.3,3.62304e+06
4910.4,3.62368e+06
4910.5,3.62433e+06
4910.6,3.62497e+06
4910.7,3.62562e+06
4910.8,3.62626e+06
4910.9,3.62691e+06
4911,3.62755e+06
4911.1,3.6282e+06
4911.2,3.62884e+06
4911.3,3.62949e+06
4911.4,3.63013e+06
4911.5,3.63078e+06
4911.6,3.63142e+06
4911.7,3.63207e+06
4911.8,3.63271e+06
4911.9,3.63336e+06
4912,3.634e+06
4912.1,3.63465e+06
4912.2,3.63529e+06
4912.3,3.63593e+06
4912.4,3.63658e+06
4912.5,3.63722e+06
4912.6,3.63787e+06
4912.7,3.63851e+06
4912.8,3.63916e+06
4912.9,3.6398e+06
4913,3.64044e+06
4913.1,3.64109e+06
4913.2,3.64173e+06
4913.3,3.64238e+06
4913.4,3.64302e+06
4913.5,3.64366e+06
4913.6,3.64431e+06
4913.7,3.64495e+06
4913.8,3.6456e+06
4913.9,3.64624e+06
4914,3.64688e+06
4914.1,3.64753e+06
4914.2,3.64817e+06
4914.3,3.64881e+06
4914.4,3.64946e+06
4914.5,3.6501e+06
4914.6,3.65074e+06
4914.7,3.65139e+06
4914.8,3.65203e+06
4914.9,3.65267e+06
4915,3.65332e+06
4915.1,3.65396e+06
4915.2,3.6546e+06
4915.3,3.65525e+06
4915.4,3.65589e+06
4915.5,3.65653e+06
4915.6,3.65718e+06
4915.7,3.65782e+06
4915.8,3.65846e+06
4915.9,3.6591e+06
4916,3.65975e+06
4916.1,3.66039e+06
4916.2,3.66103e+06
4916.3,3.66168e+06
4916.4,3.66232e+06
4916.5,3.66296e+06
4916.6,3.6636e+06
4916.7,3.66425e+06
4916.8,3.66489e+06
4916.9,3.66553e+06
4917,3.66617e+06
4917.1,3.66682e+06
4917.2,3.66746e+06
4917.3,3.6681e+06
4917.4,3.66874e+06
4917.5,3.66938e+06
4917.6,3.67003e+06
4917.7,3.67067e+06
4917.8,3.67131e+06
4917.9,3.67195e+06
4918,3.67259e+06
4918.1,3.67324e+06
4918.2,3.67388e+06
4918.3,3.67452e+06
4918.4,3.67516e+06
4918.5,3.6758e+06
4918.6,3.67645e+06
4918.7,3.67709e+06
4918.8,3.67773e+06
4918.9,3.67837e+06
4919,3.67901e+06
4919.1,3.67965e+06
4919.2,3.68029e+06
4919.3,3.68094e+06
4919.4,3.68158e+06
4919.5,3.68222e+06
4919.6,3.68286e+06
4919.7,3.6835e+06
4919.8,3.68414e+06
4919.9,3.68478e+06
4920,3.68542e+06
4920.1,3.68606e+06
4920.2,3.68671e+06
4920.3,3.68735e+06
4920.4,3.68799e+06
4920.5,3.68863e+06
4920.6,3.68927e+06
4920.7,3.68991e+06
4920.8,3.69055e+06
4920.9,3.69119e+06
4921,3.69183e+06
4921.1,3.69247e+06
4921.2,3.69311e+06
4921.3,3.69375e+06
4921.4,3.69439e+06
4921.5,3.69504e+06
4921.6,3.69568e+06
4921.7,3.69632e+06
4921.8,3.69696e+06
4921.9,3.6976e+06
4922,3.69824e+06
4922.1,3.69888e+06
4922.2,3.69952e+06
4922.3,3.70016e+06
4922.4,3.7008e+06
4922.5,3.70144e+06
4922.6,3.70208e+06
4922.7,3.70272e+06
4922.8,3.70336e+06
4922.9,3.704e+06
4923,3.70464e+06
4923.1,3.70528e+06
4923.2,3.70592e+06
4923.3,3.70655e+06
4923.4,3.70719e+06
4923.5,3.70783e+06
4923.6,3.70847e+06
4923.7,3.70911e+06
4923.8,3.70975e+06
4923.9,3.71039e+06
4924,3.71103e+06
4924.1,3.71167e+06
4924.2,3.71231e+06
4924.3,3.71295e+06
4924.4,3.71359e+06
4924.5,3.71423e+06
4924.6,3.71487e+06
4924.7,3.7155e+06
4924.8,3.71614e+06
4924.9,3.71678e+06
4925,3.71742e+06
4925.1,3.71806e+06
4925.2,3.7187e+06
4925.3,3.71934e+06
4925.4,3.71998e+06
4925.5,3.72062e+06
4925.6,3.72125e+06
4925.7,3.72189e+06
4925.8,3.72253e+06
4925.9,3.72317e+06
4926,3.72381e+06
4926.1,3.72445e+06
4926.2,3.72508e+06
4926.3,3.72572e+06
4926.4,3.72636e+06
4926.5,3.727e+06
4926.6,3.72764e+06
4926.7,3.72828e+06
4926.8,3.72891e+06
4926.9,3.72955e+06
4927,3.73019e+06
4927.1,3.73083e+06
4927.2,3.73147e+06
4927.3,3.7321e+06
4927.4,3.73274e+06
4927.5,3.73338e+06
4927.6,3.73402e+06
4927.7,3.73465e+06
4927.8,3.73529e+06
4927.9,3.73593e+06
4928,3.73657e+06
4928.1,3.7372e+06
4928.2,3.73784e+06
4928.3,3.73848e+06
4928.4,3.73912e+06
4928.5,3.73975e+06
4928.6,3.74039e+06
4928.7,3.74103e+06
4928.8,3.74167e+06
4928.9,3.7423e+06
4929,3.74294e+06
4929.1,3.74358e+06
4929.2,3.74421e+06
4929.3,3.74485e+06
4929.4,3.74549e+06
4929.5,3.74612e+06
4929.6,3.74676e+06
4929.7,3.7474e+06
4929.8,3.74804e+06
4929.9,3.74867e+06
4930,3.74931e+06
4930.1,3.74994e+06
4930.2,3.75058e+06
4930.3,3.75122e+06
4930.4,3.75185e+06
4930.5,3.75249e+06
4930.6,3.75313e+06
4930.7,3.75376e+06
4930.8,3.7544e+06
4930.9,3.75504e+06
4931,3.75567e+06
4931.1,3.75631e+06
4931.2,3.75694e+06
4931.3,3.75758e+06
4931.4,3.75822e+06
4931.5,3.75885e+06
4931.6,3.75949e+06
4931.7,3.76012e+06
4931.8,3.76076e+06
4931.9,3.7614e+06
4932,3.76203e+06
4932.1,3.76267e+06
4932.2,3.7633e+06
4932.3,3.76394e+06
4932.4,3.76457e+06
4932.5,3.76521e+06
4932.6,3.76585e+06
4932.7,3.76648e+06
4932.8,3.76712e+06
4932.9,3.76775e+06
4933,3.76839e+06
4933.1,3.76902e+06
4933.2,3.76966e+06
4933.3,3.77029e+06
4933.4,3.77093e+06
4933.5,3.77156e+06
4933.6,3.7722e+06
4933.7,3.77283e+06
4933.8,3.77347e+06
4933.9,3.7741e+06
4934,3.77474e+06
4934.1,3.77537e+06
4934.2,3.77601e+06
4934.3,3.77664e+06
4934.4,3.77728e+06
4934.5,3.77791e+06
4934.6,3.77855e+06
4934.7,3.77918e+06
4934.8,3.77982e+06
4934.9,3.78045e+06
4935,3.78108e+06
4935.1,3.78172e+06
4935.2,3.78235e+06
4935.3,3.78299e+06
4935.4,3.78362e+06
4935.5,3.78426e+06
4935.6,3.78489e+06
4935.7,3.78552e+06
4935.8,3.78616e+06
4935.9,3.78679e+06
4936,3.78743e+06
4936.1,3.78806e+06
4936.2,3.78869e+06
4936.3,3.78933e+06
4936.4,3.78996e+06
4936.5,3.7906e+06
4936.6,3.79123e+06
4936.7,3.79186e+06
4936.8,3.7925e+06
4936.9,3.79313e+06
4937,3.79376e+06
4937.1,3.7944e+06
4937.2,3.79503e+06
4937.3,3.79566e+06
4937.4,3.7963e+06
4937.5,3.79693e+06
4937.6,3.79756e+06
4937.7,3.7982e+06
4937.8,3.79883e+06
4937.9,3.79946e+06
4938,3.8001e+06
4938.1,3.80073e+06
4938.2,3.80136e+06
4938.3,3.80199e+06
4938.4,3.80263e+06
4938.5,3.80326e+06
4938.6,3.80389e+06
4938.7,3.80453e+06
4938.8,3.80516e+06
4938.9,3.80579e+06
4939,3.80642e+06
4939.1,3.80706e+06
4939.2,3.80769e+06
4939.3,3.80832e+06
4939.4,3.80895e+06
4939.5,3.80959e+06
4939.6,3.81022e+06
4939.7,3.81085e+06
4939.8,3.81148e+06
4939.9,3.81212e+06
4940,3.81275e+06
4940.1,3.81338e+06
4940.2,3.81401e+06
4940.3,3.81464e+06
4940.4,3.81528e+06
4940.5,3.81591e+06
4940.6,3.81654e+06
4940.7,3.81717e+06
4940.8,3.8178e+06
4940.9,3.81844e+06
4941,3.81907e+06
4941.1,3.8197e+06
4941.2,3.82033e+06
4941.3,3.82096e+06
4941.4,3.82159e+06
4941.5,3.82222e+06
4941.6,3.82286e+06
4941.7,3.82349e+06
4941.8,3.82412e+06
4941.9,3.82475e+06
4942,3.82538e+06
4942.1,3.82601e+06
4942.2,3.82664e+06
4942.3,3.82727e+06
4942.4,3.82791e+06
4942.5,3.82854e+06
4942.6,3.82917e+06
4942.7,3.8298e+06
4942.8,3.83043e+06
4942.9,3.83106e+06
4943,3.83169e+06
4943.1,3.83232e+06
4943.2,3.83295e+06
4943.3,3.83358e+06
4943.4,3.83421e+06
4943.5,3.83484e+06
4943.6,3.83548e+06
4943.7,3.83611e+06
4943.8,3.83674e+06
4943.9,3.83737e+06
4944,3.838e+06
4944.1,3.83863e+06
4944.2,3.83926e+06
4944.3,3.83989e+06
4944.4,3.84052e+06
4944.5,3.84115e+06
4944.6,3.84178e+06
4944.7,3.84241e+06
4944.8,3.84304e+06
4944.9,3.84367e+06
4945,3.8443e+06
4945.1,3.84493e+06
4945.2,3.84556e+06
4945.3,3.84619e+06
4945.4,3.84682e+06
4945.5,3.84745e+06
4945.6,3.84808e+06
4945.7,3.84871e+06
4945.8,3.84934e+06
4945.9,3.84996e+06
4946,3.85059e+06
4946.1,3.85122e+06
4946.2,3.85185e+06
4946.3,3.85248e+06
4946.4,3.85311e+06
4946.5,3.85374e+06
4946.6,3.85437e+06
4946.7,3.855e+06
4946.8,3.85563e+06
4946.9,3.85626e+06
4947,3.85689e+06
4947.1,3.85751e+06
4947.2,3.85814e+06
4947.3,3.85877e+06
4947.4,3.8594e+06
4947.5,3.86003e+06
4947.6,3.86066e+06
4947.7,3.86129e+06
4947.8,3.86192e+06
4947.9,3.86254e+06
4948,3.86317e+06
4948.1,3.8638e+06
4948.2,3.86443e+06
4948.3,3.86506e+06
4948.4,3.86569e+06
4948.5,3.86632e+06
4948.6,3.86694e+06
4948.7,3.86757e+06
4948.8,3.8682e+06
4948.9,3.86883e+06
4949,3.86946e+06
4949.1,3.87008e+06
4949.2,3.87071e+06
4949.3,3.87134e+06
4949.4,3.87197e+06
4949.5,3.8726e+06
4949.6,3.87322e+06
4949.7,3.87385e+06
4949.8,3.87448e+06
4949.9,3.87511e+06
4950,3.87573e+06
4950.1,3.87636e+06
4950.2,3.87699e+06
4950.3,3.87762e+06
4950.4,3.87824e+06
4950.5,3.87887e+06
4950.6,3.8795e+06
4950.7,3.88013e+06
4950.8,3.88075e+06
4950.9,3.88138e+06
4951,3.88201e+06
4951.1,3.88263e+06
4951.2,3.88326e+06
4951.3,3.88389e+06
4951.4,3.88452e+06
4951.5,3.88514e+06
4951.6,3.88577e+06
4951.7,3.8864e+06
4951.8,3.88702e+06
4951.9,3.88765e+06
4952,3.88828e+06
4952.1,3.8889e+06
4952.2,3.88953e+06
4952.3,3.89016e+06
4952.4,3.89078e+06
4952.5,3.89141e+06
4952.6,3.89204e+06
4952.7,3.89266e+06
4952.8,3.89329e+06
4952.9,3.89391e+06
4953,3.89454e+06
4953.1,3.89517e+06
4953.2,3.89579e+06
4953.3,3.89642e+06
4953.4,3.89704e+06
4953.5,3.89767e+06
4953.6,3.8983e+06
4953.7,3.89892e+06
4953.8,3.89955e+06
4953.9,3.90017e+06
4954,3.9008e+06
4954.1,3.90143e+06
4954.2,3.90205e+06
4954.3,3.90268e+06
4954.4,3.9033e+06
4954.5,3.90393e+06
4954.6,3.90455e+06
4954.7,3.90518e+06
4954.8,3.9058e+06
4954.9,3.90643e+06
4955,3.90705e+06
4955.1,3.90768e+06
4955.2,3.90831e+06
4955.3,3.90893e+06
4955.4,3.90956e+06
4955.5,3.91018e+06
4955.6,3.91081e+06
4955.7,3.91143e+06
4955.8,3.91206e+06
4955.9,3.91268e+06
4956,3.9133e+06
4956.1,3.91393e+06
4956.2,3.91455e+06
4956.3,3.91518e+06
4956.4,3.9158e+06
4956.5,3.91643e+06
4956.6,3.91705e+06
4956.7,3.91768e+06
4956.8,3.9183e+06
4956.9,3.91893e+06
4957,3.91955e+06
4957.1,3.92018e+06
4957.2,3.9208e+06
4957.3,3.92142e+06
4957.4,3.92205e+06
4957.5,3.92267e+06
4957.6,3.9233e+06
4957.7,3.92392e+06
4957.8,3.92454e+06
4957.9,3.92517e+06
4958,3.92579e+06
4958.1,3.92642e+06
4958.2,3.92704e+06
4958.3,3.92766e+06
4958.4,3.92829e+06
4958.5,3.92891e+06
4958.6,3.92953e+06
4958.7,3.93016e+06
4958.8,3.93078e+06
4958.9,3.9314e+06
4959,3.93203e+06
4959.1,3.93265e+06
4959.2,3.93327e+06
4959.3,3.9339e+06
4959.4,3.93452e+06
4959.5,3.93514e+06
4959.6,3.93577e+06
4959.7,3.93639e+06
4959.8,3.93701e+06
4959.9,3.93764e+06
4960,3.93826e+06
4960.1,3.93888e+06
4960.2,3.93951e+06
4960.3,3.94013e+06
4960.4,3.94075e+06
4960.5,3.94137e+06
4960.6,3.942e+06
4960.7,3.94262e+06
4960.8,3.94324e+06
4960.9,3.94386e+06
4961,3.94449e+06
4961.1,3.94511e+06
4961.2,3.94573e+06
4961.3,3.94635e+06
4961.4,3.94698e+06
4961.5,3.9476e+06
4961.6,3.94822e+06
4961.7,3.94884e+06
4961.8,3.94946e+06
4961.9,3.95009e+06
4962,3.95071e+06
4962.1,3.95133e+06
4962.2,3.95195e+06
4962.3,3.95258e+06
4962.4,3.9532e+06
4962.5,3.95382e+06
4962.6,3.95444e+06
4962.7,3.95506e+06
4962.8,3.95568e+06
4962.9,3.95631e+06
4963,3.95693e+06
4963.1,3.95755e+06
4963.2,3.95817e+06
4963.3,3.95879e+06
4963.4,3.95941e+06
4963.5,3.96003e+06
4963.6,3.96066e+06
4963.7,3.96128e+06
4963.8,3.9619e+06
4963.9,3.96252e+06
4964,3.96314e+06
4964.1,3.96376e+06
4964.2,3.96438e+06
4964.3,3.965e+06
4964.4,3.96562e+06
4964.5,3.96624e+06
4964.6,3.96686e+06
4964.7,3.96749e+06
4964.8,3.96811e+06
4964.9,3.96873e+06
4965,3.96935e+06
4965.1,3.96997e+06
4965.2,3.97059e+06
4965.3,3.97121e+06
4965.4,3.97183e+06
4965.5,3.97245e+06
4965.6,3.97307e+06
4965.7,3.97369e+06
4965.8,3.97431e+06
4965.9,3.97493e+06
4966,3.97555e+06
4966.1,3.97617e+06
4966.2,3.97679e+06
4966.3,3.97741e+06
4966.4,3.97803e+06
4966.5,3.97865e+06
4966.6,3.97927e+06
4966.7,3.97989e+06
4966.8,3.98051e+06
4966.9,3.98113e+06
4967,3.98175e+06
4967.1,3.98237e+06
4967.2,3.98299e+06
4967.3,3.98361e+06
4967.4,3.98423e+06
4967.5,3.98485e+06
4967.6,3.98547e+06
4967.7,3.98609e+06
4967.8,3.98671e+06
4967.9,3.98732e+06
4968,3.98794e+06
4968.1,3.98856e+06
4968.2,3.98918e+06
4968.3,3.9898e+06
4968.4,3.99042e+06
4968.5,3.99104e+06
4968.6,3.99166e+06
4968.7,3.99228e+06
4968.8,3.9929e+06
4968.9,3.99351e+06
4969,3.99413e+06
4969.1,3.99475e+06
4969.2,3.99537e+06
4969.3,3.99599e+06
4969.4,3.99661e+06
4969.5,3.99723e+06
4969.6,3.99784e+06
4969.7,3.99846e+06
4969.8,3.99908e+06
4969.9,3.9997e+06
4970,4.00032e+06
4970.1,4.00094e+06
4970.2,4.00155e+06
4970.3,4.00217e+06
4970.4,4.00279e+06
4970.5,4.00341e+06
4970.6,4.00403e+06
4970.7,4.00464e+06
4970.8,4.00526e+06
4970.9,4.00588e+06
4971,4.0065e+06
4971.1,4.00712e+06
4971.2,4.00773e+06
4971.3,4.00835e+06
4971.4,4.00897e+06
4971.5,4.00959e+06
4971.6,4.0102e+06
4971.7,4.01082e+06
4971.8,4.01144e+06
4971.9,4.01206e+06
4972,4.01267e+06
4972.1,4.01329e+06
4972.2,4.01391e+06
4972.3,4.01452e+06
4972.4,4.01514e+06
4972.5,4.01576e+06
4972.6,4.01638e+06
4972.7,4.01699e+06
4972.8,4.01761e+06
4972.9,4.01823e+06
4973,4.01884e+06
4973.1,4.01946e+06
4973.2,4.02008e+06
4973.3,4.02069e+06
4973.4,4.02131e+06
4973.5,4.02193e+06
4973.6,4.02254e+06
4973.7,4.02316e+06
4973.8,4.02378e+06
4973.9,4.02439e+06
4974,4.02501e+06
4974.1,4.02562e+06
4974.2,4.02624e+06
4974.3,4.02686e+06
4974.4,4.02747e+06
4974.5,4.02809e+06
4974.6,4.02871e+06
4974.7,4.02932e+06
4974.8,4.02994e+06
4974.9,4.03055e+06
4975,4.03117e+06
4975.1,4.03178e+06
4975.2,4.0324e+06
4975.3,4.03302e+06
4975.4,4.03363e+06
4975.5,4.03425e+06
4975.6,4.03486e+06
4975.7,4.03548e+06
4975.8,4.03609e+06
4975.9,4.03671e+06
4976,4.03732e+06
4976.1,4.03794e+06
4976.2,4.03856e+06
4976.3,4.03917e+06
4976.4,4.03979e+06
4976.5,4.0404e+06
4976.6,4.04102e+06
4976.7,4.04163e+06
4976.8,4.04225e+06
4976.9,4.04286e+06
4977,4.04348e+06
4977.1,4.04409e+06
4977.2,4.04471e+06
4977.3,4.04532e+06
4977.4,4.04594e+06
4977.5,4.04655e+06
4977.6,4.04716e+06
4977.7,4.04778e+06
4977.8,4.04839e+06
4977.9,4.04901e+06
4978,4.04962e+06
4978.1,4.05024e+06
4978.2,4.05085e+06
4978.3,4.05146e+06
4978.4,4.05208e+06
4978.5,4.05269e+06
4978.6,4.05331e+06
4978.7,4.05392e+06
4978.8,4.05454e+06
4978.9,4.05515e+06
4979,4.05576e+06
4979.1,4.05638e+06
4979.2,4.05699e+06
4979.3,4.0576e+06
4979.4,4.05822e+06
4979.5,4.05883e+06
4979.6,4.05945e+06
4979.7,4.06006e+06
4979.8,4.06067e+06
4979.9,4.06129e+06
4980,4.0619e+06
4980.1,4.06251e+06
4980.2,4.06313e+06
4980.3,4.06374e+06
4980.4,4.06435e+06
4980.5,4.06497e+06
4980.6,4.06558e+06
4980.7,4.06619e+06
4980.8,4.06681e+06
4980.9,4.06742e+06
4981,4.06803e+06
4981.1,4.06864e+06
4981.2,4.06926e+06
4981.3,4.06987e+06
4981.4,4.07048e+06
4981.5,4.0711e+06
4981.6,4.07171e+06
4981.7,4.07232e+06
4981.8,4.07293e+06
4981.9,4.07355e+06
4982,4.07416e+06
4982.1,4.07477e+06
4982.2,4.07538e+06
4982.3,4.076e+06
4982.4,4.07661e+06
4982.5,4.07722e+06
4982.6,4.07783e+06
4982.7,4.07845e+06
4982.8,4.07906e+06
4982.9,4.07967e+06
4983,4.08028e+06
4983.1,4.08089e+06
4983.2,4.08151e+06
4983.3,4.08212e+06
4983.4,4.08273e+06
4983.5,4.08334e+06
4983.6,4.08395e+06
4983.7,4.08456e+06
4983.8,4.08518e+06
4983.9,4.08579e+06
4984,4.0864e+06
4984.1,4.08701e+06
4984.2,4.08762e+06
4984.3,4.08823e+06
4984.4,4.08884e+06
4984.5,4.08946e+06
4984.6,4.09007e+06
4984.7,4.09068e+06
4984.8,4.09129e+06
4984.9,4.0919e+06
4985,4.09251e+06
4985.1,4.09312e+06
4985.2,4.09373e+06
4985.3,4.09434e+06
4985.4,4.09495e+06
4985.5,4.09557e+06
4985.6,4.09618e+06
4985.7,4.09679e+06
4985.8,4.0974e+06
4985.9,4.09801e+06
4986,4.09862e+06
4986.1,4.09923e+06
4986.2,4.09984e+06
4986.3,4.10045e+06
4986.4,4.10106e+06
4986.5,4.10167e+06
4986.6,4.10228e+06
4986.7,4.10289e+06
4986.8,4.1035e+06
4986.9,4.10411e+06
4987,4.10472e+06
4987.1,4.10533e+06
4987.2,4.10594e+06
4987.3,4.10655e+06
4987.4,4.10716e+06
4987.5,4.10777e+06
4987.6,4.10838e+06
4987.7,4.10899e+06
4987.8,4.1096e+06
4987.9,4.11021e+06
4988,4.11082e+06
4988.1,4.11143e+06
4988.2,4.11204e+06
4988.3,4.11265e+06
4988.4,4.11326e+06
4988.5,4.11387e+06
4988.6,4.11448e+06
4988.7,4.11508e+06
4988.8,4.11569e+06
4988.9,4.1163e+06
4989,4.11691e+06
4989.1,4.11752e+06
4989.2,4.11813e+06
4989.3,4.11874e+06
4989.4,4.11935e+06
4989.5,4.11996e+06
4989.6,4.12057e+06
4989.7,4.12117e+06
4989.8,4.12178e+06
4989.9,4.12239e+06
4990,4.123e+06
4990.1,4.12361e+06
4990.2,4.12422e+06
4990.3,4.12483e+06
4990.4,4.12543e+06
4990.5,4.12604e+06
4990.6,4.12665e+06
4990.7,4.12726e+06
4990.8,4.12787e+06
4990.9,4.12848e+06
4991,4.12908e+06
4991.1,4.12969e+06
4991.2,4.1303e+06
4991.3,4.13091e+06
4991.4,4.13152e+06
4991.5,4.13212e+06
4991.6,4.13273e+06
4991.7,4.13334e+06
4991.8,4.13395e+06
4991.9,4.13455e+06
4992,4.13516e+06
4992.1,4.13577e+06
4992.2,4.13638e+06
4992.3,4.13698e+06
4992.4,4.13759e+06
4992.5,4.1382e+06
4992.6,4.13881e+06
4992.7,4.13941e+06
4992.8,4.14002e+06
4992.9,4.14063e+06
4993,4.14124e+06
4993.1,4.14184e+06
4993.2,4.14245e+06
4993.3,4.14306e+06
4993.4,4.14366e+06
4993.5,4.14427e+06
4993.6,4.14488e+06
4993.7,4.14548e+06
4993.8,4.14609e+06
4993.9,4.1467e+06
4994,4.1473e+06
4994.1,4.14791e+06
4994.2,4.14852e+06
4994.3,4.14912e+06
4994.4,4.14973e+06
4994.5,4.15034e+06
4994.6,4.15094e+06
4994.7,4.15155e+06
4994.8,4.15215e+06
4994.9,4.15276e+06
4995,4.15337e+06
4995.1,4.15397e+06
4995.2,4.15458e+06
4995.3,4.15518e+06
4995.4,4.15579e+06
4995.5,4.1564e+06
4995.6,4.157e+06
4995.7,4.15761e+06
4995.8,4.15821e+06
4995.9,4.15882e+06
4996,4.15943e+06
4996.1,4.16003e+06
4996.2,4.16064e+06
4996.3,4.16124e+06
4996.4,4.16185e+06
4996.5,4.16245e+06
4996.6,4.16306e+06
4996.7,4.16366e+06
4996.8,4.16427e+06
4996.9,4.16487e+06
4997,4.16548e+06
4997.1,4.16608e+06
4997.2,4.16669e+06
4997.3,4.16729e+06
4997.4,4.1679e+06
4997.5,4.1685e+06
4997.6,4.16911e+06
4997.7,4.16971e+06
4997.8,4.17032e+06
4997.9,4.17092e+06
4998,4.17153e+06
4998.1,4.17213e+06
4998.2,4.17274e+06
4998.3,4.17334e+06
4998.4,4.17395e+06
4998.5,4.17455e+06
4998.6,4.17516e+06
4998.7,4.17576e+06
4998.8,4.17636e+06
4998.9,4.17697e+06
4999,4.17757e+06
4999.1,4.17818e+06
4999.2,4.17878e+06
4999.3,4.17938e+06
4999.4,4.17999e+06
4999.5,4.18059e+06
4999.6,4.1812e+06
4999.7,4.1818e+06
4999.8,4.1824e+06
4999.9,4.18301e+06
